date,open,high,low,close,volume
2006-02-17,548.1,557.0,546.5,554.6,43960.0
2006-02-21,557.7,559.5,553.9,556.6,42090.0
2006-02-22,556.9,557.7,549.8,556.6,45840.0
2006-02-23,556.1,558.4,550.3,550.9,42150.0
2006-02-24,551.5,562.0,549.6,561.2,58720.0
2006-02-27,561.0,561.7,554.8,557.0,35160.0
2006-02-28,557.2,564.1,555.1,563.9,54200.0
2006-03-01,563.1,569.0,562.4,565.8,60190.0
2006-03-02,565.6,570.8,563.7,570.4,49550.0
2006-03-03,570.6,572.5,566.2,568.0,44150.0
2006-03-06,567.5,570.2,553.5,556.8,64519.99999999999
2006-03-07,556.5,559.8,549.6,554.5,72670.0
2006-03-08,554.0,555.4,539.5,544.3,89860.0
2006-03-09,543.9,551.7,540.7,547.0,56950.0
2006-03-10,546.8,548.2,534.5,541.3,107180.0
2006-03-13,542.2,547.8,541.4,547.5,52690.0
2006-03-14,547.8,553.6,543.5,553.0,58670.0
2006-03-15,553.0,558.3,551.3,554.4,49740.0
2006-03-16,554.3,557.6,548.1,555.4,68410.0
2006-03-17,555.4,558.6,552.5,555.1,39790.0
2006-03-20,555.2,557.2,550.5,556.1,47710.0
2006-03-21,555.7,556.0,547.6,553.2,73600.0
2006-03-22,553.1,554.0,547.3,551.7,52000.0
2006-03-23,551.9,551.9,545.1,550.8,62520.0
2006-03-24,551.5,561.4,549.0,560.5,99490.0
2006-03-27,560.4,568.6,558.9,567.4,86620.0
2006-03-28,567.4,569.7,563.4,567.0,82360.0
2006-03-29,566.5,574.5,560.2,573.3,64190.0
2006-03-30,578.0,592.0,576.5,591.8,110120.0
2006-03-31,590.7,594.6,584.0,586.7,63560.0
2006-04-03,587.8,596.8,586.3,594.3,53860.0
2006-04-04,594.1,595.3,589.5,590.6,48700.0
2006-04-05,591.3,594.7,586.8,592.5,49110.0
2006-04-06,592.6,601.9,592.0,599.7,57790.0
2006-04-07,599.2,603.1,589.5,592.7,64870.00000000001
2006-04-10,593.5,602.8,592.6,601.8,46160.0
2006-04-11,601.5,608.4,597.1,599.4,67230.0
2006-04-12,599.4,604.0,597.1,601.3,43700.0
2006-04-13,601.1,603.0,594.0,600.1,43140.0
2006-04-17,603.0,619.5,600.3,618.8,54540.0
2006-04-18,618.8,623.8,615.9,623.3,59570.0
2006-04-19,624.0,636.5,622.1,636.0,68840.0
2006-04-20,639.1,649.0,610.5,623.1,117490.0
2006-04-21,620.0,636.0,613.2,635.5,75200.0
2006-04-24,642.3,644.6,622.1,623.9,56480.0
2006-04-25,623.0,638.0,621.0,634.2,58470.0
2006-04-26,633.2,642.9,631.0,642.0,54190.0
2006-04-27,642.6,646.3,627.0,636.3,70590.0
2006-04-28,636.8,658.2,634.0,654.5,66840.0
2006-05-01,656.8,664.0,653.0,660.2,42590.0
2006-05-02,660.2,669.3,655.2,667.4,58730.0
2006-05-03,667.1,679.8,660.0,668.5,85190.0
2006-05-04,669.0,679.8,662.8,676.5,68740.0
2006-05-05,676.6,687.0,675.5,684.3,55100.0
2006-05-08,684.4,688.2,673.0,679.9,54690.0
2006-05-09,680.0,701.8,679.5,701.5,77700.0
2006-05-10,701.9,706.8,695.5,705.7,64260.00000000001
2006-05-11,704.6,728.0,701.2,721.5,85400.0
2006-05-12,722.9,732.0,709.5,711.8,79680.0
2006-05-15,715.7,721.5,679.0,685.0,88040.0
2006-05-16,684.1,693.8,675.5,692.9,90570.0
2006-05-17,693.1,720.0,686.1,691.8,90570.0
2006-05-18,691.5,695.0,679.1,680.9,57120.0
2006-05-19,680.2,688.9,651.0,657.0,101590.0
2006-05-22,658.0,661.5,636.8,657.7,64370.00000000001
2006-05-23,657.7,674.0,651.5,673.7,81570.0
2006-05-24,674.1,675.0,636.5,637.5,106510.0
2006-05-25,637.2,650.5,637.2,648.5,79300.0
2006-05-26,648.1,655.7,640.5,651.0,80560.0
2006-05-30,659.9,671.5,654.7,660.5,80290.0
2006-05-31,660.0,666.0,644.0,649.0,53420.0
2006-06-01,649.8,651.3,625.0,633.5,62880.0
2006-06-02,633.9,644.0,624.0,641.0,42020.0
2006-06-05,642.1,650.9,640.5,648.7,46660.0
2006-06-06,648.2,649.4,630.4,634.7,42800.0
2006-06-07,634.5,635.5,621.3,632.6,51070.0
2006-06-08,632.6,636.0,612.8,613.8,54330.0
2006-06-09,615.0,622.0,608.0,612.8,56280.0
2006-06-12,610.4,616.4,605.0,611.3,42020.0
2006-06-13,610.0,611.7,565.5,566.8,93900.0
2006-06-14,569.4,575.5,546.4,566.5,68730.0
2006-06-15,562.0,580.2,557.1,570.3,52630.0
2006-06-16,571.6,589.0,570.3,581.7,43950.0
2006-06-19,583.7,588.0,569.1,572.4,27360.0
2006-06-20,572.5,581.0,564.3,580.5,39960.0
2006-06-21,580.0,591.8,573.5,591.0,43920.0
2006-06-22,591.5,598.3,584.5,585.4,42920.0
2006-06-23,584.2,589.0,574.5,588.0,33710.0
2006-06-26,587.4,590.2,580.0,587.7,24000.0
2006-06-27,587.6,599.0,583.7,584.4,47780.0
2006-06-28,584.8,589.5,579.1,581.0,34320.0
2006-06-29,581.1,595.0,581.0,588.9,37710.0
2006-06-30,589.5,618.0,587.8,616.0,58020.0
2006-07-05,627.0,632.5,619.5,629.7,46710.0
2006-07-06,629.3,637.0,623.9,636.3,41860.0
2006-07-07,636.1,639.5,629.5,634.8,37800.0
2006-07-10,631.9,634.7,621.8,626.1,37440.0
2006-07-11,625.5,644.0,623.1,642.9,52100.0
2006-07-12,642.0,657.0,640.8,651.2,1470.0
2006-07-13,649.0,656.5,646.0,654.4,59720.0
2006-07-14,655.1,669.0,655.1,668.0,59320.0
2006-07-17,668.3,677.5,646.0,651.9,53970.0
2006-07-18,651.3,655.5,629.0,629.5,64970.0
2006-07-19,631.0,647.5,618.9,642.8,61910.0
2006-07-20,643.1,646.5,629.6,632.5,41700.0
2006-07-21,632.9,638.0,616.0,620.2,67470.0
2006-07-24,620.9,623.3,602.5,613.2,79990.0
2006-07-25,612.6,624.2,610.0,618.0,74530.0
2006-07-26,618.0,622.5,613.0,621.9,79190.0
2006-07-27,621.7,641.0,621.6,632.5,66410.0
2006-07-28,646.0,649.9,638.0,647.8,48920.0
2006-07-31,647.2,651.5,640.5,646.8,22950.0
2006-08-01,646.5,659.3,642.2,658.8,41110.0
2006-08-02,658.5,668.2,657.0,664.1,36870.0
2006-08-03,664.0,664.6,650.5,657.0,31860.0
2006-08-04,657.5,666.0,655.0,656.0,32180.0
2006-08-07,655.8,663.5,655.8,659.5,20480.0
2006-08-08,659.0,660.8,652.3,657.3,21050.0
2006-08-09,657.0,666.5,646.3,662.0,38510.0
2006-08-10,663.0,665.1,645.5,646.0,46890.0
2006-08-11,645.7,655.7,636.5,644.4,45750.0
2006-08-14,643.6,643.6,634.1,639.3,33220.0
2006-08-15,637.4,638.3,630.5,632.9,36100.0
2006-08-16,632.9,643.0,632.1,639.0,30890.0
2006-08-17,638.4,642.0,623.5,625.3,43980.0
2006-08-18,625.0,628.8,616.5,621.7,37750.0
2006-08-21,624.5,636.5,621.6,635.2,26440.0
2006-08-22,636.0,639.2,629.5,634.0,25230.0
2006-08-23,633.0,639.8,630.5,633.0,31940.0
2006-08-24,632.8,635.5,627.5,628.5,26990.0
2006-08-25,629.3,633.5,626.8,630.8,16630.0
2006-08-28,631.9,632.7,621.0,623.9,24710.0
2006-08-29,623.4,626.3,615.5,619.1,32060.000000000004
2006-08-30,619.7,629.7,619.5,626.1,29920.0
2006-08-31,626.6,635.0,626.0,634.2,30180.0
2006-09-01,633.6,634.5,632.1,632.6,17210.0
2006-09-05,635.5,648.7,634.1,646.9,46940.0
2006-09-06,646.9,648.5,641.0,641.8,28320.0
2006-09-07,641.0,644.0,621.0,624.9,58720.0
2006-09-08,625.7,626.7,612.0,617.3,44170.0
2006-09-11,617.7,619.0,589.6,597.3,59000.0
2006-09-12,597.6,607.0,591.5,594.3,45260.0
2006-09-13,593.2,600.5,585.6,596.3,38210.0
2006-09-14,596.2,601.8,584.0,586.0,50290.0
2006-09-15,585.5,588.5,576.5,583.0,38620.0
2006-09-18,586.0,594.4,583.0,592.8,28320.0
2006-09-19,593.7,597.6,583.0,583.2,30320.0
2006-09-20,582.6,592.5,578.3,586.2,32369.999999999996
2006-09-21,586.5,590.8,579.9,588.3,33690.0
2006-09-22,589.5,598.2,586.5,595.4,28530.0
2006-09-25,595.5,597.0,587.5,595.9,27490.0
2006-09-26,595.7,599.5,591.6,597.1,30990.0
2006-09-27,596.1,604.8,595.4,603.3,41110.0
2006-09-28,604.5,612.4,604.0,610.9,47150.0
2006-09-29,605.7,611.5,599.5,604.2,34710.0
2006-10-02,606.2,609.5,602.0,603.3,20540.0
2006-10-03,602.9,605.3,580.5,581.5,47120.0
2006-10-04,584.5,585.7,563.0,566.7,65099.99999999999
2006-10-05,575.5,578.8,567.0,575.5,39770.0
2006-10-06,573.5,578.5,564.5,576.8,34720.0
2006-10-09,580.0,586.0,572.5,582.8,19900.0
2006-10-10,582.6,585.5,573.0,576.2,24200.0
2006-10-11,576.4,583.4,574.5,576.5,25110.0
2006-10-12,576.6,583.0,574.5,580.3,25060.0
2006-10-13,588.6,594.5,579.4,592.7,35040.0
2006-10-16,595.5,599.5,592.5,598.5,24250.0
2006-10-17,599.2,601.6,588.5,593.5,34880.0
2006-10-18,596.5,598.8,591.7,592.6,24850.0
2006-10-19,592.5,604.5,589.2,602.5,43640.0
2006-10-20,601.8,606.0,594.5,596.4,23830.0
2006-10-23,588.5,596.4,582.5,582.9,32659.999999999996
2006-10-24,583.5,589.0,576.0,587.6,36370.0
2006-10-25,587.2,594.5,582.5,590.8,31450.0
2006-10-26,590.5,601.8,589.8,599.8,34610.0
2006-10-27,599.1,603.0,594.5,601.0,25380.0
2006-10-30,602.6,613.2,601.0,607.4,46190.0
2006-10-31,606.5,609.3,600.5,606.8,44440.0
2006-11-01,607.5,619.8,607.5,619.3,57420.0
2006-11-02,620.4,628.3,616.5,627.8,49630.0
2006-11-03,627.0,631.4,619.5,629.2,42870.0
2006-11-06,628.7,632.2,624.5,627.9,23650.0
2006-11-07,625.8,631.2,623.7,627.9,32240.000000000004
2006-11-08,628.5,629.2,617.8,618.3,47670.0
2006-11-09,623.0,637.2,614.5,636.8,48630.0
2006-11-10,632.5,638.0,626.5,630.1,47550.0
2006-11-13,628.7,633.9,621.5,625.8,34040.0
2006-11-14,626.7,630.5,619.5,625.3,45970.0
2006-11-15,624.2,625.8,616.0,623.8,36750.0
2006-11-16,623.9,629.5,621.1,621.7,28330.0
2006-11-17,621.7,622.9,614.5,622.5,31280.0
2006-11-20,622.8,627.5,620.5,622.1,39260.0
2006-11-21,621.3,629.0,621.3,628.7,45650.0
2006-11-22,630.0,635.0,626.4,629.0,48070.0
2006-11-24,639.9,641.8,629.0,629.0,48070.0
2006-11-27,629.9,641.8,629.5,640.6,59680.0
2006-11-28,640.6,641.9,632.5,637.3,82650.0
2006-11-29,644.7,646.8,640.6,641.8,39760.0
2006-11-30,646.5,654.5,641.2,652.9,32100.0
2006-12-01,655.0,655.8,649.2,650.6,26300.0
2006-12-04,651.2,651.7,645.7,650.9,36340.0
2006-12-05,651.5,654.2,643.7,647.9,44390.0
2006-12-06,647.5,648.8,631.5,635.9,49430.0
2006-12-07,635.7,639.0,629.2,637.0,56360.0
2006-12-08,638.5,642.8,628.2,631.0,55280.0
2006-12-11,629.5,635.2,627.3,634.8,38950.0
2006-12-12,634.9,635.5,630.9,631.7,29180.0
2006-12-13,632.5,634.8,627.5,632.4,40180.0
2006-12-14,631.8,634.0,629.0,630.9,25490.0
2006-12-15,629.4,633.2,617.5,619.1,65370.00000000001
2006-12-18,619.1,621.9,615.0,617.9,46690.0
2006-12-19,618.8,626.5,618.3,625.4,36740.0
2006-12-20,626.4,627.9,622.1,624.3,37330.0
2006-12-21,623.8,625.4,620.6,621.6,26420.0
2006-12-22,620.9,624.6,620.9,622.3,12830.0
2006-12-26,625.0,632.4,624.7,626.9,29420.0
2006-12-27,627.1,632.0,626.5,630.3,22880.0
2006-12-28,629.4,638.2,629.2,636.9,39660.0
2006-12-29,637.1,639.1,634.5,638.0,39660.0
2007-01-02,639.2,643.5,638.0,638.0,19380.0
2007-01-03,643.0,647.3,627.0,629.8,98490.0
2007-01-04,629.3,632.8,622.4,626.2,58930.0
2007-01-05,623.6,627.9,603.0,606.9,117670.0
2007-01-08,609.3,612.4,605.0,609.4,54980.0
2007-01-09,611.0,617.4,607.0,615.0,59250.0
2007-01-10,614.8,615.1,606.2,613.4,58880.0
2007-01-11,612.0,617.0,609.9,613.9,54230.0
2007-01-12,611.5,628.8,610.7,626.9,81170.0
2007-01-16,626.9,629.0,623.2,625.9,66440.0
2007-01-17,625.4,634.8,620.6,633.3,70100.0
2007-01-18,633.0,637.4,626.8,628.1,63540.0
2007-01-19,627.5,637.0,627.0,636.4,51080.0
2007-01-22,635.8,640.3,632.0,634.1,62240.0
2007-01-23,633.7,648.2,632.3,645.9,109520.0
2007-01-24,646.1,649.3,638.9,648.2,85580.0
2007-01-25,648.0,654.8,644.9,648.1,87210.0
2007-01-26,645.2,648.1,640.6,644.7,75730.0
2007-01-29,645.7,648.2,640.8,643.2,71050.0
2007-01-30,648.5,653.4,646.8,650.2,47550.0
2007-01-31,651.8,660.7,647.5,657.9,83730.0
2007-02-01,658.5,667.2,657.4,663.0,71270.0
2007-02-02,662.4,665.3,648.0,651.5,82680.0
2007-02-05,653.1,657.5,651.2,656.1,38430.0
2007-02-06,653.1,663.7,653.0,658.7,56140.0
2007-02-07,658.2,662.0,655.0,657.3,41930.0
2007-02-08,656.5,666.1,652.5,662.8,74080.0
2007-02-09,665.1,673.9,661.6,672.3,77430.0
2007-02-12,673.4,673.5,664.1,667.3,61300.0
2007-02-13,666.1,673.9,665.1,668.5,58890.0
2007-02-14,669.0,676.6,668.0,672.0,60620.0
2007-02-15,673.7,675.0,666.5,671.4,57660.0
2007-02-16,674.1,674.1,666.7,672.8,57660.0
2007-02-19,673.2,677.8,671.6,674.3,50430.0
2007-02-20,673.2,677.8,659.0,661.0,76160.0
2007-02-21,660.8,686.4,660.5,684.0,102640.0
2007-02-22,682.7,684.7,678.7,683.0,66380.0
2007-02-23,681.2,691.9,676.2,686.7,80190.0
2007-02-26,684.6,691.8,684.6,689.8,57620.0
2007-02-27,689.9,692.5,660.0,687.2,131910.0
2007-02-28,669.4,680.5,664.0,672.5,106580.0
2007-03-01,672.8,680.2,664.2,665.1,104440.0
2007-03-02,666.8,668.2,641.3,644.1,131590.0
2007-03-05,645.6,647.0,635.1,639.2,109410.0
2007-03-06,638.4,650.0,634.5,646.2,79080.0
2007-03-07,649.1,653.7,644.5,652.9,86280.0
2007-03-08,651.2,657.7,649.0,655.5,65450.0
2007-03-09,653.7,659.8,648.8,652.0,79720.0
2007-03-12,650.9,655.4,646.8,650.3,69070.0
2007-03-13,652.2,653.8,642.8,649.4,60390.0
2007-03-14,644.0,647.0,637.6,642.5,90430.0
2007-03-15,645.1,651.3,644.5,647.1,53680.0
2007-03-16,647.2,656.5,646.8,653.9,57860.0
2007-03-19,653.9,657.1,652.5,654.3,39800.0
2007-03-20,654.4,662.0,653.3,659.0,74040.0
2007-03-21,659.0,665.6,657.5,660.0,52150.0
2007-03-22,665.2,667.6,662.3,664.2,74290.0
2007-03-23,664.4,665.3,655.2,657.3,75340.0
2007-03-26,657.5,666.5,657.1,663.9,82320.0
2007-03-27,664.0,666.0,661.7,662.5,73180.0
2007-03-28,664.8,669.8,663.3,666.8,10240.0
2007-03-29,672.5,672.5,660.8,667.6,86890.0
2007-03-30,667.4,673.8,666.5,669.0,63500.0
2007-04-02,671.1,672.3,661.7,671.5,67910.0
2007-04-03,670.0,673.4,667.5,669.7,64010.00000000001
2007-04-04,670.3,681.1,668.8,677.4,100920.0
2007-04-05,679.4,681.0,676.6,679.4,48940.0
2007-04-09,677.8,683.1,675.6,676.9,40550.0
2007-04-10,676.2,686.8,675.8,681.5,55010.0
2007-04-11,682.4,686.2,679.0,681.7,51090.0
2007-04-12,682.2,684.6,675.5,679.7,64239.99999999999
2007-04-13,680.7,690.5,680.1,689.9,75850.0
2007-04-16,690.6,695.8,687.4,694.5,68760.0
2007-04-17,694.7,695.5,690.2,692.5,50450.0
2007-04-18,691.0,695.4,689.0,693.3,61390.0
2007-04-19,693.9,695.9,682.5,688.3,80140.0
2007-04-20,687.7,698.0,686.7,695.8,67590.0
2007-04-23,696.2,697.7,690.5,694.2,50750.0
2007-04-24,693.3,695.7,684.3,687.7,85950.0
2007-04-25,687.4,690.6,685.8,687.4,52010.0
2007-04-26,689.0,690.3,674.4,678.0,103490.0
2007-04-27,677.7,684.9,673.8,681.8,66970.0
2007-04-30,684.2,684.9,678.8,683.5,46770.0
2007-05-01,681.2,682.3,674.6,677.3,67240.0
2007-05-02,676.7,677.9,670.0,675.1,78270.0
2007-05-03,675.4,685.2,674.5,684.4,71010.0
2007-05-04,684.2,693.2,682.6,689.7,77220.0
2007-05-07,691.0,693.3,689.0,690.4,40340.0
2007-05-08,690.9,691.3,684.1,687.4,64200.0
2007-05-09,687.1,688.9,677.5,682.5,75100.0
2007-05-10,682.2,683.2,665.9,667.0,132430.0
2007-05-11,667.6,674.3,666.3,672.3,86060.0
2007-05-14,673.0,676.4,667.5,670.1,67320.0
2007-05-15,670.5,675.0,666.0,674.5,69830.0
2007-05-16,673.1,674.4,660.6,661.5,109110.0
2007-05-17,663.2,665.3,654.1,657.2,97420.0
2007-05-18,658.4,664.0,656.4,662.0,75400.0
2007-05-21,662.5,664.6,657.5,663.8,61250.0
2007-05-22,663.5,665.9,658.7,659.9,70310.0
2007-05-23,659.7,665.3,657.5,662.6,64170.0
2007-05-24,661.6,663.2,651.5,653.3,131080.0
2007-05-25,653.8,656.9,653.3,655.3,64260.00000000001
2007-05-29,655.2,662.0,654.5,657.2,100720.0
2007-05-30,662.3,664.6,657.7,659.3,83430.0
2007-05-31,658.7,667.5,658.6,666.7,68750.0
2007-06-01,666.5,677.5,666.2,676.9,84640.0
2007-06-04,676.9,679.5,674.2,676.3,56180.0
2007-06-05,676.4,678.8,674.2,675.1,48050.0
2007-06-06,675.3,677.3,670.2,674.6,76730.0
2007-06-07,675.5,678.0,662.5,665.2,96070.0
2007-06-08,663.9,665.9,647.8,650.3,125760.0
2007-06-11,653.3,659.4,653.2,659.0,53930.0
2007-06-12,657.8,658.8,649.5,653.1,58510.0
2007-06-13,652.6,656.9,647.0,652.7,67600.0
2007-06-14,655.4,658.2,649.5,655.9,62370.0
2007-06-15,655.8,659.5,653.6,658.7,53930.0
2007-06-18,658.7,662.9,658.0,659.9,39220.0
2007-06-19,659.4,665.8,657.1,664.7,63850.0
2007-06-20,664.6,665.4,655.5,660.0,60160.0
2007-06-21,656.7,659.7,650.5,654.2,77890.0
2007-06-22,655.0,659.5,653.5,657.0,48950.0
2007-06-25,657.4,657.7,651.6,654.7,47610.0
2007-06-26,654.4,654.7,642.8,645.3,106270.0
2007-06-27,643.1,647.5,641.1,644.8,64510.00000000001
2007-06-28,646.2,652.5,645.5,650.4,57910.0
2007-06-29,651.0,655.0,648.8,650.9,46880.0
2007-07-02,651.6,661.3,650.6,659.2,72670.0
2007-07-03,659.2,660.3,654.0,655.4,72670.0
2007-07-04,656.1,657.2,655.3,656.3,61220.0
2007-07-05,656.1,658.7,647.4,650.6,84070.0
2007-07-06,651.5,658.0,646.7,654.8,79430.0
2007-07-09,657.6,666.0,655.3,662.5,83840.0
2007-07-10,662.1,667.0,660.3,664.4,77460.0
2007-07-11,665.0,667.8,661.3,662.1,61060.0
2007-07-12,661.9,671.0,661.8,668.3,83470.0
2007-07-13,668.0,669.9,664.4,667.3,69740.0
2007-07-16,667.3,670.5,664.5,666.3,42190.0
2007-07-17,666.2,668.4,663.0,665.9,50740.0
2007-07-18,665.4,675.3,665.2,673.7,90980.0
2007-07-19,673.6,678.5,672.0,678.1,75280.0
2007-07-20,678.5,687.6,675.8,684.7,103820.0
2007-07-23,684.7,685.8,680.5,681.5,55400.0
2007-07-24,682.0,688.4,681.0,684.8,111820.0
2007-07-25,681.6,682.5,670.5,673.8,122680.0
2007-07-26,675.3,677.4,652.8,662.8,167330.0
2007-07-27,662.8,666.8,656.6,660.1,95750.0
2007-07-30,673.0,677.8,671.8,676.6,56250.0
2007-07-31,677.3,680.9,675.0,679.3,52270.0
2007-08-01,675.3,679.0,670.6,675.9,71660.0
2007-08-02,679.1,679.4,674.0,676.6,40020.0
2007-08-03,676.8,687.1,676.2,684.4,78920.0
2007-08-06,684.2,687.4,680.0,683.3,49920.0
2007-08-07,683.0,683.9,677.4,682.3,52630.0
2007-08-08,683.1,688.1,680.8,686.3,54060.0
2007-08-09,686.0,686.0,669.8,672.8,108760.0
2007-08-10,672.1,687.4,668.8,681.6,111760.0
2007-08-13,682.7,683.7,679.1,680.9,40450.0
2007-08-14,680.0,682.2,676.3,679.7,55770.0
2007-08-15,680.0,681.8,672.5,679.7,76380.0
2007-08-16,677.8,678.5,651.6,658.0,169660.0
2007-08-17,660.8,674.5,655.5,666.8,94330.0
2007-08-20,667.0,670.6,662.3,666.5,54000.0
2007-08-21,667.6,669.8,663.9,666.2,58170.0
2007-08-22,667.0,671.6,664.2,668.7,55490.0
2007-08-23,670.1,674.5,667.4,668.4,57080.0
2007-08-24,669.3,679.0,666.7,677.5,67680.0
2007-08-27,677.5,677.8,674.9,676.2,24130.0
2007-08-28,676.0,677.7,671.0,673.5,53510.0
2007-08-29,671.1,678.2,670.2,675.4,53620.0
2007-08-30,676.5,676.8,671.8,673.9,46160.0
2007-08-31,673.3,683.9,673.0,681.9,46160.0
2007-09-03,681.9,682.8,680.1,680.9,69730.0
2007-09-04,681.9,692.5,680.1,691.5,89770.0
2007-09-05,691.0,692.3,687.3,690.7,63440.0
2007-09-06,691.0,707.3,690.2,704.6,127690.0
2007-09-07,705.5,716.6,701.5,709.7,129180.0
2007-09-10,709.5,716.3,708.0,712.2,67170.0
2007-09-11,711.8,723.8,711.5,721.1,99930.0
2007-09-12,721.2,723.6,714.5,720.7,78050.0
2007-09-13,720.0,721.2,712.0,717.9,75140.0
2007-09-14,717.0,726.5,712.7,717.8,94360.0
2007-09-17,715.8,728.9,714.8,723.8,78800.0
2007-09-18,726.2,735.5,720.0,723.7,100840.0
2007-09-19,732.3,735.0,727.7,729.5,98070.0
2007-09-20,729.6,746.5,728.9,739.9,140150.0
2007-09-21,741.6,747.1,734.0,738.9,100860.0
2007-09-24,738.6,743.9,733.5,739.3,80780.0
2007-09-25,737.6,741.7,729.2,738.8,101360.0
2007-09-26,738.5,744.2,733.4,735.5,104090.0
2007-09-27,734.9,743.2,733.9,739.9,83510.0
2007-09-28,740.8,752.8,740.0,750.0,101860.0
2007-10-01,750.6,755.7,747.8,754.1,68810.0
2007-10-02,753.9,754.0,730.7,736.3,125570.0
2007-10-03,738.4,742.5,732.3,735.7,86470.0
2007-10-04,734.8,744.7,726.3,743.8,132490.0
2007-10-05,743.8,750.7,732.7,747.2,111760.0
2007-10-08,747.5,748.5,736.7,738.7,48490.0
2007-10-09,739.0,746.5,732.2,743.1,99310.0
2007-10-10,743.5,751.9,742.8,746.0,82200.0
2007-10-11,746.1,759.3,745.8,756.7,120320.0
2007-10-12,753.2,757.6,750.0,753.8,79550.0
2007-10-15,754.0,765.5,752.7,762.2,97580.0
2007-10-16,763.7,772.0,758.2,762.0,126970.0
2007-10-17,765.6,769.8,756.4,762.3,132690.0
2007-10-18,760.2,774.9,759.2,768.7,93600.0
2007-10-19,772.5,776.9,762.4,768.4,110420.0
2007-10-22,770.9,772.8,749.0,760.0,148680.0
2007-10-23,758.8,765.5,756.8,763.1,83120.0
2007-10-24,763.3,768.0,757.7,765.6,85620.0
2007-10-25,767.1,773.5,765.5,771.0,84790.0
2007-10-26,772.9,789.5,771.8,787.5,98810.0
2007-10-29,792.5,798.3,788.7,792.6,111980.0
2007-10-30,794.2,795.6,782.2,787.8,97800.0
2007-10-31,784.8,800.8,780.0,795.3,113910.0
2007-11-01,799.4,802.5,786.6,793.7,113670.0
2007-11-02,790.5,811.0,790.0,808.5,125970.0
2007-11-05,810.6,814.2,803.5,810.8,90030.0
2007-11-06,809.0,828.0,808.6,823.4,116220.0
2007-11-07,826.9,848.0,824.8,833.5,195010.0
2007-11-08,832.0,847.8,825.6,837.5,175790.0
2007-11-09,835.4,840.7,828.5,834.7,122790.0
2007-11-12,831.5,833.6,792.8,807.7,180910.0
2007-11-13,795.7,810.4,791.7,799.0,156360.0
2007-11-14,802.3,817.4,800.0,814.7,113580.0
2007-11-15,813.2,819.4,783.0,787.3,181660.0
2007-11-16,789.0,798.4,784.5,787.0,124290.0
2007-11-19,788.3,794.9,775.7,778.0,117460.0
2007-11-20,782.1,806.7,773.4,791.4,156530.0
2007-11-21,802.9,808.0,795.0,798.6,156530.0
2007-11-22,801.2,805.9,798.4,804.0,115800.0
2007-11-23,804.5,826.1,798.4,824.7,106720.0
2007-11-26,823.5,837.2,820.0,826.5,170840.0
2007-11-27,823.9,829.4,807.4,814.0,188880.0
2007-11-28,812.6,815.9,791.0,800.3,165340.0
2007-11-29,811.2,814.9,798.8,802.3,115040.0
2007-11-30,799.6,806.2,785.0,789.1,117060.0
2007-12-03,789.4,800.9,783.0,794.7,73120.0
2007-12-04,800.3,811.7,792.6,807.6,92930.0
2007-12-05,808.7,813.0,797.0,803.7,89000.0
2007-12-06,801.0,811.5,790.9,807.1,105670.0
2007-12-07,807.3,811.1,796.4,800.2,91660.0
2007-12-10,806.5,818.0,799.5,813.5,77880.0
2007-12-11,811.5,819.3,801.5,817.1,85570.0
2007-12-12,804.5,822.8,802.2,818.8,104700.0
2007-12-13,812.9,819.0,796.8,804.0,117080.0
2007-12-14,801.7,808.5,792.3,798.0,93430.0
2007-12-17,798.8,803.6,789.6,799.3,67020.0
2007-12-18,798.9,811.4,794.7,807.4,80780.0
2007-12-19,807.6,809.4,802.2,805.4,58500.0
2007-12-20,807.3,807.6,797.2,803.2,63780.0
2007-12-21,800.0,816.7,799.5,815.4,74030.0
2007-12-24,815.5,819.7,812.2,816.5,23740.0
2007-12-26,816.3,830.2,811.6,829.5,55510.0
2007-12-27,828.1,835.5,825.2,831.8,68250.0
2007-12-28,829.6,844.6,828.3,842.7,61730.0
2007-12-31,843.2,847.4,833.0,838.0,48300.0
2008-01-02,837.5,864.9,837.5,860.0,137800.0
2008-01-03,861.5,872.9,856.5,869.1,136250.0
2008-01-04,866.1,871.8,857.0,865.7,122760.0
2008-01-07,862.8,867.8,857.8,862.0,89730.0
2008-01-08,860.7,884.0,859.4,880.3,125470.0
2008-01-09,880.3,894.4,873.8,881.7,137270.0
2008-01-10,881.0,897.3,867.8,893.6,180840.0
2008-01-11,896.8,900.1,888.8,897.7,125400.0
2008-01-14,899.4,915.9,893.1,903.4,135000.0
2008-01-15,904.6,916.1,888.6,902.6,166330.0
2008-01-16,890.6,901.0,875.0,882.0,203120.0
2008-01-17,878.1,891.5,875.2,880.5,127240.0
2008-01-18,879.8,889.4,870.6,881.7,113550.0
2008-01-22,882.0,895.6,849.5,890.3,274250.0
2008-01-23,893.5,896.5,876.6,883.1,166820.0
2008-01-24,892.2,914.2,889.4,905.8,165390.0
2008-01-25,914.1,924.3,906.0,910.7,155340.0
2008-01-28,912.5,929.8,912.5,927.1,169890.0
2008-01-29,928.5,933.3,919.6,925.1,157690.0
2008-01-30,930.1,942.2,921.1,926.3,130240.00000000001
2008-01-31,933.1,934.0,923.0,928.0,101350.0
2008-02-01,929.8,941.8,908.0,913.5,186320.0
2008-02-04,910.5,917.4,896.1,909.4,123840.0
2008-02-05,907.5,911.3,888.4,890.3,152820.0
2008-02-06,892.9,912.0,890.0,905.0,124140.0
2008-02-07,904.4,916.0,900.1,910.0,123220.0
2008-02-08,914.8,927.3,911.3,922.3,98050.0
2008-02-11,924.1,931.0,919.6,926.7,87880.0
2008-02-12,926.0,928.5,906.0,911.1,122520.0
2008-02-13,909.8,914.5,899.5,910.2,108820.0
2008-02-14,909.5,917.3,904.8,910.8,90860.0
2008-02-15,911.2,919.0,900.6,906.1,93910.0
2008-02-19,905.1,934.4,903.2,929.8,133500.0
2008-02-20,930.6,949.2,916.1,937.8,131900.0
2008-02-21,947.0,958.4,941.0,949.2,128009.99999999999
2008-02-22,948.5,953.0,938.1,947.8,102150.0
2008-02-25,948.0,954.9,935.5,940.5,120120.0
2008-02-26,940.3,953.2,928.9,948.9,111100.0
2008-02-27,951.8,967.7,951.8,961.0,128039.99999999999
2008-02-28,961.2,975.0,955.5,967.5,120560.0
2008-02-29,973.1,978.5,966.2,975.0,118010.0
2008-03-03,975.6,991.9,975.5,984.2,125170.0
2008-03-04,985.7,990.3,958.3,966.3,165210.0
2008-03-05,966.9,995.2,960.7,988.5,154170.0
2008-03-06,991.0,994.3,966.5,977.1,171610.0
2008-03-07,977.5,990.7,971.0,974.2,144060.0
2008-03-10,975.3,982.8,961.9,971.8,126790.0
2008-03-11,974.9,987.8,966.0,976.0,157010.0
2008-03-12,974.1,985.0,969.5,980.5,111270.0
2008-03-13,984.9,1001.5,982.7,993.8,142870.0
2008-03-14,997.2,1009.0,991.7,999.5,160290.0
2008-03-17,1004.5,1033.9,994.1,1002.6,225440.0
2008-03-18,1003.7,1013.4,976.8,1004.3,169340.0
2008-03-19,982.9,997.8,937.5,945.3,295220.0
2008-03-20,942.9,943.8,904.7,920.0,230120.0
2008-03-24,918.3,927.5,906.2,918.7,94060.0
2008-03-25,915.4,939.5,911.9,935.0,158060.0
2008-03-26,939.1,954.9,934.7,949.2,175120.0
2008-03-27,954.2,955.2,940.1,948.8,145630.0
2008-03-28,952.8,956.3,928.0,936.5,123560.0
2008-03-31,936.4,945.7,917.1,921.5,118960.0
2008-04-01,920.5,925.7,876.3,887.8,190150.0
2008-04-02,888.0,911.5,885.1,900.2,121640.0
2008-04-03,906.6,913.2,892.0,909.6,118280.0
2008-04-04,907.7,919.0,903.0,913.2,92600.0
2008-04-07,917.0,933.7,914.4,926.8,95880.0
2008-04-08,923.9,929.7,911.4,918.0,96190.0
2008-04-09,919.1,939.6,906.6,937.5,128860.00000000001
2008-04-10,937.5,943.4,925.4,931.8,122170.0
2008-04-11,932.7,935.8,920.5,927.0,89350.0
2008-04-14,924.2,935.4,917.5,928.7,80120.0
2008-04-15,928.0,939.8,926.1,932.0,88690.0
2008-04-16,931.3,952.7,927.3,948.3,122100.0
2008-04-17,948.5,956.2,940.3,942.9,102950.0
2008-04-18,944.1,949.8,907.3,915.2,149070.0
2008-04-21,920.1,931.9,914.0,917.6,116790.0
2008-04-22,919.0,928.5,914.4,925.2,94210.0
2008-04-23,919.4,925.7,899.2,909.0,157100.0
2008-04-24,906.9,909.3,885.4,889.4,143700.0
2008-04-25,888.7,899.0,880.0,889.7,115030.0
2008-04-28,890.0,898.1,888.8,895.5,83080.0
2008-04-29,895.6,895.8,870.3,876.8,118110.0
2008-04-30,872.2,880.8,864.1,865.1,133210.0
2008-05-01,879.0,883.6,848.5,850.9,142830.0
2008-05-02,853.8,860.9,846.4,858.0,103600.0
2008-05-05,859.2,876.0,858.7,874.1,83720.0
2008-05-06,875.4,884.5,872.6,877.7,108030.0
2008-05-07,877.4,883.3,864.4,871.2,99980.0
2008-05-08,870.1,887.0,866.4,882.1,123110.0
2008-05-09,885.5,890.8,871.0,885.8,116620.0
2008-05-12,884.3,890.8,878.5,884.9,89450.0
2008-05-13,884.0,887.2,861.4,869.6,141560.0
2008-05-14,867.2,871.7,860.0,866.5,94940.0
2008-05-15,865.6,888.5,862.3,880.0,149380.0
2008-05-16,882.9,905.6,880.5,899.9,139910.0
2008-05-19,903.2,914.2,900.8,905.8,97210.0
2008-05-20,906.2,924.1,903.1,920.2,133350.0
2008-05-21,921.0,933.0,916.5,928.6,141230.0
2008-05-22,932.9,935.4,917.1,918.3,143900.0
2008-05-23,921.2,929.5,914.7,925.8,143900.0
2008-05-26,924.8,929.0,923.2,929.0,108720.0
2008-05-27,924.8,930.6,903.3,907.9,197900.0
2008-05-28,906.2,909.2,888.3,900.5,149890.0
2008-05-29,906.2,907.8,876.6,881.7,167420.0
2008-05-30,881.7,892.8,873.0,891.5,90630.0
2008-06-02,891.3,901.2,884.4,897.0,90580.0
2008-06-03,894.2,900.6,878.4,885.5,123860.0
2008-06-04,883.9,890.1,879.2,883.8,95360.0
2008-06-05,881.8,883.3,867.7,875.5,146540.0
2008-06-06,881.0,905.6,880.0,899.0,130729.99999999999
2008-06-09,906.1,912.5,893.2,898.1,119590.0
2008-06-10,894.5,897.9,866.7,871.2,159440.0
2008-06-11,871.2,885.9,870.0,882.9,103590.0
2008-06-12,883.5,884.9,859.6,872.0,144910.0
2008-06-13,871.0,876.7,861.5,873.1,89870.0
2008-06-16,872.6,897.3,868.7,886.3,104890.0
2008-06-17,884.7,891.0,876.2,886.9,97080.0
2008-06-18,884.9,898.1,882.5,893.5,103370.0
2008-06-19,896.8,911.0,888.8,904.2,151920.0
2008-06-20,900.4,910.1,897.8,903.7,90240.0
2008-06-23,903.7,909.7,877.4,887.2,130320.0
2008-06-24,885.5,896.5,884.4,891.6,94220.0
2008-06-25,891.7,892.9,875.2,882.3,107940.0
2008-06-26,888.0,920.3,886.6,915.1,148400.0
2008-06-27,919.0,933.0,912.2,931.3,128280.0
2008-06-30,930.9,937.7,920.2,928.3,112670.0
2008-07-01,928.0,948.3,923.8,944.5,149450.0
2008-07-02,941.6,947.9,933.5,946.5,125040.0
2008-07-03,946.6,950.0,928.5,933.6,125040.0
2008-07-04,935.9,938.3,930.8,935.7,128419.99999999999
2008-07-07,934.9,935.1,916.3,928.8,127970.0
2008-07-08,927.0,935.3,913.0,923.3,135710.0
2008-07-09,921.7,930.5,917.2,928.6,116800.0
2008-07-10,929.8,949.2,926.4,942.0,140160.0
2008-07-11,946.1,969.1,942.6,960.6,165470.0
2008-07-14,966.8,976.4,954.2,973.7,159780.0
2008-07-15,974.2,989.6,968.7,978.7,223410.0
2008-07-16,978.5,982.5,958.2,962.7,173590.0
2008-07-17,960.6,980.0,953.1,970.7,231440.0
2008-07-18,958.4,965.0,950.2,958.0,124020.0
2008-07-21,957.3,969.0,955.7,963.7,96670.0
2008-07-22,966.1,977.0,942.1,948.5,193290.0
2008-07-23,945.9,949.3,917.5,922.8,203970.0
2008-07-24,920.8,931.4,915.9,922.3,174080.0
2008-07-25,927.6,935.2,918.5,926.8,157770.0
2008-07-28,929.0,932.9,922.4,927.7,148630.0
2008-07-29,930.0,933.0,913.1,916.5,147310.0
2008-07-30,927.8,929.0,902.7,912.3,155390.0
2008-07-31,917.0,934.5,915.3,922.7,130539.99999999999
2008-08-01,922.9,926.0,910.3,917.5,110570.0
2008-08-04,919.0,924.1,902.1,907.9,121040.0
2008-08-05,903.7,903.9,880.7,886.1,150030.0
2008-08-06,881.7,894.6,880.5,883.0,112610.0
2008-08-07,887.6,892.6,874.8,877.9,123700.0
2008-08-08,879.4,881.3,857.5,864.8,142750.0
2008-08-11,863.4,872.7,824.5,828.3,199730.0
2008-08-12,829.1,833.6,808.6,814.6,197570.0
2008-08-13,818.4,836.4,811.5,831.5,157640.0
2008-08-14,833.0,842.9,810.5,814.5,161420.0
2008-08-15,812.3,812.6,777.7,792.1,155270.0
2008-08-18,795.5,809.9,795.1,805.7,105800.0
2008-08-19,804.9,822.9,787.5,816.8,137360.0
2008-08-20,819.4,824.5,805.2,816.3,126540.0
2008-08-21,818.6,845.0,816.6,839.0,130539.99999999999
2008-08-22,841.1,843.6,826.1,833.5,98410.0
2008-08-25,831.1,831.9,821.1,825.7,79940.0
2008-08-26,827.3,836.0,812.0,828.1,140260.0
2008-08-27,829.3,841.4,826.0,834.0,103840.0
2008-08-28,832.0,849.7,830.5,837.2,133620.0
2008-08-29,838.9,844.2,834.0,835.2,84370.0
2008-09-02,842.2,842.8,795.2,810.5,197500.0
2008-09-03,810.2,813.5,793.7,808.2,126780.0
2008-09-04,806.4,819.5,798.1,803.2,132050.0
2008-09-05,801.0,824.2,794.8,802.8,176920.0
2008-09-08,815.6,822.9,800.8,802.5,145820.0
2008-09-09,806.9,809.5,779.7,792.0,208820.0
2008-09-10,780.7,787.7,755.1,762.5,208450.0
2008-09-11,755.8,762.0,739.8,745.5,185680.0
2008-09-12,752.7,770.5,749.2,764.5,150630.0
2008-09-15,773.2,791.4,767.4,787.0,169090.0
2008-09-16,791.3,793.6,775.2,780.5,170040.0
2008-09-17,781.5,872.9,777.5,850.5,317200.0
2008-09-18,866.5,926.0,836.0,897.0,312280.0
2008-09-19,856.0,881.4,828.5,864.7,170960.0
2008-09-22,874.6,913.8,866.2,909.0,189780.0
2008-09-23,906.0,915.2,885.0,891.2,152410.0
2008-09-24,896.4,907.8,880.4,895.0,132780.0
2008-09-25,889.5,903.5,868.8,882.0,165180.0
2008-09-26,882.5,920.1,871.2,888.5,167400.0
2008-09-29,878.0,932.0,872.2,894.4,181990.0
2008-09-30,911.0,920.2,860.1,880.8,143010.0
2008-10-01,876.9,898.7,869.6,887.3,118410.0
2008-10-02,876.2,881.6,833.5,844.3,154810.0
2008-10-03,841.0,852.7,822.5,833.2,136410.0
2008-10-06,836.0,879.0,828.4,866.2,133330.0
2008-10-07,859.1,893.7,858.0,882.0,120380.0
2008-10-08,890.9,924.9,880.1,906.5,171460.0
2008-10-09,910.2,929.0,882.9,886.5,105010.0
2008-10-10,915.2,936.3,829.0,859.0,214110.0
2008-10-13,855.8,875.0,824.5,842.5,107710.0
2008-10-14,835.2,857.4,833.6,839.5,94690.0
2008-10-15,837.9,859.2,833.1,839.0,94980.0
2008-10-16,851.0,852.1,786.7,804.5,140790.0
2008-10-17,807.4,816.9,772.2,787.7,104710.0
2008-10-20,784.6,811.8,782.8,790.0,76840.0
2008-10-21,798.0,805.0,766.4,768.0,101810.0
2008-10-22,773.6,777.9,720.0,735.2,147820.0
2008-10-23,730.0,735.2,695.2,714.7,148940.0
2008-10-24,724.7,750.4,681.0,730.3,143870.0
2008-10-27,735.1,747.8,707.0,742.9,106840.0
2008-10-28,731.2,756.1,724.1,740.5,98870.0
2008-10-29,747.1,775.3,736.0,754.0,117900.0
2008-10-30,757.5,778.3,733.0,738.5,114340.0
2008-10-31,737.4,742.5,717.1,718.2,96730.0
2008-11-03,727.0,739.5,721.8,726.8,70310.0
2008-11-04,723.9,769.3,721.8,757.3,114500.0
2008-11-05,770.0,770.0,735.7,742.4,112650.0
2008-11-06,738.4,761.3,727.5,732.2,120930.0
2008-11-07,734.5,744.9,725.5,734.2,82890.0
2008-11-10,739.8,768.9,738.4,746.5,119400.0
2008-11-11,745.0,749.9,725.5,732.8,107770.0
2008-11-12,732.3,738.4,708.3,718.3,115260.0
2008-11-13,708.4,739.2,698.2,705.0,138220.0
2008-11-14,734.0,754.0,724.0,742.5,132640.0
2008-11-17,740.0,748.7,729.6,742.0,85040.0
2008-11-18,736.9,745.6,730.3,732.7,95170.0
2008-11-19,737.8,764.8,731.4,736.0,143010.0
2008-11-20,735.2,753.4,732.6,748.7,118160.0
2008-11-21,745.8,802.8,742.5,791.8,178810.0
2008-11-24,802.0,830.1,786.2,819.5,153810.0
2008-11-25,821.7,833.5,803.0,818.5,158860.0
2008-11-26,819.1,822.0,806.8,808.5,52370.0
2008-11-28,812.3,822.0,810.6,819.0,41000.0
2008-12-01,819.0,820.0,768.0,776.8,100420.0
2008-12-02,768.8,788.2,761.8,783.3,78050.0
2008-12-03,783.6,784.0,764.1,770.5,80380.0
2008-12-04,775.0,790.0,763.0,765.5,90620.0
2008-12-05,766.7,773.3,741.2,752.2,104920.0
2008-12-08,755.2,782.8,754.1,769.3,79720.0
2008-12-09,775.6,780.7,762.5,774.2,71760.0
2008-12-10,776.7,813.9,774.2,808.8,112530.0
2008-12-11,809.6,835.3,802.5,826.6,104530.0
2008-12-12,820.0,829.7,807.5,820.5,91990.0
2008-12-15,825.0,843.7,821.0,836.5,93680.0
2008-12-16,838.2,860.8,830.2,842.7,94900.0
2008-12-17,860.0,883.6,847.2,868.5,149540.0
2008-12-18,866.1,879.6,848.8,860.6,116590.0
2008-12-19,853.6,854.9,830.1,837.4,73520.0
2008-12-22,839.4,853.0,836.7,847.2,54710.0
2008-12-23,849.0,849.8,829.8,838.1,48850.0
2008-12-24,840.5,849.6,835.4,848.0,20520.0
2008-12-26,847.5,874.0,843.4,871.2,23560.0
2008-12-29,873.0,892.0,873.0,875.3,73960.0
2008-12-30,882.6,885.9,864.7,870.0,54340.0
2008-12-31,874.7,886.0,857.3,884.3,55000.0
2009-01-02,883.0,889.1,868.1,879.5,46090.0
2009-01-05,880.7,885.5,843.5,857.8,95450.0
2009-01-06,843.5,871.4,838.8,866.0,101200.0
2009-01-07,864.2,867.8,836.0,841.7,119840.0
2009-01-08,843.2,865.3,836.7,854.5,111880.0
2009-01-09,857.8,869.3,845.0,855.0,106500.0
2009-01-12,856.1,857.5,815.1,821.0,132310.0
2009-01-13,821.5,831.4,814.0,820.7,98870.0
2009-01-14,821.8,829.9,806.6,808.8,117220.0
2009-01-15,810.3,822.1,801.5,807.3,134940.0
2009-01-16,817.3,843.6,815.7,839.9,105210.0
2009-01-19,844.1,866.6,823.6,855.2,169400.0
2009-01-21,857.3,864.6,843.0,850.1,123210.0
2009-01-22,854.0,863.2,843.5,858.8,107560.0
2009-01-23,857.2,903.8,852.1,895.8,197170.0
2009-01-26,898.9,916.3,889.0,908.8,148370.0
2009-01-27,902.9,907.6,892.2,899.5,113680.0
2009-01-28,899.5,903.4,882.0,888.2,137270.0
2009-01-29,890.0,911.3,875.7,906.5,126380.0
2009-01-30,911.0,931.3,903.1,928.4,129070.0
2009-02-02,924.6,929.0,902.1,907.2,96270.0
2009-02-03,904.4,914.3,890.3,892.5,107990.0
2009-02-04,901.1,910.9,896.2,902.2,75620.0
2009-02-05,906.4,926.3,903.4,914.2,100190.0
2009-02-06,915.2,921.9,905.4,914.3,77400.0
2009-02-09,913.4,913.4,891.9,892.8,81740.0
2009-02-10,895.9,919.7,892.0,914.2,114810.0
2009-02-11,937.4,949.0,912.0,944.5,172830.0
2009-02-12,939.4,954.0,936.5,949.2,124890.0
2009-02-13,946.6,946.9,933.0,942.2,77270.0
2009-02-16,942.8,975.4,937.3,967.5,137890.0
2009-02-18,964.8,988.7,961.6,978.2,117780.0
2009-02-19,987.0,987.9,969.5,976.5,116160.0
2009-02-20,973.2,1007.7,971.5,1002.2,163170.0
2009-02-23,994.3,999.6,976.2,995.0,111090.0
2009-02-24,992.1,997.0,960.2,969.5,156170.0
2009-02-25,962.5,979.7,945.2,966.2,140320.0
2009-02-26,953.6,957.6,932.2,942.6,133180.0
2009-02-27,947.0,964.0,927.0,942.5,148530.0
2009-03-02,940.3,959.5,921.0,940.0,124350.0
2009-03-03,928.0,933.5,905.7,913.6,130259.99999999999
2009-03-04,916.5,923.7,900.4,906.7,102120.0
2009-03-05,906.8,937.5,906.2,927.8,105850.0
2009-03-06,934.2,945.5,930.6,942.7,107510.0
2009-03-09,941.2,942.8,911.1,918.0,108000.0
2009-03-10,922.9,923.2,891.1,895.9,138510.0
2009-03-11,896.1,913.8,892.6,910.7,95710.0
2009-03-12,906.7,931.6,906.3,924.0,123790.0
2009-03-13,927.4,941.1,919.6,930.1,98230.0
2009-03-16,928.3,930.6,915.3,922.0,84780.0
2009-03-17,924.5,925.3,912.4,916.8,70710.0
2009-03-18,915.2,954.0,882.7,889.1,226080.0
2009-03-19,941.6,963.5,926.0,958.8,181060.0
2009-03-20,959.2,967.8,946.7,956.2,108940.0
2009-03-23,950.5,958.1,936.0,952.5,104400.0
2009-03-24,938.4,944.6,916.9,923.8,154380.0
2009-03-25,927.6,942.0,916.0,935.8,162940.0
2009-03-26,934.9,946.6,932.0,940.0,122920.0
2009-03-27,934.4,936.7,919.0,923.2,106870.0
2009-03-30,926.0,934.7,910.4,917.7,114010.0
2009-03-31,919.3,926.9,913.6,925.0,93010.0
2009-04-01,920.0,935.8,918.6,927.7,84430.0
2009-04-02,929.1,931.8,896.1,908.9,154080.0
2009-04-03,905.0,911.8,892.5,897.3,100970.0
2009-04-06,898.0,899.5,865.0,872.8,123650.0
2009-04-07,870.1,886.9,870.1,883.3,68270.0
2009-04-08,884.6,891.7,879.2,885.9,79890.0
2009-04-09,882.6,887.8,876.0,883.3,53690.0
2009-04-13,882.9,901.2,882.9,895.8,47870.0
2009-04-14,894.2,899.7,887.1,892.0,57460.0
2009-04-15,891.2,902.1,886.2,893.5,56030.0
2009-04-16,893.0,895.0,873.0,879.8,80700.0
2009-04-17,876.9,877.9,865.6,867.9,75750.0
2009-04-20,870.2,889.7,865.6,887.5,75860.0
2009-04-21,886.5,896.4,879.5,882.7,73220.0
2009-04-22,884.8,894.8,882.8,892.5,59580.0
2009-04-23,891.3,910.4,890.5,906.6,90670.0
2009-04-24,905.5,915.4,904.2,914.1,74410.0
2009-04-27,915.0,919.7,905.8,908.2,59470.0
2009-04-28,907.2,907.7,884.6,893.6,81050.0
2009-04-29,894.0,904.0,888.3,900.5,69350.0
2009-04-30,898.6,900.8,880.1,891.2,81600.0
2009-05-01,888.9,890.8,880.5,888.2,46710.0
2009-05-04,887.5,908.3,885.6,902.2,83810.0
2009-05-05,903.4,916.7,893.2,904.3,88100.0
2009-05-06,897.3,913.5,895.4,911.0,85610.0
2009-05-07,912.5,926.5,908.9,915.5,124790.0
2009-05-08,911.7,921.0,905.5,914.9,86340.0
2009-05-11,917.0,918.4,908.8,913.5,57350.0
2009-05-12,913.9,924.9,912.4,923.9,88790.0
2009-05-13,923.3,931.4,917.8,925.9,116790.0
2009-05-14,927.0,929.4,920.5,928.4,76200.0
2009-05-15,926.9,934.8,924.1,931.3,88900.0
2009-05-18,930.5,934.1,915.2,921.7,97050.0
2009-05-19,918.2,929.9,917.6,926.7,87160.0
2009-05-20,925.6,941.0,925.3,937.4,128000.0
2009-05-21,938.5,957.0,935.8,951.2,130919.99999999999
2009-05-22,955.1,963.1,950.1,958.9,117820.0
2009-05-25,957.6,960.1,936.6,953.3,166710.0
2009-05-27,953.3,959.6,946.2,953.3,151330.0
2009-05-28,950.2,966.7,945.8,963.2,121230.0
2009-05-29,960.8,982.0,960.4,980.3,102470.0
2009-06-01,981.0,990.2,974.1,980.0,94730.0
2009-06-02,976.9,988.3,970.5,984.4,88680.0
2009-06-03,983.2,992.1,961.5,965.6,127900.0
2009-06-04,966.0,983.4,962.0,982.3,115370.0
2009-06-05,981.4,985.0,953.8,962.6,150850.0
2009-06-08,956.3,961.1,943.8,952.5,95710.0
2009-06-09,951.8,964.5,948.3,954.7,88840.0
2009-06-10,955.8,966.7,947.5,954.7,107070.0
2009-06-11,955.6,963.2,942.5,962.0,111280.0
2009-06-12,956.3,959.2,936.2,940.7,103110.0
2009-06-15,940.3,940.3,926.5,927.5,91530.0
2009-06-16,928.8,940.6,927.7,932.2,76590.0
2009-06-17,935.4,941.1,928.4,936.0,87650.0
2009-06-18,940.0,944.0,930.5,934.6,78320.0
2009-06-19,934.0,939.7,931.5,936.2,57560.0
2009-06-22,935.1,935.6,918.3,921.0,96760.0
2009-06-23,922.5,927.4,913.2,924.3,91900.0
2009-06-24,926.4,944.4,922.8,934.4,116250.0
2009-06-25,932.0,940.4,930.3,939.5,76940.0
2009-06-26,940.1,949.0,936.6,941.0,73580.0
2009-06-29,940.7,943.2,933.6,940.7,57110.0
2009-06-30,938.1,945.4,922.7,927.4,102290.0
2009-07-01,926.1,947.0,926.1,941.3,97420.0
2009-07-02,940.9,942.1,926.6,931.0,101810.0
2009-07-03,932.0,932.4,920.3,924.3,79790.0
2009-07-07,924.6,932.4,921.0,929.1,78420.0
2009-07-08,917.7,925.9,904.8,909.3,131009.99999999999
2009-07-09,909.3,918.9,906.2,916.2,91680.0
2009-07-10,912.1,915.2,906.6,912.5,72830.0
2009-07-13,912.3,923.4,907.4,922.5,100040.0
2009-07-14,921.2,927.8,917.8,922.8,82440.0
2009-07-15,925.4,942.3,924.5,939.4,122620.0
2009-07-16,939.3,940.5,932.6,935.4,60370.0
2009-07-17,937.8,939.8,931.6,937.5,62040.0
2009-07-20,938.5,955.4,937.0,948.8,102850.0
2009-07-21,949.8,953.8,944.3,946.9,79090.0
2009-07-22,948.9,955.0,944.6,953.3,89850.0
2009-07-23,952.7,957.5,947.2,954.8,124920.0
2009-07-24,948.0,954.4,946.6,953.1,70920.0
2009-07-27,951.4,960.0,947.8,953.5,101950.0
2009-07-28,953.6,956.8,933.8,939.1,169540.0
2009-07-29,937.8,940.9,925.2,927.2,129090.0
2009-07-30,931.9,939.4,930.9,937.3,62130.0
2009-07-31,937.1,960.0,933.8,955.8,98490.0
2009-08-03,954.5,966.9,954.3,958.8,95460.0
2009-08-04,960.0,972.7,953.1,969.7,94660.0
2009-08-05,970.3,970.8,961.1,966.3,80720.0
2009-08-06,965.0,974.3,958.2,962.9,108950.0
2009-08-07,965.2,968.0,955.5,959.5,87110.0
2009-08-10,956.6,959.3,944.2,946.9,78340.0
2009-08-11,948.4,951.9,943.6,947.6,50680.0
2009-08-12,948.6,954.4,942.1,952.5,64430.00000000001
2009-08-13,950.0,963.1,949.8,956.5,70230.0
2009-08-14,956.7,961.4,943.7,948.7,78110.0
2009-08-17,949.2,950.4,931.3,935.8,93510.0
2009-08-18,935.0,941.6,935.0,939.2,52980.0
2009-08-19,940.2,946.8,933.3,944.8,80900.0
2009-08-20,944.2,947.3,938.5,941.7,52320.0
2009-08-21,941.9,959.9,939.2,954.7,85720.0
2009-08-24,954.8,958.5,935.7,943.7,74590.0
2009-08-25,943.8,956.3,943.1,946.0,76990.0
2009-08-26,946.2,951.7,941.2,945.8,68600.0
2009-08-27,946.9,952.3,942.6,947.3,60460.0
2009-08-28,949.5,964.6,949.5,958.8,87230.0
2009-08-31,957.4,962.1,944.3,953.5,73130.0
2009-09-01,952.0,958.7,947.5,956.5,93240.0
2009-09-02,958.1,982.4,952.5,978.5,155930.0
2009-09-03,979.4,999.5,976.1,997.7,163800.0
2009-09-04,994.3,998.4,987.0,996.7,117550.0
2009-09-07,996.9,1009.7,992.6,999.8,165000.0
2009-09-09,998.8,1005.0,988.8,997.1,126490.0
2009-09-10,993.5,1000.5,983.2,996.8,129180.0
2009-09-11,998.5,1013.7,996.3,1006.4,133410.0
2009-09-14,1007.7,1010.8,994.4,1001.1,93920.0
2009-09-15,1000.9,1011.5,993.0,1006.3,114630.0
2009-09-16,1009.0,1023.3,1007.9,1020.2,124440.0
2009-09-17,1018.3,1025.8,1010.6,1013.5,118140.0
2009-09-18,1014.5,1019.5,1007.4,1010.3,102950.0
2009-09-21,1006.8,1008.3,996.3,1004.9,102950.0
2009-09-22,1005.0,1021.5,1004.2,1015.5,96170.0
2009-09-23,1016.1,1020.4,1007.2,1014.4,114890.0
2009-09-24,1008.7,1021.0,991.3,998.9,182500.0
2009-09-25,992.8,1000.5,985.5,991.6,129030.0
2009-09-28,993.1,998.0,986.7,994.1,88770.0
2009-09-29,992.6,997.2,986.1,994.4,105190.0
2009-09-30,994.0,1010.8,992.7,1009.3,142140.0
2009-10-01,1008.3,1011.1,998.6,1000.7,113350.0
2009-10-02,999.0,1008.8,987.0,1004.3,141250.0
2009-10-05,1004.0,1018.9,1001.6,1017.8,103250.0
2009-10-06,1017.8,1045.0,1016.6,1039.7,223540.0
2009-10-07,1042.7,1049.7,1037.8,1044.4,140680.0
2009-10-08,1045.7,1062.7,1043.8,1056.3,204450.0
2009-10-09,1055.9,1056.7,1044.7,1048.6,122700.0
2009-10-12,1050.0,1060.5,1048.0,1057.5,74330.0
2009-10-13,1055.0,1069.7,1052.2,1065.0,141180.0
2009-10-14,1065.3,1072.0,1056.5,1064.7,134280.0
2009-10-15,1063.3,1066.8,1046.2,1050.6,151360.0
2009-10-16,1051.0,1057.9,1043.7,1051.5,121670.0
2009-10-19,1053.5,1065.8,1048.6,1058.1,94790.0
2009-10-20,1065.0,1069.0,1052.6,1058.6,122570.0
2009-10-21,1050.0,1065.7,1048.1,1064.5,140360.0
2009-10-22,1059.5,1062.7,1052.0,1058.6,110650.0
2009-10-23,1061.1,1068.8,1050.4,1056.4,153870.0
2009-10-26,1055.5,1060.8,1038.1,1042.8,162320.0
2009-10-27,1038.5,1044.3,1032.9,1035.4,153190.0
2009-10-28,1040.0,1042.6,1026.9,1030.5,152920.0
2009-10-29,1027.7,1048.4,1026.9,1047.1,130080.00000000001
2009-10-30,1047.1,1049.2,1035.4,1040.4,129460.00000000001
2009-11-02,1043.4,1063.4,1042.2,1054.0,132630.0
2009-11-03,1060.4,1088.5,1055.5,1084.9,208680.0
2009-11-04,1085.6,1098.5,1080.5,1087.3,190850.0
2009-11-05,1094.1,1095.2,1084.3,1089.3,111070.0
2009-11-06,1090.6,1101.9,1086.5,1095.7,159850.0
2009-11-09,1098.0,1111.7,1096.0,1101.4,137530.0
2009-11-10,1103.7,1109.7,1097.2,1102.5,146660.0
2009-11-11,1106.0,1119.1,1105.6,1114.6,153620.0
2009-11-12,1117.2,1123.4,1102.7,1106.6,168530.0
2009-11-13,1103.3,1119.7,1101.2,1116.7,149130.0
2009-11-16,1119.6,1144.2,1119.5,1139.2,188590.0
2009-11-17,1140.1,1142.0,1127.8,1139.4,143710.0
2009-11-18,1140.9,1153.4,1136.0,1141.2,180280.0
2009-11-19,1144.0,1146.5,1130.0,1141.9,194980.0
2009-11-20,1145.0,1151.5,1132.5,1146.8,173740.0
2009-11-23,1152.0,1174.0,1151.6,1164.7,227820.0
2009-11-24,1164.4,1171.7,1157.7,1165.8,254520.0
2009-11-25,1169.6,1192.8,1166.8,1187.0,205510.0
2009-11-26,1194.6,1196.8,1135.8,1175.5,275930.0
2009-11-30,1182.0,1185.0,1165.0,1182.3,174370.0
2009-12-01,1181.4,1204.0,1176.4,1200.2,173620.0
2009-12-02,1197.0,1218.4,1196.5,1213.0,191900.0
2009-12-03,1216.5,1227.5,1205.2,1218.3,222900.0
2009-12-04,1208.7,1213.9,1147.4,1169.5,366080.0
2009-12-07,1160.3,1166.2,1136.1,1164.0,276340.0
2009-12-08,1159.8,1170.2,1125.3,1143.4,239290.0
2009-12-09,1129.5,1148.4,1117.0,1120.9,263930.0
2009-12-10,1130.1,1137.7,1121.8,1126.2,164030.0
2009-12-11,1133.3,1143.4,1110.2,1119.9,215760.0
2009-12-14,1114.6,1128.9,1111.7,1123.8,133520.0
2009-12-15,1128.2,1130.0,1112.0,1123.0,154050.0
2009-12-16,1125.7,1142.5,1122.4,1136.2,159460.0
2009-12-17,1138.7,1142.9,1095.7,1107.4,236020.0
2009-12-18,1099.0,1118.1,1097.4,1111.5,171600.0
2009-12-21,1111.9,1120.8,1090.8,1096.0,137630.0
2009-12-22,1092.7,1098.2,1075.2,1086.7,182490.0
2009-12-23,1085.1,1096.8,1080.1,1094.0,99750.0
2009-12-24,1088.6,1106.9,1088.3,1104.8,56910.0
2009-12-28,1108.0,1114.5,1102.1,1107.9,73190.0
2009-12-29,1108.9,1109.2,1097.1,1098.1,97220.0
2009-12-30,1098.5,1098.7,1086.6,1092.5,91650.0
2009-12-31,1094.1,1107.6,1093.1,1096.2,64590.0
2010-01-04,1099.0,1124.6,1093.8,1118.3,155480.0
2010-01-05,1122.0,1129.6,1115.5,1118.7,156410.0
2010-01-06,1118.5,1141.0,1116.8,1136.5,176900.0
2010-01-07,1139.0,1139.5,1128.7,1133.7,121150.0
2010-01-08,1131.5,1140.0,1119.5,1138.9,212620.0
2010-01-11,1139.0,1163.0,1139.0,1151.4,173770.0
2010-01-12,1152.0,1158.3,1124.3,1129.4,233120.0
2010-01-13,1129.0,1138.9,1118.5,1136.8,217630.0
2010-01-14,1137.9,1146.7,1130.7,1143.0,165710.0
2010-01-15,1142.0,1146.0,1126.5,1130.5,144700.0
2010-01-18,1130.7,1140.7,1127.5,1140.0,188030.0
2010-01-20,1138.5,1141.7,1106.8,1112.6,232580.0
2010-01-21,1112.4,1117.4,1088.0,1103.2,271810.0
2010-01-22,1095.4,1098.9,1081.9,1089.7,214200.0
2010-01-25,1093.5,1104.0,1092.2,1095.7,155360.0
2010-01-26,1097.9,1103.2,1085.2,1098.3,230150.0
2010-01-27,1097.4,1102.1,1083.0,1084.5,206690.0
2010-01-28,1087.0,1096.9,1074.4,1084.8,211380.0
2010-01-29,1087.0,1091.4,1075.0,1083.8,182590.0
2010-02-01,1081.9,1108.8,1077.2,1105.0,162340.0
2010-02-02,1107.3,1119.9,1099.5,1118.0,154490.0
2010-02-03,1115.8,1126.4,1107.5,1112.0,158610.0
2010-02-04,1110.1,1112.0,1059.0,1063.0,280750.0
2010-02-05,1065.7,1069.4,1044.5,1052.8,253580.0
2010-02-08,1068.3,1074.3,1061.8,1066.2,142160.0
2010-02-09,1062.4,1083.8,1062.1,1077.2,184390.0
2010-02-10,1078.6,1083.0,1063.1,1076.3,163920.0
2010-02-11,1073.8,1098.4,1072.9,1094.7,188050.0
2010-02-12,1094.6,1097.7,1078.1,1090.0,153310.0
2010-02-15,1093.7,1121.9,1092.0,1119.8,179060.0
2010-02-17,1119.8,1128.7,1105.5,1120.1,172890.0
2010-02-18,1108.3,1124.8,1098.1,1118.7,188710.0
2010-02-19,1108.4,1127.4,1099.3,1122.1,170950.0
2010-02-22,1122.1,1131.5,1110.0,1113.1,137550.0
2010-02-23,1114.1,1121.7,1099.6,1103.2,161290.0
2010-02-24,1103.5,1108.8,1090.2,1097.2,176130.0
2010-02-25,1096.2,1110.0,1088.5,1108.5,206760.0
2010-02-26,1108.0,1119.5,1104.6,1118.9,129610.00000000001
2010-03-01,1119.0,1123.9,1112.1,1118.3,124680.0
2010-03-02,1118.0,1138.3,1115.0,1137.4,193280.0
2010-03-03,1134.5,1145.8,1132.8,1143.3,159130.0
2010-03-04,1139.8,1142.3,1125.9,1133.1,154140.0
2010-03-05,1132.9,1141.2,1127.5,1135.2,150030.0
2010-03-08,1136.0,1138.0,1118.5,1124.0,140540.0
2010-03-09,1123.8,1125.1,1108.2,1122.3,153990.0
2010-03-10,1121.5,1128.3,1103.1,1108.1,201370.0
2010-03-11,1108.9,1111.7,1100.5,1108.2,136650.0
2010-03-12,1110.0,1119.5,1097.3,1101.7,159860.0
2010-03-15,1101.7,1110.5,1101.0,1105.4,130830.00000000001
2010-03-16,1108.3,1129.3,1108.1,1122.5,141800.0
2010-03-17,1126.3,1133.9,1118.2,1124.2,130320.0
2010-03-18,1124.5,1129.5,1118.2,1127.5,123990.0
2010-03-19,1125.8,1127.5,1101.0,1107.6,176490.0
2010-03-22,1108.0,1108.6,1092.1,1099.5,159060.0
2010-03-23,1102.5,1108.0,1094.0,1103.7,146150.0
2010-03-24,1102.2,1106.0,1084.8,1088.8,178060.0
2010-03-25,1087.4,1095.6,1085.5,1092.9,159340.0
2010-03-26,1091.6,1109.8,1088.5,1104.3,177740.0
2010-03-29,1110.4,1114.7,1103.1,1110.3,158730.0
2010-03-30,1110.6,1114.2,1102.4,1105.7,109920.0
2010-03-31,1105.1,1119.9,1103.1,1114.5,108480.0
2010-04-01,1114.6,1129.1,1112.3,1126.1,118740.0
2010-04-05,1122.0,1134.3,1120.8,1133.8,75640.0
2010-04-06,1131.9,1139.6,1123.5,1136.0,126660.0
2010-04-07,1135.2,1154.2,1133.3,1153.0,163440.0
2010-04-08,1150.2,1154.7,1144.4,1152.9,119680.0
2010-04-09,1151.8,1165.8,1150.4,1161.9,134640.0
2010-04-12,1166.3,1170.7,1154.8,1162.2,122400.0
2010-04-13,1156.2,1158.1,1145.4,1153.4,133640.0
2010-04-14,1152.0,1162.8,1151.0,1159.6,123130.0
2010-04-15,1155.8,1162.3,1150.7,1160.3,99310.0
2010-04-16,1159.4,1161.2,1130.0,1136.9,202670.0
2010-04-19,1137.0,1138.5,1124.3,1135.8,124330.0
2010-04-20,1136.6,1146.8,1134.0,1139.2,120350.0
2010-04-21,1140.1,1151.2,1138.1,1148.8,112320.0
2010-04-22,1147.0,1149.8,1132.0,1142.9,138490.0
2010-04-23,1141.8,1158.5,1135.2,1153.7,144450.0
2010-04-26,1158.5,1160.7,1151.1,1154.0,88290.0
2010-04-27,1154.2,1173.4,1146.6,1162.2,182680.0
2010-04-28,1168.7,1175.3,1161.0,1171.8,167710.0
2010-04-29,1165.4,1171.8,1162.2,1168.8,109660.0
2010-04-30,1168.0,1182.5,1167.8,1180.7,120950.0
2010-05-03,1181.0,1188.4,1177.1,1183.3,87370.0
2010-05-04,1182.9,1192.8,1166.9,1169.2,190150.0
2010-05-05,1171.2,1177.7,1156.2,1175.0,180540.0
2010-05-06,1176.0,1211.9,1173.0,1197.3,271240.0
2010-05-07,1208.4,1214.9,1193.0,1210.4,255300.0
2010-05-10,1207.0,1207.0,1184.4,1200.8,176640.0
2010-05-11,1201.8,1235.2,1201.5,1220.3,206840.0
2010-05-12,1232.0,1249.2,1227.2,1243.1,205850.0
2010-05-13,1238.3,1243.7,1227.5,1229.2,163430.0
2010-05-14,1233.3,1249.7,1217.6,1227.8,242400.0
2010-05-17,1232.0,1242.8,1219.1,1228.1,166750.0
2010-05-18,1223.9,1229.6,1206.6,1214.6,185970.0
2010-05-19,1223.8,1228.2,1186.6,1193.1,225810.0
2010-05-20,1191.0,1198.2,1175.0,1188.6,217740.0
2010-05-21,1183.0,1188.0,1166.0,1176.1,164810.0
2010-05-24,1178.1,1197.3,1176.8,1194.0,181600.0
2010-05-25,1192.4,1204.5,1185.2,1198.0,218490.0
2010-05-26,1203.8,1216.9,1201.0,1213.4,237500.0
2010-05-27,1213.5,1220.6,1207.4,1214.4,138270.0
2010-05-28,1213.4,1217.3,1203.8,1215.0,96000.0
2010-05-31,1216.7,1230.6,1211.6,1226.9,107410.0
2010-06-02,1227.7,1228.9,1215.0,1222.6,90250.0
2010-06-03,1225.2,1226.5,1202.4,1210.0,115430.0
2010-06-04,1208.5,1222.0,1198.1,1217.7,139930.0
2010-06-07,1221.1,1246.7,1212.1,1240.8,154990.0
2010-06-08,1242.6,1254.5,1235.0,1245.6,143920.0
2010-06-09,1237.1,1242.6,1223.1,1229.9,125490.0
2010-06-10,1234.4,1236.0,1216.2,1222.2,118690.0
2010-06-11,1218.8,1232.4,1218.1,1230.2,80170.0
2010-06-14,1229.3,1235.9,1217.5,1224.5,97230.0
2010-06-15,1223.0,1238.5,1221.1,1234.4,104400.0
2010-06-16,1236.1,1239.5,1228.3,1230.5,83670.0
2010-06-17,1231.6,1252.8,1231.0,1248.7,140090.0
2010-06-18,1247.6,1263.7,1243.1,1258.3,115420.0
2010-06-21,1261.2,1266.5,1231.6,1240.7,154610.0
2010-06-22,1233.3,1244.0,1233.0,1240.8,122710.0
2010-06-23,1240.6,1247.4,1225.2,1234.8,138830.0
2010-06-24,1237.6,1249.5,1228.0,1245.9,130030.0
2010-06-25,1244.5,1259.5,1241.6,1256.2,91010.0
2010-06-28,1255.8,1263.7,1235.9,1238.6,146270.0
2010-06-29,1239.0,1246.0,1227.6,1242.4,148820.0
2010-06-30,1241.6,1248.8,1235.1,1245.9,110720.0
2010-07-01,1243.0,1244.8,1196.0,1206.7,257839.99999999997
2010-07-02,1199.0,1214.0,1198.8,1207.7,119620.0
2010-07-05,1212.2,1215.1,1189.5,1195.1,148110.0
2010-07-07,1194.0,1204.4,1185.0,1198.9,126920.0
2010-07-08,1202.9,1208.2,1187.3,1196.1,123080.0
2010-07-09,1198.5,1214.1,1194.6,1209.8,110470.0
2010-07-12,1212.3,1213.5,1196.1,1198.7,96040.0
2010-07-13,1197.7,1218.8,1196.5,1213.5,110460.0
2010-07-14,1212.0,1218.2,1202.5,1207.0,107460.0
2010-07-15,1208.1,1217.3,1203.7,1208.3,102200.0
2010-07-16,1209.0,1210.9,1185.8,1188.2,145700.0
2010-07-19,1193.7,1194.7,1176.9,1181.9,119210.0
2010-07-20,1183.2,1193.7,1175.1,1191.7,144270.0
2010-07-21,1191.8,1198.0,1183.0,1191.8,146980.0
2010-07-22,1184.1,1201.2,1180.7,1195.6,134690.0
2010-07-23,1195.1,1203.9,1183.4,1187.8,137640.0
2010-07-26,1188.0,1194.8,1178.6,1183.1,193660.0
2010-07-27,1182.7,1186.5,1156.9,1158.0,235880.0
2010-07-28,1161.1,1165.0,1155.6,1160.4,206830.0
2010-07-29,1165.8,1172.0,1161.6,1171.2,113130.0
2010-07-30,1170.8,1185.8,1168.0,1183.9,119040.0
2010-08-02,1183.8,1193.9,1176.7,1185.4,89850.0
2010-08-03,1184.8,1193.0,1181.6,1187.5,67040.0
2010-08-04,1188.1,1205.5,1187.0,1195.9,119100.0
2010-08-05,1197.0,1202.8,1192.0,1199.3,76530.0
2010-08-06,1197.4,1213.3,1194.5,1205.3,105720.0
2010-08-09,1206.3,1212.1,1201.1,1202.6,69570.0
2010-08-10,1203.3,1209.9,1192.5,1198.0,101150.0
2010-08-11,1206.9,1210.2,1194.2,1199.2,117460.0
2010-08-12,1200.6,1218.5,1199.5,1216.7,124750.0
2010-08-13,1216.1,1219.8,1212.3,1216.6,73010.0
2010-08-16,1216.5,1229.5,1216.2,1226.2,79250.0
2010-08-17,1227.0,1231.1,1224.3,1228.3,59880.0
2010-08-18,1226.8,1234.4,1218.9,1231.4,100670.0
2010-08-19,1231.0,1239.5,1229.5,1235.4,86560.0
2010-08-20,1234.2,1235.6,1223.6,1228.8,74830.0
2010-08-23,1229.2,1234.0,1223.5,1228.5,56770.0
2010-08-24,1227.3,1237.5,1211.7,1233.4,136560.0
2010-08-25,1232.1,1243.4,1230.9,1241.3,107820.0
2010-08-26,1242.4,1246.0,1235.1,1237.7,78450.0
2010-08-27,1239.1,1244.2,1233.5,1237.9,86010.0
2010-08-30,1238.9,1240.4,1235.0,1239.2,38820.0
2010-08-31,1238.7,1251.8,1233.5,1250.3,109430.0
2010-09-01,1250.3,1256.6,1244.1,1248.1,109810.0
2010-09-02,1245.6,1255.2,1245.3,1253.4,73900.0
2010-09-03,1253.2,1255.6,1239.2,1251.1,107020.0
2010-09-06,1250.3,1261.6,1246.4,1259.3,109660.0
2010-09-08,1257.3,1264.7,1254.6,1257.5,107210.0
2010-09-09,1256.7,1260.5,1243.5,1250.9,119780.0
2010-09-10,1245.8,1253.0,1237.9,1246.5,103130.0
2010-09-13,1247.3,1251.0,1242.3,1247.1,77440.0
2010-09-14,1246.6,1276.5,1246.0,1271.7,170220.0
2010-09-15,1270.2,1273.5,1264.5,1268.7,102680.0
2010-09-16,1269.1,1279.5,1266.1,1273.8,99890.0
2010-09-17,1276.8,1284.4,1273.0,1277.5,99450.0
2010-09-20,1277.7,1285.2,1275.6,1280.8,81220.0
2010-09-21,1280.4,1292.4,1272.0,1274.3,147880.0
2010-09-22,1288.7,1298.0,1287.5,1292.1,124140.0
2010-09-23,1292.7,1297.5,1288.2,1296.3,106550.0
2010-09-24,1293.8,1301.6,1290.6,1298.1,110500.0
2010-09-27,1299.2,1301.3,1295.2,1298.6,76830.0
2010-09-28,1296.8,1311.8,1276.2,1308.3,205180.0
2010-09-29,1310.8,1314.8,1306.1,1310.3,118740.0
2010-09-30,1310.8,1317.5,1297.0,1309.6,166310.0
2010-10-01,1309.6,1322.0,1307.3,1317.8,114680.0
2010-10-04,1319.7,1321.3,1313.4,1316.8,76020.0
2010-10-05,1316.1,1342.9,1313.3,1340.3,148410.0
2010-10-06,1341.3,1351.0,1340.0,1347.7,136380.0
2010-10-07,1350.5,1366.0,1326.5,1335.0,267430.0
2010-10-08,1334.2,1350.8,1325.6,1345.3,190660.0
2010-10-11,1348.9,1356.3,1341.1,1354.4,107010.0
2010-10-12,1354.9,1356.3,1341.4,1346.7,135280.0
2010-10-13,1351.5,1375.7,1350.0,1370.5,182480.0
2010-10-14,1372.6,1388.1,1371.1,1377.6,184980.0
2010-10-15,1381.7,1386.4,1362.7,1372.0,196830.0
2010-10-18,1371.0,1375.6,1353.2,1372.1,134150.0
2010-10-19,1370.6,1371.7,1328.4,1336.0,252500.0
2010-10-20,1334.4,1348.1,1331.1,1344.2,162770.0
2010-10-21,1345.2,1349.6,1318.2,1325.6,209170.0
2010-10-22,1325.8,1328.8,1315.6,1325.1,147230.0
2010-10-25,1329.3,1349.5,1329.3,1338.9,149220.0
2010-10-26,1340.3,1343.8,1328.1,1338.6,156540.0
2010-10-27,1340.4,1343.7,1318.6,1322.6,160010.0
2010-10-28,1325.3,1346.2,1322.9,1342.5,148660.0
2010-10-29,1344.5,1359.8,1335.2,1357.6,167820.0
2010-11-01,1359.7,1366.4,1349.1,1350.6,126690.0
2010-11-02,1351.6,1359.9,1350.2,1356.9,116110.0
2010-11-03,1357.3,1364.8,1325.5,1337.6,258029.99999999997
2010-11-04,1349.0,1393.4,1346.7,1383.1,241400.0
2010-11-05,1392.5,1398.7,1371.9,1397.7,241400.0
2010-11-08,1397.0,1410.4,1386.6,1403.2,176900.0
2010-11-09,1410.0,1424.3,1382.2,1410.1,310220.0
2010-11-10,1392.9,1410.0,1383.4,1399.3,281250.0
2010-11-11,1403.0,1417.6,1396.5,1403.3,178470.0
2010-11-12,1408.3,1410.0,1359.3,1365.5,301690.0
2010-11-15,1371.0,1376.6,1354.8,1368.5,199640.0
2010-11-16,1359.8,1364.3,1329.0,1338.4,296970.0
2010-11-17,1341.0,1344.6,1330.1,1336.9,174180.0
2010-11-18,1336.0,1359.0,1334.0,1353.0,197600.0
2010-11-19,1353.8,1362.9,1341.0,1352.3,166010.0
2010-11-22,1357.0,1367.4,1347.9,1357.8,182130.0
2010-11-23,1365.8,1382.9,1355.6,1377.6,249520.0
2010-11-24,1377.1,1381.0,1368.7,1373.0,189890.0
2010-11-25,1372.0,1374.9,1350.1,1362.4,138420.0
2010-11-29,1365.0,1370.7,1354.5,1367.5,184840.0
2010-11-30,1368.5,1391.1,1364.0,1386.1,169680.0
2010-12-01,1387.7,1398.3,1383.0,1388.3,163760.0
2010-12-02,1387.6,1399.7,1383.8,1389.3,134390.0
2010-12-03,1387.1,1417.0,1385.3,1406.2,159640.0
2010-12-06,1415.1,1429.4,1409.8,1416.1,144120.0
2010-12-07,1426.0,1432.5,1396.7,1409.0,206640.0
2010-12-08,1401.3,1405.4,1372.1,1383.2,218900.0
2010-12-09,1383.0,1395.6,1381.1,1392.8,125990.0
2010-12-10,1388.3,1393.0,1372.7,1384.9,133230.0
2010-12-13,1385.0,1400.2,1380.8,1398.0,112380.0
2010-12-14,1395.2,1408.9,1392.4,1404.3,134950.0
2010-12-15,1396.7,1398.0,1378.2,1386.2,151370.0
2010-12-16,1378.9,1387.3,1361.6,1371.0,179530.0
2010-12-17,1370.4,1379.8,1365.4,1379.2,104810.0
2010-12-20,1378.9,1388.9,1376.6,1386.1,96160.0
2010-12-21,1386.1,1393.0,1381.4,1388.8,83430.0
2010-12-22,1386.3,1391.7,1383.5,1387.4,61950.0
2010-12-23,1386.1,1389.0,1372.6,1380.5,81030.0
2010-12-27,1378.9,1387.0,1372.7,1382.9,44350.0
2010-12-28,1384.2,1407.5,1383.1,1405.6,105800.0
2010-12-29,1406.9,1414.9,1401.5,1413.5,75100.0
2010-12-30,1412.2,1415.4,1403.5,1405.9,64920.0
2010-12-31,1405.0,1422.0,1404.6,1421.4,44810.0
2011-01-03,1420.4,1424.4,1413.1,1422.9,77200.0
2011-01-04,1414.8,1417.8,1375.0,1378.8,211910.0
2011-01-05,1380.7,1385.2,1364.0,1373.7,202340.0
2011-01-06,1376.4,1380.0,1364.3,1371.7,173240.0
2011-01-07,1371.7,1379.0,1352.7,1368.9,223830.0
2011-01-10,1369.8,1376.4,1365.0,1374.1,118860.0
2011-01-11,1375.7,1386.8,1372.4,1384.3,152150.0
2011-01-12,1381.1,1389.0,1376.3,1385.8,147500.0
2011-01-13,1387.1,1392.9,1369.1,1387.0,202000.0
2011-01-14,1373.6,1377.8,1354.6,1360.5,200390.0
2011-01-17,1361.2,1376.0,1356.8,1368.2,165110.0
2011-01-19,1367.8,1378.9,1365.5,1370.2,137090.0
2011-01-20,1369.9,1370.9,1342.4,1346.5,242890.0
2011-01-21,1345.5,1349.7,1337.0,1341.0,161570.0
2011-01-24,1343.0,1352.4,1331.8,1344.5,182110.0
2011-01-25,1333.8,1338.0,1321.9,1332.3,227630.0
2011-01-26,1331.5,1346.4,1324.3,1333.0,208000.0
2011-01-27,1345.9,1347.5,1309.7,1318.4,210700.0
2011-01-28,1314.9,1348.0,1309.1,1341.7,251010.0
2011-01-31,1338.8,1347.2,1323.6,1334.5,156130.0
2011-02-01,1334.0,1344.1,1326.0,1340.3,146590.0
2011-02-02,1343.5,1345.6,1327.3,1332.1,109740.0
2011-02-03,1336.0,1356.6,1325.4,1353.0,189230.0
2011-02-04,1356.4,1361.0,1345.5,1349.0,141180.0
2011-02-07,1348.1,1354.5,1344.1,1348.2,79090.0
2011-02-08,1352.9,1368.7,1348.9,1364.1,135350.0
2011-02-09,1363.8,1367.7,1358.3,1365.5,109180.0
2011-02-10,1364.2,1366.8,1351.4,1362.5,120570.0
2011-02-11,1364.0,1369.7,1354.3,1360.4,128130.0
2011-02-14,1358.2,1367.5,1354.4,1365.1,102410.0
2011-02-15,1362.1,1377.5,1361.3,1374.1,111110.0
2011-02-16,1374.3,1382.7,1368.3,1375.1,133590.0
2011-02-17,1376.5,1385.8,1374.6,1385.1,97400.0
2011-02-18,1385.4,1392.6,1382.0,1388.6,113560.0
2011-02-21,1390.1,1411.5,1390.1,1401.1,222810.0
2011-02-23,1399.4,1417.3,1396.0,1414.0,153790.0
2011-02-24,1412.1,1418.8,1392.2,1415.8,187390.0
2011-02-25,1401.9,1412.4,1400.1,1409.3,120510.0
2011-02-28,1411.2,1417.0,1405.2,1409.9,115320.0
2011-03-01,1411.6,1435.6,1409.8,1431.2,169540.0
2011-03-02,1434.9,1441.0,1428.2,1437.7,160580.0
2011-03-03,1436.5,1436.9,1410.6,1416.4,202800.0
2011-03-04,1415.7,1434.0,1413.8,1428.6,141350.0
2011-03-07,1435.0,1445.7,1428.3,1434.5,170660.0
2011-03-08,1432.3,1437.2,1423.6,1427.2,129910.0
2011-03-09,1429.7,1436.8,1423.2,1429.6,126010.0
2011-03-10,1431.1,1431.8,1403.0,1412.5,204140.0
2011-03-11,1411.8,1424.6,1404.8,1421.8,171580.0
2011-03-14,1421.9,1433.5,1418.2,1424.9,107160.0
2011-03-15,1428.9,1429.0,1380.7,1392.8,248090.0
2011-03-16,1394.8,1406.6,1392.3,1396.1,151890.0
2011-03-17,1400.0,1405.4,1386.8,1404.2,109180.0
2011-03-18,1404.9,1424.1,1402.2,1416.1,135870.0
2011-03-21,1424.2,1435.1,1423.5,1426.4,129780.0
2011-03-22,1427.3,1432.3,1419.5,1427.6,124760.0
2011-03-23,1428.9,1441.2,1425.8,1438.0,138330.0
2011-03-24,1438.0,1448.6,1423.7,1434.9,187090.0
2011-03-25,1433.5,1438.1,1422.0,1426.2,182740.0
2011-03-28,1428.5,1430.0,1410.1,1419.9,178880.0
2011-03-29,1421.0,1423.5,1411.0,1416.2,135790.0
2011-03-30,1420.2,1431.7,1413.1,1424.9,160220.0
2011-03-31,1424.4,1441.0,1421.7,1439.9,129310.0
2011-04-01,1433.8,1437.8,1413.5,1428.9,165280.0
2011-04-04,1430.0,1440.3,1429.1,1433.0,83870.0
2011-04-05,1435.6,1458.6,1431.0,1452.5,166360.0
2011-04-06,1458.2,1463.7,1452.5,1458.5,131980.0
2011-04-07,1460.1,1466.5,1453.7,1459.3,109290.0
2011-04-08,1459.8,1476.4,1457.7,1474.1,123690.0
2011-04-11,1476.3,1478.0,1460.2,1468.1,110660.0
2011-04-12,1465.2,1468.5,1445.0,1453.6,186450.0
2011-04-13,1454.0,1463.7,1452.0,1455.6,121240.0
2011-04-14,1458.1,1476.7,1453.2,1472.4,166790.0
2011-04-15,1476.6,1489.1,1472.2,1486.0,160620.0
2011-04-18,1488.0,1498.6,1477.8,1492.9,199120.0
2011-04-19,1496.6,1500.5,1488.2,1495.1,131690.0
2011-04-20,1496.1,1506.5,1493.8,1498.9,147870.0
2011-04-21,1502.0,1509.6,1500.4,1503.8,127270.0
2011-04-25,1510.7,1519.2,1502.2,1509.1,123690.0
2011-04-26,1507.2,1508.5,1492.0,1503.5,145620.0
2011-04-27,1506.9,1530.7,1503.3,1517.1,170040.0
2011-04-28,1527.8,1538.8,1523.9,1531.2,183540.0
2011-04-29,1535.3,1569.8,1532.1,1556.4,157180.0
2011-05-02,1566.8,1577.4,1540.3,1557.1,211660.0
2011-05-03,1545.2,1551.4,1516.2,1540.4,206730.0
2011-05-04,1537.7,1543.5,1505.5,1515.3,242220.0
2011-05-05,1517.0,1522.1,1462.5,1481.4,334050.0
2011-05-06,1475.9,1498.5,1471.1,1491.6,264800.0
2011-05-09,1496.6,1513.9,1489.0,1503.2,153910.0
2011-05-10,1512.5,1520.0,1505.2,1516.9,149350.0
2011-05-11,1515.9,1526.8,1495.4,1501.4,198030.0
2011-05-12,1499.2,1509.7,1477.6,1506.8,207430.0
2011-05-13,1506.5,1516.4,1482.0,1493.6,184880.0
2011-05-16,1494.6,1504.3,1486.0,1490.6,127100.0
2011-05-17,1490.0,1497.5,1471.1,1480.0,190080.0
2011-05-18,1486.5,1499.7,1484.6,1495.8,145020.0
2011-05-19,1495.5,1499.6,1485.8,1492.4,162310.0
2011-05-20,1493.5,1515.8,1486.4,1508.9,194400.0
2011-05-23,1512.8,1519.0,1503.7,1515.4,191250.0
2011-05-24,1517.2,1529.0,1513.2,1523.3,234390.0
2011-05-25,1526.2,1532.5,1521.3,1526.7,194950.0
2011-05-26,1526.0,1531.1,1514.6,1522.8,186990.0
2011-05-27,1520.2,1539.5,1520.0,1537.3,138120.0
2011-05-30,1538.1,1541.9,1533.1,1536.8,114700.0
2011-06-01,1536.6,1551.6,1530.4,1543.2,153610.0
2011-06-02,1542.2,1545.5,1520.4,1532.7,151690.0
2011-06-03,1535.0,1548.4,1524.9,1542.4,153260.0
2011-06-06,1544.5,1555.0,1541.6,1547.2,100190.0
2011-06-07,1545.0,1551.4,1537.0,1544.0,113970.0
2011-06-08,1545.0,1547.4,1531.8,1538.7,111690.0
2011-06-09,1538.3,1550.8,1534.0,1542.7,108430.0
2011-06-10,1545.1,1546.5,1526.7,1529.2,129479.99999999999
2011-06-13,1530.7,1533.9,1511.4,1515.6,117010.0
2011-06-14,1516.5,1527.6,1512.8,1524.4,115380.0
2011-06-15,1525.1,1535.7,1514.5,1526.2,152880.0
2011-06-16,1531.0,1534.0,1522.0,1529.9,113360.0
2011-06-17,1529.1,1543.0,1523.2,1539.1,119740.0
2011-06-20,1541.3,1548.2,1533.6,1542.0,95170.0
2011-06-21,1541.1,1549.0,1539.3,1546.4,95540.0
2011-06-22,1547.9,1559.3,1542.0,1553.4,140560.0
2011-06-23,1548.5,1549.6,1511.5,1520.5,238420.0
2011-06-24,1522.7,1526.5,1498.5,1500.9,182170.0
2011-06-27,1500.9,1506.1,1490.8,1496.4,128940.0
2011-06-28,1496.8,1507.0,1495.5,1500.2,101390.0
2011-06-29,1502.5,1513.8,1500.8,1510.4,101480.0
2011-06-30,1512.3,1514.8,1499.1,1502.8,134200.0
2011-07-01,1501.5,1503.0,1478.3,1482.6,145350.0
2011-07-04,1486.8,1518.0,1486.2,1512.7,137180.0
2011-07-06,1516.2,1534.5,1510.3,1529.2,142650.0
2011-07-07,1529.7,1534.9,1522.2,1530.6,117620.0
2011-07-08,1532.5,1546.0,1525.0,1541.6,159730.0
2011-07-11,1545.0,1557.6,1542.1,1549.2,147080.0
2011-07-12,1554.8,1574.3,1541.1,1562.3,176610.0
2011-07-13,1568.0,1588.9,1564.6,1585.5,210280.0
2011-07-14,1584.2,1594.9,1579.4,1589.3,189980.0
2011-07-15,1587.6,1594.5,1576.0,1590.1,123380.0
2011-07-18,1594.3,1607.9,1591.4,1602.4,139690.0
2011-07-19,1606.1,1610.7,1582.7,1601.1,194070.0
2011-07-20,1587.7,1602.6,1581.1,1596.9,153920.0
2011-07-21,1601.9,1605.0,1584.9,1587.0,189180.0
2011-07-22,1589.7,1607.7,1583.2,1601.5,158420.0
2011-07-25,1607.9,1624.3,1603.8,1612.2,209060.0
2011-07-26,1614.8,1620.8,1607.8,1616.8,211470.0
2011-07-27,1619.8,1628.8,1608.9,1615.1,232220.0
2011-07-28,1616.2,1622.8,1605.0,1616.2,164000.0
2011-07-29,1619.5,1637.5,1613.0,1631.2,153050.0
2011-08-01,1622.2,1634.5,1608.2,1621.7,156240.0
2011-08-02,1622.6,1664.5,1618.8,1644.5,173570.0
2011-08-03,1662.5,1675.9,1654.4,1666.3,204440.0
2011-08-04,1662.9,1684.9,1642.2,1659.0,310250.0
2011-08-05,1649.7,1673.0,1644.2,1651.8,218360.0
2011-08-08,1681.7,1723.4,1681.7,1713.2,278270.0
2011-08-09,1719.9,1782.5,1717.7,1743.0,398590.0
2011-08-10,1747.4,1801.0,1740.2,1784.3,296970.0
2011-08-11,1798.0,1817.6,1734.5,1751.5,347100.0
2011-08-12,1767.5,1770.9,1725.8,1742.6,210580.0
2011-08-15,1747.1,1769.3,1730.8,1758.0,127710.0
2011-08-16,1768.5,1790.0,1763.6,1785.0,168060.0
2011-08-17,1788.5,1797.6,1781.6,1793.8,137240.0
2011-08-18,1792.2,1832.0,1786.8,1822.0,223990.0
2011-08-19,1827.1,1881.4,1824.5,1852.2,281310.0
2011-08-22,1862.9,1904.0,1858.0,1891.9,253910.0
2011-08-23,1900.2,1917.9,1826.0,1861.3,366700.0
2011-08-24,1831.5,1856.8,1751.6,1757.3,440830.0
2011-08-25,1753.0,1777.5,1705.4,1763.2,384690.0
2011-08-26,1776.4,1832.5,1759.5,1797.3,265240.0
2011-08-29,1840.0,1841.5,1778.1,1791.6,186020.0
2011-08-30,1791.3,1845.1,1786.2,1829.8,184590.0
2011-08-31,1837.6,1842.7,1813.6,1831.7,165620.0
2011-09-01,1826.2,1833.6,1815.5,1829.1,138080.0
2011-09-02,1827.9,1887.4,1826.9,1876.9,180280.0
2011-09-05,1879.9,1923.7,1861.8,1873.3,414590.0
2011-09-07,1876.0,1883.2,1793.8,1817.6,316260.0
2011-09-08,1819.5,1873.3,1816.2,1857.5,218500.0
2011-09-09,1871.9,1889.1,1825.5,1859.5,274000.0
2011-09-12,1862.2,1865.2,1804.0,1813.3,226770.0
2011-09-13,1816.8,1847.5,1794.8,1830.1,186090.0
2011-09-14,1837.3,1848.2,1811.5,1826.5,172650.0
2011-09-15,1824.0,1829.7,1775.0,1781.4,237740.0
2011-09-16,1790.5,1825.0,1765.4,1814.7,190160.0
2011-09-19,1820.0,1832.9,1771.0,1778.9,189060.0
2011-09-20,1780.9,1814.3,1772.0,1809.1,174850.0
2011-09-21,1806.0,1819.4,1781.0,1808.1,190870.0
2011-09-22,1782.3,1789.0,1723.2,1741.7,278040.0
2011-09-23,1739.0,1757.9,1631.7,1639.8,359500.0
2011-09-26,1660.0,1666.3,1535.0,1594.8,373460.0
2011-09-27,1629.2,1679.2,1616.8,1652.5,228890.0
2011-09-28,1653.1,1672.0,1600.5,1618.1,218350.0
2011-09-29,1609.3,1637.9,1585.0,1617.3,193520.0
2011-09-30,1618.3,1642.5,1607.8,1622.3,152880.0
2011-10-03,1625.1,1667.0,1620.0,1657.7,141400.0
2011-10-04,1662.5,1681.5,1597.6,1616.0,200940.0
2011-10-05,1626.8,1648.9,1596.6,1641.6,154700.0
2011-10-06,1643.5,1657.0,1633.2,1653.2,124280.0
2011-10-07,1653.4,1668.0,1627.6,1635.8,129500.0
2011-10-10,1640.5,1679.7,1639.9,1670.8,92090.0
2011-10-11,1678.3,1686.7,1655.4,1661.0,110060.0
2011-10-12,1664.7,1693.9,1662.0,1682.6,112770.0
2011-10-13,1677.3,1686.1,1654.3,1668.5,115590.0
2011-10-14,1669.0,1685.5,1662.5,1683.0,95600.0
2011-10-17,1683.8,1696.8,1665.4,1676.6,114500.0
2011-10-18,1672.5,1678.2,1628.2,1652.8,195660.0
2011-10-19,1656.4,1666.9,1641.1,1647.0,118150.0
2011-10-20,1645.3,1646.5,1604.7,1612.9,188360.0
2011-10-21,1620.9,1649.8,1612.8,1636.1,127050.0
2011-10-24,1643.0,1663.3,1636.6,1652.3,110140.0
2011-10-25,1654.1,1710.7,1644.6,1700.4,195640.0
2011-10-26,1707.1,1728.0,1696.5,1723.5,151510.0
2011-10-27,1726.9,1751.3,1707.2,1747.7,156350.0
2011-10-28,1746.2,1754.0,1733.0,1747.2,107440.0
2011-10-31,1743.1,1746.5,1705.5,1725.2,122240.0
2011-11-01,1715.7,1725.6,1681.2,1711.8,174290.0
2011-11-02,1721.5,1745.6,1715.5,1729.6,148070.0
2011-11-03,1738.9,1769.5,1724.0,1765.1,162550.0
2011-11-04,1766.5,1766.5,1749.8,1756.1,88470.0
2011-11-07,1756.1,1799.9,1754.0,1791.1,150460.0
2011-11-08,1795.8,1804.4,1778.3,1799.2,133690.0
2011-11-09,1787.4,1801.1,1765.1,1791.6,161800.0
2011-11-10,1771.0,1776.9,1736.6,1759.6,172530.0
2011-11-11,1759.6,1791.1,1745.0,1788.1,106880.0
2011-11-14,1789.4,1797.6,1774.2,1778.4,87590.0
2011-11-15,1782.0,1787.8,1760.9,1782.2,132680.0
2011-11-16,1782.3,1784.8,1753.9,1774.3,172660.0
2011-11-17,1764.7,1768.0,1711.0,1720.2,229940.0
2011-11-18,1721.5,1738.5,1711.4,1725.1,147930.0
2011-11-21,1725.1,1727.4,1667.1,1678.6,209400.0
2011-11-22,1678.5,1706.4,1667.5,1702.4,182850.0
2011-11-23,1699.9,1710.8,1677.1,1695.9,173330.0
2011-11-24,1693.4,1702.7,1672.6,1685.7,139440.0
2011-11-28,1685.4,1722.4,1684.0,1710.8,175530.0
2011-11-29,1715.3,1724.1,1707.2,1718.9,158260.0
2011-11-30,1722.7,1754.7,1704.3,1750.3,187240.0
2011-12-01,1752.5,1758.0,1737.2,1739.8,113560.0
2011-12-02,1748.5,1767.1,1741.7,1751.3,107010.0
2011-12-05,1751.0,1758.8,1721.1,1734.5,117520.0
2011-12-06,1727.2,1736.9,1705.7,1731.8,133430.0
2011-12-07,1733.0,1747.0,1723.6,1744.8,105730.0
2011-12-08,1746.8,1760.5,1707.8,1713.4,173370.0
2011-12-09,1708.9,1727.9,1704.9,1716.8,105580.0
2011-12-12,1716.8,1718.6,1660.3,1668.2,165100.0
2011-12-13,1668.0,1681.7,1625.5,1663.1,182890.0
2011-12-14,1631.6,1645.8,1565.7,1586.9,283560.0
2011-12-15,1580.0,1596.5,1562.5,1577.2,189920.0
2011-12-16,1573.3,1603.5,1572.1,1597.9,137430.0
2011-12-19,1603.5,1611.5,1585.5,1596.7,121280.0
2011-12-20,1595.5,1620.8,1594.1,1617.6,101150.0
2011-12-21,1617.2,1643.7,1607.7,1613.6,125150.0
2011-12-22,1617.1,1618.6,1599.1,1610.6,96550.0
2011-12-23,1607.8,1615.6,1604.0,1606.0,40680.0
2011-12-27,1609.2,1609.2,1591.1,1595.5,46350.0
2011-12-28,1593.9,1595.0,1550.9,1564.1,114260.0
2011-12-29,1557.1,1562.8,1523.9,1540.9,132780.0
2011-12-30,1547.3,1582.8,1546.2,1566.8,94320.0
2012-01-03,1571.0,1608.7,1566.8,1600.5,112940.0
2012-01-04,1604.9,1619.8,1593.8,1612.7,154220.0
2012-01-05,1614.4,1626.8,1597.7,1620.1,176470.0
2012-01-06,1622.4,1632.3,1609.0,1616.8,155210.0
2012-01-09,1617.7,1624.6,1605.7,1608.1,134390.0
2012-01-10,1612.3,1641.4,1609.2,1631.5,168410.0
2012-01-11,1632.4,1648.0,1630.8,1639.6,144550.0
2012-01-12,1643.5,1662.9,1640.9,1647.7,146830.0
2012-01-13,1649.8,1650.7,1625.7,1630.8,177530.0
2012-01-16,1635.8,1668.0,1631.9,1655.6,193660.0
2012-01-18,1651.5,1662.9,1642.1,1659.9,157220.0
2012-01-19,1660.7,1670.6,1649.2,1654.5,130750.0
2012-01-20,1657.0,1667.3,1645.2,1664.0,127010.0
2012-01-23,1665.2,1681.8,1663.0,1678.3,131460.0
2012-01-24,1677.1,1680.0,1661.0,1664.5,137340.0
2012-01-25,1666.5,1713.2,1649.2,1700.1,240480.0
2012-01-26,1710.9,1731.5,1703.0,1726.7,226660.0
2012-01-27,1720.7,1739.8,1714.2,1732.2,175020.0
2012-01-30,1739.6,1742.8,1718.8,1734.4,133370.0
2012-01-31,1734.4,1750.6,1727.0,1740.4,157880.0
2012-02-01,1739.8,1754.0,1735.4,1749.5,124540.0
2012-02-02,1747.3,1764.0,1743.3,1759.3,142030.0
2012-02-03,1761.7,1765.9,1726.2,1740.3,191910.0
2012-02-06,1731.0,1740.9,1714.0,1724.9,137270.0
2012-02-07,1722.5,1752.6,1712.6,1748.4,161620.0
2012-02-08,1747.7,1754.8,1726.0,1731.3,151080.0
2012-02-09,1734.4,1755.5,1728.1,1741.2,163240.0
2012-02-10,1731.1,1737.2,1706.4,1725.3,178130.0
2012-02-13,1727.4,1735.4,1717.7,1724.9,103510.0
2012-02-14,1724.0,1729.9,1713.8,1717.7,148110.0
2012-02-15,1723.0,1739.2,1720.3,1728.1,140860.0
2012-02-16,1730.1,1731.6,1706.7,1728.4,166950.0
2012-02-17,1730.4,1737.5,1718.6,1725.9,116800.0
2012-02-20,1728.4,1761.9,1727.0,1758.5,202410.0
2012-02-22,1761.4,1783.4,1750.7,1771.3,176270.0
2012-02-23,1778.3,1789.5,1773.3,1786.3,153930.0
2012-02-24,1782.0,1784.4,1771.3,1776.4,139750.0
2012-02-27,1776.8,1781.0,1762.6,1774.9,132500.0
2012-02-28,1770.2,1792.7,1767.0,1788.4,158910.0
2012-02-29,1786.2,1792.3,1688.4,1711.3,343490.0
2012-03-01,1695.6,1727.3,1695.1,1722.2,239500.0
2012-03-02,1719.7,1725.4,1705.4,1709.8,147090.0
2012-03-05,1712.4,1718.0,1694.4,1703.9,158940.0
2012-03-06,1707.4,1709.8,1663.4,1672.1,237110.0
2012-03-07,1675.0,1688.7,1671.7,1683.9,157560.0
2012-03-08,1685.7,1704.8,1683.6,1698.7,156220.0
2012-03-09,1700.5,1716.5,1677.0,1711.5,206570.0
2012-03-12,1715.0,1717.4,1692.5,1699.8,152100.0
2012-03-13,1700.8,1706.2,1662.1,1694.2,209910.0
2012-03-14,1675.2,1682.8,1634.7,1642.9,279270.0
2012-03-15,1643.2,1667.4,1636.2,1659.5,180720.0
2012-03-16,1657.8,1664.9,1639.7,1655.8,160610.0
2012-03-19,1659.0,1670.1,1652.3,1667.3,135040.0
2012-03-20,1664.6,1664.9,1641.2,1647.0,154430.0
2012-03-21,1650.8,1661.9,1646.3,1650.3,139650.0
2012-03-22,1649.6,1656.6,1627.5,1642.5,175720.0
2012-03-23,1644.1,1666.3,1641.5,1662.4,144590.0
2012-03-26,1662.2,1693.4,1655.1,1685.6,195610.0
2012-03-27,1690.2,1696.9,1678.6,1684.9,175340.0
2012-03-28,1679.3,1684.5,1654.0,1657.9,193110.0
2012-03-29,1664.6,1666.9,1646.7,1654.9,163880.0
2012-03-30,1663.2,1672.7,1661.2,1671.9,111160.0
2012-04-02,1671.5,1685.4,1664.4,1679.7,110020.0
2012-04-03,1678.6,1682.7,1640.2,1672.0,156000.0
2012-04-04,1645.8,1649.5,1613.0,1614.1,201940.0
2012-04-05,1622.0,1634.8,1620.7,1630.1,128050.00000000001
2012-04-09,1641.0,1649.9,1636.7,1643.9,83340.0
2012-04-10,1643.0,1664.8,1632.5,1660.7,177500.0
2012-04-11,1660.7,1663.9,1653.5,1660.3,102790.0
2012-04-12,1660.3,1681.3,1651.0,1680.6,141530.0
2012-04-13,1676.6,1679.2,1649.7,1660.2,127470.0
2012-04-16,1658.7,1659.6,1642.0,1649.7,114470.0
2012-04-17,1653.7,1658.4,1635.2,1651.1,142000.0
2012-04-18,1650.8,1655.2,1638.1,1639.6,106990.0
2012-04-19,1643.0,1654.9,1631.2,1641.4,161300.0
2012-04-20,1643.2,1648.2,1638.6,1642.8,87030.0
2012-04-23,1642.8,1644.2,1623.6,1632.6,125010.0
2012-04-24,1639.6,1650.1,1634.6,1643.8,107790.0
2012-04-25,1642.2,1647.6,1625.0,1642.3,166070.0
2012-04-26,1644.5,1662.0,1642.5,1660.5,130310.0
2012-04-27,1657.3,1668.4,1651.1,1664.8,97630.0
2012-04-30,1663.0,1667.0,1645.1,1664.2,115410.0
2012-05-01,1666.1,1672.3,1657.5,1662.4,105170.0
2012-05-02,1663.0,1663.9,1646.0,1654.0,129800.00000000001
2012-05-03,1654.0,1654.3,1631.3,1634.8,151920.0
2012-05-04,1636.4,1648.0,1626.8,1645.2,144960.0
2012-05-07,1643.3,1644.0,1632.2,1639.1,91450.0
2012-05-08,1638.9,1639.5,1595.5,1604.5,218710.0
2012-05-09,1605.9,1607.0,1578.5,1594.2,210610.0
2012-05-10,1589.7,1602.2,1585.0,1595.5,138240.0
2012-05-11,1593.5,1595.2,1572.0,1584.0,151010.0
2012-05-14,1585.5,1585.8,1555.0,1561.0,162290.0
2012-05-15,1557.2,1564.4,1541.2,1557.1,159330.0
2012-05-16,1544.9,1552.2,1526.7,1536.6,252560.0
2012-05-17,1538.6,1579.8,1538.4,1574.9,211540.0
2012-05-18,1574.5,1597.5,1567.8,1591.9,176040.0
2012-05-21,1590.2,1599.0,1584.5,1588.7,140540.0
2012-05-22,1593.0,1594.4,1561.0,1576.6,175860.0
2012-05-23,1567.4,1568.5,1532.8,1548.4,259190.0
2012-05-24,1560.8,1577.7,1551.0,1557.5,197530.0
2012-05-25,1557.6,1573.7,1550.7,1568.9,157340.0
2012-05-28,1573.6,1583.5,1545.7,1548.7,259050.0
2012-05-30,1555.8,1571.0,1532.1,1565.7,273700.0
2012-05-31,1564.1,1574.6,1553.0,1564.2,177330.0
2012-06-01,1561.8,1632.0,1545.5,1622.1,307040.0
2012-06-04,1626.8,1629.7,1610.0,1613.9,135240.0
2012-06-05,1619.9,1624.8,1612.5,1616.9,96220.0
2012-06-06,1618.5,1642.4,1614.4,1634.2,184610.0
2012-06-07,1621.4,1630.7,1579.4,1588.0,254780.0
2012-06-08,1590.3,1596.3,1556.4,1591.4,158610.0
2012-06-11,1602.8,1609.3,1582.7,1596.8,116640.0
2012-06-12,1597.6,1618.9,1586.4,1613.8,149670.0
2012-06-13,1611.1,1626.0,1607.0,1619.4,128380.0
2012-06-14,1619.0,1629.0,1610.4,1619.6,153140.0
2012-06-15,1624.0,1635.4,1620.4,1628.1,130139.99999999999
2012-06-18,1630.0,1631.3,1606.9,1627.0,120680.0
2012-06-19,1627.3,1634.3,1618.1,1623.2,124750.0
2012-06-20,1619.3,1623.6,1590.5,1615.8,210740.0
2012-06-21,1607.7,1608.2,1564.8,1565.5,214300.0
2012-06-22,1565.7,1574.1,1558.6,1566.9,120470.0
2012-06-25,1572.6,1589.0,1566.9,1588.4,114460.0
2012-06-26,1588.4,1588.4,1568.2,1574.9,103440.0
2012-06-27,1572.6,1584.6,1563.1,1578.4,115530.0
2012-06-28,1574.6,1579.6,1547.6,1550.4,139960.0
2012-06-29,1551.8,1607.8,1551.3,1604.2,190840.0
2012-07-02,1599.6,1603.6,1587.4,1597.7,98940.0
2012-07-03,1597.5,1625.7,1595.3,1621.8,112150.0
2012-07-04,1617.6,1624.5,1597.5,1609.4,172550.0
2012-07-06,1605.2,1610.6,1576.4,1578.9,161740.0
2012-07-09,1582.4,1593.1,1576.0,1589.1,98070.0
2012-07-10,1589.1,1602.0,1564.4,1579.8,151160.0
2012-07-11,1565.8,1583.4,1565.5,1575.7,140490.0
2012-07-12,1576.3,1577.9,1554.4,1565.3,171190.0
2012-07-13,1571.2,1596.5,1565.6,1592.0,129990.00000000001
2012-07-16,1591.5,1594.6,1577.2,1591.6,101750.0
2012-07-17,1588.6,1598.8,1571.0,1589.5,141890.0
2012-07-18,1583.0,1585.7,1567.2,1570.8,133070.0
2012-07-19,1573.0,1591.5,1572.1,1580.4,134870.0
2012-07-20,1581.0,1586.7,1572.6,1582.8,122590.0
2012-07-23,1581.6,1582.4,1562.0,1577.4,141480.0
2012-07-24,1575.9,1584.0,1567.8,1576.2,158540.0
2012-07-25,1580.2,1610.0,1577.9,1608.1,212740.0
2012-07-26,1604.5,1621.5,1600.2,1615.1,188620.0
2012-07-27,1614.6,1628.6,1610.7,1618.0,197980.0
2012-07-30,1627.5,1630.0,1617.6,1624.0,111650.0
2012-07-31,1625.6,1631.6,1614.2,1614.6,124770.0
2012-08-01,1617.5,1621.8,1595.0,1607.3,156110.0
2012-08-02,1602.8,1618.8,1586.3,1590.7,158560.0
2012-08-03,1592.3,1609.9,1588.5,1609.3,126860.0
2012-08-06,1607.7,1618.4,1605.3,1616.2,79350.0
2012-08-07,1614.5,1621.3,1611.0,1612.8,86450.0
2012-08-08,1614.7,1619.5,1605.9,1616.0,84410.0
2012-08-09,1615.1,1621.0,1612.2,1620.2,69240.0
2012-08-10,1620.2,1629.7,1606.6,1622.8,112190.0
2012-08-13,1624.7,1628.2,1609.7,1612.6,96670.0
2012-08-14,1612.6,1618.9,1593.6,1602.4,118540.0
2012-08-15,1601.2,1608.8,1592.1,1606.6,101680.0
2012-08-16,1605.8,1622.0,1603.0,1619.2,107460.0
2012-08-17,1616.7,1623.0,1613.3,1619.4,77290.0
2012-08-20,1618.5,1624.7,1611.8,1623.0,69470.0
2012-08-21,1623.1,1643.6,1620.8,1642.9,128720.0
2012-08-22,1640.2,1658.2,1636.3,1640.5,138500.0
2012-08-23,1654.5,1677.5,1654.5,1672.8,157050.0
2012-08-24,1672.6,1676.3,1665.1,1672.9,102660.0
2012-08-27,1673.2,1679.3,1665.5,1675.6,76960.0
2012-08-28,1666.0,1674.9,1659.1,1669.7,105050.0
2012-08-29,1668.8,1672.5,1654.4,1663.0,112440.0
2012-08-30,1658.7,1666.7,1652.3,1657.1,96790.0
2012-08-31,1657.8,1695.5,1647.1,1687.6,195810.0
2012-09-03,1693.4,1701.6,1687.6,1696.0,179170.0
2012-09-05,1697.6,1698.4,1689.6,1694.0,101570.0
2012-09-06,1695.7,1716.9,1693.7,1705.6,176800.0
2012-09-07,1703.7,1745.4,1691.3,1740.5,216530.0
2012-09-10,1738.0,1742.3,1727.0,1731.8,111150.0
2012-09-11,1728.7,1740.5,1728.0,1734.9,109350.0
2012-09-12,1734.5,1749.5,1727.3,1733.7,182990.0
2012-09-13,1733.1,1775.0,1720.0,1772.1,260339.99999999997
2012-09-14,1769.4,1780.2,1767.7,1772.7,195520.0
2012-09-17,1773.5,1778.9,1756.2,1770.6,118560.0
2012-09-18,1764.2,1775.9,1753.2,1771.2,163630.0
2012-09-19,1773.4,1781.8,1764.2,1771.7,162960.0
2012-09-20,1772.4,1774.9,1757.7,1770.2,144570.0
2012-09-21,1770.2,1790.0,1769.1,1778.0,185290.0
2012-09-24,1774.7,1775.3,1757.9,1764.6,159190.0
2012-09-25,1766.2,1777.9,1761.0,1766.4,157680.0
2012-09-26,1762.7,1768.4,1738.3,1753.6,196370.0
2012-09-27,1756.3,1782.9,1753.2,1780.5,181480.0
2012-09-28,1780.0,1785.9,1769.5,1773.9,156930.0
2012-10-01,1773.7,1794.4,1765.7,1783.3,190610.0
2012-10-02,1780.0,1786.6,1772.3,1775.6,119800.0
2012-10-03,1776.2,1784.0,1773.0,1779.8,119090.0
2012-10-04,1780.0,1797.7,1779.9,1796.5,161990.0
2012-10-05,1792.6,1798.1,1774.5,1780.8,158450.0
2012-10-08,1782.0,1782.5,1768.2,1775.7,95900.0
2012-10-09,1777.8,1781.6,1762.0,1765.0,140490.0
2012-10-10,1766.0,1770.0,1758.5,1765.1,129539.99999999999
2012-10-11,1764.9,1776.6,1760.2,1770.6,117570.0
2012-10-12,1769.7,1775.0,1753.5,1759.7,130389.99999999999
2012-10-15,1755.2,1755.5,1729.7,1737.6,172770.0
2012-10-16,1738.0,1749.6,1736.1,1746.3,105630.0
2012-10-17,1750.0,1755.0,1744.0,1753.0,112840.0
2012-10-18,1750.9,1753.4,1739.0,1744.7,106130.0
2012-10-19,1742.4,1744.7,1716.0,1724.0,158720.0
2012-10-22,1722.7,1730.8,1714.4,1726.3,108140.0
2012-10-23,1729.8,1731.2,1704.6,1709.4,153970.0
2012-10-24,1709.0,1715.2,1698.7,1701.6,140580.0
2012-10-25,1702.8,1718.9,1702.3,1713.0,141160.0
2012-10-26,1712.1,1719.9,1701.4,1711.9,126510.0
2012-10-29,1712.2,1717.8,1706.2,1708.7,57610.0
2012-10-30,1710.3,1715.7,1705.2,1712.1,57250.0
2012-10-31,1710.3,1726.6,1709.8,1719.1,120010.0
2012-11-01,1720.4,1727.5,1713.8,1715.5,121500.0
2012-11-02,1715.6,1717.2,1674.8,1675.2,223440.0
2012-11-05,1676.7,1686.2,1672.5,1683.2,120550.0
2012-11-06,1685.4,1720.9,1683.5,1715.0,187220.0
2012-11-07,1715.8,1733.0,1703.0,1714.0,265680.0
2012-11-08,1717.9,1735.1,1712.6,1726.0,165870.0
2012-11-09,1731.5,1739.4,1726.9,1730.9,148670.0
2012-11-12,1731.8,1738.0,1725.2,1730.9,107180.0
2012-11-13,1729.0,1733.3,1717.6,1724.8,142500.0
2012-11-14,1725.3,1734.1,1720.5,1730.1,143230.0
2012-11-15,1727.2,1727.9,1704.5,1713.8,181710.0
2012-11-16,1715.5,1717.2,1705.6,1714.7,136950.0
2012-11-19,1714.4,1735.5,1713.4,1734.4,125530.0
2012-11-20,1731.5,1736.0,1721.8,1723.6,128070.0
2012-11-21,1727.8,1732.0,1718.4,1728.2,129039.99999999999
2012-11-22,1729.1,1755.0,1727.6,1751.4,165900.0
2012-11-26,1751.5,1752.3,1746.0,1749.6,165970.0
2012-11-27,1749.3,1751.9,1740.4,1742.3,198870.0
2012-11-28,1741.5,1743.1,1705.5,1716.5,276140.0
2012-11-29,1722.4,1731.2,1720.1,1729.5,178270.0
2012-11-30,1728.3,1733.7,1710.2,1712.7,142070.0
2012-12-03,1715.5,1724.9,1714.2,1721.1,104840.0
2012-12-04,1717.7,1719.2,1692.6,1695.8,197020.0
2012-12-05,1697.7,1708.3,1686.0,1693.8,157790.0
2012-12-06,1695.7,1704.8,1687.1,1701.8,145850.0
2012-12-07,1701.3,1706.9,1684.1,1705.5,145930.0
2012-12-10,1705.4,1718.8,1703.3,1714.4,84330.0
2012-12-11,1713.9,1715.8,1706.0,1709.6,81040.0
2012-12-12,1712.0,1725.0,1708.5,1717.9,167090.0
2012-12-13,1712.8,1712.8,1690.7,1696.8,171360.0
2012-12-14,1699.6,1701.9,1694.0,1697.0,85240.0
2012-12-17,1698.4,1701.0,1687.5,1698.2,93930.0
2012-12-18,1699.1,1704.4,1662.0,1670.7,180400.0
2012-12-19,1671.7,1677.8,1664.2,1667.7,157440.0
2012-12-20,1667.9,1672.8,1636.0,1645.9,189980.0
2012-12-21,1648.5,1660.5,1636.3,1660.1,136090.0
2012-12-24,1658.0,1666.5,1652.7,1659.5,44010.0
2012-12-26,1657.4,1668.7,1650.6,1660.7,52720.0
2012-12-27,1659.8,1666.1,1653.1,1663.7,95880.0
2012-12-28,1664.0,1667.0,1654.1,1655.9,75140.0
2012-12-31,1655.9,1681.0,1655.9,1675.8,85220.0
2013-01-02,1676.4,1695.4,1670.9,1688.8,132830.0
2013-01-03,1686.2,1690.5,1661.2,1674.6,143790.0
2013-01-04,1663.8,1664.5,1626.0,1648.9,252730.0
2013-01-07,1656.3,1663.0,1642.6,1646.3,140820.0
2013-01-08,1647.6,1662.7,1646.8,1662.2,146840.0
2013-01-09,1659.9,1666.0,1651.3,1655.5,131710.0
2013-01-10,1658.0,1678.8,1653.8,1678.0,159320.0
2013-01-11,1674.1,1676.9,1653.1,1660.6,176080.0
2013-01-14,1659.5,1674.8,1659.5,1669.4,126860.0
2013-01-15,1667.8,1684.9,1666.2,1683.9,149770.0
2013-01-16,1679.7,1684.7,1673.0,1683.2,137530.0
2013-01-17,1680.5,1697.8,1666.4,1690.8,202940.0
2013-01-18,1687.4,1695.1,1683.3,1687.0,115540.0
2013-01-21,1686.5,1695.9,1684.8,1693.2,165130.0
2013-01-23,1691.7,1694.8,1683.1,1686.7,141430.0
2013-01-24,1683.8,1685.8,1664.2,1669.9,179960.0
2013-01-25,1667.0,1671.6,1655.0,1656.6,162110.0
2013-01-28,1657.9,1661.6,1651.0,1652.9,184380.0
2013-01-29,1653.9,1665.0,1653.5,1660.8,145860.0
2013-01-30,1664.1,1685.0,1663.5,1681.6,183220.0
2013-01-31,1677.0,1681.7,1658.4,1662.0,159620.0
2013-02-01,1665.2,1683.0,1660.6,1670.6,177050.0
2013-02-04,1669.1,1678.6,1661.8,1676.4,112530.0
2013-02-05,1675.5,1687.0,1667.2,1673.5,154150.0
2013-02-06,1673.4,1680.5,1668.8,1678.8,97160.0
2013-02-07,1678.0,1683.9,1663.4,1671.3,183510.0
2013-02-08,1671.8,1674.3,1665.8,1666.9,94740.0
2013-02-11,1667.9,1670.3,1644.1,1649.1,161670.0
2013-02-12,1648.6,1653.8,1639.5,1649.6,137080.0
2013-02-13,1652.5,1655.0,1640.5,1645.1,130850.0
2013-02-14,1642.5,1650.0,1632.8,1635.5,174430.0
2013-02-15,1634.2,1636.0,1596.7,1609.5,258380.0
2013-02-18,1610.0,1618.8,1600.2,1604.2,220230.0
2013-02-20,1604.2,1609.2,1558.1,1578.0,260410.00000000003
2013-02-21,1564.8,1584.4,1554.3,1578.6,223530.0
2013-02-22,1577.0,1587.0,1569.3,1572.8,142210.0
2013-02-25,1579.7,1596.5,1574.7,1586.6,164110.0
2013-02-26,1592.7,1619.7,1583.7,1615.5,254860.0
2013-02-27,1613.6,1614.4,1591.4,1595.7,172160.0
2013-02-28,1596.3,1602.5,1574.3,1578.1,190160.0
2013-03-01,1578.5,1586.9,1564.0,1572.3,193690.0
2013-03-04,1578.0,1584.3,1568.7,1572.4,122910.0
2013-03-05,1574.2,1585.8,1571.1,1574.9,146720.0
2013-03-06,1574.9,1584.3,1566.4,1574.9,169870.0
2013-03-07,1583.8,1584.9,1574.0,1575.1,141570.0
2013-03-08,1577.4,1583.1,1560.4,1576.9,213960.0
2013-03-11,1578.3,1582.5,1574.5,1578.0,101210.0
2013-03-12,1580.4,1597.6,1578.8,1591.7,150410.0
2013-03-13,1592.0,1598.8,1584.4,1588.4,141800.0
2013-03-14,1586.7,1592.2,1575.2,1590.7,144160.0
2013-03-15,1589.4,1597.9,1587.3,1592.6,98990.0
2013-03-18,1597.0,1610.4,1589.6,1604.6,176070.0
2013-03-19,1603.7,1615.0,1599.0,1611.3,165890.0
2013-03-20,1611.9,1613.9,1599.6,1607.5,127570.0
2013-03-21,1605.7,1616.5,1603.6,1613.8,130590.0
2013-03-22,1614.0,1615.3,1602.6,1606.1,138730.0
2013-03-25,1608.8,1612.8,1588.4,1604.5,234090.0
2013-03-26,1604.5,1605.0,1593.4,1595.7,165480.0
2013-03-27,1601.0,1609.0,1591.9,1607.2,179890.0
2013-03-28,1605.6,1608.3,1594.3,1595.7,123530.0
2013-04-01,1598.1,1601.6,1595.2,1600.9,62180.0
2013-04-02,1600.1,1604.3,1574.0,1575.9,165690.0
2013-04-03,1576.4,1577.3,1549.7,1553.5,209510.0
2013-04-04,1557.7,1559.3,1539.4,1552.4,188530.0
2013-04-05,1554.0,1581.8,1549.0,1575.9,190800.0
2013-04-08,1580.8,1582.9,1566.6,1572.5,111700.0
2013-04-09,1572.4,1590.1,1570.0,1586.7,126550.0
2013-04-10,1585.0,1588.5,1555.3,1558.8,176370.0
2013-04-11,1559.0,1568.1,1553.0,1564.9,137760.0
2013-04-12,1560.3,1564.2,1476.0,1501.4,374340.0
2013-04-15,1481.0,1495.0,1335.1,1361.1,700340.0
2013-04-16,1355.0,1404.2,1321.5,1387.4,424780.0
2013-04-17,1371.4,1395.2,1365.0,1382.7,255300.0
2013-04-18,1376.1,1402.0,1335.6,1392.5,246910.0
2013-04-19,1393.0,1424.7,1385.4,1395.6,199700.0
2013-04-22,1408.3,1438.8,1403.5,1421.2,186680.0
2013-04-23,1425.4,1432.8,1404.0,1408.8,215910.0
2013-04-24,1412.5,1433.6,1411.5,1423.7,142300.0
2013-04-25,1430.3,1468.6,1426.3,1462.0,197320.0
2013-04-26,1467.3,1484.8,1447.3,1453.6,239660.0
2013-04-29,1466.2,1478.3,1461.6,1467.4,122510.0
2013-04-30,1476.6,1479.5,1460.5,1472.1,154100.0
2013-05-01,1475.6,1477.4,1439.7,1446.2,170190.0
2013-05-02,1457.0,1473.3,1448.1,1467.6,152830.0
2013-05-03,1466.2,1487.2,1455.4,1464.2,175030.0
2013-05-06,1470.0,1478.4,1463.8,1468.0,80800.0
2013-05-07,1469.1,1470.0,1440.4,1448.8,192500.0
2013-05-08,1451.6,1475.8,1446.7,1473.7,158960.0
2013-05-09,1473.0,1476.0,1452.1,1468.6,162470.0
2013-05-10,1457.5,1461.2,1418.5,1436.6,231400.0
2013-05-13,1447.7,1448.3,1424.7,1434.3,151010.0
2013-05-14,1429.5,1444.9,1419.7,1424.5,173070.0
2013-05-15,1424.5,1429.4,1386.4,1396.2,229800.0
2013-05-16,1392.5,1397.0,1368.0,1386.9,222530.0
2013-05-17,1385.2,1391.3,1353.6,1364.7,229040.0
2013-05-20,1361.3,1397.9,1336.3,1384.1,258370.0
2013-05-21,1392.4,1399.9,1358.0,1377.6,225020.0
2013-05-22,1374.5,1413.3,1353.1,1367.4,328640.0
2013-05-23,1367.9,1397.1,1355.0,1391.8,220700.0
2013-05-24,1389.9,1397.1,1381.1,1386.6,136510.0
2013-05-27,1386.3,1401.0,1372.1,1378.9,295010.0
2013-05-29,1379.9,1394.9,1379.1,1391.3,168670.0
2013-05-30,1392.9,1417.7,1388.4,1412.0,202830.0
2013-05-31,1412.9,1421.6,1384.2,1393.0,167850.0
2013-06-03,1388.8,1416.5,1388.3,1411.9,141770.0
2013-06-04,1411.2,1414.8,1388.1,1397.2,117530.0
2013-06-05,1398.8,1410.3,1395.1,1398.5,139660.0
2013-06-06,1401.8,1423.3,1391.2,1415.8,177140.0
2013-06-07,1412.7,1417.7,1377.1,1383.0,199050.0
2013-06-10,1383.0,1388.5,1375.1,1386.0,109060.0
2013-06-11,1385.9,1387.2,1364.5,1377.0,146060.0
2013-06-12,1377.7,1394.0,1372.2,1392.0,112200.0
2013-06-13,1387.4,1394.4,1373.0,1377.8,127780.0
2013-06-14,1384.8,1391.8,1377.8,1387.6,100910.0
2013-06-17,1390.1,1391.4,1379.8,1383.1,78350.0
2013-06-18,1384.3,1385.4,1360.2,1366.9,128780.0
2013-06-19,1367.3,1376.0,1348.3,1374.0,136470.0
2013-06-20,1351.2,1351.2,1275.4,1286.2,368870.0
2013-06-21,1277.6,1301.7,1268.7,1292.0,190150.0
2013-06-24,1296.3,1300.7,1275.1,1277.1,160330.0
2013-06-25,1281.7,1289.0,1270.7,1275.1,161800.0
2013-06-26,1277.0,1277.5,1221.0,1229.8,318400.0
2013-06-27,1225.5,1244.2,1196.1,1211.6,261390.0
2013-06-28,1199.5,1234.8,1179.4,1223.7,309350.0
2013-07-01,1232.9,1261.7,1224.1,1255.7,204050.0
2013-07-02,1252.7,1267.0,1238.8,1243.4,169740.0
2013-07-03,1241.9,1259.3,1236.0,1251.9,152850.0
2013-07-04,1252.7,1257.1,1206.9,1212.7,227040.0
2013-07-08,1221.1,1237.4,1214.4,1234.9,140570.0
2013-07-09,1235.2,1258.7,1232.0,1245.9,166680.0
2013-07-10,1249.1,1265.6,1242.2,1247.4,190150.0
2013-07-11,1265.7,1297.2,1262.1,1279.9,207150.0
2013-07-12,1284.9,1287.4,1266.4,1277.6,136400.0
2013-07-15,1283.9,1293.6,1272.5,1283.5,116680.0
2013-07-16,1281.6,1294.7,1275.6,1290.4,127630.0
2013-07-17,1291.2,1299.7,1269.3,1277.5,223430.0
2013-07-18,1274.4,1287.9,1273.3,1284.2,123910.0
2013-07-19,1282.4,1297.1,1281.4,1292.9,134150.0
2013-07-22,1296.2,1339.1,1295.4,1336.0,191740.0
2013-07-23,1334.3,1348.7,1325.6,1334.7,159440.0
2013-07-24,1347.5,1348.7,1312.7,1319.5,182160.0
2013-07-25,1321.2,1337.5,1308.4,1328.8,176490.0
2013-07-26,1333.3,1340.5,1311.9,1321.5,169770.0
2013-07-29,1333.6,1338.1,1322.6,1328.4,134360.0
2013-07-30,1328.2,1330.4,1317.0,1324.8,126110.0
2013-07-31,1326.4,1339.7,1305.3,1313.0,218790.0
2013-08-01,1323.4,1330.7,1306.6,1311.2,157370.0
2013-08-02,1307.7,1318.0,1282.4,1310.5,194680.0
2013-08-05,1312.2,1320.3,1296.7,1302.4,97860.0
2013-08-06,1303.3,1306.4,1278.1,1282.5,145490.0
2013-08-07,1281.2,1289.0,1271.8,1285.3,122050.0
2013-08-08,1285.9,1313.8,1282.0,1309.9,147830.0
2013-08-09,1311.4,1316.5,1304.1,1312.2,96810.0
2013-08-12,1313.5,1343.7,1313.5,1334.2,141630.0
2013-08-13,1336.0,1341.0,1317.8,1320.5,146210.0
2013-08-14,1320.3,1335.8,1315.1,1333.4,120610.0
2013-08-15,1335.8,1369.6,1317.9,1360.9,226650.0
2013-08-16,1365.6,1379.2,1357.0,1371.0,177730.0
2013-08-19,1377.1,1384.1,1362.0,1365.7,123420.0
2013-08-20,1364.9,1378.0,1351.6,1372.6,137480.0
2013-08-21,1371.0,1378.9,1359.2,1370.1,150240.0
2013-08-22,1365.6,1381.4,1354.5,1370.8,147580.0
2013-08-23,1376.1,1399.9,1367.8,1395.8,161580.0
2013-08-26,1399.0,1407.0,1388.4,1393.1,103040.0
2013-08-27,1404.8,1424.0,1395.2,1420.2,160390.0
2013-08-28,1416.1,1434.0,1413.2,1418.8,167020.0
2013-08-29,1418.2,1418.6,1402.1,1412.9,147100.0
2013-08-30,1396.1,1396.1,1396.1,1396.1,
2013-09-02,1394.0,1416.4,1373.6,1412.0,206000.0
2013-09-04,1411.6,1415.0,1384.6,1390.0,138420.0
2013-09-05,1391.2,1400.0,1364.7,1373.0,175230.0
2013-09-06,1366.7,1393.6,1358.8,1386.5,161530.0
2013-09-09,1391.1,1395.0,1381.9,1386.7,80510.0
2013-09-10,1387.1,1391.4,1357.6,1364.0,131860.0
2013-09-11,1364.2,1368.7,1356.0,1363.8,100130.0
2013-09-12,1366.1,1366.2,1320.4,1330.6,185080.0
2013-09-13,1322.7,1330.8,1304.6,1308.6,170250.0
2013-09-16,1333.5,1336.0,1302.7,1317.8,158190.0
2013-09-17,1313.6,1324.7,1305.8,1309.4,137000.0
2013-09-18,1309.5,1367.8,1291.5,1307.6,243780.0
2013-09-19,1365.0,1375.4,1358.5,1369.3,180030.0
2013-09-20,1366.2,1368.4,1324.9,1332.5,190860.0
2013-09-23,1327.0,1332.0,1313.4,1327.0,139640.0
2013-09-24,1321.5,1329.4,1305.5,1316.3,155020.0
2013-09-25,1323.5,1338.3,1316.6,1336.2,145960.0
2013-09-26,1333.1,1340.0,1319.2,1324.1,159100.0
2013-09-27,1323.7,1345.2,1320.0,1339.2,133970.0
2013-09-30,1343.5,1353.8,1322.0,1327.0,119080.0
2013-10-01,1328.2,1337.8,1282.4,1286.1,212830.0
2013-10-02,1287.5,1324.2,1276.9,1320.7,176120.0
2013-10-03,1316.5,1322.8,1302.0,1317.6,129120.0
2013-10-04,1317.4,1326.0,1305.1,1309.9,107570.0
2013-10-07,1312.3,1329.5,1307.9,1325.1,95950.0
2013-10-08,1323.0,1330.8,1315.4,1324.6,123180.0
2013-10-09,1319.6,1323.3,1294.6,1307.2,158400.0
2013-10-10,1307.0,1312.0,1281.0,1296.9,141170.0
2013-10-11,1286.4,1294.8,1259.6,1268.2,186260.0
2013-10-14,1275.5,1291.6,1268.4,1276.6,110180.0
2013-10-15,1273.6,1287.7,1251.0,1273.2,204030.0
2013-10-16,1281.4,1289.2,1268.6,1282.3,165640.0
2013-10-17,1281.4,1324.2,1273.7,1323.0,216150.0
2013-10-18,1318.8,1328.9,1311.2,1314.6,104100.0
2013-10-21,1316.0,1323.9,1312.0,1315.8,74390.0
2013-10-22,1315.5,1344.7,1309.5,1342.6,159790.0
2013-10-23,1340.1,1342.2,1328.5,1334.0,99060.0
2013-10-24,1332.5,1352.3,1330.2,1350.3,138230.0
2013-10-25,1346.9,1356.4,1335.3,1352.5,120210.0
2013-10-28,1352.7,1361.8,1346.1,1352.2,118920.0
2013-10-29,1352.6,1360.4,1339.8,1345.5,127170.0
2013-10-30,1344.6,1359.6,1334.5,1349.3,156600.0
2013-10-31,1341.7,1343.0,1318.7,1323.7,151970.0
2013-11-01,1323.1,1327.3,1305.6,1313.2,136960.0
2013-11-04,1313.0,1322.4,1310.8,1314.7,78540.0
2013-11-05,1313.9,1320.6,1305.2,1308.1,99660.0
2013-11-06,1312.3,1322.0,1308.9,1317.8,97110.0
2013-11-07,1317.5,1326.0,1296.0,1308.5,188110.0
2013-11-08,1307.8,1313.4,1280.5,1284.6,182700.0
2013-11-11,1288.3,1288.8,1278.1,1281.1,98950.0
2013-11-12,1281.4,1285.4,1260.5,1271.2,146540.0
2013-11-13,1265.3,1283.7,1265.0,1268.4,133470.0
2013-11-14,1281.4,1293.8,1277.3,1286.3,159300.0
2013-11-15,1286.8,1290.8,1279.6,1287.4,93190.0
2013-11-18,1288.9,1289.2,1269.2,1272.3,112200.0
2013-11-19,1275.0,1278.2,1268.0,1273.5,105150.0
2013-11-20,1274.5,1275.7,1240.2,1258.0,224190.0
2013-11-21,1241.8,1250.0,1235.8,1243.6,197770.0
2013-11-22,1242.3,1248.3,1240.3,1244.1,135220.0
2013-11-25,1241.6,1254.0,1225.7,1241.2,195440.0
2013-11-26,1250.9,1257.8,1239.2,1241.4,178420.0
2013-11-27,1241.1,1254.8,1235.5,1237.9,154820.0
2013-11-28,1237.9,1254.5,1234.1,1250.4,113090.0
2013-12-02,1250.6,1251.2,1217.1,1221.9,146100.0
2013-12-03,1219.5,1225.8,1214.6,1220.8,118420.0
2013-12-04,1223.0,1251.5,1210.8,1247.2,182240.0
2013-12-05,1243.1,1243.2,1216.3,1231.9,154230.0
2013-12-06,1225.0,1245.0,1210.1,1229.0,174950.0
2013-12-09,1229.9,1242.6,1224.6,1234.2,77730.0
2013-12-10,1239.5,1267.5,1237.4,1261.1,148580.0
2013-12-11,1261.0,1263.2,1250.6,1257.2,120450.0
2013-12-12,1252.3,1256.5,1222.6,1224.9,153610.0
2013-12-13,1226.1,1238.2,1219.5,1234.6,113540.0
2013-12-16,1237.3,1251.7,1227.2,1244.4,121810.0
2013-12-17,1239.5,1247.6,1226.5,1230.1,134930.0
2013-12-18,1230.3,1244.0,1215.2,1235.0,160630.0
2013-12-19,1217.8,1226.0,1186.0,1193.6,206500.0
2013-12-20,1188.8,1206.9,1188.0,1203.7,138710.0
2013-12-23,1202.5,1205.6,1191.8,1197.0,84980.0
2013-12-24,1197.8,1205.1,1195.5,1203.3,43490.0
2013-12-26,1203.8,1215.4,1200.5,1212.3,54650.0
2013-12-27,1210.9,1218.9,1208.5,1214.0,83760.0
2013-12-30,1213.8,1215.8,1193.3,1203.8,79940.0
2013-12-31,1197.4,1214.0,1181.4,1202.3,123140.0
2014-01-02,1204.5,1230.8,1202.5,1225.2,136920.0
2014-01-03,1222.3,1239.6,1221.3,1238.6,114980.0
2014-01-06,1237.0,1247.7,1212.6,1238.0,152190.0
2014-01-07,1237.0,1244.7,1224.2,1229.6,128639.99999999999
2014-01-08,1231.0,1231.8,1217.7,1225.5,157110.0
2014-01-09,1224.9,1230.9,1222.8,1229.4,123280.0
2014-01-10,1227.1,1248.5,1226.6,1246.9,161260.0
2014-01-13,1247.7,1255.3,1243.0,1251.1,116650.0
2014-01-14,1252.7,1254.9,1241.1,1245.4,138190.0
2014-01-15,1244.3,1244.6,1233.5,1238.3,105110.0
2014-01-16,1241.8,1244.9,1235.8,1240.2,111670.0
2014-01-17,1241.7,1254.6,1237.3,1251.9,112720.0
2014-01-20,1252.5,1262.0,1235.1,1241.8,174690.0
2014-01-22,1240.5,1243.5,1235.5,1238.6,86790.0
2014-01-23,1235.8,1267.0,1230.8,1262.3,209350.0
2014-01-24,1263.7,1273.2,1256.8,1264.3,161720.0
2014-01-27,1270.1,1279.8,1251.9,1263.4,167220.0
2014-01-28,1255.6,1262.3,1248.2,1250.8,156000.0
2014-01-29,1255.9,1270.6,1248.5,1262.2,137030.0
2014-01-30,1267.2,1267.8,1237.5,1242.5,163620.0
2014-01-31,1244.0,1254.8,1238.2,1239.8,116150.0
2014-02-03,1242.0,1266.1,1240.4,1259.9,124750.0
2014-02-04,1257.9,1260.7,1246.8,1251.2,93150.0
2014-02-05,1254.2,1274.5,1251.8,1256.9,127060.0
2014-02-06,1257.7,1267.5,1252.5,1257.2,87890.0
2014-02-07,1256.9,1272.0,1255.5,1262.9,136030.0
2014-02-10,1265.4,1277.8,1264.7,1274.7,94770.0
2014-02-11,1274.2,1294.4,1273.5,1289.8,154730.0
2014-02-12,1290.1,1296.4,1283.9,1295.0,111440.0
2014-02-13,1290.8,1303.0,1286.2,1300.1,126050.0
2014-02-14,1302.2,1321.5,1299.9,1318.6,150660.0
2014-02-17,1318.6,1332.4,1312.3,1324.4,184500.0
2014-02-19,1322.0,1323.0,1308.9,1320.4,112260.0
2014-02-20,1311.0,1325.3,1307.1,1316.9,129020.00000000001
2014-02-21,1323.0,1328.8,1315.9,1323.6,110100.0
2014-02-24,1325.5,1339.2,1318.7,1338.0,129770.00000000001
2014-02-25,1336.4,1343.8,1331.2,1342.7,125980.0
2014-02-26,1341.3,1345.6,1322.3,1328.0,149700.0
2014-02-27,1329.5,1336.4,1324.0,1331.8,120170.0
2014-02-28,1331.3,1333.6,1319.3,1321.6,132780.0
2014-03-03,1332.4,1355.0,1330.7,1350.3,159740.0
2014-03-04,1350.0,1352.9,1331.2,1337.9,135600.0
2014-03-05,1334.8,1342.0,1332.7,1340.3,97110.0
2014-03-06,1337.0,1353.9,1331.3,1351.8,142470.0
2014-03-07,1350.7,1353.2,1326.6,1338.2,178470.0
2014-03-10,1340.8,1344.9,1327.5,1341.5,126040.0
2014-03-11,1339.5,1353.0,1337.8,1346.7,150520.0
2014-03-12,1348.8,1371.3,1345.6,1370.5,223880.0
2014-03-13,1367.8,1375.7,1364.9,1372.4,175110.0
2014-03-14,1370.9,1388.4,1368.2,1379.0,185260.0
2014-03-17,1383.1,1392.6,1361.9,1372.9,154350.0
2014-03-18,1367.1,1367.9,1351.1,1359.0,157500.0
2014-03-19,1356.1,1360.2,1327.8,1341.3,194620.0
2014-03-20,1331.7,1335.3,1320.8,1330.5,167020.0
2014-03-21,1329.3,1343.0,1328.0,1336.0,148310.0
2014-03-24,1335.0,1335.7,1308.5,1311.2,178480.0
2014-03-25,1309.7,1318.0,1306.0,1311.4,158350.0
2014-03-26,1312.1,1317.1,1299.3,1303.4,151500.0
2014-03-27,1305.5,1307.6,1289.6,1294.7,185020.0
2014-03-28,1292.3,1299.4,1286.1,1294.3,171320.0
2014-03-31,1295.0,1299.3,1282.7,1283.8,133250.0
2014-04-01,1284.6,1288.4,1277.4,1280.0,112920.0
2014-04-02,1279.6,1294.9,1278.9,1290.8,124470.0
2014-04-03,1290.4,1294.2,1281.9,1284.6,98670.0
2014-04-04,1286.6,1307.5,1284.4,1303.5,145500.0
2014-04-07,1304.0,1304.8,1295.8,1298.3,80280.0
2014-04-08,1296.8,1314.7,1296.8,1309.1,119230.0
2014-04-09,1308.5,1315.5,1301.1,1305.9,125580.0
2014-04-10,1311.9,1324.9,1311.0,1320.5,126710.0
2014-04-11,1318.1,1324.2,1314.0,1319.0,91860.0
2014-04-14,1321.0,1331.4,1318.7,1327.5,100330.0
2014-04-15,1326.5,1328.4,1284.4,1300.3,188990.0
2014-04-16,1303.2,1307.1,1293.5,1303.5,117470.0
2014-04-17,1302.1,1304.4,1292.8,1293.9,95710.0
2014-04-21,1294.9,1302.5,1281.8,1288.5,101890.0
2014-04-22,1290.3,1293.1,1275.8,1281.1,118730.0
2014-04-23,1284.0,1289.1,1280.8,1284.6,98440.0
2014-04-24,1283.9,1299.0,1268.4,1290.6,189290.0
2014-04-25,1293.8,1305.2,1290.4,1300.8,107960.0
2014-04-28,1303.2,1306.6,1292.1,1299.0,102410.0
2014-04-29,1296.0,1302.0,1286.1,1296.3,103820.0
2014-04-30,1295.6,1298.4,1284.9,1295.9,139270.0
2014-05-01,1291.9,1293.0,1277.3,1283.4,115440.0
2014-05-02,1284.7,1304.9,1272.0,1302.9,171950.0
2014-05-05,1300.9,1315.8,1299.7,1309.3,115630.0
2014-05-06,1309.7,1314.3,1304.4,1308.6,103410.0
2014-05-07,1307.9,1315.0,1286.6,1288.9,173800.0
2014-05-08,1289.8,1295.5,1284.8,1287.7,118110.0
2014-05-09,1289.6,1294.5,1285.5,1287.6,110470.0
2014-05-12,1289.8,1304.5,1277.7,1295.8,130810.0
2014-05-13,1296.0,1299.0,1289.1,1294.8,120870.0
2014-05-14,1293.9,1309.2,1291.6,1305.9,120330.0
2014-05-15,1305.5,1307.3,1290.9,1293.6,147390.0
2014-05-16,1296.4,1298.3,1287.7,1293.4,116840.0
2014-05-19,1293.0,1305.7,1289.5,1293.8,108500.0
2014-05-20,1293.0,1297.2,1286.0,1294.6,129490.00000000001
2014-05-21,1294.2,1296.3,1282.9,1288.1,126010.0
2014-05-22,1292.0,1304.1,1290.1,1295.0,128240.00000000001
2014-05-23,1294.3,1295.7,1286.6,1291.7,146980.0
2014-05-26,1293.6,1294.8,1263.2,1265.5,252100.0
2014-05-28,1264.0,1267.3,1255.8,1259.3,168830.0
2014-05-29,1258.9,1261.5,1251.4,1257.1,140230.0
2014-05-30,1255.9,1260.6,1242.2,1246.0,136540.0
2014-06-02,1250.5,1251.0,1241.1,1244.0,91400.0
2014-06-03,1244.1,1247.9,1240.2,1244.5,90050.0
2014-06-04,1244.9,1249.5,1242.8,1244.3,76990.0
2014-06-05,1244.3,1257.9,1241.2,1253.3,125570.0
2014-06-06,1253.7,1258.2,1245.7,1252.5,112940.0
2014-06-09,1253.0,1257.3,1251.6,1253.9,53770.0
2014-06-10,1252.7,1263.8,1250.1,1260.1,107080.0
2014-06-11,1260.3,1265.5,1257.9,1261.2,77040.0
2014-06-12,1261.1,1275.1,1260.0,1274.0,117420.0
2014-06-13,1273.4,1278.1,1270.9,1274.1,83630.0
2014-06-16,1276.8,1285.1,1270.5,1275.3,98250.0
2014-06-17,1271.8,1273.5,1258.0,1272.0,112830.0
2014-06-18,1272.1,1279.2,1266.5,1272.7,87910.0
2014-06-19,1278.2,1322.0,1276.2,1314.1,237990.0
2014-06-20,1320.3,1322.5,1307.1,1316.6,167790.0
2014-06-23,1314.9,1319.2,1310.4,1318.4,109390.0
2014-06-24,1318.1,1326.6,1314.5,1321.3,123880.0
2014-06-25,1318.9,1325.6,1305.4,1322.6,136620.0
2014-06-26,1318.7,1320.6,1306.8,1317.0,134790.0
2014-06-27,1317.1,1323.1,1313.2,1320.0,104660.0
2014-06-30,1316.8,1330.4,1311.0,1322.0,127610.0
2014-07-01,1327.5,1334.9,1324.0,1326.6,121100.0
2014-07-02,1327.1,1333.2,1322.1,1330.9,114090.0
2014-07-03,1328.4,1329.0,1309.4,1320.6,149380.0
2014-07-04,1321.4,1321.7,1312.1,1317.0,113070.0
2014-07-08,1320.8,1325.7,1314.3,1316.5,130080.00000000001
2014-07-09,1320.4,1333.4,1318.7,1324.3,163180.0
2014-07-10,1325.0,1346.8,1325.0,1339.2,179490.0
2014-07-11,1336.5,1340.4,1334.6,1337.4,97170.0
2014-07-14,1339.5,1340.9,1302.2,1306.7,208860.0
2014-07-15,1309.1,1314.4,1292.6,1297.1,175880.0
2014-07-16,1295.2,1304.2,1293.5,1299.8,119720.0
2014-07-17,1300.3,1325.9,1298.1,1316.9,176740.0
2014-07-18,1319.1,1325.5,1305.0,1309.4,121620.0
2014-07-21,1311.3,1319.0,1307.9,1313.9,85370.0
2014-07-22,1312.4,1316.8,1302.2,1306.3,127490.0
2014-07-23,1308.0,1311.8,1303.5,1304.7,86760.0
2014-07-24,1304.3,1305.6,1287.5,1290.8,178770.0
2014-07-25,1294.2,1308.9,1291.0,1303.3,131240.0
2014-07-28,1307.9,1309.4,1301.1,1303.3,136980.0
2014-07-29,1303.3,1312.1,1295.5,1298.3,181550.0
2014-07-30,1300.5,1305.2,1293.2,1296.9,130870.0
2014-07-31,1297.0,1298.8,1281.3,1282.8,143360.0
2014-08-01,1284.2,1298.4,1281.0,1294.8,144990.0
2014-08-04,1295.4,1296.4,1287.0,1288.9,67870.0
2014-08-05,1289.2,1295.0,1283.3,1285.3,105680.0
2014-08-06,1288.9,1311.0,1288.5,1308.2,160370.0
2014-08-07,1306.6,1316.4,1303.0,1312.5,122430.0
2014-08-08,1314.5,1324.3,1305.7,1311.0,147900.0
2014-08-11,1310.4,1312.9,1306.4,1310.5,63070.0
2014-08-12,1309.2,1319.3,1306.8,1310.6,98610.0
2014-08-13,1309.6,1316.4,1306.0,1314.5,98470.0
2014-08-14,1313.4,1321.8,1310.0,1315.7,103420.0
2014-08-15,1313.4,1316.5,1293.0,1306.2,192110.0
2014-08-18,1304.2,1304.9,1296.5,1299.3,76110.0
2014-08-19,1298.6,1303.7,1294.7,1296.7,78240.0
2014-08-20,1297.2,1299.3,1288.7,1295.2,83300.0
2014-08-21,1291.9,1292.0,1273.4,1275.4,145350.0
2014-08-22,1278.2,1283.9,1274.6,1280.2,91730.0
2014-08-25,1280.8,1281.6,1275.0,1278.9,53710.0
2014-08-26,1277.4,1291.9,1275.7,1285.2,103850.0
2014-08-27,1281.6,1288.2,1280.9,1283.4,67240.0
2014-08-28,1283.7,1297.6,1283.0,1290.4,110170.0
2014-08-29,1290.4,1292.5,1284.1,1287.4,76390.0
2014-09-01,1288.5,1290.9,1263.1,1265.0,190580.0
2014-09-03,1266.7,1272.4,1261.9,1270.3,107910.0
2014-09-04,1269.8,1279.2,1261.3,1266.5,151580.0
2014-09-05,1261.7,1274.8,1258.0,1267.3,106170.0
2014-09-08,1269.5,1272.6,1252.1,1254.3,112680.0
2014-09-09,1257.1,1258.9,1248.1,1248.5,128250.0
2014-09-10,1256.2,1258.5,1244.5,1245.3,140720.0
2014-09-11,1249.8,1251.0,1235.3,1239.0,160680.0
2014-09-12,1240.9,1242.3,1228.1,1231.5,140800.0
2014-09-15,1228.3,1239.2,1226.3,1235.1,100040.0
2014-09-16,1233.2,1243.2,1232.2,1236.7,123280.0
2014-09-17,1235.3,1240.5,1222.0,1235.9,132080.0
2014-09-18,1223.1,1228.7,1216.3,1226.9,151110.0
2014-09-19,1225.6,1229.2,1214.2,1216.6,173500.0
2014-09-22,1216.4,1221.0,1208.8,1217.9,138050.0
2014-09-23,1214.9,1237.0,1214.7,1222.0,153200.0
2014-09-24,1223.2,1226.7,1216.2,1219.5,131420.0
2014-09-25,1217.3,1225.3,1206.6,1221.9,186350.0
2014-09-26,1222.1,1232.7,1212.8,1215.4,149450.0
2014-09-29,1219.1,1223.9,1215.3,1218.8,105760.0
2014-09-30,1215.7,1220.7,1204.3,1211.6,182520.0
2014-10-01,1209.4,1220.0,1205.0,1215.5,146540.0
2014-10-02,1213.4,1224.0,1209.1,1215.1,148820.0
2014-10-03,1213.9,1215.7,1190.3,1192.9,186090.0
2014-10-06,1192.0,1209.9,1183.3,1207.3,147760.0
2014-10-07,1207.8,1214.1,1203.0,1212.4,142510.0
2014-10-08,1209.8,1224.5,1205.1,1206.0,192010.0
2014-10-09,1221.1,1234.0,1219.3,1225.3,165360.0
2014-10-10,1224.0,1225.7,1217.6,1221.7,121360.0
2014-10-13,1224.8,1238.0,1223.6,1230.0,119920.0
2014-10-14,1237.3,1238.6,1231.1,1234.3,113550.0
2014-10-15,1233.3,1250.3,1222.0,1244.8,258100.00000000003
2014-10-16,1242.2,1245.6,1235.2,1241.2,180590.0
2014-10-17,1239.5,1242.1,1232.0,1239.0,117550.0
2014-10-20,1239.1,1249.3,1234.9,1244.7,96270.0
2014-10-21,1246.8,1255.6,1245.7,1251.7,151080.0
2014-10-22,1248.9,1250.2,1240.7,1245.5,113410.0
2014-10-23,1241.7,1244.9,1226.3,1229.1,140070.0
2014-10-24,1233.5,1234.7,1228.7,1231.8,93370.0
2014-10-27,1230.6,1232.1,1225.2,1229.3,86310.0
2014-10-28,1225.8,1235.5,1222.2,1229.4,124200.0
2014-10-29,1227.8,1230.4,1208.2,1224.9,131450.0
2014-10-30,1211.2,1216.5,1195.5,1198.6,210420.0
2014-10-31,1199.5,1202.4,1160.5,1171.6,300190.0
2014-11-03,1171.1,1173.4,1161.0,1169.8,129440.0
2014-11-04,1164.6,1175.0,1163.4,1167.7,134880.0
2014-11-05,1168.4,1169.3,1137.1,1145.7,261120.0
2014-11-06,1140.8,1149.0,1137.2,1142.6,168560.0
2014-11-07,1141.2,1179.0,1130.4,1169.8,298010.0
2014-11-10,1176.8,1177.5,1146.7,1159.8,198950.0
2014-11-11,1151.5,1172.5,1145.5,1163.0,187310.0
2014-11-12,1163.0,1169.4,1156.5,1159.1,183580.0
2014-11-13,1161.1,1167.4,1153.0,1161.5,187700.0
2014-11-14,1161.8,1192.9,1146.0,1185.6,293650.0
2014-11-17,1185.5,1193.6,1180.8,1183.5,199520.0
2014-11-18,1185.6,1204.1,1182.7,1197.1,170800.0
2014-11-19,1196.5,1201.7,1173.9,1193.9,265860.0
2014-11-20,1183.1,1196.6,1176.2,1190.9,187480.0
2014-11-21,1194.0,1207.6,1186.1,1197.7,199910.0
2014-11-24,1199.9,1203.8,1192.2,1195.7,158690.0
2014-11-25,1197.7,1202.2,1189.0,1197.1,210750.0
2014-11-26,1201.6,1201.6,1194.6,1197.5,121780.0
2014-11-27,1197.8,1199.3,1163.9,1175.5,254470.0
2014-12-01,1159.4,1221.0,1141.7,1218.1,342310.0
2014-12-02,1212.6,1212.6,1191.4,1199.4,169350.0
2014-12-03,1197.6,1215.0,1193.5,1208.7,145110.0
2014-12-04,1209.3,1213.5,1201.1,1207.7,117720.0
2014-12-05,1205.9,1208.5,1186.4,1190.4,157200.0
2014-12-08,1191.2,1209.3,1187.3,1194.9,107510.0
2014-12-09,1203.8,1239.0,1199.5,1232.0,241260.0
2014-12-10,1231.2,1238.9,1225.2,1229.4,143320.0
2014-12-11,1226.2,1233.4,1216.4,1225.6,143670.0
2014-12-12,1227.9,1228.9,1214.8,1222.5,121180.0
2014-12-15,1222.0,1225.0,1191.3,1207.7,152380.0
2014-12-16,1195.4,1223.9,1187.8,1194.3,231510.0
2014-12-17,1195.3,1203.1,1182.0,1194.5,169510.0
2014-12-18,1189.4,1213.9,1188.5,1194.8,137340.0
2014-12-19,1198.0,1201.5,1193.2,1196.0,73330.0
2014-12-22,1196.0,1203.6,1170.7,1179.8,132150.0
2014-12-23,1176.1,1184.9,1172.4,1178.0,105530.0
2014-12-24,1176.8,1181.2,1172.7,1173.5,43630.0
2014-12-26,1175.2,1199.1,1175.2,1195.3,67180.0
2014-12-29,1194.9,1197.5,1178.6,1181.9,85910.0
2014-12-30,1182.9,1210.9,1180.5,1200.4,141720.0
2014-12-31,1199.8,1203.9,1179.5,1184.1,70520.0
2015-01-02,1184.0,1194.9,1167.3,1186.2,120680.0
2015-01-05,1187.8,1207.5,1177.8,1204.0,149110.0
2015-01-06,1204.0,1223.3,1201.6,1219.4,190360.0
2015-01-07,1219.0,1219.4,1209.1,1210.7,117090.0
2015-01-08,1211.0,1216.8,1204.2,1208.5,122490.0
2015-01-09,1208.9,1224.0,1207.0,1216.1,155980.0
2015-01-12,1223.0,1236.0,1217.5,1232.8,138520.0
2015-01-13,1233.1,1244.5,1227.4,1234.4,179650.0
2015-01-14,1231.2,1244.6,1224.9,1234.5,193110.0
2015-01-15,1229.7,1267.2,1226.1,1264.8,288790.0
2015-01-16,1263.5,1282.4,1255.2,1276.9,219410.0
2015-01-19,1280.7,1297.2,1272.1,1294.2,249780.0
2015-01-21,1295.3,1307.0,1284.6,1293.7,210390.0
2015-01-22,1293.7,1307.8,1279.1,1300.7,214910.0
2015-01-23,1301.5,1302.9,1284.3,1292.6,149210.0
2015-01-26,1292.8,1299.2,1275.6,1279.4,168890.0
2015-01-27,1280.7,1297.4,1272.0,1291.7,186950.0
2015-01-28,1292.0,1293.3,1279.0,1285.9,180390.0
2015-01-29,1284.0,1286.6,1252.1,1255.9,243650.0
2015-01-30,1259.0,1285.4,1257.5,1279.2,163880.0
2015-02-02,1283.0,1283.9,1266.5,1276.9,119880.0
2015-02-03,1275.6,1286.5,1255.8,1260.3,181990.0
2015-02-04,1261.5,1273.3,1256.9,1264.5,136180.0
2015-02-05,1270.4,1274.6,1256.1,1262.7,113830.0
2015-02-06,1266.4,1269.0,1228.2,1234.6,205100.0
2015-02-09,1235.9,1243.6,1234.4,1241.5,92650.0
2015-02-10,1238.3,1245.9,1230.6,1232.2,97140.0
2015-02-11,1234.1,1238.7,1216.5,1219.6,116280.0
2015-02-12,1218.3,1232.8,1218.0,1220.7,109410.0
2015-02-13,1223.0,1234.9,1222.5,1227.1,96370.0
2015-02-16,1227.5,1236.7,1203.3,1208.6,181840.0
2015-02-18,1209.3,1213.4,1197.2,1200.2,121130.0
2015-02-19,1212.5,1222.9,1205.2,1207.6,115720.0
2015-02-20,1208.0,1215.3,1197.7,1204.9,109250.0
2015-02-23,1203.5,1210.3,1190.6,1200.8,115220.0
2015-02-24,1201.9,1204.4,1190.0,1197.3,116610.0
2015-02-25,1200.8,1211.7,1200.7,1201.5,106080.0
2015-02-26,1203.9,1219.9,1203.4,1210.1,137280.0
2015-02-27,1208.8,1219.2,1204.1,1213.1,113770.0
2015-03-02,1213.8,1223.0,1204.2,1208.2,133100.0
2015-03-03,1206.1,1214.4,1194.6,1204.4,155660.0
2015-03-04,1203.8,1208.4,1197.7,1200.9,107560.0
2015-03-05,1200.2,1208.9,1195.8,1196.2,131860.0
2015-03-06,1197.5,1200.0,1162.9,1164.3,214800.0
2015-03-09,1169.6,1174.4,1164.8,1166.5,123610.0
2015-03-10,1165.6,1169.6,1153.8,1160.1,178080.0
2015-03-11,1161.1,1164.3,1146.5,1150.6,161560.0
2015-03-12,1153.7,1165.7,1147.5,1151.9,159540.0
2015-03-13,1152.6,1160.9,1150.4,1152.4,122680.0
2015-03-16,1157.9,1163.3,1149.3,1153.2,123260.0
2015-03-17,1153.7,1159.3,1141.6,1148.2,159620.0
2015-03-18,1148.1,1175.1,1144.9,1151.3,188480.0
2015-03-19,1166.1,1177.0,1158.6,1169.0,157060.0
2015-03-20,1170.4,1187.4,1167.9,1184.6,167530.0
2015-03-23,1183.2,1191.0,1178.6,1187.7,162530.0
2015-03-24,1188.5,1194.5,1184.7,1191.4,162920.0
2015-03-25,1192.5,1199.3,1186.1,1197.0,185930.0
2015-03-26,1195.4,1219.5,1193.8,1204.8,245370.0
2015-03-27,1203.8,1205.6,1191.7,1199.8,172260.0
2015-03-30,1198.6,1199.6,1182.2,1185.3,131450.0
2015-03-31,1185.5,1190.6,1178.2,1183.2,114970.0
2015-04-01,1183.2,1208.7,1180.5,1208.2,151140.0
2015-04-02,1204.3,1207.4,1194.8,1200.9,115650.0
2015-04-06,1212.6,1224.5,1212.6,1218.6,106010.0
2015-04-07,1214.7,1215.9,1207.5,1210.6,85860.0
2015-04-08,1208.7,1212.5,1197.4,1203.1,116320.0
2015-04-09,1202.6,1203.3,1192.4,1193.6,110160.0
2015-04-10,1193.8,1210.6,1192.9,1204.6,124840.0
2015-04-13,1207.2,1209.3,1196.1,1199.3,109550.0
2015-04-14,1198.8,1201.3,1183.5,1192.6,161060.0
2015-04-15,1192.2,1204.4,1188.3,1201.3,129199.99999999999
2015-04-16,1201.8,1208.8,1194.3,1198.0,157420.0
2015-04-17,1198.6,1207.8,1197.0,1203.1,111550.0
2015-04-20,1204.4,1209.0,1190.8,1193.7,137020.0
2015-04-21,1195.8,1203.7,1192.5,1203.1,104710.0
2015-04-22,1202.2,1204.4,1185.0,1186.9,152180.0
2015-04-23,1186.9,1197.4,1183.6,1194.3,118110.0
2015-04-24,1193.0,1195.4,1174.1,1175.0,156380.0
2015-04-27,1179.3,1206.7,1177.6,1203.2,207200.0
2015-04-28,1201.6,1214.9,1198.6,1213.9,157580.0
2015-04-29,1211.4,1213.5,1200.7,1210.0,141080.0
2015-04-30,1204.5,1207.4,1176.0,1182.4,212930.0
2015-05-01,1183.7,1184.4,1168.4,1174.5,118480.0
2015-05-04,1176.6,1192.1,1176.6,1186.8,107750.0
2015-05-05,1187.5,1199.3,1184.9,1193.2,109750.0
2015-05-06,1192.5,1196.9,1187.4,1190.3,105950.0
2015-05-07,1191.3,1192.0,1177.9,1182.2,134940.0
2015-05-08,1183.7,1193.0,1180.5,1188.9,143610.0
2015-05-11,1189.0,1190.9,1178.0,1183.0,128100.0
2015-05-12,1182.5,1196.3,1179.7,1192.4,139260.0
2015-05-13,1192.5,1218.5,1190.4,1218.2,241720.0
2015-05-14,1215.0,1227.7,1211.9,1225.2,177840.0
2015-05-15,1220.9,1225.8,1210.6,1225.3,133240.0
2015-05-18,1222.8,1232.0,1221.2,1227.6,120820.0
2015-05-19,1225.4,1225.5,1205.1,1206.7,178960.0
2015-05-20,1207.7,1213.2,1202.7,1208.7,127890.0
2015-05-21,1209.4,1212.4,1200.8,1204.1,139670.0
2015-05-22,1206.0,1214.6,1201.0,1204.0,142930.0
2015-05-25,1205.2,1208.2,1184.8,1186.9,244620.0
2015-05-27,1186.7,1190.4,1183.0,1185.6,200220.0
2015-05-28,1188.0,1192.8,1180.2,1188.8,150000.0
2015-05-29,1188.1,1194.4,1186.0,1189.8,102170.0
2015-06-01,1189.8,1204.7,1184.0,1188.7,171250.0
2015-06-02,1189.5,1196.4,1185.8,1194.4,111470.0
2015-06-03,1193.8,1195.6,1179.1,1184.9,124180.0
2015-06-04,1185.8,1186.6,1172.4,1175.2,155460.0
2015-06-05,1176.5,1178.0,1162.1,1168.1,150680.0
2015-06-08,1170.8,1177.1,1168.5,1173.6,107090.0
2015-06-09,1173.2,1182.3,1171.8,1177.6,91630.0
2015-06-10,1175.8,1191.8,1174.3,1186.6,124680.0
2015-06-11,1185.7,1187.4,1174.8,1180.4,114930.0
2015-06-12,1180.8,1183.7,1175.6,1179.2,86350.0
2015-06-15,1180.0,1190.2,1171.9,1185.8,129830.00000000001
2015-06-16,1185.3,1187.4,1175.4,1180.9,100200.0
2015-06-17,1181.1,1188.8,1173.9,1176.8,101550.0
2015-06-18,1184.2,1205.7,1183.1,1202.0,190690.0
2015-06-19,1201.8,1203.9,1198.0,1201.9,86060.0
2015-06-22,1199.7,1200.8,1181.6,1184.1,127150.0
2015-06-23,1185.3,1187.7,1175.6,1176.6,122250.0
2015-06-24,1177.6,1179.7,1168.1,1172.9,118450.0
2015-06-25,1174.1,1177.3,1170.5,1171.8,88850.0
2015-06-26,1172.5,1178.0,1167.1,1173.2,107920.0
2015-06-29,1182.5,1187.6,1173.2,1179.0,145710.0
2015-06-30,1179.8,1180.0,1165.4,1171.8,148190.0
2015-07-01,1172.4,1174.4,1166.7,1169.3,95180.0
2015-07-02,1167.7,1169.2,1155.8,1163.5,144730.0
2015-07-03,1173.2,1174.4,1161.9,1173.2,141900.0
2015-07-07,1168.8,1170.0,1146.8,1152.6,198530.0
2015-07-08,1154.0,1163.8,1145.9,1163.5,168010.0
2015-07-09,1157.5,1166.9,1155.1,1159.2,130009.99999999999
2015-07-10,1158.7,1164.5,1156.4,1157.9,112570.0
2015-07-13,1162.3,1163.9,1149.8,1155.4,126730.0
2015-07-14,1157.0,1159.1,1151.8,1153.5,109140.0
2015-07-15,1153.9,1155.8,1141.9,1147.4,150650.0
2015-07-16,1146.2,1148.2,1140.6,1143.9,125700.0
2015-07-17,1144.3,1144.5,1129.6,1131.9,161000.0
2015-07-20,1132.4,1132.5,1080.0,1106.8,261350.00000000003
2015-07-21,1098.0,1108.8,1095.9,1103.5,172520.0
2015-07-22,1100.1,1102.3,1085.6,1091.5,182180.0
2015-07-23,1093.4,1104.9,1086.1,1094.1,204070.0
2015-07-24,1089.5,1100.9,1072.3,1085.5,249020.0
2015-07-27,1098.6,1104.4,1087.7,1096.4,191960.0
2015-07-28,1094.1,1098.2,1090.7,1096.2,176080.0
2015-07-29,1094.5,1100.9,1088.9,1092.6,159140.0
2015-07-30,1096.6,1098.2,1081.5,1088.7,169100.0
2015-07-31,1087.7,1103.0,1079.2,1095.1,174130.0
2015-08-03,1095.1,1098.0,1085.1,1089.4,105920.0
2015-08-04,1085.3,1094.4,1080.2,1090.7,114100.0
2015-08-05,1087.3,1091.7,1082.0,1085.6,116050.0
2015-08-06,1084.1,1093.3,1082.7,1090.1,94610.0
2015-08-07,1088.8,1098.9,1081.4,1094.1,172490.0
2015-08-10,1094.0,1108.5,1089.0,1104.1,148930.0
2015-08-11,1103.8,1119.1,1093.3,1107.7,191830.0
2015-08-12,1108.2,1125.5,1101.1,1123.6,193700.0
2015-08-13,1125.2,1126.3,1112.8,1115.6,129210.00000000001
2015-08-14,1114.6,1120.4,1111.1,1112.7,102230.0
2015-08-17,1113.5,1122.2,1112.9,1118.4,92580.0
2015-08-18,1117.2,1120.4,1108.5,1116.9,119950.0
2015-08-19,1117.2,1134.3,1115.5,1127.9,154350.0
2015-08-20,1133.3,1153.7,1132.1,1153.2,187180.0
2015-08-21,1153.3,1167.9,1148.5,1159.6,196060.0
2015-08-24,1160.2,1169.8,1145.1,1153.6,264140.0
2015-08-25,1155.7,1156.3,1134.0,1138.3,199690.0
2015-08-26,1139.9,1146.0,1116.9,1124.6,207120.0
2015-08-27,1125.0,1128.5,1117.0,1122.6,143050.0
2015-08-28,1124.4,1140.3,1123.1,1134.0,152110.0
2015-08-31,1132.7,1136.3,1125.0,1132.5,98950.0
2015-09-01,1133.8,1147.3,1133.8,1139.8,128870.0
2015-09-02,1139.0,1141.9,1131.2,1133.6,111570.0
2015-09-03,1133.2,1133.8,1121.0,1124.5,106470.0
2015-09-04,1124.5,1133.1,1115.7,1121.4,113530.0
2015-09-07,1123.0,1126.0,1114.7,1121.0,142510.0
2015-09-09,1121.0,1124.7,1100.1,1102.0,178300.0
2015-09-10,1105.7,1114.1,1102.5,1109.3,121430.0
2015-09-11,1110.2,1111.9,1097.7,1103.3,119500.0
2015-09-14,1107.0,1109.8,1102.6,1107.7,74180.0
2015-09-15,1107.1,1108.5,1101.5,1102.6,78880.0
2015-09-16,1104.4,1123.7,1103.0,1119.0,131150.0
2015-09-17,1118.7,1136.0,1114.7,1117.0,143640.0
2015-09-18,1130.0,1141.5,1126.9,1137.8,151720.0
2015-09-21,1138.7,1139.4,1128.7,1132.8,87120.0
2015-09-22,1132.6,1136.1,1120.5,1124.8,117440.0
2015-09-23,1123.8,1134.0,1121.1,1131.5,96170.0
2015-09-24,1130.0,1156.4,1129.5,1153.8,219680.0
2015-09-25,1151.0,1151.1,1140.1,1145.6,140350.0
2015-09-28,1145.0,1147.8,1127.3,1131.7,143470.0
2015-09-29,1131.4,1134.3,1123.5,1126.8,105550.0
2015-09-30,1127.2,1127.7,1110.8,1115.2,156470.0
2015-10-01,1114.5,1118.5,1110.3,1113.7,83390.0
2015-10-02,1112.5,1140.9,1103.8,1136.6,190000.0
2015-10-05,1137.0,1141.6,1129.6,1137.6,119480.0
2015-10-06,1134.7,1151.0,1134.5,1146.4,128180.0
2015-10-07,1146.5,1153.6,1141.3,1148.7,113150.0
2015-10-08,1145.0,1150.9,1135.9,1144.3,121190.0
2015-10-09,1138.1,1159.3,1138.0,1155.9,134870.0
2015-10-12,1155.0,1168.6,1154.3,1164.5,111800.0
2015-10-13,1162.8,1168.6,1151.3,1165.4,139530.0
2015-10-14,1168.2,1189.9,1162.5,1179.8,199970.0
2015-10-15,1184.0,1191.7,1173.9,1187.5,192310.0
2015-10-16,1182.5,1184.8,1174.3,1183.1,108910.0
2015-10-19,1176.9,1178.2,1168.3,1172.8,108770.0
2015-10-20,1170.6,1181.4,1167.2,1177.5,124730.0
2015-10-21,1175.5,1179.3,1163.2,1167.1,122070.0
2015-10-22,1166.8,1171.8,1161.4,1166.1,117320.0
2015-10-23,1165.9,1179.4,1158.6,1162.8,150800.0
2015-10-26,1163.8,1169.6,1162.0,1166.2,84870.0
2015-10-27,1163.0,1168.8,1160.5,1165.8,91660.0
2015-10-28,1166.7,1183.1,1152.1,1176.1,187310.0
2015-10-29,1156.1,1162.5,1144.2,1147.3,155610.0
2015-10-30,1146.6,1149.8,1138.4,1141.4,123170.0
2015-11-02,1141.3,1142.7,1132.2,1135.9,106360.0
2015-11-03,1132.9,1138.0,1113.6,1114.1,157450.0
2015-11-04,1117.4,1122.3,1105.6,1106.2,157670.0
2015-11-05,1106.8,1111.3,1102.2,1104.2,144640.0
2015-11-06,1103.2,1109.7,1084.5,1087.7,199870.0
2015-11-09,1089.1,1094.9,1087.4,1088.1,141890.0
2015-11-10,1090.8,1094.8,1084.0,1088.5,144170.0
2015-11-11,1088.5,1093.5,1083.2,1084.9,171730.0
2015-11-12,1085.4,1089.0,1073.0,1081.0,208300.0
2015-11-13,1083.5,1088.0,1078.2,1080.9,130830.00000000001
2015-11-16,1087.9,1097.4,1080.5,1083.6,151380.0
2015-11-17,1082.4,1085.1,1064.4,1068.6,181460.0
2015-11-18,1070.2,1074.6,1062.0,1068.7,154640.0
2015-11-19,1069.3,1086.6,1068.3,1077.9,177560.0
2015-11-20,1079.7,1087.2,1074.9,1076.3,157700.0
2015-11-23,1076.4,1076.5,1065.0,1066.8,178090.0
2015-11-24,1068.5,1080.7,1068.1,1073.8,158530.0
2015-11-25,1075.0,1080.4,1067.1,1070.0,148660.0
2015-11-26,1070.6,1073.9,1051.6,1056.2,187110.0
2015-11-30,1056.0,1069.1,1052.2,1065.3,113170.0
2015-12-01,1064.6,1074.0,1062.6,1063.5,121570.0
2015-12-02,1067.9,1071.0,1049.4,1053.8,124020.0
2015-12-03,1053.5,1064.5,1045.4,1061.2,173770.0
2015-12-04,1062.0,1088.3,1057.2,1084.1,208900.0
2015-12-07,1085.5,1086.1,1065.0,1075.2,109370.0
2015-12-08,1069.7,1078.4,1066.8,1075.3,128220.0
2015-12-09,1074.3,1085.0,1068.7,1076.5,140710.0
2015-12-10,1071.7,1076.0,1068.8,1072.0,99730.0
2015-12-11,1071.4,1079.1,1061.7,1075.7,152620.0
2015-12-14,1073.0,1077.3,1058.1,1063.4,121860.0
2015-12-15,1059.8,1067.9,1057.4,1061.6,115320.0
2015-12-16,1060.3,1077.9,1060.2,1076.8,143150.0
2015-12-17,1072.2,1072.7,1046.8,1049.6,168670.0
2015-12-18,1051.5,1071.0,1050.0,1065.0,122220.0
2015-12-21,1065.2,1081.4,1063.1,1080.6,122220.0
2015-12-22,1078.0,1080.3,1071.2,1074.1,80660.0
2015-12-23,1072.0,1074.9,1067.6,1068.3,69360.0
2015-12-24,1069.6,1076.6,1069.5,1075.9,49690.0
2015-12-28,1075.2,1076.5,1065.7,1068.3,70860.0
2015-12-29,1068.3,1074.6,1066.7,1068.0,87640.0
2015-12-30,1068.2,1071.5,1058.5,1059.8,98710.0
2015-12-31,1060.6,1062.7,1056.5,1060.2,55710.0
2016-01-04,1061.5,1083.0,1061.0,1075.2,159790.0
2016-01-05,1073.5,1081.5,1071.9,1078.4,104640.0
2016-01-06,1076.8,1094.9,1074.4,1091.9,191800.0
2016-01-07,1093.7,1109.9,1091.1,1107.8,217270.0
2016-01-08,1108.8,1113.1,1091.8,1097.9,193450.0
2016-01-11,1103.6,1108.3,1093.1,1096.2,193210.0
2016-01-12,1094.0,1099.1,1083.1,1085.2,167650.0
2016-01-13,1086.8,1095.6,1079.4,1087.1,156110.0
2016-01-14,1093.6,1095.4,1071.1,1073.6,174240.0
2016-01-15,1079.2,1097.5,1076.0,1090.7,173460.0
2016-01-18,1089.3,1094.5,1082.1,1089.1,160110.0
2016-01-20,1087.3,1109.9,1087.1,1106.2,193280.0
2016-01-21,1100.9,1106.2,1092.5,1098.2,178740.0
2016-01-22,1101.6,1103.5,1094.4,1096.3,142740.0
2016-01-25,1097.8,1109.2,1097.6,1105.3,176360.0
2016-01-26,1108.2,1123.2,1107.2,1120.2,197690.0
2016-01-27,1119.9,1128.0,1114.9,1115.8,168710.0
2016-01-28,1126.2,1126.4,1110.2,1116.1,151220.0
2016-01-29,1114.8,1118.9,1108.5,1116.4,133250.0
2016-02-01,1118.0,1130.2,1115.3,1128.0,118520.0
2016-02-02,1128.5,1131.5,1122.6,1127.2,117730.0
2016-02-03,1129.4,1146.2,1124.8,1141.3,189230.0
2016-02-04,1142.5,1157.9,1139.7,1157.5,177210.0
2016-02-05,1155.7,1175.0,1145.5,1157.7,214890.0
2016-02-08,1174.0,1201.4,1164.5,1197.9,249460.0
2016-02-09,1189.5,1199.3,1185.9,1198.6,190800.0
2016-02-10,1189.7,1198.1,1181.6,1194.6,168640.0
2016-02-11,1197.5,1263.9,1196.3,1247.8,365650.0
2016-02-12,1247.1,1248.7,1232.9,1239.4,191130.0
2016-02-15,1236.3,1236.3,1191.5,1208.2,340800.0
2016-02-17,1201.9,1214.4,1196.2,1211.4,162450.0
2016-02-18,1209.5,1240.6,1201.3,1226.3,182120.0
2016-02-19,1231.2,1235.3,1220.6,1230.8,184250.0
2016-02-22,1226.9,1226.9,1202.5,1210.1,160970.0
2016-02-23,1208.9,1229.0,1207.6,1222.6,184480.0
2016-02-24,1226.0,1254.3,1222.4,1239.1,274240.0
2016-02-25,1228.9,1244.4,1221.8,1238.8,208220.0
2016-02-26,1232.5,1241.3,1212.0,1220.4,218710.0
2016-02-29,1223.1,1241.8,1216.3,1234.4,183450.0
2016-03-01,1238.9,1249.3,1227.7,1230.8,225610.0
2016-03-02,1232.3,1244.8,1225.1,1241.8,182780.0
2016-03-03,1240.8,1269.3,1238.0,1258.2,226300.0
2016-03-04,1264.6,1280.7,1250.1,1270.7,361180.0
2016-03-07,1260.5,1274.1,1257.4,1264.0,212790.0
2016-03-08,1267.9,1279.0,1261.0,1262.9,206130.0
2016-03-09,1262.2,1265.7,1243.6,1257.4,223140.0
2016-03-10,1253.7,1274.3,1237.5,1272.8,304980.0
2016-03-11,1272.0,1287.8,1249.0,1259.4,235780.0
2016-03-14,1250.9,1261.9,1229.9,1245.1,207560.0
2016-03-15,1237.0,1238.7,1226.0,1231.0,185330.0
2016-03-16,1233.1,1264.8,1227.0,1229.8,203810.0
2016-03-17,1262.0,1271.9,1255.2,1265.0,208120.0
2016-03-18,1257.7,1267.7,1248.4,1254.3,158070.0
2016-03-21,1255.2,1256.7,1241.2,1244.2,176620.0
2016-03-22,1244.3,1260.9,1242.8,1248.6,195730.0
2016-03-23,1248.5,1249.8,1215.4,1224.0,266170.0
2016-03-24,1220.7,1224.2,1211.2,1221.6,169700.0
2016-03-28,1216.0,1223.2,1206.0,1220.1,142680.0
2016-03-29,1221.5,1243.4,1215.3,1235.8,189730.0
2016-03-30,1243.0,1246.8,1224.9,1228.6,183330.0
2016-03-31,1227.0,1242.3,1225.1,1235.6,120320.0
2016-04-01,1234.1,1237.2,1210.3,1223.5,196900.0
2016-04-04,1223.0,1224.1,1215.7,1219.3,91060.0
2016-04-05,1217.1,1238.8,1216.0,1229.6,157090.0
2016-04-06,1232.6,1233.8,1217.2,1223.8,135330.0
2016-04-07,1224.0,1245.0,1224.0,1237.5,189410.0
2016-04-08,1241.8,1244.6,1231.0,1243.8,132370.0
2016-04-11,1241.8,1260.9,1241.6,1258.0,160930.0
2016-04-12,1259.8,1264.7,1253.0,1260.9,157240.0
2016-04-13,1257.2,1258.7,1241.4,1248.3,155990.0
2016-04-14,1243.8,1245.9,1225.4,1226.5,204790.0
2016-04-15,1228.5,1237.6,1226.8,1234.6,121270.0
2016-04-18,1236.3,1243.3,1231.7,1235.0,148660.0
2016-04-19,1233.9,1258.5,1229.0,1254.3,217390.0
2016-04-20,1251.3,1259.8,1244.0,1254.4,165250.0
2016-04-21,1244.5,1272.4,1244.4,1250.3,272940.0
2016-04-22,1248.5,1254.2,1228.5,1230.0,209490.0
2016-04-25,1234.5,1243.8,1231.3,1240.2,120770.0
2016-04-26,1239.8,1246.5,1232.7,1243.4,148110.0
2016-04-27,1245.7,1254.6,1240.7,1250.4,171510.0
2016-04-28,1247.3,1271.7,1239.1,1266.4,227210.0
2016-04-29,1268.0,1299.0,1267.0,1290.5,273990.0
2016-05-02,1293.2,1306.0,1289.6,1295.8,198260.0
2016-05-03,1293.4,1303.9,1284.0,1291.8,214990.0
2016-05-04,1287.7,1291.8,1273.6,1274.4,212950.0
2016-05-05,1281.2,1288.4,1270.6,1272.3,174580.0
2016-05-06,1279.3,1297.7,1276.2,1294.0,257610.0
2016-05-09,1286.7,1289.5,1262.8,1266.6,225230.0
2016-05-10,1265.4,1272.0,1258.3,1264.8,174080.0
2016-05-11,1267.3,1280.8,1266.3,1275.5,239700.0
2016-05-12,1279.3,1282.5,1262.9,1271.2,218100.0
2016-05-13,1264.8,1277.7,1264.0,1272.7,174350.0
2016-05-16,1273.1,1290.4,1271.6,1274.2,198780.0
2016-05-17,1274.9,1283.9,1270.1,1276.9,205190.0
2016-05-18,1280.6,1283.5,1256.0,1274.4,233580.0
2016-05-19,1259.1,1262.3,1244.6,1254.8,270060.0
2016-05-20,1256.3,1261.2,1249.6,1252.9,205160.0
2016-05-23,1251.7,1256.8,1243.5,1251.5,218720.0
2016-05-24,1249.5,1252.8,1226.2,1229.2,322960.0
2016-05-25,1227.3,1230.2,1217.7,1223.8,246050.0
2016-05-26,1223.6,1234.6,1218.4,1220.4,199780.0
2016-05-27,1222.3,1225.8,1209.0,1216.7,200000.0
2016-05-30,1215.1,1220.6,1201.5,1217.5,236150.0
2016-06-01,1217.9,1222.9,1208.2,1214.7,159620.0
2016-06-02,1215.9,1220.0,1212.0,1212.6,112600.0
2016-06-03,1212.8,1247.4,1209.1,1242.9,240700.0
2016-06-06,1245.5,1251.3,1242.1,1247.4,162940.0
2016-06-07,1248.0,1249.0,1236.9,1247.0,120510.0
2016-06-08,1247.0,1267.2,1245.5,1262.3,181730.0
2016-06-09,1264.6,1274.4,1259.4,1272.7,153260.0
2016-06-10,1271.5,1280.9,1267.3,1275.9,160810.0
2016-06-13,1278.3,1290.3,1275.2,1286.9,202810.0
2016-06-14,1286.2,1293.0,1278.6,1288.1,193070.0
2016-06-15,1288.1,1300.0,1281.3,1288.3,199450.0
2016-06-16,1295.0,1318.9,1280.1,1298.4,354150.0
2016-06-17,1282.4,1302.7,1278.8,1294.8,211620.0
2016-06-20,1293.0,1296.8,1280.8,1292.1,193800.0
2016-06-21,1292.5,1297.4,1267.1,1272.5,207160.0
2016-06-22,1271.4,1273.5,1263.8,1270.0,132680.0
2016-06-23,1268.1,1274.9,1256.9,1263.1,152590.0
2016-06-24,1254.3,1362.6,1252.8,1322.4,574240.0
2016-06-27,1322.3,1340.0,1320.8,1324.7,258329.99999999997
2016-06-28,1328.3,1329.5,1308.2,1317.9,195980.0
2016-06-29,1313.9,1331.0,1313.3,1326.9,176820.0
2016-06-30,1321.0,1326.5,1315.3,1320.6,192950.0
2016-07-01,1324.8,1347.0,1323.1,1339.0,223730.0
2016-07-04,1345.0,1360.3,1338.5,1358.7,353810.0
2016-07-06,1358.0,1377.5,1356.3,1367.1,237060.0
2016-07-07,1365.7,1372.9,1352.0,1362.1,218460.0
2016-07-08,1361.0,1371.8,1336.3,1358.4,301190.0
2016-07-11,1368.9,1376.5,1351.8,1356.6,230700.0
2016-07-12,1356.3,1358.9,1331.0,1335.3,257339.99999999997
2016-07-13,1334.0,1346.3,1328.1,1343.6,204590.0
2016-07-14,1344.5,1348.0,1320.4,1332.2,264330.0
2016-07-15,1336.4,1339.5,1322.6,1327.4,191830.0
2016-07-18,1333.4,1336.0,1323.5,1329.3,163210.0
2016-07-19,1329.1,1335.5,1325.8,1332.3,150620.0
2016-07-20,1332.2,1338.8,1312.5,1319.3,224990.0
2016-07-21,1316.2,1334.0,1310.7,1331.0,253460.0
2016-07-22,1331.4,1334.0,1319.4,1323.4,232260.0
2016-07-25,1322.7,1323.4,1311.1,1319.5,263660.0
2016-07-26,1315.5,1324.4,1313.6,1320.8,203410.0
2016-07-27,1319.9,1342.3,1315.6,1326.7,215390.0
2016-07-28,1347.5,1352.6,1339.2,1341.2,194760.0
2016-07-29,1342.7,1362.0,1335.0,1357.5,229250.0
2016-08-01,1357.2,1361.9,1353.2,1359.6,112660.0
2016-08-02,1360.6,1374.2,1353.7,1372.6,161780.0
2016-08-03,1370.5,1373.4,1360.6,1364.7,138590.0
2016-08-04,1364.7,1371.4,1355.1,1367.4,170000.0
2016-08-05,1367.2,1371.0,1340.4,1344.4,223140.0
2016-08-08,1341.2,1343.9,1335.3,1341.3,137540.0
2016-08-09,1341.2,1348.5,1336.0,1346.7,124480.0
2016-08-10,1347.0,1363.6,1345.7,1351.9,191320.0
2016-08-11,1353.2,1359.4,1341.4,1350.0,155590.0
2016-08-12,1344.7,1362.5,1338.3,1343.2,239550.0
2016-08-15,1343.6,1349.1,1340.9,1347.5,120150.0
2016-08-16,1345.2,1364.3,1344.8,1356.9,221720.0
2016-08-17,1351.3,1356.8,1340.5,1348.8,169160.0
2016-08-18,1353.8,1361.5,1351.2,1357.2,170560.0
2016-08-19,1357.1,1357.9,1342.0,1346.2,185030.0
2016-08-22,1345.0,1345.7,1335.4,1343.4,156450.0
2016-08-23,1343.6,1348.8,1338.9,1346.1,132030.0
2016-08-24,1342.2,1344.1,1327.0,1329.7,225490.0
2016-08-25,1327.4,1330.2,1321.0,1324.6,167660.0
2016-08-26,1324.8,1346.0,1321.2,1325.9,300050.0
2016-08-29,1323.8,1328.5,1317.2,1327.1,142230.0
2016-08-30,1327.0,1328.9,1312.0,1316.5,159330.0
2016-08-31,1314.7,1319.2,1306.9,1311.4,179950.0
2016-09-01,1311.7,1318.6,1305.5,1317.1,179600.0
2016-09-02,1318.0,1334.0,1307.4,1326.7,234250.0
2016-09-05,1328.1,1357.2,1325.5,1354.0,281260.0
2016-09-07,1353.5,1357.6,1346.9,1349.2,151820.0
2016-09-08,1349.1,1353.9,1339.1,1341.6,182890.0
2016-09-09,1341.6,1343.6,1331.2,1334.5,163930.0
2016-09-12,1332.0,1333.8,1323.3,1325.6,194660.0
2016-09-13,1331.7,1335.9,1318.8,1323.7,180760.0
2016-09-14,1322.6,1329.8,1316.6,1326.1,139430.0
2016-09-15,1325.8,1332.5,1312.1,1318.0,211230.0
2016-09-16,1318.3,1321.5,1309.2,1310.2,138210.0
2016-09-19,1313.2,1321.8,1312.6,1317.8,115840.0
2016-09-20,1316.3,1321.1,1315.2,1318.2,93720.0
2016-09-21,1318.0,1341.3,1310.9,1331.4,268970.0
2016-09-22,1338.9,1347.8,1335.1,1344.7,166860.0
2016-09-23,1340.3,1344.5,1337.4,1341.7,113260.0
2016-09-26,1340.8,1346.1,1336.5,1344.1,126600.0
2016-09-27,1342.0,1343.5,1327.7,1330.4,187750.0
2016-09-28,1330.1,1331.1,1321.1,1323.7,157570.0
2016-09-29,1325.0,1329.4,1318.6,1326.0,157340.0
2016-09-30,1323.6,1331.5,1316.0,1317.1,214120.0
2016-10-03,1321.0,1322.6,1311.8,1312.7,130139.99999999999
2016-10-04,1315.0,1315.4,1269.0,1269.7,351260.0
2016-10-05,1270.5,1279.4,1264.1,1268.6,213860.0
2016-10-06,1269.7,1271.6,1251.8,1253.0,190190.0
2016-10-07,1256.8,1267.6,1243.2,1251.9,274150.0
2016-10-10,1258.5,1266.8,1258.5,1260.4,140760.0
2016-10-11,1261.7,1264.0,1254.3,1255.9,141050.0
2016-10-12,1254.5,1260.5,1251.2,1253.8,141580.0
2016-10-13,1257.1,1263.9,1254.7,1257.6,150100.0
2016-10-14,1259.5,1260.7,1246.9,1255.5,179880.0
2016-10-17,1252.9,1258.2,1251.1,1256.6,111890.0
2016-10-18,1256.0,1265.6,1255.9,1262.9,148170.0
2016-10-19,1263.9,1274.4,1261.1,1269.9,143610.0
2016-10-20,1270.6,1275.9,1265.5,1267.5,137040.0
2016-10-21,1266.5,1268.8,1261.7,1267.7,101390.0
2016-10-24,1266.9,1272.8,1260.1,1263.7,156820.0
2016-10-25,1265.2,1277.5,1262.4,1273.6,140030.0
2016-10-26,1274.0,1277.2,1265.1,1266.6,142110.0
2016-10-27,1267.2,1273.7,1265.2,1269.5,135140.0
2016-10-28,1269.2,1285.4,1262.0,1276.8,232890.0
2016-10-31,1278.3,1280.5,1271.9,1273.1,123700.0
2016-11-01,1277.8,1292.9,1276.3,1288.0,207260.0
2016-11-02,1289.0,1309.3,1288.4,1308.2,241700.0
2016-11-03,1298.1,1308.0,1286.2,1303.3,228550.0
2016-11-04,1303.2,1308.3,1295.7,1304.5,217450.0
2016-11-07,1294.5,1296.5,1278.6,1279.4,221680.0
2016-11-08,1282.2,1291.5,1273.3,1274.5,202500.0
2016-11-09,1276.8,1338.3,1268.1,1273.5,816530.0
2016-11-10,1278.4,1292.5,1251.9,1266.4,413560.0
2016-11-11,1258.7,1265.0,1218.7,1224.3,444590.0
2016-11-14,1227.7,1230.9,1211.0,1221.7,351970.0
2016-11-15,1221.8,1231.4,1218.6,1224.5,234170.0
2016-11-16,1228.0,1233.1,1221.0,1223.9,204450.0
2016-11-17,1224.8,1231.1,1210.5,1216.9,237790.0
2016-11-18,1216.0,1217.5,1201.3,1208.7,257110.0
2016-11-21,1207.3,1217.8,1205.4,1209.8,167830.0
2016-11-22,1213.5,1220.9,1205.6,1211.2,210550.0
2016-11-23,1212.6,1214.7,1181.2,1189.3,367810.0
2016-11-24,1189.4,1192.7,1170.3,1178.4,300280.0
2016-11-28,1184.4,1197.2,1182.4,1190.8,189910.0
2016-11-29,1196.6,1197.7,1182.6,1190.8,216190.0
2016-11-30,1190.7,1196.8,1171.3,1173.9,249320.0
2016-12-01,1175.1,1178.4,1162.2,1169.4,230280.0
2016-12-02,1174.3,1180.3,1168.4,1177.8,175970.0
2016-12-05,1182.6,1190.2,1158.6,1176.5,221460.0
2016-12-06,1172.8,1177.1,1168.1,1170.1,137610.0
2016-12-07,1171.4,1182.3,1167.2,1177.5,145810.0
2016-12-08,1176.1,1180.7,1170.9,1172.4,147750.0
2016-12-09,1172.5,1173.8,1157.6,1161.9,162820.0
2016-12-12,1161.4,1167.9,1152.5,1165.8,166800.0
2016-12-13,1164.5,1167.0,1156.3,1159.0,142850.0
2016-12-14,1159.8,1168.0,1140.0,1163.7,214400.0
2016-12-15,1143.8,1146.0,1124.3,1129.8,281610.0
2016-12-16,1130.5,1143.2,1128.5,1137.4,178640.0
2016-12-19,1136.1,1144.4,1135.5,1142.7,119180.0
2016-12-20,1139.8,1141.7,1127.3,1133.6,146050.0
2016-12-21,1134.0,1138.8,1131.0,1133.2,114060.0
2016-12-22,1133.2,1135.5,1128.6,1130.7,120320.0
2016-12-23,1130.0,1137.3,1129.5,1133.6,74800.0
2016-12-27,1135.3,1151.7,1132.8,1138.8,108450.0
2016-12-28,1139.3,1145.1,1137.1,1140.9,112510.0
2016-12-29,1143.1,1160.6,1142.6,1158.1,158030.0
2016-12-30,1159.5,1164.3,1150.3,1151.7,143850.0
2017-01-03,1151.4,1166.0,1146.5,1162.0,229180.0
2017-01-04,1159.6,1168.6,1156.7,1165.3,179880.0
2017-01-05,1164.6,1185.9,1163.6,1181.3,272120.0
2017-01-06,1181.0,1183.8,1171.1,1173.4,226430.0
2017-01-09,1172.9,1186.4,1172.2,1184.9,179030.0
2017-01-10,1181.3,1190.6,1180.2,1185.5,224810.0
2017-01-11,1188.1,1198.5,1177.0,1196.6,328690.0
2017-01-12,1191.1,1207.2,1190.7,1199.8,269320.0
2017-01-13,1194.8,1201.8,1187.5,1196.2,288620.0
2017-01-16,1199.4,1218.9,1198.0,1212.9,381420.0
2017-01-18,1216.8,1217.7,1201.8,1212.1,203650.0
2017-01-19,1203.1,1206.4,1195.4,1201.5,247400.0
2017-01-20,1204.8,1214.8,1198.2,1204.9,244340.0
2017-01-23,1209.3,1219.4,1209.0,1215.6,237410.0
2017-01-24,1218.0,1220.1,1206.2,1210.8,216010.0
2017-01-25,1208.6,1209.3,1192.6,1197.8,299180.0
2017-01-26,1200.7,1202.3,1183.9,1189.8,244310.0
2017-01-27,1188.5,1191.0,1179.7,1188.4,234350.0
2017-01-30,1194.6,1201.3,1190.0,1196.0,191770.0
2017-01-31,1197.7,1217.4,1195.6,1211.4,246900.0
2017-02-01,1212.2,1215.0,1199.7,1208.3,217090.0
2017-02-02,1211.2,1227.5,1210.2,1219.4,232060.0
2017-02-03,1217.8,1223.2,1208.3,1220.8,217980.0
2017-02-06,1221.9,1237.5,1220.8,1232.1,197320.0
2017-02-07,1236.9,1237.5,1229.2,1236.1,202310.0
2017-02-08,1235.2,1246.6,1231.3,1239.5,221910.0
2017-02-09,1242.7,1246.2,1226.1,1236.8,246140.0
2017-02-10,1229.6,1238.9,1222.6,1235.9,240050.0
2017-02-13,1234.2,1234.4,1220.3,1225.8,176620.0
2017-02-14,1226.1,1236.0,1222.7,1225.4,233750.0
2017-02-15,1228.6,1234.9,1217.5,1233.1,226710.0
2017-02-16,1234.3,1243.7,1233.3,1241.6,203790.0
2017-02-17,1240.8,1245.1,1235.3,1239.1,164410.0
2017-02-20,1236.4,1240.2,1226.8,1238.9,259510.0
2017-02-22,1236.9,1241.9,1231.5,1233.3,201340.0
2017-02-23,1238.3,1252.2,1236.4,1251.4,264970.0
2017-02-24,1250.6,1261.2,1248.8,1258.3,220130.0
2017-02-27,1258.9,1264.9,1251.5,1258.8,208490.0
2017-02-28,1253.3,1259.3,1248.2,1253.9,234940.0
2017-03-01,1248.5,1251.4,1237.2,1250.0,318040.0
2017-03-02,1249.9,1250.8,1231.1,1232.9,272760.0
2017-03-03,1234.8,1236.7,1223.0,1226.5,272290.0
2017-03-06,1233.9,1237.3,1225.0,1225.5,156980.0
2017-03-07,1225.7,1227.4,1214.1,1216.1,203710.0
2017-03-08,1215.6,1218.5,1206.4,1209.4,211110.0
2017-03-09,1207.7,1208.9,1199.0,1203.2,233510.0
2017-03-10,1200.2,1206.2,1194.5,1201.4,257839.99999999997
2017-03-13,1205.0,1210.9,1202.0,1203.1,173920.0
2017-03-14,1203.5,1207.5,1196.9,1202.6,183720.0
2017-03-15,1198.7,1222.0,1196.8,1200.7,264340.0
2017-03-16,1219.5,1234.0,1218.1,1227.1,257890.0
2017-03-17,1226.2,1231.5,1224.0,1230.2,153150.0
2017-03-20,1229.0,1235.5,1228.8,1234.0,126340.0
2017-03-21,1234.2,1247.7,1226.6,1246.5,285630.0
2017-03-22,1244.5,1251.5,1243.8,1249.7,216450.0
2017-03-23,1248.6,1253.3,1242.7,1247.2,234770.0
2017-03-24,1245.0,1251.9,1240.7,1248.5,207570.0
2017-03-27,1245.5,1261.0,1245.5,1255.7,237270.0
2017-03-28,1253.5,1258.4,1247.3,1255.6,243240.0
2017-03-29,1250.8,1254.4,1246.9,1253.7,190680.0
2017-03-30,1256.1,1256.5,1244.2,1248.0,217660.0
2017-03-31,1244.6,1252.8,1241.5,1251.2,165210.0
2017-04-03,1251.9,1255.9,1246.4,1254.0,142200.0
2017-04-04,1255.5,1263.7,1255.5,1258.4,158360.0
2017-04-05,1258.2,1259.3,1245.4,1248.5,236740.0
2017-04-06,1257.6,1260.9,1251.3,1253.3,165260.0
2017-04-07,1253.9,1273.3,1252.4,1257.3,375410.0
2017-04-10,1255.6,1258.9,1248.2,1253.9,182200.0
2017-04-11,1277.2,1289.0,1273.8,1278.1,251100.0
2017-04-12,1288.3,1290.7,1283.8,1288.5,235460.0
2017-04-17,1286.7,1294.4,1280.6,1294.1,280740.0
2017-04-18,1291.7,1292.7,1275.4,1283.4,260700.0
2017-04-19,1282.2,1285.2,1278.0,1283.8,245620.0
2017-04-20,1283.3,1290.1,1280.0,1289.1,229600.0
2017-04-24,1277.9,1279.9,1262.8,1267.2,253770.0
2017-04-25,1265.5,1272.8,1260.7,1264.2,241050.0
2017-04-26,1270.2,1271.1,1261.8,1265.9,210730.0
2017-04-27,1265.2,1269.9,1264.2,1268.3,173290.0
2017-05-01,1257.4,1258.8,1252.6,1257.0,181510.0
2017-05-02,1257.8,1257.8,1236.4,1248.5,253650.0
2017-05-03,1238.5,1241.7,1225.7,1228.6,318320.0
2017-05-04,1228.5,1236.0,1226.2,1226.9,275890.0
2017-05-08,1226.6,1228.7,1214.3,1216.1,254020.0
2017-05-09,1222.1,1225.8,1217.5,1218.9,194720.0
2017-05-10,1219.2,1227.7,1216.9,1224.2,237710.0
2017-05-11,1225.0,1231.6,1224.4,1227.7,199880.0
2017-05-15,1230.8,1239.1,1230.0,1236.4,204210.0
2017-05-16,1237.2,1261.5,1236.3,1258.7,377870.0
2017-05-17,1261.4,1265.0,1245.7,1252.8,368900.0
2017-05-18,1246.8,1256.4,1246.1,1253.6,212920.0
2017-05-22,1260.4,1263.8,1250.5,1255.5,275110.0
2017-05-23,1251.1,1258.8,1247.6,1253.1,257360.0
2017-05-24,1258.4,1259.4,1253.5,1256.4,202850.0
2017-05-25,1255.1,1269.3,1252.6,1268.1,271460.0
2017-05-30,1265.7,1276.8,1262.0,1275.4,204290.0
2017-05-31,1271.6,1272.8,1263.7,1270.1,181200.0
2017-06-01,1268.0,1282.2,1261.3,1280.2,272290.0
2017-06-05,1282.5,1298.8,1282.1,1297.5,257790.00000000003
2017-06-06,1297.0,1297.6,1285.0,1293.2,218850.0
2017-06-07,1289.5,1291.5,1273.5,1279.5,257440.0
2017-06-08,1283.5,1284.6,1266.7,1271.4,219210.0
2017-06-12,1267.7,1271.0,1260.5,1268.6,175600.0
2017-06-13,1268.4,1284.2,1259.0,1275.9,348340.0
2017-06-14,1262.7,1268.5,1252.7,1254.6,255150.0
2017-06-15,1255.6,1258.6,1253.2,1256.5,149110.0
2017-06-19,1245.4,1249.4,1242.4,1243.5,185390.0
2017-06-20,1243.9,1248.8,1241.7,1245.8,170460.0
2017-06-21,1246.4,1256.0,1246.4,1249.4,187390.0
2017-06-22,1250.9,1260.0,1250.6,1256.4,162670.0
2017-06-26,1245.2,1253.8,1241.8,1246.9,213420.0
2017-06-27,1247.3,1255.7,1246.7,1249.1,195070.0
2017-06-28,1249.6,1253.2,1239.7,1245.8,277750.0
2017-06-29,1245.2,1248.2,1239.0,1242.3,222760.0
2017-07-03,1220.1,1228.4,1216.5,1221.7,366770.0
2017-07-05,1226.5,1229.5,1221.8,1223.3,192210.0
2017-07-06,1224.6,1228.1,1206.6,1209.7,322180.0
2017-07-10,1213.8,1217.1,1207.4,1214.7,217240.0
2017-07-11,1216.5,1225.2,1212.5,1219.1,262770.0
2017-07-12,1219.2,1223.6,1215.6,1217.3,227820.0
2017-07-13,1216.4,1232.7,1214.0,1227.5,267440.0
2017-07-17,1233.3,1244.1,1232.2,1241.9,253190.0
2017-07-18,1242.0,1243.5,1235.1,1242.0,198030.0
2017-07-19,1240.6,1247.2,1234.6,1245.5,269020.0
2017-07-20,1244.1,1255.9,1242.8,1254.9,240530.0
2017-07-24,1255.2,1258.0,1248.8,1252.1,230390.0
2017-07-25,1250.3,1263.4,1243.2,1249.4,256120.0
2017-07-26,1260.5,1265.0,1253.9,1260.0,220310.0
2017-07-27,1265.0,1277.0,1263.2,1275.3,250890.0
2017-07-31,1275.6,1280.3,1268.4,1279.4,213540.0
2017-08-01,1275.2,1279.0,1268.9,1278.4,210980.0
2017-08-02,1272.6,1277.0,1262.9,1274.4,207020.0
2017-08-03,1275.3,1276.5,1259.8,1264.6,270850.0
2017-08-07,1262.9,1271.0,1257.1,1262.6,247540.0
2017-08-08,1266.1,1284.7,1265.9,1279.3,290970.0
2017-08-09,1283.2,1293.8,1280.3,1290.1,269830.0
2017-08-10,1292.5,1298.1,1286.7,1294.0,265330.0
2017-08-14,1287.0,1287.7,1272.7,1279.7,287560.0
2017-08-15,1276.9,1289.5,1273.2,1282.9,273200.0
2017-08-16,1290.0,1296.0,1286.4,1292.4,329840.0
2017-08-17,1293.8,1306.9,1289.1,1291.6,396540.0
2017-08-21,1297.1,1298.1,1287.0,1291.0,268990.0
2017-08-22,1290.4,1297.0,1287.9,1294.7,235690.0
2017-08-23,1296.0,1296.8,1289.3,1292.0,246720.0
2017-08-24,1291.3,1301.4,1281.3,1297.9,358610.0
2017-08-28,1320.5,1331.9,1310.6,1318.9,460450.0
2017-08-29,1314.8,1319.3,1310.1,1314.1,460450.0
2017-08-30,1314.1,1329.0,1302.3,1322.2,312010.0
2017-08-31,1326.9,1334.5,1321.4,1330.4,376310.0
2017-09-05,1345.0,1347.7,1336.4,1339.0,309350.0
2017-09-06,1339.0,1355.5,1337.2,1350.3,363780.0
2017-09-07,1354.0,1362.4,1347.1,1351.2,386650.0
2017-09-11,1331.7,1336.3,1326.7,1332.7,287750.0
2017-09-12,1336.2,1340.5,1324.5,1328.0,306370.0
2017-09-13,1327.6,1334.9,1319.5,1329.3,336580.0
2017-09-14,1333.7,1338.2,1323.0,1325.2,320510.0
2017-09-18,1310.5,1315.3,1308.7,1310.6,275310.0
2017-09-19,1314.7,1319.8,1299.5,1316.4,351420.0
2017-09-20,1304.8,1305.0,1291.2,1294.8,402210.0
2017-09-21,1294.1,1301.9,1294.1,1297.5,264470.0
2017-09-25,1314.2,1317.1,1295.0,1301.7,385650.0
2017-09-26,1297.3,1299.2,1284.1,1287.8,374770.0
2017-09-27,1285.1,1291.6,1280.4,1288.7,288510.0
2017-09-28,1290.1,1293.2,1278.2,1284.8,287450.0
2017-10-02,1273.1,1277.4,1271.0,1274.6,207420.0
2017-10-03,1274.5,1285.0,1273.1,1276.8,273120.0
2017-10-04,1277.5,1281.6,1268.5,1273.2,221520.0
2017-10-05,1270.6,1279.2,1262.8,1274.9,373750.0
2017-10-09,1286.8,1296.7,1284.6,1293.8,316580.0
2017-10-10,1290.7,1295.9,1286.8,1288.9,261360.0
2017-10-11,1294.6,1299.8,1291.8,1296.5,246080.0
2017-10-12,1296.0,1306.4,1292.9,1304.6,297570.0
2017-10-16,1297.2,1298.4,1283.2,1286.2,342410.0
2017-10-17,1286.9,1290.8,1278.6,1283.0,258540.00000000003
2017-10-18,1282.8,1292.8,1277.6,1290.0,355710.0
2017-10-19,1292.0,1292.9,1279.3,1280.5,314810.0
2017-10-23,1283.9,1285.3,1274.8,1278.3,268910.0
2017-10-24,1278.0,1281.3,1272.0,1279.0,379400.0
2017-10-25,1278.6,1283.8,1266.4,1269.6,384120.0
2017-10-26,1268.0,1275.2,1263.8,1271.8,363100.0
2017-10-30,1277.6,1279.1,1268.3,1270.5,272510.0
2017-10-31,1271.8,1281.9,1268.5,1277.3,384640.0
2017-11-01,1275.2,1285.1,1274.0,1278.1,380140.0
2017-11-02,1277.5,1281.2,1265.9,1269.2,373410.0
2017-11-06,1282.6,1282.8,1272.3,1275.8,337270.0
2017-11-07,1276.4,1288.1,1276.1,1283.7,358130.0
2017-11-08,1282.1,1289.5,1280.5,1287.5,394180.0
2017-11-09,1286.0,1287.7,1273.6,1274.2,354580.0
2017-11-13,1278.9,1283.8,1269.7,1282.9,355200.0
2017-11-14,1280.7,1290.0,1276.5,1277.7,433650.0
2017-11-15,1278.0,1281.8,1274.9,1278.2,274430.0
2017-11-16,1278.8,1297.5,1278.1,1296.5,387020.0
2017-11-20,1276.6,1284.5,1275.8,1281.7,330150.0
2017-11-21,1280.6,1294.6,1278.6,1292.2,390310.0
2017-11-22,1291.9,1293.3,1285.1,1287.3,347030.0
2017-11-27,1293.9,1297.0,1290.1,1294.9,275440.0
2017-11-28,1298.0,1300.4,1285.1,1286.2,392060.0
2017-11-29,1286.9,1288.4,1273.1,1276.7,354080.0
2017-11-30,1277.9,1292.5,1274.2,1282.3,438930.0
2017-12-04,1279.1,1279.8,1263.2,1264.9,334830.0
2017-12-05,1268.3,1271.8,1264.8,1266.1,253050.0
2017-12-06,1265.2,1266.8,1245.8,1253.1,326470.0
2017-12-07,1249.5,1254.4,1244.4,1248.4,277060.0
2017-12-11,1243.9,1247.9,1238.3,1241.7,232770.0
2017-12-12,1246.3,1259.7,1242.3,1248.6,324220.0
2017-12-13,1258.1,1261.6,1252.8,1257.1,264710.0
2017-12-14,1255.5,1264.5,1255.2,1257.5,246110.0
2017-12-18,1265.4,1268.6,1262.3,1264.2,206590.0
2017-12-19,1264.8,1271.4,1264.4,1269.6,205620.0
2017-12-20,1268.8,1272.5,1266.0,1270.6,196540.0
2017-12-21,1270.3,1280.4,1268.4,1278.8,193030.0
2017-12-26,1287.8,1293.2,1286.0,1291.4,205800.0
2017-12-27,1292.0,1297.3,1290.5,1297.2,225660.0
2017-12-28,1297.5,1309.8,1296.1,1309.3,241270.0
2018-01-02,1319.0,1323.0,1308.9,1318.5,353460.0
2018-01-03,1315.5,1327.3,1307.1,1321.6,369850.0
2018-01-04,1324.4,1324.7,1314.6,1322.3,330230.0
2018-01-08,1321.2,1321.4,1309.5,1313.7,333530.0
2018-01-09,1313.3,1328.6,1308.9,1319.3,391660.0
2018-01-10,1317.5,1324.7,1316.1,1322.5,264300.0
2018-01-11,1323.6,1340.0,1320.8,1334.9,365200.0
2018-01-16,1339.0,1344.5,1326.6,1339.2,365870.0
2018-01-17,1327.4,1333.3,1324.3,1327.2,312110.0
2018-01-18,1327.0,1338.2,1326.6,1333.1,275300.0
2018-01-22,1333.0,1341.5,1330.7,1336.7,370170.0
2018-01-23,1341.4,1361.6,1339.1,1356.3,505630.0
2018-01-24,1357.0,1365.4,1341.0,1362.9,537660.0
2018-01-25,1346.4,1356.0,1343.7,1352.1,341960.0
2018-01-29,1344.0,1352.5,1337.5,1340.0,412520.0
2018-01-30,1341.8,1351.0,1335.5,1343.1,377140.0
2018-01-31,1348.2,1354.3,1340.2,1347.9,310500.0
2018-02-01,1352.2,1353.3,1330.1,1337.3,431410.0
2018-02-05,1343.1,1349.3,1322.8,1329.5,473350.0
2018-02-06,1326.6,1334.8,1313.5,1314.6,351230.0
2018-02-07,1320.7,1324.5,1309.0,1319.0,365930.0
2018-02-08,1321.0,1325.0,1313.2,1315.7,317670.0
2018-02-12,1325.0,1333.5,1323.7,1330.4,201430.0
2018-02-13,1331.9,1358.6,1319.1,1358.0,431720.0
2018-02-14,1353.0,1359.8,1350.8,1355.3,274930.0
2018-02-15,1356.6,1364.4,1347.3,1356.2,230900.0
2018-02-20,1331.2,1338.5,1324.4,1332.1,255620.0
2018-02-21,1326.2,1334.4,1322.9,1332.7,206240.0
2018-02-22,1333.7,1334.2,1327.7,1330.3,167850.0
2018-02-26,1334.7,1338.4,1314.4,1318.6,334720.0
2018-02-27,1318.9,1323.7,1316.7,1317.9,263800.0
2018-02-28,1319.3,1322.3,1303.6,1305.2,421740.0
2018-03-01,1318.0,1326.6,1316.2,1323.4,264390.0
2018-03-05,1321.0,1339.9,1320.8,1335.2,285920.0
2018-03-06,1339.5,1342.0,1323.0,1327.6,305080.0
2018-03-07,1326.2,1329.8,1319.6,1321.7,252830.0
2018-03-08,1322.7,1325.9,1313.2,1324.0,345320.0
2018-03-12,1323.3,1328.8,1313.8,1327.1,330260.0
2018-03-13,1326.7,1330.5,1321.7,1325.6,252580.0
2018-03-14,1324.7,1328.1,1314.9,1317.8,257890.0
2018-03-15,1316.8,1321.8,1309.5,1312.3,289600.0
2018-03-19,1316.5,1318.1,1306.6,1311.9,292330.0
2018-03-20,1310.6,1336.9,1309.5,1321.5,470290.0
2018-03-21,1332.0,1335.0,1324.6,1327.4,358560.0
2018-03-22,1329.0,1350.4,1328.9,1349.9,454130.0
2018-03-26,1353.6,1356.8,1339.6,1342.0,290890.0
2018-03-27,1351.1,1352.2,1327.7,1330.0,386850.0
2018-03-28,1329.3,1332.6,1325.4,1327.3,251250.0
2018-04-02,1345.0,1346.6,1332.7,1337.3,288390.0
2018-04-03,1336.7,1352.5,1335.2,1340.2,351030.0
2018-04-04,1337.1,1338.7,1326.0,1328.5,280400.0
2018-04-05,1329.7,1339.1,1322.6,1336.1,373570.0
2018-04-09,1339.8,1346.2,1334.2,1345.9,285180.0
2018-04-10,1343.1,1369.4,1342.5,1360.0,492040.0
2018-04-11,1356.3,1356.7,1336.7,1341.9,397620.0
2018-04-12,1337.6,1350.3,1335.5,1347.9,265400.0
2018-04-16,1349.1,1352.2,1340.2,1349.5,276630.0
2018-04-17,1350.4,1359.0,1345.0,1353.5,311370.0
2018-04-18,1352.4,1357.7,1343.2,1348.8,342540.0
2018-04-19,1348.5,1348.9,1337.0,1338.3,282920.0
2018-04-23,1326.1,1334.5,1323.6,1333.0,277650.0
2018-04-24,1332.0,1333.8,1320.2,1322.8,269900.0
2018-04-25,1324.2,1328.0,1316.2,1317.9,295690.0
2018-04-26,1318.0,1326.4,1315.8,1323.4,241650.0
2018-04-30,1316.0,1317.4,1302.3,1306.8,283430.0
2018-05-01,1304.4,1314.9,1304.3,1305.6,370240.0
2018-05-02,1305.5,1319.0,1305.2,1312.7,306720.0
2018-05-03,1312.8,1316.9,1308.5,1314.7,308480.0
2018-05-07,1314.1,1318.5,1306.2,1313.7,407410.0
2018-05-08,1315.3,1317.8,1304.2,1313.0,384040.0
2018-05-09,1312.8,1323.4,1310.6,1322.3,373540.0
2018-05-10,1321.8,1326.3,1317.0,1320.7,263470.0
2018-05-14,1313.2,1314.7,1288.2,1290.3,485200.0
2018-05-15,1290.1,1296.4,1285.7,1291.5,333610.0
2018-05-16,1290.2,1294.0,1284.0,1289.4,298820.0
2018-05-17,1290.0,1293.7,1285.1,1291.3,264430.0
2018-05-21,1292.3,1296.0,1287.2,1292.0,291720.0
2018-05-22,1290.6,1298.4,1286.7,1289.6,402340.0
2018-05-23,1293.3,1306.4,1292.2,1304.4,432420.0
2018-05-24,1304.0,1307.2,1299.4,1303.7,292910.0
2018-05-29,1303.1,1308.8,1300.0,1306.5,338850.0
2018-05-30,1306.0,1311.5,1301.0,1304.7,315140.0
2018-05-31,1303.0,1304.8,1293.1,1299.3,318570.0
2018-06-04,1296.4,1304.8,1293.5,1302.2,271290.0
2018-06-05,1300.6,1306.1,1297.7,1301.4,252050.0
2018-06-06,1300.9,1307.8,1299.0,1303.0,259649.99999999997
2018-06-07,1301.3,1304.8,1296.0,1302.7,217650.0
2018-06-11,1304.5,1304.8,1296.3,1299.4,236390.0
2018-06-12,1299.6,1305.2,1294.5,1301.3,263840.0
2018-06-13,1303.1,1313.0,1301.0,1308.3,347190.0
2018-06-14,1303.1,1313.0,1277.9,1278.5,525960.0
2018-06-18,1280.7,1286.8,1272.6,1278.6,289570.0
2018-06-19,1277.3,1278.6,1269.6,1274.5,233180.0
2018-06-20,1269.7,1272.3,1262.4,1270.5,281810.0
2018-06-21,1268.6,1273.1,1268.4,1270.7,184220.0
2018-06-25,1267.3,1269.4,1256.4,1259.9,254010.0
2018-06-26,1260.5,1261.9,1252.2,1256.1,256899.99999999997
2018-06-27,1253.6,1255.8,1247.2,1251.0,241820.0
2018-06-28,1249.5,1257.1,1246.9,1254.5,226200.0
2018-07-02,1242.9,1258.5,1238.8,1253.5,297340.0
2018-07-03,1257.7,1261.0,1252.2,1258.8,392950.0
2018-07-05,1258.4,1260.2,1253.7,1255.8,200190.0
2018-07-09,1258.5,1261.0,1247.7,1255.4,272630.0
2018-07-10,1256.7,1257.3,1241.7,1244.4,299640.0
2018-07-11,1242.3,1248.8,1241.4,1246.6,220960.0
2018-07-12,1247.7,1248.5,1236.2,1241.2,257310.0
2018-07-16,1240.8,1245.1,1225.9,1227.3,318220.0
2018-07-17,1227.0,1229.1,1220.9,1227.9,283980.0
2018-07-18,1227.3,1229.6,1210.7,1224.0,428880.0
2018-07-19,1222.9,1232.4,1215.3,1231.1,355230.0
2018-07-23,1224.4,1229.7,1218.1,1225.5,299060.0
2018-07-24,1224.2,1234.3,1223.2,1231.8,272250.0
2018-07-25,1231.7,1235.3,1221.7,1225.7,285610.0
2018-07-26,1222.4,1226.9,1216.7,1223.0,254430.0
2018-07-30,1230.5,1237.8,1222.6,1233.6,297830.0
2018-07-31,1232.7,1233.7,1224.4,1227.6,218460.0
2018-08-01,1224.7,1230.0,1215.3,1220.1,234630.0
2018-08-02,1216.0,1228.5,1212.5,1223.2,280210.0
2018-08-06,1215.8,1224.3,1215.6,1218.3,205380.0
2018-08-07,1218.7,1223.8,1213.6,1221.0,263240.0
2018-08-08,1222.0,1225.6,1218.4,1219.9,232040.0
2018-08-09,1220.0,1224.9,1213.1,1219.0,328240.0
2018-08-13,1201.1,1205.8,1198.9,1200.7,242550.0
2018-08-14,1201.5,1202.0,1180.0,1185.0,377680.0
2018-08-15,1183.0,1189.0,1167.1,1184.0,362110.0
2018-08-16,1180.7,1192.0,1178.5,1184.2,255790.0
2018-08-20,1197.3,1204.3,1194.3,1200.0,218290.0
2018-08-21,1203.0,1208.4,1199.2,1203.3,234150.0
2018-08-22,1202.8,1203.4,1190.2,1194.0,232880.0
2018-08-23,1191.6,1215.4,1189.5,1213.3,293980.0
2018-08-27,1217.7,1220.7,1205.8,1214.4,273180.0
2018-08-28,1206.6,1213.7,1206.6,1211.5,241900.0
2018-08-29,1212.6,1214.0,1202.1,1205.0,288070.0
2018-08-30,1206.3,1214.9,1204.1,1206.7,265110.0
2018-09-04,1197.2,1204.2,1196.4,1201.3,209560.0
2018-09-05,1202.5,1212.7,1200.5,1204.3,284200.0
2018-09-06,1205.6,1209.0,1198.7,1200.4,287650.0
2018-09-10,1200.4,1204.8,1192.7,1202.2,263070.0
2018-09-11,1203.5,1213.9,1197.6,1210.9,304320.0
2018-09-12,1212.4,1218.0,1205.0,1208.2,304350.0
2018-09-13,1206.6,1213.8,1197.7,1201.1,282260.0
2018-09-17,1206.4,1208.2,1200.3,1202.9,229110.0
2018-09-18,1202.8,1211.0,1202.2,1208.3,233870.0
2018-09-19,1208.8,1213.2,1205.1,1211.3,241610.0
2018-09-20,1212.1,1215.8,1196.0,1201.3,344750.0
2018-09-24,1203.1,1207.9,1201.3,1205.1,197640.0
2018-09-25,1205.5,1206.9,1194.6,1199.1,343480.0
2018-09-26,1198.9,1202.6,1185.6,1187.4,351050.0
2018-09-27,1186.8,1198.0,1184.3,1196.2,307820.0
2018-10-01,1192.7,1212.3,1192.2,1207.0,365320.0
2018-10-02,1207.0,1212.3,1200.4,1202.9,255070.0
2018-10-03,1201.4,1210.7,1199.6,1201.6,290840.0
2018-10-04,1203.7,1209.8,1200.9,1205.6,255480.0
2018-10-08,1192.2,1195.8,1186.6,1191.5,243860.0
2018-10-09,1192.7,1198.6,1188.5,1193.4,248560.0
2018-10-10,1197.9,1230.0,1194.7,1227.6,531780.0
2018-10-11,1227.7,1228.1,1219.3,1222.0,318230.0
2018-10-15,1230.5,1235.9,1226.3,1231.0,242420.0
2018-10-16,1228.0,1232.9,1223.7,1227.4,235330.0
2018-10-17,1225.5,1233.6,1221.7,1230.1,243110.0
2018-10-18,1228.6,1234.1,1226.2,1228.7,191800.0
2018-10-22,1225.1,1243.0,1224.5,1236.8,288380.0
2018-10-23,1233.8,1238.0,1228.3,1231.1,211480.0
2018-10-24,1236.6,1242.0,1230.5,1232.4,259680.0
2018-10-25,1234.7,1246.0,1232.5,1235.8,315690.0
2018-10-29,1231.9,1232.5,1221.4,1225.3,224640.0
2018-10-30,1224.7,1225.0,1213.4,1215.0,247060.0
2018-10-31,1216.6,1239.3,1216.1,1238.6,313450.0
2018-11-01,1235.3,1238.4,1231.3,1233.3,256019.99999999997
2018-11-05,1233.4,1237.8,1224.9,1226.3,199670.0
2018-11-06,1228.9,1238.4,1224.2,1228.7,259290.00000000003
2018-11-07,1227.7,1228.5,1220.8,1225.1,239020.0
2018-11-08,1224.3,1224.6,1207.2,1208.6,322350.0
2018-11-12,1201.1,1205.5,1196.6,1201.4,248930.0
2018-11-13,1202.8,1217.2,1198.1,1210.1,277870.0
2018-11-14,1211.8,1217.0,1207.1,1215.0,253570.0
2018-11-15,1214.4,1226.0,1213.7,1223.0,242040.0
2018-11-19,1224.6,1229.5,1220.3,1221.2,255200.0
2018-11-20,1222.4,1230.9,1220.1,1228.0,227210.0
2018-11-21,1227.8,1229.2,1220.3,1223.2,240350.0
2018-11-26,1222.6,1225.2,1211.4,1213.4,307890.0
2018-11-27,1214.3,1227.7,1210.5,1223.6,247170.0
2018-11-28,1227.1,1234.9,1226.7,1230.4,246430.0
2018-11-29,1229.9,1231.1,1221.8,1226.0,170450.0
2018-12-03,1236.3,1247.5,1235.8,1246.6,221140.0
2018-12-04,1244.6,1244.8,1238.7,1242.6,110210.0
2018-12-05,1243.0,1249.9,1240.0,1243.6,248860.0
2018-12-06,1243.1,1255.8,1242.6,1252.6,225560.0
2018-12-10,1249.8,1255.1,1245.8,1247.2,186390.0
2018-12-11,1248.3,1252.6,1247.1,1250.0,157070.0
2018-12-12,1250.7,1251.7,1244.4,1247.4,158850.0
2018-12-13,1246.2,1247.3,1236.5,1241.4,194650.0
2018-12-17,1249.7,1254.5,1249.0,1253.6,171590.0
2018-12-18,1253.5,1262.2,1245.3,1256.4,275310.0
2018-12-19,1247.0,1270.3,1246.2,1267.9,318240.0
2018-12-20,1263.5,1266.2,1257.1,1258.1,212780.0
2018-12-26,1270.1,1281.6,1269.1,1281.1,213500.0
2018-12-27,1278.0,1284.7,1276.5,1283.0,162730.0
2019-01-02,1288.5,1296.9,1286.4,1294.8,244540.0
2019-01-03,1296.5,1300.4,1278.1,1285.8,316060.0
2019-01-07,1289.9,1291.4,1280.2,1285.9,221920.0
2019-01-08,1286.1,1295.0,1280.9,1292.0,245970.0
2019-01-09,1294.7,1298.0,1286.7,1287.4,239920.0
2019-01-10,1287.6,1295.7,1287.0,1289.5,210640.0
2019-01-14,1292.4,1294.8,1286.5,1288.4,242070.0
2019-01-15,1289.6,1295.4,1287.6,1293.8,181390.0
2019-01-16,1293.9,1295.0,1288.3,1292.3,191980.0
2019-01-17,1291.9,1292.2,1280.1,1282.6,225570.0
2019-01-22,1284.6,1286.0,1277.7,1284.0,217130.0
2019-01-23,1282.3,1283.9,1275.3,1279.8,225770.0
2019-01-24,1280.1,1303.4,1278.9,1298.1,303840.0
2019-01-28,1302.5,1310.8,1301.7,1308.9,213610.0
2019-01-29,1317.0,1328.6,1313.5,1315.5,272110.0
2019-01-30,1325.4,1331.1,1322.2,1325.2,224750.0
2019-01-31,1326.0,1328.2,1320.6,1322.1,200000.0
2019-02-04,1316.8,1321.0,1314.8,1319.2,129009.99999999999
2019-02-05,1319.4,1319.9,1309.6,1314.4,137250.0
2019-02-06,1310.9,1315.8,1306.4,1314.2,166760.0
2019-02-07,1314.3,1319.5,1311.5,1318.5,135690.0
2019-02-11,1311.6,1318.3,1310.0,1314.0,146450.0
2019-02-12,1314.3,1321.7,1308.1,1315.1,213960.0
2019-02-13,1309.6,1317.4,1304.7,1313.9,228460.0
2019-02-14,1315.5,1325.8,1314.3,1322.1,200280.0
2019-02-19,1343.9,1349.8,1339.8,1347.9,246720.0
2019-02-20,1341.7,1344.3,1323.3,1327.8,285810.0
2019-02-21,1325.8,1335.6,1323.8,1332.8,241800.0
2019-02-25,1329.9,1332.4,1325.5,1328.5,185560.0
2019-02-26,1331.0,1332.0,1318.4,1321.2,198040.0
2019-02-27,1321.7,1328.9,1314.0,1316.1,252240.0
2019-02-28,1315.5,1316.5,1291.3,1299.2,343470.0
2019-03-04,1287.8,1290.6,1282.0,1284.7,216930.0
2019-03-05,1288.8,1291.8,1284.3,1287.6,192930.0
2019-03-06,1287.3,1289.6,1280.8,1286.1,257920.00000000003
2019-03-07,1286.7,1301.3,1285.6,1299.3,283840.0
2019-03-11,1293.6,1302.6,1292.0,1298.1,203890.0
2019-03-12,1301.8,1311.6,1300.6,1309.3,214240.0
2019-03-13,1309.5,1310.3,1292.5,1295.1,248210.0
2019-03-14,1295.6,1306.3,1293.7,1302.9,234650.0
2019-03-18,1303.7,1310.8,1302.1,1306.5,206900.0
2019-03-19,1306.0,1317.2,1298.1,1301.7,370400.0
2019-03-20,1312.7,1320.2,1302.8,1307.3,332610.0
2019-03-21,1309.3,1314.7,1306.5,1312.3,271380.0
2019-03-25,1321.5,1323.0,1312.1,1315.0,267170.0
2019-03-26,1315.4,1318.8,1307.3,1310.4,206260.0
2019-03-27,1315.0,1317.6,1293.3,1295.3,426820.0
2019-03-28,1295.0,1304.6,1291.3,1298.5,270180.0
2019-04-01,1292.2,1297.1,1289.5,1295.4,196400.0
2019-04-02,1296.9,1299.0,1292.7,1295.3,190370.0
2019-04-03,1294.4,1298.7,1284.9,1294.3,262540.0
2019-04-04,1296.5,1297.8,1288.3,1295.6,231450.0
2019-04-08,1301.6,1310.4,1300.6,1308.3,200340.0
2019-04-09,1308.2,1314.7,1304.7,1313.9,218880.0
2019-04-10,1312.4,1313.1,1292.9,1293.3,324740.0
2019-04-11,1295.8,1299.1,1293.2,1295.2,192490.0
2019-04-15,1290.8,1291.7,1275.5,1277.2,326510.0
2019-04-16,1279.5,1282.1,1275.2,1276.8,223360.0
2019-04-17,1276.2,1279.7,1273.0,1276.0,229630.0
2019-04-22,1277.0,1278.5,1267.9,1273.2,280340.0
2019-04-23,1274.4,1280.7,1270.5,1279.4,246050.0
2019-04-24,1277.9,1284.8,1275.2,1279.7,237150.0
2019-04-25,1279.1,1290.9,1276.0,1288.8,278890.0
2019-04-29,1281.9,1288.2,1281.5,1285.7,239440.0
2019-04-30,1285.2,1289.4,1274.5,1284.2,275430.0
2019-05-01,1278.5,1279.4,1267.3,1272.0,282500.0
2019-05-02,1271.6,1283.9,1269.0,1281.3,280320.0
2019-05-06,1282.4,1287.3,1279.1,1285.6,251090.0
2019-05-07,1285.6,1292.8,1280.2,1281.4,302690.0
2019-05-08,1281.9,1289.2,1280.4,1285.2,306550.0
2019-05-09,1285.0,1290.3,1283.9,1287.4,238640.0
2019-05-13,1300.8,1304.2,1294.3,1296.3,222050.0
2019-05-14,1298.0,1301.7,1293.6,1297.8,247520.0
2019-05-15,1297.7,1299.3,1284.2,1286.2,282070.0
2019-05-16,1287.2,1289.0,1274.6,1275.7,264570.0
2019-05-20,1277.7,1277.7,1269.0,1273.2,213170.0
2019-05-21,1274.4,1277.1,1272.0,1274.2,191370.0
2019-05-22,1273.6,1287.1,1272.1,1285.4,330160.0
2019-05-23,1283.2,1284.7,1280.1,1283.6,218710.0
2019-05-28,1278.9,1285.2,1278.4,1281.0,189690.0
2019-05-29,1285.1,1293.9,1279.2,1292.4,284020.0
2019-05-30,1293.2,1311.9,1292.5,1311.1,341180.0
2019-06-03,1329.7,1334.1,1324.7,1328.7,319960.0
2019-06-04,1330.2,1348.9,1329.3,1333.6,413470.0
2019-06-05,1336.1,1344.2,1331.3,1342.7,263090.0
2019-06-06,1339.7,1352.7,1334.3,1346.1,331290.0
2019-06-10,1331.8,1333.8,1323.6,1331.2,215150.0
2019-06-11,1330.6,1342.3,1329.8,1336.8,234460.0
2019-06-12,1337.8,1347.0,1335.9,1343.7,204830.0
2019-06-13,1346.5,1362.2,1341.4,1344.5,358450.0
2019-06-17,1343.9,1358.5,1342.1,1350.7,376270.0
2019-06-18,1350.4,1366.6,1344.8,1348.8,332610.0
2019-06-19,1364.5,1397.7,1361.3,1396.9,542900.0
2019-06-20,1391.2,1415.4,1386.1,1400.1,518890.0
2019-06-24,1423.4,1442.9,1415.1,1418.7,643590.0
2019-06-25,1427.2,1427.9,1405.0,1415.4,421950.0
2019-06-26,1412.7,1415.3,1401.4,1412.0,336360.0
2019-06-27,1413.3,1427.8,1408.6,1413.7,306620.0
2019-07-01,1386.2,1424.0,1386.2,1408.0,383250.0
2019-07-02,1424.7,1441.0,1414.7,1420.9,419610.0
2019-07-03,1421.6,1426.8,1388.6,1400.1,577380.0
2019-07-08,1397.9,1402.4,1387.5,1400.5,287180.0
2019-07-09,1400.0,1421.1,1391.8,1412.5,443500.0
2019-07-10,1421.1,1429.4,1402.7,1406.7,400090.0
2019-07-11,1406.2,1418.9,1404.5,1412.2,284970.0
2019-07-15,1416.4,1420.0,1402.1,1411.2,334820.0
2019-07-16,1407.9,1428.4,1401.3,1423.3,358170.0
2019-07-17,1428.5,1449.7,1415.6,1428.1,481330.0
2019-07-18,1448.3,1454.4,1421.1,1426.7,530020.0
2019-07-22,1426.0,1431.4,1414.6,1421.7,386680.0
2019-07-23,1418.6,1430.0,1416.7,1423.6,318160.0
2019-07-24,1426.8,1434.1,1411.1,1414.7,489390.0
2019-07-25,1414.9,1424.8,1412.9,1419.3,306020.0
2019-07-29,1439.5,1445.7,1434.8,1441.8,259620.0
2019-07-30,1443.7,1447.8,1422.3,1437.8,419580.0
2019-07-31,1425.6,1458.2,1412.1,1432.4,587560.0
2019-08-01,1457.5,1461.9,1442.5,1457.5,493050.0
2019-08-05,1481.1,1486.8,1468.2,1484.2,381920.0
2019-08-06,1486.7,1522.7,1484.3,1519.6,651550.0
2019-08-07,1512.1,1521.3,1501.6,1509.5,402960.0
2019-08-08,1515.9,1521.1,1506.2,1508.5,332610.0
2019-08-12,1522.3,1546.1,1488.9,1514.1,616740.0
2019-08-13,1513.0,1534.9,1504.5,1527.8,484190.0
2019-08-14,1526.6,1537.7,1518.3,1531.2,436120.0
2019-08-15,1533.9,1538.6,1513.9,1523.6,322460.0
2019-08-19,1506.3,1518.8,1503.0,1515.7,247540.0
2019-08-20,1518.4,1518.4,1506.5,1515.7,245900.0
2019-08-21,1512.4,1514.6,1502.1,1508.5,279410.0
2019-08-22,1508.8,1540.3,1503.0,1537.6,473000.0
2019-08-26,1537.3,1554.5,1535.3,1551.8,347050.0
2019-08-27,1551.8,1556.6,1541.4,1549.1,353910.0
2019-08-28,1549.4,1559.8,1528.6,1536.9,455600.0
2019-08-29,1536.9,1541.9,1525.6,1529.4,330850.0
2019-09-03,1556.0,1566.2,1542.6,1560.4,412350.0
2019-09-04,1561.4,1561.9,1514.3,1525.5,606400.0
2019-09-05,1525.6,1536.2,1510.7,1515.5,544870.0
2019-09-09,1507.0,1509.1,1492.1,1499.2,397920.0
2019-09-10,1493.9,1506.2,1492.9,1503.2,308790.0
2019-09-11,1504.9,1532.2,1496.8,1507.4,491470.0
2019-09-12,1506.5,1516.6,1493.1,1499.5,364420.0
2019-09-16,1506.5,1515.0,1500.9,1513.4,336630.0
2019-09-17,1509.7,1519.5,1490.7,1515.8,364960.0
2019-09-18,1502.0,1512.1,1496.3,1506.2,291300.0
2019-09-19,1506.8,1524.5,1505.3,1515.1,284390.0
2019-09-23,1529.8,1543.3,1522.8,1540.2,424860.0
2019-09-24,1539.8,1542.8,1507.4,1512.3,481460.0
2019-09-25,1510.9,1519.5,1507.1,1515.2,378290.0
2019-09-26,1511.8,1514.4,1493.3,1506.4,451930.0
2019-09-30,1478.0,1493.5,1465.0,1489.0,450170.0
2019-10-01,1485.4,1511.4,1480.5,1507.9,393100.0
2019-10-02,1505.6,1525.8,1501.7,1513.8,408740.0
2019-10-03,1511.6,1522.2,1501.4,1512.9,344790.0
2019-10-07,1498.7,1515.3,1492.1,1503.9,371440.0
2019-10-08,1510.9,1518.0,1505.1,1512.8,285280.0
2019-10-09,1510.8,1522.3,1495.7,1500.9,417880.0
2019-10-10,1498.3,1508.0,1478.0,1488.7,485960.0
2019-10-14,1497.7,1503.0,1480.8,1483.5,317990.0
2019-10-15,1484.8,1495.5,1480.6,1494.0,367900.0
2019-10-16,1494.2,1501.1,1487.0,1498.3,305670.0
2019-10-17,1495.6,1497.9,1488.3,1494.1,232550.0
2019-10-21,1487.5,1492.1,1484.0,1487.5,208970.0
2019-10-22,1491.1,1499.4,1490.7,1495.7,244620.0
2019-10-23,1495.1,1506.9,1490.4,1504.7,305010.0
2019-10-24,1506.4,1520.9,1503.1,1505.3,368740.0
2019-10-28,1494.3,1497.1,1485.6,1490.7,291980.0
2019-10-29,1490.5,1499.3,1483.1,1496.7,353640.0
2019-10-30,1498.8,1516.7,1496.0,1514.8,390010.0
2019-10-31,1515.1,1519.0,1505.4,1511.4,380990.0
2019-11-04,1511.6,1511.9,1480.7,1483.7,593620.0
2019-11-05,1484.3,1495.9,1483.8,1493.1,313720.0
2019-11-06,1492.1,1493.6,1461.4,1466.4,674980.0
2019-11-07,1469.0,1473.9,1457.0,1462.9,447070.0
2019-11-11,1455.9,1461.3,1446.2,1453.7,429610.0
2019-11-12,1456.5,1467.9,1456.4,1463.3,352330.0
2019-11-13,1464.0,1475.5,1461.7,1473.4,317400.0
2019-11-14,1471.9,1472.1,1462.8,1468.5,251210.0
2019-11-18,1471.9,1475.8,1465.1,1474.3,307860.0
2019-11-19,1472.7,1479.2,1466.1,1474.2,369970.0
2019-11-20,1475.1,1475.9,1462.4,1463.6,388340.0
2019-11-21,1464.3,1473.4,1461.2,1463.6,320500.0
2019-11-25,1455.1,1462.9,1449.6,1460.3,346360.0
2019-11-26,1468.3,1469.1,1459.1,1460.8,232120.0
2019-11-27,1461.2,1472.9,1459.1,1472.7,272340.0
2019-12-02,1468.0,1487.7,1465.4,1484.4,400900.0
2019-12-03,1483.2,1489.9,1476.7,1480.2,319730.0
2019-12-04,1480.0,1485.7,1478.0,1483.1,240010.0
2019-12-05,1481.0,1485.3,1463.3,1465.1,317320.0
2019-12-09,1466.3,1473.7,1464.2,1468.1,228830.0
2019-12-10,1468.5,1483.5,1466.9,1475.0,251730.0
2019-12-11,1479.2,1491.6,1468.2,1472.3,409860.0
2019-12-12,1470.8,1482.5,1465.5,1481.2,356680.0
2019-12-16,1480.6,1484.9,1478.4,1480.6,173250.0
2019-12-17,1480.4,1483.6,1474.3,1478.7,197970.0
2019-12-18,1479.4,1485.8,1477.1,1484.4,201190.0
2019-12-19,1482.7,1484.8,1479.5,1480.9,140770.0
2019-12-23,1489.8,1505.0,1488.1,1504.8,183680.0
2019-12-26,1516.5,1519.9,1512.1,1518.1,204990.0
2019-12-30,1517.7,1529.0,1517.5,1523.1,220850.0
2020-01-02,1531.7,1556.6,1530.4,1552.4,436740.0
2020-01-03,1531.7,1556.6,1530.4,1552.4,436740.0
2020-01-06,1562.7,1590.9,1562.3,1568.8,558970.0
2020-01-07,1567.4,1579.2,1557.0,1574.3,435870.0
2020-01-08,1578.8,1613.3,1553.4,1560.2,813410.0
2020-01-09,1557.7,1562.4,1541.0,1554.3,372880.0
2020-01-10,1553.4,1564.1,1546.7,1560.1,344340.0
2020-01-13,1563.0,1563.1,1547.0,1550.6,311730.0
2020-01-14,1548.6,1549.5,1536.4,1544.6,340910.0
2020-01-15,1546.8,1558.8,1546.5,1554.0,310070.0
2020-01-16,1556.6,1558.2,1548.0,1550.5,260050.0
2020-01-17,1553.0,1561.4,1549.3,1560.3,264930.0
2020-01-20,1557.3,1568.8,1546.0,1557.9,462620.0
2020-01-21,1557.3,1568.8,1546.0,1557.9,462620.0
2020-01-22,1558.9,1559.8,1550.0,1556.7,286080.0
2020-01-23,1558.9,1567.5,1551.3,1565.4,361030.0
2020-01-24,1562.9,1575.5,1555.8,1571.9,427140.0
2020-01-27,1580.5,1588.4,1575.3,1577.4,398060.0
2020-01-28,1580.6,1582.2,1564.6,1569.8,378010.0
2020-01-29,1566.3,1577.7,1562.0,1570.4,251270.0
2020-01-30,1578.7,1587.8,1574.2,1586.5,4080.0
2020-01-31,1575.6,1592.3,1572.0,1584.9,2470.0
2020-02-03,1594.6,1595.1,1570.5,1579.5,1600.0
2020-02-04,1579.5,1580.7,1550.0,1552.7,1880.0
2020-02-05,1553.2,1563.2,1548.4,1560.1,1520.0
2020-02-06,1556.8,1568.9,1553.5,1567.2,1480.0
2020-02-07,1567.6,1574.6,1560.7,1570.6,1010.0
2020-02-10,1573.0,1577.3,1569.1,1576.6,460.0
2020-02-11,1573.0,1574.5,1562.6,1567.2,860.0
2020-02-12,1567.9,1570.3,1561.6,1568.8,830.0
2020-02-13,1566.8,1578.8,1566.6,1576.3,1300.0
2020-02-14,1577.5,1585.3,1573.6,1583.8,690.0
2020-02-17,1585.1,1608.2,1581.8,1603.6,414240.0
2020-02-18,1581.2,1605.3,1579.2,1601.0,2680.0
2020-02-19,1601.8,1612.9,1600.0,1608.8,2210.0
2020-02-20,1610.9,1622.8,1603.8,1617.4,2790.0
2020-02-21,1620.4,1648.1,1618.6,1645.1,2320.0
2020-02-24,1651.0,1687.3,1651.0,1673.5,2810.0
2020-02-25,1662.0,1662.3,1625.0,1647.0,2650.0
2020-02-26,1636.4,1652.4,1624.4,1640.4,1990.0
2020-02-27,1643.0,1662.5,1636.7,1642.5,573290.0
2020-02-28,1646.1,1651.0,1564.0,1566.7,745840.0
2020-03-02,1592.8,1612.1,1576.3,1594.8,443530.0
2020-03-03,1586.0,1650.5,1585.9,1644.4,466530.0
2020-03-04,1640.1,1654.3,1632.6,1643.0,313340.0
2020-03-05,1638.2,1675.5,1635.6,1668.0,363000.0
2020-03-06,1673.1,1692.8,1642.4,1672.4,659630.0
2020-03-09,1692.6,1704.3,1658.0,1675.7,504160.0
2020-03-10,1679.6,1681.3,1641.1,1660.3,385480.0
2020-03-11,1649.3,1671.8,1632.4,1642.3,404350.0
2020-03-12,1633.1,1651.0,1560.4,1590.3,605720.0
2020-03-13,1582.7,1597.9,1504.0,1516.7,551050.0
2020-03-16,1563.8,1574.8,1450.9,1486.5,565980.0
2020-03-17,1512.8,1554.3,1465.6,1525.8,434510.0
2020-03-18,1527.6,1547.0,1473.3,1477.9,435190.0
2020-03-19,1487.2,1502.8,1460.1,1479.3,325290.0
2020-03-20,1471.6,1519.4,1457.5,1484.6,269970.0
2020-03-23,1505.0,1569.3,1484.6,1567.6,362070.0
2020-03-24,1563.8,1698.0,1560.5,1660.8,418780.0
2020-03-25,1666.2,1699.3,1615.2,1633.4,254190.0
2020-03-26,1642.5,1672.5,1611.0,1651.2,215970.0
2020-03-27,1640.4,1647.2,1611.4,1625.0,100640.0
2020-03-30,1653.7,1667.4,1623.4,1637.1,3080.0
2020-03-31,1634.6,1634.6,1582.8,1589.3,970.0
2020-04-01,1581.7,1605.0,1574.8,1584.1,350.0
2020-04-02,1599.0,1635.8,1590.5,1630.7,440.0
2020-04-03,1629.7,1642.0,1616.5,1637.6,510.0
2020-04-06,1639.7,1705.5,1628.1,1684.0,1470.0
2020-04-07,1694.8,1731.8,1662.0,1672.6,2140.0
2020-04-08,1669.8,1685.0,1660.8,1674.1,1290.0
2020-04-09,1669.2,1739.7,1666.5,1739.9,1880.0
2020-04-13,1729.5,1760.6,1711.8,1749.8,1610.0
2020-04-14,1752.7,1778.2,1737.7,1759.1,1160.0
2020-04-15,1746.6,1747.7,1722.4,1729.6,1080.0
2020-04-16,1732.2,1756.4,1718.0,1722.7,1020.0
2020-04-17,1722.9,1725.7,1683.5,1690.8,1830.0
2020-04-20,1685.0,1710.0,1677.6,1703.4,620.0
2020-04-21,1703.6,1709.9,1659.2,1678.3,1660.0
2020-04-22,1698.6,1730.4,1690.1,1727.4,1650.0
2020-04-23,1725.6,1750.0,1721.2,1733.4,1700.0
2020-04-24,1733.7,1746.6,1715.0,1724.2,900.0
2020-04-27,1734.3,1734.3,1708.3,1712.6,740.0
2020-04-28,1713.5,1720.7,1694.9,1710.6,1260.0
2020-04-29,1724.8,1733.5,1708.2,1713.4,159600.0
2020-04-30,1729.6,1737.0,1687.5,1694.2,234530.0
2020-05-01,1693.5,1714.4,1676.0,1700.9,168020.0
2020-05-04,1711.2,1726.0,1700.3,1713.3,148730.0
2020-05-05,1711.0,1717.8,1695.4,1710.6,184730.0
2020-05-06,1714.1,1716.6,1683.0,1688.5,203370.0
2020-05-07,1686.0,1733.2,1683.9,1725.8,250700.0
2020-05-08,1727.2,1735.5,1703.1,1713.9,232810.0
2020-05-11,1706.0,1713.8,1692.1,1698.0,202170.0
2020-05-12,1700.0,1716.7,1693.5,1706.8,198070.0
2020-05-13,1705.0,1726.5,1701.6,1716.4,211610.0
2020-05-14,1723.1,1746.5,1716.0,1740.9,212910.0
2020-05-15,1738.5,1761.2,1736.8,1756.3,200180.0
2020-05-18,1757.5,1775.8,1729.3,1734.4,271470.0
2020-05-19,1734.8,1751.6,1727.2,1745.6,185260.0
2020-05-20,1749.2,1757.6,1744.0,1752.1,184460.0
2020-05-21,1751.7,1751.7,1715.3,1721.9,238740.0
2020-05-22,1726.0,1742.0,1722.5,1735.5,196820.0
2020-05-25,1734.8,1737.2,1700.0,1705.6,313170.0
2020-05-26,1730.2,1737.2,1700.0,1705.6,313170.0
2020-05-27,1703.1,1713.2,1684.2,1710.7,137420.0
2020-05-28,1718.7,1734.5,1714.0,1719.8,1560.0
2020-05-29,1724.9,1745.0,1718.6,1742.9,1190.0
2020-06-01,1743.0,1752.7,1730.5,1743.3,710.0
2020-06-02,1743.5,1750.0,1724.1,1728.9,690.0
2020-06-03,1729.7,1729.8,1686.9,1701.0,1720.0
2020-06-04,1699.6,1722.6,1695.5,1721.8,1100.0
2020-06-05,1715.0,1717.2,1669.1,1678.5,1100.0
2020-06-08,1682.0,1702.6,1675.8,1699.9,750.0
2020-06-09,1699.2,1724.1,1694.4,1717.0,620.0
2020-06-10,1715.1,1743.6,1709.0,1715.5,1150.0
2020-06-11,1741.2,1749.4,1722.6,1734.7,760.0
2020-06-12,1729.7,1746.9,1724.1,1732.0,590.0
2020-06-15,1733.2,1736.2,1701.0,1721.8,650.0
2020-06-16,1729.0,1735.5,1718.9,1731.5,370.0
2020-06-17,1730.6,1733.8,1714.4,1730.3,360.0
2020-06-18,1730.7,1742.1,1717.6,1726.0,260.0
2020-06-19,1726.3,1753.5,1726.3,1747.1,1870.0
2020-06-22,1755.5,1771.0,1747.4,1758.4,1910.0
2020-06-23,1759.3,1777.6,1751.7,1774.1,1030.0
2020-06-24,1777.3,1786.3,1765.0,1768.1,1710.0
2020-06-25,1760.7,1771.7,1760.4,1763.1,480.0
2020-06-26,1768.2,1778.5,1748.4,1773.3,640.0
2020-06-29,1789.2,1790.4,1776.5,1781.2,130509.99999999999
2020-06-30,1784.2,1804.0,1774.8,1800.5,199420.0
2020-07-01,1798.9,1807.7,1767.9,1779.9,263250.0
2020-07-02,1779.0,1791.7,1766.3,1790.0,186310.0
2020-07-03,1787.9,1799.0,1779.2,1793.5,184650.0
2020-07-06,1787.9,1799.0,1779.2,1793.5,184650.0
2020-07-07,1793.9,1810.8,1781.2,1809.9,221730.0
2020-07-08,1807.9,1829.8,1803.8,1820.6,247500.0
2020-07-09,1818.8,1825.5,1799.6,1803.8,283370.0
2020-07-10,1808.4,1817.0,1796.5,1801.9,223830.0
2020-07-13,1803.4,1818.8,1802.1,1814.1,230400.0
2020-07-14,1805.2,1815.0,1791.1,1813.4,253210.0
2020-07-15,1811.1,1819.5,1804.0,1813.8,183060.0
2020-07-16,1813.1,1816.2,1794.1,1800.3,196570.0
2020-07-17,1796.9,1813.9,1795.2,1810.0,167010.0
2020-07-20,1812.3,1823.4,1806.6,1817.4,177740.0
2020-07-21,1819.6,1844.9,1817.2,1843.9,271090.0
2020-07-22,1842.8,1871.8,1842.1,1865.1,382230.0
2020-07-23,1871.6,1897.7,1863.1,1890.0,418750.0
2020-07-24,1884.9,1904.6,1880.5,1897.5,300170.0
2020-07-27,1901.2,1941.9,1899.0,1931.0,428230.0
2020-07-28,1937.1,1974.7,1900.2,1944.6,434450.0
2020-07-29,1950.6,1974.9,1935.2,1953.4,209840.0
2020-07-30,1970.8,1971.1,1936.4,1949.5,5710.0
2020-07-31,1957.0,1985.7,1954.3,1968.0,5170.0
2020-08-03,1979.7,1992.1,1958.5,1969.5,2820.0
2020-08-04,1976.6,2020.5,1968.1,2004.2,3910.0
2020-08-05,2020.2,2053.5,2011.2,2032.9,4750.0
2020-08-06,2036.9,2065.1,2033.6,2054.6,2610.0
2020-08-07,2062.4,2074.0,2011.0,2014.3,4370.0
2020-08-10,2032.0,2047.3,2015.7,2027.3,2550.0
2020-08-11,2024.2,2027.0,1900.9,1935.7,6160.0
2020-08-12,1910.2,1948.7,1863.7,1937.5,4160.0
2020-08-13,1918.6,1963.5,1911.7,1959.3,2500.0
2020-08-14,1952.1,1958.3,1930.2,1938.8,1260.0
2020-08-17,1945.2,1988.6,1930.8,1987.1,1770.0
2020-08-18,1981.6,2013.0,1973.6,2001.6,1700.0
2020-08-19,2001.5,2003.0,1920.8,1960.5,2830.0
2020-08-20,1924.6,1951.5,1920.0,1935.4,2070.0
2020-08-21,1945.8,1950.4,1908.2,1936.0,1730.0
2020-08-24,1937.2,1959.2,1920.1,1928.6,1410.0
2020-08-25,1925.4,1932.9,1909.4,1912.5,1660.0
2020-08-26,1927.6,1952.6,1899.1,1941.7,3290.0
2020-08-27,1950.9,1973.8,1907.7,1922.3,2300.0
2020-08-28,1930.1,1974.9,1921.2,1966.8,11760.0
2020-08-31,1966.7,1977.7,1955.0,1970.5,7160.0
2020-09-01,1965.9,1992.5,1961.2,1970.8,10950.0
2020-09-02,1967.9,1972.4,1931.5,1936.9,10840.0
2020-09-03,1941.8,1948.4,1919.7,1930.2,8940.0
2020-09-04,1931.9,1948.8,1914.6,1926.2,10620.0
2020-09-07,1938.0,1948.3,1911.7,1943.2,416010.0
2020-09-08,1930.0,1940.2,1904.6,1935.1,15620.0
2020-09-09,1932.0,1951.4,1918.8,1946.8,8350.0
2020-09-10,1947.5,1966.6,1940.4,1956.0,11350.0
2020-09-11,1945.0,1954.6,1936.2,1939.5,8090.0
2020-09-14,1940.3,1963.6,1937.0,1954.7,6700.0
2020-09-15,1957.6,1973.8,1947.7,1958.0,18100.0
2020-09-16,1954.3,1975.4,1949.1,1962.0,11670.0
2020-09-17,1959.6,1960.5,1930.2,1941.3,12100.0
2020-09-18,1944.0,1959.1,1942.9,1953.2,6450.0
2020-09-21,1948.3,1954.1,1878.5,1902.1,18210.0
2020-09-22,1909.1,1916.8,1890.7,1899.3,11150.0
2020-09-23,1895.0,1901.6,1848.0,1860.5,18930.0
2020-09-24,1859.4,1872.8,1843.0,1868.9,19910.0
2020-09-25,1866.2,1870.6,1846.0,1857.8,10590.0
2020-09-28,1855.6,1878.4,1843.2,1872.8,10460.0
2020-09-29,1881.2,1899.9,1877.6,1898.7,530.0
2020-09-30,1898.9,1903.6,1882.1,1891.3,550.0
2020-10-01,1888.0,1913.9,1886.0,1912.3,750.0
2020-10-02,1907.0,1919.0,1893.0,1903.8,810.0
2020-10-05,1906.7,1920.0,1887.7,1916.1,660.0
2020-10-06,1913.7,1922.0,1875.1,1904.8,1050.0
2020-10-07,1879.9,1897.4,1873.2,1886.8,440.0
2020-10-08,1886.8,1900.4,1881.7,1891.0,700.0
2020-10-09,1894.8,1932.0,1894.8,1921.9,970.0
2020-10-12,1930.9,1933.3,1920.0,1924.3,440.0
2020-10-13,1923.7,1925.1,1885.9,1890.2,800.0
2020-10-14,1891.3,1912.8,1880.9,1903.1,410.0
2020-10-15,1902.0,1909.2,1889.0,1904.9,490.0
2020-10-16,1908.4,1913.4,1897.8,1902.4,270.0
2020-10-19,1899.6,1919.0,1896.9,1907.7,510.0
2020-10-20,1902.2,1913.6,1893.6,1911.6,370.0
2020-10-21,1909.0,1932.0,1908.5,1925.7,890.0
2020-10-22,1924.0,1925.4,1891.9,1901.6,1130.0
2020-10-23,1904.3,1913.7,1893.0,1902.3,390.0
2020-10-26,1902.1,1908.0,1890.8,1903.1,280.0
2020-10-27,1901.3,1910.8,1898.4,1909.2,330.0
2020-10-28,1908.0,1909.8,1867.9,1876.5,280.0
2020-10-29,1877.5,1885.1,1859.2,1868.0,225160.0
2020-10-30,1867.9,1890.9,1863.3,1879.9,213170.0
2020-11-02,1877.0,1897.1,1873.3,1892.5,164940.0
2020-11-03,1896.4,1912.2,1887.6,1910.4,171370.0
2020-11-04,1910.3,1917.9,1881.8,1896.2,293950.0
2020-11-05,1903.4,1954.3,1902.2,1946.8,297510.0
2020-11-06,1950.0,1961.8,1937.2,1951.7,246780.0
2020-11-09,1956.0,1966.1,1848.0,1854.4,496090.0
2020-11-10,1864.1,1888.9,1858.9,1876.4,264870.0
2020-11-11,1876.1,1882.5,1853.9,1861.6,215170.0
2020-11-12,1863.9,1883.0,1860.7,1873.3,209930.0
2020-11-13,1875.6,1895.8,1872.1,1886.2,162540.0
2020-11-16,1886.6,1898.0,1861.5,1887.8,222940.0
2020-11-17,1888.2,1892.7,1876.3,1885.1,160880.0
2020-11-18,1879.5,1884.2,1860.3,1873.9,209000.0
2020-11-19,1872.0,1872.6,1850.0,1861.5,222350.0
2020-11-20,1864.8,1879.2,1859.1,1872.4,186170.0
2020-11-23,1869.8,1875.0,1828.0,1837.8,319660.0
2020-11-24,1835.7,1836.9,1797.1,1804.6,367880.0
2020-11-25,1805.2,1816.3,1798.6,1805.5,205750.0
2020-11-26,1812.1,1822.6,1776.5,1788.1,282350.0
2020-11-27,1809.9,1820.0,1772.9,1784.8,6580.0
2020-11-30,1787.4,1789.9,1764.9,1778.0,1610.0
2020-12-01,1777.5,1818.3,1776.4,1816.6,1660.0
2020-12-02,1814.6,1833.0,1808.1,1827.6,1750.0
2020-12-03,1830.5,1844.0,1824.0,1838.4,1370.0
2020-12-04,1842.3,1850.1,1830.2,1837.5,1250.0
2020-12-07,1838.4,1870.2,1823.0,1863.3,1170.0
2020-12-08,1864.1,1877.0,1861.7,1872.3,890.0
2020-12-09,1872.0,1872.0,1826.8,1836.1,1050.0
2020-12-10,1840.3,1851.2,1831.3,1835.2,740.0
2020-12-11,1838.3,1849.4,1827.7,1841.4,530.0
2020-12-14,1838.7,1839.8,1821.1,1829.8,610.0
2020-12-15,1827.9,1856.1,1827.7,1853.2,740.0
2020-12-16,1853.5,1867.1,1846.2,1857.0,580.0
2020-12-17,1866.7,1898.3,1864.1,1887.9,1320.0
2020-12-18,1887.1,1892.7,1879.9,1886.5,590.0
2020-12-21,1890.3,1908.5,1857.2,1880.3,1060.0
2020-12-22,1883.7,1885.4,1861.6,1867.7,560.0
2020-12-23,1862.2,1880.1,1859.8,1875.6,500.0
2020-12-24,1874.1,1882.1,1871.1,1880.7,200.0
2020-12-28,1884.4,1900.8,1874.1,1877.9,1310.0
2020-12-29,1880.0,1886.3,1874.4,1880.5,340.0
2020-12-30,1881.8,1899.0,1879.5,1893.4,133660.0
2020-12-31,1899.0,1904.9,1889.1,1895.1,130630.0
2021-01-04,1908.2,1948.7,1906.1,1946.6,273370.0
2021-01-05,1946.0,1957.0,1938.4,1954.4,201950.0
2021-01-06,1952.8,1962.5,1902.6,1908.6,366610.0
2021-01-07,1921.5,1929.6,1907.5,1913.6,199980.0
2021-01-08,1915.2,1918.4,1827.8,1835.4,443510.0
2021-01-11,1849.4,1856.0,1817.1,1850.8,268360.0
2021-01-12,1845.4,1864.0,1835.8,1844.2,240660.0
2021-01-13,1855.0,1863.0,1841.6,1854.9,225990.0
2021-01-14,1845.6,1857.6,1826.6,1851.4,257660.00000000003
2021-01-15,1847.3,1856.6,1822.1,1829.9,231110.0
2021-01-18,1828.8,1845.0,1800.8,1840.2,331590.0
2021-01-19,1828.8,1845.0,1800.8,1840.2,331590.0
2021-01-20,1839.9,1872.0,1831.1,1866.5,274400.0
2021-01-21,1871.0,1874.6,1857.5,1865.9,196940.0
2021-01-22,1870.1,1870.8,1836.3,1856.2,249720.0
2021-01-25,1855.3,1867.4,1846.2,1855.2,211980.0
2021-01-26,1854.9,1860.8,1847.2,1850.9,170260.0
2021-01-27,1849.7,1851.5,1828.4,1844.9,195540.0
2021-01-28,1844.9,1865.0,1834.1,1839.4,2140.0
2021-01-29,1843.6,1877.2,1839.9,1849.0,2230.0
2021-02-01,1863.6,1874.0,1850.5,1862.2,2029.9999999999998
2021-02-02,1861.7,1863.6,1829.2,1832.4,1660.0
2021-02-03,1837.6,1844.5,1829.4,1833.8,810.0
2021-02-04,1833.5,1834.0,1783.6,1790.3,1990.0
2021-02-05,1793.7,1814.3,1791.5,1811.9,1380.0
2021-02-08,1816.6,1838.7,1806.6,1833.0,1220.0
2021-02-09,1831.1,1848.1,1829.6,1836.2,790.0
2021-02-10,1838.5,1855.0,1832.7,1841.6,1380.0
2021-02-11,1821.1,1846.0,1820.9,1825.6,920.0
2021-02-12,1824.5,1830.0,1810.0,1822.0,1600.0
2021-02-15,1826.0,1827.1,1788.1,1799.0,355920.0
2021-02-16,1825.0,1825.2,1787.6,1797.9,1540.0
2021-02-17,1789.2,1792.6,1767.7,1771.8,1020.0
2021-02-18,1776.2,1787.6,1765.9,1774.0,620.0
2021-02-19,1772.7,1789.0,1759.4,1776.3,1790.0
2021-02-22,1785.0,1809.9,1779.5,1807.2,1730.0
2021-02-23,1809.4,1813.0,1795.0,1804.8,1020.0
2021-02-24,1805.0,1810.7,1782.0,1796.6,1500.0
2021-02-25,1804.9,1805.0,1763.9,1775.4,316250.0
2021-02-26,1770.9,1773.8,1714.9,1728.8,362550.0
2021-03-01,1732.8,1757.4,1717.2,1723.0,241920.0
2021-03-02,1722.8,1737.8,1704.6,1733.6,235960.0
2021-03-03,1736.5,1739.1,1699.4,1715.8,255650.0
2021-03-04,1708.4,1721.6,1687.6,1700.7,277450.0
2021-03-05,1695.3,1705.7,1683.0,1698.5,269330.0
2021-03-08,1701.6,1712.0,1673.3,1678.0,273910.0
2021-03-09,1679.3,1718.7,1676.7,1716.9,248950.0
2021-03-10,1714.5,1725.3,1705.6,1721.8,226890.0
2021-03-11,1725.0,1738.0,1716.8,1722.6,215340.0
2021-03-12,1720.5,1728.0,1696.6,1719.8,232210.0
2021-03-15,1726.5,1733.2,1719.2,1729.2,163050.0
2021-03-16,1730.7,1740.5,1724.4,1730.9,173890.0
2021-03-17,1730.0,1750.6,1722.0,1727.1,220550.0
2021-03-18,1744.0,1754.2,1716.6,1732.5,251760.0
2021-03-19,1733.7,1746.1,1727.1,1741.7,213280.0
2021-03-22,1745.6,1747.0,1726.4,1738.1,196310.0
2021-03-23,1738.5,1742.0,1722.7,1725.1,226200.0
2021-03-24,1725.9,1737.7,1722.3,1733.2,186520.0
2021-03-25,1733.2,1744.8,1720.3,1725.1,226210.0
2021-03-26,1725.5,1735.5,1718.8,1732.3,172940.0
2021-03-29,1731.5,1732.6,1703.3,1712.2,135460.0
2021-03-30,1711.9,1712.8,1677.8,1685.1,1900.0
2021-03-31,1684.1,1714.9,1676.8,1714.4,1160.0
2021-04-01,1707.9,1730.4,1705.7,1727.3,1320.0
2021-04-05,1726.6,1733.2,1720.9,1727.7,430.0
2021-04-06,1727.3,1745.0,1727.3,1742.0,790.0
2021-04-07,1743.0,1743.0,1730.5,1740.5,360.0
2021-04-08,1737.5,1758.3,1733.6,1757.1,690.0
2021-04-09,1755.3,1757.1,1731.0,1743.8,640.0
2021-04-12,1742.4,1743.2,1726.1,1731.6,330.0
2021-04-13,1732.0,1748.4,1722.5,1746.5,600.0
2021-04-14,1745.0,1749.0,1731.6,1735.3,630.0
2021-04-15,1735.3,1768.6,1733.7,1765.8,580.0
2021-04-16,1764.2,1783.5,1759.7,1779.3,450.0
2021-04-19,1777.2,1789.4,1766.2,1769.7,700.0
2021-04-20,1769.5,1779.2,1763.0,1777.6,1090.0
2021-04-21,1777.4,1797.7,1776.0,1792.7,740.0
2021-04-22,1794.5,1797.2,1776.8,1781.5,290.0
2021-04-23,1784.0,1795.2,1771.5,1777.3,370.0
2021-04-26,1775.0,1782.5,1768.2,1779.4,750.0
2021-04-27,1780.3,1784.3,1773.9,1778.2,270.0
2021-04-28,1775.5,1780.0,1762.5,1773.5,760.0
2021-04-29,1781.9,1789.9,1754.6,1768.3,231520.0
2021-04-30,1772.4,1773.3,1763.3,1767.7,167290.0
2021-05-03,1768.1,1798.9,1765.6,1791.8,204540.0
2021-05-04,1793.2,1799.5,1769.2,1776.0,246590.0
2021-05-05,1778.4,1788.1,1769.3,1784.3,178810.0
2021-05-06,1787.0,1818.6,1781.8,1815.7,287630.0
2021-05-07,1815.4,1844.6,1813.4,1831.3,367700.0
2021-05-10,1835.4,1846.3,1830.5,1837.6,269710.0
2021-05-11,1836.2,1842.5,1817.8,1836.1,311100.0
2021-05-12,1838.2,1844.7,1813.0,1822.8,339210.0
2021-05-13,1816.2,1829.1,1808.4,1824.0,249930.0
2021-05-14,1826.4,1847.1,1819.0,1838.1,224380.0
2021-05-17,1845.9,1869.3,1841.1,1867.6,267710.0
2021-05-18,1867.3,1875.9,1863.5,1868.0,229020.0
2021-05-19,1870.2,1891.3,1852.2,1881.5,398210.0
2021-05-20,1869.9,1885.3,1864.2,1881.9,223570.0
2021-05-21,1878.1,1890.3,1870.3,1876.7,234290.0
2021-05-24,1883.5,1887.9,1875.7,1884.5,183310.0
2021-05-25,1881.2,1901.2,1873.2,1898.0,316670.0
2021-05-26,1900.0,1913.3,1890.7,1901.2,170530.0
2021-05-27,1898.0,1904.5,1890.0,1896.9,1130.0
2021-05-28,1898.3,1907.3,1883.1,1904.0,1500.0
2021-05-31,1906.8,1919.2,1894.5,1905.0,290650.0
2021-06-01,1905.9,1917.4,1893.2,1903.7,2090.0
2021-06-02,1900.2,1910.3,1895.2,1908.7,1340.0
2021-06-03,1909.6,1909.6,1866.4,1872.1,1350.0
2021-06-04,1872.1,1897.3,1855.0,1890.8,960.0
2021-06-07,1893.3,1901.4,1882.5,1897.6,640.0
2021-06-08,1900.6,1904.9,1885.0,1893.1,1570.0
2021-06-09,1893.0,1900.4,1888.0,1894.2,690.0
2021-06-10,1890.2,1901.0,1871.3,1895.2,980.0
2021-06-11,1900.3,1904.5,1875.0,1878.4,820.0
2021-06-14,1878.3,1878.3,1844.8,1864.6,1220.0
2021-06-15,1866.8,1868.8,1852.1,1855.2,360.0
2021-06-16,1859.8,1864.2,1804.2,1860.2,1690.0
2021-06-17,1811.4,1824.0,1767.9,1774.5,3630.0
2021-06-18,1774.0,1796.5,1761.4,1768.4,1360.0
2021-06-21,1763.8,1785.4,1763.8,1782.3,690.0
2021-06-22,1785.3,1789.0,1771.1,1776.5,830.0
2021-06-23,1777.2,1794.5,1772.9,1782.5,500.0
2021-06-24,1778.0,1787.2,1772.5,1775.8,490.0
2021-06-25,1776.0,1789.9,1772.9,1777.0,520.0
2021-06-28,1780.3,1783.5,1770.0,1779.8,890.0
2021-06-29,1778.8,1779.2,1750.1,1763.6,239910.0
2021-06-30,1761.9,1774.7,1753.2,1771.6,177890.0
2021-07-01,1770.8,1783.4,1765.9,1776.8,171440.0
2021-07-02,1777.5,1795.9,1774.4,1783.3,205860.0
2021-07-05,1787.5,1815.7,1784.7,1794.2,276600.0
2021-07-06,1787.5,1815.7,1784.7,1794.2,276600.0
2021-07-07,1797.0,1810.2,1794.1,1802.1,171080.0
2021-07-08,1803.8,1819.5,1793.5,1800.2,249340.0
2021-07-09,1803.2,1813.0,1796.6,1810.6,185580.0
2021-07-12,1808.5,1811.0,1791.0,1805.9,201420.0
2021-07-13,1806.7,1818.0,1798.7,1809.9,242180.0
2021-07-14,1808.3,1831.1,1804.9,1825.0,229880.0
2021-07-15,1828.7,1835.0,1820.6,1829.0,175610.0
2021-07-16,1830.7,1832.7,1809.5,1815.0,184660.0
2021-07-19,1811.6,1818.0,1795.0,1809.2,249680.0
2021-07-20,1813.5,1825.9,1805.2,1811.4,221140.0
2021-07-21,1810.6,1814.4,1794.3,1803.4,218640.0
2021-07-22,1803.9,1808.4,1791.9,1805.4,193320.0
2021-07-23,1807.7,1810.7,1789.1,1801.8,236760.0
2021-07-26,1802.3,1812.0,1796.0,1799.2,204550.0
2021-07-27,1797.1,1805.4,1792.8,1799.8,177040.0
2021-07-28,1798.6,1809.0,1790.7,1799.7,209780.0
2021-07-29,1807.8,1833.8,1807.5,1832.3,3650.0
2021-07-30,1829.2,1831.6,1809.8,1813.5,1640.0
2021-08-02,1813.4,1819.6,1804.9,1818.7,790.0
2021-08-03,1813.1,1814.0,1806.5,1810.7,460.0
2021-08-04,1810.5,1832.1,1805.0,1811.2,2009.9999999999998
2021-08-05,1811.4,1814.3,1796.7,1805.7,900.0
2021-08-06,1803.7,1803.7,1756.8,1760.3,1990.0
2021-08-09,1762.8,1762.8,1690.1,1723.8,1820.0
2021-08-10,1728.6,1736.5,1716.0,1729.0,710.0
2021-08-11,1727.4,1754.0,1723.1,1750.8,950.0
2021-08-12,1750.9,1756.5,1740.1,1749.3,300.0
2021-08-13,1752.0,1778.6,1751.3,1775.5,1000.0
2021-08-16,1777.7,1787.9,1770.4,1787.2,860.0
2021-08-17,1786.5,1794.5,1779.6,1785.5,1120.0
2021-08-18,1785.7,1793.0,1776.5,1782.1,560.0
2021-08-19,1787.2,1792.2,1774.0,1780.6,400.0
2021-08-20,1779.5,1787.8,1778.0,1781.4,620.0
2021-08-23,1780.7,1805.5,1775.9,1803.6,780.0
2021-08-24,1804.8,1809.4,1800.0,1805.9,500.0
2021-08-25,1802.1,1802.1,1782.5,1788.2,910.0
2021-08-26,1790.0,1796.1,1780.7,1792.4,570.0
2021-08-27,1794.6,1818.7,1786.7,1816.6,1220.0
2021-08-30,1819.0,1823.6,1807.8,1809.8,2780.0
2021-08-31,1810.0,1819.5,1801.3,1815.8,5150.0
2021-09-01,1815.0,1820.2,1808.8,1813.8,5390.0
2021-09-02,1814.2,1817.1,1804.6,1809.4,3450.0
2021-09-03,1809.5,1834.5,1809.0,1831.5,5230.0
2021-09-06,1833.5,1833.5,1793.7,1798.5,252480.0
2021-09-07,1831.5,1831.5,1791.8,1796.3,8860.0
2021-09-08,1794.1,1802.2,1780.8,1791.2,3910.0
2021-09-09,1789.5,1800.8,1783.7,1797.8,6410.0
2021-09-10,1794.4,1803.7,1786.5,1789.9,2940.0
2021-09-13,1787.5,1797.8,1782.3,1792.3,2760.0
2021-09-14,1792.8,1808.4,1778.6,1805.0,5780.0
2021-09-15,1804.2,1806.0,1789.8,1792.6,2660.0
2021-09-16,1793.5,1795.1,1743.5,1754.6,11970.0
2021-09-17,1751.1,1765.4,1745.4,1749.4,8310.0
2021-09-20,1752.0,1766.0,1740.5,1761.8,3660.0
2021-09-21,1763.4,1780.8,1756.3,1776.1,11490.0
2021-09-22,1773.1,1785.9,1762.8,1776.7,6340.0
2021-09-23,1766.9,1774.5,1736.3,1747.7,10630.0
2021-09-24,1741.3,1755.6,1738.3,1749.7,9360.0
2021-09-27,1750.0,1758.7,1744.1,1750.0,9860.0
2021-09-28,1748.1,1751.9,1726.4,1735.9,15750.0
2021-09-29,1733.5,1745.1,1721.5,1722.2,840.0
2021-09-30,1725.9,1763.4,1723.3,1756.3,390.0
2021-10-01,1755.9,1764.3,1750.0,1757.7,150.0
2021-10-04,1760.4,1769.5,1747.3,1766.9,550.0
2021-10-05,1768.9,1768.9,1748.1,1760.2,320.0
2021-10-06,1757.7,1765.4,1745.8,1761.2,390.0
2021-10-07,1763.3,1766.2,1753.2,1758.6,470.0
2021-10-08,1757.1,1780.6,1755.0,1756.8,620.0
2021-10-11,1754.0,1759.8,1752.3,1755.1,120.0
2021-10-12,1752.3,1769.5,1751.4,1758.7,550.0
2021-10-13,1760.4,1796.1,1758.5,1794.1,410.0
2021-10-14,1793.0,1800.7,1788.1,1797.3,430.0
2021-10-15,1796.8,1796.8,1766.3,1767.7,880.0
2021-10-18,1767.1,1770.2,1760.2,1765.1,2180.0
2021-10-19,1764.1,1785.0,1763.0,1769.9,220.0
2021-10-20,1768.5,1789.0,1768.4,1784.4,320.0
2021-10-21,1782.4,1788.8,1778.0,1781.3,120.0
2021-10-22,1786.0,1813.5,1785.0,1795.7,310.0
2021-10-25,1793.5,1810.1,1793.3,1806.2,220.0
2021-10-26,1808.6,1808.8,1783.3,1792.5,580.0
2021-10-27,1789.4,1799.0,1785.8,1797.8,540.0
2021-10-28,1798.7,1812.7,1793.1,1802.6,220880.0
2021-10-29,1801.5,1802.9,1772.4,1783.9,254510.0
2021-11-01,1785.3,1797.5,1780.2,1795.8,143330.0
2021-11-02,1794.8,1797.8,1787.4,1789.4,145790.0
2021-11-03,1789.2,1789.3,1758.5,1763.9,257430.0
2021-11-04,1769.9,1800.3,1769.3,1793.5,222610.0
2021-11-05,1792.6,1820.1,1785.3,1816.8,299620.0
2021-11-08,1820.6,1828.3,1813.8,1828.0,200410.0
2021-11-09,1826.9,1834.8,1821.0,1830.8,224410.0
2021-11-10,1834.5,1870.6,1823.0,1848.3,352790.0
2021-11-11,1851.5,1868.7,1845.1,1863.9,205310.0
2021-11-12,1864.3,1871.4,1847.5,1868.5,201360.0
2021-11-15,1872.6,1873.0,1858.5,1866.6,221210.0
2021-11-16,1864.9,1879.5,1851.0,1854.1,220430.0
2021-11-17,1851.6,1870.6,1851.1,1870.2,172420.0
2021-11-18,1869.5,1873.3,1856.6,1861.4,186060.0
2021-11-19,1860.8,1868.1,1844.2,1851.6,234080.0
2021-11-22,1848.3,1850.4,1802.4,1806.3,352860.0
2021-11-23,1807.1,1812.5,1781.7,1783.8,311350.0
2021-11-24,1789.8,1796.2,1777.4,1784.3,203240.0
2021-11-25,1789.6,1816.3,1778.6,1785.5,186800.0
2021-11-26,1789.6,1816.3,1778.6,1785.5,186800.0
2021-11-29,1794.5,1800.2,1781.1,1783.8,1770.0
2021-11-30,1785.8,1809.6,1770.0,1775.1,1750.0
2021-12-01,1776.0,1792.4,1772.5,1783.0,1270.0
2021-12-02,1782.2,1782.5,1761.8,1761.6,930.0
2021-12-03,1770.4,1785.9,1765.9,1782.9,840.0
2021-12-06,1786.8,1786.8,1775.3,1778.5,350.0
2021-12-07,1778.2,1786.5,1771.8,1783.6,550.0
2021-12-08,1784.0,1790.9,1779.8,1784.5,1040.0
2021-12-09,1783.2,1786.8,1774.3,1775.7,310.0
2021-12-10,1775.2,1789.4,1769.6,1783.8,450.0
2021-12-13,1783.0,1790.2,1781.6,1787.3,360.0
2021-12-14,1786.1,1787.7,1766.0,1771.3,440.0
2021-12-15,1770.4,1779.8,1754.3,1763.6,1130.0
2021-12-16,1778.3,1799.3,1775.0,1797.4,470.0
2021-12-17,1800.1,1814.1,1796.5,1804.1,790.0
2021-12-20,1798.5,1803.5,1789.0,1793.8,420.0
2021-12-21,1790.7,1799.9,1784.7,1788.0,470.0
2021-12-22,1789.8,1805.0,1785.9,1801.5,1000.0
2021-12-23,1804.9,1810.8,1799.8,1811.0,770.0
2021-12-27,1808.4,1813.3,1803.7,1808.0,1190.0
2021-12-28,1812.0,1820.0,1805.3,1810.1,610.0
2021-12-29,1805.0,1807.1,1788.4,1804.8,620.0
2021-12-30,1805.6,1818.1,1796.2,1814.1,113430.0
2021-12-31,1817.0,1831.4,1815.4,1828.6,106600.0
2022-01-03,1830.1,1833.0,1798.2,1800.1,168310.0
2022-01-04,1801.1,1817.2,1798.1,1814.6,167710.0
2022-01-05,1815.2,1830.7,1808.2,1825.1,173340.0
2022-01-06,1810.6,1811.6,1785.4,1789.2,238640.0
2022-01-07,1791.0,1798.4,1781.3,1797.4,238930.0
2022-01-10,1796.4,1802.0,1789.3,1798.8,173040.0
2022-01-11,1801.3,1823.1,1799.7,1818.5,184150.0
2022-01-12,1821.3,1828.2,1814.4,1827.3,192980.0
2022-01-13,1825.7,1828.3,1811.8,1821.4,215520.0
2022-01-14,1822.1,1829.3,1814.2,1816.5,174940.0
2022-01-17,1818.7,1822.9,1804.7,1812.4,362940.0
2022-01-18,1818.7,1822.9,1804.7,1812.4,362940.0
2022-01-19,1812.9,1843.9,1809.0,1843.2,318490.0
2022-01-20,1840.1,1848.5,1836.2,1842.6,233860.0
2022-01-21,1840.6,1843.7,1828.4,1831.8,225250.0
2022-01-24,1835.2,1844.9,1829.3,1841.7,244330.0
2022-01-25,1843.6,1854.2,1834.4,1852.5,197800.0
2022-01-26,1848.0,1850.2,1814.1,1829.7,270030.0
2022-01-27,1819.0,1821.4,1790.6,1793.1,196040.0
2022-01-28,1798.4,1799.1,1779.7,1785.8,1300.0
2022-01-31,1791.8,1800.0,1785.7,1796.0,1370.0
2022-02-01,1798.1,1808.7,1796.0,1800.8,2540.0
2022-02-02,1800.3,1810.5,1794.5,1809.5,1220.0
2022-02-03,1806.8,1807.6,1787.8,1803.2,1180.0
2022-02-04,1804.6,1814.5,1792.4,1806.8,1620.0
2022-02-07,1807.8,1823.3,1807.8,1820.8,1410.0
2022-02-08,1820.7,1828.7,1815.7,1826.8,930.0
2022-02-09,1826.1,1835.8,1824.7,1835.6,880.0
2022-02-10,1833.1,1842.2,1821.0,1836.4,790.0
2022-02-11,1827.4,1866.4,1821.5,1841.1,950.0
2022-02-14,1861.4,1875.0,1851.1,1868.3,860.0
2022-02-15,1872.0,1880.1,1844.7,1855.1,880.0
2022-02-16,1854.3,1873.4,1851.7,1870.5,430.0
2022-02-17,1870.6,1902.3,1869.9,1901.0,960.0
2022-02-18,1901.2,1903.5,1887.5,1898.8,640.0
2022-02-21,1903.5,1918.3,1889.7,1907.4,334590.0
2022-02-22,1902.5,1916.8,1888.7,1906.4,2190.0
2022-02-23,1900.3,1911.5,1890.4,1909.4,423050.0
2022-02-24,1911.1,1975.0,1880.0,1925.4,229780.0
2022-02-28,1921.0,1935.2,1892.2,1900.7,224000.0
2022-03-01,1908.4,1952.6,1903.0,1943.8,227980.0
2022-03-02,1945.3,1951.4,1916.0,1922.3,180210.0
2022-03-03,1931.7,1944.6,1923.1,1935.9,241530.0
2022-03-07,1978.5,2007.5,1964.2,1995.9,447650.0
2022-03-08,2001.0,2078.8,1985.8,2043.3,360350.0
2022-03-09,2060.2,2068.5,1981.0,1988.2,303270.0
2022-03-10,1992.8,2015.1,1975.0,2000.4,262089.99999999997
2022-03-14,1988.7,1994.8,1952.0,1960.8,220370.0
2022-03-15,1953.7,1956.9,1908.1,1929.7,195460.0
2022-03-16,1920.1,1930.1,1895.2,1909.2,149830.0
2022-03-17,1928.4,1951.0,1924.0,1943.2,150880.0
2022-03-21,1922.4,1941.8,1917.2,1929.5,153280.0
2022-03-22,1936.1,1939.5,1909.8,1921.5,153310.0
2022-03-23,1920.9,1948.8,1915.6,1937.3,181200.0
2022-03-24,1944.1,1967.2,1937.4,1962.2,147900.0
2022-03-28,1958.7,1959.8,1915.7,1939.8,128050.00000000001
2022-03-29,1922.4,1929.4,1888.3,1912.2,136040.0
2022-03-30,1922.4,1940.0,1917.8,1936.1,155300.0
2022-03-31,1935.4,1951.9,1921.5,1951.1,135150.0
2022-04-04,1924.5,1938.0,1917.8,1930.6,147260.0
2022-04-05,1934.4,1945.0,1918.1,1924.1,153970.0
2022-04-06,1924.8,1932.0,1914.0,1919.7,122810.0
2022-04-07,1923.8,1937.1,1920.4,1934.7,142500.0
2022-04-11,1949.5,1970.8,1940.8,1945.1,172390.0
2022-04-12,1953.5,1979.2,1951.0,1973.2,132030.0
2022-04-13,1968.6,1982.4,1963.7,1981.9,139420.0
2022-04-18,1974.8,2000.0,1972.5,1983.6,181440.0
2022-04-19,1978.6,1981.0,1943.5,1956.3,139510.0
2022-04-20,1949.9,1957.8,1938.7,1952.9,154920.0
2022-04-21,1955.0,1955.2,1935.8,1945.4,176680.0
2022-04-25,1932.3,1932.3,1890.0,1893.3,166200.0
2022-04-26,1898.5,1908.5,1894.0,1901.5,178200.0
2022-04-27,1903.1,1903.1,1879.2,1885.8,170910.0
2022-04-28,1886.8,1897.8,1870.9,1891.3,177140.0
2022-05-02,1896.2,1900.4,1853.4,1863.6,167430.0
2022-05-03,1863.6,1878.4,1849.7,1870.6,161480.0
2022-05-04,1868.3,1892.0,1861.1,1868.8,218390.0
2022-05-05,1884.1,1910.7,1872.3,1875.7,194280.0
2022-05-09,1883.7,1885.6,1851.0,1858.6,260810.0
2022-05-10,1853.9,1864.7,1834.5,1841.0,243560.0
2022-05-11,1836.6,1857.8,1830.6,1853.7,255610.0
2022-05-12,1852.3,1858.8,1820.1,1824.6,179480.0
2022-05-16,1809.4,1826.0,1785.0,1814.0,137290.0
2022-05-17,1823.9,1834.8,1811.0,1818.9,150350.0
2022-05-18,1813.2,1822.9,1805.0,1815.9,175240.0
2022-05-19,1815.1,1848.2,1808.4,1841.2,143050.0
2022-05-23,1844.4,1864.3,1843.3,1847.8,174760.0
2022-05-24,1852.3,1869.1,1847.6,1865.4,182820.0
2022-05-25,1865.4,1866.7,1838.7,1846.3,123360.0
2022-05-26,1851.8,1852.8,1836.3,1847.6,123760.0
2022-05-31,1852.6,1863.7,1834.7,1845.2,158040.0
2022-06-01,1837.1,1850.0,1827.9,1845.8,127470.0
2022-06-02,1846.8,1870.7,1844.0,1868.4,115340.0
2022-06-06,1849.9,1857.5,1840.3,1840.8,119210.0
2022-06-07,1841.1,1855.0,1836.0,1849.2,114140.0
2022-06-08,1852.0,1859.1,1844.4,1853.6,131290.0
2022-06-09,1853.2,1853.8,1839.0,1850.1,267200.0
2022-06-13,1876.4,1879.5,1818.6,1829.2,165150.0
2022-06-14,1810.7,1830.0,1803.0,1810.5,203420.0
2022-06-15,1806.6,1840.0,1805.6,1816.3,180890.0
2022-06-16,1831.9,1855.8,1815.8,1846.6,141720.0
2022-06-21,1834.7,1842.4,1831.0,1835.4,149550.0
2022-06-22,1829.3,1845.1,1822.3,1835.2,167070.0
2022-06-23,1835.0,1842.9,1822.4,1826.3,139720.0
2022-06-27,1833.4,1837.3,1818.0,1821.0,111400.0
2022-06-28,1820.1,1825.3,1816.4,1817.5,155540.0
2022-06-29,1821.4,1834.9,1810.7,1817.5,208900.0
2022-06-30,1819.2,1826.8,1802.5,1807.3,249490.0
2022-07-05,1814.4,1815.2,1763.0,1763.9,258820.0
2022-07-06,1764.2,1771.5,1730.7,1736.5,151260.0
2022-07-07,1737.2,1748.2,1734.7,1739.7,189180.0
2022-07-11,1741.5,1743.0,1729.0,1731.7,255170.0
2022-07-12,1731.3,1742.2,1721.6,1724.8,300550.0
2022-07-13,1723.6,1744.3,1704.5,1735.5,266350.0
2022-07-14,1733.6,1734.8,1695.0,1705.8,176800.0
2022-07-18,1706.4,1722.0,1704.4,1710.2,131770.0
2022-07-19,1707.2,1716.5,1702.6,1710.7,174470.0
2022-07-20,1709.5,1712.7,1690.1,1700.2,248880.0
2022-07-21,1693.7,1719.5,1678.4,1713.4,200620.0
2022-07-25,1726.3,1734.6,1712.9,1719.1,147370.0
2022-07-26,1717.9,1726.4,1711.5,1717.7,144870.0
2022-07-27,1715.2,1739.6,1709.1,1719.1,192860.0
2022-07-28,1737.0,1759.0,1736.5,1754.4,140670.0
2022-08-01,1767.7,1777.0,1759.8,1772.7,174170.0
2022-08-02,1773.9,1790.5,1762.0,1774.8,151730.0
2022-08-03,1763.0,1774.0,1754.8,1760.9,153290.0
2022-08-04,1765.8,1795.5,1764.1,1791.2,168900.0
2022-08-08,1776.3,1790.3,1771.5,1789.6,120510.0
2022-08-09,1789.5,1801.0,1784.0,1796.8,154590.0
2022-08-10,1796.0,1809.1,1788.2,1798.5,121260.0
2022-08-11,1792.3,1799.0,1784.0,1792.1,118650.0
2022-08-15,1803.7,1803.7,1772.8,1783.3,94400.0
2022-08-16,1780.1,1783.0,1770.5,1774.9,137830.0
2022-08-17,1775.5,1781.7,1759.0,1761.9,124320.0
2022-08-18,1763.0,1771.0,1754.6,1756.5,138700.0
2022-08-22,1747.0,1747.0,1726.0,1734.4,145260.0
2022-08-23,1734.6,1753.0,1730.0,1747.3,112650.0
2022-08-24,1746.0,1755.2,1742.0,1747.8,117570.0
2022-08-25,1751.1,1765.1,1750.0,1757.8,176900.0
2022-08-29,1736.0,1741.0,1718.2,1736.7,130660.0
2022-08-30,1740.5,1743.1,1723.7,1726.9,176730.0
2022-08-31,1725.8,1728.7,1711.7,1716.9,198620.0
2022-09-01,1713.1,1713.1,1689.8,1699.6,174680.0
2022-09-06,1715.0,1727.0,1701.0,1703.4,173620.0
2022-09-07,1703.2,1721.4,1692.5,1718.2,184180.0
2022-09-08,1720.3,1729.3,1704.4,1710.6,154710.0
2022-09-12,1719.2,1736.4,1712.7,1730.8,232700.0
2022-09-13,1725.8,1732.8,1696.9,1707.1,163290.0
2022-09-14,1702.5,1706.8,1692.8,1698.2,268090.0
2022-09-15,1696.8,1696.8,1658.7,1666.8,217230.0
2022-09-19,1673.0,1678.0,1657.1,1667.6,143930.0
2022-09-20,1674.6,1678.0,1657.8,1661.0,227940.0
2022-09-21,1664.6,1687.0,1651.5,1665.8,241280.0
2022-09-22,1670.4,1683.6,1653.7,1671.4,243050.0
2022-09-26,1642.8,1646.4,1618.4,1623.6,197060.0
2022-09-27,1621.5,1640.2,1620.9,1626.5,279820.0
2022-09-28,1627.0,1661.5,1613.0,1660.3,201960.0
2022-09-29,1662.2,1667.5,1644.5,1663.6,179990.0
2022-10-03,1667.9,1704.0,1664.4,1697.2,205080.0
2022-10-04,1703.4,1731.5,1699.9,1725.5,173220.0
2022-10-05,1729.2,1729.7,1703.9,1715.6,139440.0
2022-10-06,1719.4,1728.7,1710.2,1715.5,157450.0
2022-10-10,1698.7,1700.9,1667.5,1670.1,171810.0
2022-10-11,1670.2,1686.0,1665.0,1680.9,131770.0
2022-10-12,1668.3,1679.6,1663.0,1672.3,237010.0
2022-10-13,1675.3,1680.0,1644.5,1671.8,183170.0
2022-10-17,1646.3,1667.6,1645.2,1658.9,163170.0
2022-10-18,1651.0,1660.4,1647.0,1650.7,179250.0
2022-10-19,1652.4,1654.0,1628.0,1629.0,163730.0
2022-10-20,1628.9,1644.3,1621.2,1631.8,271100.0
2022-10-24,1662.0,1666.3,1643.6,1649.2,182800.0
2022-10-25,1649.6,1660.5,1637.0,1653.3,186930.0
2022-10-26,1652.3,1674.0,1652.3,1664.4,189290.0
2022-10-27,1664.1,1669.2,1654.4,1660.3,196360.0
2022-10-31,1647.2,1648.5,1634.5,1640.7,197980.0
2022-11-01,1636.1,1660.3,1633.6,1649.7,220930.0
2022-11-02,1651.4,1673.1,1637.4,1650.0,254700.0
2022-11-03,1639.1,1643.2,1618.3,1630.9,293520.0
2022-11-07,1678.6,1685.6,1670.0,1680.5,297620.0
2022-11-08,1678.0,1720.4,1667.1,1716.0,239650.0
2022-11-09,1715.2,1725.8,1705.1,1713.7,305720.0
2022-11-10,1709.7,1760.6,1705.5,1753.7,227040.0
2022-11-14,1769.4,1778.4,1755.8,1776.9,283020.0
2022-11-15,1774.0,1791.8,1770.2,1776.8,200760.0
2022-11-16,1782.0,1788.2,1773.4,1775.8,169100.0
2022-11-17,1777.0,1777.6,1756.6,1763.0,137330.0
2022-11-21,1752.0,1755.0,1733.9,1739.6,153090.0
2022-11-22,1739.7,1751.0,1737.6,1739.9,167770.0
2022-11-23,1740.8,1754.9,1719.0,1745.6,134300.0
2022-11-28,1755.0,1763.5,1738.2,1740.3,127320.0
2022-11-29,1747.6,1765.0,1746.0,1756.3,192240.0
2022-11-30,1755.5,1776.7,1751.8,1753.2,226150.0
2022-12-01,1778.4,1810.9,1777.7,1808.2,183720.0
2022-12-05,1803.7,1815.0,1771.6,1774.3,127860.0
2022-12-06,1775.3,1786.0,1772.5,1775.5,155570.0
2022-12-07,1774.7,1795.9,1774.3,1791.0,116270.0
2022-12-08,1792.5,1799.0,1786.7,1794.2,150940.0
2022-12-12,1801.6,1801.6,1782.0,1785.0,230910.0
2022-12-13,1785.8,1829.0,1785.0,1818.3,143800.0
2022-12-14,1815.1,1817.1,1800.0,1811.5,185320.0
2022-12-15,1811.8,1812.1,1775.0,1780.6,128750.0
2022-12-19,1795.2,1801.4,1788.6,1791.0,197500.0
2022-12-20,1796.4,1824.3,1789.6,1818.6,110180.0
2022-12-21,1821.6,1825.4,1815.9,1818.5,175770.0
2022-12-22,1818.0,1822.0,1787.1,1788.5,105460.0
2022-12-27,1799.7,1834.1,1799.7,1816.3,118080.0
2022-12-28,1812.4,1812.4,1801.3,1808.8,105990.0
2022-12-29,1812.3,1827.3,1811.2,1826.0,107500.0
2023-01-03,1831.8,1856.6,1831.3,1846.1,198350.0
2023-01-04,1845.2,1871.3,1842.0,1859.0,188600.0
2023-01-05,1861.2,1864.3,1829.9,1840.6,215370.0
2023-01-09,1872.8,1886.4,1869.3,1877.8,170510.0
2023-01-10,1875.7,1885.2,1872.0,1876.5,222250.0
2023-01-11,1881.3,1890.9,1870.9,1878.9,265170.0
2023-01-12,1879.7,1906.5,1872.4,1898.8,247880.0
2023-01-17,1923.8,1931.8,1906.2,1909.9,218970.0
2023-01-18,1911.1,1929.8,1898.6,1907.0,214250.0
2023-01-19,1907.0,1936.9,1902.0,1923.9,165270.0
2023-01-23,1928.4,1936.7,1912.5,1928.6,201710.0
2023-01-24,1932.0,1943.8,1918.2,1935.4,190300.0
2023-01-25,1938.7,1949.5,1920.6,1942.6,223260.0
2023-01-26,1948.0,1949.8,1918.4,1930.0,150900.0
2023-01-30,1936.2,1940.8,1927.3,1930.2,194080.0
2023-01-31,1929.5,1938.0,1907.4,1936.6,210610.0
2023-02-01,1935.1,1961.7,1928.0,1934.3,259839.99999999997
2023-02-02,1959.3,1966.3,1917.1,1922.2,310610.0
2023-02-06,1866.7,1885.4,1865.9,1871.2,179670.0
2023-02-07,1871.9,1888.5,1869.4,1876.5,131900.0
2023-02-08,1877.4,1890.0,1874.0,1882.2,183550.0
2023-02-09,1879.0,1893.7,1862.0,1870.0,155270.0
2023-02-13,1866.7,1868.5,1852.7,1855.1,217010.0
2023-02-14,1856.0,1871.0,1845.0,1857.0,169530.0
2023-02-15,1856.3,1861.7,1831.8,1837.0,168510.0
2023-02-16,1838.9,1846.0,1828.3,1843.4,165080.0
2023-02-21,1842.0,1848.0,1831.1,1834.2,141500.0
2023-02-22,1837.0,1846.4,1825.1,1833.3,179970.0
2023-02-23,1823.6,1832.7,1818.3,1818.8,169470.0
2023-02-27,1818.0,1827.3,1812.0,1824.9,184510.0
2023-02-28,1823.9,1838.6,1810.8,1836.7,182580.0
2023-03-01,1834.0,1852.5,1829.6,1845.4,139760.0
2023-03-02,1843.8,1845.3,1835.9,1840.5,158960.0
2023-03-06,1861.0,1864.3,1850.6,1854.6,248230.0
2023-03-07,1852.6,1856.9,1817.1,1820.0,208290.0
2023-03-08,1818.0,1828.7,1813.4,1818.6,228470.0
2023-03-09,1818.0,1839.4,1815.4,1834.6,345810.0
2023-03-13,1877.1,1919.5,1875.7,1916.5,261279.99999999997
2023-03-14,1919.4,1919.4,1899.8,1910.9,385450.0
2023-03-15,1908.2,1942.5,1889.5,1931.3,248080.0
2023-03-16,1922.8,1938.0,1911.5,1923.0,351090.0
2023-03-20,1989.7,2014.9,1970.0,1982.8,248930.0
2023-03-21,1983.1,1988.7,1938.6,1941.1,245030.0
2023-03-22,1943.5,1982.3,1936.5,1949.6,262250.0
2023-03-23,1974.0,2006.1,1967.3,1995.9,285440.0
2023-03-27,1982.6,1984.0,1945.0,1953.8,183580.0
2023-03-28,1957.8,1977.1,1949.9,1973.5,88560.0
2023-03-29,1975.4,1976.0,1959.5,1966.9,171700.0
2023-03-30,1973.0,1993.3,1962.7,1988.5,162210.0
2023-04-03,1982.6,1998.5,1956.9,1991.3,233300.0
2023-04-04,1993.2,2034.2,1985.9,2029.4,197370.0
2023-04-05,2030.0,2040.1,2018.7,2026.8,149130.0
2023-04-10,2003.6,2011.2,1988.0,1994.8,126380.0
2023-04-11,1996.7,2013.4,1996.2,2010.0,228490.0
2023-04-12,2010.0,2034.1,2007.0,2015.7,198460.0
2023-04-13,2019.5,2053.0,2019.5,2045.8,262830.0
2023-04-17,2004.8,2018.2,1984.6,1997.6,164980.0
2023-04-18,1997.1,2013.4,1994.5,2010.3,218810.0
2023-04-19,2008.5,2009.7,1971.9,1998.0,162840.0
2023-04-20,1996.5,2014.5,1994.2,2009.8,210500.0
2023-04-24,1983.2,1991.0,1975.3,1990.6,222550.0
2023-04-25,1995.4,2005.0,1979.3,1995.1,241400.0
2023-04-26,2000.0,2009.8,1986.6,1986.9,203900.0
2023-04-27,1999.8,2013.3,1982.0,1999.0,172450.0
2023-05-01,2000.2,2015.4,1985.7,1992.2,245640.0
2023-05-02,1990.5,2028.8,1986.9,2023.3,229670.0
2023-05-03,2026.4,2050.0,2016.0,2037.0,311000.0
2023-05-04,2054.7,2085.4,2038.5,2055.7,283300.0
2023-05-08,2024.6,2037.1,2022.0,2033.2,199700.0
2023-05-09,2028.4,2045.1,2026.4,2042.9,260810.0
2023-05-10,2041.6,2056.0,2028.3,2037.1,296980.0
2023-05-11,2036.8,2047.6,2016.7,2020.5,220500.0
2023-05-15,2013.4,2027.5,2011.2,2022.7,229940.0
2023-05-16,2021.3,2022.7,1989.1,1993.0,206550.0
2023-05-17,1993.0,1997.0,1978.1,1984.9,227730.0
2023-05-18,1985.6,1988.8,1954.4,1959.8,234600.0
2023-05-22,1979.4,1984.8,1970.7,1977.2,214360.0
2023-05-23,1973.9,1980.0,1955.8,1974.5,229890.0
2023-05-24,1977.3,1987.9,1958.4,1964.6,253880.0
2023-05-25,1959.5,1965.4,1939.0,1943.7,166040.0
2023-05-30,1951.6,1972.4,1941.2,1968.1,207750.0
2023-05-31,1968.4,1984.0,1963.2,1973.1,176910.0
2023-06-01,1972.3,1991.4,1961.3,1986.5,209690.0
2023-06-05,1954.4,1970.8,1945.0,1965.7,136000.0
2023-06-06,1968.9,1973.6,1962.0,1972.9,189530.0
2023-06-07,1971.2,1977.5,1947.1,1949.9,191840.0
2023-06-08,1948.6,1976.0,1948.1,1969.9,130410.0
2023-06-12,1966.1,1971.5,1954.8,1960.9,198400.0
2023-06-13,1962.9,1976.0,1944.5,1949.9,199710.0
2023-06-14,1948.6,1964.9,1944.3,1960.1,266350.0
2023-06-15,1948.8,1963.7,1929.6,1961.8,160510.0
2023-06-20,1961.7,1961.7,1932.4,1938.9,182020.0
2023-06-21,1939.5,1940.7,1922.2,1936.1,171780.0
2023-06-22,1935.9,1935.9,1914.0,1915.0,186860.0
2023-06-26,1926.4,1934.5,1923.0,1925.1,180440.0
2023-06-27,1927.4,1930.2,1912.3,1915.1,162490.0
2023-06-28,1915.2,1916.7,1903.6,1913.4,205250.0
2023-06-29,1916.5,1921.3,1900.6,1917.9,180690.0
2023-07-03,1927.8,1939.9,1917.7,1929.5,245930.0
2023-07-05,1929.1,1942.9,1922.1,1927.1,231510.0
2023-07-06,1922.4,1934.0,1908.5,1915.4,214270.0
2023-07-10,1930.7,1933.7,1918.0,1931.0,189370.0
2023-07-11,1930.8,1944.5,1929.8,1937.1,270870.0
2023-07-12,1938.0,1965.1,1937.5,1961.7,241220.0
2023-07-13,1962.7,1968.5,1956.6,1963.8,209310.0
2023-07-17,1958.6,1963.6,1949.0,1956.4,264090.0
2023-07-18,1958.3,1988.3,1958.1,1980.8,159410.0
2023-07-19,1982.5,1984.6,1973.3,1980.8,189930.0
2023-07-20,1980.0,1989.8,1967.7,1970.9,156540.0
2023-07-24,1963.6,1969.8,1955.3,1962.2,188850.0
2023-07-25,1957.0,1967.1,1951.6,1963.7,208110.0
2023-07-26,1966.3,1979.9,1963.2,1970.1,194250.0
2023-07-27,1973.3,1982.6,1941.7,1945.7,159600.0
2023-07-31,1967.9,1981.1,1958.0,1979.6,167760.0
2023-08-01,1974.3,1974.4,1949.6,1949.7,169660.0
2023-08-02,1957.1,1962.9,1940.5,1946.0,141350.0
2023-08-03,1943.2,1945.5,1936.6,1939.9,156420.0
2023-08-07,1948.5,1952.0,1937.0,1940.7,142340.0
2023-08-08,1941.8,1943.4,1928.2,1930.8,139260.0
2023-08-09,1930.2,1936.3,1919.8,1921.9,168260.0
2023-08-10,1920.6,1934.4,1915.9,1920.1,122320.0
2023-08-14,1914.9,1918.6,1906.0,1915.6,167150.0
2023-08-15,1911.0,1915.0,1899.7,1906.9,128610.00000000001
2023-08-16,1905.1,1909.6,1894.1,1900.2,152330.0
2023-08-17,1894.6,1904.6,1886.6,1887.2,114740.0
2023-08-21,1890.6,1899.9,1886.3,1895.7,131090.0
2023-08-22,1896.3,1905.7,1890.8,1898.6,170040.0
2023-08-23,1899.2,1921.7,1899.2,1920.5,137390.0
2023-08-24,1918.7,1923.0,1911.6,1919.1,166990.0
2023-08-28,1915.2,1926.0,1912.3,1918.5,174220.0
2023-08-29,1920.3,1937.0,1914.4,1936.4,142380.0
2023-08-30,1947.8,1958.0,1943.8,1954.0,133710.0
2023-08-31,1951.8,1955.6,1946.6,1947.0,160730.0
2023-09-05,1947.9,1954.1,1932.4,1934.3,148780.0
2023-09-06,1933.4,1936.1,1921.6,1925.8,117170.0
2023-09-07,1923.2,1929.0,1922.0,1924.1,138690.0
2023-09-11,1925.6,1936.5,1921.8,1929.2,161990.0
2023-09-12,1927.4,1929.3,1912.0,1917.2,161000.0
2023-09-13,1917.8,1920.1,1909.6,1914.4,201740.0
2023-09-14,1912.7,1916.0,1903.8,1914.4,199770.0
2023-09-18,1927.7,1937.3,1925.8,1935.2,131100.0
2023-09-19,1936.7,1940.3,1932.5,1935.3,220980.0
2023-09-20,1934.7,1950.2,1930.4,1948.6,225910.0
2023-09-21,1932.8,1933.6,1915.0,1921.2,139930.0
2023-09-25,1926.4,1927.9,1915.5,1918.2,212260.0
2023-09-26,1916.7,1917.1,1899.0,1901.6,238530.0
2023-09-27,1900.3,1902.9,1872.1,1872.3,231420.0
2023-09-28,1885.4,1886.7,1865.5,1869.5,245130.0
2023-10-02,1853.9,1855.1,1833.8,1838.2,216780.0
2023-10-03,1835.7,1839.9,1822.8,1832.6,195050.0
2023-10-04,1829.1,1836.0,1823.0,1826.1,172460.0
2023-10-05,1828.0,1834.1,1817.8,1823.2,231020.0
2023-10-09,1850.7,1867.8,1849.1,1855.7,157340.0
2023-10-10,1866.3,1870.0,1858.1,1866.7,169960.0
2023-10-11,1864.6,1881.5,1864.3,1878.4,163480.0
2023-10-12,1880.2,1888.8,1872.1,1874.2,312990.0
2023-10-16,1931.9,1931.9,1912.0,1925.1,165060.0
2023-10-17,1923.2,1934.1,1918.0,1926.4,270050.0
2023-10-18,1926.6,1966.1,1926.6,1958.8,264820.0
2023-10-19,1950.3,1980.7,1948.4,1971.2,289110.0
2023-10-23,1977.9,1983.1,1963.6,1978.2,200940.0
2023-10-24,1975.1,1980.3,1958.3,1976.8,240660.0
2023-10-25,1972.0,1988.8,1971.0,1985.5,214050.0
2023-10-26,1981.6,1992.5,1974.4,1987.9,213760.0
2023-10-30,2013.5,2016.8,1999.7,2005.6,214780.0
2023-10-31,2005.6,2017.7,1987.4,1994.3,197630.0
2023-11-01,1993.3,2005.9,1978.2,1987.5,158650.0
2023-11-02,1992.0,1999.2,1986.3,1993.5,222190.0
2023-11-06,1999.4,2000.1,1984.2,1988.6,218950.0
2023-11-07,1984.8,1985.2,1962.8,1973.5,189360.0
2023-11-08,1975.3,1977.5,1953.2,1957.8,214080.0
2023-11-09,1955.5,1971.5,1948.3,1969.8,229640.0
2023-11-13,1943.4,1953.5,1935.6,1950.2,180740.0
2023-11-14,1950.3,1975.3,1938.8,1966.5,142920.0
2023-11-15,1966.9,1979.2,1958.8,1964.3,186810.0
2023-11-16,1963.0,1991.1,1959.0,1987.3,133120.0
2023-11-20,1980.9,1987.8,1967.2,1980.3,230020.0
2023-11-21,1980.0,2009.8,1979.9,2001.6,199370.0
2023-11-22,2000.3,2008.3,1988.6,1992.8,214880.0
2023-11-27,2002.5,2018.9,2001.4,2012.4,174670.0
2023-11-28,2014.3,2044.1,2011.5,2040.0,197790.0
2023-11-29,2053.2,2062.3,2047.5,2057.5,151920.0
2023-11-30,2055.8,2057.5,2042.6,2047.6,241620.0
2023-12-04,2083.4,2140.7,2030.0,2032.9,209550.0
2023-12-05,2039.2,2050.0,2019.9,2026.9,154220.0
2023-12-06,2028.3,2042.8,2027.0,2038.4,173980.0
2023-12-07,2034.7,2047.3,2027.4,2036.9,237290.0
2023-12-11,2010.6,2013.2,1982.1,1984.3,148530.0
2023-12-12,1989.0,2002.7,1983.5,1983.9,192680.0
2023-12-13,1985.5,2033.3,1979.0,1988.1,231100.0
2023-12-14,2031.6,2053.0,2030.6,2035.2,172150.0
2023-12-18,2023.7,2036.3,2020.8,2030.9,134780.0
2023-12-19,2031.0,2050.0,2025.4,2042.6,122570.0
2023-12-20,2043.5,2045.9,2031.6,2038.1,119950.0
2023-12-21,2034.7,2048.0,2034.0,2041.8,170150.0
2023-12-26,2056.3,2069.6,2056.3,2060.4,128180.0
2023-12-27,2068.0,2085.3,2063.3,2083.4,129539.99999999999
2023-12-28,2089.5,2098.2,2074.6,2083.5,105720.0
2024-01-02,2072.7,2088.1,2064.3,2073.4,221680.0
2024-01-03,2067.9,2074.3,2038.3,2042.8,130259.99999999999
2024-01-04,2049.3,2058.1,2043.3,2050.0,214680.0
2024-01-08,2052.6,2053.3,2022.7,2033.5,218750.0
2024-01-09,2034.5,2048.6,2031.9,2033.0,205010.0
2024-01-10,2036.0,2046.2,2025.9,2027.8,301340.0
2024-01-11,2029.4,2056.1,2017.3,2019.2,272350.0
2024-01-16,2053.4,2062.8,2027.6,2030.2,254290.0
2024-01-17,2031.7,2036.1,2004.6,2006.5,171930.0
2024-01-18,2009.1,2025.6,2007.7,2021.6,172810.0
2024-01-22,2031.8,2034.1,2017.4,2022.2,156700.0
2024-01-23,2023.2,2039.3,2020.8,2025.8,234460.0
2024-01-24,2030.7,2037.9,2011.7,2016.0,196670.0
2024-01-25,2014.8,2025.6,2004.0,2017.8,119590.0
2024-01-29,2024.4,2037.2,2018.8,2025.4,214590.0
2024-01-30,2041.7,2057.3,2037.6,2041.1,238370.0
2024-01-31,2044.8,2064.1,2038.9,2057.4,260920.00000000003
2024-02-01,2047.7,2072.9,2036.9,2061.2,219800.0
2024-02-05,2047.6,2048.0,2021.0,2032.9,126380.0
2024-02-06,2031.8,2045.3,2029.3,2041.5,125630.0
2024-02-07,2042.2,2051.0,2037.0,2041.8,137080.0
2024-02-08,2041.1,2043.5,2024.6,2038.1,116030.0
2024-02-12,2030.8,2031.1,2015.8,2023.4,217570.0
2024-02-13,2023.8,2035.5,1993.4,1997.7,193610.0
2024-02-14,1994.9,1998.7,1987.2,1994.7,204250.0
2024-02-15,1995.1,2010.4,1992.7,2005.3,162360.0
2024-02-20,2017.7,2032.1,2015.5,2030.0,120600.0
2024-02-21,2025.4,2033.0,2021.6,2024.5,147950.0
2024-02-22,2026.6,2035.0,2019.7,2020.8,212030.0
2024-02-26,2033.7,2036.3,2025.0,2029.1,148780.0
2024-02-27,2031.0,2038.0,2028.7,2034.4,137080.0
2024-02-28,2039.7,2047.4,2033.4,2042.7,227070.0
2024-02-29,2043.8,2059.4,2036.0,2054.7,330590.0
2024-03-04,2091.6,2128.4,2088.1,2126.3,283150.0
2024-03-05,2123.3,2150.5,2118.5,2141.9,319760.0
2024-03-06,2136.4,2160.7,2131.9,2158.2,267800.0
2024-03-07,2156.7,2172.2,2151.7,2165.2,389680.0
2024-03-11,2187.6,2195.5,2180.9,2188.6,316250.0
2024-03-12,2189.1,2190.8,2156.2,2166.1,232270.0
2024-03-13,2163.6,2185.6,2161.3,2180.8,207230.0
2024-03-14,2179.5,2181.3,2157.0,2167.5,187850.0
2024-03-18,2159.9,2167.2,2149.2,2164.3,178160.0
2024-03-19,2164.0,2166.3,2150.2,2159.7,233570.0
2024-03-20,2161.4,2192.2,2152.3,2161.0,391750.0
2024-03-21,2190.2,2225.3,2168.2,2184.7,205810.0
2024-03-25,2166.6,2182.5,2164.4,2176.4,202370.0
2024-03-26,2173.0,2200.6,2168.3,2177.2,191460.0
2024-03-27,2188.9,2206.5,2182.8,2201.4,250250.0
2024-04-01,2243.5,2275.0,2238.5,2245.9,277230.0
2024-04-02,2260.2,2290.1,2256.1,2270.3,254570.0
2024-04-03,2290.0,2310.0,2275.1,2303.3,236230.0
2024-04-04,2308.9,2312.0,2288.4,2296.9,293210.0
2024-04-08,2332.2,2357.0,2310.5,2339.0,279610.0
2024-04-09,2344.4,2372.5,2344.4,2350.6,353850.0
2024-04-10,2358.9,2365.8,2325.7,2336.6,260420.00000000003
2024-04-11,2340.5,2382.9,2331.6,2360.8,479890.0
2024-04-15,2357.3,2392.0,2330.1,2370.9,297590.0
2024-04-16,2387.0,2402.2,2367.4,2395.5,284350.0
2024-04-17,2387.9,2399.5,2359.9,2376.2,200550.0
2024-04-18,2366.1,2395.7,2366.1,2385.8,275410.0
2024-04-22,2391.5,2391.5,2327.3,2334.6,270230.0
2024-04-23,2332.2,2336.0,2293.6,2329.9,187700.0
2024-04-24,2324.0,2338.0,2313.6,2326.0,224470.0
2024-04-25,2317.8,2344.8,2306.4,2330.3,171010.0
2024-04-29,2347.6,2358.9,2331.0,2357.7,229060.0
2024-04-30,2347.0,2347.6,2296.2,2302.9,227380.0
2024-05-01,2298.2,2339.5,2291.7,2311.0,193660.0
2024-05-02,2329.9,2336.1,2294.3,2309.6,231400.0
2024-05-06,2312.8,2341.9,2300.6,2331.2,204620.0
2024-05-07,2334.8,2338.7,2318.2,2324.2,214690.0
2024-05-08,2322.0,2329.6,2311.4,2322.3,249090.0
2024-05-09,2316.5,2354.2,2312.9,2340.3,275240.0
2024-05-13,2369.1,2370.8,2337.6,2343.0,192080.0
2024-05-14,2342.3,2365.2,2340.5,2359.9,249840.0
2024-05-15,2362.9,2396.1,2357.1,2394.9,191030.0
2024-05-16,2391.5,2402.7,2375.2,2385.5,218550.0
2024-05-20,2422.2,2454.2,2411.1,2438.5,229420.0
2024-05-21,2431.5,2438.2,2408.5,2425.9,253850.0
2024-05-22,2425.4,2430.5,2378.0,2392.9,273660.0
2024-05-23,2383.0,2385.7,2328.1,2337.2,178340.0
2024-05-28,2338.0,2365.5,2333.8,2356.5,119320.0
2024-05-29,2362.5,2363.7,2334.2,2341.2,188890.0
2024-05-30,2357.9,2360.7,2332.1,2354.7,183410.0
2024-06-03,2335.0,2363.5,2323.9,2357.5,171550.0
2024-06-04,2360.2,2361.0,2324.5,2335.7,171860.0
2024-06-05,2335.5,2365.2,2335.1,2363.6,172200.0
2024-06-06,2363.8,2385.2,2361.4,2378.9,314550.0
2024-06-10,2299.5,2319.3,2292.9,2315.1,145500.0
2024-06-11,2315.7,2325.2,2303.3,2314.6,241670.0
2024-06-12,2321.7,2345.1,2315.7,2342.7,182660.0
2024-06-13,2328.4,2330.2,2299.2,2305.9,163370.0
2024-06-17,2336.0,2336.0,2312.4,2316.9,154250.0
2024-06-18,2323.3,2334.5,2309.1,2334.8,252690.0
2024-06-20,2331.4,2367.0,2327.0,2357.0,194820.0
2024-06-24,2322.1,2334.7,2318.0,2332.4,144270.0
2024-06-25,2334.4,2336.2,2314.8,2318.4,191630.0
2024-06-26,2318.8,2320.5,2292.9,2301.0,140230.0
2024-06-27,2309.4,2342.0,2306.8,2336.6,135380.0
2024-07-01,2336.2,2348.8,2328.2,2338.9,153710.0
2024-07-02,2341.6,2346.1,2327.4,2333.4,193640.0
2024-07-03,2338.6,2374.5,2335.7,2369.4,293250.0
2024-07-08,2396.2,2399.3,2358.3,2363.5,252490.0
2024-07-09,2366.5,2378.3,2356.0,2367.9,163900.0
2024-07-10,2371.0,2393.4,2369.7,2379.7,303520.0
2024-07-11,2377.4,2430.4,2376.8,2421.9,220930.0
2024-07-15,2419.3,2445.0,2406.1,2428.9,246090.0
2024-07-16,2427.1,2474.5,2424.5,2467.8,259540.00000000003
2024-07-17,2473.2,2488.4,2455.5,2459.9,192770.0
2024-07-18,2462.5,2478.5,2442.9,2456.4,254410.0
2024-07-22,2403.7,2414.4,2385.2,2394.7,171190.0
2024-07-23,2398.0,2413.5,2389.2,2407.3,245880.0
2024-07-24,2410.7,2433.0,2397.0,2415.7,294900.0
2024-07-25,2398.1,2400.8,2351.9,2353.5,154520.0
2024-07-29,2386.9,2402.1,2367.3,2377.8,172970.0
2024-07-30,2392.8,2422.4,2388.8,2417.6,176270.0
2024-07-31,2420.8,2461.1,2415.4,2438.5,219830.0
2024-08-01,2458.8,2470.8,2439.1,2445.9,309940.0
2024-08-05,2458.5,2466.1,2373.8,2411.8,186110.0
2024-08-06,2420.9,2431.2,2390.2,2398.9,166080.0
2024-08-07,2398.6,2414.2,2387.0,2400.0,178510.0
2024-08-08,2389.5,2433.9,2388.0,2430.3,152170.0
2024-08-12,2436.0,2478.0,2430.0,2469.9,155080.0
2024-08-13,2477.3,2482.5,2464.2,2473.9,187380.0
2024-08-14,2470.6,2485.4,2443.0,2446.2,169320.0
2024-08-15,2452.0,2471.8,2437.1,2458.6,223930.0
2024-08-19,2512.8,2513.8,2489.3,2506.8,191200.0
2024-08-20,2507.7,2535.4,2502.1,2516.1,148890.0
2024-08-21,2517.4,2522.0,2495.0,2512.8,177370.0
2024-08-22,2515.6,2516.0,2472.6,2482.1,164610.0
2024-08-26,2512.6,2527.7,2509.3,2520.2,146220.0
2024-08-27,2517.6,2525.2,2504.4,2517.7,165120.0
2024-08-28,2525.2,2526.4,2493.2,2502.6,159970.0
2024-08-29,2516.6,2538.7,2513.8,2536.7,175640.0
2024-09-03,2509.0,2516.3,2481.6,2499.7,167960.0
2024-09-04,2500.4,2507.8,2479.8,2502.7,152710.0
2024-09-05,2502.3,2530.5,2500.7,2519.7,228120.0
2024-09-09,2503.2,2512.7,2491.3,2509.3,156110.0
2024-09-10,2511.6,2523.9,2505.6,2519.5,194090.0
2024-09-11,2522.0,2534.4,2505.7,2519.0,233680.0
2024-09-12,2517.9,2564.8,2515.5,2557.1,174670.0
2024-09-16,2584.8,2593.4,2578.8,2585.2,159530.0
2024-09-17,2586.3,2590.0,2564.1,2568.9,233130.0
2024-09-18,2573.4,2603.7,2549.4,2574.9,204480.0
2024-09-19,2561.6,2597.0,2552.1,2590.9,207210.0
2024-09-23,2622.5,2635.7,2615.4,2628.6,216550.0
2024-09-24,2628.6,2665.1,2623.5,2653.0,189940.0
2024-09-25,2658.7,2670.5,2649.8,2660.7,217640.0
2024-09-26,2656.8,2683.9,2653.4,2670.4,196730.0
2024-09-30,2667.9,2675.2,2636.8,2647.9,202760.0
2024-10-01,2644.4,2681.7,2644.4,2678.5,128680.0
2024-10-02,2671.1,2672.4,2653.3,2658.1,138550.0
2024-10-03,2668.3,2670.7,2646.5,2667.4,192660.0
2024-10-07,2658.8,2666.6,2646.0,2654.0,233850.0
2024-10-08,2649.6,2660.4,2612.7,2623.5,143000.0
2024-10-09,2628.8,2630.6,2612.0,2614.1,195580.0
2024-10-10,2614.8,2636.9,2608.8,2627.4,168600.0
2024-10-14,2659.9,2671.3,2648.4,2653.7,160560.0
2024-10-15,2654.6,2673.8,2643.1,2667.0,156880.0
2024-10-16,2666.8,2689.5,2666.0,2679.3,181820.0
2024-10-17,2676.9,2700.5,2676.9,2695.5,178960.0
2024-10-21,2724.3,2742.6,2716.9,2726.8,173700.0
2024-10-22,2723.1,2749.5,2721.8,2747.4,214520.0
2024-10-23,2748.9,2758.5,2709.9,2717.1,175870.0
2024-10-24,2717.4,2743.3,2717.4,2736.5,153490.0
2024-10-28,2739.4,2745.6,2725.8,2743.6,207420.0
2024-10-29,2741.9,2773.2,2741.9,2768.8,191550.0
2024-10-30,2786.9,2801.8,2782.4,2800.8,242570.0
2024-10-31,2799.1,2801.2,2741.8,2749.3,180660.0
2024-11-04,2743.5,2757.5,2739.4,2746.2,151430.0
2024-11-05,2746.0,2759.5,2733.4,2749.7,361310.0
2024-11-06,2752.6,2758.8,2660.7,2676.3,292920.0
2024-11-07,2667.7,2718.3,2650.3,2705.8,233110.0
2024-11-11,2692.1,2693.4,2617.1,2617.7,282770.0
2024-11-12,2625.7,2633.4,2595.7,2606.3,262750.0
2024-11-13,2604.7,2625.0,2578.1,2586.5,266160.0
2024-11-14,2578.1,2585.8,2541.5,2572.9,179890.0
2024-11-18,2571.5,2619.5,2568.5,2614.6,202240.0
2024-11-19,2616.3,2643.4,2614.2,2631.0,182010.0
2024-11-20,2635.8,2659.0,2621.9,2651.7,186300.0
2024-11-21,2653.5,2676.5,2651.6,2674.9,220550.0
2024-11-25,2716.9,2723.2,2616.6,2618.5,177860.0
2024-11-26,2626.2,2642.7,2605.3,2621.3,169460.0
2024-11-27,2646.4,2670.7,2641.1,2652.3,180760.0
2024-12-02,2663.7,2663.9,2633.5,2646.5,140970.0
2024-12-03,2652.0,2665.0,2645.0,2655.9,171790.0
2024-12-04,2651.3,2670.0,2643.8,2664.3,156120.0
2024-12-05,2661.9,2667.3,2634.5,2636.1,167170.0
2024-12-09,2654.5,2687.0,2637.5,2673.3,181510.0
2024-12-10,2669.8,2708.8,2669.8,2705.6,264990.0
2024-12-11,2708.8,2743.8,2700.3,2741.5,219470.0
2024-12-12,2737.8,2743.5,2683.3,2695.1,178690.0
2024-12-16,2654.6,2669.7,2648.3,2657.0,147050.0
2024-12-17,2657.2,2662.5,2634.3,2649.6,156330.0
2024-12-18,2651.2,2654.3,2587.2,2640.8,191590.0
2024-12-19,2586.0,2625.0,2585.9,2596.0,153570.0
2024-12-23,2627.3,2632.9,2610.2,2615.5,53370.0
2024-12-26,2623.3,2642.4,2622.8,2640.3,93900.0
2024-12-30,2636.1,2640.7,2608.4,2618.1,86290.0
2025-01-02,2641.0,2674.2,2636.1,2669.0,121170.0
2025-01-06,2652.8,2663.8,2624.6,2647.4,161620.0
2025-01-07,2647.1,2678.5,2643.5,2665.4,197370.0
2025-01-08,2662.9,2687.0,2658.4,2672.4,156650.0
2025-01-09,2679.9,2696.8,2673.7,2690.8,298410.0
2025-01-13,2716.8,2723.8,2675.2,2678.6,179410.0
2025-01-14,2682.0,2693.7,2672.0,2682.3,193720.0
2025-01-15,2693.3,2722.7,2685.4,2717.8,186540.0
2025-01-16,2722.3,2757.9,2720.4,2750.9,156870.0
2025-01-21,2766.0,2788.4,2741.5,2785.6,158140.0
2025-01-22,2784.5,2800.3,2782.5,2797.4,194740.0
2025-01-23,2778.1,2780.2,2754.7,2778.3,199560.0
2025-01-27,2791.0,2791.0,2746.8,2752.4,171360.0
2025-01-28,2757.0,2786.9,2752.9,2781.0,125690.0
2025-01-29,2784.9,2790.1,2772.8,2781.5,188340.0
2025-01-30,2796.2,2853.2,2794.9,2845.2,165680.0
2025-02-03,2846.5,2872.0,2802.2,2857.1,145860.0
2025-02-04,2850.4,2877.1,2837.4,2875.8,167380.0
2025-02-05,2873.7,2906.0,2870.1,2893.0,167700.0
2025-02-06,2885.0,2894.2,2855.0,2876.7,192550.0
2025-02-10,2884.8,2938.1,2879.9,2934.4,218480.0
2025-02-11,2937.0,2968.5,2907.0,2932.6,204630.0
2025-02-12,2927.0,2936.5,2886.5,2928.7,169500.0
2025-02-13,2928.8,2958.8,2925.8,2945.4,228080.0
2025-02-18,2895.1,2956.5,2887.6,2949.0,159340.0
2025-02-19,2954.1,2964.4,2933.7,2936.1,172200.0
2025-02-20,2949.5,2973.4,2939.3,2956.1,163690.0
2025-02-24,2939.3,2960.0,2926.4,2949.7,234850.0
2025-02-25,2955.9,2955.9,2884.5,2906.0,163370.0
2025-02-26,2915.6,2926.4,2891.0,2917.8,207650.0
2025-02-27,2931.4,2935.8,2879.0,2895.9,210560.0
2025-03-03,2872.0,2906.4,2866.3,2901.1,188520.0
2025-03-04,2904.2,2939.8,2892.5,2920.6,183020.0
2025-03-05,2929.0,2941.3,2903.4,2926.0,166360.0
2025-03-06,2929.5,2935.9,2897.6,2926.6,237580.0
2025-03-10,2919.6,2926.4,2885.2,2899.4,194120.0
2025-03-11,2893.2,2929.0,2882.5,2920.9,209820.0
2025-03-12,2922.3,2948.9,2911.0,2946.8,256560.0
2025-03-13,2943.3,3001.5,2942.2,2991.3,181490.0
2025-03-17,3021.2,3038.6,3019.5,3034.1,177100.0
2025-03-18,3036.9,3075.1,3036.0,3068.9,145400.0
2025-03-19,3069.3,3089.4,3059.2,3069.1,141230.0
2025-03-20,3085.6,3092.8,3060.3,3071.3,190470.0
2025-03-24,3054.7,3066.4,3036.0,3044.0,172590.0
2025-03-25,3030.6,3055.4,3025.9,3039.6,172000.0
2025-03-26,3039.5,3049.7,3032.8,3037.3,124360.0
2025-03-27,3040.9,3086.0,3038.9,3075.8,210490.0
2025-03-31,3118.8,3162.0,3112.4,3150.3,197310.0
2025-04-01,3157.3,3177.0,3130.5,3146.0,223120.0
2025-04-02,3147.5,3201.6,3135.7,3166.2,382860.0
2025-04-03,3196.6,3196.6,3073.5,3121.7,341150.0
2025-04-07,3055.1,3084.4,2970.4,2973.6,197580.0
2025-04-08,2997.5,3037.9,2988.6,2990.2,298330.0
2025-04-09,2998.3,3118.5,2983.3,3079.4,234970.0
2025-04-10,3099.1,3195.0,3086.1,3177.5,247320.0
2025-04-14,3246.0,3261.6,3208.7,3226.3,123470.0
2025-04-15,3226.1,3250.9,3225.5,3240.4,258380.0
2025-04-16,3248.4,3358.4,3245.2,3346.4,242070.0
2025-04-21,3347.0,3442.3,3344.0,3425.3,423080.0
2025-04-22,3435.1,3509.9,3379.1,3419.4,377410.0
2025-04-23,3367.7,3396.0,3270.8,3294.1,239600.0
2025-04-24,3301.8,3377.0,3301.3,3348.6,241250.0
2025-04-28,3318.3,3347.7,3266.3,3333.0,170150.0
2025-04-29,3354.9,3359.3,3309.2,3333.6,207720.0
2025-04-30,3324.5,3337.6,3275.6,3319.1,214690.0
2025-05-01,3299.0,3300.6,3209.4,3222.2,210990.0
2025-05-05,3247.1,3346.7,3243.1,3322.3,268100.0
2025-05-06,3345.7,3444.5,3332.1,3422.8,304240.0
2025-05-07,3448.1,3448.2,3367.0,3391.9,327130.0
2025-05-08,3373.1,3422.0,3293.3,3306.0,232460.0
2025-05-12,3281.0,3295.5,3211.2,3228.0,214420.0
2025-05-13,3240.7,3270.4,3220.1,3247.8,233930.0
2025-05-14,3254.1,3261.3,3170.7,3188.3,253060.0
2025-05-15,3180.8,3244.3,3123.3,3226.6,245490.0
2025-05-19,3246.0,3280.0,3236.2,3261.4,224090.0
2025-05-20,3260.7,3326.4,3235.3,3312.6,229500.0
2025-05-21,3321.2,3355.5,3315.3,3341.9,234660.0
2025-05-22,3346.5,3375.3,3306.9,3323.6,247200.0
2025-05-25,3384.0,3384.12,3367.94,3370.27,297310.0
2025-05-27,3369.6,3369.6,3297.9,3313.7,127760.0
2025-05-28,3317.3,3337.5,3287.9,3308.3,227940.0
2025-05-29,3311.8,3356.3,3269.1,3343.9,184770.0
2025-06-02,3323.0,3408.1,3319.4,3397.2,168220.0
2025-06-03,3406.5,3417.8,3357.2,3377.1,167220.0
2025-06-04,3377.8,3409.7,3366.9,3399.2,224860.0
2025-06-05,3398.0,3427.7,3362.3,3375.1,185370.0
2025-06-09,3333.4,3359.0,3313.1,3354.9,158900.0
2025-06-10,3346.3,3370.4,3321.3,3343.4,201530.0
2025-06-11,3344.3,3382.3,3335.4,3343.7,230170.0
2025-06-12,3377.5,3419.8,3358.5,3402.4,270630.0
2025-06-16,3473.0,3476.3,3400.9,3417.3,209080.0
2025-06-17,3404.2,3422.7,3384.4,3406.9,178280.0
2025-06-18,3409.0,3419.0,3380.1,3408.1,280830.0
2025-06-23,3387.0,3395.7,3348.3,3380.6,227430.0
2025-06-24,3361.2,3361.2,3296.4,3320.0,130009.99999999999
2025-06-25,3322.9,3335.6,3312.0,3329.0,155580.0
2025-06-26,3333.6,3349.0,3309.2,3333.9,218870.0
2025-06-30,3284.3,3321.6,3250.5,3307.7,168850.0
2025-07-01,3315.7,3370.5,3313.7,3349.8,132190.0
2025-07-02,3350.0,3371.0,3337.2,3359.7,153230.0
2025-07-03,3369.0,3376.9,3321.4,3342.9,235760.0
2025-07-07,3344.5,3352.9,3304.4,3342.8,218030.0
2025-07-08,3348.9,3355.6,3295.4,3316.9,167970.0
2025-07-09,3310.6,3325.6,3290.2,3321.0,168190.0
2025-07-10,3322.2,3339.4,3319.2,3325.7,216880.0
2025-07-14,3376.5,3389.3,3348.5,3359.1,179880.0
2025-07-15,3352.0,3375.4,3327.3,3336.7,235160.0
2025-07-16,3330.5,3385.8,3326.1,3359.1,161740.0
2025-07-17,3354.7,3358.2,3314.3,3345.3,115410.0
2025-07-21,3415.0,3473.2,3407.4,3462.9,227370.0
2025-07-22,3468.7,3505.8,3451.7,3501.8,263030.0
2025-07-23,3502.8,3509.0,3448.7,3455.1,215270.0
2025-07-24,3455.9,3458.1,3411.3,3431.1,196380.0
2025-07-28,3373.6,3381.8,3346.7,3354.0,113140.0
2025-07-29,3366.1,3368.8,3362.4,3368.3,203090.0
2025-07-30,3383.1,3389.3,3319.2,3352.8,158030.0
2025-07-31,3327.5,3366.7,3324.4,3348.6,229950.0
2025-08-04,3416.6,3439.5,3397.9,3426.4,154160.0
2025-08-05,3428.9,3444.9,3403.3,3434.7,151580.0
2025-08-06,3434.9,3440.5,3411.7,3433.4,249090.0
2025-08-07,3431.8,3483.8,3430.0,3453.7,321350.0
2025-08-11,3458.1,3466.3,3393.0,3404.7,193820.0
2025-08-12,3393.6,3410.8,3379.1,3399.0,135850.0
2025-08-13,3399.6,3422.6,3392.7,3408.3,165700.0
2025-08-14,3407.2,3423.8,3375.5,3383.2,118490.0
2025-08-18,3382.4,3403.6,3368.0,3378.0,133500.0
2025-08-19,3378.3,3389.7,3358.1,3358.7,135520.0
2025-08-20,3359.0,3394.3,3353.4,3388.5,123500.0
2025-08-21,3392.2,3394.4,3367.4,3381.6,186040.0
2025-08-25,3399.7,3407.2,3395.0,3404.9,176300.0
2025-08-26,3398.1,3427.0,3398.1,3420.1,153810.0
2025-08-27,3428.1,3436.0,3410.7,3435.7,156600.0
2025-08-28,3452.6,3478.7,3442.5,3474.3,188550.0
2025-08-31,3517.65,3517.65,3509.7,3512.0,374140.0
2025-09-02,3517.9,3602.4,3506.0,3592.2,220790.0
2025-09-03,3600.0,3640.1,3592.4,3635.5,232580.0
2025-09-04,3619.8,3621.6,3573.7,3606.7,237650.0
2025-09-08,3635.0,3685.7,3621.7,3677.4,262660.0
2025-09-09,3676.6,3715.2,3663.7,3682.2,182030.0
2025-09-10,3662.0,3697.5,3651.4,3682.0,214610.0
2025-09-11,3680.6,3687.5,3651.0,3673.6,154560.0
2025-09-15,3680.2,3724.9,3662.8,3719.0,192300.0
2025-09-16,3720.3,3739.9,3711.8,3725.1,256050.0
2025-09-17,3727.3,3744.0,3679.5,3717.8,224130.0
2025-09-18,3692.5,3707.3,3660.5,3678.3,186950.0
2025-09-22,3707.5,3769.0,3705.0,3761.6,291560.0
2025-09-23,3767.3,3808.0,3759.3,3801.8,236560.0
2025-09-24,3784.3,3798.5,3735.7,3753.4,262180.0
2025-09-25,3758.0,3775.9,3739.0,3756.5,214080.0
2025-09-29,3788.8,3863.7,3785.5,3855.2,312260.0
2025-09-30,3863.1,3899.2,3820.6,3873.2,290470.0
2025-10-01,3887.7,3922.7,3880.3,3897.5,284220.0
2025-10-02,3892.7,3923.3,3842.8,3868.1,218280.0
2025-10-06,3913.5,3994.5,3909.2,3976.3,297510.0
2025-10-07,3983.0,4014.6,3963.4,4004.4,348780.0
2025-10-08,4007.1,4081.0,4005.6,4070.5,461020.0
2025-10-09,4061.8,4077.9,3957.9,3972.6,357540.0
2025-10-13,4018.3,4137.2,4011.3,4133.0,405990.0
2025-10-14,4130.9,4190.9,4105.0,4163.4,309910.0
2025-10-15,4160.1,4235.8,4157.3,4201.6,375200.0
2025-10-16,4225.1,4346.7,4214.5,4304.6,569850.0
2025-10-20,4269.0,4398.0,4229.7,4359.4,535330.0
2025-10-21,4371.0,4393.6,4093.0,4109.1,468710.0
2025-10-22,4137.0,4175.0,4021.2,4065.4,271970.0
2025-10-23,4114.8,4171.5,4079.6,4145.6,297600.0
2025-10-27,4066.3,4101.6,3973.0,4005.5,338430.0
2025-10-28,3985.1,4015.0,3890.7,3968.7,288270.0
2025-10-29,3930.9,4030.0,3926.5,3986.2,246320.0
2025-10-30,3942.8,4041.5,3925.1,4015.9,237170.0
2025-11-03,4001.0,4043.1,3971.3,4014.0,250260.0
2025-11-04,4013.7,4018.0,3937.1,3960.5,175160.0
2025-11-05,3939.5,4000.7,3935.7,3992.9,188690.0
2025-11-06,3992.4,4028.7,3973.2,3991.0,208650.0
2025-11-10,4007.2,4124.0,4004.2,4122.0,252250.0
2025-11-11,4124.0,4155.0,4102.8,4116.3,296800.0
2025-11-12,4132.2,4218.5,4104.4,4213.6,319220.0
2025-11-13,4202.4,4250.0,4148.5,4194.5,342180.0
2025-11-17,4122.7,4142.7,4042.3,4109.8,233300.0
2025-11-18,4083.9,4118.7,4032.8,4101.7,233700.0
2025-11-19,4104.2,4169.6,4090.8,4118.2,272360.0
2025-11-20,4118.9,4145.0,4069.8,4095.7,257810.0
2025-11-24,4087.3,4157.0,4056.0,4113.1,132700.0
2025-11-25,4153.6,4176.4,4125.6,4159.8,187970.0
2025-11-26,4167.0,4209.0,4163.6,4202.3,154810.0
2025-12-01,4258.5,4299.6,4241.1,4274.8,215920.0
2025-12-02,4265.3,4269.2,4194.0,4220.8,176440.0
2025-12-03,4241.6,4273.3,4225.1,4232.5,161250.0
2025-12-04,4234.5,4251.1,4203.3,4243.0,193600.0
2025-12-08,4228.1,4247.9,4204.0,4217.7,177370.0
2025-12-09,4219.6,4251.7,4197.8,4236.2,186180.0
2025-12-10,4237.5,4268.8,4207.8,4224.7,228280.0
2025-12-11,4258.3,4317.3,4231.2,4313.0,292180.0
2025-12-15,4330.0,4384.3,4315.9,4335.2,212280.0
2025-12-16,4334.3,4367.9,4297.4,4332.3,212410.0
2025-12-17,4333.5,4383.6,4330.7,4373.9,234460.0
2025-12-18,4371.5,4409.5,4338.0,4364.5,165210.0
2025-12-22,4369.9,4484.5,4367.9,4469.4,248420.0
2025-12-23,4481.8,4530.8,4457.7,4505.7,150130.0
2025-12-25,4505.4,4539.65,4505.3,4527.5,179200.0
2025-12-29,4549.8,4557.2,4308.1,4327.0,186080.0
2025-12-30,4350.3,4420.5,4338.8,4386.3,161780.0
2026-01-01,4332.1,4364.45,4332.1,4361.55,149560.0
2026-01-02,4340.0,4414.8,4319.7,4329.6,154810.0
2026-01-05,4368.3,4467.6,4354.6,4451.5,211710.0
2026-01-06,4459.8,4508.3,4437.9,4496.1,176580.0
2026-01-07,4505.4,4512.4,4432.9,4462.5,202780.0
2026-01-08,4467.1,4489.3,4415.0,4460.7,208960.0
2026-01-09,4489.3,4527.0,4461.8,4500.9,217950.0
2026-01-12,4529.1,4640.5,4520.8,4614.7,307990.0
2026-01-13,4610.0,4644.0,4576.7,4599.1,267450.0
2026-01-14,4594.3,4650.5,4594.3,4635.7,306300.0
2026-01-15,4635.7,4637.2,4584.0,4623.7,226480.0
2026-01-16,4621.6,4625.5,4539.1,4595.4,246160.0
2026-01-18,4635.8,4697.71,4624.8,4680.64,
2026-01-19,4680.71,4688.5,4660.29,4671.15,145600.0
2026-01-20,4661.0,4806.0,4659.5,4800.8,56620.0
2026-01-21,4804.9,4925.1,4793.3,4873.1,77330.0
2026-01-22,4871.0,4980.1,4807.9,4949.4,68880.0
2026-01-23,4977.8,5028.3,4937.7,5017.0,83400.0
2026-01-26,5028.4,5124.3,5005.0,5102.4,7980.0
2026-01-27,5038.3,5209.5,5031.0,5101.4,6640.0
2026-01-28,5198.0,5433.5,5175.0,5321.0,10330.0
2026-01-29,5449.9,5626.8,5126.0,5354.8,570060.0
2026-01-30,5410.0,5480.2,4700.4,4745.1,508000.0
2026-02-02,4816.0,4905.6,4423.2,4652.6,385980.0
2026-02-03,4691.0,5018.1,4690.2,4935.0,260110.0
2026-02-04,4966.1,5113.9,4867.7,4950.8,245960.0
2026-02-05,4986.6,5045.0,4779.6,4889.5,234590.0
2026-02-06,4800.0,4995.6,4670.0,4979.8,177810.0
2026-02-09,5003.6,5111.1,4988.6,5079.4,124150.0
2026-02-10,5084.3,5102.7,5011.0,5031.0,105660.0
2026-02-11,5048.0,5144.5,5036.3,5098.5,129970.0
2026-02-12,5107.3,5122.8,4900.0,4948.4,161620.0
2026-02-13,4950.0,5069.1,4907.1,5046.3,123020.0
2026-02-15,5053.0,5070.0,5026.44,5039.06,
2026-02-16,5038.09,5050.6,4985.44,5010.11,42200.0
2026-02-17,5050.0,5074.4,4854.2,4905.9,166710.0
2026-02-18,4898.5,5031.9,4868.5,5009.5,98200.0
2026-02-19,4993.7,5042.8,4971.5,4997.4,87030.0
2026-02-20,5015.0,5131.0,4999.3,5080.9,136740.0
2026-02-23,5114.0,5236.7,5103.2,5207.5,1620.0
2026-02-24,5243.4,5250.0,5091.8,5157.8,1510.0
2026-02-25,5135.6,5214.0,5129.5,5208.0,1770.0
2026-02-26,5175.3,5221.9,5144.8,5194.2,131630.0
2026-02-27,5201.9,5299.0,5182.9,5247.9,151660.0
2026-03-02,5360.0,5434.1,5272.9,5311.6,227840.0
2026-03-03,5335.7,5394.2,5005.0,5123.7,273220.0
2026-03-04,5110.0,5218.3,5092.8,5134.7,146890.0
2026-03-05,5155.7,5204.3,5058.9,5078.7,151850.0
2026-03-06,5099.7,5185.0,5071.0,5158.7,160270.0
2026-03-09,5186.7,5210.4,5021.2,5103.7,181750.0
2026-03-10,5152.4,5248.7,5127.1,5242.1,179580.0
2026-03-11,5194.0,5230.9,5155.9,5179.1,140340.0
2026-03-12,5185.4,5197.8,5058.2,5125.8,153530.0
2026-03-13,5084.0,5132.4,5014.1,5061.7,160330.0
2026-03-16,5049.3,5082.0,5009.5,5039.4,32009.999999999996
2026-03-17,5049.1,5085.0,5014.4,5045.6,20540.0
2026-03-18,5046.6,5058.4,4846.6,4932.9,47590.0
2026-03-19,4860.5,4903.3,4539.5,4640.5,66190.0
2026-03-20,4689.4,4773.3,4512.1,4609.6,48020.0
2026-03-23,4475.0,4542.6,4124.4,4423.6,4920.0
2026-03-24,4434.0,4500.0,4330.0,4418.0,2850.0
2026-03-25,4487.9,4616.3,4475.0,4568.6,3930.0
2026-03-26,4539.8,4552.2,4366.7,4392.3,4510.0
2026-03-27,4398.1,4568.3,4389.4,4508.6,5220.0
2026-03-30,4520.0,4611.4,4444.7,4557.5,157750.0
2026-03-31,4538.9,4717.6,4510.0,4678.6,176390.0
2026-04-01,4698.4,4821.0,4690.0,4813.1,166760.0
2026-04-02,4783.0,4825.9,4580.4,4679.7,190440.0
2026-04-03,4783.0,4825.9,4580.4,4679.7,
2026-04-06,4675.0,4733.1,4626.2,4684.7,89410.0
2026-04-07,4678.6,4745.7,4631.9,4684.7,145710.0
2026-04-08,4747.2,4888.0,4720.6,4777.2,215120.0
2026-04-09,4744.8,4826.0,4718.6,4818.0,133630.0
2026-04-10,4790.5,4820.0,4752.7,4787.4,121570.0
2026-04-13,4710.0,4774.4,4626.0,4767.4,127320.0
2026-04-14,4769.3,4870.3,4767.6,4850.1,129590.0
2026-04-15,4862.7,4895.4,4807.9,4823.6,106710.0
2026-04-16,4813.6,4861.3,4792.1,4808.3,108860.0
2026-04-17,4811.8,4917.7,4785.9,4879.6,135440.0
2026-04-20,4811.8,4847.9,4752.0,4828.8,123210.0
2026-04-21,4842.4,4854.8,4685.8,4719.6,177090.0
2026-04-22,4738.7,4790.8,4733.1,4753.0,100060.0
2026-04-23,4759.2,4771.3,4680.1,4724.0,153540.0
2026-04-24,4715.6,4757.1,4672.2,4740.9,103220.0
2026-04-27,4692.5,4728.3,4664.8,4676.9,2580.0
2026-04-28,4682.5,4698.4,4555.5,4592.0,2660.0
2026-04-29,4611.4,4624.3,4522.2,4561.5,126420.0
2026-04-30,4557.0,4658.8,4550.8,4629.6,119640.0
2026-05-01,4636.9,4673.0,4570.0,4644.5,93230.0
2026-05-04,4644.0,4650.6,4510.1,4533.3,117010.0
2026-05-05,4534.0,4597.5,4522.7,4568.5,88280.0
2026-05-06,4569.3,4734.6,4556.1,4694.3,160440.0
2026-05-07,4702.2,4775.2,4693.3,4710.9,159530.0
2026-05-08,4682.5,4760.4,4671.0,4730.7,122010.0
2026-05-11,4690.0,4758.4,4655.1,4728.7,147400.0
2026-05-12,4745.3,4783.4,4645.2,4686.7,146320.0
2026-05-13,4722.3,4734.8,4676.0,4706.7,120050.0
2026-05-14,4696.8,4725.8,4649.3,4685.3,102970.0
2026-05-15,4654.5,4670.1,4513.8,4561.9,169760.0
2026-05-18,4580.0,4622.5,4517.6,4591.8,27160.0
2026-05-19,4608.0,4625.3,4500.3,4544.5,22840.0
2026-05-20,4519.2,4591.2,4488.0,4569.1,44760.0
2026-05-21,4579.9,4605.4,4522.4,4576.6,65099.99999999999
2026-05-22,4580.2,4581.0,4521.8,4556.4,44280.0
2026-05-26,4532.0,4583.3,4480.0,4502.3,254520.0
2026-05-27,4507.4,4528.1,4398.5,4481.5,205280.0
2026-05-28,4488.0,4547.1,4395.6,4532.4,153470.0
2026-05-29,4527.6,4627.1,4519.5,4593.0,133440.0
2026-06-01,4575.2,4577.3,4476.0,4506.3,116790.0
2026-06-02,4515.8,4571.3,4492.3,4519.9,100310.0
2026-06-03,4520.0,4525.1,4454.0,4466.9,106690.0
2026-06-04,4462.6,4543.2,4450.1,4505.0,109640.0
2026-06-05,4503.0,4508.7,4336.6,4365.3,173440.0
