date,open,high,low,close,volume
2011-01-21,1283.6,1291.2,1282.1,1283.3,
2011-01-24,1283.3,1291.9,1282.5,1290.8,
2011-01-25,1288.2,1291.3,1281.1,1291.2,
2011-01-26,1292.0,1299.7,1292.0,1296.6,
2011-01-27,1297.5,1301.3,1294.4,1299.5,
2011-01-28,1299.6,1302.7,1275.1,1276.3,
2011-01-31,1276.5,1287.2,1276.5,1286.1,
2011-02-01,1289.1,1308.9,1289.1,1307.6,
2011-02-02,1305.9,1307.6,1302.6,1304.0,
2011-02-03,1302.8,1308.6,1294.8,1307.1,
2011-02-04,1307.0,1311.0,1301.7,1310.9,
2011-02-07,1311.8,1322.8,1311.8,1319.1,
2011-02-08,1318.8,1324.9,1316.0,1324.6,
2011-02-09,1322.5,1324.5,1314.9,1320.9,
2011-02-10,1318.1,1322.8,1311.7,1321.9,
2011-02-11,1318.7,1330.8,1316.1,1329.2,
2011-02-14,1328.7,1333.0,1326.9,1332.3,
2011-02-15,1330.4,1330.4,1324.6,1328.0,
2011-02-16,1329.5,1337.6,1329.5,1336.3,
2011-02-17,1334.4,1341.5,1331.0,1340.4,
2011-02-18,1340.4,1344.1,1338.1,1343.0,
2011-02-22,1338.9,1338.9,1312.3,1315.4,
2011-02-23,1315.4,1317.9,1299.6,1307.4,
2011-02-24,1307.1,1310.9,1294.3,1306.1,
2011-02-25,1307.3,1320.6,1307.3,1319.9,
2011-02-28,1321.6,1329.4,1320.6,1327.2,
2011-03-01,1328.6,1332.1,1306.1,1306.3,
2011-03-02,1305.5,1314.2,1302.6,1308.4,
2011-03-03,1312.4,1332.3,1312.4,1331.0,
2011-03-04,1330.7,1331.1,1312.6,1321.2,
2011-03-07,1322.7,1327.7,1304.0,1310.1,
2011-03-08,1311.1,1325.7,1306.9,1321.8,
2011-03-09,1319.9,1323.2,1312.3,1320.0,
2011-03-10,1315.7,1315.7,1294.2,1295.1,
2011-03-11,1293.4,1308.3,1292.0,1304.3,
2011-03-14,1301.2,1301.2,1286.4,1296.4,
2011-03-15,1288.5,1288.5,1261.1,1281.9,
2011-03-16,1279.5,1280.9,1249.1,1256.9,
2011-03-17,1261.6,1278.9,1261.6,1273.7,
2011-03-18,1276.7,1288.9,1276.2,1279.2,
2011-03-21,1281.7,1300.6,1281.7,1298.4,
2011-03-22,1298.3,1299.3,1292.7,1293.8,
2011-03-23,1292.2,1300.5,1284.1,1297.5,
2011-03-24,1300.6,1311.3,1297.7,1309.7,
2011-03-25,1311.8,1319.2,1310.2,1313.8,
2011-03-28,1315.4,1319.7,1310.2,1310.2,
2011-03-29,1309.4,1319.4,1305.3,1319.4,
2011-03-30,1321.9,1331.7,1321.9,1328.3,
2011-03-31,1327.4,1329.8,1325.0,1325.8,
2011-04-01,1329.5,1337.8,1328.9,1332.4,
2011-04-04,1333.6,1336.7,1329.1,1332.9,
2011-04-05,1332.0,1338.2,1330.0,1332.6,
2011-04-06,1335.9,1339.4,1331.1,1335.5,
2011-04-07,1334.8,1338.8,1326.6,1333.5,
2011-04-08,1336.2,1339.5,1322.9,1328.2,
2011-04-11,1329.0,1333.8,1321.1,1324.5,
2011-04-12,1322.0,1322.0,1309.5,1314.2,
2011-04-13,1314.0,1321.3,1309.2,1314.4,
2011-04-14,1311.1,1316.8,1302.4,1314.5,
2011-04-15,1314.5,1322.9,1313.7,1319.7,
2011-04-18,1313.3,1313.3,1294.7,1305.1,
2011-04-19,1306.0,1312.7,1304.0,1312.6,
2011-04-20,1319.1,1332.7,1319.1,1330.4,
2011-04-21,1333.2,1337.5,1332.8,1337.4,
2011-04-25,1337.1,1337.6,1331.5,1335.3,
2011-04-26,1336.8,1349.6,1336.8,1347.2,
2011-04-27,1348.4,1357.5,1344.3,1355.7,
2011-04-28,1353.9,1361.7,1353.6,1360.5,
2011-04-29,1360.1,1364.6,1358.7,1363.6,
2011-05-02,1365.2,1370.6,1358.6,1361.2,
2011-05-03,1359.8,1360.8,1349.5,1356.6,
2011-05-04,1355.9,1355.9,1341.5,1347.3,
2011-05-05,1344.2,1348.0,1329.2,1335.1,
2011-05-06,1340.2,1354.4,1335.6,1340.2,
2011-05-09,1340.2,1349.4,1338.6,1346.3,
2011-05-10,1348.3,1359.4,1348.3,1357.2,
2011-05-11,1354.5,1354.5,1336.4,1342.1,
2011-05-12,1339.4,1351.1,1332.0,1348.7,
2011-05-13,1348.7,1350.5,1333.4,1337.8,
2011-05-16,1334.8,1343.3,1327.3,1329.5,
2011-05-17,1326.1,1330.4,1318.5,1329.0,
2011-05-18,1328.5,1341.8,1326.6,1340.7,
2011-05-19,1342.4,1346.8,1336.4,1343.6,
2011-05-20,1342.0,1342.0,1330.7,1333.3,
2011-05-23,1333.1,1333.1,1312.9,1317.4,
2011-05-24,1317.7,1323.7,1313.9,1316.3,
2011-05-25,1316.4,1325.9,1311.8,1320.5,
2011-05-26,1320.6,1328.5,1314.4,1325.7,
2011-05-27,1325.7,1334.6,1325.7,1331.1,
2011-05-31,1331.1,1345.2,1331.1,1345.2,
2011-06-01,1345.2,1345.2,1313.7,1314.6,
2011-06-02,1314.6,1318.0,1305.6,1312.9,
2011-06-03,1312.9,1312.9,1297.9,1300.2,
2011-06-06,1300.3,1300.3,1284.7,1286.2,
2011-06-07,1286.3,1296.2,1284.7,1284.9,
2011-06-08,1284.6,1287.0,1277.4,1279.6,
2011-06-09,1279.6,1294.5,1279.6,1289.0,
2011-06-10,1288.6,1288.6,1268.3,1271.0,
2011-06-13,1271.3,1277.0,1265.6,1271.8,
2011-06-14,1272.2,1292.5,1272.2,1287.9,
2011-06-15,1287.9,1287.9,1261.9,1265.4,
2011-06-16,1265.5,1274.1,1258.1,1267.6,
2011-06-17,1268.6,1279.8,1267.4,1271.5,
2011-06-20,1271.5,1280.4,1267.6,1278.4,
2011-06-21,1278.4,1297.6,1278.4,1295.5,
2011-06-22,1295.5,1298.6,1286.8,1287.1,
2011-06-23,1286.6,1286.6,1262.9,1283.5,
2011-06-24,1283.0,1283.9,1267.2,1268.4,
2011-06-27,1268.4,1284.9,1267.5,1280.1,
2011-06-28,1280.2,1296.8,1280.2,1296.7,
2011-06-29,1296.8,1309.2,1296.8,1307.4,
2011-06-30,1307.6,1322.0,1307.6,1320.6,
2011-07-01,1320.6,1341.0,1318.2,1339.7,
2011-07-05,1339.6,1340.9,1334.3,1337.9,
2011-07-06,1337.6,1340.9,1330.9,1339.2,
2011-07-07,1339.6,1356.5,1339.6,1353.2,
2011-07-08,1352.4,1352.4,1333.7,1343.8,
2011-07-11,1343.3,1343.3,1316.4,1319.5,
2011-07-12,1319.6,1327.2,1313.3,1313.6,
2011-07-13,1314.4,1331.5,1314.4,1317.7,
2011-07-14,1317.7,1326.9,1306.5,1308.9,
2011-07-15,1308.9,1317.7,1307.5,1316.1,
2011-07-18,1315.9,1315.9,1295.9,1305.4,
2011-07-19,1307.1,1328.1,1307.1,1326.7,
2011-07-20,1328.7,1330.4,1323.7,1325.8,
2011-07-21,1325.7,1347.0,1325.7,1343.8,
2011-07-22,1343.8,1346.1,1336.9,1345.0,
2011-07-25,1344.3,1344.3,1331.1,1337.4,
2011-07-26,1337.4,1338.5,1329.6,1331.9,
2011-07-27,1331.9,1331.9,1303.5,1304.9,
2011-07-28,1304.8,1316.3,1299.2,1300.7,
2011-07-29,1300.1,1304.2,1282.9,1292.3,
2011-08-01,1292.6,1307.4,1274.7,1286.9,
2011-08-02,1286.6,1286.6,1254.0,1254.1,
2011-08-03,1254.3,1261.2,1234.6,1260.3,
2011-08-04,1260.2,1260.2,1199.5,1200.1,
2011-08-05,1200.3,1218.1,1168.1,1199.4,
2011-08-08,1198.5,1198.5,1119.3,1119.5,
2011-08-09,1120.2,1172.9,1101.5,1172.5,
2011-08-10,1171.8,1171.8,1118.0,1120.8,
2011-08-11,1121.3,1186.3,1121.3,1172.6,
2011-08-12,1172.9,1189.0,1170.7,1178.8,
2011-08-15,1178.9,1204.5,1178.9,1204.5,
2011-08-16,1204.2,1204.2,1180.5,1192.8,
2011-08-17,1192.9,1208.5,1184.4,1193.9,
2011-08-18,1189.6,1189.6,1131.0,1140.7,
2011-08-19,1140.5,1154.5,1122.1,1123.5,
2011-08-22,1123.6,1145.5,1121.1,1123.8,
2011-08-23,1124.4,1162.3,1122.9,1162.3,
2011-08-24,1162.2,1178.6,1156.3,1177.6,
2011-08-25,1176.7,1190.7,1155.5,1159.3,
2011-08-26,1158.8,1181.2,1135.9,1176.8,
2011-08-29,1177.9,1210.3,1177.9,1210.1,
2011-08-30,1209.8,1220.1,1195.8,1212.9,
2011-08-31,1213.0,1230.7,1209.3,1218.9,
2011-09-01,1219.1,1229.3,1203.8,1204.4,
2011-09-02,1203.9,1203.9,1170.6,1174.0,
2011-09-06,1174.0,1174.0,1140.1,1165.2,
2011-09-07,1165.8,1198.6,1165.8,1198.6,
2011-09-08,1198.0,1204.4,1183.3,1185.9,
2011-09-09,1185.4,1185.4,1148.4,1154.2,
2011-09-12,1153.5,1162.5,1136.1,1162.3,
2011-09-13,1162.6,1176.4,1157.4,1172.9,
2011-09-14,1173.3,1202.4,1162.7,1188.7,
2011-09-15,1189.4,1209.1,1189.4,1209.1,
2011-09-16,1209.2,1220.1,1204.5,1216.0,
2011-09-19,1215.0,1215.0,1188.4,1204.1,
2011-09-20,1204.5,1220.4,1201.3,1202.1,
2011-09-21,1203.6,1206.3,1166.2,1166.8,
2011-09-22,1164.6,1164.6,1114.2,1129.6,
2011-09-23,1128.8,1141.7,1121.4,1136.4,
2011-09-26,1136.9,1164.2,1131.1,1162.9,
2011-09-27,1163.3,1195.9,1163.3,1175.4,
2011-09-28,1175.4,1184.7,1150.4,1151.1,
2011-09-29,1151.7,1175.9,1139.9,1160.4,
2011-09-30,1159.9,1159.9,1131.3,1131.4,
2011-10-03,1131.2,1139.0,1098.9,1099.2,
2011-10-04,1097.4,1125.1,1074.8,1123.9,
2011-10-05,1124.0,1146.1,1115.7,1144.0,
2011-10-06,1144.1,1165.6,1134.9,1165.0,
2011-10-07,1165.0,1171.4,1150.3,1155.5,
2011-10-10,1158.2,1194.9,1158.2,1194.9,
2011-10-11,1194.6,1199.2,1187.3,1195.5,
2011-10-12,1196.2,1220.3,1196.2,1207.3,
2011-10-13,1207.0,1207.5,1190.6,1203.7,
2011-10-14,1205.7,1224.6,1205.7,1224.6,
2011-10-17,1224.5,1224.5,1198.6,1200.9,
2011-10-18,1200.8,1233.1,1191.5,1225.4,
2011-10-19,1223.5,1229.6,1206.3,1209.9,
2011-10-20,1211.1,1219.5,1197.3,1215.4,
2011-10-21,1215.4,1239.0,1215.4,1238.3,
2011-10-24,1238.7,1256.6,1238.7,1254.2,
2011-10-25,1254.2,1254.2,1226.8,1229.1,
2011-10-26,1229.2,1246.3,1221.1,1242.0,
2011-10-27,1244.0,1292.7,1244.0,1284.6,
2011-10-28,1284.4,1287.1,1277.0,1285.1,
2011-10-31,1285.0,1285.0,1253.2,1253.3,
2011-11-01,1251.0,1251.0,1215.4,1218.3,
2011-11-02,1219.6,1242.5,1219.6,1237.9,
2011-11-03,1238.3,1263.2,1234.8,1261.2,
2011-11-04,1260.8,1260.8,1238.9,1253.2,
2011-11-07,1253.2,1261.7,1240.8,1261.1,
2011-11-08,1261.1,1277.6,1255.0,1275.9,
2011-11-09,1275.2,1275.2,1226.6,1229.1,
2011-11-10,1229.6,1246.2,1227.7,1239.7,
2011-11-11,1240.1,1267.0,1240.1,1263.8,
2011-11-14,1263.8,1263.8,1246.7,1251.8,
2011-11-15,1251.7,1264.3,1244.3,1257.8,
2011-11-16,1257.8,1259.6,1235.7,1236.9,
2011-11-17,1236.6,1237.7,1209.4,1216.1,
2011-11-18,1216.2,1223.5,1211.4,1215.7,
2011-11-21,1215.6,1215.6,1183.2,1193.0,
2011-11-22,1193.0,1196.8,1181.7,1188.0,
2011-11-23,1187.5,1187.5,1161.8,1161.8,
2011-11-25,1161.4,1172.7,1158.7,1158.7,
2011-11-28,1158.7,1197.3,1158.7,1192.6,
2011-11-29,1192.6,1203.7,1191.8,1195.2,
2011-11-30,1196.7,1247.1,1196.7,1247.0,
2011-12-01,1246.9,1251.1,1239.7,1244.6,
2011-12-02,1246.0,1260.1,1243.3,1244.3,
2011-12-05,1244.3,1266.7,1244.3,1257.1,
2011-12-06,1257.2,1266.0,1253.0,1258.5,
2011-12-07,1258.1,1267.1,1244.8,1261.0,
2011-12-08,1260.9,1260.9,1231.5,1234.3,
2011-12-09,1234.5,1258.3,1234.5,1255.2,
2011-12-12,1255.1,1255.1,1227.3,1236.5,
2011-12-13,1236.8,1249.9,1219.4,1225.7,
2011-12-14,1225.7,1225.7,1209.5,1211.8,
2011-12-15,1212.1,1225.6,1212.1,1215.8,
2011-12-16,1216.1,1231.0,1215.2,1219.7,
2011-12-19,1219.7,1224.6,1202.4,1205.3,
2011-12-20,1205.7,1242.8,1205.7,1241.3,
2011-12-21,1241.3,1245.1,1229.5,1243.7,
2011-12-22,1243.7,1255.2,1243.7,1254.0,
2011-12-23,1254.0,1265.4,1254.0,1265.3,
2011-12-27,1265.0,1269.4,1262.3,1265.4,
2011-12-28,1265.4,1265.8,1248.6,1249.6,
2011-12-29,1249.8,1263.5,1249.8,1263.0,
2011-12-30,1262.8,1264.1,1257.5,1257.6,
2012-01-03,1258.9,1284.6,1258.9,1277.1,
2012-01-04,1277.0,1278.7,1268.1,1277.3,
2012-01-05,1277.3,1283.1,1265.3,1281.1,
2012-01-06,1280.9,1281.8,1273.3,1277.8,
2012-01-09,1277.8,1282.0,1274.6,1280.7,
2012-01-10,1280.8,1296.5,1280.8,1292.1,
2012-01-11,1292.0,1293.8,1285.4,1292.5,
2012-01-12,1292.5,1296.8,1285.8,1295.5,
2012-01-13,1294.8,1294.8,1277.6,1289.1,
2012-01-17,1290.2,1303.0,1290.2,1293.7,
2012-01-18,1293.7,1308.1,1291.0,1308.0,
2012-01-19,1308.1,1315.5,1308.1,1314.5,
2012-01-20,1314.5,1315.4,1309.2,1315.4,
2012-01-23,1315.3,1322.3,1309.9,1316.0,
2012-01-24,1316.0,1316.0,1306.1,1314.7,
2012-01-25,1314.4,1328.3,1307.7,1326.1,
2012-01-26,1326.3,1333.5,1313.6,1318.4,
2012-01-27,1318.3,1320.1,1311.7,1316.3,
2012-01-30,1316.2,1316.2,1300.5,1313.0,
2012-01-31,1313.5,1321.4,1306.7,1312.4,
2012-02-01,1312.4,1330.5,1312.4,1324.1,
2012-02-02,1324.2,1329.2,1321.6,1325.5,
2012-02-03,1326.2,1345.3,1326.2,1344.9,
2012-02-06,1344.3,1344.4,1337.5,1344.3,
2012-02-07,1344.3,1349.2,1335.9,1347.1,
2012-02-08,1347.0,1351.0,1341.9,1350.0,
2012-02-09,1350.0,1354.3,1344.6,1351.9,
2012-02-10,1351.2,1351.2,1337.3,1342.6,
2012-02-13,1343.1,1353.3,1343.1,1351.8,
2012-02-14,1351.3,1351.3,1340.8,1350.5,
2012-02-15,1350.5,1355.9,1340.8,1343.2,
2012-02-16,1342.6,1359.0,1341.2,1358.0,
2012-02-17,1358.1,1363.4,1357.2,1361.2,
2012-02-21,1361.2,1367.8,1358.1,1362.2,
2012-02-22,1362.1,1362.7,1355.5,1357.7,
2012-02-23,1357.5,1364.2,1352.3,1363.5,
2012-02-24,1363.5,1368.9,1363.5,1365.7,
2012-02-27,1365.2,1371.9,1354.9,1367.6,
2012-02-28,1367.6,1373.1,1366.0,1372.2,
2012-02-29,1372.2,1378.0,1363.8,1365.7,
2012-03-01,1365.9,1376.2,1365.9,1374.1,
2012-03-02,1374.1,1374.5,1366.4,1369.6,
2012-03-05,1369.6,1369.6,1359.1,1364.3,
2012-03-06,1363.6,1363.6,1340.0,1343.4,
2012-03-07,1343.4,1354.8,1343.4,1352.6,
2012-03-08,1352.7,1368.7,1352.7,1365.9,
2012-03-09,1366.0,1374.8,1366.0,1370.9,
2012-03-12,1370.8,1373.0,1366.7,1371.1,
2012-03-13,1371.9,1396.1,1371.9,1395.9,
2012-03-14,1395.9,1399.4,1390.0,1394.3,
2012-03-15,1394.2,1402.6,1392.8,1402.6,
2012-03-16,1402.6,1405.9,1401.5,1404.2,
2012-03-19,1404.2,1414.0,1402.4,1409.8,
2012-03-20,1409.6,1409.6,1397.7,1405.5,
2012-03-21,1405.5,1407.8,1400.6,1402.9,
2012-03-22,1402.9,1402.9,1388.7,1392.8,
2012-03-23,1392.8,1399.2,1386.9,1397.1,
2012-03-26,1397.1,1416.6,1397.1,1416.5,
2012-03-27,1416.6,1419.2,1411.9,1412.5,
2012-03-28,1412.5,1413.7,1397.2,1405.5,
2012-03-29,1405.4,1405.4,1391.6,1403.3,
2012-03-30,1403.3,1410.9,1401.4,1408.5,
2012-04-02,1408.5,1422.4,1404.5,1419.0,
2012-04-03,1419.0,1419.0,1404.6,1413.4,
2012-04-04,1413.1,1413.1,1394.1,1399.0,
2012-04-05,1398.8,1401.6,1392.9,1398.1,
2012-04-06,1390.5,1394.8,1372.0,1390.3,
2012-04-09,1397.4,1397.4,1378.2,1382.2,
2012-04-10,1382.2,1383.0,1357.4,1358.6,
2012-04-11,1359.0,1374.7,1359.0,1368.7,
2012-04-12,1368.8,1388.1,1368.8,1387.6,
2012-04-13,1387.6,1387.6,1369.8,1370.3,
2012-04-16,1370.3,1379.7,1365.4,1369.6,
2012-04-17,1369.6,1392.8,1369.6,1390.8,
2012-04-18,1390.8,1390.8,1383.3,1385.1,
2012-04-19,1385.1,1390.5,1370.3,1376.9,
2012-04-20,1377.0,1387.4,1377.0,1378.5,
2012-04-23,1378.5,1378.5,1358.8,1366.9,
2012-04-24,1367.0,1375.6,1366.8,1372.0,
2012-04-25,1372.1,1391.4,1372.1,1390.7,
2012-04-26,1390.6,1402.1,1387.3,1400.0,
2012-04-27,1400.2,1406.6,1397.3,1403.4,
2012-04-30,1403.3,1403.3,1394.0,1397.9,
2012-05-01,1397.9,1415.3,1395.7,1405.8,
2012-05-02,1405.5,1405.5,1393.9,1402.3,
2012-05-03,1402.3,1403.1,1388.7,1391.6,
2012-05-04,1391.5,1391.5,1368.0,1369.1,
2012-05-07,1368.8,1373.9,1363.9,1369.6,
2012-05-08,1369.2,1369.2,1347.8,1363.7,
2012-05-09,1363.2,1363.7,1343.1,1354.6,
2012-05-10,1354.6,1365.9,1354.6,1358.0,
2012-05-11,1358.1,1365.7,1348.9,1353.4,
2012-05-14,1351.9,1351.9,1336.6,1338.3,
2012-05-15,1338.4,1344.9,1328.4,1330.7,
2012-05-16,1330.8,1341.8,1324.8,1324.8,
2012-05-17,1324.8,1326.4,1304.9,1304.9,
2012-05-18,1305.1,1312.2,1292.0,1295.2,
2012-05-21,1295.7,1316.4,1295.7,1316.0,
2012-05-22,1316.1,1328.5,1310.0,1316.6,
2012-05-23,1316.0,1320.7,1296.5,1318.9,
2012-05-24,1318.7,1324.1,1310.5,1320.7,
2012-05-25,1320.8,1324.2,1314.2,1317.8,
2012-05-29,1318.9,1334.9,1318.9,1332.4,
2012-05-30,1331.3,1331.3,1310.8,1313.3,
2012-05-31,1313.1,1319.7,1298.9,1310.3,
2012-06-01,1309.9,1309.9,1277.3,1278.0,
2012-06-04,1278.3,1282.6,1266.7,1278.2,
2012-06-05,1277.8,1287.6,1274.2,1285.5,
2012-06-06,1285.6,1315.1,1285.6,1315.1,
2012-06-07,1316.2,1329.1,1312.7,1315.0,
2012-06-08,1315.0,1325.8,1307.8,1325.7,
2012-06-11,1325.7,1335.5,1307.7,1308.9,
2012-06-12,1309.4,1324.3,1306.6,1324.2,
2012-06-13,1324.0,1327.3,1310.5,1314.9,
2012-06-14,1314.9,1333.7,1314.1,1329.1,
2012-06-15,1329.2,1343.3,1329.2,1342.8,
2012-06-18,1342.4,1348.2,1334.5,1344.8,
2012-06-19,1344.8,1363.5,1344.8,1358.0,
2012-06-20,1358.0,1361.6,1346.4,1355.7,
2012-06-21,1355.4,1358.3,1324.4,1325.5,
2012-06-22,1325.9,1337.8,1325.9,1335.0,
2012-06-25,1334.9,1334.9,1309.3,1313.7,
2012-06-26,1314.1,1324.2,1310.3,1320.0,
2012-06-27,1320.7,1334.4,1320.7,1331.8,
2012-06-28,1331.5,1331.5,1313.3,1329.0,
2012-06-29,1330.1,1362.2,1330.1,1362.2,
2012-07-02,1362.3,1366.3,1355.7,1365.5,
2012-07-03,1365.8,1374.8,1363.5,1374.0,
2012-07-05,1373.7,1373.8,1363.0,1367.6,
2012-07-06,1367.1,1367.1,1348.0,1354.7,
2012-07-09,1354.7,1354.9,1346.7,1352.5,
2012-07-10,1353.0,1361.5,1336.3,1341.5,
2012-07-11,1341.4,1345.0,1333.3,1341.4,
2012-07-12,1341.3,1341.3,1325.4,1334.8,
2012-07-13,1334.8,1357.7,1334.8,1356.8,
2012-07-16,1356.5,1357.3,1348.5,1353.6,
2012-07-17,1353.7,1365.4,1345.1,1363.7,
2012-07-18,1363.6,1375.3,1359.0,1372.8,
2012-07-19,1373.0,1380.4,1371.2,1376.5,
2012-07-20,1376.5,1376.5,1362.2,1362.7,
2012-07-23,1362.3,1362.3,1337.6,1350.5,
2012-07-24,1350.5,1351.5,1329.2,1338.3,
2012-07-25,1338.3,1344.0,1331.5,1337.9,
2012-07-26,1338.2,1363.1,1338.2,1360.0,
2012-07-27,1360.1,1389.2,1360.1,1386.0,
2012-07-30,1385.9,1391.7,1381.4,1385.3,
2012-07-31,1385.3,1387.2,1379.2,1379.3,
2012-08-01,1379.3,1385.0,1373.3,1375.1,
2012-08-02,1375.1,1375.1,1354.7,1365.0,
2012-08-03,1365.4,1394.2,1365.4,1391.0,
2012-08-06,1391.0,1399.6,1391.0,1394.2,
2012-08-07,1394.5,1407.1,1394.5,1401.3,
2012-08-08,1401.2,1404.1,1396.1,1402.2,
2012-08-09,1402.3,1405.9,1398.8,1402.8,
2012-08-10,1402.6,1406.0,1395.6,1405.9,
2012-08-13,1405.9,1405.9,1397.3,1404.1,
2012-08-14,1404.4,1410.0,1400.6,1403.9,
2012-08-15,1403.9,1407.7,1401.8,1405.5,
2012-08-16,1406.6,1417.4,1404.2,1415.5,
2012-08-17,1415.8,1418.7,1414.7,1418.2,
2012-08-20,1417.8,1418.1,1412.1,1418.1,
2012-08-21,1418.1,1426.7,1410.9,1413.2,
2012-08-22,1413.1,1416.1,1406.8,1413.5,
2012-08-23,1413.5,1413.5,1400.5,1402.1,
2012-08-24,1402.0,1413.5,1398.0,1411.1,
2012-08-27,1411.1,1416.2,1409.1,1410.4,
2012-08-28,1410.4,1413.6,1405.6,1409.3,
2012-08-29,1409.3,1413.9,1406.6,1410.5,
2012-08-30,1410.1,1410.1,1397.0,1399.5,
2012-08-31,1400.1,1413.1,1399.0,1406.6,
2012-09-04,1406.5,1409.3,1396.6,1404.9,
2012-09-05,1404.9,1408.8,1401.3,1403.4,
2012-09-06,1403.4,1432.1,1403.4,1432.1,
2012-09-07,1432.1,1437.9,1431.4,1437.9,
2012-09-10,1437.9,1438.7,1429.0,1429.1,
2012-09-11,1429.1,1437.8,1429.1,1433.6,
2012-09-12,1433.6,1439.2,1433.0,1436.6,
2012-09-13,1436.6,1463.8,1435.3,1460.0,
2012-09-14,1460.1,1474.5,1460.1,1465.8,
2012-09-17,1465.4,1465.6,1457.6,1461.2,
2012-09-18,1461.2,1461.5,1456.1,1459.3,
2012-09-19,1459.5,1465.2,1457.9,1461.1,
2012-09-20,1461.1,1461.2,1450.0,1460.3,
2012-09-21,1460.3,1467.1,1459.5,1460.2,
2012-09-24,1459.8,1460.7,1452.1,1456.9,
2012-09-25,1456.9,1463.2,1441.6,1441.6,
2012-09-26,1441.6,1441.6,1430.5,1433.3,
2012-09-27,1433.4,1450.2,1433.4,1447.2,
2012-09-28,1447.1,1447.1,1435.6,1440.7,
2012-10-01,1440.9,1457.1,1440.9,1444.5,
2012-10-02,1445.0,1451.5,1439.0,1445.8,
2012-10-03,1446.1,1454.3,1442.0,1451.0,
2012-10-04,1451.1,1463.1,1451.1,1461.4,
2012-10-05,1461.4,1471.0,1456.9,1460.9,
2012-10-08,1460.9,1460.9,1453.1,1455.9,
2012-10-09,1455.9,1455.9,1441.2,1441.5,
2012-10-10,1441.5,1442.5,1430.6,1432.6,
2012-10-11,1432.8,1443.9,1432.8,1432.8,
2012-10-12,1432.8,1438.4,1425.5,1428.6,
2012-10-15,1428.8,1441.3,1427.2,1440.1,
2012-10-16,1440.3,1455.5,1440.3,1454.9,
2012-10-17,1454.2,1462.2,1453.3,1460.9,
2012-10-18,1460.9,1464.0,1452.6,1457.3,
2012-10-19,1457.3,1457.3,1429.8,1433.2,
2012-10-22,1433.2,1435.5,1422.1,1433.8,
2012-10-23,1433.7,1433.7,1407.6,1413.1,
2012-10-24,1413.2,1420.0,1407.1,1408.8,
2012-10-25,1409.7,1421.1,1405.1,1413.0,
2012-10-26,1413.0,1417.1,1403.3,1411.9,
2012-10-29,1406.3,1407.0,1397.0,1407.5,
2012-10-30,1399.3,1412.3,1393.0,1407.5,
2012-10-31,1411.0,1418.8,1405.9,1412.2,
2012-11-01,1412.2,1428.3,1412.2,1427.6,
2012-11-02,1427.6,1434.3,1412.9,1414.2,
2012-11-05,1414.0,1419.9,1408.1,1417.3,
2012-11-06,1417.3,1433.4,1417.3,1428.4,
2012-11-07,1428.3,1428.3,1388.1,1394.5,
2012-11-08,1394.5,1401.2,1377.5,1377.5,
2012-11-09,1377.6,1391.4,1373.0,1379.8,
2012-11-12,1379.9,1384.9,1377.2,1380.0,
2012-11-13,1380.0,1388.8,1371.4,1374.5,
2012-11-14,1374.6,1380.1,1352.5,1355.5,
2012-11-15,1355.4,1360.6,1348.1,1353.3,
2012-11-16,1353.4,1362.0,1343.3,1359.9,
2012-11-19,1359.9,1386.9,1359.9,1386.9,
2012-11-20,1386.8,1389.8,1377.0,1387.8,
2012-11-21,1387.8,1391.3,1386.4,1391.0,
2012-11-23,1391.0,1409.2,1391.0,1409.2,
2012-11-26,1409.2,1409.2,1397.7,1406.3,
2012-11-27,1406.3,1409.0,1398.0,1398.9,
2012-11-28,1398.8,1410.3,1385.4,1409.9,
2012-11-29,1410.0,1419.7,1409.0,1415.9,
2012-11-30,1415.9,1418.9,1411.6,1416.2,
2012-12-03,1416.3,1423.7,1408.5,1409.5,
2012-12-04,1409.5,1413.1,1403.7,1407.1,
2012-12-05,1407.1,1415.6,1398.2,1409.3,
2012-12-06,1409.4,1413.9,1405.9,1413.9,
2012-12-07,1413.9,1420.3,1410.9,1418.1,
2012-12-10,1418.1,1421.6,1415.6,1418.6,
2012-12-11,1418.6,1434.3,1418.6,1427.8,
2012-12-12,1427.8,1438.6,1426.8,1428.5,
2012-12-13,1428.5,1431.4,1416.0,1419.4,
2012-12-14,1419.4,1419.4,1411.9,1413.6,
2012-12-17,1413.5,1430.7,1413.5,1430.4,
2012-12-18,1430.5,1448.0,1430.5,1446.8,
2012-12-19,1446.8,1447.8,1435.8,1435.8,
2012-12-20,1435.8,1443.7,1432.8,1443.7,
2012-12-21,1443.7,1443.7,1422.6,1430.2,
2012-12-24,1430.2,1430.2,1424.7,1426.7,
2012-12-26,1426.7,1429.4,1416.4,1419.8,
2012-12-27,1419.8,1422.8,1401.8,1418.1,
2012-12-28,1418.1,1418.1,1401.6,1402.4,
2012-12-31,1402.4,1426.7,1398.1,1426.2,
2013-01-02,1426.2,1462.4,1426.2,1462.4,
2013-01-03,1462.4,1465.5,1455.5,1459.4,
2013-01-04,1459.4,1467.9,1459.0,1466.5,
2013-01-07,1466.5,1466.5,1456.6,1461.9,
2013-01-08,1461.9,1461.9,1451.6,1457.2,
2013-01-09,1457.2,1464.7,1457.2,1461.0,
2013-01-10,1464.6,1472.3,1461.0,1472.1,
2013-01-11,1472.1,1472.8,1467.6,1472.1,
2013-01-14,1472.1,1472.1,1465.7,1470.7,
2013-01-15,1470.7,1473.3,1463.8,1472.3,
2013-01-16,1472.3,1474.0,1467.6,1472.6,
2013-01-17,1472.6,1485.2,1472.6,1480.9,
2013-01-18,1480.9,1486.0,1475.8,1486.0,
2013-01-22,1486.0,1492.6,1481.2,1492.6,
2013-01-23,1492.6,1496.1,1489.9,1494.8,
2013-01-24,1494.8,1502.3,1489.5,1494.8,
2013-01-25,1494.8,1503.3,1494.8,1503.0,
2013-01-28,1503.0,1503.2,1496.3,1500.2,
2013-01-29,1500.2,1509.3,1498.1,1507.8,
2013-01-30,1507.8,1509.9,1500.1,1502.0,
2013-01-31,1502.0,1504.2,1496.8,1498.1,
2013-02-01,1498.1,1514.4,1498.1,1513.2,
2013-02-04,1513.2,1513.2,1495.0,1495.7,
2013-02-05,1495.7,1515.0,1495.7,1511.3,
2013-02-06,1511.3,1512.5,1504.7,1512.1,
2013-02-07,1512.1,1512.9,1498.5,1509.4,
2013-02-08,1509.4,1518.3,1509.4,1517.9,
2013-02-11,1517.9,1518.3,1513.6,1517.0,
2013-02-12,1517.0,1522.3,1515.6,1519.4,
2013-02-13,1519.4,1524.7,1515.9,1520.3,
2013-02-14,1520.3,1523.1,1514.0,1521.4,
2013-02-15,1521.4,1524.2,1514.1,1519.8,
2013-02-19,1519.8,1530.9,1519.8,1530.9,
2013-02-20,1530.9,1530.9,1511.4,1511.9,
2013-02-21,1511.9,1511.9,1497.3,1502.4,
2013-02-22,1502.4,1515.6,1502.4,1515.6,
2013-02-25,1515.6,1525.8,1487.8,1487.8,
2013-02-26,1487.8,1499.0,1485.0,1496.9,
2013-02-27,1496.9,1520.1,1494.9,1516.0,
2013-02-28,1516.0,1525.3,1514.5,1514.7,
2013-03-01,1514.7,1520.0,1501.5,1518.2,
2013-03-04,1518.2,1525.3,1512.3,1525.2,
2013-03-05,1525.2,1543.5,1525.2,1539.8,
2013-03-06,1539.8,1545.3,1538.1,1541.5,
2013-03-07,1541.5,1545.8,1541.5,1544.3,
2013-03-08,1544.3,1552.5,1542.9,1551.2,
2013-03-11,1551.2,1556.3,1547.4,1556.2,
2013-03-12,1556.2,1556.8,1548.2,1552.5,
2013-03-13,1552.5,1556.4,1548.3,1554.5,
2013-03-14,1554.5,1563.3,1554.5,1563.2,
2013-03-15,1563.2,1563.6,1555.7,1560.7,
2013-03-18,1560.7,1560.7,1545.1,1552.1,
2013-03-19,1552.1,1557.3,1538.6,1548.3,
2013-03-20,1548.3,1561.6,1548.3,1558.7,
2013-03-21,1558.7,1558.7,1543.6,1545.8,
2013-03-22,1545.9,1557.7,1545.9,1556.9,
2013-03-25,1556.9,1564.9,1546.2,1551.7,
2013-03-26,1551.7,1563.9,1551.7,1563.8,
2013-03-27,1563.8,1564.1,1551.9,1562.8,
2013-03-28,1562.9,1570.3,1561.1,1569.2,
2013-04-01,1569.2,1570.6,1558.5,1562.2,
2013-04-02,1562.2,1573.7,1562.2,1570.3,
2013-04-03,1570.3,1571.5,1549.8,1553.7,
2013-04-04,1553.7,1562.6,1552.5,1560.0,
2013-04-05,1560.0,1560.0,1539.5,1553.3,
2013-04-08,1553.3,1563.1,1548.6,1563.1,
2013-04-09,1563.1,1573.9,1560.9,1568.6,
2013-04-10,1568.6,1589.1,1568.6,1587.7,
2013-04-11,1587.7,1597.3,1586.2,1593.4,
2013-04-12,1593.3,1593.3,1580.0,1588.8,
2013-04-15,1588.8,1588.8,1552.3,1552.4,
2013-04-16,1552.4,1575.3,1552.4,1574.6,
2013-04-17,1574.6,1574.6,1543.7,1552.0,
2013-04-18,1552.0,1554.4,1536.0,1541.6,
2013-04-19,1541.6,1555.9,1539.4,1555.3,
2013-04-22,1555.3,1565.6,1548.2,1562.5,
2013-04-23,1562.5,1579.6,1562.5,1578.8,
2013-04-24,1578.8,1583.0,1575.8,1578.8,
2013-04-25,1578.9,1592.6,1578.9,1585.2,
2013-04-26,1585.2,1585.8,1577.6,1582.2,
2013-04-29,1582.3,1596.7,1582.3,1593.6,
2013-04-30,1593.6,1597.6,1586.5,1597.6,
2013-05-01,1597.6,1597.6,1581.3,1582.7,
2013-05-02,1582.8,1598.6,1582.8,1597.6,
2013-05-03,1597.6,1618.5,1597.6,1614.4,
2013-05-06,1614.4,1619.8,1614.2,1617.5,
2013-05-07,1617.6,1626.0,1616.6,1626.0,
2013-05-08,1625.9,1632.8,1622.7,1632.7,
2013-05-09,1632.7,1635.0,1623.1,1626.7,
2013-05-10,1626.7,1633.7,1623.7,1633.7,
2013-05-13,1632.1,1636.0,1626.7,1633.8,
2013-05-14,1633.8,1651.1,1633.8,1650.3,
2013-05-15,1649.1,1661.5,1646.7,1658.8,
2013-05-16,1658.1,1660.5,1648.6,1650.5,
2013-05-17,1652.4,1667.5,1652.4,1667.5,
2013-05-20,1665.7,1672.8,1663.5,1666.3,
2013-05-21,1666.2,1674.9,1662.7,1669.2,
2013-05-22,1669.4,1687.2,1648.9,1655.3,
2013-05-23,1651.6,1655.5,1635.5,1650.5,
2013-05-24,1646.7,1649.8,1636.9,1649.6,
2013-05-27,1651.9,1653.9,1644.4,1652.4,
2013-05-28,1652.6,1674.2,1652.6,1660.1,
2013-05-29,1656.6,1656.6,1640.1,1648.4,
2013-05-30,1649.1,1661.9,1648.6,1654.4,
2013-05-31,1652.1,1659.0,1630.7,1630.7,
2013-06-03,1631.7,1640.4,1622.7,1640.4,
2013-06-04,1640.7,1646.5,1623.6,1631.4,
2013-06-05,1629.1,1629.3,1607.1,1608.9,
2013-06-06,1609.3,1622.6,1598.2,1622.6,
2013-06-07,1625.3,1644.4,1625.3,1643.4,
2013-06-10,1644.7,1648.7,1639.3,1642.8,
2013-06-11,1638.6,1640.1,1622.9,1626.1,
2013-06-12,1629.9,1637.7,1610.9,1612.5,
2013-06-13,1612.2,1639.3,1608.1,1636.4,
2013-06-14,1635.5,1640.8,1624.0,1626.7,
2013-06-17,1630.6,1646.5,1630.3,1639.0,
2013-06-18,1639.8,1654.2,1639.8,1651.8,
2013-06-19,1651.8,1652.4,1628.9,1628.9,
2013-06-20,1624.6,1624.6,1584.3,1588.2,
2013-06-21,1588.6,1599.2,1577.7,1592.4,
2013-06-24,1588.8,1588.8,1560.3,1573.1,
2013-06-25,1577.5,1593.8,1577.1,1588.0,
2013-06-26,1592.3,1606.8,1592.3,1603.3,
2013-06-27,1606.4,1620.1,1606.4,1613.2,
2013-06-28,1611.1,1615.9,1601.1,1606.3,
2013-07-01,1609.8,1626.6,1609.8,1615.0,
2013-07-02,1614.3,1624.3,1606.8,1614.1,
2013-07-03,1611.5,1619.0,1604.6,1615.4,
2013-07-04,1609.9,1624.2,1609.2,1622.4,
2013-07-05,1618.7,1632.1,1614.7,1631.9,
2013-07-08,1634.2,1644.7,1634.2,1640.5,
2013-07-09,1642.9,1654.2,1642.9,1652.3,
2013-07-10,1651.6,1657.9,1647.7,1652.6,
2013-07-11,1657.4,1676.6,1657.4,1675.0,
2013-07-12,1675.3,1680.2,1672.3,1680.2,
2013-07-15,1679.6,1684.5,1677.9,1682.5,
2013-07-16,1682.7,1683.7,1671.8,1676.3,
2013-07-17,1677.9,1684.8,1677.9,1680.9,
2013-07-18,1681.1,1693.1,1681.1,1689.4,
2013-07-19,1686.2,1692.1,1684.1,1692.1,
2013-07-22,1694.4,1697.6,1690.7,1695.5,
2013-07-23,1696.6,1698.8,1691.1,1692.4,
2013-07-24,1696.1,1698.4,1682.6,1685.9,
2013-07-25,1685.2,1690.9,1680.1,1690.3,
2013-07-26,1687.3,1691.8,1676.0,1691.7,
2013-07-29,1690.3,1690.9,1681.9,1685.3,
2013-07-30,1687.9,1693.2,1682.4,1686.0,
2013-07-31,1687.8,1698.4,1684.9,1685.7,
2013-08-01,1689.4,1707.8,1689.4,1706.9,
2013-08-02,1706.1,1709.7,1700.7,1709.7,
2013-08-05,1708.0,1709.2,1703.6,1707.1,
2013-08-06,1705.8,1705.8,1693.3,1697.4,
2013-08-07,1695.3,1695.3,1684.9,1690.9,
2013-08-08,1693.3,1700.2,1688.4,1697.5,
2013-08-09,1696.1,1699.4,1686.0,1691.4,
2013-08-12,1688.4,1691.5,1683.3,1689.5,
2013-08-13,1690.7,1696.8,1682.6,1694.2,
2013-08-14,1693.9,1695.5,1684.8,1685.4,
2013-08-15,1679.6,1679.6,1658.6,1661.3,
2013-08-16,1661.2,1663.6,1652.6,1655.8,
2013-08-19,1655.3,1659.2,1645.8,1646.1,
2013-08-20,1646.8,1658.9,1646.1,1652.3,
2013-08-21,1650.7,1657.0,1639.4,1642.8,
2013-08-22,1645.0,1659.6,1645.0,1657.0,
2013-08-23,1659.9,1664.8,1654.8,1663.5,
2013-08-26,1664.3,1669.5,1656.0,1656.8,
2013-08-27,1652.5,1652.5,1629.1,1630.5,
2013-08-28,1630.3,1641.2,1627.5,1635.0,
2013-08-29,1633.5,1646.4,1630.9,1638.2,
2013-08-30,1638.9,1640.1,1628.1,1633.0,
2013-09-02,1640.2,1648.4,1639.9,1645.6,
2013-09-03,1635.9,1651.3,1633.4,1639.8,
2013-09-04,1640.7,1655.7,1637.4,1653.1,
2013-09-05,1653.3,1659.2,1653.1,1655.1,
2013-09-06,1657.4,1664.8,1640.6,1655.2,
2013-09-09,1656.8,1672.4,1656.8,1671.7,
2013-09-10,1674.3,1684.1,1674.3,1684.0,
2013-09-11,1681.0,1689.1,1678.7,1689.1,
2013-09-12,1689.2,1690.0,1682.0,1683.4,
2013-09-13,1685.0,1688.7,1682.2,1688.0,
2013-09-16,1691.7,1704.9,1691.7,1697.6,
2013-09-17,1697.7,1705.5,1697.7,1704.8,
2013-09-18,1705.7,1729.4,1700.3,1725.5,
2013-09-19,1727.3,1729.9,1720.2,1722.3,
2013-09-20,1722.4,1725.2,1708.9,1709.9,
2013-09-23,1711.4,1711.4,1697.1,1701.8,
2013-09-24,1702.6,1707.6,1694.9,1697.4,
2013-09-25,1698.0,1701.7,1691.9,1692.8,
2013-09-26,1694.1,1703.8,1693.1,1698.7,
2013-09-27,1695.5,1695.5,1687.1,1691.8,
2013-09-30,1687.3,1687.3,1675.0,1681.6,
2013-10-01,1682.4,1696.6,1682.1,1695.0,
2013-10-02,1691.9,1693.9,1680.3,1693.9,
2013-10-03,1692.3,1692.3,1670.4,1678.7,
2013-10-04,1678.8,1691.9,1677.3,1690.5,
2013-10-07,1687.2,1687.2,1674.7,1676.1,
2013-10-08,1676.2,1676.8,1655.0,1655.4,
2013-10-09,1657.0,1662.5,1646.5,1656.4,
2013-10-10,1660.9,1692.6,1660.9,1692.6,
2013-10-11,1691.1,1703.4,1688.5,1703.2,
2013-10-14,1699.9,1711.0,1692.1,1710.1,
2013-10-15,1709.2,1711.6,1695.9,1698.1,
2013-10-16,1700.5,1721.8,1700.5,1721.5,
2013-10-17,1720.2,1733.4,1714.1,1733.2,
2013-10-18,1736.7,1745.3,1735.7,1744.5,
2013-10-21,1745.2,1747.8,1740.7,1744.7,
2013-10-22,1746.5,1759.3,1746.5,1754.7,
2013-10-23,1752.3,1752.3,1740.5,1746.4,
2013-10-24,1747.5,1753.9,1745.5,1752.1,
2013-10-25,1756.0,1759.8,1752.4,1759.8,
2013-10-28,1759.4,1765.0,1757.7,1762.1,
2013-10-29,1762.9,1772.1,1762.9,1771.9,
2013-10-30,1772.3,1775.2,1757.2,1763.3,
2013-10-31,1763.2,1768.5,1755.7,1756.5,
2013-11-01,1758.7,1765.7,1752.7,1761.6,
2013-11-04,1763.4,1768.8,1761.6,1767.9,
2013-11-05,1765.7,1767.0,1755.8,1763.0,
2013-11-06,1765.0,1773.7,1764.4,1770.5,
2013-11-07,1770.7,1774.5,1746.2,1747.2,
2013-11-08,1748.4,1770.8,1747.6,1770.6,
2013-11-11,1770.0,1773.4,1767.8,1771.9,
2013-11-12,1769.5,1771.8,1762.3,1767.7,
2013-11-13,1764.4,1782.0,1760.6,1782.0,
2013-11-14,1782.8,1791.5,1780.2,1790.6,
2013-11-15,1790.7,1798.2,1790.7,1798.2,
2013-11-18,1798.8,1802.3,1788.0,1791.5,
2013-11-19,1790.8,1795.5,1784.7,1787.9,
2013-11-20,1789.6,1795.7,1777.2,1781.4,
2013-11-21,1783.5,1797.2,1783.5,1795.8,
2013-11-22,1797.2,1804.8,1794.7,1804.8,
2013-11-25,1806.3,1808.1,1800.6,1802.5,
2013-11-26,1802.9,1808.4,1800.8,1802.8,
2013-11-27,1803.5,1808.3,1802.8,1807.2,
2013-11-28,1806.4,1809.9,1805.4,1807.7,
2013-11-29,1808.7,1813.6,1804.0,1805.8,
2013-12-02,1806.6,1810.0,1798.6,1800.9,
2013-12-03,1800.1,1800.1,1787.8,1795.2,
2013-12-04,1793.2,1799.8,1779.1,1792.8,
2013-12-05,1792.8,1792.8,1783.4,1785.0,
2013-12-06,1788.4,1806.0,1788.4,1805.1,
2013-12-09,1806.2,1811.5,1806.2,1808.4,
2013-12-10,1807.6,1808.5,1801.8,1802.6,
2013-12-11,1802.8,1803.0,1780.1,1782.2,
2013-12-12,1781.7,1783.0,1772.3,1775.5,
2013-12-13,1778.0,1780.9,1772.4,1775.3,
2013-12-16,1777.5,1792.2,1777.5,1786.5,
2013-12-17,1786.5,1786.8,1777.1,1781.0,
2013-12-18,1781.5,1811.1,1768.0,1810.7,
2013-12-19,1809.0,1810.9,1801.3,1809.6,
2013-12-20,1810.4,1823.8,1810.3,1818.3,
2013-12-23,1822.9,1829.8,1822.9,1828.0,
2013-12-24,1828.0,1833.3,1828.0,1833.3,
2013-12-26,1835.0,1842.8,1835.0,1842.0,
2013-12-27,1843.0,1844.9,1839.8,1841.4,
2013-12-30,1841.5,1842.5,1838.8,1841.1,
2013-12-31,1842.6,1849.4,1842.4,1848.4,
2014-01-01,1842.9,1842.9,1842.9,1842.9,
2014-01-02,1845.9,1845.9,1827.7,1832.0,
2014-01-03,1833.2,1838.2,1829.1,1831.4,
2014-01-06,1832.3,1837.2,1823.7,1826.8,
2014-01-07,1828.7,1840.1,1828.7,1837.9,
2014-01-08,1837.9,1840.0,1831.4,1837.5,
2014-01-09,1839.0,1843.2,1830.4,1838.1,
2014-01-10,1840.1,1843.2,1832.4,1842.4,
2014-01-13,1841.3,1843.4,1815.5,1819.2,
2014-01-14,1821.4,1839.3,1821.4,1838.9,
2014-01-15,1840.5,1850.8,1840.5,1848.4,
2014-01-16,1848.0,1848.0,1840.3,1845.9,
2014-01-17,1844.2,1846.0,1835.2,1838.7,
2014-01-20,1834.4,1834.7,1830.2,1833.9,
2014-01-21,1841.1,1849.3,1832.4,1843.8,
2014-01-22,1844.7,1846.9,1840.9,1844.9,
2014-01-23,1842.3,1842.3,1820.1,1828.5,
2014-01-24,1827.0,1827.0,1790.3,1790.3,
2014-01-27,1791.0,1796.0,1772.9,1781.6,
2014-01-28,1783.0,1793.9,1779.5,1792.5,
2014-01-29,1790.2,1790.2,1770.4,1774.2,
2014-01-30,1777.2,1798.8,1777.2,1794.2,
2014-01-31,1790.9,1793.9,1772.3,1782.6,
2014-02-03,1782.7,1784.8,1739.7,1741.9,
2014-02-04,1743.8,1758.7,1743.8,1755.2,
2014-02-05,1753.4,1755.8,1737.9,1751.6,
2014-02-06,1753.0,1774.1,1753.0,1773.4,
2014-02-07,1776.0,1798.0,1776.0,1797.0,
2014-02-10,1796.2,1799.9,1791.8,1799.8,
2014-02-11,1800.4,1823.5,1800.4,1819.8,
2014-02-12,1820.1,1826.6,1816.0,1819.3,
2014-02-13,1814.8,1830.3,1809.2,1829.8,
2014-02-14,1828.5,1841.7,1825.6,1838.6,
2014-02-17,1835.3,1840.2,1831.9,1836.7,
2014-02-18,1839.0,1842.9,1835.0,1840.8,
2014-02-19,1838.9,1847.5,1827.0,1828.8,
2014-02-20,1829.2,1842.8,1824.6,1839.8,
2014-02-21,1841.1,1846.1,1835.6,1836.3,
2014-02-24,1836.8,1858.7,1836.8,1847.6,
2014-02-25,1847.7,1852.9,1840.2,1845.1,
2014-02-26,1845.8,1852.7,1840.7,1845.2,
2014-02-27,1844.9,1854.5,1841.1,1854.3,
2014-02-28,1855.1,1867.9,1847.7,1859.4,
2014-03-03,1857.7,1857.7,1834.4,1845.7,
2014-03-04,1849.2,1876.2,1849.2,1873.9,
2014-03-05,1874.1,1876.5,1871.1,1873.8,
2014-03-06,1874.2,1881.9,1874.2,1877.0,
2014-03-07,1878.5,1883.6,1870.6,1878.0,
2014-03-10,1877.9,1877.9,1867.0,1877.2,
2014-03-11,1878.3,1882.3,1863.9,1867.6,
2014-03-12,1866.2,1868.4,1854.4,1868.2,
2014-03-13,1869.1,1874.4,1841.9,1846.3,
2014-03-14,1845.1,1852.4,1839.6,1841.1,
2014-03-17,1842.8,1862.3,1842.8,1858.8,
2014-03-18,1858.9,1873.8,1858.9,1872.3,
2014-03-19,1872.3,1874.1,1850.3,1860.8,
2014-03-20,1860.1,1873.5,1854.6,1872.0,
2014-03-21,1874.5,1884.0,1863.5,1866.5,
2014-03-24,1867.7,1873.3,1849.7,1857.4,
2014-03-25,1859.5,1871.9,1856.0,1865.6,
2014-03-26,1867.1,1875.9,1852.6,1852.6,
2014-03-27,1852.1,1855.6,1842.1,1849.0,
2014-03-28,1850.1,1866.6,1850.1,1857.6,
2014-03-31,1859.2,1875.2,1859.2,1872.3,
2014-04-01,1874.0,1885.8,1874.0,1885.5,
2014-04-02,1886.6,1893.2,1883.8,1890.9,
2014-04-03,1891.4,1893.8,1882.7,1888.8,
2014-04-04,1890.3,1897.3,1863.3,1865.1,
2014-04-07,1863.9,1864.0,1841.5,1845.0,
2014-04-08,1845.5,1854.9,1837.5,1852.0,
2014-04-09,1852.6,1872.4,1852.4,1872.2,
2014-04-10,1872.3,1872.5,1830.9,1833.1,
2014-04-11,1830.7,1835.1,1814.4,1815.7,
2014-04-14,1818.2,1834.2,1815.8,1830.6,
2014-04-15,1831.4,1844.0,1816.3,1843.0,
2014-04-16,1846.0,1862.3,1846.0,1862.3,
2014-04-17,1861.7,1869.6,1856.7,1864.8,
2014-04-21,1865.8,1871.9,1863.2,1871.9,
2014-04-22,1872.6,1884.9,1872.6,1879.6,
2014-04-23,1879.3,1879.8,1873.9,1875.4,
2014-04-24,1882.0,1884.1,1870.2,1878.6,
2014-04-25,1877.7,1877.7,1859.7,1863.4,
2014-04-28,1865.0,1877.0,1850.6,1869.4,
2014-04-29,1870.8,1880.6,1870.8,1878.3,
2014-04-30,1877.1,1885.2,1872.7,1883.9,
2014-05-01,1884.4,1888.6,1878.0,1883.7,
2014-05-02,1885.3,1891.3,1878.5,1881.1,
2014-05-05,1879.4,1885.5,1866.8,1884.7,
2014-05-06,1883.7,1883.7,1867.7,1867.7,
2014-05-07,1868.5,1878.8,1859.8,1878.2,
2014-05-08,1877.4,1889.1,1870.1,1875.6,
2014-05-09,1875.3,1878.6,1867.0,1878.5,
2014-05-12,1880.0,1897.1,1880.0,1896.7,
2014-05-13,1896.8,1902.2,1896.1,1897.4,
2014-05-14,1897.1,1897.1,1885.8,1888.5,
2014-05-15,1888.2,1888.2,1862.4,1870.8,
2014-05-16,1871.2,1878.3,1864.8,1877.9,
2014-05-19,1876.7,1886.0,1872.4,1885.1,
2014-05-20,1884.9,1884.9,1868.1,1872.8,
2014-05-21,1873.3,1888.8,1873.3,1888.0,
2014-05-22,1888.2,1896.3,1885.4,1892.5,
2014-05-23,1893.3,1901.3,1893.3,1900.5,
2014-05-26,1897.8,1904.7,1897.2,1902.4,
2014-05-27,1902.0,1912.3,1902.0,1911.9,
2014-05-28,1911.8,1914.5,1907.3,1909.8,
2014-05-29,1910.6,1920.0,1909.8,1920.0,
2014-05-30,1920.3,1924.0,1916.6,1923.6,
2014-06-02,1923.9,1925.9,1916.0,1925.0,
2014-06-03,1923.1,1925.1,1918.8,1924.2,
2014-06-04,1923.1,1928.6,1918.6,1927.9,
2014-06-05,1928.5,1941.7,1922.9,1940.5,
2014-06-06,1942.4,1949.4,1942.4,1949.4,
2014-06-09,1949.0,1955.6,1947.2,1951.3,
2014-06-10,1950.3,1950.9,1944.6,1950.8,
2014-06-11,1949.4,1949.4,1940.1,1943.9,
2014-06-12,1943.3,1943.3,1925.8,1930.1,
2014-06-13,1930.8,1937.3,1927.7,1936.2,
2014-06-16,1934.8,1941.2,1930.9,1937.8,
2014-06-17,1937.2,1943.7,1933.6,1942.0,
2014-06-18,1942.7,1957.7,1939.3,1957.0,
2014-06-19,1957.5,1959.9,1952.3,1959.5,
2014-06-20,1960.4,1963.9,1959.2,1962.9,
2014-06-23,1962.9,1963.7,1958.9,1962.6,
2014-06-24,1962.0,1968.2,1948.3,1950.0,
2014-06-25,1949.3,1960.8,1947.5,1959.5,
2014-06-26,1959.9,1959.9,1944.7,1957.2,
2014-06-27,1956.6,1961.5,1952.2,1961.0,
2014-06-30,1960.8,1964.2,1958.2,1960.2,
2014-07-01,1962.3,1978.6,1962.3,1973.3,
2014-07-02,1973.1,1976.7,1972.6,1974.6,
2014-07-03,1975.9,1985.6,1975.9,1985.4,
2014-07-04,1976.7,1976.9,1974.7,1975.7,
2014-07-07,1984.2,1984.2,1974.9,1977.7,
2014-07-08,1976.4,1976.4,1959.5,1963.7,
2014-07-09,1965.1,1974.2,1965.1,1972.8,
2014-07-10,1966.7,1969.8,1952.9,1964.7,
2014-07-11,1965.8,1968.7,1959.6,1967.6,
2014-07-14,1969.9,1979.8,1969.9,1977.1,
2014-07-15,1977.4,1982.5,1965.3,1973.3,
2014-07-16,1976.3,1983.9,1975.7,1981.6,
2014-07-17,1979.8,1981.8,1955.6,1958.1,
2014-07-18,1961.5,1979.9,1960.8,1978.2,
2014-07-21,1976.9,1976.9,1965.8,1973.6,
2014-07-22,1975.7,1986.2,1975.7,1983.5,
2014-07-23,1985.3,1989.2,1982.4,1987.0,
2014-07-24,1988.1,1991.4,1985.8,1988.0,
2014-07-25,1984.6,1984.6,1974.4,1978.3,
2014-07-28,1978.3,1981.5,1967.3,1978.9,
2014-07-29,1980.0,1984.8,1969.9,1969.9,
2014-07-30,1973.2,1978.9,1962.4,1970.1,
2014-07-31,1965.1,1965.1,1930.7,1930.7,
2014-08-01,1929.8,1937.3,1916.4,1925.2,
2014-08-04,1926.6,1942.9,1921.2,1939.0,
2014-08-05,1936.3,1936.3,1913.8,1920.2,
2014-08-06,1917.3,1927.9,1911.4,1920.2,
2014-08-07,1923.0,1928.9,1904.8,1909.6,
2014-08-08,1910.3,1932.4,1909.0,1931.6,
2014-08-11,1933.4,1944.9,1933.4,1936.9,
2014-08-12,1935.7,1939.7,1928.3,1933.8,
2014-08-13,1935.6,1948.4,1935.6,1946.7,
2014-08-14,1947.4,1955.2,1947.4,1955.2,
2014-08-15,1958.9,1964.0,1941.5,1955.1,
2014-08-18,1958.4,1972.0,1958.4,1971.7,
2014-08-19,1972.7,1982.6,1972.7,1981.6,
2014-08-20,1980.5,1988.6,1977.7,1986.5,
2014-08-21,1986.8,1994.8,1986.8,1992.4,
2014-08-22,1992.6,1993.5,1984.8,1988.4,
2014-08-25,1991.7,2001.9,1991.7,1997.9,
2014-08-26,1998.6,2005.0,1998.6,2000.0,
2014-08-27,2000.5,2002.1,1996.2,2000.1,
2014-08-28,1997.4,1998.6,1990.5,1996.7,
2014-08-29,1998.4,2003.4,1994.7,2003.4,
2014-09-01,2000.2,2001.4,1997.4,2000.8,
2014-09-02,2004.1,2006.1,1994.8,2002.3,
2014-09-03,2003.6,2009.3,1998.1,2000.7,
2014-09-04,2001.7,2011.2,1992.5,1997.7,
2014-09-05,1998.0,2007.7,1990.1,2007.7,
2014-09-08,2007.2,2007.2,1995.6,2001.5,
2014-09-09,2000.7,2001.0,1984.6,1988.4,
2014-09-10,1988.4,1996.7,1983.0,1995.7,
2014-09-11,1992.8,1997.7,1985.9,1997.4,
2014-09-12,1996.7,1996.7,1980.3,1985.5,
2014-09-15,1986.0,1987.2,1978.5,1984.1,
2014-09-16,1981.9,2002.3,1979.1,1999.0,
2014-09-17,1999.3,2010.7,1993.3,2001.6,
2014-09-18,2003.1,2012.3,2003.1,2011.4,
2014-09-19,2012.7,2019.3,2006.6,2010.4,
2014-09-22,2009.1,2009.1,1991.0,1994.3,
2014-09-23,1992.8,1995.4,1982.8,1982.8,
2014-09-24,1983.3,1999.8,1978.6,1998.3,
2014-09-25,1997.3,1997.3,1966.0,1966.0,
2014-09-26,1966.2,1986.4,1966.2,1982.8,
2014-09-29,1979.0,1981.3,1964.0,1977.8,
2014-09-30,1978.2,1985.2,1969.0,1972.3,
2014-10-01,1971.4,1971.4,1941.7,1946.2,
2014-10-02,1945.8,1952.3,1926.0,1946.2,
2014-10-03,1948.1,1971.2,1948.1,1967.9,
2014-10-06,1970.0,1977.8,1958.4,1964.8,
2014-10-07,1962.4,1962.4,1934.9,1935.1,
2014-10-08,1935.6,1970.4,1925.3,1968.9,
2014-10-09,1967.7,1967.7,1927.6,1928.2,
2014-10-10,1925.6,1937.0,1906.1,1906.1,
2014-10-13,1905.7,1912.1,1874.1,1874.7,
2014-10-14,1877.1,1898.7,1871.8,1877.7,
2014-10-15,1874.2,1874.2,1820.7,1862.5,
2014-10-16,1855.9,1876.0,1835.0,1862.8,
2014-10-17,1864.9,1898.2,1864.9,1886.8,
2014-10-20,1885.6,1905.0,1882.3,1904.0,
2014-10-21,1909.4,1942.4,1909.4,1941.3,
2014-10-22,1941.3,1949.3,1926.8,1927.1,
2014-10-23,1931.0,1961.9,1931.0,1950.8,
2014-10-24,1951.6,1965.3,1946.3,1964.6,
2014-10-27,1963.0,1964.6,1951.4,1961.6,
2014-10-28,1964.1,1985.1,1964.1,1985.1,
2014-10-29,1983.3,1991.4,1969.0,1982.3,
2014-10-30,1979.5,1999.4,1974.8,1994.7,
2014-10-31,2001.2,2018.2,2001.2,2018.1,
2014-11-03,2018.2,2024.5,2013.7,2017.8,
2014-11-04,2015.8,2016.0,2001.0,2012.1,
2014-11-05,2015.3,2023.8,2014.4,2023.6,
2014-11-06,2023.3,2031.6,2015.9,2031.2,
2014-11-07,2032.4,2034.3,2025.1,2031.9,
2014-11-10,2032.0,2038.7,2030.2,2038.3,
2014-11-11,2038.2,2041.3,2035.3,2039.7,
2014-11-12,2037.8,2040.3,2031.9,2038.3,
2014-11-13,2039.2,2046.2,2030.4,2039.3,
2014-11-14,2039.7,2042.2,2035.2,2039.8,
2014-11-17,2038.3,2043.1,2034.5,2041.3,
2014-11-18,2041.5,2056.1,2041.5,2051.8,
2014-11-19,2051.2,2052.1,2040.4,2048.7,
2014-11-20,2045.9,2053.8,2040.5,2052.8,
2014-11-21,2057.5,2071.5,2056.8,2063.5,
2014-11-24,2065.1,2070.2,2065.1,2069.4,
2014-11-25,2070.1,2074.2,2064.8,2067.0,
2014-11-26,2067.4,2073.3,2066.6,2072.8,
2014-11-27,2072.6,2074.6,2068.4,2070.9,
2014-11-28,2074.8,2075.8,2065.1,2067.6,
2014-12-01,2065.8,2065.8,2049.6,2053.4,
2014-12-02,2053.8,2068.8,2053.8,2066.6,
2014-12-03,2067.4,2076.3,2066.6,2074.3,
2014-12-04,2073.6,2077.3,2062.3,2071.9,
2014-12-05,2072.8,2079.5,2070.8,2075.4,
2014-12-08,2074.8,2075.8,2054.3,2060.3,
2014-12-09,2056.6,2060.6,2034.2,2059.8,
2014-12-10,2058.9,2058.9,2024.3,2026.1,
2014-12-11,2027.9,2055.5,2027.9,2035.3,
2014-12-12,2030.4,2032.3,2002.3,2002.3,
2014-12-15,2005.0,2018.7,1982.3,1989.6,
2014-12-16,1986.7,2016.9,1972.6,1972.7,
2014-12-17,1973.8,2016.8,1973.8,2012.9,
2014-12-18,2019.0,2061.2,2019.0,2061.2,
2014-12-19,2061.0,2077.9,2061.0,2070.6,
2014-12-22,2069.3,2078.8,2069.3,2078.5,
2014-12-23,2081.5,2086.7,2079.8,2082.2,
2014-12-24,2083.3,2087.6,2081.9,2081.9,
2014-12-25,2078.6,2082.1,2078.6,2082.1,
2014-12-26,2084.3,2092.7,2084.3,2088.8,
2014-12-29,2087.6,2093.6,2085.8,2090.6,
2014-12-30,2088.5,2088.5,2079.5,2080.4,
2014-12-31,2082.1,2085.6,2057.9,2058.9,
2015-01-01,2051.6,2059.1,2051.6,2058.9,
2015-01-02,2058.9,2072.4,2046.0,2058.2,
2015-01-05,2054.4,2054.4,2017.3,2020.6,
2015-01-06,2022.2,2030.3,1992.4,2002.6,
2015-01-07,2005.6,2029.6,2005.6,2025.9,
2015-01-08,2030.6,2064.1,2030.6,2062.1,
2015-01-09,2063.4,2064.4,2038.3,2044.8,
2015-01-12,2046.1,2049.3,2022.6,2028.3,
2015-01-13,2031.6,2056.9,2008.3,2023.0,
2015-01-14,2018.4,2018.4,1988.4,2011.3,
2015-01-15,2013.8,2021.3,1991.5,1992.7,
2015-01-16,1992.3,2020.5,1988.1,2019.4,
2015-01-18,2013.7,2013.7,2008.6,2010.7,
2015-01-19,2010.4,2023.7,2003.2,2009.9,
2015-01-20,2020.8,2028.9,2004.5,2022.6,
2015-01-21,2020.2,2038.3,2012.0,2032.1,
2015-01-22,2034.3,2064.6,2026.4,2063.1,
2015-01-23,2063.0,2063.0,2050.5,2051.8,
2015-01-26,2050.4,2057.6,2041.0,2057.1,
2015-01-27,2047.9,2047.9,2019.9,2029.6,
2015-01-28,2032.3,2042.5,2001.5,2002.2,
2015-01-29,2002.4,2024.6,1989.2,2021.3,
2015-01-30,2019.3,2023.3,1993.4,1995.0,
2015-02-02,1996.7,2021.7,1980.9,2020.8,
2015-02-03,2022.7,2050.3,2022.7,2050.0,
2015-02-04,2048.9,2054.7,2036.7,2041.5,
2015-02-05,2043.4,2063.6,2043.4,2062.5,
2015-02-06,2062.3,2072.4,2050.0,2055.5,
2015-02-09,2053.5,2056.2,2041.9,2046.7,
2015-02-10,2049.4,2070.9,2048.6,2068.6,
2015-02-11,2068.6,2073.5,2058.0,2068.5,
2015-02-12,2070.0,2088.5,2070.0,2088.5,
2015-02-13,2088.8,2097.0,2086.7,2097.0,
2015-02-15,2091.6,2093.6,2089.6,2089.6,
2015-02-16,2089.4,2093.6,2081.6,2084.1,
2015-02-17,2096.5,2101.3,2089.8,2100.3,
2015-02-18,2099.2,2100.2,2092.1,2099.7,
2015-02-19,2099.3,2102.1,2090.8,2097.4,
2015-02-20,2097.6,2110.6,2085.4,2110.3,
2015-02-23,2109.8,2110.1,2103.0,2109.7,
2015-02-24,2109.1,2117.9,2105.9,2115.5,
2015-02-25,2115.3,2119.6,2109.9,2113.9,
2015-02-26,2113.9,2113.9,2103.8,2110.7,
2015-02-27,2110.9,2112.7,2103.8,2104.5,
2015-03-02,2105.2,2117.5,2104.5,2117.4,
2015-03-03,2115.8,2115.8,2098.3,2107.8,
2015-03-04,2107.7,2107.7,2087.6,2098.5,
2015-03-05,2098.5,2104.3,2095.2,2101.0,
2015-03-06,2100.9,2100.9,2067.3,2071.3,
2015-03-09,2072.3,2083.5,2072.2,2079.4,
2015-03-10,2076.1,2076.1,2044.2,2044.2,
2015-03-11,2044.7,2050.1,2039.7,2040.2,
2015-03-12,2041.1,2066.4,2041.1,2065.9,
2015-03-13,2064.6,2064.6,2041.2,2053.4,
2015-03-16,2055.4,2081.4,2055.4,2081.2,
2015-03-17,2080.6,2080.6,2065.1,2074.3,
2015-03-18,2072.8,2106.9,2061.2,2099.5,
2015-03-19,2098.7,2098.7,2085.6,2089.3,
2015-03-20,2090.3,2113.9,2090.3,2108.1,
2015-03-23,2108.0,2114.9,2104.4,2104.4,
2015-03-24,2103.9,2107.6,2091.5,2091.5,
2015-03-25,2093.1,2097.4,2061.1,2061.1,
2015-03-26,2059.9,2067.1,2045.5,2056.1,
2015-03-27,2055.8,2062.8,2053.0,2061.0,
2015-03-30,2064.1,2089.0,2064.1,2086.2,
2015-03-31,2084.1,2084.1,2067.0,2067.9,
2015-04-01,2067.6,2067.6,2048.4,2059.7,
2015-04-02,2060.0,2072.2,2057.3,2067.0,
2015-04-03,2060.0,2063.8,2038.0,2059.5,
2015-04-06,2064.9,2087.0,2056.5,2080.6,
2015-04-07,2080.8,2089.8,2076.1,2076.3,
2015-04-08,2076.9,2086.7,2073.3,2081.9,
2015-04-09,2081.3,2093.3,2074.3,2091.2,
2015-04-10,2091.5,2102.6,2091.5,2102.1,
2015-04-13,2102.0,2107.6,2092.3,2092.4,
2015-04-14,2092.3,2098.6,2083.2,2095.8,
2015-04-15,2097.8,2111.9,2097.8,2106.6,
2015-04-16,2106.0,2111.3,2100.0,2105.0,
2015-04-17,2102.6,2102.6,2072.4,2081.2,
2015-04-20,2084.1,2103.9,2084.1,2100.4,
2015-04-21,2102.8,2109.6,2094.4,2097.3,
2015-04-22,2098.3,2110.0,2091.1,2108.0,
2015-04-23,2107.2,2120.5,2103.2,2112.9,
2015-04-24,2112.8,2120.9,2112.8,2117.7,
2015-04-27,2119.3,2125.9,2107.0,2108.9,
2015-04-28,2108.4,2116.1,2094.9,2114.8,
2015-04-29,2112.5,2113.6,2097.4,2106.9,
2015-04-30,2105.5,2105.5,2077.6,2085.5,
2015-05-01,2087.4,2108.4,2087.4,2108.3,
2015-05-04,2110.2,2120.9,2110.2,2114.5,
2015-05-05,2112.6,2115.2,2088.5,2089.5,
2015-05-06,2091.3,2098.4,2067.9,2080.1,
2015-05-07,2080.0,2092.9,2075.0,2088.0,
2015-05-08,2092.1,2117.7,2092.1,2116.1,
2015-05-11,2115.6,2117.7,2104.6,2105.3,
2015-05-12,2102.9,2105.1,2085.6,2099.1,
2015-05-13,2099.6,2110.2,2096.0,2098.5,
2015-05-14,2100.4,2121.4,2100.4,2121.1,
2015-05-15,2122.1,2123.9,2116.8,2122.7,
2015-05-18,2121.3,2131.8,2120.0,2129.2,
2015-05-19,2129.4,2133.0,2124.5,2127.8,
2015-05-20,2127.8,2134.7,2122.6,2125.9,
2015-05-21,2125.6,2134.3,2122.9,2130.8,
2015-05-22,2130.4,2132.1,2126.1,2126.1,
2015-05-24,2124.4,2126.1,2123.6,2124.9,
2015-05-25,2125.1,2126.9,2118.6,2122.4,
2015-05-26,2125.3,2125.3,2099.2,2104.2,
2015-05-27,2105.1,2126.2,2105.1,2123.5,
2015-05-28,2122.3,2122.3,2112.9,2120.8,
2015-05-29,2120.7,2120.7,2104.9,2107.4,
2015-06-01,2108.6,2119.1,2102.5,2111.7,
2015-06-02,2110.4,2117.6,2099.1,2109.6,
2015-06-03,2110.6,2121.9,2109.6,2114.1,
2015-06-04,2112.4,2112.9,2093.2,2095.8,
2015-06-05,2095.1,2101.0,2085.7,2092.8,
2015-06-08,2092.3,2093.0,2079.1,2079.3,
2015-06-09,2079.1,2085.6,2072.1,2080.1,
2015-06-10,2081.1,2108.5,2081.1,2105.2,
2015-06-11,2106.2,2115.0,2106.2,2108.9,
2015-06-12,2107.4,2107.4,2091.3,2094.1,
2015-06-15,2091.3,2091.3,2072.5,2084.4,
2015-06-16,2084.3,2097.4,2082.1,2096.3,
2015-06-17,2097.4,2106.8,2088.9,2100.4,
2015-06-18,2101.6,2126.6,2101.6,2121.2,
2015-06-19,2121.1,2121.6,2109.4,2110.0,
2015-06-22,2112.5,2129.9,2112.5,2122.9,
2015-06-23,2123.2,2128.0,2119.9,2124.2,
2015-06-24,2123.6,2125.1,2108.6,2108.6,
2015-06-25,2110.0,2116.0,2101.8,2102.3,
2015-06-26,2102.6,2108.9,2095.4,2101.5,
2015-06-29,2098.6,2098.6,2056.6,2057.6,
2015-06-30,2061.2,2074.3,2056.3,2063.1,
2015-07-01,2067.0,2082.8,2067.0,2077.4,
2015-07-02,2078.0,2085.1,2071.0,2076.8,
2015-07-03,2068.1,2071.9,2063.4,2066.1,
2015-07-06,2073.9,2078.6,2058.4,2068.8,
2015-07-07,2069.5,2083.7,2044.0,2081.3,
2015-07-08,2077.7,2077.7,2044.7,2046.7,
2015-07-09,2049.7,2074.3,2049.7,2051.3,
2015-07-10,2052.7,2081.3,2052.7,2076.6,
2015-07-13,2080.0,2100.7,2080.0,2099.6,
2015-07-14,2099.7,2112.0,2098.2,2108.9,
2015-07-15,2109.0,2114.1,2102.5,2107.4,
2015-07-16,2110.6,2124.4,2110.6,2124.3,
2015-07-17,2126.8,2128.9,2119.9,2126.6,
2015-07-20,2126.9,2132.8,2123.6,2128.3,
2015-07-21,2127.6,2128.5,2115.4,2119.2,
2015-07-22,2118.2,2118.5,2110.0,2114.1,
2015-07-23,2114.2,2116.9,2098.6,2102.1,
2015-07-24,2102.2,2106.0,2077.1,2079.6,
2015-07-27,2078.2,2078.2,2063.5,2067.6,
2015-07-28,2070.8,2095.6,2069.1,2093.3,
2015-07-29,2094.7,2110.6,2094.1,2108.6,
2015-07-30,2106.8,2110.5,2095.0,2108.6,
2015-07-31,2111.6,2114.2,2102.1,2103.8,
2015-08-03,2104.5,2105.7,2087.3,2098.0,
2015-08-04,2097.7,2102.5,2088.6,2093.3,
2015-08-05,2095.3,2112.7,2095.3,2099.8,
2015-08-06,2100.8,2103.3,2075.5,2083.6,
2015-08-07,2082.6,2082.6,2067.9,2077.6,
2015-08-10,2081.0,2105.4,2081.0,2104.2,
2015-08-11,2102.7,2102.7,2076.5,2084.1,
2015-08-12,2081.1,2089.1,2052.1,2086.1,
2015-08-13,2086.2,2092.9,2078.3,2083.4,
2015-08-14,2083.1,2092.4,2080.6,2091.5,
2015-08-17,2089.7,2102.9,2079.3,2102.4,
2015-08-18,2102.0,2103.5,2094.1,2096.9,
2015-08-19,2095.7,2096.2,2070.5,2079.6,
2015-08-20,2076.6,2076.6,2035.7,2035.7,
2015-08-21,2034.1,2034.1,1970.9,1970.9,
2015-08-24,1965.2,1965.2,1867.0,1893.2,
2015-08-25,1898.1,1948.0,1867.1,1867.6,
2015-08-26,1872.8,1943.1,1872.8,1940.5,
2015-08-27,1942.8,1989.6,1942.8,1987.7,
2015-08-28,1986.1,1993.5,1975.2,1988.9,
2015-08-31,1986.7,1986.7,1966.0,1972.2,
2015-09-01,1970.1,1970.1,1903.1,1913.8,
2015-09-02,1916.5,1948.9,1916.5,1948.9,
2015-09-03,1950.8,1975.0,1944.7,1951.1,
2015-09-04,1947.8,1947.8,1911.2,1921.2,
2015-09-06,1917.4,1928.9,1916.9,1925.8,
2015-09-07,1925.5,1944.2,1919.7,1938.9,
2015-09-08,1927.3,1970.4,1927.3,1969.4,
2015-09-09,1971.4,1988.6,1937.9,1942.0,
2015-09-10,1941.6,1965.3,1937.2,1952.3,
2015-09-11,1951.4,1961.1,1939.2,1961.1,
2015-09-14,1963.1,1963.1,1948.3,1953.0,
2015-09-15,1955.1,1983.2,1954.3,1978.1,
2015-09-16,1978.0,1997.3,1977.9,1995.3,
2015-09-17,1995.3,2020.9,1986.7,1990.2,
2015-09-18,1989.7,1989.7,1953.4,1958.0,
2015-09-21,1960.8,1979.6,1955.8,1967.0,
2015-09-22,1961.4,1961.4,1929.2,1942.7,
2015-09-23,1943.2,1949.5,1932.6,1938.8,
2015-09-24,1934.8,1937.2,1908.9,1932.2,
2015-09-25,1935.9,1952.9,1921.5,1931.3,
2015-09-28,1929.2,1929.2,1879.2,1881.8,
2015-09-29,1881.9,1899.5,1871.9,1884.1,
2015-09-30,1887.1,1920.5,1887.1,1920.0,
2015-10-01,1919.7,1927.2,1900.7,1923.8,
2015-10-02,1921.8,1951.4,1893.7,1951.4,
2015-10-05,1954.3,1989.2,1954.3,1987.1,
2015-10-06,1986.6,1991.6,1972.0,1979.9,
2015-10-07,1982.3,1999.3,1976.4,1995.8,
2015-10-08,1994.0,2016.5,1987.5,2013.4,
2015-10-09,2013.7,2020.1,2007.6,2014.9,
2015-10-12,2015.7,2018.7,2010.6,2017.5,
2015-10-13,2015.0,2022.3,2001.8,2003.7,
2015-10-14,2003.7,2009.6,1990.7,1994.2,
2015-10-15,1996.5,2024.2,1996.5,2023.9,
2015-10-16,2024.4,2033.5,2020.5,2033.1,
2015-10-19,2031.7,2034.4,2022.3,2033.7,
2015-10-20,2033.1,2039.1,2026.6,2030.8,
2015-10-21,2033.5,2038.0,2017.2,2018.9,
2015-10-22,2021.9,2055.2,2021.9,2052.5,
2015-10-23,2058.2,2079.7,2058.2,2075.1,
2015-10-26,2075.1,2075.1,2066.5,2071.2,
2015-10-27,2068.8,2070.4,2058.8,2065.9,
2015-10-28,2066.5,2090.4,2063.1,2090.4,
2015-10-29,2088.4,2092.5,2082.6,2089.4,
2015-10-30,2090.0,2094.3,2079.3,2079.4,
2015-11-02,2080.8,2106.2,2080.8,2104.1,
2015-11-03,2102.6,2116.5,2097.5,2109.8,
2015-11-04,2110.6,2114.6,2097.0,2102.3,
2015-11-05,2101.7,2108.8,2090.4,2099.9,
2015-11-06,2098.6,2101.9,2083.7,2099.2,
2015-11-09,2096.6,2096.6,2068.2,2078.6,
2015-11-10,2077.2,2083.7,2069.9,2081.7,
2015-11-11,2083.4,2086.9,2074.9,2075.0,
2015-11-12,2072.3,2072.3,2045.7,2046.0,
2015-11-13,2044.6,2044.6,2022.0,2023.0,
2015-11-16,2022.1,2053.2,2019.4,2053.2,
2015-11-17,2053.7,2066.7,2045.9,2050.4,
2015-11-18,2052.0,2085.3,2052.0,2083.6,
2015-11-19,2083.7,2086.7,2078.8,2081.2,
2015-11-20,2082.8,2097.1,2082.8,2089.2,
2015-11-23,2089.4,2095.6,2081.4,2086.6,
2015-11-24,2084.4,2094.1,2070.3,2089.1,
2015-11-25,2089.3,2093.0,2086.3,2088.9,
2015-11-26,2089.5,2098.3,2088.5,2095.8,
2015-11-27,2088.8,2093.3,2084.1,2090.1,
2015-11-30,2090.9,2093.8,2080.4,2080.4,
2015-12-01,2082.9,2103.4,2082.9,2102.6,
2015-12-02,2101.7,2104.3,2077.1,2079.5,
2015-12-03,2080.7,2085.0,2042.3,2049.6,
2015-12-04,2051.2,2093.8,2051.2,2091.7,
2015-12-07,2090.4,2090.4,2066.8,2077.1,
2015-12-08,2073.4,2073.9,2052.3,2063.6,
2015-12-09,2061.2,2080.3,2036.5,2047.6,
2015-12-10,2047.9,2067.6,2045.7,2052.2,
2015-12-11,2047.3,2047.3,2008.8,2012.4,
2015-12-14,2013.4,2022.9,1993.3,2021.9,
2015-12-15,2025.6,2053.9,2025.6,2043.4,
2015-12-16,2046.5,2076.7,2042.4,2073.1,
2015-12-17,2073.8,2076.4,2041.7,2041.9,
2015-12-18,2040.8,2040.8,2005.3,2005.6,
2015-12-21,2010.3,2022.9,2005.9,2021.2,
2015-12-22,2023.2,2042.7,2020.5,2039.0,
2015-12-23,2042.2,2064.7,2042.2,2064.3,
2015-12-24,2063.5,2067.4,2058.7,2061.0,
2015-12-28,2057.8,2057.8,2044.2,2056.5,
2015-12-29,2060.5,2081.6,2060.5,2078.4,
2015-12-30,2077.3,2077.3,2062.0,2063.4,
2015-12-31,2060.6,2062.5,2043.6,2043.9,
2016-01-04,2038.2,2038.2,1989.7,2012.7,
2016-01-05,2013.8,2021.9,2004.2,2016.7,
2016-01-06,2011.7,2011.7,1979.1,1990.3,
2016-01-07,1985.3,1985.3,1938.8,1943.1,
2016-01-08,1946.0,1960.4,1918.5,1922.0,
2016-01-11,1926.1,1935.7,1901.1,1923.7,
2016-01-12,1927.8,1947.4,1914.3,1938.7,
2016-01-13,1940.3,1950.3,1886.4,1890.3,
2016-01-14,1891.7,1934.5,1878.9,1921.8,
2016-01-15,1916.7,1916.7,1857.8,1880.3,
2016-01-17,1869.8,1873.0,1860.0,1868.9,
2016-01-18,1869.0,1890.0,1865.8,1874.3,
2016-01-19,1888.7,1901.4,1864.6,1881.3,
2016-01-20,1876.2,1876.2,1812.3,1859.3,
2016-01-21,1861.5,1889.8,1849.0,1869.0,
2016-01-22,1877.4,1908.8,1877.4,1906.9,
2016-01-25,1906.3,1906.3,1876.0,1877.1,
2016-01-26,1878.8,1906.7,1878.8,1903.6,
2016-01-27,1902.5,1917.0,1872.7,1882.9,
2016-01-28,1885.2,1903.0,1873.7,1893.4,
2016-01-29,1894.0,1940.2,1894.0,1940.2,
2016-02-01,1936.9,1947.2,1920.3,1939.4,
2016-02-02,1935.3,1935.3,1897.3,1903.0,
2016-02-03,1907.1,1918.0,1872.2,1912.5,
2016-02-04,1911.7,1927.3,1900.5,1915.4,
2016-02-05,1913.1,1913.1,1872.7,1880.1,
2016-02-08,1873.3,1873.3,1828.5,1853.4,
2016-02-09,1848.5,1868.3,1834.9,1852.2,
2016-02-10,1857.1,1881.6,1850.3,1851.9,
2016-02-11,1847.0,1847.0,1810.1,1829.1,
2016-02-12,1833.4,1864.8,1833.4,1864.8,
2016-02-14,1865.8,1871.0,1865.3,1869.5,
2016-02-15,1869.4,1890.0,1868.0,1883.3,
2016-02-16,1871.4,1895.8,1871.4,1895.6,
2016-02-17,1898.8,1930.7,1898.8,1926.8,
2016-02-18,1927.6,1930.0,1915.1,1917.8,
2016-02-19,1916.7,1918.8,1902.2,1917.8,
2016-02-22,1924.4,1946.7,1924.4,1945.5,
2016-02-23,1942.4,1942.4,1919.4,1921.3,
2016-02-24,1917.6,1932.1,1891.0,1929.8,
2016-02-25,1931.9,1951.8,1925.4,1951.7,
2016-02-26,1954.9,1963.0,1945.8,1948.1,
2016-02-29,1947.1,1958.3,1931.8,1932.2,
2016-03-01,1937.1,1978.3,1937.1,1978.3,
2016-03-02,1976.6,1986.5,1968.8,1986.4,
2016-03-03,1985.6,1993.7,1977.4,1993.4,
2016-03-04,1994.0,2009.1,1986.8,2000.0,
2016-03-07,1996.1,2006.1,1989.4,2001.8,
2016-03-08,1996.9,1996.9,1977.4,1979.3,
2016-03-09,1981.4,1992.7,1979.8,1989.3,
2016-03-10,1991.0,2005.1,1969.3,1989.6,
2016-03-11,1994.7,2022.4,1994.7,2022.2,
2016-03-14,2019.3,2024.6,2012.1,2019.6,
2016-03-15,2015.3,2015.9,2005.2,2015.9,
2016-03-16,2014.2,2032.0,2010.0,2027.2,
2016-03-17,2026.9,2046.2,2022.2,2040.6,
2016-03-18,2041.2,2052.4,2041.2,2049.6,
2016-03-21,2047.9,2053.9,2043.1,2051.6,
2016-03-22,2048.6,2056.6,2040.6,2049.8,
2016-03-23,2048.6,2048.6,2034.9,2036.7,
2016-03-24,2032.5,2036.0,2022.5,2035.9,
2016-03-28,2037.9,2042.7,2032.0,2037.1,
2016-03-29,2035.8,2055.9,2028.3,2055.0,
2016-03-30,2058.3,2072.2,2058.3,2063.9,
2016-03-31,2063.8,2067.9,2057.5,2059.7,
2016-04-01,2056.6,2075.1,2044.0,2072.8,
2016-04-04,2073.2,2074.0,2062.6,2066.1,
2016-04-05,2062.5,2062.5,2042.6,2045.2,
2016-04-06,2045.6,2067.3,2043.1,2066.7,
2016-04-07,2063.0,2063.0,2033.8,2041.9,
2016-04-08,2045.5,2060.6,2041.7,2047.6,
2016-04-11,2050.2,2062.9,2041.9,2042.0,
2016-04-12,2043.7,2065.1,2039.7,2061.7,
2016-04-13,2065.9,2083.2,2065.9,2082.4,
2016-04-14,2082.9,2087.8,2078.1,2082.8,
2016-04-15,2083.1,2083.2,2076.3,2080.7,
2016-04-18,2078.8,2094.7,2073.6,2094.3,
2016-04-19,2096.1,2104.1,2091.7,2100.8,
2016-04-20,2101.5,2111.1,2096.3,2102.4,
2016-04-21,2102.1,2103.8,2088.5,2091.5,
2016-04-22,2091.5,2094.3,2081.2,2091.6,
2016-04-25,2089.4,2089.4,2077.5,2087.8,
2016-04-26,2089.8,2096.9,2085.8,2091.7,
2016-04-27,2092.3,2099.9,2082.3,2095.1,
2016-04-28,2090.9,2099.3,2071.6,2075.8,
2016-04-29,2071.8,2073.9,2052.3,2065.3,
2016-05-02,2067.2,2083.4,2066.1,2081.4,
2016-05-03,2077.2,2077.2,2054.9,2063.4,
2016-05-04,2060.3,2060.3,2045.6,2051.1,
2016-05-05,2052.9,2060.2,2045.8,2050.6,
2016-05-06,2047.8,2057.7,2039.4,2057.1,
2016-05-09,2057.6,2064.1,2054.3,2058.7,
2016-05-10,2062.6,2084.9,2062.6,2084.4,
2016-05-11,2083.3,2083.3,2064.5,2064.5,
2016-05-12,2067.2,2074.0,2053.1,2064.1,
2016-05-13,2062.5,2066.8,2043.1,2046.6,
2016-05-16,2046.5,2071.9,2046.5,2066.7,
2016-05-17,2065.0,2065.7,2040.8,2047.2,
2016-05-18,2044.4,2060.6,2034.5,2047.6,
2016-05-19,2044.2,2044.2,2025.9,2040.0,
2016-05-20,2041.9,2058.4,2041.9,2052.3,
2016-05-23,2052.2,2055.6,2047.3,2048.0,
2016-05-24,2052.6,2079.7,2052.6,2076.1,
2016-05-25,2078.9,2094.7,2078.9,2090.5,
2016-05-26,2091.4,2094.3,2087.1,2090.1,
2016-05-27,2090.1,2099.1,2090.1,2099.1,
2016-05-29,2099.6,2103.3,2099.5,2101.5,
2016-05-30,2101.3,2103.8,2099.8,2101.3,
2016-05-31,2100.1,2103.5,2088.7,2097.0,
2016-06-01,2093.9,2101.0,2085.1,2099.3,
2016-06-02,2097.7,2105.3,2088.6,2105.3,
2016-06-03,2104.1,2104.1,2085.4,2099.1,
2016-06-06,2100.8,2113.4,2100.8,2109.4,
2016-06-07,2110.2,2119.2,2110.2,2112.1,
2016-06-08,2112.7,2120.6,2112.7,2119.1,
2016-06-09,2115.6,2117.6,2107.7,2115.5,
2016-06-10,2109.6,2109.6,2090.0,2096.1,
2016-06-13,2091.8,2098.1,2078.5,2079.1,
2016-06-14,2076.6,2081.3,2064.1,2075.3,
2016-06-15,2077.6,2085.6,2069.8,2071.5,
2016-06-16,2066.4,2079.6,2050.4,2078.0,
2016-06-17,2078.2,2078.2,2062.8,2071.2,
2016-06-20,2075.6,2100.7,2075.6,2083.3,
2016-06-21,2085.2,2093.7,2083.0,2088.9,
2016-06-22,2089.8,2099.7,2084.4,2085.4,
2016-06-23,2092.8,2113.3,2092.8,2113.3,
2016-06-24,2103.8,2103.8,2032.6,2037.4,
2016-06-27,2031.4,2031.4,1991.7,2000.5,
2016-06-28,2006.7,2036.1,2006.7,2036.1,
2016-06-29,2042.7,2073.1,2042.7,2070.8,
2016-06-30,2073.2,2098.9,2070.0,2098.9,
2016-07-01,2099.3,2108.7,2097.9,2102.9,
2016-07-03,2099.3,2099.8,2094.3,2094.3,
2016-07-04,2094.5,2104.8,2094.3,2096.9,
2016-07-05,2095.1,2095.1,2080.9,2088.6,
2016-07-06,2084.4,2100.7,2074.0,2099.7,
2016-07-07,2100.4,2109.1,2089.4,2097.9,
2016-07-08,2107.0,2131.7,2107.0,2129.9,
2016-07-11,2131.7,2143.2,2131.7,2137.2,
2016-07-12,2139.5,2155.4,2139.5,2152.1,
2016-07-13,2153.8,2156.4,2146.2,2152.4,
2016-07-14,2157.9,2169.0,2157.9,2163.8,
2016-07-15,2165.1,2169.1,2155.8,2161.7,
2016-07-18,2162.0,2168.4,2159.6,2166.9,
2016-07-19,2163.8,2164.6,2159.0,2163.8,
2016-07-20,2166.1,2175.6,2164.9,2173.0,
2016-07-21,2172.9,2174.6,2159.8,2165.2,
2016-07-22,2166.5,2175.1,2163.2,2175.0,
2016-07-25,2173.7,2173.7,2161.9,2168.5,
2016-07-26,2169.0,2173.5,2160.2,2169.2,
2016-07-27,2169.8,2175.0,2159.1,2166.6,
2016-07-28,2166.1,2172.9,2159.7,2170.1,
2016-07-29,2168.8,2177.1,2163.5,2173.6,
2016-08-01,2173.1,2178.3,2166.2,2170.8,
2016-08-02,2169.9,2170.2,2147.6,2157.0,
2016-08-03,2156.8,2163.8,2152.6,2163.8,
2016-08-04,2163.5,2168.2,2159.1,2164.3,
2016-08-05,2168.8,2182.9,2168.8,2182.9,
2016-08-08,2183.8,2185.4,2177.9,2180.9,
2016-08-09,2182.2,2187.7,2178.6,2181.7,
2016-08-10,2182.8,2183.4,2172.0,2175.5,
2016-08-11,2178.0,2188.4,2178.0,2185.8,
2016-08-12,2183.7,2186.3,2179.4,2184.1,
2016-08-15,2186.1,2193.8,2186.1,2190.1,
2016-08-16,2186.2,2186.2,2178.1,2178.1,
2016-08-17,2177.8,2183.1,2168.5,2182.2,
2016-08-18,2181.9,2187.0,2180.5,2187.0,
2016-08-19,2184.2,2185.0,2175.1,2183.9,
2016-08-22,2181.6,2185.1,2176.0,2182.6,
2016-08-23,2187.8,2193.4,2186.8,2186.9,
2016-08-24,2185.1,2186.7,2171.3,2175.4,
2016-08-25,2173.3,2179.0,2169.7,2172.5,
2016-08-26,2175.1,2187.9,2160.4,2169.0,
2016-08-29,2170.2,2183.5,2170.2,2180.4,
2016-08-30,2179.4,2182.3,2170.4,2176.1,
2016-08-31,2173.6,2173.8,2161.4,2170.9,
2016-09-01,2171.3,2173.6,2157.1,2170.9,
2016-09-02,2177.5,2184.9,2173.6,2180.0,
2016-09-04,2178.8,2181.8,2178.3,2180.8,
2016-09-05,2180.8,2182.3,2175.0,2178.0,
2016-09-06,2181.6,2186.6,2175.1,2186.5,
2016-09-07,2185.2,2187.9,2179.1,2186.2,
2016-09-08,2182.8,2184.9,2177.5,2181.3,
2016-09-09,2169.1,2169.1,2127.8,2127.8,
2016-09-12,2120.9,2163.3,2119.1,2159.0,
2016-09-13,2150.5,2150.5,2120.3,2127.0,
2016-09-14,2127.9,2141.3,2119.9,2125.8,
2016-09-15,2125.4,2151.3,2122.4,2147.3,
2016-09-16,2146.5,2146.5,2131.2,2139.2,
2016-09-19,2144.0,2153.6,2135.9,2139.1,
2016-09-20,2145.9,2150.8,2139.2,2139.8,
2016-09-21,2144.6,2165.1,2139.6,2163.1,
2016-09-22,2170.9,2180.0,2170.9,2177.2,
2016-09-23,2173.3,2173.8,2164.0,2164.7,
2016-09-26,2158.5,2158.5,2145.0,2146.1,
2016-09-27,2146.0,2161.1,2141.6,2159.9,
2016-09-28,2161.9,2172.4,2151.8,2171.4,
2016-09-29,2168.9,2172.7,2145.2,2151.1,
2016-09-30,2156.5,2175.3,2156.5,2168.3,
2016-10-03,2164.3,2164.4,2154.8,2161.2,
2016-10-04,2163.4,2165.5,2144.0,2150.5,
2016-10-05,2155.1,2163.9,2155.1,2159.7,
2016-10-06,2158.2,2162.9,2150.3,2160.8,
2016-10-07,2164.2,2165.9,2144.9,2153.7,
2016-10-10,2160.4,2169.6,2160.4,2163.7,
2016-10-11,2161.4,2161.6,2128.8,2136.7,
2016-10-12,2137.7,2145.4,2132.8,2139.2,
2016-10-13,2130.3,2138.2,2114.7,2132.6,
2016-10-14,2139.7,2149.2,2133.0,2133.0,
2016-10-17,2132.9,2135.6,2124.4,2126.5,
2016-10-18,2138.3,2144.4,2135.5,2139.6,
2016-10-19,2140.8,2148.4,2138.1,2144.3,
2016-10-20,2142.5,2147.2,2133.4,2141.3,
2016-10-21,2139.4,2142.6,2130.1,2141.2,
2016-10-24,2148.5,2154.8,2146.9,2151.3,
2016-10-25,2149.7,2151.4,2141.9,2143.2,
2016-10-26,2137.0,2145.7,2131.6,2139.4,
2016-10-27,2144.1,2147.1,2132.5,2133.0,
2016-10-28,2132.2,2140.7,2119.4,2126.4,
2016-10-31,2129.8,2133.3,2125.5,2126.1,
2016-11-01,2128.7,2131.4,2097.9,2111.7,
2016-11-02,2109.4,2111.8,2094.0,2097.9,
2016-11-03,2098.8,2102.6,2085.2,2088.7,
2016-11-04,2083.8,2099.1,2083.8,2085.2,
2016-11-07,2100.6,2132.0,2100.6,2131.5,
2016-11-08,2129.9,2146.9,2123.6,2139.6,
2016-11-09,2131.6,2170.1,2125.4,2163.3,
2016-11-10,2167.5,2182.3,2151.2,2167.5,
2016-11-11,2162.7,2165.9,2152.5,2164.4,
2016-11-14,2165.6,2171.4,2156.1,2164.2,
2016-11-15,2168.3,2180.8,2166.4,2180.4,
2016-11-16,2177.5,2179.2,2172.2,2176.9,
2016-11-17,2178.6,2188.1,2176.6,2187.1,
2016-11-18,2186.9,2189.9,2180.4,2181.9,
2016-11-21,2186.4,2198.7,2186.4,2198.2,
2016-11-22,2201.6,2204.8,2194.5,2202.9,
2016-11-23,2198.6,2204.7,2194.5,2204.7,
2016-11-24,2199.3,2207.0,2197.8,2205.5,
2016-11-25,2206.3,2213.4,2206.3,2213.4,
2016-11-28,2210.2,2211.1,2200.4,2201.7,
2016-11-29,2200.8,2210.5,2198.1,2204.7,
2016-11-30,2205.0,2214.1,2198.8,2198.8,
2016-12-01,2200.2,2202.6,2187.4,2191.1,
2016-12-02,2191.1,2197.9,2188.4,2191.9,
2016-12-05,2200.6,2209.4,2200.0,2204.7,
2016-12-06,2207.3,2212.8,2202.2,2212.2,
2016-12-07,2210.7,2241.6,2208.9,2241.4,
2016-12-08,2241.1,2251.7,2237.6,2246.2,
2016-12-09,2249.7,2259.8,2249.2,2259.5,
2016-12-12,2258.8,2264.0,2252.4,2257.0,
2016-12-13,2263.3,2277.5,2263.3,2271.7,
2016-12-14,2268.4,2276.2,2248.4,2253.3,
2016-12-15,2253.8,2272.1,2253.8,2262.0,
2016-12-16,2266.8,2268.1,2254.2,2258.1,
2016-12-19,2259.2,2267.5,2258.2,2262.5,
2016-12-20,2266.5,2272.6,2266.1,2270.8,
2016-12-21,2270.5,2271.2,2265.1,2265.2,
2016-12-22,2262.9,2263.2,2256.1,2261.0,
2016-12-23,2260.3,2263.8,2258.8,2263.8,
2016-12-26,2259.3,2260.3,2258.5,2259.0,
2016-12-27,2266.2,2273.8,2266.1,2268.9,
2016-12-28,2270.2,2271.3,2249.1,2249.9,
2016-12-29,2249.5,2254.5,2244.6,2249.3,
2016-12-30,2251.6,2253.6,2233.6,2238.8,
2017-01-02,2241.4,2244.9,2241.4,2243.3,
2017-01-03,2251.6,2263.9,2245.1,2257.8,
2017-01-04,2261.6,2272.8,2261.6,2270.8,
2017-01-05,2268.2,2271.5,2260.4,2269.0,
2017-01-06,2271.1,2282.1,2264.1,2277.0,
2017-01-09,2273.6,2275.5,2268.9,2268.9,
2017-01-10,2269.7,2279.3,2265.3,2268.9,
2017-01-11,2268.6,2275.3,2260.8,2275.3,
2017-01-12,2271.1,2271.8,2254.3,2270.4,
2017-01-13,2272.7,2278.7,2271.5,2274.6,
2017-01-15,2270.3,2270.3,2268.0,2268.5,
2017-01-16,2268.5,2269.5,2265.0,2266.3,
2017-01-17,2269.1,2272.1,2262.8,2267.9,
2017-01-18,2269.1,2272.0,2263.4,2271.9,
2017-01-19,2271.9,2274.3,2258.4,2263.7,
2017-01-20,2270.0,2277.0,2265.0,2271.3,
2017-01-23,2267.8,2271.8,2257.0,2265.2,
2017-01-24,2267.9,2284.6,2266.7,2280.1,
2017-01-25,2288.9,2299.6,2288.9,2298.4,
2017-01-26,2298.6,2301.0,2294.1,2296.7,
2017-01-27,2299.0,2299.0,2291.6,2294.7,
2017-01-30,2286.0,2286.0,2268.0,2280.9,
2017-01-31,2274.0,2279.1,2267.2,2278.9,
2017-02-01,2285.6,2289.1,2272.4,2279.6,
2017-02-02,2276.7,2284.0,2271.6,2280.9,
2017-02-03,2288.5,2298.3,2287.9,2297.4,
2017-02-06,2294.3,2296.2,2288.6,2292.6,
2017-02-07,2295.9,2299.4,2290.2,2293.1,
2017-02-08,2289.6,2295.9,2285.4,2294.7,
2017-02-09,2296.7,2311.1,2296.6,2307.9,
2017-02-10,2312.3,2319.2,2311.1,2316.1,
2017-02-13,2321.7,2331.6,2321.4,2328.3,
2017-02-14,2326.1,2337.6,2322.2,2337.6,
2017-02-15,2335.6,2351.3,2334.8,2349.3,
2017-02-16,2349.6,2351.3,2338.9,2347.2,
2017-02-17,2343.0,2351.2,2339.6,2351.2,
2017-02-19,2346.8,2348.0,2346.3,2347.5,
2017-02-20,2347.3,2356.8,2346.0,2353.3,
2017-02-21,2354.9,2366.7,2354.9,2365.4,
2017-02-22,2361.1,2365.1,2358.3,2362.8,
2017-02-23,2367.5,2368.3,2355.1,2363.8,
2017-02-24,2355.7,2367.3,2352.9,2367.3,
2017-02-27,2365.2,2371.5,2361.9,2369.8,
2017-02-28,2366.1,2367.8,2359.0,2363.6,
2017-03-01,2380.1,2401.0,2380.1,2396.0,
2017-03-02,2394.8,2394.8,2380.2,2381.9,
2017-03-03,2380.9,2383.9,2375.4,2383.1,
2017-03-06,2375.2,2378.8,2368.0,2375.3,
2017-03-07,2370.7,2375.1,2365.5,2368.4,
2017-03-08,2369.8,2373.1,2361.0,2363.0,
2017-03-09,2363.5,2369.1,2354.5,2364.9,
2017-03-10,2372.5,2376.9,2363.0,2372.6,
2017-03-13,2371.6,2374.4,2368.5,2373.5,
2017-03-14,2368.6,2368.6,2358.2,2365.4,
2017-03-15,2370.3,2390.0,2368.9,2385.3,
2017-03-16,2387.7,2388.1,2377.2,2381.4,
2017-03-17,2383.7,2385.7,2377.6,2378.3,
2017-03-20,2378.2,2379.6,2369.7,2373.5,
2017-03-21,2379.3,2381.9,2341.9,2344.0,
2017-03-22,2343.0,2351.8,2336.4,2348.4,
2017-03-23,2346.0,2358.9,2342.1,2346.0,
2017-03-24,2350.4,2356.2,2335.7,2344.0,
2017-03-27,2329.1,2344.9,2322.3,2341.6,
2017-03-28,2339.8,2363.8,2337.6,2358.6,
2017-03-29,2356.5,2363.4,2352.9,2361.1,
2017-03-30,2361.3,2370.4,2358.6,2368.1,
2017-03-31,2364.8,2370.4,2362.6,2362.7,
2017-04-03,2362.3,2365.9,2344.7,2358.8,
2017-04-04,2354.8,2360.5,2350.7,2360.2,
2017-04-05,2366.6,2378.4,2350.5,2352.9,
2017-04-06,2353.8,2364.2,2348.9,2357.5,
2017-04-07,2356.6,2363.8,2350.7,2355.5,
2017-04-10,2357.2,2366.4,2351.5,2357.2,
2017-04-11,2353.9,2355.2,2337.3,2353.8,
2017-04-12,2352.1,2352.7,2341.2,2344.9,
2017-04-13,2342.0,2348.3,2328.9,2328.9,
2017-04-17,2332.6,2349.1,2332.5,2349.0,
2017-04-18,2342.5,2348.4,2334.5,2342.2,
2017-04-19,2346.8,2352.6,2335.1,2338.2,
2017-04-20,2342.7,2361.4,2340.9,2355.8,
2017-04-21,2354.7,2356.2,2344.5,2348.7,
2017-04-24,2370.3,2377.0,2369.2,2374.1,
2017-04-25,2381.5,2392.5,2381.1,2388.6,
2017-04-26,2389.0,2398.2,2386.8,2387.4,
2017-04-27,2389.7,2392.1,2382.7,2388.8,
2017-04-28,2393.7,2393.7,2382.4,2384.2,
2017-05-01,2388.5,2394.5,2384.8,2388.3,
2017-05-02,2391.1,2392.9,2385.8,2391.2,
2017-05-03,2386.5,2389.8,2379.8,2388.1,
2017-05-04,2389.8,2391.4,2380.4,2389.5,
2017-05-05,2392.4,2399.3,2389.4,2399.3,
2017-05-08,2399.9,2401.4,2393.9,2399.4,
2017-05-09,2401.6,2403.9,2392.4,2396.9,
2017-05-10,2396.8,2399.7,2392.8,2399.6,
2017-05-11,2394.8,2395.7,2381.7,2394.4,
2017-05-12,2392.4,2392.4,2387.2,2390.9,
2017-05-15,2394.0,2404.1,2393.9,2402.3,
2017-05-16,2404.6,2405.8,2396.1,2400.7,
2017-05-17,2382.9,2384.9,2356.2,2357.0,
2017-05-18,2354.7,2375.7,2352.7,2365.7,
2017-05-19,2371.4,2389.1,2370.4,2381.7,
2017-05-22,2387.2,2395.5,2386.9,2394.0,
2017-05-23,2397.0,2400.9,2393.9,2398.4,
2017-05-24,2401.4,2405.6,2398.0,2404.4,
2017-05-25,2409.5,2418.7,2408.0,2415.1,
2017-05-26,2414.5,2416.7,2412.2,2415.8,
2017-05-28,2414.6,2417.0,2414.0,2415.5,
2017-05-29,2415.5,2417.0,2413.8,2414.3,
2017-05-30,2411.7,2415.3,2409.4,2412.9,
2017-05-31,2415.6,2416.0,2403.6,2411.8,
2017-06-01,2415.6,2430.1,2413.5,2430.1,
2017-06-02,2431.3,2440.2,2427.7,2439.1,
2017-06-05,2437.8,2439.6,2434.3,2436.1,
2017-06-06,2431.9,2436.2,2428.1,2429.3,
2017-06-07,2432.0,2435.3,2424.8,2433.1,
2017-06-08,2434.3,2439.3,2427.9,2433.8,
2017-06-09,2436.4,2446.2,2415.7,2431.8,
2017-06-12,2425.9,2430.4,2420.0,2429.4,
2017-06-13,2434.1,2441.5,2431.3,2440.4,
2017-06-14,2443.8,2443.8,2428.3,2437.9,
2017-06-15,2424.1,2433.9,2418.5,2432.5,
2017-06-16,2431.2,2433.1,2422.9,2433.1,
2017-06-19,2442.6,2453.8,2441.8,2453.5,
2017-06-20,2450.7,2450.7,2436.6,2437.0,
2017-06-21,2439.3,2442.2,2430.7,2435.6,
2017-06-22,2437.4,2441.6,2433.3,2434.5,
2017-06-23,2434.6,2441.4,2431.1,2438.3,
2017-06-26,2443.3,2450.4,2437.0,2439.1,
2017-06-27,2436.3,2440.1,2419.4,2419.4,
2017-06-28,2428.7,2443.0,2428.0,2440.7,
2017-06-29,2442.4,2442.7,2405.7,2419.7,
2017-06-30,2429.2,2432.7,2421.6,2423.4,
2017-07-03,2431.4,2439.2,2428.7,2429.0,
2017-07-04,2427.4,2431.4,2421.3,2423.8,
2017-07-05,2430.8,2434.9,2422.1,2432.5,
2017-07-06,2423.4,2424.3,2407.7,2409.8,
2017-07-07,2413.5,2426.9,2413.5,2425.2,
2017-07-10,2424.5,2432.0,2422.3,2427.4,
2017-07-11,2427.4,2429.3,2412.8,2425.5,
2017-07-12,2435.8,2445.8,2435.8,2443.3,
2017-07-13,2445.0,2449.3,2441.7,2447.8,
2017-07-14,2449.2,2463.5,2446.7,2459.3,
2017-07-17,2459.5,2462.8,2457.2,2459.1,
2017-07-18,2455.9,2460.9,2450.3,2460.6,
2017-07-19,2463.9,2473.8,2463.9,2473.8,
2017-07-20,2475.6,2477.6,2468.4,2473.4,
2017-07-21,2467.4,2472.5,2465.1,2472.5,
2017-07-24,2472.0,2473.1,2466.3,2469.9,
2017-07-25,2477.9,2481.2,2474.9,2477.1,
2017-07-26,2480.0,2481.7,2474.9,2477.8,
2017-07-27,2482.8,2484.0,2459.9,2475.4,
2017-07-28,2469.1,2473.5,2464.7,2472.1,
2017-07-31,2475.9,2478.0,2468.5,2470.3,
2017-08-01,2477.1,2478.5,2471.1,2476.4,
2017-08-02,2480.4,2480.4,2466.5,2477.6,
2017-08-03,2476.0,2476.0,2468.9,2472.2,
2017-08-04,2476.9,2480.0,2472.1,2476.8,
2017-08-07,2477.1,2480.9,2475.9,2480.9,
2017-08-08,2478.4,2490.9,2470.3,2474.9,
2017-08-09,2465.4,2474.4,2462.1,2474.0,
2017-08-10,2465.4,2465.4,2437.8,2438.2,
2017-08-11,2441.0,2448.1,2437.9,2441.3,
2017-08-14,2455.0,2468.2,2455.0,2465.8,
2017-08-15,2468.7,2468.9,2461.6,2464.6,
2017-08-16,2468.6,2474.9,2463.9,2468.1,
2017-08-17,2462.9,2465.0,2430.0,2430.0,
2017-08-18,2427.6,2440.3,2420.7,2425.6,
2017-08-21,2425.5,2430.6,2417.4,2428.4,
2017-08-22,2433.8,2454.8,2433.7,2452.5,
2017-08-23,2444.9,2448.9,2441.4,2444.0,
2017-08-24,2447.9,2450.4,2436.2,2439.0,
2017-08-25,2444.7,2454.0,2442.2,2443.1,
2017-08-28,2447.4,2449.1,2439.0,2444.2,
2017-08-29,2431.9,2449.2,2428.2,2446.3,
2017-08-30,2446.1,2460.3,2443.8,2457.6,
2017-08-31,2462.6,2475.0,2462.6,2471.6,
2017-09-01,2474.4,2480.4,2473.9,2476.6,
2017-09-03,2461.5,2466.5,2461.1,2464.8,
2017-09-04,2464.8,2470.8,2462.0,2469.6,
2017-09-05,2470.4,2472.0,2446.6,2457.9,
2017-09-06,2463.8,2469.6,2459.2,2465.5,
2017-09-07,2468.1,2468.6,2460.3,2465.1,
2017-09-08,2462.3,2467.1,2459.4,2461.4,
2017-09-11,2474.5,2488.9,2474.5,2488.1,
2017-09-12,2491.9,2496.8,2490.4,2496.5,
2017-09-13,2493.9,2498.4,2492.1,2498.4,
2017-09-14,2494.6,2498.4,2491.4,2495.6,
2017-09-15,2495.7,2500.2,2493.2,2500.2,
2017-09-18,2502.5,2508.3,2499.9,2503.9,
2017-09-19,2506.3,2507.8,2503.2,2506.6,
2017-09-20,2506.8,2508.9,2496.7,2508.2,
2017-09-21,2507.2,2507.2,2499.0,2500.6,
2017-09-22,2497.3,2503.5,2496.5,2502.2,
2017-09-25,2499.4,2502.5,2488.0,2496.7,
2017-09-26,2501.0,2503.5,2495.1,2496.8,
2017-09-27,2503.3,2511.8,2495.9,2507.0,
2017-09-28,2503.4,2510.8,2502.9,2510.1,
2017-09-29,2510.0,2519.4,2508.0,2519.4,
2017-10-02,2521.2,2529.2,2520.4,2529.1,
2017-10-03,2530.3,2535.1,2528.9,2534.6,
2017-10-04,2533.5,2540.5,2531.8,2537.7,
2017-10-05,2540.9,2552.5,2540.0,2552.1,
2017-10-06,2547.4,2549.4,2543.8,2549.3,
2017-10-09,2551.4,2551.8,2541.6,2544.7,
2017-10-10,2550.0,2555.2,2544.9,2550.6,
2017-10-11,2550.6,2555.2,2547.9,2555.2,
2017-10-12,2552.9,2555.3,2548.3,2550.9,
2017-10-13,2555.7,2557.6,2552.1,2553.2,
2017-10-16,2555.6,2559.5,2552.6,2557.6,
2017-10-17,2557.2,2559.7,2554.7,2559.4,
2017-10-18,2562.9,2564.1,2559.7,2561.3,
2017-10-19,2553.4,2562.4,2547.9,2562.1,
2017-10-20,2567.6,2575.4,2567.6,2575.2,
2017-10-23,2578.1,2578.3,2564.3,2565.0,
2017-10-24,2568.7,2572.2,2565.6,2569.1,
2017-10-25,2566.5,2567.4,2544.0,2557.1,
2017-10-26,2560.1,2567.1,2559.8,2560.4,
2017-10-27,2570.3,2583.0,2565.9,2581.1,
2017-10-30,2577.8,2580.0,2568.3,2572.8,
2017-10-31,2576.0,2578.3,2572.1,2575.3,
2017-11-01,2583.2,2588.4,2574.9,2579.4,
2017-11-02,2579.5,2581.1,2566.2,2579.9,
2017-11-03,2581.9,2588.4,2576.8,2587.8,
2017-11-06,2587.5,2593.4,2585.7,2591.1,
2017-11-07,2592.1,2597.0,2584.4,2590.6,
2017-11-08,2588.7,2595.5,2585.0,2594.4,
2017-11-09,2584.0,2586.5,2566.3,2584.6,
2017-11-10,2580.2,2583.8,2575.6,2582.3,
2017-11-13,2576.5,2587.7,2574.5,2584.8,
2017-11-14,2577.8,2579.7,2566.6,2578.9,
2017-11-15,2569.4,2572.8,2557.4,2564.6,
2017-11-16,2572.9,2590.1,2572.9,2585.6,
2017-11-17,2582.9,2584.0,2577.6,2578.9,
2017-11-20,2579.5,2584.6,2578.2,2582.1,
2017-11-21,2589.2,2601.2,2589.2,2599.0,
2017-11-22,2600.3,2600.9,2595.2,2597.1,
2017-11-23,2594.1,2598.0,2589.5,2595.0,
2017-11-24,2600.4,2604.2,2600.4,2602.4,
2017-11-27,2602.7,2606.4,2598.9,2601.4,
2017-11-28,2605.9,2627.7,2605.4,2627.0,
2017-11-29,2627.8,2634.9,2620.3,2626.1,
2017-11-30,2633.9,2657.7,2633.9,2647.6,
2017-12-01,2645.1,2650.6,2605.5,2642.2,
2017-12-04,2657.2,2665.2,2639.0,2639.4,
2017-12-05,2639.8,2648.7,2627.7,2629.6,
2017-12-06,2626.2,2634.4,2624.8,2629.3,
2017-12-07,2628.4,2641.0,2626.5,2637.0,
2017-12-08,2646.2,2651.6,2644.1,2651.5,
2017-12-11,2652.2,2660.3,2651.5,2660.0,
2017-12-12,2661.7,2669.7,2659.8,2664.1,
2017-12-13,2667.6,2671.9,2662.9,2662.9,
2017-12-14,2665.9,2668.1,2652.0,2652.0,
2017-12-15,2660.6,2679.6,2659.1,2675.8,
2017-12-18,2685.9,2695.0,2685.9,2690.2,
2017-12-19,2692.7,2694.4,2680.7,2681.5,
2017-12-20,2688.2,2691.0,2676.1,2679.3,
2017-12-21,2683.0,2692.6,2682.4,2684.6,
2017-12-22,2684.2,2685.4,2678.1,2683.3,
2017-12-25,2687.3,2689.5,2687.0,2688.3,
2017-12-26,2679.1,2682.7,2678.0,2680.5,
2017-12-27,2682.1,2685.6,2678.9,2682.6,
2017-12-28,2686.1,2687.7,2682.7,2687.5,
2017-12-29,2689.1,2692.1,2673.6,2673.6,
2018-01-01,2675.8,2681.0,2674.8,2680.8,
2018-01-02,2683.7,2695.9,2682.4,2695.8,
2018-01-03,2697.9,2714.4,2697.8,2713.1,
2018-01-04,2719.3,2729.3,2719.1,2724.0,
2018-01-05,2731.3,2743.4,2727.9,2743.1,
2018-01-08,2742.7,2748.5,2737.6,2747.7,
2018-01-09,2751.1,2759.1,2747.9,2751.3,
2018-01-10,2745.6,2750.8,2736.1,2748.2,
2018-01-11,2753.0,2767.6,2752.8,2767.6,
2018-01-12,2770.2,2787.9,2769.6,2786.2,
2018-01-14,2789.8,2795.5,2789.8,2795.5,
2018-01-15,2795.5,2797.0,2791.0,2793.8,
2018-01-16,2799.0,2807.5,2768.6,2776.4,
2018-01-17,2785.0,2807.0,2778.4,2802.6,
2018-01-18,2802.4,2805.8,2792.6,2798.0,
2018-01-19,2802.6,2810.3,2798.1,2810.3,
2018-01-22,2809.2,2833.0,2808.1,2833.0,
2018-01-23,2835.1,2842.2,2830.6,2839.1,
2018-01-24,2845.4,2853.0,2824.8,2837.5,
2018-01-25,2846.2,2848.6,2830.9,2839.3,
2018-01-26,2847.5,2872.9,2846.2,2872.9,
2018-01-29,2867.2,2870.6,2851.5,2853.5,
2018-01-30,2832.7,2837.8,2818.3,2822.4,
2018-01-31,2832.4,2839.3,2813.0,2823.8,
2018-02-01,2816.4,2836.0,2812.7,2822.0,
2018-02-02,2808.9,2808.9,2760.0,2762.1,
2018-02-05,2741.1,2763.4,2638.2,2648.9,
2018-02-06,2614.8,2701.0,2593.1,2695.1,
2018-02-07,2690.9,2727.7,2681.3,2681.7,
2018-02-08,2685.0,2685.3,2580.6,2581.0,
2018-02-09,2601.8,2638.7,2532.7,2619.6,
2018-02-12,2636.8,2672.6,2622.4,2656.0,
2018-02-13,2646.3,2668.8,2637.1,2662.9,
2018-02-14,2651.2,2702.1,2648.9,2698.6,
2018-02-15,2713.5,2731.5,2689.8,2731.2,
2018-02-16,2727.1,2754.4,2725.1,2732.2,
2018-02-18,2736.3,2741.0,2734.5,2740.3,
2018-02-19,2740.3,2747.8,2719.8,2730.8,
2018-02-20,2723.0,2737.6,2706.8,2716.3,
2018-02-21,2720.5,2747.8,2701.3,2701.3,
2018-02-22,2710.4,2731.3,2697.8,2704.0,
2018-02-23,2715.8,2747.8,2713.7,2747.3,
2018-02-26,2757.4,2780.6,2753.8,2779.6,
2018-02-27,2780.4,2789.1,2744.2,2744.3,
2018-02-28,2753.8,2761.5,2713.5,2713.8,
2018-03-01,2715.2,2730.9,2659.6,2677.7,
2018-03-02,2658.9,2696.3,2647.3,2691.3,
2018-03-05,2681.1,2728.1,2675.8,2720.9,
2018-03-06,2730.2,2732.1,2711.3,2728.1,
2018-03-07,2710.2,2730.6,2701.7,2726.8,
2018-03-08,2732.8,2740.4,2722.6,2739.0,
2018-03-09,2752.9,2786.6,2751.5,2786.6,
2018-03-12,2790.5,2797.0,2779.3,2783.0,
2018-03-13,2792.3,2801.9,2758.7,2765.3,
2018-03-14,2774.1,2777.1,2744.4,2749.5,
2018-03-15,2754.3,2763.0,2741.5,2747.3,
2018-03-16,2750.6,2761.9,2750.0,2752.0,
2018-03-19,2741.4,2741.4,2694.6,2712.9,
2018-03-20,2715.1,2724.2,2710.1,2716.9,
2018-03-21,2715.0,2739.1,2709.8,2711.9,
2018-03-22,2691.4,2695.7,2641.6,2643.7,
2018-03-23,2646.7,2657.7,2585.9,2588.3,
2018-03-26,2619.4,2661.4,2601.8,2658.6,
2018-03-27,2667.6,2674.8,2596.1,2612.6,
2018-03-28,2611.3,2632.6,2593.1,2605.0,
2018-03-29,2614.4,2659.1,2609.7,2640.9,
2018-04-02,2633.4,2638.3,2553.8,2581.9,
2018-04-03,2592.2,2619.1,2575.5,2614.4,
2018-04-04,2584.0,2649.9,2573.6,2644.7,
2018-04-05,2657.4,2672.1,2649.6,2662.8,
2018-04-06,2645.8,2656.9,2586.3,2604.5,
2018-04-09,2617.2,2653.6,2610.8,2613.2,
2018-04-10,2638.4,2665.4,2635.8,2656.9,
2018-04-11,2643.9,2661.4,2639.3,2642.2,
2018-04-12,2653.8,2674.7,2653.8,2664.0,
2018-04-13,2676.9,2680.3,2645.1,2656.3,
2018-04-16,2670.1,2686.5,2665.2,2677.8,
2018-04-17,2692.7,2713.3,2692.1,2706.4,
2018-04-18,2710.1,2717.5,2703.6,2708.6,
2018-04-19,2701.2,2702.8,2681.9,2693.1,
2018-04-20,2692.6,2693.9,2660.6,2670.1,
2018-04-23,2675.4,2682.9,2658.0,2670.3,
2018-04-24,2680.8,2683.6,2617.3,2634.6,
2018-04-25,2634.9,2645.3,2612.7,2639.4,
2018-04-26,2651.6,2676.5,2647.2,2666.9,
2018-04-27,2675.5,2677.4,2659.0,2669.9,
2018-04-30,2675.1,2682.9,2648.0,2648.1,
2018-05-01,2643.6,2655.3,2625.4,2654.8,
2018-05-02,2654.2,2660.9,2631.7,2635.7,
2018-05-03,2628.1,2637.1,2594.6,2629.7,
2018-05-04,2621.4,2670.9,2615.3,2663.4,
2018-05-07,2669.4,2683.4,2664.7,2672.6,
2018-05-08,2670.3,2676.3,2655.2,2671.9,
2018-05-09,2678.1,2701.3,2674.1,2697.8,
2018-05-10,2705.0,2726.1,2704.5,2723.1,
2018-05-11,2722.7,2732.9,2717.4,2727.7,
2018-05-14,2733.4,2742.1,2725.5,2730.1,
2018-05-15,2718.6,2718.6,2701.9,2711.4,
2018-05-16,2712.6,2727.8,2712.2,2722.5,
2018-05-17,2719.7,2732.0,2711.4,2720.1,
2018-05-18,2717.4,2719.5,2709.2,2713.0,
2018-05-21,2725.9,2739.2,2725.7,2733.0,
2018-05-22,2738.3,2742.2,2721.9,2724.4,
2018-05-23,2714.0,2733.3,2709.5,2733.3,
2018-05-24,2730.9,2732.0,2707.4,2727.8,
2018-05-25,2723.6,2727.4,2715.0,2721.3,
2018-05-27,2731.0,2731.0,2726.0,2729.5,
2018-05-28,2729.5,2731.8,2718.3,2722.0,
2018-05-29,2705.1,2710.7,2676.8,2689.9,
2018-05-30,2702.4,2729.3,2702.4,2724.0,
2018-05-31,2721.0,2722.5,2700.7,2705.3,
2018-06-01,2718.7,2736.9,2718.7,2734.6,
2018-06-04,2741.7,2749.2,2740.5,2746.9,
2018-06-05,2748.5,2752.6,2739.5,2748.8,
2018-06-06,2753.3,2772.4,2748.5,2772.4,
2018-06-07,2774.8,2779.9,2760.2,2770.4,
2018-06-08,2765.8,2779.4,2763.6,2779.0,
2018-06-11,2780.2,2790.2,2780.2,2782.0,
2018-06-12,2785.6,2789.8,2778.8,2786.9,
2018-06-13,2787.9,2791.5,2774.6,2775.6,
2018-06-14,2783.2,2789.1,2776.5,2782.5,
2018-06-15,2777.8,2782.8,2761.7,2779.7,
2018-06-18,2765.8,2775.0,2757.1,2773.8,
2018-06-19,2752.0,2765.1,2743.2,2762.6,
2018-06-20,2769.7,2774.9,2763.9,2767.3,
2018-06-21,2769.3,2769.3,2744.4,2749.8,
2018-06-22,2760.8,2764.2,2752.7,2754.9,
2018-06-25,2742.9,2742.9,2698.7,2717.1,
2018-06-26,2722.1,2732.9,2715.6,2723.1,
2018-06-27,2728.4,2746.1,2699.4,2699.6,
2018-06-28,2698.7,2724.3,2692.0,2716.3,
2018-06-29,2727.1,2743.3,2718.0,2718.4,
2018-07-02,2704.9,2727.3,2698.9,2726.7,
2018-07-03,2733.3,2736.6,2711.2,2713.2,
2018-07-04,2713.0,2724.0,2712.3,2719.8,
2018-07-05,2724.2,2737.8,2716.0,2736.6,
2018-07-06,2737.7,2764.4,2733.5,2759.8,
2018-07-09,2768.5,2784.6,2768.5,2784.2,
2018-07-10,2788.6,2795.6,2786.2,2793.8,
2018-07-11,2779.8,2785.9,2770.8,2774.0,
2018-07-12,2783.1,2799.2,2781.5,2798.3,
2018-07-13,2796.9,2804.5,2791.7,2801.3,
2018-07-16,2801.4,2803.7,2793.4,2798.4,
2018-07-17,2789.3,2814.2,2789.2,2809.6,
2018-07-18,2811.4,2816.8,2805.9,2815.6,
2018-07-19,2809.4,2812.1,2799.8,2804.5,
2018-07-20,2804.6,2809.7,2800.0,2801.8,
2018-07-23,2799.2,2808.6,2795.1,2807.0,
2018-07-24,2820.7,2830.0,2811.1,2820.4,
2018-07-25,2817.7,2848.0,2817.7,2846.1,
2018-07-26,2835.5,2845.6,2835.3,2837.4,
2018-07-27,2842.4,2843.2,2808.3,2818.8,
2018-07-30,2819.0,2821.7,2798.1,2802.6,
2018-07-31,2809.7,2824.5,2808.1,2816.3,
2018-08-01,2821.2,2825.8,2805.9,2813.4,
2018-08-02,2800.5,2829.9,2796.3,2827.2,
2018-08-03,2829.6,2840.4,2827.4,2840.4,
2018-08-06,2840.3,2853.3,2836.0,2850.4,
2018-08-07,2855.9,2863.4,2855.9,2858.4,
2018-08-08,2856.8,2862.4,2853.1,2857.7,
2018-08-09,2857.2,2862.5,2852.0,2853.6,
2018-08-10,2839.6,2842.2,2825.8,2833.3,
2018-08-13,2835.5,2843.4,2819.9,2821.9,
2018-08-14,2827.9,2843.1,2826.6,2840.0,
2018-08-15,2827.9,2827.9,2802.5,2818.4,
2018-08-16,2831.4,2850.5,2831.4,2840.7,
2018-08-17,2838.3,2855.6,2833.7,2850.1,
2018-08-20,2853.9,2859.8,2850.6,2857.1,
2018-08-21,2861.5,2873.2,2861.3,2863.0,
2018-08-22,2861.0,2867.5,2856.1,2861.8,
2018-08-23,2860.3,2868.8,2854.0,2857.0,
2018-08-24,2862.4,2876.2,2862.4,2874.7,
2018-08-27,2884.7,2898.3,2884.7,2896.7,
2018-08-28,2901.4,2903.8,2893.5,2897.5,
2018-08-29,2900.6,2916.5,2898.4,2914.0,
2018-08-30,2908.9,2912.5,2895.2,2901.1,
2018-08-31,2898.4,2906.3,2891.7,2901.5,
2018-09-02,2906.8,2907.0,2904.8,2906.5,
2018-09-03,2906.5,2912.5,2902.5,2906.3,
2018-09-04,2897.0,2900.2,2885.1,2896.7,
2018-09-05,2891.6,2894.2,2876.9,2888.6,
2018-09-06,2888.6,2892.1,2867.3,2878.1,
2018-09-07,2868.3,2883.8,2864.1,2871.7,
2018-09-10,2881.4,2886.9,2875.9,2877.1,
2018-09-11,2871.6,2892.5,2866.8,2887.9,
2018-09-12,2888.3,2894.6,2879.2,2888.9,
2018-09-13,2896.9,2906.8,2896.4,2904.2,
2018-09-14,2906.4,2908.3,2895.8,2905.0,
2018-09-17,2903.8,2904.6,2886.2,2888.8,
2018-09-18,2890.7,2911.2,2890.4,2904.3,
2018-09-19,2906.6,2912.4,2903.8,2907.9,
2018-09-20,2919.7,2934.8,2919.7,2930.8,
2018-09-21,2936.8,2940.9,2927.1,2929.7,
2018-09-24,2921.8,2923.8,2912.6,2919.4,
2018-09-25,2921.8,2923.9,2913.7,2915.6,
2018-09-26,2917.0,2931.1,2903.3,2906.0,
2018-09-27,2911.6,2927.2,2909.3,2914.0,
2018-09-28,2910.0,2920.5,2907.5,2914.0,
2018-10-01,2926.3,2937.1,2917.9,2924.6,
2018-10-02,2923.8,2931.4,2919.4,2923.4,
2018-10-03,2931.7,2939.9,2921.4,2925.5,
2018-10-04,2919.4,2919.8,2883.9,2901.6,
2018-10-05,2902.5,2909.6,2869.3,2885.6,
2018-10-08,2877.5,2889.4,2862.1,2884.4,
2018-10-09,2882.5,2894.8,2874.3,2880.3,
2018-10-10,2873.9,2874.0,2784.9,2785.7,
2018-10-11,2776.9,2795.1,2710.5,2728.4,
2018-10-12,2770.5,2775.8,2729.4,2767.1,
2018-10-15,2763.8,2776.0,2749.0,2750.8,
2018-10-16,2767.1,2813.5,2766.9,2809.9,
2018-10-17,2811.7,2816.9,2781.8,2809.2,
2018-10-18,2802.0,2806.0,2755.2,2768.8,
2018-10-19,2775.7,2797.8,2760.3,2767.8,
2018-10-22,2773.9,2778.9,2749.2,2755.9,
2018-10-23,2721.0,2753.6,2691.4,2740.7,
2018-10-24,2737.9,2742.6,2651.9,2656.1,
2018-10-25,2674.9,2722.7,2667.8,2705.6,
2018-10-26,2667.9,2692.4,2628.2,2658.7,
2018-10-29,2682.6,2706.9,2603.5,2641.3,
2018-10-30,2640.7,2685.4,2635.3,2682.6,
2018-10-31,2705.6,2736.7,2705.6,2711.7,
2018-11-01,2717.6,2741.7,2708.9,2740.4,
2018-11-02,2745.4,2756.6,2700.4,2723.1,
2018-11-05,2726.4,2744.3,2717.9,2738.3,
2018-11-06,2738.4,2756.8,2737.1,2755.4,
2018-11-07,2774.1,2815.1,2774.1,2813.9,
2018-11-08,2806.4,2814.8,2795.0,2806.8,
2018-11-09,2794.1,2794.1,2764.2,2781.0,
2018-11-12,2773.9,2776.0,2722.0,2726.2,
2018-11-13,2730.1,2754.6,2715.0,2722.2,
2018-11-14,2737.9,2746.8,2685.8,2701.6,
2018-11-15,2693.5,2735.4,2670.8,2730.2,
2018-11-16,2718.5,2746.8,2712.2,2736.3,
2018-11-19,2730.7,2733.2,2681.1,2690.7,
2018-11-20,2654.6,2669.4,2631.5,2641.9,
2018-11-21,2657.7,2670.7,2649.8,2649.9,
2018-11-22,2650.5,2656.3,2629.0,2641.5,
2018-11-23,2633.4,2647.6,2631.1,2632.6,
2018-11-26,2650.0,2674.4,2650.0,2673.4,
2018-11-27,2663.8,2682.5,2655.9,2682.2,
2018-11-28,2691.4,2744.0,2684.4,2743.8,
2018-11-29,2737.0,2753.8,2722.9,2737.8,
2018-11-30,2737.8,2760.9,2732.8,2760.2,
2018-12-03,2790.5,2800.2,2773.4,2790.4,
2018-12-04,2782.4,2785.9,2697.2,2700.1,
2018-12-05,2699.5,2720.8,2698.0,2701.8,
2018-12-06,2663.5,2696.1,2621.5,2695.9,
2018-12-07,2691.3,2708.5,2623.1,2633.1,
2018-12-10,2630.9,2647.5,2583.2,2637.7,
2018-12-11,2664.4,2674.4,2621.3,2636.8,
2018-12-12,2658.2,2685.4,2650.3,2651.1,
2018-12-13,2658.7,2670.2,2637.3,2650.5,
2018-12-14,2629.7,2635.1,2593.8,2599.9,
2018-12-17,2590.8,2601.1,2530.5,2545.9,
2018-12-18,2559.9,2574.0,2528.7,2546.2,
2018-12-19,2547.1,2585.3,2489.0,2507.0,
2018-12-20,2496.8,2509.6,2441.2,2467.4,
2018-12-21,2465.4,2504.4,2408.6,2416.6,
2018-12-24,2400.6,2410.3,2351.1,2351.1,
2018-12-25,2341.5,2349.4,2317.4,2345.6,
2018-12-26,2363.1,2467.8,2346.6,2467.7,
2018-12-27,2442.5,2489.1,2397.9,2488.8,
2018-12-28,2498.8,2520.3,2472.9,2485.7,
2018-12-31,2498.9,2509.2,2482.8,2506.9,
2019-01-01,2505.3,2520.9,2505.3,2517.0,
2019-01-02,2477.0,2519.5,2467.5,2510.0,
2019-01-03,2491.9,2493.1,2444.0,2447.9,
2019-01-04,2474.3,2538.1,2474.3,2531.9,
2019-01-07,2535.6,2566.2,2524.6,2549.7,
2019-01-08,2568.1,2579.8,2547.6,2574.4,
2019-01-09,2580.0,2595.3,2568.9,2585.0,
2019-01-10,2573.5,2597.8,2562.0,2596.6,
2019-01-11,2588.1,2596.3,2577.4,2596.3,
2019-01-14,2580.3,2589.3,2570.4,2582.6,
2019-01-15,2585.1,2613.1,2585.1,2610.3,
2019-01-16,2614.8,2625.8,2612.7,2616.1,
2019-01-17,2609.3,2645.1,2606.4,2636.0,
2019-01-18,2651.3,2675.5,2647.6,2670.7,
2019-01-20,2676.5,2677.5,2667.4,2668.4,
2019-01-21,2668.1,2669.4,2655.3,2663.3,
2019-01-22,2657.9,2657.9,2617.3,2632.9,
2019-01-23,2643.5,2653.2,2612.9,2638.7,
2019-01-24,2638.8,2647.2,2627.0,2642.3,
2019-01-25,2657.4,2672.4,2657.3,2664.8,
2019-01-28,2645.0,2645.0,2624.1,2643.9,
2019-01-29,2644.9,2650.9,2631.1,2640.0,
2019-01-30,2653.6,2690.4,2648.3,2681.1,
2019-01-31,2685.5,2708.9,2678.6,2704.1,
2019-02-01,2702.3,2716.7,2696.9,2706.5,
2019-02-04,2706.5,2725.0,2698.8,2724.9,
2019-02-05,2728.3,2739.0,2724.0,2737.7,
2019-02-06,2735.1,2738.1,2724.1,2731.6,
2019-02-07,2717.5,2719.3,2687.3,2706.1,
2019-02-08,2692.4,2708.1,2681.8,2707.9,
2019-02-11,2712.4,2718.1,2703.8,2709.8,
2019-02-12,2722.6,2748.2,2722.6,2744.7,
2019-02-13,2750.3,2761.9,2748.6,2753.0,
2019-02-14,2743.5,2757.9,2731.2,2745.7,
2019-02-15,2760.2,2775.7,2760.2,2775.6,
2019-02-17,2777.3,2781.4,2775.3,2778.6,
2019-02-18,2778.1,2780.1,2773.4,2775.9,
2019-02-19,2769.3,2787.3,2767.3,2779.8,
2019-02-20,2779.1,2789.9,2774.1,2784.7,
2019-02-21,2780.2,2781.6,2764.6,2774.9,
2019-02-22,2780.7,2794.2,2779.1,2792.7,
2019-02-25,2804.4,2813.5,2795.0,2796.1,
2019-02-26,2792.4,2803.1,2789.5,2793.9,
2019-02-27,2787.5,2795.8,2775.1,2792.4,
2019-02-28,2788.1,2793.7,2782.5,2784.5,
2019-03-01,2798.2,2808.0,2787.4,2803.7,
2019-03-04,2814.4,2816.9,2767.7,2792.8,
2019-03-05,2794.4,2796.4,2783.0,2789.6,
2019-03-06,2790.3,2790.3,2768.7,2771.4,
2019-03-07,2766.5,2767.3,2739.1,2748.9,
2019-03-08,2730.8,2744.1,2722.3,2743.1,
2019-03-11,2747.6,2784.0,2747.6,2783.3,
2019-03-12,2787.3,2798.3,2786.7,2791.5,
2019-03-13,2799.8,2821.2,2799.8,2810.9,
2019-03-14,2810.4,2815.0,2803.5,2808.5,
2019-03-15,2810.8,2830.7,2810.8,2822.5,
2019-03-18,2822.6,2835.4,2822.0,2832.9,
2019-03-19,2840.8,2852.4,2823.3,2832.6,
2019-03-20,2831.3,2843.5,2812.4,2824.2,
2019-03-21,2819.7,2860.3,2817.4,2854.9,
2019-03-22,2844.5,2846.2,2800.5,2800.7,
2019-03-25,2796.0,2809.8,2785.0,2798.4,
2019-03-26,2812.7,2829.9,2804.0,2818.5,
2019-03-27,2819.7,2825.6,2787.7,2805.4,
2019-03-28,2809.4,2819.7,2798.8,2815.4,
2019-03-29,2828.3,2836.0,2819.2,2834.4,
2019-04-01,2848.6,2869.4,2848.6,2867.2,
2019-04-02,2868.2,2872.9,2858.8,2867.2,
2019-04-03,2876.1,2885.3,2865.2,2873.4,
2019-04-04,2874.0,2881.3,2867.1,2879.4,
2019-04-05,2884.2,2893.2,2883.0,2892.7,
2019-04-08,2888.5,2895.9,2880.8,2895.8,
2019-04-09,2886.6,2886.9,2873.3,2878.2,
2019-04-10,2881.4,2889.7,2879.1,2888.2,
2019-04-11,2891.9,2893.4,2882.0,2888.3,
2019-04-12,2900.9,2910.5,2898.4,2907.4,
2019-04-15,2908.3,2909.6,2896.5,2905.6,
2019-04-16,2912.3,2916.1,2900.7,2907.1,
2019-04-17,2916.0,2918.0,2895.4,2900.4,
2019-04-18,2904.8,2908.4,2891.9,2905.0,
2019-04-19,2910.5,2910.5,2910.5,2910.5,
2019-04-22,2898.8,2909.5,2896.4,2908.0,
2019-04-23,2910.0,2936.3,2908.5,2933.7,
2019-04-24,2934.0,2936.8,2926.1,2927.3,
2019-04-25,2929.0,2933.1,2912.8,2926.2,
2019-04-26,2925.8,2939.9,2917.6,2939.9,
2019-04-29,2940.6,2949.5,2939.4,2943.0,
2019-04-30,2937.1,2948.2,2924.1,2945.8,
2019-05-01,2952.3,2954.1,2923.4,2923.7,
2019-05-02,2922.2,2931.7,2900.5,2917.5,
2019-05-03,2929.2,2947.9,2929.2,2945.6,
2019-05-06,2908.9,2937.3,2898.2,2932.5,
2019-05-07,2913.0,2913.0,2862.6,2884.1,
2019-05-08,2879.6,2898.0,2873.3,2879.4,
2019-05-09,2859.8,2876.0,2836.4,2870.7,
2019-05-10,2863.1,2891.3,2825.4,2881.4,
2019-05-13,2840.2,2840.2,2801.4,2811.9,
2019-05-14,2820.1,2852.5,2820.1,2834.4,
2019-05-15,2820.4,2858.7,2815.1,2851.0,
2019-05-16,2855.8,2892.1,2855.8,2876.3,
2019-05-17,2858.6,2885.5,2854.2,2859.5,
2019-05-20,2841.9,2853.9,2831.3,2840.2,
2019-05-21,2854.0,2868.9,2854.0,2864.4,
2019-05-22,2856.1,2865.5,2851.1,2856.3,
2019-05-23,2836.7,2836.7,2805.5,2822.2,
2019-05-24,2832.4,2841.4,2820.2,2826.1,
2019-05-26,2830.9,2834.9,2829.4,2830.6,
2019-05-27,2829.9,2838.4,2826.6,2833.3,
2019-05-28,2830.0,2840.5,2801.6,2802.4,
2019-05-29,2790.3,2792.0,2766.1,2783.0,
2019-05-30,2786.9,2799.0,2776.7,2788.9,
2019-05-31,2766.1,2769.0,2750.5,2752.1,
2019-06-03,2751.5,2763.1,2728.8,2744.4,
2019-06-04,2762.6,2804.5,2762.6,2803.3,
2019-06-05,2818.1,2827.3,2800.9,2826.1,
2019-06-06,2828.5,2852.1,2822.4,2843.5,
2019-06-07,2852.9,2885.0,2852.9,2873.3,
2019-06-10,2885.8,2904.8,2885.5,2886.7,
2019-06-11,2903.3,2910.6,2878.5,2885.7,
2019-06-12,2882.7,2888.6,2874.7,2879.8,
2019-06-13,2886.2,2895.2,2882.0,2891.6,
2019-06-14,2886.8,2894.4,2879.6,2887.0,
2019-06-17,2889.8,2897.3,2887.3,2889.7,
2019-06-18,2906.7,2930.8,2905.4,2917.8,
2019-06-19,2920.6,2931.7,2911.4,2926.5,
2019-06-20,2949.6,2958.1,2931.5,2954.2,
2019-06-21,2952.7,2964.1,2946.9,2950.5,
2019-06-24,2951.4,2954.9,2944.1,2945.4,
2019-06-25,2945.8,2946.5,2916.0,2917.4,
2019-06-26,2926.1,2932.6,2913.0,2913.8,
2019-06-27,2919.7,2929.3,2918.6,2924.9,
2019-06-28,2932.9,2944.0,2929.1,2941.8,
2019-07-01,2971.4,2977.9,2952.2,2964.3,
2019-07-02,2964.7,2973.2,2955.9,2973.0,
2019-07-03,2978.1,2995.8,2978.0,2995.8,
2019-07-04,2999.4,3003.6,2997.4,3002.6,
2019-07-05,2984.3,2994.0,2968.0,2990.4,
2019-07-08,2979.8,2980.8,2970.1,2975.9,
2019-07-09,2965.5,2981.9,2963.4,2979.6,
2019-07-10,2989.3,3003.0,2984.6,2993.1,
2019-07-11,2999.6,3002.3,2988.8,2999.9,
2019-07-12,3003.4,3013.9,3001.9,3013.8,
2019-07-15,3017.8,3017.8,3008.8,3014.3,
2019-07-16,3012.1,3015.0,3001.1,3004.0,
2019-07-17,3005.1,3005.3,2984.3,2984.4,
2019-07-18,2978.9,2998.3,2973.1,2995.1,
2019-07-19,3004.3,3006.0,2975.9,2976.6,
2019-07-22,2981.9,2990.7,2976.6,2985.0,
2019-07-23,2994.7,3005.9,2988.6,3005.5,
2019-07-24,2998.8,3019.6,2996.8,3019.6,
2019-07-25,3016.3,3016.3,2997.2,3003.7,
2019-07-26,3013.3,3028.0,3012.6,3025.9,
2019-07-29,3024.5,3025.6,3014.3,3021.0,
2019-07-30,3007.7,3017.2,3000.9,3013.2,
2019-07-31,3016.2,3017.4,2958.1,2980.4,
2019-08-01,2980.3,3013.6,2945.2,2953.6,
2019-08-02,2943.9,2945.5,2914.1,2932.1,
2019-08-05,2898.1,2898.1,2822.1,2844.7,
2019-08-06,2861.2,2884.4,2847.4,2881.8,
2019-08-07,2858.6,2892.2,2825.7,2884.0,
2019-08-08,2896.2,2938.7,2894.5,2938.1,
2019-08-09,2930.5,2935.8,2900.1,2918.6,
2019-08-12,2907.1,2907.6,2873.1,2883.8,
2019-08-13,2880.7,2943.3,2877.1,2926.3,
2019-08-14,2894.1,2894.1,2839.6,2840.6,
2019-08-15,2846.2,2856.7,2825.5,2847.6,
2019-08-16,2864.7,2893.6,2864.7,2888.7,
2019-08-19,2913.5,2931.0,2913.5,2923.6,
2019-08-20,2919.0,2923.6,2899.6,2900.5,
2019-08-21,2922.0,2928.7,2917.9,2924.4,
2019-08-22,2930.9,2939.1,2904.5,2922.9,
2019-08-23,2911.1,2927.0,2835.0,2847.1,
2019-08-26,2866.7,2879.3,2856.0,2878.4,
2019-08-27,2893.1,2898.8,2860.6,2869.2,
2019-08-28,2861.3,2890.0,2853.1,2887.9,
2019-08-29,2910.4,2930.5,2905.7,2924.6,
2019-08-30,2937.1,2940.4,2913.3,2926.5,
2019-09-01,2923.5,2923.5,2893.8,2908.9,
2019-09-02,2909.1,2926.5,2890.5,2902.9,
2019-09-03,2909.0,2914.4,2891.9,2906.3,
2019-09-04,2924.7,2938.8,2921.9,2937.8,
2019-09-05,2960.6,2985.9,2960.6,2976.0,
2019-09-06,2980.3,2985.0,2972.5,2978.7,
2019-09-09,2988.4,2989.4,2969.4,2978.4,
2019-09-10,2971.0,2979.4,2957.0,2979.4,
2019-09-11,2981.4,3000.9,2975.3,3000.9,
2019-09-12,3009.1,3020.7,3000.9,3009.6,
2019-09-13,3012.2,3017.3,3002.9,3007.4,
2019-09-16,2996.4,3002.2,2990.7,2998.0,
2019-09-17,2995.7,3006.2,2993.7,3005.7,
2019-09-18,3001.5,3007.8,2978.6,3006.7,
2019-09-19,3010.4,3022.0,3003.2,3006.8,
2019-09-20,3008.4,3016.4,2984.7,2992.1,
2019-09-23,2983.5,2999.1,2982.2,2991.8,
2019-09-24,3002.4,3008.0,2957.7,2966.6,
2019-09-25,2968.4,2989.8,2952.9,2984.9,
2019-09-26,2985.7,2987.3,2963.7,2977.6,
2019-09-27,2985.5,2987.3,2945.5,2961.8,
2019-09-30,2967.1,2983.9,2967.1,2976.7,
2019-10-01,2983.7,2992.5,2938.7,2940.3,
2019-10-02,2924.8,2924.8,2874.9,2887.6,
2019-10-03,2885.4,2911.1,2855.9,2910.6,
2019-10-04,2918.6,2953.7,2918.6,2952.0,
2019-10-07,2944.2,2959.8,2935.7,2938.8,
2019-10-08,2920.4,2925.5,2892.7,2893.1,
2019-10-09,2911.1,2929.3,2907.4,2919.4,
2019-10-10,2918.6,2948.5,2917.1,2938.1,
2019-10-11,2963.1,2993.3,2963.1,2970.3,
2019-10-14,2965.8,2972.8,2962.9,2966.1,
2019-10-15,2973.6,3003.3,2973.6,2995.7,
2019-10-16,2989.7,2997.5,2985.2,2989.7,
2019-10-17,3000.8,3008.3,2991.8,2997.9,
2019-10-18,2996.8,3000.0,2976.3,2986.2,
2019-10-21,2996.5,3007.3,2995.4,3006.7,
2019-10-22,3010.7,3014.6,2995.0,2996.0,
2019-10-23,2994.0,3004.8,2991.2,3004.5,
2019-10-24,3014.8,3016.1,3000.4,3010.3,
2019-10-25,3003.3,3027.4,3001.9,3022.6,
2019-10-28,3032.1,3044.1,3032.1,3039.4,
2019-10-29,3035.4,3047.9,3034.8,3036.9,
2019-10-30,3039.7,3050.1,3026.0,3046.8,
2019-10-31,3046.9,3046.9,3023.2,3037.6,
2019-11-01,3050.7,3066.9,3050.7,3066.9,
2019-11-04,3079.0,3085.2,3074.9,3078.3,
2019-11-05,3080.8,3083.9,3072.1,3074.6,
2019-11-06,3075.1,3078.3,3065.9,3076.8,
2019-11-07,3087.0,3097.8,3080.2,3085.2,
2019-11-08,3081.3,3093.1,3073.6,3093.1,
2019-11-11,3080.3,3088.3,3075.8,3087.0,
2019-11-12,3089.3,3102.6,3084.7,3091.8,
2019-11-13,3084.2,3098.1,3078.8,3094.0,
2019-11-14,3090.8,3098.2,3083.3,3096.6,
2019-11-15,3107.9,3120.5,3104.6,3120.5,
2019-11-18,3117.9,3124.2,3112.1,3122.0,
2019-11-19,3127.4,3127.6,3113.5,3120.2,
2019-11-20,3114.7,3119.0,3091.4,3108.5,
2019-11-21,3108.5,3110.1,3094.6,3103.5,
2019-11-22,3111.4,3112.9,3099.3,3110.3,
2019-11-25,3117.4,3133.8,3117.4,3133.6,
2019-11-26,3134.9,3142.7,3131.0,3140.5,
2019-11-27,3145.5,3154.3,3143.4,3153.6,
2019-11-28,3144.6,3151.6,3142.0,3151.1,
2019-11-29,3147.2,3150.3,3139.3,3141.0,
2019-12-02,3143.9,3144.3,3110.8,3113.9,
2019-12-03,3087.4,3095.0,3070.3,3093.2,
2019-12-04,3103.5,3119.4,3102.5,3112.8,
2019-12-05,3119.2,3119.4,3103.8,3117.4,
2019-12-06,3134.6,3150.6,3134.6,3145.9,
2019-12-09,3141.9,3148.9,3135.5,3136.0,
2019-12-10,3135.4,3142.1,3126.1,3132.5,
2019-12-11,3135.8,3144.0,3133.2,3141.6,
2019-12-12,3141.2,3176.3,3138.5,3168.6,
2019-12-13,3166.6,3182.7,3156.5,3168.8,
2019-12-16,3183.6,3197.7,3183.6,3191.4,
2019-12-17,3195.4,3198.2,3191.0,3192.5,
2019-12-18,3195.2,3198.5,3191.1,3191.1,
2019-12-19,3192.3,3205.5,3192.3,3205.4,
2019-12-20,3223.3,3225.6,3216.0,3221.2,
2019-12-23,3226.1,3227.8,3222.3,3224.0,
2019-12-24,3225.4,3226.4,3220.5,3223.4,
2019-12-25,3226.3,3228.1,3226.3,3227.4,
2019-12-26,3227.2,3240.1,3227.2,3239.9,
2019-12-27,3247.2,3247.9,3234.4,3240.0,
2019-12-30,3240.1,3240.9,3216.6,3221.3,
2019-12-31,3215.2,3231.7,3212.0,3230.8,
2020-01-01,3236.0,3240.6,3234.9,3237.6,
2020-01-02,3244.7,3258.1,3235.5,3257.9,
2020-01-03,3226.4,3246.1,3222.3,3234.9,
2020-01-06,3217.6,3246.8,3214.6,3246.3,
2020-01-07,3241.9,3244.9,3232.4,3237.2,
2020-01-08,3238.6,3267.1,3236.7,3253.1,
2020-01-09,3266.0,3275.6,3263.7,3274.7,
2020-01-10,3281.8,3283.0,3260.9,3265.4,
2020-01-13,3271.1,3288.1,3268.4,3288.1,
2020-01-14,3285.4,3294.3,3277.2,3283.1,
2020-01-15,3282.3,3298.7,3280.7,3289.3,
2020-01-16,3303.0,3317.1,3302.8,3316.8,
2020-01-17,3323.7,3329.9,3318.9,3329.6,
2020-01-20,3327.9,3328.4,3318.6,3322.9,
2020-01-21,3321.0,3329.8,3316.6,3320.8,
2020-01-22,3330.0,3337.8,3320.0,3321.8,
2020-01-23,3315.8,3326.9,3301.9,3325.5,
2020-01-24,3333.1,3333.2,3281.5,3295.5,
2020-01-27,3247.2,3258.9,3234.5,3243.6,
2020-01-28,3255.4,3285.8,3253.2,3276.2,
2020-01-29,3289.5,3293.5,3271.9,3273.4,
2020-01-30,3256.4,3285.9,3242.8,3283.7,
2020-01-31,3282.3,3282.3,3214.7,3225.5,
2020-02-03,3235.7,3268.4,3235.7,3248.9,
2020-02-04,3280.6,3306.9,3280.6,3297.6,
2020-02-05,3324.9,3337.6,3313.8,3334.7,
2020-02-06,3344.9,3348.0,3334.4,3345.8,
2020-02-07,3335.5,3341.4,3322.1,3327.7,
2020-02-10,3318.3,3352.3,3317.8,3352.1,
2020-02-11,3365.9,3375.6,3352.7,3357.8,
2020-02-12,3370.5,3381.5,3369.7,3379.4,
2020-02-13,3365.9,3385.1,3360.5,3373.9,
2020-02-14,3378.1,3380.7,3366.1,3380.2,
2020-02-16,3382.6,3389.4,3382.6,3387.4,
2020-02-17,3387.6,3392.4,3372.1,3376.0,
2020-02-18,3369.0,3375.0,3355.6,3370.3,
2020-02-19,3380.4,3393.5,3378.8,3386.1,
2020-02-20,3380.4,3389.1,3341.0,3373.2,
2020-02-21,3360.5,3360.8,3328.4,3337.8,
2020-02-24,3257.6,3259.8,3214.6,3225.9,
2020-02-25,3238.9,3247.0,3118.8,3128.2,
2020-02-26,3139.9,3182.5,3109.0,3116.4,
2020-02-27,3062.5,3097.1,2977.4,2978.8,
2020-02-28,2916.9,2959.7,2855.8,2954.2,
2020-03-02,2974.3,3091.0,2945.2,3090.2,
2020-03-03,3096.5,3136.7,2976.6,3003.4,
2020-03-04,3045.8,3131.0,3034.4,3130.1,
2020-03-05,3075.7,3083.0,2999.8,3023.9,
2020-03-06,2954.2,2985.9,2901.5,2972.4,
2020-03-09,2863.9,2863.9,2734.4,2746.6,
2020-03-10,2813.5,2882.6,2734.0,2882.2,
2020-03-11,2825.6,2825.6,2707.2,2741.4,
2020-03-12,2630.9,2660.9,2478.9,2480.6,
2020-03-13,2570.0,2711.3,2492.4,2711.0,
2020-03-16,2508.6,2563.0,2380.9,2386.1,
2020-03-17,2425.7,2553.9,2367.0,2529.2,
2020-03-18,2436.5,2453.6,2280.5,2398.1,
2020-03-19,2393.5,2467.0,2319.8,2409.4,
2020-03-20,2431.9,2453.0,2295.6,2304.9,
2020-03-23,2290.7,2300.7,2191.9,2237.4,
2020-03-24,2344.4,2449.7,2344.4,2447.3,
2020-03-25,2457.8,2571.4,2407.5,2475.6,
2020-03-26,2501.3,2637.0,2500.7,2630.1,
2020-03-27,2555.9,2615.9,2520.0,2541.5,
2020-03-30,2559.0,2631.8,2545.3,2626.6,
2020-03-31,2614.7,2641.4,2571.1,2584.6,
2020-04-01,2498.1,2522.8,2447.5,2470.5,
2020-04-02,2458.5,2533.2,2455.8,2526.9,
2020-04-03,2514.9,2538.2,2460.0,2488.6,
2020-04-06,2578.3,2676.9,2574.6,2663.7,
2020-04-07,2738.6,2756.9,2657.7,2659.4,
2020-04-08,2685.0,2760.8,2663.3,2750.0,
2020-04-09,2777.0,2818.6,2762.4,2789.8,
2020-04-10,2787.3,2787.3,2787.3,2787.3,
2020-04-13,2782.5,2782.5,2721.2,2761.6,
2020-04-14,2805.1,2851.9,2805.1,2846.1,
2020-04-15,2795.6,2801.9,2761.5,2783.4,
2020-04-16,2799.3,2806.5,2764.3,2799.6,
2020-04-17,2842.4,2879.2,2830.9,2874.6,
2020-04-20,2845.6,2869.0,2820.4,2823.2,
2020-04-21,2784.8,2785.5,2727.1,2736.6,
2020-04-22,2787.9,2815.1,2775.9,2799.3,
2020-04-23,2810.4,2844.9,2794.3,2797.8,
2020-04-24,2812.6,2842.7,2791.8,2836.7,
2020-04-27,2854.6,2887.7,2852.9,2878.5,
2020-04-28,2910.0,2921.1,2860.7,2863.4,
2020-04-29,2918.5,2954.9,2912.2,2939.5,
2020-04-30,2930.9,2930.9,2892.5,2912.4,
2020-05-01,2869.1,2869.1,2821.6,2830.7,
2020-05-04,2815.0,2844.2,2797.9,2842.7,
2020-05-05,2868.9,2898.2,2863.6,2868.4,
2020-05-06,2883.1,2891.1,2847.6,2848.4,
2020-05-07,2878.3,2901.9,2876.5,2881.2,
2020-05-08,2908.8,2932.2,2902.9,2929.8,
2020-05-11,2915.5,2944.3,2903.4,2930.3,
2020-05-12,2939.5,2945.8,2869.6,2870.1,
2020-05-13,2865.9,2874.1,2793.1,2820.0,
2020-05-14,2794.5,2852.8,2766.6,2852.5,
2020-05-15,2829.9,2865.0,2816.8,2863.7,
2020-05-18,2913.9,2968.1,2913.9,2953.9,
2020-05-19,2948.6,2964.2,2922.4,2922.9,
2020-05-20,2953.6,2980.3,2953.6,2971.6,
2020-05-21,2969.9,2978.5,2938.6,2948.5,
2020-05-22,2948.1,2956.8,2933.6,2955.4,
2020-05-24,2947.9,2968.6,2947.9,2967.1,
2020-05-25,2967.4,2989.9,2954.4,2982.1,
2020-05-26,3004.1,3021.7,2988.2,2991.8,
2020-05-27,3015.6,3036.3,2969.8,3036.1,
2020-05-28,3046.6,3068.7,3023.4,3029.7,
2020-05-29,3025.2,3049.2,2998.6,3044.3,
2020-06-01,3038.8,3062.2,3031.5,3055.7,
2020-06-02,3064.8,3081.1,3051.6,3080.8,
2020-06-03,3098.9,3130.9,3098.9,3122.9,
2020-06-04,3111.6,3128.9,3090.4,3112.4,
2020-06-05,3163.8,3211.7,3163.8,3193.9,
2020-06-08,3199.9,3233.1,3196.0,3232.4,
2020-06-09,3213.3,3222.7,3193.1,3207.2,
2020-06-10,3213.4,3223.3,3181.5,3190.1,
2020-06-11,3123.5,3123.5,2999.5,3002.1,
2020-06-12,3071.0,3088.4,2984.5,3041.3,
2020-06-15,2993.8,3079.8,2965.7,3066.6,
2020-06-16,3131.0,3153.4,3076.1,3124.7,
2020-06-17,3136.1,3141.2,3108.0,3113.5,
2020-06-18,3101.6,3120.0,3093.5,3115.3,
2020-06-19,3140.3,3155.5,3083.1,3097.7,
2020-06-22,3094.4,3120.9,3079.4,3117.9,
2020-06-23,3138.7,3154.9,3127.1,3131.3,
2020-06-24,3114.4,3115.0,3032.1,3050.3,
2020-06-25,3046.6,3086.3,3024.0,3083.8,
2020-06-26,3073.2,3073.7,3004.6,3009.1,
2020-06-29,3018.6,3053.9,2999.7,3053.2,
2020-06-30,3050.2,3111.5,3047.8,3100.3,
2020-07-01,3105.9,3128.4,3101.2,3115.9,
2020-07-02,3143.6,3165.8,3124.5,3130.0,
2020-07-03,3126.6,3138.6,3105.8,3115.6,
2020-07-06,3155.3,3182.6,3155.3,3179.7,
2020-07-07,3166.4,3184.1,3142.9,3145.3,
2020-07-08,3153.1,3171.8,3136.5,3169.9,
2020-07-09,3176.2,3179.8,3115.7,3152.1,
2020-07-10,3152.5,3186.8,3136.2,3185.0,
2020-07-13,3205.1,3235.3,3149.4,3155.2,
2020-07-14,3141.1,3200.9,3127.7,3197.5,
2020-07-15,3226.0,3238.3,3200.8,3226.6,
2020-07-16,3208.4,3220.4,3198.6,3215.6,
2020-07-17,3224.2,3233.5,3205.6,3224.7,
2020-07-20,3224.3,3258.6,3215.2,3251.8,
2020-07-21,3268.5,3277.3,3247.8,3257.3,
2020-07-22,3254.9,3279.3,3253.1,3276.0,
2020-07-23,3271.6,3280.0,3222.7,3235.7,
2020-07-24,3218.6,3227.3,3200.1,3215.6,
2020-07-27,3219.8,3241.4,3214.3,3239.4,
2020-07-28,3234.3,3243.7,3216.2,3218.4,
2020-07-29,3227.2,3264.7,3227.2,3258.4,
2020-07-30,3231.8,3250.9,3204.1,3246.2,
2020-07-31,3270.4,3272.2,3220.3,3271.1,
2020-08-03,3288.3,3302.7,3284.5,3294.6,
2020-08-04,3289.9,3306.8,3286.4,3306.5,
2020-08-05,3317.4,3330.8,3317.4,3327.8,
2020-08-06,3323.2,3351.0,3318.1,3349.2,
2020-08-07,3340.1,3352.5,3328.7,3351.3,
2020-08-10,3356.0,3363.3,3335.4,3360.5,
2020-08-11,3370.3,3381.0,3326.4,3333.7,
2020-08-12,3355.5,3387.9,3355.5,3380.4,
2020-08-13,3372.9,3387.2,3363.4,3373.4,
2020-08-14,3368.7,3378.5,3361.6,3372.9,
2020-08-17,3380.9,3387.6,3379.2,3382.0,
2020-08-18,3387.0,3395.1,3370.1,3389.8,
2020-08-19,3392.5,3399.5,3369.7,3374.9,
2020-08-20,3360.5,3390.8,3354.7,3385.5,
2020-08-21,3386.0,3400.0,3379.3,3397.2,
2020-08-24,3418.1,3432.1,3413.1,3431.3,
2020-08-25,3435.9,3444.2,3425.8,3443.6,
2020-08-26,3450.0,3481.1,3444.1,3478.7,
2020-08-27,3485.1,3501.4,3468.4,3484.6,
2020-08-28,3494.7,3509.2,3484.3,3508.0,
2020-08-31,3509.7,3514.8,3493.3,3500.3,
2020-09-01,3507.4,3528.0,3494.6,3526.6,
2020-09-02,3543.8,3588.1,3535.2,3580.8,
2020-09-03,3564.7,3564.9,3427.4,3455.1,
2020-09-04,3453.6,3479.1,3349.6,3427.0,
2020-09-06,3414.8,3421.3,3382.0,3405.4,
2020-09-07,3406.0,3443.4,3392.3,3439.9,
2020-09-08,3371.9,3380.0,3329.3,3331.8,
2020-09-09,3369.8,3424.8,3366.8,3399.0,
2020-09-10,3412.6,3425.6,3329.3,3339.2,
2020-09-11,3352.7,3368.9,3310.5,3341.0,
2020-09-14,3363.6,3402.9,3363.6,3383.5,
2020-09-15,3407.7,3419.5,3389.3,3401.2,
2020-09-16,3411.2,3428.9,3384.4,3385.5,
2020-09-17,3346.9,3375.2,3328.8,3357.0,
2020-09-18,3357.4,3362.3,3292.4,3319.5,
2020-09-21,3285.6,3285.6,3229.1,3281.1,
2020-09-22,3295.8,3320.3,3270.9,3315.6,
2020-09-23,3320.1,3323.4,3232.6,3236.9,
2020-09-24,3226.1,3278.7,3209.4,3246.6,
2020-09-25,3236.7,3306.9,3228.4,3298.5,
2020-09-28,3333.9,3360.7,3332.9,3351.6,
2020-09-29,3350.9,3357.9,3327.5,3335.5,
2020-09-30,3341.2,3393.6,3340.5,3363.0,
2020-10-01,3385.9,3397.2,3361.4,3380.8,
2020-10-02,3338.9,3369.1,3323.7,3348.4,
2020-10-05,3367.3,3409.6,3367.3,3408.6,
2020-10-06,3408.7,3431.6,3354.5,3360.9,
2020-10-07,3384.6,3426.3,3384.6,3419.4,
2020-10-08,3434.3,3447.3,3428.1,3446.8,
2020-10-09,3459.7,3482.3,3458.1,3477.1,
2020-10-12,3500.0,3549.9,3499.6,3534.2,
2020-10-13,3534.0,3534.0,3500.9,3511.9,
2020-10-14,3515.5,3527.9,3480.6,3488.7,
2020-10-15,3453.7,3489.1,3440.9,3483.3,
2020-10-16,3493.5,3515.8,3480.4,3483.8,
2020-10-19,3493.7,3502.4,3419.9,3426.9,
2020-10-20,3439.4,3476.9,3435.6,3443.1,
2020-10-21,3439.9,3464.9,3433.1,3435.6,
2020-10-22,3438.5,3460.5,3415.3,3453.5,
2020-10-23,3464.9,3466.5,3440.4,3465.4,
2020-10-26,3441.4,3441.4,3364.9,3401.0,
2020-10-27,3403.1,3409.5,3388.7,3390.7,
2020-10-28,3342.5,3342.5,3268.9,3271.0,
2020-10-29,3277.2,3341.1,3259.8,3310.1,
2020-10-30,3293.6,3304.9,3233.9,3270.0,
2020-11-02,3296.2,3330.1,3279.7,3310.2,
2020-11-03,3336.3,3389.5,3336.3,3369.2,
2020-11-04,3406.5,3486.3,3405.2,3443.4,
2020-11-05,3485.7,3529.1,3485.7,3510.4,
2020-11-06,3508.3,3521.6,3484.3,3509.4,
2020-11-09,3583.0,3646.0,3547.5,3550.5,
2020-11-10,3543.3,3557.2,3511.9,3545.5,
2020-11-11,3563.2,3581.2,3557.0,3572.7,
2020-11-12,3562.7,3569.0,3518.6,3537.0,
2020-11-13,3552.6,3593.7,3552.6,3585.1,
2020-11-16,3600.2,3628.5,3600.2,3626.9,
2020-11-17,3610.3,3623.1,3588.7,3609.5,
2020-11-18,3612.1,3619.1,3567.3,3567.8,
2020-11-19,3559.4,3585.2,3543.8,3581.9,
2020-11-20,3579.3,3581.2,3556.9,3557.5,
2020-11-23,3566.8,3589.8,3552.8,3577.6,
2020-11-24,3594.5,3642.3,3594.5,3635.4,
2020-11-25,3635.5,3635.5,3617.8,3629.6,
2020-11-26,3631.6,3638.6,3614.1,3620.8,
2020-11-27,3638.6,3644.3,3629.3,3638.4,
2020-11-30,3634.2,3634.2,3594.4,3621.6,
2020-12-01,3645.9,3678.4,3645.9,3662.4,
2020-12-02,3653.8,3671.0,3644.8,3669.0,
2020-12-03,3668.3,3682.7,3657.2,3666.7,
2020-12-04,3670.9,3699.2,3670.9,3699.1,
2020-12-07,3694.7,3697.4,3678.9,3692.0,
2020-12-08,3683.1,3708.4,3678.8,3702.3,
2020-12-09,3706.0,3712.4,3660.5,3672.8,
2020-12-10,3659.1,3678.5,3645.2,3668.1,
2020-12-11,3656.1,3665.9,3633.4,3663.5,
2020-12-14,3675.3,3697.6,3645.8,3647.5,
2020-12-15,3666.4,3695.3,3659.6,3694.6,
2020-12-16,3696.3,3711.3,3688.6,3701.2,
2020-12-17,3713.6,3725.1,3710.9,3722.5,
2020-12-18,3722.4,3726.7,3685.8,3709.4,
2020-12-21,3684.3,3702.9,3636.5,3694.9,
2020-12-22,3698.1,3698.3,3676.2,3687.3,
2020-12-23,3693.4,3711.2,3689.3,3690.0,
2020-12-24,3694.0,3703.8,3689.3,3703.1,
2020-12-28,3723.0,3740.5,3723.0,3735.4,
2020-12-29,3750.0,3756.1,3723.3,3727.0,
2020-12-30,3736.2,3744.6,3730.2,3732.0,
2020-12-31,3733.3,3760.2,3726.9,3756.1,
2021-01-01,3748.8,3748.8,3748.8,3748.8,
2021-01-04,3764.6,3770.0,3662.7,3700.6,
2021-01-05,3698.0,3737.8,3695.1,3726.9,
2021-01-06,3712.2,3783.0,3705.3,3748.1,
2021-01-07,3764.7,3811.6,3764.7,3803.8,
2021-01-08,3815.1,3826.7,3783.6,3824.7,
2021-01-11,3803.1,3817.9,3789.0,3799.6,
2021-01-12,3801.6,3810.8,3776.5,3801.2,
2021-01-13,3802.2,3821.0,3791.5,3809.8,
2021-01-14,3815.0,3823.6,3792.9,3795.5,
2021-01-15,3788.7,3788.7,3749.6,3768.3,
2021-01-17,3745.4,3759.9,3745.4,3750.0,
2021-01-18,3749.4,3773.4,3743.0,3773.1,
2021-01-19,3781.9,3804.5,3780.4,3798.9,
2021-01-20,3816.2,3859.8,3816.2,3851.9,
2021-01-21,3857.5,3861.4,3845.1,3853.1,
2021-01-22,3844.2,3852.3,3830.4,3841.5,
2021-01-25,3851.7,3859.2,3797.2,3855.4,
2021-01-26,3863.0,3870.9,3847.8,3849.6,
2021-01-27,3836.8,3836.8,3732.5,3750.8,
2021-01-28,3755.8,3830.5,3755.8,3787.4,
2021-01-29,3778.1,3778.1,3694.1,3714.2,
2021-02-01,3731.2,3784.3,3725.6,3773.9,
2021-02-02,3791.8,3843.1,3791.8,3826.3,
2021-02-03,3840.3,3847.5,3816.7,3830.2,
2021-02-04,3836.7,3872.4,3836.7,3871.7,
2021-02-05,3878.3,3894.6,3874.9,3886.8,
2021-02-08,3892.6,3915.8,3892.6,3915.6,
2021-02-09,3910.5,3918.4,3902.6,3911.2,
2021-02-10,3920.8,3931.5,3884.9,3909.9,
2021-02-11,3916.4,3926.0,3890.4,3916.4,
2021-02-12,3911.6,3937.2,3905.8,3934.8,
2021-02-14,3935.5,3939.9,3935.5,3936.4,
2021-02-15,3936.4,3951.9,3935.9,3947.4,
2021-02-16,3939.6,3950.4,3923.9,3932.6,
2021-02-17,3918.5,3933.6,3900.4,3931.3,
2021-02-18,3915.9,3922.0,3885.0,3914.0,
2021-02-19,3921.2,3930.4,3903.1,3906.7,
2021-02-22,3885.6,3902.9,3874.7,3876.5,
2021-02-23,3857.1,3896.0,3805.6,3881.4,
2021-02-24,3873.7,3928.6,3859.6,3925.4,
2021-02-25,3915.8,3925.0,3814.0,3829.3,
2021-02-26,3839.7,3861.1,3789.5,3811.1,
2021-03-01,3842.5,3914.5,3842.5,3901.8,
2021-03-02,3903.6,3906.4,3868.6,3870.3,
2021-03-03,3864.0,3874.5,3818.9,3819.7,
2021-03-04,3818.5,3843.7,3723.3,3768.5,
2021-03-05,3793.6,3851.7,3730.2,3841.9,
2021-03-08,3844.4,3881.1,3819.3,3821.4,
2021-03-09,3851.9,3903.8,3851.9,3875.4,
2021-03-10,3892.0,3917.4,3885.7,3898.8,
2021-03-11,3915.5,3960.3,3915.5,3939.3,
2021-03-12,3924.5,3945.0,3915.2,3943.3,
2021-03-15,3943.0,3970.1,3923.5,3968.9,
2021-03-16,3973.6,3981.0,3953.4,3962.7,
2021-03-17,3949.6,3983.9,3935.7,3974.1,
2021-03-18,3953.5,3969.6,3910.9,3915.5,
2021-03-19,3913.1,3930.1,3886.8,3913.1,
2021-03-22,3916.5,3955.3,3914.2,3940.6,
2021-03-23,3937.6,3949.1,3901.6,3910.5,
2021-03-24,3919.9,3942.1,3889.1,3889.1,
2021-03-25,3879.3,3919.5,3853.5,3909.5,
2021-03-26,3917.1,3978.2,3917.1,3974.5,
2021-03-29,3969.3,3981.8,3943.3,3971.1,
2021-03-30,3963.3,3968.0,3944.4,3958.6,
2021-03-31,3967.3,3994.4,3967.0,3972.9,
2021-04-01,3992.8,4020.6,3992.8,4019.9,
2021-04-02,4014.5,4038.0,4012.5,4067.8,
2021-04-05,4034.4,4083.4,4034.4,4077.9,
2021-04-06,4075.6,4086.2,4068.1,4073.9,
2021-04-07,4074.3,4083.1,4068.3,4079.9,
2021-04-08,4089.9,4098.2,4082.5,4097.2,
2021-04-09,4096.1,4129.5,4095.5,4128.8,
2021-04-12,4124.7,4131.8,4114.8,4128.0,
2021-04-13,4130.1,4148.0,4124.4,4141.6,
2021-04-14,4141.6,4151.7,4120.9,4124.7,
2021-04-15,4139.8,4173.5,4139.8,4170.4,
2021-04-16,4174.1,4191.3,4170.8,4185.5,
2021-04-19,4179.8,4180.8,4150.5,4163.3,
2021-04-20,4159.2,4159.2,4118.4,4134.9,
2021-04-21,4128.4,4175.0,4126.4,4173.4,
2021-04-22,4170.5,4179.6,4123.7,4135.0,
2021-04-23,4138.8,4194.2,4138.8,4180.2,
2021-04-26,4185.0,4194.2,4182.4,4187.6,
2021-04-27,4188.3,4193.4,4176.2,4186.7,
2021-04-28,4185.1,4201.5,4181.8,4183.2,
2021-04-29,4206.1,4218.8,4176.8,4211.5,
2021-04-30,4198.1,4198.1,4174.9,4181.2,
2021-05-03,4192.0,4209.4,4188.0,4192.7,
2021-05-04,4179.0,4179.0,4128.6,4164.7,
2021-05-05,4177.1,4187.7,4160.9,4167.6,
2021-05-06,4169.1,4202.7,4147.3,4201.6,
2021-05-07,4210.3,4238.0,4201.6,4232.6,
2021-05-10,4228.3,4236.4,4188.1,4188.4,
2021-05-11,4150.3,4162.0,4111.5,4152.1,
2021-05-12,4130.5,4134.7,4056.9,4063.0,
2021-05-13,4075.0,4131.6,4075.0,4112.5,
2021-05-14,4129.6,4183.1,4129.6,4173.9,
2021-05-17,4169.9,4171.9,4142.7,4163.3,
2021-05-18,4165.9,4169.1,4126.0,4127.8,
2021-05-19,4098.5,4116.9,4061.4,4115.7,
2021-05-20,4122.0,4172.8,4122.0,4159.1,
2021-05-21,4168.6,4188.7,4151.7,4155.9,
2021-05-24,4170.2,4209.5,4170.2,4197.0,
2021-05-25,4205.9,4213.4,4182.5,4188.1,
2021-05-26,4191.6,4202.6,4184.1,4196.0,
2021-05-27,4201.9,4213.4,4197.8,4200.9,
2021-05-28,4210.8,4218.4,4203.6,4204.1,
2021-05-30,4203.3,4210.4,4203.1,4207.4,
2021-05-31,4206.9,4209.9,4190.4,4200.6,
2021-06-01,4216.5,4234.1,4197.6,4202.0,
2021-06-02,4206.8,4217.4,4198.3,4208.1,
2021-06-03,4191.4,4204.4,4167.9,4192.9,
2021-06-04,4206.0,4233.5,4206.0,4229.9,
2021-06-07,4229.3,4232.3,4215.7,4226.5,
2021-06-08,4233.8,4236.7,4208.4,4227.3,
2021-06-09,4233.0,4237.1,4218.7,4219.5,
2021-06-10,4228.6,4249.7,4220.3,4239.2,
2021-06-11,4242.9,4248.4,4232.3,4247.4,
2021-06-14,4248.3,4255.6,4234.1,4255.1,
2021-06-15,4255.3,4257.2,4238.4,4246.6,
2021-06-16,4248.9,4251.9,4202.5,4223.7,
2021-06-17,4220.4,4232.3,4196.0,4221.9,
2021-06-18,4204.8,4204.8,4164.4,4166.5,
2021-06-21,4173.4,4226.2,4173.4,4224.8,
2021-06-22,4224.6,4255.8,4217.3,4246.4,
2021-06-23,4249.3,4256.6,4241.4,4241.8,
2021-06-24,4257.0,4271.3,4257.0,4266.5,
2021-06-25,4274.5,4286.1,4271.2,4280.7,
2021-06-28,4284.9,4292.1,4274.7,4290.6,
2021-06-29,4293.2,4300.5,4287.0,4291.8,
2021-06-30,4290.6,4302.4,4288.0,4297.5,
2021-07-01,4300.7,4320.7,4300.7,4319.9,
2021-07-02,4326.6,4355.4,4326.6,4352.3,
2021-07-04,4338.8,4342.6,4338.3,4339.1,
2021-07-05,4339.4,4347.4,4333.1,4346.4,
2021-07-06,4356.5,4356.5,4314.4,4343.5,
2021-07-07,4351.0,4361.9,4329.8,4358.1,
2021-07-08,4321.1,4330.9,4289.4,4320.8,
2021-07-09,4329.4,4371.6,4329.4,4369.5,
2021-07-12,4372.4,4386.7,4364.0,4384.6,
2021-07-13,4381.1,4392.4,4366.9,4369.2,
2021-07-14,4380.1,4393.7,4362.4,4374.3,
2021-07-15,4369.0,4369.0,4340.7,4360.0,
2021-07-16,4367.4,4375.1,4322.5,4327.2,
2021-07-18,4327.5,4328.5,4311.7,4316.0,
2021-07-19,4316.2,4317.5,4233.0,4270.3,
2021-07-20,4270.0,4337.0,4261.5,4332.8,
2021-07-21,4332.6,4364.9,4318.3,4362.4,
2021-07-22,4361.9,4379.7,4350.0,4377.5,
2021-07-23,4377.3,4415.3,4375.8,4406.9,
2021-07-26,4403.7,4424.6,4383.7,4419.6,
2021-07-27,4419.4,4420.6,4372.5,4399.9,
2021-07-28,4399.7,4415.6,4387.3,4401.7,
2021-07-29,4401.4,4430.2,4387.9,4394.1,
2021-07-30,4393.6,4412.3,4377.8,4402.1,
2021-08-01,4404.8,4415.9,4403.0,4414.2,
2021-08-02,4413.9,4426.7,4385.0,4394.0,
2021-08-03,4393.8,4424.3,4373.2,4415.8,
2021-08-04,4416.0,4422.6,4399.8,4405.1,
2021-08-05,4405.3,4429.9,4401.6,4423.9,
2021-08-06,4424.1,4440.1,4423.4,4437.5,
2021-08-08,4435.1,4435.5,4419.5,4421.8,
2021-08-09,4421.5,4438.7,4419.1,4432.3,
2021-08-10,4432.1,4445.4,4423.6,4434.3,
2021-08-11,4434.4,4449.8,4427.6,4445.0,
2021-08-12,4444.8,4462.0,4436.2,4458.1,
2021-08-13,4458.6,4468.8,4456.8,4465.8,
2021-08-15,4462.9,4464.5,4460.9,4463.3,
2021-08-16,4463.5,4481.5,4438.0,4476.1,
2021-08-17,4476.0,4476.5,4417.5,4437.9,
2021-08-18,4438.4,4454.0,4386.6,4396.2,
2021-08-19,4396.0,4418.6,4352.5,4398.6,
2021-08-20,4399.1,4444.5,4376.1,4442.1,
2021-08-22,4439.1,4446.3,4437.6,4444.0,
2021-08-23,4443.8,4489.9,4443.4,4487.2,
2021-08-24,4487.5,4495.8,4480.8,4485.7,
2021-08-25,4485.4,4502.1,4480.4,4496.1,
2021-08-26,4496.3,4496.6,4468.2,4469.7,
2021-08-27,4469.2,4513.4,4465.9,4510.7,
2021-08-29,4511.1,4516.5,4509.4,4514.3,
2021-08-30,4514.3,4537.6,4504.3,4529.8,
2021-08-31,4529.8,4544.6,4516.2,4530.3,
2021-09-01,4530.8,4542.0,4522.1,4525.2,
2021-09-02,4524.9,4545.8,4517.9,4536.0,
2021-09-03,4536.7,4546.9,4521.4,4535.0,
2021-09-05,4535.4,4536.0,4529.4,4529.7,
2021-09-06,4529.4,4549.4,4525.4,4540.7,
2021-09-07,4540.6,4542.4,4512.9,4515.8,
2021-09-08,4515.8,4525.5,4493.8,4508.3,
2021-09-09,4509.1,4529.9,4487.3,4491.9,
2021-09-10,4492.4,4519.1,4457.7,4462.1,
2021-09-12,4462.0,4476.8,4462.0,4475.8,
2021-09-13,4476.0,4493.8,4445.8,4475.6,
2021-09-14,4475.3,4488.8,4435.3,4450.7,
2021-09-15,4450.5,4486.6,4437.8,4484.2,
2021-09-16,4483.9,4487.0,4443.0,4467.1,
2021-09-17,4466.9,4481.9,4418.1,4418.9,
2021-09-19,4422.9,4427.4,4415.6,4426.9,
2021-09-20,4427.6,4428.9,4305.6,4366.9,
2021-09-21,4366.9,4406.4,4341.6,4342.1,
2021-09-22,4341.6,4416.8,4332.2,4403.1,
2021-09-23,4403.3,4465.6,4401.8,4451.8,
2021-09-24,4451.8,4463.5,4421.6,4456.4,
2021-09-26,4457.3,4464.4,4456.3,4462.7,
2021-09-27,4462.9,4482.4,4435.8,4440.1,
2021-09-28,4440.3,4451.8,4346.3,4365.5,
2021-09-29,4365.2,4388.7,4354.8,4372.1,
2021-09-30,4371.9,4397.9,4305.2,4316.2,
2021-10-01,4315.5,4375.5,4270.8,4361.4,
2021-10-03,4358.5,4372.0,4357.5,4368.1,
2021-10-04,4367.5,4368.6,4278.8,4303.6,
2021-10-05,4303.7,4369.5,4279.7,4338.3,
2021-10-06,4338.5,4380.6,4284.1,4374.9,
2021-10-07,4374.4,4430.3,4372.1,4409.6,
2021-10-08,4408.8,4416.6,4385.8,4389.6,
2021-10-10,4391.2,4396.7,4362.4,4367.7,
2021-10-11,4366.2,4416.0,4351.7,4357.7,
2021-10-12,4358.2,4374.7,4327.6,4337.8,
2021-10-13,4338.4,4373.7,4329.6,4371.6,
2021-10-14,4371.1,4447.1,4371.1,4445.4,
2021-10-15,4445.4,4476.0,4435.4,4473.2,
2021-10-17,4475.8,4478.1,4461.1,4461.3,
2021-10-18,4461.8,4488.8,4445.1,4486.8,
2021-10-19,4486.8,4526.2,4481.5,4524.6,
2021-10-20,4525.4,4540.8,4513.4,4529.0,
2021-10-21,4529.3,4551.8,4518.8,4538.3,
2021-10-22,4538.8,4559.7,4524.1,4538.1,
2021-10-24,4538.0,4540.6,4531.0,4534.0,
2021-10-25,4534.2,4575.6,4534.1,4575.1,
2021-10-26,4576.3,4598.4,4569.3,4578.0,
2021-10-27,4577.6,4584.6,4552.5,4561.8,
2021-10-28,4562.0,4598.0,4553.5,4582.5,
2021-10-29,4583.0,4610.6,4567.5,4609.1,
2021-10-31,4616.0,4620.4,4610.4,4617.8,
2021-11-01,4618.2,4626.9,4594.8,4611.6,
2021-11-02,4611.5,4635.1,4601.5,4627.0,
2021-11-03,4627.3,4667.7,4621.3,4666.7,
2021-11-04,4666.5,4684.2,4658.2,4683.9,
2021-11-05,4683.7,4718.3,4674.7,4692.4,
2021-11-07,4685.7,4696.5,4685.7,4691.4,
2021-11-08,4691.0,4714.2,4683.7,4695.8,
2021-11-09,4696.1,4707.2,4670.6,4677.7,
2021-11-10,4677.8,4686.1,4631.0,4647.3,
2021-11-11,4647.8,4666.8,4646.5,4656.4,
2021-11-12,4656.4,4690.5,4649.7,4686.8,
2021-11-14,4688.4,4694.5,4688.4,4690.0,
2021-11-15,4690.3,4702.5,4673.0,4685.1,
2021-11-16,4685.4,4715.0,4675.9,4703.3,
2021-11-17,4702.9,4704.9,4684.4,4692.0,
2021-11-18,4691.9,4710.9,4672.2,4708.8,
2021-11-19,4708.6,4727.2,4688.4,4701.2,
2021-11-21,4704.1,4707.8,4700.8,4700.8,
2021-11-22,4700.9,4743.7,4677.7,4688.4,
2021-11-23,4688.7,4699.0,4652.7,4685.2,
2021-11-24,4685.7,4705.9,4659.9,4704.8,
2021-11-25,4704.9,4719.9,4689.4,4690.7,
2021-11-26,4690.7,4690.9,4581.5,4582.6,
2021-11-28,4593.3,4634.0,4593.3,4629.0,
2021-11-29,4629.1,4673.1,4623.4,4665.6,
2021-11-30,4665.8,4670.1,4560.3,4586.1,
2021-12-01,4586.6,4653.2,4501.3,4528.5,
2021-12-02,4529.1,4595.7,4507.8,4563.3,
2021-12-03,4563.3,4607.6,4494.7,4533.6,
2021-12-05,4545.3,4560.8,4538.0,4559.0,
2021-12-06,4559.1,4612.8,4533.8,4594.8,
2021-12-07,4595.5,4698.7,4589.0,4691.1,
2021-12-08,4690.9,4713.0,4674.4,4697.9,
2021-12-09,4697.8,4707.4,4663.6,4673.3,
2021-12-10,4674.0,4713.4,4665.3,4712.9,
2021-12-12,4713.6,4721.9,4713.6,4720.7,
2021-12-13,4720.6,4731.9,4665.8,4674.1,
2021-12-14,4674.5,4686.1,4606.4,4636.4,
2021-12-15,4636.9,4721.0,4611.4,4717.0,
2021-12-16,4716.9,4752.0,4651.4,4666.7,
2021-12-17,4667.2,4676.5,4600.5,4629.6,
2021-12-19,4622.9,4631.0,4593.5,4594.6,
2021-12-20,4595.6,4601.9,4530.9,4588.4,
2021-12-21,4588.6,4652.5,4575.9,4647.0,
2021-12-22,4647.3,4702.6,4632.6,4700.8,
2021-12-23,4700.1,4740.5,4694.7,4726.4,
2021-12-26,4729.1,4734.4,4727.4,4732.1,
2021-12-27,4732.5,4792.8,4722.9,4787.1,
2021-12-28,4787.6,4806.8,4779.7,4794.7,
2021-12-29,4795.0,4803.7,4778.8,4788.7,
2021-12-30,4788.5,4808.5,4776.2,4781.3,
2021-12-31,4781.6,4786.8,4759.7,4777.8,
2022-01-02,4779.4,4785.2,4779.4,4783.0,
2022-01-03,4783.5,4798.9,4756.6,4792.2,
2022-01-04,4792.6,4817.9,4774.2,4787.2,
2022-01-05,4787.2,4797.2,4691.1,4707.0,
2022-01-06,4707.3,4725.1,4671.4,4707.7,
2022-01-07,4707.8,4714.1,4662.7,4676.2,
2022-01-09,4679.4,4682.0,4659.3,4666.3,
2022-01-10,4666.5,4690.1,4581.4,4674.8,
2022-01-11,4674.3,4716.1,4636.8,4712.8,
2022-01-12,4712.5,4748.7,4704.2,4725.6,
2022-01-13,4726.1,4744.7,4650.4,4662.8,
2022-01-14,4662.8,4674.6,4614.9,4671.8,
2022-01-16,4676.8,4678.6,4662.3,4664.7,
2022-01-17,4664.5,4674.2,4647.0,4664.9,
2022-01-18,4665.7,4669.9,4568.9,4576.6,
2022-01-19,4576.8,4610.9,4523.5,4524.0,
2022-01-20,4525.7,4602.5,4446.3,4470.2,
2022-01-21,4470.6,4494.6,4390.5,4392.5,
2022-01-23,4396.8,4422.9,4394.8,4422.6,
2022-01-24,4422.1,4435.2,4221.8,4410.3,
2022-01-25,4411.4,4412.9,4286.1,4366.2,
2022-01-26,4365.9,4454.4,4304.6,4374.5,
2022-01-27,4374.0,4429.3,4273.0,4343.9,
2022-01-28,4342.6,4433.9,4274.9,4428.4,
2022-01-30,4431.6,4435.7,4411.1,4420.6,
2022-01-31,4420.3,4516.2,4403.9,4502.4,
2022-02-01,4502.9,4563.9,4484.1,4560.4,
2022-02-02,4560.5,4594.8,4539.2,4540.1,
2022-02-03,4540.1,4552.9,4471.4,4526.9,
2022-02-04,4527.2,4540.0,4447.2,4492.6,
2022-02-06,4507.3,4508.0,4496.7,4507.0,
2022-02-07,4507.1,4522.5,4471.2,4495.0,
2022-02-08,4495.2,4533.5,4465.2,4532.7,
2022-02-09,4532.7,4592.1,4525.5,4586.5,
2022-02-10,4586.5,4590.3,4484.2,4491.9,
2022-02-11,4492.2,4527.4,4401.4,4425.1,
2022-02-13,4419.3,4427.3,4408.1,4424.1,
2022-02-14,4424.6,4433.9,4361.0,4409.7,
2022-02-15,4410.5,4474.4,4388.1,4458.9,
2022-02-16,4458.4,4489.8,4429.6,4466.9,
2022-02-17,4466.7,4473.4,4373.0,4383.6,
2022-02-18,4383.4,4416.6,4326.7,4349.6,
2022-02-20,4328.5,4339.0,4322.0,4327.7,
2022-02-21,4327.5,4396.4,4255.5,4278.1,
2022-02-22,4277.4,4363.5,4265.9,4329.2,
2022-02-23,4329.6,4350.4,4213.9,4222.9,
2022-02-24,4223.2,4295.2,4106.8,4266.1,
2022-02-25,4265.8,4388.4,4233.0,4386.8,
2022-02-27,4298.1,4308.4,4259.1,4289.2,
2022-02-28,4288.6,4388.8,4264.2,4381.5,
2022-03-01,4381.5,4402.4,4279.8,4321.0,
2022-03-02,4321.5,4400.9,4282.4,4378.3,
2022-03-03,4378.9,4421.6,4345.2,4374.6,
2022-03-04,4375.6,4376.9,4284.6,4322.4,
2022-03-06,4306.3,4306.3,4266.0,4272.2,
2022-03-07,4271.8,4327.6,4184.0,4188.7,
2022-03-08,4188.9,4277.0,4142.8,4171.3,
2022-03-09,4172.0,4299.4,4167.1,4278.0,
2022-03-10,4278.3,4283.2,4209.4,4265.1,
2022-03-11,4265.9,4336.4,4199.4,4206.9,
2022-03-13,4227.0,4236.0,4216.9,4233.1,
2022-03-14,4232.7,4254.2,4161.3,4181.8,
2022-03-15,4181.6,4271.0,4137.9,4256.8,
2022-03-16,4256.6,4374.8,4247.4,4365.0,
2022-03-17,4364.8,4415.6,4329.3,4388.7,
2022-03-18,4388.9,4474.7,4373.2,4474.2,
2022-03-20,4468.7,4472.7,4460.7,4461.4,
2022-03-21,4461.7,4482.2,4424.1,4453.8,
2022-03-22,4453.1,4521.7,4441.5,4517.6,
2022-03-23,4517.4,4521.9,4453.1,4460.2,
2022-03-24,4460.3,4524.4,4453.8,4517.7,
2022-03-25,4517.8,4546.1,4501.1,4542.8,
2022-03-27,4542.7,4546.6,4534.0,4534.4,
2022-03-28,4533.5,4579.1,4517.4,4574.4,
2022-03-29,4575.2,4637.3,4572.2,4627.5,
2022-03-30,4627.2,4633.0,4580.7,4604.2,
2022-03-31,4604.4,4620.0,4532.9,4547.7,
2022-04-01,4548.0,4560.4,4507.4,4543.7,
2022-04-03,4544.7,4545.2,4534.8,4536.4,
2022-04-04,4536.9,4585.7,4533.6,4578.8,
2022-04-05,4579.0,4593.7,4514.9,4528.2,
2022-04-06,4528.2,4533.4,4449.8,4466.0,
2022-04-07,4465.2,4521.2,4450.3,4507.2,
2022-04-08,4506.4,4524.3,4474.6,4488.0,
2022-04-10,4493.7,4495.7,4481.1,4481.3,
2022-04-11,4481.0,4485.9,4408.6,4411.3,
2022-04-12,4411.3,4470.9,4380.8,4410.3,
2022-04-13,4410.0,4453.9,4388.4,4443.0,
2022-04-14,4443.3,4460.4,4389.9,4393.8,
2022-04-17,4393.6,4393.6,4362.1,4363.2,
2022-04-18,4362.9,4415.8,4361.6,4415.6,
2022-04-19,4414.8,4470.7,4376.7,4447.8,
2022-04-20,4447.3,4488.4,4437.4,4475.3,
2022-04-21,4475.3,4512.7,4380.5,4381.9,
2022-04-22,4381.8,4396.9,4252.8,4256.3,
2022-04-24,4264.8,4272.1,4255.2,4263.6,
2022-04-25,4263.6,4301.0,4200.3,4295.1,
2022-04-26,4295.0,4308.1,4142.2,4178.6,
2022-04-27,4178.9,4241.2,4163.1,4217.8,
2022-04-28,4217.2,4308.5,4188.1,4250.4,
2022-04-29,4250.9,4284.6,4124.4,4141.8,
2022-05-01,4146.0,4152.4,4122.1,4137.0,
2022-05-02,4136.9,4169.9,4062.1,4153.8,
2022-05-03,4153.3,4200.6,4134.6,4181.5,
2022-05-04,4181.5,4307.6,4148.7,4292.4,
2022-05-05,4292.6,4305.4,4105.5,4152.8,
2022-05-06,4153.3,4157.8,4067.9,4117.3,
2022-05-08,4095.3,4103.5,4080.0,4085.2,
2022-05-09,4085.2,4098.0,3975.1,4004.0,
2022-05-10,4004.2,4069.5,3958.2,3996.7,
2022-05-11,3996.4,4055.2,3929.1,3945.9,
2022-05-12,3945.8,3964.8,3859.0,3945.5,
2022-05-13,3945.3,4039.0,3941.5,4018.0,
2022-05-15,4028.2,4045.2,4022.6,4039.3,
2022-05-16,4039.1,4046.7,3983.5,4011.5,
2022-05-17,4011.8,4097.5,4006.8,4088.1,
2022-05-18,4088.3,4091.6,3900.7,3900.9,
2022-05-19,3899.3,3945.9,3858.9,3910.8,
2022-05-20,3911.9,3952.2,3810.2,3904.3,
2022-05-22,3925.5,3939.9,3920.8,3938.4,
2022-05-23,3938.4,3984.3,3909.1,3950.0,
2022-05-24,3949.2,3965.5,3874.8,3960.7,
2022-05-25,3959.3,3999.5,3917.0,3971.5,
2022-05-26,3970.9,4075.1,3962.5,4058.3,
2022-05-27,4058.2,4169.8,4043.4,4169.4,
2022-05-29,4166.8,4174.8,4159.7,4169.6,
2022-05-30,4169.3,4204.1,4163.2,4179.4,
2022-05-31,4179.7,4180.7,4105.3,4149.2,
2022-06-01,4149.6,4166.0,4073.9,4088.8,
2022-06-02,4088.8,4189.8,4074.1,4182.7,
2022-06-03,4182.5,4185.0,4098.4,4110.1,
2022-06-05,4114.9,4118.0,4106.0,4110.1,
2022-06-06,4109.0,4169.0,4106.2,4122.5,
2022-06-07,4122.5,4164.5,4077.3,4147.8,
2022-06-08,4147.7,4160.4,4106.9,4119.0,
2022-06-09,4119.8,4144.3,4016.8,4023.4,
2022-06-10,4023.9,4030.8,3897.8,3908.8,
2022-06-12,3872.3,3877.4,3860.8,3863.2,
2022-06-13,3863.8,3864.3,3734.3,3759.1,
2022-06-14,3758.9,3803.9,3705.3,3756.3,
2022-06-15,3756.3,3838.0,3721.0,3816.3,
2022-06-16,3816.1,3828.2,3639.5,3674.3,
2022-06-17,3674.6,3709.7,3636.8,3680.1,
2022-06-19,3681.4,3704.7,3681.4,3702.5,
2022-06-20,3702.4,3721.0,3659.5,3713.4,
2022-06-21,3713.4,3780.0,3709.6,3760.8,
2022-06-22,3761.3,3801.5,3690.8,3740.9,
2022-06-23,3740.4,3802.7,3731.6,3782.2,
2022-06-24,3782.9,3914.9,3778.9,3909.1,
2022-06-26,3912.0,3917.5,3896.2,3896.5,
2022-06-27,3896.0,3943.6,3888.7,3906.0,
2022-06-28,3906.2,3945.5,3818.2,3825.3,
2022-06-29,3824.8,3835.6,3797.1,3812.4,
2022-06-30,3812.1,3818.8,3736.8,3786.9,
2022-07-01,3787.6,3830.3,3742.4,3824.4,
2022-07-03,3822.6,3824.3,3807.3,3809.1,
2022-07-04,3808.9,3853.2,3790.3,3843.4,
2022-07-05,3842.9,3846.9,3740.6,3823.0,
2022-07-06,3823.7,3871.6,3806.5,3848.4,
2022-07-07,3847.7,3910.8,3829.7,3893.7,
2022-07-08,3894.2,3918.6,3864.6,3902.5,
2022-07-10,3896.9,3897.1,3887.1,3893.9,
2022-07-11,3894.4,3894.4,3847.6,3860.9,
2022-07-12,3860.8,3873.7,3802.1,3818.7,
2022-07-13,3818.7,3863.7,3749.1,3775.0,
2022-07-14,3774.7,3808.5,3721.7,3807.8,
2022-07-15,3808.0,3865.1,3777.9,3864.4,
2022-07-17,3875.8,3878.4,3866.2,3871.6,
2022-07-18,3871.6,3906.6,3819.2,3841.6,
2022-07-19,3842.1,3944.8,3832.1,3940.6,
2022-07-20,3940.2,3974.1,3920.2,3954.1,
2022-07-21,3953.5,4001.6,3927.9,3981.1,
2022-07-22,3980.8,4013.4,3938.9,3960.3,
2022-07-24,3965.6,3965.6,3953.1,3954.4,
2022-07-25,3954.6,3986.3,3943.5,3953.1,
2022-07-26,3952.8,3961.4,3910.7,3951.0,
2022-07-27,3951.2,4039.1,3944.6,4016.0,
2022-07-28,4015.8,4108.6,3992.9,4092.9,
2022-07-29,4092.6,4139.9,4078.8,4130.3,
2022-07-31,4136.1,4136.1,4112.2,4115.2,
2022-08-01,4115.0,4144.4,4094.9,4112.0,
2022-08-02,4112.8,4140.8,4079.6,4092.0,
2022-08-03,4091.8,4167.6,4083.1,4148.0,
2022-08-04,4147.4,4170.7,4135.5,4152.1,
2022-08-05,4152.4,4164.6,4101.8,4140.0,
2022-08-07,4148.5,4149.4,4129.8,4132.0,
2022-08-08,4132.0,4187.0,4128.9,4151.5,
2022-08-09,4151.2,4152.9,4112.0,4127.4,
2022-08-10,4127.3,4211.9,4112.5,4209.9,
2022-08-11,4210.2,4258.3,4201.0,4212.5,
2022-08-12,4214.2,4280.1,4206.0,4278.5,
2022-08-14,4275.8,4276.3,4266.9,4266.9,
2022-08-15,4267.2,4300.8,4246.8,4292.5,
2022-08-16,4292.0,4325.4,4277.7,4304.6,
2022-08-17,4304.3,4312.2,4253.0,4266.3,
2022-08-18,4265.9,4292.8,4255.5,4283.6,
2022-08-19,4283.6,4285.1,4218.9,4226.2,
2022-08-21,4216.9,4217.1,4205.3,4207.3,
2022-08-22,4207.6,4218.9,4130.0,4150.0,
2022-08-23,4150.5,4159.9,4116.1,4127.0,
2022-08-24,4127.2,4156.9,4109.4,4143.4,
2022-08-25,4143.6,4200.9,4141.4,4195.2,
2022-08-26,4194.9,4215.9,4043.5,4043.6,
2022-08-28,4023.7,4031.2,4010.2,4013.1,
2022-08-29,4012.7,4063.3,4007.2,4040.8,
2022-08-30,4040.6,4071.7,3965.0,3986.8,
2022-08-31,3987.3,4017.1,3927.9,3934.4,
2022-09-01,3934.7,3973.5,3903.2,3968.9,
2022-09-02,3968.7,4018.6,3906.1,3932.3,
2022-09-04,3930.3,3933.9,3915.9,3933.4,
2022-09-05,3932.7,3946.3,3919.0,3938.8,
2022-09-06,3939.3,3962.6,3887.1,3906.6,
2022-09-07,3905.8,3988.2,3883.8,3976.3,
2022-09-08,3976.0,4011.7,3942.2,4009.1,
2022-09-09,4009.3,4076.7,4008.6,4066.1,
2022-09-11,4081.0,4087.8,4077.3,4077.4,
2022-09-12,4077.4,4120.5,4063.1,4115.2,
2022-09-13,4115.4,4149.2,3921.2,3939.0,
2022-09-14,3939.2,3961.6,3911.9,3952.8,
2022-09-15,3952.3,3959.2,3870.8,3877.0,
2022-09-16,3877.8,3883.5,3837.1,3882.9,
2022-09-18,3873.9,3880.9,3868.2,3877.1,
2022-09-19,3876.8,3913.6,3830.3,3913.4,
2022-09-20,3912.9,3918.3,3827.7,3858.5,
2022-09-21,3858.2,3907.7,3764.6,3765.8,
2022-09-22,3766.2,3817.1,3749.2,3764.6,
2022-09-23,3764.3,3768.3,3647.2,3697.1,
2022-09-25,3693.6,3701.1,3675.8,3688.3,
2022-09-26,3688.0,3715.8,3644.6,3665.3,
2022-09-27,3665.6,3717.8,3622.7,3649.4,
2022-09-28,3650.3,3736.3,3601.6,3713.0,
2022-09-29,3713.9,3721.2,3610.5,3655.3,
2022-09-30,3654.9,3680.5,3584.5,3592.9,
2022-10-02,3581.4,3601.4,3569.6,3573.4,
2022-10-03,3573.0,3698.3,3560.4,3690.1,
2022-10-04,3690.2,3795.6,3688.0,3783.0,
2022-10-05,3782.8,3806.8,3722.5,3798.0,
2022-10-06,3797.8,3805.6,3730.1,3733.2,
2022-10-07,3733.5,3751.8,3620.8,3638.0,
2022-10-09,3626.1,3630.7,3607.5,3622.7,
2022-10-10,3622.3,3655.9,3588.4,3619.6,
2022-10-11,3619.7,3641.2,3568.7,3593.2,
2022-10-12,3592.5,3623.3,3574.2,3586.4,
2022-10-13,3585.3,3685.0,3490.5,3667.5,
2022-10-14,3665.2,3721.1,3580.4,3587.4,
2022-10-16,3582.7,3605.8,3582.7,3604.5,
2022-10-17,3603.8,3710.8,3595.6,3708.1,
2022-10-18,3707.8,3764.6,3686.1,3751.5,
2022-10-19,3750.3,3761.7,3666.2,3685.6,
2022-10-20,3686.0,3736.4,3646.5,3651.7,
2022-10-21,3651.4,3761.8,3632.2,3761.3,
2022-10-23,3764.2,3802.3,3764.2,3776.6,
2022-10-24,3776.2,3810.6,3726.1,3799.2,
2022-10-25,3799.2,3863.2,3779.8,3822.3,
2022-10-26,3822.0,3886.1,3813.8,3849.4,
2022-10-27,3849.7,3860.2,3752.4,3784.8,
2022-10-28,3785.8,3913.4,3767.3,3912.4,
2022-10-30,3895.5,3901.3,3892.6,3895.6,
2022-10-31,3895.8,3899.7,3862.2,3878.2,
2022-11-01,3878.8,3917.4,3842.8,3855.0,
2022-11-02,3855.5,3896.0,3747.2,3750.3,
2022-11-03,3750.4,3773.0,3696.9,3712.9,
2022-11-04,3713.1,3796.6,3708.1,3764.0,
2022-11-06,3733.5,3747.6,3733.5,3743.9,
2022-11-07,3743.9,3813.8,3743.5,3808.4,
2022-11-08,3808.5,3859.6,3786.1,3834.6,
2022-11-09,3834.1,3840.8,3744.2,3751.1,
2022-11-10,3750.6,3967.2,3748.9,3964.7,
2022-11-11,3964.4,4001.6,3944.5,3991.9,
2022-11-13,3973.0,3986.0,3972.7,3984.3,
2022-11-14,3984.1,4009.1,3956.8,3965.6,
2022-11-15,3965.7,4042.3,3953.0,3987.3,
2022-11-16,3987.8,4007.4,3954.3,3965.3,
2022-11-17,3967.2,3981.1,3904.0,3953.0,
2022-11-18,3949.2,3986.3,3935.6,3965.0,
2022-11-20,3970.1,3970.3,3961.2,3962.4,
2022-11-21,3962.9,3963.8,3932.7,3951.9,
2022-11-22,3952.0,4005.4,3938.2,4004.5,
2022-11-23,4004.7,4035.8,3995.7,4035.8,
2022-11-24,4036.1,4043.8,4032.1,4038.6,
2022-11-25,4038.7,4040.3,4019.8,4028.4,
2022-11-27,4014.9,4018.1,4010.6,4010.8,
2022-11-28,4011.3,4013.1,3955.8,3966.4,
2022-11-29,3966.2,3985.1,3937.2,3952.8,
2022-11-30,3953.1,4090.2,3938.4,4085.4,
2022-12-01,4084.9,4101.9,4050.5,4073.4,
2022-12-02,4072.4,4080.6,4003.1,4061.7,
2022-12-04,4070.2,4070.9,4062.4,4067.9,
2022-12-05,4067.7,4070.2,3984.4,4004.3,
2022-12-06,4004.4,4011.0,3918.5,3944.3,
2022-12-07,3944.5,3957.7,3911.5,3934.2,
2022-12-08,3934.0,3974.4,3912.8,3960.8,
2022-12-09,3960.0,3987.8,3929.4,3929.7,
2022-12-11,3933.0,3936.4,3924.5,3926.5,
2022-12-12,3926.3,3990.6,3923.6,3987.8,
2022-12-13,3988.1,4133.8,3982.6,4020.0,
2022-12-14,4019.8,4053.6,3964.8,4002.8,
2022-12-15,4002.6,4007.9,3878.9,3896.1,
2022-12-16,3896.6,3903.9,3827.6,3844.1,
2022-12-18,3848.2,3859.2,3846.5,3853.1,
2022-12-19,3853.3,3871.6,3799.3,3823.1,
2022-12-20,3822.9,3838.3,3776.7,3834.3,
2022-12-21,3834.5,3890.2,3828.9,3883.4,
2022-12-22,3882.4,3891.4,3764.0,3822.4,
2022-12-23,3822.7,3846.8,3795.8,3843.9,
2022-12-26,3853.1,3869.8,3853.1,3868.0,
2022-12-27,3868.0,3875.0,3812.3,3830.0,
2022-12-28,3831.2,3849.0,3780.8,3787.1,
2022-12-29,3787.6,3858.3,3781.8,3842.5,
2022-12-30,3842.7,3846.2,3798.3,3844.9,
2023-01-02,3874.9,3874.9,3846.4,3849.1,
2023-01-03,3848.8,3883.8,3793.9,3822.7,
2023-01-04,3822.6,3873.0,3814.8,3850.7,
2023-01-05,3850.6,3862.9,3802.3,3814.2,
2023-01-06,3814.0,3906.3,3798.5,3891.7,
2023-01-08,3900.1,3903.2,3898.0,3901.5,
2023-01-09,3901.3,3950.6,3888.0,3889.0,
2023-01-10,3889.7,3922.1,3870.2,3921.0,
2023-01-11,3920.8,3970.5,3913.3,3966.7,
2023-01-12,3966.8,3999.5,3936.5,3984.3,
2023-01-13,3984.8,4003.9,3942.3,3999.7,
2023-01-15,4002.0,4003.4,3993.4,3994.9,
2023-01-16,3994.5,4008.9,3977.9,3993.9,
2023-01-17,3994.1,4015.4,3978.5,3982.2,
2023-01-18,3981.7,4014.9,3925.6,3928.9,
2023-01-19,3928.3,3928.9,3885.3,3900.9,
2023-01-20,3900.5,3973.1,3895.2,3971.7,
2023-01-22,3972.8,3973.9,3965.7,3967.6,
2023-01-23,3967.8,4039.8,3963.6,4015.6,
2023-01-24,4015.4,4030.6,3989.1,4001.8,
2023-01-25,4002.3,4023.2,3948.8,4021.5,
2023-01-26,4022.0,4061.9,4013.2,4048.0,
2023-01-27,4047.5,4094.3,4042.4,4068.9,
2023-01-29,4062.9,4072.1,4062.2,4064.4,
2023-01-30,4064.9,4068.9,4015.8,4029.3,
2023-01-31,4029.2,4077.0,3993.8,4067.3,
2023-02-01,4066.6,4148.9,4037.5,4136.3,
2023-02-02,4136.2,4195.6,4123.3,4152.3,
2023-02-03,4152.8,4182.1,4121.0,4134.3,
2023-02-05,4123.1,4131.0,4118.8,4128.4,
2023-02-06,4128.3,4129.3,4092.5,4118.2,
2023-02-07,4118.1,4176.6,4087.7,4156.6,
2023-02-08,4156.9,4168.1,4111.3,4122.6,
2023-02-09,4122.8,4159.5,4069.6,4084.0,
2023-02-10,4084.2,4094.3,4051.2,4089.7,
2023-02-12,4096.6,4096.6,4077.5,4079.3,
2023-02-13,4079.5,4140.5,4069.0,4137.6,
2023-02-14,4137.1,4174.5,4094.6,4128.4,
2023-02-15,4128.3,4150.8,4103.6,4147.9,
2023-02-16,4148.0,4157.7,4077.4,4078.6,
2023-02-17,4078.9,4084.1,4047.5,4077.7,
2023-02-19,4073.8,4076.8,4067.5,4070.5,
2023-02-20,4070.2,4080.5,4064.7,4068.3,
2023-02-21,4067.7,4067.7,3994.8,4002.5,
2023-02-22,4002.8,4017.6,3977.2,4002.4,
2023-02-23,4002.7,4027.6,3969.5,4005.8,
2023-02-24,4005.9,4016.8,3942.6,3969.2,
2023-02-26,3971.4,3974.9,3967.7,3973.9,
2023-02-27,3973.8,4018.9,3969.4,3985.8,
2023-02-28,3986.0,3998.1,3956.6,3958.2,
2023-03-01,3958.4,3985.3,3938.9,3954.9,
2023-03-02,3954.7,3991.2,3920.2,3974.8,
2023-03-03,3974.8,4048.7,3969.9,4048.4,
2023-03-05,4044.9,4045.2,4037.7,4040.7,
2023-03-06,4040.9,4078.6,4038.9,4051.1,
2023-03-07,4050.9,4060.8,3980.3,3988.4,
2023-03-08,3988.7,4000.6,3969.8,3991.5,
2023-03-09,3991.2,4017.2,3904.2,3910.0,
2023-03-10,3909.8,3939.6,3846.2,3877.5,
2023-03-12,3871.1,3927.3,3860.6,3907.5,
2023-03-13,3907.1,3938.4,3809.8,3860.6,
2023-03-14,3861.0,3937.8,3855.3,3918.5,
2023-03-15,3918.2,3929.9,3831.2,3889.1,
2023-03-16,3888.9,3965.7,3862.6,3960.2,
2023-03-17,3960.4,3975.9,3901.1,3915.9,
2023-03-19,3929.0,3946.0,3922.9,3939.7,
2023-03-20,3940.1,3956.6,3866.4,3952.1,
2023-03-21,3951.7,4010.0,3949.5,4004.4,
2023-03-22,4004.2,4040.3,3934.3,3942.3,
2023-03-23,3941.5,4006.0,3918.4,3953.5,
2023-03-24,3953.3,3980.2,3905.9,3979.9,
2023-03-26,3978.3,3997.7,3977.8,3994.2,
2023-03-27,3994.8,4004.1,3968.3,3984.4,
2023-03-28,3984.1,3992.5,3951.7,3980.6,
2023-03-29,3980.7,4030.7,3980.3,4022.8,
2023-03-30,4023.0,4057.1,4021.6,4056.8,
2023-03-31,4056.5,4112.3,4048.7,4110.6,
2023-04-02,4098.6,4104.8,4095.7,4100.7,
2023-04-03,4100.9,4128.4,4092.7,4120.1,
2023-04-04,4120.3,4141.4,4086.9,4104.8,
2023-04-05,4104.5,4106.5,4071.8,4085.7,
2023-04-06,4085.3,4107.3,4069.9,4100.4,
2023-04-07,4100.2,4117.6,4095.6,4114.1,
2023-04-09,4111.1,4115.1,4106.6,4107.1,
2023-04-10,4107.2,4114.6,4071.1,4114.4,
2023-04-11,4114.1,4124.3,4102.6,4112.0,
2023-04-12,4112.2,4150.1,4083.3,4084.2,
2023-04-13,4084.3,4150.3,4084.3,4143.7,
2023-04-14,4143.9,4162.7,4113.0,4145.9,
2023-04-16,4148.4,4148.9,4144.4,4145.9,
2023-04-17,4145.9,4154.8,4123.4,4151.0,
2023-04-18,4151.0,4173.0,4140.1,4151.2,
2023-04-19,4151.0,4162.6,4126.9,4141.7,
2023-04-20,4141.9,4149.0,4114.7,4128.8,
2023-04-21,4128.3,4138.4,4114.1,4131.2,
2023-04-23,4127.4,4129.9,4126.0,4128.2,
2023-04-24,4128.0,4141.7,4111.2,4134.1,
2023-04-25,4133.9,4136.4,4071.1,4090.1,
2023-04-26,4089.9,4094.3,4049.9,4065.5,
2023-04-27,4065.2,4145.9,4061.3,4129.2,
2023-04-28,4129.5,4174.3,4113.0,4171.6,
2023-04-30,4170.5,4171.8,4162.3,4163.5,
2023-05-01,4163.5,4187.4,4158.7,4160.8,
2023-05-02,4160.5,4173.4,4089.6,4121.1,
2023-05-03,4121.3,4148.4,4062.2,4077.3,
2023-05-04,4077.0,4101.3,4048.7,4072.2,
2023-05-05,4072.4,4147.1,4067.8,4133.2,
2023-05-07,4135.6,4138.9,4130.6,4130.9,
2023-05-08,4130.4,4145.4,4123.3,4135.3,
2023-05-09,4135.1,4138.0,4116.8,4123.4,
2023-05-10,4123.1,4158.0,4098.7,4142.0,
2023-05-11,4142.2,4153.1,4107.8,4131.8,
2023-05-12,4132.1,4150.5,4098.9,4118.8,
2023-05-14,4118.7,4120.1,4115.8,4118.8,
2023-05-15,4118.7,4142.8,4110.1,4133.0,
2023-05-16,4133.0,4137.7,4107.6,4115.9,
2023-05-17,4116.3,4165.1,4109.1,4155.7,
2023-05-18,4155.4,4212.2,4147.4,4204.5,
2023-05-19,4204.7,4214.3,4179.8,4185.5,
2023-05-22,4187.6,4208.9,4178.6,4204.6,
2023-05-23,4204.1,4209.9,4142.0,4152.4,
2023-05-24,4152.5,4154.2,4104.2,4133.8,
2023-05-25,4134.2,4165.9,4125.1,4143.8,
2023-05-26,4143.8,4213.0,4137.4,4211.0,
2023-05-28,4231.4,4231.4,4221.2,4222.2,
2023-05-29,4222.0,4226.0,4212.0,4214.2,
2023-05-30,4213.4,4234.5,4192.4,4207.4,
2023-05-31,4207.6,4208.1,4166.0,4187.1,
2023-06-01,4186.9,4232.2,4170.9,4222.7,
2023-06-02,4222.5,4290.6,4221.8,4282.3,
2023-06-04,4283.0,4287.2,4278.8,4279.5,
2023-06-05,4279.3,4299.0,4266.9,4269.3,
2023-06-06,4269.8,4288.4,4262.6,4287.2,
2023-06-07,4287.4,4299.0,4263.8,4268.3,
2023-06-08,4268.0,4297.5,4257.0,4290.5,
2023-06-09,4290.3,4322.5,4280.5,4301.8,
2023-06-11,4301.8,4309.7,4301.4,4306.6,
2023-06-12,4307.1,4344.9,4304.3,4341.0,
2023-06-13,4340.7,4375.4,4336.2,4368.7,
2023-06-14,4368.0,4391.7,4337.1,4372.7,
2023-06-15,4373.5,4439.4,4346.6,4419.6,
2023-06-16,4419.5,4446.6,4407.0,4414.4,
2023-06-18,4413.6,4417.4,4412.6,4413.0,
2023-06-19,4412.8,4416.1,4399.0,4402.1,
2023-06-20,4401.9,4403.9,4367.7,4391.3,
2023-06-21,4390.8,4393.8,4359.9,4366.5,
2023-06-22,4366.7,4384.6,4349.6,4381.9,
2023-06-23,4381.6,4381.8,4341.2,4346.3,
2023-06-25,4351.4,4358.4,4348.3,4357.4,
2023-06-26,4357.6,4362.4,4328.3,4338.6,
2023-06-27,4338.9,4384.3,4331.4,4370.8,
2023-06-28,4371.1,4390.5,4359.9,4385.8,
2023-06-29,4385.8,4399.8,4370.1,4398.4,
2023-06-30,4398.6,4458.6,4394.4,4444.1,
2023-07-02,4446.6,4452.6,4446.6,4451.8,
2023-07-03,4451.8,4456.9,4442.2,4451.1,
2023-07-04,4450.9,4456.6,4449.4,4452.0,
2023-07-05,4452.4,4455.6,4429.4,4443.4,
2023-07-06,4443.4,4443.8,4385.2,4409.6,
2023-07-07,4409.4,4440.4,4396.2,4402.4,
2023-07-09,4403.1,4404.5,4395.6,4403.4,
2023-07-10,4403.1,4413.1,4377.6,4410.9,
2023-07-11,4410.9,4443.5,4404.6,4437.8,
2023-07-12,4437.4,4488.5,4435.9,4477.6,
2023-07-13,4477.7,4517.4,4476.7,4507.0,
2023-07-14,4506.5,4527.6,4499.5,4502.8,
2023-07-16,4504.3,4504.3,4497.2,4498.4,
2023-07-17,4498.2,4533.2,4497.1,4516.5,
2023-07-18,4516.7,4562.4,4513.8,4554.0,
2023-07-19,4553.9,4578.5,4549.9,4553.6,
2023-07-20,4553.9,4563.6,4527.6,4535.8,
2023-07-21,4535.8,4560.5,4532.4,4535.7,
2023-07-23,4535.7,4537.7,4531.4,4532.4,
2023-07-24,4532.7,4563.1,4531.4,4556.2,
2023-07-25,4555.9,4580.8,4550.8,4566.7,
2023-07-26,4566.9,4583.0,4547.3,4569.4,
2023-07-27,4569.1,4607.0,4528.7,4540.2,
2023-07-28,4540.4,4590.3,4532.6,4581.6,
2023-07-30,4584.2,4592.4,4582.9,4586.9,
2023-07-31,4586.7,4593.9,4570.2,4590.6,
2023-08-01,4590.4,4596.7,4548.5,4562.7,
2023-08-02,4562.4,4569.7,4505.5,4520.8,
2023-08-03,4520.1,4524.7,4485.7,4510.0,
2023-08-04,4509.8,4540.5,4474.9,4478.4,
2023-08-06,4481.5,4488.4,4481.4,4488.1,
2023-08-07,4487.6,4522.1,4486.1,4519.1,
2023-08-08,4519.6,4519.9,4464.2,4497.4,
2023-08-09,4497.2,4517.3,4461.2,4478.4,
2023-08-10,4478.4,4525.9,4457.6,4474.7,
2023-08-11,4474.5,4479.5,4443.1,4468.2,
2023-08-13,4468.5,4475.2,4466.7,4472.9,
2023-08-14,4472.7,4497.9,4448.9,4494.3,
2023-08-15,4494.9,4501.2,4432.5,4440.1,
2023-08-16,4440.6,4451.4,4402.1,4402.8,
2023-08-17,4402.3,4420.9,4361.4,4367.2,
2023-08-18,4366.9,4382.1,4336.8,4366.6,
2023-08-20,4368.9,4374.1,4368.3,4372.8,
2023-08-21,4372.6,4407.5,4360.3,4393.2,
2023-08-22,4393.4,4427.5,4382.9,4389.1,
2023-08-23,4388.8,4463.0,4388.3,4457.9,
2023-08-24,4457.6,4473.9,4369.0,4377.8,
2023-08-25,4378.0,4418.5,4356.2,4403.4,
2023-08-27,4408.3,4416.2,4408.3,4412.9,
2023-08-28,4413.2,4439.8,4406.2,4434.3,
2023-08-29,4434.0,4502.3,4424.7,4499.9,
2023-08-30,4500.1,4522.0,4487.9,4515.1,
2023-08-31,4515.3,4532.7,4507.2,4511.1,
2023-09-01,4511.3,4540.2,4501.3,4512.7,
2023-09-03,4515.4,4517.1,4511.2,4513.4,
2023-09-04,4513.7,4526.1,4510.4,4515.2,
2023-09-05,4514.9,4515.6,4493.3,4495.5,
2023-09-06,4495.7,4497.9,4441.7,4464.5,
2023-09-07,4464.2,4465.5,4429.5,4453.0,
2023-09-08,4453.0,4473.8,4439.3,4460.1,
2023-09-10,4460.0,4463.4,4457.4,4463.1,
2023-09-11,4463.2,4490.9,4457.1,4483.1,
2023-09-12,4482.8,4487.2,4456.6,4463.6,
2023-09-13,4463.4,4479.6,4446.1,4471.9,
2023-09-14,4471.9,4511.8,4470.7,4507.8,
2023-09-15,4508.0,4516.4,4447.0,4451.4,
2023-09-17,4453.5,4460.0,4452.0,4459.3,
2023-09-18,4459.3,4466.3,4440.4,4456.3,
2023-09-19,4456.6,4462.2,4416.4,4445.5,
2023-09-20,4445.5,4461.4,4395.3,4395.7,
2023-09-21,4395.8,4399.3,4324.5,4327.5,
2023-09-22,4328.0,4357.3,4316.4,4320.9,
2023-09-24,4323.9,4329.2,4323.8,4325.9,
2023-09-25,4325.4,4342.3,4298.6,4337.0,
2023-09-26,4337.3,4337.3,4265.8,4281.1,
2023-09-27,4281.4,4296.3,4238.5,4281.6,
2023-09-28,4281.8,4317.9,4263.6,4301.9,
2023-09-29,4301.4,4333.3,4274.6,4292.9,
2023-10-01,4314.6,4316.6,4302.4,4308.1,
2023-10-02,4308.9,4320.1,4260.4,4289.1,
2023-10-03,4288.8,4299.5,4216.3,4230.1,
2023-10-04,4230.1,4268.9,4201.5,4256.0,
2023-10-05,4256.0,4267.6,4225.9,4252.9,
2023-10-06,4253.3,4324.4,4210.7,4311.1,
2023-10-08,4281.5,4286.0,4269.9,4280.4,
2023-10-09,4279.9,4341.9,4267.5,4336.0,
2023-10-10,4335.8,4385.6,4333.1,4359.4,
2023-10-11,4359.2,4386.9,4345.2,4386.4,
2023-10-12,4386.1,4398.2,4325.4,4352.0,
2023-10-13,4352.5,4377.4,4312.0,4321.5,
2023-10-15,4329.9,4339.5,4328.6,4339.0,
2023-10-16,4339.0,4383.6,4326.2,4372.5,
2023-10-17,4372.8,4393.6,4337.4,4363.1,
2023-10-18,4363.4,4370.6,4304.0,4316.2,
2023-10-19,4316.4,4340.1,4265.4,4270.0,
2023-10-20,4269.8,4279.1,4218.9,4220.6,
2023-10-22,4233.4,4236.6,4223.9,4236.6,
2023-10-23,4236.2,4256.1,4189.2,4229.8,
2023-10-24,4229.8,4266.6,4218.5,4244.8,
2023-10-25,4244.5,4244.8,4164.6,4169.6,
2023-10-26,4169.5,4183.4,4128.5,4159.9,
2023-10-27,4159.2,4165.0,4103.5,4117.2,
2023-10-29,4128.1,4134.8,4127.6,4131.2,
2023-10-30,4131.1,4177.2,4130.4,4162.2,
2023-10-31,4162.0,4195.5,4148.1,4182.9,
2023-11-01,4182.8,4247.8,4172.7,4247.6,
2023-11-02,4247.3,4320.0,4243.0,4310.1,
2023-11-03,4310.6,4373.5,4308.9,4361.2,
2023-11-05,4363.0,4366.6,4358.4,4360.1,
2023-11-06,4360.0,4372.4,4347.1,4359.3,
2023-11-07,4359.6,4386.2,4349.4,4378.0,
2023-11-08,4378.2,4390.9,4359.4,4375.7,
2023-11-09,4375.9,4397.1,4342.2,4344.9,
2023-11-10,4344.8,4418.0,4339.5,4414.0,
2023-11-12,4411.5,4413.3,4405.3,4405.6,
2023-11-13,4405.6,4422.0,4392.6,4412.3,
2023-11-14,4412.2,4509.0,4409.9,4500.7,
2023-11-15,4501.0,4523.9,4495.3,4499.9,
2023-11-16,4499.8,4515.1,4487.6,4510.1,
2023-11-17,4509.7,4525.3,4499.7,4509.9,
2023-11-19,4513.6,4514.8,4506.6,4510.4,
2023-11-20,4510.5,4557.4,4506.1,4550.3,
2023-11-21,4550.4,4553.3,4524.9,4532.9,
2023-11-22,4532.8,4568.9,4532.8,4553.0,
2023-11-23,4552.9,4562.6,4551.5,4560.9,
2023-11-24,4560.8,4564.3,4553.2,4558.3,
2023-11-26,4557.6,4557.6,4551.2,4551.9,
2023-11-27,4551.7,4560.4,4542.2,4554.1,
2023-11-28,4553.9,4568.2,4538.2,4554.8,
2023-11-29,4554.9,4588.0,4547.0,4552.6,
2023-11-30,4552.4,4570.3,4536.9,4564.3,
2023-12-01,4564.1,4599.4,4554.8,4596.3,
2023-12-03,4595.5,4596.3,4589.4,4589.8,
2023-12-04,4590.0,4590.0,4546.9,4562.6,
2023-12-05,4562.5,4578.8,4548.9,4571.5,
2023-12-06,4571.0,4592.2,4546.1,4548.5,
2023-12-07,4548.6,4589.8,4543.1,4578.9,
2023-12-08,4579.1,4609.4,4561.3,4603.2,
2023-12-10,4603.4,4609.7,4603.2,4606.9,
2023-12-11,4606.7,4623.6,4595.8,4622.4,
2023-12-12,4622.6,4650.1,4607.9,4649.6,
2023-12-13,4649.8,4714.7,4642.8,4714.1,
2023-12-14,4714.0,4738.4,4693.4,4719.7,
2023-12-15,4719.5,4736.7,4704.5,4717.2,
2023-12-17,4718.5,4723.4,4716.4,4720.6,
2023-12-18,4720.8,4749.6,4717.9,4738.3,
2023-12-19,4738.2,4768.9,4735.4,4764.8,
2023-12-20,4765.2,4778.1,4692.8,4707.9,
2023-12-21,4707.6,4748.9,4705.4,4744.8,
2023-12-22,4744.6,4773.4,4736.1,4749.6,
2023-12-25,4752.1,4762.6,4752.1,4761.3,
2023-12-26,4761.1,4784.9,4757.2,4777.5,
2023-12-27,4777.0,4787.1,4768.2,4785.2,
2023-12-28,4785.3,4797.1,4781.8,4788.7,
2023-12-29,4788.4,4795.3,4751.3,4766.6,
2024-01-01,4771.9,4776.4,4771.9,4774.6,
2024-01-02,4774.9,4782.4,4723.0,4745.6,
2024-01-03,4745.9,4746.1,4700.0,4707.9,
2024-01-04,4707.6,4726.8,4688.0,4694.4,
2024-01-05,4694.4,4721.8,4663.5,4697.1,
2024-01-07,4697.2,4702.9,4695.1,4700.6,
2024-01-08,4700.1,4765.3,4677.0,4758.2,
2024-01-09,4757.9,4765.6,4730.8,4754.0,
2024-01-10,4754.1,4791.2,4748.5,4785.9,
2024-01-11,4785.8,4802.7,4739.1,4776.2,
2024-01-12,4776.4,4802.2,4758.3,4777.4,
2024-01-14,4777.9,4779.0,4772.7,4776.5,
2024-01-15,4776.4,4789.1,4773.0,4774.5,
2024-01-16,4774.4,4782.3,4746.9,4767.5,
2024-01-17,4767.3,4767.7,4715.1,4737.6,
2024-01-18,4737.4,4785.7,4733.1,4784.1,
2024-01-19,4783.6,4843.4,4778.4,4840.5,
2024-01-21,4842.6,4848.4,4842.6,4843.6,
2024-01-22,4844.1,4867.4,4842.9,4850.7,
2024-01-23,4850.9,4874.9,4844.6,4874.4,
2024-01-24,4874.4,4903.6,4860.1,4870.9,
2024-01-25,4870.6,4898.8,4865.9,4886.0,
2024-01-26,4886.2,4907.0,4870.9,4887.2,
2024-01-28,4881.9,4881.9,4875.6,4877.6,
2024-01-29,4877.8,4930.0,4877.2,4926.2,
2024-01-30,4926.0,4931.4,4901.5,4904.3,
2024-01-31,4904.6,4912.9,4841.5,4854.1,
2024-02-01,4854.2,4941.5,4851.3,4931.7,
2024-02-02,4931.7,4975.3,4903.9,4951.1,
2024-02-04,4954.1,4958.6,4951.6,4954.6,
2024-02-05,4954.6,4957.5,4917.6,4937.1,
2024-02-06,4937.1,4958.0,4934.6,4952.8,
2024-02-07,4953.1,5000.0,4950.2,4995.3,
2024-02-08,4995.0,5000.9,4985.1,4996.5,
2024-02-09,4996.9,5030.1,4994.4,5024.0,
2024-02-11,5024.6,5025.6,5020.9,5024.4,
2024-02-12,5024.6,5048.1,5013.5,5017.5,
2024-02-13,5017.2,5022.2,4920.3,4954.9,
2024-02-14,4954.8,5005.5,4951.3,5003.1,
2024-02-15,5003.4,5036.4,4995.9,5032.1,
2024-02-16,5031.9,5043.2,4998.4,4999.6,
2024-02-19,5006.2,5013.6,4998.4,5000.8,
2024-02-20,5000.2,5002.6,4955.0,4973.5,
2024-02-21,4973.8,5010.1,4945.2,5009.2,
2024-02-22,5009.1,5094.8,5008.7,5086.4,
2024-02-23,5086.3,5111.1,5080.1,5084.0,
2024-02-25,5085.0,5091.0,5082.9,5089.0,
2024-02-26,5088.9,5096.9,5065.2,5068.9,
2024-02-27,5068.9,5082.4,5057.3,5076.6,
2024-02-28,5076.7,5080.2,5053.8,5062.4,
2024-02-29,5062.1,5105.1,5052.2,5088.3,
2024-03-01,5088.4,5140.8,5081.0,5130.6,
2024-03-03,5133.7,5137.6,5132.0,5133.5,
2024-03-04,5133.4,5149.8,5121.9,5123.3,
2024-03-05,5123.3,5126.9,5056.4,5080.9,
2024-03-06,5081.1,5127.9,5076.7,5104.1,
2024-03-07,5104.3,5165.8,5082.3,5154.7,
2024-03-08,5155.6,5188.9,5117.9,5127.7,
2024-03-10,5118.7,5125.2,5113.9,5125.1,
2024-03-11,5124.9,5133.1,5091.2,5132.6,
2024-03-12,5132.5,5180.1,5112.2,5176.1,
2024-03-13,5176.2,5181.1,5152.0,5172.3,
2024-03-14,5172.2,5187.2,5123.4,5147.8,
2024-03-15,5147.6,5164.5,5104.7,5117.8,
2024-03-17,5119.6,5126.4,5118.3,5120.8,
2024-03-18,5121.0,5175.7,5117.0,5145.8,
2024-03-19,5145.7,5180.6,5122.6,5174.4,
2024-03-20,5174.2,5243.3,5168.9,5241.5,
2024-03-21,5241.3,5261.8,5237.8,5248.6,
2024-03-22,5248.5,5251.0,5229.0,5230.4,
2024-03-24,5232.4,5234.1,5228.8,5233.9,
2024-03-25,5234.1,5235.9,5213.8,5224.6,
2024-03-26,5224.4,5241.9,5204.6,5218.8,
2024-03-27,5218.7,5255.4,5214.4,5244.5,
2024-03-28,5244.1,5263.4,5243.9,5246.4,
2024-03-31,5257.5,5275.9,5257.5,5274.9,
2024-04-01,5274.8,5275.1,5228.1,5234.9,
2024-04-02,5235.1,5243.0,5183.4,5205.6,
2024-04-03,5205.3,5233.2,5192.6,5227.1,
2024-04-04,5227.1,5257.4,5145.6,5151.7,
2024-04-05,5150.6,5223.2,5143.9,5205.1,
2024-04-07,5213.6,5218.9,5205.6,5209.0,
2024-04-08,5209.1,5220.0,5187.5,5205.6,
2024-04-09,5205.8,5224.4,5160.6,5212.9,
2024-04-10,5212.6,5227.9,5129.6,5151.0,
2024-04-11,5151.3,5212.3,5132.6,5199.5,
2024-04-12,5198.9,5203.5,5107.4,5123.5,
2024-04-14,5122.9,5144.4,5122.9,5140.1,
2024-04-15,5140.8,5169.9,5052.2,5060.4,
2024-04-16,5060.8,5079.9,5040.1,5065.2,
2024-04-17,5065.1,5078.8,5006.7,5027.4,
2024-04-18,5027.9,5056.7,4998.6,5002.1,
2024-04-19,5002.3,5019.2,4927.1,4965.5,
2024-04-21,4977.0,4984.6,4972.1,4984.1,
2024-04-22,4984.0,5039.1,4969.3,5009.3,
2024-04-23,5009.8,5083.4,5002.6,5080.1,
2024-04-24,5079.7,5092.2,5036.4,5041.1,
2024-04-25,5041.6,5100.8,4989.2,5087.3,
2024-04-26,5087.0,5114.6,5072.6,5099.6,
2024-04-28,5109.0,5110.1,5103.6,5109.9,
2024-04-29,5110.1,5122.6,5087.9,5113.5,
2024-04-30,5113.1,5114.5,5019.1,5028.1,
2024-05-01,5028.4,5093.9,5008.9,5040.0,
2024-05-02,5039.8,5090.5,5011.0,5080.3,
2024-05-03,5080.6,5139.7,5072.7,5134.0,
2024-05-05,5140.6,5141.7,5132.2,5133.1,
2024-05-06,5133.1,5181.2,5129.2,5179.0,
2024-05-07,5179.2,5200.4,5176.6,5187.6,
2024-05-08,5187.9,5192.4,5163.8,5185.7,
2024-05-09,5185.9,5220.6,5170.8,5218.4,
2024-05-10,5218.8,5239.7,5209.2,5218.1,
2024-05-12,5218.7,5221.7,5217.4,5220.5,
2024-05-13,5220.6,5239.9,5210.4,5220.3,
2024-05-14,5220.6,5250.2,5202.3,5247.1,
2024-05-15,5247.1,5316.4,5242.2,5314.6,
2024-05-16,5314.9,5326.0,5292.7,5296.9,
2024-05-17,5296.8,5305.8,5283.7,5305.4,
2024-05-19,5306.9,5313.5,5306.8,5312.9,
2024-05-20,5312.6,5325.5,5302.6,5308.9,
2024-05-21,5309.2,5324.8,5300.7,5323.9,
2024-05-22,5323.7,5326.7,5285.8,5322.3,
2024-05-23,5322.4,5350.0,5256.7,5270.3,
2024-05-24,5270.1,5312.2,5269.6,5304.2,
2024-05-26,5305.1,5307.1,5298.1,5298.9,
2024-05-27,5299.0,5317.6,5295.6,5309.0,
2024-05-28,5309.4,5321.9,5280.8,5302.1,
2024-05-29,5302.4,5303.1,5248.0,5251.9,
2024-05-30,5252.0,5260.4,5222.4,5227.9,
2024-05-31,5228.4,5291.9,5191.9,5285.4,
2024-06-02,5285.5,5289.9,5276.6,5288.1,
2024-06-03,5288.1,5299.1,5233.5,5283.2,
2024-06-04,5283.5,5299.4,5248.9,5298.1,
2024-06-05,5298.5,5360.1,5293.5,5357.5,
2024-06-06,5357.3,5362.0,5334.7,5354.4,
2024-06-07,5354.0,5375.3,5319.4,5344.3,
2024-06-09,5339.5,5349.8,5338.6,5343.4,
2024-06-10,5343.5,5365.7,5328.8,5357.0,
2024-06-11,5357.1,5378.9,5326.6,5376.4,
2024-06-12,5376.2,5447.3,5373.0,5429.1,
2024-06-13,5428.9,5445.7,5402.7,5432.9,
2024-06-14,5432.5,5438.3,5393.5,5430.1,
2024-06-16,5430.6,5434.6,5427.1,5432.1,
2024-06-17,5432.4,5488.8,5420.9,5479.8,
2024-06-18,5479.5,5494.7,5469.8,5492.5,
2024-06-19,5492.4,5494.8,5487.8,5491.1,
2024-06-20,5491.1,5516.1,5456.0,5478.2,
2024-06-21,5477.8,5482.4,5452.4,5468.1,
2024-06-23,5471.2,5471.4,5468.4,5468.9,
2024-06-24,5468.8,5490.8,5442.8,5452.3,
2024-06-25,5452.2,5473.4,5445.6,5468.7,
2024-06-26,5468.8,5486.4,5451.7,5460.2,
2024-06-27,5460.2,5494.1,5451.6,5494.1,
2024-06-28,5494.7,5524.1,5450.9,5471.4,
2024-06-30,5474.2,5475.5,5467.0,5468.1,
2024-07-01,5468.4,5480.4,5446.2,5469.2,
2024-07-02,5469.4,5510.6,5444.6,5503.5,
2024-07-03,5503.6,5538.6,5501.6,5534.4,
2024-07-04,5534.4,5540.1,5528.6,5532.0,
2024-07-05,5532.3,5570.2,5531.6,5560.1,
2024-07-07,5557.4,5562.9,5556.6,5557.6,
2024-07-08,5557.4,5584.2,5555.6,5584.0,
2024-07-09,5584.2,5591.3,5574.7,5579.2,
2024-07-10,5579.5,5635.7,5577.0,5629.4,
2024-07-11,5629.8,5654.3,5576.8,5586.1,
2024-07-12,5585.1,5655.6,5570.6,5616.1,
2024-07-14,5630.0,5630.0,5613.9,5620.1,
2024-07-15,5620.2,5666.8,5615.1,5640.7,
2024-07-16,5640.9,5669.9,5622.4,5662.0,
2024-07-17,5662.1,5663.1,5582.4,5599.5,
2024-07-18,5599.7,5614.8,5522.7,5555.8,
2024-07-19,5555.6,5561.3,5496.6,5505.4,
2024-07-21,5518.8,5528.3,5512.1,5526.9,
2024-07-22,5527.0,5570.4,5509.0,5561.0,
2024-07-23,5560.2,5585.4,5530.1,5531.3,
2024-07-24,5531.6,5540.2,5421.0,5442.9,
2024-07-25,5442.2,5492.4,5391.7,5411.0,
2024-07-26,5410.5,5489.8,5410.3,5460.5,
2024-07-28,5463.3,5476.7,5460.1,5474.7,
2024-07-29,5474.9,5496.2,5444.2,5452.5,
2024-07-30,5452.0,5491.6,5395.9,5443.4,
2024-07-31,5442.8,5553.7,5439.0,5551.5,
2024-08-01,5551.7,5564.5,5410.0,5428.6,
2024-08-02,5427.6,5431.7,5300.2,5330.0,
2024-08-04,5297.5,5314.6,5282.2,5292.8,
2024-08-05,5292.4,5293.4,5091.9,5244.4,
2024-08-06,5245.2,5312.7,5193.8,5214.8,
2024-08-07,5215.1,5331.1,5155.9,5174.0,
2024-08-08,5175.1,5335.6,5171.6,5330.3,
2024-08-09,5329.1,5360.2,5295.2,5336.9,
2024-08-11,5339.2,5349.8,5324.9,5344.9,
2024-08-12,5345.2,5371.1,5322.6,5347.9,
2024-08-13,5347.9,5436.6,5342.9,5433.1,
2024-08-14,5433.0,5463.6,5416.1,5449.4,
2024-08-15,5449.9,5554.5,5447.4,5550.6,
2024-08-16,5550.9,5562.7,5513.0,5557.4,
2024-08-18,5562.4,5571.1,5559.2,5563.1,
2024-08-19,5563.3,5608.3,5543.4,5605.4,
2024-08-20,5605.5,5620.6,5584.8,5596.9,
2024-08-21,5597.1,5633.0,5592.1,5623.0,
2024-08-22,5622.6,5641.9,5560.8,5584.6,
2024-08-23,5584.9,5641.9,5583.4,5631.6,
2024-08-25,5630.9,5640.2,5622.0,5628.0,
2024-08-26,5628.8,5650.1,5602.2,5612.8,
2024-08-27,5613.0,5631.3,5594.6,5617.9,
2024-08-28,5618.2,5633.0,5545.7,5554.5,
2024-08-29,5555.3,5647.3,5554.2,5600.1,
2024-08-30,5600.6,5650.1,5581.8,5642.4,
2024-09-01,5642.6,5643.4,5638.6,5639.4,
2024-09-02,5639.6,5655.4,5624.6,5640.6,
2024-09-03,5640.7,5652.6,5504.4,5519.5,
2024-09-04,5520.0,5552.6,5494.3,5511.8,
2024-09-05,5512.1,5546.3,5480.3,5500.5,
2024-09-06,5499.8,5522.8,5385.6,5395.2,
2024-09-08,5401.9,5411.2,5397.1,5408.9,
2024-09-09,5408.6,5484.1,5408.4,5478.2,
2024-09-10,5478.4,5498.4,5441.3,5490.0,
2024-09-11,5490.2,5560.7,5407.0,5550.7,
2024-09-12,5550.7,5604.6,5535.6,5601.5,
2024-09-13,5602.0,5636.7,5595.5,5622.6,
2024-09-15,5620.4,5628.8,5617.3,5627.8,
2024-09-16,5628.0,5636.1,5604.5,5629.8,
2024-09-17,5629.3,5671.1,5614.0,5640.7,
2024-09-18,5640.9,5692.1,5615.1,5654.5,
2024-09-19,5655.5,5733.5,5635.4,5709.5,
2024-09-20,5709.4,5715.0,5675.0,5699.4,
2024-09-22,5705.1,5708.4,5696.1,5707.5,
2024-09-23,5708.0,5725.9,5686.1,5715.6,
2024-09-24,5715.5,5736.9,5699.0,5735.0,
2024-09-25,5735.2,5741.3,5712.3,5731.8,
2024-09-26,5732.2,5772.8,5721.5,5749.3,
2024-09-27,5749.2,5763.6,5726.5,5729.2,
2024-09-29,5727.4,5744.9,5722.4,5743.4,
2024-09-30,5744.2,5765.1,5702.4,5753.5,
2024-10-01,5753.4,5767.2,5681.6,5698.4,
2024-10-02,5698.7,5721.5,5673.8,5718.0,
2024-10-03,5717.7,5719.1,5676.0,5699.8,
2024-10-04,5699.3,5755.1,5692.7,5746.4,
2024-10-06,5750.6,5758.6,5750.6,5752.8,
2024-10-07,5753.2,5756.6,5678.9,5696.1,
2024-10-08,5697.3,5757.5,5688.6,5746.6,
2024-10-09,5746.8,5797.2,5732.4,5789.0,
2024-10-10,5789.1,5795.4,5764.7,5789.8,
2024-10-11,5789.8,5822.4,5769.7,5806.5,
2024-10-13,5807.4,5814.9,5806.9,5810.2,
2024-10-14,5810.6,5872.3,5804.9,5866.2,
2024-10-15,5866.7,5868.7,5805.6,5817.1,
2024-10-16,5817.4,5846.9,5808.8,5833.8,
2024-10-17,5833.2,5881.7,5826.8,5849.6,
2024-10-18,5849.2,5872.7,5834.0,5865.0,
2024-10-20,5869.5,5873.1,5868.9,5871.2,
2024-10-21,5871.4,5872.2,5823.4,5854.1,
2024-10-22,5854.2,5863.6,5820.6,5849.6,
2024-10-23,5850.0,5853.0,5762.1,5802.9,
2024-10-24,5802.6,5830.3,5784.6,5813.6,
2024-10-25,5814.0,5863.5,5799.6,5804.9,
2024-10-27,5824.2,5838.6,5822.0,5834.5,
2024-10-28,5834.1,5848.1,5822.4,5825.3,
2024-10-29,5826.1,5851.5,5802.1,5849.0,
2024-10-30,5848.5,5857.3,5796.9,5797.4,
2024-10-31,5796.9,5803.4,5701.9,5711.5,
2024-11-01,5710.0,5772.7,5701.1,5730.6,
2024-11-03,5714.0,5727.1,5713.9,5721.1,
2024-11-04,5721.5,5747.6,5696.0,5713.9,
2024-11-05,5713.6,5795.2,5706.1,5786.9,
2024-11-06,5786.5,5936.3,5786.4,5926.6,
2024-11-07,5926.7,5984.1,5921.1,5978.6,
2024-11-08,5978.8,6013.0,5961.9,5995.9,
2024-11-10,6005.1,6010.9,6002.6,6009.9,
2024-11-11,6010.4,6027.1,5986.8,5999.7,
2024-11-12,5998.5,6008.7,5960.1,5980.8,
2024-11-13,5981.1,6008.2,5966.3,5991.9,
2024-11-14,5992.4,5996.9,5937.9,5941.6,
2024-11-15,5940.4,5941.8,5852.7,5874.4,
2024-11-17,5875.0,5877.9,5865.6,5877.8,
2024-11-18,5877.6,5908.4,5860.5,5892.0,
2024-11-19,5892.0,5923.8,5832.2,5921.9,
2024-11-20,5922.0,5934.7,5859.3,5918.0,
2024-11-21,5918.7,5963.1,5883.7,5944.1,
2024-11-22,5942.2,5973.2,5920.9,5971.4,
2024-11-24,5986.4,5991.4,5986.4,5989.5,
2024-11-25,5989.4,6020.9,5963.9,5974.6,
2024-11-26,5972.8,6025.0,5957.4,6021.9,
2024-11-27,6022.4,6027.8,5984.1,6003.9,
2024-11-28,6004.0,6016.4,6003.6,6015.6,
2024-11-29,6015.4,6044.4,6003.7,6036.0,
2024-12-01,6036.2,6037.7,6027.9,6029.3,
2024-12-02,6030.1,6053.5,6019.7,6048.9,
2024-12-03,6049.6,6056.5,6033.8,6055.1,
2024-12-04,6055.0,6089.2,6051.1,6080.9,
2024-12-05,6080.7,6094.8,6068.9,6073.6,
2024-12-06,6073.5,6099.8,6067.5,6086.3,
2024-12-08,6085.4,6091.7,6084.4,6090.2,
2024-12-09,6090.1,6094.5,6049.1,6050.8,
2024-12-10,6050.7,6065.1,6029.7,6040.8,
2024-12-11,6040.7,6093.0,6035.5,6078.1,
2024-12-12,6077.5,6079.8,6047.7,6056.9,
2024-12-13,6056.6,6077.8,6035.5,6046.0,
2024-12-15,6047.2,6051.9,6045.2,6049.9,
2024-12-16,6050.4,6084.8,6049.2,6067.4,
2024-12-17,6067.5,6073.7,6034.5,6044.3,
2024-12-18,6044.1,6071.0,5836.7,5870.1,
2024-12-19,5870.7,5933.7,5864.9,5869.4,
2024-12-20,5869.4,5983.2,5801.2,5930.6,
2024-12-22,5940.8,5960.0,5940.8,5955.3,
2024-12-23,5955.4,5977.9,5902.3,5971.8,
2024-12-24,5971.6,6038.1,5965.9,6037.9,
2024-12-25,6037.6,6040.6,6034.6,6036.1,
2024-12-26,6035.8,6050.4,6002.4,6040.1,
2024-12-27,6039.2,6040.1,5932.1,5975.6,
2024-12-29,5974.8,5981.1,5963.6,5970.9,
2024-12-30,5970.6,5973.4,5868.6,5900.9,
2024-12-31,5901.1,5931.8,5868.5,5885.1,
2025-01-01,5894.9,5904.8,5883.2,5888.6,
2025-01-02,5888.8,5945.4,5830.8,5868.6,
2025-01-03,5868.6,5949.2,5867.5,5938.9,
2025-01-05,5947.6,5948.4,5939.1,5943.4,
2025-01-06,5944.8,6020.6,5934.2,5980.8,
2025-01-07,5980.9,6000.2,5891.2,5913.6,
2025-01-08,5913.9,5930.4,5874.7,5906.7,
2025-01-09,5908.0,5914.9,5886.4,5890.1,
2025-01-10,5890.9,5919.5,5807.6,5821.8,
2025-01-12,5819.3,5827.5,5808.3,5820.1,
2025-01-13,5820.1,5861.4,5769.5,5853.4,
2025-01-14,5853.0,5879.0,5805.1,5846.7,
2025-01-15,5846.4,5960.6,5840.4,5953.9,
2025-01-16,5954.1,5977.5,5924.0,5939.1,
2025-01-17,5938.4,6015.3,5936.8,5995.6,
2025-01-19,5998.4,6001.0,5983.5,5986.4,
2025-01-20,5986.8,6041.6,5983.8,6032.4,
2025-01-21,6032.5,6062.7,5959.2,6060.2,
2025-01-22,6060.2,6100.5,6059.2,6080.0,
2025-01-23,6079.8,6118.0,6066.5,6113.9,
2025-01-24,6114.1,6127.9,6088.7,6098.6,
2025-01-26,6069.9,6071.4,6065.9,6070.0,
2025-01-27,6069.9,6070.6,5915.2,6019.6,
2025-01-28,6020.1,6074.5,5992.8,6057.0,
2025-01-29,6057.5,6080.3,6012.2,6038.6,
2025-01-30,6038.7,6086.8,6027.5,6081.6,
2025-01-31,6081.8,6120.7,6030.9,6038.1,
2025-02-02,5951.8,5951.8,5916.6,5940.4,
2025-02-03,5940.3,6038.5,5908.4,6029.9,
2025-02-04,6029.8,6042.9,5961.5,6016.4,
2025-02-05,6016.8,6066.8,5995.4,6065.0,
2025-02-06,6064.6,6083.8,6046.2,6077.9,
2025-02-07,6077.5,6100.6,6020.0,6027.6,
2025-02-09,5992.8,6038.8,5992.8,6037.8,
2025-02-10,6037.7,6073.6,6035.8,6055.0,
2025-02-11,6054.9,6076.8,6036.7,6070.0,
2025-02-12,6069.6,6074.6,5998.8,6063.7,
2025-02-13,6063.9,6117.7,6033.2,6114.7,
2025-02-14,6114.9,6127.4,6102.2,6114.9,
2025-02-16,6118.8,6118.9,6112.1,6115.5,
2025-02-17,6115.4,6128.1,6114.0,6122.4,
2025-02-18,6122.5,6138.6,6099.5,6131.6,
2025-02-19,6131.4,6147.6,6111.1,6136.8,
2025-02-20,6136.5,6139.0,6084.8,6121.0,
2025-02-21,6120.8,6125.9,6008.8,6013.6,
2025-02-23,6025.9,6037.1,6018.4,6035.1,
2025-02-24,6034.8,6051.9,5978.3,5985.1,
2025-02-25,5984.0,6000.4,5908.7,5971.4,
2025-02-26,5971.1,6009.7,5932.2,5966.0,
2025-02-27,5966.0,6001.2,5860.7,5875.6,
2025-02-28,5875.8,5959.9,5837.2,5946.9,
2025-03-02,5956.8,5973.8,5954.8,5963.6,
2025-03-03,5964.0,5989.6,5811.6,5859.6,
2025-03-04,5859.3,5872.6,5732.7,5825.1,
2025-03-05,5824.8,5860.4,5743.0,5837.4,
2025-03-06,5836.9,5842.0,5712.0,5757.4,
2025-03-07,5757.3,5783.5,5665.7,5764.8,
2025-03-09,5743.5,5743.5,5704.0,5726.4,
2025-03-10,5725.1,5750.1,5564.2,5595.5,
2025-03-11,5595.8,5644.9,5528.6,5587.9,
2025-03-12,5588.0,5667.6,5545.0,5616.2,
2025-03-13,5616.5,5618.3,5504.6,5548.9,
2025-03-14,5548.4,5644.9,5543.4,5625.6,
2025-03-16,5621.8,5628.5,5599.8,5605.8,
2025-03-17,5606.1,5703.7,5596.3,5677.0,
2025-03-18,5676.5,5681.0,5597.0,5619.1,
2025-03-19,5618.9,5715.8,5604.1,5693.9,
2025-03-20,5694.0,5711.7,5629.8,5663.7,
2025-03-21,5663.3,5672.8,5601.0,5668.9,
2025-03-23,5690.9,5703.3,5690.3,5701.4,
2025-03-24,5701.8,5772.9,5699.9,5760.1,
2025-03-25,5760.3,5787.5,5750.9,5783.8,
2025-03-26,5783.4,5787.6,5684.6,5699.4,
2025-03-27,5699.1,5731.7,5672.3,5689.6,
2025-03-28,5690.1,5701.6,5557.4,5557.4,
2025-03-30,5544.3,5555.1,5535.9,5548.0,
2025-03-31,5548.1,5627.9,5489.6,5593.0,
2025-04-01,5592.9,5651.9,5557.9,5640.1,
2025-04-02,5640.6,5728.6,5440.1,5468.9,
2025-04-03,5470.5,5521.1,5370.4,5384.9,
2025-04-04,5385.0,5397.4,5040.4,5062.7,
2025-04-06,4966.2,4966.2,4802.7,4879.7,
2025-04-07,4880.0,5249.8,4808.4,5115.0,
2025-04-08,5114.5,5270.1,4895.8,4924.9,
2025-04-09,4924.3,5491.8,4842.0,5477.8,
2025-04-10,5477.5,5480.9,5115.0,5240.5,
2025-04-11,5239.8,5382.2,5173.1,5361.3,
2025-04-13,5430.5,5430.5,5376.6,5396.4,
2025-04-14,5395.9,5463.4,5357.3,5387.6,
2025-04-15,5387.3,5450.8,5342.5,5353.0,
2025-04-16,5352.8,5391.3,5220.6,5278.8,
2025-04-17,5279.1,5341.6,5256.5,5297.9,
2025-04-20,5257.3,5278.0,5251.2,5265.0,
2025-04-21,5264.6,5274.6,5101.2,5176.1,
2025-04-22,5176.4,5395.4,5169.4,5383.6,
2025-04-23,5384.0,5469.9,5349.9,5383.9,
2025-04-24,5384.0,5512.6,5327.5,5500.1,
2025-04-25,5500.4,5532.9,5452.4,5526.4,
2025-04-27,5520.5,5520.5,5501.3,5504.9,
2025-04-28,5504.6,5552.1,5468.4,5530.3,
2025-04-29,5530.4,5572.3,5496.8,5547.1,
2025-04-30,5546.1,5615.2,5431.3,5610.7,
2025-05-01,5611.1,5658.7,5578.6,5590.3,
2025-05-02,5591.1,5701.1,5584.0,5687.9,
2025-05-04,5682.5,5682.5,5649.6,5656.3,
2025-05-05,5656.5,5684.5,5633.6,5645.6,
2025-05-06,5645.9,5669.0,5585.0,5652.1,
2025-05-07,5652.3,5661.6,5577.4,5627.0,
2025-05-08,5627.1,5720.4,5622.1,5660.5,
2025-05-09,5660.4,5695.8,5644.6,5664.6,
2025-05-11,5742.0,5742.0,5715.8,5726.9,
2025-05-12,5726.8,5856.0,5724.9,5837.3,
2025-05-13,5837.2,5907.1,5816.6,5889.4,
2025-05-14,5889.0,5906.1,5871.3,5877.0,
2025-05-15,5876.8,5924.7,5847.5,5916.8,
2025-05-16,5917.0,5959.0,5904.1,5929.9,
2025-05-18,5902.3,5928.9,5902.3,5921.4,
2025-05-19,5921.5,5973.7,5874.1,5969.3,
2025-05-20,5969.5,5973.1,5909.4,5937.7,
2025-05-21,5937.6,5940.6,5831.0,5844.3,
2025-05-22,5844.5,5878.4,5812.8,5845.6,
2025-05-23,5845.8,5857.6,5743.5,5801.4,
2025-05-25,5806.8,5862.6,5800.0,5852.1,
2025-05-26,5852.4,5881.4,5848.3,5865.8,
2025-05-27,5865.7,5928.8,5849.7,5924.6,
2025-05-28,5924.5,5985.2,5880.9,5979.5,
2025-05-29,5979.7,5995.8,5873.0,5894.0,
2025-05-30,5893.9,5922.5,5843.7,5903.8,
2025-06-01,5886.9,5898.3,5882.4,5887.6,
2025-06-02,5887.5,5945.1,5857.1,5925.6,
2025-06-03,5925.8,5981.3,5900.4,5974.6,
2025-06-04,5974.4,5989.9,5964.4,5965.6,
2025-06-05,5965.9,6005.8,5920.7,5939.9,
2025-06-06,5939.8,6017.9,5939.8,6002.6,
2025-06-08,6003.5,6007.7,5987.6,5995.2,
2025-06-09,5995.7,6021.5,5984.7,6008.2,
2025-06-10,6008.0,6047.0,5986.1,6037.1,
2025-06-11,6036.6,6069.3,6001.9,6014.3,
2025-06-12,6014.5,6045.8,5984.4,6011.1,
2025-06-13,6011.3,6026.4,5924.5,5975.5,
2025-06-15,5944.9,5986.1,5944.9,5984.3,
2025-06-16,5983.9,6050.6,5979.3,5995.5,
2025-06-17,5995.8,6023.7,5962.4,5968.8,
2025-06-18,5968.9,6018.4,5968.9,5980.5,
2025-06-19,5980.2,5981.0,5916.9,5962.9,
2025-06-20,5963.2,6017.9,5952.2,5973.8,
2025-06-22,5912.4,5956.5,5909.8,5948.7,
2025-06-23,5949.0,6061.3,5938.8,6057.4,
2025-06-24,6057.4,6102.0,6048.9,6093.6,
2025-06-25,6094.0,6108.1,6079.2,6095.1,
2025-06-26,6095.4,6153.3,6093.1,6144.5,
2025-06-27,6144.8,6187.5,6132.3,6168.6,
2025-06-29,6174.0,6193.1,6173.1,6186.6,
2025-06-30,6186.5,6214.6,6174.0,6200.5,
2025-07-01,6200.8,6211.0,6177.6,6202.3,
2025-07-02,6202.2,6230.3,6186.0,6228.4,
2025-07-03,6228.3,6284.9,6221.4,6270.1,
2025-07-04,6270.0,6273.1,6228.8,6236.0,
2025-07-06,6261.0,6265.1,6248.3,6254.0,
2025-07-07,6253.9,6267.9,6200.9,6223.3,
2025-07-08,6223.3,6244.1,6217.4,6225.3,
2025-07-09,6224.6,6270.1,6215.0,6258.1,
2025-07-10,6258.1,6290.2,6242.3,6286.8,
2025-07-11,6286.8,6286.8,6233.9,6252.4,
2025-07-13,6231.6,6238.3,6222.3,6233.9,
2025-07-14,6234.1,6273.2,6218.3,6262.6,
2025-07-15,6262.1,6300.6,6224.6,6232.4,
2025-07-16,6232.6,6268.1,6201.8,6253.6,
2025-07-17,6253.8,6311.6,6249.1,6310.3,
2025-07-18,6310.1,6317.9,6285.1,6296.6,
2025-07-20,6297.4,6305.0,6292.1,6304.6,
2025-07-21,6304.9,6336.7,6300.9,6311.6,
2025-07-22,6311.5,6326.8,6282.5,6326.1,
2025-07-23,6326.5,6370.4,6312.8,6368.2,
2025-07-24,6367.8,6381.4,6355.8,6376.1,
2025-07-25,6376.1,6395.8,6366.4,6393.4,
2025-07-27,6416.5,6420.1,6408.7,6413.8,
2025-07-28,6413.8,6423.3,6375.5,6395.3,
2025-07-29,6395.6,6409.6,6363.9,6375.6,
2025-07-30,6375.4,6415.2,6335.0,6410.7,
2025-07-31,6410.4,6436.7,6321.1,6333.4,
2025-08-01,6333.1,6342.6,6212.4,6235.6,
2025-08-03,6230.9,6245.4,6225.0,6244.1,
2025-08-04,6244.0,6344.9,6242.8,6337.6,
2025-08-05,6337.3,6350.9,6287.6,6291.1,
2025-08-06,6290.5,6362.4,6290.5,6355.4,
2025-08-07,6355.0,6401.8,6310.3,6353.3,
2025-08-08,6353.2,6402.0,6345.5,6401.3,
2025-08-10,6398.9,6401.2,6389.3,6390.9,
2025-08-11,6390.8,6407.7,6364.6,6376.4,
2025-08-12,6376.0,6449.6,6368.9,6449.4,
2025-08-13,6449.3,6480.4,6439.1,6465.5,
2025-08-14,6465.7,6473.7,6431.2,6469.3,
2025-08-15,6469.5,6487.4,6441.6,6446.8,
2025-08-17,6447.3,6462.4,6447.3,6460.5,
2025-08-18,6460.6,6464.1,6436.3,6451.4,
2025-08-19,6451.6,6456.3,6400.0,6408.1,
2025-08-20,6408.5,6411.3,6343.8,6392.8,
2025-08-21,6392.6,6400.4,6352.2,6381.6,
2025-08-22,6381.0,6479.3,6347.5,6467.7,
2025-08-24,6474.0,6474.0,6462.9,6466.9,
2025-08-25,6467.2,6470.9,6437.4,6444.7,
2025-08-26,6444.5,6473.6,6415.5,6471.4,
2025-08-27,6471.6,6489.1,6445.3,6461.9,
2025-08-28,6461.8,6508.5,6457.1,6502.1,
2025-08-29,6501.9,6504.6,6444.3,6462.1,
2025-08-31,6468.0,6478.8,6463.5,6477.1,
2025-09-01,6477.6,6480.4,6448.4,6458.6,
2025-09-02,6458.8,6465.1,6360.3,6424.3,
2025-09-03,6423.4,6454.1,6415.1,6445.9,
2025-09-04,6445.5,6508.6,6444.4,6506.6,
2025-09-05,6506.9,6532.6,6443.3,6480.5,
2025-09-07,6478.6,6498.5,6472.8,6497.6,
2025-09-08,6497.4,6508.6,6482.8,6502.5,
2025-09-09,6502.7,6530.6,6482.0,6523.0,
2025-09-10,6522.8,6557.1,6516.0,6540.1,
2025-09-11,6540.0,6592.7,6530.8,6588.9,
2025-09-12,6588.6,6600.2,6572.1,6584.4,
2025-09-14,6585.0,6588.5,6582.1,6584.1,
2025-09-15,6584.4,6619.0,6554.1,6615.5,
2025-09-16,6615.2,6634.7,6600.4,6612.4,
2025-09-17,6612.1,6626.2,6550.4,6623.4,
2025-09-18,6623.0,6659.7,6610.5,6644.9,
2025-09-19,6644.8,6671.5,6621.1,6659.9,
2025-09-21,6657.3,6666.2,6653.4,6655.6,
2025-09-22,6660.1,6698.9,6640.5,6694.1,
2025-09-23,6693.4,6699.3,6646.4,6662.2,
2025-09-24,6662.1,6672.7,6622.2,6643.4,
2025-09-25,6643.2,6650.2,6569.8,6605.4,
2025-09-26,6605.8,6649.6,6599.9,6644.6,
2025-09-28,6645.1,6654.8,6644.8,6653.1,
2025-09-29,6652.6,6683.4,6644.5,6659.4,
2025-09-30,6658.9,6691.1,6640.9,6672.1,
2025-10-01,6672.3,6718.9,6629.1,6709.9,
2025-10-02,6711.1,6732.5,6692.5,6721.4,
2025-10-03,6721.5,6751.9,6705.6,6714.1,
2025-10-05,6719.9,6734.9,6719.4,6730.0,
2025-10-06,6730.3,6749.6,6718.4,6731.5,
2025-10-07,6731.1,6755.6,6699.6,6712.7,
2025-10-08,6713.0,6765.6,6711.6,6762.4,
2025-10-09,6761.9,6762.5,6716.0,6746.4,
2025-10-10,6746.6,6762.1,6499.1,6510.8,
2025-10-12,6613.0,6632.9,6602.3,6628.0,
2025-10-13,6627.6,6669.6,6613.1,6650.5,
2025-10-14,6650.9,6681.8,6552.9,6649.4,
2025-10-15,6649.3,6726.5,6611.5,6675.4,
2025-10-16,6675.0,6710.0,6593.1,6614.0,
2025-10-17,6614.4,6679.9,6534.6,6672.9,
2025-10-19,6685.6,6687.9,6664.6,6668.9,
2025-10-20,6668.4,6745.0,6657.4,6741.1,
2025-10-21,6740.6,6752.4,6722.6,6733.8,
2025-10-22,6734.1,6752.9,6655.0,6691.9,
2025-10-23,6691.8,6749.5,6682.8,6746.3,
2025-10-24,6746.4,6806.9,6742.8,6791.6,
2025-10-26,6839.2,6847.5,6834.4,6838.0,
2025-10-27,6837.9,6884.9,6834.5,6878.6,
2025-10-28,6878.9,6911.6,6868.1,6895.8,
2025-10-29,6895.9,6920.1,6852.1,6891.0,
2025-10-30,6891.9,6922.3,6819.8,6868.0,
2025-10-31,6867.8,6887.9,6814.0,6841.9,
2025-11-02,6849.0,6865.5,6847.3,6863.0,
2025-11-03,6862.8,6879.3,6820.2,6847.4,
2025-11-04,6847.2,6847.3,6757.8,6765.6,
2025-11-05,6765.7,6829.6,6721.0,6807.4,
2025-11-06,6807.6,6816.4,6707.9,6740.1,
2025-11-07,6740.0,6746.5,6631.7,6740.5,
2025-11-09,6762.1,6767.5,6752.4,6758.5,
2025-11-10,6757.4,6841.2,6745.8,6839.0,
2025-11-11,6838.9,6855.6,6806.8,6847.8,
2025-11-12,6848.2,6876.8,6828.6,6835.4,
2025-11-13,6835.3,6869.4,6724.5,6745.4,
2025-11-14,6745.5,6774.3,6649.8,6744.1,
2025-11-16,6743.6,6749.8,6721.1,6746.3,
2025-11-17,6746.5,6780.9,6639.0,6681.9,
2025-11-18,6681.4,6688.9,6574.9,6622.8,
2025-11-19,6622.3,6712.6,6594.6,6712.3,
2025-11-20,6712.0,6770.5,6523.3,6547.8,
2025-11-21,6547.6,6660.0,6507.9,6614.3,
2025-11-23,6638.7,6649.7,6633.9,6636.9,
2025-11-24,6636.4,6715.2,6609.4,6706.4,
2025-11-25,6705.8,6776.3,6658.9,6769.6,
2025-11-26,6770.3,6831.5,6766.4,6814.9,
2025-11-27,6814.3,6824.0,6809.7,6823.9,
2025-11-28,6823.8,6851.8,6819.4,6845.8,
2025-11-30,6848.6,6854.5,6837.5,6841.5,
2025-12-01,6842.3,6845.2,6790.6,6813.7,
2025-12-02,6813.6,6854.1,6801.6,6837.1,
2025-12-03,6837.5,6864.2,6808.0,6855.1,
2025-12-04,6853.9,6869.9,6825.7,6854.9,
2025-12-05,6852.1,6895.7,6845.3,6870.8,
2025-12-07,6876.2,6877.7,6867.7,6870.9,
2025-12-08,6873.0,6885.5,6825.4,6859.6,
2025-12-09,6860.6,6865.1,6835.8,6838.4,
2025-12-10,6839.6,6901.0,6823.7,6875.8,
2025-12-11,6875.9,6922.2,6811.3,6900.9,
2025-12-12,6897.3,6909.4,6801.3,6829.9,
2025-12-14,6833.1,6835.6,6816.8,6830.8,
2025-12-15,6830.3,6870.3,6802.0,6812.7,
2025-12-16,6813.3,6828.9,6755.5,6786.2,
2025-12-17,6787.8,6825.2,6718.1,6728.3,
2025-12-18,6726.9,6816.0,6716.1,6775.0,
2025-12-19,6775.5,6839.7,6766.0,6837.8,
2025-12-21,6849.6,6851.4,6845.0,6850.4,
2025-12-22,6850.3,6880.2,6844.6,6875.8,
2025-12-23,6876.0,6908.7,6858.4,6904.1,
2025-12-24,6904.1,6936.9,6899.6,6928.9,
2025-12-25,6930.8,6939.7,6930.8,6934.8,
2025-12-26,6934.7,6943.7,6919.2,6927.2,
2025-12-28,6932.7,6934.8,6929.3,6932.0,
2025-12-29,6931.8,6937.3,6888.8,6904.1,
2025-12-30,6904.3,6914.3,6892.6,6895.9,
2025-12-31,6895.6,6904.6,6843.6,6845.1,
2026-01-01,6853.4,6858.5,6850.7,6856.5,
2026-01-02,6856.2,6893.0,6820.5,6853.7,
2026-01-04,6861.5,6865.6,6855.8,6863.3,
2026-01-05,6863.4,6919.4,6858.6,6898.0,
2026-01-06,6898.3,6948.8,6887.5,6944.1,
2026-01-07,6944.7,6963.8,6915.3,6922.7,
2026-01-08,6922.5,6935.7,6893.7,6922.6,
2026-01-09,6922.2,6976.0,6913.0,6963.2,
2026-01-11,6962.3,6962.3,6952.6,6958.7,
2026-01-12,6958.9,6985.4,6911.0,6967.1,
2026-01-13,6967.0,6997.4,6938.1,6959.6,
2026-01-14,6959.7,6964.3,6885.3,6922.5,
2026-01-15,6922.4,6979.7,6915.2,6952.6,
2026-01-16,6952.8,6969.8,6923.8,6940.8,
2026-01-18,6888.3,6900.4,6883.4,6898.9,
2026-01-19,6898.0,6899.1,6853.5,6873.2,
2026-01-20,6873.6,6879.7,6788.7,6798.9,
2026-01-21,6799.6,6911.9,6781.7,6891.7,
2026-01-22,6892.3,6935.9,6878.7,6909.0,
2026-01-23,6908.6,6931.4,6892.6,6901.6,
2026-01-25,6854.7,6886.7,6850.9,6884.8,
2026-01-26,6885.0,6965.2,6882.5,6952.2,
2026-01-27,6952.4,6989.7,6948.7,6984.5,
2026-01-28,6984.8,7014.8,6949.4,6969.0,
2026-01-29,6968.9,7002.0,6871.3,6959.6,
2026-01-30,6960.1,6963.4,6890.9,6935.5,
2026-02-01,6914.0,6927.5,6893.8,6921.9,
2026-02-02,6921.8,6998.2,6840.3,6991.4,
2026-02-03,6990.9,7003.2,6862.4,6918.9,
2026-02-04,6919.6,6941.8,6839.5,6895.6,
2026-02-05,6894.5,6912.5,6742.7,6749.8,
2026-02-06,6749.7,6943.6,6730.0,6924.3,
2026-02-08,6947.2,6958.1,6939.5,6953.2,
2026-02-09,6952.6,6980.5,6901.0,6959.4,
2026-02-10,6959.3,6986.5,6937.7,6955.8,
2026-02-11,6956.1,6992.3,6912.9,6939.1,
2026-02-12,6938.8,6974.1,6823.6,6842.1,
2026-02-13,6841.0,6879.0,6791.0,6830.5,
2026-02-15,6842.4,6844.8,6828.2,6844.8,
2026-02-16,6843.8,6869.3,6825.0,6848.1,
2026-02-17,6848.7,6867.4,6774.9,6834.5,
2026-02-18,6834.3,6909.8,6834.0,6879.2,
2026-02-19,6879.5,6896.7,6832.5,6865.0,
2026-02-20,6865.1,6915.0,6832.8,6910.5,
2026-02-22,6905.1,6909.7,6887.7,6893.5,
2026-02-23,6893.1,6917.2,6820.7,6845.1,
2026-02-24,6844.9,6900.4,6816.4,6892.7,
2026-02-25,6892.5,6968.7,6883.7,6937.8,
2026-02-26,6937.5,6959.3,6860.0,6882.0,
2026-02-27,6881.4,6905.0,6831.0,6865.5,
2026-03-01,6820.2,6829.6,6803.7,6808.3,
2026-03-02,6808.7,6902.1,6760.6,6868.9,
2026-03-03,6869.4,6871.8,6711.4,6803.1,
2026-03-04,6804.4,6886.4,6766.4,6878.6,
2026-03-05,6878.8,6894.0,6770.5,6834.2,
2026-03-06,6834.7,6846.8,6709.6,6734.8,
2026-03-08,6640.7,6642.8,6609.4,6623.4,
2026-03-09,6623.6,6812.7,6580.3,6767.1,
2026-03-10,6767.4,6846.9,6757.9,6793.3,
2026-03-11,6792.9,6818.3,6711.6,6725.3,
2026-03-12,6726.3,6756.8,6668.5,6676.7,
2026-03-13,6675.9,6733.8,6621.8,6622.5,
2026-03-15,6630.4,6661.4,6614.7,6647.4,
2026-03-16,6648.0,6731.9,6647.4,6700.4,
2026-03-17,6700.5,6756.0,6664.3,6714.6,
2026-03-18,6714.4,6762.1,6602.9,6618.8,
2026-03-19,6619.2,6643.2,6560.8,6622.5,
2026-03-20,6622.2,6634.7,6473.4,6535.4,
2026-03-22,6465.9,6512.2,6465.9,6490.9,
2026-03-23,6490.8,6698.0,6433.1,6596.7,
2026-03-24,6597.1,6630.6,6524.0,6603.7,
2026-03-25,6603.8,6637.2,6569.7,6583.2,
2026-03-26,6583.6,6600.2,6469.6,6505.3,
2026-03-27,6505.6,6522.3,6343.3,6352.0,
2026-03-29,6342.5,6345.6,6320.4,6325.2,
2026-03-30,6326.3,6434.4,6316.5,6329.6,
2026-03-31,6330.4,6548.7,6312.4,6548.1,
2026-04-01,6547.1,6609.9,6533.3,6574.2,
2026-04-02,6574.0,6602.1,6463.3,6583.2,
2026-04-03,6583.4,6591.4,6558.0,6561.9,
2026-04-05,6547.4,6550.4,6528.5,6547.7,
2026-04-06,6548.2,6619.9,6547.5,6602.8,
2026-04-07,6600.0,6779.4,6534.4,6765.2,
2026-04-08,6764.6,6806.9,6740.3,6772.5,
2026-04-09,6773.3,6835.5,6752.6,6817.9,
2026-04-10,6817.8,6846.0,6808.3,6825.4,
2026-04-12,6743.4,6754.6,6729.1,6745.7,
2026-04-13,6746.7,6893.8,6739.2,6888.1,
2026-04-14,6888.0,6975.7,6882.8,6970.7,
2026-04-15,6969.9,7032.6,6954.5,7031.7,
2026-04-16,7031.8,7051.7,7009.4,7047.4,
2026-04-17,7047.5,7147.4,7039.1,7126.8,
2026-04-19,7065.7,7079.0,7049.5,7070.1,
2026-04-20,7069.6,7124.4,7065.1,7118.3,
2026-04-21,7119.1,7146.5,7050.1,7096.4,
2026-04-22,7097.4,7138.5,7094.4,7129.3,
2026-04-23,7129.5,7147.5,7047.2,7121.1,
2026-04-24,7121.9,7168.3,7103.9,7164.0,
2026-04-26,7154.0,7159.7,7140.7,7147.5,
2026-04-27,7148.0,7189.7,7146.5,7186.6,
2026-04-28,7186.5,7192.4,7115.8,7148.5,
2026-04-29,7149.0,7166.4,7101.3,7162.8,
2026-04-30,7164.3,7234.1,7104.0,7223.6,
2026-05-01,7224.7,7271.9,7216.6,7219.8,
2026-05-03,7247.6,7251.4,7232.1,7234.5,
2026-05-04,7234.1,7246.4,7172.9,7201.3,
2026-05-05,7201.4,7293.1,7197.8,7288.4,
2026-05-06,7288.5,7368.8,7273.6,7354.0,
2026-05-07,7353.9,7385.4,7320.3,7338.1,
2026-05-08,7340.6,7402.1,7340.2,7396.7,
2026-05-10,7380.8,7385.8,7367.1,7379.4,
2026-05-11,7379.3,7428.7,7374.1,7414.4,
2026-05-12,7412.4,7412.4,7339.0,7388.2,
2026-05-13,7388.4,7460.8,7375.4,7457.3,
2026-05-14,7456.8,7517.0,7448.0,7498.6,
2026-05-15,7498.2,7504.3,7387.6,7396.4,
2026-05-17,7391.1,7413.4,7376.5,7389.5,
2026-05-18,7390.2,7432.8,7352.8,7407.8,
2026-05-19,7408.7,7419.2,7333.7,7362.1,
2026-05-20,7360.1,7436.3,7336.0,7401.6,
2026-05-21,7400.9,7466.3,7389.8,7461.2,
2026-05-22,7462.3,7506.3,7453.0,7467.3,
2026-05-24,7503.9,7527.0,7503.9,7520.4,
2026-05-25,7520.8,7551.8,7517.9,7530.6,
2026-05-26,7530.8,7539.3,7501.5,7528.1,
2026-05-27,7528.7,7555.0,7499.2,7518.2,
2026-05-28,7518.3,7576.8,7489.7,7569.8,
2026-05-29,7569.5,7598.1,7557.0,7577.7,
2026-05-31,7582.0,7593.9,7573.1,7592.6,
2026-06-01,7593.2,7616.7,7563.9,7584.5,
2026-06-02,7583.2,7620.8,7564.6,7613.7,
2026-06-03,7614.7,7616.1,7517.0,7522.1,
2026-06-04,7520.1,7598.3,7512.9,7562.0,
2026-06-05,7561.3,7566.0,7347.7,7355.7,
