date,open,high,low,close
2007-11-16,100.0,100.0,100.0,100.0
2007-11-19,100.78399999999999,100.78399999999999,100.78399999999999,100.78399999999999
2007-11-20,100.64693375999998,100.64693375999998,100.64693375999998,100.64693375999998
2007-11-21,101.27497062666238,101.27497062666238,101.27497062666238,101.27497062666238
2007-11-22,101.30737861726291,101.30737861726291,101.30737861726291,101.30737861726291
2007-11-23,101.35600615899921,101.35600615899921,101.35600615899921,101.35600615899921
2007-11-26,102.66147151832712,102.66147151832712,102.66147151832712,102.66147151832712
2007-11-27,101.7909022398517,101.7909022398517,101.7909022398517,101.7909022398517
2007-11-28,101.01729138282882,101.01729138282882,101.01729138282882,101.01729138282882
2007-11-29,101.96281323017212,101.96281323017212,101.96281323017212,101.96281323017212
2007-11-30,101.79967272900383,101.79967272900383,101.79967272900383,101.79967272900383
2007-12-03,102.58963818938089,102.58963818938089,102.58963818938089,102.58963818938089
2007-12-04,102.17927963662336,102.17927963662336,102.17927963662336,102.17927963662336
2007-12-05,101.74603949096408,101.74603949096408,101.74603949096408,101.74603949096408
2007-12-06,101.24137913508888,101.24137913508888,101.24137913508888,101.24137913508888
2007-12-07,100.49624258465461,100.49624258465461,100.49624258465461,100.49624258465461
2007-12-10,100.07013851609568,100.07013851609568,100.07013851609568,100.07013851609568
2007-12-11,101.58319901045904,101.58319901045904,101.58319901045904,101.58319901045904
2007-12-12,100.62425361180031,100.62425361180031,100.62425361180031,100.62425361180031
2007-12-13,99.64216089654914,99.64216089654914,99.64216089654914,99.64216089654914
2007-12-14,99.41099108326915,99.41099108326915,99.41099108326915,99.41099108326915
2007-12-17,100.13470309835535,100.13470309835535,100.13470309835535,100.13470309835535
2007-12-18,100.36701560954356,100.36701560954356,100.36701560954356,100.36701560954356
2007-12-19,101.07359939943474,101.07359939943474,101.07359939943474,101.07359939943474
2007-12-20,100.91188164039563,100.91188164039563,100.91188164039563,100.91188164039563
2007-12-21,99.95927347771031,99.95927347771031,99.95927347771031,99.95927347771031
2007-12-24,99.6234103188252,99.6234103188252,99.6234103188252,99.6234103188252
2007-12-26,99.05754934821428,99.05754934821428,99.05754934821428,99.05754934821428
2007-12-27,99.70736687193855,99.70736687193855,99.70736687193855,99.70736687193855
2007-12-28,100.7124171300077,100.7124171300077,100.7124171300077,100.7124171300077
2007-12-31,101.0508108515645,101.0508108515645,101.0508108515645,101.0508108515645
2008-01-02,102.10173928442077,102.10173928442077,102.10173928442077,102.10173928442077
2008-01-03,102.19158881499106,102.19158881499106,102.19158881499106,102.19158881499106
2008-01-04,102.34692002998985,102.34692002998985,102.34692002998985,102.34692002998985
2008-01-07,102.658054666881,102.658054666881,102.658054666881,102.658054666881
2008-01-08,103.126175396162,103.126175396162,103.126175396162,103.126175396162
2008-01-09,102.75492116473582,102.75492116473582,102.75492116473582,102.75492116473582
2008-01-10,102.22881596837237,102.22881596837237,102.22881596837237,102.22881596837237
2008-01-11,103.03028988556441,103.03028988556441,103.03028988556441,103.03028988556441
2008-01-14,103.18689592619049,103.18689592619049,103.18689592619049,103.18689592619049
2008-01-15,103.93809652853314,103.93809652853314,103.93809652853314,103.93809652853314
2008-01-16,103.44750871291846,103.44750871291846,103.44750871291846,103.44750871291846
2008-01-17,104.35784678959212,104.35784678959212,104.35784678959212,104.35784678959212
2008-01-18,104.29940639538995,104.29940639538995,104.29940639538995,104.29940639538995
2008-01-21,105.43418393697179,105.43418393697179,105.43418393697179,105.43418393697179
2008-01-22,106.15957112245815,106.15957112245815,106.15957112245815,106.15957112245815
2008-01-23,104.54594564139678,104.54594564139678,104.54594564139678,104.54594564139678
2008-01-24,103.71794175191692,103.71794175191692,103.71794175191692,103.71794175191692
2008-01-25,104.93766474691948,104.93766474691948,104.93766474691948,104.93766474691948
2008-01-28,104.71939440424588,104.71939440424588,104.71939440424588,104.71939440424588
2008-01-29,103.91514945522127,103.91514945522127,103.91514945522127,103.91514945522127
2008-01-30,104.18117223782662,104.18117223782662,104.18117223782662,104.18117223782662
2008-01-31,104.59789692677792,104.59789692677792,104.59789692677792,104.59789692677792
2008-02-01,104.60626475853208,104.60626475853208,104.60626475853208,104.60626475853208
2008-02-04,104.2045767018593,104.2045767018593,104.2045767018593,104.2045767018593
2008-02-05,104.8381405282066,104.8381405282066,104.8381405282066,104.8381405282066
2008-02-06,104.5865289909389,104.5865289909389,104.5865289909389,104.5865289909389
2008-02-07,103.13068450738503,103.13068450738503,103.13068450738503,103.13068450738503
2008-02-08,104.1372399881771,104.1372399881771,104.1372399881771,104.1372399881771
2008-02-11,104.40383132254682,104.40383132254682,104.40383132254682,104.40383132254682
2008-02-12,104.03632983629147,104.03632983629147,104.03632983629147,104.03632983629147
2008-02-13,103.42043476366062,103.42043476366062,103.42043476366062,103.42043476366062
2008-02-14,102.70890217248665,102.70890217248665,102.70890217248665,102.70890217248665
2008-02-15,103.17725476639322,103.17725476639322,103.17725476639322,103.17725476639322
2008-02-19,101.99690697186567,101.99690697186567,101.99690697186567,101.99690697186567
2008-02-20,102.12746301278966,102.12746301278966,102.12746301278966,102.12746301278966
2008-02-21,102.9935038991381,102.9935038991381,102.9935038991381,102.9935038991381
2008-02-22,102.83695377321142,102.83695377321142,102.83695377321142,102.83695377321142
2008-02-25,101.97312336151644,101.97312336151644,101.97312336151644,101.97312336151644
2008-02-26,102.39733155470034,102.39733155470034,102.39733155470034,102.39733155470034
2008-02-27,102.44648227384661,102.44648227384661,102.44648227384661,102.44648227384661
2008-02-28,103.92171161858998,103.92171161858998,103.92171161858998,103.92171161858998
2008-02-29,105.19371336880153,105.19371336880153,105.19371336880153,105.19371336880153
2008-03-03,104.89917097136889,104.89917097136889,104.89917097136889,104.89917097136889
2008-03-04,104.26138401186296,104.26138401186296,104.26138401186296,104.26138401186296
2008-03-05,103.83599756509454,103.83599756509454,103.83599756509454,103.83599756509454
2008-03-06,104.55869610814761,104.55869610814761,104.55869610814761,104.55869610814761
2008-03-07,105.00202497964615,105.00202497964615,105.00202497964615,105.00202497964615
2008-03-10,105.63203712952402,105.63203712952402,105.63203712952402,105.63203712952402
2008-03-11,104.49966169149552,104.49966169149552,104.49966169149552,104.49966169149552
2008-03-12,105.83725736114664,105.83725736114664,105.83725736114664,105.83725736114664
2008-03-13,105.10909703050196,105.10909703050196,105.10909703050196,105.10909703050196
2008-03-14,105.61362069624836,105.61362069624836,105.61362069624836,105.61362069624836
2008-03-17,107.04151684806162,107.04151684806162,107.04151684806162,107.04151684806162
2008-03-18,105.27747265040557,105.27747265040557,105.27747265040557,105.27747265040557
2008-03-19,106.7345128718872,106.7345128718872,106.7345128718872,106.7345128718872
2008-03-20,106.64058650055995,106.64058650055995,106.64058650055995,106.64058650055995
2008-03-24,104.78930591891023,104.78930591891023,104.78930591891023,104.78930591891023
2008-03-25,105.16654742021831,105.16654742021831,105.16654742021831,105.16654742021831
2008-03-26,105.57880028610556,105.57880028610556,105.57880028610556,105.57880028610556
2008-03-27,105.07202204473225,105.07202204473225,105.07202204473225,105.07202204473225
2008-03-28,105.76970027110929,105.76970027110929,105.76970027110929,105.76970027110929
2008-03-31,105.93893179154306,105.93893179154306,105.93893179154306,105.93893179154306
2008-04-01,104.77784109910773,104.77784109910773,104.77784109910773,104.77784109910773
2008-04-02,104.39225864386302,104.39225864386302,104.39225864386302,104.39225864386302
2008-04-03,104.47577245077811,104.47577245077811,104.47577245077811,104.47577245077811
2008-04-04,105.51217211348983,105.51217211348983,105.51217211348983,105.51217211348983
2008-04-07,104.86221713327073,104.86221713327073,104.86221713327073,104.86221713327073
2008-04-08,104.71960451796949,104.71960451796949,104.71960451796949,104.71960451796949
2008-04-09,105.4149426919688,105.4149426919688,105.4149426919688,105.4149426919688
2008-04-10,104.87521818538592,104.87521818538592,104.87521818538592,104.87521818538592
2008-04-11,105.42895933740475,105.42895933740475,105.42895933740475,105.42895933740475
2008-04-14,105.142192568007,105.142192568007,105.142192568007,105.142192568007
2008-04-15,104.35993465530105,104.35993465530105,104.35993465530105,104.35993465530105
2008-04-16,103.45826481987925,103.45826481987925,103.45826481987925,103.45826481987925
2008-04-17,103.36722154683775,103.36722154683775,103.36722154683775,103.36722154683775
2008-04-18,103.50780096814145,103.50780096814145,103.50780096814145,103.50780096814145
2008-04-21,103.31734661436008,103.31734661436008,103.31734661436008,103.31734661436008
2008-04-22,103.58183902169283,103.58183902169283,103.58183902169283,103.58183902169283
2008-04-23,103.26695023106687,103.26695023106687,103.26695023106687,103.26695023106687
2008-04-24,102.45733734125531,102.45733734125531,102.45733734125531,102.45733734125531
2008-04-25,102.15406362272519,102.15406362272519,102.15406362272519,102.15406362272519
2008-04-28,102.48912895140772,102.48912895140772,102.48912895140772,102.48912895140772
2008-04-29,102.53832373330441,102.53832373330441,102.53832373330441,102.53832373330441
2008-04-30,103.28480273008284,103.28480273008284,103.28480273008284,103.28480273008284
2008-05-01,102.9956052824386,102.9956052824386,102.9956052824386,102.9956052824386
2008-05-02,102.25403692440504,102.25403692440504,102.25403692440504,102.25403692440504
2008-05-05,102.13951240304971,102.13951240304971,102.13951240304971,102.13951240304971
2008-05-06,101.73912551442974,101.73912551442974,101.73912551442974,101.73912551442974
2008-05-07,102.33328200743401,102.33328200743401,102.33328200743401,102.33328200743401
2008-05-08,102.88178839899386,102.88178839899386,102.88178839899386,102.88178839899386
2008-05-09,102.90648002820963,102.90648002820963,102.90648002820963,102.90648002820963
2008-05-12,102.7418296601645,102.7418296601645,102.7418296601645,102.7418296601645
2008-05-13,101.80482417366379,101.80482417366379,101.80482417366379,101.80482417366379
2008-05-14,101.75595785806041,101.75595785806041,101.75595785806041,101.75595785806041
2008-05-15,102.56186504429625,102.56186504429625,102.56186504429625,102.56186504429625
2008-05-16,102.28289677137576,102.28289677137576,102.28289677137576,102.28289677137576
2008-05-19,102.43836677446825,102.43836677446825,102.43836677446825,102.43836677446825
2008-05-20,102.88909558827591,102.88909558827591,102.88909558827591,102.88909558827591
2008-05-21,102.66685514180523,102.66685514180523,102.66685514180523,102.66685514180523
2008-05-22,101.71410672608927,101.71410672608927,101.71410672608927,101.71410672608927
2008-05-23,102.30811710936965,102.30811710936965,102.30811710936965,102.30811710936965
2008-05-26,102.24263991441964,102.24263991441964,102.24263991441964,102.24263991441964
2008-05-27,101.72733700925099,101.72733700925099,101.72733700925099,101.72733700925099
2008-05-28,101.09255842631326,101.09255842631326,101.09255842631326,101.09255842631326
2008-05-29,100.44556605238486,100.44556605238486,100.44556605238486,100.44556605238486
2008-05-30,100.54199379579516,100.54199379579516,100.54199379579516,100.54199379579516
2008-06-02,101.34632974616152,101.34632974616152,101.34632974616152,101.34632974616152
2008-06-03,101.9381923118791,101.9381923118791,101.9381923118791,101.9381923118791
2008-06-04,101.22054743800348,101.22054743800348,101.22054743800348,101.22054743800348
2008-06-05,100.71849352271099,100.71849352271099,100.71849352271099,100.71849352271099
2008-06-06,101.65316114260175,101.65316114260175,101.65316114260175,101.65316114260175
2008-06-09,100.86433261213517,100.86433261213517,100.86433261213517,100.86433261213517
2008-06-10,100.28335405628927,100.28335405628927,100.28335405628927,100.28335405628927
2008-06-11,100.45985275942834,100.45985275942834,100.45985275942834,100.45985275942834
2008-06-12,99.33470240852274,99.33470240852274,99.33470240852274,99.33470240852274
2008-06-13,98.96915070365938,98.96915070365938,98.96915070365938,98.96915070365938
2008-06-16,98.82663512664611,98.82663512664611,98.82663512664611,98.82663512664611
2008-06-17,99.45912559145664,99.45912559145664,99.45912559145664,99.45912559145664
2008-06-18,99.91265920415367,99.91265920415367,99.91265920415367,99.91265920415367
2008-06-19,99.37712735081942,99.37712735081942,99.37712735081942,99.37712735081942
2008-06-20,99.7030843285301,99.7030843285301,99.7030843285301,99.7030843285301
2008-06-23,99.71903682202266,99.71903682202266,99.71903682202266,99.71903682202266
2008-06-24,100.22162076760566,100.22162076760566,100.22162076760566,100.22162076760566
2008-06-25,100.22162076760566,100.22162076760566,100.22162076760566,100.22162076760566
2008-06-26,100.79889730322706,100.79889730322706,100.79889730322706,100.79889730322706
2008-06-27,101.29885983385107,101.29885983385107,101.29885983385107,101.29885983385107
2008-06-30,101.25023638113082,101.25023638113082,101.25023638113082,101.25023638113082
2008-07-01,100.98293575708463,100.98293575708463,100.98293575708463,100.98293575708463
2008-07-02,101.3787888652524,101.3787888652524,101.3787888652524,101.3787888652524
2008-07-03,101.12736946886658,101.12736946886658,101.12736946886658,101.12736946886658
2008-07-04,101.15164003753911,101.15164003753911,101.15164003753911,101.15164003753911
2008-07-07,101.78282627137337,101.78282627137337,101.78282627137337,101.78282627137337
2008-07-08,101.95382141950927,101.95382141950927,101.95382141950927,101.95382141950927
2008-07-09,102.53291912517206,102.53291912517206,102.53291912517206,102.53291912517206
2008-07-10,102.6723638951823,102.6723638951823,102.6723638951823,102.6723638951823
2008-07-11,101.25137837887297,101.25137837887297,101.25137837887297,101.25137837887297
2008-07-14,102.14239050860705,102.14239050860705,102.14239050860705,102.14239050860705
2008-07-15,102.42838920203114,102.42838920203114,102.42838920203114,102.42838920203114
2008-07-16,101.52701937705328,101.52701937705328,101.52701937705328,101.52701937705328
2008-07-17,101.0478118455936,101.0478118455936,101.0478118455936,101.0478118455936
2008-07-18,100.30409995041003,100.30409995041003,100.30409995041003,100.30409995041003
2008-07-21,100.69729202221562,100.69729202221562,100.69729202221562,100.69729202221562
2008-07-22,100.17366610370009,100.17366610370009,100.17366610370009,100.17366610370009
2008-07-23,100.05345770437566,100.05345770437566,100.05345770437566,100.05345770437566
2008-07-24,101.02197517495401,101.02197517495401,101.02197517495401,101.02197517495401
2008-07-25,100.18147234149839,100.18147234149839,100.18147234149839,100.18147234149839
2008-07-28,100.9508660490811,100.9508660490811,100.9508660490811,100.9508660490811
2008-07-29,100.65205148557581,100.65205148557581,100.65205148557581,100.65205148557581
2008-07-30,100.60373850086273,100.60373850086273,100.60373850086273,100.60373850086273
2008-07-31,101.34418201622908,101.34418201622908,101.34418201622908,101.34418201622908
2008-08-01,101.47390256920986,101.47390256920986,101.47390256920986,101.47390256920986
2008-08-04,101.24660102745482,101.24660102745482,101.24660102745482,101.24660102745482
2008-08-05,100.8254151671806,100.8254151671806,100.8254151671806,100.8254151671806
2008-08-06,100.51890590507237,100.51890590507237,100.51890590507237,100.51890590507237
2008-08-07,101.58038555142991,101.58038555142991,101.58038555142991,101.58038555142991
2008-08-08,101.52350053552112,101.52350053552112,101.52350053552112,101.52350053552112
2008-08-11,101.01182209282211,101.01182209282211,101.01182209282211,101.01182209282211
2008-08-12,101.7956738322624,101.7956738322624,101.7956738322624,101.7956738322624
2008-08-13,101.48621498381232,101.48621498381232,101.48621498381232,101.48621498381232
2008-08-14,101.82720866615793,101.82720866615793,101.82720866615793,101.82720866615793
2008-08-15,102.25895603090245,102.25895603090245,102.25895603090245,102.25895603090245
2008-08-18,102.47165465944674,102.47165465944674,102.47165465944674,102.47165465944674
2008-08-19,102.31589774436438,102.31589774436438,102.31589774436438,102.31589774436438
2008-08-20,102.57782644258995,102.57782644258995,102.57782644258995,102.57782644258995
2008-08-21,102.34805211135853,102.34805211135853,102.34805211135853,102.34805211135853
2008-08-22,102.01235050043329,102.01235050043329,102.01235050043329,102.01235050043329
2008-08-25,102.73051744795634,102.73051744795634,102.73051744795634,102.73051744795634
2008-08-26,102.77982809633134,102.77982809633134,102.77982809633134,102.77982809633134
2008-08-27,102.90316389004693,102.90316389004693,102.90316389004693,102.90316389004693
2008-08-28,102.74675108093405,102.74675108093405,102.74675108093405,102.74675108093405
2008-08-29,102.4097417373886,102.4097417373886,102.4097417373886,102.4097417373886
2008-09-02,103.12251353988083,103.12251353988083,103.12251353988083,103.12251353988083
2008-09-03,103.3947569756261,103.3947569756261,103.3947569756261,103.3947569756261
2008-09-04,104.03166867859595,104.03166867859595,104.03166867859595,104.03166867859595
2008-09-05,103.44076880050153,103.44076880050153,103.44076880050153,103.44076880050153
2008-09-08,103.47386984651767,103.47386984651767,103.47386984651767,103.47386984651767
2008-09-09,104.47549690663196,104.47549690663196,104.47549690663196,104.47549690663196
2008-09-10,103.94894040222253,103.94894040222253,103.94894040222253,103.94894040222253
2008-09-11,103.85746533466857,103.85746533466857,103.85746533466857,103.85746533466857
2008-09-12,103.24262913988733,103.24262913988733,103.24262913988733,103.24262913988733
2008-09-15,105.98475336984272,105.98475336984272,105.98475336984272,105.98475336984272
2008-09-16,105.56929313663292,105.56929313663292,105.56929313663292,105.56929313663292
2008-09-17,105.72131291874969,105.72131291874969,105.72131291874969,105.72131291874969
2008-09-18,104.63872667446168,104.63872667446168,104.63872667446168,104.63872667446168
2008-09-19,102.40364347269517,102.40364347269517,102.40364347269517,102.40364347269517
2008-09-22,102.15787472836071,102.15787472836071,102.15787472836071,102.15787472836071
2008-09-23,102.49295255746974,102.49295255746974,102.49295255746974,102.49295255746974
2008-09-24,102.43555650403755,102.43555650403755,102.43555650403755,102.43555650403755
2008-09-25,102.09137303418399,102.09137303418399,102.09137303418399,102.09137303418399
2008-09-26,102.05870379481303,102.05870379481303,102.05870379481303,102.05870379481303
2008-09-29,104.3774775450312,104.3774775450312,104.3774775450312,104.3774775450312
2008-09-30,102.24817700311254,102.24817700311254,102.24817700311254,102.24817700311254
2008-10-01,102.92710489841322,102.92710489841322,102.92710489841322,102.92710489841322
2008-10-02,103.87403426347863,103.87403426347863,103.87403426347863,103.87403426347863
2008-10-03,104.10671210022882,104.10671210022882,104.10671210022882,104.10671210022882
2008-10-06,105.2810358127194,105.2810358127194,105.2810358127194,105.2810358127194
2008-10-07,104.91044656665862,104.91044656665862,104.91044656665862,104.91044656665862
2008-10-08,103.71866389366137,103.71866389366137,103.71866389366137,103.71866389366137
2008-10-09,102.58190733738684,102.58190733738684,102.58190733738684,102.58190733738684
2008-10-10,101.83511105197067,101.83511105197067,101.83511105197067,101.83511105197067
2008-10-13,100.13242799518171,100.13242799518171,100.13242799518171,100.13242799518171
2008-10-14,100.16447037214016,100.16447037214016,100.16447037214016,100.16447037214016
2008-10-15,101.17412823349134,101.17412823349134,101.17412823349134,101.17412823349134
2008-10-16,101.06081320986983,101.06081320986983,101.06081320986983,101.06081320986983
2008-10-17,101.31144402663033,101.31144402663033,101.31144402663033,101.31144402663033
2008-10-20,101.93552252183436,101.93552252183436,101.93552252183436,101.93552252183436
2008-10-21,102.94672290525098,102.94672290525098,102.94672290525098,102.94672290525098
2008-10-22,104.09149046395736,104.09149046395736,104.09149046395736,104.09149046395736
2008-10-23,103.42530492498803,103.42530492498803,103.42530492498803,103.42530492498803
2008-10-24,103.39220882741202,103.39220882741202,103.39220882741202,103.39220882741202
2008-10-27,103.3012236836439,103.3012236836439,103.3012236836439,103.3012236836439
2008-10-28,102.02855260786141,102.02855260786141,102.02855260786141,102.02855260786141
2008-10-29,101.9387674815665,101.9387674815665,101.9387674815665,101.9387674815665
2008-10-30,101.0090859221346,101.0090859221346,101.0090859221346,101.0090859221346
2008-10-31,101.02524737588215,101.02524737588215,101.02524737588215,101.02524737588215
2008-11-03,101.49400452370622,101.49400452370622,101.49400452370622,101.49400452370622
2008-11-04,102.95551818884758,102.95551818884758,102.95551818884758,102.95551818884758
2008-11-05,103.1861385495906,103.1861385495906,103.1861385495906,103.1861385495906
2008-11-06,103.2934521336822,103.2934521336822,103.2934521336822,103.2934521336822
2008-11-07,102.45057756427136,102.45057756427136,102.45057756427136,102.45057756427136
2008-11-10,102.72924313524618,102.72924313524618,102.72924313524618,102.72924313524618
2008-11-12,103.5757320986806,103.5757320986806,103.5757320986806,103.5757320986806
2008-11-13,101.91852038510171,101.91852038510171,101.91852038510171,101.91852038510171
2008-11-14,102.93770558895274,102.93770558895274,102.93770558895274,102.93770558895274
2008-11-17,103.53886178959225,103.53886178959225,103.53886178959225,103.53886178959225
2008-11-18,104.60738284326085,104.60738284326085,104.60738284326085,104.60738284326085
2008-11-19,106.21415224373334,106.21415224373334,106.21415224373334,106.21415224373334
2008-11-20,109.00970873078842,109.00970873078842,109.00970873078842,109.00970873078842
2008-11-21,107.13474174061885,107.13474174061885,107.13474174061885,107.13474174061885
2008-11-24,106.2262391306584,106.2262391306584,106.2262391306584,106.2262391306584
2008-11-25,108.07882474109707,108.07882474109707,108.07882474109707,108.07882474109707
2008-11-26,109.13367407057018,109.13367407057018,109.13367407057018,109.13367407057018
2008-11-27,108.99398296775986,108.99398296775986,108.99398296775986,108.99398296775986
2008-11-28,109.73514205194061,109.73514205194061,109.73514205194061,109.73514205194061
2008-12-01,111.41189502249426,111.41189502249426,111.41189502249426,111.41189502249426
2008-12-02,111.73276128015905,111.73276128015905,111.73276128015905,111.73276128015905
2008-12-03,112.05455163264591,112.05455163264591,112.05455163264591,112.05455163264591
2008-12-04,112.9868455022295,112.9868455022295,112.9868455022295,112.9868455022295
2008-12-05,111.65812019912329,111.65812019912329,111.65812019912329,111.65812019912329
2008-12-08,111.27401626563831,111.27401626563831,111.27401626563831,111.27401626563831
2008-12-09,112.08409110405215,112.08409110405215,112.08409110405215,112.08409110405215
2008-12-10,111.75232219438416,111.75232219438416,111.75232219438416,111.75232219438416
2008-12-11,112.4675370564282,112.4675370564282,112.4675370564282,112.4675370564282
2008-12-12,112.76445135425716,112.76445135425716,112.76445135425716,112.76445135425716
2008-12-15,113.2786572524326,113.2786572524326,113.2786572524326,113.2786572524326
2008-12-16,115.58954186038221,115.58954186038221,115.58954186038221,115.58954186038221
2008-12-17,116.18136031470738,116.18136031470738,116.18136031470738,116.18136031470738
2008-12-18,117.2502288296027,117.2502288296027,117.2502288296027,117.2502288296027
2008-12-19,116.81874798750975,116.81874798750975,116.81874798750975,116.81874798750975
2008-12-22,116.42623699427173,116.42623699427173,116.42623699427173,116.42623699427173
2008-12-23,116.33309600467629,116.33309600467629,116.33309600467629,116.33309600467629
2008-12-24,116.28656276627443,116.28656276627443,116.28656276627443,116.28656276627443
2008-12-26,116.76101194236084,116.76101194236084,116.76101194236084,116.76101194236084
2008-12-29,117.06926101388866,117.06926101388866,117.06926101388866,117.06926101388866
2008-12-30,117.518806976182,117.518806976182,117.518806976182,117.518806976182
2008-12-31,115.97696022865449,115.97696022865449,115.97696022865449,115.97696022865449
2009-01-02,114.66874011727528,114.66874011727528,114.66874011727528,114.66874011727528
2009-01-05,113.5312262153119,113.5312262153119,113.5312262153119,113.5312262153119
2009-01-06,113.84911364871478,113.84911364871478,113.84911364871478,113.84911364871478
2009-01-07,113.41193305230371,113.41193305230371,113.41193305230371,113.41193305230371
2009-01-08,113.89279964844548,113.89279964844548,113.89279964844548,113.89279964844548
2009-01-09,114.36659369498301,114.36659369498301,114.36659369498301,114.36659369498301
2009-01-12,115.1351372046133,115.1351372046133,115.1351372046133,115.1351372046133
2009-01-13,115.24566693632974,115.24566693632974,115.24566693632974,115.24566693632974
2009-01-14,116.08465539162623,116.08465539162623,116.08465539162623,116.08465539162623
2009-01-15,116.03822152946958,116.03822152946958,116.03822152946958,116.03822152946958
2009-01-16,114.82214096784074,114.82214096784074,114.82214096784074,114.82214096784074
2009-01-19,113.8025203560463,113.8025203560463,113.8025203560463,113.8025203560463
2009-01-20,114.44891867166864,114.44891867166864,114.44891867166864,114.44891867166864
2009-01-21,112.94734885869634,112.94734885869634,112.94734885869634,112.94734885869634
2009-01-22,112.46845209953547,112.46845209953547,112.46845209953547,112.46845209953547
2009-01-23,112.32449248084806,112.32449248084806,112.32449248084806,112.32449248084806
2009-01-26,112.04592773949555,112.04592773949555,112.04592773949555,112.04592773949555
2009-01-27,113.09467762313723,113.09467762313723,113.09467762313723,113.09467762313723
2009-01-28,111.80087451112854,111.80087451112854,111.80087451112854,111.80087451112854
2009-01-29,110.08361307863761,110.08361307863761,110.08361307863761,110.08361307863761
2009-01-30,110.19810003623938,110.19810003623938,110.19810003623938,110.19810003623938
2009-02-02,111.37942366862788,111.37942366862788,111.37942366862788,111.37942366862788
2009-02-03,109.81120138337359,109.81120138337359,109.81120138337359,109.81120138337359
2009-02-04,109.40709616228277,109.40709616228277,109.40709616228277,109.40709616228277
2009-02-05,109.58214751614244,109.58214751614244,109.58214751614244,109.58214751614244
2009-02-06,108.97725406185333,108.97725406185333,108.97725406185333,108.97725406185333
2009-02-09,108.93366316022859,108.93366316022859,108.93366316022859,108.93366316022859
2009-02-10,110.45001975141898,110.45001975141898,110.45001975141898,110.45001975141898
2009-02-11,110.99785184938602,110.99785184938602,110.99785184938602,110.99785184938602
2009-02-12,110.72257717679955,110.72257717679955,110.72257717679955,110.72257717679955
2009-02-13,109.77479191616612,109.77479191616612,109.77479191616612,109.77479191616612
2009-02-16,110.47735058442957,110.47735058442957,110.47735058442957,110.47735058442957
2009-02-17,111.92681342409729,111.92681342409729,111.92681342409729,111.92681342409729
2009-02-18,110.8970867405956,110.8970867405956,110.8970867405956,110.8970867405956
2009-02-19,110.08975594912407,110.08975594912407,110.08975594912407,110.08975594912407
2009-02-20,110.66222268005951,110.66222268005951,110.66222268005951,110.66222268005951
2009-02-23,110.9897828591925,110.9897828591925,110.9897828591925,110.9897828591925
2009-02-24,110.53694454512699,110.53694454512699,110.53694454512699,110.53694454512699
2009-02-25,109.48463283305739,109.48463283305739,109.48463283305739,109.48463283305739
2009-02-26,108.82772503605904,108.82772503605904,108.82772503605904,108.82772503605904
2009-02-27,108.64489445799845,108.64489445799845,108.64489445799845,108.64489445799845
2009-03-02,110.00947433239092,110.00947433239092,110.00947433239092,110.00947433239092
2009-03-03,109.81585765756591,109.81585765756591,109.81585765756591,109.81585765756591
2009-03-04,109.00761294520622,109.00761294520622,109.00761294520622,109.00761294520622
2009-03-05,110.44651343608294,110.44651343608294,110.44651343608294,110.44651343608294
2009-03-06,109.91637017158973,109.91637017158973,109.91637017158973,109.91637017158973
2009-03-09,110.02188988695447,110.02188988695447,110.02188988695447,110.02188988695447
2009-03-10,108.69282545712007,108.69282545712007,108.69282545712007,108.69282545712007
2009-03-11,109.57975891285017,109.57975891285017,109.57975891285017,109.57975891285017
2009-03-12,109.99177880636249,109.99177880636249,109.99177880636249,109.99177880636249
2009-03-13,109.70140051031369,109.70140051031369,109.70140051031369,109.70140051031369
2009-03-16,109.16605767582337,109.16605767582337,109.16605767582337,109.16605767582337
2009-03-17,108.68572702204975,108.68572702204975,108.68572702204975,108.68572702204975
2009-03-18,112.72883606727,112.72883606727,112.72883606727,112.72883606727
2009-03-19,112.15166442660558,112.15166442660558,112.15166442660558,112.15166442660558
2009-03-20,111.95427749721476,111.95427749721476,111.95427749721476,111.95427749721476
2009-03-23,111.76619431101943,111.76619431101943,111.76619431101943,111.76619431101943
2009-03-24,111.26548176050606,111.26548176050606,111.26548176050606,111.26548176050606
2009-03-25,110.5266789616163,110.5266789616163,110.5266789616163,110.5266789616163
2009-03-26,110.95994354314583,110.95994354314583,110.95994354314583,110.95994354314583
2009-03-27,110.79128442896024,110.79128442896024,110.79128442896024,110.79128442896024
2009-03-30,111.14581653913294,111.14581653913294,111.14581653913294,111.14581653913294
2009-03-31,111.63485813190512,111.63485813190512,111.63485813190512,111.63485813190512
2009-04-01,111.77775075031396,111.77775075031396,111.77775075031396,111.77775075031396
2009-04-02,110.64208880269078,110.64208880269078,110.64208880269078,110.64208880269078
2009-04-03,109.61533021860181,109.61533021860181,109.61533021860181,109.61533021860181
2009-04-06,109.29086884115475,109.29086884115475,109.29086884115475,109.29086884115475
2009-04-07,109.5706534653881,109.5706534653881,109.5706534653881,109.5706534653881
2009-04-08,109.92127955647734,109.92127955647734,109.92127955647734,109.92127955647734
2009-04-09,109.32330779569011,109.32330779569011,109.32330779569011,109.32330779569011
2009-04-13,109.89178899622772,109.89178899622772,109.89178899622772,109.89178899622772
2009-04-14,110.53355704396569,110.53355704396569,110.53355704396569,110.53355704396569
2009-04-15,110.69272536610902,110.69272536610902,110.69272536610902,110.69272536610902
2009-04-16,110.09055694011738,110.09055694011738,110.09055694011738,110.09055694011738
2009-04-17,109.11295279448913,109.11295279448913,109.11295279448913,109.11295279448913
2009-04-20,110.00331448929217,110.00331448929217,110.00331448929217,110.00331448929217
2009-04-21,109.53690043585758,109.53690043585758,109.53690043585758,109.53690043585758
2009-04-22,109.20390825853256,109.20390825853256,109.20390825853256,109.20390825853256
2009-04-23,109.30000769780008,109.30000769780008,109.30000769780008,109.30000769780008
2009-04-24,108.69667165530821,108.69667165530821,108.69667165530821,108.69667165530821
2009-04-27,109.42711328883188,109.42711328883188,109.42711328883188,109.42711328883188
2009-04-28,108.49917136814258,108.49917136814258,108.49917136814258,108.49917136814258
2009-04-29,107.74401713542031,107.74401713542031,107.74401713542031,107.74401713542031
2009-04-30,107.64058287897029,107.64058287897029,107.64058287897029,107.64058287897029
2009-05-01,107.31335550701824,107.31335550701824,107.31335550701824,107.31335550701824
2009-05-04,107.37345098610218,107.37345098610218,107.37345098610218,107.37345098610218
2009-05-05,107.21024334060331,107.21024334060331,107.21024334060331,107.21024334060331
2009-05-06,107.33031881314479,107.33031881314479,107.33031881314479,107.33031881314479
2009-05-07,105.74183009471024,105.74183009471024,105.74183009471024,105.74183009471024
2009-05-08,106.17325676149665,106.17325676149665,106.17325676149665,106.17325676149665
2009-05-11,107.13306300262057,107.13306300262057,107.13306300262057,107.13306300262057
2009-05-12,107.11592171254016,107.11592171254016,107.11592171254016,107.11592171254016
2009-05-13,107.68149377918238,107.68149377918238,107.68149377918238,107.68149377918238
2009-05-14,107.85378416922906,107.85378416922906,107.85378416922906,107.85378416922906
2009-05-15,107.49139545442046,107.49139545442046,107.49139545442046,107.49139545442046
2009-05-18,106.57126910933061,106.57126910933061,106.57126910933061,106.57126910933061
2009-05-19,106.53716630321564,106.53716630321564,106.53716630321564,106.53716630321564
2009-05-20,106.9633149684285,106.9633149684285,106.9633149684285,106.9633149684285
2009-05-21,105.48294268926543,105.48294268926543,105.48294268926543,105.48294268926543
2009-05-22,104.79097458522386,104.79097458522386,104.79097458522386,104.79097458522386
2009-05-26,103.97779662244253,103.97779662244253,103.97779662244253,103.97779662244253
2009-05-27,102.38901589005161,102.38901589005161,102.38901589005161,102.38901589005161
2009-05-28,103.42109717022332,103.42109717022332,103.42109717022332,103.42109717022332
2009-05-29,104.67042402403963,104.67042402403963,104.67042402403963,104.67042402403963
2009-06-01,102.83659819513846,102.83659819513846,102.83659819513846,102.83659819513846
2009-06-02,103.38780236146441,103.38780236146441,103.38780236146441,103.38780236146441
2009-06-03,104.02467122401103,104.02467122401103,104.02467122401103,104.02467122401103
2009-06-04,102.52671595838527,102.52671595838527,102.52671595838527,102.52671595838527
2009-06-05,101.50965093607809,101.50965093607809,101.50965093607809,101.50965093607809
2009-06-08,101.04676692780956,101.04676692780956,101.04676692780956,101.04676692780956
2009-06-09,101.2811954270821,101.2811954270821,101.2811954270821,101.2811954270821
2009-06-10,100.64109827198293,100.64109827198293,100.64109827198293,100.64109827198293
2009-06-11,101.32545774023241,101.32545774023241,101.32545774023241,101.32545774023241
2009-06-12,101.8037139007663,101.8037139007663,101.8037139007663,101.8037139007663
2009-06-15,102.5204120466277,102.5204120466277,102.5204120466277,102.5204120466277
2009-06-16,102.94689696074167,102.94689696074167,102.94689696074167,102.94689696074167
2009-06-17,102.72453166330646,102.72453166330646,102.72453166330646,102.72453166330646
2009-06-18,101.57401690867742,101.57401690867742,101.57401690867742,101.57401690867742
2009-06-19,102.03719442578101,102.03719442578101,102.03719442578101,102.03719442578101
2009-06-22,102.7555362745385,102.7555362745385,102.7555362745385,102.7555362745385
2009-06-23,103.24876284865627,103.24876284865627,103.24876284865627,103.24876284865627
2009-06-24,102.72012918287115,102.72012918287115,102.72012918287115,102.72012918287115
2009-06-25,103.91168268139246,103.91168268139246,103.91168268139246,103.91168268139246
2009-06-26,104.03637670061012,104.03637670061012,104.03637670061012,104.03637670061012
2009-06-29,104.43587638714047,104.43587638714047,104.43587638714047,104.43587638714047
2009-06-30,103.96800366092607,103.96800366092607,103.96800366092607,103.96800366092607
2009-07-01,103.87651181770445,103.87651181770445,103.87651181770445,103.87651181770445
2009-07-02,104.25877738119362,104.25877738119362,104.25877738119362,104.25877738119362
2009-07-06,104.19205176366965,104.19205176366965,104.19205176366965,104.19205176366965
2009-07-07,104.6588321555709,104.6588321555709,104.6588321555709,104.6588321555709
2009-07-08,105.89799272829288,105.89799272829288,105.89799272829288,105.89799272829288
2009-07-09,104.99150591053869,104.99150591053869,104.99150591053869,104.99150591053869
2009-07-10,105.9070318420786,105.9070318420786,105.9070318420786,105.9070318420786
2009-07-13,105.43256833942607,105.43256833942607,105.43256833942607,105.43256833942607
2009-07-14,104.4710233161705,104.4710233161705,104.4710233161705,104.4710233161705
2009-07-15,103.30094785502939,103.30094785502939,103.30094785502939,103.30094785502939
2009-07-16,103.63977496399389,103.63977496399389,103.63977496399389,103.63977496399389
2009-07-17,103.00964513221278,103.00964513221278,103.00964513221278,103.00964513221278
2009-07-20,103.31455368180413,103.31455368180413,103.31455368180413,103.31455368180413
2009-07-21,104.37249471150581,104.37249471150581,104.37249471150581,104.37249471150581
2009-07-22,103.87150673689058,103.87150673689058,103.87150673689058,103.87150673689058
2009-07-23,102.92419859545015,102.92419859545015,102.92419859545015,102.92419859545015
2009-07-24,102.90773072367487,102.90773072367487,102.90773072367487,102.90773072367487
2009-07-27,102.37261052391176,102.37261052391176,102.37261052391176,102.37261052391176
2009-07-28,102.69201306874636,102.69201306874636,102.69201306874636,102.69201306874636
2009-07-29,102.87275101174735,102.87275101174735,102.87275101174735,102.87275101174735
2009-07-30,103.2760121957134,103.2760121957134,103.2760121957134,103.2760121957134
2009-07-31,104.37486896547578,104.37486896547578,104.37486896547578,104.37486896547578
2009-08-03,103.0806205903039,103.0806205903039,103.0806205903039,103.0806205903039
2009-08-04,102.66829810794266,102.66829810794266,102.66829810794266,102.66829810794266
2009-08-05,102.052288319295,102.052288319295,102.052288319295,102.052288319295
2009-08-06,102.10127341768826,102.10127341768826,102.10127341768826,102.10127341768826
2009-08-07,101.30079943409358,101.30079943409358,101.30079943409358,101.30079943409358
2009-08-10,101.96533267838122,101.96533267838122,101.96533267838122,101.96533267838122
2009-08-11,102.78105533980826,102.78105533980826,102.78105533980826,102.78105533980826
2009-08-12,102.46037844714806,102.46037844714806,102.46037844714806,102.46037844714806
2009-08-13,103.39481709858605,103.39481709858605,103.39481709858605,103.39481709858605
2009-08-14,103.60160673278322,103.60160673278322,103.60160673278322,103.60160673278322
2009-08-17,104.4304195866455,104.4304195866455,104.4304195866455,104.4304195866455
2009-08-18,104.05447007613358,104.05447007613358,104.05447007613358,104.05447007613358
2009-08-19,104.57058024771119,104.57058024771119,104.57058024771119,104.57058024771119
2009-08-20,104.79645270104625,104.79645270104625,104.79645270104625,104.79645270104625
2009-08-21,103.61434871457847,103.61434871457847,103.61434871457847,103.61434871457847
2009-08-24,104.40181776480925,104.40181776480925,104.40181776480925,104.40181776480925
2009-08-25,104.7024949999719,104.7024949999719,104.7024949999719,104.7024949999719
2009-08-26,104.7276235987719,104.7276235987719,104.7276235987719,104.7276235987719
2009-08-27,104.57681582078968,104.57681582078968,104.57681582078968,104.57681582078968
2009-08-28,104.61028040185232,104.61028040185232,104.61028040185232,104.61028040185232
2009-08-31,105.01198387859543,105.01198387859543,105.01198387859543,105.01198387859543
2009-09-01,105.27241359861435,105.27241359861435,105.27241359861435,105.27241359861435
2009-09-02,105.78614297697557,105.78614297697557,105.78614297697557,105.78614297697557
2009-09-03,105.4560902108874,105.4560902108874,105.4560902108874,105.4560902108874
2009-09-04,104.6377509508509,104.6377509508509,104.6377509508509,104.6377509508509
2009-09-08,104.33639422811245,104.33639422811245,104.33639422811245,104.33639422811245
2009-09-09,104.38647569734194,104.38647569734194,104.38647569734194,104.38647569734194
2009-09-10,105.39693678209221,105.39693678209221,105.39693678209221,105.39693678209221
2009-09-11,105.43909555680504,105.43909555680504,105.43909555680504,105.43909555680504
2009-09-14,104.81489611110875,104.81489611110875,104.81489611110875,104.81489611110875
2009-09-15,104.61365151057542,104.61365151057542,104.61365151057542,104.61365151057542
2009-09-16,104.37931693119174,104.37931693119174,104.37931693119174,104.37931693119174
2009-09-17,105.13084801309634,105.13084801309634,105.13084801309634,105.13084801309634
2009-09-18,104.4243687144483,104.4243687144483,104.4243687144483,104.4243687144483
2009-09-21,104.31576737098528,104.31576737098528,104.31576737098528,104.31576737098528
2009-09-22,104.64123256518276,104.64123256518276,104.64123256518276,104.64123256518276
2009-09-23,104.87562892612878,104.87562892612878,104.87562892612878,104.87562892612878
2009-09-24,105.14411053617967,105.14411053617967,105.14411053617967,105.14411053617967
2009-09-25,105.65721379559622,105.65721379559622,105.65721379559622,105.65721379559622
2009-09-28,106.00376945684577,106.00376945684577,106.00376945684577,106.00376945684577
2009-09-29,105.91048613972376,105.91048613972376,105.91048613972376,105.91048613972376
2009-09-30,105.80033923413845,105.80033923413845,105.80033923413845,105.80033923413845
2009-10-01,106.84987859934112,106.84987859934112,106.84987859934112,106.84987859934112
2009-10-02,106.52505496839912,106.52505496839912,106.52505496839912,106.52505496839912
2009-10-05,106.52505496839912,106.52505496839912,106.52505496839912,106.52505496839912
2009-10-06,106.18417479250024,106.18417479250024,106.18417479250024,106.18417479250024
2009-10-07,106.80429037328845,106.80429037328845,106.80429037328845,106.80429037328845
2009-10-08,106.27454109303693,106.27454109303693,106.27454109303693,106.27454109303693
2009-10-09,105.11827408594469,105.11827408594469,105.11827408594469,105.11827408594469
2009-10-12,105.10145516209096,105.10145516209096,105.10145516209096,105.10145516209096
2009-10-13,105.38733112013186,105.38733112013186,105.38733112013186,105.38733112013186
2009-10-14,104.7887310793695,104.7887310793695,104.7887310793695,104.7887310793695
2009-10-15,104.44502404142916,104.44502404142916,104.44502404142916,104.44502404142916
2009-10-16,104.8795153414415,104.8795153414415,104.8795153414415,104.8795153414415
2009-10-19,105.08927437212438,105.08927437212438,105.08927437212438,105.08927437212438
2009-10-20,105.4760029018138,105.4760029018138,105.4760029018138,105.4760029018138
2009-10-21,105.03722272974227,105.03722272974227,105.03722272974227,105.03722272974227
2009-10-22,104.80193935082764,104.80193935082764,104.80193935082764,104.80193935082764
2009-10-23,104.1898960250188,104.1898960250188,104.1898960250188,104.1898960250188
2009-10-26,103.65644375737071,103.65644375737071,103.65644375737071,103.65644375737071
2009-10-27,104.53545040043322,104.53545040043322,104.53545040043322,104.53545040043322
2009-10-28,104.8448753336185,104.8448753336185,104.8448753336185,104.8448753336185
2009-10-29,104.17386813148335,104.17386813148335,104.17386813148335,104.17386813148335
2009-10-30,105.06559644268887,105.06559644268887,105.06559644268887,105.06559644268887
2009-11-02,104.76300752493393,104.76300752493393,104.76300752493393,104.76300752493393
2009-11-03,104.38586069784417,104.38586069784417,104.38586069784417,104.38586069784417
2009-11-04,103.95996638619695,103.95996638619695,103.95996638619695,103.95996638619695
2009-11-05,103.90174880502067,103.90174880502067,103.90174880502067,103.90174880502067
2009-11-06,104.11786444253512,104.11786444253512,104.11786444253512,104.11786444253512
2009-11-09,104.25946473817697,104.25946473817697,104.25946473817697,104.25946473817697
2009-11-10,104.30950928125131,104.30950928125131,104.30950928125131,104.30950928125131
2009-11-11,104.59323114649632,104.59323114649632,104.59323114649632,104.59323114649632
2009-11-12,104.59323114649632,104.59323114649632,104.59323114649632,104.59323114649632
2009-11-13,104.76894777482242,104.76894777482242,104.76894777482242,104.76894777482242
2009-11-16,105.38917994564937,105.38917994564937,105.38917994564937,105.38917994564937
2009-11-17,105.60838943993632,105.60838943993632,105.60838943993632,105.60838943993632
2009-11-18,105.24509658026292,105.24509658026292,105.24509658026292,105.24509658026292
2009-11-19,105.44716716569704,105.44716716569704,105.44716716569704,105.44716716569704
2009-11-20,105.21940128461912,105.21940128461912,105.21940128461912,105.21940128461912
2009-11-23,105.35408211826342,105.35408211826342,105.35408211826342,105.35408211826342
2009-11-24,105.76707012016702,105.76707012016702,105.76707012016702,105.76707012016702
2009-11-25,106.0716792821131,106.0716792821131,106.0716792821131,106.0716792821131
2009-11-27,106.5893090770098,106.5893090770098,106.5893090770098,106.5893090770098
2009-11-30,106.66605337954526,106.66605337954526,106.66605337954526,106.66605337954526
2009-12-01,105.932190932294,105.932190932294,105.932190932294,105.932190932294
2009-12-02,105.6779536740565,105.6779536740565,105.6779536740565,105.6779536740565
2009-12-03,105.12842831495142,105.12842831495142,105.12842831495142,105.12842831495142
2009-12-04,104.29581116269699,104.29581116269699,104.29581116269699,104.29581116269699
2009-12-07,104.70465074245476,104.70465074245476,104.70465074245476,104.70465074245476
2009-12-08,105.08158748512761,105.08158748512761,105.08158748512761,105.08158748512761
2009-12-09,104.66966766218593,104.66966766218593,104.66966766218593,104.66966766218593
2009-12-10,104.10026467010363,104.10026467010363,104.10026467010363,104.10026467010363
2009-12-11,103.65887954790239,103.65887954790239,103.65887954790239,103.65887954790239
2009-12-14,103.67546496863005,103.67546496863005,103.67546496863005,103.67546496863005
2009-12-15,103.32711540633545,103.32711540633545,103.32711540633545,103.32711540633545
2009-12-16,103.29405072940543,103.29405072940543,103.29405072940543,103.29405072940543
2009-12-17,104.2526195201743,104.2526195201743,104.2526195201743,104.2526195201743
2009-12-18,103.718846108231,103.718846108231,103.718846108231,103.718846108231
2009-12-21,102.60698007795077,102.60698007795077,102.60698007795077,102.60698007795077
2009-12-22,101.96671252226434,101.96671252226434,101.96671252226434,101.96671252226434
2009-12-23,101.9993418702715,101.9993418702715,101.9993418702715,101.9993418702715
2009-12-24,101.58318455544078,101.58318455544078,101.58318455544078,101.58318455544078
2009-12-28,101.23373840057006,101.23373840057006,101.23373840057006,101.23373840057006
2009-12-29,101.59817985881212,101.59817985881212,101.59817985881212,101.59817985881212
2009-12-30,101.67945840269917,101.67945840269917,101.67945840269917,101.67945840269917
2009-12-31,101.32154670912166,101.32154670912166,101.32154670912166,101.32154670912166
2010-01-04,101.43502684143589,101.43502684143589,101.43502684143589,101.43502684143589
2010-01-05,101.92191497027477,101.92191497027477,101.92191497027477,101.92191497027477
2010-01-06,101.3837672592317,101.3837672592317,101.3837672592317,101.3837672592317
2010-01-07,101.3999886619932,101.3999886619932,101.3999886619932,101.3999886619932
2010-01-08,101.32698067015656,101.32698067015656,101.32698067015656,101.32698067015656
2010-01-11,101.42425457159992,101.42425457159992,101.42425457159992,101.42425457159992
2010-01-12,102.29244619073279,102.29244619073279,102.29244619073279,102.29244619073279
2010-01-13,101.67050811789314,101.67050811789314,101.67050811789314,101.67050811789314
2010-01-14,102.08532379101413,102.08532379101413,102.08532379101413,102.08532379101413
2010-01-15,102.6243343006307,102.6243343006307,102.6243343006307,102.6243343006307
2010-01-19,102.44371547226159,102.44371547226159,102.44371547226159,102.44371547226159
2010-01-20,102.81251284796173,102.81251284796173,102.81251284796173,102.81251284796173
2010-01-21,103.28956290757627,103.28956290757627,103.28956290757627,103.28956290757627
2010-01-22,103.23998391738063,103.23998391738063,103.23998391738063,103.23998391738063
2010-01-25,103.00046715469232,103.00046715469232,103.00046715469232,103.00046715469232
2010-01-26,103.0746274910437,103.0746274910437,103.0746274910437,103.0746274910437
2010-01-27,102.83549435526449,102.83549435526449,102.83549435526449,102.83549435526449
2010-01-28,102.90130907165185,102.90130907165185,102.90130907165185,102.90130907165185
2010-01-29,103.34584272684137,103.34584272684137,103.34584272684137,103.34584272684137
2010-02-01,102.78364134240736,102.78364134240736,102.78364134240736,102.78364134240736
2010-02-02,102.91520440332565,102.91520440332565,102.91520440332565,102.91520440332565
2010-02-03,102.3635789077238,102.3635789077238,102.3635789077238,102.3635789077238
2010-02-04,103.15792028004773,103.15792028004773,103.15792028004773,103.15792028004773
2010-02-05,103.47977299132147,103.47977299132147,103.47977299132147,103.47977299132147
2010-02-08,103.55427842787523,103.55427842787523,103.55427842787523,103.55427842787523
2010-02-09,102.85010933456569,102.85010933456569,102.85010933456569,102.85010933456569
2010-02-10,102.49630495845477,102.49630495845477,102.49630495845477,102.49630495845477
2010-02-11,102.2421141221578,102.2421141221578,102.2421141221578,102.2421141221578
2010-02-12,102.4547777195319,102.4547777195319,102.4547777195319,102.4547777195319
2010-02-16,102.7170619504939,102.7170619504939,102.7170619504939,102.7170619504939
2010-02-17,102.12541167365904,102.12541167365904,102.12541167365904,102.12541167365904
2010-02-18,101.53716930241879,101.53716930241879,101.53716930241879,101.53716930241879
2010-02-19,101.78898148228879,101.78898148228879,101.78898148228879,101.78898148228879
2010-02-22,101.61797599339852,101.61797599339852,101.61797599339852,101.61797599339852
2010-02-23,102.49595530598148,102.49595530598148,102.49595530598148,102.49595530598148
2010-02-24,102.44675724743459,102.44675724743459,102.44675724743459,102.44675724743459
2010-02-25,102.96308890396166,102.96308890396166,102.96308890396166,102.96308890396166
2010-02-26,103.07017051642178,103.07017051642178,103.07017051642178,103.07017051642178
2010-03-01,103.16087226647623,103.16087226647623,103.16087226647623,103.16087226647623
2010-03-02,103.16087226647623,103.16087226647623,103.16087226647623,103.16087226647623
2010-03-03,103.05358495931911,103.05358495931911,103.05358495931911,103.05358495931911
2010-03-04,103.17724926127028,103.17724926127028,103.17724926127028,103.17724926127028
2010-03-05,102.54993158576175,102.54993158576175,102.54993158576175,102.54993158576175
2010-03-08,102.22997579921417,102.22997579921417,102.22997579921417,102.22997579921417
2010-03-09,102.40172215855685,102.40172215855685,102.40172215855685,102.40172215855685
2010-03-10,102.22968726533048,102.22968726533048,102.22968726533048,102.22968726533048
2010-03-11,102.16426026548066,102.16426026548066,102.16426026548066,102.16426026548066
2010-03-12,102.37676192683287,102.37676192683287,102.37676192683287,102.37676192683287
2010-03-15,102.42590277255776,102.42590277255776,102.42590277255776,102.42590277255776
2010-03-16,102.78644195031717,102.78644195031717,102.78644195031717,102.78644195031717
2010-03-17,102.87689401923343,102.87689401923343,102.87689401923343,102.87689401923343
2010-03-18,102.54768795837188,102.54768795837188,102.54768795837188,102.54768795837188
2010-03-19,102.45744599296852,102.45744599296852,102.45744599296852,102.45744599296852
2010-03-22,102.71973705471049,102.71973705471049,102.71973705471049,102.71973705471049
2010-03-23,102.5060800016367,102.5060800016367,102.5060800016367,102.5060800016367
2010-03-24,101.13659877281482,101.13659877281482,101.13659877281482,101.13659877281482
2010-03-25,100.91814371946555,100.91814371946555,100.91814371946555,100.91814371946555
2010-03-26,101.16034726439227,101.16034726439227,101.16034726439227,101.16034726439227
2010-03-29,101.038954847675,101.038954847675,101.038954847675,101.038954847675
2010-03-30,101.10361977877751,101.10361977877751,101.10361977877751,101.10361977877751
2010-03-31,101.30582701833507,101.30582701833507,101.30582701833507,101.30582701833507
2010-04-01,101.00596177036078,101.00596177036078,101.00596177036078,101.00596177036078
2010-04-02,100.41608695362187,100.41608695362187,100.41608695362187,100.41608695362187
2010-04-05,100.03852246667626,100.03852246667626,100.03852246667626,100.03852246667626
2010-04-06,100.31062724778563,100.31062724778563,100.31062724778563,100.31062724778563
2010-04-07,101.05693831450915,101.05693831450915,101.05693831450915,101.05693831450915
2010-04-08,100.8386553277498,100.8386553277498,100.8386553277498,100.8386553277498
2010-04-09,100.91125915958578,100.91125915958578,100.91125915958578,100.91125915958578
2010-04-12,101.25839389109474,101.25839389109474,101.25839389109474,101.25839389109474
2010-04-13,101.40420597829794,101.40420597829794,101.40420597829794,101.40420597829794
2010-04-14,101.03915083677606,101.03915083677606,101.03915083677606,101.03915083677606
2010-04-15,101.2735616667174,101.2735616667174,101.2735616667174,101.2735616667174
2010-04-16,101.80828607231767,101.80828607231767,101.80828607231767,101.80828607231767
2010-04-19,101.53951219708675,101.53951219708675,101.53951219708675,101.53951219708675
2010-04-20,101.58825116294135,101.58825116294135,101.58825116294135,101.58825116294135
2010-04-21,102.06774770843043,102.06774770843043,102.06774770843043,102.06774770843043
2010-04-22,101.80645427429684,101.80645427429684,101.80645427429684,101.80645427429684
2010-04-23,101.42366200622548,101.42366200622548,101.42366200622548,101.42366200622548
2010-04-26,101.48857314990947,101.48857314990947,101.48857314990947,101.48857314990947
2010-04-27,102.43038710874062,102.43038710874062,102.43038710874062,102.43038710874062
2010-04-28,101.82399921705687,101.82399921705687,101.82399921705687,101.82399921705687
2010-04-29,102.12539825473937,102.12539825473937,102.12539825473937,102.12539825473937
2010-04-30,102.70547051682628,102.70547051682628,102.70547051682628,102.70547051682628
2010-05-03,102.43432807466186,102.43432807466186,102.43432807466186,102.43432807466186
2010-05-04,103.20463422178332,103.20463422178332,103.20463422178332,103.20463422178332
2010-05-05,103.63396550014595,103.63396550014595,103.63396550014595,103.63396550014595
2010-05-06,104.80295663098758,104.80295663098758,104.80295663098758,104.80295663098758
2010-05-07,104.67719308303039,104.67719308303039,104.67719308303039,104.67719308303039
2010-05-10,103.63879532764673,103.63879532764673,103.63879532764673,103.63879532764673
2010-05-11,103.77974408929234,103.77974408929234,103.77974408929234,103.77974408929234
2010-05-12,103.41443939009802,103.41443939009802,103.41443939009802,103.41443939009802
2010-05-13,103.69572666523909,103.69572666523909,103.69572666523909,103.69572666523909
2010-05-14,104.37597063216306,104.37597063216306,104.37597063216306,104.37597063216306
2010-05-17,104.07536783674243,104.07536783674243,104.07536783674243,104.07536783674243
2010-05-18,105.22435989766007,105.22435989766007,105.22435989766007,105.22435989766007
2010-05-19,105.08125476819923,105.08125476819923,105.08125476819923,105.08125476819923
2010-05-20,106.37585582694342,106.37585582694342,106.37585582694342,106.37585582694342
2010-05-21,106.20565445762031,106.20565445762031,106.20565445762031,106.20565445762031
2010-05-24,106.52851964717146,106.52851964717146,106.52851964717146,106.52851964717146
2010-05-25,106.85236634689888,106.85236634689888,106.85236634689888,106.85236634689888
2010-05-26,106.57882428905081,106.57882428905081,106.57882428905081,106.57882428905081
2010-05-27,105.17198380843533,105.17198380843533,105.17198380843533,105.17198380843533
2010-05-28,105.62632677848778,105.62632677848778,105.62632677848778,105.62632677848778
2010-05-31,105.65167709691461,105.65167709691461,105.65167709691461,105.65167709691461
2010-06-01,105.96440606112148,105.96440606112148,105.96440606112148,105.96440606112148
2010-06-02,105.25232525239072,105.25232525239072,105.25232525239072,105.25232525239072
2010-06-03,105.06708115994653,105.06708115994653,105.06708115994653,105.06708115994653
2010-06-04,106.42034516528662,106.42034516528662,106.42034516528662,106.42034516528662
2010-06-07,106.94819007730645,106.94819007730645,106.94819007730645,106.94819007730645
2010-06-08,106.58028830344051,106.58028830344051,106.58028830344051,106.58028830344051
2010-06-09,106.67407895714753,106.67407895714753,106.67407895714753,106.67407895714753
2010-06-10,105.41959178861148,105.41959178861148,105.41959178861148,105.41959178861148
2010-06-11,106.19547998417566,106.19547998417566,106.19547998417566,106.19547998417566
2010-06-14,105.94910647061238,105.94910647061238,105.94910647061238,105.94910647061238
2010-06-15,105.57616561583583,105.57616561583583,105.57616561583583,105.57616561583583
2010-06-16,105.93090153230504,105.93090153230504,105.93090153230504,105.93090153230504
2010-06-17,106.52411458088595,106.52411458088595,106.52411458088595,106.52411458088595
2010-06-18,106.25993477672534,106.25993477672534,106.25993477672534,106.25993477672534
2010-06-21,106.10692047064687,106.10692047064687,106.10692047064687,106.10692047064687
2010-06-22,106.76902765438372,106.76902765438372,106.76902765438372,106.76902765438372
2010-06-23,107.1192300650901,107.1192300650901,107.1192300650901,107.1192300650901
2010-06-24,106.95640883539117,106.95640883539117,106.95640883539117,106.95640883539117
2010-06-25,107.2387737547166,107.2387737547166,107.2387737547166,107.2387737547166
2010-06-28,107.98515562004944,107.98515562004944,107.98515562004944,107.98515562004944
2010-06-29,108.58987249152172,108.58987249152172,108.58987249152172,108.58987249152172
2010-06-30,108.74624190790949,108.74624190790949,108.74624190790949,108.74624190790949
2010-07-01,108.58094762020947,108.58094762020947,108.58094762020947,108.58094762020947
2010-07-02,108.32035334592096,108.32035334592096,108.32035334592096,108.32035334592096
2010-07-05,108.35501585899164,108.35501585899164,108.35501585899164,108.35501585899164
2010-07-06,108.73642551481528,108.73642551481528,108.73642551481528,108.73642551481528
2010-07-07,108.30147981275601,108.30147981275601,108.30147981275601,108.30147981275601
2010-07-08,107.88560213027505,107.88560213027505,107.88560213027505,107.88560213027505
2010-07-09,107.69572347052576,107.69572347052576,107.69572347052576,107.69572347052576
2010-07-12,107.60956689174934,107.60956689174934,107.60956689174934,107.60956689174934
2010-07-13,107.11025850137163,107.11025850137163,107.11025850137163,107.11025850137163
2010-07-14,107.74435123169974,107.74435123169974,107.74435123169974,107.74435123169974
2010-07-15,108.20118728092216,108.20118728092216,108.20118728092216,108.20118728092216
2010-07-16,108.82442611966027,108.82442611966027,108.82442611966027,108.82442611966027
2010-07-19,108.51101177243565,108.51101177243565,108.51101177243565,108.51101177243565
2010-07-20,108.57177793902821,108.57177793902821,108.57177793902821,108.57177793902821
2010-07-21,109.19715137995702,109.19715137995702,109.19715137995702,109.19715137995702
2010-07-22,108.7603627744372,108.7603627744372,108.7603627744372,108.7603627744372
2010-07-23,108.16870640094425,108.16870640094425,108.16870640094425,108.16870640094425
2010-07-26,108.20332038699254,108.20332038699254,108.20332038699254,108.20332038699254
2010-07-27,107.74453830855168,107.74453830855168,107.74453830855168,107.74453830855168
2010-07-28,108.25309252936806,108.25309252936806,108.25309252936806,108.25309252936806
2010-07-29,108.27041302417275,108.27041302417275,108.27041302417275,108.27041302417275
2010-07-30,108.98932856665327,108.98932856665327,108.98932856665327,108.98932856665327
2010-08-02,108.483618082104,108.483618082104,108.483618082104,108.483618082104
2010-08-03,108.9522673122187,108.9522673122187,108.9522673122187,108.9522673122187
2010-08-04,108.5687553312797,108.5687553312797,108.5687553312797,108.5687553312797
2010-08-05,108.9769738513253,108.9769738513253,108.9769738513253,108.9769738513253
2010-08-06,109.7092991156062,109.7092991156062,109.7092991156062,109.7092991156062
2010-08-09,109.64786190810148,109.64786190810148,109.64786190810148,109.64786190810148
2010-08-10,110.182943474213,110.182943474213,110.182943474213,110.182943474213
2010-08-11,110.89692894792591,110.89692894792591,110.89692894792591,110.89692894792591
2010-08-12,110.31139316308085,110.31139316308085,110.31139316308085,110.31139316308085
2010-08-13,110.96443661060631,110.96443661060631,110.96443661060631,110.96443661060631
2010-08-16,111.90541503306426,111.90541503306426,111.90541503306426,111.90541503306426
2010-08-17,111.29664957528438,111.29664957528438,111.29664957528438,111.29664957528438
2010-08-18,111.32336077118245,111.32336077118245,111.32336077118245,111.32336077118245
2010-08-19,111.88443050946921,111.88443050946921,111.88443050946921,111.88443050946921
2010-08-20,111.53535108627968,111.53535108627968,111.53535108627968,111.53535108627968
2010-08-23,111.64242502332252,111.64242502332252,111.64242502332252,111.64242502332252
2010-08-24,112.6606039395352,112.6606039395352,112.6606039395352,112.6606039395352
2010-08-25,112.20094867546189,112.20094867546189,112.20094867546189,112.20094867546189
2010-08-26,112.72156107731604,112.72156107731604,112.72156107731604,112.72156107731604
2010-08-27,111.22461874620927,111.22461874620927,111.22461874620927,111.22461874620927
2010-08-30,112.2656811776738,112.2656811776738,112.2656811776738,112.2656811776738
2010-08-31,112.8045564473266,112.8045564473266,112.8045564473266,112.8045564473266
2010-09-01,111.81187635059014,111.81187635059014,111.81187635059014,111.81187635059014
2010-09-02,111.409353595728,111.409353595728,111.409353595728,111.409353595728
2010-09-03,110.72307197757834,110.72307197757834,110.72307197757834,110.72307197757834
2010-09-06,110.61677782847985,110.61677782847985,110.61677782847985,110.61677782847985
2010-09-07,111.64330152672815,111.64330152672815,111.64330152672815,111.64330152672815
2010-09-08,111.1431395358884,111.1431395358884,111.1431395358884,111.1431395358884
2010-09-09,110.18286281029832,110.18286281029832,110.18286281029832,110.18286281029832
2010-09-10,109.89198005247913,109.89198005247913,109.89198005247913,109.89198005247913
2010-09-13,110.32275661428483,110.32275661428483,110.32275661428483,110.32275661428483
2010-09-14,110.87878330762082,110.87878330762082,110.87878330762082,110.87878330762082
2010-09-15,110.52397120103643,110.52397120103643,110.52397120103643,110.52397120103643
2010-09-16,110.16145257549704,110.16145257549704,110.16145257549704,110.16145257549704
2010-09-17,110.38177548064803,110.38177548064803,110.38177548064803,110.38177548064803
2010-09-20,110.69084445199383,110.69084445199383,110.69084445199383,110.69084445199383
2010-09-21,111.82431869918223,111.82431869918223,111.82431869918223,111.82431869918223
2010-09-22,112.01218355459686,112.01218355459686,112.01218355459686,112.01218355459686
2010-09-23,112.03010550396559,112.03010550396559,112.03010550396559,112.03010550396559
2010-09-24,111.51924822286752,111.51924822286752,111.51924822286752,111.51924822286752
2010-09-27,112.22404987163603,112.22404987163603,112.22404987163603,112.22404987163603
2010-09-28,112.79863700697881,112.79863700697881,112.79863700697881,112.79863700697881
2010-09-29,112.4557291504776,112.4557291504776,112.4557291504776,112.4557291504776
2010-09-30,112.3927539421533,112.3927539421533,112.3927539421533,112.3927539421533
2010-10-01,112.38376252183795,112.38376252183795,112.38376252183795,112.38376252183795
2010-10-04,112.68944635589735,112.68944635589735,112.68944635589735,112.68944635589735
2010-10-05,112.73452213443971,112.73452213443971,112.73452213443971,112.73452213443971
2010-10-06,113.39289174370484,113.39289174370484,113.39289174370484,113.39289174370484
2010-10-07,113.53803464513676,113.53803464513676,113.53803464513676,113.53803464513676
2010-10-08,113.43812117464904,113.43812117464904,113.43812117464904,113.43812117464904
2010-10-11,113.50164652250685,113.50164652250685,113.50164652250685,113.50164652250685
2010-10-12,113.10212072674763,113.10212072674763,113.10212072674763,113.10212072674763
2010-10-13,113.13831340538019,113.13831340538019,113.13831340538019,113.13831340538019
2010-10-14,112.41422819958575,112.41422819958575,112.41422819958575,112.41422819958575
2010-10-15,111.89262618073967,111.89262618073967,111.89262618073967,111.89262618073967
2010-10-18,112.35809950565154,112.35809950565154,112.35809950565154,112.35809950565154
2010-10-19,112.66371353630693,112.66371353630693,112.66371353630693,112.66371353630693
2010-10-20,112.66371353630693,112.66371353630693,112.66371353630693,112.66371353630693
2010-10-21,112.11391461424975,112.11391461424975,112.11391461424975,112.11391461424975
2010-10-22,111.94350146403609,111.94350146403609,111.94350146403609,111.94350146403609
2010-10-25,111.9076795435676,111.9076795435676,111.9076795435676,111.9076795435676
2010-10-26,111.19147039448876,111.19147039448876,111.19147039448876,111.19147039448876
2010-10-27,110.50653093685871,110.50653093685871,110.50653093685871,110.50653093685871
2010-10-28,111.0634838527805,111.0634838527805,111.0634838527805,111.0634838527805
2010-10-29,111.56104826044096,111.56104826044096,111.56104826044096,111.56104826044096
2010-11-01,111.36470081550259,111.36470081550259,111.36470081550259,111.36470081550259
2010-11-02,111.70324950598169,111.70324950598169,111.70324950598169,111.70324950598169
2010-11-03,111.77473958566553,111.77473958566553,111.77473958566553,111.77473958566553
2010-11-04,112.54374979401491,112.54374979401491,112.54374979401491,112.54374979401491
2010-11-05,112.12958879477293,112.12958879477293,112.12958879477293,112.12958879477293
2010-11-08,111.95915181980487,111.95915181980487,111.95915181980487,111.95915181980487
2010-11-09,111.0186949445185,111.0186949445185,111.0186949445185,111.0186949445185
2010-11-10,111.23185083881198,111.23185083881198,111.23185083881198,111.23185083881198
2010-11-11,111.0805755216712,111.0805755216712,111.0805755216712,111.0805755216712
2010-11-12,109.8986781981206,109.8986781981206,109.8986781981206,109.8986781981206
2010-11-15,108.33372102057936,108.33372102057936,108.33372102057936,108.33372102057936
2010-11-16,109.39105813774022,109.39105813774022,109.39105813774022,109.39105813774022
2010-11-17,109.0672606056525,109.0672606056525,109.0672606056525,109.0672606056525
2010-11-18,108.90147836953193,108.90147836953193,108.90147836953193,108.90147836953193
2010-11-19,109.14541768107968,109.14541768107968,109.14541768107968,109.14541768107968
2010-11-22,109.73043711985027,109.73043711985027,109.73043711985027,109.73043711985027
2010-11-23,109.94111955912035,109.94111955912035,109.94111955912035,109.94111955912035
2010-11-24,108.79773191570553,108.79773191570553,108.79773191570553,108.79773191570553
2010-11-25,108.80643573425878,108.80643573425878,108.80643573425878,108.80643573425878
2010-11-26,109.16332084346716,109.16332084346716,109.16332084346716,109.16332084346716
2010-11-29,109.54757573283615,109.54757573283615,109.54757573283615,109.54757573283615
2010-11-30,109.80172610853636,109.80172610853636,109.80172610853636,109.80172610853636
2010-12-01,108.31720677154894,108.31720677154894,108.31720677154894,108.31720677154894
2010-12-02,108.05724547529722,108.05724547529722,108.05724547529722,108.05724547529722
2010-12-03,107.96215509927896,107.96215509927896,107.96215509927896,107.96215509927896
2010-12-06,108.63583894709845,108.63583894709845,108.63583894709845,108.63583894709845
2010-12-07,106.84552032125025,106.84552032125025,106.84552032125025,106.84552032125025
2010-12-08,105.67449341852935,105.67449341852935,105.67449341852935,105.67449341852935
2010-12-09,106.17327702746482,106.17327702746482,106.17327702746482,106.17327702746482
2010-12-10,105.23895218962312,105.23895218962312,105.23895218962312,105.23895218962312
2010-12-13,105.62623153368094,105.62623153368094,105.62623153368094,105.62623153368094
2010-12-14,103.97001222323283,103.97001222323283,103.97001222323283,103.97001222323283
2010-12-15,103.42936815967204,103.42936815967204,103.42936815967204,103.42936815967204
2010-12-16,104.28990050276047,104.28990050276047,104.28990050276047,104.28990050276047
2010-12-17,105.14090609086301,105.14090609086301,105.14090609086301,105.14090609086301
2010-12-20,105.07361591096486,105.07361591096486,105.07361591096486,105.07361591096486
2010-12-21,105.38463381406133,105.38463381406133,105.38463381406133,105.38463381406133
2010-12-22,105.00524913233072,105.00524913233072,105.00524913233072,105.00524913233072
2010-12-23,104.59362855573198,104.59362855573198,104.59362855573198,104.59362855573198
2010-12-24,104.4513812208962,104.4513812208962,104.4513812208962,104.4513812208962
2010-12-27,105.17836283419363,105.17836283419363,105.17836283419363,105.17836283419363
2010-12-28,103.87415113504966,103.87415113504966,103.87415113504966,103.87415113504966
2010-12-29,104.92951251058176,104.92951251058176,104.92951251058176,104.92951251058176
2010-12-30,104.8287801785716,104.8287801785716,104.8287801785716,104.8287801785716
2010-12-31,105.49129806930017,105.49129806930017,105.49129806930017,105.49129806930017
2011-01-03,105.10309009240515,105.10309009240515,105.10309009240515,105.10309009240515
2011-01-04,105.06945710357559,105.06945710357559,105.06945710357559,105.06945710357559
2011-01-05,104.01876253253984,104.01876253253984,104.01876253253984,104.01876253253984
2011-01-06,104.55133859670644,104.55133859670644,104.55133859670644,104.55133859670644
2011-01-07,105.14519019993574,105.14519019993574,105.14519019993574,105.14519019993574
2011-01-10,105.49006642379153,105.49006642379153,105.49006642379153,105.49006642379153
2011-01-11,105.04278854215465,105.04278854215465,105.04278854215465,105.04278854215465
2011-01-12,104.81589611890361,104.81589611890361,104.81589611890361,104.81589611890361
2011-01-13,105.38609459379045,105.38609459379045,105.38609459379045,105.38609459379045
2011-01-14,105.11630619163034,105.11630619163034,105.11630619163034,105.11630619163034
2011-01-17,105.25085506355563,105.25085506355563,105.25085506355563,105.25085506355563
2011-01-18,104.78775130127597,104.78775130127597,104.78775130127597,104.78775130127597
2011-01-19,105.06439096471134,105.06439096471134,105.06439096471134,105.06439096471134
2011-01-20,104.10620371911317,104.10620371911317,104.10620371911317,104.10620371911317
2011-01-21,104.4643290599069,104.4643290599069,104.4643290599069,104.4643290599069
2011-01-24,104.48104335255648,104.48104335255648,104.48104335255648,104.48104335255648
2011-01-25,105.11628809614,105.11628809614,105.11628809614,105.11628809614
2011-01-26,104.3510415188001,104.3510415188001,104.3510415188001,104.3510415188001
2011-01-27,104.61818018508822,104.61818018508822,104.61818018508822,104.61818018508822
2011-01-28,105.12034744997662,105.12034744997662,105.12034744997662,105.12034744997662
2011-01-31,104.74191419915671,104.74191419915671,104.74191419915671,104.74191419915671
2011-02-01,104.23077365786482,104.23077365786482,104.23077365786482,104.23077365786482
2011-02-02,103.86388133458912,103.86388133458912,103.86388133458912,103.86388133458912
2011-02-03,103.29886182012895,103.29886182012895,103.29886182012895,103.29886182012895
2011-02-04,102.54684610607842,102.54684610607842,102.54684610607842,102.54684610607842
2011-02-07,102.53043861070145,102.53043861070145,102.53043861070145,102.53043861070145
2011-02-08,101.73480240708241,101.73480240708241,101.73480240708241,101.73480240708241
2011-02-09,102.42659906345057,102.42659906345057,102.42659906345057,102.42659906345057
2011-02-10,102.01689266719679,102.01689266719679,102.01689266719679,102.01689266719679
2011-02-11,102.53921915765282,102.53921915765282,102.53921915765282,102.53921915765282
2011-02-14,102.64585994557677,102.64585994557677,102.64585994557677,102.64585994557677
2011-02-15,102.81830499028534,102.81830499028534,102.81830499028534,102.81830499028534
2011-02-16,102.66202116670011,102.66202116670011,102.66202116670011,102.66202116670011
2011-02-17,103.04803036628691,103.04803036628691,103.04803036628691,103.04803036628691
2011-02-18,102.99856731171108,102.99856731171108,102.99856731171108,102.99856731171108
2011-02-21,103.04800662402072,103.04800662402072,103.04800662402072,103.04800662402072
2011-02-22,104.01253596602156,104.01253596602156,104.01253596602156,104.01253596602156
2011-02-23,103.8128318969668,103.8128318969668,103.8128318969668,103.8128318969668
2011-02-24,104.0868977731748,104.0868977731748,104.0868977731748,104.0868977731748
2011-02-25,104.37001413511784,104.37001413511784,104.37001413511784,104.37001413511784
2011-02-28,104.31991652833297,104.31991652833297,104.31991652833297,104.31991652833297
2011-03-01,104.47848280145604,104.47848280145604,104.47848280145604,104.47848280145604
2011-03-02,103.91011985501612,103.91011985501612,103.91011985501612,103.91011985501612
2011-03-03,103.17859261123681,103.17859261123681,103.17859261123681,103.17859261123681
2011-03-04,103.73162986763305,103.73162986763305,103.73162986763305,103.73162986763305
2011-03-07,103.5324651382872,103.5324651382872,103.5324651382872,103.5324651382872
2011-03-08,103.2425742359,103.2425742359,103.2425742359,103.2425742359
2011-03-09,103.91984552288748,103.91984552288748,103.91984552288748,103.91984552288748
2011-03-10,104.8093994005634,104.8093994005634,104.8093994005634,104.8093994005634
2011-03-11,104.47400932248159,104.47400932248159,104.47400932248159,104.47400932248159
2011-03-14,104.78325239007613,104.78325239007613,104.78325239007613,104.78325239007613
2011-03-15,105.26944668116609,105.26944668116609,105.26944668116609,105.26944668116609
2011-03-16,106.23792559063281,106.23792559063281,106.23792559063281,106.23792559063281
2011-03-17,105.68548837756151,105.68548837756151,105.68548837756151,105.68548837756151
2011-03-18,105.59248514778925,105.59248514778925,105.59248514778925,105.59248514778925
2011-03-21,105.05185162383258,105.05185162383258,105.05185162383258,105.05185162383258
2011-03-22,105.08546821635218,105.08546821635218,105.08546821635218,105.08546821635218
2011-03-23,104.86689044246216,104.86689044246216,104.86689044246216,104.86689044246216
2011-03-24,104.4222548269861,104.4222548269861,104.4222548269861,104.4222548269861
2011-03-25,104.12987251347054,104.12987251347054,104.12987251347054,104.12987251347054
2011-03-28,104.13820290327163,104.13820290327163,104.13820290327163,104.13820290327163
2011-03-29,103.72165009165855,103.72165009165855,103.72165009165855,103.72165009165855
2011-03-30,104.11164349600317,104.11164349600317,104.11164349600317,104.11164349600317
2011-03-31,103.89509127753146,103.89509127753146,103.89509127753146,103.89509127753146
2011-04-01,104.06132342357553,104.06132342357553,104.06132342357553,104.06132342357553
2011-04-04,104.26944607042267,104.26944607042267,104.26944607042267,104.26944607042267
2011-04-05,103.75226961791337,103.75226961791337,103.75226961791337,103.75226961791337
2011-04-06,103.23765836060852,103.23765836060852,103.23765836060852,103.23765836060852
2011-04-07,103.23765836060852,103.23765836060852,103.23765836060852,103.23765836060852
2011-04-08,102.95685192986765,102.95685192986765,102.95685192986765,102.95685192986765
2011-04-11,102.9239057372501,102.9239057372501,102.9239057372501,102.9239057372501
2011-04-12,103.7061274208532,103.7061274208532,103.7061274208532,103.7061274208532
2011-04-13,103.98820808743794,103.98820808743794,103.98820808743794,103.98820808743794
2011-04-14,103.67208393485214,103.67208393485214,103.67208393485214,103.67208393485214
2011-04-15,104.36046657217956,104.36046657217956,104.36046657217956,104.36046657217956
2011-04-18,104.63597820393011,104.63597820393011,104.63597820393011,104.63597820393011
2011-04-19,104.76154137777482,104.76154137777482,104.76154137777482,104.76154137777482
2011-04-20,104.40116167543528,104.40116167543528,104.40116167543528,104.40116167543528
2011-04-21,104.51809097651177,104.51809097651177,104.51809097651177,104.51809097651177
2011-04-22,104.51809097651177,104.51809097651177,104.51809097651177,104.51809097651177
2011-04-25,104.75221150029917,104.75221150029917,104.75221150029917,104.75221150029917
2011-04-26,105.22988158474054,105.22988158474054,105.22988158474054,105.22988158474054
2011-04-27,104.82579883945513,104.82579883945513,104.82579883945513,104.82579883945513
2011-04-28,105.16962745964855,105.16962745964855,105.16962745964855,105.16962745964855
2011-04-29,105.38838028476461,105.38838028476461,105.38838028476461,105.38838028476461
2011-05-02,105.46425991856965,105.46425991856965,105.46425991856965,105.46425991856965
2011-05-03,105.71737414237421,105.71737414237421,105.71737414237421,105.71737414237421
2011-05-04,105.9710958403159,105.9710958403159,105.9710958403159,105.9710958403159
2011-05-05,106.55605628935443,106.55605628935443,106.55605628935443,106.55605628935443
2011-05-06,106.57310525836073,106.57310525836073,106.57310525836073,106.57310525836073
2011-05-09,106.51342431941603,106.51342431941603,106.51342431941603,106.51342431941603
2011-05-10,106.03624417846504,106.03624417846504,106.03624417846504,106.03624417846504
2011-05-11,106.51976945191883,106.51976945191883,106.51976945191883,106.51976945191883
2011-05-12,105.9232587429881,105.9232587429881,105.9232587429881,105.9232587429881
2011-05-13,106.4062688028561,106.4062688028561,106.4062688028561,106.4062688028561
2011-05-16,106.59354383594912,106.59354383594912,106.59354383594912,106.59354383594912
2011-05-17,106.87495079167601,106.87495079167601,106.87495079167601,106.87495079167601
2011-05-18,106.27645106724262,106.27645106724262,106.27645106724262,106.27645106724262
2011-05-19,106.36997434418178,106.36997434418178,106.36997434418178,106.36997434418178
2011-05-20,106.5912238908177,106.5912238908177,106.5912238908177,106.5912238908177
2011-05-23,106.74471525322049,106.74471525322049,106.74471525322049,106.74471525322049
2011-05-24,106.85572975708384,106.85572975708384,106.85572975708384,106.85572975708384
2011-05-25,106.71895442299477,106.71895442299477,106.71895442299477,106.71895442299477
2011-05-26,107.34219311682507,107.34219311682507,107.34219311682507,107.34219311682507
2011-05-27,107.23055723598358,107.23055723598358,107.23055723598358,107.23055723598358
2011-05-30,107.31634168177236,107.31634168177236,107.31634168177236,107.31634168177236
2011-05-31,107.34209760377598,107.34209760377598,107.34209760377598,107.34209760377598
2011-06-01,108.32964490173072,108.32964490173072,108.32964490173072,108.32964490173072
2011-06-02,107.57567057321467,107.57567057321467,107.57567057321467,107.57567057321467
2011-06-03,107.91991271904897,107.91991271904897,107.91991271904897,107.91991271904897
2011-06-06,107.86811116094381,107.86811116094381,107.86811116094381,107.86811116094381
2011-06-07,107.84222281426518,107.84222281426518,107.84222281426518,107.84222281426518
2011-06-08,108.30810121682279,108.30810121682279,108.30810121682279,108.30810121682279
2011-06-09,107.86620416385817,107.86620416385817,107.86620416385817,107.86620416385817
2011-06-10,108.07330727585276,108.07330727585276,108.07330727585276,108.07330727585276
2011-06-13,107.97820276545,107.97820276545,107.97820276545,107.97820276545
2011-06-14,106.98480330000785,106.98480330000785,106.98480330000785,106.98480330000785
2011-06-15,108.11456282285592,108.11456282285592,108.11456282285592,108.11456282285592
2011-06-16,108.46917858891487,108.46917858891487,108.46917858891487,108.46917858891487
2011-06-17,108.31298297174683,108.31298297174683,108.31298297174683,108.31298297174683
2011-06-20,108.20900250809396,108.20900250809396,108.20900250809396,108.20900250809396
2011-06-21,108.00124122327841,108.00124122327841,108.00124122327841,108.00124122327841
2011-06-22,108.00124122327841,108.00124122327841,108.00124122327841,108.00124122327841
2011-06-23,108.57148777693733,108.57148777693733,108.57148777693733,108.57148777693733
2011-06-24,108.94497369489,108.94497369489,108.94497369489,108.94497369489
2011-06-27,108.41332222325894,108.41332222325894,108.41332222325894,108.41332222325894
2011-06-28,107.52866951391715,107.52866951391715,107.52866951391715,107.52866951391715
2011-06-29,106.78026997410028,106.78026997410028,106.78026997410028,106.78026997410028
2011-06-30,106.4471155317811,106.4471155317811,106.4471155317811,106.4471155317811
2011-07-01,106.25976860844517,106.25976860844517,106.25976860844517,106.25976860844517
2011-07-04,106.10675454164902,106.10675454164902,106.10675454164902,106.10675454164902
2011-07-05,106.7943263110789,106.7943263110789,106.7943263110789,106.7943263110789
2011-07-06,106.87121822602288,106.87121822602288,106.87121822602288,106.87121822602288
2011-07-07,106.6318266971966,106.6318266971966,106.6318266971966,106.6318266971966
2011-07-08,107.55312567986037,107.55312567986037,107.55312567986037,107.55312567986037
2011-07-11,108.4651761856256,108.4651761856256,108.4651761856256,108.4651761856256
2011-07-12,108.87300524808354,108.87300524808354,108.87300524808354,108.87300524808354
2011-07-13,108.81203636514462,108.81203636514462,108.81203636514462,108.81203636514462
2011-07-14,108.21139392440904,108.21139392440904,108.21139392440904,108.21139392440904
2011-07-15,108.60095494253692,108.60095494253692,108.60095494253692,108.60095494253692
2011-07-18,108.49669802579207,108.49669802579207,108.49669802579207,108.49669802579207
2011-07-19,108.86124693115873,108.86124693115873,108.86124693115873,108.86124693115873
2011-07-20,108.39967524417062,108.39967524417062,108.39967524417062,108.39967524417062
2011-07-21,107.67990140054933,107.67990140054933,107.67990140054933,107.67990140054933
2011-07-22,108.11062100615152,108.11062100615152,108.11062100615152,108.11062100615152
2011-07-25,107.76466701893183,107.76466701893183,107.76466701893183,107.76466701893183
2011-07-26,108.18710451364603,108.18710451364603,108.18710451364603,108.18710451364603
2011-07-27,107.95342036789654,107.95342036789654,107.95342036789654,107.95342036789654
2011-07-28,108.1865997558912,108.1865997558912,108.1865997558912,108.1865997558912
2011-07-29,109.59735301670801,109.59735301670801,109.59735301670801,109.59735301670801
2011-08-01,109.93929675812014,109.93929675812014,109.93929675812014,109.93929675812014
2011-08-02,111.17061688181109,111.17061688181109,111.17061688181109,111.17061688181109
2011-08-03,111.15282958310999,111.15282958310999,111.15282958310999,111.15282958310999
2011-08-04,113.00241266737294,113.00241266737294,113.00241266737294,113.00241266737294
2011-08-05,111.59214255728412,111.59214255728412,111.59214255728412,111.59214255728412
2011-08-08,113.79720329421605,113.79720329421605,113.79720329421605,113.79720329421605
2011-08-09,114.17045812102107,114.17045812102107,114.17045812102107,114.17045812102107
2011-08-10,115.81451271796377,115.81451271796377,115.81451271796377,115.81451271796377
2011-08-11,113.60940439581375,113.60940439581375,113.60940439581375,113.60940439581375
2011-08-12,114.27288331748531,114.27288331748531,114.27288331748531,114.27288331748531
2011-08-15,113.83407544554616,113.83407544554616,113.83407544554616,113.83407544554616
2011-08-16,114.58993370650458,114.58993370650458,114.58993370650458,114.58993370650458
2011-08-17,115.12163099890276,115.12163099890276,115.12163099890276,115.12163099890276
2011-08-18,116.03339431641406,116.03339431641406,116.03339431641406,116.03339431641406
2011-08-19,116.04267698795938,116.04267698795938,116.04267698795938,116.04267698795938
2011-08-22,115.65277359327983,115.65277359327983,115.65277359327983,115.65277359327983
2011-08-23,115.19941472079418,115.19941472079418,115.19941472079418,115.19941472079418
2011-08-24,113.94604508863193,113.94604508863193,113.94604508863193,113.94604508863193
2011-08-25,114.49298610505735,114.49298610505735,114.49298610505735,114.49298610505735
2011-08-26,114.89600141614716,114.89600141614716,114.89600141614716,114.89600141614716
2011-08-29,114.21581708776355,114.21581708776355,114.21581708776355,114.21581708776355
2011-08-30,115.01989644006142,115.01989644006142,115.01989644006142,115.01989644006142
2011-08-31,114.48620412057953,114.48620412057953,114.48620412057953,114.48620412057953
2011-09-01,115.42041154620344,115.42041154620344,115.42041154620344,115.42041154620344
2011-09-02,116.6946528896735,116.6946528896735,116.6946528896735,116.6946528896735
2011-09-05,116.75066632306054,116.75066632306054,116.75066632306054,116.75066632306054
2011-09-06,116.80670664289563,116.80670664289563,116.80670664289563,116.80670664289563
2011-09-07,116.25537898754116,116.25537898754116,116.25537898754116,116.25537898754116
2011-09-08,116.85060652795738,116.85060652795738,116.85060652795738,116.85060652795738
2011-09-09,117.43018553633607,117.43018553633607,117.43018553633607,117.43018553633607
2011-09-12,117.12016984652014,117.12016984652014,117.12016984652014,117.12016984652014
2011-09-13,116.70790684866039,116.70790684866039,116.70790684866039,116.70790684866039
2011-09-14,116.70790684866039,116.70790684866039,116.70790684866039,116.70790684866039
2011-09-15,115.85827328680216,115.85827328680216,115.85827328680216,115.85827328680216
2011-09-16,116.09925849523873,116.09925849523873,116.09925849523873,116.09925849523873
2011-09-19,117.03734050388026,117.03734050388026,117.03734050388026,117.03734050388026
2011-09-20,117.21523726144616,117.21523726144616,117.21523726144616,117.21523726144616
2011-09-21,117.97479199890033,117.97479199890033,117.97479199890033,117.97479199890033
2011-09-22,119.25835773584836,119.25835773584836,119.25835773584836,119.25835773584836
2011-09-23,118.2088841877729,118.2088841877729,118.2088841877729,118.2088841877729
2011-09-26,117.50908759338128,117.50908759338128,117.50908759338128,117.50908759338128
2011-09-27,116.79463234081354,116.79463234081354,116.79463234081354,116.79463234081354
2011-09-28,116.72922734670269,116.72922734670269,116.72922734670269,116.72922734670269
2011-09-29,116.58915227388664,116.58915227388664,116.58915227388664,116.58915227388664
2011-09-30,117.38195850934908,117.38195850934908,117.38195850934908,117.38195850934908
2011-10-03,118.9595720317147,118.9595720317147,118.9595720317147,118.9595720317147
2011-10-04,118.31243195986217,118.31243195986217,118.31243195986217,118.31243195986217
2011-10-05,117.61202236265977,117.61202236265977,117.61202236265977,117.61202236265977
2011-10-06,116.6617172219695,116.6617172219695,116.6617172219695,116.6617172219695
2011-10-07,115.88708341961562,115.88708341961562,115.88708341961562,115.88708341961562
2011-10-10,115.93343825298345,115.93343825298345,115.93343825298345,115.93343825298345
2011-10-11,115.10799217262222,115.10799217262222,115.10799217262222,115.10799217262222
2011-10-12,114.6199342858103,114.6199342858103,114.6199342858103,114.6199342858103
2011-10-13,114.89502212809623,114.89502212809623,114.89502212809623,114.89502212809623
2011-10-14,114.26080160594915,114.26080160594915,114.26080160594915,114.26080160594915
2011-10-17,115.13832456228283,115.13832456228283,115.13832456228283,115.13832456228283
2011-10-18,114.95410324298318,114.95410324298318,114.95410324298318,114.95410324298318
2011-10-19,115.1196371516531,115.1196371516531,115.1196371516531,115.1196371516531
2011-10-20,114.84335002248913,114.84335002248913,114.84335002248913,114.84335002248913
2011-10-21,114.57691345043695,114.57691345043695,114.57691345043695,114.57691345043695
2011-10-24,114.41192269506833,114.41192269506833,114.41192269506833,114.41192269506833
2011-10-25,115.51027715294097,115.51027715294097,115.51027715294097,115.51027715294097
2011-10-26,114.65088069092309,114.65088069092309,114.65088069092309,114.65088069092309
2011-10-27,113.01825214988435,113.01825214988435,113.01825214988435,113.01825214988435
2011-10-28,113.56978122037577,113.56978122037577,113.56978122037577,113.56978122037577
2011-10-31,115.45958237988283,115.45958237988283,115.45958237988283,115.45958237988283
2011-11-01,116.61417820368165,116.61417820368165,116.61417820368165,116.61417820368165
2011-11-02,116.63283647219423,116.63283647219423,116.63283647219423,116.63283647219423
2011-11-03,115.84906381110109,115.84906381110109,115.84906381110109,115.84906381110109
2011-11-04,116.17344118977218,116.17344118977218,116.17344118977218,116.17344118977218
2011-11-07,116.34073094508545,116.34073094508545,116.34073094508545,116.34073094508545
2011-11-08,115.79160269502464,115.79160269502464,115.79160269502464,115.79160269502464
2011-11-09,116.83835878338766,116.83835878338766,116.83835878338766,116.83835878338766
2011-11-10,115.98777553144461,115.98777553144461,115.98777553144461,115.98777553144461
2011-11-11,115.98777553144461,115.98777553144461,115.98777553144461,115.98777553144461
2011-11-14,116.09912379595482,116.09912379595482,116.09912379595482,116.09912379595482
2011-11-15,116.0619720763401,116.0619720763401,116.0619720763401,116.0619720763401
2011-11-16,116.51693500687934,116.51693500687934,116.51693500687934,116.51693500687934
2011-11-17,116.8431824248986,116.8431824248986,116.8431824248986,116.8431824248986
2011-11-18,116.46928424113892,116.46928424113892,116.46928424113892,116.46928424113892
2011-11-21,116.84198595071058,116.84198595071058,116.84198595071058,116.84198595071058
2011-11-22,117.24392238238102,117.24392238238102,117.24392238238102,117.24392238238102
2011-11-23,117.5628258512611,117.5628258512611,117.5628258512611,117.5628258512611
2011-11-24,117.50639569485249,117.50639569485249,117.50639569485249,117.50639569485249
2011-11-25,116.83895936730573,116.83895936730573,116.83895936730573,116.83895936730573
2011-11-28,116.7922237835588,116.7922237835588,116.7922237835588,116.7922237835588
2011-11-29,116.62404298131048,116.62404298131048,116.62404298131048,116.62404298131048
2011-11-30,115.84965933591458,115.84965933591458,115.84965933591458,115.84965933591458
2011-12-01,115.71063974471147,115.71063974471147,115.71063974471147,115.71063974471147
2011-12-02,116.20125285722904,116.20125285722904,116.20125285722904,116.20125285722904
2011-12-05,116.20125285722904,116.20125285722904,116.20125285722904,116.20125285722904
2011-12-06,115.70855954511438,115.70855954511438,115.70855954511438,115.70855954511438
2011-12-07,116.19916383758569,116.19916383758569,116.19916383758569,116.19916383758569
2011-12-08,116.7848076233271,116.7848076233271,116.7848076233271,116.7848076233271
2011-12-09,115.91592865460956,115.91592865460956,115.91592865460956,115.91592865460956
2011-12-12,116.34249927205853,116.34249927205853,116.34249927205853,116.34249927205853
2011-12-13,116.84509886891381,116.84509886891381,116.84509886891381,116.84509886891381
2011-12-14,117.3966077355751,117.3966077355751,117.3966077355751,117.3966077355751
2011-12-15,117.33086563524317,117.33086563524317,117.33086563524317,117.33086563524317
2011-12-16,117.89405379029235,117.89405379029235,117.89405379029235,117.89405379029235
2011-12-19,118.2807462867245,118.2807462867245,118.2807462867245,118.2807462867245
2011-12-20,117.17363850148075,117.17363850148075,117.17363850148075,117.17363850148075
2011-12-21,116.77056118503566,116.77056118503566,116.77056118503566,116.77056118503566
2011-12-22,116.92936914824732,116.92936914824732,116.92936914824732,116.92936914824732
2011-12-23,116.29327338008086,116.29327338008086,116.29327338008086,116.29327338008086
2011-12-26,116.24675607072884,116.24675607072884,116.24675607072884,116.24675607072884
2011-12-27,116.46994984238461,116.46994984238461,116.46994984238461,116.46994984238461
2011-12-28,117.22467511736328,117.22467511736328,117.22467511736328,117.22467511736328
2011-12-29,117.43099054556983,117.43099054556983,117.43099054556983,117.43099054556983
2011-12-30,117.64706356817368,117.64706356817368,117.64706356817368,117.64706356817368
2012-01-02,117.67529886343004,117.67529886343004,117.67529886343004,117.67529886343004
2012-01-03,116.89393487897688,116.89393487897688,116.89393487897688,116.89393487897688
2012-01-04,116.63209246484796,116.63209246484796,116.63209246484796,116.63209246484796
2012-01-05,116.52012565608172,116.52012565608172,116.52012565608172,116.52012565608172
2012-01-06,116.8743468380762,116.8743468380762,116.8743468380762,116.8743468380762
2012-01-09,116.89304673357029,116.89304673357029,116.89304673357029,116.89304673357029
2012-01-10,116.8275866273995,116.8275866273995,116.8275866273995,116.8275866273995
2012-01-11,117.36966662935062,117.36966662935062,117.36966662935062,117.36966662935062
2012-01-12,117.17248558941331,117.17248558941331,117.17248558941331,117.17248558941331
2012-01-13,117.68804452600672,117.68804452600672,117.68804452600672,117.68804452600672
2012-01-16,117.79161000518961,117.79161000518961,117.79161000518961,117.79161000518961
2012-01-17,117.81045666279041,117.81045666279041,117.81045666279041,117.81045666279041
2012-01-18,117.43346320146951,117.43346320146951,117.43346320146951,117.43346320146951
2012-01-19,116.64431032875562,116.64431032875562,116.64431032875562,116.64431032875562
2012-01-20,116.2430539012247,116.2430539012247,116.2430539012247,116.2430539012247
2012-01-23,115.93617223892545,115.93617223892545,115.93617223892545,115.93617223892545
2012-01-24,115.88979777002987,115.88979777002987,115.88979777002987,115.88979777002987
2012-01-25,116.45533998314764,116.45533998314764,116.45533998314764,116.45533998314764
2012-01-26,117.03295846946405,117.03295846946405,117.03295846946405,117.03295846946405
2012-01-27,117.49172766666433,117.49172766666433,117.49172766666433,117.49172766666433
2012-01-30,117.91469788626434,117.91469788626434,117.91469788626434,117.91469788626434
2012-01-31,118.3957898536403,118.3957898536403,118.3957898536403,118.3957898536403
2012-02-01,118.06428164205009,118.06428164205009,118.06428164205009,118.06428164205009
2012-02-02,118.13039763976964,118.13039763976964,118.13039763976964,118.13039763976964
2012-02-03,117.1759040268403,117.1759040268403,117.1759040268403,117.1759040268403
2012-02-06,117.39150769024971,117.39150769024971,117.39150769024971,117.39150769024971
2012-02-07,116.677767323493,116.677767323493,116.677767323493,116.677767323493
2012-02-08,116.6310962165636,116.6310962165636,116.6310962165636,116.6310962165636
2012-02-09,116.12724988090805,116.12724988090805,116.12724988090805,116.12724988090805
2012-02-10,116.61033924041261,116.61033924041261,116.61033924041261,116.61033924041261
2012-02-13,116.66631220324801,116.66631220324801,116.66631220324801,116.66631220324801
2012-02-14,117.03964440229842,117.03964440229842,117.03964440229842,117.03964440229842
2012-02-15,117.08646026005934,117.08646026005934,117.08646026005934,117.08646026005934
2012-02-16,116.6087475021983,116.6087475021983,116.6087475021983,116.6087475021983
2012-02-17,116.4594883053955,116.4594883053955,116.4594883053955,116.4594883053955
2012-02-20,116.10545146094711,116.10545146094711,116.10545146094711,116.10545146094711
2012-02-21,115.89181743025895,115.89181743025895,115.89181743025895,115.89181743025895
2012-02-22,116.4388268085298,116.4388268085298,116.4388268085298,116.4388268085298
2012-02-23,116.4947174453979,116.4947174453979,116.4947174453979,116.4947174453979
2012-02-24,116.6717894159149,116.6717894159149,116.6717894159149,116.6717894159149
2012-02-27,117.15714405988508,117.15714405988508,117.15714405988508,117.15714405988508
2012-02-28,117.00718291548844,117.00718291548844,117.00718291548844,117.00718291548844
2012-02-29,116.69828395259154,116.69828395259154,116.69828395259154,116.69828395259154
2012-03-01,116.17547564048391,116.17547564048391,116.17547564048391,116.17547564048391
2012-03-02,116.6494715810971,116.6494715810971,116.6494715810971,116.6494715810971
2012-03-05,116.38817676475546,116.38817676475546,116.38817676475546,116.38817676475546
2012-03-06,116.91890685080276,116.91890685080276,116.91890685080276,116.91890685080276
2012-03-07,116.71312957474534,116.71312957474534,116.71312957474534,116.71312957474534
2012-03-08,116.30229935864223,116.30229935864223,116.30229935864223,116.30229935864223
2012-03-09,116.17204078336054,116.17204078336054,116.17204078336054,116.17204078336054
2012-03-12,116.10698444052186,116.10698444052186,116.10698444052186,116.10698444052186
2012-03-13,115.28030271130534,115.28030271130534,115.28030271130534,115.28030271130534
2012-03-14,113.91538392720348,113.91538392720348,113.91538392720348,113.91538392720348
2012-03-15,113.8698177736326,113.8698177736326,113.8698177736326,113.8698177736326
2012-03-16,113.69673565061669,113.69673565061669,113.69673565061669,113.69673565061669
2012-03-19,112.9963637590089,112.9963637590089,112.9963637590089,112.9963637590089
2012-03-20,113.10484026821757,113.10484026821757,113.10484026821757,113.10484026821757
2012-03-21,113.71108221205522,113.71108221205522,113.71108221205522,113.71108221205522
2012-03-22,113.83843862413272,113.83843862413272,113.83843862413272,113.83843862413272
2012-03-23,114.2846853035393,114.2846853035393,114.2846853035393,114.2846853035393
2012-03-26,114.10182980705363,114.10182980705363,114.10182980705363,114.10182980705363
2012-03-27,114.70428746843486,114.70428746843486,114.70428746843486,114.70428746843486
2012-03-28,114.57581866647021,114.57581866647021,114.57581866647021,114.57581866647021
2012-03-29,114.96079341718956,114.96079341718956,114.96079341718956,114.96079341718956
2012-03-30,114.45496592615395,114.45496592615395,114.45496592615395,114.45496592615395
2012-04-02,114.76628343347308,114.76628343347308,114.76628343347308,114.76628343347308
2012-04-03,113.72879623123448,113.72879623123448,113.72879623123448,113.72879623123448
2012-04-04,114.3656774901294,114.3656774901294,114.3656774901294,114.3656774901294
2012-04-05,114.75909542069545,114.75909542069545,114.75909542069545,114.75909542069545
2012-04-06,115.98013219597165,115.98013219597165,115.98013219597165,115.98013219597165
2012-04-09,115.98013219597165,115.98013219597165,115.98013219597165,115.98013219597165
2012-04-10,116.546115241088,116.546115241088,116.546115241088,116.546115241088
2012-04-11,116.07060709090436,116.07060709090436,116.07060709090436,116.07060709090436
2012-04-12,115.8941797681262,115.8941797681262,115.8941797681262,115.8941797681262
2012-04-13,116.51537257168336,116.51537257168336,116.51537257168336,116.51537257168336
2012-04-16,116.58062118032353,116.58062118032353,116.58062118032353,116.58062118032353
2012-04-17,116.45005088460157,116.45005088460157,116.45005088460157,116.45005088460157
2012-04-18,116.64568697008768,116.64568697008768,116.64568697008768,116.64568697008768
2012-04-19,116.71100855479095,116.71100855479095,116.71100855479095,116.71100855479095
2012-04-20,116.79504048095042,116.79504048095042,116.79504048095042,116.79504048095042
2012-04-23,116.97256894248147,116.97256894248147,116.97256894248147,116.97256894248147
2012-04-24,116.65440355495791,116.65440355495791,116.65440355495791,116.65440355495791
2012-04-25,116.52375062297635,116.52375062297635,116.52375062297635,116.52375062297635
2012-04-26,116.9059485250197,116.9059485250197,116.9059485250197,116.9059485250197
2012-04-27,116.9994732838397,116.9994732838397,116.9994732838397,116.9994732838397
2012-04-30,117.16795252536845,117.16795252536845,117.16795252536845,117.16795252536845
2012-05-01,116.92424318411567,116.92424318411567,116.92424318411567,116.92424318411567
2012-05-02,117.08326015484607,117.08326015484607,117.08326015484607,117.08326015484607
2012-05-03,117.03642685078412,117.03642685078412,117.03642685078412,117.03642685078412
2012-05-04,117.5420242147795,117.5420242147795,117.5420242147795,117.5420242147795
2012-05-07,117.5984443864026,117.5984443864026,117.5984443864026,117.5984443864026
2012-05-08,117.89008852848089,117.89008852848089,117.89008852848089,117.89008852848089
2012-05-09,118.04098784179733,118.04098784179733,118.04098784179733,118.04098784179733
2012-05-10,117.58771044848484,117.58771044848484,117.58771044848484,117.58771044848484
2012-05-11,117.89814200406883,117.89814200406883,117.89814200406883,117.89814200406883
2012-05-14,118.57723530201227,118.57723530201227,118.57723530201227,118.57723530201227
2012-05-15,118.56774912318811,118.56774912318811,118.56774912318811,118.56774912318811
2012-05-16,118.6720887424165,118.6720887424165,118.6720887424165,118.6720887424165
2012-05-17,119.32715867227463,119.32715867227463,119.32715867227463,119.32715867227463
2012-05-18,119.01213497337983,119.01213497337983,119.01213497337983,119.01213497337983
2012-05-21,118.82171555742242,118.82171555742242,118.82171555742242,118.82171555742242
2012-05-22,118.49852049110625,118.49852049110625,118.49852049110625,118.49852049110625
2012-05-23,118.91563528323495,118.91563528323495,118.91563528323495,118.91563528323495
2012-05-24,118.439972742102,118.439972742102,118.439972742102,118.439972742102
2012-05-25,118.79055506141864,118.79055506141864,118.79055506141864,118.79055506141864
2012-05-28,118.80005830582357,118.80005830582357,118.80005830582357,118.80005830582357
2012-05-29,118.77154629183015,118.77154629183015,118.77154629183015,118.77154629183015
2012-05-30,119.99726864956186,119.99726864956186,119.99726864956186,119.99726864956186
2012-05-31,120.5348564131119,120.5348564131119,120.5348564131119,120.5348564131119
2012-06-01,121.53770641846897,121.53770641846897,121.53770641846897,121.53770641846897
2012-06-04,120.90571034509294,120.90571034509294,120.90571034509294,120.90571034509294
2012-06-05,120.43175996054016,120.43175996054016,120.43175996054016,120.43175996054016
2012-06-06,119.58392037041796,119.58392037041796,119.58392037041796,119.58392037041796
2012-06-07,119.74655450212173,119.74655450212173,119.74655450212173,119.74655450212173
2012-06-08,119.86151119444376,119.86151119444376,119.86151119444376,119.86151119444376
2012-06-11,120.30260155563933,120.30260155563933,120.30260155563933,120.30260155563933
2012-06-12,119.55191332193213,119.55191332193213,119.55191332193213,119.55191332193213
2012-06-13,120.17358327120617,120.17358327120617,120.17358327120617,120.17358327120617
2012-06-14,119.76018614475323,119.76018614475323,119.76018614475323,119.76018614475323
2012-06-15,120.29671177868173,120.29671177868173,120.29671177868173,120.29671177868173
2012-06-18,120.41219662198928,120.41219662198928,120.41219662198928,120.41219662198928
2012-06-19,119.96907973842035,119.96907973842035,119.96907973842035,119.96907973842035
2012-06-20,119.68115394704814,119.68115394704814,119.68115394704814,119.68115394704814
2012-06-21,119.96838871652106,119.96838871652106,119.96838871652106,119.96838871652106
2012-06-22,119.43093033507104,119.43093033507104,119.43093033507104,119.43093033507104
2012-06-25,120.11885249380106,120.11885249380106,120.11885249380106,120.11885249380106
2012-06-26,119.88822429701295,119.88822429701295,119.88822429701295,119.88822429701295
2012-06-27,119.95536170261929,119.95536170261929,119.95536170261929,119.95536170261929
2012-06-28,120.31042957325906,120.31042957325906,120.31042957325906,120.31042957325906
2012-06-29,119.74256434567327,119.74256434567327,119.74256434567327,119.74256434567327
2012-07-02,120.2790110339419,120.2790110339419,120.2790110339419,120.2790110339419
2012-07-03,119.88449587775057,119.88449587775057,119.88449587775057,119.88449587775057
2012-07-05,120.16262790818695,120.16262790818695,120.16262790818695,120.16262790818695
2012-07-06,120.6432784198197,120.6432784198197,120.6432784198197,120.6432784198197
2012-07-09,120.99073106166878,120.99073106166878,120.99073106166878,120.99073106166878
2012-07-10,121.09720290500306,121.09720290500306,121.09720290500306,121.09720290500306
2012-07-11,120.97126181398185,120.97126181398185,120.97126181398185,120.97126181398185
2012-07-12,121.32933674895125,121.32933674895125,121.32933674895125,121.32933674895125
2012-07-13,121.20315423873234,121.20315423873234,121.20315423873234,121.20315423873234
2012-07-16,121.39707928551431,121.39707928551431,121.39707928551431,121.39707928551431
2012-07-17,121.0377439308292,121.0377439308292,121.0377439308292,121.0377439308292
2012-07-18,121.17330620403173,121.17330620403173,121.17330620403173,121.17330620403173
2012-07-19,121.00851050759425,121.00851050759425,121.00851050759425,121.00851050759425
2012-07-20,121.52158659214645,121.52158659214645,121.52158659214645,121.52158659214645
2012-07-23,121.71602113069389,121.71602113069389,121.71602113069389,121.71602113069389
2012-07-24,122.17367337014528,122.17367337014528,122.17367337014528,122.17367337014528
2012-07-25,122.11503000692761,122.11503000692761,122.11503000692761,122.11503000692761
2012-07-26,121.71449270850489,121.71449270850489,121.71449270850489,121.71449270850489
2012-07-27,120.67261665092008,120.67261665092008,120.67261665092008,120.67261665092008
2012-07-30,121.10703807086341,121.10703807086341,121.10703807086341,121.10703807086341
2012-07-31,121.39769496223347,121.39769496223347,121.39769496223347,121.39769496223347
2012-08-01,120.87325691999662,120.87325691999662,120.87325691999662,120.87325691999662
2012-08-02,121.31807050546219,121.31807050546219,121.31807050546219,121.31807050546219
2012-08-03,120.44458039782286,120.44458039782286,120.44458039782286,120.44458039782286
2012-08-06,120.47348709711834,120.47348709711834,120.47348709711834,120.47348709711834
2012-08-07,119.86630072214888,119.86630072214888,119.86630072214888,119.86630072214888
2012-08-08,119.64574672882011,119.64574672882011,119.64574672882011,119.64574672882011
2012-08-09,119.22459370033467,119.22459370033467,119.22459370033467,119.22459370033467
2012-08-10,119.56796053019163,119.56796053019163,119.56796053019163,119.56796053019163
2012-08-13,119.50100247229472,119.50100247229472,119.50100247229472,119.50100247229472
2012-08-14,118.86047709904321,118.86047709904321,118.86047709904321,118.86047709904321
2012-08-15,118.06173469293766,118.06173469293766,118.06173469293766,118.06173469293766
2012-08-16,117.89172579497982,117.89172579497982,117.89172579497982,117.89172579497982
2012-08-17,118.08978389431537,118.08978389431537,118.08978389431537,118.08978389431537
2012-08-20,118.12757262516153,118.12757262516153,118.12757262516153,118.12757262516153
2012-08-21,118.20317427164164,118.20317427164164,118.20317427164164,118.20317427164164
2012-08-22,119.21499344340691,119.21499344340691,119.21499344340691,119.21499344340691
2012-08-23,119.40573743291638,119.40573743291638,119.40573743291638,119.40573743291638
2012-08-24,119.29110792498079,119.29110792498079,119.29110792498079,119.29110792498079
2012-08-27,119.62512302717072,119.62512302717072,119.62512302717072,119.62512302717072
2012-08-28,119.76867317480333,119.76867317480333,119.76867317480333,119.76867317480333
2012-08-29,119.62495076699358,119.62495076699358,119.62495076699358,119.62495076699358
2012-08-30,119.8546306724662,119.8546306724662,119.8546306724662,119.8546306724662
2012-08-31,120.62170030876997,120.62170030876997,120.62170030876997,120.62170030876997
2012-09-04,120.37080717212774,120.37080717212774,120.37080717212774,120.37080717212774
2012-09-05,120.1589545515048,120.1589545515048,120.1589545515048,120.1589545515048
2012-09-06,119.38993724237518,119.38993724237518,119.38993724237518,119.38993724237518
2012-09-07,119.46634680221031,119.46634680221031,119.46634680221031,119.46634680221031
2012-09-10,119.60014911062879,119.60014911062879,119.60014911062879,119.60014911062879
2012-09-11,119.16002056190167,119.16002056190167,119.16002056190167,119.16002056190167
2012-09-12,118.60711806649445,118.60711806649445,118.60711806649445,118.60711806649445
2012-09-13,118.95819513597128,118.95819513597128,118.95819513597128,118.95819513597128
2012-09-14,117.54973010556138,117.54973010556138,117.54973010556138,117.54973010556138
2012-09-17,117.79423354418095,117.79423354418095,117.79423354418095,117.79423354418095
2012-09-18,118.08636324337051,118.08636324337051,118.08636324337051,118.08636324337051
2012-09-19,118.44534578763034,118.44534578763034,118.44534578763034,118.44534578763034
2012-09-20,118.53062643659744,118.53062643659744,118.53062643659744,118.53062643659744
2012-09-21,118.63493338786164,118.63493338786164,118.63493338786164,118.63493338786164
2012-09-24,119.00507438003176,119.00507438003176,119.00507438003176,119.00507438003176
2012-09-25,119.42397224184947,119.42397224184947,119.42397224184947,119.42397224184947
2012-09-26,120.01631514416904,120.01631514416904,120.01631514416904,120.01631514416904
2012-09-27,119.56505379922697,119.56505379922697,119.56505379922697,119.56505379922697
2012-09-28,119.78505349821755,119.78505349821755,119.78505349821755,119.78505349821755
2012-10-01,119.92879556241543,119.92879556241543,119.92879556241543,119.92879556241543
2012-10-02,119.90960695512543,119.90960695512543,119.90960695512543,119.90960695512543
2012-10-03,119.94797802935109,119.94797802935109,119.94797802935109,119.94797802935109
2012-10-04,119.40101524953725,119.40101524953725,119.40101524953725,119.40101524953725
2012-10-05,118.83744245755945,118.83744245755945,118.83744245755945,118.83744245755945
2012-10-09,119.01807537009495,119.01807537009495,119.01807537009495,119.01807537009495
2012-10-10,119.332283089072,119.332283089072,119.332283089072,119.332283089072
2012-10-11,119.44684208083751,119.44684208083751,119.44684208083751,119.44684208083751
2012-10-12,119.56151104923511,119.56151104923511,119.56151104923511,119.56151104923511
2012-10-15,119.44673199862783,119.44673199862783,119.44673199862783,119.44673199862783
2012-10-16,118.93072211639375,118.93072211639375,118.93072211639375,118.93072211639375
2012-10-17,117.97927633946259,117.97927633946259,117.97927633946259,117.97927633946259
2012-10-18,117.89433126049818,117.89433126049818,117.89433126049818,117.89433126049818
2012-10-19,118.50738178305278,118.50738178305278,118.50738178305278,118.50738178305278
2012-10-22,118.0428328464632,118.0428328464632,118.0428328464632,118.0428328464632
2012-10-23,118.5527778843599,118.5527778843599,118.5527778843599,118.5527778843599
2012-10-24,118.23979855074518,118.23979855074518,118.23979855074518,118.23979855074518
2012-10-25,118.06953324083211,118.06953324083211,118.06953324083211,118.06953324083211
2012-10-26,118.66460368836591,118.66460368836591,118.66460368836591,118.66460368836591
2012-10-29,118.93041240062784,118.93041240062784,118.93041240062784,118.93041240062784
2012-10-31,119.18730209141319,119.18730209141319,119.18730209141319,119.18730209141319
2012-11-01,118.84404266138992,118.84404266138992,118.84404266138992,118.84404266138992
2012-11-02,118.96764046575777,118.96764046575777,118.96764046575777,118.96764046575777
2012-11-05,119.32930209277366,119.32930209277366,119.32930209277366,119.32930209277366
2012-11-06,118.6419653127193,118.6419653127193,118.6419653127193,118.6419653127193
2012-11-07,119.65754053579616,119.65754053579616,119.65754053579616,119.65754053579616
2012-11-08,119.90642822011061,119.90642822011061,119.90642822011061,119.90642822011061
2012-11-09,119.95439079139865,119.95439079139865,119.95439079139865,119.95439079139865
2012-11-13,120.12712511413828,120.12712511413828,120.12712511413828,120.12712511413828
2012-11-14,120.18478613419308,120.18478613419308,120.18478613419308,120.18478613419308
2012-11-15,120.12709743684866,120.12709743684866,120.12709743684866,120.12709743684866
2012-11-16,120.23280928259308,120.23280928259308,120.23280928259308,120.23280928259308
2012-11-19,119.95386916505745,119.95386916505745,119.95386916505745,119.95386916505745
2012-11-20,119.42607214073122,119.42607214073122,119.42607214073122,119.42607214073122
2012-11-21,119.31142311147613,119.31142311147613,119.31142311147613,119.31142311147613
2012-11-23,119.1873392314402,119.1873392314402,119.1873392314402,119.1873392314402
2012-11-26,119.44478388418011,119.44478388418011,119.44478388418011,119.44478388418011
2012-11-27,119.70278461736994,119.70278461736994,119.70278461736994,119.70278461736994
2012-11-28,119.7602419539863,119.7602419539863,119.7602419539863,119.7602419539863
2012-11-29,119.88479260561841,119.88479260561841,119.88479260561841,119.88479260561841
2012-11-30,119.92315573925222,119.92315573925222,119.92315573925222,119.92315573925222
2012-12-03,119.86559262449738,119.86559262449738,119.86559262449738,119.86559262449738
2012-12-04,120.0286098304667,120.0286098304667,120.0286098304667,120.0286098304667
2012-12-05,120.16304187347681,120.16304187347681,120.16304187347681,120.16304187347681
2012-12-06,120.2111070902262,120.2111070902262,120.2111070902262,120.2111070902262
2012-12-07,119.85528221323911,119.85528221323911,119.85528221323911,119.85528221323911
2012-12-10,119.90322432612439,119.90322432612439,119.90322432612439,119.90322432612439
2012-12-11,119.53871852417296,119.53871852417296,119.53871852417296,119.53871852417296
2012-12-12,119.09881604000401,119.09881604000401,119.09881604000401,119.09881604000401
2012-12-13,118.81297888150802,118.81297888150802,118.81297888150802,118.81297888150802
2012-12-14,119.0791199542026,119.0791199542026,119.0791199542026,119.0791199542026
2012-12-17,118.4218032120554,118.4218032120554,118.4218032120554,118.4218032120554
2012-12-18,117.9670634877211,117.9670634877211,117.9670634877211,117.9670634877211
2012-12-19,118.09918659882734,118.09918659882734,118.09918659882734,118.09918659882734
2012-12-20,118.16532214332267,118.16532214332267,118.16532214332267,118.16532214332267
2012-12-21,118.44891891646665,118.44891891646665,118.44891891646665,118.44891891646665
2012-12-24,118.39206343538675,118.39206343538675,118.39206343538675,118.39206343538675
2012-12-26,118.64779029240718,118.64779029240718,118.64779029240718,118.64779029240718
2012-12-27,118.79016764075807,118.79016764075807,118.79016764075807,118.79016764075807
2012-12-28,119.10377368332968,119.10377368332968,119.10377368332968,119.10377368332968
2012-12-31,118.57971707912303,118.57971707912303,118.57971707912303,118.57971707912303
2013-01-02,117.83029326718297,117.83029326718297,117.83029326718297,117.83029326718297
2013-01-03,117.11388508411848,117.11388508411848,117.11388508411848,117.11388508411848
2013-01-04,117.18883797057231,117.18883797057231,117.18883797057231,117.18883797057231
2013-01-07,117.2075881846476,117.2075881846476,117.2075881846476,117.2075881846476
2013-01-08,117.55452264567417,117.55452264567417,117.55452264567417,117.55452264567417
2013-01-09,117.59214009292076,117.59214009292076,117.59214009292076,117.59214009292076
2013-01-10,117.22525261583085,117.22525261583085,117.22525261583085,117.22525261583085
2013-01-11,117.53472728273664,117.53472728273664,117.53472728273664,117.53472728273664
2013-01-14,117.7039772900238,117.7039772900238,117.7039772900238,117.7039772900238
2013-01-15,117.81697310822223,117.81697310822223,117.81697310822223,117.81697310822223
2013-01-16,117.9772041916494,117.9772041916494,117.9772041916494,117.9772041916494
2013-01-17,117.36372272985282,117.36372272985282,117.36372272985282,117.36372272985282
2013-01-18,117.77684303386191,117.77684303386191,117.77684303386191,117.77684303386191
2013-01-22,117.74857659153378,117.74857659153378,117.74857659153378,117.74857659153378
2013-01-23,117.8898748834436,117.8898748834436,117.8898748834436,117.8898748834436
2013-01-24,117.66352632366738,117.66352632366738,117.66352632366738,117.66352632366738
2013-01-25,116.75045735939574,116.75045735939574,116.75045735939574,116.75045735939574
2013-01-28,116.60101677397572,116.60101677397572,116.60101677397572,116.60101677397572
2013-01-29,116.2838620083505,116.2838620083505,116.2838620083505,116.2838620083505
2013-01-30,116.3489809710752,116.3489809710752,116.3489809710752,116.3489809710752
2013-01-31,116.41413640041903,116.41413640041903,116.41413640041903,116.41413640041903
2013-02-01,116.04161116393767,116.04161116393767,116.04161116393767,116.04161116393767
2013-02-04,116.6728775286695,116.6728775286695,116.6728775286695,116.6728775286695
2013-02-05,116.22485367895943,116.22485367895943,116.22485367895943,116.22485367895943
2013-02-06,116.60607119902642,116.60607119902642,116.60607119902642,116.60607119902642
2013-02-07,116.65271362750602,116.65271362750602,116.65271362750602,116.65271362750602
2013-02-08,116.73670358131783,116.73670358131783,116.73670358131783,116.73670358131783
2013-02-11,116.60595847330674,116.60595847330674,116.60595847330674,116.60595847330674
2013-02-12,116.46603132313878,116.46603132313878,116.46603132313878,116.46603132313878
2013-02-13,116.00948448035209,116.00948448035209,116.00948448035209,116.00948448035209
2013-02-14,116.28790724310494,116.28790724310494,116.28790724310494,116.28790724310494
2013-02-15,116.22278601504881,116.22278601504881,116.22278601504881,116.22278601504881
2013-02-19,116.00893608878111,116.00893608878111,116.00893608878111,116.00893608878111
2013-02-20,116.17598895674897,116.17598895674897,116.17598895674897,116.17598895674897
2013-02-21,116.5105758049444,116.5105758049444,116.5105758049444,116.5105758049444
2013-02-22,116.62242595771714,116.62242595771714,116.62242595771714,116.62242595771714
2013-02-25,117.52741598314901,117.52741598314901,117.52741598314901,117.52741598314901
2013-02-26,117.32996992429732,117.32996992429732,117.32996992429732,117.32996992429732
2013-02-27,117.1985603579821,117.1985603579821,117.1985603579821,117.1985603579821
2013-02-28,117.37670216972624,117.37670216972624,117.37670216972624,117.37670216972624
2013-03-01,117.71474707197504,117.71474707197504,117.71474707197504,117.71474707197504
2013-03-04,117.39456295993926,117.39456295993926,117.39456295993926,117.39456295993926
2013-03-05,117.21612322424015,117.21612322424015,117.21612322424015,117.21612322424015
2013-03-06,116.83165434006466,116.83165434006466,116.83165434006466,116.83165434006466
2013-03-07,116.30824852862116,116.30824852862116,116.30824852862116,116.30824852862116
2013-03-08,115.80579689497752,115.80579689497752,115.80579689497752,115.80579689497752
2013-03-11,115.69462332995832,115.69462332995832,115.69462332995832,115.69462332995832
2013-03-12,116.083357264347,116.083357264347,116.083357264347,116.083357264347
2013-03-13,116.0462105900224,116.0462105900224,116.0462105900224,116.0462105900224
2013-03-14,115.91623883416158,115.91623883416158,115.91623883416158,115.91623883416158
2013-03-15,116.34281059307128,116.34281059307128,116.34281059307128,116.34281059307128
2013-03-18,116.67787788757933,116.67787788757933,116.67787788757933,116.67787788757933
2013-03-19,117.15392362936066,117.15392362936066,117.15392362936066,117.15392362936066
2013-03-20,116.64781867928183,116.64781867928183,116.64781867928183,116.64781867928183
2013-03-21,117.04908717553855,117.04908717553855,117.04908717553855,117.04908717553855
2013-03-22,116.93672005185003,116.93672005185003,116.93672005185003,116.93672005185003
2013-03-25,117.00220461507908,117.00220461507908,117.00220461507908,117.00220461507908
2013-03-26,117.08644620240194,117.08644620240194,117.08644620240194,117.08644620240194
2013-03-27,117.70466263835063,117.70466263835063,117.70466263835063,117.70466263835063
2013-03-28,117.63874802727314,117.63874802727314,117.63874802727314,117.63874802727314
2013-04-01,117.79873672459024,117.79873672459024,117.79873672459024,117.79873672459024
2013-04-02,117.54429145326513,117.54429145326513,117.54429145326513,117.54429145326513
2013-04-03,117.97685444581316,117.97685444581316,117.97685444581316,117.97685444581316
2013-04-04,118.4487618635964,118.4487618635964,118.4487618635964,118.4487618635964
2013-04-05,118.94150871294895,118.94150871294895,118.94150871294895,118.94150871294895
2013-04-08,118.64653377134083,118.64653377134083,118.64653377134083,118.64653377134083
2013-04-09,118.58009171242887,118.58009171242887,118.58009171242887,118.58009171242887
2013-04-10,118.07731212356818,118.07731212356818,118.07731212356818,118.07731212356818
2013-04-11,118.20955871314658,118.20955871314658,118.20955871314658,118.20955871314658
2013-04-12,118.8715322419402,118.8715322419402,118.8715322419402,118.8715322419402
2013-04-15,119.18535308705893,119.18535308705893,119.18535308705893,119.18535308705893
2013-04-16,118.86116892666212,118.86116892666212,118.86116892666212,118.86116892666212
2013-04-17,119.0893823710013,119.0893823710013,119.0893823710013,119.0893823710013
2013-04-18,119.20370817807748,119.20370817807748,119.20370817807748,119.20370817807748
2013-04-19,119.0225185416468,119.0225185416468,119.0225185416468,119.0225185416468
2013-04-22,119.1177365564801,119.1177365564801,119.1177365564801,119.1177365564801
2013-04-23,119.0129129483104,119.0129129483104,119.0129129483104,119.0129129483104
2013-04-24,119.04147604741799,119.04147604741799,119.04147604741799,119.04147604741799
2013-04-25,118.97481282083145,118.97481282083145,118.97481282083145,118.97481282083145
2013-04-26,119.40312214698645,119.40312214698645,119.40312214698645,119.40312214698645
2013-04-29,119.38401764744293,119.38401764744293,119.38401764744293,119.38401764744293
2013-04-30,119.32671331897215,119.32671331897215,119.32671331897215,119.32671331897215
2013-05-01,119.71810493865837,119.71810493865837,119.71810493865837,119.71810493865837
2013-05-02,119.79472452581912,119.79472452581912,119.79472452581912,119.79472452581912
2013-05-03,118.68302948221951,118.68302948221951,118.68302948221951,118.68302948221951
2013-05-06,118.45515806561365,118.45515806561365,118.45515806561365,118.45515806561365
2013-05-07,118.30353546328966,118.30353546328966,118.30353546328966,118.30353546328966
2013-05-08,118.42657114017148,118.42657114017148,118.42657114017148,118.42657114017148
2013-05-09,117.99076135837565,117.99076135837565,117.99076135837565,117.99076135837565
2013-05-10,117.16954565932136,117.16954565932136,117.16954565932136,117.16954565932136
2013-05-11,117.16954565932136,117.16954565932136,117.16954565932136,117.16954565932136
2013-05-13,117.01019507722468,117.01019507722468,117.01019507722468,117.01019507722468
2013-05-14,116.40174206282312,116.40174206282312,116.40174206282312,116.40174206282312
2013-05-15,116.7928519161542,116.7928519161542,116.7928519161542,116.7928519161542
2013-05-16,117.36280103350505,117.36280103350505,117.36280103350505,117.36280103350505
2013-05-17,116.65862422730402,116.65862422730402,116.65862422730402,116.65862422730402
2013-05-18,116.65862422730402,116.65862422730402,116.65862422730402,116.65862422730402
2013-05-20,116.55596463798399,116.55596463798399,116.55596463798399,116.55596463798399
2013-05-21,116.88232133897036,116.88232133897036,116.88232133897036,116.88232133897036
2013-05-22,115.88180866830878,115.88180866830878,115.88180866830878,115.88180866830878
2013-05-23,116.07649010687152,116.07649010687152,116.07649010687152,116.07649010687152
2013-05-24,116.12292070291426,116.12292070291426,116.12292070291426,116.12292070291426
2013-05-25,116.12292070291426,116.12292070291426,116.12292070291426,116.12292070291426
2013-05-28,114.67370665254188,114.67370665254188,114.67370665254188,114.67370665254188
2013-05-29,115.11405368608764,115.11405368608764,115.11405368608764,115.11405368608764
2013-05-30,115.11405368608764,115.11405368608764,115.11405368608764,115.11405368608764
2013-05-31,114.99433507025412,114.99433507025412,114.99433507025412,114.99433507025412
2013-06-01,114.99433507025412,114.99433507025412,114.99433507025412,114.99433507025412
2013-06-03,115.0311332574766,115.0311332574766,115.0311332574766,115.0311332574766
2013-06-04,114.82867846294344,114.82867846294344,114.82867846294344,114.82867846294344
2013-06-05,115.37066982528854,115.37066982528854,115.37066982528854,115.37066982528854
2013-06-06,115.48142566832082,115.48142566832082,115.48142566832082,115.48142566832082
2013-06-07,114.55757426297426,114.55757426297426,114.55757426297426,114.55757426297426
2013-06-08,114.55757426297426,114.55757426297426,114.55757426297426,114.55757426297426
2013-06-10,114.24597766097897,114.24597766097897,114.24597766097897,114.24597766097897
2013-06-11,114.45619025987517,114.45619025987517,114.45619025987517,114.45619025987517
2013-06-12,114.10824344148513,114.10824344148513,114.10824344148513,114.10824344148513
2013-06-13,114.82940754003535,114.82940754003535,114.82940754003535,114.82940754003535
2013-06-14,115.0039482394962,115.0039482394962,115.0039482394962,115.0039482394962
2013-06-15,115.01314855535536,115.01314855535536,115.01314855535536,115.01314855535536
2013-06-17,114.56229701301837,114.56229701301837,114.56229701301837,114.56229701301837
2013-06-18,114.49814212669108,114.49814212669108,114.49814212669108,114.49814212669108
2013-06-19,112.95012724513822,112.95012724513822,112.95012724513822,112.95012724513822
2013-06-20,112.34471456310429,112.34471456310429,112.34471456310429,112.34471456310429
2013-06-21,111.25721772613343,111.25721772613343,111.25721772613343,111.25721772613343
2013-06-22,111.25721772613343,111.25721772613343,111.25721772613343,111.25721772613343
2013-06-24,111.23941657129726,111.23941657129726,111.23941657129726,111.23941657129726
2013-06-25,110.63427414514939,110.63427414514939,110.63427414514939,110.63427414514939
2013-06-26,111.26267682229383,111.26267682229383,111.26267682229383,111.26267682229383
2013-06-27,111.85904477006132,111.85904477006132,111.85904477006132,111.85904477006132
2013-06-28,111.74271136350046,111.74271136350046,111.74271136350046,111.74271136350046
2013-06-29,111.74271136350046,111.74271136350046,111.74271136350046,111.74271136350046
2013-07-01,111.83210553259127,111.83210553259127,111.83210553259127,111.83210553259127
2013-07-02,111.8857849432469,111.8857849432469,111.8857849432469,111.8857849432469
2013-07-03,111.59935733379218,111.59935733379218,111.59935733379218,111.59935733379218
2013-07-04,111.59935733379218,111.59935733379218,111.59935733379218,111.59935733379218
2013-07-05,109.5191453130903,109.5191453130903,109.5191453130903,109.5191453130903
2013-07-06,109.5191453130903,109.5191453130903,109.5191453130903,109.5191453130903
2013-07-08,110.37777541234495,110.37777541234495,110.37777541234495,110.37777541234495
2013-07-09,110.36011496827898,110.36011496827898,110.36011496827898,110.36011496827898
2013-07-10,110.05993545556525,110.05993545556525,110.05993545556525,110.05993545556525
2013-07-11,110.95802452888266,110.95802452888266,110.95802452888266,110.95802452888266
2013-07-12,110.78049168963643,110.78049168963643,110.78049168963643,110.78049168963643
2013-07-13,110.78049168963643,110.78049168963643,110.78049168963643,110.78049168963643
2013-07-15,111.21475121705981,111.21475121705981,111.21475121705981,111.21475121705981
2013-07-16,111.31262019813082,111.31262019813082,111.31262019813082,111.31262019813082
2013-07-17,111.67772559238067,111.67772559238067,111.67772559238067,111.67772559238067
2013-07-18,111.29355421634288,111.29355421634288,111.29355421634288,111.29355421634288
2013-07-19,111.75653540188286,111.75653540188286,111.75653540188286,111.75653540188286
2013-07-20,111.75653540188286,111.75653540188286,111.75653540188286,111.75653540188286
2013-07-22,111.73865435621858,111.73865435621858,111.73865435621858,111.73865435621858
2013-07-23,111.53305523220311,111.53305523220311,111.53305523220311,111.53305523220311
2013-07-24,110.84601161197276,110.84601161197276,110.84601161197276,110.84601161197276
2013-07-25,110.90808537847548,110.90808537847548,110.90808537847548,110.90808537847548
2013-07-26,111.0234297872691,111.0234297872691,111.0234297872691,111.0234297872691
2013-07-27,111.0234297872691,111.0234297872691,111.0234297872691,111.0234297872691
2013-07-29,110.71256418386473,110.71256418386473,110.71256418386473,110.71256418386473
2013-07-30,110.65056514792175,110.65056514792175,110.65056514792175,110.65056514792175
2013-07-31,110.80990196173477,110.80990196173477,110.80990196173477,110.80990196173477
2013-08-01,109.7461269029021,109.7461269029021,109.7461269029021,109.7461269029021
2013-08-02,110.71189281964764,110.71189281964764,110.71189281964764,110.71189281964764
2013-08-03,110.71189281964764,110.71189281964764,110.71189281964764,110.71189281964764
2013-08-05,110.3399008597736,110.3399008597736,110.3399008597736,110.3399008597736
2013-08-06,110.32224647563605,110.32224647563605,110.32224647563605,110.32224647563605
2013-08-07,110.70175500351223,110.70175500351223,110.70175500351223,110.70175500351223
2013-08-08,110.8080286883156,110.8080286883156,110.8080286883156,110.8080286883156
2013-08-09,110.87008118438109,110.87008118438109,110.87008118438109,110.87008118438109
2013-08-10,110.87008118438109,110.87008118438109,110.87008118438109,110.87008118438109
2013-08-12,110.49755771160157,110.49755771160157,110.49755771160157,110.49755771160157
2013-08-13,109.62241705452568,109.62241705452568,109.62241705452568,109.62241705452568
2013-08-14,109.70134519480494,109.70134519480494,109.70134519480494,109.70134519480494
2013-08-15,109.24498759879455,109.24498759879455,109.24498759879455,109.24498759879455
2013-08-16,108.71187205931243,108.71187205931243,108.71187205931243,108.71187205931243
2013-08-19,108.21614592272198,108.21614592272198,108.21614592272198,108.21614592272198
2013-08-20,108.77021258984631,108.77021258984631,108.77021258984631,108.77021258984631
2013-08-21,108.12629293131444,108.12629293131444,108.12629293131444,108.12629293131444
2013-08-22,108.12629293131444,108.12629293131444,108.12629293131444,108.12629293131444
2013-08-23,108.7664005854678,108.7664005854678,108.7664005854678,108.7664005854678
2013-08-26,109.35984640427641,109.00126085544602,109.50042305266305,109.03614125891976
2013-08-27,110.5033103500679,109.69897494438432,110.63702684371513,109.71652678037542
2013-08-28,108.81584914760434,108.70322127826368,109.4877673821164,109.22499674039933
2013-08-29,109.39123151595746,109.08540093020314,109.8576248286713,109.25121073961704
2013-08-30,108.85847192484768,108.62418107255824,109.050124164152,109.01522812441947
2013-09-02,108.63143311421986,108.53590623243423,108.63143311421986,108.61405208492158
2013-09-03,108.14581331655295,107.93900060582804,108.80598053037285,108.37075660825136
2013-09-04,107.80002009882392,107.64540652418017,108.17117878760999,108.0759881502769
2013-09-05,106.36063241421981,106.27629284367488,107.26293149672539,107.2200263241267
2013-09-06,108.23673824201863,107.1517876438886,108.38480491540032,107.75183765469438
2013-09-07,107.75183765469438,107.75183765469438,107.75183765469438,107.75183765469438
2013-09-09,108.16653363027372,107.58856427440575,108.24464474338231,107.9242405949419
2013-09-10,107.064149420293,107.04708740444914,107.52688866062404,107.47527575406694
2013-09-11,108.44274327411642,107.90503933273804,108.52124280676881,107.93956894532452
2013-09-12,108.12977082892861,107.62976869960727,108.12977082892861,108.0000151039339
2013-09-13,108.33762335890772,108.03454472270263,108.71231312038387,108.12961512205861
2013-09-16,108.61512333620513,107.6398743145928,108.61512333620513,108.37182545993203
2013-09-17,108.64967967151104,108.3112341837164,108.70193603047129,108.48453215841035
2013-09-18,111.19928114099446,109.68038369909735,111.70588378856164,109.84709788231997
2013-09-19,108.90164947848744,108.65054445861975,109.36357724338218,109.31983181248484
2013-09-20,109.60004926025793,109.29363487219908,109.79353353916386,109.45976119720481
2013-09-23,110.07445700817992,109.73113456549606,110.26907551289582,109.76624852855701
2013-09-24,110.5948726340569,110.05573036356401,110.63929895069306,110.17018832314211
2013-09-25,110.70031995353659,110.28461884792648,110.78028005623176,110.42578316005182
2013-09-26,110.11691219300941,110.00262831479534,110.32852288182613,110.23143378169013
2013-09-27,110.58473965919556,110.20502682638029,110.78002495960511,110.40780407574084
2013-09-30,110.34607447282309,110.30202414369222,110.78852064151924,110.5226281919796
2013-10-01,109.8966624451999,109.87913227093843,110.35441848870761,110.21316483304207
2013-10-02,110.84118527470709,110.24835703064184,110.85897965346366,110.48649348182802
2013-10-03,110.71652621969857,110.39827366908303,111.02770251598777,110.61023835452765
2013-10-04,109.94842998782724,109.94842998782724,110.37991109221646,110.25628559179317
2013-10-07,110.42392879171669,110.17705319237399,110.45044538391834,110.38859313450334
2013-10-08,110.21214077974871,110.10653987833088,110.50359046688163,110.31794443489727
2013-10-09,109.78122449467324,109.71996753401459,110.22959819926427,110.11495941713704
2013-10-10,109.78063787208663,109.78063787208663,110.26518446409085,109.9211570885629
2013-10-11,109.81566653473509,109.44803876536966,109.86838648986458,109.85080754802621
2013-10-14,109.42019238243795,109.39393783735697,109.43770241482432,109.42019238243795
2013-10-15,109.62170286564687,109.20199785347879,109.63048102891285,109.5252357671251
2013-10-16,110.70624337900205,110.02451107412493,110.87576454471778,110.05971891766866
2013-10-17,111.42427867238413,110.62272922945276,111.43325003137547,110.72007723117467
2013-10-18,110.95957747834996,110.4199510551514,110.99514714575767,110.79979568678114
2013-10-21,110.5429661707619,110.4458592686793,110.80867316420175,110.64024398099217
2013-10-22,112.2993124573276,111.4190266933844,112.33553804199126,111.43685373765533
2013-10-23,111.63312391476111,111.31231346845063,111.65100094637528,111.55274806554247
2013-10-24,111.17852958161653,110.94812612480784,111.37423510656417,111.35641522894713
2013-10-25,111.51688400439514,111.28524391618595,111.53474242124267,111.43659184791197
2013-10-28,111.24951307032731,111.12514245761594,111.36524959960983,111.32961271973795
2013-10-29,111.65959715221656,111.48098466377024,111.80289975544392,111.50774010008955
2013-10-30,110.93814193851195,110.62029290470483,111.29345666967862,111.1955184278093
2013-10-31,110.98219369221638,110.62846558483082,111.2400643449745,111.07097944717015
2013-11-01,109.93904589866398,109.88655232271363,110.54634668859335,110.46675331897755
2013-11-04,110.72328245464783,110.49323567953029,110.80313737428015,110.61698810349137
2013-11-05,109.42878843815308,109.35917724957919,110.08572905552774,110.02408104725664
2013-11-06,110.46502398188012,110.13838721313324,110.50931274139495,110.25293113583491
2013-11-07,110.996328648711,110.57030723697758,111.05873121079766,110.62338098445133
2013-11-08,108.0171854327582,107.94038383148667,109.40978367544508,109.30475028311666
2013-11-11,109.0078451533231,109.0078451533231,109.15609582273163,109.15609582273163
2013-11-12,109.0339191884561,108.92071409705368,109.2610367897139,109.10370089673671
2013-11-13,110.0855114784846,109.36496454830933,110.10320442472029,109.60994206889755
2013-11-14,110.0316877377799,109.73261687815207,110.21722374568847,109.81162436230434
2013-11-15,109.66236413889672,109.61854126320182,109.97892617153245,109.7237750628145
2013-11-18,110.47277288487838,110.01335316398796,110.53491104560108,110.04855743700044
2013-11-19,109.26769786497677,109.1893510452839,109.67867592192728,109.64357874563227
2013-11-20,107.99853338698142,107.81024844090696,108.85401864904824,108.8366020060644
2013-11-21,109.17679816525623,108.86269565315288,109.42235606939528,108.97591285663215
2013-11-22,109.71058193207011,109.3595080698875,109.78988441680134,109.3595080698875
2013-11-25,109.70139350593765,109.46447640270135,109.83345778383404,109.48199071892577
2013-11-26,109.73617194787855,109.51698016945916,109.8681086727277,109.65716190407606
2013-11-27,109.18438851143573,109.13210965651045,109.6747506701205,109.4027572884586
2013-11-28,109.22786678044412,109.22786678044412,109.34148194032136,109.32398730321091
2013-11-29,109.34147914117942,109.25407588047504,109.53425943778993,109.34147914117942
2013-12-02,108.51339874270906,108.50474881056535,109.00873499067369,108.89536590628339
2013-12-03,109.15707070298201,108.77366596833436,109.20081051332942,109.00861708682595
2013-12-04,108.1225800366342,108.02788669424544,108.67683274967742,108.5464205503778
2013-12-05,107.90577330833538,107.79400730937047,108.26845276407721,108.23380685919271
2013-12-06,108.56341774720755,108.2338068591927,109.02650516295016,108.37234613197246
2013-12-09,108.71109114272399,108.44166007257493,108.72851977457053,108.51106273502138
2013-12-10,109.1991094447145,108.74524055404828,109.25172284362789,108.84093636573584
2013-12-11,108.09414200420294,107.93913128431166,108.42285338353712,108.38815807045438
2013-12-12,108.0072412210055,107.85218217315274,108.25799856592658,108.18005280695911
2013-12-13,108.38794145035465,108.18869891092383,108.50088175484764,108.29256006187833
2013-12-16,108.06754555203987,107.8348642338656,108.24921529720419,108.17993579941398
2013-12-17,108.86566274542648,108.52605621470568,108.97933773463858,108.54342038370002
2013-12-18,107.5578409393558,107.41240001540027,108.31705245797802,108.03109543948896
2013-12-19,107.3850794804743,107.3080763958337,107.93586046194173,107.7458933475287
2013-12-20,108.51612503491266,107.98703194665994,108.74321930816666,108.082060534773
2013-12-23,107.38392282318476,107.25562661909495,107.76203522749176,107.72755137621897
2013-12-24,106.8521362837736,106.79258019220687,107.34816829149402,107.2966411707141
2013-12-25,106.97095442540798,106.97095442540798,107.1335502761346,107.1335502761346
2013-12-26,107.25359747509938,106.85164236136605,107.27076904049724,107.20211574831133
2013-12-27,107.00506878417714,106.85989031894721,107.27082404233364,107.11635405571268
2013-12-30,107.66628560228457,107.33050110500437,107.74407291627837,107.37343330544637
2013-12-31,106.51759532277904,106.51759532277904,106.99517621453849,106.90958007356686
2014-01-01,106.90958007356686,106.90958007356686,106.90958007356686,106.90958007356686
2014-01-02,107.61355386028752,107.09754545050433,107.63948483712133,107.20892689777284
2014-01-03,107.02901739922295,106.90087985744081,107.2690312136694,107.14888989871008
2014-01-06,107.96682035595214,107.39725676043678,107.96682035595214,107.49176634638596
2014-01-07,107.81045187161163,107.60352202157014,107.86230875081877,107.63795514861705
2014-01-08,106.81432660611209,106.81432660611209,107.37060665013078,107.2074033280226
2014-01-09,107.55096174278953,107.3188188083379,107.67172798151257,107.3960883578799
2014-01-10,109.32084266606182,108.29792691174886,109.32966882807264,108.33258224836062
2014-01-13,108.90618436856855,108.51443550393343,108.91492202777656,108.60124705233656
2014-01-14,107.8995878825799,107.83937605898471,108.23628846886734,108.21897066271234
2014-01-15,107.89045805005993,107.76133039740286,108.2102999655997,108.045820309652
2014-01-16,108.94851675182774,108.4692583001481,108.94851675182774,108.49529092214014
2014-01-17,108.8779290113173,108.64280911342836,109.00899144091123,108.66888338761558
2014-01-20,108.5993353022475,108.58196218829738,108.5993353022475,108.5993353022475
2014-01-21,108.52985951796776,108.46047257030185,108.8781302264089,108.57327146177495
2014-01-22,107.94973508582794,107.94112528082829,108.269266301682,108.269266301682
2014-01-23,109.8399036271416,108.85731024006172,109.85761117246274,109.03148193644583
2014-01-24,110.10093368079752,109.4410143947702,110.16293243679185,109.55483304974076
2014-01-27,108.97799866750834,108.93454651492961,109.44073171745052,109.28313706377739
2014-01-28,109.27439371334427,109.15213354296252,109.55487663616667,109.2656517618472
2014-01-29,110.754356627032,109.75449705214547,110.88845262746831,109.9037631681364
2014-01-30,109.66654183905015,109.55268901650523,110.00070338101824,109.74550174917428
2014-01-31,110.69789340758413,110.22845923006757,110.79582463064054,110.21082267659077
2014-02-03,111.59611703945825,110.73953854455233,111.72214314565753,110.8015526861373
2014-02-04,109.92715223050337,109.83084778047665,110.35820460400646,110.32288997853318
2014-02-05,109.63667104565235,109.37500834625939,110.04032775031861,109.98750839299845
2014-02-06,109.40830344973364,109.31236185710392,109.7586061903075,109.69714137084092
2014-02-07,109.99590000642316,109.408717686255,110.22546280945471,109.85510525441494
2014-02-10,110.11907426984406,109.94295419904064,110.21618103727778,109.98693138072025
2014-02-11,109.10135420681615,109.10135420681615,109.54673714642615,109.48539097362415
2014-02-12,108.78708663830648,108.74373826141839,109.28371197375284,109.16131421634223
2014-02-13,109.87163446469728,109.35333060018803,109.87163446469728,109.41456846532415
2014-02-14,109.26583604377366,109.02174450003457,109.40580829170803,109.31828364507467
2014-02-17,109.32703190721017,109.29204725699987,109.32703190721017,109.29204725699987
2014-02-18,109.99381816803283,109.51913854035973,110.10870806327505,109.6330384444417
2014-02-19,109.0906470956103,108.81279762831805,109.40492872936844,109.36991915217504
2014-02-20,109.09907177290378,108.78621797460649,109.44003369286078,109.25617443625677
2014-02-21,109.63270849899293,109.41347815884937,109.86164195180586,109.43098431535478
2014-02-24,109.30847061840038,109.17750999066267,109.54499319467035,109.35219400664774
2014-02-25,110.04557415967165,109.64076836908029,110.08091597393408,109.68462467642792
2014-02-26,110.37130905918428,109.97409945364498,110.47771668421122,110.00929116547016
2014-02-27,110.54760070831419,110.21164350846487,110.59195814379622,110.24691123438757
2014-02-28,110.13228195773019,110.01789080516943,110.59223526764923,110.15871370540005
2014-03-03,110.62604835891692,110.46688691135392,110.84786831472161,110.56409777183592
2014-03-04,108.86122106750628,108.84393876538411,109.71482961804361,109.69727524530472
2014-03-05,109.49569028759922,109.39080935820496,109.73240929134373,109.63584477116734
2014-03-06,109.04988420961118,109.00640686162872,109.44274665372555,109.36394787613486
2014-03-07,108.51839527419119,108.3198175757819,109.18853052450098,108.91774296880021
2014-03-10,109.10960703680514,108.88293106533433,109.23205469199674,109.01359058261275
2014-03-11,109.20565424825043,109.03102299495505,109.34576253691789,109.09208036783224
2014-03-12,109.75738273566685,109.26637670968847,109.78381119286303,109.42372029215043
2014-03-13,110.97545462229456,110.15887125628231,111.16354861317978,110.18530938538382
2014-03-14,110.00913973251728,109.68470659286295,110.18530938538385,110.0883463131247
2014-03-17,109.2989939256023,109.26417423973876,109.79759677904441,109.7536777403328
2014-03-18,110.10545234847491,109.81507594573378,110.1672448736444,109.92928362471734
2014-03-19,108.20168634257638,108.09015590153184,109.23341716587498,109.05864369840958
2014-03-20,109.01503768333626,108.79752962730406,109.23341716587498,109.05864369840958
2014-03-21,109.46936134695326,109.25051016473225,109.62747790161905,109.29421036879813
2014-03-24,109.6709963101,109.35537109088474,109.90008331131014,109.43410695807019
2014-03-25,109.12805871647748,109.00611819273013,109.37276005739696,109.25901238693727
2014-03-26,110.24237861864226,109.6695307003265,110.3576670847385,109.74849276243074
2014-03-27,109.95062403513542,109.63457305579458,110.11816448398197,109.84507143606169
2014-03-28,109.16171559206641,109.03127460314893,109.59000641310982,109.49356720746628
2014-03-31,109.57243412262169,109.52860514897264,109.95964696507573,109.52860514897264
2014-04-01,108.96037469684691,108.94298416541338,109.30935499854233,109.21316276614361
2014-04-02,108.34286901551691,108.32560459530886,108.80238982680231,108.76757306205774
2014-04-03,108.85462194005856,108.60256316999616,108.85462194005856,108.81108009128255
2014-04-04,110.10697128412957,109.42017850043008,110.12469474027188,109.46394657183025
2014-04-07,109.87625667672494,109.52515823711245,109.98202557453665,109.6828744649739
2014-04-08,110.06093968357064,109.76178931589604,110.1757520905588,109.8408178042035
2014-04-09,109.67397988444333,109.58637386169036,110.0169859161589,109.75294514996013
2014-04-10,110.58146882841311,109.86678766866672,110.65255945446802,110.156835988112
2014-04-11,110.43913107513204,110.13924045484977,110.58082188558848,110.32427437881391
2014-04-14,109.71756560921655,109.71756560921655,110.19181107010647,110.1301036559072
2014-04-15,110.4476848583754,110.00709253007487,110.59829131081723,110.30631182175668
2014-04-16,110.18285763952751,110.1740500569824,110.49201268340947,110.26218929702797
2014-04-17,108.7294318796811,108.65175567020998,109.54740439642299,109.50358543466443
2014-04-21,109.59121634490344,109.32001592128312,109.71413551080863,109.55614715567307
2014-04-22,109.6438341631612,109.48609846823338,109.91655813484202,109.59120512276289
2014-04-23,109.96013992679913,109.60871729999569,110.00422626307,109.74901645813968
2014-04-24,110.02163020094434,109.83680864793098,110.29560164734399,109.84559559262283
2014-04-25,110.16245788760156,109.79296234126078,110.19777768814264,109.98619795498139
2014-04-28,109.32801836137861,109.26698996197432,109.63418579958058,109.61664432985265
2014-04-29,109.80973954766486,109.63417037419349,110.01234054314025,109.71310697686292
2014-04-30,110.5587479459339,110.14311355515972,110.79002378844692,110.16073645332854
2014-05-01,110.8595238453161,110.27512060459797,110.8862348381308,110.45156079756534
2014-05-02,110.94753444880931,110.57513802534172,111.70892153327149,110.69013616888806
2014-05-05,110.2396376496467,110.21325190583394,110.57495392521595,110.51303195101782
2014-05-06,110.74313836814976,110.56604851707729,110.92079640676072,110.62796550424687
2014-05-07,110.73424487227594,110.53955507868606,110.89404735826173,110.65451621596789
2014-05-08,110.57476840639522,110.19533220485702,110.67225357530363,110.46861662872507
2014-05-09,110.25672030526842,110.080760011133,110.47746331861283,110.36256675676148
2014-05-12,109.76363183741115,109.76363183741115,110.0622844848561,110.02706455382094
2014-05-13,110.91081607634159,110.43183462495625,110.91081607634159,110.46717281203622
2014-05-14,111.63120109697643,110.82001852891567,111.66713003199315,111.02392736300888
2014-05-15,111.90655554970589,111.28102980599594,112.07755639862371,111.48578690083899
2014-05-16,110.99634578657125,110.94321206431822,111.28058738909768,111.24497760113317
2014-05-19,110.83638058982272,110.6067594029434,111.05807108624207,111.04918644055518
2014-05-20,111.58346205489512,111.21781931638402,111.6730082085384,111.32458842292776
2014-05-21,110.92461984176754,110.8449707609812,111.38706514215814,111.14646908145107
2014-05-22,110.87106819091274,110.79136854125473,111.09305895695253,110.96863473092074
2014-05-23,111.27085626094727,110.96863473092071,111.3154395032988,111.12842956493326
2014-05-26,111.1017544738231,111.08397819310728,111.11953644476961,111.08397819310728
2014-05-27,111.4756518080201,111.23497992261976,111.60085510728301,111.28837271298262
2014-05-28,112.55962594484195,111.83987771723527,112.5777383635313,111.93829680962644
2014-05-29,111.51814827504312,111.10998191439289,111.7144202160072,111.7144202160072
2014-05-30,111.5893900870581,111.46463951122014,111.8128549021956,111.66973444792079
2014-06-02,110.82395395102593,110.74449126893866,111.3298778157711,111.20518835261744
2014-06-03,109.94893244600871,109.85280032162225,110.57349234709413,110.56464646770637
2014-06-04,110.40557336112666,110.16782009260294,110.58234955736576,110.50273026568445
2014-06-05,110.8124600293826,110.57337289331154,111.25795516498357,110.69721507095205
2014-06-06,110.44955050667026,109.99253000644374,110.62634050347967,110.58208996727828
2014-06-09,110.3699929354542,110.3699929354542,110.66183666677392,110.48477772810708
2014-06-10,109.86793816510124,109.76288515649715,110.29899981696205,110.20193669712313
2014-06-11,110.31666602979412,109.96441356382527,110.39623406908471,110.20193669712313
2014-06-12,110.99838528804426,110.38675067816764,111.12331312742305,110.58103135936122
2014-06-13,110.46604548448748,110.28961033757086,110.80283220852554,110.48372005176499
2014-06-16,110.62519580373203,110.40429884725494,110.72267074396281,110.58094572541054
2014-06-17,109.62948443331811,109.5160595787512,110.1207817387171,110.08554308856071
2014-06-18,111.25449906054124,110.60498063192483,111.2634495431688,110.64037422572706
2014-06-19,110.09295556783901,109.87375169007571,110.58716041848422,110.36598609764725
2014-06-20,110.60464392438412,110.46309262836827,110.93337489275123,110.48076672318881
2014-06-23,110.1982523764458,110.00486042109466,110.35698865547717,110.32167441910741
2014-06-24,111.12752386301001,110.73641755602134,111.14536707493406,110.7541353828303
2014-06-25,111.03802935369305,110.61273208199043,111.1359543374893,110.89590067612032
2014-06-26,111.4116542034409,111.01108497691848,111.4742249334974,111.15317916568893
2014-06-27,111.0376630309736,110.86041398790395,111.11761014835591,111.11761014835591
2014-06-30,111.12649742422157,110.99333737777937,111.29562618512033,111.15316778360338
2014-07-01,110.51481506122805,110.43553614081108,110.86854736517694,110.84193891380929
2014-07-02,109.77411450229887,109.59959285762112,110.31868124090843,110.30103025190989
2014-07-03,110.04545899293696,109.95760536129643,110.63771907427095,110.18631718044792
2014-07-07,110.79659618875188,110.37134138169445,110.84108209423198,110.42431962555767
2014-07-08,111.4182538695553,110.86584029579181,111.4630433268111,110.91018663191012
2014-07-09,110.96343630141413,110.82155066401123,111.35550176333192,110.93680507670179
2014-07-10,111.27459342549304,110.70686590801603,111.27459342549304,111.09655407601224
2014-07-11,111.4704367099219,111.19423308607028,111.5687745721249,111.29208401118602
2014-07-12,111.29208401118602,111.29208401118602,111.29208401118602,111.29208401118602
2014-07-14,110.82103462190373,110.75911848794622,111.0427298980138,111.01607964283828
2014-07-15,110.92730229006513,110.6883111344769,111.13170286310402,110.97167321098115
2014-07-16,111.3183763476653,111.14030968150892,111.51490987464136,111.16698335583249
2014-07-17,112.69791306138514,111.94064366716417,112.71606818229716,111.94959891865754
2014-07-18,111.31529826242702,111.28865506035368,111.77019251013405,111.59136020211784
2014-07-21,111.82371187708021,111.52006151338557,111.90436690247641,111.70741521672805
2014-07-22,111.79683122186431,111.68061829959625,112.08392684814628,111.73422499638006
2014-07-23,111.68953845622794,111.52896244247296,111.78789606754957,111.70740878238092
2014-07-24,111.11914667597087,111.02170482222122,111.5910468982326,111.41250122319543
2014-07-25,112.0471520244508,111.69764879091055,112.2001850110673,111.72445622662038
2014-07-28,111.40310112721495,111.35861462408931,111.62606786552095,111.54569709665778
2014-07-29,112.02869506339819,111.67051843462863,112.0916123343741,111.76878849085111
2014-07-30,110.01242181456631,109.99496229674143,110.97242133244221,110.89252118908284
2014-07-31,110.83930980655451,110.6623067567197,111.33794423370482,110.8747783856926
2014-08-01,112.0876942367587,111.37102099995079,112.34977140622303,111.47793718011074
2014-08-02,111.47793718011074,111.47793718011074,111.47793718011074,111.47793718011074
2014-08-04,111.7101270676925,111.43339589148198,111.80865267687663,111.55820129488043
2014-08-05,111.50466192455815,111.3799363519356,111.84461516213301,111.52250267046607
2014-08-06,111.86201998351507,111.3801638029862,111.87994658928166,111.70093867473881
2014-08-07,112.79657418835178,112.2281249303831,112.89641826303367,112.23710318037755
2014-08-08,112.10244020263754,111.46939532437558,112.15626659838144,112.12037659306995
2014-08-11,112.07552126558033,111.89645828225139,112.15628671448658,112.05758918217784
2014-08-12,111.71742394899978,111.57481354663946,111.89620043155539,111.87829703948633
2014-08-13,112.47979326012874,112.0303055952465,112.59725147463446,112.13785468861795
2014-08-14,112.5334343892753,112.18266681085602,112.64180460135067,112.29036217099446
2014-08-15,113.44631893131996,112.50530623640395,113.49195668131246,112.84732236736261
2014-08-18,112.0282837379616,111.99255473660997,112.40481926268905,112.36884972052499
2014-08-19,112.22509809379369,111.91192009719963,112.32388779281993,112.28794414872623
2014-08-20,111.82183310093077,111.79506011615003,112.22497222042618,112.06336826042877
2014-08-21,112.45862182383229,112.13502575751801,112.58496968560371,112.23370458018462
2014-08-22,112.35049303448244,112.06344985866579,112.6570920202094,112.28757675838312
2014-08-25,112.69265459661682,112.39531250005581,112.89175822664617,112.45825387505586
2014-08-26,112.20662920600506,112.06334859408999,112.35027667498379,112.33230063071579
2014-08-27,112.95396639455275,112.62876303641104,112.96302663088825,112.66480424058271
2014-08-28,113.04393426046128,112.72781587606403,113.04393426046128,112.87210748038538
2014-08-29,112.79085256378619,112.62869319109063,112.89018002981786,112.80889910019638
2014-09-01,112.55648986455586,112.55648986455586,112.68255313320417,112.68255313320417
2014-09-02,111.51680970591494,111.4901925980211,112.12355823047903,112.10561846116217
2014-09-03,112.51886138521165,112.31185980051642,112.95333209122808,112.3298296980845
2014-09-04,111.39001837391724,111.20394006782766,111.87137728814511,111.83557844741291
2014-09-05,111.86243832535243,111.14172105647289,112.03285095589939,111.78189736975817
2014-09-08,111.48728810426806,111.2296680759793,111.7550503845601,111.67458674828322
2014-09-09,111.20191839676914,111.18416018559114,111.46005140193255,111.39763377314746
2014-09-10,110.65160800284178,110.58988997447365,111.03224953437154,111.03224953437154
2014-09-11,110.81050434837063,110.58964310236018,111.00559326447693,110.97007147463229
2014-09-12,109.90118287023564,109.88368825341453,110.5081773165693,110.44629273727202
2014-09-13,110.44629273727202,110.44629273727202,110.44629273727202,110.44629273727202
2014-09-15,110.79146506011467,110.52575685387887,111.13880164671792,110.60533539881368
2014-09-16,110.5522575764996,110.21727744828758,110.59648555600693,110.57879011831795
2014-09-17,110.05814941789653,109.67305529667289,110.35757944752032,110.33109362845292
2014-09-18,110.46360755306073,110.15490216625483,110.57871070296373,110.36639957841403
2014-09-19,111.1731585439242,110.69300573568842,111.40583198207456,110.71957205706498
2014-09-22,110.85246743842498,110.65766319817853,110.9323579098332,110.82586284623976
2014-09-23,111.43015750372868,111.17163953832004,111.43015750372868,111.17163953832004
2014-09-24,110.51534106797017,110.4800861541595,110.85138835616596,110.82478402296047
2014-09-25,111.9386457261743,111.35665788645255,111.97465912462235,111.37447495171438
2014-09-26,110.96533696674561,110.82373181508922,111.3477000959683,111.16063595980708
2014-09-27,111.16063595980708,111.16063595980708,111.16063595980708,111.16063595980708
2014-09-29,111.99958415573013,111.5963856527695,112.14364664841376,111.5963856527695
2014-09-30,111.31106411706412,111.31106411706412,111.71271577974296,111.45354227913396
2014-10-01,113.4057110316218,112.35372682693024,113.47898828614511,112.398668317661
2014-10-02,111.53881716151348,111.51215874440986,112.00293002799332,111.9760493247866
2014-10-03,111.9760493247866,111.9133778332,112.40769487309932,111.9760493247866
2014-10-06,112.29005955845116,111.9760493247866,112.40714094875112,112.11937866792232
2014-10-07,113.55472337067592,112.79187973958695,113.63706907290266,112.8279731411036
2014-10-08,113.34387194336921,112.97231211689777,113.65385357513196,113.03557661168324
2014-10-09,112.98130651008523,112.522106109064,113.11707959113404,112.95419099652281
2014-10-10,113.59731429730493,113.27031099371442,113.88957302519637,113.3246807429914
2014-10-13,113.72345601112092,113.72345601112092,113.7871564345888,113.75984751704449
2014-10-14,114.52695253361603,113.94155799946131,114.74802925370022,114.13297981690039
2014-10-15,115.4465424819963,112.38038940291476,115.67929760796807,114.75386322710432
2014-10-16,114.18649962901179,112.98814056244044,114.81827482541959,114.55189642782462
2014-10-17,113.7117517792787,113.41339065908181,114.3865448531894,114.11201714554176
2014-10-20,114.39558207792747,113.86618418751658,114.45980802230874,114.16679091377162
2014-10-21,113.39361130834808,113.02439767559378,113.85625724248615,113.85625724248615
2014-10-22,113.88357400286102,113.5385272948313,114.19408254464909,113.92001674654193
2014-10-23,112.84983427889668,112.7152328544228,113.60958310308737,113.4005414701777
2014-10-24,113.5821130680805,113.16536446784664,113.60939896968237,113.50033394667147
2014-10-27,113.81884835399457,113.41871817441836,113.91932241963086,113.56389413368161
2014-10-28,112.84834559032856,112.72247904808314,113.19140456092316,113.19140456092316
2014-10-29,112.77569161802475,112.59589776929135,113.37310679153704,113.0012430012608
2014-10-30,113.13686619257291,112.8659445781271,113.34545520439089,113.11876429398211
2014-10-31,112.62215413783836,112.52335489583213,113.09156356515221,112.87442776310712
2014-11-03,112.44226914999159,112.37056423542802,113.1189799657715,112.77509826667557
2014-11-04,112.92854605525677,112.58611988624148,113.01900467913954,112.87434035315025
2014-11-05,112.65784677299558,112.61284843189755,112.98289946866184,112.77501093363949
2014-11-06,112.1094063069774,111.94868877643219,112.5312413959557,112.45021890215061
2014-11-07,113.96296149572716,113.1607905941415,114.14686170791971,113.17889632063655
2014-11-10,112.17803131971314,111.86610384722644,112.66271796487753,112.64469193000315
2014-11-11,112.56357477306844,112.52756019147411,112.56357477306844,112.54556460110474
2014-11-12,112.52755731076856,112.04352926434657,112.56357765561836,112.52755731076856
2014-11-13,113.06907587338054,112.73452522905308,113.13259272845748,112.77961903914469
2014-11-14,113.24976014785366,112.97804767149125,113.5410310307287,113.01420064674612
2014-11-17,112.58116148086094,112.30324971100056,112.88755381979868,112.8243367896596
2014-11-18,113.19493427470816,112.9506091307784,113.25845047029316,113.03193356935257
2014-11-19,112.29286821948519,112.23022476415075,112.7062713357794,112.6611888272451
2014-11-20,113.02228238117857,112.52637288528986,113.02228238117857,112.84144672936868
2014-11-21,113.33001617479734,113.03998414363984,113.45737371424566,113.07615693856579
2014-11-24,113.18475348784649,113.08519869107964,113.4389584367243,113.13947958645136
2014-11-25,113.97526183488188,113.53766684463437,114.08518814431915,113.55583287132951
2014-11-26,113.81048314526811,113.53768716457476,113.8378348595544,113.68301540414541
2014-11-27,113.91940043297679,113.91940043297679,113.97409049559465,113.95585464111535
2014-11-28,114.72421969087084,114.27475245133674,114.81638246375874,114.3387463127095
2014-12-01,113.23705907717535,112.98514125942857,113.8262217154541,113.76247903129344
2014-12-02,112.69369140982111,112.6129973830339,113.252741567239,113.23462112858824
2014-12-03,113.43407362377071,113.30706810307873,113.56136418410519,113.3433263648717
2014-12-04,114.18061446713348,113.76042980589443,114.32749417701241,113.76042980589443
2014-12-05,112.55599284011,112.53807561743568,113.33186775067826,113.11427056459695
2014-12-08,114.01380569078339,113.40347291822967,114.35367926559479,113.548629363565
2014-12-09,114.43337649572547,113.72993006508752,114.4977579163548,113.96648831962291
2014-12-10,114.74426041975686,114.16678091772418,114.8549195152352,114.33118108224572
2014-12-11,114.34947114480886,114.09394160035119,114.79941285251749,114.36776706019202
2014-12-12,115.97105351430686,115.15461729756615,115.97105351430686,115.15461729756615
2014-12-15,114.52083979150152,114.45693307286788,115.05311070326586,114.85982147728437
2014-12-16,115.86582553843537,114.87812291474094,115.88444899347651,115.35601590606626
2014-12-17,113.97999981175931,113.85324470830672,114.79244735166372,114.66387981062987
2014-12-18,113.45881355784302,113.12556150563691,114.15867165637331,114.00341586292065
2014-12-19,114.92848575945436,114.41372968470993,115.12271545532981,114.44118897983427
2014-12-22,114.5602935716794,114.41373846676639,114.79003906656885,114.4778101603078
2014-12-23,112.43550859940794,112.41768150116798,113.46108452998342,113.44293075645864
2014-12-24,113.45200328770916,113.2798729625102,113.82523061137088,113.48830792876122
2014-12-25,113.57001951046992,113.55185121427564,113.58819362144935,113.57001951046992
2014-12-26,113.62454620624194,113.45205768132035,113.72464792082377,113.59727631515244
2014-12-29,114.43630565209801,113.93322861502142,114.48226031664389,114.03348985620264
2014-12-30,114.23434948605342,113.91513174297863,114.29840784112852,114.14296200646459
2014-12-31,114.4628950304276,114.29813436584962,114.52709697475558,114.34385361959596
2015-01-01,114.34385361959596,114.34385361959596,114.34385361959596,114.34385361959596
2015-01-02,115.65179845719727,114.74595796416615,115.77303653315435,114.85611408381176
2015-01-05,116.2234487752857,115.52649837485824,116.51398396696652,115.59119321394815
2015-01-06,117.40881136383281,116.005630604963,117.42774979618444,116.47893357783126
2015-01-07,115.9581495235112,115.79174222928948,116.56306763900304,116.19006582255822
2015-01-08,115.34703472784823,115.27350673758346,115.84581274476878,115.7346007645338
2015-01-09,117.00068069567733,116.29906951376513,117.09486897509747,116.36419699269285
2015-01-12,117.26182358259227,116.68053046177026,117.41277612723154,116.74587155882887
2015-01-13,116.78323023772768,116.40143353573049,117.15813627380385,116.78323023772768
2015-01-14,117.67398952095402,116.58814250922619,117.69288841913452,117.25036315867858
2015-01-15,119.705719243583,118.19577962674711,120.0941219666316,118.44162684837076
2015-01-16,116.46869580703198,116.22899137491113,117.54089401530997,117.46566784314018
2015-01-19,117.8418288161388,117.7381445962558,117.8418288161388,117.75698269939119
2015-01-20,117.92667493288643,117.54086311735433,118.27702718698285,117.84176772693475
2015-01-21,116.31476175352743,116.1024748530092,117.04987104780975,117.04987104780975
2015-01-22,117.04051005364407,116.50012240970905,117.8415764321415,117.07796301686122
2015-01-23,118.67182283237995,117.77998150313117,118.67182283237995,117.85536069129317
2015-01-26,116.9170965348463,116.77764389107857,117.63822889892695,117.48765196593634
2015-01-27,117.47825370563987,116.74051268475391,117.52526004915207,117.48765196593634
2015-01-28,119.48715951270295,118.33227922665479,119.62223866589883,118.5121442910793
2015-01-29,117.88784853537562,117.76565574068898,118.43612014270879,118.1613483439777
2015-01-30,120.44286088673186,119.24825884306247,120.44286088673186,119.26733856447736
2015-02-02,118.73391703587657,118.69599802045592,119.29605000852274,118.93339001649683
2015-02-03,116.58769384904274,116.47698305326932,117.7912639920106,117.75357078753316
2015-02-04,118.65165919671877,118.13949376133726,119.1778942790363,118.23400535634632
2015-02-05,116.83350716109265,116.64804243030278,117.68487240385848,117.57189492635077
2015-02-06,114.97634510165922,114.75841489454817,116.31081800966695,116.24568395158153
2015-02-09,115.717168039861,115.21173250601471,116.13401662790083,116.05969085725899
2015-02-10,115.49490097753878,115.41203633238588,115.92957909620824,115.81828670027588
2015-02-11,115.25507596297385,115.19079538519192,115.72558015525046,115.66077383036351
2015-02-12,116.04967403858345,115.69769961018002,116.53480813698414,115.96611827327565
2015-02-13,114.83996477257203,114.76688230354168,115.96611827327564,115.41875819502579
2015-02-16,115.67729621338265,115.65879080685356,115.71432479731779,115.67729621338265
2015-02-17,113.35055933991106,113.18026910290163,114.57543130908483,114.51126906755175
2015-02-18,115.55085880038963,114.67561309906313,115.79273323310923,115.06092315907598
2015-02-19,114.3544087186255,113.99986368801684,114.75706508735308,114.72034282652513
2015-02-20,114.82132904380197,114.14537213455445,115.02383579696564,114.78458621850795
2015-02-23,115.76202565770798,115.21593470753568,115.97631351204419,115.28045563097191
2015-02-24,116.98094921314731,116.10125247506444,117.37832869122497,116.10125247506444
2015-02-25,116.2500525423186,115.96209795751541,116.38056583306378,116.10125247506444
2015-02-26,115.01040544965973,114.63616524145053,115.61800064374262,115.55325456338213
2015-02-27,116.15557706110624,115.84899991617971,116.39826791642518,115.8768036761596
2015-03-02,114.24694081453528,114.11997961661469,115.07912456656624,115.01468025680896
2015-03-03,114.32690310649316,114.26313003120866,114.76612924296762,114.71104150093099
2015-03-04,114.7661160187357,114.50955304480159,114.9500802986407,114.7385721508912
2015-03-05,114.71104590407373,114.5644620262313,115.03300954534417,114.75693032243535
2015-03-06,112.4301622119852,112.25235078985651,113.67258392765257,113.56345824708202
2015-03-09,114.59485760264545,114.00841342492521,114.59485760264545,114.06313746336917
2015-03-10,115.44989541481591,114.67432030166458,115.54292514520658,114.7110160841611
2015-03-11,114.99593247696689,114.70184873691552,115.29152809422634,114.8211386596019
2015-03-12,114.7660465498892,114.1907552598953,114.93148170948702,114.81195296850915
2015-03-13,114.72011809971336,114.42723124961036,115.01450813814085,114.73847331860931
2015-03-16,115.4471331762762,115.05950989756457,115.4471331762762,115.14235274469083
2015-03-17,115.60395614729143,115.2159614087437,115.60395614729143,115.34500328552149
2015-03-18,117.88292925977015,116.46969081755742,117.90200416741736,116.58150172074228
2015-03-19,115.59714301575596,115.44081882267126,116.2732580257832,116.09652267358402
2015-03-20,116.75769642106329,116.36567281808266,116.85142500452726,116.44945610251169
2015-03-23,116.8132440541296,116.63573052641398,116.97253058247806,116.66372310174032
2015-03-24,117.44129388929709,116.9342314546587,117.48846664551867,116.99971462427332
2015-03-25,116.03940140359438,115.79947898319729,116.54089221398206,116.49427585709647
2015-03-26,115.21523933324578,114.87706990159971,115.99970707942694,115.85122745436529
2015-03-27,116.55786415472899,116.03635245828725,116.57657628575399,116.18487898943386
2015-03-30,116.27784920547725,116.13844961004229,116.45490315121407,116.24994252166793
2015-03-31,116.74390924608456,116.4544769694828,116.87509270618932,116.49174240211302
2015-04-01,117.79453041352939,117.05990393457719,117.95586678293239,117.12545748078054
2015-04-02,116.11784640798108,115.85943759384793,116.64747089747897,116.61947550446357
2015-04-03,117.86649192527828,116.90776926368511,117.8854476171286,117.28187412532891
2015-04-06,116.11540099788888,116.06922450818958,116.85925366283375,116.74706877931742
2015-04-07,116.97143854635006,116.80308048671193,117.24370531879119,116.85914596534556
2015-04-08,116.51374027747866,116.37429193277572,116.85914596534556,116.68152006347825
2015-04-09,115.58539560145368,115.34663971954078,116.18663205424615,116.14945233198878
2015-04-10,116.40991882768763,116.00113698982504,116.44722372075852,116.27953971860062
2015-04-13,116.6335676417884,116.41903052920355,116.94276652772824,116.45628461897289
2015-04-14,116.99785489702776,116.3170383639482,117.03539030122957,116.73577970205842
2015-04-15,116.83851540705261,116.66117623204589,117.09145318094536,116.82916832582005
2015-04-16,116.78243665848973,116.54003338904052,117.07277714581134,116.78243665848973
2015-04-17,117.30671246840438,116.8663789897673,117.5045315450796,117.0627145064701
2015-04-20,116.7166518317546,116.55833514132614,117.01582940774115,116.86604914609924
2015-04-21,116.38093422987052,116.20468381138114,116.70700953390873,116.63231704780704
2015-04-22,115.29651384611417,115.13168680702039,116.07198883715218,115.96984548697549
2015-04-23,116.47187945012256,116.05321705094887,116.55597466994215,116.2296179408663
2015-04-24,117.01344002717272,116.53629239453612,117.14510601016424,116.60155271827708
2015-04-27,116.34069913277759,116.20143566721285,116.704351233938,116.48961522766754
2015-04-28,115.04495508174844,114.97183522470117,115.80909810926006,115.7720391978651
2015-04-29,114.82263473629027,114.76780934965825,115.69773704675536,115.37378338302445
2015-04-30,115.45683921812662,115.32769286553363,116.17234639074599,115.47531231240151
2015-05-01,114.18847447719209,114.16121318295116,114.87426368169156,114.76398438855713
2015-05-04,114.33292011410158,113.91415155567744,114.47014157367204,114.45182635102024
2015-05-05,113.81263472467819,113.53183952559623,114.29593491219585,114.12220509112932
2015-05-06,112.87809415793247,112.81525443635577,113.53761879964283,113.483120742619
2015-05-07,114.73319612588976,114.05457279335712,115.39194244037611,114.15494081741528
2015-05-08,114.79595203650875,114.10942812272691,115.01738772601817,114.48370704696944
2015-05-11,111.81392889844328,111.75208979736965,113.1556960452246,113.1556960452246
2015-05-12,113.78176797426963,113.39985841981272,114.60887072184124,113.51779427256932
2015-05-13,112.76614074846695,112.13101493590617,113.10903211026911,113.08188594256265
2015-05-14,114.0352057357356,113.5157039193244,114.14518102054062,113.62467899508695
2015-05-15,115.17102870922525,114.26924213096511,115.2081387555308,114.41550676089274
2015-05-18,112.89675708844466,112.77126644936263,113.71019941795873,113.62832807437779
2015-05-19,112.5788944711431,112.15919049397613,113.23703968587789,113.11927316460458
2015-05-20,113.62698169207255,113.15538754665089,113.67253452309086,113.41790804575913
2015-05-21,114.46579584404488,113.87114457087807,114.54862203495952,113.98046086966612
2015-05-22,113.61630604260645,113.32665325473494,114.03528552616906,113.79809213227463
2015-05-25,113.98942599414636,113.88001365116686,113.98942599414636,113.89823445335104
2015-05-26,115.03373703191798,114.37167235835298,115.1170344519266,114.46316969623966
2015-05-27,114.78425737271385,114.52724344177136,114.99624050420353,114.57305433914806
2015-05-28,114.5272251174124,114.35340793734764,114.69238214770509,114.5272251174124
2015-05-29,114.76570884743425,114.33532599290386,114.8024868345669,114.63717125352512
2015-05-30,114.63717125352512,114.63717125352512,114.63717125352512,114.63717125352512
2015-06-01,113.58712946187597,113.38844004085657,114.23313123949478,114.08691283150823
2015-06-02,112.59972948325552,112.5192372223064,113.42919342051708,113.32937573030702
2015-06-03,111.55776114382309,111.51351677119524,112.71152937821361,112.46807247475668
2015-06-04,113.40771575378741,112.81860830361589,113.9938021401119,112.93593965625166
2015-06-05,111.20508629695232,111.1874276885685,112.32900070085188,112.03245213900163
2015-06-08,112.55357510187451,112.13091466485086,112.5716313423657,112.27444223562186
2015-06-09,111.25490372878251,110.95440589538735,111.79813186673624,111.73552491289087
2015-06-10,110.87211808451914,110.87211808451914,111.42244002201335,111.3422158651975
2015-06-11,113.1282146526531,112.24157317504915,113.35664574596676,112.27749047846515
2015-06-12,112.14282213069791,111.69625147869608,112.34044645678533,112.19665068532065
2015-06-15,112.3670396520716,112.04463482004206,112.61006352828161,112.46592264696542
2015-06-16,113.3145857864705,112.90671853639923,113.3509833086054,112.92478361136504
2015-06-17,112.72621073633906,112.68117789408261,113.57957820104195,112.82540980178703
2015-06-18,112.39333547032973,112.04470426987297,113.12439306071732,112.69904534280903
2015-06-19,113.9497464491466,113.3300085655553,113.9497464491466,113.35720776761104
2015-06-22,111.54716655683175,111.48517130745519,112.3684165026727,112.33245860939185
2015-06-23,111.61582410470672,111.50911681588771,112.10752377036623,111.97299474184179
2015-06-24,112.5834464088381,112.26841437939221,112.7280506588615,112.34026616459502
2015-06-25,111.57026035522584,111.56136887767123,112.08840232821032,111.9897645341615
2015-06-26,110.80492333751496,110.72565113480927,111.56817711460957,111.43429530207204
2015-06-29,112.51082621876274,112.41210102026191,113.47114086399898,112.73584787120026
2015-06-30,112.33974651319235,112.19639888226396,112.80816659327303,112.54645164677663
2015-07-01,111.36307331179381,111.15058215584824,111.99647699721696,111.84416178850074
2015-07-02,112.598348959588,112.01386623459413,112.9701701827954,112.21101063916701
2015-07-06,112.92824304977212,112.92824304977212,113.58163693434169,113.07279120087583
2015-07-07,113.7625361347603,112.75795049347482,113.94544880641358,113.38939501623828
2015-07-08,114.45575296309944,113.7244647084035,114.45575296309944,113.91552180911361
2015-07-09,111.74914104570733,111.60764165850162,112.89418507819616,112.82193279974612
2015-07-10,111.60840711032172,111.4663099897866,112.24335878538848,112.06376941133185
2015-07-13,111.14462876398615,111.02969119546084,111.87514011046314,111.66033984145105
2015-07-14,112.54824133898548,112.01739584861852,112.57536793366829,112.09804837362954
2015-07-15,112.77247109366981,112.36684714680584,113.15370449562845,112.46572997229502
2015-07-16,112.62791416869794,112.30401219473461,112.84488879865852,112.46572997229502
2015-07-17,112.67289894469315,112.41181112452566,112.79033241589342,112.54670529787509
2015-07-18,112.54670529787509,112.54670529787509,112.54670529787509,112.54670529787509
2015-07-20,112.07026956458536,111.90937748832421,112.39344560626472,112.2495819958887
2015-07-21,113.06043859590714,112.65355122092187,113.34245288593556,112.68960035731257
2015-07-22,112.761744787759,112.5006597100069,112.86109434263808,112.72566102942692
2015-07-23,113.75834548437345,113.23964892468946,113.92313304422525,113.24870809660345
2015-07-24,113.43009467159601,113.24870809660345,113.5301051750737,113.31212737313756
2015-07-27,114.14918500268055,113.67455221680662,114.18585943962921,113.7291160018707
2015-07-28,113.15724799100646,113.13918762104541,113.56513618065684,113.4197728063456
2015-07-29,112.79519464803452,112.7322157565504,113.13831163463597,113.0659031151898
2015-07-30,113.70100287590742,113.3372178723051,113.94788080736295,113.35535182716467
2015-07-31,114.6320814535366,113.94456397180807,114.90015099326344,113.99014179739679
2015-08-03,114.7866994147762,114.22703282822825,114.86973777943604,114.32755261711709
2015-08-04,112.94606060679813,112.93708238258456,113.70536185457493,113.6598797098331
2015-08-05,112.90734540735099,112.72749936496909,113.44125046297604,113.23251856212416
2015-08-06,114.03255562623231,113.54028941759718,114.11501529203947,113.62203842597786
2015-08-07,114.7456524094475,114.15824865371205,114.986015522777,114.17651397349664
2015-08-10,113.07612702082494,113.05811696635,113.67369483116799,113.57366197971656
2015-08-11,115.1839870025499,114.11755372836234,115.2025485990373,114.38230645301215
2015-08-12,114.35485030647996,113.40212006112723,114.41893516374883,114.33655353043093
2015-08-13,113.52559136401328,113.26382447607847,114.04364105641173,113.9615296348511
2015-08-14,113.69749796916359,113.48896188835889,114.03458189743756,113.85212656640165
2015-08-17,114.39071504198037,113.9066665072718,114.4182370682155,114.13447984028633
2015-08-18,113.67896228025965,113.44352711861501,114.03395303443774,113.93360315576744
2015-08-19,115.10638170051517,114.36144586496535,115.44058847051426,114.5078285156725
2015-08-20,115.57558640215305,114.9932252133715,115.584877791043,115.02082358742271
2015-08-21,115.58361096520669,115.14030187001451,115.70426191610983,115.27847023225854
2015-08-24,115.75875870690618,114.60181386697043,115.88875169815482,115.58280539367169
2015-08-25,114.36866164769332,114.32317256104639,115.5084875634877,114.97252818119313
2015-08-26,112.92318817954785,112.87847674932155,114.15307154564208,114.0343523512346
2015-08-27,113.72474858377136,113.40778997567836,114.08002455259282,113.9340021211655
2015-08-28,114.07994272111256,113.4893727723333,114.11648630811379,113.99780516235336
2015-08-31,113.5516119797545,113.01897204440662,113.77882426561122,113.72421042996372
2015-09-01,114.72940634376813,114.15153997027458,114.72940634376813,114.22459695585556
2015-09-02,113.71397370770934,113.5598651655353,114.05083656016612,113.95959589091798
2015-09-03,114.33386242660586,114.07800020250541,114.49895223277296,114.18751508269982
2015-09-04,114.79206955048886,114.27870460121339,114.82891502298139,114.47983512131152
2015-09-07,114.11408484935843,114.11408484935843,114.29666738511742,114.29666738511742
2015-09-08,113.65839321543584,113.43216233722043,114.11357300404393,113.97663671643907
2015-09-09,113.81262844552248,113.66723905988349,114.43470534724224,113.89457353800326
2015-09-10,113.20452350700133,113.14138657253004,113.68485652644502,113.60300342974597
2015-09-11,114.28653533967223,113.82993711618174,114.32322149177548,113.96653304072115
2015-09-14,114.16740339217891,113.82998076053815,114.18569945041484,114.00300233129417
2015-09-15,112.04975028849576,111.86341478358139,113.02698046784013,113.00889615096527
2015-09-16,112.77425062310031,112.63033707947537,113.03603348294742,112.97273330419696
2015-09-17,114.88690742021127,113.87622605295093,114.88690742021127,113.91266644528788
2015-09-18,114.99318852250204,114.36802568115809,115.02092668810207,114.44122121759402
2015-09-21,113.38352209710632,113.38352209710632,114.01030170171299,113.84612686726253
2015-09-22,115.06387939045263,114.29176197003417,115.06387939045263,114.45634210727104
2015-09-23,114.02694810351612,114.00874747333201,114.48386006097532,114.282368467268
2015-09-24,114.65775519272532,114.06376825660297,114.7680914447151,114.49264802524779
2015-09-25,114.00778103800542,113.88038787538015,114.43755050454267,114.14459037525104
2015-09-28,115.30979919911225,114.70130421653118,115.42112895938172,114.76553694689242
2015-09-29,115.46543911411787,114.9488977664273,115.66963844374092,115.11442417921096
2015-09-30,115.6036051030001,115.34465302756938,115.98488961826219,115.34465302756938
2015-10-01,115.28006002187394,114.97652200378396,115.55739777653764,115.28006002187394
2015-10-02,116.28998821206719,114.95034824299196,116.43972584375824,115.7504026667632
2015-10-03,115.7504026667632,115.7504026667632,115.7504026667632,115.7504026667632
2015-10-05,114.45242216922753,114.38874146378402,115.1760509288409,115.12998050846934
2015-10-06,115.47114735764549,115.27726440453837,115.73067473973043,115.34181967260493
2015-10-07,114.80782976671324,114.78950449460365,115.25863381019181,115.06499930539069
2015-10-08,114.42233195109584,114.09460468956037,114.90826012364457,114.72440690744673
2015-10-09,114.91728278168073,114.73357679050227,115.27720681223691,114.83454233807791
2015-10-12,115.00907687966846,115.00907687966846,115.05509523629445,115.01827760581884
2015-10-13,115.5254535272748,115.2298266170091,115.60887209930188,115.27591854765589
2015-10-14,116.56521309851881,115.88452670893462,116.58397460070752,115.89379747107134
2015-10-15,115.20015491977213,115.20015491977213,115.56906102791328,115.48585130397318
2015-10-16,115.25504578134152,115.01598465726376,115.35648645213642,115.33802941430409
2015-10-19,115.44875392254184,115.36569062529162,115.75434539438301,115.44875392254184
2015-10-20,114.6113018215493,114.52001444455087,115.11599530435036,115.02390250810689
2015-10-21,115.69736616571771,115.29971715723511,115.80882798283304,115.40118090833347
2015-10-22,115.35503889277636,115.17083922987372,115.65098704034061,115.40118090833347
2015-10-23,114.38066377314983,114.27141767594529,114.96685551574123,114.85648733444613
2015-10-26,115.35366170847902,115.05852161295881,115.37215824687532,115.12295438506206
2015-10-27,115.4826559730301,115.05862961808442,115.52893418733363,115.31636094842894
2015-10-28,114.20516562512242,114.05983176287778,114.77184992034111,114.72594118037298
2015-10-29,113.34886509784226,113.24983900650113,114.14735213983795,114.07429783446845
2015-10-30,114.45807871471901,114.27500437256494,114.65093915385958,114.31157237396417
2015-11-02,113.68253509078342,113.61910628912268,114.15594678492297,114.03722460026667
2015-11-03,113.1922352059694,113.17420091373553,113.71774146082784,113.65405952560977
2015-11-04,113.40891975829938,113.30935090864324,113.69957212352966,113.57222860275131
2015-11-05,113.42693751314995,113.3453745187733,113.73612663168174,113.49045659815732
2015-11-06,111.8857778091771,111.77035842245124,112.89917095541281,112.68240454717844
2015-11-09,112.28639609669317,112.2326105006066,112.7185438687138,112.46605433044788
2015-11-10,112.68217934477494,112.35830242210731,112.73634044996349,112.58301902695153
2015-11-11,112.6641047480817,112.62805223456232,112.6641047480817,112.62805223456232
2015-11-12,112.91674958088608,112.62805223456232,113.12516666140614,112.77221614142255
2015-11-13,113.51449593943161,113.06072836692029,113.54183784933272,113.13308723307512
2015-11-16,112.93438629749093,112.87130956374143,113.23270013306421,113.1692898209897
2015-11-17,113.25987598109614,113.00659936361588,113.6054299985415,113.19645045054673
2015-11-18,113.15117187036651,113.02458433591029,113.38701686544664,113.15117187036651
2015-11-19,113.62286186052677,113.25062555718827,113.65019475969939,113.38652630785688
2015-11-20,113.15085201862479,112.93417441163149,113.25044070259062,113.2323206320782
2015-11-23,113.69541993859269,113.38626732519603,113.91466227175405,113.42255093074007
2015-11-24,113.4951645997098,113.16010347386688,113.57696619187743,113.45884614703789
2015-11-25,113.61329845201065,113.41349888638761,113.63149696209426,113.50422968549671
2015-11-26,113.55869428707324,113.55869428707324,113.60412139895702,113.5950330692451
2015-11-27,113.61320827453618,113.4498405042101,113.69506872401747,113.61320827453618
2015-11-30,113.83152028403087,113.72225950628265,114.07812632171593,113.74045506780365
2015-12-01,114.97596854013656,114.31370696134537,115.17985950482164,114.31370696134537
2015-12-02,113.79343537903969,113.79343537903969,114.22208741581254,114.01191877496744
2015-12-03,111.47691725765726,111.4328308393793,112.94254291344174,112.70762242418179
2015-12-04,113.41260995819032,113.02287590335119,113.915041979753,113.14041969429067
2015-12-07,113.92188914202252,113.18556030221214,113.98597249335603,113.4753153365858
2015-12-08,113.72978504901768,113.37565637700875,113.81182144121462,113.60240768976277
2015-12-09,113.84810338085725,113.57517361408199,114.25078156001786,113.70237780852976
2015-12-10,113.34807989110145,113.23950893335135,113.53858086570833,113.49316543336205
2015-12-11,115.37922481374866,114.30953251208666,115.40715490932207,114.41926966329828
2015-12-14,112.93555121022607,112.7830204745008,113.61343567127184,113.56799029700333
2015-12-15,112.7264107673124,112.58287881026347,113.3677742711572,113.17731641038165
2015-12-16,112.63536597266236,112.47379149166872,113.2136319298459,112.90569085099673
2015-12-17,114.09445837241455,113.54689258275332,114.11280153292458,113.56506008556654
2015-12-18,113.99295473235358,113.51972835153909,114.02952023507447,113.75584938651029
2015-12-21,113.919775836671,113.62867683269641,114.11162148964374,113.83775359806859
2015-12-22,113.07532565178906,112.98524014696768,113.47341449229782,113.45525874597907
2015-12-23,113.04756996185633,113.02951845367879,113.44616705123222,113.25557749058615
2015-12-24,113.49137545781508,113.3280262847589,113.57322675832958,113.38242373737559
2015-12-28,113.69134291415824,113.32808277224864,113.72779705216678,113.50034145806245
2015-12-29,112.12851799260243,112.0305269146713,112.90961984746319,112.81025938199743
2015-12-30,112.99084247689417,112.85535101977102,113.21738598975988,112.93660687250527
2015-12-31,113.47112153683044,113.13532760762443,113.48932935479208,113.16248008625027
2016-01-04,113.85327112934708,113.00910671772074,113.85327112934708,113.39785804482969
2016-01-05,113.45229772704033,113.2891352662632,113.6796934973583,113.43414535940401
2016-01-06,114.66573693279307,114.04205511296985,114.7395600372082,114.06030184178792
2016-01-07,114.56353596671158,113.9783750487651,114.7199806700158,114.25192314888213
2016-01-08,114.90285289880754,114.5169028170937,115.5612422584892,114.55354822599517
2016-01-11,113.56767021114082,113.56767021114082,114.04935127077512,114.01285547836848
2016-01-12,115.29699061649977,114.42248250403928,115.52935053309892,114.65132746904736
2016-01-13,115.0189764267804,114.33155725138727,115.33333697328445,114.7797369558127
2016-01-14,114.65132746904736,114.39536851759358,115.06509839984432,114.7797369558127
2016-01-15,115.8688338487675,114.80717215706099,115.8688338487675,115.2755854194618
2016-01-18,115.17416724465463,115.17416724465463,115.22024428387877,115.20180904479335
2016-01-19,115.01761876732147,114.77905011251887,115.38659019652133,115.10043145283394
2016-01-20,116.35957388185466,115.27470097212665,116.35957388185466,115.72657779993737
2016-01-21,115.06169481225822,114.69560606007158,115.42088844850875,115.35625275097759
2016-01-22,114.88642613459844,114.69407861416262,115.38400930842491,115.08862624459533
2016-01-25,116.0502408609236,115.53046052914628,116.09687735057997,115.55818783967328
2016-01-26,115.60441851171669,115.19885365646908,115.80827369024007,115.58592180475482
2016-01-27,115.45661040110558,115.37363431761041,116.05012229393054,115.58592180475482
2016-01-28,115.90992526968887,115.67830924125451,116.3011352392587,115.78010615338681
2016-01-29,116.92524551144943,116.21502183347066,116.97227521360992,116.3265882544308
2016-02-01,115.91767478609215,115.65895060163535,116.2240896585642,116.07532282380124
2016-02-02,117.84325223098139,116.93857792357043,117.9287836237297,116.98535335473986
2016-02-03,116.38796544963307,115.86103026054418,116.816719066249,116.6952296784201
2016-02-04,117.3881163827612,116.99385001826093,117.64297961389136,117.04064755826823
2016-02-05,117.11558354710107,116.90040073662149,117.56722233638853,117.06873731368223
2016-02-08,118.95770443451616,117.8170792221996,119.12108147243721,117.95845971726622
2016-02-09,118.25132470615259,117.65766517499573,118.46004816118591,118.1188832224817
2016-02-10,119.26806589273338,118.6384816050488,119.63359428243609,118.666954840634
2016-02-11,118.91411824893783,117.4928714660037,118.9331734717964,118.75239504811927
2016-02-12,117.19520318743902,117.04637206981072,118.08674260950873,117.97337933660361
2016-02-15,117.48362875976316,117.48362875976316,117.77510474948326,117.72799470758348
2016-02-16,117.59621315118257,117.32417341112321,117.88841278309079,117.66206703054725
2016-02-17,116.95823427992588,116.60482994606475,117.60544882522339,117.31378731213684
2016-02-18,118.69183968542288,117.97048184327237,118.85440504754438,118.01767003600968
2016-02-19,117.97047429497312,117.77266369451047,118.39659978407842,117.99878720880392
2016-02-22,117.81952943659896,117.81010990274571,118.15016474210579,117.88550837308347
2016-02-23,118.6424584228344,118.23439365622251,119.18774306483581,118.2533111592075
2016-02-24,117.62104144029702,116.9305252112941,117.94104747446283,117.91274162306897
2016-02-25,118.63183714251636,117.93155348357043,118.70804195198642,118.2711963576031
2016-02-26,117.42236002010833,117.32879638662618,117.97743727683347,117.79811157217269
2016-02-29,118.22283034636928,117.96763235953271,118.32711672438131,118.0431316442428
2016-03-01,116.36483771538501,116.042242125679,117.29650174833446,117.2026645469358
2016-03-02,116.94989100729468,116.83789685741937,117.47538197226368,117.12765484162577
2016-03-03,117.11828537879546,116.9312104081401,117.39060980759479,117.12765484162577
2016-03-04,116.3618093989168,116.20428823632868,116.98680869583258,116.74347613374525
2016-03-07,116.24947180359845,116.2216342864041,116.63125875841642,116.48197074720565
2016-03-08,117.88841811193888,116.90970050328225,117.8979084048154,117.16222545636934
2016-03-09,116.2287362885232,116.19170602606569,116.86188169168106,116.70294953258038
2016-03-10,115.62511974390368,115.4321201799086,116.32902146615108,116.18012031867441
2016-03-11,115.32830560164238,115.18143733599241,115.8267631414606,115.7711662951527
2016-03-14,116.11434312201703,115.76191939688631,116.17949746284702,115.94713846792133
2016-03-15,115.83587372089096,115.39294199631493,115.94713846792135,115.8822080703793
2016-03-16,116.92526901258637,116.34555156526287,117.2267442046259,116.39208978588897
2016-03-17,116.6250603419056,116.12300730790822,116.72786310364619,116.53176029363206
2016-03-18,116.9520816476889,116.5969450724442,116.9520816476889,116.72753365092534
2016-03-21,116.13103395804295,115.89967880233722,116.4192002954078,116.35400554324238
2016-03-22,115.8709390132425,115.50207012661063,116.12126029291585,116.10268089126899
2016-03-23,117.38253825223644,116.64109581824533,117.41088011257904,116.70641483190356
2016-03-24,116.36140545600229,116.06465976150179,116.52899269381697,116.51034805498597
2016-03-28,116.9588601013922,116.48243023995681,116.99639202601358,116.66880212834074
2016-03-29,118.15287512860465,117.36859100866911,118.2957328689665,117.40614895779187
2016-03-30,117.00288476694713,116.9561732990587,117.5003300495276,117.18072915179289
2016-03-31,118.15927386287258,117.71503053261459,118.31127164240353,117.72444773505721
2016-04-01,117.7810007123519,117.5739049630175,118.06458257602529,117.68677591178201
2016-04-04,117.82803394480409,117.71500041635755,118.07368616856841,117.79975521665733
2016-04-05,118.61308043732467,118.14830307295611,118.61308043732467,118.19556239418529
2016-04-06,117.59165723745306,117.56350056320034,117.98727159214491,117.83624788450697
2016-04-07,119.18251445459305,118.48659991650433,119.28808762732622,118.50555777249096
2016-04-08,118.07001481487397,118.05115077671852,118.42009018534839,118.221144433837
2016-04-11,118.26847075266559,117.94739697387364,118.48666076047111,118.17385597606346
2016-04-12,117.2225879874142,117.1852291831795,117.74812356721526,117.66334491824688
2016-04-13,117.87063140032578,117.67275121330788,118.05024018985229,117.75747559418146
2016-04-14,117.33419207299461,117.13769940684364,117.62546048701309,117.51254004494555
2016-04-15,118.20068503317603,117.75671218920903,118.314576812556,117.87917916988579
2016-04-18,117.28719923463646,117.24981388146583,117.86029432862179,117.70943315188116
2016-04-19,117.52115830678858,117.4084822202049,117.7377264216076,117.55876507744676
2016-04-20,116.40797095850318,116.1491427851658,117.14449424103738,117.01329240748741
2016-04-21,116.59288536889764,116.5277600738464,117.06957585741885,116.82607113963543
2016-04-22,116.36895403623829,116.17413993907942,116.63905966030194,116.58307291166498
2016-04-25,116.1548351608116,115.91417648568364,116.36856005750751,116.36856005750751
2016-04-26,115.9876026188012,115.83037518522177,116.30334148902051,116.21029881582929
2016-04-27,117.60332653292976,116.9353930728995,117.61278854327114,116.94474790434535
2016-04-28,117.42276202177115,117.07557949062158,117.65851282891411,117.20670413965108
2016-04-29,117.14104737516826,116.9258349708525,117.488925917016,117.1035622400082
2016-05-02,116.36594611682523,116.18067952533211,116.77561979494496,116.75693569577777
2016-05-03,118.03337807959014,117.33540221432806,118.05235755829726,117.4668178648081
2016-05-04,117.92839557734824,117.57952289514134,118.02304115967357,117.64536742796261
2016-05-05,118.45808343718461,117.9087455592477,118.61052688084222,117.9747744567609
2016-05-06,117.4095355789037,116.93332384719352,117.69147635112553,117.6255691243689
2016-05-09,118.24852591799821,117.85133797105676,118.28649301574038,117.88905039920749
2016-05-10,117.851328920798,117.79479194362324,118.05909630891064,117.86075702711167
2016-05-11,118.34286310734768,117.90784858737501,118.37134514419662,118.03990537779288
2016-05-12,117.6911768167119,117.6066622877603,118.07772958844026,117.91714387619999
2016-05-13,118.82638450367911,118.33214582233282,118.8550242685631,118.35107896566439
2016-05-16,117.31415194963706,117.29546688920072,117.83033421821547,117.83033421821547
2016-05-17,117.51032212751979,117.35096703210117,117.72661033246,117.68893781715362
2016-05-18,116.08047557602924,115.98831164147104,117.13219893556189,116.86982280994623
2016-05-19,117.00073795791705,116.82313837165833,117.31989914939405,116.98201783984379
2016-05-20,117.05691629064161,116.94460454557981,117.23518507947796,117.01009352412535
2016-05-23,117.1224501795058,116.93530877153344,117.29139032721244,117.09434079146273
2016-05-24,116.56154144404408,116.40357379380902,116.9536587640801,116.81331437356322
2016-05-25,116.6266072459782,116.5334773192466,116.84137201512613,116.74789891751402
2016-05-26,117.4219846209672,117.05589161591341,117.51622377395353,117.14017185787688
2016-05-27,116.77522005228036,116.66338424696295,116.98081022842875,116.94337636915566
2016-05-30,116.73773698940013,116.73773698940013,116.86851464146476,116.8404661979508
2016-05-31,117.02754564106658,116.74715059520507,117.30929079548693,116.943285808205
2016-06-01,117.1023923195087,116.7287109718597,117.2149637132309,117.0555513625809
2016-06-02,117.78820527096491,117.40195265830317,117.82602456949468,117.43012912694117
2016-06-03,119.35350464838453,118.29406930124574,119.40167379224134,118.34138692896623
2016-06-06,117.69930488068012,117.69930488068012,118.05725394714396,118.01003104556511
2016-06-07,118.36927010506454,118.09491677761513,118.4736689160937,118.20828789772165
2016-06-08,118.46392456357977,118.25554474904399,118.48290460436542,118.32176785410347
2016-06-09,118.7389947963683,118.312319497651,118.78659320685351,118.5300141655267
2016-06-10,119.23373857568785,118.7288741397598,119.26244423460183,118.89034540858987
2016-06-13,119.29972119755283,119.13753844982324,119.4431907572388,119.18519346520317
2016-06-14,119.16612688490159,118.74820008887612,119.29972119755283,119.18519346520317
2016-06-15,119.91204908254834,119.51883193367331,120.14342785550068,119.5475164533374
2016-06-16,119.42327648900024,118.92888827329864,119.5283857897987,119.50926124807233
2016-06-17,118.99388829587653,118.92740595745596,119.3083088510662,119.20331753927726
2016-06-20,118.35608105461063,118.22390291686617,118.67831894345245,118.56438775726674
2016-06-21,117.91189591205607,117.81792723504611,118.28927435952622,118.2703480756287
2016-06-22,118.57336257830447,118.41219306012813,118.70642021505472,118.47850388824182
2016-06-23,117.54329643449154,117.46836843676438,117.9854360849454,117.93824191051144
2016-06-24,120.81524910412809,118.18052970204691,121.03032723006197,119.65542271272847
2016-06-27,121.39680982465286,120.70771696427948,121.58255144058688,120.78496990313663
2016-06-28,120.33176109063083,120.22618165599759,120.75593970687726,120.58205115369935
2016-06-29,119.58296468779874,119.47825939355644,120.09964576422223,120.08042982089997
2016-06-30,120.84159117497612,120.27222095621526,121.1721579220957,120.4839000650982
2016-07-01,120.81201000520338,119.95689079966314,120.83136625129892,120.66703559319714
2016-07-04,120.95698441720964,120.79250923443149,120.95698441720964,120.811836035909
2016-07-05,122.07474522573433,121.27508640575428,122.09438086112532,121.44972253017858
2016-07-06,121.41087726469637,120.96593619122793,121.68331712392153,121.46915448578342
2016-07-07,121.20709558277773,121.0619953087361,121.71281402699697,121.35254409747706
2016-07-08,121.92679819610964,121.4980274863407,122.43744522463716,121.6146655927276
2016-07-11,120.29823813963854,120.2216881949108,120.96255013896906,120.91416511891349
2016-07-12,119.38616064793057,119.35770149163785,120.40050282720922,120.16933386178098
2016-07-13,120.83453113706884,120.36138969342839,120.83453113706884,120.49619444988504
2016-07-14,119.24961596202216,119.20218552054494,120.01366924385475,119.87925393430163
2016-07-15,119.31513876584386,119.28659675035087,120.090969723541,119.67785678769201
2016-07-18,119.3812218184413,119.20013901351153,119.65867456990267,119.44807530265965
2016-07-19,119.82120104849895,119.47669476004388,119.84039854926776,119.67741560724075
2016-07-20,119.26641577726622,119.14271517050823,119.61989682370634,119.46678335577201
2016-07-21,119.92641830295676,119.6770112580138,120.38960369711043,119.69615957981507
2016-07-22,119.43796701700808,119.32357196519196,119.93622407957403,119.60040265215122
2016-07-25,119.47605802367409,119.31384310582389,119.67705115180813,119.51429036224167
2016-07-26,119.67689483892498,119.38071219961421,119.87837109286258,119.62902408098941
2016-07-27,120.78300180524333,120.15518132404854,121.04572161904673,120.20324339657816
2016-07-28,120.11672474730038,120.00156010228861,120.41525905878649,120.15516209921952
2016-07-29,121.20720745778767,120.7126820513599,121.82371432601315,120.7126820513599
2016-08-01,119.49180838563379,119.49180838563379,120.1039492434486,120.03669103187227
2016-08-02,119.38546277352157,119.29979992053889,119.89242772240361,119.71019123226556
2016-08-03,119.93070495950745,119.65279921089973,120.04607841305194,119.7963825699528
2016-08-04,120.5944482055019,120.01647337585655,120.71071183356216,120.19889841538784
2016-08-05,118.5184626285018,118.38680679443063,119.38141510883413,119.36231408241673
2016-08-06,119.36231408241673,119.36231408241673,119.36231408241673,119.36231408241673
2016-08-08,119.3718653598499,119.14305577845575,119.57279588025364,119.34321611216355
2016-08-09,120.14784169635344,119.61978261905605,120.21538384957175,119.7537567755894
2016-08-10,120.40688923153581,119.98346347017171,120.40688923153581,120.09864759510309
2016-08-11,119.10388339074734,119.08491478374134,119.78120623582087,119.6374687883379
2016-08-12,120.59833513472245,119.83797851256419,120.6370909265228,120.12558966099434
2016-08-13,120.12558966099434,120.12558966099434,120.12558966099434,120.12558966099434
2016-08-15,119.2255573456641,119.09266261613868,119.69303372479008,119.66430739669613
2016-08-16,119.30113802675169,118.93069659498073,119.61639567848796,119.50156393863662
2016-08-17,119.93242447683379,119.63527732539661,120.12491693245828,119.750127191629
2016-08-18,119.94180406588534,119.80756589681327,120.20154329509442,119.89382734425898
2016-08-19,119.12858829945758,119.03361971822396,119.58655500123348,119.4526180596321
2016-08-22,120.30674218651465,119.72002078634058,120.33574574056155,119.79664159964383
2016-08-23,119.82540429870737,119.59568869017882,120.01750915529848,119.77747413698789
2016-08-24,119.54763009930599,119.41396131714879,119.68159846730327,119.61457677216158
2016-08-25,119.33738141285258,119.18499529133577,119.51884681876247,119.47103928003497
2016-08-26,118.4530094000506,118.07687854540252,119.05982862694593,118.99315512291484
2016-08-29,120.21781732889164,119.57365595964694,120.21781732889164,119.61191952955402
2016-08-30,119.57363452690392,119.45892642758959,119.75570689875927,119.54493685461746
2016-08-31,119.39201720401994,119.23948827753765,119.5353679010551,119.4684280950305
2016-09-01,119.67889457629978,119.4493314792864,120.05382243303329,119.56400283750652
2016-09-02,118.84867895326808,118.58381402086665,119.34372311423972,119.1909631486535
2016-09-05,119.152828142047,119.152828142047,119.1909631486535,119.17189259454972
2016-09-06,120.57199690925192,119.84868065839656,120.67881810496728,119.86785644730189
2016-09-07,119.91582277641245,119.70505756900803,119.99264880205602,119.86785644730189
2016-09-08,118.6749040543152,118.56162861296524,119.4260712220334,119.24454359377592
2016-09-09,117.85036973643994,117.77543110215876,118.56707199297908,118.53861589570076
2016-09-12,118.64294657059698,118.55757145912858,118.91888252781466,118.62396369914568
2016-09-13,117.38751086300721,117.16377354878293,118.24366726987856,118.02609892210198
2016-09-14,118.5749254864796,118.16754918447268,118.74629029248173,118.3188036474288
2016-09-15,118.29987566732203,118.00726446923002,118.67958959981223,118.3188036474288
2016-09-16,118.30934192782483,118.03560880863645,118.44194386417817,118.35666566459595
2016-09-17,118.35666566459595,118.35666566459595,118.35666566459595,118.35666566459595
2016-09-19,118.1013012748769,117.96932344778173,118.29982263297923,118.23357473230476
2016-09-20,118.50820618342503,118.12030609931834,118.52719331891866,118.36599633600493
2016-09-21,119.04964399653697,118.70683587112701,119.5194380334082,118.72582896486638
2016-09-22,119.3733032105646,118.98207176119345,119.44035610114989,119.0772574186024
2016-09-23,119.08678588602807,118.92500904728246,119.17261076374861,119.05820505741542
2016-09-24,119.05820505741542,119.05820505741542,119.05820505741542,119.05820505741542
2016-09-26,119.71714595329748,119.30564816944523,119.74596105582154,119.40109268798078
2016-09-27,119.90853057688005,119.49650669843943,120.07220851327052,119.63034278594169
2016-09-28,119.38179005200895,119.23886349356212,119.6016108166552,119.5154976568672
2016-09-29,119.91797126988745,119.50594787679074,120.06236956554838,119.6493550142429
2016-09-30,118.83865790972231,118.6778350165154,119.4480380961034,119.26647707819733
2016-10-03,118.73331489121091,118.667004598867,119.00882026261793,118.98977885137592
2016-10-04,117.81513251927095,117.6558975651584,118.40901580849436,118.39007036596499
2016-10-05,118.04022350041586,117.88957792523783,118.46598576857221,118.23853107589655
2016-10-06,117.64403566825239,117.48463911079958,117.9924571298489,117.92638135385619
2016-10-07,118.16240405290719,118.03011507595872,118.53249189084995,118.0773271219891
2016-10-10,117.28650464724448,117.28650464724448,117.68058730285922,117.68058730285922
2016-10-11,117.66175840889078,117.45503754281542,117.79368733871013,117.66175840889078
2016-10-12,117.60528979983197,117.55827401275278,117.90708364695261,117.62410664619993
2016-10-13,118.05769178168556,117.68048052908811,118.07661583262436,117.85935485949233
2016-10-14,116.80779365943948,116.78918628490194,117.30305870455551,117.30305870455551
2016-10-15,117.30305870455551,117.30305870455551,117.30305870455551,117.30305870455551
2016-10-17,117.84826083652638,117.54683454392236,118.08482792508534,117.65027575832102
2016-10-18,118.20696565083372,117.91381237601965,118.35884162051278,117.91381237601965
2016-10-19,117.82892801260708,117.67832385473825,118.06502027840135,117.84778064108909
2016-10-20,117.70643115207452,117.46222693806608,117.87609128666271,117.76293023902751
2016-10-21,118.1877263801703,117.90418925170928,118.1877263801703,117.95135092740996
2016-10-24,117.44277755228381,117.27422628486704,117.75304988109859,117.66826768518419
2016-10-25,117.81897952339767,117.59305626448418,118.02683979200351,117.7435753765027
2016-10-26,117.08615731186562,116.9741934989927,117.48912711852564,117.43273233750875
2016-10-27,116.38497753612253,116.32937518997899,117.06575504895403,116.8784498408757
2016-10-28,116.93457394644155,116.72904861075234,117.16900573061645,116.88780011686298
2016-10-31,117.23417594613768,117.10287366907801,117.36577300059935,117.10287366907801
2016-11-01,117.1966384810478,116.94381735297269,117.58264926010654,117.09350543918448
2016-11-02,117.60048501693592,117.08415814889638,117.60048501693592,117.33705993049799
2016-11-03,117.19632301230212,116.93451536555372,117.46871969158053,117.25257724734803
2016-11-04,117.8166531481531,117.4681667650304,117.96799117403383,117.55274384510123
2016-11-07,117.1106394231824,116.89550006960945,117.12938462357026,117.08253286972084
2016-11-08,116.50328637770659,116.32692095334384,116.9699715498653,116.8015347908335
2016-11-09,112.94184599365411,111.69396689848612,115.06018456070404,114.8392690063475
2016-11-10,113.32582675046831,112.86883163982756,114.34252753515692,114.19616909991193
2016-11-14,112.39015800153457,112.36336867418635,113.57254723203576,113.13642865066475
2016-11-15,113.54440519440061,112.92003764910146,113.54440519440061,113.35365059367402
2016-11-16,113.6078067609244,113.41708296669789,114.25741248533656,113.49874326643392
2016-11-17,111.92137032554875,111.76160944800237,112.8263465806829,112.7451116111448
2016-11-18,112.05204330569549,111.562188573813,112.42902070227022,112.28511155577132
2016-11-21,112.94290893508048,112.49153450883526,112.97917542265697,112.59052705920303
2016-11-22,112.49153450883526,112.34785569091066,112.79807551815644,112.59052705920303
2016-11-23,111.83651252735473,111.65847143441938,112.78062201564644,112.22123013044884
2016-11-24,111.97883227336709,111.97883227336709,112.01467696999748,111.97883227336709
2016-11-25,112.39167400491914,112.10415833075194,112.67161470025519,112.18487332475009
2016-11-28,112.8504454105379,112.59768063400041,112.96818664571744,112.60668844845114
2016-11-29,112.94953390643056,112.75980904544552,113.29447341365908,112.77785061489278
2016-11-30,111.05864876351848,111.02338925125132,112.0820257352977,111.90269449412122
2016-12-01,110.82439346411493,110.64816003251104,111.66922714884379,111.32975269831131
2016-12-02,112.2861785143466,111.7210699309943,112.38543502058718,111.88194827169495
2016-12-05,111.46254712567729,111.25845202306677,112.223353076507,111.80139326893934
2016-12-06,111.9356193693903,111.72101201479168,111.98043305317978,111.88189027209299
2016-12-07,112.78068437774925,112.29354976277578,112.82600330581232,112.31151673073782
2016-12-08,111.15836600976799,111.1141467536578,111.88861645142805,111.727496843738
2016-12-09,110.73962428123559,110.60746624446112,111.32489135383022,111.21801945813054
2016-12-12,111.22692544943885,111.02244784690211,111.57537513154409,111.12014760100739
2016-12-13,111.11126154362228,110.84533909876319,111.35168501386413,111.15570604823972
2016-12-14,109.47901629362194,109.05477969430305,110.48775652868055,110.31981513875697
2016-12-15,109.74734284241184,109.61607658432747,110.28441367381073,109.97561731552406
2016-12-16,110.04600734180808,109.63375145586315,110.21354533375475,110.03720366122074
2016-12-19,110.85837682287165,110.38890067651829,110.97414185610302,110.52136735733012
2016-12-20,110.20357428825152,110.18597269516923,110.64544908491652,110.37990000711272
2016-12-21,110.82241083138754,110.5653234052528,110.92023977923645,110.57416863112523
2016-12-22,110.28267258025232,110.21223817336728,110.6539351843218,110.4414796287679
2016-12-23,110.64490351212349,110.37971639816938,110.66262796603012,110.52983281247089
2016-12-26,110.52983281247089,110.52983281247089,110.52983281247089,110.52983281247089
2016-12-27,110.30889687097317,110.24719299706422,110.50327378175903,110.37066985322093
2016-12-28,111.27512942781951,110.72360188568786,111.29301213242823,110.80332287904555
2016-12-29,111.42556376163947,110.96266296147925,111.42556376163947,111.11357218310687
2016-12-30,111.66606568501982,111.25562708961343,111.76466311017114,111.38913384212097
2017-01-02,111.38913384212097,111.38913384212097,111.38913384212097,111.38913384212097
2017-01-03,111.29118192971683,111.2733909966292,111.99850319861851,111.37131158070623
2017-01-04,111.54969119403326,111.3535049915975,111.76450244242103,111.43367951519146
2017-01-05,113.04957110568,112.22683350406318,113.20460843294657,112.26274609078446
2017-01-06,110.97678352320249,110.83571507668056,111.64285736797201,111.60713165361426
2017-01-09,112.75688721511628,112.03553167915393,112.75688721511628,112.08034589182559
2017-01-10,111.91905342092274,111.83858114475525,112.1342134082747,111.99068161511212
2017-01-11,112.16105738184181,111.69599279497828,112.31393887442451,112.0623556513458
2017-01-12,112.14304054741477,111.66066646827183,112.17893780751318,112.14304054741477
2017-01-13,111.49890022675949,111.24154046023801,112.10705978522743,111.81109714739443
2017-01-16,112.1694660485079,111.95416956856832,112.1694660485079,111.98999490283028
2017-01-17,112.92556880193015,112.2851761992994,112.92556880193015,112.46483248121828
2017-01-18,110.69682638107686,110.66168174217503,111.58275536371853,111.53812226157305
2017-01-19,110.79109608791876,110.65875026954504,111.39505588701917,111.16335417077417
2017-01-20,111.25233468319774,111.03902030815607,111.60072404024325,111.19003337577516
2017-01-23,112.13595179775204,111.59855905750723,112.4518277183091,111.77711675199924
2017-01-24,110.68239700038718,110.52399013499743,111.27603457635787,111.20481791422901
2017-01-25,110.25722569341012,110.17825744327162,110.96417272037758,110.75999864257209
2017-01-26,110.76885802496231,110.68032792743595,111.16900241053855,110.7865810422463
2017-01-27,111.23057984411484,110.97262807958232,111.41812237135102,111.01701713081415
2017-01-30,110.88391384115208,110.73344876010964,111.06145593360449,110.98149168533229
2017-01-31,111.35492724460035,110.90179540948708,111.48890686348773,111.19457614936812
2017-02-01,110.9547029026413,110.93697567738123,111.46232133633985,111.09672492235667
2017-02-02,111.15006415173445,110.76009502465716,111.18565210151489,111.12338813633804
2017-02-03,111.274636943249,110.83979706684585,111.53360207215954,111.1856172336944
2017-02-06,112.12370400023019,111.53221135663534,112.12370400023019,111.63035970262918
2017-02-07,111.91640802986205,111.5412692319966,112.20392609801841,111.80896827815339
2017-02-08,112.83333719109316,112.18419613813603,112.87869550319765,112.31881717350178
2017-02-09,111.20170608608234,111.17516841061831,111.85138392075892,111.80664336719062
2017-02-10,111.61894335034584,111.59218049628167,111.92315530015843,111.6993089895581
2017-02-13,111.3422425498888,111.27999049734491,111.60088761829208,111.45803848214067
2017-02-14,110.81788382589352,110.7383811591392,111.40440991510835,111.1370393313121
2017-02-15,110.75527765282939,110.64037711739832,111.15485974970883,110.91476525264947
2017-02-16,111.82361053347935,111.278303934827,111.82361053347935,111.35842431366008
2017-02-17,111.93027211563987,111.42068541351595,112.00216630888958,111.59895851017758
2017-02-20,111.3136303963772,111.3136303963772,111.47394767491255,111.45611184328456
2017-02-21,111.54531241298706,111.34036416362625,111.76893974340605,111.50069428802188
2017-02-22,111.84921773734725,111.42947059317164,111.9928328150936,111.64341517671052
2017-02-23,112.37826507593114,111.97380039318163,112.40533330517464,112.000674105276
2017-02-24,113.09924961909202,112.49328002896974,113.16293675185155,112.53827734098132
2017-02-27,111.68591854743963,111.62362361279166,112.097021392377,112.07011810724283
2017-02-28,111.49787560214762,111.2582097601559,111.83693764383149,111.80114982378547
2017-03-01,110.87415312589235,110.71526969652636,111.37138645455813,111.2555602126454
2017-03-02,110.92661217621676,110.80265204128166,111.26447777919017,111.05084998185413
2017-03-03,111.05084998185413,110.94433489914434,111.38950115746688,111.04196591385558
2017-03-06,110.75815258244634,110.6079660470789,111.05085851943846,110.93536562657826
2017-03-07,110.51019015946906,110.48372487883695,110.74008813867742,110.72236972457523
2017-03-08,109.99834784918326,109.88443256821144,110.55376148343018,110.35034256230065
2017-03-09,109.48857400933984,109.4711270212099,109.91776921945645,109.91776921945645
2017-03-10,110.55282614320872,110.21674555173337,110.65049549407011,110.21674555173337
2017-03-13,109.39947898050781,109.17315924359714,109.78462677016554,109.76706122988232
2017-03-14,110.13641041844625,109.85477663760956,110.21588028886764,109.97781398744368
2017-03-15,111.75136364052291,110.83090058934549,111.76938805401332,110.87523294958122
2017-03-16,110.19442011568027,110.09784306036417,110.59127877155908,110.54704226005046
2017-03-17,111.26591753486292,110.78563299874122,111.26591753486292,110.87426150514021
2017-03-18,110.87426150514021,110.87426150514021,110.87426150514021,110.87426150514021
2017-03-20,111.60422452749441,111.20244931919542,111.64904550120022,111.20244931919542
2017-03-21,112.06884591228474,111.62057052863561,112.3666853191548,111.62057052863561
2017-03-22,111.83507078427554,111.48692520951607,111.9336591621107,111.73665592198539
2017-03-23,111.52227589623371,111.326482258877,111.77246608332565,111.60257193487901
2017-03-24,111.60257193487901,111.37981231025849,111.78142221041568,111.60257193487901
2017-03-27,111.99553873746663,111.69164022852219,112.01346662905259,111.95970016507064
2017-03-28,111.24532977001516,111.0239548401218,111.59244296795345,111.583515572516
2017-03-29,112.34502491203138,111.92267519431698,112.36306795786965,111.94058282234806
2017-03-30,111.25300904464221,111.1466147102036,111.60913263313338,111.57341771069078
2017-03-31,112.08321208419854,111.84115107585801,112.23615915479023,111.85904566003013
2017-04-03,113.11022513590878,112.43167235353852,113.19220226799311,112.44966142111508
2017-04-04,111.74113348585684,111.63428937415719,112.08082653165383,112.08082653165383
2017-04-05,112.50299345319476,112.17934731572353,112.71074687346162,112.30498818471715
2017-04-06,112.20623090035933,112.15243646285217,112.5300843688443,112.2870193866076
2017-04-07,111.61512482349961,110.91603698864222,111.95454341691294,111.91871796301953
2017-04-10,112.2235758712668,111.88296118411759,112.3225622664704,112.06197392201219
2017-04-11,113.16953702304936,112.62654044397037,113.20592301678718,112.67159106014795
2017-04-12,113.66756301583872,113.1130870986883,113.75897974658976,113.15833233352777
2017-04-13,113.41213186135047,113.14024725564163,113.62146329805789,113.26696433256795
2017-04-17,112.68925587565975,112.67129742850825,113.23068407493422,113.12198261822229
2017-04-18,114.5705124753776,113.7460664753149,114.60743199925591,113.80976427254109
2017-04-19,113.10151777395656,113.03838798969552,113.490867326777,113.40915390230172
2017-04-20,112.9656190199318,112.8845302839947,113.41824190245417,113.22769925605805
2017-04-21,113.10997070368431,112.80321956673565,113.17333256307339,113.1371170966532
2017-04-22,113.1371170966532,113.1371170966532,113.1371170966532,113.1371170966532
2017-04-24,113.26424765603622,112.829556372156,113.36433656382997,112.89274092372443
2017-04-25,111.76956417941803,111.76956417941803,112.42276874151054,112.34182434801664
2017-04-26,112.900425126714,112.61142315854704,113.04548308881367,112.62043207239974
2017-04-27,112.76473630185103,112.48548188218675,112.84607005940165,112.64746097609711
2017-04-28,112.80073509460146,112.65646556930062,113.19029670483903,112.74659074175605
2017-05-01,112.0902509391924,112.07237655696642,112.59305885753547,112.44893974219782
2017-05-02,113.06228119583298,112.71870928976008,113.24395112625129,112.76379677347599
2017-05-03,112.18778248714007,112.06256292604465,112.4930553646561,112.44805814251025
2017-05-04,111.93640017858249,111.93640017858249,112.32195490524694,112.17818280296822
2017-05-05,112.11540319954479,112.07060362981748,112.45705398716167,112.18715705759249
2017-05-08,111.59613276274884,111.2940894166309,111.85505650465778,111.8461081001374
2017-05-09,111.68516558308546,111.58703963888307,111.92675342724051,111.7655789023053
2017-05-10,111.46208639510314,111.27545716417528,111.69402030837024,111.6493427002469
2017-05-11,111.87276650297696,111.77434996174753,112.07910761200411,111.81011775373528
2017-05-12,112.97883330475125,112.37346047754251,113.01518135696867,112.40941998489531
2017-05-15,112.10408162270896,112.05037049201054,112.33742612052264,112.25654317371585
2017-05-16,112.53525155417279,112.2296446410065,112.72484162899329,112.40921207243211
2017-05-17,114.01958146872128,113.2358164614229,114.09304177731029,113.33546397990895
2017-05-18,113.36268191073985,112.86575455718199,113.48987196898238,113.29012979431698
2017-05-19,113.19046637239302,113.12713544244282,113.46268971624197,113.22668732163217
2017-05-22,113.00941375517188,112.94619928367703,113.1088938729141,113.07269902687476
2017-05-23,112.3698244234243,112.29822848559479,112.87356362993341,112.80132454921026
2017-05-24,113.35316357379136,113.03587624772909,113.48057780823801,113.07204772812835
2017-05-25,113.06300051675626,112.93649140492485,113.17166269889636,113.04491043667359
2017-05-26,113.13538255386982,112.91849229256358,113.13538255386982,113.09012840084827
2017-05-29,113.15345887275276,113.13535721559828,113.18967957021523,113.15345887275276
2017-05-30,113.80715774452024,113.47028855759646,113.83455914686643,113.47028855759646
2017-05-31,113.61569338035167,113.39772562326708,113.72499178668198,113.48844380376568
2017-06-01,113.42489027523557,113.37953845985163,113.66130579128144,113.42489027523557
2017-06-02,114.44591484611055,113.7783517790897,114.51033956697287,113.9148858012246
2017-06-05,113.49641552915493,113.43300464969893,113.75076958988939,113.69616922048624
2017-06-06,114.36201922875705,113.89601867101763,114.36201922875705,114.04180557491652
2017-06-07,113.5591178496753,113.47755755435593,113.82272262175891,113.75898189709073
2017-06-08,113.5497825220501,113.48626578258596,113.82280436028537,113.61337040026245
2017-06-09,113.26875768672399,113.19647385922768,113.75909862909077,113.52247970394225
2017-06-12,113.40442576936489,113.16905296901339,113.49521467799461,113.41349812342645
2017-06-13,113.50427975964148,113.34097730294948,113.58610758067934,113.44071736297607
2017-06-14,114.97567552317099,113.98418934012226,114.97567552317099,114.20303898365528
2017-06-15,113.5108441545016,113.5108441545016,113.93791825594744,113.86499798826364
2017-06-16,114.09298332782046,113.88320328013161,114.20274088753939,113.96519918649331
2017-06-19,113.31958128637037,113.14804909672402,113.63692688926866,113.61874498096638
2017-06-20,114.27518452828058,113.8731288654592,114.29352725452911,113.92778796731461
2017-06-21,113.84576652169379,113.66391879943251,113.96427989171158,113.85487418301554
2017-06-22,114.13755086887758,113.92768887591377,114.183275390498,114.00971681190444
2017-06-23,114.11010157816804,114.02795544841253,114.25643175571479,114.04619992128427
2017-06-26,114.21054477746738,114.00063247685353,114.36619487055837,114.1283131852276
2017-06-27,112.95622876512614,112.81252997684261,113.62562581234481,113.50745516149996
2017-06-28,113.06342951062071,113.01831602027251,113.58939028312759,113.29860144400278
2017-06-29,112.55779247195846,112.51293443255469,113.19865881241627,112.92698203126648
2017-06-30,112.26938234330521,112.20672702349313,112.63777327376344,112.59271816445393
2017-07-01,112.59271816445393,112.59271816445393,112.59271816445393,112.59271816445393
2017-07-03,111.89204543293746,111.66931264085024,112.2412883118398,112.19639179651506
2017-07-04,112.34901551905175,112.32205175532717,112.34901551905175,112.32205175532717
2017-07-05,112.46592757216212,112.33103320837014,112.65532488403183,112.38495210431016
2017-07-06,111.69464887265478,111.58783218581449,112.22281944919455,112.01632946140802
2017-07-07,111.72096079403076,111.64067584935286,111.96250995654188,111.8550259469836
2017-07-10,112.09690370611932,111.87290701579457,112.15079644828572,111.97135517396846
2017-07-11,112.24946686456961,112.02507563862893,112.38453360634473,112.07884767493547
2017-07-12,112.8164452278524,112.30270092985866,112.8164452278524,112.45543260312327
2017-07-13,111.95271812832685,111.80990990939573,112.35632911340734,112.19453599948403
2017-07-14,112.51817408409792,111.86384231415136,112.56327154866068,112.33814500556336
2017-07-17,112.62605311385889,112.37405299501695,112.68922984050342,112.49991193437137
2017-07-18,113.43974572352508,112.94077051440847,113.4762068712064,112.9769115609731
2017-07-19,112.85944376522068,112.74221999013696,112.98595767447787,112.88653003172433
2017-07-20,113.11250194707327,112.841443950555,113.17593629362266,113.01296294535985
2017-07-21,113.4570039352021,113.08522187307426,113.49340627864805,113.19378368607242
2017-07-24,112.76909239260668,112.76009102827138,113.04884926393918,113.01267363217471
2017-07-25,111.68237253477855,111.58474808326213,112.37954941014573,112.33459759038166
2017-07-26,113.06497986721752,112.55002150905278,113.08313416713196,112.68508153486366
2017-07-27,112.13671376672431,112.05625853522713,112.53171940324147,112.45069656527113
2017-07-28,112.81088457476913,112.66653283507011,113.11886354341713,112.70258612557735
2017-07-31,112.53146984490084,112.45059599449725,112.73867693852287,112.65750509112713
2017-08-01,113.49904308096444,113.02696259462546,113.66337567229789,113.04504690864059
2017-08-02,112.77399900205018,112.62997090626212,112.99073314491127,112.88226204109215
2017-08-03,113.78880124797533,113.3427848283968,113.807080573477,113.35185225118309
2017-08-04,112.59249699246234,112.53864645583779,113.17919831557522,112.94378558307882
2017-08-07,113.13374389616905,112.97088342031086,113.24257866663193,113.00703410300534
2017-08-08,112.91666462351473,112.88055728811669,113.21543386121326,112.96183128936414
2017-08-09,113.1155085566432,112.7455846633017,113.16078736080486,113.07931159390508
2017-08-10,113.96026037108031,113.47722343892521,114.00604225295847,113.51353615042568
2017-08-11,113.69530322192355,113.52261069964226,113.88678620914469,113.604346979346
2017-08-14,113.06022142504244,113.06022142504244,113.34977141188529,113.30443150332053
2017-08-15,112.44647510344682,112.4375130826368,112.95063864274171,112.86027813182751
2017-08-16,113.67567710685073,113.23028224212693,113.82187201350692,113.28463277760316
2017-08-17,114.0576894399423,113.62893542861083,114.22275121916074,113.6562063731137
2017-08-18,113.51985165059938,113.23005226864333,113.67441175616243,113.54709641499552
2017-08-21,113.9020733095995,113.61973169176825,113.9020733095995,113.67426916298031
2017-08-22,113.11170493180975,113.09365038992121,113.39228930028908,113.36507515085701
2017-08-23,114.24825018014243,113.7730914974769,114.30333169891149,113.80039703943629
2017-08-24,113.36413643262432,113.34603148390073,113.56367327569318,113.55458818183112
2017-08-25,114.02792193617624,113.7361738349563,114.11024596131867,113.79986609230389
2017-08-28,114.04600855681498,113.85447255396046,114.0825646938634,113.89090598517771
2017-08-29,114.15511175060206,113.77286550221451,114.29225148120106,114.16424415954212
2017-08-30,114.09118488802173,114.05469030669012,114.2740086760003,114.10031218281279
2017-08-31,114.43864457187867,114.2189575242283,114.53961714669944,114.23723255743216
2017-09-01,113.47194604855392,113.2191240155023,113.85330331302053,113.8259785202254
2017-09-05,115.41948727093094,114.74554529598471,115.54964214985105,114.76390458323206
2017-09-06,113.9497815553421,113.89531225249537,114.40572658397262,114.36911675146575
2017-09-07,115.49984590189018,114.88116268511477,115.49984590189018,114.95468662923325
2017-09-08,114.75252810758313,114.49626149512402,115.037593286791,114.84433013006918
2017-09-11,113.70000639421755,113.65470758688919,114.14585309022561,114.10932641723674
2017-09-12,113.44505362389876,113.42696319914612,113.9265614193714,113.80807779549525
2017-09-13,113.29939774468927,113.19098591366016,113.6258828418484,113.56225234745696
2017-09-14,113.62584720877156,113.58949856922942,113.97232307090712,113.62584720877156
2017-09-15,113.27201392538431,113.25392802183563,113.58945491244398,113.48949619212104
2017-09-18,112.95498032436858,112.95498032436858,113.22613735483438,113.19896308186921
2017-09-19,112.91865572061528,112.79251982497269,113.09029207731061,113.09029207731061
2017-09-20,112.55786890203443,112.38747614375708,112.99064507211592,112.84601704642363
2017-09-21,112.80087863960506,112.5038684269579,112.83698647527714,112.80087863960506
2017-09-22,113.22575773048995,112.90003236064037,113.23483248866341,113.02648039688428
2017-09-25,113.65228902691037,113.23431610596076,113.67053176993235,113.30678606826856
2017-09-26,113.05326281352094,112.98103584478527,113.28863956185148,113.17988246787209
2017-09-27,111.87441090969523,111.85661493245674,112.56388823001271,112.5098575636623
2017-09-28,112.50085821495301,112.44689234116906,112.97074131753755,112.5188583522674
2017-09-29,112.02476356509179,111.8640009290261,112.26677577634618,112.24881309222197
2017-10-02,112.25779515296392,112.02472778300647,112.50085533493105,112.23085328212721
2017-10-03,112.53656142277713,112.33856043498912,112.72621456376729,112.37450877432833
2017-10-04,112.43746368120469,112.18606633367824,112.61772414402026,112.39248869573221
2017-10-05,112.02431259821503,111.90807697974772,112.26649823678912,112.16770371834075
2017-10-06,111.95253107912404,111.9346372836986,112.41978620522681,112.05104930647367
2017-10-09,112.05104930647367,112.05104930647367,112.07794801399703,112.05104930647367
2017-10-10,112.16764769284877,111.78289906084554,112.257504015602,112.10483381014078
2017-10-11,112.15866135518407,111.93472025352447,112.23949966320012,112.1227705835504
2017-10-12,112.63507502629687,112.38283299632516,112.65313564924665,112.40980487624428
2017-10-13,113.27657927529002,112.80542409033441,113.35852519711926,112.82347295818886
2017-10-16,112.40881334201146,112.3101067924176,112.61576144950094,112.55269662308922
2017-10-17,112.57970927027876,112.5256969357496,112.82340783119415,112.57970927027876
2017-10-18,111.80781618272044,111.77217170477904,112.25529803728989,112.19243507038901
2017-10-19,112.66009091196496,112.25516247018872,112.68719003582127,112.43477073014103
2017-10-20,111.27149813205759,111.25378961003452,111.93070002636328,111.8501099223443
2017-10-23,112.18182313708674,111.90376792662461,112.20880505558358,111.96643403666353
2017-10-24,111.03880644646095,111.01227598936161,111.57209135695385,111.50961098579396
2017-10-25,111.22455685961201,111.19790773649257,111.74229556730523,111.38472022148986
2017-10-26,110.82490870382301,110.64836563938044,111.13521844819371,111.13521844819371
2017-10-27,111.92012207768339,111.49953794578515,112.11808338060258,111.5619776870348
2017-10-30,112.25996711990467,111.93673599007052,112.35910485580054,111.96360080670813
2017-10-31,111.75783470055116,111.71320297742794,111.95463869986374,111.89194410219183
2017-11-01,112.0083769264397,111.74005054236292,112.2059700859603,111.94565223536088
2017-11-02,112.34036404707304,112.03511571513023,112.4214437003548,112.15163223547395
2017-11-03,112.4571001114658,112.22335763781497,112.56530997445496,112.30415845531421
2017-11-06,112.6733134698791,112.40296240180771,112.75467256978513,112.42993911278415
2017-11-07,112.48392275832485,112.3400814248743,112.66424325008234,112.44792790304218
2017-11-08,112.01716169878473,112.01716169878473,112.30397152230537,112.28600288686181
2017-11-09,112.10654627364963,112.00808942662287,112.27701641204095,112.23210560547612
2017-11-10,111.1242580417857,111.08888504861626,111.70224289996895,111.67543436167296
2017-11-13,111.56828594779752,111.30131230350989,111.66649746711776,111.63076418792829
2017-11-14,112.15880195647536,111.88968541974864,112.2668113958043,111.91653894424938
2017-11-15,112.78835907576176,112.29236805080237,112.79741765411497,112.35525177691083
2017-11-16,111.4600621364287,111.44230382174116,111.95064339583202,111.91481918994535
2017-11-17,112.44428549835742,112.102700811417,112.47134138995952,112.18341475600123
2017-11-20,111.72672939899641,111.58422081557933,112.01284138209243,111.97699727285017
2017-11-21,112.07554491426157,111.8607550813188,112.21020793682757,112.06657887066844
2017-11-22,112.6957624222362,112.39826940888256,112.90403904222104,112.40726127043527
2017-11-23,112.35330578502547,112.33533213188437,112.37128519065597,112.35330578502547
2017-11-24,112.10191593669713,112.08400255927037,112.335311982049,112.22747008254623
2017-11-27,112.407192190133,112.2454164278061,112.51530201671645,112.30827386100569
2017-11-28,112.39815643312332,112.2095689223295,112.49719357833033,112.35319717055008
2017-11-29,111.28844998067231,111.19989388137996,111.85856610960553,111.79592531258416
2017-11-30,111.29623883980062,111.23409192915301,111.75112809936384,111.55444611390897
2017-12-01,112.45032184563006,111.59000698292837,112.56784368693508,112.01851260974283
2017-12-04,112.37838254022148,111.92890496826634,112.37838254022148,111.9378592806638
2017-12-05,112.33267016710462,112.10800482677041,112.48595764445578,112.10800482677041
2017-12-06,112.36842874057821,111.99165451040864,112.431471058538,112.22459715179028
2017-12-07,111.83026060214335,111.6697386969728,112.15269287682517,112.02708186080312
2017-12-08,111.8478958693431,111.74065915230636,112.00913742994285,111.88368719602131
2017-12-11,111.71371917357592,111.44639751965495,111.77627885631314,111.77627885631314
2017-12-12,111.52620008619913,111.41936569639836,111.8210538438377,111.66003152630257
2017-12-13,112.6107876787476,112.11545871822848,112.85555432400005,112.1513356650183
2017-12-14,112.17826060155758,112.09752454834576,112.50237114583175,112.14236355816509
2017-12-15,112.14236355816512,112.07958894441803,112.3851543380601,112.1244207799958
2017-12-16,112.1244207799958,112.1244207799958,112.1244207799958,112.1244207799958
2017-12-18,111.51568140969323,111.47118193586654,111.77448060630662,111.73871277251261
2017-12-19,110.6178563272187,110.53865499810614,111.27339579772516,111.15767146609554
2017-12-20,110.46626011247868,110.36944481001375,110.8729711710007,110.81975214483862
2017-12-21,111.01493544058644,110.89064842769815,111.11278514329851,110.93500468706922
2017-12-22,110.91725650617376,110.85518256984956,110.98828332535645,110.92612988669426
2017-12-25,110.82854611919954,110.82854611919954,110.89949909366767,110.8640112539577
2017-12-26,111.18376004462768,110.8905867260921,111.22831553073998,111.02365543016342
2017-12-27,112.15755203166167,111.52972087274793,112.1755939446403,111.57433276109703
2017-12-28,111.26224919627339,111.2533581742823,111.44036854182092,111.3779619354375
2017-12-29,111.89595742836151,111.63635880712772,111.95880015156422,111.63635880712772
2018-01-01,111.63635880712772,111.63635880712772,111.63635880712772,111.63635880712772
2018-01-02,110.85244565878531,110.73757265810262,111.31433084903026,111.1362279196718
2018-01-03,111.456813192517,111.2339886959306,111.51936411790365,111.27848229140898
2018-01-04,111.25176476864993,111.17168912222336,111.5105728208151,111.20726406274248
2018-01-05,110.84302873548793,110.62210266370388,111.03817491283915,111.00264269686704
2018-01-08,110.96712185120403,110.80755896629258,111.04707574574097,110.96712185120403
2018-01-09,109.7311128561234,109.7136550384707,110.37214768634884,110.3368285990892
2018-01-10,110.19568778860108,110.13405216618635,110.60244445994401,110.26621302878578
2018-01-11,110.60185193419221,110.36316198117302,110.75266860884379,110.46028156371645
2018-01-12,110.33657594481461,110.27482698162197,110.73519074230312,110.34540287089021
2018-01-15,110.31009799075237,110.31009799075237,110.32774760643088,110.32774760643088
2018-01-16,110.56632274541643,110.29249067662136,110.6549459601851,110.44248846394156
2018-01-17,109.54515424191493,109.5364290205496,110.0624142739496,110.01838930824002
2018-01-18,109.39517998632482,109.35155801488119,109.71906745207612,109.69273487588762
2018-01-19,109.04527038032921,108.94967761859957,109.38554606802587,109.368044380655
2018-01-22,109.45557382793844,109.20212352124648,109.55201818167981,109.41179159840726
2018-01-23,110.09665796103272,109.7005001481232,110.12317024020138,109.7531563881943
2018-01-24,109.15786129093041,109.1404503552432,109.6300654493627,109.48096856035157
2018-01-25,109.91980521483428,109.61225119912406,110.14939349693469,109.69117201998743
2018-01-26,109.04376838866834,109.0350720198679,109.48913013991539,109.37526144456989
2018-01-29,108.67754827053547,108.64289620253369,109.27879512995392,109.03401062886282
2018-01-30,108.63343843104096,108.44289903492496,108.89434653711182,108.8159426076051
2018-01-31,108.97272536330324,108.76378189372431,109.27010658670417,108.91170063709978
2018-02-01,107.81026840418757,107.77593939020755,108.40590524619965,108.31050804958299
2018-02-02,107.36124855747445,107.3014039373198,107.91151042242828,107.79928245158897
2018-02-05,110.15374016570715,108.84186203568633,110.49338980269975,108.93764287427774
2018-02-06,107.45626419185216,106.76009498400417,108.11830070511608,108.10100177700328
2018-02-07,107.58340061934464,107.19844093201397,108.08366817614109,107.85020745288062
2018-02-08,107.73821346798668,107.72960817937101,108.38755178445237,107.90197555245801
2018-02-09,107.41104223457087,107.04363512168514,107.71196166771023,107.65164296917631
2018-02-12,108.00595920596977,107.36814570495295,108.00595920596977,107.63441870630123
2018-02-13,108.04846359313429,107.76346644673724,108.10911143574128,107.85829829721037
2018-02-14,106.48649164160197,106.27529272918309,107.22805289773096,107.16800518810822
2018-02-15,107.25376017345518,107.02253600188993,107.55498642976002,107.22801927101355
2018-02-16,107.82162752917304,107.30507549693492,107.83893159393457,107.51110124188902
2018-02-19,107.36489784047217,107.36489784047217,107.39066953942572,107.37348703229941
2018-02-20,107.35630727437425,107.29622139039562,107.67502534940849,107.35630727437425
2018-02-21,106.31359813597176,106.19523707244065,106.87515855829861,106.8324084948753
2018-02-22,107.34631409173991,106.98606277796819,107.36352944160629,107.11444605330176
2018-02-23,108.08743097323932,107.52560106414211,108.18309126294126,107.56861130456777
2018-02-26,107.68058119382707,107.30254356735867,107.68058119382707,107.5858222823765
2018-02-27,106.9252075841514,106.83149574577789,107.47371778657089,107.26736824842067
2018-02-28,107.90427631633233,107.56766883142298,107.99959811519837,107.584879658436
2018-03-01,108.51852104076713,107.90292380571644,108.5970564773518,108.04103954818775
2018-03-02,107.12842896630013,106.90693082291055,107.56558290111221,107.54837240784802
2018-03-05,107.13647406941534,106.79562789405729,107.53975889091642,107.4193143609586
2018-03-06,107.34200956092272,107.14495742428761,107.56563874750799,107.39353372551197
2018-03-07,107.15360562016494,107.10233186358778,107.49668928500178,107.43649113900217
2018-03-08,107.88443032591911,107.56532217002663,107.94501524467414,107.64276920198905
2018-03-09,107.10128928664848,107.0670934727,107.46166856481217,107.30692376207884
2018-03-12,107.90111184807382,107.53865110284315,107.94442475424276,107.56446037910783
2018-03-13,107.9956841618977,107.63322461780311,108.09101780492642,107.75377382937505
2018-03-14,108.15964234756552,107.81402917502177,108.29850884391932,107.96928137703381
2018-03-15,107.84842346232375,107.65904958442678,107.9865689090772,107.90881857946266
2018-03-16,107.61565838515968,107.44395410373141,107.86560665467512,107.74479717522188
2018-03-19,107.67582947019694,107.46945509651185,107.86570348817902,107.65860133748171
2018-03-20,106.88623990899437,106.86068534095747,107.2796127416861,107.27103037266676
2018-03-21,107.51149061207391,107.33962347017946,107.90888141706832,107.43408233883322
2018-03-22,108.43571821339557,107.72574305422133,108.50548544402989,107.93257648088542
2018-03-23,107.95846580122141,107.83775511347945,108.35699637074683,108.0189225420701
2018-03-26,107.3983718021811,107.36410575071672,107.71637274301662,107.68190350373885
2018-03-27,109.0343209376478,108.30190326801467,109.0782297331285,108.34522402932187
2018-03-28,108.25856171606856,107.9305054684441,108.33655155481382,108.27588308594312
2018-03-29,109.01470062325589,108.62231048343455,109.08475585700849,108.63969005311189
2018-04-02,108.93580593108253,108.57024953534065,109.05820571302756,108.70921945474588
2018-04-03,107.91192607226526,107.89472346967123,108.36980230970264,108.29177605203964
2018-04-04,107.75614859968813,107.54166581983206,108.0751578410218,108.05786581576724
2018-04-05,107.60927815630531,107.58351170770854,107.8676230942606,107.83310545487043
2018-04-06,108.70733435605378,108.28144010615797,108.82088962697613,108.34207771261744
2018-04-09,108.3334068780666,108.21216075956848,108.57671604567595,108.29007351531537
2018-04-10,107.9613450608033,107.92685812738667,108.2120359893615,108.11680939769086
2018-04-11,108.51544463593179,108.0995438580234,108.53284329628708,108.3070949822308
2018-04-12,107.23782111457183,107.14398482213207,107.75256265592176,107.75256265592176
2018-04-13,107.92499434524156,107.83008868229506,108.11530773700136,107.90772634614632
2018-04-16,107.97685365322265,107.83868749371756,108.1847680055716,107.87319587371556
2018-04-17,107.88182711038331,107.72667587292833,108.02876974806271,107.86456601804566
2018-04-18,107.08219111706988,107.03100460123953,107.48485236857017,107.47625358038069
2018-04-19,106.80768768363696,106.69706786688367,107.312627873808,107.1409276692099
2018-04-20,106.38069944928168,106.2705569602055,106.7637312523876,106.74664905538722
2018-04-23,106.52477577411453,106.47370516647214,106.78086546665588,106.6014736126719
2018-04-24,106.1929410191862,106.0405474181063,106.430870310099,106.40532690122457
2018-04-25,105.81126302476217,105.77751680788295,106.15840728210514,106.13292926435744
2018-04-26,106.89960103847993,106.53192523903549,106.97687785850775,106.54897034707372
2018-04-27,106.99320915865547,106.7193941640076,107.00178851950534,106.75354437014009
2018-04-30,106.88176145441842,106.60860305121251,106.93313456735014,106.78770550433853
2018-05-01,106.59989436667004,106.51474387991658,106.77060442250585,106.67664629061404
2018-05-02,106.54018751697718,106.44657444383343,106.7792199889704,106.60837323698804
2018-05-03,107.0355585761329,106.66797379705986,107.10422613576473,106.8471759930389
2018-05-04,106.81298763179001,106.48079412958587,106.94130693456728,106.82153267080056
2018-05-07,106.80444259277947,106.68496499019865,106.88994771053848,106.8129869481869
2018-05-08,106.47173139883166,106.40374178746588,106.77021042157568,106.6420861690698
2018-05-09,106.09738596836587,106.09738596836587,106.42012857697921,106.35201969468994
2018-05-10,106.97465963676329,106.57294910600844,106.97465963676329,106.70936248086412
2018-05-11,106.62402229973739,106.47075346078232,106.76063219377933,106.65814198687329
2018-05-14,106.15580061406052,106.0203870120654,106.40212148282414,106.38509714338689
2018-05-15,105.21696033516064,105.1583902578369,105.98435180670828,105.78934059938392
2018-05-16,105.23228806391563,105.13163546892383,105.51851988744949,105.51851988744949
2018-05-17,105.28247941794014,105.19003790504125,105.48473504157182,105.42566358994854
2018-05-18,106.39170535903898,105.87259689424123,106.46872638125835,105.8895365097443
2018-05-21,106.09320287264171,105.87259960371266,106.12722346038345,105.90647883558586
2018-05-22,105.82178752904002,105.75413194682693,106.00828751507213,105.86411624405163
2018-05-23,107.01342510556728,106.43141175619684,107.07369980590032,106.45695529501833
2018-05-24,106.79827288172888,106.40594573330534,106.90967282937089,106.59322019779596
2018-05-25,107.36340242465863,106.90850912155632,107.55336501540518,106.98548324812384
2018-05-28,107.55186183915426,107.24218679906711,107.55186183915426,107.26792492389889
2018-05-29,109.15528631481172,107.92706068474321,109.22581145538017,108.19471979524138
2018-05-30,106.81157306767001,106.81157306767001,107.88234431103025,107.61479609713889
2018-05-31,107.46860370992046,107.26288936241384,107.8132200437666,107.58896854607558
2018-06-01,106.88543621586997,106.86839181526149,107.43374239716333,107.22746961176077
2018-06-04,106.56029167384457,106.50931401876221,106.8842867997532,106.86718531386525
2018-06-05,107.13249185224356,106.79893228157157,107.1582366035698,107.02107406071724
2018-06-06,106.21922638323376,106.20229631846118,106.66984825134483,106.61011313632407
2018-06-07,107.52672881375167,106.72915457705692,107.67381236620048,107.05361120697117
2018-06-08,106.77114785286304,106.32906650177229,106.84803538132168,106.83093969566066
2018-06-11,106.79675379495805,106.77966904791039,106.95076289352473,106.79675379495805
2018-06-12,106.63451358370801,106.52379084596137,106.83953067303024,106.69422891131491
2018-06-13,106.49811548807823,106.40457674084342,106.91679389460229,106.60887352818584
2018-06-14,107.24177017006998,106.8816394954763,107.29341561681694,106.94149321359379
2018-06-15,107.18132996249089,106.77083735591629,107.18132996249089,107.0527123665359
2018-06-18,107.13838880700533,106.95008134085896,107.23279142450589,107.09553345148252
2018-06-19,107.26688630500489,106.89063128288912,107.32698941907957,107.26688630500489
2018-06-20,106.56557194708667,106.45522926008451,106.95785878363965,106.92363226882888
2018-06-21,107.57571027014735,107.18008485661788,107.68804734409,107.24868011092612
2018-06-22,107.36029910391646,107.2658371546169,107.5669765065389,107.28299968856163
2018-06-25,107.48916447297394,107.25728468384241,107.52360233103497,107.39457400823773
2018-06-26,107.48052404746001,107.34306993629708,107.63558130744673,107.43753183784102
2018-06-27,108.36140999476852,107.85865327293054,108.37883004299532,107.86728196519238
2018-06-28,107.69479090903953,107.60015576764319,107.86728196519239,107.75509999194858
2018-06-29,107.44516202457002,107.35081407356257,107.65158884882472,107.58269183196147
2018-07-02,107.37634766158132,107.08537804171252,107.5052198983331,107.48801906314935
2018-07-03,108.12618605694531,107.79753503549564,108.25646903476314,107.81478264110132
2018-07-04,107.73715599759971,107.73715599759971,107.73715599759971,107.73715599759971
2018-07-05,107.89240928460292,107.70271592535563,108.1001110430717,107.814726749918
2018-07-06,107.95280692505595,107.7458190392845,108.10857049416626,107.89235335317792
2018-07-09,107.3498345359339,107.3498345359339,107.63332881727881,107.59888615205728
2018-07-10,107.47842358459397,107.38396348077242,107.59027272857409,107.5214149540278
2018-07-11,107.73642338258729,107.62451179617311,107.97825598277268,107.7536612103285
2018-07-12,107.71054594896071,107.64163325161654,107.86592259802958,107.67607857425705
2018-07-13,108.08181702474931,107.83110732280423,108.09915032873853,107.84836029997587
2018-07-16,107.33205122648998,107.33205122648998,107.79650597176047,107.61540784172792
2018-07-17,107.58097091121857,107.46920294016081,107.69297160168433,107.58097091121857
2018-07-18,107.35739923479848,107.21171949445751,107.51208051121138,107.4518737461251
2018-07-19,108.13325904279743,107.70961390862479,108.28101769593846,107.76993129241363
2018-07-20,106.86812679881278,106.77452464937517,107.31284051468492,107.27850040572022
2018-07-23,106.1685756104362,106.05884501074344,106.78044925519339,106.72065220361048
2018-07-24,106.87442835952346,106.76332339601497,107.00291408729399,106.80602872537337
2018-07-25,106.40520763386169,106.2270881153036,106.63509805605216,106.6095056325187
2018-07-26,106.46460943842268,106.23528798211333,106.54979475562416,106.53274678846327
2018-07-27,106.89121300903012,106.67755023416596,106.99407544336118,106.73728966229712
2018-07-30,106.48138630659756,106.44735854074099,106.72019117776973,106.59212694835641
2018-07-31,106.76276991153314,106.46450227528604,106.83118017659459,106.70298276038268
2018-08-01,105.95454800166168,105.9207776277966,106.44664952184876,106.34446073830779
2018-08-02,106.6426307395768,106.40396127584823,106.66826598735074,106.49759676177098
2018-08-03,107.1558336337132,106.79579003270392,107.19025015326795,106.79579003270392
2018-08-06,106.94116023292459,106.67636982020728,106.99256189609831,106.84705201191962
2018-08-07,106.28442990941548,106.22510521366827,106.5905780512573,106.5735235587691
2018-08-08,106.76122810750763,106.63317609874282,106.87245554502947,106.68436002327022
2018-08-09,107.24045331930172,106.94030011129088,107.28346994718751,106.98307623133539
2018-08-10,107.94595830606293,107.29069530037118,107.96331017205009,107.46236041285178
2018-08-13,107.33351896083414,107.17931644337104,107.53120241183504,107.42797245751967
2018-08-14,107.03336359917535,107.03336359917535,107.24746458253104,107.23030498819783
2018-08-15,107.84973550481773,107.30734440265412,107.84973550481773,107.53912826656385
2018-08-16,107.43594023368371,107.37583861283854,107.68565108298857,107.48750948499588
2018-08-17,107.57352701819451,107.36731578429382,107.65106059256496,107.5391034895487
2018-08-20,108.33357851733626,107.89171891205922,108.35968299408744,107.92624426211108
2018-08-21,107.57275520517334,107.52980513122733,107.82254381122267,107.7276599726688
2018-08-22,107.93454673263871,107.796534046015,108.04694252785852,107.90864244142287
2018-08-23,107.75339061791189,107.71034436087375,107.88273607720036,107.84821360165566
2018-08-24,108.07273546518698,107.96899393846253,108.29819411255077,107.97763145797762
2018-08-27,107.47761528036784,107.42615364987688,107.7356647768393,107.69257051092858
2018-08-28,107.0824873300241,107.02271241684146,107.39955295352048,107.36518509657536
2018-08-29,107.27934788431394,107.17652422819478,107.45115978034903,107.34800666695989
2018-08-30,107.76091670141889,107.54546381294037,107.83004406358803,107.57987836136051
2018-08-31,107.57127197109162,107.32228427158154,107.64016167456333,107.57127197109162
2018-09-03,107.55406056757626,107.55406056757626,107.55406056757626,107.55406056757626
2018-09-04,106.91927029145563,106.87664919989399,107.31298518365918,107.24430487314164
2018-09-05,107.14139973492976,107.02159305790988,107.30442420797883,107.19282760680254
2018-09-06,107.60517379410231,107.35566951329723,107.70011699709703,107.4157886882247
2018-09-07,106.34710247475542,106.3132555293465,106.9857470968714,106.89159963942616
2018-09-10,107.00284700115161,106.88305173061852,107.05427007540125,106.92580495131077
2018-09-11,106.14171647247124,106.14171647247124,106.54936588763196,106.53231798908993
2018-09-12,106.76261203118004,106.60044961783025,106.77971046360015,106.6772019415551
2018-09-13,106.50665485611698,106.33665221468661,106.66866161636565,106.59186018000186
2018-09-14,106.14935844526134,106.09853685647491,106.39568407500548,106.37014911082747
2018-09-17,106.3871628902758,106.344638642578,106.66012546343877,106.42120678240067
2018-09-18,105.22821980861166,105.21149036190123,105.90178818632721,105.88484390021739
2018-09-19,105.71557710475706,105.62271084152816,106.02914743928295,105.80860681260924
2018-09-20,105.82553754415777,105.76630367539005,106.08015027383335,105.81707150115425
2018-09-21,105.80014212406424,105.73247875073365,105.96968004910882,105.80860613543418
2018-09-24,105.6900151110249,105.41152816606613,105.6900151110249,105.61391830014497
2018-09-25,105.4619436795196,105.4450846045169,105.66467388763404,105.53787627896887
2018-09-26,106.368482757875,105.96002778408476,106.38557006434213,105.96002778408476
2018-09-27,105.87527332257133,105.67241474363617,106.04491804829249,105.89221336630294
2018-09-28,105.67225670356237,105.4868519944565,105.81597097267921,105.81597097267921
2018-10-01,105.47787377330968,105.44418284501029,105.71431444784757,105.63820014144511
2018-10-02,106.07010235462563,105.72260941043548,106.07010235462563,105.84947654172801
2018-10-03,103.8364912509186,103.7460628284849,104.88366572647614,104.83332156692742
2018-10-04,104.87529182938516,104.69087360380395,105.16158327235578,104.7830015725753
2018-10-05,104.06439406577773,104.01462630199687,104.52282751981201,104.39740012678823
2018-10-08,104.46424654915211,104.4141037108085,104.46424654915211,104.4141037108085
2018-10-09,104.83259711245502,104.59782843940465,105.08530727021906,104.62293191823011
2018-10-10,105.22749460668216,104.81529960822284,105.48146281570874,104.89076662394076
2018-10-11,105.26888762835296,104.94102573588324,105.53943653238534,105.1257219411784
2018-10-12,104.84007704818713,104.64772527951224,105.09203589713735,104.94911072831724
2018-10-15,105.0582752698013,104.92395112050318,105.11715029396979,105.04146594575813
2018-10-16,104.94066645824525,104.89033922630938,105.10877325273182,104.98264272482854
2018-10-17,104.29604384913577,104.10507107558827,104.61310382243714,104.61310382243714
2018-10-18,105.11645476304227,104.7217536865972,105.20081788885533,104.86417527161097
2018-10-19,104.52917271503688,104.47910685439265,104.8137880647855,104.70478172519813
2018-10-22,104.60432942421457,104.47903477106729,104.74669381459258,104.67127619504606
2018-10-23,105.09066587448773,104.41293148469207,105.1075113767518,104.91411355581857
2018-10-24,105.91763252641113,105.27452794288415,105.91763252641113,105.41770130088648
2018-10-25,105.08942835688022,105.07264894951045,105.45148631852958,105.29120005932542
2018-10-26,105.97523817328157,105.53508542687496,106.04328005974915,105.70394156355796
2018-10-29,105.53492342866258,105.3496266756354,105.83954636351119,105.60246577965692
2018-10-30,105.08001502332604,105.04648598215714,105.39961167538993,105.34901986178575
2018-10-31,104.89478422839896,104.87803589944664,105.20559603399283,105.09618221411748
2018-11-01,105.3993685719753,105.18863726884838,105.56008992052006,105.2222976327744
2018-11-02,103.83383170216705,103.80082666983958,104.53181840695115,104.49836822506091
2018-11-05,104.71584661886958,104.53176762361466,104.74938520374229,104.657205744763
2018-11-06,104.21427418647245,104.05639895050187,104.40602845097557,104.40602845097557
2018-11-07,104.15593416372474,103.84912980387618,104.46455669628322,104.3559135573191
2018-11-08,104.3141812076601,104.06448636714069,104.37261584822137,104.33921661114994
2018-11-09,105.16863546810384,104.73134384453584,105.20242458793295,104.78161488958122
2018-11-12,105.37003952193349,105.07500341127208,105.37003952193349,105.07500341127208
2018-11-13,105.2432580204174,105.1338312944904,105.45433555355103,105.15906341400108
2018-11-14,105.42865883374535,104.98288947449618,105.59785905655667,105.27684156502475
2018-11-15,105.52976902934371,105.17600972698658,105.63974874694684,105.4200180695532
2018-11-16,106.18178455901605,105.79953013460359,106.29272839435339,105.79953013460359
2018-11-19,105.76569052797169,105.7234214485504,106.0965529592375,105.81645805942512
2018-11-20,105.85032474467376,105.62214440390679,105.90964363613263,105.8333886927146
2018-11-21,105.79952200833293,105.76567699169557,105.99455198398347,105.79952200833293
2018-11-22,105.79952200833293,105.79952200833293,105.79952200833293,105.79952200833293
2018-11-23,106.14715627683282,105.84179447197698,106.21525389112429,105.9603372817856
2018-11-26,105.77398126450208,105.74016875550679,106.01977016327378,105.85013853101253
2018-11-27,105.85013853101253,105.72327060628498,105.97731130457802,105.85013853101253
2018-11-28,105.79934671789786,105.68102183740173,105.95186860168147,105.83320250884758
2018-11-29,106.21469034230626,105.78254441430806,106.24873351228779,106.07873553866811
2018-11-30,106.69136640084699,106.36715433181604,106.74273853778665,106.40970119354876
2018-12-03,107.24871887131587,106.63954614812681,107.36101214977329,106.63954614812681
2018-12-04,107.59107264510769,106.81827164446445,107.60837302662321,107.07463549641116
2018-12-05,107.01469767566148,107.01469767566148,107.05750355473174,107.05750355473174
2018-12-06,107.48659174533186,106.7081992696972,107.54693872497714,107.2716185618412
2018-12-07,107.93469270724232,107.46882479850672,108.10826300989929,107.5633973643294
2018-12-10,107.22870991441644,107.19450072318519,107.56339736432939,107.52037200538366
2018-12-11,107.13419459775001,107.09145716572601,107.47732597607575,107.3827459292168
2018-12-12,106.87699179735571,106.83435016322017,107.15928255526453,107.107846099638
2018-12-13,107.0650132410842,106.90256033806708,107.13356226916973,107.09070884426207
2018-12-14,107.36516845366592,107.03085774949881,107.39957485278582,107.2449194649978
2018-12-17,107.89895684899233,107.4935486651325,107.92493781620855,107.5709440201714
2018-12-18,108.17508122182512,107.82040882437653,108.19244201162161,107.86353698790627
2018-12-19,108.88643318372505,108.28595653013832,109.25521233006134,108.38991104840726
2018-12-20,107.6379835895753,107.47515542968661,108.04289676619688,107.9910361757491
2018-12-21,108.27642932012324,108.10328399459335,108.35452579903661,108.16382183363031
2018-12-24,109.38394390733174,108.57038770264668,109.38394390733174,108.60513022671154
2018-12-25,108.46613789879382,108.46613789879382,108.48349248085762,108.48349248085762
2018-12-26,107.46421928134004,107.19961318144158,108.0146562588515,107.97145039634796
2018-12-27,108.53420753497058,107.92840301161137,108.56032259934376,108.28240817348944
2018-12-28,109.23927392695055,108.75873645066628,109.35347662586895,108.78483854741444
2018-12-31,109.4311197012767,108.98489062118034,109.56305980219457,109.04592215992821
2019-01-01,109.04592215992821,109.04592215992821,109.04592215992821,109.04592215992821
2019-01-02,109.97456904262705,109.41199431488921,110.07184471482623,109.50827686988632
2019-01-03,110.80292997426729,110.15620303030619,111.14259691029683,110.21789050400317
2019-01-04,108.29406188524082,108.1139291882436,109.2824944757066,109.19506848012604
2019-01-07,108.65484391535044,108.36085500136652,108.95915051189658,108.93300031577373
2019-01-08,108.32482436888395,108.28164298310347,108.68021508658613,108.65413183496536
2019-01-09,108.96750699488034,108.79318687490773,109.11611891777747,108.81059378480771
2019-01-10,108.20300431727928,107.92750335148098,108.5233108345798,108.51462896971304
2019-01-11,109.20220161076271,108.76602090453662,109.2810859365109,108.92264397463916
2019-01-14,108.60100488229584,108.46250527460282,108.90520937776445,108.86164729401335
2019-01-15,108.63546838801653,108.41887322813932,108.79195353774318,108.75714011261111
2019-01-16,108.55725085077714,108.47923318267388,108.81812216810518,108.67883497173001
2019-01-17,108.2191399794314,108.02946334785496,108.57441139741175,108.47886591538203
2019-01-18,107.7955208545962,107.76115002291677,108.24434518676362,108.14909016299927
2019-01-21,108.29619646262887,108.27886907119486,108.29619646262887,108.27886907119486
2019-01-22,108.85214079899036,108.43461620586653,108.88707969829993,108.5560629760171
2019-01-23,108.3825259878051,108.33922839832451,108.73015657392587,108.47790261067436
2019-01-24,109.01716094629509,108.64259139610007,109.09588632931015,108.7729625057754
2019-01-25,108.07024995489267,108.05301387037034,108.40745611124443,108.39878351475554
2019-01-28,108.55496522477439,108.32086106654204,108.6506313533974,108.49417444424851
2019-01-29,109.10330118559415,108.78918419561644,109.14707206787995,108.82399673455903
2019-01-30,109.4264885723737,109.08513254499228,109.60237298702029,109.10258616619947
2019-01-31,109.93509585983713,109.37285787557714,109.95275895364495,109.49535547639779
2019-02-01,108.70944097022698,108.52768155459205,109.1621430548311,109.04861442605409
2019-02-04,108.41339667524801,108.3355942216895,108.76924882989417,108.69093497073663
2019-02-05,108.99561082561215,108.73435576610684,109.1879971733467,108.87353574148746
2019-02-06,108.94323710879954,108.67364021007097,108.94323710879954,108.90837527292472
2019-02-07,109.63384839873956,109.2218558445906,109.64264796920257,109.28302008386359
2019-02-08,109.68592293902572,109.40532900393507,109.70350785653096,109.4841008408179
2019-02-11,109.16918971663532,109.15174776269433,109.44902102638638,109.3089262794726
2019-02-12,108.75069365244688,108.75069365244688,109.07272451800434,109.02909542819714
2019-02-13,108.68935951243334,108.58525093052486,108.88074465004127,108.82848189260925
2019-02-14,109.67590605120148,109.1937948912897,109.80813066065076,109.29862093438534
2019-02-15,109.17625542514251,109.05416359864265,109.43003158796147,109.21992592731257
2019-02-18,109.1412875806449,109.1412875806449,109.1412875806449,109.1412875806449
2019-02-19,109.80694345546466,109.44683429839588,109.80694345546466,109.46434579188362
2019-02-20,109.29805311018171,109.17584460099377,109.45558093114283,109.35926001992343
2019-02-21,108.5140131496499,108.4794380299591,108.96550368283776,108.9480692022485
2019-02-22,109.60354049939023,109.16568679014051,109.60354049939023,109.30541886923189
2019-02-25,109.18299680009835,109.06956445306714,109.32293015069123,109.18299680009835
2019-02-26,109.66436472186233,109.39252757918058,109.70833599881576,109.4450359924186
2019-02-27,108.57310294595256,108.52122855371846,109.13827085589786,109.02476705420771
2019-02-28,108.39019457813076,108.25209590690524,108.87632711828576,108.75438563191328
2019-03-01,108.04323255202357,107.97434939451512,108.46706718456294,108.38897089619006
2019-03-04,109.05889791168265,108.64900041453359,109.07640897428888,108.69246001469939
2019-03-05,108.8142832826688,108.7011526298637,109.00627255464079,108.73593699870527
2019-03-06,109.18922132802489,108.84020671614053,109.19797537447147,108.9621077476626
2019-03-07,109.84598638251232,109.37164145930916,109.87245954761093,109.41539011589288
2019-03-08,109.64324755626238,109.31054425776058,109.70475602980733,109.51167565919486
2019-03-11,109.31910457259089,109.25797390219562,109.57309063512936,109.41530538461477
2019-03-12,110.27705093855613,109.73907108352957,110.42792087787332,109.77418758627631
2019-03-13,109.39710737648164,109.3796318002234,109.58093863637649,109.55463921110376
2019-03-14,109.43202629648584,109.34461354283421,109.64238822128486,109.51081735541932
2019-03-15,110.17861982023612,109.75590590836887,110.26709538421288,109.85249110556823
2019-03-18,109.6329792937515,109.55416964409943,109.78215174836922,109.72945631553
2019-03-19,109.4839569326427,109.37907887060136,109.75582513713739,109.61533768096186
2019-03-20,111.25850763652753,110.43964502032269,111.27644387828741,110.43964502032269
2019-03-21,110.1749075572296,109.9640296737163,110.36892404376279,110.30711744629829
2019-03-22,112.12214018859905,111.03844508812614,112.12214018859905,111.20722352466008
2019-03-25,111.92169331922906,111.24273030100895,112.10174752341057,111.49191401688321
2019-03-26,111.21565717614119,111.10908623578234,111.5634290354957,111.3135269544562
2019-03-27,112.09994236646584,111.44679400723908,112.16297550941428,111.70535056933588
2019-03-28,111.38430693046503,111.16244351932157,111.74113636160541,111.6159862888804
2019-03-29,111.34840760990755,111.33061463969186,111.70546519403425,111.47311782643065
2019-04-01,109.97475173141221,109.9222953747552,110.66126878903927,110.61700428152366
2019-04-02,111.03345727745698,110.84699565388028,111.06904492402028,110.89133445214183
2019-04-03,109.90217950959327,109.87592689883375,110.39454127379625,110.39454127379625
2019-04-04,110.56239468962548,110.37690213641926,110.64208248911346,110.5270147233248
2019-04-05,110.79261953281693,110.60656235487298,111.05058709335098,110.65080497981492
2019-04-08,110.3148833860438,110.1652621144974,110.50027171439743,110.46491162744883
2019-04-09,110.77463460325278,110.4737368181197,110.84567244508251,110.62398110019235
2019-04-10,111.27189113070536,110.93367869565763,111.36123743802085,110.95142808424893
2019-04-11,110.42878263459058,110.39352721671696,110.74709764578806,110.64964019985976
2019-04-12,109.53988499288833,109.46146795781547,110.13602042142107,110.09196601325249
2019-04-15,110.16243614672231,110.06556295161367,110.30364740920811,110.14481015693885
2019-04-16,109.51219797352312,109.43363202838468,109.86274918342556,109.82759310368687
2019-04-17,109.73101435845217,109.67840660086924,109.98599828604794,109.81002068879026
2019-04-18,110.3470535807983,110.01189347880243,110.36475016544762,110.10870394506378
2019-04-22,109.6165587282928,109.6165587282928,109.91483507857387,109.87086914454245
2019-04-23,110.1877535612388,109.97629457471474,110.24958236083226,110.0290831961106
2019-04-24,110.95733755378309,110.47800185555074,110.95733755378309,110.47800185555074
2019-04-25,110.23957918349416,110.17793378852018,110.40725065359393,110.33659001317564
2019-04-26,110.89397957061531,110.59246855059125,111.03643671016809,110.63670553801148
2019-04-29,110.23898611404515,110.19497150647746,110.52151435012152,110.39773025404938
2019-04-30,110.80474280447709,110.58316877071353,111.00937658354428,110.60086207771684
2019-05-01,110.68053931766717,110.20419045952147,110.77807864890369,110.61855821564927
2019-05-02,110.03556493590537,109.92145658043579,110.35279728456338,110.23803037538744
2019-05-03,110.50291951525622,110.22922260690109,110.79577177545566,110.37031601183791
2019-05-06,110.4761191586778,110.39674779502906,110.66176359352876,110.63520477026631
2019-05-07,111.38058151077821,111.05990805153415,111.56849765215577,111.09544722211062
2019-05-08,110.51904204415426,110.24624243404448,110.81979820146988,110.76660469833317
2019-05-09,111.2548761785294,110.7931271513697,111.29055480473913,111.0501672063609
2019-05-10,110.7130601322403,110.45716798719886,110.87248693883072,110.87248693883072
2019-05-13,111.7616007073859,111.3686399889006,111.84232090691776,111.49337286568817
2019-05-14,111.27952798845836,111.21731099996641,111.52016127819795,111.39525869756636
2019-05-15,112.01173871442009,111.58216349403881,112.1016502080101,111.72498866331118
2019-05-16,111.38591434263346,111.21714780575066,111.76975745184431,111.57304267872907
2019-05-17,111.60875462325295,111.32369754384165,111.72497649205319,111.58196852214337
2019-05-20,111.18088308532761,111.00354696109868,111.34987802761731,111.34987802761731
2019-05-21,111.16298964537786,111.08308653006692,111.3855470844052,111.26970611543743
2019-05-22,112.1095449121976,111.69698178692072,112.18160632625012,111.69698178692072
2019-05-23,112.79275468640643,111.94658398085798,112.79275468640643,112.21525578241203
2019-05-24,112.16140969038594,112.05387238483426,112.2871310463239,112.19730134148685
2019-05-27,112.32296231898931,112.32296231898931,112.32296231898931,112.32296231898931
2019-05-28,113.08025655085342,112.6642875943289,113.16200131462512,112.70935330936662
2019-05-29,112.79053002029687,112.28732179203551,112.79955687343974,112.75443705069037
2019-05-30,113.56920215181941,113.10606211425801,113.77931248398575,113.16035302407286
2019-05-31,114.45184716725068,113.85703065922546,114.4794503139266,113.92079059639464
2019-06-03,114.918249522815,114.32134316042224,115.00138973549227,114.44938306476192
2019-06-04,113.68261418795224,113.68261418795224,114.26588237041406,114.0282093350836
2019-06-05,113.93698676761552,113.45593360911288,113.98257979953533,113.93698676761552
2019-06-06,114.07376586337494,113.76420340512968,114.16513451845174,114.0281363570296
2019-06-07,114.76964880443805,114.08273445918763,114.8157373309839,114.36565964064643
2019-06-10,113.50755204117158,113.41702121325552,113.7800137599454,113.76180895774381
2019-06-11,113.77090699108975,113.74361725566372,114.10856028046733,113.8073136813269
2019-06-12,114.1628475834073,113.90736806515798,114.20858956897644,114.01671913850055
2019-06-13,114.56536001975087,114.18075885910586,114.61131852425173,114.28123792690188
2019-06-14,114.38182150965079,114.12613805106302,114.6018923543062,114.36352041820925
2019-06-17,114.30862153649798,114.18985458637214,114.51935400646748,114.29947684677506
2019-06-18,114.90457554508957,114.21745681076636,114.96912867741827,114.60122746565054
2019-06-19,115.18039298228267,114.78445750396799,115.51398060475749,114.86710231337085
2019-06-20,114.95902541061265,114.47350239310032,115.06952751770392,114.92223852248127
2019-06-21,114.21663192282965,114.04385198600372,114.68300888264264,114.59126247553652
2019-06-24,115.34545490855635,114.93034410634226,115.41029735831219,114.96712181645627
2019-06-25,115.48324806479053,115.18775278747778,115.58517502689539,115.24304290881577
2019-06-26,114.20547906141745,114.18728333464912,114.68978778203316,114.67143741598804
2019-06-27,115.28760441469451,114.90976334507003,115.54707334191994,115.00169115574607
2019-06-28,115.15821867773546,114.98330412382411,115.30592843393586,115.06609210279328
2019-07-01,114.9370942416915,114.57011756786744,114.96471228596262,114.82675463121947
2019-07-02,115.72995889752173,115.33191152649363,115.79501749953609,115.35036463233786
2019-07-03,115.73853187170636,115.43332398040332,115.73853187170636,115.56260930326137
2019-07-04,115.59033989259986,115.59033989259986,115.60883434698266,115.60883434698266
2019-07-05,113.91059436332442,113.87442652894966,115.03408110109115,114.76720203293662
2019-07-08,114.62038223342218,114.33698521242714,114.73046183220579,114.68456964747291
2019-07-09,114.16298499336726,114.11745820081927,114.46437527374975,114.46437527374975
2019-07-10,114.62012158235018,114.36382359446439,115.04368565632093,114.56510392399065
2019-07-11,112.99995715076375,112.85653343868917,113.87732814601102,113.81355684224926
2019-07-12,114.09608569091274,113.81355684224926,114.22413965914048,113.98655344864947
2019-07-15,114.8478666338724,114.26917227268436,114.8478666338724,114.2965968740298
2019-07-16,114.0043716343391,113.94064644058037,114.48918521827714,114.15029723003104
2019-07-17,115.32530632093928,114.7256147280704,115.35313578675031,114.7256147280704
2019-07-18,115.13955416543114,114.85407658571998,115.36154559377066,114.88164156410056
2019-07-19,114.45938383242267,114.39539919044641,114.6609452223461,114.59673509302159
2019-07-22,114.72515535167062,114.45032067463237,114.81706046690869,114.66090926467369
2019-07-23,114.14837646464002,114.08463185871643,114.46817100368288,114.40406882792082
2019-07-24,114.98228433824245,114.55036559112787,114.98228433824245,114.66033394209536
2019-07-25,113.99285352919479,113.70270309068587,114.51336884211351,114.35763066048823
2019-07-26,114.50409044521311,114.33934952698004,114.67849943338524,114.43996815456379
2019-07-29,114.5773400753639,114.40339125703134,114.6048540448049,114.5406753265398
2019-07-30,114.58649892844672,114.38514885045744,114.70581206309389,114.56816508861817
2019-07-31,115.52527723973202,115.0447305301515,115.65534188640322,115.05393410859392
2019-08-01,117.17337314687134,115.77956565853636,117.5151802478589,116.02038715510612
2019-08-02,117.07376203446714,116.46551373039549,117.2150303500103,116.56800338247824
2019-08-05,119.03834366284782,117.6489761534725,119.07687051572033,117.73368341630301
2019-08-06,117.38627562569745,117.3394858155788,118.29193201564095,117.75252080564962
2019-08-07,117.47047883964807,116.53078943977442,117.846836000528,117.70541979732737
2019-08-08,117.63014854565841,117.59254900960417,118.42533062177583,117.72425266449493
2019-08-09,117.03931838183709,116.86235299513847,117.50758804008242,117.4793862189528
2019-08-12,119.49868167284538,118.35259457240248,119.49868167284538,118.466213063192
2019-08-13,117.42769828498422,117.09176399236982,118.02024494032695,117.87862064639856
2019-08-14,120.05732961556927,118.91520616651236,120.07671245858114,119.00082511495226
2019-08-15,120.61140584638802,119.51380065228824,120.66000812147121,119.77195046169717
2019-08-16,118.82630702157371,118.68432879906902,119.50297270961764,119.19704509948102
2019-08-19,118.41735798252525,118.3890262117343,118.92013135215385,118.75839997351491
2019-08-20,119.6637886259091,119.17602861792305,119.73104786152669,119.29043760539626
2019-08-21,118.59567121436434,118.5011274713682,119.09928234923827,118.91825144006742
2019-08-22,118.47201129494303,118.16068971724489,118.85157721018513,118.70895531753291
2019-08-23,120.23821722178454,119.21119644723909,120.72422456706256,119.46869263156512
2019-08-26,118.85042312351962,118.52015199931768,119.5260881120511,119.4209051545125
2019-08-27,120.57250501135447,120.00353933946212,120.64036764181836,120.03234018890359
2019-08-28,120.19572795279272,119.87896872723434,120.3016866807524,120.08995571219427
2019-08-29,119.55315514387667,119.32456402505474,120.1959656241463,119.82095421139896
2019-08-30,119.7634539534394,119.7347245146212,120.2153552328077,119.79219718238822
2019-09-02,119.76343785207875,119.72511355196609,119.76343785207875,119.72511355196609
2019-09-03,120.590318323098,119.83019423887836,120.87177661133703,120.146545951669
2019-09-04,119.87782614284667,119.86825123660522,120.32957869486029,120.0600404385838
2019-09-05,118.27720651799181,118.24903633542957,119.40555248365165,119.15718893448566
2019-09-06,119.19531618476465,119.01442872410087,119.66436296384057,119.20485181005944
2019-09-09,117.54765058136859,117.49164884216832,118.39412910211776,118.37518604146142
2019-09-10,116.5521499144436,116.3028701261285,117.46599187712985,117.45659459777968
2019-09-11,117.30643035378732,117.09124069848848,117.51300535320966,117.44719807021187
2019-09-12,117.02479366538773,116.11532262817856,117.35306711079036,117.13713746730652
2019-09-13,114.84524322186732,114.74525923489142,116.0494957522495,115.98450803462823
2019-09-16,117.04704692212,116.25296926321822,117.04704692212,116.5226761519089
2019-09-17,117.15833936717804,116.68094440810758,117.19594737275294,116.83029601694994
2019-09-18,116.97054847315276,116.40227804810797,117.1017549212438,116.9237602537635
2019-09-19,117.12969434435536,116.69062147514299,117.36459265645297,117.04536096442742
2019-09-20,118.21195727980313,117.59755001743407,118.33560995478199,117.65399684144245
2019-09-23,117.77649419519373,117.09191070317613,118.06015627177176,117.64458452169512
2019-09-24,118.97908865826463,118.08608048724284,118.98866135829344,118.31280576177834
2019-09-25,116.68680358535732,116.51094499345425,117.52708301588078,117.50827868259823
2019-09-26,118.16790815395203,117.67719331414965,118.16790815395203,117.88430517438255
2019-09-27,118.02582294770113,117.84662439919495,118.33836123668156,117.97861261852205
2019-09-30,118.31885375080329,118.12958900834019,118.5848455536955,118.1579401097022
2019-10-01,118.8025241391815,118.26173641550052,119.63753945668908,118.4698770715918
2019-10-02,119.15434434403241,118.592879100338,119.43227211576706,118.79211513722655
2019-10-03,119.98557393743177,119.19045995445317,120.05311708319469,119.42884087436208
2019-10-04,119.54355680252122,119.26670301340822,119.73524053025717,119.47661241071181
2019-10-07,118.65788821411252,118.56341537317772,119.14205113105945,119.13251976696897
2019-10-08,119.67680909261159,119.23717219608865,120.02314069448731,119.44702961915377
2019-10-09,118.39107069212876,118.34394424093375,118.98809602260216,118.92146268882951
2019-10-10,117.08276262346939,116.97146722173608,118.15072829310257,118.13182417657569
2019-10-11,116.86320622543117,116.64978286961212,117.83808177267146,117.52698923679161
2019-10-14,117.67738768738654,117.67738768738654,117.72446617501951,117.70563026043152
2019-10-15,116.6371128333182,116.28523840590744,117.24396565763307,117.17830903686479
2019-10-16,117.61964091640102,117.17830903686479,117.647923933614,117.42203991966147
2019-10-17,117.20629404027561,117.11273856929839,117.83699211277569,117.37507110369361
2019-10-18,117.28121609721374,117.10330447199642,117.54438920594288,117.33751108094042
2019-10-21,116.29143918401569,116.27292880770305,116.89625143773314,116.87754803750312
2019-10-22,117.55276134559105,117.14857385655695,117.59994097367968,117.20480517200811
2019-10-23,117.14857385655695,116.8589028196619,117.22356094175878,117.20480517200811
2019-10-24,117.08300961107797,116.86814411829454,117.29866663206418,117.17667601876683
2019-10-25,116.5226840460899,116.44840663793305,117.054665863521,116.91420026448478
2019-10-28,116.09388056880029,116.07537070263818,116.62390469314323,116.48395600751147
2019-10-29,116.68919764071387,116.42810626034468,116.77336873783389,116.55850573935626
2019-10-30,117.72052975541034,117.09916419528102,117.85318328217913,117.13663592782349
2019-10-31,118.77860601172274,117.88589081502477,118.93190581782,117.95190691388116
2019-11-01,117.47162370010008,117.29369314762066,117.99920497584037,117.70656694750028
2019-11-04,116.82332137449278,116.69290701365689,117.188160382629,117.07565974866168
2019-11-05,115.81718263535096,115.72503753022299,116.51297634711412,116.36383973738982
2019-11-06,116.86761968975243,116.40100777691305,116.87699008902199,116.61518563122257
2019-11-07,114.69148362382353,114.53705979825683,116.10026629839362,115.69159336102328
2019-11-08,115.32208970927938,115.08317541984182,115.64527596436983,115.54350812152119
2019-11-11,115.75612518582992,115.74686469581505,115.75612518582992,115.74686469581505
2019-11-12,115.65430422824545,115.48806790499155,115.98821672742075,115.70056594993675
2019-11-13,116.39688615907215,115.78368417260194,116.41556944738018,116.04303962514857
2019-11-14,117.26523275836087,116.52512303654969,117.35014603334882,116.6835972038794
2019-11-15,116.50630905139049,116.39461489874874,116.7116394046013,116.55291157501104
2019-11-18,116.85154983030773,116.56222091299625,117.14231865714507,116.74872046645706
2019-11-19,117.28228982715207,116.93538402144381,117.40466479847825,117.01957749793925
2019-11-20,117.5916398658968,117.20652466224621,117.6670795707025,117.38467857973282
2019-11-21,116.72947345250364,116.469434845083,117.20611101423924,117.11234612542785
2019-11-22,117.15919106387803,116.91600577187252,117.32814359064857,117.15919106387803
2019-11-25,117.57241787003518,117.33727303429511,117.72340580533661,117.33727303429511
2019-11-26,117.61931118757039,117.34665251255525,117.79863769315246,117.44052983456528
2019-11-27,117.00903906999737,116.92498756136699,117.29947707233302,117.19625353250937
2019-11-28,117.09312082940077,117.09312082940077,117.09312082940077,117.09312082940077
2019-11-29,117.17746161271127,116.99020238520393,117.33710393098472,117.13059062806619
2019-12-02,116.43861683703336,116.43861683703336,117.03660042534747,116.68080916005441
2019-12-03,118.64807998245288,117.4354518893713,118.89746155719368,117.66092795699888
2019-12-04,116.58310362092631,116.3514017693862,117.20863961376703,117.08674262856873
2019-12-05,116.45167056198639,116.33104333351581,116.9179621875249,116.79636750684988
2019-12-06,116.14418613117346,115.96842033774516,116.6746948746206,116.47868138723123
2019-12-09,116.88940922671178,116.53451968128073,116.90814750969137,116.68368386647276
2019-12-10,116.2737116481445,116.09756745094192,116.55292491552979,116.48765527757709
2019-12-11,117.38565695642133,116.83212804334357,117.4045125755614,116.94428688626519
2019-12-12,115.06018448643093,114.8960472760366,116.24104590514992,115.98066596232238
2019-12-13,117.79842724820786,116.57410716967676,117.83650658463851,116.64871459826536
2019-12-16,115.82082499704957,115.78389233601737,116.38698176640771,116.19145163704015
2019-12-17,116.12641044060197,115.9594955329975,116.34971256788138,116.17286100477821
2019-12-18,115.39448337660549,115.20151601309948,115.84726442124465,115.73605104740025
2019-12-19,115.73605104740025,115.51426366117082,116.0144858133523,115.73605104740025
2019-12-20,115.81015176035577,115.69903623935757,116.02372083432051,115.76382769965163
2019-12-23,115.61573293326526,115.36668037309306,115.79163771591517,115.68047774370788
2019-12-24,116.1441269531015,115.8932957718718,116.3399697880152,115.9118386991953
2019-12-25,115.85620991722482,115.85620991722482,115.87474691081157,115.87474691081157
2019-12-26,116.12531700264175,115.98597776937723,116.24634876092239,115.9952566475988
2019-12-27,116.34847563570752,116.0880009161265,116.37645298637337,116.15301019663953
2019-12-30,115.96732877997157,115.93952775820875,116.57297528251843,116.06938002929795
2019-12-31,115.52266971301752,115.43972563424472,115.86491799385519,115.7629568660206
2020-01-01,115.74443479292205,115.74443479292205,115.74443479292205,115.74443479292205
2020-01-02,116.54344116570991,115.91076082088567,116.79657228239192,116.15185520339313
2020-01-03,117.3925745626455,116.86695017826013,117.41143432239532,116.93239567035994
2020-01-06,116.410209533395,116.32672145579518,116.84815717191816,116.78272220390188
2020-01-07,116.78272220390187,116.61477006266904,116.92305231950377,116.76403696834925
2020-01-08,115.18952389746644,114.62580533391426,116.20343504643992,116.17554622202877
2020-01-09,116.49192336031862,116.29631082309116,116.77251410305726,116.35213305228625
2020-01-10,117.0337014773237,116.64059403474153,117.13709644288876,116.67791902483265
2020-01-13,116.1563702169311,116.1563702169311,116.50976830085771,116.41656048621702
2020-01-14,117.09850631477532,116.72385103941212,117.21137234495825,116.74252685557842
2020-01-15,117.19157255547967,116.93856020468822,117.29496582610129,116.99469071358646
2020-01-16,116.62081617267863,116.47193457539443,116.88227688633344,116.77942048267347
2020-01-17,116.61128501885263,116.51808546241172,116.85430308638149,116.62994282445564
2020-01-20,116.64860361530755,116.64860361530755,116.64860361530755,116.64860361530755
2020-01-21,117.5667277141189,117.03096632303281,117.58561545252586,117.10586614147955
2020-01-22,117.28406664257581,117.05906123894498,117.3780743907664,117.15270848793612
2020-01-23,117.81989725048072,117.33988328980213,117.83880136556303,117.50885272173946
2020-01-24,118.45307813533317,117.78112475185534,118.65329663507899,117.93188459153771
2020-01-27,118.7821505222626,118.47843267833832,119.02051573040649,118.62060679755231
2020-01-28,117.70370514328802,117.3110790122406,118.18401310954722,118.1651036674497
2020-01-29,119.56221379687261,118.90233595716823,119.74520735754126,118.92136033092137
2020-01-30,118.78821101513178,118.28683527380807,118.85474838226838,118.82622324265664
2020-01-31,120.38532123738844,119.6246077213307,120.55028580784108,119.64374765856611
2020-02-03,119.32819109904464,119.30911994815779,119.91280435557358,119.44274616249973
2020-02-04,117.9239637269915,117.8958553612533,118.84959836417573,118.70697884613872
2020-02-05,117.8458919529543,117.57409850085986,118.38378559815916,118.27013716398494
2020-02-06,118.36479113530464,118.21341741152838,118.69727650366224,118.31744521885052
2020-02-07,119.49700489139737,118.79975596188957,119.54506127557312,118.90429974713604
2020-02-10,119.06598372535562,118.88530696704706,119.42898977329878,119.08503428275168
2020-02-11,118.43871116588463,118.41980785231574,118.73248617357727,118.71348897578949
2020-02-12,118.09765683026464,118.00348007043188,118.39056245165341,118.38109120665727
2020-02-13,118.43785963274742,118.06983505098684,118.61798605018298,118.55155997799487
2020-02-14,119.04556439492377,118.7031240978229,119.11237957699277,118.8455678467403
2020-02-17,118.94064430101767,118.94064430101767,118.94064430101767,118.94064430101767
2020-02-18,119.28365985776179,118.91214869864561,119.32189486372629,119.12143408035523
2020-02-19,119.0642420659132,118.83602213063791,119.21687629979306,119.03566664781738
2020-02-20,120.06901219865446,119.3876742937548,120.13660774999678,119.5022864610768
2020-02-21,120.34641884256457,119.61669745816734,120.43342324208125,119.94205487525356
2020-02-24,121.76814222594012,120.7564880646126,121.76814222594012,120.93037740742565
2020-02-25,121.38624264147676,120.61234246524802,121.66923975029603,121.07549386031458
2020-02-26,121.502499449434,120.94025715104024,121.72690782390897,121.26921465049108
2020-02-27,122.40940254137081,121.54014244193874,122.4586064173019,121.86100841798546
2020-02-28,124.12480229054313,122.48259959824775,124.19501997407585,122.94313417273716
2020-03-02,122.5903842858942,121.86195148432218,123.20903169137412,123.05132413080916
2020-03-03,126.21339204175814,123.63760853070187,126.31578810864258,124.55747233817027
2020-03-04,123.29911588387488,122.78146275159942,124.08879879722929,123.99945486209528
2020-03-05,126.75767293918629,125.18813792516056,126.75767293918629,125.36840884377281
2020-03-06,128.3009438624576,125.6765370190013,128.32171629730942,126.81265291365307
2020-03-09,128.38796537220776,126.54391877750452,129.43931190945608,128.9836855315348
2020-03-10,124.67168658291298,124.16262276647707,126.62857379122971,126.49688007448682
2020-03-11,124.54198297395388,123.35903455258261,125.89895378668082,125.717659293228
2020-03-12,126.74656094194094,124.61678676391685,127.35970241227203,126.3713911215528
2020-03-13,123.06736817832738,122.12203175557491,125.04276734651883,124.64263049100997
2020-03-16,126.33797648321188,125.99722674495793,128.28697523196345,127.06568322775517
2020-03-17,120.61429032639279,120.54847849130942,124.07866098884855,123.72131444520068
2020-03-18,121.24473460861267,120.71941080181627,123.41243462335956,122.59297605746045
2020-03-19,122.74978216641553,121.37198838982624,124.03885815653058,122.83816200957536
2020-03-20,127.97812751617505,125.16048527028606,129.6489706947865,125.52094746786449
2020-03-23,127.03058041528107,126.03018048996783,127.93325249833538,126.74603191515084
2020-03-24,124.95307366347025,124.94314414394835,126.18655906159279,125.78276207259569
2020-03-25,125.51141862613036,124.81335734344887,125.76262233004944,125.6720732419718
2020-03-26,125.6720732419718,125.1025623360414,125.99407711287763,125.8832023250183
2020-03-27,129.31192768017442,127.55412920699118,129.45884920164193,127.61535518901054
2020-03-30,126.50777706052881,125.82649656317268,127.15575607068278,127.10489376825451
2020-03-31,128.2486948370352,127.52123160036273,128.34150164362308,127.69466047533922
2020-04-01,128.99840047697666,128.05132100655274,129.1333577605917,128.368888282649
2020-04-02,127.87748493010358,127.83670441988109,128.53352974257064,128.2764626830855
2020-04-03,128.52299015781276,128.08196481452126,128.64660957765037,128.39960808726127
2020-04-06,126.96851620506904,126.91799554765814,127.64939427340101,127.58812256414977
2020-04-07,126.78376044759342,126.61199411609763,127.70093257525869,127.09818417350345
2020-04-08,126.09589643786721,125.87530883277553,126.7217326193552,126.64063071047882
2020-04-09,127.61745061632857,126.88343108889799,127.63796129627333,127.06614322966603
2020-04-13,126.19506404929527,126.13473655472943,126.7101871697142,126.64936627987274
2020-04-14,127.00441055859083,126.62913798307032,127.11640739329859,126.85200526592052
2020-04-15,129.16603813298792,127.8451742773498,129.2286236315584,128.019043714367
2020-04-16,128.41913528459384,127.96793014584735,128.62528206248064,128.20339113731572
2020-04-17,128.25479586511736,127.38648382620578,128.47114663330495,127.94698435504108
2020-04-20,128.48035321719132,128.14135492374228,128.57311881518208,128.21311408249957
2020-04-21,129.24293829199755,128.4895457746043,129.3156458840609,128.72596653882957
2020-04-22,127.80194859430138,127.46645704202933,128.39589995796078,128.19046651802805
2020-04-23,128.42648803018898,128.21095568393838,128.70466814866595,128.34429507784967
2020-04-24,128.3237599906372,128.0574005973946,128.48822491853292,128.3237599906372
2020-04-27,127.11807453169179,127.07760073577309,127.72829010668991,127.71807184348138
2020-04-28,128.71306445201225,127.98325870404125,128.79581817021653,128.20850923936035
2020-04-29,127.9319107775575,127.60563189456703,128.23931624999057,128.0854290704906
2020-04-30,127.65588675006896,127.23934147694894,127.9419274694193,127.90098605262908
2020-05-01,128.31066249738444,127.94183593638911,128.4958743598506,128.18748426138697
2020-05-04,127.78836946925907,127.6966187452684,128.25938429262334,128.05416927775514
2020-05-05,127.49181066147626,127.49181066147626,127.9003073313304,127.7365949379463
2020-05-06,126.94149044467682,126.840269257814,127.60338655240216,127.25630534097962
2020-05-07,128.4622356357303,127.77472307181995,128.7724809319042,127.96894065088911
2020-05-08,127.06092536603468,126.70736101655055,127.50821560654235,127.49801494929383
2020-05-11,127.14139139593131,126.91824735040196,127.4877979435282,127.27361844298306
2020-05-12,128.1319183746795,127.6094327396664,128.28640585764873,127.68089402200063
2020-05-13,127.96724284319532,127.61970020746814,128.0185117706165,127.8136821517835
2020-05-14,128.46950478128036,128.05882946830576,128.4901077008187,128.1920106509528
2020-05-15,127.74138762078245,127.36489954192558,127.96630242891827,127.91511590794671
2020-05-18,126.21771230392392,126.16758612747277,127.25924606191975,127.07599274759059
2020-05-19,127.76917159460136,127.38087756704257,127.96420768846312,127.42163944786404
2020-05-20,127.41144816261667,127.23844539753964,127.75886890506025,127.4420269101757
2020-05-21,127.51337732114676,127.27923971310058,127.56439083423732,127.54398053170384
2020-05-22,127.9116896130798,127.47272691129508,127.95267709673375,127.77866145588219
2020-05-25,127.73777882543718,127.73777882543718,127.75821687004924,127.75821687004924
2020-05-26,126.99405176395994,126.9737991442703,127.5228970183626,127.3902732054635
2020-05-27,127.33933747047531,127.04471158993886,127.73771980332856,127.3902732054635
2020-05-28,127.32914543521134,127.09536477383914,127.53313317221105,127.36989076175063
2020-05-29,128.1257345401283,127.71605992928856,128.16684659998396,127.81823277723198
2020-06-01,127.39989258853026,127.37955578709541,127.87968385068258,127.67507635652149
2020-06-02,127.08445947753933,127.07432434240275,127.48099471392815,127.47079623435104
2020-06-03,126.32341691505188,126.25301934173724,127.12338083780053,126.86913407612492
2020-06-04,125.37524977003325,125.17606754782332,126.0975845690604,126.06732114876382
2020-06-05,124.62380220431231,124.44568338267682,126.0470433103934,125.38151492171454
2020-06-08,125.77345777855543,125.37149722317494,126.07662375423891,125.5319727396206
2020-06-09,126.56026226896861,125.8527699866792,126.56026226896861,126.07427086185577
2020-06-10,127.86198208258462,126.86034545236136,127.96507995557494,126.96183372872324
2020-06-11,128.2267595990721,127.49942078533603,128.32986892650783,127.6728199976041
2020-06-12,126.88842622597598,126.7569461095295,127.33546688206877,127.22341167121255
2020-06-15,126.57482967766803,126.44389367179475,127.15214945774544,127.12163294187557
2020-06-16,127.06054124803087,126.72558375792181,127.34613931778642,126.90806859853323
2020-06-17,127.29479727589843,126.90806859853323,127.29479727589843,126.98928976243629
2020-06-18,127.49822407536688,127.1009063974652,127.49822407536688,127.25342748514217
2020-06-19,127.51839017550924,127.31447494375821,127.90763419725148,127.3857710497267
2020-06-22,127.07023298320321,126.85736804281974,127.24307615496787,127.22271726278306
2020-06-23,127.14131426045543,126.80662509560261,127.35521969223477,127.17182817587795
2020-06-24,127.92698106345738,127.50748124552555,128.06057016730708,127.53808304102448
2020-06-25,127.4259213114553,127.24280885866858,127.57891809522796,127.50747390109463
2020-06-26,128.3672128485735,127.85407240706178,128.40844208025763,127.93589901340229
2020-06-29,128.12020042854763,128.01774525027614,128.36676323909091,128.06895234837623
2020-06-30,127.44547221324049,127.34384105517569,127.83315456547416,127.75134134655227
2020-07-01,127.38394653200712,127.38394653200712,127.83327262206711,127.56737941501322
2020-07-02,127.74100995544997,127.58778203467175,128.2029099512712,127.63881714748561
2020-07-06,127.52651295706629,127.50611524226188,127.89479103074302,127.54691719913941
2020-07-07,128.33506523094533,127.86305651577595,128.4587716156165,127.9346598274248
2020-07-08,127.46461235521542,127.41372827842692,127.75031593718356,127.66855573498377
2020-07-09,128.73510965870761,128.06643600297676,128.75579498202387,128.2098704113001
2020-07-10,127.64687297636026,127.1494420255219,127.9533480615376,127.90216672231298
2020-07-13,128.2811209318522,128.14771923821857,128.63133436622533,128.15797105575763
2020-07-14,128.0657120780339,127.83054150894849,128.18875359484227,128.08620259196638
2020-07-15,128.0554496021484,127.84059146523205,128.26074892014782,128.00422742230754
2020-07-16,128.26044084789262,127.97355058237568,128.3323645109492,128.1578324952143
2020-07-17,128.04510771051517,127.8610760961117,128.19887255045256,128.10656936221622
2020-07-20,128.3630903260973,128.09632984744024,128.38365639039694,128.209054617706
2020-07-21,128.36299168800662,128.17831149854263,128.51729885865257,128.29110841266134
2020-07-22,128.393782368974,128.15787751240853,128.41433688468183,128.3424248560264
2020-07-23,128.80527219682793,128.54772346413012,128.81559561369068,128.5785749177615
2020-07-24,128.414073302642,128.15788051415217,128.5785749177615,128.47571205782728
2020-07-27,127.93206233814148,127.71792450065536,128.2186989505659,128.18792646281776
2020-07-28,128.92842154508054,128.5262613882975,129.15639335620347,128.5571076910307
2020-07-29,128.59825254866905,128.444094969493,128.76309568604916,128.57767682826125
2020-07-30,129.18587717564097,128.8140895364753,129.25841857947776,128.90683568094158
2020-07-31,129.13389335788162,128.8965338479934,129.35137765979158,129.0305862431953
2020-08-03,128.61831501947714,128.61831501947714,128.99957424521983,128.81381485830673
2020-08-04,129.70318448562,129.1742916728938,129.77611582881218,129.24662927623064
2020-08-05,128.48374736138328,128.43252596632612,128.90530895243776,128.86405925357298
2020-08-06,129.06005806287635,128.62759257391505,129.16345500091742,128.9774596257161
2020-08-07,128.349706889965,128.17584672923758,128.7194427824223,128.68855011615452
2020-08-10,128.43137875301275,128.15478569037165,128.53412385601516,128.53412385601516
2020-08-11,127.1742448907101,127.14390269771883,128.08103128674222,127.89659460168932
2020-08-12,127.17251691915045,127.10157273534153,127.77363681165404,127.58964277464526
2020-08-13,126.7046631907025,126.45262495233781,127.24232108894968,127.14052723207851
2020-08-14,127.30337132715643,127.02881337317982,127.35434568902363,127.22189716950705
2020-08-17,127.6093025779886,127.14063767430896,127.619529321263,127.39491894965758
2020-08-18,127.74176610246732,127.486547997092,127.80317057263356,127.61913400700897
2020-08-19,127.25220733787295,127.06953409980915,127.5169978453387,127.46599104620056
2020-08-20,128.05861849956165,127.65952259725358,128.08942156687232,127.80250126256252
2020-08-21,128.09931174839693,127.83314199650223,128.232812714625,127.96608846417858
2020-08-24,127.55731641989117,127.45553113707926,127.81249229494095,127.78181729679017
2020-08-25,127.1088520923864,127.08856984376784,127.72034432503098,127.4342507537429
2020-08-26,127.42405682919656,127.40367387201361,127.77156769245097,127.4342507537429
2020-08-27,126.06551626000791,125.7054719454216,126.7816829790398,126.76139790976315
2020-08-28,127.45308263595992,126.95390582761829,127.729820330465,127.06562526474659
2020-08-31,127.42189354034271,127.10624077545933,127.68784595521377,127.24859976512784
2020-09-01,128.0146038571404,127.56410057235163,128.19981910265352,127.594715956489
2020-09-02,128.11642929841,127.78858237817417,128.3015835117678,127.83969781112543
2020-09-03,128.08538589147994,127.63567658895641,128.3011389277935,127.96242392102413
2020-09-04,126.15369594056338,126.15369594056338,127.13296198619675,127.09227943836116
2020-09-07,127.10244682071625,127.10244682071625,127.10244682071625,127.10244682071625
2020-09-08,127.87758612085864,127.30551831268095,127.8878483458904,127.48883825905122
2020-09-09,127.0106660941661,126.92963209394652,127.44800262860309,127.32565254607964
2020-09-10,127.65202397202277,127.43765431961076,127.90816817294585,127.4886293813386
2020-09-11,127.73362314426215,127.57018948010317,127.90773087305084,127.6212175558952
2020-09-14,127.50894681108433,127.29515935535318,127.59057865923484,127.54974967406389
2020-09-15,127.44775882992981,127.36628351662955,127.60080633472919,127.50893375416818
2020-09-16,127.06103393896913,126.89894044965136,127.36607803453325,127.32532088956219
2020-09-17,127.42718929574633,126.9801832900848,127.44758254041238,127.41699512060268
2020-09-18,127.25400568009024,127.04071378773793,127.35582517575362,127.3354482437255
2020-09-21,127.75354333285763,127.40663649847403,127.85593456739545,127.62067964779145
2020-09-22,127.54924064279068,127.47788157273796,127.70242227686929,127.6002603390478
2020-09-23,127.52880990929228,127.32510603594466,127.69224290557172,127.53901221408503
2020-09-24,127.69213252649192,127.55940703493964,127.76371456602787,127.6308403028792
2020-09-25,127.9068541345314,127.70228499557174,127.98886542194636,127.75336590956996
2020-09-28,127.73292537102444,127.69206391057304,127.89663306134295,127.73292537102444
2020-09-29,127.87606640641978,127.70229397405295,127.92726598457737,127.80445580923218
2020-09-30,127.09074923510804,126.98944134412747,127.63039109614478,127.44660333296633
2020-10-01,127.62006948642193,127.41604059835412,127.93760878765629,127.51797343083278
2020-10-02,127.03934823108439,126.74581456056399,127.2833028124211,127.2629374839711
2020-10-05,125.82505260787912,125.71502195530843,126.56016496005,126.50954089406599
2020-10-06,127.37263672647592,126.88379955026492,127.54667103159971,126.95485447801309
2020-10-07,126.00350273048973,125.99345860910825,126.57867688406047,126.44703506010104
2020-10-08,126.50773449288451,126.32581077147587,126.57862419360899,126.49761387412508
2020-10-09,126.4773774937261,126.30562931756239,126.70033440917977,126.49761387412508
2020-10-12,126.64941101077405,126.64941101077405,126.64941101077405,126.64941101077405
2020-10-13,127.31978242201079,126.97355570823422,127.41174695185012,127.0040293616042
2020-10-14,127.05484316866254,126.84169796123786,127.10569765279985,127.02435000630206
2020-10-15,126.75030626278067,126.41696548284189,126.91255963506681,126.90240663029601
2020-10-16,126.66914879024992,126.51748553738803,126.88208924210672,126.80088470499177
2020-10-19,126.4360775564759,126.3855758479136,126.65876538821414,126.56757107713462
2020-10-20,126.25410980818909,126.20369689100006,126.57770864790571,126.42581539752823
2020-10-21,125.85032653970526,125.83022907459193,126.22329106369156,126.07182311441514
2020-10-22,125.19765011601281,125.0979466437535,125.7589397170453,125.66839328044901
2020-10-23,126.04087830419145,125.76884763159248,126.18239504942031,125.86946270969774
2020-10-26,126.50511610855233,126.13102009704205,126.53554549825131,126.25210587633522
2020-10-27,126.80863916343937,126.54494048166302,126.961273538937,126.57531126737862
2020-10-28,126.46399623508401,126.26210607506631,126.64625019282873,126.54493319267446
2020-10-29,125.44603280086427,125.34617128772872,126.06874329194943,125.96788829731587
2020-10-30,125.10420031249812,124.84541208685367,125.56469428820226,125.5345587615731
2020-11-02,125.7856881501495,125.51451172248629,125.97721949129814,125.75549958499346
2020-11-03,124.87328625882323,124.87328625882323,125.36298542062252,125.31284022645428
2020-11-04,128.17585739763308,126.41427150291531,128.35263734049857,126.56596862871882
2020-11-05,126.51538271000231,126.13224718697232,126.86016653591928,126.61659501617031
2020-11-06,125.49734343961582,125.4473922600904,126.24129949301094,126.06961132570045
2020-11-09,124.08757360595385,123.77307951792987,125.53288633572035,125.02071215947062
2020-11-10,124.33241493302815,124.14421258410148,124.79043456039415,124.66065250845134
2020-11-11,124.49111402103983,124.49111402103983,124.49111402103983,124.49111402103983
2020-11-12,126.1234888569685,125.37713634394046,126.24535711256749,125.42728719847804
2020-11-13,125.1466219669942,124.9369459608264,125.30684809738324,125.27677445383986
2020-11-16,125.03645452842284,124.76719433762149,125.34704187540851,125.14648660840786
2020-11-17,126.07074419594687,125.60691517627052,126.18216780081232,125.63706083591282
2020-11-18,125.47634825409521,125.21606541903803,125.78810322691535,125.55665311697783
2020-11-19,126.01936790974992,125.72726003113247,126.09008018032051,125.83790001995987
2020-11-20,125.97879338210635,125.9586464456947,126.28177268316962,126.01910659598863
2020-11-23,125.39539903560298,125.33536772672133,125.69642023837709,125.66625309751987
2020-11-24,125.2745817260819,125.09463260222351,125.43497168428125,125.40486729107703
2020-11-25,125.48515852263593,125.16460890399425,125.61585128507738,125.43496445922688
2020-11-26,125.62556461315565,125.62556461315565,125.66576479383187,125.66576479383187
2020-11-27,126.0080411699426,125.80647667954838,126.0989560625616,125.83667023395148
2020-11-30,125.86687828473983,125.72603132638426,126.0181363502959,125.83667023395148
2020-12-01,124.14644632125578,124.01830786931639,125.05088364534785,124.9608470091232
2020-12-02,124.72120974757952,124.60173545070312,125.15121391845396,124.87087519927663
2020-12-03,125.39137904780264,125.04056383863613,125.49197381639294,125.14059628970703
2020-12-04,123.89546578455595,123.8067719258174,124.64953444793596,124.51989893211011
2020-12-07,125.42975205583117,124.92819354633087,125.42975205583117,124.9681705682657
2020-12-08,125.10821334325614,124.7586932708572,125.23853439882203,125.03815274378391
2020-12-09,124.79821385629285,124.72840504240486,125.07823228629333,124.86810085605235
2020-12-10,125.38838460961922,125.17774897432587,125.53927315908928,125.18776319424383
2020-12-11,125.42839320518902,125.05780703984588,125.47864093902653,125.28791340479921
2020-12-14,125.39828155146799,125.16773315213275,125.68009806029221,125.26786733865445
2020-12-15,125.00758087251484,124.87784284350774,125.27790000462743,125.13758875662224
2020-12-16,124.95752027811722,124.85770597962843,125.39860578892646,125.04748969271746
2020-12-17,124.7477354225791,124.45933584291913,124.99743064960589,124.8974327050862
2020-12-18,124.65789791325928,124.49871783611546,124.85744633316206,124.79751475892213
2020-12-21,124.86740136718714,124.31049037032807,124.96737526740107,124.86740136718714
2020-12-22,125.17741974315888,124.97723196170492,125.2275669347874,125.03722103304654
2020-12-23,124.52816872421877,124.37923533792764,125.07732277167162,124.79714956866307
2020-12-24,125.23731586774294,124.93686648941168,125.27748500121025,124.98684123600745
2020-12-28,125.18709252373638,125.0168380779041,125.4181762418781,125.0168380779041
2020-12-29,124.80687697748536,124.72707718402147,124.95677714200309,124.84681517811813
2020-12-30,125.0766988342783,124.95665401415421,125.28733321082359,124.98664361111761
2020-12-31,125.19680611538804,125.03661827869503,125.29713210794786,125.0866329260065
2021-01-04,125.18679839119388,124.9466702612875,125.41778887358437,125.06661906473833
2021-01-05,124.36809011440468,124.30857910549754,124.77627869066872,124.6964218723067
2021-01-06,122.98282420895701,122.93399825048117,124.0072706420953,123.85846191732479
2021-01-07,123.00930473262373,122.930904920812,123.5114639050694,123.44229748528257
2021-01-08,122.67447458226404,122.63535644623656,123.1261334449809,123.0670329009273
2021-01-11,122.45842190628285,122.36082214386454,122.86021410363863,122.82089883512546
2021-01-12,123.13574853173078,122.96828391372763,123.54151655052205,122.96828391372763
2021-01-13,123.57942889189606,123.12541932963849,123.7480635275649,123.33227003411227
2021-01-14,122.5358802164494,122.43827317469659,123.05580669563216,122.9672065148113
2021-01-15,123.78639570661878,123.35077214338666,123.78639570661878,123.38037632870108
2021-01-18,123.24220136121032,123.24220136121032,123.25206073731923,123.25206073731923
2021-01-19,123.42968580483497,123.28162940442934,123.61773520185942,123.3309420561911
2021-01-20,123.70655925568903,123.45918571694385,123.77600159047569,123.47893918665855
2021-01-21,122.92681362018996,122.84834134848859,123.30093014410211,123.16283310234071
2021-01-22,123.65655086511767,123.33025419323626,123.70614043476202,123.38945271524902
2021-01-25,124.54030714276121,123.88289210065753,124.6104424726083,123.91262399476169
2021-01-26,124.01183346153091,123.8630787632564,124.11120191783023,123.91262399476169
2021-01-27,124.37954400821106,123.9918520152187,124.4793430485771,124.11088419315331
2021-01-28,123.43728373620266,123.17184835384543,123.92193332779514,123.72365823447066
2021-01-29,123.30871024709961,123.24965906492365,123.87253155979693,123.53559827395428
2021-02-01,123.37757384379891,123.2691663581945,123.55537979489486,123.45653549105894
2021-02-02,123.18025807787564,123.09171704100153,123.52579859504529,123.2985111256304
2021-02-03,122.5605502019673,122.53121546041585,122.88416183236136,122.86450036646819
2021-02-04,122.96284704089905,122.84484990659351,123.15014013804327,122.89398784655614
2021-02-05,122.26632722711797,122.17857627456262,122.7561370469526,122.56954771864123
2021-02-08,122.46172102119199,122.24663576951818,122.73656297282662,122.50090877191879
2021-02-09,122.69697296649612,122.46177110138461,122.77557448665402,122.65770993514684
2021-02-10,123.40586290104342,122.99128553407463,123.5248274218349,123.01096413976008
2021-02-11,122.43118726771614,122.2846566837366,122.61729756118656,122.60748817738167
2021-02-12,121.70847734512542,121.58250519500706,122.19542812269253,122.16610121994309
2021-02-15,121.77516969603927,121.77516969603927,121.77516969603927,121.77516969603927
2021-02-16,120.59241587843583,120.33375721711413,121.23910163670823,121.1809068679226
2021-02-17,121.92046752976812,121.3358572802847,121.95964191085247,121.46204657185619
2021-02-18,121.09348011256284,120.93896255280522,121.52044646603291,121.31629211596997
2021-02-19,120.43648795733488,120.34058376243335,121.12182823504352,120.89896407109104
2021-02-22,120.56060938194277,120.20497336606685,120.8601988721905,120.6184784744461
2021-02-23,121.12129720786533,120.85969613398224,121.31580707972637,120.86936490967297
2021-02-24,120.30982917938634,120.18512595985742,121.19979494962865,120.58894798308253
2021-02-25,117.64356936267525,117.59709197275637,119.87023163717822,119.06470368057637
2021-02-26,121.42137296493098,119.98672797061437,121.7065150668002,120.23630036479325
2021-03-01,119.75654495674603,119.64197280180059,120.38097744689432,120.05354118823877
2021-03-02,120.57325348775495,120.24550399794174,120.85421968712376,120.32246112050042
2021-03-03,118.71586650372694,118.67813700539426,119.6286266498392,119.49464258799138
2021-03-04,118.12583910913764,117.7885241089053,118.91094838572782,118.79679387527753
2021-03-05,118.50243686063972,118.209534967586,119.06392447506133,118.60671900507708
2021-03-08,118.30323147843687,118.09548314729658,118.45478085422991,118.36001702954653
2021-03-09,119.65408908646576,119.02256810448202,119.70220477292484,119.07017713172381
2021-03-10,119.17499242849469,118.99406355465199,119.56729870626012,119.13685643091758
2021-03-11,118.87028842867484,118.43493546149976,119.11777621688316,119.00342315171495
2021-03-12,117.35795306045634,117.27407935462422,118.30749670053534,118.14659850502261
2021-03-15,118.60137290183425,118.20325448256658,118.62039782530263,118.31672960686986
2021-03-16,118.00484750150787,117.84482178297519,118.25043511337365,118.18421486971016
2021-03-17,117.71242159677718,117.66544936150314,118.35498759730547,117.94784643997073
2021-03-18,116.95131593442022,116.66305237443238,117.83418002836781,117.38169677705888
2021-03-19,116.9691732420596,116.60594386420783,117.34407443834826,117.1563239192469
2021-03-22,117.59725499101215,117.18436963994253,117.61609164886751,117.48436162622077
2021-03-23,118.74042433492555,118.10433187226944,118.93163274770322,118.17047029811792
2021-03-24,118.25555984389621,118.01007924062745,118.5971469540928,118.2460993991087
2021-03-25,117.86834650589218,117.67099079893762,118.15143436076181,118.06636532802206
2021-03-26,117.22894848755394,117.16358786314831,117.74504487487609,117.67910764974616
2021-03-29,116.85361849285674,116.50998601119758,117.37758379316902,117.27429151943103
2021-03-30,117.36813347471585,117.3024283456113,117.9628087528972,117.33996512268192
2021-03-31,116.76858028413449,116.68474834232232,117.10511610114105,117.02080041754822
2021-04-01,118.291129145143,117.67606447876156,118.44351707318827,117.68547856391987
2021-04-02,117.6572408261216,117.62901663593462,118.21508213187066,117.68547856391987
2021-04-05,117.34659860644898,117.29968623793275,117.72325275058778,117.365374062226
2021-04-06,118.22267451492004,117.7783349945521,118.37470495956228,117.82544632854992
2021-04-07,117.47712885378512,117.14952949836461,117.62749957871796,117.62749957871796
2021-04-08,118.53399712704879,118.0412504765886,118.58159349595621,118.12624017693174
2021-04-09,117.51340550445184,117.40096145166073,118.02208076675569,117.78603660522218
2021-04-12,117.76718329804247,117.48510621229866,117.87095124231341,117.72007642472326
2021-04-13,118.71337504450757,118.14373312970666,118.97150995037869,118.18153912430817
2021-04-14,117.87001338015112,117.83236425026845,118.20047240516756,118.04917580048895
2021-04-15,119.25501874480342,118.18090610984704,119.30299710767146,118.61581184433128
2021-04-16,118.22752854807439,118.1049445736666,118.54933912934368,118.46398360517054
2021-04-19,117.97243180597899,117.72818246476577,118.34071203013916,118.27444123140228
2021-04-20,118.99539547695781,118.60537139713087,119.33037809110513,118.6907672645368
2021-04-21,118.8047559966036,118.70975019412731,119.0143049929898,118.75723409420496
2021-04-22,119.03301562757554,118.81418744761916,119.34839816597056,118.91874393257307
2021-04-23,118.64311704845824,118.49159327189571,118.97593015230501,118.75701444082476
2021-04-26,118.62405976652076,118.55769400418333,118.96654642556275,118.67150939042736
2021-04-27,117.61287067662985,117.61287067662985,118.1776383629522,118.13036730760702
2021-04-28,118.34788379532418,118.23429708769049,118.73762381424854,118.26267331899155
2021-04-29,117.73395627397609,117.73395627397609,118.4431400118725,117.97884290302596
2021-04-30,118.300233869992,118.06374691598994,118.43308084794819,118.12041751450961
2021-05-03,118.67937682100272,118.17702022236739,118.90826665093716,118.37555761634096
2021-05-04,118.58413220128087,118.13000436135253,118.76485719621343,118.45131797321542
2021-05-05,118.84049210871521,118.61237311242559,119.1651668159628,118.64084008197257
2021-05-06,118.74532761126817,118.52706320344758,118.84999934808394,118.65033134917915
2021-05-07,118.44172371794109,117.5306335354954,118.61234804982767,118.56490311060774
2021-05-10,118.15762632248214,117.9033213475354,118.37512335372801,118.32777330438653
2021-05-11,117.96863150042753,117.81806528281372,118.24251592229228,118.15738131082823
2021-05-12,116.88778194144253,116.70200987859853,117.56148673649407,117.48624738498272
2021-05-13,118.21246084317039,117.73046248188149,118.25992810178073,117.80580997786988
2021-05-14,118.29698237354413,117.93764701541507,118.34442641877294,118.03199713302739
2021-05-17,117.71138613178724,117.42993705360492,117.87147361692647,117.87147361692647
2021-05-18,118.05073864524006,117.87147361692647,118.1453078502751,117.98463023159873
2021-05-19,117.32570856922344,117.12013628597057,117.79561288101942,117.64483449653173
2021-05-20,118.52327444901489,118.06825427997123,118.5899247479499,118.09659066099843
2021-05-21,118.2573563593678,118.04938978543447,118.30472372152408,118.14382929726281
2021-05-24,118.49401127947854,118.26663011127614,118.56049557564369,118.33285942413845
2021-05-25,119.19764341125669,118.68295664136961,119.21679162706573,118.73992446055748
2021-05-26,118.37944534179888,118.26606411870831,118.54992538149425,118.54044138746373
2021-05-27,118.06722605258365,117.97303600387794,118.48345535683119,118.30336050468881
2021-05-28,118.86327533460833,118.50204657079553,118.9396042961332,118.53996722569819
2021-05-31,118.24603513611281,118.24603513611281,118.26495450173458,118.26495450173458
2021-06-01,118.32173076409735,118.29333582030947,118.61594538298618,118.3027992871751
2021-06-02,118.69157892574309,118.44473993581595,118.77726306870706,118.46369109420567
2021-06-03,117.75511969042026,117.73634046712222,118.16978357728529,118.12251566385437
2021-06-04,119.4435414645846,118.74610277262214,119.51084985214312,118.76510214906575
2021-06-07,118.63210651396042,118.60364619252564,118.77461324878139,118.65108765100265
2021-06-08,119.25062394567809,118.70792649538637,119.28889436414589,118.94534234837715
2021-06-09,119.80477401274402,119.19235344271081,119.80477401274402,119.38306120821916
2021-06-10,120.42859822185373,119.88916441122953,120.8558565932262,119.90834667753532
2021-06-11,119.63042611698154,119.49671815229706,119.91795317863108,119.74527132605385
2021-06-14,119.00014718058661,118.93373025902191,119.3811000327053,119.33334759269223
2021-06-15,119.45750393672623,119.32380779354018,119.63942863813676,119.40972093515154
2021-06-16,117.73029935346527,117.59947752705456,118.65426582552736,118.53086538906882
2021-06-17,119.92377478594618,118.82390764340022,119.99138100512162,119.19463823524762
2021-06-18,120.54705185005166,119.7951390116427,120.62470515666254,119.84305706724736
2021-06-21,118.78368147319905,117.97569313129485,119.32533506071685,119.32533506071685
2021-06-22,119.87063643957202,119.56389030873908,120.01496615113037,119.61171586486256
2021-06-23,119.27725792324156,119.18204178376425,119.57339719887992,119.43947499401717
2021-06-24,119.17222988455316,119.09609365718721,119.36299702059375,119.30570278202386
2021-06-25,118.78201454156007,118.63053102229777,119.25790402289645,119.06709137645981
2021-06-28,119.9084197883057,119.36211813952195,119.96621626313937,119.46715680348473
2021-06-29,119.61060920118341,119.49581974897497,119.86969355324374,119.53405841129465
2021-06-30,119.68717224802357,119.31464234238328,119.76387635584895,119.60099748400499
2021-07-01,119.79252762650479,119.63925450039332,119.93657828502631,119.68711020219347
2021-07-02,120.31133086841687,119.90724643047419,120.34029828355374,119.95520932904637
2021-07-05,119.91682059096203,119.90722724531476,119.91682059096203,119.90722724531476
2021-07-06,121.55905483404823,120.67438800824061,121.65706261832143,120.71300381240326
2021-07-07,121.3230566954597,120.7322762645167,121.4302067254597,120.99305798124804
2021-07-08,121.52653707287612,120.84837559367482,121.53628024108528,121.27376187576455
2021-07-09,120.095315125558,120.095315125558,120.64303739809415,120.62373451211046
2021-07-12,120.48871154231998,120.15247291180003,120.63339059076178,120.55618522078369
2021-07-13,119.57652214776586,119.35781359831068,120.11239644676351,120.07396047990055
2021-07-14,121.37764269518016,120.71745394911777,121.45578700079432,120.73676874174961
2021-07-15,121.63829579859286,121.11319643228667,121.66760152356844,121.20039793371792
2021-07-16,121.22949068406209,121.132569121315,121.56018730499102,121.21009396555264
2021-07-19,122.88747236784367,121.94558036406619,123.08553421387128,122.18947152479431
2021-07-20,121.83793144848228,121.05431445250585,121.9939214383339,121.9646428971887
2021-07-21,120.65423885491884,120.33818949135222,121.38846274417931,121.28164089696443
2021-07-22,121.53412889947232,121.00125445037547,121.81699324442295,121.42717886604079
2021-07-23,121.26220947095389,121.26220947095389,121.68035502085371,121.38832216880367
2021-07-26,121.13607661442477,120.53877768408485,121.26206821343169,121.25236724797462
2021-07-27,122.29453957471036,121.6982192778233,122.29453957471036,121.79557785324555
2021-07-28,121.85406312472372,121.68850053895643,122.19634981889429,121.80532149947383
2021-07-29,121.27053322754351,121.19313679628542,121.70773672019207,121.532477579315
2021-07-30,122.28334019454466,121.90187720721566,122.29315269175174,121.92138150756881
2021-08-02,122.95029527209982,122.10628781732646,123.02940114005678,122.37980590203728
2021-08-03,122.49735634395068,122.23318472883194,122.68394042047265,122.42875782439808
2021-08-04,122.3406302693777,121.85333388497008,122.71359007284633,122.36999202064236
2021-08-05,121.58901081907464,121.38565232694333,121.96848996615722,121.92946004936805
2021-08-06,120.39782905176907,120.37868790247626,121.1491115050521,121.1491115050521
2021-08-09,120.68493866403657,120.40622056088638,121.0133593391268,120.95527292664401
2021-08-10,120.36651840633398,120.22261964359427,120.70362556358944,120.67465669345418
2021-08-11,121.07116742629853,120.53985694928214,121.27526909732303,120.85808217162824
2021-08-12,120.45251813749526,120.34674838420139,120.78062145560733,120.60669736071125
2021-08-13,122.08200864341109,121.33016391290299,122.15082046888044,121.35928315224209
2021-08-16,121.67038601700793,121.06906565566439,121.67038601700793,121.5049142920248
2021-08-17,121.47576244118697,121.03051263462964,121.57298972023388,121.51463468516816
2021-08-18,121.58268288059185,121.5340692528907,121.97299646929359,121.58268288059185
2021-08-19,121.9431443602859,121.52443037741499,121.98224123247579,121.74803532930945
2021-08-20,121.51450329223275,121.3593123557165,121.74803532930943,121.6311572153933
2021-08-23,121.71878071774971,121.64088692959339,121.94328207753385,121.65061820054777
2021-08-24,120.83573367671633,120.83573367671633,121.24180671355602,121.22240802448184
2021-08-25,120.1988637158475,120.08407887066288,120.74710211160676,120.71812280709997
2021-08-26,120.57337685649198,120.45782977756863,120.87290203339326,120.66983555797715
2021-08-27,121.45409750776419,120.9977951430268,121.5711522961421,121.09459337914122
2021-08-30,121.64798004013784,121.36580187495117,121.7358195635943,121.38522040325115
2021-08-31,120.86196647958424,120.765562262882,121.2102997429951,121.12302832718014
2021-09-01,121.37532753696276,121.04560868619122,121.54086147744638,121.20054706530954
2021-09-02,121.5210036035,121.31688097706636,121.53074086340415,121.33629167802269
2021-09-03,120.61024876467883,120.37016147913722,121.03513675071933,120.93830864131876
2021-09-06,120.8222264381756,120.8222264381756,120.8415579944057,120.8415579944057
2021-09-07,120.05142899707366,120.05142899707366,120.5223319766491,120.44519768418405
2021-09-08,121.15040296417646,120.75331554539548,121.23791830462734,120.84025793258817
2021-09-09,121.6161806097378,121.12038323075325,121.69432127674268,121.21727953733784
2021-09-10,120.39556578339626,120.3571712794392,120.88725171028233,120.77119994864046
2021-09-13,121.10014497774034,120.83877775836393,121.16809151628188,120.93544878057061
2021-09-14,121.75087482789507,121.138279578781,121.98587732072677,121.34179188847334
2021-09-15,120.98310799457913,120.72270111353214,121.31263019852176,121.14764502145177
2021-09-16,120.52895293069429,120.43285266524163,120.98268627372532,120.83750705019685
2021-09-17,120.34543480015215,120.2206449259875,120.78908682778534,120.57649803496844
2021-09-20,121.55466882224007,120.92334213638743,121.65238157852805,121.06845014695111
2021-09-21,120.74926353235901,120.68177352559388,121.08784903337107,120.91348253076302
2021-09-22,121.26204798328601,121.06815279943044,121.54430172688625,121.14563641722206
2021-09-23,118.67973838465227,118.67973838465227,119.89521338171066,119.87603014756958
2021-09-24,119.46447970474759,119.24550592141883,119.82802981516484,119.70340866415708
2021-09-27,119.091799359151,118.87352607958607,119.57866763709222,119.33951030181804
2021-09-28,118.22800554896716,118.14336215942453,119.01436058226827,118.81441645649005
2021-09-29,119.27161478821293,118.73855729195277,119.36730767555906,119.02352982945345
2021-09-30,119.50031051295551,119.2519088441566,119.95198036370813,119.32823006581685
2021-10-01,119.93138142125221,119.55728529428838,120.0180440011632,119.585979042759
2021-10-04,119.23259822456701,119.16597720065481,119.69144250539593,119.43290898958428
2021-10-05,118.58539432684523,118.45317104549959,119.09817550026368,118.98384125178343
2021-10-06,119.06003967717682,118.79377121783489,119.4137306822395,118.98384125178343
2021-10-07,118.1017769045203,117.92317663699518,118.56488406427715,118.52694330137659
2021-10-08,117.9308550577439,117.67722011377708,118.23287885621109,118.18558570466861
2021-10-11,117.97767886910948,117.97767886910948,118.03430815496665,118.03430815496665
2021-10-12,119.10622624718806,118.49674367904062,119.1253736189825,118.56310185550089
2021-10-13,119.13357387725952,118.69572277480236,119.42087349271915,118.8476532999541
2021-10-14,119.39094596481074,119.00916981655008,119.57314901487752,119.09485641881801
2021-10-15,118.02295528179481,118.01355555614317,118.58969216189945,118.5422562850347
2021-10-18,118.3621008803462,118.23915183428589,118.72296094400579,118.38103881648705
2021-10-19,117.43776360679391,117.20428892765516,117.95469653983702,117.90751466122109
2021-10-20,117.70946172506004,117.35276638649924,117.85086013347485,117.72829523893604
2021-10-21,117.09883264369155,116.84706735611555,117.47381889825466,117.38923774864791
2021-10-22,118.44560884199907,117.89619702875245,118.5122636584549,117.93392381180163
2021-10-25,118.12284479508043,117.85852451582988,118.3598488977993,117.98109738132634
2021-10-26,118.4445472588063,118.18872750230778,118.6157098993537,118.19818260050798
2021-10-27,119.40554761219175,118.48117904727694,119.56903781108088,118.7655338769904
2021-10-28,118.14977574490104,118.0462016667058,118.55640615606086,118.49949908110595
2021-10-29,118.72714560139305,118.42381077829965,119.2138104804857,118.66065839985626
2021-11-01,118.7937073520906,118.59424562230778,119.0798193640176,118.66065839985626
2021-11-02,118.993467362433,118.61326617268163,119.04116395829736,118.7935583372641
2021-11-03,117.79958880778665,117.4719516806194,118.31815591075032,118.26136319591316
2021-11-04,119.55456456237167,118.7525053479927,119.70856770487211,118.95200955697732
2021-11-05,120.53356326986219,119.4841057735434,120.60158995234941,119.66572161431918
2021-11-08,119.0257979693228,118.98781000220582,119.40701599468696,119.30193782061164
2021-11-09,120.30817956462035,119.58771378153615,120.30817956462035,119.8173221919967
2021-11-10,117.55536275028213,117.47150112498471,118.77067303997492,118.56163665542456
2021-11-11,118.55214640995469,118.48575720796511,118.55214640995469,118.48575720796511
2021-11-12,118.62801978365704,118.28716187702348,118.74207604817141,118.56158809257819
2021-11-15,117.7014187139268,117.38323089200793,118.2387389819625,118.1063115943027
2021-11-16,117.69130778419655,117.46616898403549,117.95506291609647,117.89844448589673
2021-11-17,118.97877747129921,118.40772502363278,119.02661390482739,118.41719764163467
2021-11-18,118.5120224315463,118.27524463559101,118.6450325577321,118.39825089001201
2021-11-19,119.13936826176557,118.45493241122324,119.34048777410457,118.76765343278886
2021-11-22,117.29392181208293,117.16345026390486,117.98841294779218,117.96953480172053
2021-11-23,117.06728214549324,116.98340303242027,117.62956496079339,117.55428203921848
2021-11-24,118.07243282557502,117.71395148590005,118.33797725281326,117.864625343802
2021-11-25,118.35513839045086,118.3077963350947,118.37408582315567,118.3077963350947
2021-11-26,120.50505030449649,119.300866813565,120.53424949284262,119.38676343767077
2021-11-29,119.47292179473426,119.14808538201768,119.79953426888568,119.19574461617049
2021-11-30,120.16310260783244,119.21474903973812,120.28875578784387,119.63438495635799
2021-12-01,120.83775649571139,120.11284594242565,121.12040651493832,120.13206399777643
2021-12-02,119.5277104058368,119.41328419723132,119.95876882611752,119.74764139298355
2021-12-03,121.31857624586534,120.38841225580042,121.72022850895324,120.59066478839016
2021-12-06,119.32280594712631,119.24682230885703,119.94378131834834,119.84782629329366
2021-12-07,118.8739970666613,118.85506054781358,119.42579313147654,119.37802281422395
2021-12-08,118.40824276269076,117.98538974115905,119.02440926493838,118.93871169026762
2021-12-09,119.46304874885729,118.99568831862224,119.59725535152812,119.23367969525948
2021-12-10,119.55848901419537,119.08143814429594,119.74077205794997,119.3767601108938
2021-12-13,120.79928511060494,120.00696857092574,120.93560543879683,120.02616968589707
2021-12-14,119.62336512123005,119.55649373041001,120.06467354977899,119.76691315937553
2021-12-15,119.46067734466517,119.27958967356666,119.85332507363192,119.60403015747877
2021-12-16,120.29505007172517,119.81433136140018,120.48841938545564,119.92935311950713
2021-12-17,120.25600520683093,119.75713705599287,120.35241826319815,120.09245703974965
2021-12-20,119.38451138365615,119.17564782497303,119.90029373542168,119.89070171192286
2021-12-21,119.07843408514833,119.01203170813915,119.81378089921171,119.51664272258166
2021-12-22,119.6217921323192,119.60266029831163,119.96721480952812,119.65050136243096
2021-12-23,118.92511542564533,118.87770089912208,119.34399991801872,119.26761975807119
2021-12-27,119.50632686670554,119.41072945300526,119.62124600464932,119.4202823113615
2021-12-28,119.3056846793954,119.07714796997679,119.42028231136152,119.35340695326715
2021-12-29,117.92067267789203,117.85508832156395,118.70391658252272,118.66593132921632
2021-12-30,119.55192455445852,119.07394628580964,119.57112351456043,119.13110178002684
2021-12-31,119.08344933931483,118.88372468184933,119.21697234834497,119.08344933931483
2022-01-03,116.90129189068864,116.88274790403086,117.93979076222656,117.89261484592168
2022-01-04,117.47869248291335,117.45057632196809,118.12910007188236,117.77943793566959
2022-01-05,116.88745399084428,116.73855277556933,117.4116129773503,117.29889782889205
2022-01-06,116.77457325366711,116.64422370610282,117.27068967710956,117.03614829775533
2022-01-07,116.31750528189193,116.18779004579616,117.02675836287908,116.68972129879398
2022-01-10,116.89529255668742,116.73637852442324,117.28034172474592,116.783073075833
2022-01-11,117.08258885193516,116.78307307583299,117.23292361011114,116.8671568884476
2022-01-12,116.72701720075658,116.42917296581327,116.82040628564397,116.81106065314113
2022-01-13,117.73031576789322,117.2220054575497,117.84387286050755,117.28764978060595
2022-01-14,115.74844177823577,115.61969956921891,116.44304356519112,116.42441267822068
2022-01-17,116.31260946502137,116.27538942999256,116.31260946502137,116.27538942999256
2022-01-18,115.03566137591721,115.03566137591721,115.71699953357833,115.66145537380221
2022-01-19,116.03213546473658,115.55993318986415,116.3023677108398,115.85576661883019
2022-01-20,116.73994864235112,116.18924447909065,116.80563304396648,116.25431045599895
2022-01-21,116.83190218997377,116.29140204424364,116.92560008249922,116.63562459429461
2022-01-24,116.54234594378734,115.93965261207073,116.66363731335497,116.57963949448936
2022-01-25,116.51439143528559,116.13368613971285,116.77582287692259,116.57963949448936
2022-01-26,114.80248262406919,114.68411077491685,115.7397957776476,115.67498149201212
2022-01-27,116.77116265295474,116.12766690796204,116.87440859694499,116.3227613883674
2022-01-28,116.83581286201294,116.49017241459194,117.26839877570038,116.55540691114412
2022-01-31,116.5460787473257,116.36912689370581,116.79846438465148,116.49946031582677
2022-02-01,116.32249439433646,115.87780820996817,116.6302011931351,116.39694079074883
2022-02-02,116.8728683126223,116.35977701654997,116.99480629721815,116.62042291706705
2022-02-03,115.30372576717252,115.28539303392388,116.11617895537903,116.0139967178983
2022-02-04,114.52025427088675,114.29315770891543,115.45623711829303,115.27150713890376
2022-02-07,115.14251656261531,115.03218276091033,115.42852762138463,115.24384197719041
2022-02-08,114.41699680994336,114.41699680994336,114.86569091508038,114.81974463871435
2022-02-09,115.08631837936944,114.67319742156221,115.12318434185183,115.00345623013631
2022-02-10,113.16033514488659,113.01686720809431,114.22061857661171,114.10182913329203
2022-02-11,116.31292634701751,115.1967687171381,116.595353525521,115.24284742462496
2022-02-14,114.44197453334431,113.85989662107109,114.9838747337831,114.61592633463499
2022-02-15,113.55728731442498,113.41280090511836,114.21205825113026,114.09327771054907
2022-02-16,114.12066009719962,113.82017483563355,114.34935881482927,114.12066009719962
2022-02-17,115.29451452442893,114.64042658745456,115.39652044896594,114.77799509935949
2022-02-18,115.40373899952434,115.05322008960651,115.78433369860578,115.15446692328537
2022-02-21,115.6056919436165,115.6056919436165,115.65193422039395,115.65193422039395
2022-02-22,114.3637433706163,114.10048344382253,115.14241352333197,114.99503123402211
2022-02-23,114.05117210444172,114.05117210444172,114.5165753511473,114.49825269909113
2022-02-24,114.7547287851371,113.62754355309046,114.855801890801,114.7547287851371
2022-02-25,114.7730924799339,114.4251842544842,115.1785859815492,114.7547287851371
2022-02-28,116.76732177589818,116.05771706975965,117.09703990919034,116.11342477395314
2022-03-01,118.271318091504,116.78042386312856,118.52031034011769,117.09806661603628
2022-03-02,114.3274468551599,113.9577177716245,115.87712110271539,115.58047567269244
2022-03-03,116.0432418308951,115.83916898355059,116.46291119378107,115.93184031873743
2022-03-04,117.99151930364594,116.52356515966565,117.99151930364594,116.88711868296382
2022-03-07,115.6434412251651,115.50586872787129,116.78401882685664,116.51307990317834
2022-03-08,115.30780415022113,115.1703365725504,116.27934318374488,115.92585398046631
2022-03-09,114.11134633433953,113.85804700840315,114.95160916952115,114.89643239711978
2022-03-10,114.12691395338207,113.76408796720062,114.76745949353096,114.51038038426545
2022-03-11,114.40966764865921,114.13589481389333,114.70314334924095,114.47373706254247
2022-03-14,112.17663558119546,112.09661737399638,113.19111815988093,113.14584171261698
2022-03-15,112.95596935557965,112.44379926145287,113.26370196440095,113.08248004125791
2022-03-16,112.3071397491788,112.18192672405429,113.18242438325164,112.693476309916
2022-03-17,113.08170091184888,112.37049524573663,113.34504061524916,112.91886326253582
2022-03-18,113.09056861683659,112.86474879132373,113.3809399717061,113.04533238938986
2022-03-21,110.43549391234195,110.42676314359248,111.94903638721657,111.74305016026409
2022-03-22,110.21621471161734,110.21621471161734,111.08989597164216,110.99213686318711
2022-03-23,112.71995444784554,111.76439501314692,112.94770833624739,111.80015961955112
2022-03-24,110.51878243193451,110.50119230262814,111.32510081574803,111.08463859798601
2022-03-25,109.02425452760487,108.73982094396892,110.16820145136266,110.03599960962103
2022-03-28,110.2914261675878,109.77300725873761,111.03801975273385,110.22966296893395
2022-03-29,111.22080958522494,110.6699476109252,112.0574621203237,110.82931233548496
2022-03-30,111.55880371544242,110.97090200311257,111.87310445842242,111.18396613495854
2022-03-31,111.29959745973888,110.97997513136056,111.47796219925769,111.29959745973888
2022-04-01,110.58050458311457,110.58050458311457,111.50549231549164,110.9078228766806
2022-04-04,111.00553902018429,110.65986543173113,111.23719035773343,110.87233237336005
2022-04-05,108.05257950832397,107.97582550551616,109.55823729918234,109.44429673239118
2022-04-06,108.78057453707825,108.78057453707825,109.5938708978748,109.05905280789317
2022-04-07,107.86184102780491,107.52824770503851,108.54396442207296,108.47449628484284
2022-04-08,107.64519377283001,107.44838618485109,108.3614476675827,108.13605585643413
2022-04-11,107.09355225045623,106.99125800330145,107.69418911108694,107.53049394363809
2022-04-12,108.59506660582962,107.47909722861684,108.88427951826546,107.93480860086618
2022-04-13,108.35007557849053,107.65115417036296,108.89998734530315,108.14204343337983
2022-04-14,105.96704311410844,105.54083497540029,107.12061054094897,107.06062299904605
2022-04-18,106.72686086499625,106.41213273460613,107.04345621912154,106.81224235368825
2022-04-19,105.33616180650839,105.22751613025603,106.1709584778856,106.10300906445975
2022-04-20,108.09233330100045,106.87451316552772,108.27608939258315,107.00276258132637
2022-04-21,105.7601278901974,105.7601278901974,106.76219109005633,106.36930622684493
2022-04-22,106.59950591168982,106.04700069804979,106.985394236525,106.39483486033939
2022-04-25,107.74734784673682,106.6405308478334,107.7993871357234,107.13534291096735
2022-04-26,108.68928019734724,107.87219827647786,109.11130620037852,107.90671737992635
2022-04-27,106.32918393022776,106.11839734722437,107.17218779097033,107.06072871566772
2022-04-28,107.02646380009222,106.70203769731592,107.49089879247448,107.00933956588419
2022-04-29,105.39365500473367,105.20137658281656,106.14435810960933,106.10190036636548
2022-05-02,105.39145320568196,105.18184411020526,106.05083664596778,105.77086243722242
2022-05-03,105.85556043725222,105.19849106640186,106.01686091429993,105.75393909923245
2022-05-04,106.50173714187869,105.6527794922822,106.5873838947069,106.03312949845443
2022-05-05,104.68357093352301,104.35980731207913,105.89660981776115,105.27817361642542
2022-05-06,103.63085032790791,103.52395506056973,104.41040377947827,104.37699245026883
2022-05-09,106.19634609530256,105.22830008100027,106.7216868715424,105.27880966503915
2022-05-10,106.03955578064361,105.26202815397434,106.36407081001177,105.65781337983329
2022-05-11,106.76248731737375,106.04607503628576,107.49734936466315,106.19878138433802
2022-05-12,107.27408244946393,106.46133519428416,107.27408244946393,106.79349456009032
2022-05-13,105.61218819817306,105.52820904089077,106.30589209373939,106.1698205518594
2022-05-16,106.9887425165853,106.24606154643108,107.10061042076897,106.52655114891365
2022-05-17,104.68478826918779,104.59354162331132,105.61453794896694,105.59763962289512
2022-05-18,107.42915725107537,106.44167798611863,107.66366183881723,106.53534666274642
2022-05-19,107.16740115268816,106.38272937345637,107.66806239045344,106.93591956619835
2022-05-20,107.87289828265459,107.23500516511291,108.1511004703597,107.35510837089784
2022-05-23,106.26060786341279,106.1844899494705,106.83071202155249,106.7281545380118
2022-05-24,108.42238873978363,107.3326295677022,108.59740470223687,107.64174754085718
2022-05-25,107.71066582659763,107.29847480693117,107.88334825678055,107.667581560267
2022-05-26,107.75372251679173,107.43568743916559,108.22127583265406,107.74510221899038
2022-05-27,107.81410876912666,107.44423429353446,107.96104157729367,107.73648261081289
2022-05-30,107.1674974261835,107.14177722680121,107.1674974261835,107.14177722680121
2022-05-31,106.49238133644016,106.39904140060743,107.12458640815268,106.82463756620986
2022-06-01,105.89661608739286,105.63562108829052,106.63602263631766,106.29478736388145
2022-06-02,106.26077847334751,106.07411789155147,106.54200436873771,106.27778019790324
2022-06-03,105.81961317485622,105.7436357900478,106.4228401949618,106.03971797025993
2022-06-06,104.32356545412087,104.30701535251791,105.2756818948998,105.19988340393547
2022-06-07,106.2658412092347,105.52753038147527,106.43703064332126,105.71325883494667
2022-06-08,104.96304114606139,104.93793837793015,105.43384052965605,105.30731992102046
2022-06-09,105.0464082428274,104.82021372790945,105.37486249773563,105.14725279474052
2022-06-10,103.23775867182258,102.70833426837733,104.25467581097803,104.14625094813461
2022-06-13,100.97015960716311,100.83507715549696,103.14855300393657,102.504906033192
2022-06-14,100.73954376262036,99.85197068982193,101.70004417987472,101.54546011272132
2022-06-15,104.36708137152426,102.96573309223908,104.50253507869041,103.06458019600764
2022-06-16,104.76957042681636,103.72329765351988,106.41840301058265,103.86436133832866
2022-06-17,103.53210170512864,103.2595836101881,104.24910611378067,103.56523197767427
2022-06-20,103.18411192399641,103.18411192399641,103.18411192399641,103.18411192399641
2022-06-21,103.13459939428242,102.9945715858244,103.48218831857706,103.16760246608858
2022-06-22,105.19327533286778,103.85066811738767,105.19327533286778,104.14975804156575
2022-06-23,105.27189903839532,104.04216531631617,105.46694122285506,104.74132866724182
2022-06-24,103.84061495627263,103.51093604538679,104.35578804799776,104.33074265886624
2022-06-27,103.23497101413594,103.12829788615058,103.93792483422739,103.79656925645284
2022-06-28,104.21258757010595,103.95426434807867,104.69093492809404,104.00416239496575
2022-06-29,105.5296908891537,104.75299236420952,105.59777456069509,104.75299236420952
2022-06-30,105.85618731554898,104.9450158618087,106.112105247652,105.3396091214491
2022-07-01,107.58015236438814,105.5904575318034,107.6149651311107,106.41828671885274
2022-07-04,106.03524217379207,106.03524217379207,106.06917888116087,106.05220781253988
2022-07-05,107.9869671736663,106.69505099277222,108.4070137234504,107.01940394779024
2022-07-06,105.10970723209091,104.45525681663261,106.03474665888746,106.02626387915475
2022-07-07,104.89581198865451,104.60450409215345,105.61007490774735,105.4664452058728
2022-07-08,104.12505957527348,103.85263216181245,104.96780587041754,104.79145995655523
2022-07-11,106.40610733084549,105.30178081376025,106.45763571211951,105.52080851785286
2022-07-12,105.85896204619081,105.10114255970042,105.85896204619081,105.70652514084429
2022-07-13,106.26599832924009,105.70652514084429,107.17704619586088,106.01095993324992
2022-07-14,105.67218559456411,105.41952236288826,106.41180587990017,105.81589976697272
2022-07-15,106.30798781912831,105.82434544498109,106.4530890469826,106.06985792641346
2022-07-18,104.96443617714057,104.89767552445993,105.80617183212966,105.55223701973256
2022-07-19,104.87054899560574,104.62030110586123,105.30715976804542,105.22291404023099
2022-07-20,105.18924809428947,104.47890519383547,105.30717326031446,105.20607837398455
2022-07-21,107.64877269429304,106.3581231935222,108.19143664315443,106.4517183419325
2022-07-22,108.61928726744696,107.35284293418972,108.84795945116791,107.54178393775389
2022-07-25,106.88059602948121,106.78680372343221,107.41234028833435,107.08580677385781
2022-07-26,107.10293776198353,106.30366210704332,107.18009508527318,107.12007423202543
2022-07-27,107.41181426117386,106.74487257096756,107.57553864713154,107.27432713891956
2022-07-28,109.02017100631093,108.06247903931731,109.6207357850236,108.2526690024265
2022-07-29,108.53891404065406,108.0195890930911,108.97551466028662,108.365251778189
2022-08-01,109.68284200433496,108.85888394884007,109.92182172787571,108.97209718814686
2022-08-02,106.05013243704514,105.6170027726777,107.80148142550362,107.57725434413858
2022-08-03,108.27653671328032,107.87830206957591,109.20549769196165,107.93871391873489
2022-08-04,108.24149944307214,107.71488184329328,108.4849536951732,108.04233508409689
2022-08-05,105.62526150079259,105.60021797083904,107.25313517298333,106.8927646388021
2022-08-08,108.27885799470153,107.45666220623563,108.44480929758926,107.55122406897712
2022-08-09,107.05334147691065,107.01917460817151,107.62026120229588,107.30170522913708
2022-08-10,107.27594663782017,106.30620134270387,107.53409040930765,107.25020041062709
2022-08-11,105.53051947056147,105.0219989169866,106.46860609354798,106.35787874321068
2022-08-12,107.15210411041147,106.69803346854276,107.30719721703638,106.75778436728515
2022-08-15,107.5721403585243,106.88554619635084,107.78851363947715,107.17627488200492
2022-08-16,106.7998876128846,106.74025142803376,107.60722090083082,107.0476633521465
2022-08-17,105.55025524930296,105.44968330528265,106.38735172208041,106.24266492373837
2022-08-18,106.48940451553692,105.94639424631578,106.60893082542367,106.37865553484076
2022-08-19,104.76621817215884,104.76621817215884,105.79893534119039,105.6127292149899
2022-08-22,104.91341876226997,104.5298230812379,105.34201411286878,105.20717633480432
2022-08-23,104.66984816582918,104.31190292397055,105.10600748184996,104.92942938928044
2022-08-24,104.04345523639981,103.77067903692405,104.63522687156637,104.49292296302104
2022-08-25,105.80518314513596,105.05251259123001,105.96726477697966,105.1449588023103
2022-08-26,105.19544857844588,104.96024355088086,105.63506630134864,105.15337039901449
2022-08-29,104.07208026099352,104.07208026099352,104.58060292167285,104.4467397499331
2022-08-30,104.3382453338924,103.94786979411427,104.80721890630576,104.46345122829308
2022-08-31,103.03608281303518,102.89712101947535,103.77806132585107,103.76145683603895
2022-09-01,102.73714184139929,102.6146023115312,103.55330112901753,103.23849909358532
2022-09-02,104.35144831953387,103.59304389520055,104.56174950518388,103.76708020894448
2022-09-05,103.56778364004124,103.51807905662739,103.56778364004124,103.53464194927643
2022-09-06,101.43574518502122,101.31539905057724,102.50724953556723,102.47444721571584
2022-09-07,103.79414389589249,103.02296426959879,103.97826509938463,103.16307550100545
2022-09-08,102.27543909612106,101.70823257284992,102.74200172345031,102.70090492276094
2022-09-09,102.79952935130393,102.21060779550396,102.91483085834753,102.76663350191151
2022-09-12,102.06202292380706,101.6325780829876,102.56902119488116,102.41311628266494
2022-09-13,101.43511421725673,101.00908512988731,102.36376849133055,101.97069162032383
2022-09-14,102.15036126758052,101.86481996541893,102.62708487182252,102.03595286296083
2022-09-15,101.28778137468535,101.28778137468535,101.82339499304359,101.66862343265417
2022-09-16,101.55482740386802,101.2956763291532,101.92151016349042,101.61982249340649
2022-09-19,100.93134131120182,100.93134131120182,101.49764412394502,101.30276864722705
2022-09-20,100.07846866834667,99.9275087680054,100.97768956612886,100.69495203534369
2022-09-21,101.21170906607598,100.69495203534372,101.84050538672209,100.97689790104268
2022-09-22,98.26589464090728,98.01821752776068,99.61889927413142,99.55514317859598
2022-09-23,99.95422576970716,99.51541012336826,100.88437109771465,99.7383246420446
2022-09-26,96.3204759561072,96.16895719575467,97.85451154756501,97.81536974294599
2022-09-27,97.36284589792002,96.50838069435669,97.98811905131437,97.65103992177785
2022-09-28,101.004069933738,98.97464674578536,101.59928134601736,99.3072015588512
2022-09-29,98.72066369347048,98.46916610265838,99.63518571093054,98.94969563323934
2022-09-30,98.21620912806706,97.4318462655752,98.68817553425673,98.57764477765836
2022-10-03,101.42384441600764,99.44779337171961,101.47322311338641,100.04448013194992
2022-10-04,99.94859085386818,99.52726934625225,100.30108668567085,100.10850859923437
2022-10-05,98.12694667130019,98.04931459323744,99.41788355996482,99.14746691668171
2022-10-06,97.94940546733471,97.80944442117992,98.71058895798778,98.56844570988828
2022-10-07,97.55680361452865,97.54904253229995,98.26826932449194,98.09531717048084
2022-10-10,97.53831400996387,97.53831400996387,97.58513989282989,97.56952627044704
2022-10-11,97.74141364856604,97.04203956458042,98.1264389133606,97.6475818914634
2022-10-12,98.36909643118025,97.8425962345922,98.58287344370777,97.98348957317002
2022-10-13,97.26486066367292,96.77113040649692,98.6330163431781,97.60723297320905
2022-10-14,96.58134279465476,95.72009818166579,97.0993503168483,97.03720673264552
2022-10-17,97.04496350376724,96.33649368609173,97.23928661851247,97.12259947457024
2022-10-18,97.09154260368543,96.80520535864028,97.63007286410779,97.16144851436006
2022-10-19,95.19128369695997,95.16113363481823,96.15858190703469,96.14319653392957
2022-10-20,94.72292534376908,94.39306315816353,95.48889935975951,95.4125082402717
2022-10-21,95.57289106849915,95.374401159738,96.4374548193813,95.5193702495008
2022-10-24,94.9938271072302,94.39917478223248,95.64206693575578,95.30540686014191
2022-10-25,97.40807180864837,96.05733826587621,97.45532669471338,96.42619844481719
2022-10-26,97.79295457965553,97.04268496887899,97.97443254926438,97.14360936124662
2022-10-27,98.42675626324763,97.53903789324625,99.02492551369276,97.76532846115859
2022-10-28,96.49090561181195,96.35305052005765,97.42793607561849,97.1161666801765
2022-10-31,96.54279853478532,96.54279853478532,97.28794314479815,96.80539494679994
2022-11-01,96.89840253201702,95.83948745841722,97.06159656948374,96.82088380999141
2022-11-02,96.08014386372433,95.51684718760997,96.59591741062519,96.44909161616104
2022-11-03,95.80255712603594,95.55853246408951,96.61209104670499,96.04014746770851
2022-11-04,95.94025772316253,95.46670498223139,96.28691836211726,95.93258250254468
2022-11-07,95.07692834627447,94.79007457278036,95.57164499232857,95.51047913953349
2022-11-08,96.94267432817853,96.14431377362489,97.091395427269,96.19815458933813
2022-11-09,96.66105372121402,96.09844353769873,97.01897117039503,96.4213343079854
2022-11-10,100.911369435348,98.61132622604906,101.11825677632585,98.64288185044138
2022-11-14,98.48464816123631,98.11478971428642,98.57161381346187,98.23252746194355
2022-11-15,99.62567208992922,98.75036666421897,99.74623563017519,98.90836725088172
2022-11-16,100.29482144419947,99.44561215647002,100.83910728874518,99.59676948694785
2022-11-17,98.37705557036813,98.27545867472031,99.25316702482182,98.96731790379033
2022-11-18,98.170276271681,97.83482475549519,98.52380239461841,98.49227477785213
2022-11-21,98.21702488826216,97.79535853876571,98.43710144851114,98.40560157604762
2022-11-22,99.64101714387823,98.96405395490616,99.64101714387823,99.05114232238648
2022-11-23,100.7260362338249,99.59790462800605,100.48214752623693,99.59790462800605
2022-11-24,99.80503512875217,99.80503512875217,99.82100393437278,99.82100393437278
2022-11-25,99.34301030020978,99.25587425736613,100.10196373635935,99.58143352493029
2022-11-28,99.78080373700071,99.20876632406467,100.00504825940509,99.67703170111423
2022-11-29,98.65311570418449,98.30866743478407,99.21404877177454,99.1108661610519
2022-11-30,101.32348438158496,100.1248691079478,101.73493359940997,100.2129789927628
2022-12-01,101.91959227504474,100.98230694024825,102.08437738785807,101.02269986302434
2022-12-02,101.3465424655665,101.02269986302434,102.36378151896865,101.16817255082711
2022-12-05,99.92007745807176,99.7850610589948,100.6652115454425,100.43166825465708
2022-12-06,101.29516271052275,100.66424178970338,101.4582132742419,100.84946399459645
2022-12-07,102.73137902672761,101.58253382633286,102.87265337096434,101.73693927774889
2022-12-08,100.74825785414804,100.74825785414804,101.32128727877708,101.18349032807794
2022-12-09,99.62521477646668,99.33345183941354,100.47064530775364,100.39830644313206
2022-12-12,99.90156276748971,99.37814424382103,100.26964221380965,100.14931864315308
2022-12-13,101.9514083758589,100.4359144675691,102.13271392789746,101.07870432016155
2022-12-14,101.41887303662364,101.11100299545157,101.92523236407337,101.25660283976504
2022-12-15,101.87456652850045,101.31320691418432,102.08771038701346,101.49151815835329
2022-12-16,100.98908490014362,100.94878276713216,101.74461421361104,101.18298394315191
2022-12-19,99.71912837259121,99.61618636760086,100.44572303044258,100.3573307941758
2022-12-20,98.77978621675068,98.67794330923877,99.68994368930306,99.53841497489533
2022-12-21,99.94557403518724,99.27672220129975,100.08203494263228,99.68971336565716
2022-12-22,99.4269529390544,99.12609100150989,99.63386031670892,99.5860360637569
2022-12-23,98.52433435060998,98.4773247278582,99.08404212296502,99.06818867622535
2022-12-26,99.14745590992372,99.13159231697813,99.14745590992372,99.13159231697813
2022-12-27,97.4799234510177,97.34090914091482,98.39328543097837,98.29095641413015
2022-12-28,97.69520613998756,97.36906365068786,98.04707778047896,98.00001518314433
2022-12-29,98.93694792250274,98.48593976258731,99.04038851466876,98.51745526331132
2022-12-30,97.63846577956313,97.59181948649224,98.25682707478404,98.05245287446849
2023-01-02,98.05245287446849,98.05245287446849,98.05245287446849,98.05245287446849
2023-01-03,99.81524689180213,98.82729266011442,99.81524689180213,99.04866579567309
2023-01-04,100.08440634855577,99.33333384362489,100.12467528166455,99.53994717801963
2023-01-05,99.09486277671259,98.97631879859229,99.78003388129511,99.28512491324389
2023-01-06,101.93369428780461,100.49950049176546,102.16564418134858,100.57186013211954
2023-01-09,101.25047176768047,100.68432966178243,101.51140557589225,100.83736984286833
2023-01-10,99.4828260463939,99.38013613543606,100.32008933068944,100.12747475917453
2023-01-11,101.23060817630416,100.5835088032235,101.27132845312488,100.70420901378738
2023-01-12,102.38640488740374,101.33964292050376,102.70965185499126,101.50178634917657
2023-01-13,100.65263587776683,100.42060674895481,101.19282544872247,101.06329863214812
2023-01-16,100.77235271045622,100.77235271045622,100.8126616515404,100.8126616515404
2023-01-17,100.47452622673886,100.22640145074676,100.94207456765277,100.65136139289793
2023-01-18,103.5009862104627,102.02772147272081,103.6355013415948,102.0685325613099
2023-01-19,101.69352038097281,101.22458858083795,102.09308597303983,101.85623001358238
2023-01-20,100.51250163543291,100.44066137854608,101.33393222327156,101.17990464629219
2023-01-23,100.58259208595507,100.40637029524939,101.09066643661376,100.86422334379574
2023-01-24,101.86946074088871,101.38056555256259,102.22274623261049,101.39678644305098
2023-01-25,101.4130073335394,101.17831120292949,101.73851851098614,101.42923341471275
2023-01-26,100.46854583302293,100.42058948656326,101.09617250088901,100.98294478768801
2023-01-27,100.96678880900025,100.93449235516292,101.44557361367242,100.97486615210498
2023-01-30,100.44303779315207,100.30695780889295,100.95056998604336,100.6921365268791
2023-01-31,101.24148386993329,100.76450171323552,101.29837480571956,100.94990839638788
2023-02-01,102.51287770629082,101.4574777682133,102.54595437893947,101.70097571485701
2023-02-02,101.98619479739065,101.26403938829145,102.01889316058313,101.82301688571482
2023-02-03,99.84751489513832,99.64235957766769,101.16941491581537,100.86995344766454
2023-02-06,99.21043346962715,99.00584342598736,99.94920921729911,99.8612539131879
2023-02-07,99.30359234366873,98.93264425591221,99.6693514314907,99.58164240223098
2023-02-08,100.55000844986179,100.08349373183187,100.71188562679144,100.09150041133041
2023-02-09,99.1991778732369,98.9943022973608,99.90694818193644,99.69914172971801
2023-02-10,98.53302350611293,98.39992367300972,99.1324879462718,99.06904315398619
2023-02-13,99.68916877520526,99.36224061012899,99.7852624393793,99.37813856862662
2023-02-14,98.65708844825149,97.96193518470193,99.35419972040872,98.98857626543762
2023-02-15,98.13726505054136,97.98900966086494,98.74271088091486,98.59262196037587
2023-02-16,97.76741468211047,97.38702693243418,98.19007422841054,98.11937737496608
2023-02-17,98.84420335204145,98.44895301873996,99.37081922395255,98.48045668370594
2023-02-20,98.1968783409917,98.1968783409917,98.21258984152625,98.21258984152625
2023-02-21,96.60727416213606,96.523028085096,97.465696146766,97.40331810123207
2023-02-22,97.8485457781984,97.32562541709613,97.93493585794478,97.61370926833072
2023-02-23,98.14604804692134,97.69163192281171,98.59676708806494,97.90264584776497
2023-02-24,96.97521272757041,96.73649029490508,97.69850206782738,97.45620978269916
2023-02-27,97.74495736133143,97.45620978269916,98.09056794666563,97.65112220226456
2023-02-28,97.57302629519299,97.37833193352168,98.03560633146591,97.60424966360746
2023-03-01,96.6558808790455,96.47148174223334,97.21333229071574,97.08889922538363
2023-03-02,96.03828733051951,96.00773108256199,96.78527745729848,96.56073561359754
2023-03-03,98.22853201564028,97.33297438210037,98.23646070496272,97.36412093390265
2023-03-06,97.32517216962795,96.79854594956471,97.51241097781,97.31738615585438
2023-03-07,97.2473344502315,96.87542208837897,97.55944978185384,97.27067381049956
2023-03-08,97.06070353604454,96.42853692048014,97.29405993178754,97.1228223863076
2023-03-09,98.33421994564434,97.65838338244403,98.64379651796273,97.75994810116177
2023-03-10,100.93835818329335,99.10970636305332,100.93835818329335,99.34756965832464
2023-03-13,102.28880718216607,99.59934143539493,102.38873925789562,100.61127074437854
2023-03-14,98.51503655236621,97.75609672199661,99.58002133252073,99.4844245120415
2023-03-15,103.19937489333094,100.66329990986988,103.3088747197767,101.25922664533633
2023-03-16,99.29466293547668,98.65405220686071,100.3676461657888,100.31144028393597
2023-03-17,102.50904742354362,100.99051581946755,102.75825904612921,101.44295333033877
2023-03-20,100.95661076543104,99.54869080754564,101.36970344426904,101.07775869834954
2023-03-21,99.17834315668216,98.73991663183418,100.10702392093441,100.06698111136605
2023-03-22,102.5960129547639,101.15388386922454,102.912795963806,101.32382239412483
2023-03-23,101.92544021143728,101.29958224522669,102.4928805353512,101.62374090841142
2023-03-24,102.33359762932926,101.2604241259471,102.39937000669205,101.96519667786367
2023-03-27,99.49654012406778,99.23743455082803,100.65125425228852,100.60294165024742
2023-03-28,100.00134536386817,99.74684854092848,100.37750088464463,100.33734988429077
2023-03-29,100.44175919738576,100.12918110859722,100.74820535150063,100.38551181223522
2023-03-30,100.72342889936465,100.43364679752038,100.93375812202817,100.53809779018982
2023-03-31,101.78470544394902,101.10901716498816,102.04763009475678,101.13328332910775
2023-04-03,102.49630958332139,101.48076484593972,102.67031301915402,101.60254176375483
2023-04-04,102.86214500249402,102.18758519041751,103.42832808976692,102.22028521767845
2023-04-05,102.78630718060437,102.1143405706379,102.98465657132033,102.46561390220089
2023-04-06,102.54761263291648,102.106371909237,102.59687489679138,102.51479739687394
2023-04-07,100.74225410432012,100.68635273462293,101.62892780823077,101.61266717978145
2023-04-10,101.24811563524746,101.07084078097165,101.76737834865844,101.5964091530327
2023-04-11,101.35283109224864,101.04597047703824,101.65341258875497,101.45823803658456
2023-04-12,101.94633090719032,101.23205725115268,102.22500716147914,101.7179711259582
2023-04-13,100.83522758672815,100.69893126256703,101.408476138146,101.31923667914444
2023-04-14,100.23897110665834,100.03997370511254,100.96196416641145,100.78427110947857
2023-04-17,99.44593035921751,99.26438766549089,100.06657226736434,100.05056161580157
2023-04-18,100.45146946007068,100.04257609727527,100.51591306517737,100.27467487382096
2023-04-19,100.15436451362999,100.06632023890371,100.55652627283989,100.17038921195218
2023-04-20,101.055784375738,100.53071435300237,101.1451855039456,100.61113892448476
2023-04-21,100.08135312832901,99.8185469969345,100.44196333657426,100.35357440883807
2023-04-24,101.54902909432649,100.8993232140045,101.54902909432649,100.93161099743297
2023-04-25,102.3701241745443,101.53618497912832,102.46087783072741,101.70676576989325
2023-04-26,101.1221974665938,100.77627427716949,101.4461253835205,101.34062141312164
2023-04-27,99.98780262906091,99.90841572741019,100.74831834161179,100.66771968693851
2023-04-28,102.1601748011434,101.3436119780186,102.39944511847769,101.43279435655926
2023-05-01,99.36716613551049,99.3514210608574,100.62699700129531,100.32109093041137
2023-05-02,102.51133064507223,101.34763978636248,102.54449778270714,101.42061008700867
2023-05-03,102.53001272288363,101.79315245417328,102.61254513270643,101.98045185468897
2023-05-04,102.08673258854427,101.21849632855107,102.15224629468162,101.87439218476008
2023-05-05,101.00575245539765,100.94944150707111,101.64564455194747,101.4016950050228
2023-05-08,100.34399757324813,100.13669173797562,100.92258072574865,100.81762124179387
2023-05-09,100.64028153864207,100.35143117306838,100.77726190582838,100.69664009630372
2023-05-10,102.01818215231799,101.30043350909735,102.09216197983962,101.36526578654316
2023-05-11,102.20386999345193,101.46225830623368,102.26958538968626,101.79505451347812
2023-05-12,100.51664909156179,100.41289202961244,101.22468280004314,101.16799697767512
2023-05-15,100.46628161954246,100.41024464971483,100.8441557581563,100.81188562831369
2023-05-16,100.26495661740533,99.8665739226445,100.79571432808457,100.53767729940468
2023-05-17,100.08816752465285,99.83310490135197,100.42492175328663,100.28834385970215
2023-05-18,98.9499975439956,98.83223731207241,99.7183412649184,99.65452152650884
2023-05-19,99.14563383978606,98.90887757016944,99.71049822773541,99.40737831312309
2023-05-22,98.71825943557394,98.50633345920753,99.18454534596535,99.11313247331624
2023-05-23,99.43077731739383,99.2002823100234,99.78254657058717,99.2796425358714
2023-05-24,98.57519478129177,98.30871178673313,98.94595615730974,98.9142934513394
2023-05-25,97.6408200714525,97.5632842816713,98.32061771439554,98.28915511672693
2023-05-26,98.44650588134186,98.1323065487596,98.77858790262661,98.39137583804832
2023-05-28,98.30480527860036,98.2419404950489,98.52546701884413,98.32053404744492
2023-05-29,99.20552157563857,98.69787358804435,99.2533814397098,98.75314439725366
2023-05-30,99.87344316304439,99.20299089534714,99.90559557935443,99.30616200587829
2023-05-31,100.07177327736596,99.4329493177275,100.07177327736596,99.68749766798088
2023-06-01,100.35144104034825,99.79887145836884,100.7556927364502,100.0463726595856
2023-06-02,98.54472364174399,98.48997222770382,99.28589855151547,99.27001280774722
2023-06-05,99.47677563182809,99.09572980704732,99.92504950608433,99.3414872169688
2023-06-06,99.500535387345,99.25422726652668,99.90039286760278,99.4368550446971
2023-06-07,97.5386940889924,97.44607207988678,98.57717041895044,98.51408102988232
2023-06-08,99.6712984914933,99.02594476025342,99.92857699046304,99.10516551606162
2023-06-09,98.75684478096242,98.69377662751407,99.20058892825713,98.90695518502949
2023-06-12,98.92278283028234,98.65439992123115,99.3121487519374,98.90695518502949
2023-06-13,97.56326015550378,97.11575765736069,98.38397336783578,98.24230044618608
2023-06-14,98.77806726231734,98.38355465243508,99.01629718577335,98.53309765550678
2023-06-15,99.64288314800646,98.98194178292337,100.08574040644204,99.08488300237762
2023-06-16,98.3268824630336,98.31904765168196,99.02127020532932,98.71232384228868
2023-06-19,97.79293665159072,97.71515035135879,98.30944864094772,98.27798961738262
2023-06-20,99.9271886363754,98.94531899248068,99.94331502847359,99.08780025182986
2023-06-21,99.0640096635341,98.89779488221946,99.53399813009477,99.02438405966869
2023-06-22,97.92148718072248,97.79700412058492,98.57236276621138,98.46984750893454
2023-06-23,99.33986222588095,98.5875874621138,99.43570386816351,98.94250277697742
2023-06-26,99.03747238450612,98.70587370464727,99.16438248847473,99.05331838008763
2023-06-27,98.24845591894137,98.03758880369405,98.69661228796984,98.6650293720377
2023-06-28,99.50493405509553,99.04360022814144,99.56890379733602,99.12283510832395
2023-06-29,97.1133763034672,97.09799809660997,98.31230687511496,98.10781727681471
2023-06-30,98.09212379248667,97.81829827543953,98.51761778275049,98.11566590219687
2023-07-03,97.88043294630573,97.35913016352333,98.0606771382805,97.98222859656988
2023-07-04,98.24906045658456,98.13116158403666,98.43828904585975,98.13116158403666
2023-07-05,96.66616846263598,96.58946754344004,97.48675097701407,97.38536475599798
2023-07-06,95.91603899536594,95.85514475586406,97.03331290718533,96.62965432549144
2023-07-07,96.09003918366578,95.89877716299767,96.5754202347058,96.35909129338006
2023-07-10,97.35072690083726,96.75949665915086,97.58610099875997,96.8678672954091
2023-07-11,97.20944336216643,96.82147463865843,97.27180707883822,97.03835474184902
2023-07-12,98.74448921509065,97.81360723639122,98.80824160906376,97.94663374223272
2023-07-13,99.41488598885226,98.60430898078968,99.46298220848887,98.6831924279743
2023-07-14,97.77127891553545,97.63905045558603,98.23298096900244,98.18582913813732
2023-07-17,98.39801237703037,98.06052218542054,98.56367887746471,98.3507813310894
2023-07-18,98.63439460631521,98.07660551694458,98.66600819433006,98.50814258121913
2023-07-19,99.15648255165496,98.66549126356276,99.22019244326313,98.83124928888553
2023-07-20,97.18432321757417,97.12266781822916,98.11863813394247,97.97734729502957
2023-07-21,98.2284304305658,97.90696126967394,98.31503773536993,98.12627286291801
2023-07-24,97.56246377775881,97.13612216741583,97.80441868792765,97.80441868792765
2023-07-25,97.60121308732941,97.45324986634009,97.96130739291308,97.71052644598723
2023-07-26,98.03949174544466,97.64032089449321,98.08666769784443,97.84341276195377
2023-07-27,95.87491954678258,95.58721150423519,97.0043964800553,96.83366874225041
2023-07-28,97.62745112686102,97.04252870838245,97.85551589910838,97.18226994972252
2023-07-31,97.07346062636229,96.79478083509044,97.38499291335319,97.10452413376274
2023-08-01,96.00773424933749,95.88570344635136,96.7154835723294,96.56073879861367
2023-08-02,95.56265530940163,95.53227214262334,96.42903689235753,96.15132126610754
2023-08-03,94.76169683424608,94.73160659154249,95.61205418104805,95.46672385869286
2023-08-04,97.58254383258934,96.48216485942915,97.79612430304003,96.51303915218415
2023-08-07,95.72844283485547,95.69793420834448,96.28866219728488,96.08838177991453
2023-08-08,97.09260154286886,96.27988445406137,97.09260154286886,96.61878964733967
2023-08-09,96.68060589151581,96.49539400283476,96.92866389252036,96.71154368540111
2023-08-10,95.260640227984,94.86905498752115,96.05358937026914,96.0074836473714
2023-08-11,95.34879648393508,95.02283065082892,95.76900351972165,95.6157731140901
2023-08-14,95.06630103617373,94.86942936537002,95.39369579386678,95.28685485457765
2023-08-15,94.99764555070591,94.747910642463,95.57015044554745,95.14964178358704
2023-08-16,94.49746443494686,94.18967955714,95.02001011903175,94.85277490122226
2023-08-17,94.41378184789713,94.41378184789713,94.98984538518359,94.65548112942773
2023-08-18,95.04984736760817,94.63282905193982,95.12606406824774,94.90537159960941
2023-08-21,93.60044159748477,93.56326020334896,94.30499328792067,94.21446049436426
2023-08-22,94.45607475432736,94.09411630085398,94.54699990249453,94.28983206275974
2023-08-23,96.25515575577897,95.22429011709015,96.27071088760763,95.31570543560257
2023-08-24,94.616809691594,94.46622990375029,94.9877669387446,94.97256889603439
2023-08-25,95.04854695115121,94.84368459243156,95.46093820419333,95.04854695115121
2023-08-28,95.59809287426073,95.14730263452435,95.62880958817324,95.2386440450535
2023-08-29,96.46495847022722,95.78660491857467,96.84685900872938,95.89388591608348
2023-08-30,96.14755310928834,95.76373054198578,96.3174114701977,95.95525800306976
2023-08-31,96.06279671681,95.77910899404505,96.13975777811171,96.00131652691124
2023-09-01,94.91655588818908,94.51044749598861,95.57057590312252,95.42530862774977
2023-09-03,95.41003569102956,95.37187472963006,95.44822720319473,95.37950447960844
2023-09-04,95.08999084671245,95.08239579952021,95.28788885055576,95.23452763279946
2023-09-05,94.33966585061516,94.309626154436,94.83809828306318,94.77740190016202
2023-09-06,94.23331220658748,94.11325065257368,94.62563664491755,94.54993613560163
2023-09-07,95.21781174805413,94.88269866879367,95.34025870095309,94.89787990058066
2023-09-08,94.74616466492827,94.44418485723128,94.88268651603046,94.8219615966602
2023-09-11,94.5035635804258,94.39790554735394,94.63975766725108,94.56404586111728
2023-09-12,94.80647892212959,94.5489349557384,94.8216722681107,94.66995759248174
2023-09-13,95.11035360951446,94.722892307966,95.6165044995506,94.86687110427411
2023-09-14,94.31465983000476,94.13451244950973,94.71493825497194,94.62401191424716
2023-09-15,93.88499747628126,93.76543683002048,94.26059756220013,94.24551586659018
2023-09-18,94.51700811042448,94.47920735530113,94.5548391255183,94.49432402847798
2023-09-19,93.58391609731737,93.54667321443878,94.07078615865287,94.02563218129671
2023-09-20,93.51552024669257,93.12915388304822,93.85998805029186,93.76988246176359
2023-09-21,92.42871608567161,92.42871608567161,93.08701920119857,93.05723135505418
2023-09-22,93.87968800370083,93.36955385121148,94.00053072357687,93.47412775152483
2023-09-25,92.1227661460933,92.1227661460933,92.9050310833268,92.77868024105348
2023-09-26,92.60802208002148,92.14376606100012,92.75638481965623,92.63765664708708
2023-09-27,91.636009222695,91.35275612293394,92.45930723592633,92.20781792024461
2023-09-28,92.61437796398467,92.36262797591499,93.23474705211402,92.42174005781958
2023-09-29,92.42174005781958,91.89974948076882,92.59210953937203,92.42174005781958
2023-10-02,91.1204396051719,91.03354098995597,91.77015272204903,91.63800370212927
2023-10-03,89.99642246903787,89.88954681888858,90.9407181313081,90.83158926955053
2023-10-04,91.759411342842,91.15819106876185,92.36861478629703,91.26758089804437
2023-10-05,91.45759988453933,91.23112927215651,91.78097937625581,91.36980058865018
2023-10-06,90.323082109353,90.23693706203841,91.50234865526815,90.82889136916538
2023-10-08,91.5205743094516,90.93740856315483,91.55727061029742,91.3375331608327
2023-10-09,92.76617795912357,92.00215138549572,93.02117432508769,92.04631241816077
2023-10-10,91.62020609520974,91.54713790309299,92.26085534213816,91.83276497335063
2023-10-11,93.28396403283436,92.45652915928117,93.28396403283436,92.56008047193957
2023-10-12,90.5241834570492,90.32408263311319,91.75837314248496,91.53081237709159
2023-10-13,92.70985834604214,91.90336396777249,92.72478867188899,92.12393204129515
2023-10-16,91.1257759898598,91.08949113838659,91.68823568935635,91.50485921797764
2023-10-17,89.63445407788589,89.56349583368237,90.69793806085264,90.50928634968605
2023-10-18,89.44387838183799,89.25221292816263,90.08875133340136,89.96623063158793
2023-10-19,89.02729052541059,88.71630284812271,89.44057553025081,89.39764405399629
2023-10-20,90.47680441196343,89.78316336232689,90.5278018860663,89.94118172984459
2023-10-23,91.2187965792758,90.27884732144958,91.68499145106085,90.41607116937817
2023-10-24,90.91677011887153,90.48829424723533,91.13619916984224,90.62583645449112
2023-10-25,88.61798440454196,88.49894009518778,89.63217982429782,89.5963269523681
2023-10-26,91.12813512284407,90.319628768545,91.42304818149404,90.39911004186132
2023-10-27,90.48594876428386,90.31965417206825,90.76933043952734,90.42803775707472
2023-10-30,90.0377321029398,89.73648262087787,90.36275199261028,90.11696530719038
2023-10-31,89.59929963764213,88.96756885512212,89.89335000866137,89.84300973265653
2023-11-01,92.64604156051972,91.22299836215014,92.71383685884028,91.22299836215014
2023-11-02,92.16865625259673,91.49954195511079,92.40628089005105,91.75574067258509
2023-11-03,93.01965493511227,91.70473287519724,93.139699658371,92.3796797091587
2023-11-06,91.43072456642246,91.33617366201042,92.0095391541897,91.85496312841066
2023-11-07,92.94865054136358,92.24365079673846,93.12095802604573,92.42813809833194
2023-11-08,93.64929451886898,92.96774575037755,93.91409701589278,92.99749542901766
2023-11-09,90.87990540027342,90.80093557963964,92.11805125041339,91.95592348021266
2023-11-10,91.80886459091118,91.27606809555093,91.91175636999161,91.85293284591482
2023-11-13,92.0295165040614,91.80889276304161,92.3401771448885,91.91171872293621
2023-11-14,94.71932342192264,93.11557798901413,94.81175506224655,93.27201216003566
2023-11-15,91.96833727596908,91.82977582895906,92.80856731679778,92.64522423832021
2023-11-16,93.97320377724928,93.28957106930065,94.00348352713723,93.35673956047053
2023-11-17,93.3716766388002,92.92563359753206,93.59630777746611,93.3716766388002
2023-11-20,93.73123062826367,93.34929608351764,93.93469929098785,93.46878318250454
2023-11-21,93.79821497199751,93.56587420778402,94.01661306386326,93.67815325683335
2023-11-22,93.49849242271445,93.26744792170973,93.89616677456453,93.60321073422789
2023-11-23,92.90946682298441,92.80592180343959,93.3483857550491,93.26623917558466
2023-11-24,92.96828776858652,92.90892578421837,93.28866253810483,93.12447449203776
2023-11-27,94.50654444739631,93.66793013500835,94.67454250636872,93.73537104470554
2023-11-28,94.80680489227441,94.19265332507398,94.95968210729059,94.22279497413801
2023-11-29,95.17714161133587,94.67484740484713,95.24604952497934,94.72029133160146
2023-11-30,93.70998176872361,93.56103480572794,94.47704846805831,94.18228007683797
2023-12-01,95.95370978767936,95.01035543519876,96.17108065127604,95.09396454798174
2023-12-04,94.41900140540496,94.41900140540496,95.01764515428353,94.71358868978982
2023-12-05,96.08713412679934,95.38015905165017,96.16461125478419,95.41068070254668
2023-12-06,96.26961456949348,95.7386310838584,96.51787209759597,95.81522198872547
2023-12-07,95.26499898799264,95.21943218362976,95.84597635302934,95.55460458491613
2023-12-08,94.3616916619015,94.31669323955441,95.30902211389233,94.93541074720588
2023-12-11,94.90502169126887,94.81397114279628,95.31692260521586,94.87465208432766
2023-12-12,95.30067890789613,94.64798651432447,95.392468629936,95.0795813328298
2023-12-13,97.88829482131788,96.36331139955891,97.9518896206171,96.49436550306231
2023-12-14,98.03454159089837,97.01009001556272,98.0978049879079,97.28947907480755
2023-12-15,97.45312177088853,97.17292750655245,97.78992326873036,97.33617802476346
2023-12-18,97.14935234717272,96.83184549613773,97.46112818910846,97.18044013992383
2023-12-19,97.20376157984222,96.92464094357565,97.37512809596984,97.21153788076862
2023-12-20,98.37691877579111,97.77120769744984,98.37691877579111,97.81813787714462
2023-12-21,97.29500447693957,97.02394460615291,97.61446432987098,97.51294528696792
2023-12-22,97.34150080552358,97.03905350378557,97.59889419707663,97.44273596636131
2023-12-25,97.45833054681523,97.43494054748399,97.46612970899088,97.43494054748399
2023-12-26,97.50511616087445,97.31043299626926,97.57539293235263,97.47391452370297
2023-12-27,99.19695813341248,98.26892006355726,99.22899590753711,98.31608914518777
2023-12-28,97.5089348982601,97.47785635327261,97.98535019892442,97.8677677786857
2023-12-29,97.53950981296897,97.44612588782492,97.9619619728904,97.7111793502398
2024-01-01,97.31312278447079,97.21217556166533,97.46103873110319,97.46103873110319
2024-01-02,96.80052300058622,96.66179613641341,97.76712509851444,97.12577275786819
2024-01-03,97.52299925431174,97.0870030896749,97.994504488418,97.2889440561014
2024-01-04,95.95971231587983,95.86072197624274,96.66614534245109,96.6429454675689
2024-01-05,95.90356686023013,95.52293673298679,96.67400039863172,96.27183655697341
2024-01-08,96.71975622008145,95.98825579488378,96.77409752303838,96.45667848316282
2024-01-09,96.61110800362898,96.40274472252842,96.84368168683463,96.54927689450666
2024-01-10,96.24862041104404,96.04156816412362,96.53381292767803,96.43341776223325
2024-01-11,97.27015023739362,96.80351483208109,97.58374788464886,96.85772480038707
2024-01-12,97.31573600205597,96.9582718276493,97.6679889074688,97.13667504781218
2024-01-14,96.81837232426996,96.81837232426996,96.91131796170126,96.91131796170126
2024-01-15,96.6171781787504,96.48616661066882,96.89579227795218,96.7717656638364
2024-01-16,95.72458551343206,95.65608577028021,96.4691356533409,96.24532725862514
2024-01-17,95.50875587654383,95.31878699302776,96.0216264899708,95.84494669722926
2024-01-18,95.27926428730783,95.0291476918515,95.6607475684069,95.56891325074123
2024-01-19,95.82931900891765,95.60711942058644,96.18389982249636,95.66065940746196
2024-01-22,96.05953313765104,95.59195960418499,96.09035355415466,95.8366750207717
2024-01-23,95.40838886634161,95.30951218782899,95.82131288644119,95.64500167073014
2024-01-24,94.92838839502087,94.56658415149529,95.33874165897628,95.27772486431454
2024-01-25,96.22774399290692,95.73505794366324,96.31293555700526,95.73505794366324
2024-01-26,95.3911271111976,95.23906091143479,95.79646101137344,95.58954065558888
2024-01-29,96.55796407945351,95.9408324084176,96.60456916226879,96.07131194049306
2024-01-30,96.70366445125889,96.36332200718151,96.89811402990294,96.37874013870265
2024-01-31,98.24745056310793,97.2418793435271,98.27126812688081,97.288555445612
2024-02-01,97.95272115221202,97.05628927790801,98.16559329251386,97.56874648529536
2024-02-02,95.3316389204048,95.30903241366532,96.69242735086448,96.4603655252224
2024-02-05,94.57828669279819,94.54079430926818,95.51005515601116,95.39544308982396
2024-02-06,96.37668840608058,95.86056354610076,96.57069897135572,95.94492084202133
2024-02-07,95.65355130697803,95.37154482105308,95.90648137053014,95.75303100033729
2024-02-08,95.02832275105172,94.89224400725547,95.53828651751712,95.4236405736961
2024-02-09,95.10360600497494,94.88387970047015,95.41599567379437,95.27859664002409
2024-02-12,95.29384609531219,95.01251901436378,95.40072911448655,95.26335206456169
2024-02-13,93.04880114284262,92.83592521722395,94.15812034353743,94.14305504428245
2024-02-14,95.14256306856018,94.51917591940942,95.17318260772457,94.6325989305127
2024-02-15,94.99659963158366,94.48175394935305,95.01182710607779,94.83700534420261
2024-02-16,94.15651977607871,94.1415087725273,94.85223898091358,94.4804182041084
2024-02-18,94.29914631691528,94.29914631691528,94.40480362371295,94.36704170226346
2024-02-19,94.05050023181424,93.94545779039058,94.29148157599055,94.20850507220368
2024-02-20,94.84372055029527,94.29120346465393,94.85894915025517,94.52504564924628
2024-02-21,93.92182263935959,93.67523021775892,94.28282900440519,94.19231748856095
2024-02-22,94.04170617182196,93.8316576896258,94.27535952529848,94.10189286377192
2024-02-23,95.45216589317549,94.71157558029452,95.51376283817392,94.72672943238736
2024-02-26,94.30313310177858,93.99539444711662,94.68875367491768,94.47665086668586
2024-02-27,94.15971641489668,93.97207250015992,94.44637474078723,94.3103719611605
2024-02-28,94.88557365195963,94.57439875836418,94.91604184611616,94.58953066216552
2024-02-29,94.77131707599416,94.46118665855336,95.17524790068478,94.6803366116012
2024-03-01,95.71609318972038,95.13451155537288,96.04055452256691,95.19539764276831
2024-03-04,94.77734056273377,94.74707959831402,95.09625165900322,94.95931305661423
2024-03-05,96.01373735672792,95.16378721344721,96.01373735672792,95.46069822955316
2024-03-06,96.15060932251546,95.56736674062455,96.26656519482917,95.78908303146281
2024-03-07,96.04994236851284,95.66681535467752,96.22721316569434,95.93468243767063
2024-03-08,96.12675155442739,95.72810803573928,96.44341528684998,96.0267797328108
2024-03-11,95.75055407796614,95.51396335770332,96.00370007096187,95.86545474285968
2024-03-12,95.02566816790431,94.92739182055486,95.61962618674367,95.45898521474994
2024-03-13,94.86526853771059,94.74439219012727,95.25262872149146,95.17642661851427
2024-03-14,93.62061453444716,93.5909078504762,94.44500355132108,94.38455874904824
2024-03-15,94.1733401073464,93.97055837172967,94.36944028697087,94.26374651384947
2024-03-18,93.96258438441224,93.83517240909636,94.26374651384945,94.1129245194273
2024-03-19,94.64143673092832,94.3311617504415,94.70221633226471,94.37644070808172
2024-03-20,94.55775951827975,94.1657790100726,94.85389319058466,94.49724255218806
2024-03-21,94.58798894388349,94.17349293624157,94.73962085947163,94.55772078742145
2024-03-22,95.54610252758104,95.03413924628325,95.57684204419895,95.06455017084204
2024-03-25,94.32227259003233,94.26218992575015,94.79811365130493,94.70710746219967
2024-03-26,94.82838106919408,94.6692730472659,95.05660821978178,94.7904497167664
2024-03-27,95.55181879079664,95.1239520186645,95.57484887486288,95.16961151563346
2024-03-28,95.03256727505095,94.85802850260615,95.27647505118196,95.03256727505095
2024-03-29,95.00215685352295,95.00215685352295,95.00215685352295,95.00215685352295
2024-04-01,93.2416036972923,93.2268374285937,94.33988220238061,94.18893839085679
2024-04-02,93.5584099540675,93.5435002473019,94.31000386436689,93.91767424829112
2024-04-03,93.97781042517494,93.87262259770831,94.52252161102363,93.93270107617084
2024-04-04,94.53560673134524,94.20305422925225,94.82470644611999,94.26334418395896
2024-04-05,92.88581616157406,92.8563168948296,93.60695624222657,93.56202490323031
2024-04-08,93.33761966281642,93.27795995066379,93.71222882826359,93.39735573940062
2024-04-09,94.32862561007332,93.78564023719794,94.374158333618,93.84566304694974
2024-04-10,91.15167082698997,90.97946993751832,92.62727889775869,92.46425488689863
2024-04-11,91.91843844930847,91.66252043596619,92.2495832519839,92.18316355204247
2024-04-12,93.1617061808217,92.42586695057585,93.17669237983736,92.67726530868143
2024-04-15,91.4318408623418,91.3301692362836,92.37943526028846,91.98774645478484
2024-04-16,91.15249332090627,90.98581281952443,91.75174806734371,91.55356429151826
2024-04-17,92.77034545205795,92.03642630552179,92.84513009168074,92.13950710298397
2024-04-18,91.42001135030729,91.23100687391513,91.90332765510706,91.78569139570853
2024-04-19,91.91790509970362,90.96429414159314,91.9767890875958,91.88849137007172
2024-04-22,92.1388486668569,91.97669726531535,92.4128510298752,91.98405540109658
2024-04-23,92.0503157259413,91.71996528271079,92.35338028426168,92.00613157439285
2024-04-24,91.35355381617475,91.35355381617475,91.87339851609848,91.70435146282885
2024-04-25,90.87187048920546,90.67691296014637,91.54985556385417,91.29351596827537
2024-04-26,91.96818891140987,91.42473718423233,91.98296647852025,91.59295870065132
2024-04-29,92.29887745749642,91.94456314863848,92.32852695234304,91.97398540884603
2024-04-30,90.93506201945331,90.87722908391345,91.5247930061287,91.4515731717238
2024-05-01,92.05346971238365,91.31323082377293,92.14221733321989,91.75153433172703
2024-05-02,92.43641214638716,91.97135113654669,92.59247941243267,92.13322071454701
2024-05-03,93.45428671158177,92.48577130401596,93.55225507923362,92.81132121900609
2024-05-06,92.85585640193266,92.75200738534637,93.08663741279291,92.88557027598128
2024-05-07,93.3401246110663,92.77447199401493,93.3401246110663,93.07877226215531
2024-05-08,92.470268768135,92.42605635179834,92.78836649269738,92.78836649269738
2024-05-09,93.32415624227427,93.00342904291223,93.54923258983182,93.09271233479343
2024-05-10,92.52828902905394,92.35146930322408,92.84679018405309,92.7873682383353
2024-05-13,92.86159813292598,92.63187109261628,92.90619310561668,92.86159813292598
2024-05-14,93.52510826730543,93.1660867384482,93.86421308335802,93.19589988620451
2024-05-15,94.74477890004543,93.91886871929488,94.74477890004543,93.94892275728506
2024-05-16,93.39456343314511,93.22359280603891,93.76090458013711,93.70089760120582
2024-05-17,92.96938418091439,92.92496851843448,93.39346027713016,93.36357436984147
2024-05-20,92.93150803987652,92.8722263187762,93.2365185930013,93.1768472211018
2024-05-21,93.68507098070997,93.33320919901799,93.73018055665766,93.43774239332089
2024-05-22,93.24357828668514,93.21377848537908,93.59515856582468,93.33309212184037
2024-05-23,92.54496914208133,92.41245705517039,93.07883964750796,92.93735981124375
2024-05-24,93.10106052508264,92.99682069404048,93.28778547599535,93.02657967666256
2024-05-27,92.9968349669338,92.95968081792584,93.16066667491528,93.07123243490736
2024-05-28,91.77005387358052,91.6681114190673,92.46784122094647,92.42345665716041
2024-05-29,91.42333013700016,91.37970519817226,92.08273867300996,91.92067305294546
2024-05-30,92.92640205819087,92.34691218286797,92.98624839666017,92.406014206665
2024-05-31,93.05869333421829,92.62008789351538,93.26830184627349,92.75346082008205
2024-06-03,94.33937369159246,93.56214160950685,94.40028201130295,93.57711155216438
2024-06-04,94.5404274825711,93.92103510053445,94.67748673633129,94.04125402546313
2024-06-05,94.84211952933549,94.42488096157726,95.06360619919784,94.4399889425311
2024-06-06,94.37953767740545,94.27393397476129,94.6293992693312,94.36443695137707
2024-06-07,92.2292922545342,92.200115002951,93.28464864345942,93.26226032778499
2024-06-10,92.84504618987509,92.75612834835248,93.0382875604272,92.97874305638852
2024-06-11,93.95046398229339,93.4321891170249,93.96557220195766,93.4919857180598
2024-06-12,94.81811317505355,93.61100797868114,94.95586346053788,94.12025186208515
2024-06-13,95.07325344795967,94.45840845560161,95.25696987974317,94.64732527251282
2024-06-14,95.0875806952256,94.60201417767239,95.24799515494601,94.85176349510144
2024-06-17,94.05761349374703,93.96021434005748,94.43411502882728,94.36612246600652
2024-06-18,95.29128052939873,94.7733931352172,95.48310612028648,94.86437559262703
2024-06-19,94.65206622354434,94.6369376266893,94.77326934956088,94.73536004182105
2024-06-20,94.34211036335259,94.29694538591859,94.79615116080194,94.54588932173742
2024-06-21,94.63671150168146,94.27446571602908,94.74289149535221,94.57614400632039
2024-06-24,94.924825790747,94.68956279110571,95.07722978174121,94.75016411129202
2024-06-25,94.5683892161145,94.34967294788996,94.72740404304525,94.64404392748737
2024-06-26,93.39566003460196,93.38082001552918,94.04579785049333,94.03075052283725
2024-06-27,94.71032713466214,94.27125759794961,94.81692288833086,94.35421630463581
2024-06-28,92.78214510311459,92.58381417778925,93.64399078152275,93.55409255037249
2024-07-01,92.52610745825119,92.33495300502001,93.12673373683096,92.96283068545414
2024-07-02,93.35014477852708,93.02963565800037,93.41001819777091,93.20825255846373
2024-07-03,94.36313797917363,93.70721012649004,94.5076101485213,93.82715535545194
2024-07-04,93.63962106668583,93.55734326240965,93.72954387820953,93.6995504241685
2024-07-05,95.13480635617366,94.33624894411848,95.36545482802474,94.40417104335825
2024-07-08,94.46463808646048,94.27593525368688,94.66928746689332,94.38906637599132
2024-07-09,94.13265632031991,94.07252686882178,94.48747505855513,94.25314612040991
2024-07-10,94.47960730762857,94.26067733464247,94.60083214459105,94.37379014744403
2024-07-11,95.48281891125012,94.56939908748177,95.69077536124638,94.90228337226971
2024-07-12,95.28265324550527,95.01607507895109,95.50466810522884,95.09208793901426
2024-07-15,94.8484182710091,94.50786303106692,94.89401116554731,94.75736378946893
2024-07-16,95.77060783063305,95.26510078354238,95.77060783063305,95.2955856157931
2024-07-17,95.30320987258291,95.17376319889851,95.57082960505566,95.2955856157931
2024-07-18,94.66489160366399,94.62716448282721,95.00579430230077,94.97539244812403
2024-07-19,94.29423974110904,94.22666145175803,94.7093336410419,94.66387316089418
2024-07-22,94.30895915016015,94.20375393676555,94.76251297742927,94.5805689525126
2024-07-23,94.57300311226362,94.33153370353527,94.59570426519504,94.5805689525126
2024-07-24,94.09755296041551,93.76833124204255,94.38374689450353,94.33844269599416
2024-07-25,94.89840457611797,94.27830184480538,94.89840457611797,94.64787278803702
2024-07-26,95.40803560859793,95.00363494582956,95.56922376207987,95.03403610901222
2024-07-29,95.38443412608616,95.04162608074844,95.38443412608616,95.20129601256409
2024-07-30,95.72072858328175,95.35348416061392,95.79759418079503,95.43739522667525
2024-07-31,97.17934736051699,96.24657486945459,97.21075125366953,96.26197432143371
2024-08-01,97.23032671079308,96.5234512829204,97.30863721877536,96.65472317666519
2024-08-02,99.54134370328529,98.08464111250551,99.57366756875153,98.1238749689505
2024-08-05,98.3045674528805,97.35363522728176,98.64417510134793,98.2259237989182
2024-08-06,96.7563651745193,96.52591971919733,97.329529681637,97.26723878264076
2024-08-07,96.33086071814085,96.26193260981971,97.04894103609429,96.86260706930499
2024-08-08,96.06865127365495,95.83984375236169,96.82376258459641,96.57589375237984
2024-08-09,97.33596744236806,96.81503846891661,97.35160374235879,96.96219732738936
2024-08-12,97.4911527560506,97.13270075167219,97.68707549068897,97.21817752833365
2024-08-13,98.1322346458855,97.6847874516758,98.30603187356297,97.69260223467194
2024-08-14,97.80207925630688,97.52884547805252,98.11622710584132,97.74731009192335
2024-08-15,96.50410106054755,96.41979122720103,97.38661891077234,97.12172730733505
2024-08-16,97.72196593023132,97.25361239114564,97.72196593023132,97.40143788198017
2024-08-19,97.71392244368046,97.28477082390863,97.71392244368046,97.46377480222463
2024-08-20,98.45102744512842,97.9627494112433,98.56989137073023,97.9705864311962
2024-08-21,98.05680054725563,97.75961132881604,98.32424248681978,98.05680054725563
2024-08-22,97.166440112179,97.05048970631721,97.74254111116154,97.59397244867259
2024-08-23,98.47976513033525,98.05446863984918,98.5985585744008,98.08584606981391
2024-08-26,97.64750855645427,97.5307611765446,97.9053392319514,97.88967437767428
2024-08-27,97.67073429599245,97.63953706392472,98.11747092373048,97.81919381212235
2024-08-28,97.57700908181522,97.47580426945973,97.81136263817214,97.74093845707266
2024-08-29,97.3352449066442,97.18784954096107,97.74877340203916,97.55327585523509
2024-08-30,96.86880062997112,96.75308572916283,97.37344694246197,97.19427980008783
2024-09-01,97.26429889223549,97.19427980008783,97.28766101366676,97.20983088485583
2024-09-02,96.93024680625435,96.89928114957958,97.17868636554951,97.06207194191086
2024-09-03,98.56460502365293,97.75282233394908,98.59640262185397,97.79974368866938
2024-09-04,99.01239751540488,98.3472470522496,99.05227363200393,98.3787181713063
2024-09-05,98.86785053109946,98.59901600470333,99.01872107644449,98.63056768982483
2024-09-06,98.8439169389536,98.16755022533567,99.12982253189932,98.70158169856151
2024-09-09,99.0657357535931,98.72524925072327,99.2966953433394,98.8121274700639
2024-09-10,99.81327961393879,99.27840880420241,99.9821139974984,99.30223562231542
2024-09-11,98.94543263580917,98.69326205247484,99.3579697186397,99.13540786646993
2024-09-12,98.81870661939234,98.65324713613549,99.19103940848257,98.98472204651291
2024-09-13,99.1113515781947,98.89785177824169,99.333734609222,99.1668539350785
2024-09-16,99.69958158209985,99.47625451935595,99.82764783975188,99.47625451935595
2024-09-17,98.99991172038058,98.85001943233475,99.29311565327532,99.23751150850948
2024-09-18,98.16390546562052,98.10147512586973,98.78469865580495,98.72147644866523
2024-09-19,98.6425245321196,98.45355417860979,99.06241480600943,98.67409013996988
2024-09-20,98.28027592325543,98.17839859393543,98.68199861878209,98.50042374132353
2024-09-23,98.4688884687955,98.25655239430804,98.76136248929363,98.42162340233047
2024-09-24,98.67384506877355,98.52393278216657,99.19017093654607,98.57122426990202
2024-09-25,97.64508329818065,97.59845611952655,98.12166755815737,98.10596809134807
2024-09-26,97.96484226815267,97.73832493233887,98.26325220852858,98.06672570411153
2024-09-27,98.74364507248409,98.34109304221258,98.87856244639762,98.41976591664634
2024-09-30,97.87011029081539,97.83888677501038,98.28571127193975,98.1363169908064
2024-10-01,98.9559585718411,98.30072565907982,99.04345278808499,98.57596769092522
2024-10-02,97.77479249534957,97.7047253616241,98.43363114203733,98.16589166533097
2024-10-03,97.22777690863433,97.19681511358343,97.74150945814759,97.67113557133771
2024-10-04,95.56885268177503,95.49328626074096,96.64721441578031,96.61628730716727
2024-10-07,95.92314534960289,95.81621613271506,96.32240922202581,96.26846867286146
2024-10-08,96.08385474971733,95.89994753909502,96.36876440076234,96.199155375417
2024-10-09,95.57821891949153,95.48690941968785,96.03739844829043,95.95288553765593
2024-10-10,95.58504443025178,95.41739147820957,95.9451933069731,95.7456273048946
2024-10-11,95.87579970286188,95.7991848717105,96.25299072537817,95.90647995876681
2024-10-15,96.65442404591911,96.0827786351616,96.68551763576822,96.17501810265136
2024-10-16,96.5064169149291,96.18269919985629,96.55284026949414,96.34428613451203
2024-10-17,95.16430998812149,95.13404625462232,95.75832536736871,95.72768270325116
2024-10-18,96.02678377883413,95.81185572561212,96.21950029119431,95.8885052101926
2024-10-21,94.4256054882731,94.27578302815685,95.18954221963449,95.06769960559336
2024-10-22,94.79416722181766,94.56742308079913,95.00677829857278,94.88516962235062
2024-10-23,94.38537543279953,94.37031233426255,94.74833794047252,94.61190033383825
2024-10-24,95.26523447778479,94.76303755481882,95.26523447778479,94.91465841490654
2024-10-25,94.47523870002271,94.24954534431316,94.82340894358954,94.68686323471077
2024-10-28,94.2479375579514,93.97754181742813,94.50474392731913,94.33841557800704
2024-10-29,94.32332867322884,94.21785530250797,94.86188567650986,94.36860387099199
2024-10-30,93.8270768542779,93.42499272205578,94.21755368472388,94.17986666325
2024-10-31,94.41367589417503,94.15730140488489,94.7094770959643,94.31548567124509
2024-11-01,92.84005085212057,92.32683885183243,93.5532336065259,93.53078083046033
2024-11-04,94.36968909129251,94.09840355210169,94.59695815067589,94.27154461463756
2024-11-05,94.38475197747637,94.26400711206982,94.97018986230525,94.31679495605259
2024-11-06,91.90547628125094,91.90547628125094,93.53662872729629,93.17744807298347
2024-11-07,94.72539600064756,93.8549668723955,94.95512614454566,93.96759283264238
2024-11-08,94.35950130451417,93.81024338287878,94.48074704984603,94.11794098117461
2024-11-12,92.40806327513026,92.33481074776192,93.28877443400744,93.18429100664135
2024-11-13,92.91624190746123,92.34072639338343,93.12459097236145,93.02774139775019
2024-11-14,93.13946406556174,92.62774951659098,93.34873264153957,93.0649524943093
2024-11-15,93.1096415471277,92.74593200983423,93.52881832392963,93.07239769050885
2024-11-18,93.49769243705038,93.26591087243234,93.88908512797991,93.30321723678131
2024-11-19,93.56482202755977,93.00602590938276,93.60981593091518,93.43757386960229
2024-11-20,93.23589391960793,93.11679018286434,93.49000377077161,93.30302376323006
2024-11-21,93.19114069052654,92.94593995357967,93.4076906168106,93.2582383118237
2024-11-22,93.38516090019141,93.10935862103214,93.45998275813562,93.31792358434326
2024-11-25,94.86433917909628,94.24267564415774,95.06316810442127,94.34068802682766
2024-11-26,94.13702619131759,94.03176955313548,94.41634214713785,94.18974292598473
2024-11-27,94.81000946308166,94.19725826492402,94.82523998669018,94.44593902674342
2024-11-29,95.6623400767538,95.03504604346361,95.67774340017007,95.073060061881
2024-12-02,95.0273811412875,94.77692961364097,95.3403981435204,94.93615485539188
2024-12-03,94.46643642900655,94.24081799951287,94.80689691589629,94.70071319135049
2024-12-04,95.40045342214353,94.95811380279073,95.77737829052646,95.02648364472873
2024-12-05,95.20157049274835,95.04928452859136,95.43858050602134,95.0720963568782
2024-12-06,95.5525666015825,95.12524319240755,95.86015574242133,95.29266362042618
2024-12-09,94.5257053746964,94.40533838018821,94.91902670617468,94.8962461397652
2024-12-10,94.44947958037756,94.36664897562716,94.83542008663498,94.69127024810331
2024-12-11,93.95939349797852,93.78751200187946,94.35787696244142,94.33523107197044
2024-12-12,93.35210336549245,93.35210336549245,93.90492472024971,93.87487514433921
2024-12-13,92.94105695294638,92.82286772140552,93.52905595184785,93.43178573365793
2024-12-16,93.26007729803075,93.06673051470017,93.44674678821897,93.3719893907884
2024-12-17,93.43922260180665,93.2750453877471,93.79190839222466,93.4317474639985
2024-12-18,91.5745075326242,91.50204214722211,92.54932820669487,92.50490452915565
2024-12-19,91.78261302697595,91.6949435725205,92.37138770760767,92.15708608812602
2024-12-20,92.62256323264235,92.09097100045818,92.69688126460306,92.42249849605983
2024-12-23,91.53226427236747,91.47400984800956,92.06728351264955,91.98626430315842
2024-12-24,91.92742133862738,91.90537463113553,92.25939581581528,91.97154650086993
2024-12-26,92.11148879153355,91.93479022778989,92.43720650485248,92.01569284319035
2024-12-27,91.36283915512881,91.2755220103485,91.69910820626787,91.68443634895486
2024-12-30,93.11850719082352,92.40329983900986,93.13352509376536,92.39590757502273
2024-12-31,91.6821699756935,91.62379692676349,92.2256675786897,92.10024067078267
2025-01-02,92.25509295693851,91.85794890243639,92.46237450105617,92.18128888257296
2025-01-03,91.47649406473869,91.40369723673874,91.90836676617259,91.88630875814872
2025-01-06,91.68791368925868,91.37371379376631,91.87894548314607,91.72458885473438
2025-01-07,90.8988337128777,90.71093661663546,91.38663682531364,91.27697286112327
2025-01-08,91.19666839807662,91.00741838783237,91.49670558346588,91.21855559849216
2025-01-09,91.25504593995889,90.91318501542692,91.26965025234425,91.24774553628369
2025-01-10,90.06628691983964,90.06628691983964,90.91119997064314,90.7075588827089
2025-01-13,90.58409783378929,90.29492274094399,90.62763392694873,90.51163055552225
2025-01-14,90.28045710370832,90.17968963185535,90.613141636815,90.48990776418893
2025-01-15,92.48030521784082,91.36466040775102,92.49526482722578,91.48891634590557
2025-01-16,92.11313836303528,91.63502976337087,92.41728901720974,91.80363821813548
2025-01-17,91.71551377540148,91.3137653477456,91.77424459347586,91.72285101650351
2025-01-21,91.98671729719668,91.7813570608451,92.2299319170835,92.08974242056954
2025-01-22,91.57527458581775,91.38564754382736,91.83178796000772,91.79505524482371
2025-01-23,91.2898016701673,91.18796444121253,91.69208827315256,91.55271629897737
2025-01-24,91.94901663405913,91.68443629684978,92.10406154728503,91.76511860079101
2025-01-27,92.8647649472216,92.116512752593,92.87970458122211,92.37443898830027
2025-01-28,92.45580009238157,92.36704962433032,92.71563251595899,92.37443898830027
2025-01-29,92.36704962433032,92.20478218907238,92.81997486766505,92.37443898830027
2025-01-30,92.61867875166969,92.23439954516792,92.66322480958632,92.47789835996716
2025-01-31,92.17500701688053,91.99862365151573,92.61150476260617,92.30773902698482
2025-02-03,92.32991417249097,91.58916261705198,92.35949761182853,92.24127745488539
2025-02-04,92.90813543311174,92.50686859208255,93.17008039365297,92.52907024054464
2025-02-05,93.95454631861725,93.01672644400035,93.9848689090057,93.18787722065733
2025-02-06,93.01656228371583,92.92743038661412,93.28498683218987,93.0984168585255
2025-02-07,92.20167203764652,92.17232246832053,92.81492139890341,92.65899233095325
2025-02-10,92.533086898164,92.30437332027826,92.68124651212312,92.61451601463439
2025-02-11,92.17817836032923,92.13403524673978,92.42912383748923,92.34778620851223
2025-02-12,91.07822430338885,90.9770102106561,91.94772359677862,91.69026997070763
2025-02-13,93.01986383155733,92.24698967333396,93.03485373790356,92.37244557928969
2025-02-14,93.24136149284305,92.55674814429226,93.29386648282374,92.77888433983856
2025-02-18,91.79635455106568,91.76712702434402,92.29608652684604,92.22963334454671
2025-02-19,92.50307055878936,92.31813839053908,92.6664248333353,92.3550656458953
2025-02-20,92.7771840599612,92.45838759883141,92.7771840599612,92.5619409929421
2025-02-21,93.70192143018916,92.94626077349407,93.73210161262904,93.1247175941792
2025-02-24,93.67039943591745,93.28104206016464,93.79085646782346,93.35566689381277
2025-02-25,94.86881011175137,94.01215552148226,94.88411276682223,94.11744913566629
2025-02-26,94.7367919515819,94.37326441031756,95.0878102705326,94.44121316069297
2025-02-27,94.39586323840692,94.33546438165996,94.72183674621704,94.35810489311156
2025-02-28,95.30638943336233,94.76543862596213,95.40610638005316,94.83366974177284
2025-03-03,95.82677245374565,95.07621109661112,95.97366302870499,95.16748425926387
2025-03-04,93.79273371277718,93.52549679836008,94.61883674011366,94.53557216378236
2025-03-05,93.94755185845739,93.54472767230871,94.36141772567528,94.24818402440447
2025-03-06,94.36141772567528,94.15779254356264,94.74083637354691,94.24818402440447
2025-03-07,93.87943913321989,93.35022593921761,94.24062966531307,94.05968765635566
2025-03-10,95.0489946883093,94.55552946029492,95.30917227621707,94.70681830743139
2025-03-11,93.63770564349505,93.26698070231407,94.33515131263208,94.22949594316194
2025-03-12,93.72575571909812,93.49449987483736,94.1011693044506,93.97319171419653
2025-03-13,94.69019863836718,94.24361816517266,94.95712493929686,94.31901305970479
2025-03-14,93.66454231985838,93.61974104004977,93.99439984043416,93.94928252851075
2025-03-17,94.0318984136985,93.79944316243656,94.34868190077441,94.09960138055636
2025-03-18,94.33326748459329,94.08456589259907,94.63649238811176,94.21252090221302
2025-03-19,94.84801851369505,94.4536085206753,95.07706468252793,94.49138996408357
2025-03-20,94.51406245627682,94.0402135039654,94.61243577989025,94.53674583126633
2025-03-21,94.36299282230684,94.0998081264123,94.52161147669477,94.46867937426782
2025-03-24,93.29599583942371,93.26630973781225,93.8110721486668,93.79606237712302
2025-03-25,94.1041818032477,93.82603395800722,94.36123508366148,93.96114344690676
2025-03-26,93.48856225281807,93.3990852431647,93.74301399125832,93.68301846230392
2025-03-27,93.46605571390855,93.46605571390855,93.93113560590392,93.63055597196502
2025-03-28,95.28552705815228,94.41680104370656,95.28552705815228,94.44701442004055
2025-03-31,94.80989416807242,94.56011558691752,95.12970908695918,94.7568006273383
2025-04-01,95.5255721642779,94.93077735076999,95.57163448309053,95.13582782984764
2025-04-02,95.9703526353726,95.2878627125162,96.25697004174187,95.4022081477712
2025-04-03,96.1430033919542,95.83613137346728,96.57594068609616,96.08147186978334
2025-04-04,96.7140435834182,95.30606953330751,96.75288456477699,96.36587302651789
2025-04-07,92.47815111042662,92.38443299657912,94.99859771383704,94.80860051840936
2025-04-08,93.37917391164079,92.9293492564556,94.2014368903696,94.14114797075977
2025-04-09,93.75751244966439,93.6751770962438,95.31886826218926,93.870021464604
2025-04-10,92.29956677628877,91.92057297714419,93.17875099516162,93.12657089460433
2025-04-11,92.3685379976887,91.78258263809667,93.3217890549897,92.59761197192297
2025-04-14,94.17313782677951,93.25569609437775,94.23392900749558,93.42728657519142
2025-04-15,94.01940495781797,93.50928610860936,94.26897384163456,93.75615062393608
2025-04-16,94.61498559148359,94.0707434437975,94.74440744174551,94.19867965488106
2025-04-17,93.47777139221617,93.40331084466781,93.8969542235714,93.80681314751676
2025-04-21,92.60597853538746,92.54711100830893,93.2062573655224,93.17643136316545
2025-04-22,93.33303040747329,93.08718190783674,93.58018094538426,93.2956971953103
2025-04-23,93.32552318546223,92.4902135521983,93.52734850592739,93.41511568772029
2025-04-24,94.39890700174001,93.85564736588954,94.39890700174001,93.93824033557152
2025-04-25,94.89779607615043,94.26094899854424,94.96654045514958,94.38914388918226
2025-04-28,95.04809554368062,94.73641259420523,95.46174779701386,94.75914933322784
2025-04-29,95.34488060870818,94.96371453927222,95.5981308550127,95.01689421941423
2025-04-30,94.9941029279248,94.80459984994859,95.5210842032124,95.04729962556445
2025-05-01,94.44055018652479,93.99801246426246,94.87966770382623,94.68231799500228
2025-05-02,93.24694036685358,93.15821121893492,94.17380374204315,93.98545613455906
2025-05-05,93.48273973977898,93.23710470423372,93.84986759481215,93.6771838384377
2025-05-06,94.55872735240031,94.0443690242695,94.65770186573214,94.05189257379145
2025-05-07,94.73233231106167,94.2173180324278,94.78566829804609,94.27761711596855
2025-05-08,92.69884114680431,92.62532898094642,93.58267754584843,93.44043187597875
2025-05-09,93.40306467135746,93.14232872754685,93.55271309669008,93.42548140687859
2025-05-12,92.27290662034036,92.21419016687531,92.79731039605831,92.74534390223651
2025-05-13,92.72309391969301,92.42744435757362,93.01317900415218,92.76018315726088
2025-05-14,91.74887127658725,91.54488776096517,92.27021340228853,92.23330531692763
2025-05-15,93.89375797581796,93.03751540248437,93.93926016044401,93.04495840371658
2025-05-16,92.95563524364901,92.54842218603048,93.37395054207752,92.95563524364901
2025-05-19,93.16439027948653,92.91102367658279,93.80389388715481,92.92588944037104
2025-05-20,92.4069160670803,92.25235252766106,92.97064424344073,92.65826287878276
2025-05-21,90.99814179026168,90.94046589624155,91.9162844764863,91.82804484338887
2025-05-22,92.92238018736356,92.31285813509865,93.07226708177015,92.32024316374944
2025-05-23,92.68295098246524,92.04090808609816,92.74243939772998,92.47534117226452
2025-05-25,91.78225537492816,91.76762172451761,92.12012219208938,92.09064375298792
2025-05-26,92.70384258423522,92.4073089014388,92.830446482366,92.44427182499936
2025-05-27,93.39561985471474,92.80616120100198,93.41064005732888,92.93237758023535
2025-05-28,92.49478697550799,92.45051697536017,92.917476212869,92.71677446424921
2025-05-29,93.7099551185457,93.0132546767818,93.9369290127453,93.08022422014906
2025-05-30,93.50565704675067,93.21415260032194,93.62577671858914,93.28872392240221
2025-06-02,92.78961472310482,92.73037628101841,93.17651713394609,92.96034761419534
2025-06-03,92.759729807019,92.46410482157714,92.9677945698642,92.84135836924918
2025-06-04,94.2702624344004,93.5391346294802,94.43767814101622,93.59151654487272
2025-06-05,93.12094467397671,92.81723305742806,93.44161421998304,93.34443494119427
2025-06-06,91.66422030859962,91.52632480694774,92.54483086316147,92.47819858493999
2025-06-09,92.96043548089033,92.66308102913219,93.02013552775932,92.70014626154384
2025-06-10,92.76692776449381,92.45610120158125,92.84124237457512,92.71497828494569
2025-06-11,93.51199786207184,93.01876747296478,93.76813319819611,93.11550699113666
2025-06-12,93.90081849588118,93.37581391962627,93.94609372177119,93.52521522189765
2025-06-13,92.57406095935174,92.50056615071459,93.52521522189765,93.21097049875208
2025-06-16,92.67536077202341,92.56454926053833,93.001943814949,92.89778163787626
2025-06-17,93.7485485969635,93.3212261443424,93.80883705265286,93.35855463480014
2025-06-18,93.38097324233273,92.98648961553187,93.50072122436987,93.32867989731702
2025-06-19,93.29137826666262,93.2839215183398,93.47818519150576,93.36601136927594
2025-06-20,93.47062314672051,93.321249398184,93.9367358013571,93.43323489746183
2025-06-23,93.95039302420052,93.32156170834135,94.19218267972364,93.69484795517471
2025-06-24,94.4855535519673,93.97947536122608,94.63006176395211,94.04714058348617
2025-06-25,94.09981962518292,93.97949699160161,94.4398848262055,94.07723566847287
2025-06-26,94.68861693364828,94.37816245189862,94.77986841157984,94.41591371687937
2025-06-27,93.98633939680737,93.94134832959969,94.3402660013783,94.19686879705621
2025-06-30,94.90050805794988,94.45289993776291,94.97679463999003,94.52090602571808
2025-07-01,94.39242954035491,94.03904064530977,94.73327846743852,94.4452893008975
2025-07-02,93.8352359968008,93.82027263593383,94.33171872694263,94.13550875199057
2025-07-03,93.09496515624292,92.93237968085693,93.7885905175256,93.65353494718038
2025-07-04,93.75839335163178,93.60866739610378,93.8785194161438,93.78839603750431
2025-07-07,92.96673917511777,92.93713193334226,93.51040431649272,93.3832301666223
2025-07-08,92.88397414833602,92.82471802447742,93.25604582814827,93.12175712215576
2025-07-09,94.12475651564253,93.62057049976883,94.29149656261443,93.68048766488869
2025-07-10,93.57564938932447,93.4710455014731,93.87581185729341,93.65050990883591
2025-07-11,92.59214362096844,92.4596904233862,93.10341586087297,93.07362276779749
2025-07-14,92.96946363760172,92.86553737674843,93.19294792519212,93.0438392085118
2025-07-15,92.14006943276033,91.89861606253234,92.61197759886922,92.58234176603757
2025-07-16,93.11724215178263,92.7006767611052,93.13218873960795,92.83416573564121
2025-07-17,92.80444929334425,92.52308906730731,93.01286480346727,92.7747518695704
2025-07-18,93.10163280184625,92.90077430519027,93.16131333569359,93.01225523435649
2025-07-21,93.89431310767111,93.33175730937464,93.89431310767111,93.46615503990014
2025-07-22,94.05144406471648,93.6604402998168,94.18755324570739,93.72038298160868
2025-07-23,93.12191310305434,93.07733583493416,93.40523037270333,93.33050618840518
2025-07-24,93.00261236276722,92.98776283181355,93.4353214528555,93.18117737850373
2025-07-25,93.39000345234703,93.31531534977796,93.67491194072124,93.3451762506899
2025-07-28,92.95741868837678,92.70562198383529,93.09127737128803,93.09127737128803
2025-07-29,94.38046414325754,93.71645064432832,94.48697119613563,93.77642917274069
2025-07-30,93.02920662953161,92.9255446673529,93.43122144691274,93.40132345604974
2025-07-31,93.595722624306,93.28209406596702,93.70073465481893,93.53582136182645
2025-08-01,95.77874125190267,94.44741827875752,96.07449878217832,94.58342256107892
2025-08-04,94.82574998477423,94.70443125778269,95.19922974920266,94.74988938478643
2025-08-05,94.7044385264311,94.69686762239989,94.99303264543705,94.76504936708801
2025-08-06,94.58312957946922,94.5528774990024,95.09274515500798,94.59826288020193
2025-08-07,94.35620751380448,94.21307234871368,94.47708015753713,94.40149849341111
2025-08-08,93.82923129348296,93.79930410066149,94.15215885436176,94.10696581811168
2025-08-11,94.19732296244018,94.05433749177736,94.28785378700763,94.18225139076618
2025-08-12,93.98644629431966,93.67932552456857,94.21999978811718,94.03155978854095
2025-08-13,94.86282809817203,94.31707311430719,94.90096237542649,94.43025360204437
2025-08-14,93.6179503452526,93.36510974538456,94.05996851669704,94.0298693267717
2025-08-15,93.47494386778924,93.3260865640743,93.79660060485027,93.76658569265673
2025-08-18,93.5418874283561,93.31082778610279,93.78911490594186,93.6840710972472
2025-08-19,94.21009058684433,93.93131792595877,94.30085904023993,93.96137594769506
2025-08-20,94.12695991684352,93.84881140498959,94.23263573391135,94.00647740814996
2025-08-21,93.47401152095578,93.41439324046728,93.84835678135211,93.73573875321448
2025-08-22,94.8216555979822,94.17011657741442,94.9056428925774,94.2906543266335
2025-08-25,94.08714931729544,94.0721098113304,94.30576379772182,94.16241903674928
2025-08-26,94.43397612120997,94.27537779279142,94.72993602708647,94.30554591368512
2025-08-27,94.67614273378062,94.39603580261557,94.84348226460276,94.44134589980084
2025-08-28,94.88050232264928,94.64527394996838,95.00236858556671,94.67556043763236
2025-08-29,94.40326514516973,94.38818354677606,94.6528091815195,94.53165358576716
2025-08-31,94.38051176214294,94.38051176214294,94.44846573061169,94.44846573061169
2025-09-01,94.3200260923891,94.16936715765166,94.53176029671742,94.3275716944765
2025-09-02,93.98856197270896,93.89857053062227,94.36539046269657,94.14646275682311
2025-09-03,95.08474931701006,94.56790175877212,95.32225050376596,94.64355608017914
2025-09-04,95.17504817208548,94.76451597292481,95.28206372701354,94.90855803720365
2025-09-05,96.13796328653906,95.4010974601512,96.22312334420953,95.59189965507151
2025-09-08,96.27519248852276,95.83645840059138,96.33709086832732,95.89779373396776
2025-09-09,95.46151196823736,95.42343094383644,95.81328874870191,95.68298267600368
2025-09-10,96.4210162881599,95.94307393047954,96.49079108486275,96.00447749779505
2025-09-11,96.48997132363877,96.03515720619092,96.62182001044063,96.16576501999134
2025-09-12,95.55945253502891,95.52895645954301,95.9653715046816,95.78879522111298
2025-09-15,96.34257659705001,95.95732956971058,96.41224981435603,95.98803591517287
2025-09-16,96.13406623644666,96.0187422606352,96.3423489991159,96.04946825815858
2025-09-17,95.3297098066067,95.01159064151234,95.78020663308565,95.66527038512595
2025-09-18,95.27567294125136,94.98744146511352,95.70363778321095,95.45098017946327
2025-09-19,94.96340234152842,94.93309406662489,95.22942756018966,95.18371743496078
2025-09-22,95.09238490583719,94.9632967845085,95.19133639897544,95.138029250592
2025-09-23,95.53459658694716,95.23686210821208,95.58056720043034,95.34352739377327
2025-09-24,94.79623137429216,94.75090685534677,95.16039456804693,95.12233041021972
2025-09-25,94.69716874504513,94.6216466390199,95.12233041021972,94.91686617653365
2025-09-26,94.68937508559364,94.55340310701041,94.89406789002206,94.81815263571005
2025-09-29,95.37308931031976,95.12142515333586,95.38838448942494,95.16708343740947
2025-09-30,95.04533774819554,94.76499037122782,95.17470289965425,95.09856313733454
2025-10-01,95.84737072109307,95.28847160274178,95.9090188128899,95.43331007957795
2025-10-02,95.63197029271397,95.50198360566064,95.83914859632493,95.5554647164798
2025-10-03,95.09793316409063,95.02968105894892,95.37955822628619,95.33377603833758
2025-10-06,94.88437584768066,94.78592450391659,95.05145254598777,95.00582784876569
2025-10-07,95.52402759960518,95.16525907657646,95.65446201480144,95.27184416674223
2025-10-08,95.25659823232603,94.97542598385408,95.27946896419454,95.24135717660886
2025-10-09,94.86139484844877,94.80844191671518,95.14227445867546,95.11182893084867
2025-10-10,96.50613846491346,95.70442599583839,96.53724188557737,95.84989672335206
2025-10-12,95.52827847118454,95.56645313489584,95.6964755201134,95.65819692990534
2025-10-13,95.9955344841985,95.78059046456175,96.04942131189611,95.81890270074757
2025-10-14,96.29526962941779,95.88776010447694,96.4344581665839,96.07186460387754
2025-10-15,95.79546508931354,95.54349232126415,95.91043804309331,95.89509237300642
2025-10-16,96.85835873001588,96.35505764140362,97.00647211559901,96.42443328290541
2025-10-17,95.77146349091633,95.61150160963825,96.23916497782258,96.16987277903854
2025-10-20,96.52448713958651,96.28522125910295,96.62517870858142,96.33143816530733
2025-10-21,96.67104102399442,96.40070813522486,96.74080043461149,96.52410104163795
2025-10-22,96.67866325307371,96.47012095796842,96.79491014275676,96.60132032247125
2025-10-23,96.01585777506233,95.9852404734759,96.4620138198431,96.32310851994254
2025-10-24,96.33853255653499,96.00800060888233,96.43890932364528,96.26146173048977
2025-10-27,96.46983657749716,96.1384045726368,96.61701233588583,96.26146173048977
2025-10-28,96.38469611900696,96.26915464679524,96.53144739925867,96.36927456762793
2025-10-29,95.20459859288997,95.15163990009353,95.97533155681123,95.79105892022216
2025-10-30,95.37786959346347,95.25612680020495,95.69892998642054,95.52284395524553
2025-10-31,95.4464379050494,95.27116700111196,95.57640101633379,95.4617093351142
2025-11-03,95.37011006180366,95.2178346186266,95.53052434384594,95.41588771463333
2025-11-04,95.67579319310613,95.4463915150536,95.71413405757399,95.53802005090806
2025-11-05,94.50435491750126,94.25690242902411,95.07921732935736,95.03357930503927
2025-11-06,95.99629284358525,95.39804173765687,96.01173129531307,95.52015123108106
2025-11-07,95.4895945608216,95.31427240269124,95.6655628866688,95.52015123108106
2025-11-10,95.54311280589623,95.2835262759777,95.67343719951737,95.3902438254068
2025-11-11,96.07975647051859,95.672508622395,96.11835511926941,95.70312382515415
2025-11-12,95.73375372556225,95.6342781601852,95.93332697739552,95.71843632496616
2025-11-13,95.15313989335823,95.07726019647356,95.4884544981402,95.38150742910229
2025-11-14,94.90935944821571,94.47188485169688,95.12961964539868,95.09917816711214
2025-11-17,95.37352470241272,95.0763871833686,95.40410539169605,95.21329718091266
2025-11-18,95.49569333287208,95.0234325857525,95.51100571855842,95.30470194620634
2025-11-19,95.12192163242108,94.97771701173839,95.30470194620635,95.22845818464938
2025-11-20,95.75589144959888,95.28170093283568,95.92528913469788,95.43415165432822
2025-11-21,95.96982566730254,95.54080752749502,96.04684181822728,95.7471756717544
2025-11-24,96.13087037269113,95.88495240547346,96.20797863480125,95.95398957120538
2025-11-25,96.43872225847875,96.10734419733807,96.5548575213141,96.21498442283908
2025-11-26,96.29199337467422,96.18421532004955,96.60126587627907,96.24577321785438
2025-11-27,96.13803828341366,96.0842612122946,96.2688906974103,96.19187558485238
2025-11-28,95.99966098253272,95.64036937031908,96.21499307477904,96.08414068419735
2025-12-01,95.02095842380065,94.96803880338801,95.50754358455623,95.4922623775827
2025-12-02,95.55337742550435,95.49989748291392,95.76789751594006,95.55337742550435
2025-12-03,96.0131370602702,95.72144380728888,96.02853859011624,95.78270553132555
2025-12-04,95.13320174431618,95.13320174431618,95.44538849567819,95.39957470920025
2025-12-05,94.86699872789042,94.77629647430625,95.20868393220888,95.16298376392143
2025-12-08,94.69206788928153,94.58637635213333,95.06385565583402,94.91175348678468
2025-12-09,94.654005913418,94.46537696580258,94.85098079366044,94.80545232287947
2025-12-10,95.13975588933296,94.76761187731275,95.31544552285,94.97230991896774
2025-12-11,95.11662165029055,94.83599689938865,95.29953823038727,95.14705896921866
2025-12-12,94.35852648592926,94.35852648592926,94.75873470485966,94.7284119097541
2025-12-15,94.83450773109303,94.58480384893186,94.88005015516751,94.83450773109303
2025-12-16,95.24488223365564,95.02405543602404,95.45907038742179,95.0848708315031
2025-12-17,95.06965725217006,95.00885158715428,95.30601617227731,95.06965725217006
2025-12-18,95.5728730175597,95.27487637159832,95.5728730175597,95.33585229247615
2025-12-19,94.8791535988595,94.86400565384493,95.11456689816835,95.06891190605722
2025-12-22,94.7803179891032,94.7803179891032,94.93958714792302,94.91680164700752
2025-12-23,94.93198833527106,94.70469706232149,95.18327217380991,94.93198833527106
2025-12-24,95.38857505271524,95.18256869161914,95.49574462584243,95.1977979026098
2025-12-25,95.20541372644202,95.19018329711449,95.23588921098953,95.20541372644202
2025-12-26,95.22065024940376,95.01536778719249,95.34271822504596,95.1977972933439
2025-12-29,95.44177691158731,95.2434484109718,95.52593398942518,95.33488212144633
2025-12-30,95.09121469110396,95.0608438144859,95.35778998258883,95.24336063460973
2025-12-31,94.87829784530514,94.68172156480647,95.18994743765073,95.0528739133405
2026-01-01,94.90076497764944,94.87040159099847,94.9387465533229,94.88558085525302
2026-01-02,94.82482492065706,94.47698266018256,94.84000660892487,94.77930900469515
2026-01-05,95.18967483906442,94.86261482962935,95.22021371453413,94.97644996742491
2026-01-06,94.77905686597384,94.7184854923576,94.99166811355012,94.85488011146661
2026-01-07,95.41790739375172,95.05953743630356,95.41790739375172,95.16600411823222
2026-01-08,94.59637520291957,94.43809905924485,94.85375970651266,94.82340650340657
2026-01-09,94.89925309315494,94.82340650340657,95.21913821594086,94.91443697364986
2026-01-12,94.77778204919571,94.65664093138238,94.94485826755167,94.79294649432359
2026-01-13,94.94466375823893,94.8005208408273,95.14262376286719,94.91428146583631
2026-01-14,95.46278682465646,95.0736099958749,95.47811359463715,95.1496688838716
2026-01-15,94.83052768493192,94.78511076554258,95.11156328960493,94.9974294136574
2026-01-16,94.00661227566464,93.94677356638667,94.47295968813792,94.45784401458782
2026-01-18,94.44274163326004,94.38992130796181,94.53342843005922,94.510740407236
2026-01-19,94.0278112746162,93.89287540576957,94.59424387265605,94.21586689716543
2026-01-20,93.70480444111826,93.63011545304147,94.11019295576497,93.97467427790868
2026-01-21,94.54759865181539,94.23012190546295,94.65390016009722,94.29042918348244
2026-01-22,94.23013154691427,94.1699109803401,94.5020799785071,94.30551565215181
2026-01-23,94.45650110788692,94.3055156521518,94.57763801216123,94.39604894717787
2026-01-26,94.66808367036859,94.52431469988366,94.74392735220674,94.60749609681956
2026-01-27,94.47132666376801,94.39584621740833,94.71367734945349,94.51667290056662
2026-01-28,94.21450962403026,94.12423701819439,94.47122490910937,94.30495555326934
2026-01-29,94.54653084767413,94.45579521346332,94.83501391915411,94.48602106793163
2026-01-30,94.39529997233113,94.32737339523423,94.66798740604995,94.38019672433555
2026-02-02,93.85310132217315,93.62154969933293,94.16864969357334,94.10838175776946
2026-02-03,94.1535610096935,94.07076548878005,94.3347126422278,94.13849643993196
2026-02-04,94.0181051088602,93.97303771007029,94.1912646554252,94.10084104135599
2026-02-05,95.14556477938555,94.4012907253961,95.16087626390106,94.61274961662099
2026-02-06,94.35618290048085,94.26596184910188,94.77950818828943,94.6430256964983
2026-02-09,94.90099129483731,94.68844708141101,95.09920994632074,94.70359723294405
2026-02-10,95.54080656313967,95.02911719145858,95.55616558678135,95.10514048521173
2026-02-11,94.63473612062592,94.54422708791313,95.15854462313862,94.89971338176368
2026-02-12,96.0382959805142,95.37019013129745,96.06923864534885,95.41596782256048
2026-02-13,96.10527887602255,95.70580049860024,96.32951679439125,95.78236513899911
2026-02-15,95.74407363618506,95.76704486306517,95.86671435175461,95.79769031742134
2026-02-16,95.95106478158628,95.73647773574889,96.02024363146487,95.88965610012607
2026-02-17,95.72102521010187,95.52249723822386,95.85895175939595,95.79760203026994
2026-02-18,95.41511539755305,95.33898429135537,95.64423998427574,95.59067920988456
2026-02-19,95.69780933387898,95.56011464418995,95.88971157446188,95.6365627359053
2026-02-20,95.48366655247462,95.35408865422347,95.72086453814067,95.5600534857166
2026-02-23,96.37352647555645,95.92671076527809,96.43548309817011,96.0034521338903
2026-02-24,95.97272611304413,95.88066594411075,96.07265766606533,95.95737047686605
2026-02-25,95.7426492770457,95.71205323988757,95.93431857812881,95.84222163229381
2026-02-26,96.28789218907028,95.99543435970536,96.38061786969534,96.0799103419419
2026-02-27,96.81246182528736,96.35620052265202,96.84355124783883,96.50266194744644
2026-03-02,94.89683318286933,94.85173726974583,95.92295032181103,95.80784278142485
2026-03-03,95.58599453480545,95.57073252066927,96.23143051076393,95.76951964431227
2026-03-04,95.43292256272831,95.28830416037611,95.71581137340135,95.57798060502365
2026-03-05,94.69469142798552,94.67960544878719,95.11905944334781,95.08862134432593
2026-03-06,95.22559278992436,94.98994232480999,95.6158302533463,95.19512060023158
2026-03-09,95.63126897047617,94.87628526807768,95.80839243531118,95.17988938093553
2026-03-10,94.95954797500858,94.78551852453644,95.34772823684932,95.16466059863458
2026-03-11,94.28477054368146,94.11972718340449,94.84418948372577,94.63173849928222
2026-03-12,93.92913977020406,93.65250376196578,94.15464186632332,94.12451238092608
2026-03-13,93.85395325878352,93.65205247494261,94.07178156166505,94.03415284904038
2026-03-16,94.83418657582412,94.50800916238943,94.92561505167451,94.52313044385541
2026-03-17,94.85654536605594,94.56090041526268,95.01650581355351,94.65924375169455
2026-03-18,93.85979511511742,93.58391233633927,94.34841330208543,94.2427430791871
2026-03-19,93.9715409408297,93.70936446152089,94.3865096081718,94.04671817358238
2026-03-20,92.40606493449047,92.30359484268193,93.23408951827021,93.22663079110875
2026-03-23,94.17922408988346,93.41262279252746,94.46804747100005,93.64428609705293
2026-03-24,92.82376104761245,92.79419463224451,93.4865219568172,93.22475969533812
2026-03-25,93.86727687227346,93.53744456254817,93.94256342735227,93.70207046497826
2026-03-26,92.49483844530857,92.46542364535779,93.13181443075834,93.04240788890482
2026-03-27,92.62664226156852,92.58231622443586,93.19180160741624,92.86376646575813
2026-03-30,94.14918154962348,93.45723996929392,94.20983491187158,93.5918183948497
2026-03-31,94.11757293201678,93.62917741544476,94.19316330462301,93.8239261044689
2026-04-01,93.65895436739262,93.2861675724261,93.84646728956648,93.74886696358533
2026-04-02,93.88397341717578,93.61414880891948,94.3599282192424,93.80886623844202
2026-04-03,93.43414040062768,93.15134491395116,93.68112266858833,93.56121083157254
2026-04-06,93.8462526027262,93.5088918927787,93.89141804073185,93.64354469710432
2026-04-07,93.52375762361906,93.24048783327173,93.86144269888689,93.58361282849818
2026-04-08,93.74792563633751,93.51655984581713,94.07828834080642,93.97292065786472
2026-04-09,93.94285413389805,93.7104892988106,94.16882315442538,93.95788499055946
2026-04-10,93.53802849842165,93.46344866386701,93.82252066129503,93.7774858513776
2026-04-13,94.39573266274705,93.86745465775886,94.42609963481164,93.92752982873982
2026-04-14,94.48505266561531,94.16028389945853,94.60646948696699,94.23561212657809
2026-04-15,93.78461613650111,93.75470317385494,94.1676864090433,94.06221860026517
2026-04-16,93.57446078542533,93.49986974454417,93.89656307599317,93.83646927562454
2026-04-17,94.84797976415592,94.1887870624878,94.92434074939398,94.32441891585779
2026-04-20,94.47565255208652,94.23391091753776,94.52111725495084,94.27914319477817
2026-04-21,93.64770897149947,93.55819387609898,94.15066660685743,93.96236527364371
2026-04-22,93.93981610991113,93.72239754110129,94.06020353944727,93.94733129519993
2026-04-23,93.60207466505058,93.45275333671836,93.93979863553866,93.72937348659505
2026-04-24,93.92453354991305,93.75185055457747,94.16584909175144,93.82685203502113
2026-04-27,93.58677053293248,93.4075141488311,93.73667726132096,93.63169218278829
2026-04-28,93.3400512599284,93.3400512599284,93.68423100806119,93.49686254604507
2026-04-29,92.55921492738845,92.50031628600927,93.16727898956165,93.03311810781668
2026-04-30,93.48089502795699,93.07770266921023,93.57096815629612,93.22662699348095
2026-05-01,93.37588512187268,93.04814589521646,93.51062665884508,93.3161245553947
2026-05-04,92.5419639815465,92.3945572214612,92.94232178117826,92.80848483781335
2026-05-05,93.19524883938142,92.94200088057875,93.22513347906055,93.0312252014241
2026-05-06,93.71758227588529,93.34331078117329,93.76269664476008,93.49266007842317
2026-05-07,92.88140205526652,92.60083820168146,93.238237920374,93.19348356617222
2026-05-08,93.5968538861925,93.28282066497344,93.6418884590327,93.41714792673102
2026-05-11,92.86526632473692,92.80599377562267,93.09566434443013,93.05842607869236
2026-05-12,92.31686558718953,92.31686558718953,92.70841439289701,92.6787477002913
2026-05-13,92.51571136178129,92.38274403468832,92.71588158429654,92.56011890323494
2026-05-14,92.78244104631717,92.53794527417563,92.931250093705,92.70821509348012
2026-05-15,90.95012071854227,90.93568991795226,91.75827500926898,91.69954971326305
2026-05-18,91.3771799315929,91.06431913558536,91.55273647324822,91.49414272190533
2026-05-19,90.62096814526875,90.56334870915667,91.28890029311083,91.15744427668874
2026-05-20,92.50846882335894,91.80596646219034,92.7325507018168,91.87941123536011
2026-05-21,91.82792993554041,91.55677004666452,92.16729562824025,91.77650629477651
2026-05-22,91.87931243080843,91.52778947554947,91.96761547014606,91.8646117408195
2026-05-24,92.47576617930044,92.28344735665912,92.40910363259529,92.29821270823618
2026-05-25,92.48280913365264,92.33507301682572,92.66814542450165,92.48280913365264
2026-05-26,92.44582192795211,92.34241496830116,92.67562069948337,92.46061325946057
2026-05-27,92.54938965241251,92.28357043847546,92.60866868501614,92.53458175006813
2026-05-28,93.07702328766989,92.56414079231378,93.30179272328368,92.72705368010826
2026-05-29,92.69739525897275,92.54199929023017,92.81614292303549,92.74189000869706
2026-06-01,92.47504953232932,92.32746726368534,92.86843404354317,92.56382557988036
2026-06-02,92.68225043269325,92.48258389142758,92.78612103036038,92.72673791290094
2026-06-03,92.20887676291665,92.1794593512839,92.54853149794982,92.45968490771179
2026-06-04,92.62251816643496,92.35636150503716,92.69672303598024,92.56323975480844
2026-06-05,91.6935477179371,91.54775942360853,92.25919450325043,92.12634126316574
