time,open,high,low,close,volume
2005-01-02 00:00:00+00:00,0.78230,0.78390,0.78060,0.78320,391
2005-01-03 00:00:00+00:00,0.78330,0.78350,0.77265,0.77695,8844
2005-01-04 00:00:00+00:00,0.77705,0.78015,0.76360,0.76540,22956
2005-01-05 00:00:00+00:00,0.76550,0.76840,0.75940,0.76500,20946
2005-01-06 00:00:00+00:00,0.76510,0.76510,0.75770,0.76220,17512
2005-01-07 00:00:00+00:00,0.76220,0.76680,0.75400,0.75750,15680
2005-01-09 00:00:00+00:00,0.75700,0.75860,0.75550,0.75830,683
2005-01-10 00:00:00+00:00,0.75830,0.76100,0.75660,0.75900,15371
2005-01-11 00:00:00+00:00,0.75900,0.76430,0.75820,0.76270,17601
2005-01-12 00:00:00+00:00,0.76270,0.76980,0.75510,0.76620,19569
2005-01-13 00:00:00+00:00,0.76620,0.76870,0.76430,0.76510,16901
2005-01-14 00:00:00+00:00,0.76510,0.76540,0.75670,0.75880,21312
2005-01-16 00:00:00+00:00,0.75900,0.76030,0.75820,0.75820,452
2005-01-17 00:00:00+00:00,0.75820,0.76200,0.75480,0.75570,11360
2005-01-18 00:00:00+00:00,0.75580,0.75890,0.75050,0.75520,20778
2005-01-19 00:00:00+00:00,0.75530,0.76530,0.75520,0.76010,20720
2005-01-20 00:00:00+00:00,0.76010,0.76230,0.75720,0.75900,18099
2005-01-21 00:00:00+00:00,0.75900,0.77160,0.75720,0.76940,17743
2005-01-23 00:00:00+00:00,0.76870,0.77110,0.76820,0.77010,713
2005-01-24 00:00:00+00:00,0.77010,0.77190,0.76830,0.77030,14636
2005-01-25 00:00:00+00:00,0.77040,0.77280,0.76290,0.76530,19267
2005-01-26 00:00:00+00:00,0.76530,0.77620,0.76500,0.77480,19502
2005-01-27 00:00:00+00:00,0.77480,0.78030,0.77310,0.77750,21059
2005-01-28 00:00:00+00:00,0.77750,0.77880,0.77100,0.77500,17879
2005-01-30 00:00:00+00:00,0.77430,0.77440,0.77330,0.77400,593
2005-01-31 00:00:00+00:00,0.77400,0.77660,0.77190,0.77470,19670
2005-02-01 00:00:00+00:00,0.77460,0.77580,0.76970,0.77485,20519
2005-02-02 00:00:00+00:00,0.77485,0.77890,0.77330,0.77760,19688
2005-02-03 00:00:00+00:00,0.77770,0.77780,0.76740,0.77090,21811
2005-02-04 00:00:00+00:00,0.77080,0.77590,0.76820,0.77040,21444
2005-02-06 00:00:00+00:00,0.77000,0.77000,0.76650,0.76720,990
2005-02-07 00:00:00+00:00,0.76720,0.77380,0.76690,0.76780,20972
2005-02-08 00:00:00+00:00,0.76780,0.76800,0.76130,0.76570,20570
2005-02-09 00:00:00+00:00,0.76570,0.77250,0.76310,0.77160,19609
2005-02-10 00:00:00+00:00,0.77160,0.78390,0.77080,0.78130,23503
2005-02-11 00:00:00+00:00,0.78140,0.78640,0.78100,0.78600,16197
2005-02-13 00:00:00+00:00,0.78500,0.78650,0.78500,0.78650,578
2005-02-14 00:00:00+00:00,0.78650,0.78890,0.78460,0.78690,15378
2005-02-15 00:00:00+00:00,0.78690,0.78820,0.78250,0.78590,21512
2005-02-16 00:00:00+00:00,0.78590,0.78650,0.77880,0.78330,22590
2005-02-17 00:00:00+00:00,0.78330,0.78940,0.78330,0.78430,19015
2005-02-18 00:00:00+00:00,0.78420,0.78980,0.78300,0.78850,16594
2005-02-19 00:00:00+00:00,0.78840,0.78840,0.78840,0.78840,1
2005-02-20 00:00:00+00:00,0.78850,0.79080,0.78800,0.78880,1149
2005-02-21 00:00:00+00:00,0.78880,0.79020,0.78610,0.78980,12119
2005-02-22 00:00:00+00:00,0.78980,0.79590,0.78670,0.79350,26796
2005-02-23 00:00:00+00:00,0.79350,0.79360,0.78440,0.78500,24285
2005-02-24 00:00:00+00:00,0.78510,0.78980,0.78260,0.78360,23096
2005-02-25 00:00:00+00:00,0.78360,0.78840,0.78070,0.78640,20702
2005-02-27 00:00:00+00:00,0.78620,0.78780,0.78580,0.78780,521
2005-02-28 00:00:00+00:00,0.78780,0.79450,0.78760,0.79080,20474
2005-03-01 00:00:00+00:00,0.79100,0.79110,0.78320,0.78570,25319
2005-03-02 00:00:00+00:00,0.78570,0.78690,0.77720,0.78190,27290
2005-03-03 00:00:00+00:00,0.78200,0.78520,0.78020,0.78180,22281
2005-03-04 00:00:00+00:00,0.78190,0.79360,0.78140,0.79080,19694
2005-03-06 00:00:00+00:00,0.79060,0.79130,0.78950,0.79000,684
2005-03-07 00:00:00+00:00,0.79000,0.79330,0.78860,0.79310,17993
2005-03-08 00:00:00+00:00,0.79310,0.79890,0.79220,0.79760,22472
2005-03-09 00:00:00+00:00,0.79760,0.79820,0.79080,0.79200,25371
2005-03-10 00:00:00+00:00,0.79200,0.79830,0.78730,0.79090,27006
2005-03-11 00:00:00+00:00,0.79100,0.79570,0.78760,0.79300,18343
2005-03-13 00:00:00+00:00,0.79410,0.79430,0.79190,0.79380,649
2005-03-14 00:00:00+00:00,0.79380,0.79400,0.78610,0.78810,18613
2005-03-15 00:00:00+00:00,0.78810,0.79400,0.78710,0.78955,20120
2005-03-16 00:00:00+00:00,0.78955,0.79580,0.78835,0.79440,21350
2005-03-17 00:00:00+00:00,0.79440,0.79440,0.79070,0.79280,19921
2005-03-18 00:00:00+00:00,0.79290,0.79520,0.78880,0.79500,18491
2005-03-20 00:00:00+00:00,0.79490,0.79500,0.79340,0.79350,530
2005-03-21 00:00:00+00:00,0.79350,0.79370,0.78370,0.78460,21703
2005-03-22 00:00:00+00:00,0.78460,0.79275,0.77800,0.77840,24753
2005-03-23 00:00:00+00:00,0.77840,0.78100,0.76990,0.77240,28067
2005-03-24 00:00:00+00:00,0.77240,0.77400,0.77045,0.77105,20486
2005-03-25 00:00:00+00:00,0.77115,0.77385,0.77095,0.77150,2741
2005-03-27 00:00:00+00:00,0.77210,0.77230,0.77160,0.77190,241
2005-03-28 00:00:00+00:00,0.77170,0.77190,0.76695,0.76850,15782
2005-03-29 00:00:00+00:00,0.76850,0.77500,0.76790,0.77240,22218
2005-03-30 00:00:00+00:00,0.77240,0.77420,0.76950,0.77150,20110
2005-03-31 00:00:00+00:00,0.77160,0.77770,0.77090,0.77310,19996
2005-04-01 00:00:00+00:00,0.77290,0.77620,0.76840,0.77120,20097
2005-04-03 00:00:00+00:00,0.77120,0.77120,0.76860,0.76910,694
2005-04-04 00:00:00+00:00,0.76910,0.77080,0.76520,0.76690,18896
2005-04-05 00:00:00+00:00,0.76690,0.76980,0.76280,0.76460,23265
2005-04-06 00:00:00+00:00,0.76460,0.76780,0.76260,0.76320,22365
2005-04-07 00:00:00+00:00,0.76320,0.77080,0.76300,0.76630,21262
2005-04-08 00:00:00+00:00,0.76630,0.77365,0.76490,0.77170,19358
2005-04-10 00:00:00+00:00,0.77190,0.77210,0.77040,0.77140,776
2005-04-11 00:00:00+00:00,0.77140,0.77580,0.77110,0.77560,17563
2005-04-12 00:00:00+00:00,0.77560,0.77740,0.77210,0.77440,20843
2005-04-13 00:00:00+00:00,0.77440,0.78040,0.77430,0.77710,22162
2005-04-14 00:00:00+00:00,0.77710,0.77760,0.76810,0.76930,24044
2005-04-15 00:00:00+00:00,0.76930,0.77230,0.76520,0.76840,22737
2005-04-16 00:00:00+00:00,0.76870,0.76870,0.76870,0.76870,1
2005-04-17 00:00:00+00:00,0.76810,0.76970,0.76810,0.76940,769
2005-04-18 00:00:00+00:00,0.76940,0.76950,0.76360,0.76690,21169
2005-04-19 00:00:00+00:00,0.76690,0.77190,0.76480,0.77140,22864
2005-04-20 00:00:00+00:00,0.77140,0.77700,0.77110,0.77580,23865
2005-04-21 00:00:00+00:00,0.77580,0.77730,0.77360,0.77550,21415
2005-04-22 00:00:00+00:00,0.77540,0.78320,0.77430,0.78130,20898
2005-04-24 00:00:00+00:00,0.78120,0.78280,0.78110,0.78140,779
2005-04-25 00:00:00+00:00,0.78140,0.78200,0.77790,0.77975,17889
2005-04-26 00:00:00+00:00,0.77955,0.78135,0.77650,0.77845,21485
2005-04-27 00:00:00+00:00,0.77845,0.77865,0.77435,0.77595,21651
2005-04-28 00:00:00+00:00,0.77595,0.78205,0.77495,0.77875,20030
2005-04-29 00:00:00+00:00,0.77885,0.78410,0.77745,0.78130,20071
2005-05-01 00:00:00+00:00,0.78070,0.78070,0.77935,0.77985,578
2005-05-02 00:00:00+00:00,0.77980,0.78140,0.77860,0.77955,12436
2005-05-03 00:00:00+00:00,0.77955,0.77965,0.77235,0.77425,23070
2005-05-04 00:00:00+00:00,0.77425,0.78160,0.77305,0.78000,22130
2005-05-05 00:00:00+00:00,0.78000,0.78280,0.77715,0.78005,16536
2005-05-06 00:00:00+00:00,0.77995,0.78045,0.77450,0.77530,20139
2005-05-08 00:00:00+00:00,0.77470,0.77520,0.77340,0.77490,724
2005-05-09 00:00:00+00:00,0.77490,0.77530,0.77120,0.77250,19487
2005-05-10 00:00:00+00:00,0.77250,0.77730,0.77220,0.77700,20842
2005-05-11 00:00:00+00:00,0.77700,0.77920,0.77260,0.77340,23869
2005-05-12 00:00:00+00:00,0.77340,0.77410,0.76460,0.76650,19291
2005-05-13 00:00:00+00:00,0.76650,0.76680,0.76030,0.76140,12544
2005-05-15 00:00:00+00:00,0.76090,0.76210,0.75920,0.75940,2192
2005-05-16 00:00:00+00:00,0.75940,0.75980,0.75360,0.75720,23344
2005-05-17 00:00:00+00:00,0.75720,0.75860,0.75410,0.75430,22714
2005-05-18 00:00:00+00:00,0.75430,0.76190,0.75310,0.75940,22100
2005-05-19 00:00:00+00:00,0.75940,0.76060,0.75620,0.75650,17634
2005-05-20 00:00:00+00:00,0.75650,0.76080,0.75360,0.75610,18290
2005-05-22 00:00:00+00:00,0.75600,0.75600,0.75440,0.75500,1042
2005-05-23 00:00:00+00:00,0.75500,0.76020,0.75500,0.75930,19248
2005-05-24 00:00:00+00:00,0.75930,0.76400,0.75810,0.75920,25997
2005-05-25 00:00:00+00:00,0.75920,0.76360,0.75850,0.76310,23039
2005-05-26 00:00:00+00:00,0.76310,0.76480,0.75800,0.75850,24432
2005-05-27 00:00:00+00:00,0.75860,0.76350,0.75850,0.76310,19337
2005-05-29 00:00:00+00:00,0.76280,0.76300,0.76070,0.76070,1705
2005-05-30 00:00:00+00:00,0.76070,0.76340,0.76030,0.76050,11509
2005-05-31 00:00:00+00:00,0.76050,0.76050,0.75410,0.75610,29118
2005-06-01 00:00:00+00:00,0.75610,0.75760,0.74760,0.75030,28641
2005-06-02 00:00:00+00:00,0.75030,0.75590,0.74880,0.75430,26606
2005-06-03 00:00:00+00:00,0.75430,0.76070,0.75370,0.75650,20565
2005-06-05 00:00:00+00:00,0.75590,0.75670,0.75530,0.75640,1707
2005-06-06 00:00:00+00:00,0.75640,0.76620,0.75540,0.76510,25187
2005-06-07 00:00:00+00:00,0.76510,0.77000,0.76370,0.76870,23853
2005-06-08 00:00:00+00:00,0.76880,0.77050,0.76420,0.76580,26961
2005-06-09 00:00:00+00:00,0.76580,0.76900,0.76540,0.76730,25250
2005-06-10 00:00:00+00:00,0.76740,0.76790,0.76090,0.76130,24025
2005-06-12 00:00:00+00:00,0.76120,0.76300,0.76110,0.76110,1454
2005-06-13 00:00:00+00:00,0.76110,0.76400,0.75910,0.76120,24110
2005-06-14 00:00:00+00:00,0.76120,0.76820,0.76120,0.76360,26563
2005-06-15 00:00:00+00:00,0.76360,0.77040,0.76220,0.76910,27125
2005-06-16 00:00:00+00:00,0.76910,0.77450,0.76620,0.77390,27170
2005-06-17 00:00:00+00:00,0.77390,0.77830,0.77160,0.77790,25459
2005-06-19 00:00:00+00:00,0.77740,0.77775,0.77555,0.77735,1572
2005-06-20 00:00:00+00:00,0.77735,0.77930,0.77510,0.77600,24202
2005-06-21 00:00:00+00:00,0.77600,0.78100,0.77260,0.77900,28028
2005-06-22 00:00:00+00:00,0.77900,0.77980,0.77490,0.77830,26380
2005-06-23 00:00:00+00:00,0.77830,0.77880,0.76910,0.77080,18207
2005-06-24 00:00:00+00:00,0.77070,0.77450,0.76660,0.76940,12920
2005-06-26 00:00:00+00:00,0.76960,0.77000,0.76760,0.76760,1670
2005-06-27 00:00:00+00:00,0.76760,0.77040,0.76710,0.76970,23301
2005-06-28 00:00:00+00:00,0.76970,0.77000,0.76220,0.76390,29580
2005-06-29 00:00:00+00:00,0.76390,0.76460,0.75860,0.76350,28925
2005-06-30 00:00:00+00:00,0.76350,0.76470,0.75940,0.76150,30168
2005-07-01 00:00:00+00:00,0.76150,0.76190,0.74960,0.75190,30901
2005-07-03 00:00:00+00:00,0.75190,0.75340,0.74820,0.75000,2429
2005-07-04 00:00:00+00:00,0.75000,0.75210,0.74760,0.74920,22495
2005-07-05 00:00:00+00:00,0.74920,0.75040,0.73930,0.74310,31895
2005-07-06 00:00:00+00:00,0.74310,0.74470,0.73810,0.73940,29014
2005-07-07 00:00:00+00:00,0.73940,0.74690,0.73670,0.74020,28857
2005-07-08 00:00:00+00:00,0.74020,0.74430,0.73690,0.74190,25764
2005-07-10 00:00:00+00:00,0.74220,0.74340,0.74200,0.74250,1450
2005-07-11 00:00:00+00:00,0.74250,0.74890,0.74200,0.74820,24625
2005-07-12 00:00:00+00:00,0.74820,0.75760,0.74690,0.75510,30998
2005-07-13 00:00:00+00:00,0.75510,0.75650,0.74720,0.74915,27323
2005-07-14 00:00:00+00:00,0.74915,0.75380,0.74885,0.75160,25312
2005-07-15 00:00:00+00:00,0.75160,0.75370,0.74760,0.74950,22061
2005-07-17 00:00:00+00:00,0.74940,0.74950,0.74800,0.74950,852
2005-07-18 00:00:00+00:00,0.74950,0.75500,0.74760,0.75390,21497
2005-07-19 00:00:00+00:00,0.75400,0.75430,0.74820,0.75050,24385
2005-07-20 00:00:00+00:00,0.75050,0.75735,0.75040,0.75640,27110
2005-07-21 00:00:00+00:00,0.75640,0.76675,0.75620,0.76425,30382
2005-07-22 00:00:00+00:00,0.76425,0.76890,0.76330,0.76330,24850
2005-07-24 00:00:00+00:00,0.76350,0.76360,0.76040,0.76340,904
2005-07-25 00:00:00+00:00,0.76340,0.76490,0.75840,0.76160,22700
2005-07-26 00:00:00+00:00,0.76160,0.76190,0.75695,0.75850,27808
2005-07-27 00:00:00+00:00,0.75850,0.75980,0.75300,0.75750,28162
2005-07-28 00:00:00+00:00,0.75730,0.76100,0.75360,0.75890,25095
2005-07-29 00:00:00+00:00,0.75890,0.76240,0.75610,0.75660,22430
2005-07-31 00:00:00+00:00,0.75630,0.75750,0.75520,0.75610,1301
2005-08-01 00:00:00+00:00,0.75600,0.76370,0.75550,0.76070,25308
2005-08-02 00:00:00+00:00,0.76070,0.76620,0.76010,0.76590,27823
2005-08-03 00:00:00+00:00,0.76590,0.77260,0.76250,0.77110,28182
2005-08-04 00:00:00+00:00,0.77110,0.77420,0.76940,0.77120,26470
2005-08-05 00:00:00+00:00,0.77110,0.77160,0.76620,0.76840,24020
2005-08-07 00:00:00+00:00,0.76850,0.76880,0.76730,0.76800,831
2005-08-08 00:00:00+00:00,0.76800,0.76880,0.76350,0.76470,25316
2005-08-09 00:00:00+00:00,0.76480,0.76640,0.75860,0.76080,28423
2005-08-10 00:00:00+00:00,0.76080,0.76630,0.76080,0.76480,26062
2005-08-11 00:00:00+00:00,0.76470,0.77500,0.76440,0.77280,27635
2005-08-12 00:00:00+00:00,0.77280,0.77560,0.77065,0.77180,22103
2005-08-14 00:00:00+00:00,0.77240,0.77440,0.77220,0.77390,696
2005-08-15 00:00:00+00:00,0.77390,0.77400,0.76730,0.76760,18873
2005-08-16 00:00:00+00:00,0.76760,0.77080,0.76600,0.76840,24059
2005-08-17 00:00:00+00:00,0.76840,0.76860,0.75910,0.75920,28862
2005-08-18 00:00:00+00:00,0.75940,0.76120,0.75120,0.75340,26127
2005-08-19 00:00:00+00:00,0.75340,0.75400,0.74970,0.75140,23405
2005-08-21 00:00:00+00:00,0.75200,0.75240,0.75110,0.75160,1055
2005-08-22 00:00:00+00:00,0.75180,0.75670,0.75150,0.75520,21959
2005-08-23 00:00:00+00:00,0.75520,0.75690,0.75400,0.75590,20777
2005-08-24 00:00:00+00:00,0.75590,0.75740,0.75130,0.75570,25251
2005-08-25 00:00:00+00:00,0.75560,0.76150,0.75560,0.75740,26097
2005-08-26 00:00:00+00:00,0.75740,0.76050,0.75500,0.75610,20348
2005-08-28 00:00:00+00:00,0.75620,0.75700,0.75520,0.75630,1309
2005-08-29 00:00:00+00:00,0.75630,0.75760,0.74920,0.75060,22686
2005-08-30 00:00:00+00:00,0.75060,0.75150,0.74640,0.74680,29023
2005-08-31 00:00:00+00:00,0.74680,0.75560,0.74580,0.75420,28781
2005-09-01 00:00:00+00:00,0.75420,0.76370,0.75370,0.76250,27461
2005-09-02 00:00:00+00:00,0.76250,0.76660,0.76140,0.76510,24183
2005-09-04 00:00:00+00:00,0.76490,0.76690,0.76370,0.76660,1128
2005-09-05 00:00:00+00:00,0.76660,0.76950,0.76550,0.76660,18007
2005-09-06 00:00:00+00:00,0.76660,0.76930,0.76490,0.76900,25413
2005-09-07 00:00:00+00:00,0.76900,0.77040,0.76540,0.76700,28544
2005-09-08 00:00:00+00:00,0.76700,0.77340,0.76630,0.77160,27807
2005-09-09 00:00:00+00:00,0.77160,0.77570,0.77060,0.77500,24011
2005-09-11 00:00:00+00:00,0.77520,0.77690,0.77380,0.77590,1667
2005-09-12 00:00:00+00:00,0.77590,0.77610,0.76800,0.76940,24238
2005-09-13 00:00:00+00:00,0.76940,0.77080,0.76710,0.76990,25851
2005-09-14 00:00:00+00:00,0.76990,0.77360,0.76910,0.77030,25499
2005-09-15 00:00:00+00:00,0.77030,0.77130,0.76550,0.76670,26330
2005-09-16 00:00:00+00:00,0.76670,0.77060,0.76430,0.76780,25986
2005-09-18 00:00:00+00:00,0.76750,0.76780,0.76430,0.76460,1479
2005-09-19 00:00:00+00:00,0.76460,0.76790,0.76140,0.76720,23263
2005-09-20 00:00:00+00:00,0.76720,0.77140,0.76530,0.76670,27994
2005-09-21 00:00:00+00:00,0.76670,0.77310,0.76660,0.77250,25852
2005-09-22 00:00:00+00:00,0.77250,0.77290,0.76160,0.76160,28045
2005-09-23 00:00:00+00:00,0.76160,0.76240,0.75710,0.75710,26200
2005-09-25 00:00:00+00:00,0.75740,0.75780,0.75630,0.75720,1348
2005-09-26 00:00:00+00:00,0.75730,0.75870,0.75470,0.75680,23566
2005-09-27 00:00:00+00:00,0.75680,0.75700,0.75310,0.75480,26540
2005-09-28 00:00:00+00:00,0.75480,0.76080,0.75450,0.75950,27591
2005-09-29 00:00:00+00:00,0.75950,0.76240,0.75780,0.75890,22742
2005-09-30 00:00:00+00:00,0.75890,0.76430,0.75890,0.76200,21825
2005-10-02 00:00:00+00:00,0.76150,0.76270,0.76130,0.76230,938
2005-10-03 00:00:00+00:00,0.76230,0.76360,0.75900,0.76260,20966
2005-10-04 00:00:00+00:00,0.76270,0.76450,0.76170,0.76290,21210
2005-10-05 00:00:00+00:00,0.76290,0.76330,0.75530,0.75740,26363
2005-10-06 00:00:00+00:00,0.75750,0.76020,0.75670,0.75930,26207
2005-10-07 00:00:00+00:00,0.75940,0.76140,0.75580,0.75690,23633
2005-10-09 00:00:00+00:00,0.75730,0.75770,0.75590,0.75700,1368
2005-10-10 00:00:00+00:00,0.75700,0.76070,0.75680,0.75810,20431
2005-10-11 00:00:00+00:00,0.75810,0.75850,0.75060,0.75120,27057
2005-10-12 00:00:00+00:00,0.75110,0.75650,0.75060,0.75550,25859
2005-10-13 00:00:00+00:00,0.75550,0.75570,0.74630,0.74950,30784
2005-10-14 00:00:00+00:00,0.74950,0.75430,0.74910,0.75230,23665
2005-10-16 00:00:00+00:00,0.75220,0.75450,0.75210,0.75260,1459
2005-10-17 00:00:00+00:00,0.75260,0.75480,0.74750,0.74810,23561
2005-10-18 00:00:00+00:00,0.74810,0.74900,0.74480,0.74750,24437
2005-10-19 00:00:00+00:00,0.74750,0.75140,0.74390,0.75070,26813
2005-10-20 00:00:00+00:00,0.75070,0.75410,0.74880,0.75230,24224
2005-10-21 00:00:00+00:00,0.75230,0.75450,0.74720,0.74890,8890
2005-10-23 00:00:00+00:00,0.74940,0.74940,0.74770,0.74770,942
2005-10-24 00:00:00+00:00,0.74770,0.75200,0.74680,0.74960,8979
2005-10-25 00:00:00+00:00,0.74960,0.75730,0.74900,0.75640,7098
2005-10-26 00:00:00+00:00,0.75640,0.75720,0.75250,0.75320,13649
2005-10-27 00:00:00+00:00,0.75320,0.76020,0.75320,0.75730,16369
2005-10-28 00:00:00+00:00,0.75730,0.75770,0.74900,0.74910,10172
2005-10-29 00:00:00+00:00,0.74910,0.74910,0.74910,0.74910,1
2005-10-30 00:00:00+00:00,0.74960,0.75070,0.74780,0.74930,1604
2005-10-31 00:00:00+00:00,0.74930,0.75230,0.74660,0.74760,11496
2005-11-01 00:00:00+00:00,0.74760,0.74770,0.74240,0.74290,13432
2005-11-02 00:00:00+00:00,0.74300,0.74390,0.73980,0.74160,12783
2005-11-03 00:00:00+00:00,0.74160,0.74320,0.73820,0.73940,11918
2005-11-04 00:00:00+00:00,0.73930,0.73960,0.73120,0.73320,11707
2005-11-06 00:00:00+00:00,0.73330,0.73360,0.73170,0.73290,1125
2005-11-07 00:00:00+00:00,0.73290,0.73430,0.73060,0.73290,15027
2005-11-08 00:00:00+00:00,0.73290,0.73600,0.72860,0.73380,26617
2005-11-09 00:00:00+00:00,0.73380,0.73800,0.73200,0.73620,27042
2005-11-10 00:00:00+00:00,0.73620,0.73620,0.72930,0.73000,26945
2005-11-11 00:00:00+00:00,0.73000,0.73350,0.72990,0.73290,18341
2005-11-13 00:00:00+00:00,0.73290,0.73380,0.73180,0.73350,1506
2005-11-14 00:00:00+00:00,0.73350,0.73450,0.72620,0.72790,25566
2005-11-15 00:00:00+00:00,0.72790,0.73370,0.72700,0.73240,26749
2005-11-16 00:00:00+00:00,0.73240,0.73250,0.72810,0.73070,25316
2005-11-17 00:00:00+00:00,0.73070,0.73540,0.72950,0.73390,12818
2005-11-18 00:00:00+00:00,0.73390,0.73410,0.73020,0.73300,21881
2005-11-19 00:00:00+00:00,0.73300,0.73300,0.73300,0.73300,2
2005-11-20 00:00:00+00:00,0.73280,0.73450,0.73230,0.73380,1214
2005-11-21 00:00:00+00:00,0.73390,0.73940,0.73270,0.73625,23219
2005-11-22 00:00:00+00:00,0.73625,0.73870,0.73210,0.73710,25854
2005-11-23 00:00:00+00:00,0.73700,0.73920,0.73570,0.73820,22120
2005-11-24 00:00:00+00:00,0.73820,0.74060,0.73665,0.73725,16818
2005-11-25 00:00:00+00:00,0.73725,0.73790,0.73470,0.73580,19082
2005-11-27 00:00:00+00:00,0.73570,0.73570,0.73350,0.73460,1526
2005-11-28 00:00:00+00:00,0.73460,0.74540,0.73250,0.74120,25531
2005-11-29 00:00:00+00:00,0.74120,0.74230,0.73720,0.73760,24846
2005-11-30 00:00:00+00:00,0.73760,0.74070,0.73730,0.74000,25119
2005-12-01 00:00:00+00:00,0.74010,0.74360,0.73830,0.74240,24912
2005-12-02 00:00:00+00:00,0.74240,0.74910,0.74180,0.74800,21864
2005-12-04 00:00:00+00:00,0.74820,0.74820,0.74640,0.74680,1356
2005-12-05 00:00:00+00:00,0.74680,0.75270,0.74510,0.75080,24667
2005-12-06 00:00:00+00:00,0.75080,0.75430,0.75020,0.75280,23415
2005-12-07 00:00:00+00:00,0.75280,0.75280,0.74585,0.74760,26266
2005-12-08 00:00:00+00:00,0.74760,0.75180,0.74440,0.74960,24902
2005-12-09 00:00:00+00:00,0.74970,0.75240,0.74930,0.75060,18830
2005-12-11 00:00:00+00:00,0.75010,0.75090,0.74820,0.74960,1518
2005-12-12 00:00:00+00:00,0.74960,0.75680,0.74960,0.75620,24150
2005-12-13 00:00:00+00:00,0.75630,0.75700,0.75250,0.75310,24363
2005-12-14 00:00:00+00:00,0.75320,0.75790,0.75210,0.75440,26904
2005-12-15 00:00:00+00:00,0.75430,0.75630,0.74590,0.74680,29757
2005-12-16 00:00:00+00:00,0.74680,0.74775,0.74195,0.74370,25161
2005-12-18 00:00:00+00:00,0.74380,0.74460,0.74340,0.74420,1173
2005-12-19 00:00:00+00:00,0.74420,0.74700,0.73835,0.74065,26801
2005-12-20 00:00:00+00:00,0.74065,0.74205,0.73215,0.73545,26862
2005-12-21 00:00:00+00:00,0.73545,0.73705,0.73220,0.73455,24416
2005-12-22 00:00:00+00:00,0.73455,0.73475,0.73015,0.73075,24104
2005-12-23 00:00:00+00:00,0.73085,0.73165,0.72685,0.72860,14899
2005-12-25 00:00:00+00:00,0.72870,0.72910,0.72850,0.72900,138
2005-12-26 00:00:00+00:00,0.72890,0.73175,0.72880,0.73105,2124
2005-12-27 00:00:00+00:00,0.73115,0.73145,0.72345,0.72575,15446
2005-12-28 00:00:00+00:00,0.72575,0.73185,0.72525,0.72965,15846
2005-12-29 00:00:00+00:00,0.72945,0.73355,0.72725,0.73215,21284
2005-12-30 00:00:00+00:00,0.73215,0.73455,0.73075,0.73290,22120
2006-01-01 00:00:00+00:00,0.73150,0.73230,0.73150,0.73230,5
2006-01-02 00:00:00+00:00,0.73240,0.73470,0.73155,0.73155,2349
2006-01-03 00:00:00+00:00,0.73165,0.74220,0.73165,0.74180,25203
2006-01-04 00:00:00+00:00,0.74180,0.74840,0.74020,0.74660,27180
2006-01-05 00:00:00+00:00,0.74660,0.74850,0.74450,0.74740,23847
2006-01-06 00:00:00+00:00,0.74740,0.75530,0.74505,0.75410,19353
2006-01-08 00:00:00+00:00,0.75380,0.75400,0.75230,0.75270,1037
2006-01-09 00:00:00+00:00,0.75280,0.75460,0.75050,0.75210,19075
2006-01-10 00:00:00+00:00,0.75210,0.75330,0.74810,0.74970,20270
2006-01-11 00:00:00+00:00,0.74970,0.75670,0.74890,0.75510,22689
2006-01-12 00:00:00+00:00,0.75510,0.75660,0.74970,0.75010,24532
2006-01-13 00:00:00+00:00,0.75010,0.75620,0.74970,0.75570,20206
2006-01-15 00:00:00+00:00,0.75550,0.75760,0.75260,0.75700,1499
2006-01-16 00:00:00+00:00,0.75700,0.75760,0.75310,0.75380,13216
2006-01-17 00:00:00+00:00,0.75370,0.75560,0.75070,0.75160,5720
2006-01-18 00:00:00+00:00,0.75160,0.75180,0.74610,0.74770,9250
2006-01-19 00:00:00+00:00,0.74810,0.74930,0.74435,0.74780,7348
2006-01-20 00:00:00+00:00,0.74770,0.75000,0.74650,0.74800,6386
2006-01-22 00:00:00+00:00,0.74770,0.75120,0.74770,0.74990,612
2006-01-23 00:00:00+00:00,0.74990,0.75420,0.74860,0.75400,6077
2006-01-24 00:00:00+00:00,0.75390,0.75410,0.74870,0.75130,5792
2006-01-25 00:00:00+00:00,0.75120,0.75580,0.75070,0.75310,6597
2006-01-26 00:00:00+00:00,0.75310,0.75610,0.75060,0.75290,6099
2006-01-27 00:00:00+00:00,0.75280,0.75460,0.74900,0.74950,6854
2006-01-29 00:00:00+00:00,0.74940,0.75020,0.74870,0.74970,720
2006-01-30 00:00:00+00:00,0.74960,0.75160,0.74810,0.74930,5327
2006-01-31 00:00:00+00:00,0.74920,0.75890,0.74900,0.75790,6352
2006-02-01 00:00:00+00:00,0.75790,0.75810,0.75250,0.75320,5914
2006-02-02 00:00:00+00:00,0.75320,0.75560,0.75070,0.75320,5510
2006-02-03 00:00:00+00:00,0.75310,0.75380,0.74770,0.74900,5422
2006-02-04 00:00:00+00:00,0.74900,0.74900,0.74900,0.74900,1
2006-02-05 00:00:00+00:00,0.74930,0.75010,0.74850,0.74880,539
2006-02-06 00:00:00+00:00,0.74880,0.74930,0.74120,0.74180,6046
2006-02-07 00:00:00+00:00,0.74180,0.74490,0.73940,0.74060,6229
2006-02-08 00:00:00+00:00,0.74050,0.74130,0.73670,0.73950,6738
2006-02-09 00:00:00+00:00,0.73940,0.74210,0.73810,0.74120,6004
2006-02-10 00:00:00+00:00,0.74120,0.74380,0.73710,0.73770,6733
2006-02-12 00:00:00+00:00,0.73800,0.73810,0.73670,0.73720,932
2006-02-13 00:00:00+00:00,0.73720,0.73990,0.73640,0.73760,5816
2006-02-14 00:00:00+00:00,0.73760,0.74220,0.73565,0.74090,6095
2006-02-15 00:00:00+00:00,0.74090,0.74430,0.73720,0.73920,6099
2006-02-16 00:00:00+00:00,0.73910,0.74170,0.73620,0.74140,5317
2006-02-17 00:00:00+00:00,0.74130,0.74140,0.73470,0.73940,5871
2006-02-18 00:00:00+00:00,0.73940,0.73940,0.73910,0.73910,2
2006-02-19 00:00:00+00:00,0.73920,0.73980,0.73850,0.73920,552
2006-02-20 00:00:00+00:00,0.73910,0.74170,0.73840,0.74020,3578
2006-02-21 00:00:00+00:00,0.74010,0.74040,0.73710,0.73910,5535
2006-02-22 00:00:00+00:00,0.73880,0.73960,0.73450,0.73540,6146
2006-02-23 00:00:00+00:00,0.73540,0.74230,0.73440,0.73850,6650
2006-02-24 00:00:00+00:00,0.73840,0.74150,0.73840,0.73940,5201
2006-02-26 00:00:00+00:00,0.73940,0.73980,0.73730,0.73760,850
2006-02-27 00:00:00+00:00,0.73770,0.73960,0.73670,0.73780,5540
2006-02-28 00:00:00+00:00,0.73780,0.74370,0.73620,0.74300,6013
2006-03-01 00:00:00+00:00,0.74300,0.74650,0.74200,0.74480,8737
2006-03-02 00:00:00+00:00,0.74470,0.74860,0.74460,0.74760,9002
2006-03-03 00:00:00+00:00,0.74760,0.74770,0.74220,0.74530,8637
2006-03-05 00:00:00+00:00,0.74490,0.74760,0.74310,0.74740,886
2006-03-06 00:00:00+00:00,0.74750,0.74850,0.73850,0.73950,6107
2006-03-07 00:00:00+00:00,0.73950,0.74050,0.73180,0.73200,7115
2006-03-08 00:00:00+00:00,0.73210,0.73630,0.73150,0.73390,6116
2006-03-09 00:00:00+00:00,0.73390,0.73770,0.73280,0.73370,6305
2006-03-10 00:00:00+00:00,0.73370,0.73695,0.73025,0.73170,5921
2006-03-12 00:00:00+00:00,0.73180,0.73320,0.73070,0.73200,918
2006-03-13 00:00:00+00:00,0.73190,0.73690,0.73170,0.73470,5314
2006-03-14 00:00:00+00:00,0.73480,0.73800,0.73260,0.73720,5631
2006-03-15 00:00:00+00:00,0.73730,0.74120,0.73700,0.73860,5992
2006-03-16 00:00:00+00:00,0.73870,0.73890,0.73390,0.73780,6525
2006-03-17 00:00:00+00:00,0.73790,0.73800,0.72640,0.72720,6074
2006-03-18 00:00:00+00:00,0.72700,0.72700,0.72700,0.72700,1
2006-03-19 00:00:00+00:00,0.72760,0.72860,0.72530,0.72700,1283
2006-03-20 00:00:00+00:00,0.72710,0.72750,0.71780,0.71990,10144
2006-03-21 00:00:00+00:00,0.71990,0.72175,0.71490,0.71860,7553
2006-03-22 00:00:00+00:00,0.71860,0.72080,0.71530,0.72040,7617
2006-03-23 00:00:00+00:00,0.72040,0.72130,0.71100,0.71170,7330
2006-03-24 00:00:00+00:00,0.71170,0.71210,0.70610,0.70870,7412
2006-03-25 00:00:00+00:00,0.70840,0.70840,0.70840,0.70840,1
2006-03-26 00:00:00+00:00,0.70980,0.71040,0.70700,0.70890,895
2006-03-27 00:00:00+00:00,0.70900,0.70900,0.70355,0.70750,7536
2006-03-28 00:00:00+00:00,0.70750,0.71190,0.70430,0.70635,8440
2006-03-29 00:00:00+00:00,0.70645,0.70790,0.70145,0.70640,7470
2006-03-30 00:00:00+00:00,0.70650,0.71580,0.70650,0.71480,6930
2006-03-31 00:00:00+00:00,0.71480,0.71740,0.71090,0.71650,6284
2006-04-02 00:00:00+00:00,0.71670,0.71670,0.71370,0.71440,549
2006-04-03 00:00:00+00:00,0.71430,0.71850,0.71230,0.71550,7007
2006-04-04 00:00:00+00:00,0.71550,0.72310,0.71160,0.72270,7468
2006-04-05 00:00:00+00:00,0.72270,0.72930,0.72080,0.72660,7119
2006-04-06 00:00:00+00:00,0.72660,0.73320,0.72610,0.72830,7741
2006-04-07 00:00:00+00:00,0.72840,0.73450,0.72550,0.72610,6622
2006-04-09 00:00:00+00:00,0.72540,0.72780,0.72540,0.72650,859
2006-04-10 00:00:00+00:00,0.72650,0.73050,0.72650,0.72890,5618
2006-04-11 00:00:00+00:00,0.72900,0.73410,0.72670,0.73270,6416
2006-04-12 00:00:00+00:00,0.73250,0.73440,0.72930,0.73160,6449
2006-04-13 00:00:00+00:00,0.73170,0.73320,0.72380,0.72755,7454
2006-04-14 00:00:00+00:00,0.72745,0.72895,0.72715,0.72800,3307
2006-04-16 00:00:00+00:00,0.72770,0.72920,0.72680,0.72910,295
2006-04-17 00:00:00+00:00,0.72920,0.73860,0.72890,0.73820,5660
2006-04-18 00:00:00+00:00,0.73820,0.74320,0.73740,0.74250,7110
2006-04-19 00:00:00+00:00,0.74240,0.74845,0.74120,0.74610,7031
2006-04-20 00:00:00+00:00,0.74610,0.74610,0.73590,0.73735,7085
2006-04-21 00:00:00+00:00,0.73745,0.74610,0.73720,0.74410,6235
2006-04-23 00:00:00+00:00,0.74390,0.74770,0.74330,0.74540,1299
2006-04-24 00:00:00+00:00,0.74540,0.74830,0.74190,0.74430,6967
2006-04-25 00:00:00+00:00,0.74420,0.74820,0.74360,0.74500,6009
2006-04-26 00:00:00+00:00,0.74500,0.75470,0.74310,0.75350,7806
2006-04-27 00:00:00+00:00,0.75350,0.75800,0.74910,0.75570,6841
2006-04-28 00:00:00+00:00,0.75570,0.76065,0.75345,0.75960,5527
2006-04-29 00:00:00+00:00,0.75990,0.75990,0.75990,0.75990,1
2006-04-30 00:00:00+00:00,0.75980,0.75980,0.75750,0.75830,985
2006-05-01 00:00:00+00:00,0.75840,0.76375,0.75665,0.75685,6288
2006-05-02 00:00:00+00:00,0.75695,0.76620,0.75525,0.76530,7131
2006-05-03 00:00:00+00:00,0.76530,0.77170,0.76490,0.76920,7812
2006-05-04 00:00:00+00:00,0.76920,0.77290,0.76520,0.77060,6294
2006-05-05 00:00:00+00:00,0.77070,0.77440,0.76765,0.77260,6138
2006-05-06 00:00:00+00:00,0.77280,0.77280,0.77280,0.77280,1
2006-05-07 00:00:00+00:00,0.77250,0.77390,0.77230,0.77250,493
2006-05-08 00:00:00+00:00,0.77250,0.77430,0.76740,0.76940,6069
2006-05-09 00:00:00+00:00,0.76920,0.77480,0.76330,0.77370,7145
2006-05-10 00:00:00+00:00,0.77360,0.77690,0.77090,0.77190,9814
2006-05-11 00:00:00+00:00,0.77200,0.77930,0.76800,0.77650,11876
2006-05-12 00:00:00+00:00,0.77650,0.77900,0.76980,0.77270,11173
2006-05-13 00:00:00+00:00,0.77290,0.77290,0.77290,0.77290,1
2006-05-14 00:00:00+00:00,0.77380,0.77490,0.77040,0.77320,1268
2006-05-15 00:00:00+00:00,0.77320,0.77340,0.75940,0.76080,12377
2006-05-16 00:00:00+00:00,0.76090,0.76900,0.76030,0.76720,11225
2006-05-17 00:00:00+00:00,0.76720,0.77270,0.75740,0.75860,12537
2006-05-18 00:00:00+00:00,0.75860,0.76740,0.75835,0.76460,11703
2006-05-19 00:00:00+00:00,0.76470,0.76540,0.75240,0.75820,10002
2006-05-21 00:00:00+00:00,0.75790,0.75920,0.75510,0.75520,675
2006-05-22 00:00:00+00:00,0.75520,0.75540,0.74660,0.75250,11479
2006-05-23 00:00:00+00:00,0.75250,0.75940,0.74920,0.75060,12237
2006-05-24 00:00:00+00:00,0.75060,0.75620,0.74950,0.75300,13245
2006-05-25 00:00:00+00:00,0.75290,0.76220,0.75070,0.76020,10540
2006-05-26 00:00:00+00:00,0.76020,0.76090,0.75600,0.75750,7838
2006-05-28 00:00:00+00:00,0.75700,0.75800,0.75650,0.75760,734
2006-05-29 00:00:00+00:00,0.75760,0.75960,0.75745,0.75820,4364
2006-05-30 00:00:00+00:00,0.75810,0.76470,0.75680,0.76160,9477
2006-05-31 00:00:00+00:00,0.76170,0.76535,0.75110,0.75160,10641
2006-06-01 00:00:00+00:00,0.75140,0.75150,0.74400,0.74920,11579
2006-06-02 00:00:00+00:00,0.74920,0.75240,0.74450,0.75210,9025
2006-06-03 00:00:00+00:00,0.75190,0.75190,0.75190,0.75190,1
2006-06-04 00:00:00+00:00,0.75080,0.75200,0.75040,0.75120,565
2006-06-05 00:00:00+00:00,0.75120,0.75470,0.74690,0.74760,9162
2006-06-06 00:00:00+00:00,0.74760,0.74870,0.73960,0.74060,9965
2006-06-07 00:00:00+00:00,0.74060,0.74320,0.73930,0.74260,9158
2006-06-08 00:00:00+00:00,0.74260,0.74650,0.74050,0.74240,11722
2006-06-09 00:00:00+00:00,0.74240,0.75040,0.74180,0.74810,9203
2006-06-11 00:00:00+00:00,0.74770,0.74870,0.74720,0.74770,491
2006-06-12 00:00:00+00:00,0.74770,0.74980,0.74210,0.74360,7930
2006-06-13 00:00:00+00:00,0.74360,0.74520,0.73660,0.73830,11696
2006-06-14 00:00:00+00:00,0.73830,0.74100,0.73460,0.73760,10909
2006-06-15 00:00:00+00:00,0.73750,0.74300,0.73630,0.74280,9023
2006-06-16 00:00:00+00:00,0.74280,0.74465,0.73730,0.73800,8270
2006-06-18 00:00:00+00:00,0.73850,0.73910,0.73720,0.73780,632
2006-06-19 00:00:00+00:00,0.73780,0.73870,0.73580,0.73660,6424
2006-06-20 00:00:00+00:00,0.73660,0.74050,0.73590,0.73920,7725
2006-06-21 00:00:00+00:00,0.73920,0.74190,0.73410,0.74150,8641
2006-06-22 00:00:00+00:00,0.74140,0.74240,0.73230,0.73280,8510
2006-06-23 00:00:00+00:00,0.73270,0.73525,0.73060,0.73170,7678
2006-06-25 00:00:00+00:00,0.73190,0.73220,0.73040,0.73170,791
2006-06-26 00:00:00+00:00,0.73170,0.73430,0.72940,0.73390,8342
2006-06-27 00:00:00+00:00,0.73400,0.73520,0.73130,0.73155,7961
2006-06-28 00:00:00+00:00,0.73155,0.73290,0.72700,0.72850,8637
2006-06-29 00:00:00+00:00,0.72860,0.74020,0.72720,0.73950,9765
2006-06-30 00:00:00+00:00,0.73940,0.74510,0.73920,0.74290,9820
2006-07-02 00:00:00+00:00,0.74310,0.74400,0.74200,0.74360,919
2006-07-03 00:00:00+00:00,0.74360,0.74610,0.74125,0.74335,7926
2006-07-04 00:00:00+00:00,0.74335,0.74710,0.74265,0.74335,7026
2006-07-05 00:00:00+00:00,0.74335,0.74755,0.74000,0.74130,8708
2006-07-06 00:00:00+00:00,0.74130,0.74710,0.74100,0.74580,7602
2006-07-07 00:00:00+00:00,0.74580,0.75300,0.74540,0.75140,7878
2006-07-09 00:00:00+00:00,0.75200,0.75220,0.75090,0.75170,732
2006-07-10 00:00:00+00:00,0.75170,0.75320,0.74610,0.74680,7571
2006-07-11 00:00:00+00:00,0.74680,0.75340,0.74680,0.75220,8841
2006-07-12 00:00:00+00:00,0.75230,0.75560,0.75110,0.75200,9283
2006-07-13 00:00:00+00:00,0.75190,0.75670,0.75160,0.75310,9108
2006-07-14 00:00:00+00:00,0.75310,0.75495,0.74815,0.75330,8624
2006-07-16 00:00:00+00:00,0.75310,0.75400,0.75230,0.75260,871
2006-07-17 00:00:00+00:00,0.75260,0.75340,0.74670,0.74730,9762
2006-07-18 00:00:00+00:00,0.74730,0.75300,0.74450,0.74650,9767
2006-07-19 00:00:00+00:00,0.74640,0.75140,0.74060,0.75040,11093
2006-07-20 00:00:00+00:00,0.75040,0.75300,0.74900,0.75060,11176
2006-07-21 00:00:00+00:00,0.75060,0.75450,0.74905,0.75230,9135
2006-07-23 00:00:00+00:00,0.75235,0.75310,0.75190,0.75210,728
2006-07-24 00:00:00+00:00,0.75210,0.75520,0.75040,0.75340,8859
2006-07-25 00:00:00+00:00,0.75350,0.75655,0.75200,0.75340,10417
2006-07-26 00:00:00+00:00,0.75340,0.76200,0.75250,0.76055,12589
2006-07-27 00:00:00+00:00,0.76045,0.76590,0.76020,0.76280,12720
2006-07-28 00:00:00+00:00,0.76270,0.76760,0.75940,0.76750,10322
2006-07-30 00:00:00+00:00,0.76690,0.76780,0.76530,0.76580,966
2006-07-31 00:00:00+00:00,0.76580,0.76710,0.76450,0.76540,10823
2006-08-01 00:00:00+00:00,0.76540,0.76705,0.75975,0.76675,13541
2006-08-02 00:00:00+00:00,0.76685,0.76815,0.76330,0.76460,10518
2006-08-03 00:00:00+00:00,0.76470,0.76480,0.75860,0.76105,13369
2006-08-04 00:00:00+00:00,0.76105,0.76720,0.75870,0.76540,11402
2006-08-06 00:00:00+00:00,0.76640,0.76680,0.76580,0.76580,722
2006-08-07 00:00:00+00:00,0.76580,0.76670,0.76160,0.76380,9043
2006-08-08 00:00:00+00:00,0.76370,0.76410,0.75670,0.75850,12402
2006-08-09 00:00:00+00:00,0.75850,0.76670,0.75660,0.76600,10908
2006-08-10 00:00:00+00:00,0.76600,0.77160,0.76540,0.76920,12842
2006-08-11 00:00:00+00:00,0.76920,0.77010,0.76505,0.76630,9724
2006-08-13 00:00:00+00:00,0.76630,0.76730,0.76540,0.76720,927
2006-08-14 00:00:00+00:00,0.76720,0.76800,0.75900,0.75930,9609
2006-08-15 00:00:00+00:00,0.75920,0.76540,0.75870,0.76480,10058
2006-08-16 00:00:00+00:00,0.76490,0.77000,0.76270,0.76860,8859
2006-08-17 00:00:00+00:00,0.76860,0.76870,0.76010,0.76200,10638
2006-08-18 00:00:00+00:00,0.76200,0.76220,0.75620,0.75940,10316
2006-08-20 00:00:00+00:00,0.75960,0.76000,0.75730,0.75920,739
2006-08-21 00:00:00+00:00,0.75920,0.76440,0.75810,0.76170,8703
2006-08-22 00:00:00+00:00,0.76170,0.76380,0.76100,0.76240,8086
2006-08-23 00:00:00+00:00,0.76240,0.76700,0.76080,0.76110,8875
2006-08-24 00:00:00+00:00,0.76110,0.76440,0.75970,0.76140,8039
2006-08-25 00:00:00+00:00,0.76140,0.76150,0.75520,0.75720,8386
2006-08-27 00:00:00+00:00,0.75690,0.75770,0.75640,0.75650,638
2006-08-28 00:00:00+00:00,0.75650,0.76000,0.75640,0.75930,5692
2006-08-29 00:00:00+00:00,0.75930,0.76450,0.75920,0.76310,7732
2006-08-30 00:00:00+00:00,0.76310,0.76550,0.76125,0.76260,8291
2006-08-31 00:00:00+00:00,0.76260,0.76480,0.76100,0.76360,8516
2006-09-01 00:00:00+00:00,0.76340,0.76710,0.76270,0.76700,7890
2006-09-03 00:00:00+00:00,0.76690,0.76840,0.76660,0.76810,584
2006-09-04 00:00:00+00:00,0.76810,0.77210,0.76810,0.77170,6379
2006-09-05 00:00:00+00:00,0.77170,0.77210,0.76840,0.76980,8544
2006-09-06 00:00:00+00:00,0.76980,0.77100,0.76500,0.76750,9840
2006-09-07 00:00:00+00:00,0.76750,0.76830,0.75790,0.75800,11373
2006-09-08 00:00:00+00:00,0.75790,0.76515,0.75300,0.75400,8992
2006-09-09 00:00:00+00:00,0.75380,0.75380,0.75380,0.75380,1
2006-09-10 00:00:00+00:00,0.75420,0.75420,0.75260,0.75330,728
2006-09-11 00:00:00+00:00,0.75330,0.75460,0.75020,0.75060,7909
2006-09-12 00:00:00+00:00,0.75050,0.75400,0.75020,0.75030,8969
2006-09-13 00:00:00+00:00,0.75020,0.75460,0.74820,0.75330,9548
2006-09-14 00:00:00+00:00,0.75340,0.75670,0.75125,0.75455,10123
2006-09-15 00:00:00+00:00,0.75465,0.75635,0.75050,0.75290,9599
2006-09-17 00:00:00+00:00,0.75300,0.75340,0.75160,0.75230,668
2006-09-18 00:00:00+00:00,0.75230,0.75580,0.75100,0.75450,7761
2006-09-19 00:00:00+00:00,0.75450,0.75750,0.75060,0.75170,9748
2006-09-20 00:00:00+00:00,0.75170,0.75460,0.75130,0.75360,9041
2006-09-21 00:00:00+00:00,0.75360,0.75790,0.75360,0.75700,9379
2006-09-22 00:00:00+00:00,0.75700,0.75720,0.74950,0.75060,8107
2006-09-24 00:00:00+00:00,0.75120,0.75160,0.74930,0.74950,998
2006-09-25 00:00:00+00:00,0.74950,0.75430,0.74915,0.75420,10588
2006-09-26 00:00:00+00:00,0.75410,0.75580,0.75040,0.75210,10649
2006-09-27 00:00:00+00:00,0.75210,0.75220,0.74740,0.75090,11510
2006-09-28 00:00:00+00:00,0.75100,0.75150,0.74640,0.74830,10370
2006-09-29 00:00:00+00:00,0.74820,0.74870,0.74340,0.74610,11028
2006-10-01 00:00:00+00:00,0.74620,0.74630,0.74450,0.74570,615
2006-10-02 00:00:00+00:00,0.74570,0.74920,0.74350,0.74730,8267
2006-10-03 00:00:00+00:00,0.74720,0.74840,0.74260,0.74360,8390
2006-10-04 00:00:00+00:00,0.74350,0.74650,0.74210,0.74580,9395
2006-10-05 00:00:00+00:00,0.74580,0.74770,0.74400,0.74525,8079
2006-10-06 00:00:00+00:00,0.74525,0.74845,0.74170,0.74260,8146
2006-10-08 00:00:00+00:00,0.74250,0.74310,0.74230,0.74270,677
2006-10-09 00:00:00+00:00,0.74270,0.74530,0.74180,0.74390,7727
2006-10-10 00:00:00+00:00,0.74390,0.74630,0.74240,0.74370,9079
2006-10-11 00:00:00+00:00,0.74370,0.74610,0.74160,0.74230,9017
2006-10-12 00:00:00+00:00,0.74240,0.75250,0.74180,0.75160,10871
2006-10-13 00:00:00+00:00,0.75160,0.75325,0.74900,0.75100,7435
2006-10-15 00:00:00+00:00,0.75070,0.75110,0.75020,0.75050,716
2006-10-16 00:00:00+00:00,0.75050,0.75470,0.74925,0.75330,7384
2006-10-17 00:00:00+00:00,0.75320,0.75550,0.75230,0.75350,8313
2006-10-18 00:00:00+00:00,0.75360,0.75550,0.75250,0.75480,7207
2006-10-19 00:00:00+00:00,0.75480,0.76000,0.75440,0.75910,7247
2006-10-20 00:00:00+00:00,0.75910,0.76050,0.75770,0.75840,6029
2006-10-22 00:00:00+00:00,0.75840,0.75930,0.75825,0.75845,567
2006-10-23 00:00:00+00:00,0.75850,0.76160,0.75660,0.75720,7414
2006-10-24 00:00:00+00:00,0.75720,0.75930,0.75590,0.75920,6638
2006-10-25 00:00:00+00:00,0.75920,0.76240,0.75850,0.76170,8725
2006-10-26 00:00:00+00:00,0.76180,0.76440,0.76110,0.76360,7021
2006-10-27 00:00:00+00:00,0.76350,0.76960,0.76240,0.76850,7547
2006-10-29 00:00:00+00:00,0.76830,0.76890,0.76815,0.76865,902
2006-10-30 00:00:00+00:00,0.76865,0.77030,0.76740,0.76890,7080
2006-10-31 00:00:00+00:00,0.76900,0.77560,0.76740,0.77500,8960
2006-11-01 00:00:00+00:00,0.77490,0.77670,0.77310,0.77420,9530
2006-11-02 00:00:00+00:00,0.77410,0.77500,0.77070,0.77420,8587
2006-11-03 00:00:00+00:00,0.77420,0.77480,0.76870,0.76980,7610
2006-11-05 00:00:00+00:00,0.76960,0.77020,0.76940,0.76995,937
2006-11-06 00:00:00+00:00,0.77005,0.77180,0.76710,0.77070,7232
2006-11-07 00:00:00+00:00,0.77080,0.77600,0.77040,0.77260,8186
2006-11-08 00:00:00+00:00,0.77260,0.77330,0.76780,0.77070,9187
2006-11-09 00:00:00+00:00,0.77070,0.77090,0.76470,0.76920,10378
2006-11-10 00:00:00+00:00,0.76930,0.76960,0.76610,0.76760,7772
2006-11-12 00:00:00+00:00,0.76700,0.76780,0.76625,0.76645,868
2006-11-13 00:00:00+00:00,0.76645,0.76780,0.76160,0.76390,7666
2006-11-14 00:00:00+00:00,0.76390,0.76740,0.76340,0.76600,9153
2006-11-15 00:00:00+00:00,0.76600,0.76610,0.76330,0.76480,7535
2006-11-16 00:00:00+00:00,0.76480,0.76980,0.76430,0.76650,8793
2006-11-17 00:00:00+00:00,0.76640,0.76940,0.76430,0.76900,7493
2006-11-19 00:00:00+00:00,0.76850,0.76985,0.76820,0.76945,841
2006-11-20 00:00:00+00:00,0.76945,0.77060,0.76770,0.77000,6704
2006-11-21 00:00:00+00:00,0.77000,0.77160,0.76820,0.77090,7252
2006-11-22 00:00:00+00:00,0.77080,0.77660,0.77070,0.77490,7593
2006-11-23 00:00:00+00:00,0.77480,0.77540,0.77330,0.77500,5605
2006-11-24 00:00:00+00:00,0.77490,0.77910,0.77450,0.77890,6782
2006-11-26 00:00:00+00:00,0.77870,0.78195,0.77850,0.78055,1391
2006-11-27 00:00:00+00:00,0.78065,0.78125,0.77630,0.77820,7338
2006-11-28 00:00:00+00:00,0.77810,0.78440,0.77770,0.78380,9166
2006-11-29 00:00:00+00:00,0.78370,0.78550,0.78190,0.78270,8499
2006-11-30 00:00:00+00:00,0.78280,0.79020,0.78280,0.78860,9572
2006-12-01 00:00:00+00:00,0.78880,0.79260,0.78740,0.78890,9335
2006-12-02 00:00:00+00:00,0.78900,0.78910,0.78900,0.78910,2
2006-12-03 00:00:00+00:00,0.78890,0.79075,0.78870,0.78955,1188
2006-12-04 00:00:00+00:00,0.78945,0.79000,0.78490,0.78860,8471
2006-12-05 00:00:00+00:00,0.78860,0.78940,0.78440,0.78630,8720
2006-12-06 00:00:00+00:00,0.78640,0.78900,0.78370,0.78460,8544
2006-12-07 00:00:00+00:00,0.78460,0.79120,0.78440,0.78850,9251
2006-12-08 00:00:00+00:00,0.78850,0.79300,0.78500,0.78560,10999
2006-12-10 00:00:00+00:00,0.78560,0.78630,0.78430,0.78480,1117
2006-12-11 00:00:00+00:00,0.78480,0.78630,0.78130,0.78530,8639
2006-12-12 00:00:00+00:00,0.78540,0.78780,0.78370,0.78740,7956
2006-12-13 00:00:00+00:00,0.78750,0.78940,0.78460,0.78650,8095
2006-12-14 00:00:00+00:00,0.78650,0.78750,0.78130,0.78340,10346
2006-12-15 00:00:00+00:00,0.78340,0.78440,0.77950,0.78170,8343
2006-12-17 00:00:00+00:00,0.78080,0.78190,0.78020,0.78120,863
2006-12-18 00:00:00+00:00,0.78110,0.78380,0.77810,0.78120,7590
2006-12-19 00:00:00+00:00,0.78110,0.78530,0.77995,0.78510,9556
2006-12-20 00:00:00+00:00,0.78500,0.78800,0.78230,0.78570,8510
2006-12-21 00:00:00+00:00,0.78570,0.78690,0.78240,0.78400,8031
2006-12-22 00:00:00+00:00,0.78410,0.78730,0.78255,0.78380,7650
2006-12-24 00:00:00+00:00,0.77810,0.78370,0.77810,0.78360,122
2006-12-25 00:00:00+00:00,0.78370,0.78610,0.78260,0.78440,1235
2006-12-26 00:00:00+00:00,0.78440,0.78625,0.78075,0.78235,4702
2006-12-27 00:00:00+00:00,0.78245,0.78645,0.78235,0.78475,6723
2006-12-28 00:00:00+00:00,0.78475,0.79165,0.78415,0.79005,7948
2006-12-29 00:00:00+00:00,0.78995,0.79235,0.78525,0.78880,5715
2007-01-01 00:00:00+00:00,0.78860,0.79070,0.78860,0.79050,478
2007-01-02 00:00:00+00:00,0.79050,0.79700,0.79030,0.79590,6637
2007-01-03 00:00:00+00:00,0.79590,0.79790,0.79050,0.79200,8519
2007-01-04 00:00:00+00:00,0.79200,0.79220,0.78260,0.78320,9197
2007-01-05 00:00:00+00:00,0.78320,0.78530,0.77840,0.77870,10100
2007-01-07 00:00:00+00:00,0.77960,0.77980,0.77870,0.77910,381
2007-01-08 00:00:00+00:00,0.77920,0.78230,0.77810,0.78150,7279
2007-01-09 00:00:00+00:00,0.78160,0.78370,0.77880,0.78070,7878
2007-01-10 00:00:00+00:00,0.78060,0.78130,0.77610,0.77690,8629
2007-01-11 00:00:00+00:00,0.77680,0.78420,0.77680,0.77980,10017
2007-01-12 00:00:00+00:00,0.77980,0.78380,0.77805,0.78370,7307
2007-01-14 00:00:00+00:00,0.78350,0.78510,0.78330,0.78470,669
2007-01-15 00:00:00+00:00,0.78470,0.78615,0.78280,0.78400,5948
2007-01-16 00:00:00+00:00,0.78400,0.78530,0.78140,0.78240,8756
2007-01-17 00:00:00+00:00,0.78240,0.78740,0.78230,0.78730,8752
2007-01-18 00:00:00+00:00,0.78730,0.79050,0.78600,0.78930,9590
2007-01-19 00:00:00+00:00,0.78940,0.79055,0.78620,0.78970,7920
2007-01-21 00:00:00+00:00,0.78980,0.78990,0.78830,0.78890,456
2007-01-22 00:00:00+00:00,0.78900,0.79070,0.78740,0.78810,7763
2007-01-23 00:00:00+00:00,0.78820,0.79370,0.78800,0.79210,9448
2007-01-24 00:00:00+00:00,0.79220,0.79250,0.77900,0.78080,14196
2007-01-25 00:00:00+00:00,0.78080,0.78110,0.77260,0.77340,11113
2007-01-26 00:00:00+00:00,0.77340,0.77490,0.77200,0.77390,7651
2007-01-28 00:00:00+00:00,0.77350,0.77430,0.77330,0.77430,393
2007-01-29 00:00:00+00:00,0.77420,0.77445,0.77080,0.77240,8770
2007-01-30 00:00:00+00:00,0.77250,0.77370,0.77010,0.77170,9340
2007-01-31 00:00:00+00:00,0.77160,0.77720,0.76970,0.77570,11381
2007-02-01 00:00:00+00:00,0.77570,0.77650,0.77350,0.77400,9161
2007-02-02 00:00:00+00:00,0.77390,0.77565,0.77150,0.77500,9896
2007-02-04 00:00:00+00:00,0.77390,0.77460,0.77330,0.77430,491
2007-02-05 00:00:00+00:00,0.77430,0.77680,0.77260,0.77600,7857
2007-02-06 00:00:00+00:00,0.77600,0.77830,0.77435,0.77730,7707
2007-02-07 00:00:00+00:00,0.77730,0.77970,0.77590,0.77920,7962
2007-02-08 00:00:00+00:00,0.77920,0.78190,0.77610,0.78140,9811
2007-02-09 00:00:00+00:00,0.78140,0.78210,0.77520,0.77610,8637
2007-02-11 00:00:00+00:00,0.77640,0.77780,0.77540,0.77750,567
2007-02-12 00:00:00+00:00,0.77750,0.77760,0.77120,0.77180,9158
2007-02-13 00:00:00+00:00,0.77170,0.77970,0.77080,0.77880,10483
2007-02-14 00:00:00+00:00,0.77870,0.78490,0.77870,0.78340,11660
2007-02-15 00:00:00+00:00,0.78350,0.78640,0.78250,0.78330,10398
2007-02-16 00:00:00+00:00,0.78340,0.78720,0.78330,0.78690,8143
2007-02-18 00:00:00+00:00,0.78690,0.78820,0.78680,0.78740,905
2007-02-19 00:00:00+00:00,0.78740,0.78865,0.78460,0.78615,7012
2007-02-20 00:00:00+00:00,0.78605,0.78800,0.78500,0.78770,7194
2007-02-21 00:00:00+00:00,0.78770,0.79210,0.78630,0.79070,9321
2007-02-22 00:00:00+00:00,0.79070,0.79150,0.78740,0.78930,7938
2007-02-23 00:00:00+00:00,0.78910,0.79240,0.78830,0.79170,7358
2007-02-25 00:00:00+00:00,0.79090,0.79230,0.79090,0.79230,337
2007-02-26 00:00:00+00:00,0.79220,0.79440,0.79120,0.79370,6778
2007-02-27 00:00:00+00:00,0.79370,0.79470,0.78540,0.78570,11355
2007-02-28 00:00:00+00:00,0.78580,0.78940,0.78580,0.78700,11320
2007-03-01 00:00:00+00:00,0.78700,0.78850,0.78370,0.78500,11278
2007-03-02 00:00:00+00:00,0.78490,0.78615,0.78120,0.78240,10782
2007-03-04 00:00:00+00:00,0.78230,0.78235,0.77985,0.77985,710
2007-03-05 00:00:00+00:00,0.77985,0.77985,0.76820,0.76960,15410
2007-03-06 00:00:00+00:00,0.76970,0.77560,0.76940,0.77480,11462
2007-03-07 00:00:00+00:00,0.77480,0.77950,0.77420,0.77560,10707
2007-03-08 00:00:00+00:00,0.77550,0.77910,0.77520,0.77810,9880
2007-03-09 00:00:00+00:00,0.77810,0.78160,0.77765,0.78010,9115
2007-03-11 00:00:00+00:00,0.78310,0.78340,0.78000,0.78170,649
2007-03-12 00:00:00+00:00,0.78170,0.78770,0.77980,0.78590,8544
2007-03-13 00:00:00+00:00,0.78590,0.78840,0.77990,0.78170,10148
2007-03-14 00:00:00+00:00,0.78160,0.78750,0.78045,0.78710,10063
2007-03-15 00:00:00+00:00,0.78700,0.78970,0.78490,0.78880,9636
2007-03-16 00:00:00+00:00,0.78880,0.79780,0.78780,0.79620,9774
2007-03-18 00:00:00+00:00,0.79500,0.79595,0.79340,0.79570,1212
2007-03-19 00:00:00+00:00,0.79570,0.80320,0.79420,0.80150,10157
2007-03-20 00:00:00+00:00,0.80160,0.80410,0.79640,0.80390,10456
2007-03-21 00:00:00+00:00,0.80380,0.80900,0.80010,0.80870,10045
2007-03-22 00:00:00+00:00,0.80860,0.80910,0.80520,0.80670,10441
2007-03-23 00:00:00+00:00,0.80670,0.80780,0.80430,0.80490,9412
2007-03-25 00:00:00+00:00,0.80530,0.80670,0.80450,0.80540,1054
2007-03-26 00:00:00+00:00,0.80540,0.81070,0.80285,0.80860,12289
2007-03-27 00:00:00+00:00,0.80850,0.81075,0.80660,0.80770,11558
2007-03-28 00:00:00+00:00,0.80770,0.80810,0.80375,0.80640,14310
2007-03-29 00:00:00+00:00,0.80640,0.81020,0.80570,0.80730,11834
2007-03-30 00:00:00+00:00,0.80720,0.81270,0.80570,0.80854,11860
2007-04-01 00:00:00+00:00,0.80930,0.81035,0.80880,0.80980,994
2007-04-02 00:00:00+00:00,0.80980,0.81809,0.80822,0.81625,15008
2007-04-03 00:00:00+00:00,0.81625,0.81687,0.80645,0.80805,15246
2007-04-04 00:00:00+00:00,0.80805,0.82100,0.80775,0.81885,12579
2007-04-05 00:00:00+00:00,0.81865,0.82015,0.81644,0.81865,9534
2007-04-06 00:00:00+00:00,0.81859,0.81965,0.81515,0.81634,5792
2007-04-08 00:00:00+00:00,0.81600,0.81680,0.81495,0.81515,628
2007-04-09 00:00:00+00:00,0.81515,0.81747,0.81497,0.81699,6870
2007-04-10 00:00:00+00:00,0.81697,0.82680,0.81685,0.82537,15929
2007-04-11 00:00:00+00:00,0.82545,0.82665,0.82345,0.82474,10039
2007-04-12 00:00:00+00:00,0.82474,0.83155,0.82327,0.83125,10702
2007-04-13 00:00:00+00:00,0.83125,0.83392,0.83055,0.83340,11502
2007-04-15 00:00:00+00:00,0.83310,0.83587,0.83265,0.83569,1533
2007-04-16 00:00:00+00:00,0.83574,0.83577,0.83120,0.83170,13121
2007-04-17 00:00:00+00:00,0.83170,0.83864,0.83148,0.83630,12391
2007-04-18 00:00:00+00:00,0.83630,0.83925,0.83155,0.83875,9898
2007-04-19 00:00:00+00:00,0.83880,0.83890,0.82815,0.83510,14095
2007-04-20 00:00:00+00:00,0.83508,0.83796,0.83400,0.83761,8906
2007-04-22 00:00:00+00:00,0.83755,0.83780,0.83617,0.83648,820
2007-04-23 00:00:00+00:00,0.83648,0.83704,0.83175,0.83320,8884
2007-04-24 00:00:00+00:00,0.83320,0.83395,0.82335,0.82980,16805
2007-04-25 00:00:00+00:00,0.82980,0.83590,0.82870,0.83366,12948
2007-04-26 00:00:00+00:00,0.83366,0.83466,0.82490,0.82633,11384
2007-04-27 00:00:00+00:00,0.82633,0.83390,0.82399,0.82994,16333
2007-04-29 00:00:00+00:00,0.83016,0.83090,0.82621,0.82725,1300
2007-04-30 00:00:00+00:00,0.82725,0.83295,0.82572,0.83004,13287
2007-05-01 00:00:00+00:00,0.82997,0.83275,0.82648,0.82736,14945
2007-05-02 00:00:00+00:00,0.82733,0.82763,0.82197,0.82445,12881
2007-05-03 00:00:00+00:00,0.82445,0.82590,0.82236,0.82340,12526
2007-05-04 00:00:00+00:00,0.82335,0.82380,0.81715,0.82142,15475
2007-05-06 00:00:00+00:00,0.82148,0.82243,0.82053,0.82123,794
2007-05-07 00:00:00+00:00,0.82123,0.82666,0.82098,0.82493,8879
2007-05-08 00:00:00+00:00,0.82495,0.83101,0.82460,0.82692,15702
2007-05-09 00:00:00+00:00,0.82692,0.83057,0.82682,0.82765,13577
2007-05-10 00:00:00+00:00,0.82765,0.83359,0.82300,0.82583,17895
2007-05-11 00:00:00+00:00,0.82585,0.83287,0.82523,0.83145,14108
2007-05-13 00:00:00+00:00,0.83240,0.83525,0.83132,0.83392,1100
2007-05-14 00:00:00+00:00,0.83384,0.83480,0.83177,0.83220,11506
2007-05-15 00:00:00+00:00,0.83220,0.83483,0.83027,0.83338,12970
2007-05-16 00:00:00+00:00,0.83337,0.83400,0.82315,0.82558,16677
2007-05-17 00:00:00+00:00,0.82553,0.82695,0.82031,0.82268,12787
2007-05-18 00:00:00+00:00,0.82273,0.82582,0.82060,0.82283,11636
2007-05-20 00:00:00+00:00,0.82315,0.82510,0.82315,0.82375,958
2007-05-21 00:00:00+00:00,0.82372,0.82395,0.81814,0.82130,14281
2007-05-22 00:00:00+00:00,0.82130,0.82298,0.81871,0.81948,12495
2007-05-23 00:00:00+00:00,0.81950,0.82670,0.81932,0.82265,16209
2007-05-24 00:00:00+00:00,0.82265,0.82360,0.81752,0.81875,13656
2007-05-25 00:00:00+00:00,0.81862,0.82180,0.81755,0.81791,13120
2007-05-27 00:00:00+00:00,0.81823,0.81890,0.81798,0.81855,388
2007-05-28 00:00:00+00:00,0.81855,0.81978,0.81845,0.81878,4272
2007-05-29 00:00:00+00:00,0.81875,0.82110,0.81630,0.81938,13986
2007-05-30 00:00:00+00:00,0.81943,0.82391,0.81724,0.82273,14976
2007-05-31 00:00:00+00:00,0.82268,0.82921,0.82174,0.82898,14738
2007-06-01 00:00:00+00:00,0.82898,0.83310,0.82774,0.83310,14815
2007-06-03 00:00:00+00:00,0.83305,0.83310,0.83190,0.83219,700
2007-06-04 00:00:00+00:00,0.83219,0.83475,0.83105,0.83410,10345
2007-06-05 00:00:00+00:00,0.83410,0.84072,0.83395,0.83781,11965
2007-06-06 00:00:00+00:00,0.83776,0.84399,0.83761,0.84198,12324
2007-06-07 00:00:00+00:00,0.84188,0.84770,0.83872,0.84280,16267
2007-06-08 00:00:00+00:00,0.84270,0.84495,0.83665,0.84492,14704
2007-06-10 00:00:00+00:00,0.84445,0.84463,0.84280,0.84298,874
2007-06-11 00:00:00+00:00,0.84298,0.84470,0.83931,0.84363,10937
2007-06-12 00:00:00+00:00,0.84365,0.84460,0.83915,0.84022,10900
2007-06-13 00:00:00+00:00,0.84023,0.84273,0.83592,0.83990,13585
2007-06-14 00:00:00+00:00,0.83995,0.84070,0.83331,0.83565,12821
2007-06-15 00:00:00+00:00,0.83570,0.84213,0.83561,0.84213,10369
2007-06-17 00:00:00+00:00,0.84270,0.84270,0.83975,0.84265,906
2007-06-18 00:00:00+00:00,0.84265,0.84533,0.83981,0.84258,11422
2007-06-19 00:00:00+00:00,0.84253,0.84700,0.84219,0.84633,10442
2007-06-20 00:00:00+00:00,0.84640,0.84758,0.84288,0.84400,13500
2007-06-21 00:00:00+00:00,0.84400,0.84748,0.84330,0.84711,10774
2007-06-22 00:00:00+00:00,0.84706,0.84939,0.84546,0.84715,12389
2007-06-24 00:00:00+00:00,0.84720,0.84850,0.84715,0.84835,599
2007-06-25 00:00:00+00:00,0.84835,0.85008,0.84615,0.84635,8564
2007-06-26 00:00:00+00:00,0.84635,0.85116,0.84244,0.84345,11682
2007-06-27 00:00:00+00:00,0.84335,0.84439,0.83555,0.83980,16999
2007-06-28 00:00:00+00:00,0.83981,0.84709,0.83920,0.84669,12041
2007-06-29 00:00:00+00:00,0.84667,0.85218,0.84659,0.84935,11884
2007-07-01 00:00:00+00:00,0.84905,0.85366,0.84770,0.84980,1814
2007-07-02 00:00:00+00:00,0.84985,0.85983,0.84985,0.85818,10702
2007-07-03 00:00:00+00:00,0.85828,0.85913,0.85385,0.85462,10986
2007-07-04 00:00:00+00:00,0.85462,0.85875,0.85432,0.85780,6937
2007-07-05 00:00:00+00:00,0.85787,0.86096,0.85538,0.85580,10408
2007-07-06 00:00:00+00:00,0.85583,0.85890,0.85490,0.85810,8611
2007-07-08 00:00:00+00:00,0.85806,0.85820,0.85760,0.85770,811
2007-07-09 00:00:00+00:00,0.85770,0.86150,0.85680,0.85997,8595
2007-07-10 00:00:00+00:00,0.85997,0.86368,0.85657,0.86051,12136
2007-07-11 00:00:00+00:00,0.86051,0.86413,0.85820,0.86230,11409
2007-07-12 00:00:00+00:00,0.86223,0.86755,0.86035,0.86683,10865
2007-07-13 00:00:00+00:00,0.86683,0.87176,0.86553,0.87122,8965
2007-07-15 00:00:00+00:00,0.87124,0.87154,0.86935,0.87045,901
2007-07-16 00:00:00+00:00,0.87045,0.87609,0.87005,0.87248,9555
2007-07-17 00:00:00+00:00,0.87248,0.87518,0.87118,0.87379,8548
2007-07-18 00:00:00+00:00,0.87380,0.87889,0.87359,0.87715,9990
2007-07-19 00:00:00+00:00,0.87725,0.88103,0.87625,0.88013,10178
2007-07-20 00:00:00+00:00,0.88018,0.88335,0.87539,0.88029,10600
2007-07-22 00:00:00+00:00,0.88025,0.88055,0.87875,0.88055,605
2007-07-23 00:00:00+00:00,0.88055,0.88428,0.87940,0.88276,8772
2007-07-24 00:00:00+00:00,0.88278,0.88629,0.88072,0.88198,10665
2007-07-25 00:00:00+00:00,0.88198,0.88719,0.87885,0.88592,14258
2007-07-26 00:00:00+00:00,0.88584,0.88685,0.86660,0.87448,16805
2007-07-27 00:00:00+00:00,0.87440,0.87679,0.85111,0.85188,22806
2007-07-29 00:00:00+00:00,0.85170,0.85353,0.84690,0.85145,2838
2007-07-30 00:00:00+00:00,0.85145,0.86150,0.84598,0.86050,19076
2007-07-31 00:00:00+00:00,0.86055,0.86145,0.84946,0.85310,16259
2007-08-01 00:00:00+00:00,0.85318,0.85687,0.84464,0.85289,18194
2007-08-02 00:00:00+00:00,0.85291,0.86040,0.84919,0.85800,16452
2007-08-03 00:00:00+00:00,0.85800,0.86030,0.85368,0.85475,13037
2007-08-05 00:00:00+00:00,0.85435,0.85550,0.85210,0.85529,1936
2007-08-06 00:00:00+00:00,0.85529,0.85916,0.85360,0.85844,11308
2007-08-07 00:00:00+00:00,0.85849,0.85912,0.85129,0.85765,14374
2007-08-08 00:00:00+00:00,0.85775,0.86357,0.85515,0.86325,12813
2007-08-09 00:00:00+00:00,0.86325,0.86625,0.84728,0.84948,16230
2007-08-10 00:00:00+00:00,0.84953,0.85023,0.84001,0.84450,16414
2007-08-12 00:00:00+00:00,0.84430,0.84658,0.84363,0.84504,1503
2007-08-13 00:00:00+00:00,0.84504,0.85066,0.83860,0.83953,15716
2007-08-14 00:00:00+00:00,0.83956,0.84048,0.83326,0.83430,17459
2007-08-15 00:00:00+00:00,0.83427,0.83468,0.81766,0.81876,22455
2007-08-16 00:00:00+00:00,0.81873,0.81923,0.78114,0.79225,33998
2007-08-17 00:00:00+00:00,0.79230,0.79870,0.76735,0.79760,25523
2007-08-19 00:00:00+00:00,0.79920,0.80005,0.79250,0.79370,1972
2007-08-20 00:00:00+00:00,0.79350,0.80950,0.78910,0.80235,19451
2007-08-21 00:00:00+00:00,0.80230,0.80615,0.79550,0.80110,19676
2007-08-22 00:00:00+00:00,0.80105,0.81150,0.79739,0.81060,16968
2007-08-23 00:00:00+00:00,0.81068,0.82162,0.80986,0.81927,19877
2007-08-24 00:00:00+00:00,0.81902,0.82727,0.81698,0.82721,17509
2007-08-26 00:00:00+00:00,0.82686,0.83105,0.82676,0.83050,1397
2007-08-27 00:00:00+00:00,0.83050,0.83349,0.82502,0.82524,11700
2007-08-28 00:00:00+00:00,0.82529,0.82796,0.80817,0.80927,18107
2007-08-29 00:00:00+00:00,0.80917,0.82350,0.80517,0.81955,16076
2007-08-30 00:00:00+00:00,0.81955,0.82090,0.81265,0.81815,16047
2007-08-31 00:00:00+00:00,0.81809,0.82518,0.81076,0.81853,15675
2007-09-02 00:00:00+00:00,0.81691,0.81945,0.81560,0.81880,1167
2007-09-03 00:00:00+00:00,0.81880,0.82392,0.81835,0.82040,9358
2007-09-04 00:00:00+00:00,0.82043,0.82866,0.81990,0.82809,15497
2007-09-05 00:00:00+00:00,0.82799,0.82814,0.81815,0.82040,17618
2007-09-06 00:00:00+00:00,0.82035,0.82975,0.81985,0.82869,14684
2007-09-07 00:00:00+00:00,0.82869,0.83096,0.82295,0.82660,13254
2007-09-09 00:00:00+00:00,0.82645,0.82730,0.82260,0.82340,1782
2007-09-10 00:00:00+00:00,0.82340,0.82690,0.81725,0.82455,14558
2007-09-11 00:00:00+00:00,0.82455,0.83492,0.82385,0.83300,15152
2007-09-12 00:00:00+00:00,0.83298,0.84345,0.83260,0.83945,15586
2007-09-13 00:00:00+00:00,0.83945,0.84388,0.83425,0.83707,18659
2007-09-14 00:00:00+00:00,0.83700,0.84322,0.83695,0.84200,14548
2007-09-16 00:00:00+00:00,0.84187,0.84237,0.84022,0.84082,606
2007-09-17 00:00:00+00:00,0.84082,0.84603,0.83117,0.83403,15544
2007-09-18 00:00:00+00:00,0.83400,0.85295,0.82760,0.84937,18656
2007-09-19 00:00:00+00:00,0.84932,0.85755,0.84868,0.85665,18592
2007-09-20 00:00:00+00:00,0.85655,0.86774,0.85655,0.86760,16846
2007-09-21 00:00:00+00:00,0.86754,0.87026,0.86053,0.86662,13841
2007-09-23 00:00:00+00:00,0.86696,0.86829,0.86594,0.86750,912
2007-09-24 00:00:00+00:00,0.86750,0.86974,0.86555,0.86672,11576
2007-09-25 00:00:00+00:00,0.86666,0.87470,0.86116,0.87235,15443
2007-09-26 00:00:00+00:00,0.87240,0.87703,0.87127,0.87535,13091
2007-09-27 00:00:00+00:00,0.87535,0.88337,0.87485,0.88065,15120
2007-09-28 00:00:00+00:00,0.88075,0.88869,0.87855,0.88789,12729
2007-09-30 00:00:00+00:00,0.88825,0.88935,0.88740,0.88925,1125
2007-10-01 00:00:00+00:00,0.88945,0.89493,0.88532,0.89330,13227
2007-10-02 00:00:00+00:00,0.89340,0.89340,0.88075,0.88421,17254
2007-10-03 00:00:00+00:00,0.88421,0.89167,0.88088,0.88440,16329
2007-10-04 00:00:00+00:00,0.88435,0.89007,0.87955,0.88847,14032
2007-10-05 00:00:00+00:00,0.88852,0.90060,0.88657,0.89753,13990
2007-10-07 00:00:00+00:00,0.89768,0.90245,0.89750,0.90175,1849
2007-10-08 00:00:00+00:00,0.90175,0.90345,0.89191,0.89442,11796
2007-10-09 00:00:00+00:00,0.89444,0.90130,0.89131,0.89925,15934
2007-10-10 00:00:00+00:00,0.89920,0.90068,0.89408,0.89808,13269
2007-10-11 00:00:00+00:00,0.89808,0.90607,0.89720,0.90184,17427
2007-10-12 00:00:00+00:00,0.90180,0.90523,0.89522,0.90455,15278
2007-10-13 00:00:00+00:00,0.90498,0.90498,0.90455,0.90455,4
2007-10-14 00:00:00+00:00,0.90455,0.90715,0.90374,0.90425,2051
2007-10-15 00:00:00+00:00,0.90425,0.90785,0.89598,0.89950,14899
2007-10-16 00:00:00+00:00,0.89955,0.90125,0.88225,0.89060,22579
2007-10-17 00:00:00+00:00,0.89062,0.89732,0.88163,0.88958,25182
2007-10-18 00:00:00+00:00,0.88955,0.89738,0.88855,0.89517,19335
2007-10-19 00:00:00+00:00,0.89507,0.89942,0.88927,0.89034,17007
2007-10-21 00:00:00+00:00,0.89075,0.89134,0.88405,0.88615,1873
2007-10-22 00:00:00+00:00,0.88610,0.89165,0.87507,0.88680,24217
2007-10-23 00:00:00+00:00,0.88675,0.89922,0.88550,0.89747,20742
2007-10-24 00:00:00+00:00,0.89752,0.90495,0.89364,0.90195,23792
2007-10-25 00:00:00+00:00,0.90198,0.90913,0.90102,0.90832,20238
2007-10-26 00:00:00+00:00,0.90822,0.91876,0.90812,0.91843,15058
2007-10-28 00:00:00+00:00,0.91843,0.92166,0.91791,0.92066,1754
2007-10-29 00:00:00+00:00,0.92066,0.92729,0.91863,0.92243,16855
2007-10-30 00:00:00+00:00,0.92243,0.92298,0.91465,0.92042,29836
2007-10-31 00:00:00+00:00,0.92039,0.93482,0.92019,0.93162,30846
2007-11-01 00:00:00+00:00,0.93151,0.93381,0.91083,0.91508,32151
2007-11-02 00:00:00+00:00,0.91510,0.92504,0.91400,0.92319,35944
2007-11-04 00:00:00+00:00,0.92184,0.92325,0.91892,0.91913,1402
2007-11-05 00:00:00+00:00,0.91915,0.92257,0.91567,0.92132,30793
2007-11-06 00:00:00+00:00,0.92132,0.93185,0.92081,0.93184,24471
2007-11-07 00:00:00+00:00,0.93188,0.94006,0.91891,0.92431,31292
2007-11-08 00:00:00+00:00,0.92433,0.93309,0.92190,0.92700,28214
2007-11-09 00:00:00+00:00,0.92690,0.93205,0.91008,0.91165,27767
2007-11-11 00:00:00+00:00,0.91070,0.91075,0.90108,0.90730,2577
2007-11-12 00:00:00+00:00,0.90730,0.90810,0.87533,0.87972,29629
2007-11-13 00:00:00+00:00,0.87971,0.90151,0.87819,0.89924,33197
2007-11-14 00:00:00+00:00,0.89934,0.90695,0.89320,0.89625,34950
2007-11-15 00:00:00+00:00,0.89615,0.90160,0.88315,0.88758,32938
2007-11-16 00:00:00+00:00,0.88762,0.89418,0.88164,0.89295,24700
2007-11-17 00:00:00+00:00,0.89287,0.89313,0.89287,0.89295,11
2007-11-18 00:00:00+00:00,0.89285,0.89830,0.89145,0.89677,1686
2007-11-19 00:00:00+00:00,0.89675,0.89983,0.88050,0.88240,22835
2007-11-20 00:00:00+00:00,0.88235,0.89535,0.87588,0.89080,30953
2007-11-21 00:00:00+00:00,0.89085,0.89150,0.86534,0.86900,29523
2007-11-22 00:00:00+00:00,0.86895,0.87885,0.86810,0.87235,13579
2007-11-23 00:00:00+00:00,0.87240,0.87790,0.86855,0.87780,16734
2007-11-25 00:00:00+00:00,0.87664,0.88489,0.87550,0.88130,2484
2007-11-26 00:00:00+00:00,0.88130,0.88693,0.86679,0.87205,24652
2007-11-27 00:00:00+00:00,0.87205,0.88140,0.87125,0.87758,29884
2007-11-28 00:00:00+00:00,0.87755,0.89210,0.87196,0.88605,26979
2007-11-29 00:00:00+00:00,0.88607,0.88661,0.87755,0.88315,28312
2007-11-30 00:00:00+00:00,0.88312,0.88952,0.88052,0.88444,25434
2007-12-02 00:00:00+00:00,0.88424,0.88539,0.88259,0.88328,1214
2007-12-03 00:00:00+00:00,0.88338,0.88440,0.87865,0.88107,22692
2007-12-04 00:00:00+00:00,0.88105,0.88127,0.86962,0.87228,27324
2007-12-05 00:00:00+00:00,0.87229,0.87335,0.86603,0.87105,21861
2007-12-06 00:00:00+00:00,0.87095,0.87965,0.86913,0.87945,18085
2007-12-07 00:00:00+00:00,0.87935,0.88277,0.87414,0.87602,20531
2007-12-09 00:00:00+00:00,0.87581,0.87655,0.87272,0.87615,1422
2007-12-10 00:00:00+00:00,0.87613,0.88685,0.87415,0.88531,19017
2007-12-11 00:00:00+00:00,0.88532,0.88957,0.87117,0.87697,20719
2007-12-12 00:00:00+00:00,0.87689,0.89080,0.87497,0.88479,20335
2007-12-13 00:00:00+00:00,0.88479,0.88738,0.87350,0.87823,20510
2007-12-14 00:00:00+00:00,0.87825,0.87942,0.86037,0.86065,25584
2007-12-16 00:00:00+00:00,0.86067,0.86403,0.86033,0.86292,1616
2007-12-17 00:00:00+00:00,0.86292,0.86513,0.85588,0.85804,23769
2007-12-18 00:00:00+00:00,0.85794,0.86443,0.85545,0.86174,21624
2007-12-19 00:00:00+00:00,0.86172,0.86366,0.85592,0.85839,20175
2007-12-20 00:00:00+00:00,0.85840,0.86043,0.85710,0.85893,17750
2007-12-21 00:00:00+00:00,0.85890,0.86976,0.85885,0.86736,17755
2007-12-23 00:00:00+00:00,0.86722,0.86877,0.86716,0.86773,649
2007-12-24 00:00:00+00:00,0.86777,0.87187,0.86734,0.87143,7217
2007-12-25 00:00:00+00:00,0.87125,0.87154,0.86886,0.87036,772
2007-12-26 00:00:00+00:00,0.87040,0.87461,0.87027,0.87441,6091
2007-12-27 00:00:00+00:00,0.87440,0.87920,0.87114,0.87745,16979
2007-12-28 00:00:00+00:00,0.87745,0.87878,0.87215,0.87616,16008
2007-12-30 00:00:00+00:00,0.87614,0.87813,0.87598,0.87739,698
2007-12-31 00:00:00+00:00,0.87747,0.88269,0.87447,0.87509,9074
2008-01-01 00:00:00+00:00,0.87650,0.87735,0.87510,0.87675,713
2008-01-02 00:00:00+00:00,0.87675,0.88505,0.87631,0.88386,13979
2008-01-03 00:00:00+00:00,0.88380,0.88440,0.87877,0.88185,18803
2008-01-04 00:00:00+00:00,0.88180,0.88384,0.87006,0.87216,21968
2008-01-06 00:00:00+00:00,0.87232,0.87345,0.87037,0.87287,1254
2008-01-07 00:00:00+00:00,0.87283,0.87489,0.86842,0.87181,24372
2008-01-08 00:00:00+00:00,0.87185,0.88386,0.87165,0.87936,23040
2008-01-09 00:00:00+00:00,0.87945,0.88580,0.87865,0.88299,26393
2008-01-10 00:00:00+00:00,0.88302,0.89754,0.88123,0.89446,24072
2008-01-11 00:00:00+00:00,0.89448,0.89707,0.88995,0.89095,22738
2008-01-13 00:00:00+00:00,0.89095,0.89264,0.88737,0.89264,2053
2008-01-14 00:00:00+00:00,0.89261,0.90035,0.89244,0.89833,16487
2008-01-15 00:00:00+00:00,0.89833,0.90181,0.87830,0.88368,24387
2008-01-16 00:00:00+00:00,0.88369,0.88685,0.87446,0.87889,39431
2008-01-17 00:00:00+00:00,0.87888,0.88802,0.87225,0.87280,37311
2008-01-18 00:00:00+00:00,0.87280,0.88520,0.87010,0.87913,29436
2008-01-20 00:00:00+00:00,0.87939,0.88203,0.87690,0.88108,1201
2008-01-21 00:00:00+00:00,0.88107,0.88108,0.85684,0.85728,25798
2008-01-22 00:00:00+00:00,0.85734,0.87285,0.85145,0.87214,33173
2008-01-23 00:00:00+00:00,0.87210,0.87474,0.86120,0.87275,38903
2008-01-24 00:00:00+00:00,0.87275,0.88330,0.86920,0.88260,30931
2008-01-25 00:00:00+00:00,0.88250,0.88539,0.87725,0.87957,32314
2008-01-27 00:00:00+00:00,0.87943,0.88160,0.87810,0.88061,958
2008-01-28 00:00:00+00:00,0.88063,0.88965,0.87680,0.88830,22276
2008-01-29 00:00:00+00:00,0.88830,0.89047,0.88600,0.88820,19245
2008-01-30 00:00:00+00:00,0.88815,0.90158,0.88213,0.88471,23279
2008-01-31 00:00:00+00:00,0.88475,0.89815,0.88455,0.89585,33174
2008-02-01 00:00:00+00:00,0.89540,0.90471,0.89435,0.90425,27042
2008-02-03 00:00:00+00:00,0.90395,0.90430,0.90220,0.90267,1283
2008-02-04 00:00:00+00:00,0.90271,0.91006,0.90262,0.90774,22357
2008-02-05 00:00:00+00:00,0.90772,0.90905,0.89418,0.89586,33340
2008-02-06 00:00:00+00:00,0.89592,0.89974,0.89088,0.89241,30220
2008-02-07 00:00:00+00:00,0.89236,0.89761,0.88747,0.89447,28616
2008-02-08 00:00:00+00:00,0.89449,0.89860,0.89162,0.89555,22540
2008-02-10 00:00:00+00:00,0.89535,0.89715,0.89519,0.89679,1181
2008-02-11 00:00:00+00:00,0.89677,0.90577,0.89677,0.90389,24180
2008-02-12 00:00:00+00:00,0.90390,0.90849,0.90207,0.90345,22159
2008-02-13 00:00:00+00:00,0.90340,0.90465,0.89241,0.89681,28227
2008-02-14 00:00:00+00:00,0.89684,0.90658,0.89676,0.90190,24090
2008-02-15 00:00:00+00:00,0.90185,0.90965,0.90095,0.90904,22428
2008-02-17 00:00:00+00:00,0.90838,0.90925,0.90545,0.90915,1622
2008-02-18 00:00:00+00:00,0.90915,0.91649,0.90885,0.91649,15218
2008-02-19 00:00:00+00:00,0.91652,0.92392,0.91634,0.92112,23286
2008-02-20 00:00:00+00:00,0.92111,0.92112,0.91127,0.91958,25664
2008-02-21 00:00:00+00:00,0.91954,0.92087,0.91663,0.91923,21673
2008-02-22 00:00:00+00:00,0.91928,0.92507,0.91718,0.92385,22757
2008-02-24 00:00:00+00:00,0.92365,0.92458,0.92170,0.92235,1008
2008-02-25 00:00:00+00:00,0.92235,0.92833,0.92200,0.92783,21960
2008-02-26 00:00:00+00:00,0.92778,0.93492,0.92533,0.93375,25593
2008-02-27 00:00:00+00:00,0.93377,0.94325,0.93182,0.94170,29711
2008-02-28 00:00:00+00:00,0.94172,0.94978,0.93665,0.94509,25737
2008-02-29 00:00:00+00:00,0.94500,0.94863,0.93038,0.93088,27837
2008-03-02 00:00:00+00:00,0.93064,0.93398,0.92758,0.93165,2424
2008-03-03 00:00:00+00:00,0.93165,0.94217,0.92878,0.93922,21605
2008-03-04 00:00:00+00:00,0.93921,0.93966,0.92183,0.92665,30935
2008-03-05 00:00:00+00:00,0.92667,0.93654,0.92299,0.93406,26604
2008-03-06 00:00:00+00:00,0.93413,0.93852,0.92477,0.92927,26395
2008-03-07 00:00:00+00:00,0.92921,0.93763,0.92617,0.92681,25747
2008-03-09 00:00:00+00:00,0.92680,0.93025,0.92570,0.92981,1360
2008-03-10 00:00:00+00:00,0.92981,0.93130,0.91492,0.91573,28447
2008-03-11 00:00:00+00:00,0.91572,0.93113,0.91507,0.92799,30209
2008-03-12 00:00:00+00:00,0.92797,0.93677,0.92778,0.93593,30040
2008-03-13 00:00:00+00:00,0.93598,0.94725,0.93308,0.94518,29942
2008-03-14 00:00:00+00:00,0.94547,0.94568,0.93532,0.93729,29195
2008-03-16 00:00:00+00:00,0.93752,0.94479,0.93520,0.94368,2607
2008-03-17 00:00:00+00:00,0.94366,0.94366,0.91291,0.92053,29881
2008-03-18 00:00:00+00:00,0.92048,0.93265,0.91663,0.92988,27694
2008-03-19 00:00:00+00:00,0.92987,0.93539,0.91167,0.91360,31244
2008-03-20 00:00:00+00:00,0.91357,0.91680,0.89538,0.90053,30610
2008-03-21 00:00:00+00:00,0.90063,0.90318,0.89898,0.90208,4332
2008-03-23 00:00:00+00:00,0.90210,0.90210,0.89928,0.90007,1092
2008-03-24 00:00:00+00:00,0.90007,0.91080,0.89792,0.90967,13933
2008-03-25 00:00:00+00:00,0.90967,0.91782,0.90855,0.91620,23577
2008-03-26 00:00:00+00:00,0.91616,0.92429,0.91224,0.91954,23275
2008-03-27 00:00:00+00:00,0.91954,0.92535,0.91675,0.92064,25692
2008-03-28 00:00:00+00:00,0.92062,0.92432,0.91509,0.91730,22171
2008-03-30 00:00:00+00:00,0.91723,0.91738,0.91401,0.91525,2090
2008-03-31 00:00:00+00:00,0.91525,0.91816,0.91040,0.91222,25581
2008-04-01 00:00:00+00:00,0.91230,0.91485,0.90300,0.90740,25870
2008-04-02 00:00:00+00:00,0.90742,0.91583,0.90554,0.91484,31688
2008-04-03 00:00:00+00:00,0.91478,0.91772,0.90929,0.91504,27824
2008-04-04 00:00:00+00:00,0.91503,0.92290,0.91011,0.92283,25543
2008-04-06 00:00:00+00:00,0.92283,0.92283,0.92065,0.92120,996
2008-04-07 00:00:00+00:00,0.92120,0.92844,0.91787,0.92652,21425
2008-04-08 00:00:00+00:00,0.92654,0.93220,0.92423,0.93179,24690
2008-04-09 00:00:00+00:00,0.93179,0.93184,0.92615,0.92964,26751
2008-04-10 00:00:00+00:00,0.92965,0.93462,0.92912,0.93242,27834
2008-04-11 00:00:00+00:00,0.93237,0.93407,0.92741,0.92788,24643
2008-04-13 00:00:00+00:00,0.92662,0.92807,0.92405,0.92460,2156
2008-04-14 00:00:00+00:00,0.92459,0.92719,0.92060,0.92570,29786
2008-04-15 00:00:00+00:00,0.92590,0.93070,0.92335,0.92636,28255
2008-04-16 00:00:00+00:00,0.92637,0.94014,0.92515,0.93798,28238
2008-04-17 00:00:00+00:00,0.93800,0.93936,0.93373,0.93727,29917
2008-04-18 00:00:00+00:00,0.93723,0.93958,0.92715,0.93467,23866
2008-04-20 00:00:00+00:00,0.93418,0.93476,0.93153,0.93399,1113
2008-04-21 00:00:00+00:00,0.93399,0.94432,0.93278,0.94357,27500
2008-04-22 00:00:00+00:00,0.94355,0.94732,0.93919,0.94614,27370
2008-04-23 00:00:00+00:00,0.94615,0.95423,0.94495,0.94801,27338
2008-04-24 00:00:00+00:00,0.94802,0.94829,0.93734,0.93850,31665
2008-04-25 00:00:00+00:00,0.93859,0.94208,0.92921,0.93335,28788
2008-04-27 00:00:00+00:00,0.93355,0.93595,0.93300,0.93510,951
2008-04-28 00:00:00+00:00,0.93510,0.94041,0.93400,0.93790,22175
2008-04-29 00:00:00+00:00,0.93792,0.93830,0.92938,0.93252,29109
2008-04-30 00:00:00+00:00,0.93252,0.94715,0.93104,0.94265,25433
2008-05-01 00:00:00+00:00,0.94246,0.94425,0.93077,0.93361,21163
2008-05-02 00:00:00+00:00,0.93356,0.93857,0.92755,0.93466,27918
2008-05-04 00:00:00+00:00,0.93457,0.93657,0.93427,0.93435,905
2008-05-05 00:00:00+00:00,0.93440,0.94683,0.93432,0.94618,17805
2008-05-06 00:00:00+00:00,0.94621,0.95066,0.94332,0.94955,21979
2008-05-07 00:00:00+00:00,0.94954,0.94963,0.93605,0.93613,24907
2008-05-08 00:00:00+00:00,0.93608,0.94560,0.93478,0.94428,30450
2008-05-09 00:00:00+00:00,0.94425,0.94543,0.93832,0.94344,23499
2008-05-11 00:00:00+00:00,0.94247,0.94247,0.93923,0.94005,1286
2008-05-12 00:00:00+00:00,0.94010,0.94790,0.93571,0.94668,23508
2008-05-13 00:00:00+00:00,0.94669,0.94779,0.93858,0.94175,23219
2008-05-14 00:00:00+00:00,0.94170,0.94270,0.93041,0.93219,25495
2008-05-15 00:00:00+00:00,0.93218,0.94198,0.92912,0.94130,25227
2008-05-16 00:00:00+00:00,0.94140,0.95603,0.94029,0.95574,21160
2008-05-18 00:00:00+00:00,0.95508,0.95703,0.95403,0.95438,1330
2008-05-19 00:00:00+00:00,0.95438,0.95633,0.95116,0.95445,19920
2008-05-20 00:00:00+00:00,0.95445,0.96182,0.95183,0.95747,27074
2008-05-21 00:00:00+00:00,0.95744,0.96547,0.95580,0.96275,21675
2008-05-22 00:00:00+00:00,0.96275,0.96497,0.95440,0.95775,25586
2008-05-23 00:00:00+00:00,0.95777,0.96373,0.95549,0.95915,17158
2008-05-25 00:00:00+00:00,0.95912,0.96000,0.95815,0.95900,846
2008-05-26 00:00:00+00:00,0.95900,0.96176,0.95851,0.96077,8449
2008-05-27 00:00:00+00:00,0.96084,0.96350,0.95772,0.95776,20042
2008-05-28 00:00:00+00:00,0.95775,0.96372,0.95625,0.96332,23035
2008-05-29 00:00:00+00:00,0.96337,0.96372,0.95369,0.95570,24446
2008-05-30 00:00:00+00:00,0.95566,0.95797,0.95129,0.95588,21746
2008-06-01 00:00:00+00:00,0.95569,0.95579,0.95368,0.95503,968
2008-06-02 00:00:00+00:00,0.95503,0.95677,0.95029,0.95420,21664
2008-06-03 00:00:00+00:00,0.95420,0.96129,0.94963,0.94978,25519
2008-06-04 00:00:00+00:00,0.94985,0.96292,0.94844,0.95661,27144
2008-06-05 00:00:00+00:00,0.95663,0.95929,0.95118,0.95917,26234
2008-06-06 00:00:00+00:00,0.95926,0.96427,0.95657,0.96266,20926
2008-06-07 00:00:00+00:00,0.96269,0.96269,0.96269,0.96269,2
2008-06-08 00:00:00+00:00,0.96306,0.96365,0.96080,0.96225,1189
2008-06-09 00:00:00+00:00,0.96229,0.96472,0.94820,0.95096,24144
2008-06-10 00:00:00+00:00,0.95101,0.95186,0.94418,0.94578,25545
2008-06-11 00:00:00+00:00,0.94579,0.94930,0.94355,0.94750,20843
2008-06-12 00:00:00+00:00,0.94745,0.94780,0.93278,0.93765,26619
2008-06-13 00:00:00+00:00,0.93767,0.94105,0.93349,0.93855,23763
2008-06-15 00:00:00+00:00,0.93852,0.94127,0.93785,0.93866,1172
2008-06-16 00:00:00+00:00,0.93866,0.94252,0.93705,0.94172,18568
2008-06-17 00:00:00+00:00,0.94168,0.94539,0.93897,0.94408,23554
2008-06-18 00:00:00+00:00,0.94410,0.94735,0.94036,0.94575,22833
2008-06-19 00:00:00+00:00,0.94580,0.95182,0.94518,0.95012,22319
2008-06-20 00:00:00+00:00,0.95014,0.95674,0.94927,0.95347,20272
2008-06-22 00:00:00+00:00,0.95344,0.95579,0.95264,0.95484,1215
2008-06-23 00:00:00+00:00,0.95484,0.95609,0.94936,0.95195,20796
2008-06-24 00:00:00+00:00,0.95196,0.95863,0.94999,0.95737,20297
2008-06-25 00:00:00+00:00,0.95742,0.96018,0.95327,0.95928,22263
2008-06-26 00:00:00+00:00,0.95923,0.96093,0.95413,0.95539,25574
2008-06-27 00:00:00+00:00,0.95540,0.96334,0.95503,0.96100,22492
2008-06-29 00:00:00+00:00,0.96149,0.96275,0.96021,0.96231,1155
2008-06-30 00:00:00+00:00,0.96221,0.96677,0.95535,0.95840,19997
2008-07-01 00:00:00+00:00,0.95842,0.95945,0.95120,0.95465,23998
2008-07-02 00:00:00+00:00,0.95460,0.96507,0.95340,0.96267,22654
2008-07-03 00:00:00+00:00,0.96267,0.96335,0.95834,0.95922,20986
2008-07-04 00:00:00+00:00,0.95932,0.96395,0.95917,0.96345,13103
2008-07-06 00:00:00+00:00,0.96295,0.96340,0.96235,0.96294,378
2008-07-07 00:00:00+00:00,0.96294,0.96329,0.95173,0.95500,22957
2008-07-08 00:00:00+00:00,0.95501,0.95640,0.95023,0.95432,23313
2008-07-09 00:00:00+00:00,0.95433,0.95912,0.94767,0.95613,28128
2008-07-10 00:00:00+00:00,0.95613,0.96395,0.95454,0.96173,25751
2008-07-11 00:00:00+00:00,0.96176,0.97180,0.95971,0.96638,22121
2008-07-13 00:00:00+00:00,0.96755,0.97087,0.96680,0.96754,1481
2008-07-14 00:00:00+00:00,0.96759,0.97358,0.96645,0.97181,20476
2008-07-15 00:00:00+00:00,0.97181,0.98503,0.97161,0.98061,27050
2008-07-16 00:00:00+00:00,0.98063,0.98163,0.97287,0.97510,26123
2008-07-17 00:00:00+00:00,0.97509,0.97918,0.96782,0.97260,25716
2008-07-18 00:00:00+00:00,0.97262,0.97385,0.96994,0.97023,19989
2008-07-20 00:00:00+00:00,0.97151,0.97369,0.97063,0.97229,1089
2008-07-21 00:00:00+00:00,0.97227,0.97721,0.97225,0.97627,19852
2008-07-22 00:00:00+00:00,0.97630,0.97933,0.96852,0.97193,22562
2008-07-23 00:00:00+00:00,0.97187,0.97441,0.95977,0.96127,27317
2008-07-24 00:00:00+00:00,0.96128,0.96370,0.95393,0.95820,27454
2008-07-25 00:00:00+00:00,0.95819,0.96074,0.95456,0.95623,23967
2008-07-27 00:00:00+00:00,0.95603,0.95603,0.95329,0.95390,1368
2008-07-28 00:00:00+00:00,0.95390,0.95944,0.95282,0.95787,20648
2008-07-29 00:00:00+00:00,0.95784,0.95856,0.94996,0.95204,22015
2008-07-30 00:00:00+00:00,0.95208,0.95263,0.94122,0.94407,28837
2008-07-31 00:00:00+00:00,0.94408,0.94778,0.93938,0.93960,25913
2008-08-01 00:00:00+00:00,0.93973,0.94006,0.92859,0.92912,26003
2008-08-03 00:00:00+00:00,0.92961,0.93098,0.92860,0.93036,1273
2008-08-04 00:00:00+00:00,0.93035,0.93465,0.92837,0.92843,20489
2008-08-05 00:00:00+00:00,0.92845,0.92937,0.91332,0.91678,31023
2008-08-06 00:00:00+00:00,0.91670,0.92053,0.90646,0.91122,27329
2008-08-07 00:00:00+00:00,0.91121,0.91294,0.90474,0.90570,25786
2008-08-08 00:00:00+00:00,0.90566,0.90584,0.88673,0.88854,34221
2008-08-10 00:00:00+00:00,0.88922,0.88926,0.88351,0.88471,2037
2008-08-11 00:00:00+00:00,0.88471,0.89524,0.87937,0.88368,26322
2008-08-12 00:00:00+00:00,0.88364,0.88458,0.86830,0.86858,33674
2008-08-13 00:00:00+00:00,0.86862,0.87718,0.85930,0.86906,37917
2008-08-14 00:00:00+00:00,0.86909,0.87957,0.86498,0.86584,31559
2008-08-15 00:00:00+00:00,0.86586,0.86939,0.86083,0.86618,27831
2008-08-17 00:00:00+00:00,0.86688,0.86802,0.86532,0.86687,1288
2008-08-18 00:00:00+00:00,0.86687,0.87581,0.86659,0.86838,26870
2008-08-19 00:00:00+00:00,0.86839,0.87427,0.86256,0.87346,30870
2008-08-20 00:00:00+00:00,0.87341,0.87435,0.86738,0.87254,26301
2008-08-21 00:00:00+00:00,0.87256,0.88130,0.86499,0.87841,30916
2008-08-22 00:00:00+00:00,0.87839,0.88054,0.86499,0.86640,23610
2008-08-24 00:00:00+00:00,0.86612,0.86869,0.86533,0.86786,806
2008-08-25 00:00:00+00:00,0.86786,0.86898,0.85551,0.85949,24688
2008-08-26 00:00:00+00:00,0.85951,0.86104,0.84938,0.85478,30136
2008-08-27 00:00:00+00:00,0.85474,0.86379,0.85333,0.86016,31799
2008-08-28 00:00:00+00:00,0.86016,0.86942,0.85912,0.86256,30776
2008-08-29 00:00:00+00:00,0.86256,0.86589,0.85555,0.85794,24828
2008-08-31 00:00:00+00:00,0.85744,0.85764,0.85578,0.85743,982
2008-09-01 00:00:00+00:00,0.85743,0.85806,0.84684,0.84929,18329
2008-09-02 00:00:00+00:00,0.84927,0.85342,0.82693,0.83136,37552
2008-09-03 00:00:00+00:00,0.83137,0.84026,0.82334,0.83469,38106
2008-09-04 00:00:00+00:00,0.83472,0.83945,0.81018,0.81472,36979
2008-09-05 00:00:00+00:00,0.81467,0.82258,0.80292,0.81591,34152
2008-09-07 00:00:00+00:00,0.81769,0.83429,0.81677,0.82854,4279
2008-09-08 00:00:00+00:00,0.82854,0.83528,0.80754,0.81615,37182
2008-09-09 00:00:00+00:00,0.81610,0.81773,0.79808,0.80120,39496
2008-09-10 00:00:00+00:00,0.80125,0.81318,0.79438,0.79728,38562
2008-09-11 00:00:00+00:00,0.79728,0.80983,0.79006,0.80395,35272
2008-09-12 00:00:00+00:00,0.80393,0.82416,0.80078,0.82370,33717
2008-09-14 00:00:00+00:00,0.82323,0.82400,0.81675,0.82050,2678
2008-09-15 00:00:00+00:00,0.82050,0.82620,0.79519,0.79776,39376
2008-09-16 00:00:00+00:00,0.79770,0.80413,0.78528,0.80235,39799
2008-09-17 00:00:00+00:00,0.80230,0.80748,0.78014,0.78975,37967
2008-09-18 00:00:00+00:00,0.78970,0.80980,0.78648,0.80474,34233
2008-09-19 00:00:00+00:00,0.80464,0.83623,0.80100,0.83390,34314
2008-09-21 00:00:00+00:00,0.83400,0.84031,0.82869,0.83112,2554
2008-09-22 00:00:00+00:00,0.83102,0.85201,0.82835,0.84478,35551
2008-09-23 00:00:00+00:00,0.84484,0.84692,0.82796,0.83481,38960
2008-09-24 00:00:00+00:00,0.83489,0.84290,0.83161,0.83477,34747
2008-09-25 00:00:00+00:00,0.83492,0.84266,0.83176,0.83698,37929
2008-09-26 00:00:00+00:00,0.83696,0.83786,0.82401,0.83105,31874
2008-09-28 00:00:00+00:00,0.83170,0.83435,0.82715,0.83280,1556
2008-09-29 00:00:00+00:00,0.83272,0.83292,0.79210,0.79898,34116
2008-09-30 00:00:00+00:00,0.79893,0.80974,0.78670,0.79536,34976
2008-10-01 00:00:00+00:00,0.79501,0.80216,0.78580,0.79192,32989
2008-10-02 00:00:00+00:00,0.79190,0.79438,0.76982,0.77285,33909
2008-10-03 00:00:00+00:00,0.77275,0.78169,0.77130,0.77415,32665
2008-10-05 00:00:00+00:00,0.77116,0.77387,0.76040,0.76317,2625
2008-10-06 00:00:00+00:00,0.76312,0.76477,0.69895,0.72215,40503
2008-10-07 00:00:00+00:00,0.72225,0.73560,0.70076,0.70725,41628
2008-10-08 00:00:00+00:00,0.70788,0.71393,0.64457,0.66665,50002
2008-10-09 00:00:00+00:00,0.66670,0.71345,0.66620,0.67420,43826
2008-10-10 00:00:00+00:00,0.67415,0.67530,0.63245,0.64325,45723
2008-10-12 00:00:00+00:00,0.66025,0.68123,0.65540,0.67933,4050
2008-10-13 00:00:00+00:00,0.67920,0.70853,0.65444,0.70835,41119
2008-10-14 00:00:00+00:00,0.70830,0.72382,0.69340,0.69493,50248
2008-10-15 00:00:00+00:00,0.69500,0.70767,0.64993,0.65590,46057
2008-10-16 00:00:00+00:00,0.65585,0.69466,0.65583,0.68655,41593
2008-10-17 00:00:00+00:00,0.68660,0.70090,0.67306,0.68885,37672
2008-10-19 00:00:00+00:00,0.68885,0.69900,0.68822,0.69455,1745
2008-10-20 00:00:00+00:00,0.69461,0.70645,0.68996,0.70243,36230
2008-10-21 00:00:00+00:00,0.70250,0.70326,0.67075,0.67470,39861
2008-10-22 00:00:00+00:00,0.67464,0.68260,0.66091,0.66373,48531
2008-10-23 00:00:00+00:00,0.66373,0.67523,0.65290,0.66925,41493
2008-10-24 00:00:00+00:00,0.66945,0.66945,0.60518,0.62252,74570
2008-10-26 00:00:00+00:00,0.62252,0.62625,0.61273,0.61905,2033
2008-10-27 00:00:00+00:00,0.61900,0.62473,0.60093,0.60525,40654
2008-10-28 00:00:00+00:00,0.60524,0.65313,0.60270,0.65037,39172
2008-10-29 00:00:00+00:00,0.65028,0.67976,0.63355,0.67092,42034
2008-10-30 00:00:00+00:00,0.67097,0.68944,0.66178,0.66995,41724
2008-10-31 00:00:00+00:00,0.67015,0.67527,0.65497,0.66770,36685
2008-11-02 00:00:00+00:00,0.66765,0.67258,0.66720,0.67118,1521
2008-11-03 00:00:00+00:00,0.67120,0.68618,0.66434,0.67535,47116
2008-11-04 00:00:00+00:00,0.67539,0.70146,0.66025,0.69810,72884
2008-11-05 00:00:00+00:00,0.69814,0.70130,0.67678,0.68010,76547
2008-11-06 00:00:00+00:00,0.68000,0.69040,0.66253,0.66535,67625
2008-11-07 00:00:00+00:00,0.66545,0.67894,0.65426,0.67430,46435
2008-11-09 00:00:00+00:00,0.67450,0.68915,0.67450,0.68830,1667
2008-11-10 00:00:00+00:00,0.68815,0.69871,0.66524,0.67141,50670
2008-11-11 00:00:00+00:00,0.67130,0.67572,0.64765,0.65630,33242
2008-11-12 00:00:00+00:00,0.65640,0.66645,0.63466,0.63739,53857
2008-11-13 00:00:00+00:00,0.63735,0.66978,0.63422,0.66570,83456
2008-11-14 00:00:00+00:00,0.66582,0.66636,0.64630,0.64880,72873
2008-11-16 00:00:00+00:00,0.64810,0.64900,0.63628,0.63800,2519
2008-11-17 00:00:00+00:00,0.63805,0.65968,0.63800,0.64806,68038
2008-11-18 00:00:00+00:00,0.64808,0.65786,0.64111,0.64997,64152
2008-11-19 00:00:00+00:00,0.64998,0.65976,0.63581,0.63820,62380
2008-11-20 00:00:00+00:00,0.63826,0.64176,0.60746,0.60950,73931
2008-11-21 00:00:00+00:00,0.60960,0.63323,0.60850,0.63260,70493
2008-11-23 00:00:00+00:00,0.63260,0.63816,0.63040,0.63422,1975
2008-11-24 00:00:00+00:00,0.63432,0.65546,0.62315,0.64956,36455
2008-11-25 00:00:00+00:00,0.64986,0.66184,0.63316,0.64864,84014
2008-11-26 00:00:00+00:00,0.64866,0.65526,0.64290,0.65367,67216
2008-11-27 00:00:00+00:00,0.65364,0.66069,0.64788,0.65600,29980
2008-11-28 00:00:00+00:00,0.65604,0.65969,0.64919,0.65475,59319
2008-11-30 00:00:00+00:00,0.65475,0.65475,0.65093,0.65175,851
2008-12-01 00:00:00+00:00,0.65165,0.65250,0.63335,0.63472,51116
2008-12-02 00:00:00+00:00,0.63474,0.64982,0.63420,0.64306,80176
2008-12-03 00:00:00+00:00,0.64300,0.65113,0.63946,0.64786,55290
2008-12-04 00:00:00+00:00,0.64784,0.65358,0.63930,0.64311,48190
2008-12-05 00:00:00+00:00,0.64310,0.64888,0.62904,0.64635,46305
2008-12-06 00:00:00+00:00,0.64783,0.64783,0.64783,0.64783,6
2008-12-07 00:00:00+00:00,0.64773,0.64873,0.64535,0.64705,666
2008-12-08 00:00:00+00:00,0.64715,0.66912,0.64700,0.66274,47070
2008-12-09 00:00:00+00:00,0.66272,0.66448,0.64946,0.65730,49304
2008-12-10 00:00:00+00:00,0.65742,0.66422,0.65210,0.65606,50032
2008-12-11 00:00:00+00:00,0.65606,0.68004,0.65480,0.66950,64199
2008-12-12 00:00:00+00:00,0.66950,0.67345,0.64889,0.66433,55544
2008-12-14 00:00:00+00:00,0.66360,0.66663,0.66118,0.66553,1754
2008-12-15 00:00:00+00:00,0.66553,0.67452,0.66296,0.66870,34890
2008-12-16 00:00:00+00:00,0.66861,0.69834,0.66630,0.69397,60588
2008-12-17 00:00:00+00:00,0.69397,0.70794,0.68609,0.70504,42106
2008-12-18 00:00:00+00:00,0.70479,0.71382,0.67631,0.69226,55783
2008-12-19 00:00:00+00:00,0.69226,0.69278,0.67682,0.68025,49532
2008-12-21 00:00:00+00:00,0.68025,0.68360,0.68020,0.68165,1031
2008-12-22 00:00:00+00:00,0.68170,0.68948,0.67992,0.68421,38170
2008-12-23 00:00:00+00:00,0.68422,0.68510,0.67699,0.67925,21218
2008-12-24 00:00:00+00:00,0.67926,0.68392,0.67566,0.68310,13610
2008-12-25 00:00:00+00:00,0.68318,0.68480,0.68020,0.68178,1230
2008-12-26 00:00:00+00:00,0.68182,0.68745,0.67954,0.68390,6660
2008-12-28 00:00:00+00:00,0.68390,0.68800,0.68360,0.68557,955
2008-12-29 00:00:00+00:00,0.68550,0.69692,0.68384,0.68990,22746
2008-12-30 00:00:00+00:00,0.68975,0.69437,0.68742,0.69085,19665
2008-12-31 00:00:00+00:00,0.69084,0.71187,0.68509,0.70375,17933
2009-01-01 00:00:00+00:00,0.70275,0.70760,0.70048,0.70480,1022
2009-01-02 00:00:00+00:00,0.70450,0.71181,0.69175,0.71115,18393
2009-01-04 00:00:00+00:00,0.71380,0.71645,0.71115,0.71565,1779
2009-01-05 00:00:00+00:00,0.71560,0.72060,0.70626,0.71443,27420
2009-01-06 00:00:00+00:00,0.71393,0.72685,0.70333,0.71999,48750
2009-01-07 00:00:00+00:00,0.72005,0.72696,0.70929,0.71016,38442
2009-01-08 00:00:00+00:00,0.71021,0.71330,0.69540,0.71166,44381
2009-01-09 00:00:00+00:00,0.71171,0.71186,0.70120,0.70330,35888
2009-01-11 00:00:00+00:00,0.70363,0.70391,0.69782,0.69860,1401
2009-01-12 00:00:00+00:00,0.69865,0.69930,0.67800,0.67890,27853
2009-01-13 00:00:00+00:00,0.67896,0.67934,0.65748,0.66724,44264
2009-01-14 00:00:00+00:00,0.66720,0.68106,0.65810,0.66453,52524
2009-01-15 00:00:00+00:00,0.66448,0.67016,0.65372,0.66680,62643
2009-01-16 00:00:00+00:00,0.66677,0.67963,0.66468,0.67323,39246
2009-01-18 00:00:00+00:00,0.67264,0.68094,0.67264,0.67934,1585
2009-01-19 00:00:00+00:00,0.67944,0.68431,0.66545,0.66715,31277
2009-01-20 00:00:00+00:00,0.66713,0.66791,0.64565,0.64876,52533
2009-01-21 00:00:00+00:00,0.64874,0.66594,0.64584,0.65834,78693
2009-01-22 00:00:00+00:00,0.65826,0.66190,0.64920,0.65468,43146
2009-01-23 00:00:00+00:00,0.65473,0.65872,0.64167,0.65390,48445
2009-01-25 00:00:00+00:00,0.65490,0.65848,0.65130,0.65196,1101
2009-01-26 00:00:00+00:00,0.65200,0.66448,0.64928,0.66193,37836
2009-01-27 00:00:00+00:00,0.66192,0.67186,0.65715,0.66438,37504
2009-01-28 00:00:00+00:00,0.66440,0.67333,0.65950,0.66530,39033
2009-01-29 00:00:00+00:00,0.66530,0.66624,0.64871,0.64987,28882
2009-01-30 00:00:00+00:00,0.65002,0.65047,0.63460,0.63555,35078
2009-02-01 00:00:00+00:00,0.63555,0.63782,0.63408,0.63550,1617
2009-02-02 00:00:00+00:00,0.63555,0.63643,0.62488,0.63050,33670
2009-02-03 00:00:00+00:00,0.63055,0.65462,0.63025,0.64888,46167
2009-02-04 00:00:00+00:00,0.64898,0.65320,0.63542,0.64261,53549
2009-02-05 00:00:00+00:00,0.64256,0.65826,0.64048,0.65172,45805
2009-02-06 00:00:00+00:00,0.65172,0.68035,0.64754,0.67470,41630
2009-02-08 00:00:00+00:00,0.67490,0.67678,0.67143,0.67323,1997
2009-02-09 00:00:00+00:00,0.67321,0.68494,0.66286,0.67470,30053
2009-02-10 00:00:00+00:00,0.67467,0.67557,0.64840,0.65710,43917
2009-02-11 00:00:00+00:00,0.65720,0.66025,0.64817,0.65350,38721
2009-02-12 00:00:00+00:00,0.65346,0.66164,0.64312,0.65706,55951
2009-02-13 00:00:00+00:00,0.65703,0.66430,0.65330,0.65702,31458
2009-02-15 00:00:00+00:00,0.65702,0.65702,0.65035,0.65290,2690
2009-02-16 00:00:00+00:00,0.65290,0.65405,0.64746,0.65289,30705
2009-02-17 00:00:00+00:00,0.65279,0.65317,0.63310,0.63674,30328
2009-02-18 00:00:00+00:00,0.63675,0.64337,0.63386,0.63905,42585
2009-02-19 00:00:00+00:00,0.63905,0.65230,0.63835,0.64467,34976
2009-02-20 00:00:00+00:00,0.64467,0.64996,0.63538,0.64521,31682
2009-02-22 00:00:00+00:00,0.64388,0.64721,0.64164,0.64426,1161
2009-02-23 00:00:00+00:00,0.64422,0.65480,0.64025,0.64075,37035
2009-02-24 00:00:00+00:00,0.64056,0.65390,0.63895,0.65231,42465
2009-02-25 00:00:00+00:00,0.65231,0.65554,0.64550,0.64680,40863
2009-02-26 00:00:00+00:00,0.64677,0.65550,0.64605,0.64680,46295
2009-02-27 00:00:00+00:00,0.64680,0.64786,0.63390,0.63893,41223
2009-03-01 00:00:00+00:00,0.63815,0.64003,0.63323,0.63433,1856
2009-03-02 00:00:00+00:00,0.63441,0.63845,0.62860,0.62945,38047
2009-03-03 00:00:00+00:00,0.62945,0.64646,0.62930,0.63753,44539
2009-03-04 00:00:00+00:00,0.63755,0.65288,0.62857,0.64666,51299
2009-03-05 00:00:00+00:00,0.64666,0.64856,0.63560,0.63880,40185
2009-03-06 00:00:00+00:00,0.63885,0.64718,0.63690,0.64030,69568
2009-03-08 00:00:00+00:00,0.64036,0.64318,0.63985,0.64298,1802
2009-03-09 00:00:00+00:00,0.64294,0.64500,0.63070,0.63458,38955
2009-03-10 00:00:00+00:00,0.63458,0.64892,0.63425,0.64795,55341
2009-03-11 00:00:00+00:00,0.64798,0.65264,0.63992,0.64818,51932
2009-03-12 00:00:00+00:00,0.64816,0.65778,0.64116,0.65405,58424
2009-03-13 00:00:00+00:00,0.65410,0.66047,0.65185,0.65817,33934
2009-03-15 00:00:00+00:00,0.65757,0.65795,0.65279,0.65652,2610
2009-03-16 00:00:00+00:00,0.65652,0.66379,0.65455,0.65956,36985
2009-03-17 00:00:00+00:00,0.65954,0.66290,0.65666,0.66286,36356
2009-03-18 00:00:00+00:00,0.66286,0.68179,0.65664,0.67830,44144
2009-03-19 00:00:00+00:00,0.67831,0.69448,0.67238,0.68790,72008
2009-03-20 00:00:00+00:00,0.68795,0.69326,0.68494,0.68687,46338
2009-03-22 00:00:00+00:00,0.68697,0.69342,0.68677,0.69117,3557
2009-03-23 00:00:00+00:00,0.69117,0.70604,0.69060,0.70390,37638
2009-03-24 00:00:00+00:00,0.70394,0.70950,0.69338,0.69935,49720
2009-03-25 00:00:00+00:00,0.69935,0.70512,0.69032,0.69888,43704
2009-03-26 00:00:00+00:00,0.69892,0.70408,0.69792,0.70215,48225
2009-03-27 00:00:00+00:00,0.70213,0.70321,0.68660,0.69415,44469
2009-03-29 00:00:00+00:00,0.69356,0.69356,0.68743,0.69034,3549
2009-03-30 00:00:00+00:00,0.69030,0.69240,0.67703,0.68020,44603
2009-03-31 00:00:00+00:00,0.68025,0.69708,0.67925,0.69208,36555
2009-04-01 00:00:00+00:00,0.69218,0.70014,0.68558,0.69834,42543
2009-04-02 00:00:00+00:00,0.69845,0.71988,0.69760,0.71968,58316
2009-04-03 00:00:00+00:00,0.71983,0.72307,0.70582,0.71499,45946
2009-04-05 00:00:00+00:00,0.71499,0.71826,0.71383,0.71750,4955
2009-04-06 00:00:00+00:00,0.71750,0.72093,0.70664,0.70670,41432
2009-04-07 00:00:00+00:00,0.70673,0.71696,0.70443,0.71212,43412
2009-04-08 00:00:00+00:00,0.71212,0.71284,0.70326,0.70812,61113
2009-04-09 00:00:00+00:00,0.70802,0.72070,0.70527,0.71868,53966
2009-04-10 00:00:00+00:00,0.71872,0.72074,0.71742,0.71957,10553
2009-04-12 00:00:00+00:00,0.71960,0.72993,0.71893,0.72168,3022
2009-04-13 00:00:00+00:00,0.72175,0.73286,0.71860,0.73200,17298
2009-04-14 00:00:00+00:00,0.73190,0.73215,0.72013,0.72313,48077
2009-04-15 00:00:00+00:00,0.72308,0.72970,0.71470,0.72775,59395
2009-04-16 00:00:00+00:00,0.72777,0.73160,0.71368,0.71988,49555
2009-04-17 00:00:00+00:00,0.71988,0.72290,0.71674,0.72252,32488
2009-04-19 00:00:00+00:00,0.72211,0.72485,0.71944,0.71947,2644
2009-04-20 00:00:00+00:00,0.71956,0.72106,0.69532,0.69755,44772
2009-04-21 00:00:00+00:00,0.69760,0.71312,0.69732,0.70714,63889
2009-04-22 00:00:00+00:00,0.70654,0.71180,0.70029,0.70626,65375
2009-04-23 00:00:00+00:00,0.70631,0.71570,0.70299,0.71208,49364
2009-04-24 00:00:00+00:00,0.71209,0.72409,0.71066,0.72330,55655
2009-04-26 00:00:00+00:00,0.72309,0.72387,0.71678,0.71687,3179
2009-04-27 00:00:00+00:00,0.71683,0.71823,0.70592,0.70663,44576
2009-04-28 00:00:00+00:00,0.70659,0.71020,0.69896,0.70709,53283
2009-04-29 00:00:00+00:00,0.70711,0.73008,0.70687,0.72550,53726
2009-04-30 00:00:00+00:00,0.72550,0.73847,0.72370,0.72889,63757
2009-05-01 00:00:00+00:00,0.72910,0.73462,0.72495,0.73066,42265
2009-05-03 00:00:00+00:00,0.72987,0.73488,0.72987,0.73367,1676
2009-05-04 00:00:00+00:00,0.73362,0.74189,0.73145,0.74167,34436
2009-05-05 00:00:00+00:00,0.74165,0.74804,0.73733,0.73908,45502
2009-05-06 00:00:00+00:00,0.73903,0.75037,0.73365,0.74825,47896
2009-05-07 00:00:00+00:00,0.74820,0.76162,0.74585,0.75502,63600
2009-05-08 00:00:00+00:00,0.75495,0.77088,0.75070,0.76865,61643
2009-05-10 00:00:00+00:00,0.76791,0.77138,0.76685,0.76880,2202
2009-05-11 00:00:00+00:00,0.76870,0.76999,0.75684,0.75932,53352
2009-05-12 00:00:00+00:00,0.75926,0.76982,0.75612,0.76775,55085
2009-05-13 00:00:00+00:00,0.76770,0.77042,0.75082,0.75258,73031
2009-05-14 00:00:00+00:00,0.75262,0.76180,0.74666,0.75915,70848
2009-05-15 00:00:00+00:00,0.75911,0.76082,0.74770,0.74908,52054
2009-05-17 00:00:00+00:00,0.74935,0.75053,0.74688,0.74723,2305
2009-05-18 00:00:00+00:00,0.74726,0.76686,0.74508,0.76419,55716
2009-05-19 00:00:00+00:00,0.76419,0.77844,0.76291,0.77456,63775
2009-05-20 00:00:00+00:00,0.77444,0.78091,0.76859,0.77423,62404
2009-05-21 00:00:00+00:00,0.77430,0.78075,0.76694,0.78045,68521
2009-05-22 00:00:00+00:00,0.78048,0.78683,0.77727,0.78277,47021
2009-05-24 00:00:00+00:00,0.78275,0.78372,0.77939,0.78310,1697
2009-05-25 00:00:00+00:00,0.78315,0.78325,0.77735,0.78055,12350
2009-05-26 00:00:00+00:00,0.78060,0.78882,0.77027,0.78755,49370
2009-05-27 00:00:00+00:00,0.78749,0.78914,0.77435,0.77838,73970
2009-05-28 00:00:00+00:00,0.77838,0.78692,0.77574,0.78542,83422
2009-05-29 00:00:00+00:00,0.78541,0.80164,0.78469,0.80097,69569
2009-05-31 00:00:00+00:00,0.80073,0.80718,0.79910,0.79985,3850
2009-06-01 00:00:00+00:00,0.79978,0.81543,0.79910,0.81118,64959
2009-06-02 00:00:00+00:00,0.81118,0.82321,0.80510,0.81885,70938
2009-06-03 00:00:00+00:00,0.81885,0.82648,0.79327,0.80211,87507
2009-06-04 00:00:00+00:00,0.80219,0.80912,0.78904,0.80005,66870
2009-06-05 00:00:00+00:00,0.80005,0.81240,0.79180,0.79325,62813
2009-06-07 00:00:00+00:00,0.79325,0.79606,0.79260,0.79547,1825
2009-06-08 00:00:00+00:00,0.79539,0.79867,0.78284,0.79183,49136
2009-06-09 00:00:00+00:00,0.79186,0.80442,0.78542,0.80082,29673
2009-06-10 00:00:00+00:00,0.80078,0.81352,0.79686,0.80306,29773
2009-06-11 00:00:00+00:00,0.80306,0.82376,0.80299,0.82020,32752
2009-06-12 00:00:00+00:00,0.82017,0.82058,0.80590,0.81241,27906
2009-06-14 00:00:00+00:00,0.81240,0.81382,0.80624,0.80836,1847
2009-06-15 00:00:00+00:00,0.80840,0.80926,0.79052,0.79456,28866
2009-06-16 00:00:00+00:00,0.79459,0.80684,0.78606,0.78808,35255
2009-06-17 00:00:00+00:00,0.78805,0.79970,0.78512,0.79674,36492
2009-06-18 00:00:00+00:00,0.79670,0.80544,0.79131,0.79957,31005
2009-06-19 00:00:00+00:00,0.79960,0.81186,0.79850,0.80640,23478
2009-06-21 00:00:00+00:00,0.80631,0.80962,0.80087,0.80234,1550
2009-06-22 00:00:00+00:00,0.80239,0.80274,0.78092,0.78326,29550
2009-06-23 00:00:00+00:00,0.78324,0.79774,0.77898,0.79428,35129
2009-06-24 00:00:00+00:00,0.79425,0.80550,0.79294,0.79700,32732
2009-06-25 00:00:00+00:00,0.79706,0.80466,0.79329,0.80435,30503
2009-06-26 00:00:00+00:00,0.80439,0.80872,0.80302,0.80733,23873
2009-06-28 00:00:00+00:00,0.80733,0.80858,0.80528,0.80698,934
2009-06-29 00:00:00+00:00,0.80694,0.81132,0.79846,0.80974,19486
2009-06-30 00:00:00+00:00,0.80977,0.81558,0.80394,0.80668,26262
2009-07-01 00:00:00+00:00,0.80678,0.81088,0.80242,0.80912,26374
2009-07-02 00:00:00+00:00,0.80908,0.80948,0.79028,0.79288,25885
2009-07-03 00:00:00+00:00,0.79284,0.80074,0.79219,0.79690,12568
2009-07-05 00:00:00+00:00,0.79690,0.79700,0.79264,0.79498,1041
2009-07-06 00:00:00+00:00,0.79500,0.79806,0.78798,0.79744,24001
2009-07-07 00:00:00+00:00,0.79747,0.80386,0.78563,0.78679,26464
2009-07-08 00:00:00+00:00,0.78676,0.78908,0.77238,0.77736,34981
2009-07-09 00:00:00+00:00,0.77739,0.78615,0.77688,0.78440,28756
2009-07-10 00:00:00+00:00,0.78437,0.78447,0.77394,0.77878,27895
2009-07-12 00:00:00+00:00,0.77878,0.78094,0.77805,0.78088,1061
2009-07-13 00:00:00+00:00,0.78092,0.78455,0.77032,0.78376,27252
2009-07-14 00:00:00+00:00,0.78380,0.79488,0.78136,0.79471,27751
2009-07-15 00:00:00+00:00,0.79467,0.80568,0.79255,0.80172,22278
2009-07-16 00:00:00+00:00,0.80167,0.80722,0.79606,0.80326,27494
2009-07-17 00:00:00+00:00,0.80329,0.80403,0.79712,0.80241,22348
2009-07-19 00:00:00+00:00,0.80138,0.80457,0.80012,0.80452,749
2009-07-20 00:00:00+00:00,0.80449,0.81810,0.80415,0.81375,21114
2009-07-21 00:00:00+00:00,0.81372,0.81934,0.80910,0.81508,21377
2009-07-22 00:00:00+00:00,0.81512,0.82138,0.80998,0.81547,22346
2009-07-23 00:00:00+00:00,0.81543,0.82226,0.81088,0.81475,22573
2009-07-24 00:00:00+00:00,0.81478,0.81892,0.81238,0.81718,17269
2009-07-26 00:00:00+00:00,0.81623,0.81962,0.81540,0.81580,977
2009-07-27 00:00:00+00:00,0.81580,0.82598,0.81458,0.82204,18645
2009-07-28 00:00:00+00:00,0.82207,0.83381,0.82009,0.82386,22471
2009-07-29 00:00:00+00:00,0.82390,0.82787,0.81260,0.81512,26759
2009-07-30 00:00:00+00:00,0.81519,0.82869,0.81519,0.82496,22898
2009-07-31 00:00:00+00:00,0.82493,0.83662,0.82416,0.83585,20376
2009-08-02 00:00:00+00:00,0.83601,0.83938,0.83405,0.83820,1861
2009-08-03 00:00:00+00:00,0.83824,0.84401,0.83508,0.84288,21776
2009-08-04 00:00:00+00:00,0.84291,0.84715,0.83859,0.84458,25033
2009-08-05 00:00:00+00:00,0.84454,0.84514,0.83620,0.84063,22370
2009-08-06 00:00:00+00:00,0.84059,0.84618,0.83697,0.84072,23627
2009-08-07 00:00:00+00:00,0.84076,0.84539,0.83459,0.83724,24262
2009-08-08 00:00:00+00:00,0.83724,0.83724,0.83724,0.83724,4
2009-08-09 00:00:00+00:00,0.83724,0.83734,0.83307,0.83638,2060
2009-08-10 00:00:00+00:00,0.83642,0.84301,0.83320,0.83638,21882
2009-08-11 00:00:00+00:00,0.83634,0.83894,0.82764,0.82952,19470
2009-08-12 00:00:00+00:00,0.82958,0.83710,0.81804,0.83396,24580
2009-08-13 00:00:00+00:00,0.83402,0.84541,0.83298,0.84274,24615
2009-08-14 00:00:00+00:00,0.84271,0.84784,0.82764,0.83260,22487
2009-08-16 00:00:00+00:00,0.83235,0.83245,0.82822,0.82944,1161
2009-08-17 00:00:00+00:00,0.82946,0.82972,0.81562,0.82329,26266
2009-08-18 00:00:00+00:00,0.82333,0.83060,0.81965,0.82946,21560
2009-08-19 00:00:00+00:00,0.82950,0.83140,0.81762,0.83022,23186
2009-08-20 00:00:00+00:00,0.83019,0.83330,0.82696,0.83186,19933
2009-08-21 00:00:00+00:00,0.83182,0.83965,0.82160,0.83487,21777
2009-08-23 00:00:00+00:00,0.83487,0.83846,0.83487,0.83834,996
2009-08-24 00:00:00+00:00,0.83840,0.84295,0.83589,0.83732,18142
2009-08-25 00:00:00+00:00,0.83730,0.84283,0.83320,0.83338,20284
2009-08-26 00:00:00+00:00,0.83335,0.83886,0.82535,0.82728,21947
2009-08-27 00:00:00+00:00,0.82732,0.84178,0.82389,0.84052,22926
2009-08-28 00:00:00+00:00,0.84054,0.84719,0.83794,0.84100,19235
2009-08-30 00:00:00+00:00,0.84170,0.84275,0.83985,0.84179,941
2009-08-31 00:00:00+00:00,0.84176,0.84600,0.83406,0.84291,20451
2009-09-01 00:00:00+00:00,0.84270,0.84514,0.82448,0.82562,27095
2009-09-02 00:00:00+00:00,0.82558,0.83732,0.82406,0.83460,25474
2009-09-03 00:00:00+00:00,0.83462,0.84274,0.83164,0.83932,20100
2009-09-04 00:00:00+00:00,0.83930,0.85362,0.83787,0.85066,17329
2009-09-06 00:00:00+00:00,0.85167,0.85391,0.85075,0.85324,1131
2009-09-07 00:00:00+00:00,0.85320,0.85774,0.85115,0.85526,9375
2009-09-08 00:00:00+00:00,0.85528,0.86587,0.85294,0.86338,19829
2009-09-09 00:00:00+00:00,0.86334,0.86683,0.85663,0.86186,22147
2009-09-10 00:00:00+00:00,0.86188,0.86445,0.85464,0.86235,21022
2009-09-11 00:00:00+00:00,0.86231,0.86759,0.86072,0.86356,20503
2009-09-13 00:00:00+00:00,0.86348,0.86447,0.86118,0.86191,1103
2009-09-14 00:00:00+00:00,0.86186,0.86242,0.85442,0.86228,20148
2009-09-15 00:00:00+00:00,0.86224,0.86466,0.85642,0.86440,20285
2009-09-16 00:00:00+00:00,0.86444,0.87496,0.86369,0.87321,19853
2009-09-17 00:00:00+00:00,0.87318,0.87752,0.86916,0.87073,18848
2009-09-18 00:00:00+00:00,0.87077,0.87181,0.86543,0.86748,17696
2009-09-20 00:00:00+00:00,0.86789,0.86789,0.86525,0.86671,726
2009-09-21 00:00:00+00:00,0.86675,0.86833,0.85910,0.86447,17792
2009-09-22 00:00:00+00:00,0.86451,0.87881,0.86418,0.87634,17175
2009-09-23 00:00:00+00:00,0.87637,0.87890,0.86487,0.86939,20910
2009-09-24 00:00:00+00:00,0.86942,0.87698,0.86086,0.86308,22866
2009-09-25 00:00:00+00:00,0.86304,0.87138,0.86106,0.86801,24814
2009-09-27 00:00:00+00:00,0.86769,0.86982,0.86479,0.86574,2992
2009-09-28 00:00:00+00:00,0.86568,0.87560,0.85870,0.87259,17523
2009-09-29 00:00:00+00:00,0.87263,0.87616,0.86762,0.87414,19968
2009-09-30 00:00:00+00:00,0.87418,0.88472,0.87342,0.88355,21593
2009-10-01 00:00:00+00:00,0.88367,0.88599,0.86742,0.86751,21309
2009-10-02 00:00:00+00:00,0.86755,0.87122,0.85690,0.86474,22082
2009-10-04 00:00:00+00:00,0.86474,0.86873,0.86451,0.86782,842
2009-10-05 00:00:00+00:00,0.86786,0.87977,0.86782,0.87729,16489
2009-10-06 00:00:00+00:00,0.87725,0.89205,0.87591,0.88983,19559
2009-10-07 00:00:00+00:00,0.88988,0.89503,0.88663,0.89323,18818
2009-10-08 00:00:00+00:00,0.89319,0.90908,0.89238,0.90416,19681
2009-10-09 00:00:00+00:00,0.90410,0.90840,0.90130,0.90372,17878
2009-10-11 00:00:00+00:00,0.90391,0.90589,0.90328,0.90481,1211
2009-10-12 00:00:00+00:00,0.90485,0.90946,0.89838,0.90816,12997
2009-10-13 00:00:00+00:00,0.90813,0.91262,0.90328,0.90713,18795
2009-10-14 00:00:00+00:00,0.90717,0.91734,0.90641,0.91714,17909
2009-10-15 00:00:00+00:00,0.91710,0.92470,0.91514,0.92444,17852
2009-10-16 00:00:00+00:00,0.92448,0.92693,0.91240,0.91651,19186
2009-10-18 00:00:00+00:00,0.91691,0.91727,0.91361,0.91556,1885
2009-10-19 00:00:00+00:00,0.91560,0.92939,0.91136,0.92854,17891
2009-10-20 00:00:00+00:00,0.92856,0.93110,0.91824,0.92414,19204
2009-10-21 00:00:00+00:00,0.92418,0.93282,0.91926,0.92743,22361
2009-10-22 00:00:00+00:00,0.92747,0.92985,0.91852,0.92836,21205
2009-10-23 00:00:00+00:00,0.92840,0.92952,0.91996,0.92247,19831
2009-10-25 00:00:00+00:00,0.92222,0.92222,0.91922,0.92114,1128
2009-10-26 00:00:00+00:00,0.92117,0.92769,0.91258,0.91590,18805
2009-10-27 00:00:00+00:00,0.91593,0.92181,0.91225,0.91778,21232
2009-10-28 00:00:00+00:00,0.91782,0.92075,0.89617,0.89836,28417
2009-10-29 00:00:00+00:00,0.89832,0.91819,0.89441,0.91468,22150
2009-10-30 00:00:00+00:00,0.91465,0.91760,0.89793,0.89963,24111
2009-11-01 00:00:00+00:00,0.89900,0.90074,0.89068,0.89668,4177
2009-11-02 00:00:00+00:00,0.89664,0.91210,0.89646,0.90514,24343
2009-11-03 00:00:00+00:00,0.90510,0.90915,0.89164,0.90418,29279
2009-11-04 00:00:00+00:00,0.90422,0.91438,0.89573,0.90916,25194
2009-11-05 00:00:00+00:00,0.90912,0.91242,0.90252,0.91029,22400
2009-11-06 00:00:00+00:00,0.91025,0.91980,0.90963,0.91896,22194
2009-11-08 00:00:00+00:00,0.91856,0.92371,0.91825,0.92033,1903
2009-11-09 00:00:00+00:00,0.92030,0.93189,0.91957,0.93137,18457
2009-11-10 00:00:00+00:00,0.93133,0.93235,0.92555,0.93050,20321
2009-11-11 00:00:00+00:00,0.93046,0.93437,0.92707,0.93024,21223
2009-11-12 00:00:00+00:00,0.93028,0.93703,0.92110,0.92501,25013
2009-11-13 00:00:00+00:00,0.92504,0.93430,0.92386,0.93346,16871
2009-11-15 00:00:00+00:00,0.93346,0.93528,0.93213,0.93520,996
2009-11-16 00:00:00+00:00,0.93516,0.94061,0.93168,0.93650,16568
2009-11-17 00:00:00+00:00,0.93646,0.93761,0.92378,0.93066,21034
2009-11-18 00:00:00+00:00,0.93070,0.93374,0.92664,0.92831,17233
2009-11-19 00:00:00+00:00,0.92827,0.92835,0.91318,0.91903,21734
2009-11-20 00:00:00+00:00,0.91907,0.92148,0.90610,0.91508,23039
2009-11-22 00:00:00+00:00,0.91463,0.91543,0.91125,0.91532,1382
2009-11-23 00:00:00+00:00,0.91536,0.92770,0.91536,0.92287,16766
2009-11-24 00:00:00+00:00,0.92291,0.92324,0.91320,0.92106,19791
2009-11-25 00:00:00+00:00,0.92110,0.93214,0.92110,0.92952,18421
2009-11-26 00:00:00+00:00,0.92948,0.92948,0.89931,0.90430,25546
2009-11-27 00:00:00+00:00,0.90430,0.91106,0.89468,0.90623,30261
2009-11-29 00:00:00+00:00,0.90703,0.91723,0.90703,0.91222,3532
2009-11-30 00:00:00+00:00,0.91218,0.91938,0.91059,0.91752,26307
2009-12-01 00:00:00+00:00,0.91759,0.92708,0.91060,0.92531,22377
2009-12-02 00:00:00+00:00,0.92535,0.92958,0.92318,0.92769,17767
2009-12-03 00:00:00+00:00,0.92764,0.93221,0.92309,0.92417,19424
2009-12-04 00:00:00+00:00,0.92422,0.92935,0.91088,0.91473,21266
2009-12-06 00:00:00+00:00,0.91573,0.91670,0.91280,0.91440,1784
2009-12-07 00:00:00+00:00,0.91436,0.91880,0.90528,0.91488,23040
2009-12-08 00:00:00+00:00,0.91484,0.91642,0.90152,0.90223,24218
2009-12-09 00:00:00+00:00,0.90227,0.91136,0.90223,0.90967,21389
2009-12-10 00:00:00+00:00,0.90975,0.91902,0.90918,0.91650,19565
2009-12-11 00:00:00+00:00,0.91653,0.91955,0.90910,0.91280,16485
2009-12-13 00:00:00+00:00,0.91184,0.91275,0.90917,0.91044,1618
2009-12-14 00:00:00+00:00,0.91048,0.91746,0.90556,0.91565,17573
2009-12-15 00:00:00+00:00,0.91562,0.91658,0.90342,0.90589,15675
2009-12-16 00:00:00+00:00,0.90586,0.90701,0.89559,0.89918,21677
2009-12-17 00:00:00+00:00,0.89914,0.90045,0.88108,0.88492,23809
2009-12-18 00:00:00+00:00,0.88496,0.89167,0.88285,0.88999,18432
2009-12-20 00:00:00+00:00,0.89019,0.89363,0.88835,0.88896,1485
2009-12-21 00:00:00+00:00,0.88902,0.89045,0.87829,0.88057,15678
2009-12-22 00:00:00+00:00,0.88061,0.88345,0.87439,0.87655,14767
2009-12-23 00:00:00+00:00,0.87651,0.88186,0.87349,0.87984,12124
2009-12-24 00:00:00+00:00,0.87988,0.88605,0.87963,0.88417,6692
2009-12-25 00:00:00+00:00,0.88409,0.88572,0.88194,0.88440,1031
2009-12-27 00:00:00+00:00,0.88445,0.88525,0.88264,0.88431,343
2009-12-28 00:00:00+00:00,0.88435,0.88912,0.88276,0.88682,5315
2009-12-29 00:00:00+00:00,0.88678,0.89933,0.88608,0.89348,11215
2009-12-30 00:00:00+00:00,0.89344,0.89592,0.89020,0.89422,10154
2009-12-31 00:00:00+00:00,0.89426,0.90120,0.89303,0.89775,10509
2010-01-03 00:00:00+00:00,0.89770,0.89982,0.89680,0.89728,1180
2010-01-04 00:00:00+00:00,0.89732,0.91367,0.89389,0.91254,15255
2010-01-05 00:00:00+00:00,0.91259,0.91742,0.90927,0.91163,17284
2010-01-06 00:00:00+00:00,0.91167,0.92172,0.90989,0.92006,16576
2010-01-07 00:00:00+00:00,0.92009,0.92666,0.91596,0.91769,18219
2010-01-08 00:00:00+00:00,0.91773,0.92537,0.91236,0.92471,17708
2010-01-10 00:00:00+00:00,0.92509,0.93091,0.92494,0.93046,2250
2010-01-11 00:00:00+00:00,0.93050,0.93252,0.92844,0.92947,15058
2010-01-12 00:00:00+00:00,0.92951,0.93061,0.91714,0.92043,21135
2010-01-13 00:00:00+00:00,0.92047,0.92674,0.91898,0.92390,18817
2010-01-14 00:00:00+00:00,0.92386,0.93300,0.92164,0.93117,17579
2010-01-15 00:00:00+00:00,0.93113,0.93135,0.92154,0.92271,16913
2010-01-17 00:00:00+00:00,0.92259,0.92272,0.92048,0.92213,1064
2010-01-18 00:00:00+00:00,0.92217,0.92796,0.91749,0.92721,10220
2010-01-19 00:00:00+00:00,0.92717,0.92744,0.91756,0.92268,17391
2010-01-20 00:00:00+00:00,0.92272,0.92392,0.90729,0.91135,24042
2010-01-21 00:00:00+00:00,0.91130,0.91464,0.89934,0.90412,27412
2010-01-22 00:00:00+00:00,0.90408,0.90928,0.89833,0.90057,23920
2010-01-24 00:00:00+00:00,0.90098,0.90570,0.89963,0.90414,2111
2010-01-25 00:00:00+00:00,0.90410,0.90932,0.90206,0.90476,17195
2010-01-26 00:00:00+00:00,0.90472,0.90844,0.89382,0.89992,24683
2010-01-27 00:00:00+00:00,0.89990,0.90456,0.89104,0.89576,27111
2010-01-28 00:00:00+00:00,0.89572,0.90478,0.89152,0.89364,25685
2010-01-29 00:00:00+00:00,0.89360,0.89626,0.88339,0.88374,26538
2010-01-31 00:00:00+00:00,0.88396,0.88724,0.87784,0.88611,2841
2010-02-01 00:00:00+00:00,0.88614,0.89238,0.87886,0.89158,19406
2010-02-02 00:00:00+00:00,0.89154,0.89272,0.87810,0.88732,21771
2010-02-03 00:00:00+00:00,0.88728,0.89160,0.88057,0.88212,18649
2010-02-04 00:00:00+00:00,0.88208,0.88260,0.86074,0.86856,24138
2010-02-05 00:00:00+00:00,0.86852,0.87182,0.85785,0.86845,29948
2010-02-07 00:00:00+00:00,0.86865,0.87250,0.86516,0.86578,2467
2010-02-08 00:00:00+00:00,0.86574,0.87089,0.86142,0.86332,19742
2010-02-09 00:00:00+00:00,0.86328,0.87972,0.86326,0.87737,24604
2010-02-10 00:00:00+00:00,0.87733,0.87925,0.87097,0.87696,23224
2010-02-11 00:00:00+00:00,0.87700,0.89206,0.87662,0.89014,24119
2010-02-12 00:00:00+00:00,0.89018,0.89142,0.87848,0.88770,21660
2010-02-14 00:00:00+00:00,0.88750,0.88875,0.88638,0.88792,707
2010-02-15 00:00:00+00:00,0.88796,0.89096,0.88482,0.88856,8988
2010-02-16 00:00:00+00:00,0.88852,0.90273,0.88774,0.90104,16233
2010-02-17 00:00:00+00:00,0.90108,0.90360,0.89648,0.89879,15781
2010-02-18 00:00:00+00:00,0.89883,0.90264,0.88890,0.88988,23062
2010-02-19 00:00:00+00:00,0.88992,0.89897,0.88786,0.89894,21570
2010-02-21 00:00:00+00:00,0.89923,0.90201,0.89863,0.90080,1545
2010-02-22 00:00:00+00:00,0.90083,0.90244,0.89735,0.90049,16024
2010-02-23 00:00:00+00:00,0.90054,0.90713,0.88788,0.89258,22879
2010-02-24 00:00:00+00:00,0.89260,0.89560,0.88576,0.89440,20818
2010-02-25 00:00:00+00:00,0.89444,0.89526,0.88006,0.88684,25549
2010-02-26 00:00:00+00:00,0.88681,0.89792,0.88669,0.89541,19675
2010-02-28 00:00:00+00:00,0.89537,0.89914,0.89512,0.89856,1641
2010-03-01 00:00:00+00:00,0.89888,0.90166,0.89354,0.89998,20208
2010-03-02 00:00:00+00:00,0.90003,0.90596,0.89568,0.90465,23374
2010-03-03 00:00:00+00:00,0.90461,0.90854,0.90084,0.90504,20516
2010-03-04 00:00:00+00:00,0.90508,0.90540,0.89788,0.89952,21210
2010-03-05 00:00:00+00:00,0.89948,0.90934,0.89920,0.90767,15869
2010-03-07 00:00:00+00:00,0.90727,0.91048,0.90608,0.90952,1480
2010-03-08 00:00:00+00:00,0.90948,0.91335,0.90747,0.90850,14449
2010-03-09 00:00:00+00:00,0.90855,0.91633,0.90555,0.91540,17865
2010-03-10 00:00:00+00:00,0.91544,0.91934,0.91267,0.91379,15880
2010-03-11 00:00:00+00:00,0.91375,0.91702,0.91106,0.91555,17023
2010-03-12 00:00:00+00:00,0.91559,0.91941,0.91408,0.91529,15322
2010-03-14 00:00:00+00:00,0.91567,0.92033,0.91548,0.91769,1379
2010-03-15 00:00:00+00:00,0.91765,0.91782,0.90959,0.91345,17671
2010-03-16 00:00:00+00:00,0.91348,0.92176,0.91200,0.91894,16220
2010-03-17 00:00:00+00:00,0.91890,0.92519,0.91741,0.92322,14862
2010-03-18 00:00:00+00:00,0.92318,0.92332,0.91801,0.92106,15030
2010-03-19 00:00:00+00:00,0.92102,0.92244,0.91290,0.91539,16254
2010-03-21 00:00:00+00:00,0.91551,0.91605,0.91338,0.91392,1282
2010-03-22 00:00:00+00:00,0.91396,0.91873,0.90852,0.91863,16212
2010-03-23 00:00:00+00:00,0.91867,0.91984,0.91365,0.91823,13771
2010-03-24 00:00:00+00:00,0.91819,0.91872,0.90660,0.91158,19953
2010-03-25 00:00:00+00:00,0.91162,0.91402,0.90628,0.90860,18226
2010-03-26 00:00:00+00:00,0.90863,0.91170,0.90016,0.90404,17206
2010-03-28 00:00:00+00:00,0.90372,0.90647,0.90332,0.90488,1785
2010-03-29 00:00:00+00:00,0.90492,0.91790,0.90472,0.91687,14109
2010-03-30 00:00:00+00:00,0.91690,0.92156,0.91666,0.92053,14429
2010-03-31 00:00:00+00:00,0.92056,0.92067,0.91311,0.91714,17031
2010-04-01 00:00:00+00:00,0.91722,0.92170,0.91538,0.92111,13543
2010-04-02 00:00:00+00:00,0.92107,0.92135,0.91829,0.91940,4485
2010-04-04 00:00:00+00:00,0.91940,0.92064,0.91867,0.92057,497
2010-04-05 00:00:00+00:00,0.92061,0.92210,0.91913,0.91979,5744
2010-04-06 00:00:00+00:00,0.91975,0.92888,0.91657,0.92677,15217
2010-04-07 00:00:00+00:00,0.92680,0.92976,0.92487,0.92632,12198
2010-04-08 00:00:00+00:00,0.92628,0.92936,0.92239,0.92910,12324
2010-04-09 00:00:00+00:00,0.92906,0.93462,0.92654,0.93325,10988
2010-04-11 00:00:00+00:00,0.93470,0.93890,0.93345,0.93626,2316
2010-04-12 00:00:00+00:00,0.93622,0.93672,0.92376,0.92654,12506
2010-04-13 00:00:00+00:00,0.92658,0.92944,0.92235,0.92858,12320
2010-04-14 00:00:00+00:00,0.92861,0.93615,0.92833,0.93595,11864
2010-04-15 00:00:00+00:00,0.93599,0.93641,0.93110,0.93366,10739
2010-04-16 00:00:00+00:00,0.93363,0.93373,0.92318,0.92415,16151
2010-04-18 00:00:00+00:00,0.92395,0.92410,0.92044,0.92230,1888
2010-04-19 00:00:00+00:00,0.92234,0.92658,0.91579,0.92519,17326
2010-04-20 00:00:00+00:00,0.92516,0.93248,0.92463,0.92992,13865
2010-04-21 00:00:00+00:00,0.92988,0.93378,0.92570,0.92824,13960
2010-04-22 00:00:00+00:00,0.92821,0.93046,0.92278,0.92451,16318
2010-04-23 00:00:00+00:00,0.92448,0.92792,0.91711,0.92785,16267
2010-04-24 00:00:00+00:00,0.92765,0.92765,0.92765,0.92765,1
2010-04-25 00:00:00+00:00,0.92745,0.92787,0.92444,0.92638,685
2010-04-26 00:00:00+00:00,0.92642,0.93126,0.92572,0.92831,11548
2010-04-27 00:00:00+00:00,0.92834,0.92868,0.91357,0.91674,17591
2010-04-28 00:00:00+00:00,0.91670,0.92664,0.91568,0.92335,22920
2010-04-29 00:00:00+00:00,0.92331,0.93137,0.92225,0.92976,13305
2010-04-30 00:00:00+00:00,0.92980,0.93244,0.92361,0.92431,14869
2010-05-02 00:00:00+00:00,0.92325,0.92625,0.92098,0.92562,2040
2010-05-03 00:00:00+00:00,0.92558,0.92748,0.92282,0.92584,10679
2010-05-04 00:00:00+00:00,0.92588,0.92680,0.90724,0.91100,20070
2010-05-05 00:00:00+00:00,0.91096,0.91184,0.90207,0.90697,24945
2010-05-06 00:00:00+00:00,0.90694,0.90930,0.87098,0.88865,49994
2010-05-07 00:00:00+00:00,0.88862,0.89381,0.88034,0.88765,54961
2010-05-08 00:00:00+00:00,0.88723,0.88723,0.88723,0.88723,1
2010-05-09 00:00:00+00:00,0.88763,0.90173,0.88763,0.89533,4858
2010-05-10 00:00:00+00:00,0.89528,0.90784,0.89466,0.90058,31849
2010-05-11 00:00:00+00:00,0.90062,0.90314,0.89326,0.89548,27764
2010-05-12 00:00:00+00:00,0.89545,0.89801,0.88892,0.89514,22048
2010-05-13 00:00:00+00:00,0.89511,0.90260,0.89336,0.89572,22070
2010-05-14 00:00:00+00:00,0.89576,0.89738,0.88505,0.88580,24164
2010-05-16 00:00:00+00:00,0.88628,0.88629,0.88415,0.88474,1019
2010-05-17 00:00:00+00:00,0.88478,0.88541,0.86861,0.87647,33484
2010-05-18 00:00:00+00:00,0.87643,0.87893,0.85892,0.85906,34392
2010-05-19 00:00:00+00:00,0.85910,0.86138,0.83569,0.84656,51452
2010-05-20 00:00:00+00:00,0.84652,0.84699,0.80732,0.81638,61056
2010-05-21 00:00:00+00:00,0.81643,0.83664,0.81621,0.83272,56106
2010-05-23 00:00:00+00:00,0.83312,0.83647,0.82696,0.82717,3165
2010-05-24 00:00:00+00:00,0.82721,0.83581,0.81847,0.82326,36326
2010-05-25 00:00:00+00:00,0.82330,0.83070,0.80670,0.82619,43678
2010-05-26 00:00:00+00:00,0.82623,0.83906,0.81886,0.82388,40257
2010-05-27 00:00:00+00:00,0.82392,0.85294,0.82270,0.84886,37677
2010-05-28 00:00:00+00:00,0.84881,0.85514,0.84298,0.84743,32104
2010-05-30 00:00:00+00:00,0.84743,0.84743,0.84299,0.84536,1685
2010-05-31 00:00:00+00:00,0.84532,0.85146,0.83828,0.84463,16318
2010-06-01 00:00:00+00:00,0.84450,0.84450,0.82822,0.83424,39002
2010-06-02 00:00:00+00:00,0.83427,0.84334,0.82764,0.84292,35131
2010-06-03 00:00:00+00:00,0.84288,0.85228,0.83644,0.84404,29039
2010-06-04 00:00:00+00:00,0.84408,0.84773,0.82136,0.82333,32872
2010-06-06 00:00:00+00:00,0.82338,0.82386,0.81596,0.81726,3099
2010-06-07 00:00:00+00:00,0.81729,0.82152,0.80822,0.81228,36679
2010-06-08 00:00:00+00:00,0.81232,0.82857,0.81232,0.82425,38635
2010-06-09 00:00:00+00:00,0.82428,0.83582,0.81947,0.83080,32097
2010-06-10 00:00:00+00:00,0.83076,0.85096,0.82747,0.84948,34933
2010-06-11 00:00:00+00:00,0.84952,0.85067,0.84257,0.85037,27585
2010-06-13 00:00:00+00:00,0.85052,0.85595,0.85052,0.85595,2043
2010-06-14 00:00:00+00:00,0.85600,0.86672,0.85436,0.85756,23360
2010-06-15 00:00:00+00:00,0.85760,0.86613,0.85062,0.86371,26656
2010-06-16 00:00:00+00:00,0.86374,0.86739,0.85820,0.86221,23869
2010-06-17 00:00:00+00:00,0.86225,0.86888,0.85820,0.86679,26179
2010-06-18 00:00:00+00:00,0.86676,0.87304,0.86524,0.87196,17833
2010-06-20 00:00:00+00:00,0.87245,0.88300,0.87235,0.87949,4097
2010-06-21 00:00:00+00:00,0.87952,0.88594,0.87528,0.87771,23650
2010-06-22 00:00:00+00:00,0.87775,0.88329,0.87030,0.87122,26263
2010-06-23 00:00:00+00:00,0.87126,0.87815,0.86608,0.87493,30960
2010-06-24 00:00:00+00:00,0.87498,0.87688,0.86419,0.86720,26423
2010-06-25 00:00:00+00:00,0.86725,0.87584,0.85960,0.87388,25157
2010-06-27 00:00:00+00:00,0.87398,0.87488,0.87212,0.87420,1017
2010-06-28 00:00:00+00:00,0.87417,0.87772,0.86916,0.87092,20162
2010-06-29 00:00:00+00:00,0.87096,0.87209,0.84646,0.84990,28548
2010-06-30 00:00:00+00:00,0.84986,0.85658,0.83910,0.84179,28183
2010-07-01 00:00:00+00:00,0.84148,0.84810,0.83163,0.84505,35635
2010-07-02 00:00:00+00:00,0.84501,0.85103,0.84029,0.84175,26102
2010-07-03 00:00:00+00:00,0.84114,0.84114,0.84114,0.84114,1
2010-07-04 00:00:00+00:00,0.84115,0.84298,0.83771,0.83960,1034
2010-07-05 00:00:00+00:00,0.83956,0.84673,0.83518,0.83547,12681
2010-07-06 00:00:00+00:00,0.83544,0.85601,0.83174,0.85267,25569
2010-07-07 00:00:00+00:00,0.85271,0.86637,0.84496,0.86338,23060
2010-07-08 00:00:00+00:00,0.86342,0.87907,0.86337,0.87654,22554
2010-07-09 00:00:00+00:00,0.87656,0.87873,0.87278,0.87762,15466
2010-07-10 00:00:00+00:00,0.87770,0.87770,0.87770,0.87770,1
2010-07-11 00:00:00+00:00,0.87766,0.87921,0.87484,0.87661,1035
2010-07-12 00:00:00+00:00,0.87664,0.87758,0.87022,0.87661,15303
2010-07-13 00:00:00+00:00,0.87665,0.88436,0.86830,0.88297,20730
2010-07-14 00:00:00+00:00,0.88301,0.88714,0.87857,0.88148,19679
2010-07-15 00:00:00+00:00,0.88152,0.88494,0.87282,0.88108,28015
2010-07-16 00:00:00+00:00,0.88104,0.88186,0.86820,0.86876,22735
2010-07-18 00:00:00+00:00,0.86880,0.86880,0.86336,0.86345,1608
2010-07-19 00:00:00+00:00,0.86349,0.87194,0.86340,0.86889,18570
2010-07-20 00:00:00+00:00,0.86886,0.88462,0.86832,0.88404,22484
2010-07-21 00:00:00+00:00,0.88407,0.88589,0.87607,0.87736,23577
2010-07-22 00:00:00+00:00,0.87740,0.89524,0.87378,0.89452,23241
2010-07-23 00:00:00+00:00,0.89448,0.89711,0.88962,0.89538,25894
2010-07-25 00:00:00+00:00,0.89538,0.89630,0.89288,0.89558,1390
2010-07-26 00:00:00+00:00,0.89562,0.90352,0.89416,0.90062,20435
2010-07-27 00:00:00+00:00,0.90066,0.90689,0.90004,0.90126,17983
2010-07-28 00:00:00+00:00,0.90130,0.90252,0.89058,0.89433,22963
2010-07-29 00:00:00+00:00,0.89430,0.90434,0.89226,0.89989,20367
2010-07-30 00:00:00+00:00,0.89985,0.90669,0.89657,0.90406,22232
2010-08-01 00:00:00+00:00,0.90406,0.90756,0.90328,0.90752,1214
2010-08-02 00:00:00+00:00,0.90757,0.91455,0.90757,0.91238,16457
2010-08-03 00:00:00+00:00,0.91234,0.91494,0.90711,0.91324,17612
2010-08-04 00:00:00+00:00,0.91328,0.91836,0.90952,0.91567,18601
2010-08-05 00:00:00+00:00,0.91570,0.91746,0.91169,0.91445,15547
2010-08-06 00:00:00+00:00,0.91441,0.92218,0.91356,0.91830,18072
2010-08-08 00:00:00+00:00,0.91821,0.91922,0.91725,0.91746,628
2010-08-09 00:00:00+00:00,0.91742,0.92054,0.91509,0.91563,12510
2010-08-10 00:00:00+00:00,0.91560,0.91652,0.90585,0.91187,20833
2010-08-11 00:00:00+00:00,0.91184,0.91236,0.89330,0.89686,23762
2010-08-12 00:00:00+00:00,0.89690,0.90080,0.89145,0.89702,23739
2010-08-13 00:00:00+00:00,0.89698,0.90355,0.89223,0.89288,17888
2010-08-15 00:00:00+00:00,0.89378,0.89472,0.89186,0.89219,859
2010-08-16 00:00:00+00:00,0.89223,0.89942,0.88593,0.89535,19636
2010-08-17 00:00:00+00:00,0.89531,0.90799,0.89455,0.90512,18886
2010-08-18 00:00:00+00:00,0.90508,0.90535,0.89585,0.89594,18186
2010-08-19 00:00:00+00:00,0.89590,0.90183,0.88901,0.88954,21768
2010-08-20 00:00:00+00:00,0.88949,0.89425,0.88414,0.89391,19667
2010-08-22 00:00:00+00:00,0.89361,0.89391,0.88400,0.88850,2490
2010-08-23 00:00:00+00:00,0.88847,0.89825,0.88835,0.88945,16556
2010-08-24 00:00:00+00:00,0.88948,0.89055,0.87959,0.88287,21862
2010-08-25 00:00:00+00:00,0.88283,0.88950,0.87709,0.88589,23263
2010-08-26 00:00:00+00:00,0.88586,0.89182,0.88320,0.88489,19341
2010-08-27 00:00:00+00:00,0.88486,0.89993,0.88462,0.89981,18415
2010-08-29 00:00:00+00:00,0.89952,0.90321,0.89885,0.90167,1579
2010-08-30 00:00:00+00:00,0.90163,0.90264,0.89135,0.89157,12842
2010-08-31 00:00:00+00:00,0.89153,0.89565,0.88610,0.89189,22760
2010-09-01 00:00:00+00:00,0.89186,0.91162,0.89161,0.90828,20563
2010-09-02 00:00:00+00:00,0.90824,0.91210,0.90540,0.90878,16756
2010-09-03 00:00:00+00:00,0.90882,0.91762,0.90667,0.91665,15249
2010-09-04 00:00:00+00:00,0.91665,0.91665,0.91665,0.91665,1
2010-09-05 00:00:00+00:00,0.91676,0.91676,0.91421,0.91563,1037
2010-09-06 00:00:00+00:00,0.91567,0.91807,0.91416,0.91477,8229
2010-09-07 00:00:00+00:00,0.91480,0.91783,0.90924,0.91214,18249
2010-09-08 00:00:00+00:00,0.91218,0.91936,0.91074,0.91722,16921
2010-09-09 00:00:00+00:00,0.91726,0.92772,0.91718,0.92244,17599
2010-09-10 00:00:00+00:00,0.92248,0.92688,0.92057,0.92653,13888
2010-09-12 00:00:00+00:00,0.92655,0.93108,0.92655,0.93100,2435
2010-09-13 00:00:00+00:00,0.93096,0.93620,0.92944,0.93321,12659
2010-09-14 00:00:00+00:00,0.93317,0.94573,0.93136,0.93982,17636
2010-09-15 00:00:00+00:00,0.93986,0.94299,0.93430,0.93910,20581
2010-09-16 00:00:00+00:00,0.93907,0.93956,0.93308,0.93520,17055
2010-09-17 00:00:00+00:00,0.93524,0.94686,0.93524,0.93634,16734
2010-09-19 00:00:00+00:00,0.93641,0.93864,0.93579,0.93657,947
2010-09-20 00:00:00+00:00,0.93653,0.94941,0.93620,0.94576,13103
2010-09-21 00:00:00+00:00,0.94573,0.95644,0.94424,0.95587,17785
2010-09-22 00:00:00+00:00,0.95583,0.96005,0.95097,0.95527,19223
2010-09-23 00:00:00+00:00,0.95531,0.95749,0.94659,0.94663,20378
2010-09-24 00:00:00+00:00,0.94666,0.96148,0.94633,0.95903,19211
2010-09-26 00:00:00+00:00,0.95886,0.96242,0.95859,0.95994,1301
2010-09-27 00:00:00+00:00,0.95988,0.96441,0.95739,0.95891,15668
2010-09-28 00:00:00+00:00,0.95895,0.96868,0.95598,0.96678,18518
2010-09-29 00:00:00+00:00,0.96681,0.97295,0.96642,0.96899,18899
2010-09-30 00:00:00+00:00,0.96895,0.97339,0.96247,0.96536,23840
2010-10-01 00:00:00+00:00,0.96544,0.97505,0.96510,0.97279,17872
2010-10-03 00:00:00+00:00,0.97239,0.97369,0.97131,0.97152,1199
2010-10-04 00:00:00+00:00,0.97147,0.97147,0.96529,0.96694,15940
2010-10-05 00:00:00+00:00,0.96698,0.97264,0.95419,0.97188,22930
2010-10-06 00:00:00+00:00,0.97184,0.97911,0.96940,0.97578,17423
2010-10-07 00:00:00+00:00,0.97582,0.99176,0.97567,0.98170,20236
2010-10-08 00:00:00+00:00,0.98174,0.98724,0.97092,0.98495,23952
2010-10-10 00:00:00+00:00,0.98490,0.99065,0.98490,0.98955,1430
2010-10-11 00:00:00+00:00,0.98959,0.98972,0.98139,0.98221,14168
2010-10-12 00:00:00+00:00,0.98225,0.98783,0.97672,0.98718,21213
2010-10-13 00:00:00+00:00,0.98722,0.99370,0.98346,0.99290,17008
2010-10-14 00:00:00+00:00,0.99294,0.99942,0.98957,0.98970,20894
2010-10-15 00:00:00+00:00,0.98966,1.00024,0.98629,0.99082,23897
2010-10-17 00:00:00+00:00,0.99077,0.99462,0.98740,0.98787,2194
2010-10-18 00:00:00+00:00,0.98791,0.99444,0.98011,0.99162,21950
2010-10-19 00:00:00+00:00,0.99158,0.99576,0.96617,0.96683,33873
2010-10-20 00:00:00+00:00,0.96688,0.98898,0.96688,0.98680,27716
2010-10-21 00:00:00+00:00,0.98684,0.98917,0.97427,0.97835,28368
2010-10-22 00:00:00+00:00,0.97839,0.98540,0.97584,0.98313,18279
2010-10-24 00:00:00+00:00,0.98238,0.98782,0.98238,0.98456,1937
2010-10-25 00:00:00+00:00,0.98460,0.99740,0.98388,0.98961,21324
2010-10-26 00:00:00+00:00,0.98957,0.99271,0.98149,0.98489,20691
2010-10-27 00:00:00+00:00,0.98485,0.98634,0.96520,0.97395,26443
2010-10-28 00:00:00+00:00,0.97391,0.98202,0.97307,0.97939,20838
2010-10-29 00:00:00+00:00,0.97935,0.98386,0.96792,0.98376,21958
2010-10-31 00:00:00+00:00,0.98375,0.98674,0.98246,0.98642,1487
2010-11-01 00:00:00+00:00,0.98655,0.99148,0.98147,0.98860,17811
2010-11-02 00:00:00+00:00,0.98855,1.00236,0.98663,0.99884,21032
2010-11-03 00:00:00+00:00,0.99880,1.00652,0.98930,1.00371,27468
2010-11-04 00:00:00+00:00,1.00374,1.01762,1.00216,1.01547,20591
2010-11-05 00:00:00+00:00,1.01551,1.01829,1.00861,1.01586,24645
2010-11-07 00:00:00+00:00,1.01522,1.01638,1.01256,1.01630,1469
2010-11-08 00:00:00+00:00,1.01624,1.01657,1.00786,1.01020,21115
2010-11-09 00:00:00+00:00,1.01015,1.01735,0.99989,1.00454,27621
2010-11-10 00:00:00+00:00,1.00457,1.00721,0.99756,1.00449,30776
2010-11-11 00:00:00+00:00,1.00445,1.00932,0.99529,0.99643,24592
2010-11-12 00:00:00+00:00,0.99640,1.00040,0.98256,0.98440,33089
2010-11-14 00:00:00+00:00,0.98386,0.98928,0.98386,0.98886,1352
2010-11-15 00:00:00+00:00,0.98881,0.99199,0.98130,0.98340,25155
2010-11-16 00:00:00+00:00,0.98335,0.98931,0.97250,0.97619,29620
2010-11-17 00:00:00+00:00,0.97622,0.98347,0.97264,0.98157,23496
2010-11-18 00:00:00+00:00,0.98153,0.99058,0.98068,0.99058,19911
2010-11-19 00:00:00+00:00,0.99054,0.99120,0.98128,0.98651,19164
2010-11-21 00:00:00+00:00,0.98611,0.99028,0.98533,0.99016,1480
2010-11-22 00:00:00+00:00,0.99012,0.99541,0.98228,0.98656,21143
2010-11-23 00:00:00+00:00,0.98652,0.98819,0.97084,0.97452,32150
2010-11-24 00:00:00+00:00,0.97446,0.98534,0.97390,0.98469,27386
2010-11-25 00:00:00+00:00,0.98466,0.98469,0.97619,0.97717,16592
2010-11-26 00:00:00+00:00,0.97713,0.97798,0.96129,0.96457,24670
2010-11-28 00:00:00+00:00,0.96468,0.97137,0.96467,0.96592,2801
2010-11-29 00:00:00+00:00,0.96596,0.96991,0.95662,0.96073,27649
2010-11-30 00:00:00+00:00,0.96070,0.96607,0.95444,0.95921,31247
2010-12-01 00:00:00+00:00,0.95958,0.96977,0.95375,0.96592,28465
2010-12-02 00:00:00+00:00,0.96588,0.97788,0.96234,0.97699,26895
2010-12-03 00:00:00+00:00,0.97695,0.99381,0.97396,0.99313,22944
2010-12-05 00:00:00+00:00,0.99146,0.99274,0.98944,0.99184,1575
2010-12-06 00:00:00+00:00,0.99188,0.99240,0.98494,0.98841,21321
2010-12-07 00:00:00+00:00,0.98837,0.99654,0.98222,0.98323,25122
2010-12-08 00:00:00+00:00,0.98319,0.98554,0.97518,0.97901,25321
2010-12-09 00:00:00+00:00,0.97905,0.98843,0.97808,0.98425,22281
2010-12-10 00:00:00+00:00,0.98429,0.98974,0.98286,0.98536,16538
2010-12-12 00:00:00+00:00,0.98496,0.98569,0.98331,0.98400,817
2010-12-13 00:00:00+00:00,0.98396,0.99850,0.98396,0.99500,14923
2010-12-14 00:00:00+00:00,0.99496,1.00288,0.99429,0.99699,20119
2010-12-15 00:00:00+00:00,0.99703,0.99728,0.98412,0.98712,22353
2010-12-16 00:00:00+00:00,0.98716,0.99074,0.98314,0.98928,18920
2010-12-17 00:00:00+00:00,0.98932,0.99266,0.98408,0.98806,15762
2010-12-19 00:00:00+00:00,0.98871,0.98963,0.98628,0.98799,1099
2010-12-20 00:00:00+00:00,0.98796,0.99493,0.98632,0.99280,16280
2010-12-21 00:00:00+00:00,0.99284,0.99932,0.99184,0.99653,15578
2010-12-22 00:00:00+00:00,0.99650,1.00105,0.99508,0.99916,13140
2010-12-23 00:00:00+00:00,0.99919,1.00666,0.99868,1.00384,12901
2010-12-24 00:00:00+00:00,1.00389,1.00520,1.00236,1.00470,5746
2010-12-26 00:00:00+00:00,1.00440,1.00470,0.99937,1.00018,1401
2010-12-27 00:00:00+00:00,1.00023,1.00581,0.99885,1.00580,9702
2010-12-28 00:00:00+00:00,1.00584,1.01521,1.00547,1.00941,13963
2010-12-29 00:00:00+00:00,1.00937,1.01834,1.00900,1.01732,13504
2010-12-30 00:00:00+00:00,1.01736,1.01979,1.01187,1.01574,14384
2010-12-31 00:00:00+00:00,1.01571,1.02568,1.01513,1.02324,10435
2011-01-02 00:00:00+00:00,1.02305,1.02563,1.01980,1.02130,1015
2011-01-03 00:00:00+00:00,1.02134,1.02232,1.01496,1.01676,9676
2011-01-04 00:00:00+00:00,1.01673,1.01713,1.00290,1.00698,19850
2011-01-05 00:00:00+00:00,1.00701,1.00763,0.99606,0.99981,22112
2011-01-06 00:00:00+00:00,0.99985,1.00150,0.99199,0.99298,18611
2011-01-07 00:00:00+00:00,0.99294,0.99928,0.99076,0.99586,19112
2011-01-09 00:00:00+00:00,0.99591,0.99719,0.99261,0.99522,1247
2011-01-10 00:00:00+00:00,0.99526,0.99823,0.98835,0.99475,17634
2011-01-11 00:00:00+00:00,0.99479,0.99494,0.98044,0.98224,22579
2011-01-12 00:00:00+00:00,0.98230,0.99669,0.98201,0.99577,19513
2011-01-13 00:00:00+00:00,0.99574,1.00204,0.99171,0.99805,19500
2011-01-14 00:00:00+00:00,0.99801,0.99871,0.98568,0.98875,18692
2011-01-15 00:00:00+00:00,0.98895,0.98895,0.98895,0.98895,1
2011-01-16 00:00:00+00:00,0.98895,0.99170,0.98895,0.99078,1158
2011-01-17 00:00:00+00:00,0.99082,0.99685,0.98631,0.99279,13622
2011-01-18 00:00:00+00:00,0.99284,1.00056,0.98980,0.99747,17138
2011-01-19 00:00:00+00:00,0.99744,1.00771,0.99660,0.99686,21367
2011-01-20 00:00:00+00:00,0.99690,0.99812,0.98328,0.98555,24616
2011-01-21 00:00:00+00:00,0.98551,0.99186,0.98398,0.98986,18615
2011-01-22 00:00:00+00:00,0.98956,0.98956,0.98946,0.98946,13
2011-01-23 00:00:00+00:00,0.98946,0.99020,0.98779,0.98946,896
2011-01-24 00:00:00+00:00,0.98950,1.00221,0.98639,0.99751,15889
2011-01-25 00:00:00+00:00,0.99755,0.99934,0.98901,0.99511,22312
2011-01-26 00:00:00+00:00,0.99507,0.99981,0.99299,0.99944,17267
2011-01-27 00:00:00+00:00,0.99948,1.00016,0.98766,0.98967,20533
2011-01-28 00:00:00+00:00,0.98970,0.99866,0.98840,0.99420,18055
2011-01-29 00:00:00+00:00,0.99420,0.99420,0.99420,0.99420,12
2011-01-30 00:00:00+00:00,0.99420,0.99425,0.98672,0.98696,2186
2011-01-31 00:00:00+00:00,0.98700,0.99892,0.98668,0.99718,16489
2011-02-01 00:00:00+00:00,0.99734,1.01479,0.99662,1.01111,22169
2011-02-02 00:00:00+00:00,1.01115,1.01338,1.00552,1.01149,16205
2011-02-03 00:00:00+00:00,1.01146,1.01632,1.00832,1.01467,16856
2011-02-04 00:00:00+00:00,1.01471,1.02002,1.01115,1.01380,16658
2011-02-05 00:00:00+00:00,1.01380,1.01380,1.01380,1.01380,2
2011-02-06 00:00:00+00:00,1.01380,1.01436,1.01137,1.01250,1083
2011-02-07 00:00:00+00:00,1.01254,1.01613,1.01049,1.01327,14090
2011-02-08 00:00:00+00:00,1.01323,1.01894,1.01142,1.01495,15998
2011-02-09 00:00:00+00:00,1.01492,1.01522,1.00888,1.01073,15706
2011-02-10 00:00:00+00:00,1.01069,1.01394,1.00027,1.00141,18827
2011-02-11 00:00:00+00:00,1.00144,1.00331,0.99608,1.00182,15598
2011-02-12 00:00:00+00:00,1.00182,1.00182,1.00182,1.00182,11
2011-02-13 00:00:00+00:00,1.00182,1.00416,0.99814,1.00150,1732
2011-02-14 00:00:00+00:00,1.00154,1.00741,1.00034,1.00195,13312
2011-02-15 00:00:00+00:00,1.00191,1.00582,0.99439,0.99720,16014
2011-02-16 00:00:00+00:00,0.99717,1.00560,0.99657,1.00323,17542
2011-02-17 00:00:00+00:00,1.00319,1.01302,1.00225,1.01198,15520
2011-02-18 00:00:00+00:00,1.01194,1.01578,1.00891,1.01460,12560
2011-02-19 00:00:00+00:00,1.01460,1.01460,1.01460,1.01460,12
2011-02-20 00:00:00+00:00,1.01460,1.01566,1.01251,1.01440,1147
2011-02-21 00:00:00+00:00,1.01436,1.01436,1.00731,1.00846,9868
2011-02-22 00:00:00+00:00,1.00842,1.00842,0.99678,1.00016,21629
2011-02-23 00:00:00+00:00,1.00013,1.00594,0.99828,1.00273,18420
2011-02-24 00:00:00+00:00,1.00277,1.01233,1.00018,1.01059,21812
2011-02-25 00:00:00+00:00,1.01063,1.01787,1.00910,1.01770,12888
2011-02-27 00:00:00+00:00,1.01770,1.01770,1.01374,1.01410,1264
2011-02-28 00:00:00+00:00,1.01406,1.01928,1.01206,1.01871,14541
2011-03-01 00:00:00+00:00,1.01867,1.02024,1.01230,1.01339,16459
2011-03-02 00:00:00+00:00,1.01336,1.01818,1.00860,1.01611,16692
2011-03-03 00:00:00+00:00,1.01614,1.01892,1.01142,1.01270,14666
2011-03-04 00:00:00+00:00,1.01274,1.01504,1.00755,1.01400,13887
2011-03-05 00:00:00+00:00,1.01400,1.01400,1.01400,1.01400,6
2011-03-06 00:00:00+00:00,1.01400,1.01586,1.01253,1.01446,1374
2011-03-07 00:00:00+00:00,1.01450,1.01848,1.00910,1.01201,12699
2011-03-08 00:00:00+00:00,1.01205,1.01341,1.00540,1.00874,13971
2011-03-09 00:00:00+00:00,1.00877,1.01320,1.00610,1.00952,13303
2011-03-10 00:00:00+00:00,1.00956,1.01185,0.99911,1.00168,21202
2011-03-11 00:00:00+00:00,1.00163,1.01587,0.99690,1.01384,20211
2011-03-12 00:00:00+00:00,1.01384,1.01384,1.01384,1.01384,12
2011-03-13 00:00:00+00:00,1.01384,1.01593,1.00910,1.00966,3850
2011-03-14 00:00:00+00:00,1.00963,1.01122,1.00474,1.00871,19129
2011-03-15 00:00:00+00:00,1.00867,1.00965,0.98154,0.99382,38033
2011-03-16 00:00:00+00:00,0.99378,0.99632,0.97064,0.97962,41358
2011-03-17 00:00:00+00:00,0.97957,0.98732,0.97596,0.98423,29195
2011-03-18 00:00:00+00:00,0.98419,0.99784,0.98284,0.99588,23535
2011-03-19 00:00:00+00:00,0.99588,0.99588,0.99588,0.99588,12
2011-03-20 00:00:00+00:00,0.99588,0.99744,0.99295,0.99744,2194
2011-03-21 00:00:00+00:00,0.99748,1.00698,0.99529,1.00576,15605
2011-03-22 00:00:00+00:00,1.00580,1.01280,1.00376,1.00876,13933
2011-03-23 00:00:00+00:00,1.00873,1.01565,1.00649,1.01291,16887
2011-03-24 00:00:00+00:00,1.01296,1.02288,1.01131,1.01999,16523
2011-03-25 00:00:00+00:00,1.02002,1.02940,1.01886,1.02599,15091
2011-03-26 00:00:00+00:00,1.02599,1.02599,1.02599,1.02599,12
2011-03-27 00:00:00+00:00,1.02599,1.02633,1.02265,1.02550,2229
2011-03-28 00:00:00+00:00,1.02547,1.03144,1.02262,1.02332,13681
2011-03-29 00:00:00+00:00,1.02336,1.03084,1.02046,1.03052,14825
2011-03-30 00:00:00+00:00,1.03056,1.03376,1.02695,1.03172,13945
2011-03-31 00:00:00+00:00,1.03168,1.03728,1.03114,1.03189,13536
2011-04-01 00:00:00+00:00,1.03188,1.03971,1.03160,1.03840,13512
2011-04-02 00:00:00+00:00,1.03840,1.03840,1.03840,1.03840,12
2011-04-03 00:00:00+00:00,1.03840,1.04224,1.03840,1.03904,1605
2011-04-04 00:00:00+00:00,1.03907,1.04172,1.03366,1.03512,11638
2011-04-05 00:00:00+00:00,1.03508,1.03663,1.02888,1.03343,16431
2011-04-06 00:00:00+00:00,1.03347,1.04512,1.03293,1.04375,15466
2011-04-07 00:00:00+00:00,1.04374,1.05080,1.04126,1.04554,19448
2011-04-08 00:00:00+00:00,1.04550,1.05829,1.04538,1.05638,14735
2011-04-09 00:00:00+00:00,1.05638,1.05638,1.05638,1.05638,13
2011-04-10 00:00:00+00:00,1.05638,1.05758,1.05478,1.05758,1993
2011-04-11 00:00:00+00:00,1.05755,1.05810,1.04726,1.04840,15064
2011-04-12 00:00:00+00:00,1.04836,1.05230,1.03900,1.04714,24574
2011-04-13 00:00:00+00:00,1.04719,1.05394,1.04288,1.04941,19405
2011-04-14 00:00:00+00:00,1.04937,1.05507,1.04577,1.05452,20579
2011-04-15 00:00:00+00:00,1.05448,1.05786,1.05112,1.05665,15880
2011-04-16 00:00:00+00:00,1.05665,1.05665,1.05665,1.05665,12
2011-04-17 00:00:00+00:00,1.05665,1.05694,1.05357,1.05489,2108
2011-04-18 00:00:00+00:00,1.05492,1.05730,1.04546,1.04906,22433
2011-04-19 00:00:00+00:00,1.04909,1.05545,1.04436,1.05423,19350
2011-04-20 00:00:00+00:00,1.05426,1.07286,1.05407,1.06922,20130
2011-04-21 00:00:00+00:00,1.06917,1.07746,1.06860,1.07475,16142
2011-04-22 00:00:00+00:00,1.07471,1.07563,1.07210,1.07352,2999
2011-04-23 00:00:00+00:00,1.07352,1.07352,1.07352,1.07352,12
2011-04-24 00:00:00+00:00,1.07352,1.07759,1.07276,1.07719,1202
2011-04-25 00:00:00+00:00,1.07722,1.07753,1.06848,1.07162,11033
2011-04-26 00:00:00+00:00,1.07159,1.08229,1.06776,1.08204,17219
2011-04-27 00:00:00+00:00,1.08200,1.08783,1.07786,1.08728,19932
2011-04-28 00:00:00+00:00,1.08724,1.09474,1.08634,1.09322,18796
2011-04-29 00:00:00+00:00,1.09319,1.09777,1.08818,1.09747,13149
2011-04-30 00:00:00+00:00,1.09747,1.09747,1.09747,1.09747,5
2011-05-01 00:00:00+00:00,1.09747,1.09943,1.09306,1.09646,2497
2011-05-02 00:00:00+00:00,1.09640,1.10119,1.09219,1.09342,16051
2011-05-03 00:00:00+00:00,1.09339,1.09445,1.08312,1.08643,23283
2011-05-04 00:00:00+00:00,1.08640,1.08770,1.07258,1.07342,25368
2011-05-05 00:00:00+00:00,1.07346,1.07710,1.05367,1.06221,34832
2011-05-06 00:00:00+00:00,1.06224,1.08028,1.06116,1.07021,39719
2011-05-07 00:00:00+00:00,1.07021,1.07021,1.07021,1.07021,12
2011-05-08 00:00:00+00:00,1.07021,1.07490,1.06970,1.07457,2335
2011-05-09 00:00:00+00:00,1.07454,1.08122,1.07089,1.07900,25253
2011-05-10 00:00:00+00:00,1.07904,1.08558,1.07369,1.08402,25290
2011-05-11 00:00:00+00:00,1.08398,1.08889,1.06643,1.06920,29184
2011-05-12 00:00:00+00:00,1.06924,1.07054,1.05676,1.06586,35025
2011-05-13 00:00:00+00:00,1.06581,1.07166,1.05207,1.05727,30743
2011-05-14 00:00:00+00:00,1.05727,1.05727,1.05727,1.05727,12
2011-05-15 00:00:00+00:00,1.05727,1.05827,1.05406,1.05516,2260
2011-05-16 00:00:00+00:00,1.05513,1.06424,1.05136,1.05631,30337
2011-05-17 00:00:00+00:00,1.05635,1.06381,1.05058,1.06269,34799
2011-05-18 00:00:00+00:00,1.06265,1.06654,1.05698,1.06347,27735
2011-05-19 00:00:00+00:00,1.06351,1.06814,1.05949,1.06700,26754
2011-05-20 00:00:00+00:00,1.06696,1.07110,1.06102,1.06592,24852
2011-05-21 00:00:00+00:00,1.06592,1.06592,1.06592,1.06592,12
2011-05-22 00:00:00+00:00,1.06592,1.06592,1.06194,1.06363,1991
2011-05-23 00:00:00+00:00,1.06367,1.06404,1.04795,1.04970,30128
2011-05-24 00:00:00+00:00,1.04967,1.05830,1.04940,1.05553,27549
2011-05-25 00:00:00+00:00,1.05550,1.05611,1.04412,1.05111,31407
2011-05-26 00:00:00+00:00,1.05107,1.06482,1.05107,1.06316,27379
2011-05-27 00:00:00+00:00,1.06319,1.07187,1.06089,1.07059,26192
2011-05-28 00:00:00+00:00,1.07059,1.07059,1.07059,1.07059,12
2011-05-29 00:00:00+00:00,1.07059,1.07371,1.06958,1.06968,1993
2011-05-30 00:00:00+00:00,1.06964,1.07284,1.06752,1.07202,8424
2011-05-31 00:00:00+00:00,1.07206,1.07574,1.06432,1.06842,23012
2011-06-01 00:00:00+00:00,1.06870,1.07534,1.05940,1.06170,28373
2011-06-02 00:00:00+00:00,1.06174,1.06891,1.05878,1.06839,28253
2011-06-03 00:00:00+00:00,1.06836,1.07748,1.05950,1.07160,24760
2011-06-04 00:00:00+00:00,1.07160,1.07160,1.07160,1.07160,12
2011-06-05 00:00:00+00:00,1.07160,1.07572,1.07036,1.07563,2323
2011-06-06 00:00:00+00:00,1.07560,1.07675,1.06926,1.07300,21338
2011-06-07 00:00:00+00:00,1.07296,1.07620,1.06723,1.07051,20923
2011-06-08 00:00:00+00:00,1.07055,1.07119,1.05888,1.06470,24101
2011-06-09 00:00:00+00:00,1.06464,1.06630,1.05635,1.06374,23417
2011-06-10 00:00:00+00:00,1.06378,1.06530,1.05260,1.05368,24056
2011-06-11 00:00:00+00:00,1.05368,1.05368,1.05368,1.05368,12
2011-06-12 00:00:00+00:00,1.05368,1.05448,1.05208,1.05370,1974
2011-06-13 00:00:00+00:00,1.05367,1.06370,1.05296,1.06119,21041
2011-06-14 00:00:00+00:00,1.06123,1.07154,1.05685,1.06866,21880
2011-06-15 00:00:00+00:00,1.06870,1.07140,1.05362,1.05882,23901
2011-06-16 00:00:00+00:00,1.05879,1.05884,1.04776,1.05652,31353
2011-06-17 00:00:00+00:00,1.05648,1.06352,1.05061,1.06231,23099
2011-06-18 00:00:00+00:00,1.06231,1.06231,1.06231,1.06231,12
2011-06-19 00:00:00+00:00,1.06231,1.06231,1.05868,1.05881,1513
2011-06-20 00:00:00+00:00,1.05885,1.06169,1.04970,1.06020,22134
2011-06-21 00:00:00+00:00,1.06016,1.06199,1.05329,1.05920,22234
2011-06-22 00:00:00+00:00,1.05916,1.06502,1.05456,1.05574,21781
2011-06-23 00:00:00+00:00,1.05578,1.05673,1.04554,1.05415,28830
2011-06-24 00:00:00+00:00,1.05412,1.06010,1.04868,1.04905,24271
2011-06-25 00:00:00+00:00,1.04905,1.04905,1.04905,1.04905,12
2011-06-26 00:00:00+00:00,1.04905,1.04995,1.04560,1.04685,2587
2011-06-27 00:00:00+00:00,1.04682,1.04714,1.03908,1.04638,24191
2011-06-28 00:00:00+00:00,1.04634,1.05473,1.04364,1.05472,22813
2011-06-29 00:00:00+00:00,1.05476,1.07030,1.05195,1.06934,22960
2011-06-30 00:00:00+00:00,1.06938,1.07506,1.06864,1.06933,20477
2011-07-01 00:00:00+00:00,1.06936,1.07900,1.06743,1.07697,18683
2011-07-02 00:00:00+00:00,1.07697,1.07717,1.07697,1.07717,13
2011-07-03 00:00:00+00:00,1.07717,1.07916,1.07645,1.07770,1558
2011-07-04 00:00:00+00:00,1.07767,1.07858,1.07129,1.07419,12089
2011-07-05 00:00:00+00:00,1.07415,1.07415,1.06644,1.06915,19751
2011-07-06 00:00:00+00:00,1.06912,1.07334,1.06549,1.07068,20521
2011-07-07 00:00:00+00:00,1.07064,1.07800,1.06866,1.07727,18591
2011-07-08 00:00:00+00:00,1.07731,1.07880,1.07045,1.07549,18963
2011-07-09 00:00:00+00:00,1.07549,1.07549,1.07549,1.07549,12
2011-07-10 00:00:00+00:00,1.07549,1.07644,1.07085,1.07217,2563
2011-07-11 00:00:00+00:00,1.07220,1.07276,1.06275,1.06407,23172
2011-07-12 00:00:00+00:00,1.06411,1.06435,1.05256,1.06172,37338
2011-07-13 00:00:00+00:00,1.06168,1.08024,1.05836,1.07841,30260
2011-07-14 00:00:00+00:00,1.07845,1.07866,1.06944,1.07332,27931
2011-07-15 00:00:00+00:00,1.07328,1.07464,1.06194,1.06407,23095
2011-07-16 00:00:00+00:00,1.06407,1.06407,1.06407,1.06407,3
2011-07-17 00:00:00+00:00,1.06407,1.06543,1.06259,1.06445,1755
2011-07-18 00:00:00+00:00,1.06441,1.06441,1.05606,1.06356,23862
2011-07-19 00:00:00+00:00,1.06359,1.07438,1.06090,1.07370,22488
2011-07-20 00:00:00+00:00,1.07374,1.07731,1.07110,1.07636,19690
2011-07-21 00:00:00+00:00,1.07633,1.08570,1.06942,1.08392,23629
2011-07-22 00:00:00+00:00,1.08395,1.08747,1.08205,1.08516,15067
2011-07-23 00:00:00+00:00,1.08516,1.08516,1.08516,1.08516,12
2011-07-24 00:00:00+00:00,1.08516,1.08619,1.08156,1.08238,2496
2011-07-25 00:00:00+00:00,1.08242,1.08769,1.07958,1.08390,15757
2011-07-26 00:00:00+00:00,1.08388,1.09690,1.08219,1.09512,18058
2011-07-27 00:00:00+00:00,1.09509,1.10802,1.09380,1.10312,20302
2011-07-28 00:00:00+00:00,1.10308,1.10752,1.09766,1.09915,17614
2011-07-29 00:00:00+00:00,1.09911,1.10196,1.09108,1.09963,20747
2011-07-30 00:00:00+00:00,1.09963,1.09993,1.09963,1.09993,13
2011-07-31 00:00:00+00:00,1.09993,1.10313,1.09857,1.10143,2943
2011-08-01 00:00:00+00:00,1.10143,1.10653,1.09223,1.09929,24349
2011-08-02 00:00:00+00:00,1.09925,1.10071,1.07328,1.07465,26009
2011-08-03 00:00:00+00:00,1.07469,1.07858,1.06796,1.07542,29182
2011-08-04 00:00:00+00:00,1.07538,1.07542,1.04250,1.04446,38848
2011-08-05 00:00:00+00:00,1.04442,1.05270,1.03757,1.04441,51182
2011-08-06 00:00:00+00:00,1.04441,1.04641,1.04441,1.04541,19
2011-08-07 00:00:00+00:00,1.04541,1.04685,1.03781,1.03911,10276
2011-08-08 00:00:00+00:00,1.03907,1.04377,1.01088,1.01524,55167
2011-08-09 00:00:00+00:00,1.01521,1.04152,0.99282,1.03389,85389
2011-08-10 00:00:00+00:00,1.03385,1.03819,1.01253,1.01455,59353
2011-08-11 00:00:00+00:00,1.01450,1.03589,1.01112,1.03326,56788
2011-08-12 00:00:00+00:00,1.03321,1.03624,1.02459,1.03553,33241
2011-08-13 00:00:00+00:00,1.03553,1.03553,1.03553,1.03553,12
2011-08-14 00:00:00+00:00,1.03553,1.04091,1.03308,1.04091,2084
2011-08-15 00:00:00+00:00,1.04088,1.05132,1.03875,1.04863,21485
2011-08-16 00:00:00+00:00,1.04867,1.05062,1.04065,1.04730,27495
2011-08-17 00:00:00+00:00,1.04733,1.06018,1.04337,1.05546,22826
2011-08-18 00:00:00+00:00,1.05551,1.05563,1.03262,1.03294,33863
2011-08-19 00:00:00+00:00,1.03298,1.04813,1.03158,1.04064,35604
2011-08-20 00:00:00+00:00,1.04064,1.04064,1.04064,1.04064,12
2011-08-21 00:00:00+00:00,1.04064,1.04064,1.03630,1.03860,1653
2011-08-22 00:00:00+00:00,1.03857,1.04730,1.03743,1.03935,26596
2011-08-23 00:00:00+00:00,1.03939,1.05343,1.03873,1.05157,27161
2011-08-24 00:00:00+00:00,1.05160,1.05234,1.04476,1.04620,24187
2011-08-25 00:00:00+00:00,1.04618,1.05130,1.04184,1.04691,25815
2011-08-26 00:00:00+00:00,1.04687,1.05925,1.04631,1.05727,25367
2011-08-27 00:00:00+00:00,1.05727,1.05727,1.05727,1.05727,12
2011-08-28 00:00:00+00:00,1.05727,1.05904,1.05616,1.05739,1855
2011-08-29 00:00:00+00:00,1.05743,1.06792,1.05736,1.06684,16227
2011-08-30 00:00:00+00:00,1.06688,1.07201,1.06214,1.06792,19873
2011-08-31 00:00:00+00:00,1.06796,1.07207,1.06520,1.06792,18818
2011-09-01 00:00:00+00:00,1.06828,1.07646,1.06614,1.07198,20463
2011-09-02 00:00:00+00:00,1.07194,1.07336,1.06268,1.06439,20924
2011-09-03 00:00:00+00:00,1.06439,1.06439,1.06439,1.06439,12
2011-09-04 00:00:00+00:00,1.06439,1.06452,1.05858,1.06019,2595
2011-09-05 00:00:00+00:00,1.06015,1.06067,1.05103,1.05174,15547
2011-09-06 00:00:00+00:00,1.05178,1.06274,1.04828,1.05262,32565
2011-09-07 00:00:00+00:00,1.05258,1.06616,1.05240,1.06458,20092
2011-09-08 00:00:00+00:00,1.06456,1.06604,1.05664,1.05817,20194
2011-09-09 00:00:00+00:00,1.05814,1.06352,1.04219,1.04678,23654
2011-09-10 00:00:00+00:00,1.04678,1.04678,1.04678,1.04678,12
2011-09-11 00:00:00+00:00,1.04678,1.04739,1.03966,1.04030,3665
2011-09-12 00:00:00+00:00,1.04034,1.04168,1.02564,1.03296,33477
2011-09-13 00:00:00+00:00,1.03294,1.03754,1.02628,1.03193,34246
2011-09-14 00:00:00+00:00,1.03190,1.03710,1.01781,1.02703,37333
2011-09-15 00:00:00+00:00,1.02706,1.03466,1.01831,1.03342,30190
2011-09-16 00:00:00+00:00,1.03338,1.03986,1.02952,1.03615,21243
2011-09-17 00:00:00+00:00,1.03615,1.03615,1.03615,1.03615,1
2011-09-18 00:00:00+00:00,1.03615,1.03749,1.02812,1.02910,3522
2011-09-19 00:00:00+00:00,1.02915,1.03072,1.01493,1.01834,27310
2011-09-20 00:00:00+00:00,1.01838,1.03126,1.01696,1.02570,30780
2011-09-21 00:00:00+00:00,1.02566,1.02922,1.00278,1.00544,37403
2011-09-22 00:00:00+00:00,1.00540,1.00730,0.96918,0.98067,53836
2011-09-23 00:00:00+00:00,0.98071,0.98668,0.96690,0.97856,47981
2011-09-24 00:00:00+00:00,0.97856,0.97856,0.97856,0.97856,6
2011-09-25 00:00:00+00:00,0.97856,0.98664,0.97589,0.98247,4007
2011-09-26 00:00:00+00:00,0.98250,0.98490,0.96225,0.97992,44494
2011-09-27 00:00:00+00:00,0.97988,0.99858,0.97770,0.99032,31846
2011-09-28 00:00:00+00:00,0.99029,0.99548,0.97117,0.97205,32484
2011-09-29 00:00:00+00:00,0.97209,0.98785,0.97021,0.97748,39072
2011-09-30 00:00:00+00:00,0.97752,0.98094,0.96617,0.96617,33404
2011-10-01 00:00:00+00:00,0.96617,0.96617,0.96617,0.96617,12
2011-10-02 00:00:00+00:00,0.96617,0.97004,0.96518,0.96730,2447
2011-10-03 00:00:00+00:00,0.96734,0.96870,0.94966,0.95192,40259
2011-10-04 00:00:00+00:00,0.95189,0.95964,0.93879,0.95420,50722
2011-10-05 00:00:00+00:00,0.95416,0.96686,0.94880,0.96338,37250
2011-10-06 00:00:00+00:00,0.96334,0.97678,0.96222,0.97484,40811
2011-10-07 00:00:00+00:00,0.97480,0.98794,0.97296,0.97715,35496
2011-10-08 00:00:00+00:00,0.97715,0.97715,0.97715,0.97715,12
2011-10-09 00:00:00+00:00,0.97715,0.97861,0.97297,0.97861,1618
2011-10-10 00:00:00+00:00,0.97865,1.00148,0.97812,0.99677,26792
2011-10-11 00:00:00+00:00,0.99673,1.00036,0.99062,0.99395,30226
2011-10-12 00:00:00+00:00,0.99398,1.02064,0.98656,1.01439,35022
2011-10-13 00:00:00+00:00,1.01443,1.02273,1.01022,1.01699,39484
2011-10-14 00:00:00+00:00,1.01702,1.03454,1.01448,1.03410,30483
2011-10-15 00:00:00+00:00,1.03410,1.03410,1.03410,1.03410,12
2011-10-16 00:00:00+00:00,1.03410,1.03412,1.03071,1.03156,1688
2011-10-17 00:00:00+00:00,1.03160,1.03717,1.01488,1.01824,34742
2011-10-18 00:00:00+00:00,1.01820,1.03266,1.01188,1.02414,41585
2011-10-19 00:00:00+00:00,1.02410,1.03533,1.02052,1.02468,38463
2011-10-20 00:00:00+00:00,1.02465,1.02988,1.01478,1.02406,50834
2011-10-21 00:00:00+00:00,1.02402,1.03787,1.02038,1.03748,34866
2011-10-22 00:00:00+00:00,1.03748,1.03748,1.03748,1.03748,12
2011-10-23 00:00:00+00:00,1.03748,1.03748,1.03140,1.03293,2193
2011-10-24 00:00:00+00:00,1.03288,1.05006,1.03227,1.04592,34477
2011-10-25 00:00:00+00:00,1.04596,1.04975,1.03974,1.04221,40361
2011-10-26 00:00:00+00:00,1.04217,1.04359,1.03216,1.04027,38847
2011-10-27 00:00:00+00:00,1.04024,1.07532,1.03892,1.07133,41420
2011-10-28 00:00:00+00:00,1.07137,1.07320,1.06558,1.07014,33610
2011-10-30 00:00:00+00:00,1.06965,1.07170,1.06657,1.06691,1772
2011-10-31 00:00:00+00:00,1.06694,1.06974,1.05070,1.05450,39977
2011-11-01 00:00:00+00:00,1.05432,1.05666,1.02716,1.03066,56481
2011-11-02 00:00:00+00:00,1.03062,1.04277,1.02456,1.02526,45618
2011-11-03 00:00:00+00:00,1.02522,1.04462,1.02030,1.04165,49663
2011-11-04 00:00:00+00:00,1.04162,1.04393,1.03158,1.03718,34530
2011-11-06 00:00:00+00:00,1.03768,1.04266,1.03560,1.03982,1441
2011-11-07 00:00:00+00:00,1.03984,1.04105,1.02764,1.03614,35233
2011-11-08 00:00:00+00:00,1.03611,1.04042,1.02816,1.03770,32820
2011-11-09 00:00:00+00:00,1.03767,1.03981,1.01186,1.01373,44448
2011-11-10 00:00:00+00:00,1.01377,1.02089,1.00522,1.01521,44280
2011-11-11 00:00:00+00:00,1.01518,1.03042,1.01058,1.02751,27626
2011-11-13 00:00:00+00:00,1.02812,1.03506,1.02734,1.03310,1627
2011-11-14 00:00:00+00:00,1.03312,1.03360,1.01616,1.02044,32135
2011-11-15 00:00:00+00:00,1.02041,1.02265,1.01135,1.01422,33839
2011-11-16 00:00:00+00:00,1.01425,1.01842,1.00344,1.00510,40143
2011-11-17 00:00:00+00:00,1.00507,1.01173,0.99740,0.99825,46208
2011-11-18 00:00:00+00:00,0.99829,1.01074,0.99650,1.00065,33231
2011-11-20 00:00:00+00:00,1.00080,1.00192,0.99662,0.99960,1768
2011-11-21 00:00:00+00:00,0.99964,0.99968,0.98094,0.98520,32334
2011-11-22 00:00:00+00:00,0.98517,0.98988,0.98136,0.98483,29259
2011-11-23 00:00:00+00:00,0.98479,0.98562,0.96639,0.96978,33009
2011-11-24 00:00:00+00:00,0.96982,0.97858,0.96962,0.97036,19773
2011-11-25 00:00:00+00:00,0.97040,0.97732,0.96678,0.97110,24465
2011-11-27 00:00:00+00:00,0.97110,0.98540,0.97110,0.98296,3128
2011-11-28 00:00:00+00:00,0.98291,0.99758,0.98034,0.99079,27619
2011-11-29 00:00:00+00:00,0.99075,1.00776,0.98636,1.00163,33943
2011-11-30 00:00:00+00:00,1.00166,1.03307,0.99436,1.02532,39490
2011-12-01 00:00:00+00:00,1.02527,1.02661,1.01512,1.02208,29450
2011-12-02 00:00:00+00:00,1.02204,1.03252,1.01971,1.02160,25667
2011-12-03 00:00:00+00:00,1.02160,1.02160,1.02160,1.02160,2
2011-12-04 00:00:00+00:00,1.02060,1.02705,1.01830,1.02380,1964
2011-12-05 00:00:00+00:00,1.02384,1.03044,1.02030,1.02560,26632
2011-12-06 00:00:00+00:00,1.02556,1.02673,1.01564,1.02477,27872
2011-12-07 00:00:00+00:00,1.02474,1.03043,1.02339,1.02762,25828
2011-12-08 00:00:00+00:00,1.02766,1.03801,1.01464,1.01774,36507
2011-12-09 00:00:00+00:00,1.01770,1.02244,1.00486,1.02190,36383
2011-12-11 00:00:00+00:00,1.02157,1.02195,1.01894,1.02056,1403
2011-12-12 00:00:00+00:00,1.02052,1.02074,1.00338,1.00400,30067
2011-12-13 00:00:00+00:00,1.00396,1.01625,0.99803,0.99866,33117
2011-12-14 00:00:00+00:00,0.99869,1.00453,0.98846,0.99018,30107
2011-12-15 00:00:00+00:00,0.99014,0.99890,0.98616,0.99378,27005
2011-12-16 00:00:00+00:00,0.99381,1.00274,0.99359,0.99823,21913
2011-12-18 00:00:00+00:00,0.99777,0.99915,0.99550,0.99618,898
2011-12-19 00:00:00+00:00,0.99622,0.99698,0.98835,0.99171,21271
2011-12-20 00:00:00+00:00,0.99167,1.00946,0.99115,1.00773,19297
2011-12-21 00:00:00+00:00,1.00769,1.02192,1.00519,1.00688,25590
2011-12-22 00:00:00+00:00,1.00692,1.01486,1.00617,1.01336,17714
2011-12-23 00:00:00+00:00,1.01333,1.01812,1.01314,1.01502,9522
2011-12-25 00:00:00+00:00,1.01275,1.01617,1.01275,1.01499,352
2011-12-26 00:00:00+00:00,1.01499,1.01724,1.01481,1.01579,818
2011-12-27 00:00:00+00:00,1.01575,1.01754,1.01373,1.01462,7341
2011-12-28 00:00:00+00:00,1.01466,1.02030,1.00714,1.00763,13163
2011-12-29 00:00:00+00:00,1.00760,1.01455,1.00448,1.01396,16808
2011-12-30 00:00:00+00:00,1.01392,1.02684,1.01384,1.02054,12861
2012-01-01 00:00:00+00:00,1.02062,1.02289,1.02049,1.02257,178
2012-01-02 00:00:00+00:00,1.02266,1.02559,1.01958,1.02508,2279
2012-01-03 00:00:00+00:00,1.02511,1.03861,1.02511,1.03694,16756
2012-01-04 00:00:00+00:00,1.03690,1.03736,1.03045,1.03408,18906
2012-01-05 00:00:00+00:00,1.03404,1.03434,1.02326,1.02510,22685
2012-01-06 00:00:00+00:00,1.02514,1.02729,1.02018,1.02289,19794
2012-01-08 00:00:00+00:00,1.02211,1.02211,1.01820,1.01998,1676
2012-01-09 00:00:00+00:00,1.02002,1.02568,1.01458,1.02519,19637
2012-01-10 00:00:00+00:00,1.02522,1.03513,1.02513,1.02976,19205
2012-01-11 00:00:00+00:00,1.02972,1.03283,1.02632,1.03159,19999
2012-01-12 00:00:00+00:00,1.03162,1.03775,1.02868,1.03340,20558
2012-01-13 00:00:00+00:00,1.03343,1.03676,1.02326,1.03259,22668
2012-01-15 00:00:00+00:00,1.02961,1.03096,1.02762,1.02800,1067
2012-01-16 00:00:00+00:00,1.02796,1.03375,1.02547,1.03206,14717
2012-01-17 00:00:00+00:00,1.03202,1.04494,1.03200,1.03832,22337
2012-01-18 00:00:00+00:00,1.03836,1.04378,1.03590,1.04165,24452
2012-01-19 00:00:00+00:00,1.04169,1.04336,1.03714,1.04133,21062
2012-01-20 00:00:00+00:00,1.04129,1.04883,1.03836,1.04851,16440
2012-01-21 00:00:00+00:00,1.04851,1.04851,1.04851,1.04851,1
2012-01-22 00:00:00+00:00,1.04798,1.04938,1.04536,1.04670,1451
2012-01-23 00:00:00+00:00,1.04674,1.05731,1.04592,1.05273,17326
2012-01-24 00:00:00+00:00,1.05276,1.05322,1.04286,1.04800,18306
2012-01-25 00:00:00+00:00,1.04803,1.06194,1.04448,1.05912,22729
2012-01-26 00:00:00+00:00,1.05916,1.06878,1.05897,1.06110,19200
2012-01-27 00:00:00+00:00,1.06106,1.06696,1.05928,1.06573,21535
2012-01-29 00:00:00+00:00,1.06573,1.06607,1.06274,1.06344,1355
2012-01-30 00:00:00+00:00,1.06348,1.06366,1.05267,1.05868,21153
2012-01-31 00:00:00+00:00,1.05871,1.06848,1.05772,1.06065,21852
2012-02-01 00:00:00+00:00,1.06068,1.07400,1.05696,1.07165,21398
2012-02-02 00:00:00+00:00,1.07161,1.07566,1.06796,1.07024,21562
2012-02-03 00:00:00+00:00,1.07028,1.07938,1.06720,1.07705,20156
2012-02-05 00:00:00+00:00,1.07705,1.07747,1.07066,1.07512,1854
2012-02-06 00:00:00+00:00,1.07516,1.07575,1.06834,1.07200,18457
2012-02-07 00:00:00+00:00,1.07197,1.08222,1.06989,1.07943,23000
2012-02-08 00:00:00+00:00,1.07946,1.08441,1.07684,1.07863,18778
2012-02-09 00:00:00+00:00,1.07859,1.08243,1.07400,1.07671,25975
2012-02-10 00:00:00+00:00,1.07667,1.07743,1.06404,1.06739,18973
2012-02-11 00:00:00+00:00,1.06732,1.06732,1.06732,1.06732,2
2012-02-12 00:00:00+00:00,1.06732,1.07246,1.06652,1.07096,2202
2012-02-13 00:00:00+00:00,1.07100,1.07782,1.06871,1.07039,20227
2012-02-14 00:00:00+00:00,1.07035,1.07332,1.06288,1.07001,21493
2012-02-15 00:00:00+00:00,1.06997,1.07764,1.06684,1.06852,25161
2012-02-16 00:00:00+00:00,1.06848,1.07734,1.06461,1.07503,26120
2012-02-17 00:00:00+00:00,1.07506,1.07991,1.06888,1.07063,18066
2012-02-18 00:00:00+00:00,1.07088,1.07163,1.07088,1.07163,4
2012-02-19 00:00:00+00:00,1.07163,1.08158,1.07163,1.07984,2361
2012-02-20 00:00:00+00:00,1.07988,1.08008,1.07146,1.07240,13545
2012-02-21 00:00:00+00:00,1.07244,1.07499,1.06455,1.06734,25874
2012-02-22 00:00:00+00:00,1.06731,1.06861,1.06053,1.06336,24021
2012-02-23 00:00:00+00:00,1.06332,1.07392,1.05976,1.07276,20385
2012-02-24 00:00:00+00:00,1.07280,1.07548,1.06882,1.06957,16430
2012-02-26 00:00:00+00:00,1.06917,1.07161,1.06841,1.06938,1507
2012-02-27 00:00:00+00:00,1.06934,1.07844,1.06506,1.07584,19164
2012-02-28 00:00:00+00:00,1.07587,1.07992,1.07290,1.07988,17670
2012-02-29 00:00:00+00:00,1.07992,1.08566,1.07158,1.07411,26124
2012-03-01 00:00:00+00:00,1.07429,1.08176,1.07251,1.08100,21302
2012-03-02 00:00:00+00:00,1.08103,1.08167,1.07277,1.07330,16293
2012-03-03 00:00:00+00:00,1.07330,1.07330,1.07330,1.07330,1
2012-03-04 00:00:00+00:00,1.07290,1.07440,1.07202,1.07202,1107
2012-03-05 00:00:00+00:00,1.07198,1.07398,1.06562,1.06746,17389
2012-03-06 00:00:00+00:00,1.06743,1.06914,1.05257,1.05652,23799
2012-03-07 00:00:00+00:00,1.05648,1.05933,1.05098,1.05663,20987
2012-03-08 00:00:00+00:00,1.05667,1.06700,1.05342,1.06441,20848
2012-03-09 00:00:00+00:00,1.06445,1.06632,1.05651,1.05765,20161
2012-03-11 00:00:00+00:00,1.05715,1.05851,1.05526,1.05608,1089
2012-03-12 00:00:00+00:00,1.05605,1.05605,1.04740,1.05309,16227
2012-03-13 00:00:00+00:00,1.05306,1.05613,1.04854,1.05407,20557
2012-03-14 00:00:00+00:00,1.05410,1.05497,1.04283,1.04392,20002
2012-03-15 00:00:00+00:00,1.04388,1.05545,1.04235,1.05179,20197
2012-03-16 00:00:00+00:00,1.05182,1.05973,1.05095,1.05892,15881
2012-03-18 00:00:00+00:00,1.05871,1.06138,1.05797,1.06013,1351
2012-03-19 00:00:00+00:00,1.06010,1.06371,1.05583,1.05970,13274
2012-03-20 00:00:00+00:00,1.05966,1.06253,1.04574,1.04842,19304
2012-03-21 00:00:00+00:00,1.04846,1.05274,1.04218,1.04594,19329
2012-03-22 00:00:00+00:00,1.04598,1.04836,1.03364,1.03994,21652
2012-03-23 00:00:00+00:00,1.03998,1.04824,1.03720,1.04682,18251
2012-03-25 00:00:00+00:00,1.04575,1.04926,1.04539,1.04866,1114
2012-03-26 00:00:00+00:00,1.04862,1.05458,1.04267,1.05272,16357
2012-03-27 00:00:00+00:00,1.05270,1.05579,1.04413,1.04420,15415
2012-03-28 00:00:00+00:00,1.04423,1.04469,1.03564,1.03916,19342
2012-03-29 00:00:00+00:00,1.03919,1.03970,1.03050,1.03739,20862
2012-03-30 00:00:00+00:00,1.03743,1.04154,1.03484,1.03484,14503
2012-04-01 00:00:00+00:00,1.03484,1.04618,1.03484,1.04256,2733
2012-04-02 00:00:00+00:00,1.04252,1.04445,1.03668,1.04258,14740
2012-04-03 00:00:00+00:00,1.04262,1.04659,1.03018,1.03052,21313
2012-04-04 00:00:00+00:00,1.03049,1.03112,1.02442,1.02795,21811
2012-04-05 00:00:00+00:00,1.02792,1.03232,1.02528,1.02944,14849
2012-04-06 00:00:00+00:00,1.02948,1.03362,1.02727,1.03045,6800
2012-04-08 00:00:00+00:00,1.03015,1.03075,1.02801,1.02904,859
2012-04-09 00:00:00+00:00,1.02908,1.03322,1.02576,1.03064,8131
2012-04-10 00:00:00+00:00,1.03068,1.03563,1.02270,1.02276,18825
2012-04-11 00:00:00+00:00,1.02280,1.03328,1.02264,1.03187,16227
2012-04-12 00:00:00+00:00,1.03184,1.04500,1.03048,1.04368,18334
2012-04-13 00:00:00+00:00,1.04372,1.04524,1.03564,1.03727,17612
2012-04-14 00:00:00+00:00,1.03747,1.03747,1.03747,1.03747,1
2012-04-15 00:00:00+00:00,1.03747,1.03868,1.03363,1.03392,1330
2012-04-16 00:00:00+00:00,1.03396,1.03794,1.03117,1.03514,18569
2012-04-17 00:00:00+00:00,1.03518,1.04184,1.03050,1.04058,15111
2012-04-18 00:00:00+00:00,1.04062,1.04162,1.03408,1.03692,15366
2012-04-19 00:00:00+00:00,1.03688,1.03910,1.03136,1.03448,18421
2012-04-20 00:00:00+00:00,1.03444,1.03836,1.03092,1.03786,12895
2012-04-21 00:00:00+00:00,1.03786,1.03861,1.03786,1.03861,3
2012-04-22 00:00:00+00:00,1.03786,1.03878,1.03670,1.03824,609
2012-04-23 00:00:00+00:00,1.03821,1.03831,1.02720,1.03074,13727
2012-04-24 00:00:00+00:00,1.03071,1.03361,1.02476,1.03343,16514
2012-04-25 00:00:00+00:00,1.03340,1.03758,1.03067,1.03612,14754
2012-04-26 00:00:00+00:00,1.03608,1.03996,1.03511,1.03698,13357
2012-04-27 00:00:00+00:00,1.03702,1.04742,1.03538,1.04715,13024
2012-04-28 00:00:00+00:00,1.04715,1.04715,1.04715,1.04715,2
2012-04-29 00:00:00+00:00,1.04665,1.04698,1.04517,1.04549,813
2012-04-30 00:00:00+00:00,1.04546,1.04614,1.04066,1.04206,9864
2012-05-01 00:00:00+00:00,1.04240,1.04280,1.03055,1.03372,9631
2012-05-02 00:00:00+00:00,1.03369,1.03550,1.02850,1.03062,11928
2012-05-03 00:00:00+00:00,1.03058,1.03147,1.02398,1.02656,12538
2012-05-04 00:00:00+00:00,1.02652,1.02784,1.01706,1.01900,12591
2012-05-06 00:00:00+00:00,1.01800,1.01800,1.01140,1.01207,2519
2012-05-07 00:00:00+00:00,1.01211,1.02203,1.01107,1.02140,12484
2012-05-08 00:00:00+00:00,1.02143,1.02164,1.00886,1.00994,14921
2012-05-09 00:00:00+00:00,1.00990,1.01162,1.00212,1.00524,19787
2012-05-10 00:00:00+00:00,1.00521,1.01432,1.00481,1.00590,18908
2012-05-11 00:00:00+00:00,1.00586,1.00822,1.00187,1.00201,14972
2012-05-12 00:00:00+00:00,1.00201,1.00281,1.00201,1.00281,2
2012-05-13 00:00:00+00:00,1.00281,1.00970,1.00076,1.00208,2099
2012-05-14 00:00:00+00:00,1.00204,1.00348,0.99568,0.99714,13326
2012-05-15 00:00:00+00:00,0.99717,1.00154,0.99218,0.99439,15879
2012-05-16 00:00:00+00:00,0.99435,0.99682,0.98706,0.99313,18578
2012-05-17 00:00:00+00:00,0.99310,0.99639,0.98830,0.98934,17871
2012-05-18 00:00:00+00:00,0.98937,0.98937,0.97951,0.98441,20259
2012-05-20 00:00:00+00:00,0.98411,0.98527,0.98036,0.98371,1508
2012-05-21 00:00:00+00:00,0.98368,0.99184,0.98156,0.99151,15931
2012-05-22 00:00:00+00:00,0.99147,0.99352,0.97612,0.97692,17199
2012-05-23 00:00:00+00:00,0.97688,0.97796,0.96901,0.97279,23054
2012-05-24 00:00:00+00:00,0.97283,0.98136,0.97120,0.97649,22698
2012-05-25 00:00:00+00:00,0.97646,0.97992,0.97265,0.97586,16096
2012-05-27 00:00:00+00:00,0.97633,0.98330,0.97633,0.98138,1884
2012-05-28 00:00:00+00:00,0.98141,0.98884,0.98118,0.98164,10948
2012-05-29 00:00:00+00:00,0.98161,0.98975,0.98008,0.98269,19873
2012-05-30 00:00:00+00:00,0.98273,0.98335,0.96977,0.97032,22587
2012-05-31 00:00:00+00:00,0.97036,0.97704,0.96738,0.97192,23766
2012-06-01 00:00:00+00:00,0.97200,0.97246,0.95818,0.96990,27285
2012-06-03 00:00:00+00:00,0.96990,0.97093,0.96415,0.96422,2483
2012-06-04 00:00:00+00:00,0.96426,0.97516,0.96280,0.97512,19605
2012-06-05 00:00:00+00:00,0.97508,0.98036,0.97111,0.97743,22757
2012-06-06 00:00:00+00:00,0.97739,0.99324,0.97652,0.99107,24667
2012-06-07 00:00:00+00:00,0.99104,1.00026,0.98754,0.99110,24506
2012-06-08 00:00:00+00:00,0.99106,0.99403,0.98212,0.99167,23307
2012-06-09 00:00:00+00:00,0.99167,0.99167,0.99152,0.99152,6
2012-06-10 00:00:00+00:00,0.99217,1.00071,0.99167,0.99841,2900
2012-06-11 00:00:00+00:00,0.99837,0.99948,0.98509,0.98757,20700
2012-06-12 00:00:00+00:00,0.98753,0.99706,0.98667,0.99463,23284
2012-06-13 00:00:00+00:00,0.99460,1.00041,0.99280,0.99500,20358
2012-06-14 00:00:00+00:00,0.99497,1.00332,0.99222,1.00091,22219
2012-06-15 00:00:00+00:00,1.00087,1.00894,0.99946,1.00830,17416
2012-06-17 00:00:00+00:00,1.00830,1.01317,1.00830,1.01136,2534
2012-06-18 00:00:00+00:00,1.01132,1.01425,1.00570,1.01114,24747
2012-06-19 00:00:00+00:00,1.01110,1.02012,1.01044,1.01770,21052
2012-06-20 00:00:00+00:00,1.01767,1.02242,1.01336,1.01948,24615
2012-06-21 00:00:00+00:00,1.01945,1.01948,1.00290,1.00434,26080
2012-06-22 00:00:00+00:00,1.00431,1.00772,1.00086,1.00641,19947
2012-06-24 00:00:00+00:00,1.00577,1.00577,1.00311,1.00382,986
2012-06-25 00:00:00+00:00,1.00386,1.00402,0.99692,1.00116,16146
2012-06-26 00:00:00+00:00,1.00113,1.00844,1.00106,1.00473,19792
2012-06-27 00:00:00+00:00,1.00469,1.00896,1.00407,1.00739,16668
2012-06-28 00:00:00+00:00,1.00743,1.01264,0.99966,1.00320,23863
2012-06-29 00:00:00+00:00,1.00316,1.02578,1.00204,1.02390,27669
2012-07-01 00:00:00+00:00,1.02345,1.02694,1.02306,1.02374,1207
2012-07-02 00:00:00+00:00,1.02371,1.02779,1.02131,1.02359,18094
2012-07-03 00:00:00+00:00,1.02355,1.02963,1.02299,1.02838,13805
2012-07-04 00:00:00+00:00,1.02834,1.03206,1.02610,1.02648,11613
2012-07-05 00:00:00+00:00,1.02652,1.03290,1.02428,1.02812,21357
2012-07-06 00:00:00+00:00,1.02815,1.02886,1.01796,1.02116,18232
2012-07-08 00:00:00+00:00,1.01818,1.02126,1.01794,1.01955,1639
2012-07-09 00:00:00+00:00,1.01952,1.02134,1.01551,1.02049,14258
2012-07-10 00:00:00+00:00,1.02046,1.02448,1.01607,1.01869,16417
2012-07-11 00:00:00+00:00,1.01865,1.02816,1.01796,1.02480,18125
2012-07-12 00:00:00+00:00,1.02476,1.02523,1.01004,1.01304,18531
2012-07-13 00:00:00+00:00,1.01300,1.02299,1.01228,1.02264,15033
2012-07-15 00:00:00+00:00,1.02264,1.02556,1.02264,1.02347,1251
2012-07-16 00:00:00+00:00,1.02344,1.02594,1.02027,1.02402,11503
2012-07-17 00:00:00+00:00,1.02399,1.03192,1.02358,1.03160,17956
2012-07-18 00:00:00+00:00,1.03157,1.03732,1.02888,1.03602,16529
2012-07-19 00:00:00+00:00,1.03606,1.04442,1.03606,1.04226,16436
2012-07-20 00:00:00+00:00,1.04230,1.04257,1.03628,1.03784,15562
2012-07-22 00:00:00+00:00,1.03784,1.03784,1.03354,1.03378,1355
2012-07-23 00:00:00+00:00,1.03382,1.03403,1.02436,1.02697,19390
2012-07-24 00:00:00+00:00,1.02700,1.03164,1.02108,1.02137,20287
2012-07-25 00:00:00+00:00,1.02134,1.03371,1.01766,1.03003,22019
2012-07-26 00:00:00+00:00,1.03007,1.04224,1.02920,1.03930,23055
2012-07-27 00:00:00+00:00,1.03926,1.04869,1.03842,1.04841,21388
2012-07-29 00:00:00+00:00,1.04841,1.04968,1.04601,1.04625,1320
2012-07-30 00:00:00+00:00,1.04629,1.05080,1.04494,1.04969,14511
2012-07-31 00:00:00+00:00,1.04966,1.05384,1.04772,1.04822,17009
2012-08-01 00:00:00+00:00,1.04812,1.05424,1.04478,1.04679,18860
2012-08-02 00:00:00+00:00,1.04683,1.05809,1.04363,1.04561,27101
2012-08-03 00:00:00+00:00,1.04557,1.05710,1.04460,1.05695,17829
2012-08-05 00:00:00+00:00,1.05695,1.05770,1.05560,1.05590,905
2012-08-06 00:00:00+00:00,1.05586,1.05932,1.05367,1.05608,12032
2012-08-07 00:00:00+00:00,1.05612,1.06037,1.05335,1.05342,13161
2012-08-08 00:00:00+00:00,1.05339,1.05824,1.05309,1.05548,12390
2012-08-09 00:00:00+00:00,1.05544,1.06135,1.05544,1.05717,13956
2012-08-10 00:00:00+00:00,1.05721,1.05783,1.04974,1.05764,12571
2012-08-12 00:00:00+00:00,1.05764,1.05764,1.05492,1.05524,954
2012-08-13 00:00:00+00:00,1.05520,1.05740,1.04970,1.05120,11227
2012-08-14 00:00:00+00:00,1.05117,1.05414,1.04786,1.04868,12939
2012-08-15 00:00:00+00:00,1.04864,1.05146,1.04553,1.04943,10685
2012-08-16 00:00:00+00:00,1.04947,1.05290,1.04749,1.05240,11133
2012-08-17 00:00:00+00:00,1.05236,1.05244,1.04110,1.04192,10979
2012-08-19 00:00:00+00:00,1.04192,1.04365,1.04190,1.04354,743
2012-08-20 00:00:00+00:00,1.04351,1.04686,1.04261,1.04492,9612
2012-08-21 00:00:00+00:00,1.04488,1.05210,1.04486,1.04683,11288
2012-08-22 00:00:00+00:00,1.04679,1.05174,1.04134,1.05077,16000
2012-08-23 00:00:00+00:00,1.05080,1.05450,1.04222,1.04329,14572
2012-08-24 00:00:00+00:00,1.04325,1.04429,1.03758,1.04039,12576
2012-08-26 00:00:00+00:00,1.04039,1.04303,1.04018,1.04025,889
2012-08-27 00:00:00+00:00,1.04021,1.04161,1.03592,1.03618,8632
2012-08-28 00:00:00+00:00,1.03621,1.03895,1.03457,1.03740,10860
2012-08-29 00:00:00+00:00,1.03736,1.03980,1.03367,1.03388,8740
2012-08-30 00:00:00+00:00,1.03391,1.03442,1.02768,1.02787,10343
2012-08-31 00:00:00+00:00,1.02791,1.03552,1.02787,1.03227,14544
2012-09-02 00:00:00+00:00,1.03227,1.03227,1.02710,1.02713,1008
2012-09-03 00:00:00+00:00,1.02710,1.02754,1.02324,1.02395,8305
2012-09-04 00:00:00+00:00,1.02399,1.02875,1.02062,1.02067,13277
2012-09-05 00:00:00+00:00,1.02063,1.02211,1.01673,1.01897,14915
2012-09-06 00:00:00+00:00,1.01900,1.03002,1.01666,1.02818,16360
2012-09-07 00:00:00+00:00,1.02821,1.04004,1.02768,1.03850,14008
2012-09-08 00:00:00+00:00,1.03850,1.03850,1.03850,1.03850,1
2012-09-09 00:00:00+00:00,1.03850,1.03860,1.03593,1.03614,1128
2012-09-10 00:00:00+00:00,1.03610,1.03856,1.03312,1.03322,8412
2012-09-11 00:00:00+00:00,1.03319,1.04495,1.03231,1.04278,11454
2012-09-12 00:00:00+00:00,1.04282,1.05058,1.04282,1.04611,15932
2012-09-13 00:00:00+00:00,1.04615,1.05681,1.04288,1.05373,18363
2012-09-14 00:00:00+00:00,1.05369,1.06244,1.05354,1.05480,16211
2012-09-16 00:00:00+00:00,1.05480,1.05641,1.05326,1.05355,913
2012-09-17 00:00:00+00:00,1.05351,1.05478,1.04555,1.04754,12753
2012-09-18 00:00:00+00:00,1.04758,1.04862,1.04106,1.04523,14885
2012-09-19 00:00:00+00:00,1.04520,1.04970,1.04183,1.04705,14043
2012-09-20 00:00:00+00:00,1.04702,1.04734,1.03676,1.04337,15996
2012-09-21 00:00:00+00:00,1.04333,1.05190,1.04316,1.04578,14495
2012-09-22 00:00:00+00:00,1.04578,1.04578,1.04578,1.04578,2
2012-09-23 00:00:00+00:00,1.04578,1.04584,1.04331,1.04345,690
2012-09-24 00:00:00+00:00,1.04341,1.04360,1.03868,1.04209,11903
2012-09-25 00:00:00+00:00,1.04205,1.04622,1.03593,1.03617,14396
2012-09-26 00:00:00+00:00,1.03620,1.03776,1.03287,1.03713,13634
2012-09-27 00:00:00+00:00,1.03716,1.04584,1.03648,1.04368,14955
2012-09-28 00:00:00+00:00,1.04372,1.04739,1.03662,1.03786,15014
2012-09-30 00:00:00+00:00,1.03786,1.03786,1.03404,1.03547,1133
2012-10-01 00:00:00+00:00,1.03523,1.04031,1.03266,1.03605,13889
2012-10-02 00:00:00+00:00,1.03601,1.03761,1.02519,1.02537,15961
2012-10-03 00:00:00+00:00,1.02541,1.02565,1.01964,1.02303,14041
2012-10-04 00:00:00+00:00,1.02299,1.02728,1.01828,1.02398,15777
2012-10-05 00:00:00+00:00,1.02401,1.02748,1.01524,1.01860,12326
2012-10-07 00:00:00+00:00,1.01860,1.01860,1.01511,1.01710,964
2012-10-08 00:00:00+00:00,1.01714,1.02194,1.01496,1.02135,10997
2012-10-09 00:00:00+00:00,1.02131,1.02473,1.01758,1.01884,14870
2012-10-10 00:00:00+00:00,1.01880,1.02631,1.01846,1.02211,15244
2012-10-11 00:00:00+00:00,1.02215,1.02938,1.02187,1.02562,14028
2012-10-12 00:00:00+00:00,1.02565,1.02895,1.02168,1.02332,12646
2012-10-14 00:00:00+00:00,1.02332,1.02621,1.02187,1.02222,1068
2012-10-15 00:00:00+00:00,1.02225,1.02675,1.02026,1.02645,13321
2012-10-16 00:00:00+00:00,1.02642,1.03147,1.02458,1.03064,12977
2012-10-17 00:00:00+00:00,1.03060,1.03887,1.02996,1.03779,12937
2012-10-18 00:00:00+00:00,1.03775,1.04113,1.03550,1.03736,14040
2012-10-19 00:00:00+00:00,1.03740,1.03783,1.03184,1.03311,10028
2012-10-21 00:00:00+00:00,1.03311,1.03311,1.03018,1.03048,893
2012-10-22 00:00:00+00:00,1.03052,1.03395,1.02968,1.03354,10070
2012-10-23 00:00:00+00:00,1.03352,1.03364,1.02360,1.02675,11882
2012-10-24 00:00:00+00:00,1.02678,1.03667,1.02678,1.03438,13529
2012-10-25 00:00:00+00:00,1.03435,1.03970,1.03328,1.03520,12620
2012-10-26 00:00:00+00:00,1.03516,1.03856,1.03057,1.03736,12575
2012-10-28 00:00:00+00:00,1.03678,1.03714,1.03445,1.03512,625
2012-10-29 00:00:00+00:00,1.03516,1.03675,1.03258,1.03388,6368
2012-10-30 00:00:00+00:00,1.03391,1.03836,1.03302,1.03631,6659
2012-10-31 00:00:00+00:00,1.03627,1.03993,1.03530,1.03732,9793
2012-11-01 00:00:00+00:00,1.03718,1.04194,1.03556,1.04132,9976
2012-11-02 00:00:00+00:00,1.04128,1.04134,1.03314,1.03372,11353
2012-11-04 00:00:00+00:00,1.03388,1.03480,1.03335,1.03412,400
2012-11-05 00:00:00+00:00,1.03408,1.03830,1.03347,1.03804,8654
2012-11-06 00:00:00+00:00,1.03801,1.04480,1.03659,1.04289,10198
2012-11-07 00:00:00+00:00,1.04285,1.04806,1.03953,1.04042,18058
2012-11-08 00:00:00+00:00,1.04038,1.04432,1.03894,1.03992,13486
2012-11-09 00:00:00+00:00,1.03995,1.04352,1.03594,1.03858,13375
2012-11-11 00:00:00+00:00,1.03933,1.04026,1.03857,1.03944,884
2012-11-12 00:00:00+00:00,1.03942,1.04400,1.03880,1.04246,7317
2012-11-13 00:00:00+00:00,1.04250,1.04466,1.03970,1.04439,11558
2012-11-14 00:00:00+00:00,1.04435,1.04584,1.03586,1.03644,10967
2012-11-15 00:00:00+00:00,1.03642,1.03869,1.03075,1.03378,12445
2012-11-16 00:00:00+00:00,1.03374,1.03516,1.02876,1.03396,11249
2012-11-18 00:00:00+00:00,1.03396,1.03671,1.03396,1.03597,878
2012-11-19 00:00:00+00:00,1.03601,1.04174,1.03542,1.04006,8462
2012-11-20 00:00:00+00:00,1.04010,1.04244,1.03580,1.03879,8994
2012-11-21 00:00:00+00:00,1.03876,1.03886,1.03387,1.03822,9790
2012-11-22 00:00:00+00:00,1.03818,1.04014,1.03526,1.03788,5898
2012-11-23 00:00:00+00:00,1.03791,1.04708,1.03762,1.04607,6519
2012-11-25 00:00:00+00:00,1.04557,1.04676,1.04532,1.04570,466
2012-11-26 00:00:00+00:00,1.04574,1.04790,1.04392,1.04715,7711
2012-11-27 00:00:00+00:00,1.04711,1.04900,1.04363,1.04429,9158
2012-11-28 00:00:00+00:00,1.04433,1.04813,1.04276,1.04732,9496
2012-11-29 00:00:00+00:00,1.04736,1.04802,1.04184,1.04282,9309
2012-11-30 00:00:00+00:00,1.04280,1.04473,1.04026,1.04264,8288
2012-12-02 00:00:00+00:00,1.04264,1.04334,1.04196,1.04258,519
2012-12-03 00:00:00+00:00,1.04254,1.04465,1.03934,1.04320,8369
2012-12-04 00:00:00+00:00,1.04316,1.04845,1.04112,1.04744,9576
2012-12-05 00:00:00+00:00,1.04740,1.04846,1.04424,1.04460,8068
2012-12-06 00:00:00+00:00,1.04464,1.05156,1.04414,1.04728,9651
2012-12-07 00:00:00+00:00,1.04732,1.04970,1.04602,1.04878,7070
2012-12-09 00:00:00+00:00,1.04884,1.04910,1.04778,1.04822,447
2012-12-10 00:00:00+00:00,1.04824,1.05053,1.04654,1.04860,5121
2012-12-11 00:00:00+00:00,1.04864,1.05411,1.04618,1.05360,5869
2012-12-12 00:00:00+00:00,1.05364,1.05855,1.05234,1.05454,20804
2012-12-13 00:00:00+00:00,1.05458,1.05644,1.05088,1.05310,11773
2012-12-14 00:00:00+00:00,1.05311,1.05776,1.05105,1.05663,26842
2012-12-16 00:00:00+00:00,1.05473,1.05731,1.05375,1.05534,4280
2012-12-17 00:00:00+00:00,1.05534,1.05548,1.05266,1.05442,21791
2012-12-18 00:00:00+00:00,1.05440,1.05574,1.05118,1.05178,22982
2012-12-19 00:00:00+00:00,1.05176,1.05326,1.04677,1.04758,25495
2012-12-20 00:00:00+00:00,1.04758,1.04998,1.04614,1.04796,24179
2012-12-21 00:00:00+00:00,1.04800,1.04804,1.03948,1.04020,27717
2012-12-23 00:00:00+00:00,1.03975,1.04069,1.03923,1.03943,2518
2012-12-24 00:00:00+00:00,1.03942,1.04162,1.03579,1.03660,12716
2012-12-26 00:00:00+00:00,1.03660,1.03862,1.03452,1.03644,8532
2012-12-27 00:00:00+00:00,1.03642,1.03891,1.03458,1.03686,24175
2012-12-28 00:00:00+00:00,1.03686,1.03961,1.03615,1.03726,20654
2012-12-30 00:00:00+00:00,1.03666,1.03932,1.03631,1.03908,2737
2012-12-31 00:00:00+00:00,1.03906,1.04092,1.03646,1.03831,15534
2013-01-02 00:00:00+00:00,1.04129,1.05236,1.04117,1.04918,40663
2013-01-03 00:00:00+00:00,1.04919,1.05275,1.04494,1.04494,28026
2013-01-04 00:00:00+00:00,1.04494,1.04878,1.03948,1.04808,30250
2013-01-06 00:00:00+00:00,1.04710,1.05126,1.04702,1.04954,4230
2013-01-07 00:00:00+00:00,1.04954,1.05158,1.04674,1.05110,27097
2013-01-08 00:00:00+00:00,1.05110,1.05166,1.04696,1.05120,29223
2013-01-09 00:00:00+00:00,1.05120,1.05353,1.04866,1.05046,30909
2013-01-10 00:00:00+00:00,1.05046,1.05987,1.04938,1.05787,36135
2013-01-11 00:00:00+00:00,1.05784,1.05912,1.05309,1.05361,28372
2013-01-12 00:00:00+00:00,1.05361,1.05361,1.05361,1.05361,1
2013-01-13 00:00:00+00:00,1.05422,1.05536,1.05258,1.05368,2648
2013-01-14 00:00:00+00:00,1.05368,1.05776,1.05220,1.05644,26400
2013-01-15 00:00:00+00:00,1.05644,1.05727,1.05262,1.05697,31449
2013-01-16 00:00:00+00:00,1.05698,1.05804,1.05316,1.05546,31452
2013-01-17 00:00:00+00:00,1.05544,1.05667,1.04941,1.05446,39094
2013-01-18 00:00:00+00:00,1.05446,1.05580,1.04856,1.05106,34131
2013-01-20 00:00:00+00:00,1.05093,1.05140,1.04980,1.05038,2590
2013-01-21 00:00:00+00:00,1.05036,1.05254,1.04930,1.05149,19887
2013-01-22 00:00:00+00:00,1.05148,1.05782,1.05046,1.05601,33272
2013-01-23 00:00:00+00:00,1.05601,1.05673,1.05276,1.05351,29832
2013-01-24 00:00:00+00:00,1.05350,1.05482,1.04439,1.04439,37939
2013-01-25 00:00:00+00:00,1.04438,1.04684,1.04036,1.04236,30540
2013-01-27 00:00:00+00:00,1.04128,1.04200,1.04084,1.04105,2568
2013-01-28 00:00:00+00:00,1.04102,1.04297,1.03845,1.04219,28462
2013-01-29 00:00:00+00:00,1.04218,1.04768,1.04189,1.04628,31048
2013-01-30 00:00:00+00:00,1.04624,1.04758,1.03990,1.04164,33363
2013-01-31 00:00:00+00:00,1.04162,1.04510,1.03802,1.04310,32540
2013-02-01 00:00:00+00:00,1.04304,1.04457,1.03614,1.04067,35540
2013-02-03 00:00:00+00:00,1.04064,1.04312,1.04054,1.04238,3313
2013-02-04 00:00:00+00:00,1.04237,1.04430,1.04094,1.04407,28913
2013-02-05 00:00:00+00:00,1.04408,1.04580,1.03705,1.03901,35648
2013-02-06 00:00:00+00:00,1.03898,1.04006,1.02965,1.03174,36794
2013-02-07 00:00:00+00:00,1.03174,1.03390,1.02736,1.02782,36618
2013-02-08 00:00:00+00:00,1.02782,1.03484,1.02557,1.03187,31481
2013-02-10 00:00:00+00:00,1.03122,1.03245,1.03078,1.03194,3851
2013-02-11 00:00:00+00:00,1.03194,1.03252,1.02496,1.02590,49382
2013-02-12 00:00:00+00:00,1.02589,1.03398,1.02271,1.03371,63275
2013-02-13 00:00:00+00:00,1.03370,1.03729,1.03188,1.03556,57239
2013-02-14 00:00:00+00:00,1.03556,1.03732,1.03266,1.03488,57934
2013-02-15 00:00:00+00:00,1.03491,1.03750,1.02878,1.03052,54185
2013-02-17 00:00:00+00:00,1.02918,1.03024,1.02798,1.02972,4199
2013-02-18 00:00:00+00:00,1.02972,1.03196,1.02752,1.03160,45022
2013-02-19 00:00:00+00:00,1.03160,1.03678,1.03028,1.03472,57022
2013-02-20 00:00:00+00:00,1.03472,1.03675,1.02378,1.02466,73194
2013-02-21 00:00:00+00:00,1.02466,1.03079,1.02210,1.02934,79988
2013-02-22 00:00:00+00:00,1.02934,1.03406,1.02706,1.03198,62524
2013-02-24 00:00:00+00:00,1.03044,1.03054,1.02806,1.02968,6360
2013-02-25 00:00:00+00:00,1.02969,1.03282,1.02490,1.02696,103488
2013-02-26 00:00:00+00:00,1.02697,1.02924,1.02006,1.02340,110681
2013-02-27 00:00:00+00:00,1.02340,1.02464,1.01832,1.02292,97724
2013-02-28 00:00:00+00:00,1.02292,1.02899,1.01977,1.02172,90653
2013-03-01 00:00:00+00:00,1.02168,1.02418,1.01824,1.02037,82749
2013-03-03 00:00:00+00:00,1.02012,1.02055,1.01920,1.01964,4573
2013-03-04 00:00:00+00:00,1.01963,1.02070,1.01154,1.02024,75518
2013-03-05 00:00:00+00:00,1.02025,1.02700,1.01932,1.02650,83631
2013-03-06 00:00:00+00:00,1.02650,1.03014,1.02232,1.02336,75610
2013-03-07 00:00:00+00:00,1.02336,1.02900,1.02194,1.02713,74952
2013-03-08 00:00:00+00:00,1.02712,1.02842,1.02116,1.02354,74329
2013-03-10 00:00:00+00:00,1.02058,1.02186,1.02044,1.02132,5978
2013-03-11 00:00:00+00:00,1.02132,1.02852,1.02111,1.02768,67239
2013-03-12 00:00:00+00:00,1.02767,1.03356,1.02666,1.03270,86249
2013-03-13 00:00:00+00:00,1.03270,1.03342,1.02822,1.02990,93983
2013-03-14 00:00:00+00:00,1.02990,1.04013,1.02978,1.03802,110648
2013-03-15 00:00:00+00:00,1.03802,1.04144,1.03612,1.04092,72815
2013-03-17 00:00:00+00:00,1.03551,1.03746,1.03449,1.03524,15576
2013-03-18 00:00:00+00:00,1.03523,1.04098,1.03446,1.03930,88776
2013-03-19 00:00:00+00:00,1.03930,1.04056,1.03511,1.03616,91800
2013-03-20 00:00:00+00:00,1.03617,1.04058,1.03552,1.03772,83938
2013-03-21 00:00:00+00:00,1.03772,1.04584,1.03632,1.04378,87286
2013-03-22 00:00:00+00:00,1.04378,1.04602,1.04215,1.04436,39711
2013-03-24 00:00:00+00:00,1.04442,1.04615,1.04412,1.04487,5976
2013-03-25 00:00:00+00:00,1.04488,1.04798,1.04326,1.04612,56718
2013-03-26 00:00:00+00:00,1.04613,1.04972,1.04478,1.04742,46541
2013-03-27 00:00:00+00:00,1.04743,1.04820,1.04178,1.04481,45815
2013-03-28 00:00:00+00:00,1.04481,1.04574,1.03968,1.04160,46966
2013-03-29 00:00:00+00:00,1.04160,1.04277,1.04025,1.04196,25312
2013-03-31 00:00:00+00:00,1.04210,1.04210,1.04038,1.04113,2118
2013-04-01 00:00:00+00:00,1.04122,1.04404,1.03864,1.04360,25844
2013-04-02 00:00:00+00:00,1.04360,1.04792,1.04360,1.04562,42611
2013-04-03 00:00:00+00:00,1.04562,1.04976,1.04464,1.04538,41685
2013-04-04 00:00:00+00:00,1.04538,1.04920,1.03862,1.04240,61843
2013-04-05 00:00:00+00:00,1.04240,1.04378,1.03549,1.03832,56472
2013-04-07 00:00:00+00:00,1.03689,1.03760,1.03484,1.03519,5013
2013-04-08 00:00:00+00:00,1.03522,1.04236,1.03514,1.04196,44898
2013-04-09 00:00:00+00:00,1.04195,1.05096,1.04140,1.04870,54751
2013-04-10 00:00:00+00:00,1.04869,1.05524,1.04745,1.05369,51670
2013-04-11 00:00:00+00:00,1.05368,1.05823,1.05008,1.05455,55924
2013-04-12 00:00:00+00:00,1.05456,1.05613,1.04794,1.05084,50140
2013-04-13 00:00:00+00:00,1.05083,1.05083,1.05083,1.05083,2
2013-04-14 00:00:00+00:00,1.05056,1.05176,1.04964,1.05096,3761
2013-04-15 00:00:00+00:00,1.05096,1.05238,1.02913,1.03368,102391
2013-04-16 00:00:00+00:00,1.03364,1.03978,1.03082,1.03824,78770
2013-04-17 00:00:00+00:00,1.03822,1.03875,1.02770,1.03002,80509
2013-04-18 00:00:00+00:00,1.03002,1.03379,1.02690,1.02949,81974
2013-04-19 00:00:00+00:00,1.02945,1.03584,1.02757,1.02771,59780
2013-04-21 00:00:00+00:00,1.02806,1.02840,1.02701,1.02735,3348
2013-04-22 00:00:00+00:00,1.02736,1.03077,1.02358,1.02634,62552
2013-04-23 00:00:00+00:00,1.02632,1.02718,1.02212,1.02587,68208
2013-04-24 00:00:00+00:00,1.02587,1.02964,1.02316,1.02759,61052
2013-04-25 00:00:00+00:00,1.02760,1.03396,1.02724,1.02923,52635
2013-04-26 00:00:00+00:00,1.02922,1.03364,1.02634,1.02761,54990
2013-04-28 00:00:00+00:00,1.02820,1.02905,1.02725,1.02840,2405
2013-04-29 00:00:00+00:00,1.02838,1.03580,1.02758,1.03418,41298
2013-04-30 00:00:00+00:00,1.03418,1.03848,1.03292,1.03696,50409
2013-05-01 00:00:00+00:00,1.03712,1.03822,1.02658,1.02825,55429
2013-05-02 00:00:00+00:00,1.02824,1.02824,1.02220,1.02532,63146
2013-05-03 00:00:00+00:00,1.02531,1.03230,1.02425,1.03186,50477
2013-05-05 00:00:00+00:00,1.03066,1.03134,1.02958,1.02973,3153
2013-05-06 00:00:00+00:00,1.02972,1.03070,1.02226,1.02446,40558
2013-05-07 00:00:00+00:00,1.02446,1.02518,1.01550,1.01750,59915
2013-05-08 00:00:00+00:00,1.01751,1.02082,1.01555,1.01894,51754
2013-05-09 00:00:00+00:00,1.01896,1.02540,1.00464,1.00761,73374
2013-05-10 00:00:00+00:00,1.00762,1.00936,0.99611,1.00246,79335
2013-05-12 00:00:00+00:00,1.00022,1.00154,0.99802,0.99843,5512
2013-05-13 00:00:00+00:00,0.99842,1.00111,0.99404,0.99700,63573
2013-05-14 00:00:00+00:00,0.99698,1.00035,0.98771,0.99062,71043
2013-05-15 00:00:00+00:00,0.99063,0.99194,0.98526,0.98976,72575
2013-05-16 00:00:00+00:00,0.98977,0.99132,0.97972,0.98246,80704
2013-05-17 00:00:00+00:00,0.98248,0.98272,0.97112,0.97323,65792
2013-05-19 00:00:00+00:00,0.97560,0.97698,0.97375,0.97647,6891
2013-05-20 00:00:00+00:00,0.97644,0.98276,0.97410,0.98138,65180
2013-05-21 00:00:00+00:00,0.98139,0.98424,0.97518,0.98183,75704
2013-05-22 00:00:00+00:00,0.98183,0.98282,0.96554,0.96642,97915
2013-05-23 00:00:00+00:00,0.96644,0.97786,0.95936,0.96828,108618
2013-05-24 00:00:00+00:00,0.96830,0.97084,0.96339,0.96519,73110
2013-05-26 00:00:00+00:00,0.96422,0.96576,0.96266,0.96346,5608
2013-05-27 00:00:00+00:00,0.96344,0.96658,0.96155,0.96286,43944
2013-05-28 00:00:00+00:00,0.96284,0.96958,0.95558,0.95718,76795
2013-05-29 00:00:00+00:00,0.95718,0.96705,0.95282,0.96328,86304
2013-05-30 00:00:00+00:00,0.96328,0.96972,0.95836,0.96680,96124
2013-05-31 00:00:00+00:00,0.96682,0.96812,0.95490,0.95711,82538
2013-06-02 00:00:00+00:00,0.96225,0.96280,0.95912,0.96196,6983
2013-06-03 00:00:00+00:00,0.96194,0.97918,0.95986,0.97500,86552
2013-06-04 00:00:00+00:00,0.97500,0.97606,0.96106,0.96397,81500
2013-06-05 00:00:00+00:00,0.96393,0.96574,0.95081,0.95085,95318
2013-06-06 00:00:00+00:00,0.95084,0.96739,0.94347,0.95562,115718
2013-06-07 00:00:00+00:00,0.95564,0.95744,0.94286,0.94970,113881
2013-06-09 00:00:00+00:00,0.94068,0.94334,0.93937,0.94214,8451
2013-06-10 00:00:00+00:00,0.94212,0.94808,0.93990,0.94254,83986
2013-06-11 00:00:00+00:00,0.94254,0.94750,0.93260,0.94548,118308
2013-06-12 00:00:00+00:00,0.94546,0.95638,0.94158,0.94696,99313
2013-06-13 00:00:00+00:00,0.94696,0.96660,0.94291,0.96116,110235
2013-06-14 00:00:00+00:00,0.96116,0.96558,0.95673,0.95702,83837
2013-06-16 00:00:00+00:00,0.95639,0.95792,0.95603,0.95657,4044
2013-06-17 00:00:00+00:00,0.95657,0.96414,0.95092,0.95562,68148
2013-06-18 00:00:00+00:00,0.95558,0.95743,0.94402,0.94650,73802
2013-06-19 00:00:00+00:00,0.94648,0.95570,0.92616,0.92794,98574
2013-06-20 00:00:00+00:00,0.92794,0.93132,0.91632,0.91954,121568
2013-06-21 00:00:00+00:00,0.91951,0.92595,0.91829,0.92191,87759
2013-06-23 00:00:00+00:00,0.92086,0.92517,0.92086,0.92435,6921
2013-06-24 00:00:00+00:00,0.92436,0.92992,0.91478,0.92758,112764
2013-06-25 00:00:00+00:00,0.92758,0.92975,0.91973,0.92468,96332
2013-06-26 00:00:00+00:00,0.92466,0.93450,0.92364,0.92882,91293
2013-06-27 00:00:00+00:00,0.92880,0.93392,0.92462,0.92619,78124
2013-06-28 00:00:00+00:00,0.92619,0.92836,0.91132,0.91394,86012
2013-06-30 00:00:00+00:00,0.91136,0.91488,0.91134,0.91432,5425
2013-07-01 00:00:00+00:00,0.91415,0.92530,0.91354,0.92427,69673
2013-07-02 00:00:00+00:00,0.92426,0.92502,0.91301,0.91393,86841
2013-07-03 00:00:00+00:00,0.91393,0.91902,0.90365,0.91166,101520
2013-07-04 00:00:00+00:00,0.91166,0.91808,0.90730,0.91508,84739
2013-07-05 00:00:00+00:00,0.91508,0.91804,0.90484,0.90654,69865
2013-07-07 00:00:00+00:00,0.90537,0.90680,0.90422,0.90430,4799
2013-07-08 00:00:00+00:00,0.90430,0.91454,0.90420,0.91200,54458
2013-07-09 00:00:00+00:00,0.91197,0.92010,0.90832,0.91552,73584
2013-07-10 00:00:00+00:00,0.91554,0.92993,0.90929,0.92367,116198
2013-07-11 00:00:00+00:00,0.92366,0.93058,0.91194,0.91656,115261
2013-07-12 00:00:00+00:00,0.91656,0.91882,0.89988,0.90488,75707
2013-07-14 00:00:00+00:00,0.90672,0.90944,0.90660,0.90864,5651
2013-07-15 00:00:00+00:00,0.90865,0.91220,0.90356,0.90910,70083
2013-07-16 00:00:00+00:00,0.90906,0.92610,0.90898,0.92464,77528
2013-07-17 00:00:00+00:00,0.92464,0.92924,0.91914,0.92359,81921
2013-07-18 00:00:00+00:00,0.92358,0.92422,0.91382,0.91798,71853
2013-07-19 00:00:00+00:00,0.91796,0.92356,0.91554,0.91720,60729
2013-07-21 00:00:00+00:00,0.91782,0.92214,0.91744,0.92204,5276
2013-07-22 00:00:00+00:00,0.92202,0.92705,0.91854,0.92567,58546
2013-07-23 00:00:00+00:00,0.92567,0.92990,0.92228,0.92868,64822
2013-07-24 00:00:00+00:00,0.92868,0.93188,0.91288,0.91328,94386
2013-07-25 00:00:00+00:00,0.91324,0.92814,0.91315,0.92362,82409
2013-07-26 00:00:00+00:00,0.92362,0.92953,0.92277,0.92633,62787
2013-07-28 00:00:00+00:00,0.92534,0.92828,0.92510,0.92530,5534
2013-07-29 00:00:00+00:00,0.92529,0.92870,0.91776,0.92000,67927
2013-07-30 00:00:00+00:00,0.92000,0.92064,0.90436,0.90716,77401
2013-07-31 00:00:00+00:00,0.90716,0.90716,0.89260,0.89502,96239
2013-08-01 00:00:00+00:00,0.89524,0.89936,0.89076,0.89387,80043
2013-08-02 00:00:00+00:00,0.89387,0.89698,0.88704,0.89042,79487
2013-08-04 00:00:00+00:00,0.89204,0.89216,0.89006,0.89040,5204
2013-08-05 00:00:00+00:00,0.89040,0.89426,0.88482,0.89126,58937
2013-08-06 00:00:00+00:00,0.89126,0.90057,0.89068,0.89860,68684
2013-08-07 00:00:00+00:00,0.89861,0.90254,0.89200,0.90049,64630
2013-08-08 00:00:00+00:00,0.90046,0.91352,0.89730,0.91073,80057
2013-08-09 00:00:00+00:00,0.91073,0.92148,0.90872,0.92038,54329
2013-08-11 00:00:00+00:00,0.91906,0.91994,0.91758,0.91769,4227
2013-08-12 00:00:00+00:00,0.91770,0.92208,0.91117,0.91127,52594
2013-08-13 00:00:00+00:00,0.91126,0.91490,0.90735,0.90978,64025
2013-08-14 00:00:00+00:00,0.90981,0.91604,0.90814,0.91456,54615
2013-08-15 00:00:00+00:00,0.91452,0.91898,0.90582,0.91329,82570
2013-08-16 00:00:00+00:00,0.91329,0.92153,0.91320,0.91846,57793
2013-08-18 00:00:00+00:00,0.91870,0.92128,0.91818,0.91974,6085
2013-08-19 00:00:00+00:00,0.91971,0.92332,0.91030,0.91142,68029
2013-08-20 00:00:00+00:00,0.91144,0.91220,0.90272,0.90574,72645
2013-08-21 00:00:00+00:00,0.90574,0.90584,0.89656,0.89678,85833
2013-08-22 00:00:00+00:00,0.89675,0.90434,0.89320,0.90156,75707
2013-08-23 00:00:00+00:00,0.90153,0.90502,0.89712,0.90259,62117
2013-08-25 00:00:00+00:00,0.90362,0.90366,0.90229,0.90274,3969
2013-08-26 00:00:00+00:00,0.90274,0.90704,0.90032,0.90106,50477
2013-08-27 00:00:00+00:00,0.90104,0.90107,0.89255,0.89434,70028
2013-08-28 00:00:00+00:00,0.89432,0.89700,0.88926,0.89456,70912
2013-08-29 00:00:00+00:00,0.89452,0.89789,0.89044,0.89252,59388
2013-08-30 00:00:00+00:00,0.89256,0.89580,0.88924,0.89007,50011
2013-09-01 00:00:00+00:00,0.89450,0.89450,0.89248,0.89370,5007
2013-09-02 00:00:00+00:00,0.89368,0.90142,0.89364,0.89974,64556
2013-09-03 00:00:00+00:00,0.89976,0.90722,0.89730,0.90529,70282
2013-09-04 00:00:00+00:00,0.90530,0.91874,0.90379,0.91682,62432
2013-09-05 00:00:00+00:00,0.91682,0.91885,0.91162,0.91200,60796
2013-09-06 00:00:00+00:00,0.91198,0.92170,0.91171,0.91868,54717
2013-09-08 00:00:00+00:00,0.92033,0.92132,0.91882,0.91904,4533
2013-09-09 00:00:00+00:00,0.91904,0.92422,0.91675,0.92300,46840
2013-09-10 00:00:00+00:00,0.92299,0.93192,0.92299,0.92991,55568
2013-09-11 00:00:00+00:00,0.92990,0.93396,0.92764,0.93329,54256
2013-09-12 00:00:00+00:00,0.93330,0.93546,0.92288,0.92643,60802
2013-09-13 00:00:00+00:00,0.92640,0.92671,0.92238,0.92450,45603
2013-09-15 00:00:00+00:00,0.93302,0.93942,0.93178,0.93230,11720
2013-09-16 00:00:00+00:00,0.93230,0.93874,0.93053,0.93190,50599
2013-09-17 00:00:00+00:00,0.93190,0.93666,0.92856,0.93530,45534
2013-09-18 00:00:00+00:00,0.93528,0.95288,0.93364,0.94950,70883
2013-09-19 00:00:00+00:00,0.94950,0.95244,0.94273,0.94442,59569
2013-09-20 00:00:00+00:00,0.94440,0.94585,0.93778,0.93934,44954
2013-09-22 00:00:00+00:00,0.93684,0.94030,0.93668,0.93998,4899
2013-09-23 00:00:00+00:00,0.93998,0.94576,0.93824,0.94194,50055
2013-09-24 00:00:00+00:00,0.94192,0.94197,0.93639,0.93830,43987
2013-09-25 00:00:00+00:00,0.93830,0.93935,0.93384,0.93624,43333
2013-09-26 00:00:00+00:00,0.93622,0.94020,0.93402,0.93572,41735
2013-09-27 00:00:00+00:00,0.93572,0.93748,0.92821,0.93727,40474
2013-09-29 00:00:00+00:00,0.93118,0.93229,0.92870,0.92982,6600
2013-09-30 00:00:00+00:00,0.92982,0.93544,0.92812,0.93214,49047
2013-10-01 00:00:00+00:00,0.93230,0.94355,0.92889,0.93934,60885
2013-10-02 00:00:00+00:00,0.93932,0.94084,0.93340,0.93846,51510
2013-10-03 00:00:00+00:00,0.93843,0.94152,0.93673,0.94002,49872
2013-10-04 00:00:00+00:00,0.94002,0.94589,0.94002,0.94343,35966
2013-10-06 00:00:00+00:00,0.94362,0.94422,0.94265,0.94414,3161
2013-10-07 00:00:00+00:00,0.94412,0.94494,0.93881,0.94324,32646
2013-10-08 00:00:00+00:00,0.94323,0.94845,0.94116,0.94502,47903
2013-10-09 00:00:00+00:00,0.94500,0.94645,0.94134,0.94490,52003
2013-10-10 00:00:00+00:00,0.94486,0.94734,0.93893,0.94551,55579
2013-10-11 00:00:00+00:00,0.94555,0.94850,0.94438,0.94676,37972
2013-10-13 00:00:00+00:00,0.94251,0.94466,0.94246,0.94462,4997
2013-10-14 00:00:00+00:00,0.94460,0.95146,0.94344,0.95128,40865
2013-10-15 00:00:00+00:00,0.95128,0.95476,0.94990,0.95392,49684
2013-10-16 00:00:00+00:00,0.95392,0.95688,0.95052,0.95422,49684
2013-10-17 00:00:00+00:00,0.95422,0.96468,0.95275,0.96168,59404
2013-10-18 00:00:00+00:00,0.96168,0.96792,0.96046,0.96777,40796
2013-10-20 00:00:00+00:00,0.96728,0.96748,0.96594,0.96605,4369
2013-10-21 00:00:00+00:00,0.96608,0.96794,0.96430,0.96516,34390
2013-10-22 00:00:00+00:00,0.96516,0.97308,0.96436,0.97015,42460
2013-10-23 00:00:00+00:00,0.97014,0.97578,0.96074,0.96418,65402
2013-10-24 00:00:00+00:00,0.96418,0.96712,0.95720,0.96170,56286
2013-10-25 00:00:00+00:00,0.96168,0.96246,0.95722,0.95858,41800
2013-10-27 00:00:00+00:00,0.95862,0.95993,0.95828,0.95979,2453
2013-10-28 00:00:00+00:00,0.95978,0.96226,0.95304,0.95430,40014
2013-10-29 00:00:00+00:00,0.95428,0.95470,0.94722,0.94786,56544
2013-10-30 00:00:00+00:00,0.94788,0.95162,0.94414,0.94661,59288
2013-10-31 00:00:00+00:00,0.94660,0.95259,0.94428,0.94616,58855
2013-11-01 00:00:00+00:00,0.94625,0.94896,0.94215,0.94388,47685
2013-11-03 00:00:00+00:00,0.94592,0.94682,0.94440,0.94677,3456
2013-11-04 00:00:00+00:00,0.94676,0.95157,0.94623,0.95111,42737
2013-11-05 00:00:00+00:00,0.95110,0.95377,0.94636,0.94982,55452
2013-11-06 00:00:00+00:00,0.94982,0.95434,0.94864,0.95256,42832
2013-11-07 00:00:00+00:00,0.95258,0.95265,0.94389,0.94554,69745
2013-11-08 00:00:00+00:00,0.94554,0.94818,0.93524,0.93856,63608
2013-11-10 00:00:00+00:00,0.93868,0.93881,0.93683,0.93704,3018
2013-11-11 00:00:00+00:00,0.93701,0.93904,0.93446,0.93642,38186
2013-11-12 00:00:00+00:00,0.93642,0.93681,0.92686,0.93020,53527
2013-11-13 00:00:00+00:00,0.93021,0.93738,0.92787,0.93629,53226
2013-11-14 00:00:00+00:00,0.93629,0.93864,0.92812,0.93073,56153
2013-11-15 00:00:00+00:00,0.93074,0.93748,0.93058,0.93681,37970
2013-11-17 00:00:00+00:00,0.93770,0.93780,0.93634,0.93688,2227
2013-11-18 00:00:00+00:00,0.93688,0.94190,0.93588,0.93678,42623
2013-11-19 00:00:00+00:00,0.93677,0.94478,0.93524,0.94409,52204
2013-11-20 00:00:00+00:00,0.94408,0.94409,0.93164,0.93296,63725
2013-11-21 00:00:00+00:00,0.93297,0.93335,0.91983,0.92283,70880
2013-11-22 00:00:00+00:00,0.92284,0.92497,0.91434,0.91795,50419
2013-11-24 00:00:00+00:00,0.91648,0.91798,0.91628,0.91654,3431
2013-11-25 00:00:00+00:00,0.91654,0.91963,0.91202,0.91960,46631
2013-11-26 00:00:00+00:00,0.91960,0.92046,0.90887,0.91203,51948
2013-11-27 00:00:00+00:00,0.91203,0.91378,0.90652,0.90830,50961
2013-11-28 00:00:00+00:00,0.90832,0.91497,0.90642,0.90792,47266
2013-11-29 00:00:00+00:00,0.90792,0.91414,0.90557,0.91083,48876
2013-12-01 00:00:00+00:00,0.91290,0.91321,0.91076,0.91211,3669
2013-12-02 00:00:00+00:00,0.91210,0.91686,0.90895,0.91146,51890
2013-12-03 00:00:00+00:00,0.91146,0.91466,0.90570,0.91315,56236
2013-12-04 00:00:00+00:00,0.91318,0.91382,0.89990,0.90312,67473
2013-12-05 00:00:00+00:00,0.90312,0.90773,0.90034,0.90652,53449
2013-12-06 00:00:00+00:00,0.90652,0.91176,0.89898,0.90993,58604
2013-12-08 00:00:00+00:00,0.91228,0.91270,0.91035,0.91040,3944
2013-12-09 00:00:00+00:00,0.91040,0.91294,0.90701,0.90890,42929
2013-12-10 00:00:00+00:00,0.90889,0.91670,0.90808,0.91454,44784
2013-12-11 00:00:00+00:00,0.91456,0.91526,0.90356,0.90456,48651
2013-12-12 00:00:00+00:00,0.90458,0.90820,0.89138,0.89224,65693
2013-12-13 00:00:00+00:00,0.89224,0.89692,0.89097,0.89636,40762
2013-12-15 00:00:00+00:00,0.89611,0.89630,0.89478,0.89510,2131
2013-12-16 00:00:00+00:00,0.89508,0.89698,0.89206,0.89405,40140
2013-12-17 00:00:00+00:00,0.89406,0.89584,0.88824,0.89199,48337
2013-12-18 00:00:00+00:00,0.89195,0.89442,0.88210,0.88443,71878
2013-12-19 00:00:00+00:00,0.88443,0.88754,0.88229,0.88611,50347
2013-12-20 00:00:00+00:00,0.88612,0.89342,0.88552,0.89216,44917
2013-12-22 00:00:00+00:00,0.89222,0.89255,0.89170,0.89216,1449
2013-12-23 00:00:00+00:00,0.89216,0.89582,0.89192,0.89310,34836
2013-12-24 00:00:00+00:00,0.89310,0.89336,0.89064,0.89254,20493
2013-12-25 00:00:00+00:00,0.89248,0.89286,0.89120,0.89122,1432
2013-12-26 00:00:00+00:00,0.89123,0.89156,0.88758,0.88858,37834
2013-12-27 00:00:00+00:00,0.88858,0.89290,0.88622,0.88688,40739
2013-12-29 00:00:00+00:00,0.88628,0.88664,0.88461,0.88534,3040
2013-12-30 00:00:00+00:00,0.88534,0.89300,0.88335,0.89222,38957
2013-12-31 00:00:00+00:00,0.89222,0.89524,0.89114,0.89272,26846
2014-01-01 00:00:00+00:00,0.88870,0.88990,0.88861,0.88930,2912
2014-01-02 00:00:00+00:00,0.88926,0.89438,0.88428,0.89056,69850
2014-01-03 00:00:00+00:00,0.89056,0.90048,0.88855,0.89468,60963
2014-01-05 00:00:00+00:00,0.89576,0.89659,0.89475,0.89646,2685
2014-01-06 00:00:00+00:00,0.89646,0.89826,0.89352,0.89676,49552
2014-01-07 00:00:00+00:00,0.89675,0.89675,0.88936,0.89173,52206
2014-01-08 00:00:00+00:00,0.89173,0.89526,0.88848,0.88893,51838
2014-01-09 00:00:00+00:00,0.88892,0.89130,0.88651,0.88958,50642
2014-01-10 00:00:00+00:00,0.88958,0.90052,0.88758,0.89960,54380
2014-01-12 00:00:00+00:00,0.89984,0.90155,0.89855,0.90112,3101
2014-01-13 00:00:00+00:00,0.90111,0.90864,0.89866,0.90476,49807
2014-01-14 00:00:00+00:00,0.90475,0.90544,0.89519,0.89603,46454
2014-01-15 00:00:00+00:00,0.89604,0.89706,0.88879,0.89044,45024
2014-01-16 00:00:00+00:00,0.89045,0.89054,0.87769,0.88200,51746
2014-01-17 00:00:00+00:00,0.88200,0.88273,0.87637,0.87816,38054
2014-01-19 00:00:00+00:00,0.87724,0.87816,0.87707,0.87736,2152
2014-01-20 00:00:00+00:00,0.87736,0.88256,0.87568,0.88040,31536
2014-01-21 00:00:00+00:00,0.88040,0.88375,0.87757,0.88020,40249
2014-01-22 00:00:00+00:00,0.88020,0.88882,0.87876,0.88440,44851
2014-01-23 00:00:00+00:00,0.88440,0.88470,0.87318,0.87580,60049
2014-01-24 00:00:00+00:00,0.87582,0.87754,0.86604,0.86824,55687
2014-01-26 00:00:00+00:00,0.86936,0.87042,0.86864,0.86943,4571
2014-01-27 00:00:00+00:00,0.86946,0.87596,0.86776,0.87313,48025
2014-01-28 00:00:00+00:00,0.87311,0.88206,0.87304,0.87852,50326
2014-01-29 00:00:00+00:00,0.87850,0.88260,0.87250,0.87470,61755
2014-01-30 00:00:00+00:00,0.87468,0.88044,0.87106,0.87957,51056
2014-01-31 00:00:00+00:00,0.87957,0.88234,0.86947,0.87550,50788
2014-02-02 00:00:00+00:00,0.87681,0.87681,0.87490,0.87546,3981
2014-02-03 00:00:00+00:00,0.87546,0.88335,0.87387,0.87482,48406
2014-02-04 00:00:00+00:00,0.87482,0.89418,0.87305,0.89118,63620
2014-02-05 00:00:00+00:00,0.89116,0.89386,0.88736,0.89264,48799
2014-02-06 00:00:00+00:00,0.89265,0.89806,0.89216,0.89470,45250
2014-02-07 00:00:00+00:00,0.89470,0.89984,0.89226,0.89590,43928
2014-02-09 00:00:00+00:00,0.89561,0.89578,0.89411,0.89444,1552
2014-02-10 00:00:00+00:00,0.89444,0.89769,0.89068,0.89452,27486
2014-02-11 00:00:00+00:00,0.89452,0.90478,0.89452,0.90188,44692
2014-02-12 00:00:00+00:00,0.90189,0.90673,0.90086,0.90226,36658
2014-02-13 00:00:00+00:00,0.90225,0.90314,0.89277,0.89821,42750
2014-02-14 00:00:00+00:00,0.89822,0.90440,0.89802,0.90340,36906
2014-02-16 00:00:00+00:00,0.90624,0.90639,0.90498,0.90581,3184
2014-02-17 00:00:00+00:00,0.90581,0.90694,0.90230,0.90380,32171
2014-02-18 00:00:00+00:00,0.90377,0.90808,0.90018,0.90170,42366
2014-02-19 00:00:00+00:00,0.90170,0.90443,0.89908,0.89936,41770
2014-02-20 00:00:00+00:00,0.89936,0.90224,0.89370,0.90096,46557
2014-02-21 00:00:00+00:00,0.90096,0.90148,0.89522,0.89766,33153
2014-02-23 00:00:00+00:00,0.89814,0.89826,0.89622,0.89773,3601
2014-02-24 00:00:00+00:00,0.89774,0.90491,0.89382,0.90354,40416
2014-02-25 00:00:00+00:00,0.90356,0.90442,0.90041,0.90106,36143
2014-02-26 00:00:00+00:00,0.90110,0.90258,0.89440,0.89632,40950
2014-02-27 00:00:00+00:00,0.89631,0.89698,0.89042,0.89602,39436
2014-02-28 00:00:00+00:00,0.89600,0.89896,0.89158,0.89272,40670
2014-03-02 00:00:00+00:00,0.88960,0.89134,0.88936,0.89027,5036
2014-03-03 00:00:00+00:00,0.89026,0.89466,0.88907,0.89242,39753
2014-03-04 00:00:00+00:00,0.89241,0.89695,0.89095,0.89574,39035
2014-03-05 00:00:00+00:00,0.89574,0.89972,0.89366,0.89768,37717
2014-03-06 00:00:00+00:00,0.89770,0.91132,0.89734,0.91040,48075
2014-03-07 00:00:00+00:00,0.91038,0.91335,0.90616,0.90682,33736
2014-03-09 00:00:00+00:00,0.90371,0.90627,0.90358,0.90556,3823
2014-03-10 00:00:00+00:00,0.90556,0.90635,0.90124,0.90209,29861
2014-03-11 00:00:00+00:00,0.90209,0.90506,0.89537,0.89639,37046
2014-03-12 00:00:00+00:00,0.89638,0.90004,0.89242,0.89970,41156
2014-03-13 00:00:00+00:00,0.89968,0.91036,0.89948,0.90279,53317
2014-03-14 00:00:00+00:00,0.90281,0.90496,0.89968,0.90316,36819
2014-03-16 00:00:00+00:00,0.90038,0.90298,0.90024,0.90294,3082
2014-03-17 00:00:00+00:00,0.90293,0.90982,0.90098,0.90838,31516
2014-03-18 00:00:00+00:00,0.90838,0.91384,0.90642,0.91304,38083
2014-03-19 00:00:00+00:00,0.91306,0.91342,0.90205,0.90297,45092
2014-03-20 00:00:00+00:00,0.90296,0.90519,0.89952,0.90372,36690
2014-03-21 00:00:00+00:00,0.90372,0.91004,0.90365,0.90823,28902
2014-03-23 00:00:00+00:00,0.91026,0.91109,0.90898,0.90930,3391
2014-03-24 00:00:00+00:00,0.90930,0.91496,0.90486,0.91267,35310
2014-03-25 00:00:00+00:00,0.91268,0.91744,0.91198,0.91618,33651
2014-03-26 00:00:00+00:00,0.91618,0.92453,0.91542,0.92216,38841
2014-03-27 00:00:00+00:00,0.92216,0.92716,0.92166,0.92692,34466
2014-03-28 00:00:00+00:00,0.92690,0.92954,0.92376,0.92487,27517
2014-03-30 00:00:00+00:00,0.92406,0.92586,0.92389,0.92586,2797
2014-03-31 00:00:00+00:00,0.92585,0.92779,0.92184,0.92684,33799
2014-04-01 00:00:00+00:00,0.92686,0.93041,0.92302,0.92376,36365
2014-04-02 00:00:00+00:00,0.92376,0.92636,0.92226,0.92466,30152
2014-04-03 00:00:00+00:00,0.92469,0.92494,0.92058,0.92325,37728
2014-04-04 00:00:00+00:00,0.92328,0.93080,0.92305,0.92922,35953
2014-04-06 00:00:00+00:00,0.92852,0.92930,0.92809,0.92888,2146
2014-04-07 00:00:00+00:00,0.92886,0.92954,0.92542,0.92659,26816
2014-04-08 00:00:00+00:00,0.92658,0.93665,0.92658,0.93485,39252
2014-04-09 00:00:00+00:00,0.93486,0.93992,0.93354,0.93766,35680
2014-04-10 00:00:00+00:00,0.93767,0.94612,0.93754,0.93970,44558
2014-04-11 00:00:00+00:00,0.93968,0.94264,0.93630,0.93936,36807
2014-04-13 00:00:00+00:00,0.93895,0.93989,0.93764,0.93844,3611
2014-04-14 00:00:00+00:00,0.93844,0.94256,0.93835,0.94114,29477
2014-04-15 00:00:00+00:00,0.94118,0.94177,0.93368,0.93425,43156
2014-04-16 00:00:00+00:00,0.93426,0.93880,0.93326,0.93726,38938
2014-04-17 00:00:00+00:00,0.93725,0.93906,0.93212,0.93303,29310
2014-04-18 00:00:00+00:00,0.93304,0.93418,0.93238,0.93317,16543
2014-04-20 00:00:00+00:00,0.93362,0.93411,0.93302,0.93329,2178
2014-04-21 00:00:00+00:00,0.93328,0.93468,0.93157,0.93364,16614
2014-04-22 00:00:00+00:00,0.93364,0.93784,0.93322,0.93702,29280
2014-04-23 00:00:00+00:00,0.93702,0.93774,0.92676,0.92880,38011
2014-04-24 00:00:00+00:00,0.92881,0.93012,0.92526,0.92680,29580
2014-04-25 00:00:00+00:00,0.92681,0.92983,0.92542,0.92765,22797
2014-04-27 00:00:00+00:00,0.92759,0.92770,0.92690,0.92726,1495
2014-04-28 00:00:00+00:00,0.92728,0.93168,0.92442,0.92528,33855
2014-04-29 00:00:00+00:00,0.92528,0.92821,0.92278,0.92730,33287
2014-04-30 00:00:00+00:00,0.92730,0.93012,0.92527,0.92842,41061
2014-05-01 00:00:00+00:00,0.92821,0.93127,0.92607,0.92748,30071
2014-05-02 00:00:00+00:00,0.92746,0.92804,0.92025,0.92766,38459
2014-05-04 00:00:00+00:00,0.92869,0.92894,0.92733,0.92741,2234
2014-05-05 00:00:00+00:00,0.92738,0.92896,0.92527,0.92830,29749
2014-05-06 00:00:00+00:00,0.92832,0.93678,0.92710,0.93495,42551
2014-05-07 00:00:00+00:00,0.93495,0.93548,0.93188,0.93222,37068
2014-05-08 00:00:00+00:00,0.93220,0.93944,0.93210,0.93690,41766
2014-05-09 00:00:00+00:00,0.93686,0.93790,0.93472,0.93633,29112
2014-05-11 00:00:00+00:00,0.93633,0.93663,0.93562,0.93576,2284
2014-05-12 00:00:00+00:00,0.93576,0.93862,0.93488,0.93596,23764
2014-05-13 00:00:00+00:00,0.93594,0.93824,0.93332,0.93634,29665
2014-05-14 00:00:00+00:00,0.93633,0.94092,0.93632,0.93686,31202
2014-05-15 00:00:00+00:00,0.93690,0.93936,0.93270,0.93557,34577
2014-05-16 00:00:00+00:00,0.93557,0.93711,0.93349,0.93570,22146
2014-05-18 00:00:00+00:00,0.93742,0.93758,0.93628,0.93650,1757
2014-05-19 00:00:00+00:00,0.93646,0.93665,0.93218,0.93328,25833
2014-05-20 00:00:00+00:00,0.93328,0.93358,0.92322,0.92330,34392
2014-05-21 00:00:00+00:00,0.92330,0.92538,0.92090,0.92339,30990
2014-05-22 00:00:00+00:00,0.92342,0.92742,0.92148,0.92255,32370
2014-05-23 00:00:00+00:00,0.92254,0.92498,0.92140,0.92298,23085
2014-05-25 00:00:00+00:00,0.92352,0.92448,0.92314,0.92386,1880
2014-05-26 00:00:00+00:00,0.92389,0.92586,0.92310,0.92572,18850
2014-05-27 00:00:00+00:00,0.92573,0.92788,0.92335,0.92644,26409
2014-05-28 00:00:00+00:00,0.92644,0.92711,0.92144,0.92228,26221
2014-05-29 00:00:00+00:00,0.92228,0.93182,0.92094,0.93094,37794
2014-05-30 00:00:00+00:00,0.93094,0.93298,0.92890,0.93095,25935
2014-06-01 00:00:00+00:00,0.93100,0.93141,0.92956,0.92966,3184
2014-06-02 00:00:00+00:00,0.92966,0.93074,0.92342,0.92355,30696
2014-06-03 00:00:00+00:00,0.92355,0.92874,0.92286,0.92571,33695
2014-06-04 00:00:00+00:00,0.92572,0.93022,0.92525,0.92729,28505
2014-06-05 00:00:00+00:00,0.92728,0.93468,0.92576,0.93261,41567
2014-06-06 00:00:00+00:00,0.93258,0.93590,0.93190,0.93347,28171
2014-06-08 00:00:00+00:00,0.93378,0.93397,0.93348,0.93356,1029
2014-06-09 00:00:00+00:00,0.93356,0.93636,0.93344,0.93433,20853
2014-06-10 00:00:00+00:00,0.93430,0.93841,0.93420,0.93696,28680
2014-06-11 00:00:00+00:00,0.93696,0.94116,0.93650,0.93809,30435
2014-06-12 00:00:00+00:00,0.93806,0.94378,0.93497,0.94218,36035
2014-06-13 00:00:00+00:00,0.94218,0.94246,0.93756,0.94019,25325
2014-06-15 00:00:00+00:00,0.93938,0.94052,0.93894,0.93904,2094
2014-06-16 00:00:00+00:00,0.93906,0.94167,0.93739,0.93920,23109
2014-06-17 00:00:00+00:00,0.93918,0.93950,0.93300,0.93370,29436
2014-06-18 00:00:00+00:00,0.93367,0.94125,0.93220,0.93996,33571
2014-06-19 00:00:00+00:00,0.93997,0.94318,0.93906,0.93979,32351
2014-06-20 00:00:00+00:00,0.93979,0.94148,0.93781,0.93884,20648
2014-06-22 00:00:00+00:00,0.93767,0.93914,0.93754,0.93844,2591
2014-06-23 00:00:00+00:00,0.93845,0.94452,0.93837,0.94216,22327
2014-06-24 00:00:00+00:00,0.94216,0.94314,0.93578,0.93641,25592
2014-06-25 00:00:00+00:00,0.93638,0.94092,0.93546,0.94035,27395
2014-06-26 00:00:00+00:00,0.94036,0.94202,0.93960,0.94060,25588
2014-06-27 00:00:00+00:00,0.94060,0.94415,0.94060,0.94339,19685
2014-06-29 00:00:00+00:00,0.94233,0.94256,0.94137,0.94142,2187
2014-06-30 00:00:00+00:00,0.94141,0.94394,0.93876,0.94292,26070
2014-07-01 00:00:00+00:00,0.94288,0.95051,0.94139,0.94909,31237
2014-07-02 00:00:00+00:00,0.94906,0.94948,0.94287,0.94334,29247
2014-07-03 00:00:00+00:00,0.94331,0.94408,0.93286,0.93465,37542
2014-07-04 00:00:00+00:00,0.93466,0.93693,0.93432,0.93640,21103
2014-07-06 00:00:00+00:00,0.93649,0.93668,0.93543,0.93591,2744
2014-07-07 00:00:00+00:00,0.93590,0.93766,0.93416,0.93706,19911
2014-07-08 00:00:00+00:00,0.93707,0.94148,0.93707,0.94090,26026
2014-07-09 00:00:00+00:00,0.94091,0.94246,0.93824,0.94218,27033
2014-07-10 00:00:00+00:00,0.94218,0.94590,0.93612,0.93839,31435
2014-07-11 00:00:00+00:00,0.93839,0.94088,0.93760,0.93906,20001
2014-07-13 00:00:00+00:00,0.93784,0.93894,0.93760,0.93824,2276
2014-07-14 00:00:00+00:00,0.93824,0.94034,0.93824,0.93914,17172
2014-07-15 00:00:00+00:00,0.93918,0.94016,0.93488,0.93620,35002
2014-07-16 00:00:00+00:00,0.93616,0.93718,0.93299,0.93649,26813
2014-07-17 00:00:00+00:00,0.93648,0.93915,0.93362,0.93460,33116
2014-07-18 00:00:00+00:00,0.93460,0.94111,0.93382,0.93894,27555
2014-07-20 00:00:00+00:00,0.93929,0.94010,0.93908,0.93946,2200
2014-07-21 00:00:00+00:00,0.93946,0.93984,0.93638,0.93641,18832
2014-07-22 00:00:00+00:00,0.93642,0.94228,0.93609,0.93884,30781
2014-07-23 00:00:00+00:00,0.93882,0.94625,0.93808,0.94405,33883
2014-07-24 00:00:00+00:00,0.94404,0.94780,0.94114,0.94166,29707
2014-07-25 00:00:00+00:00,0.94170,0.94246,0.93927,0.93976,21018
2014-07-27 00:00:00+00:00,0.93958,0.94014,0.93948,0.93996,2488
2014-07-28 00:00:00+00:00,0.94000,0.94134,0.93846,0.94090,19714
2014-07-29 00:00:00+00:00,0.94093,0.94162,0.93744,0.93839,26482
2014-07-30 00:00:00+00:00,0.93842,0.93884,0.93034,0.93244,38369
2014-07-31 00:00:00+00:00,0.93242,0.93307,0.92796,0.93022,30125
2014-08-01 00:00:00+00:00,0.93010,0.93356,0.92757,0.93119,37987
2014-08-03 00:00:00+00:00,0.93100,0.93148,0.93064,0.93109,2205
2014-08-04 00:00:00+00:00,0.93108,0.93388,0.93094,0.93311,19334
2014-08-05 00:00:00+00:00,0.93312,0.93432,0.92936,0.93016,26747
2014-08-06 00:00:00+00:00,0.93014,0.93744,0.92920,0.93455,26300
2014-08-07 00:00:00+00:00,0.93456,0.93578,0.92590,0.92628,35424
2014-08-08 00:00:00+00:00,0.92628,0.92871,0.92395,0.92771,30248
2014-08-10 00:00:00+00:00,0.92760,0.92798,0.92735,0.92779,253
2014-08-11 00:00:00+00:00,0.92774,0.92864,0.92592,0.92614,3354
2014-08-12 00:00:00+00:00,0.92610,0.92769,0.92476,0.92675,4285
2014-08-13 00:00:00+00:00,0.92681,0.93196,0.92648,0.93050,5371
2014-08-14 00:00:00+00:00,0.93045,0.93276,0.92878,0.93140,4095
2014-08-15 00:00:00+00:00,0.93146,0.93344,0.92983,0.93211,4636
2014-08-17 00:00:00+00:00,0.93144,0.93224,0.93132,0.93139,328
2014-08-18 00:00:00+00:00,0.93144,0.93342,0.93089,0.93212,2873
2014-08-19 00:00:00+00:00,0.93217,0.93437,0.92868,0.92956,5711
2014-08-20 00:00:00+00:00,0.92963,0.93179,0.92756,0.92864,7469
2014-08-21 00:00:00+00:00,0.92868,0.93108,0.92376,0.93014,5706
2014-08-22 00:00:00+00:00,0.93009,0.93292,0.92931,0.93161,5782
2014-08-24 00:00:00+00:00,0.93105,0.93113,0.92917,0.92977,1089
2014-08-25 00:00:00+00:00,0.92972,0.93235,0.92760,0.92778,3935
2014-08-26 00:00:00+00:00,0.92773,0.93306,0.92720,0.93162,4724
2014-08-27 00:00:00+00:00,0.93156,0.93514,0.93102,0.93354,5278
2014-08-28 00:00:00+00:00,0.93350,0.93741,0.93328,0.93494,5876
2014-08-29 00:00:00+00:00,0.93490,0.93626,0.93319,0.93407,4355
2014-08-31 00:00:00+00:00,0.93263,0.93349,0.93201,0.93284,357
2014-09-01 00:00:00+00:00,0.93288,0.93518,0.93270,0.93337,2795
2014-09-02 00:00:00+00:00,0.93334,0.93356,0.92685,0.92761,6349
2014-09-03 00:00:00+00:00,0.92754,0.93512,0.92634,0.93384,6962
2014-09-04 00:00:00+00:00,0.93391,0.93929,0.93303,0.93328,8422
2014-09-05 00:00:00+00:00,0.93334,0.94021,0.93328,0.93766,6070
2014-09-07 00:00:00+00:00,0.93647,0.93706,0.93620,0.93632,337
2014-09-08 00:00:00+00:00,0.93636,0.93746,0.92750,0.92760,6495
2014-09-09 00:00:00+00:00,0.92766,0.92886,0.91884,0.92059,10577
2014-09-10 00:00:00+00:00,0.92068,0.92175,0.91128,0.91544,11800
2014-09-11 00:00:00+00:00,0.91550,0.92182,0.90890,0.90960,12731
2014-09-12 00:00:00+00:00,0.90964,0.90988,0.90305,0.90368,9075
2014-09-14 00:00:00+00:00,0.90094,0.90169,0.90056,0.90114,932
2014-09-15 00:00:00+00:00,0.90112,0.90496,0.89838,0.90336,7665
2014-09-16 00:00:00+00:00,0.90330,0.91124,0.89893,0.90806,11634
2014-09-17 00:00:00+00:00,0.90810,0.90848,0.89388,0.89584,17939
2014-09-18 00:00:00+00:00,0.89590,0.90020,0.89276,0.89826,11134
2014-09-19 00:00:00+00:00,0.89820,0.89952,0.89212,0.89238,12358
2014-09-21 00:00:00+00:00,0.89314,0.89454,0.89297,0.89386,538
2014-09-22 00:00:00+00:00,0.89382,0.89498,0.88530,0.88764,9513
2014-09-23 00:00:00+00:00,0.88768,0.89272,0.88316,0.88525,11716
2014-09-24 00:00:00+00:00,0.88532,0.88974,0.88392,0.88590,9721
2014-09-25 00:00:00+00:00,0.88584,0.88687,0.87741,0.88031,14343
2014-09-26 00:00:00+00:00,0.88027,0.88132,0.87481,0.87651,10323
2014-09-28 00:00:00+00:00,0.87533,0.87612,0.87276,0.87352,1047
2014-09-29 00:00:00+00:00,0.87356,0.87482,0.86841,0.87132,12111
2014-09-30 00:00:00+00:00,0.87125,0.87675,0.86939,0.87368,13385
2014-10-01 00:00:00+00:00,0.87376,0.87524,0.86634,0.87432,16231
2014-10-02 00:00:00+00:00,0.87439,0.88266,0.87404,0.87936,19335
2014-10-03 00:00:00+00:00,0.87934,0.88065,0.86428,0.86744,12989
2014-10-05 00:00:00+00:00,0.86770,0.86790,0.86530,0.86620,732
2014-10-06 00:00:00+00:00,0.86623,0.87841,0.86623,0.87702,11677
2014-10-07 00:00:00+00:00,0.87698,0.88339,0.87264,0.88090,17532
2014-10-08 00:00:00+00:00,0.88094,0.88514,0.87343,0.88377,19926
2014-10-09 00:00:00+00:00,0.88381,0.88988,0.87584,0.87644,19412
2014-10-10 00:00:00+00:00,0.87642,0.87854,0.86807,0.86850,15177
2014-10-12 00:00:00+00:00,0.86925,0.86965,0.86523,0.86775,1705
2014-10-13 00:00:00+00:00,0.86770,0.87872,0.86520,0.87536,14875
2014-10-14 00:00:00+00:00,0.87533,0.88126,0.86926,0.87091,14132
2014-10-15 00:00:00+00:00,0.87088,0.88608,0.86753,0.87916,27218
2014-10-16 00:00:00+00:00,0.87920,0.88148,0.86859,0.87703,25609
2014-10-17 00:00:00+00:00,0.87707,0.88122,0.87356,0.87456,14281
2014-10-19 00:00:00+00:00,0.87582,0.87656,0.87474,0.87553,899
2014-10-20 00:00:00+00:00,0.87556,0.88020,0.87492,0.87772,8956
2014-10-21 00:00:00+00:00,0.87764,0.88326,0.87570,0.87682,14472
2014-10-22 00:00:00+00:00,0.87679,0.88152,0.87435,0.87668,11682
2014-10-23 00:00:00+00:00,0.87674,0.88063,0.87492,0.87544,12097
2014-10-24 00:00:00+00:00,0.87540,0.88240,0.87190,0.87973,8727
2014-10-26 00:00:00+00:00,0.88022,0.88078,0.87970,0.88046,1337
2014-10-27 00:00:00+00:00,0.88050,0.88244,0.87892,0.88058,9029
2014-10-28 00:00:00+00:00,0.88058,0.88822,0.88008,0.88600,11833
2014-10-29 00:00:00+00:00,0.88603,0.89114,0.87638,0.87686,18449
2014-10-30 00:00:00+00:00,0.87694,0.88531,0.87558,0.88282,17986
2014-10-31 00:00:00+00:00,0.88289,0.88446,0.87648,0.87973,23412
2014-11-02 00:00:00+00:00,0.87532,0.87614,0.87460,0.87521,1196
2014-11-03 00:00:00+00:00,0.87518,0.87612,0.86778,0.86898,20190
2014-11-04 00:00:00+00:00,0.86904,0.87616,0.86451,0.87449,22525
2014-11-05 00:00:00+00:00,0.87450,0.87555,0.85633,0.85783,25173
2014-11-06 00:00:00+00:00,0.85783,0.86270,0.85530,0.85623,27479
2014-11-07 00:00:00+00:00,0.85622,0.86574,0.85408,0.86332,27468
2014-11-09 00:00:00+00:00,0.86480,0.86534,0.86378,0.86433,1995
2014-11-10 00:00:00+00:00,0.86430,0.86828,0.86092,0.86250,15802
2014-11-11 00:00:00+00:00,0.86256,0.87190,0.85908,0.87048,17547
2014-11-12 00:00:00+00:00,0.87044,0.87447,0.86652,0.87098,15605
2014-11-13 00:00:00+00:00,0.87102,0.87644,0.86722,0.87057,13400
2014-11-14 00:00:00+00:00,0.87053,0.87735,0.86486,0.87520,13641
2014-11-16 00:00:00+00:00,0.87800,0.87807,0.87468,0.87518,884
2014-11-17 00:00:00+00:00,0.87515,0.87958,0.86952,0.87078,12809
2014-11-18 00:00:00+00:00,0.87074,0.87464,0.86823,0.87090,11267
2014-11-19 00:00:00+00:00,0.87094,0.87108,0.85938,0.86039,16174
2014-11-20 00:00:00+00:00,0.86042,0.86412,0.85662,0.86212,16692
2014-11-21 00:00:00+00:00,0.86208,0.87228,0.86056,0.86700,17052
2014-11-23 00:00:00+00:00,0.86789,0.86825,0.86673,0.86797,738
2014-11-24 00:00:00+00:00,0.86794,0.87007,0.85903,0.86014,8725
2014-11-25 00:00:00+00:00,0.86018,0.86173,0.85138,0.85580,15990
2014-11-26 00:00:00+00:00,0.85577,0.85650,0.84800,0.85314,14330
2014-11-27 00:00:00+00:00,0.85318,0.86154,0.85124,0.85266,11290
2014-11-28 00:00:00+00:00,0.85262,0.85396,0.84858,0.85060,9788
2014-11-30 00:00:00+00:00,0.84708,0.84827,0.84272,0.84371,1511
2014-12-01 00:00:00+00:00,0.84398,0.85319,0.84174,0.84790,17147
2014-12-02 00:00:00+00:00,0.84786,0.85427,0.84332,0.84582,13303
2014-12-03 00:00:00+00:00,0.84578,0.84670,0.83856,0.83971,13947
2014-12-04 00:00:00+00:00,0.83966,0.84294,0.83558,0.83864,16675
2014-12-05 00:00:00+00:00,0.83868,0.83939,0.83152,0.83224,11033
2014-12-07 00:00:00+00:00,0.83071,0.83160,0.82955,0.83073,940
2014-12-08 00:00:00+00:00,0.83068,0.83238,0.82602,0.82995,10691
2014-12-09 00:00:00+00:00,0.82992,0.83715,0.82246,0.82974,17040
2014-12-10 00:00:00+00:00,0.82970,0.83482,0.82648,0.83324,14587
2014-12-11 00:00:00+00:00,0.83320,0.83759,0.82151,0.82458,20216
2014-12-12 00:00:00+00:00,0.82454,0.82988,0.82275,0.82470,12126
2014-12-14 00:00:00+00:00,0.82474,0.82560,0.82049,0.82094,1777
2014-12-15 00:00:00+00:00,0.82098,0.82679,0.82014,0.82136,13071
2014-12-16 00:00:00+00:00,0.82130,0.82742,0.82001,0.82232,16456
2014-12-17 00:00:00+00:00,0.82228,0.82358,0.81072,0.81257,22835
2014-12-18 00:00:00+00:00,0.81252,0.82034,0.81172,0.81686,14937
2014-12-19 00:00:00+00:00,0.81688,0.81924,0.81224,0.81438,9179
2014-12-21 00:00:00+00:00,0.81432,0.81489,0.81357,0.81476,753
2014-12-22 00:00:00+00:00,0.81472,0.81734,0.81166,0.81196,6072
2014-12-23 00:00:00+00:00,0.81192,0.81444,0.80881,0.81094,7588
2014-12-24 00:00:00+00:00,0.81100,0.81242,0.81033,0.81088,3501
2014-12-25 00:00:00+00:00,0.81164,0.81325,0.81056,0.81086,5743
2014-12-26 00:00:00+00:00,0.81080,0.81328,0.81079,0.81204,3935
2014-12-28 00:00:00+00:00,0.81238,0.81270,0.81108,0.81136,1157
2014-12-29 00:00:00+00:00,0.81142,0.81624,0.81131,0.81354,5736
2014-12-30 00:00:00+00:00,0.81359,0.82033,0.81222,0.81832,6279
2014-12-31 00:00:00+00:00,0.81828,0.82157,0.81592,0.81622,5679
2015-01-01 00:00:00+00:00,0.81827,0.81827,0.81663,0.81798,677
2015-01-02 00:00:00+00:00,0.81802,0.81856,0.80783,0.80894,8112
2015-01-04 00:00:00+00:00,0.80734,0.80924,0.80530,0.80677,1325
2015-01-05 00:00:00+00:00,0.80681,0.81074,0.80353,0.80973,11761
2015-01-06 00:00:00+00:00,0.80978,0.81574,0.80666,0.80780,15390
2015-01-07 00:00:00+00:00,0.80784,0.80902,0.80330,0.80744,12973
2015-01-08 00:00:00+00:00,0.80749,0.81308,0.80749,0.81128,10096
2015-01-09 00:00:00+00:00,0.81134,0.82089,0.81054,0.82032,13701
2015-01-11 00:00:00+00:00,0.82106,0.82296,0.82075,0.82225,1176
2015-01-12 00:00:00+00:00,0.82230,0.82550,0.81308,0.81508,10609
2015-01-13 00:00:00+00:00,0.81512,0.81981,0.81278,0.81704,11963
2015-01-14 00:00:00+00:00,0.81709,0.81896,0.80681,0.81404,17328
2015-01-15 00:00:00+00:00,0.81404,0.82952,0.81330,0.82222,32874
2015-01-16 00:00:00+00:00,0.82228,0.82561,0.81682,0.82251,14765
2015-01-18 00:00:00+00:00,0.82216,0.82315,0.82182,0.82256,624
2015-01-19 00:00:00+00:00,0.82260,0.82438,0.81865,0.81918,10451
2015-01-20 00:00:00+00:00,0.81912,0.82182,0.81592,0.81636,12736
2015-01-21 00:00:00+00:00,0.81631,0.82343,0.80780,0.81008,16853
2015-01-22 00:00:00+00:00,0.81002,0.81365,0.79954,0.80174,20450
2015-01-23 00:00:00+00:00,0.80174,0.80544,0.78812,0.79133,21926
2015-01-25 00:00:00+00:00,0.78813,0.78968,0.78584,0.78766,2584
2015-01-26 00:00:00+00:00,0.78772,0.79338,0.78723,0.79223,13329
2015-01-27 00:00:00+00:00,0.79229,0.79748,0.79060,0.79208,14650
2015-01-28 00:00:00+00:00,0.79206,0.80253,0.78838,0.78912,22031
2015-01-29 00:00:00+00:00,0.78906,0.79072,0.77203,0.77822,17425
2015-01-30 00:00:00+00:00,0.77816,0.77973,0.77310,0.77691,15578
2015-02-01 00:00:00+00:00,0.77556,0.77818,0.77496,0.77804,1327
2015-02-02 00:00:00+00:00,0.77800,0.78303,0.77662,0.77976,14316
2015-02-03 00:00:00+00:00,0.77976,0.78532,0.76264,0.77626,30519
2015-02-04 00:00:00+00:00,0.77631,0.78512,0.77434,0.77582,21891
2015-02-05 00:00:00+00:00,0.77578,0.78248,0.77337,0.77990,15117
2015-02-06 00:00:00+00:00,0.77996,0.78766,0.77786,0.77977,18049
2015-02-08 00:00:00+00:00,0.77624,0.77764,0.77589,0.77617,1023
2015-02-09 00:00:00+00:00,0.77622,0.78348,0.77482,0.77954,11107
2015-02-10 00:00:00+00:00,0.77959,0.78418,0.77474,0.77834,13681
2015-02-11 00:00:00+00:00,0.77833,0.77946,0.76940,0.77216,13238
2015-02-12 00:00:00+00:00,0.77212,0.77793,0.76442,0.77541,19633
2015-02-13 00:00:00+00:00,0.77546,0.77927,0.77255,0.77674,12028
2015-02-15 00:00:00+00:00,0.77728,0.77782,0.77578,0.77647,472
2015-02-16 00:00:00+00:00,0.77642,0.77948,0.77518,0.77572,9043
2015-02-17 00:00:00+00:00,0.77567,0.78290,0.77422,0.78108,11437
2015-02-18 00:00:00+00:00,0.78110,0.78390,0.77737,0.78074,12364
2015-02-19 00:00:00+00:00,0.78080,0.78433,0.77572,0.77960,12348
2015-02-20 00:00:00+00:00,0.77966,0.78488,0.77897,0.78414,11524
2015-02-22 00:00:00+00:00,0.78488,0.78496,0.78360,0.78443,586
2015-02-23 00:00:00+00:00,0.78449,0.78452,0.77808,0.77986,8899
2015-02-24 00:00:00+00:00,0.77984,0.78370,0.77397,0.78316,13753
2015-02-25 00:00:00+00:00,0.78314,0.79016,0.78304,0.78826,12280
2015-02-26 00:00:00+00:00,0.78830,0.79132,0.77858,0.78032,14186
2015-02-27 00:00:00+00:00,0.78027,0.78344,0.77774,0.78106,11279
2015-03-01 00:00:00+00:00,0.78074,0.78092,0.77818,0.77848,777
2015-03-02 00:00:00+00:00,0.77848,0.77984,0.77530,0.77555,9852
2015-03-03 00:00:00+00:00,0.77558,0.78446,0.77520,0.78186,12997
2015-03-04 00:00:00+00:00,0.78192,0.78608,0.77956,0.78232,10742
2015-03-05 00:00:00+00:00,0.78228,0.78406,0.77544,0.77842,12138
2015-03-06 00:00:00+00:00,0.77838,0.78458,0.77064,0.77162,14012
2015-03-08 00:00:00+00:00,0.77078,0.77232,0.77047,0.77209,851
2015-03-09 00:00:00+00:00,0.77206,0.77401,0.76713,0.76851,9789
2015-03-10 00:00:00+00:00,0.76846,0.76846,0.76040,0.76406,18731
2015-03-11 00:00:00+00:00,0.76402,0.76446,0.75608,0.76032,17907
2015-03-12 00:00:00+00:00,0.76028,0.77312,0.75736,0.77072,20844
2015-03-13 00:00:00+00:00,0.77068,0.77068,0.76100,0.76364,14453
2015-03-15 00:00:00+00:00,0.76208,0.76358,0.76138,0.76150,895
2015-03-16 00:00:00+00:00,0.76148,0.76795,0.76148,0.76424,11091
2015-03-17 00:00:00+00:00,0.76420,0.76653,0.76056,0.76198,13490
2015-03-18 00:00:00+00:00,0.76194,0.78477,0.75909,0.77785,23566
2015-03-19 00:00:00+00:00,0.77781,0.78086,0.76120,0.76594,24986
2015-03-20 00:00:00+00:00,0.76598,0.78028,0.76480,0.77730,17651
2015-03-22 00:00:00+00:00,0.77819,0.78074,0.77709,0.77824,1806
2015-03-23 00:00:00+00:00,0.77820,0.79024,0.77635,0.78730,22220
2015-03-24 00:00:00+00:00,0.78736,0.79382,0.78359,0.78624,20638
2015-03-25 00:00:00+00:00,0.78619,0.79044,0.78244,0.78298,15966
2015-03-26 00:00:00+00:00,0.78296,0.78843,0.78010,0.78312,18004
2015-03-27 00:00:00+00:00,0.78307,0.78344,0.77453,0.77509,15509
2015-03-29 00:00:00+00:00,0.77343,0.77475,0.77268,0.77342,1016
2015-03-30 00:00:00+00:00,0.77346,0.77397,0.76336,0.76570,13508
2015-03-31 00:00:00+00:00,0.76567,0.76644,0.75912,0.76128,13993
2015-04-01 00:00:00+00:00,0.76162,0.76638,0.75828,0.76039,16289
2015-04-02 00:00:00+00:00,0.76043,0.76111,0.75330,0.75802,14845
2015-04-03 00:00:00+00:00,0.75806,0.76953,0.75707,0.76321,9769
2015-04-05 00:00:00+00:00,0.76403,0.76444,0.76212,0.76393,917
2015-04-06 00:00:00+00:00,0.76398,0.76674,0.75799,0.75892,7747
2015-04-07 00:00:00+00:00,0.75895,0.77114,0.75769,0.76396,16292
2015-04-08 00:00:00+00:00,0.76393,0.77278,0.76364,0.76830,16559
2015-04-09 00:00:00+00:00,0.76827,0.77386,0.76601,0.77030,13898
2015-04-10 00:00:00+00:00,0.77026,0.77218,0.76378,0.76786,12405
2015-04-12 00:00:00+00:00,0.76688,0.76788,0.76636,0.76644,634
2015-04-13 00:00:00+00:00,0.76647,0.76712,0.75530,0.75852,15517
2015-04-14 00:00:00+00:00,0.75856,0.76488,0.75553,0.76142,16212
2015-04-15 00:00:00+00:00,0.76138,0.77010,0.75718,0.76756,18854
2015-04-16 00:00:00+00:00,0.76760,0.78224,0.76738,0.77862,21604
2015-04-17 00:00:00+00:00,0.77866,0.78427,0.77592,0.77808,17218
2015-04-19 00:00:00+00:00,0.78265,0.78315,0.77909,0.78045,1383
2015-04-20 00:00:00+00:00,0.78048,0.78266,0.77071,0.77203,13047
2015-04-21 00:00:00+00:00,0.77199,0.77540,0.76832,0.77126,14473
2015-04-22 00:00:00+00:00,0.77122,0.78076,0.77062,0.77456,15366
2015-04-23 00:00:00+00:00,0.77462,0.77906,0.77112,0.77754,15928
2015-04-24 00:00:00+00:00,0.77750,0.78406,0.77646,0.78218,14368
2015-04-26 00:00:00+00:00,0.78234,0.78362,0.78189,0.78299,656
2015-04-27 00:00:00+00:00,0.78305,0.78722,0.77914,0.78658,14474
2015-04-28 00:00:00+00:00,0.78656,0.80272,0.78592,0.79967,15736
2015-04-29 00:00:00+00:00,0.79973,0.80756,0.79766,0.79944,22943
2015-04-30 00:00:00+00:00,0.79945,0.80224,0.78634,0.79000,20944
2015-05-01 00:00:00+00:00,0.78981,0.79048,0.78037,0.78504,14476
2015-05-03 00:00:00+00:00,0.78325,0.78446,0.78268,0.78272,920
2015-05-04 00:00:00+00:00,0.78266,0.78518,0.78022,0.78384,9781
2015-05-05 00:00:00+00:00,0.78388,0.79560,0.77874,0.79292,19755
2015-05-06 00:00:00+00:00,0.79293,0.80306,0.79245,0.79537,17422
2015-05-07 00:00:00+00:00,0.79538,0.80050,0.78907,0.78998,16456
2015-05-08 00:00:00+00:00,0.78995,0.79680,0.78633,0.79333,19839
2015-05-10 00:00:00+00:00,0.79293,0.79327,0.79155,0.79247,1136
2015-05-11 00:00:00+00:00,0.79244,0.79336,0.78765,0.78974,11427
2015-05-12 00:00:00+00:00,0.78968,0.80000,0.78866,0.79904,13790
2015-05-13 00:00:00+00:00,0.79898,0.81280,0.79646,0.81109,15525
2015-05-14 00:00:00+00:00,0.81114,0.81634,0.80636,0.80836,15547
2015-05-15 00:00:00+00:00,0.80833,0.80892,0.79966,0.80352,12483
2015-05-17 00:00:00+00:00,0.80390,0.80522,0.80284,0.80437,645
2015-05-18 00:00:00+00:00,0.80432,0.80448,0.79774,0.79939,11316
2015-05-19 00:00:00+00:00,0.79934,0.80104,0.79066,0.79224,13960
2015-05-20 00:00:00+00:00,0.79219,0.79348,0.78615,0.78778,15852
2015-05-21 00:00:00+00:00,0.78783,0.79134,0.78670,0.78978,12213
2015-05-22 00:00:00+00:00,0.78984,0.79316,0.78108,0.78297,13102
2015-05-24 00:00:00+00:00,0.78263,0.78336,0.78086,0.78118,992
2015-05-25 00:00:00+00:00,0.78123,0.78400,0.78040,0.78223,6932
2015-05-26 00:00:00+00:00,0.78227,0.78398,0.77272,0.77448,14370
2015-05-27 00:00:00+00:00,0.77451,0.77686,0.76912,0.77356,13977
2015-05-28 00:00:00+00:00,0.77352,0.77612,0.76179,0.76565,19158
2015-05-29 00:00:00+00:00,0.76568,0.76743,0.76298,0.76444,13754
2015-05-31 00:00:00+00:00,0.76379,0.76548,0.76368,0.76428,869
2015-06-01 00:00:00+00:00,0.76414,0.76685,0.75986,0.76142,12561
2015-06-02 00:00:00+00:00,0.76146,0.77907,0.76130,0.77602,18480
2015-06-03 00:00:00+00:00,0.77605,0.78191,0.77516,0.77709,15620
2015-06-04 00:00:00+00:00,0.77706,0.77798,0.76645,0.76867,16086
2015-06-05 00:00:00+00:00,0.76872,0.77348,0.75991,0.76283,14951
2015-06-07 00:00:00+00:00,0.76244,0.76288,0.76164,0.76164,732
2015-06-08 00:00:00+00:00,0.76160,0.77128,0.76034,0.76878,14381
2015-06-09 00:00:00+00:00,0.76874,0.77232,0.76464,0.76865,15211
2015-06-10 00:00:00+00:00,0.76870,0.77852,0.76358,0.77280,22539
2015-06-11 00:00:00+00:00,0.77276,0.77934,0.76930,0.77474,16531
2015-06-12 00:00:00+00:00,0.77478,0.77577,0.76782,0.77286,12160
2015-06-14 00:00:00+00:00,0.77540,0.77543,0.77257,0.77292,734
2015-06-15 00:00:00+00:00,0.77289,0.77770,0.77040,0.77577,10207
2015-06-16 00:00:00+00:00,0.77572,0.77807,0.77221,0.77450,9134
2015-06-17 00:00:00+00:00,0.77446,0.77697,0.76461,0.77208,15716
2015-06-18 00:00:00+00:00,0.77202,0.78488,0.77106,0.77904,14548
2015-06-19 00:00:00+00:00,0.77898,0.78083,0.77371,0.77716,8805
2015-06-21 00:00:00+00:00,0.77670,0.77749,0.77607,0.77656,647
2015-06-22 00:00:00+00:00,0.77661,0.77964,0.77210,0.77290,9321
2015-06-23 00:00:00+00:00,0.77285,0.77486,0.76798,0.77432,11349
2015-06-24 00:00:00+00:00,0.77428,0.77710,0.76832,0.77066,10272
2015-06-25 00:00:00+00:00,0.77070,0.77521,0.77062,0.77318,9027
2015-06-26 00:00:00+00:00,0.77322,0.77342,0.76307,0.76554,8176
2015-06-28 00:00:00+00:00,0.76246,0.76468,0.75874,0.76188,3698
2015-06-29 00:00:00+00:00,0.76182,0.77124,0.76136,0.76721,16055
2015-06-30 00:00:00+00:00,0.76722,0.77244,0.76598,0.76919,14851
2015-07-01 00:00:00+00:00,0.76940,0.77390,0.76334,0.76374,11298
2015-07-02 00:00:00+00:00,0.76379,0.76576,0.75899,0.76368,11374
2015-07-03 00:00:00+00:00,0.76364,0.76489,0.75094,0.75181,10189
2015-07-05 00:00:00+00:00,0.74814,0.75132,0.74637,0.74854,1823
2015-07-06 00:00:00+00:00,0.74858,0.75327,0.74640,0.74750,12195
2015-07-07 00:00:00+00:00,0.74752,0.74992,0.73981,0.74548,14930
2015-07-08 00:00:00+00:00,0.74544,0.74561,0.73722,0.74208,15442
2015-07-09 00:00:00+00:00,0.74205,0.74918,0.73923,0.74594,14444
2015-07-10 00:00:00+00:00,0.74598,0.74965,0.74098,0.74448,11424
2015-07-12 00:00:00+00:00,0.74156,0.74384,0.74156,0.74203,729
2015-07-13 00:00:00+00:00,0.74206,0.74690,0.73834,0.73914,12762
2015-07-14 00:00:00+00:00,0.73920,0.74786,0.73879,0.74464,11664
2015-07-15 00:00:00+00:00,0.74461,0.74889,0.73541,0.73706,15435
2015-07-16 00:00:00+00:00,0.73702,0.74370,0.73500,0.74140,10641
2015-07-17 00:00:00+00:00,0.74136,0.74188,0.73675,0.73746,7021
2015-07-19 00:00:00+00:00,0.73814,0.73859,0.73658,0.73678,547
2015-07-20 00:00:00+00:00,0.73675,0.73978,0.73282,0.73737,9979
2015-07-21 00:00:00+00:00,0.73732,0.74497,0.73416,0.74240,10415
2015-07-22 00:00:00+00:00,0.74235,0.74390,0.73609,0.73738,13463
2015-07-23 00:00:00+00:00,0.73741,0.74176,0.73503,0.73574,10053
2015-07-24 00:00:00+00:00,0.73578,0.73578,0.72602,0.72830,11537
2015-07-26 00:00:00+00:00,0.72714,0.72836,0.72690,0.72744,487
2015-07-27 00:00:00+00:00,0.72747,0.73250,0.72651,0.72758,11439
2015-07-28 00:00:00+00:00,0.72761,0.73504,0.72572,0.73482,12657
2015-07-29 00:00:00+00:00,0.73478,0.73510,0.72828,0.72966,11925
2015-07-30 00:00:00+00:00,0.72962,0.73228,0.72553,0.72958,11603
2015-07-31 00:00:00+00:00,0.72954,0.73663,0.72350,0.73030,14661
2015-08-02 00:00:00+00:00,0.73214,0.73214,0.72957,0.72957,606
2015-08-03 00:00:00+00:00,0.72958,0.73123,0.72601,0.72750,10555
2015-08-04 00:00:00+00:00,0.72746,0.74286,0.72638,0.73751,14808
2015-08-05 00:00:00+00:00,0.73756,0.73955,0.73345,0.73492,12052
2015-08-06 00:00:00+00:00,0.73496,0.73939,0.73154,0.73444,10131
2015-08-07 00:00:00+00:00,0.73440,0.74199,0.73340,0.74190,13056
2015-08-09 00:00:00+00:00,0.74140,0.74163,0.73964,0.73976,645
2015-08-10 00:00:00+00:00,0.73981,0.74223,0.73537,0.74128,9005
2015-08-11 00:00:00+00:00,0.74132,0.74394,0.72836,0.73144,17434
2015-08-12 00:00:00+00:00,0.73150,0.73893,0.72158,0.73813,23178
2015-08-13 00:00:00+00:00,0.73819,0.74092,0.73232,0.73750,14536
2015-08-14 00:00:00+00:00,0.73746,0.73976,0.73550,0.73774,10495
2015-08-16 00:00:00+00:00,0.73780,0.73828,0.73674,0.73685,500
2015-08-17 00:00:00+00:00,0.73681,0.73889,0.73442,0.73718,7279
2015-08-18 00:00:00+00:00,0.73722,0.73862,0.73204,0.73396,9048
2015-08-19 00:00:00+00:00,0.73392,0.73755,0.73124,0.73544,12194
2015-08-20 00:00:00+00:00,0.73540,0.73733,0.72847,0.73342,11696
2015-08-21 00:00:00+00:00,0.73347,0.73602,0.72872,0.73158,13701
2015-08-23 00:00:00+00:00,0.72982,0.73120,0.72498,0.72531,1824
2015-08-24 00:00:00+00:00,0.72522,0.72758,0.70429,0.71757,34203
2015-08-25 00:00:00+00:00,0.71751,0.72505,0.70994,0.71013,24610
2015-08-26 00:00:00+00:00,0.71016,0.71527,0.70700,0.71204,20106
2015-08-27 00:00:00+00:00,0.71200,0.71813,0.70991,0.71760,14143
2015-08-28 00:00:00+00:00,0.71764,0.72060,0.71211,0.71726,11858
2015-08-30 00:00:00+00:00,0.71533,0.71638,0.71340,0.71387,1175
2015-08-31 00:00:00+00:00,0.71391,0.71588,0.70828,0.71068,9882
2015-09-01 00:00:00+00:00,0.71097,0.71540,0.69985,0.70104,17025
2015-09-02 00:00:00+00:00,0.70108,0.70628,0.69826,0.70453,14377
2015-09-03 00:00:00+00:00,0.70450,0.70626,0.69927,0.70206,11404
2015-09-04 00:00:00+00:00,0.70202,0.70212,0.69083,0.69094,13769
2015-09-06 00:00:00+00:00,0.69294,0.69388,0.69131,0.69354,779
2015-09-07 00:00:00+00:00,0.69348,0.69511,0.69144,0.69468,9489
2015-09-08 00:00:00+00:00,0.69465,0.70396,0.69334,0.70356,10414
2015-09-09 00:00:00+00:00,0.70353,0.70700,0.69596,0.69604,11048
2015-09-10 00:00:00+00:00,0.69610,0.70994,0.69462,0.70739,18985
2015-09-11 00:00:00+00:00,0.70744,0.70924,0.70356,0.70912,7409
2015-09-13 00:00:00+00:00,0.70816,0.71002,0.70770,0.70986,694
2015-09-14 00:00:00+00:00,0.70991,0.71647,0.70634,0.71618,9122
2015-09-15 00:00:00+00:00,0.71612,0.71661,0.70856,0.71254,8276
2015-09-16 00:00:00+00:00,0.71249,0.72008,0.71236,0.72000,8111
2015-09-17 00:00:00+00:00,0.71996,0.72755,0.71380,0.71884,18817
2015-09-18 00:00:00+00:00,0.71888,0.72794,0.71680,0.71884,13310
2015-09-20 00:00:00+00:00,0.71832,0.71955,0.71803,0.71897,732
2015-09-21 00:00:00+00:00,0.71900,0.71971,0.71218,0.71272,8211
2015-09-22 00:00:00+00:00,0.71276,0.71588,0.70567,0.70748,8960
2015-09-23 00:00:00+00:00,0.70752,0.70846,0.69892,0.69977,10833
2015-09-24 00:00:00+00:00,0.69982,0.70426,0.69388,0.70096,15508
2015-09-25 00:00:00+00:00,0.70100,0.70425,0.69908,0.70260,11265
2015-09-27 00:00:00+00:00,0.70291,0.70291,0.70082,0.70186,621
2015-09-28 00:00:00+00:00,0.70182,0.70362,0.69700,0.69706,8720
2015-09-29 00:00:00+00:00,0.69702,0.70240,0.69369,0.70066,11600
2015-09-30 00:00:00+00:00,0.70072,0.70384,0.69894,0.70094,11021
2015-10-01 00:00:00+00:00,0.70093,0.70847,0.70054,0.70384,12145
2015-10-02 00:00:00+00:00,0.70378,0.70706,0.70026,0.70513,12338
2015-10-04 00:00:00+00:00,0.70558,0.70586,0.70435,0.70464,710
2015-10-05 00:00:00+00:00,0.70460,0.71112,0.70426,0.70850,9428
2015-10-06 00:00:00+00:00,0.70854,0.71754,0.70669,0.71581,11403
2015-10-07 00:00:00+00:00,0.71584,0.72348,0.71498,0.71946,11421
2015-10-08 00:00:00+00:00,0.71949,0.72716,0.71651,0.72666,11975
2015-10-09 00:00:00+00:00,0.72670,0.73442,0.72596,0.73350,11809
2015-10-11 00:00:00+00:00,0.73178,0.73281,0.73125,0.73125,1021
2015-10-12 00:00:00+00:00,0.73127,0.73822,0.73054,0.73430,8394
2015-10-13 00:00:00+00:00,0.73434,0.73496,0.71990,0.72220,13663
2015-10-14 00:00:00+00:00,0.72226,0.73210,0.72012,0.73210,13996
2015-10-15 00:00:00+00:00,0.73216,0.73634,0.72660,0.73260,17703
2015-10-16 00:00:00+00:00,0.73255,0.73260,0.72496,0.72658,9549
2015-10-18 00:00:00+00:00,0.72580,0.72676,0.72561,0.72596,723
2015-10-19 00:00:00+00:00,0.72590,0.73076,0.72394,0.72581,8673
2015-10-20 00:00:00+00:00,0.72576,0.72982,0.72474,0.72670,7837
2015-10-21 00:00:00+00:00,0.72665,0.72762,0.72028,0.72128,9047
2015-10-22 00:00:00+00:00,0.72132,0.72395,0.71830,0.72112,12753
2015-10-23 00:00:00+00:00,0.72108,0.72970,0.72017,0.72178,12222
2015-10-25 00:00:00+00:00,0.72183,0.72250,0.72082,0.72216,964
2015-10-26 00:00:00+00:00,0.72213,0.72697,0.72195,0.72485,7748
2015-10-27 00:00:00+00:00,0.72480,0.72584,0.71792,0.71938,8621
2015-10-28 00:00:00+00:00,0.71935,0.71960,0.70810,0.70948,15589
2015-10-29 00:00:00+00:00,0.70952,0.71191,0.70678,0.70892,10210
2015-10-30 00:00:00+00:00,0.70896,0.71483,0.70847,0.71370,11965
2015-11-01 00:00:00+00:00,0.71162,0.71360,0.71156,0.71336,753
2015-11-02 00:00:00+00:00,0.71330,0.71658,0.71286,0.71570,8082
2015-11-03 00:00:00+00:00,0.71566,0.72189,0.71134,0.71887,12227
2015-11-04 00:00:00+00:00,0.71884,0.72241,0.71264,0.71354,11190
2015-11-05 00:00:00+00:00,0.71350,0.71698,0.71257,0.71462,9340
2015-11-06 00:00:00+00:00,0.71466,0.71701,0.70230,0.70434,12311
2015-11-08 00:00:00+00:00,0.70273,0.70380,0.70270,0.70372,726
2015-11-09 00:00:00+00:00,0.70368,0.70702,0.70317,0.70506,9071
2015-11-10 00:00:00+00:00,0.70501,0.70646,0.70161,0.70430,8782
2015-11-11 00:00:00+00:00,0.70434,0.70784,0.70403,0.70684,8301
2015-11-12 00:00:00+00:00,0.70688,0.71543,0.70608,0.71336,13479
2015-11-13 00:00:00+00:00,0.71340,0.71590,0.71065,0.71252,8043
2015-11-15 00:00:00+00:00,0.71205,0.71292,0.70992,0.71070,1006
2015-11-16 00:00:00+00:00,0.71066,0.71325,0.70806,0.70926,7293
2015-11-17 00:00:00+00:00,0.70930,0.71400,0.70724,0.71122,9836
2015-11-18 00:00:00+00:00,0.71119,0.71265,0.70694,0.71172,10025
2015-11-19 00:00:00+00:00,0.71168,0.72146,0.71165,0.71904,11033
2015-11-20 00:00:00+00:00,0.71908,0.72504,0.71841,0.72380,9317
2015-11-22 00:00:00+00:00,0.72310,0.72338,0.72249,0.72249,543
2015-11-23 00:00:00+00:00,0.72246,0.72280,0.71592,0.71863,9260
2015-11-24 00:00:00+00:00,0.71868,0.72750,0.71860,0.72534,9616
2015-11-25 00:00:00+00:00,0.72528,0.72829,0.72276,0.72536,10306
2015-11-26 00:00:00+00:00,0.72540,0.72626,0.72107,0.72174,9187
2015-11-27 00:00:00+00:00,0.72168,0.72400,0.71854,0.71932,6924
2015-11-29 00:00:00+00:00,0.71924,0.71942,0.71789,0.71836,486
2015-11-30 00:00:00+00:00,0.71832,0.72500,0.71707,0.72316,7811
2015-12-01 00:00:00+00:00,0.72308,0.73361,0.72256,0.73227,11562
2015-12-02 00:00:00+00:00,0.73230,0.73430,0.72936,0.73020,11358
2015-12-03 00:00:00+00:00,0.73023,0.73628,0.72842,0.73292,15975
2015-12-04 00:00:00+00:00,0.73296,0.73853,0.72798,0.73400,12941
2015-12-06 00:00:00+00:00,0.73408,0.73428,0.73316,0.73383,624
2015-12-07 00:00:00+00:00,0.73379,0.73394,0.72554,0.72554,8083
2015-12-08 00:00:00+00:00,0.72550,0.72706,0.71869,0.72230,10313
2015-12-09 00:00:00+00:00,0.72225,0.72453,0.71724,0.72325,12272
2015-12-10 00:00:00+00:00,0.72330,0.73344,0.72316,0.72712,11714
2015-12-11 00:00:00+00:00,0.72708,0.72708,0.71852,0.71878,10298
2015-12-13 00:00:00+00:00,0.72050,0.72080,0.71600,0.71642,1466
2015-12-14 00:00:00+00:00,0.71647,0.72702,0.71616,0.72537,10673
2015-12-15 00:00:00+00:00,0.72532,0.72830,0.71606,0.72000,11126
2015-12-16 00:00:00+00:00,0.72004,0.72802,0.71768,0.72024,16952
2015-12-17 00:00:00+00:00,0.72029,0.72158,0.70970,0.71286,12844
2015-12-18 00:00:00+00:00,0.71283,0.72005,0.71152,0.71747,9520
2015-12-20 00:00:00+00:00,0.71694,0.71782,0.71592,0.71690,903
2015-12-21 00:00:00+00:00,0.71686,0.71982,0.71553,0.71970,6845
2015-12-22 00:00:00+00:00,0.71964,0.72491,0.71896,0.72304,6600
2015-12-23 00:00:00+00:00,0.72307,0.72480,0.72094,0.72321,5789
2015-12-24 00:00:00+00:00,0.72325,0.72806,0.72318,0.72658,4940
2015-12-27 00:00:00+00:00,0.72658,0.72826,0.72658,0.72818,363
2015-12-28 00:00:00+00:00,0.72812,0.72812,0.72454,0.72565,4587
2015-12-29 00:00:00+00:00,0.72571,0.73032,0.72554,0.72894,4800
2015-12-30 00:00:00+00:00,0.72898,0.73036,0.72698,0.72821,6148
2015-12-31 00:00:00+00:00,0.72824,0.73278,0.72668,0.72938,5356
2016-01-03 00:00:00+00:00,0.72866,0.73014,0.72840,0.72844,761
2016-01-04 00:00:00+00:00,0.72848,0.72900,0.71560,0.71838,11673
2016-01-05 00:00:00+00:00,0.71841,0.72147,0.71324,0.71598,9569
2016-01-06 00:00:00+00:00,0.71594,0.71718,0.70485,0.70790,14441
2016-01-07 00:00:00+00:00,0.70793,0.70864,0.69809,0.70132,18324
2016-01-08 00:00:00+00:00,0.70135,0.70768,0.69512,0.69526,19193
2016-01-10 00:00:00+00:00,0.69712,0.69719,0.69279,0.69384,1872
2016-01-11 00:00:00+00:00,0.69388,0.70362,0.69346,0.69862,16816
2016-01-12 00:00:00+00:00,0.69868,0.70210,0.69404,0.69839,15965
2016-01-13 00:00:00+00:00,0.69843,0.70488,0.69324,0.69360,14813
2016-01-14 00:00:00+00:00,0.69356,0.70020,0.69104,0.69959,19135
2016-01-15 00:00:00+00:00,0.69955,0.69960,0.68274,0.68631,19383
2016-01-17 00:00:00+00:00,0.68380,0.68625,0.68380,0.68581,1096
2016-01-18 00:00:00+00:00,0.68586,0.69284,0.68514,0.68732,13947
2016-01-19 00:00:00+00:00,0.68728,0.69576,0.68388,0.69104,18007
2016-01-20 00:00:00+00:00,0.69106,0.69419,0.68284,0.69409,21690
2016-01-21 00:00:00+00:00,0.69404,0.70172,0.68756,0.70158,23056
2016-01-22 00:00:00+00:00,0.70154,0.70460,0.69862,0.70036,14487
2016-01-24 00:00:00+00:00,0.70058,0.70106,0.69998,0.69998,366
2016-01-25 00:00:00+00:00,0.70004,0.70316,0.69360,0.69381,11993
2016-01-26 00:00:00+00:00,0.69386,0.70213,0.69190,0.70045,13719
2016-01-27 00:00:00+00:00,0.70040,0.70817,0.69928,0.70102,20763
2016-01-28 00:00:00+00:00,0.70099,0.71285,0.70082,0.70827,17140
2016-01-29 00:00:00+00:00,0.70832,0.71408,0.70591,0.70836,20452
2016-01-31 00:00:00+00:00,0.70836,0.70857,0.70635,0.70685,1055
2016-02-01 00:00:00+00:00,0.70688,0.71208,0.70429,0.71073,12308
2016-02-02 00:00:00+00:00,0.71076,0.71296,0.70230,0.70259,13918
2016-02-03 00:00:00+00:00,0.70262,0.71893,0.70032,0.71569,17374
2016-02-04 00:00:00+00:00,0.71572,0.72428,0.71569,0.71986,15032
2016-02-05 00:00:00+00:00,0.71990,0.72208,0.70631,0.70675,14558
2016-02-07 00:00:00+00:00,0.70714,0.70941,0.70682,0.70842,1183
2016-02-08 00:00:00+00:00,0.70846,0.71288,0.70508,0.70748,12041
2016-02-09 00:00:00+00:00,0.70742,0.70960,0.69738,0.70643,18791
2016-02-10 00:00:00+00:00,0.70646,0.71254,0.70379,0.71020,18734
2016-02-11 00:00:00+00:00,0.71024,0.71536,0.69840,0.71234,27076
2016-02-12 00:00:00+00:00,0.71238,0.71274,0.70639,0.71090,15097
2016-02-14 00:00:00+00:00,0.70988,0.71172,0.70988,0.71150,560
2016-02-15 00:00:00+00:00,0.71146,0.71718,0.71096,0.71462,11349
2016-02-16 00:00:00+00:00,0.71465,0.71822,0.70818,0.71172,13215
2016-02-17 00:00:00+00:00,0.71176,0.71869,0.70844,0.71728,15691
2016-02-18 00:00:00+00:00,0.71734,0.71820,0.71332,0.71496,13432
2016-02-19 00:00:00+00:00,0.71501,0.71543,0.70694,0.71481,11885
2016-02-21 00:00:00+00:00,0.71564,0.71580,0.71362,0.71432,648
2016-02-22 00:00:00+00:00,0.71429,0.72470,0.71391,0.72318,9918
2016-02-23 00:00:00+00:00,0.72322,0.72594,0.71856,0.71943,12563
2016-02-24 00:00:00+00:00,0.71946,0.72132,0.71460,0.71920,14765
2016-02-25 00:00:00+00:00,0.71925,0.72434,0.71567,0.72364,14517
2016-02-26 00:00:00+00:00,0.72360,0.72565,0.71186,0.71278,11460
2016-02-28 00:00:00+00:00,0.71217,0.71334,0.71150,0.71270,1287
2016-02-29 00:00:00+00:00,0.71274,0.71678,0.71090,0.71398,12925
2016-03-01 00:00:00+00:00,0.71392,0.71924,0.71094,0.71814,14411
2016-03-02 00:00:00+00:00,0.71818,0.73014,0.71650,0.72855,14495
2016-03-03 00:00:00+00:00,0.72850,0.73740,0.72817,0.73566,12725
2016-03-04 00:00:00+00:00,0.73570,0.74428,0.73402,0.74408,15961
2016-03-06 00:00:00+00:00,0.74029,0.74246,0.74029,0.74064,1194
2016-03-07 00:00:00+00:00,0.74066,0.74846,0.73925,0.74570,11037
2016-03-08 00:00:00+00:00,0.74575,0.74704,0.74106,0.74334,12954
2016-03-09 00:00:00+00:00,0.74338,0.75282,0.74124,0.74672,17572
2016-03-10 00:00:00+00:00,0.74677,0.75120,0.74274,0.74576,25069
2016-03-11 00:00:00+00:00,0.74570,0.75834,0.74469,0.75643,13846
2016-03-13 00:00:00+00:00,0.75454,0.75620,0.75438,0.75612,1310
2016-03-14 00:00:00+00:00,0.75608,0.75937,0.74922,0.75182,11598
2016-03-15 00:00:00+00:00,0.75178,0.75282,0.74454,0.74618,14335
2016-03-16 00:00:00+00:00,0.74621,0.75761,0.74148,0.75429,18985
2016-03-17 00:00:00+00:00,0.75425,0.76588,0.75425,0.76464,21458
2016-03-18 00:00:00+00:00,0.76460,0.76804,0.75952,0.76027,12472
2016-03-20 00:00:00+00:00,0.75956,0.76033,0.75901,0.75932,598
2016-03-21 00:00:00+00:00,0.75928,0.76267,0.75684,0.75684,12033
2016-03-22 00:00:00+00:00,0.75688,0.76431,0.75515,0.76198,13609
2016-03-23 00:00:00+00:00,0.76194,0.76490,0.75196,0.75334,14343
2016-03-24 00:00:00+00:00,0.75339,0.75345,0.74774,0.75255,12377
2016-03-25 00:00:00+00:00,0.75259,0.75352,0.74989,0.75078,6289
2016-03-27 00:00:00+00:00,0.75133,0.75218,0.74988,0.75017,580
2016-03-28 00:00:00+00:00,0.75020,0.75580,0.74936,0.75534,6725
2016-03-29 00:00:00+00:00,0.75530,0.76454,0.75104,0.76357,15283
2016-03-30 00:00:00+00:00,0.76360,0.77089,0.76154,0.76582,17041
2016-03-31 00:00:00+00:00,0.76577,0.77232,0.76343,0.76690,14788
2016-04-01 00:00:00+00:00,0.76682,0.77012,0.75990,0.76775,17124
2016-04-03 00:00:00+00:00,0.76704,0.76786,0.76642,0.76666,565
2016-04-04 00:00:00+00:00,0.76668,0.76734,0.75958,0.75965,11640
2016-04-05 00:00:00+00:00,0.75969,0.76324,0.75104,0.75443,16788
2016-04-06 00:00:00+00:00,0.75439,0.76194,0.75330,0.76106,15245
2016-04-07 00:00:00+00:00,0.76110,0.76376,0.74918,0.75138,17990
2016-04-08 00:00:00+00:00,0.75134,0.75796,0.75090,0.75544,12626
2016-04-10 00:00:00+00:00,0.75464,0.75716,0.75440,0.75638,623
2016-04-11 00:00:00+00:00,0.75633,0.76303,0.75281,0.75926,13138
2016-04-12 00:00:00+00:00,0.75922,0.76896,0.75834,0.76844,15017
2016-04-13 00:00:00+00:00,0.76848,0.77162,0.76343,0.76585,14793
2016-04-14 00:00:00+00:00,0.76590,0.77371,0.76194,0.76900,15041
2016-04-15 00:00:00+00:00,0.76904,0.77343,0.76808,0.77243,12142
2016-04-17 00:00:00+00:00,0.76509,0.76762,0.76316,0.76444,2003
2016-04-18 00:00:00+00:00,0.76450,0.77754,0.76352,0.77691,15441
2016-04-19 00:00:00+00:00,0.77696,0.78260,0.77602,0.77970,13489
2016-04-20 00:00:00+00:00,0.77974,0.78292,0.77674,0.78005,13591
2016-04-21 00:00:00+00:00,0.78010,0.78346,0.77332,0.77444,17110
2016-04-22 00:00:00+00:00,0.77441,0.77748,0.76940,0.77096,14199
2016-04-24 00:00:00+00:00,0.76970,0.77126,0.76960,0.77100,637
2016-04-25 00:00:00+00:00,0.77096,0.77291,0.76914,0.77147,9580
2016-04-26 00:00:00+00:00,0.77144,0.77653,0.76968,0.77456,12168
2016-04-27 00:00:00+00:00,0.77452,0.77655,0.75488,0.76036,21886
2016-04-28 00:00:00+00:00,0.76032,0.76580,0.75768,0.76328,16789
2016-04-29 00:00:00+00:00,0.76323,0.76684,0.75875,0.76054,12818
2016-05-01 00:00:00+00:00,0.75975,0.76208,0.75926,0.76152,798
2016-05-02 00:00:00+00:00,0.76149,0.76716,0.75950,0.76624,10607
2016-05-03 00:00:00+00:00,0.76620,0.77197,0.74824,0.74972,19966
2016-05-04 00:00:00+00:00,0.74976,0.75176,0.74471,0.74646,17673
2016-05-05 00:00:00+00:00,0.74644,0.75142,0.74560,0.74772,12922
2016-05-06 00:00:00+00:00,0.74766,0.74766,0.73380,0.73672,16710
2016-05-08 00:00:00+00:00,0.73566,0.73815,0.73516,0.73732,824
2016-05-09 00:00:00+00:00,0.73729,0.73852,0.73027,0.73154,11977
2016-05-10 00:00:00+00:00,0.73150,0.73822,0.73002,0.73700,13021
2016-05-11 00:00:00+00:00,0.73704,0.74022,0.73360,0.73544,12327
2016-05-12 00:00:00+00:00,0.73547,0.73731,0.73101,0.73166,12216
2016-05-13 00:00:00+00:00,0.73162,0.73198,0.72542,0.72693,12155
2016-05-15 00:00:00+00:00,0.72500,0.72736,0.72494,0.72732,950
2016-05-16 00:00:00+00:00,0.72728,0.73089,0.72692,0.72866,8725
2016-05-17 00:00:00+00:00,0.72869,0.73666,0.72824,0.73169,12799
2016-05-18 00:00:00+00:00,0.73172,0.73176,0.72161,0.72218,14218
2016-05-19 00:00:00+00:00,0.72213,0.72370,0.71764,0.72310,14278
2016-05-20 00:00:00+00:00,0.72306,0.72496,0.72120,0.72222,8543
2016-05-22 00:00:00+00:00,0.72237,0.72323,0.72200,0.72240,545
2016-05-23 00:00:00+00:00,0.72237,0.72598,0.71952,0.72180,9144
2016-05-24 00:00:00+00:00,0.72176,0.72242,0.71454,0.71892,11062
2016-05-25 00:00:00+00:00,0.71896,0.72188,0.71738,0.71864,10501
2016-05-26 00:00:00+00:00,0.71859,0.72436,0.71622,0.72247,10450
2016-05-27 00:00:00+00:00,0.72250,0.72354,0.71724,0.71848,8571
2016-05-29 00:00:00+00:00,0.71772,0.71874,0.71770,0.71786,649
2016-05-30 00:00:00+00:00,0.71780,0.71954,0.71489,0.71941,5171
2016-05-31 00:00:00+00:00,0.71944,0.72671,0.71854,0.72342,10334
2016-06-01 00:00:00+00:00,0.72352,0.72991,0.72276,0.72487,12662
2016-06-02 00:00:00+00:00,0.72492,0.72697,0.72016,0.72298,10693
2016-06-03 00:00:00+00:00,0.72294,0.73686,0.72240,0.73666,13024
2016-06-05 00:00:00+00:00,0.73701,0.73718,0.73382,0.73432,597
2016-06-06 00:00:00+00:00,0.73427,0.73804,0.73156,0.73722,11310
2016-06-07 00:00:00+00:00,0.73726,0.74637,0.73600,0.74434,10289
2016-06-08 00:00:00+00:00,0.74440,0.75046,0.74306,0.74908,11220
2016-06-09 00:00:00+00:00,0.74904,0.75042,0.74124,0.74130,12238
2016-06-10 00:00:00+00:00,0.74126,0.74242,0.73703,0.73748,9339
2016-06-12 00:00:00+00:00,0.73756,0.73810,0.73658,0.73723,894
2016-06-13 00:00:00+00:00,0.73720,0.74108,0.73595,0.73764,10280
2016-06-14 00:00:00+00:00,0.73770,0.74048,0.73306,0.73524,12202
2016-06-15 00:00:00+00:00,0.73528,0.74461,0.73344,0.74142,14034
2016-06-16 00:00:00+00:00,0.74148,0.74407,0.72854,0.73921,16663
2016-06-17 00:00:00+00:00,0.73926,0.74110,0.73709,0.73949,11401
2016-06-19 00:00:00+00:00,0.74352,0.74396,0.74072,0.74274,1355
2016-06-20 00:00:00+00:00,0.74278,0.74812,0.74250,0.74566,10108
2016-06-21 00:00:00+00:00,0.74570,0.75126,0.74483,0.74508,10708
2016-06-22 00:00:00+00:00,0.74512,0.75268,0.74418,0.75104,11002
2016-06-23 00:00:00+00:00,0.75106,0.76476,0.75092,0.75444,25193
2016-06-24 00:00:00+00:00,0.75448,0.75824,0.73070,0.74733,57708
2016-06-26 00:00:00+00:00,0.74154,0.74472,0.74153,0.74280,2402
2016-06-27 00:00:00+00:00,0.74279,0.74515,0.73249,0.73556,22070
2016-06-28 00:00:00+00:00,0.73553,0.74154,0.73426,0.74024,13719
2016-06-29 00:00:00+00:00,0.74028,0.74727,0.73819,0.74675,14969
2016-06-30 00:00:00+00:00,0.74678,0.74684,0.73716,0.74476,18903
2016-07-01 00:00:00+00:00,0.74468,0.75028,0.74375,0.74984,11444
2016-07-03 00:00:00+00:00,0.74498,0.74706,0.74468,0.74629,793
2016-07-04 00:00:00+00:00,0.74636,0.75448,0.74623,0.75258,7966
2016-07-05 00:00:00+00:00,0.75263,0.75448,0.74274,0.74421,14494
2016-07-06 00:00:00+00:00,0.74424,0.75290,0.74082,0.75142,18090
2016-07-07 00:00:00+00:00,0.75138,0.75385,0.74670,0.74934,16860
2016-07-08 00:00:00+00:00,0.74930,0.75729,0.74706,0.75684,14643
2016-07-10 00:00:00+00:00,0.75656,0.75690,0.75570,0.75570,519
2016-07-11 00:00:00+00:00,0.75575,0.75756,0.75220,0.75362,11629
2016-07-12 00:00:00+00:00,0.75357,0.76580,0.75317,0.76021,13149
2016-07-13 00:00:00+00:00,0.76026,0.76384,0.75782,0.75944,13462
2016-07-14 00:00:00+00:00,0.75940,0.76533,0.75916,0.76124,13830
2016-07-15 00:00:00+00:00,0.76120,0.76761,0.75609,0.75767,13786
2016-07-17 00:00:00+00:00,0.75978,0.76030,0.75798,0.75893,1668
2016-07-18 00:00:00+00:00,0.75897,0.76068,0.75656,0.75770,9242
2016-07-19 00:00:00+00:00,0.75765,0.75765,0.74762,0.75075,11568
2016-07-20 00:00:00+00:00,0.75072,0.75104,0.74542,0.74652,10725
2016-07-21 00:00:00+00:00,0.74649,0.75139,0.74560,0.75050,12515
2016-07-22 00:00:00+00:00,0.75054,0.75061,0.74429,0.74648,7446
2016-07-24 00:00:00+00:00,0.74620,0.74776,0.74540,0.74730,552
2016-07-25 00:00:00+00:00,0.74736,0.74923,0.74554,0.74742,6857
2016-07-26 00:00:00+00:00,0.74748,0.75400,0.74632,0.75142,9652
2016-07-27 00:00:00+00:00,0.75138,0.75656,0.74214,0.75181,16518
2016-07-28 00:00:00+00:00,0.75186,0.75492,0.74938,0.75104,7650
2016-07-29 00:00:00+00:00,0.75109,0.76100,0.74934,0.76008,12788
2016-07-31 00:00:00+00:00,0.75975,0.76047,0.75853,0.75876,880
2016-08-01 00:00:00+00:00,0.75878,0.76156,0.75230,0.75272,8420
2016-08-02 00:00:00+00:00,0.75268,0.76378,0.74902,0.75975,13962
2016-08-03 00:00:00+00:00,0.75971,0.76138,0.75684,0.75884,9482
2016-08-04 00:00:00+00:00,0.75880,0.76418,0.75877,0.76402,9587
2016-08-05 00:00:00+00:00,0.76398,0.76642,0.75978,0.76190,9475
2016-08-07 00:00:00+00:00,0.76177,0.76228,0.76013,0.76112,833
2016-08-08 00:00:00+00:00,0.76107,0.76724,0.75976,0.76602,6344
2016-08-09 00:00:00+00:00,0.76598,0.76866,0.76221,0.76630,7660
2016-08-10 00:00:00+00:00,0.76634,0.77558,0.76628,0.77121,12243
2016-08-11 00:00:00+00:00,0.77118,0.77255,0.76897,0.76916,8168
2016-08-12 00:00:00+00:00,0.76920,0.77245,0.76466,0.76502,8924
2016-08-14 00:00:00+00:00,0.76587,0.76621,0.76511,0.76548,404
2016-08-15 00:00:00+00:00,0.76552,0.76916,0.76368,0.76756,6837
2016-08-16 00:00:00+00:00,0.76753,0.77492,0.76538,0.76954,13586
2016-08-17 00:00:00+00:00,0.76949,0.77056,0.76098,0.76622,13439
2016-08-18 00:00:00+00:00,0.76618,0.77232,0.76497,0.76775,13621
2016-08-19 00:00:00+00:00,0.76770,0.76770,0.75994,0.76261,9822
2016-08-21 00:00:00+00:00,0.76038,0.76262,0.76037,0.76060,954
2016-08-22 00:00:00+00:00,0.76056,0.76442,0.75838,0.76298,10276
2016-08-23 00:00:00+00:00,0.76293,0.76550,0.76110,0.76120,9898
2016-08-24 00:00:00+00:00,0.76126,0.76338,0.75887,0.76082,9672
2016-08-25 00:00:00+00:00,0.76078,0.76390,0.76021,0.76236,7542
2016-08-26 00:00:00+00:00,0.76231,0.76922,0.75516,0.75633,17855
2016-08-28 00:00:00+00:00,0.75607,0.75636,0.75398,0.75405,806
2016-08-29 00:00:00+00:00,0.75400,0.75814,0.75252,0.75754,10273
2016-08-30 00:00:00+00:00,0.75759,0.75799,0.75006,0.75232,9027
2016-08-31 00:00:00+00:00,0.75228,0.75334,0.74904,0.75192,10842
2016-09-01 00:00:00+00:00,0.75190,0.75588,0.75046,0.75506,11394
2016-09-02 00:00:00+00:00,0.75502,0.76158,0.75364,0.75718,14983
2016-09-04 00:00:00+00:00,0.75684,0.75778,0.75631,0.75640,295
2016-09-05 00:00:00+00:00,0.75645,0.76064,0.75642,0.75916,6967
2016-09-06 00:00:00+00:00,0.75911,0.76880,0.75911,0.76827,11024
2016-09-07 00:00:00+00:00,0.76832,0.76976,0.76512,0.76681,9976
2016-09-08 00:00:00+00:00,0.76684,0.77323,0.76359,0.76500,13006
2016-09-09 00:00:00+00:00,0.76496,0.76570,0.75378,0.75402,11681
2016-09-11 00:00:00+00:00,0.75394,0.75459,0.75311,0.75420,763
2016-09-12 00:00:00+00:00,0.75416,0.75669,0.74940,0.75660,14678
2016-09-13 00:00:00+00:00,0.75664,0.75679,0.74422,0.74667,15564
2016-09-14 00:00:00+00:00,0.74663,0.74957,0.74513,0.74812,12965
2016-09-15 00:00:00+00:00,0.74816,0.75228,0.74463,0.75126,16458
2016-09-16 00:00:00+00:00,0.75121,0.75270,0.74755,0.74928,11109
2016-09-18 00:00:00+00:00,0.74822,0.75072,0.74793,0.75016,565
2016-09-19 00:00:00+00:00,0.75012,0.75728,0.75012,0.75390,7042
2016-09-20 00:00:00+00:00,0.75385,0.75650,0.75306,0.75538,8240
2016-09-21 00:00:00+00:00,0.75544,0.76405,0.75346,0.76330,18699
2016-09-22 00:00:00+00:00,0.76326,0.76748,0.76260,0.76456,9778
2016-09-23 00:00:00+00:00,0.76460,0.76533,0.76094,0.76229,8476
2016-09-25 00:00:00+00:00,0.76184,0.76216,0.76087,0.76141,390
2016-09-26 00:00:00+00:00,0.76145,0.76492,0.76032,0.76313,8834
2016-09-27 00:00:00+00:00,0.76308,0.76954,0.76119,0.76684,11047
2016-09-28 00:00:00+00:00,0.76680,0.76962,0.76452,0.76939,10069
2016-09-29 00:00:00+00:00,0.76934,0.77102,0.76236,0.76278,12495
2016-09-30 00:00:00+00:00,0.76282,0.76716,0.75902,0.76595,11046
2016-10-02 00:00:00+00:00,0.76628,0.76634,0.76417,0.76428,479
2016-10-03 00:00:00+00:00,0.76424,0.76910,0.76406,0.76834,7562
2016-10-04 00:00:00+00:00,0.76840,0.76882,0.76064,0.76106,11800
2016-10-05 00:00:00+00:00,0.76102,0.76449,0.75928,0.76202,9855
2016-10-06 00:00:00+00:00,0.76206,0.76210,0.75624,0.75750,10124
2016-10-07 00:00:00+00:00,0.75754,0.76245,0.75532,0.75875,17114
2016-10-09 00:00:00+00:00,0.76100,0.76112,0.75940,0.76004,628
2016-10-10 00:00:00+00:00,0.76000,0.76285,0.75804,0.75993,6494
2016-10-11 00:00:00+00:00,0.75989,0.75989,0.75336,0.75606,11011
2016-10-12 00:00:00+00:00,0.75600,0.75925,0.75468,0.75536,11603
2016-10-13 00:00:00+00:00,0.75532,0.75814,0.75067,0.75636,12440
2016-10-14 00:00:00+00:00,0.75633,0.76476,0.75564,0.76165,12342
2016-10-16 00:00:00+00:00,0.76222,0.76222,0.75940,0.75955,698
2016-10-17 00:00:00+00:00,0.75958,0.76427,0.75815,0.76395,8467
2016-10-18 00:00:00+00:00,0.76400,0.76898,0.76400,0.76734,8362
2016-10-19 00:00:00+00:00,0.76730,0.77292,0.76596,0.77261,8963
2016-10-20 00:00:00+00:00,0.77258,0.77346,0.76189,0.76324,10405
2016-10-21 00:00:00+00:00,0.76329,0.76511,0.75876,0.76074,7005
2016-10-23 00:00:00+00:00,0.76101,0.76105,0.76008,0.76022,385
2016-10-24 00:00:00+00:00,0.76018,0.76406,0.75892,0.75920,6401
2016-10-25 00:00:00+00:00,0.75924,0.76548,0.75918,0.76499,9540
2016-10-26 00:00:00+00:00,0.76494,0.77088,0.76283,0.76486,11261
2016-10-27 00:00:00+00:00,0.76482,0.76523,0.75802,0.75900,10004
2016-10-28 00:00:00+00:00,0.75896,0.76082,0.75580,0.75994,12574
2016-10-30 00:00:00+00:00,0.75872,0.75992,0.75866,0.75956,583
2016-10-31 00:00:00+00:00,0.75954,0.76207,0.75835,0.76060,7261
2016-11-01 00:00:00+00:00,0.76065,0.76891,0.75984,0.76458,10741
2016-11-02 00:00:00+00:00,0.76454,0.76782,0.76126,0.76513,11581
2016-11-03 00:00:00+00:00,0.76510,0.76880,0.76372,0.76843,9782
2016-11-04 00:00:00+00:00,0.76848,0.76972,0.76522,0.76732,10432
2016-11-06 00:00:00+00:00,0.76797,0.76826,0.76592,0.76773,955
2016-11-07 00:00:00+00:00,0.76779,0.77294,0.76670,0.77174,8551
2016-11-08 00:00:00+00:00,0.77178,0.77783,0.76893,0.77443,10032
2016-11-09 00:00:00+00:00,0.77446,0.77722,0.75794,0.76504,47909
2016-11-10 00:00:00+00:00,0.76498,0.77422,0.75682,0.76086,21682
2016-11-11 00:00:00+00:00,0.76090,0.76298,0.75254,0.75476,22934
2016-11-13 00:00:00+00:00,0.75461,0.75618,0.75418,0.75510,1903
2016-11-14 00:00:00+00:00,0.75514,0.75734,0.75242,0.75676,19150
2016-11-15 00:00:00+00:00,0.75672,0.75815,0.75117,0.75544,18408
2016-11-16 00:00:00+00:00,0.75541,0.75712,0.74606,0.74914,18850
2016-11-17 00:00:00+00:00,0.74908,0.75024,0.73967,0.73999,16980
2016-11-18 00:00:00+00:00,0.73996,0.74066,0.73304,0.73350,16667
2016-11-20 00:00:00+00:00,0.73309,0.73338,0.73142,0.73242,1396
2016-11-21 00:00:00+00:00,0.73238,0.73816,0.73110,0.73767,15026
2016-11-22 00:00:00+00:00,0.73764,0.74134,0.73693,0.74082,12745
2016-11-23 00:00:00+00:00,0.74076,0.74450,0.73705,0.73720,14257
2016-11-24 00:00:00+00:00,0.73725,0.74186,0.73646,0.74162,12127
2016-11-25 00:00:00+00:00,0.74166,0.74684,0.74008,0.74433,15275
2016-11-27 00:00:00+00:00,0.74447,0.74488,0.74348,0.74426,542
2016-11-28 00:00:00+00:00,0.74422,0.74946,0.74332,0.74944,11570
2016-11-29 00:00:00+00:00,0.74946,0.74976,0.74328,0.74850,12439
2016-11-30 00:00:00+00:00,0.74846,0.74972,0.73743,0.73870,16673
2016-12-01 00:00:00+00:00,0.73874,0.74241,0.73704,0.74220,13010
2016-12-02 00:00:00+00:00,0.74216,0.74690,0.74011,0.74566,11550
2016-12-04 00:00:00+00:00,0.74525,0.74614,0.74130,0.74392,3822
2016-12-05 00:00:00+00:00,0.74388,0.74979,0.74141,0.74722,13249
2016-12-06 00:00:00+00:00,0.74726,0.74806,0.74316,0.74732,9130
2016-12-07 00:00:00+00:00,0.74728,0.74868,0.74167,0.74862,9136
2016-12-08 00:00:00+00:00,0.74858,0.75081,0.74290,0.74585,16008
2016-12-09 00:00:00+00:00,0.74582,0.74961,0.74350,0.74484,10035
2016-12-11 00:00:00+00:00,0.74472,0.74513,0.74310,0.74478,805
2016-12-12 00:00:00+00:00,0.74482,0.75040,0.74378,0.74968,8808
2016-12-13 00:00:00+00:00,0.74965,0.75234,0.74757,0.74935,9673
2016-12-14 00:00:00+00:00,0.74938,0.75248,0.73942,0.74099,15396
2016-12-15 00:00:00+00:00,0.74096,0.74307,0.73375,0.73668,18979
2016-12-16 00:00:00+00:00,0.73665,0.73692,0.72664,0.73035,12391
2016-12-18 00:00:00+00:00,0.72832,0.72957,0.72731,0.72898,836
2016-12-19 00:00:00+00:00,0.72893,0.73130,0.72412,0.72508,10222
2016-12-20 00:00:00+00:00,0.72512,0.72713,0.72232,0.72670,8169
2016-12-21 00:00:00+00:00,0.72672,0.72796,0.72270,0.72352,7091
2016-12-22 00:00:00+00:00,0.72348,0.72578,0.71976,0.72210,8269
2016-12-23 00:00:00+00:00,0.72206,0.72274,0.71602,0.71758,5692
2016-12-26 00:00:00+00:00,0.71866,0.71866,0.71796,0.71798,184
2016-12-27 00:00:00+00:00,0.71803,0.71968,0.71727,0.71900,3988
2016-12-28 00:00:00+00:00,0.71903,0.72198,0.71638,0.71828,5687
2016-12-29 00:00:00+00:00,0.71832,0.72470,0.71820,0.72354,7801
2016-12-30 00:00:00+00:00,0.72350,0.72467,0.72006,0.72012,10370
2017-01-02 00:00:00+00:00,0.71980,0.72035,0.71927,0.71960,453
2017-01-03 00:00:00+00:00,0.71955,0.72410,0.71945,0.72294,10621
2017-01-04 00:00:00+00:00,0.72298,0.72881,0.72192,0.72881,12891
2017-01-05 00:00:00+00:00,0.72886,0.73569,0.72781,0.73374,18359
2017-01-06 00:00:00+00:00,0.73378,0.73551,0.72886,0.72975,14293
2017-01-08 00:00:00+00:00,0.72968,0.73122,0.72887,0.73122,576
2017-01-09 00:00:00+00:00,0.73117,0.73738,0.73018,0.73565,11190
2017-01-10 00:00:00+00:00,0.73562,0.73846,0.73312,0.73594,13227
2017-01-11 00:00:00+00:00,0.73599,0.74718,0.73524,0.74461,21853
2017-01-12 00:00:00+00:00,0.74456,0.75184,0.74302,0.74890,15816
2017-01-13 00:00:00+00:00,0.74886,0.75086,0.74492,0.75007,13629
2017-01-15 00:00:00+00:00,0.74807,0.75056,0.74807,0.74985,734
2017-01-16 00:00:00+00:00,0.74990,0.75025,0.74584,0.74718,9540
2017-01-17 00:00:00+00:00,0.74721,0.75686,0.74650,0.75503,17803
2017-01-18 00:00:00+00:00,0.75499,0.75662,0.75028,0.75094,12411
2017-01-19 00:00:00+00:00,0.75099,0.75748,0.74936,0.75664,17190
2017-01-20 00:00:00+00:00,0.75660,0.75886,0.75177,0.75568,16083
2017-01-22 00:00:00+00:00,0.75573,0.75725,0.75568,0.75722,451
2017-01-23 00:00:00+00:00,0.75726,0.76026,0.75502,0.75823,13452
2017-01-24 00:00:00+00:00,0.75828,0.76092,0.75536,0.75916,10898
2017-01-25 00:00:00+00:00,0.75920,0.75986,0.75154,0.75741,15453
2017-01-26 00:00:00+00:00,0.75744,0.75850,0.75219,0.75317,12344
2017-01-27 00:00:00+00:00,0.75314,0.75730,0.75116,0.75484,12567
2017-01-29 00:00:00+00:00,0.75610,0.75627,0.75521,0.75544,431
2017-01-30 00:00:00+00:00,0.75541,0.75670,0.75280,0.75655,9841
2017-01-31 00:00:00+00:00,0.75658,0.76056,0.75422,0.75784,13026
2017-02-01 00:00:00+00:00,0.75776,0.75970,0.75515,0.75830,12076
2017-02-02 00:00:00+00:00,0.75834,0.76960,0.75828,0.76547,11569
2017-02-03 00:00:00+00:00,0.76550,0.76954,0.76208,0.76844,12722
2017-02-05 00:00:00+00:00,0.76765,0.76839,0.76665,0.76747,477
2017-02-06 00:00:00+00:00,0.76750,0.76806,0.76296,0.76454,9392
2017-02-07 00:00:00+00:00,0.76458,0.76808,0.76059,0.76208,10817
2017-02-08 00:00:00+00:00,0.76212,0.76658,0.76116,0.76316,9736
2017-02-09 00:00:00+00:00,0.76321,0.76639,0.76107,0.76236,9731
2017-02-10 00:00:00+00:00,0.76232,0.76886,0.76184,0.76772,9124
2017-02-12 00:00:00+00:00,0.76806,0.76807,0.76634,0.76693,448
2017-02-13 00:00:00+00:00,0.76697,0.76778,0.76311,0.76414,6956
2017-02-14 00:00:00+00:00,0.76418,0.76965,0.76181,0.76692,10343
2017-02-15 00:00:00+00:00,0.76696,0.77215,0.76372,0.77210,9985
2017-02-16 00:00:00+00:00,0.77204,0.77320,0.76848,0.76972,10819
2017-02-17 00:00:00+00:00,0.76969,0.77128,0.76561,0.76645,7290
2017-02-19 00:00:00+00:00,0.76742,0.76774,0.76662,0.76662,328
2017-02-20 00:00:00+00:00,0.76659,0.76908,0.76594,0.76894,4464
2017-02-21 00:00:00+00:00,0.76890,0.76898,0.76496,0.76760,6219
2017-02-22 00:00:00+00:00,0.76764,0.77148,0.76670,0.76958,8537
2017-02-23 00:00:00+00:00,0.76954,0.77406,0.76654,0.77127,8400
2017-02-24 00:00:00+00:00,0.77130,0.77198,0.76645,0.76715,6754
2017-02-26 00:00:00+00:00,0.76818,0.76830,0.76628,0.76686,533
2017-02-27 00:00:00+00:00,0.76689,0.77080,0.76666,0.76758,6614
2017-02-28 00:00:00+00:00,0.76754,0.76947,0.76372,0.76421,7950
2017-03-01 00:00:00+00:00,0.76427,0.77000,0.76368,0.76590,11780
2017-03-02 00:00:00+00:00,0.76594,0.76674,0.75578,0.75722,8088
2017-03-03 00:00:00+00:00,0.75726,0.75979,0.75428,0.75966,10042
2017-03-05 00:00:00+00:00,0.75892,0.75948,0.75830,0.75947,461
2017-03-06 00:00:00+00:00,0.75942,0.76094,0.75703,0.75905,6405
2017-03-07 00:00:00+00:00,0.75900,0.76330,0.75842,0.75930,7419
2017-03-08 00:00:00+00:00,0.75926,0.76088,0.75186,0.75268,8396
2017-03-09 00:00:00+00:00,0.75272,0.75343,0.74912,0.75076,8792
2017-03-10 00:00:00+00:00,0.75072,0.75572,0.75056,0.75423,9567
2017-03-12 00:00:00+00:00,0.75489,0.75528,0.75358,0.75420,1077
2017-03-13 00:00:00+00:00,0.75413,0.75922,0.75342,0.75661,8568
2017-03-14 00:00:00+00:00,0.75664,0.75794,0.75404,0.75655,8038
2017-03-15 00:00:00+00:00,0.75658,0.77196,0.75555,0.77064,23720
2017-03-16 00:00:00+00:00,0.77063,0.77172,0.76636,0.76714,14768
2017-03-17 00:00:00+00:00,0.76718,0.77177,0.76658,0.77054,7960
2017-03-19 00:00:00+00:00,0.76931,0.77092,0.76931,0.77064,996
2017-03-20 00:00:00+00:00,0.77062,0.77478,0.76974,0.77296,8204
2017-03-21 00:00:00+00:00,0.77302,0.77497,0.76700,0.76726,12310
2017-03-22 00:00:00+00:00,0.76730,0.76848,0.76394,0.76676,11533
2017-03-23 00:00:00+00:00,0.76682,0.76683,0.76227,0.76343,10885
2017-03-24 00:00:00+00:00,0.76342,0.76404,0.76038,0.76238,9271
2017-03-26 00:00:00+00:00,0.76358,0.76386,0.76254,0.76324,2182
2017-03-27 00:00:00+00:00,0.76330,0.76483,0.76084,0.76274,9159
2017-03-28 00:00:00+00:00,0.76275,0.76574,0.75876,0.76531,8879
2017-03-29 00:00:00+00:00,0.76536,0.76754,0.76324,0.76704,7711
2017-03-30 00:00:00+00:00,0.76699,0.76796,0.76388,0.76532,8400
2017-03-31 00:00:00+00:00,0.76532,0.76626,0.76226,0.76290,9007
2017-04-02 00:00:00+00:00,0.76340,0.76404,0.76288,0.76294,651
2017-04-03 00:00:00+00:00,0.76298,0.76402,0.75912,0.76049,7528
2017-04-04 00:00:00+00:00,0.76043,0.76151,0.75450,0.75682,8287
2017-04-05 00:00:00+00:00,0.75682,0.75875,0.75588,0.75665,9430
2017-04-06 00:00:00+00:00,0.75658,0.75694,0.75328,0.75398,8017
2017-04-07 00:00:00+00:00,0.75393,0.75467,0.74940,0.75008,12098
2017-04-09 00:00:00+00:00,0.74931,0.75088,0.74928,0.75069,1380
2017-04-10 00:00:00+00:00,0.75065,0.75138,0.74764,0.75058,6976
2017-04-11 00:00:00+00:00,0.75058,0.75149,0.74746,0.75014,8643
2017-04-12 00:00:00+00:00,0.75010,0.75434,0.74734,0.75370,12189
2017-04-13 00:00:00+00:00,0.75373,0.75954,0.75320,0.75650,11498
2017-04-14 00:00:00+00:00,0.75647,0.75839,0.75574,0.75781,12152
2017-04-16 00:00:00+00:00,0.75771,0.75850,0.75704,0.75794,806
2017-04-17 00:00:00+00:00,0.75788,0.76108,0.75779,0.75918,5170
2017-04-18 00:00:00+00:00,0.75914,0.75963,0.75342,0.75590,9223
2017-04-19 00:00:00+00:00,0.75589,0.75626,0.74916,0.74954,8615
2017-04-20 00:00:00+00:00,0.74959,0.75470,0.74948,0.75185,6856
2017-04-21 00:00:00+00:00,0.75178,0.75460,0.75160,0.75446,6876
2017-04-23 00:00:00+00:00,0.75887,0.75887,0.75392,0.75562,2695
2017-04-24 00:00:00+00:00,0.75570,0.75845,0.75474,0.75585,6933
2017-04-25 00:00:00+00:00,0.75592,0.75651,0.75204,0.75373,8181
2017-04-26 00:00:00+00:00,0.75372,0.75581,0.74549,0.74788,12004
2017-04-27 00:00:00+00:00,0.74792,0.74923,0.74402,0.74690,9633
2017-04-28 00:00:00+00:00,0.74684,0.74908,0.74478,0.74886,7530
2017-04-30 00:00:00+00:00,0.74718,0.74894,0.74712,0.74830,979
2017-05-01 00:00:00+00:00,0.74832,0.75402,0.74742,0.75319,5342
2017-05-02 00:00:00+00:00,0.75312,0.75562,0.75106,0.75430,6589
2017-05-03 00:00:00+00:00,0.75434,0.75462,0.74200,0.74282,9882
2017-05-04 00:00:00+00:00,0.74285,0.74306,0.73830,0.74100,9431
2017-05-05 00:00:00+00:00,0.74101,0.74267,0.73677,0.74192,10314
2017-05-07 00:00:00+00:00,0.74128,0.74198,0.74048,0.74154,815
2017-05-08 00:00:00+00:00,0.74154,0.74245,0.73778,0.73906,8446
2017-05-09 00:00:00+00:00,0.73902,0.73988,0.73294,0.73418,10973
2017-05-10 00:00:00+00:00,0.73414,0.73944,0.73336,0.73580,10992
2017-05-11 00:00:00+00:00,0.73576,0.73832,0.73386,0.73768,9212
2017-05-12 00:00:00+00:00,0.73764,0.74208,0.73686,0.73872,8802
2017-05-14 00:00:00+00:00,0.73924,0.73963,0.73852,0.73932,1642
2017-05-15 00:00:00+00:00,0.73926,0.74460,0.73874,0.74197,7722
2017-05-16 00:00:00+00:00,0.74192,0.74380,0.73950,0.74214,9151
2017-05-17 00:00:00+00:00,0.74218,0.74436,0.73890,0.74313,11338
2017-05-18 00:00:00+00:00,0.74307,0.74672,0.74088,0.74204,16039
2017-05-19 00:00:00+00:00,0.74206,0.74694,0.74067,0.74566,8147
2017-05-21 00:00:00+00:00,0.74532,0.74580,0.74353,0.74518,1007
2017-05-22 00:00:00+00:00,0.74513,0.74886,0.74352,0.74700,7914
2017-05-23 00:00:00+00:00,0.74701,0.75172,0.74680,0.74704,10412
2017-05-24 00:00:00+00:00,0.74704,0.75075,0.74427,0.74966,12122
2017-05-25 00:00:00+00:00,0.74960,0.75160,0.74509,0.74540,9997
2017-05-26 00:00:00+00:00,0.74534,0.74615,0.74222,0.74465,10160
2017-05-28 00:00:00+00:00,0.74398,0.74464,0.74376,0.74420,705
2017-05-29 00:00:00+00:00,0.74420,0.74506,0.74274,0.74391,6304
2017-05-30 00:00:00+00:00,0.74388,0.74701,0.74164,0.74582,8512
2017-05-31 00:00:00+00:00,0.74588,0.74757,0.74232,0.74257,9686
2017-06-01 00:00:00+00:00,0.74256,0.74546,0.73728,0.73808,11807
2017-06-02 00:00:00+00:00,0.73814,0.74464,0.73745,0.74424,9465
2017-06-04 00:00:00+00:00,0.74252,0.74405,0.74242,0.74277,1878
2017-06-05 00:00:00+00:00,0.74271,0.74984,0.74225,0.74865,6541
2017-06-06 00:00:00+00:00,0.74866,0.75222,0.74576,0.75108,11716
2017-06-07 00:00:00+00:00,0.75104,0.75668,0.74999,0.75394,10418
2017-06-08 00:00:00+00:00,0.75398,0.75542,0.75248,0.75268,10986
2017-06-09 00:00:00+00:00,0.75270,0.75438,0.75194,0.75300,6852
2017-06-11 00:00:00+00:00,0.75326,0.75342,0.75264,0.75282,543
2017-06-12 00:00:00+00:00,0.75285,0.75488,0.75220,0.75488,5720
2017-06-13 00:00:00+00:00,0.75484,0.75649,0.75244,0.75362,5906
2017-06-14 00:00:00+00:00,0.75363,0.76360,0.75328,0.75894,16568
2017-06-15 00:00:00+00:00,0.75900,0.76314,0.75682,0.75864,11340
2017-06-16 00:00:00+00:00,0.75858,0.76301,0.75766,0.76221,6872
2017-06-18 00:00:00+00:00,0.76198,0.76250,0.76180,0.76192,1030
2017-06-19 00:00:00+00:00,0.76198,0.76293,0.75853,0.75906,7258
2017-06-20 00:00:00+00:00,0.75911,0.76238,0.75706,0.75746,6610
2017-06-21 00:00:00+00:00,0.75750,0.75794,0.75432,0.75500,8786
2017-06-22 00:00:00+00:00,0.75506,0.75616,0.75352,0.75420,6028
2017-06-23 00:00:00+00:00,0.75417,0.75828,0.75410,0.75680,4745
2017-06-25 00:00:00+00:00,0.75643,0.75716,0.75628,0.75716,847
2017-06-26 00:00:00+00:00,0.75712,0.75991,0.75656,0.75838,5820
2017-06-27 00:00:00+00:00,0.75834,0.76246,0.75770,0.75856,6891
2017-06-28 00:00:00+00:00,0.75858,0.76448,0.75774,0.76365,9962
2017-06-29 00:00:00+00:00,0.76368,0.76886,0.76363,0.76858,8983
2017-06-30 00:00:00+00:00,0.76852,0.77123,0.76674,0.76888,8492
2017-07-02 00:00:00+00:00,0.76847,0.76947,0.76791,0.76870,1482
2017-07-03 00:00:00+00:00,0.76876,0.76952,0.76446,0.76656,7341
2017-07-04 00:00:00+00:00,0.76657,0.76833,0.75914,0.76118,11334
2017-07-05 00:00:00+00:00,0.76115,0.76322,0.75712,0.75995,7601
2017-07-06 00:00:00+00:00,0.75995,0.76147,0.75771,0.75796,7887
2017-07-07 00:00:00+00:00,0.75798,0.76234,0.75726,0.76046,8551
2017-07-09 00:00:00+00:00,0.76014,0.76058,0.75946,0.76050,538
2017-07-10 00:00:00+00:00,0.76046,0.76147,0.75867,0.76066,4656
2017-07-11 00:00:00+00:00,0.76070,0.76429,0.76030,0.76385,5310
2017-07-12 00:00:00+00:00,0.76388,0.76851,0.76368,0.76797,8420
2017-07-13 00:00:00+00:00,0.76795,0.77431,0.76748,0.77402,7543
2017-07-14 00:00:00+00:00,0.77408,0.78342,0.77338,0.78282,8544
2017-07-16 00:00:00+00:00,0.78273,0.78309,0.78209,0.78244,1035
2017-07-17 00:00:00+00:00,0.78240,0.78384,0.77872,0.77894,9927
2017-07-18 00:00:00+00:00,0.77895,0.79428,0.77862,0.79182,17006
2017-07-19 00:00:00+00:00,0.79188,0.79612,0.79124,0.79596,9596
2017-07-20 00:00:00+00:00,0.79588,0.79902,0.78976,0.79464,16414
2017-07-21 00:00:00+00:00,0.79468,0.79516,0.78747,0.79146,13712
2017-07-23 00:00:00+00:00,0.79056,0.79340,0.79049,0.79250,1493
2017-07-24 00:00:00+00:00,0.79243,0.79674,0.79034,0.79256,8953
2017-07-25 00:00:00+00:00,0.79256,0.79705,0.79028,0.79310,9691
2017-07-26 00:00:00+00:00,0.79304,0.80140,0.78780,0.80000,23430
2017-07-27 00:00:00+00:00,0.79996,0.80658,0.79562,0.79748,14922
2017-07-28 00:00:00+00:00,0.79748,0.80075,0.79371,0.79862,14368
2017-07-30 00:00:00+00:00,0.79822,0.79906,0.79808,0.79814,1905
2017-07-31 00:00:00+00:00,0.79819,0.80045,0.79560,0.79992,11043
2017-08-01 00:00:00+00:00,0.80026,0.80432,0.79539,0.79569,16481
2017-08-02 00:00:00+00:00,0.79576,0.79932,0.79416,0.79556,11285
2017-08-03 00:00:00+00:00,0.79560,0.79615,0.79145,0.79575,13150
2017-08-04 00:00:00+00:00,0.79572,0.79796,0.78915,0.79298,14307
2017-08-06 00:00:00+00:00,0.79181,0.79388,0.79171,0.79277,2025
2017-08-07 00:00:00+00:00,0.79284,0.79487,0.78990,0.79160,7213
2017-08-08 00:00:00+00:00,0.79156,0.79430,0.78873,0.78950,9896
2017-08-09 00:00:00+00:00,0.78948,0.79007,0.78556,0.78924,13864
2017-08-10 00:00:00+00:00,0.78930,0.79106,0.78604,0.78684,10381
2017-08-11 00:00:00+00:00,0.78679,0.79096,0.78393,0.78936,11817
2017-08-13 00:00:00+00:00,0.78934,0.79046,0.78880,0.79040,1226
2017-08-14 00:00:00+00:00,0.79034,0.79194,0.78449,0.78555,7845
2017-08-15 00:00:00+00:00,0.78558,0.78767,0.78076,0.78256,8777
2017-08-16 00:00:00+00:00,0.78252,0.79344,0.78239,0.79325,10912
2017-08-17 00:00:00+00:00,0.79324,0.79626,0.78700,0.78751,11937
2017-08-18 00:00:00+00:00,0.78754,0.79444,0.78735,0.79280,10817
2017-08-20 00:00:00+00:00,0.79279,0.79320,0.79233,0.79265,498
2017-08-21 00:00:00+00:00,0.79270,0.79504,0.79112,0.79366,5556
2017-08-22 00:00:00+00:00,0.79372,0.79509,0.78979,0.79112,7801
2017-08-23 00:00:00+00:00,0.79118,0.79126,0.78821,0.79112,8878
2017-08-24 00:00:00+00:00,0.79118,0.79163,0.78666,0.78976,9378
2017-08-25 00:00:00+00:00,0.78970,0.79544,0.78854,0.79336,12131
2017-08-27 00:00:00+00:00,0.79254,0.79495,0.79254,0.79415,1199
2017-08-28 00:00:00+00:00,0.79420,0.79733,0.79058,0.79256,11173
2017-08-29 00:00:00+00:00,0.79262,0.79831,0.79218,0.79584,16176
2017-08-30 00:00:00+00:00,0.79590,0.79956,0.78904,0.79062,15941
2017-08-31 00:00:00+00:00,0.79067,0.79518,0.78713,0.79403,18480
2017-09-01 00:00:00+00:00,0.79410,0.79956,0.79220,0.79694,20234
2017-09-03 00:00:00+00:00,0.79460,0.79726,0.79450,0.79646,2586
2017-09-04 00:00:00+00:00,0.79652,0.79708,0.79419,0.79434,10906
2017-09-05 00:00:00+00:00,0.79440,0.80284,0.79424,0.80075,19907
2017-09-06 00:00:00+00:00,0.80075,0.80212,0.79634,0.80080,17904
2017-09-07 00:00:00+00:00,0.80080,0.80594,0.79746,0.80564,17686
2017-09-08 00:00:00+00:00,0.80558,0.81252,0.80500,0.80534,17950
2017-09-10 00:00:00+00:00,0.80568,0.80588,0.80456,0.80487,1802
2017-09-11 00:00:00+00:00,0.80483,0.80584,0.80187,0.80231,11475
2017-09-12 00:00:00+00:00,0.80237,0.80490,0.79984,0.80162,12923
2017-09-13 00:00:00+00:00,0.80160,0.80444,0.79706,0.79796,14335
2017-09-14 00:00:00+00:00,0.79800,0.80162,0.79562,0.80024,23586
2017-09-15 00:00:00+00:00,0.80024,0.80362,0.79866,0.80044,14050
2017-09-17 00:00:00+00:00,0.79996,0.80046,0.79942,0.79958,1381
2017-09-18 00:00:00+00:00,0.79952,0.80350,0.79399,0.79702,11617
2017-09-19 00:00:00+00:00,0.79706,0.80203,0.79622,0.80048,13290
2017-09-20 00:00:00+00:00,0.80054,0.81042,0.79860,0.80160,29540
2017-09-21 00:00:00+00:00,0.80159,0.80195,0.79168,0.79298,15952
2017-09-22 00:00:00+00:00,0.79292,0.79862,0.79084,0.79623,11348
2017-09-24 00:00:00+00:00,0.79516,0.79660,0.79498,0.79618,1121
2017-09-25 00:00:00+00:00,0.79624,0.79736,0.79264,0.79380,12818
2017-09-26 00:00:00+00:00,0.79381,0.79489,0.78593,0.78766,15261
2017-09-27 00:00:00+00:00,0.78766,0.78888,0.78364,0.78500,15484
2017-09-28 00:00:00+00:00,0.78506,0.78600,0.77997,0.78480,13944
2017-09-29 00:00:00+00:00,0.78476,0.78552,0.78169,0.78346,12850
2017-10-01 00:00:00+00:00,0.78359,0.78481,0.78237,0.78418,880
2017-10-02 00:00:00+00:00,0.78414,0.78454,0.77956,0.78266,10872
2017-10-03 00:00:00+00:00,0.78272,0.78388,0.77853,0.78360,11257
2017-10-04 00:00:00+00:00,0.78356,0.78753,0.78342,0.78612,10083
2017-10-05 00:00:00+00:00,0.78618,0.78634,0.77868,0.77911,9456
2017-10-06 00:00:00+00:00,0.77910,0.77986,0.77329,0.77735,14741
2017-10-08 00:00:00+00:00,0.77716,0.77792,0.77697,0.77782,1148
2017-10-09 00:00:00+00:00,0.77778,0.77826,0.77474,0.77580,5444
2017-10-10 00:00:00+00:00,0.77580,0.77970,0.77576,0.77869,8797
2017-10-11 00:00:00+00:00,0.77876,0.78093,0.77708,0.78028,9656
2017-10-12 00:00:00+00:00,0.78025,0.78357,0.77984,0.78280,8748
2017-10-13 00:00:00+00:00,0.78280,0.78974,0.78220,0.78899,11251
2017-10-15 00:00:00+00:00,0.78880,0.78896,0.78768,0.78854,1031
2017-10-16 00:00:00+00:00,0.78860,0.78885,0.78402,0.78441,8929
2017-10-17 00:00:00+00:00,0.78448,0.78610,0.78184,0.78496,8207
2017-10-18 00:00:00+00:00,0.78491,0.78584,0.78191,0.78428,8015
2017-10-19 00:00:00+00:00,0.78432,0.78838,0.78420,0.78747,15883
2017-10-20 00:00:00+00:00,0.78748,0.78784,0.78081,0.78160,12189
2017-10-22 00:00:00+00:00,0.78204,0.78212,0.78051,0.78060,1583
2017-10-23 00:00:00+00:00,0.78064,0.78346,0.77964,0.78115,8531
2017-10-24 00:00:00+00:00,0.78109,0.78250,0.77705,0.77764,11996
2017-10-25 00:00:00+00:00,0.77757,0.77838,0.76904,0.77072,15739
2017-10-26 00:00:00+00:00,0.77078,0.77189,0.76534,0.76612,15043
2017-10-27 00:00:00+00:00,0.76612,0.76788,0.76254,0.76774,16073
2017-10-29 00:00:00+00:00,0.76753,0.76788,0.76650,0.76660,918
2017-10-30 00:00:00+00:00,0.76663,0.76988,0.76558,0.76964,8553
2017-10-31 00:00:00+00:00,0.76962,0.76969,0.76400,0.76590,9980
2017-11-01 00:00:00+00:00,0.76596,0.76958,0.76481,0.76759,14484
2017-11-02 00:00:00+00:00,0.76763,0.77301,0.76762,0.77136,12243
2017-11-03 00:00:00+00:00,0.77136,0.77158,0.76391,0.76502,11788
2017-11-05 00:00:00+00:00,0.76492,0.76543,0.76448,0.76500,632
2017-11-06 00:00:00+00:00,0.76506,0.76934,0.76384,0.76866,7037
2017-11-07 00:00:00+00:00,0.76869,0.77010,0.76276,0.76544,9304
2017-11-08 00:00:00+00:00,0.76549,0.76848,0.76448,0.76790,8226
2017-11-09 00:00:00+00:00,0.76788,0.76939,0.76494,0.76822,8816
2017-11-10 00:00:00+00:00,0.76818,0.76950,0.76542,0.76624,7902
2017-11-12 00:00:00+00:00,0.76521,0.76561,0.76448,0.76464,899
2017-11-13 00:00:00+00:00,0.76465,0.76659,0.76095,0.76152,6448
2017-11-14 00:00:00+00:00,0.76146,0.76500,0.76125,0.76299,8579
2017-11-15 00:00:00+00:00,0.76302,0.76314,0.75732,0.75914,13048
2017-11-16 00:00:00+00:00,0.75918,0.76098,0.75684,0.75871,8302
2017-11-17 00:00:00+00:00,0.75877,0.76080,0.75361,0.75650,8336
2017-11-19 00:00:00+00:00,0.75650,0.75650,0.75510,0.75530,1073
2017-11-20 00:00:00+00:00,0.75524,0.75737,0.75439,0.75540,6919
2017-11-21 00:00:00+00:00,0.75545,0.75905,0.75322,0.75852,9029
2017-11-22 00:00:00+00:00,0.75858,0.76235,0.75552,0.76130,9742
2017-11-23 00:00:00+00:00,0.76130,0.76384,0.76038,0.76249,12249
2017-11-24 00:00:00+00:00,0.76243,0.76276,0.76070,0.76201,9395
2017-11-26 00:00:00+00:00,0.76164,0.76199,0.76098,0.76111,904
2017-11-27 00:00:00+00:00,0.76115,0.76447,0.75935,0.76074,7043
2017-11-28 00:00:00+00:00,0.76078,0.76198,0.75880,0.76062,8781
2017-11-29 00:00:00+00:00,0.76065,0.76080,0.75524,0.75665,9273
2017-11-30 00:00:00+00:00,0.75666,0.75948,0.75513,0.75632,10081
2017-12-01 00:00:00+00:00,0.75628,0.76392,0.75564,0.76127,17614
2017-12-03 00:00:00+00:00,0.75956,0.76016,0.75873,0.75878,1126
2017-12-04 00:00:00+00:00,0.75884,0.76144,0.75798,0.76038,8179
2017-12-05 00:00:00+00:00,0.76038,0.76537,0.75986,0.76041,9858
2017-12-06 00:00:00+00:00,0.76044,0.76343,0.75584,0.75676,9647
2017-12-07 00:00:00+00:00,0.75675,0.75677,0.75053,0.75109,7900
2017-12-08 00:00:00+00:00,0.75109,0.75334,0.75014,0.75097,8412
2017-12-10 00:00:00+00:00,0.75104,0.75127,0.75031,0.75067,847
2017-12-11 00:00:00+00:00,0.75068,0.75454,0.75068,0.75290,6463
2017-12-12 00:00:00+00:00,0.75284,0.75804,0.75192,0.75564,7221
2017-12-13 00:00:00+00:00,0.75567,0.76394,0.75538,0.76294,12870
2017-12-14 00:00:00+00:00,0.76294,0.76798,0.76272,0.76654,12341
2017-12-15 00:00:00+00:00,0.76659,0.76945,0.76380,0.76448,8314
2017-12-17 00:00:00+00:00,0.76440,0.76499,0.76440,0.76464,661
2017-12-18 00:00:00+00:00,0.76461,0.76779,0.76406,0.76641,7069
2017-12-19 00:00:00+00:00,0.76643,0.76841,0.76460,0.76518,7457
2017-12-20 00:00:00+00:00,0.76524,0.76796,0.76512,0.76713,7491
2017-12-21 00:00:00+00:00,0.76718,0.77081,0.76534,0.77056,6556
2017-12-22 00:00:00+00:00,0.77062,0.77210,0.77024,0.77122,6170
2017-12-25 00:00:00+00:00,0.77180,0.77246,0.77165,0.77233,359
2017-12-26 00:00:00+00:00,0.77232,0.77305,0.77127,0.77300,2984
2017-12-27 00:00:00+00:00,0.77307,0.77791,0.77298,0.77738,5645
2017-12-28 00:00:00+00:00,0.77744,0.78095,0.77739,0.77937,5427
2017-12-29 00:00:00+00:00,0.77937,0.78251,0.77886,0.78069,5879
2018-01-01 00:00:00+00:00,0.78067,0.78184,0.77937,0.77994,2848
2018-01-02 00:00:00+00:00,0.78000,0.78446,0.78000,0.78308,7762
2018-01-03 00:00:00+00:00,0.78314,0.78448,0.78054,0.78268,8048
2018-01-04 00:00:00+00:00,0.78271,0.78690,0.78147,0.78635,8313
2018-01-05 00:00:00+00:00,0.78641,0.78748,0.78350,0.78628,8698
2018-01-07 00:00:00+00:00,0.78645,0.78710,0.78592,0.78592,1029
2018-01-08 00:00:00+00:00,0.78600,0.78726,0.78268,0.78451,5641
2018-01-09 00:00:00+00:00,0.78448,0.78648,0.78076,0.78106,8446
2018-01-10 00:00:00+00:00,0.78110,0.78678,0.78083,0.78467,12928
2018-01-11 00:00:00+00:00,0.78472,0.78966,0.78380,0.78858,11855
2018-01-12 00:00:00+00:00,0.78860,0.79251,0.78483,0.79162,13026
2018-01-14 00:00:00+00:00,0.79022,0.79179,0.79022,0.79082,955
2018-01-15 00:00:00+00:00,0.79078,0.79788,0.79076,0.79602,13750
2018-01-16 00:00:00+00:00,0.79602,0.79751,0.79369,0.79705,10767
2018-01-17 00:00:00+00:00,0.79708,0.80231,0.79404,0.79709,17226
2018-01-18 00:00:00+00:00,0.79712,0.80117,0.79415,0.80060,14487
2018-01-19 00:00:00+00:00,0.80056,0.80386,0.79836,0.79941,11705
2018-01-21 00:00:00+00:00,0.79994,0.80032,0.79928,0.80016,918
2018-01-22 00:00:00+00:00,0.80010,0.80270,0.79790,0.80078,7902
2018-01-23 00:00:00+00:00,0.80077,0.80298,0.79566,0.80042,11565
2018-01-24 00:00:00+00:00,0.80044,0.80830,0.79935,0.80500,16275
2018-01-25 00:00:00+00:00,0.80500,0.81190,0.80046,0.80290,33328
2018-01-26 00:00:00+00:00,0.80293,0.81357,0.80255,0.81108,22037
2018-01-28 00:00:00+00:00,0.81018,0.81182,0.81016,0.81166,1286
2018-01-29 00:00:00+00:00,0.81161,0.81182,0.80744,0.80954,15711
2018-01-30 00:00:00+00:00,0.80956,0.81136,0.80428,0.80997,15468
2018-01-31 00:00:00+00:00,0.80990,0.81167,0.80353,0.80588,24475
2018-02-01 00:00:00+00:00,0.80597,0.80672,0.79876,0.80394,18396
2018-02-02 00:00:00+00:00,0.80397,0.80402,0.79182,0.79219,24890
2018-02-04 00:00:00+00:00,0.79148,0.79186,0.78908,0.79044,2632
2018-02-05 00:00:00+00:00,0.79036,0.79538,0.78724,0.78775,29273
2018-02-06 00:00:00+00:00,0.78774,0.79099,0.78356,0.78937,33635
2018-02-07 00:00:00+00:00,0.78931,0.79078,0.78114,0.78163,17245
2018-02-08 00:00:00+00:00,0.78164,0.78433,0.77674,0.77886,25602
2018-02-09 00:00:00+00:00,0.77890,0.78308,0.77592,0.78116,25946
2018-02-11 00:00:00+00:00,0.78156,0.78214,0.78112,0.78206,1294
2018-02-12 00:00:00+00:00,0.78207,0.78643,0.78096,0.78580,13201
2018-02-13 00:00:00+00:00,0.78575,0.78768,0.78280,0.78614,12748
2018-02-14 00:00:00+00:00,0.78611,0.79346,0.77734,0.79294,30505
2018-02-15 00:00:00+00:00,0.79291,0.79668,0.78918,0.79430,22976
2018-02-16 00:00:00+00:00,0.79426,0.79884,0.78924,0.79093,18603
2018-02-18 00:00:00+00:00,0.79078,0.79156,0.79064,0.79120,585
2018-02-19 00:00:00+00:00,0.79120,0.79356,0.78983,0.79094,14368
2018-02-20 00:00:00+00:00,0.79092,0.79336,0.78740,0.78808,18135
2018-02-21 00:00:00+00:00,0.78807,0.79038,0.77966,0.77971,25199
2018-02-22 00:00:00+00:00,0.77975,0.78598,0.77908,0.78381,16367
2018-02-23 00:00:00+00:00,0.78374,0.78436,0.78044,0.78408,11646
2018-02-25 00:00:00+00:00,0.78415,0.78464,0.78366,0.78384,1517
2018-02-26 00:00:00+00:00,0.78385,0.78935,0.78258,0.78500,12630
2018-02-27 00:00:00+00:00,0.78496,0.78688,0.77836,0.77932,19708
2018-02-28 00:00:00+00:00,0.77932,0.78190,0.77566,0.77632,15877
2018-03-01 00:00:00+00:00,0.77626,0.77696,0.77126,0.77642,25211
2018-03-02 00:00:00+00:00,0.77644,0.77737,0.77375,0.77627,17180
2018-03-04 00:00:00+00:00,0.77654,0.77687,0.77447,0.77562,1581
2018-03-05 00:00:00+00:00,0.77558,0.77743,0.77258,0.77650,13989
2018-03-06 00:00:00+00:00,0.77644,0.78426,0.77565,0.77862,20241
2018-03-07 00:00:00+00:00,0.77862,0.78300,0.77719,0.78266,17748
2018-03-08 00:00:00+00:00,0.78262,0.78389,0.77728,0.77908,15884
2018-03-09 00:00:00+00:00,0.77908,0.78538,0.77764,0.78469,13374
2018-03-11 00:00:00+00:00,0.78499,0.78656,0.78462,0.78610,1471
2018-03-12 00:00:00+00:00,0.78610,0.78800,0.78540,0.78718,7755
2018-03-13 00:00:00+00:00,0.78714,0.78978,0.78461,0.78601,15010
2018-03-14 00:00:00+00:00,0.78594,0.79164,0.78568,0.78802,13051
2018-03-15 00:00:00+00:00,0.78802,0.78852,0.77884,0.77896,11433
2018-03-16 00:00:00+00:00,0.77890,0.78040,0.77096,0.77138,9527
2018-03-18 00:00:00+00:00,0.77186,0.77206,0.77116,0.77174,1049
2018-03-19 00:00:00+00:00,0.77168,0.77258,0.76868,0.77076,13026
2018-03-20 00:00:00+00:00,0.77076,0.77210,0.76790,0.76894,10305
2018-03-21 00:00:00+00:00,0.76890,0.77798,0.76725,0.77748,24468
2018-03-22 00:00:00+00:00,0.77742,0.77859,0.76871,0.76953,20088
2018-03-23 00:00:00+00:00,0.76960,0.77438,0.76948,0.76973,17182
2018-03-25 00:00:00+00:00,0.77033,0.77146,0.76946,0.77096,1027
2018-03-26 00:00:00+00:00,0.77090,0.77576,0.77084,0.77550,10086
2018-03-27 00:00:00+00:00,0.77550,0.77575,0.76754,0.76866,12456
2018-03-28 00:00:00+00:00,0.76860,0.77023,0.76538,0.76614,13910
2018-03-29 00:00:00+00:00,0.76608,0.76894,0.76428,0.76854,17178
2018-03-30 00:00:00+00:00,0.76859,0.77070,0.76724,0.76822,43626
2018-04-01 00:00:00+00:00,0.76917,0.76963,0.76811,0.76830,603
2018-04-02 00:00:00+00:00,0.76830,0.76952,0.76500,0.76530,10147
2018-04-03 00:00:00+00:00,0.76530,0.77070,0.76526,0.76816,12588
2018-04-04 00:00:00+00:00,0.76820,0.77268,0.76626,0.77204,13707
2018-04-05 00:00:00+00:00,0.77198,0.77244,0.76576,0.76688,11529
2018-04-06 00:00:00+00:00,0.76691,0.76994,0.76666,0.76745,13862
2018-04-08 00:00:00+00:00,0.76810,0.76825,0.76693,0.76786,996
2018-04-09 00:00:00+00:00,0.76787,0.77112,0.76522,0.76990,10489
2018-04-10 00:00:00+00:00,0.76994,0.77691,0.76940,0.77636,13613
2018-04-11 00:00:00+00:00,0.77630,0.77730,0.77398,0.77624,9889
2018-04-12 00:00:00+00:00,0.77624,0.77716,0.77380,0.77579,10135
2018-04-13 00:00:00+00:00,0.77585,0.78099,0.77582,0.77638,8619
2018-04-15 00:00:00+00:00,0.77692,0.77786,0.77621,0.77728,930
2018-04-16 00:00:00+00:00,0.77728,0.77850,0.77525,0.77752,6816
2018-04-17 00:00:00+00:00,0.77758,0.77915,0.77602,0.77672,7763
2018-04-18 00:00:00+00:00,0.77678,0.77976,0.77446,0.77881,8345
2018-04-19 00:00:00+00:00,0.77888,0.78128,0.77193,0.77205,11728
2018-04-20 00:00:00+00:00,0.77202,0.77265,0.76554,0.76704,9536
2018-04-22 00:00:00+00:00,0.76736,0.76767,0.76588,0.76591,1548
2018-04-23 00:00:00+00:00,0.76597,0.76831,0.75996,0.76024,9147
2018-04-24 00:00:00+00:00,0.76027,0.76208,0.75790,0.76060,13057
2018-04-25 00:00:00+00:00,0.76054,0.76054,0.75522,0.75686,11299
2018-04-26 00:00:00+00:00,0.75687,0.75889,0.75468,0.75538,14778
2018-04-27 00:00:00+00:00,0.75538,0.75840,0.75319,0.75818,11128
2018-04-29 00:00:00+00:00,0.75776,0.75804,0.75714,0.75732,859
2018-04-30 00:00:00+00:00,0.75728,0.75821,0.75254,0.75320,10618
2018-05-01 00:00:00+00:00,0.75318,0.75464,0.74726,0.74822,11523
2018-05-02 00:00:00+00:00,0.74825,0.75374,0.74755,0.74868,19442
2018-05-03 00:00:00+00:00,0.74872,0.75430,0.74856,0.75286,16330
2018-05-04 00:00:00+00:00,0.75290,0.75608,0.74920,0.75389,12984
2018-05-06 00:00:00+00:00,0.75427,0.75430,0.75235,0.75235,725
2018-05-07 00:00:00+00:00,0.75238,0.75434,0.74934,0.75192,9558
2018-05-08 00:00:00+00:00,0.75186,0.75279,0.74336,0.74472,14940
2018-05-09 00:00:00+00:00,0.74475,0.74728,0.74126,0.74574,13045
2018-05-10 00:00:00+00:00,0.74580,0.75396,0.74550,0.75252,17584
2018-05-11 00:00:00+00:00,0.75259,0.75671,0.75227,0.75426,11674
2018-05-13 00:00:00+00:00,0.75438,0.75534,0.75417,0.75501,1280
2018-05-14 00:00:00+00:00,0.75505,0.75653,0.75206,0.75260,9601
2018-05-15 00:00:00+00:00,0.75264,0.75376,0.74482,0.74678,15824
2018-05-16 00:00:00+00:00,0.74684,0.75234,0.74473,0.75172,15064
2018-05-17 00:00:00+00:00,0.75172,0.75479,0.74978,0.75050,13534
2018-05-18 00:00:00+00:00,0.75044,0.75285,0.74884,0.75109,10047
2018-05-20 00:00:00+00:00,0.75232,0.75328,0.75165,0.75226,1783
2018-05-21 00:00:00+00:00,0.75222,0.75876,0.75031,0.75815,9830
2018-05-22 00:00:00+00:00,0.75819,0.76057,0.75661,0.75785,10735
2018-05-23 00:00:00+00:00,0.75782,0.75830,0.75228,0.75657,17907
2018-05-24 00:00:00+00:00,0.75650,0.75830,0.75423,0.75706,15189
2018-05-25 00:00:00+00:00,0.75710,0.75902,0.75428,0.75485,12253
2018-05-27 00:00:00+00:00,0.75608,0.75628,0.75550,0.75568,1626
2018-05-28 00:00:00+00:00,0.75564,0.75814,0.75400,0.75452,11388
2018-05-29 00:00:00+00:00,0.75452,0.75527,0.74762,0.74830,15501
2018-05-30 00:00:00+00:00,0.74838,0.75838,0.74828,0.75700,16612
2018-05-31 00:00:00+00:00,0.75706,0.75930,0.75525,0.75617,16818
2018-06-01 00:00:00+00:00,0.75624,0.75728,0.75142,0.75688,14057
2018-06-03 00:00:00+00:00,0.75688,0.75733,0.75607,0.75678,787
2018-06-04 00:00:00+00:00,0.75685,0.76662,0.75684,0.76516,11313
2018-06-05 00:00:00+00:00,0.76521,0.76562,0.75950,0.76238,12724
2018-06-06 00:00:00+00:00,0.76242,0.76770,0.76230,0.76636,11475
2018-06-07 00:00:00+00:00,0.76636,0.76732,0.76126,0.76150,10764
2018-06-08 00:00:00+00:00,0.76156,0.76271,0.75608,0.75979,11424
2018-06-10 00:00:00+00:00,0.75923,0.76036,0.75901,0.76029,879
2018-06-11 00:00:00+00:00,0.76028,0.76216,0.75953,0.76034,7327
2018-06-12 00:00:00+00:00,0.76036,0.76238,0.75658,0.75742,9698
2018-06-13 00:00:00+00:00,0.75748,0.76088,0.75291,0.75692,14897
2018-06-14 00:00:00+00:00,0.75696,0.75776,0.74652,0.74653,13860
2018-06-15 00:00:00+00:00,0.74646,0.74808,0.74394,0.74430,9874
2018-06-17 00:00:00+00:00,0.74433,0.74442,0.74369,0.74409,608
2018-06-18 00:00:00+00:00,0.74409,0.74544,0.73934,0.74037,7287
2018-06-19 00:00:00+00:00,0.74036,0.74271,0.73474,0.73896,14064
2018-06-20 00:00:00+00:00,0.73902,0.74091,0.73658,0.73714,10780
2018-06-21 00:00:00+00:00,0.73715,0.73938,0.73459,0.73762,15341
2018-06-22 00:00:00+00:00,0.73762,0.74440,0.73759,0.74401,10785
2018-06-24 00:00:00+00:00,0.74406,0.74428,0.74360,0.74390,467
2018-06-25 00:00:00+00:00,0.74392,0.74400,0.73966,0.74090,10802
2018-06-26 00:00:00+00:00,0.74094,0.74232,0.73799,0.73918,11191
2018-06-27 00:00:00+00:00,0.73924,0.74069,0.73236,0.73410,16698
2018-06-28 00:00:00+00:00,0.73406,0.73620,0.73301,0.73476,14408
2018-06-29 00:00:00+00:00,0.73482,0.74092,0.73358,0.74070,15310
2018-07-01 00:00:00+00:00,0.74128,0.74128,0.73961,0.73977,1549
2018-07-02 00:00:00+00:00,0.73978,0.73988,0.73107,0.73382,10564
2018-07-03 00:00:00+00:00,0.73376,0.74045,0.73147,0.73788,12820
2018-07-04 00:00:00+00:00,0.73786,0.74248,0.73746,0.73795,15263
2018-07-05 00:00:00+00:00,0.73790,0.74082,0.73615,0.73864,10810
2018-07-06 00:00:00+00:00,0.73870,0.74440,0.73762,0.74293,10845
2018-07-08 00:00:00+00:00,0.74333,0.74385,0.74282,0.74367,829
2018-07-09 00:00:00+00:00,0.74360,0.74838,0.74350,0.74699,10856
2018-07-10 00:00:00+00:00,0.74704,0.74838,0.74126,0.74154,12263
2018-07-11 00:00:00+00:00,0.74155,0.74287,0.73603,0.73650,14975
2018-07-12 00:00:00+00:00,0.73650,0.74196,0.73616,0.74070,11174
2018-07-13 00:00:00+00:00,0.74077,0.74248,0.73684,0.74231,9298
2018-07-15 00:00:00+00:00,0.74226,0.74243,0.74128,0.74186,761
2018-07-16 00:00:00+00:00,0.74182,0.74424,0.74091,0.74136,9406
2018-07-17 00:00:00+00:00,0.74130,0.74384,0.73758,0.73778,11164
2018-07-18 00:00:00+00:00,0.73784,0.74074,0.73434,0.73982,9893
2018-07-19 00:00:00+00:00,0.73986,0.74414,0.73229,0.73625,19192
2018-07-20 00:00:00+00:00,0.73628,0.74309,0.73182,0.74167,18980
2018-07-22 00:00:00+00:00,0.74183,0.74376,0.74178,0.74314,1085
2018-07-23 00:00:00+00:00,0.74318,0.74360,0.73718,0.73799,11333
2018-07-24 00:00:00+00:00,0.73794,0.74340,0.73596,0.74255,12077
2018-07-25 00:00:00+00:00,0.74262,0.74644,0.73920,0.74593,16702
2018-07-26 00:00:00+00:00,0.74596,0.74634,0.73721,0.73808,12832
2018-07-27 00:00:00+00:00,0.73814,0.74149,0.73702,0.74014,9761
2018-07-29 00:00:00+00:00,0.74039,0.74054,0.73979,0.73986,359
2018-07-30 00:00:00+00:00,0.73990,0.74134,0.73856,0.74081,6757
2018-07-31 00:00:00+00:00,0.74087,0.74411,0.74042,0.74189,13968
2018-08-01 00:00:00+00:00,0.74194,0.74242,0.73900,0.74056,10627
2018-08-02 00:00:00+00:00,0.74054,0.74120,0.73552,0.73599,9799
2018-08-03 00:00:00+00:00,0.73596,0.74115,0.73484,0.74004,12386
2018-08-05 00:00:00+00:00,0.73985,0.74009,0.73926,0.73942,317
2018-08-06 00:00:00+00:00,0.73940,0.74056,0.73742,0.73859,7766
2018-08-07 00:00:00+00:00,0.73865,0.74398,0.73846,0.74254,7533
2018-08-08 00:00:00+00:00,0.74260,0.74394,0.73832,0.74262,9123
2018-08-09 00:00:00+00:00,0.74263,0.74530,0.73656,0.73726,10626
2018-08-10 00:00:00+00:00,0.73732,0.73754,0.72809,0.72998,21541
2018-08-12 00:00:00+00:00,0.72767,0.72998,0.72726,0.72880,1723
2018-08-13 00:00:00+00:00,0.72874,0.72926,0.72568,0.72658,17400
2018-08-14 00:00:00+00:00,0.72661,0.72836,0.72241,0.72358,12344
2018-08-15 00:00:00+00:00,0.72352,0.72476,0.72022,0.72330,14558
2018-08-16 00:00:00+00:00,0.72336,0.72868,0.72154,0.72588,16817
2018-08-17 00:00:00+00:00,0.72592,0.73196,0.72528,0.73145,12271
2018-08-19 00:00:00+00:00,0.73166,0.73166,0.73070,0.73084,587
2018-08-20 00:00:00+00:00,0.73084,0.73469,0.72959,0.73362,9777
2018-08-21 00:00:00+00:00,0.73364,0.73819,0.73334,0.73613,12720
2018-08-22 00:00:00+00:00,0.73620,0.73706,0.73320,0.73340,13115
2018-08-23 00:00:00+00:00,0.73336,0.73346,0.72402,0.72438,11692
2018-08-24 00:00:00+00:00,0.72430,0.73446,0.72380,0.73275,14064
2018-08-26 00:00:00+00:00,0.73280,0.73458,0.73255,0.73427,1192
2018-08-27 00:00:00+00:00,0.73420,0.73565,0.73074,0.73492,10255
2018-08-28 00:00:00+00:00,0.73496,0.73626,0.73215,0.73446,11071
2018-08-29 00:00:00+00:00,0.73441,0.73488,0.72748,0.73108,13527
2018-08-30 00:00:00+00:00,0.73102,0.73106,0.72497,0.72618,14114
2018-08-31 00:00:00+00:00,0.72618,0.72647,0.71762,0.71907,15267
2018-09-02 00:00:00+00:00,0.71940,0.71940,0.71826,0.71891,718
2018-09-03 00:00:00+00:00,0.71884,0.72233,0.71662,0.72076,11886
2018-09-04 00:00:00+00:00,0.72072,0.72358,0.71576,0.71847,13555
2018-09-05 00:00:00+00:00,0.71852,0.72190,0.71440,0.71954,14664
2018-09-06 00:00:00+00:00,0.71958,0.72110,0.71660,0.71901,14532
2018-09-07 00:00:00+00:00,0.71902,0.71936,0.70990,0.71056,18061
2018-09-09 00:00:00+00:00,0.71018,0.71148,0.71006,0.71143,584
2018-09-10 00:00:00+00:00,0.71138,0.71318,0.70988,0.71090,10115
2018-09-11 00:00:00+00:00,0.71084,0.71288,0.70854,0.71102,10388
2018-09-12 00:00:00+00:00,0.71104,0.71826,0.70935,0.71706,12993
2018-09-13 00:00:00+00:00,0.71711,0.72294,0.71679,0.71867,14222
2018-09-14 00:00:00+00:00,0.71870,0.72163,0.71506,0.71536,10450
2018-09-16 00:00:00+00:00,0.71549,0.71570,0.71423,0.71429,585
2018-09-17 00:00:00+00:00,0.71425,0.71966,0.71422,0.71446,8701
2018-09-18 00:00:00+00:00,0.71440,0.72345,0.71440,0.72242,16994
2018-09-19 00:00:00+00:00,0.72242,0.72754,0.72134,0.72586,14250
2018-09-20 00:00:00+00:00,0.72587,0.72930,0.72538,0.72859,10203
2018-09-21 00:00:00+00:00,0.72860,0.73040,0.72628,0.72894,9804
2018-09-23 00:00:00+00:00,0.72640,0.72786,0.72626,0.72763,750
2018-09-24 00:00:00+00:00,0.72758,0.72815,0.72502,0.72524,8667
2018-09-25 00:00:00+00:00,0.72524,0.72629,0.72360,0.72480,7966
2018-09-26 00:00:00+00:00,0.72481,0.73160,0.72406,0.72564,17151
2018-09-27 00:00:00+00:00,0.72560,0.72685,0.72020,0.72054,11226
2018-09-28 00:00:00+00:00,0.72053,0.72414,0.72032,0.72195,8538
2018-09-30 00:00:00+00:00,0.72272,0.72324,0.72218,0.72238,656
2018-10-01 00:00:00+00:00,0.72234,0.72306,0.72071,0.72276,9606
2018-10-02 00:00:00+00:00,0.72282,0.72384,0.71625,0.71870,9884
2018-10-03 00:00:00+00:00,0.71874,0.71967,0.70934,0.70955,13353
2018-10-04 00:00:00+00:00,0.70961,0.71039,0.70656,0.70807,12456
2018-10-05 00:00:00+00:00,0.70806,0.70871,0.70424,0.70526,12800
2018-10-07 00:00:00+00:00,0.70562,0.70606,0.70480,0.70548,1447
2018-10-08 00:00:00+00:00,0.70541,0.70818,0.70411,0.70718,9186
2018-10-09 00:00:00+00:00,0.70720,0.71172,0.70541,0.71153,10164
2018-10-10 00:00:00+00:00,0.71149,0.71306,0.70428,0.70638,14028
2018-10-11 00:00:00+00:00,0.70638,0.71290,0.70600,0.71247,22762
2018-10-12 00:00:00+00:00,0.71244,0.71398,0.71020,0.71154,12084
2018-10-14 00:00:00+00:00,0.71130,0.71156,0.71042,0.71072,628
2018-10-15 00:00:00+00:00,0.71071,0.71488,0.70991,0.71354,11362
2018-10-16 00:00:00+00:00,0.71358,0.71512,0.71116,0.71383,9169
2018-10-17 00:00:00+00:00,0.71384,0.71596,0.71048,0.71109,9805
2018-10-18 00:00:00+00:00,0.71105,0.71510,0.70904,0.70964,12466
2018-10-19 00:00:00+00:00,0.70962,0.71503,0.70894,0.71184,10825
2018-10-21 00:00:00+00:00,0.71162,0.71284,0.71108,0.71132,967
2018-10-22 00:00:00+00:00,0.71132,0.71253,0.70712,0.70722,9793
2018-10-23 00:00:00+00:00,0.70722,0.70928,0.70554,0.70920,11383
2018-10-24 00:00:00+00:00,0.70920,0.71064,0.70554,0.70631,12256
2018-10-25 00:00:00+00:00,0.70637,0.70998,0.70570,0.70809,11735
2018-10-26 00:00:00+00:00,0.70815,0.71042,0.70210,0.70896,14655
2018-10-28 00:00:00+00:00,0.70971,0.71020,0.70870,0.70974,761
2018-10-29 00:00:00+00:00,0.70970,0.71087,0.70506,0.70624,11072
2018-10-30 00:00:00+00:00,0.70620,0.71222,0.70582,0.70980,11788
2018-10-31 00:00:00+00:00,0.70981,0.71068,0.70680,0.70832,11510
2018-11-01 00:00:00+00:00,0.70830,0.72128,0.70804,0.72052,12985
2018-11-02 00:00:00+00:00,0.72050,0.72586,0.71826,0.71937,16719
2018-11-04 00:00:00+00:00,0.71934,0.72048,0.71896,0.71987,686
2018-11-05 00:00:00+00:00,0.71981,0.72176,0.71830,0.72115,8940
2018-11-06 00:00:00+00:00,0.72119,0.72470,0.72053,0.72428,10298
2018-11-07 00:00:00+00:00,0.72422,0.73000,0.72128,0.72746,18488
2018-11-08 00:00:00+00:00,0.72747,0.73024,0.72472,0.72658,11811
2018-11-09 00:00:00+00:00,0.72664,0.72702,0.72190,0.72256,10948
2018-11-11 00:00:00+00:00,0.72196,0.72289,0.72144,0.72267,1429
2018-11-12 00:00:00+00:00,0.72266,0.72374,0.71701,0.71746,9580
2018-11-13 00:00:00+00:00,0.71743,0.72364,0.71642,0.72308,13739
2018-11-14 00:00:00+00:00,0.72306,0.72538,0.71881,0.72332,16999
2018-11-15 00:00:00+00:00,0.72331,0.72984,0.72321,0.72714,18738
2018-11-16 00:00:00+00:00,0.72718,0.73378,0.72502,0.73342,12329
2018-11-18 00:00:00+00:00,0.73088,0.73252,0.73088,0.73176,1431
2018-11-19 00:00:00+00:00,0.73170,0.73256,0.72776,0.72954,8406
2018-11-20 00:00:00+00:00,0.72960,0.73004,0.72028,0.72166,15375
2018-11-21 00:00:00+00:00,0.72169,0.72774,0.72104,0.72622,11841
2018-11-22 00:00:00+00:00,0.72618,0.72681,0.72342,0.72498,12159
2018-11-23 00:00:00+00:00,0.72498,0.72550,0.72186,0.72328,10871
2018-11-25 00:00:00+00:00,0.72292,0.72376,0.72282,0.72326,749
2018-11-26 00:00:00+00:00,0.72326,0.72760,0.72132,0.72238,8991
2018-11-27 00:00:00+00:00,0.72234,0.72695,0.71994,0.72288,11665
2018-11-28 00:00:00+00:00,0.72284,0.73278,0.72212,0.73011,14348
2018-11-29 00:00:00+00:00,0.73016,0.73445,0.72953,0.73219,13779
2018-11-30 00:00:00+00:00,0.73226,0.73258,0.72846,0.73102,9318
2018-12-02 00:00:00+00:00,0.73785,0.73808,0.73556,0.73744,1332
2018-12-03 00:00:00+00:00,0.73744,0.73933,0.73466,0.73561,10622
2018-12-04 00:00:00+00:00,0.73557,0.73934,0.73262,0.73449,12904
2018-12-05 00:00:00+00:00,0.73454,0.73556,0.72579,0.72646,11695
2018-12-06 00:00:00+00:00,0.72640,0.72658,0.71920,0.72336,18964
2018-12-07 00:00:00+00:00,0.72342,0.72420,0.71984,0.72048,15125
2018-12-09 00:00:00+00:00,0.71865,0.71962,0.71780,0.71807,1375
2018-12-10 00:00:00+00:00,0.71814,0.72266,0.71798,0.71911,12619
2018-12-11 00:00:00+00:00,0.71910,0.72252,0.71850,0.72129,13503
2018-12-12 00:00:00+00:00,0.72126,0.72379,0.72014,0.72170,12396
2018-12-13 00:00:00+00:00,0.72174,0.72466,0.72123,0.72224,10895
2018-12-14 00:00:00+00:00,0.72218,0.72282,0.71516,0.71762,10287
2018-12-16 00:00:00+00:00,0.71746,0.71793,0.71732,0.71755,690
2018-12-17 00:00:00+00:00,0.71751,0.71874,0.71688,0.71768,5503
2018-12-18 00:00:00+00:00,0.71774,0.72036,0.71652,0.71892,8689
2018-12-19 00:00:00+00:00,0.71896,0.72007,0.70878,0.71127,13485
2018-12-20 00:00:00+00:00,0.71123,0.71490,0.70862,0.71160,12610
2018-12-21 00:00:00+00:00,0.71164,0.71226,0.70310,0.70346,9947
2018-12-23 00:00:00+00:00,0.70400,0.70512,0.70342,0.70492,476
2018-12-24 00:00:00+00:00,0.70497,0.70690,0.70372,0.70476,12422
2018-12-25 00:00:00+00:00,0.70476,0.70484,0.70343,0.70462,387
2018-12-26 00:00:00+00:00,0.70458,0.70778,0.70330,0.70740,4466
2018-12-27 00:00:00+00:00,0.70736,0.70772,0.70170,0.70344,9310
2018-12-28 00:00:00+00:00,0.70340,0.70693,0.70300,0.70400,6828
2018-12-30 00:00:00+00:00,0.70410,0.70492,0.70410,0.70437,362
2018-12-31 00:00:00+00:00,0.70431,0.70714,0.70330,0.70506,5254
2019-01-01 00:00:00+00:00,0.70506,0.70532,0.70440,0.70482,365
2019-01-02 00:00:00+00:00,0.70477,0.70486,0.67268,0.69166,14644
2019-01-03 00:00:00+00:00,0.69172,0.70196,0.69172,0.70060,13541
2019-01-04 00:00:00+00:00,0.70065,0.71243,0.69938,0.71168,11222
2019-01-06 00:00:00+00:00,0.71152,0.71247,0.71096,0.71233,787
2019-01-07 00:00:00+00:00,0.71238,0.71498,0.71148,0.71448,6894
2019-01-08 00:00:00+00:00,0.71452,0.71718,0.71164,0.71654,8634
2019-01-09 00:00:00+00:00,0.71650,0.71938,0.71436,0.71746,10570
2019-01-10 00:00:00+00:00,0.71748,0.71976,0.71462,0.71868,8275
2019-01-11 00:00:00+00:00,0.71872,0.72352,0.71826,0.72154,8313
2019-01-13 00:00:00+00:00,0.72132,0.72134,0.72016,0.72016,369
2019-01-14 00:00:00+00:00,0.72020,0.72179,0.71756,0.71992,6629
2019-01-15 00:00:00+00:00,0.71998,0.72256,0.71802,0.72068,8488
2019-01-16 00:00:00+00:00,0.72064,0.72123,0.71620,0.71722,6505
2019-01-17 00:00:00+00:00,0.71717,0.72214,0.71468,0.71898,8523
2019-01-18 00:00:00+00:00,0.71902,0.72148,0.71606,0.71638,7341
2019-01-20 00:00:00+00:00,0.71665,0.71670,0.71596,0.71628,203
2019-01-21 00:00:00+00:00,0.71624,0.71826,0.71400,0.71587,5971
2019-01-22 00:00:00+00:00,0.71592,0.71604,0.71162,0.71212,6068
2019-01-23 00:00:00+00:00,0.71216,0.71470,0.71200,0.71470,5603
2019-01-24 00:00:00+00:00,0.71466,0.71666,0.70776,0.70924,8926
2019-01-25 00:00:00+00:00,0.70920,0.71854,0.70760,0.71816,7383
2019-01-27 00:00:00+00:00,0.71768,0.71853,0.71751,0.71784,291
2019-01-28 00:00:00+00:00,0.71780,0.72038,0.71591,0.71660,5125
2019-01-29 00:00:00+00:00,0.71656,0.71765,0.71384,0.71570,6837
2019-01-30 00:00:00+00:00,0.71566,0.72730,0.71502,0.72538,11420
2019-01-31 00:00:00+00:00,0.72535,0.72950,0.72457,0.72718,8705
2019-02-01 00:00:00+00:00,0.72718,0.72841,0.72368,0.72488,8406
2019-02-03 00:00:00+00:00,0.72477,0.72500,0.72438,0.72481,217
2019-02-04 00:00:00+00:00,0.72484,0.72544,0.72114,0.72127,6035
2019-02-05 00:00:00+00:00,0.72130,0.72646,0.71938,0.72425,6838
2019-02-06 00:00:00+00:00,0.72429,0.72456,0.71023,0.71102,9143
2019-02-07 00:00:00+00:00,0.71106,0.71176,0.70894,0.70942,6483
2019-02-08 00:00:00+00:00,0.70945,0.71014,0.70606,0.70880,7365
2019-02-10 00:00:00+00:00,0.70886,0.71077,0.70850,0.71006,346
2019-02-11 00:00:00+00:00,0.71002,0.71080,0.70572,0.70625,6038
2019-02-12 00:00:00+00:00,0.70622,0.71078,0.70542,0.71036,6451
2019-02-13 00:00:00+00:00,0.71033,0.71362,0.70854,0.70915,7406
2019-02-14 00:00:00+00:00,0.70911,0.71314,0.70718,0.71039,8875
2019-02-15 00:00:00+00:00,0.71035,0.71484,0.70795,0.71394,6526
2019-02-17 00:00:00+00:00,0.71354,0.71476,0.71354,0.71451,224
2019-02-18 00:00:00+00:00,0.71448,0.71606,0.71248,0.71312,4212
2019-02-19 00:00:00+00:00,0.71308,0.71738,0.71036,0.71675,6747
2019-02-20 00:00:00+00:00,0.71678,0.71830,0.71414,0.71686,8333
2019-02-21 00:00:00+00:00,0.71690,0.72067,0.70702,0.71083,15062
2019-02-22 00:00:00+00:00,0.71079,0.71504,0.70826,0.71288,9419
2019-02-24 00:00:00+00:00,0.71380,0.71582,0.71314,0.71572,776
2019-02-25 00:00:00+00:00,0.71569,0.71844,0.71346,0.71722,7195
2019-02-26 00:00:00+00:00,0.71718,0.71990,0.71422,0.71931,7260
2019-02-27 00:00:00+00:00,0.71934,0.71955,0.71274,0.71484,7492
2019-02-28 00:00:00+00:00,0.71480,0.71664,0.70902,0.71026,9252
2019-03-01 00:00:00+00:00,0.71012,0.71217,0.70696,0.70802,6598
2019-03-03 00:00:00+00:00,0.71112,0.71112,0.70940,0.70992,596
2019-03-04 00:00:00+00:00,0.70996,0.71026,0.70754,0.70898,6241
2019-03-05 00:00:00+00:00,0.70901,0.70964,0.70590,0.70873,7421
2019-03-06 00:00:00+00:00,0.70876,0.70922,0.70216,0.70320,7153
2019-03-07 00:00:00+00:00,0.70318,0.70514,0.70052,0.70236,5993
2019-03-08 00:00:00+00:00,0.70232,0.70524,0.70034,0.70452,6774
2019-03-10 00:00:00+00:00,0.70316,0.70430,0.70306,0.70378,542
2019-03-11 00:00:00+00:00,0.70374,0.70810,0.70267,0.70718,4900
2019-03-12 00:00:00+00:00,0.70714,0.70920,0.70547,0.70626,5736
2019-03-13 00:00:00+00:00,0.70622,0.70979,0.70494,0.70863,5516
2019-03-14 00:00:00+00:00,0.70859,0.70866,0.70416,0.70678,6047
2019-03-15 00:00:00+00:00,0.70682,0.70973,0.70666,0.70848,4661
2019-03-17 00:00:00+00:00,0.70874,0.70882,0.70784,0.70834,316
2019-03-18 00:00:00+00:00,0.70830,0.71196,0.70822,0.70988,4244
2019-03-19 00:00:00+00:00,0.70985,0.71106,0.70853,0.70874,5189
2019-03-20 00:00:00+00:00,0.70870,0.71496,0.70568,0.71334,7737
2019-03-21 00:00:00+00:00,0.71332,0.71682,0.70898,0.71060,9111
2019-03-22 00:00:00+00:00,0.71064,0.71152,0.70758,0.70807,8395
2019-03-24 00:00:00+00:00,0.70797,0.70831,0.70744,0.70806,386
2019-03-25 00:00:00+00:00,0.70810,0.71168,0.70658,0.71158,6586
2019-03-26 00:00:00+00:00,0.71155,0.71476,0.71138,0.71364,5905
2019-03-27 00:00:00+00:00,0.71368,0.71384,0.70688,0.70839,8672
2019-03-28 00:00:00+00:00,0.70835,0.71060,0.70638,0.70826,7695
2019-03-29 00:00:00+00:00,0.70823,0.71046,0.70746,0.70964,6554
2019-03-31 00:00:00+00:00,0.71216,0.71216,0.71040,0.71128,554
2019-04-01 00:00:00+00:00,0.71120,0.71318,0.71019,0.71097,6239
2019-04-02 00:00:00+00:00,0.71100,0.71298,0.70530,0.70571,7119
2019-04-03 00:00:00+00:00,0.70574,0.71296,0.70546,0.71170,6806
2019-04-04 00:00:00+00:00,0.71166,0.71270,0.70978,0.71090,5121
2019-04-05 00:00:00+00:00,0.71086,0.71316,0.70924,0.71054,5347
2019-04-07 00:00:00+00:00,0.71050,0.71086,0.71000,0.71002,195
2019-04-08 00:00:00+00:00,0.71006,0.71307,0.70877,0.71210,4278
2019-04-09 00:00:00+00:00,0.71212,0.71522,0.71206,0.71277,4601
2019-04-10 00:00:00+00:00,0.71280,0.71748,0.71094,0.71664,6607
2019-04-11 00:00:00+00:00,0.71660,0.71684,0.71168,0.71227,4989
2019-04-12 00:00:00+00:00,0.71230,0.71923,0.71161,0.71728,5638
2019-04-14 00:00:00+00:00,0.71788,0.71798,0.71694,0.71704,254
2019-04-15 00:00:00+00:00,0.71708,0.71822,0.71640,0.71731,4649
2019-04-16 00:00:00+00:00,0.71735,0.71792,0.71398,0.71644,6445
2019-04-17 00:00:00+00:00,0.71640,0.72056,0.71568,0.71728,6649
2019-04-18 00:00:00+00:00,0.71731,0.71993,0.71369,0.71466,6039
2019-04-19 00:00:00+00:00,0.71462,0.71593,0.71437,0.71518,1273
2019-04-21 00:00:00+00:00,0.71530,0.71542,0.71441,0.71478,188
2019-04-22 00:00:00+00:00,0.71474,0.71508,0.71284,0.71337,2497
2019-04-23 00:00:00+00:00,0.71340,0.71340,0.70811,0.70968,4427
2019-04-24 00:00:00+00:00,0.70971,0.70990,0.70044,0.70135,7822
2019-04-25 00:00:00+00:00,0.70132,0.70228,0.69884,0.70172,5584
2019-04-26 00:00:00+00:00,0.70168,0.70613,0.70074,0.70434,6543
2019-04-28 00:00:00+00:00,0.70380,0.70445,0.70377,0.70428,190
2019-04-29 00:00:00+00:00,0.70425,0.70609,0.70392,0.70548,3484
2019-04-30 00:00:00+00:00,0.70551,0.70692,0.70308,0.70504,6574
2019-05-01 00:00:00+00:00,0.70499,0.70610,0.70074,0.70142,6697
2019-05-02 00:00:00+00:00,0.70138,0.70292,0.69934,0.69934,5211
2019-05-03 00:00:00+00:00,0.69938,0.70246,0.69850,0.70230,5291
2019-05-05 00:00:00+00:00,0.69690,0.69979,0.69682,0.69741,1533
2019-05-06 00:00:00+00:00,0.69744,0.70026,0.69629,0.69924,7139
2019-05-07 00:00:00+00:00,0.69928,0.70483,0.69806,0.70080,8894
2019-05-08 00:00:00+00:00,0.70076,0.70270,0.69862,0.69916,9229
2019-05-09 00:00:00+00:00,0.69920,0.69979,0.69647,0.69876,8658
2019-05-10 00:00:00+00:00,0.69880,0.70186,0.69786,0.70000,11988
2019-05-12 00:00:00+00:00,0.69928,0.70047,0.69836,0.69836,739
2019-05-13 00:00:00+00:00,0.69839,0.69861,0.69400,0.69446,6838
2019-05-14 00:00:00+00:00,0.69444,0.69596,0.69351,0.69376,5395
2019-05-15 00:00:00+00:00,0.69372,0.69382,0.69148,0.69257,6344
2019-05-16 00:00:00+00:00,0.69254,0.69328,0.68867,0.68917,6249
2019-05-17 00:00:00+00:00,0.68914,0.68972,0.68650,0.68678,5278
2019-05-19 00:00:00+00:00,0.69122,0.69140,0.68902,0.69020,753
2019-05-20 00:00:00+00:00,0.69016,0.69342,0.68995,0.69202,5077
2019-05-21 00:00:00+00:00,0.69205,0.69239,0.68665,0.68830,6459
2019-05-22 00:00:00+00:00,0.68826,0.68968,0.68716,0.68773,4346
2019-05-23 00:00:00+00:00,0.68776,0.69048,0.68650,0.68984,5601
2019-05-24 00:00:00+00:00,0.68988,0.69347,0.68814,0.69274,4767
2019-05-26 00:00:00+00:00,0.69310,0.69362,0.69274,0.69298,292
2019-05-27 00:00:00+00:00,0.69300,0.69386,0.69132,0.69203,2943
2019-05-28 00:00:00+00:00,0.69200,0.69357,0.69166,0.69252,4473
2019-05-29 00:00:00+00:00,0.69255,0.69316,0.69043,0.69186,5088
2019-05-30 00:00:00+00:00,0.69189,0.69368,0.68989,0.69052,4596
2019-05-31 00:00:00+00:00,0.69049,0.69443,0.69012,0.69368,7348
2019-06-02 00:00:00+00:00,0.69300,0.69393,0.69284,0.69289,1846
2019-06-03 00:00:00+00:00,0.69285,0.69826,0.69274,0.69702,6394
2019-06-04 00:00:00+00:00,0.69704,0.70040,0.69570,0.69907,9141
2019-06-05 00:00:00+00:00,0.69904,0.70074,0.69629,0.69698,8313
2019-06-06 00:00:00+00:00,0.69701,0.69944,0.69637,0.69742,7565
2019-06-07 00:00:00+00:00,0.69744,0.70219,0.69643,0.70006,6270
2019-06-09 00:00:00+00:00,0.70092,0.70092,0.69932,0.69956,518
2019-06-10 00:00:00+00:00,0.69952,0.69993,0.69572,0.69610,5133
2019-06-11 00:00:00+00:00,0.69612,0.69664,0.69473,0.69606,5745
2019-06-12 00:00:00+00:00,0.69610,0.69630,0.69254,0.69300,6189
2019-06-13 00:00:00+00:00,0.69296,0.69386,0.69015,0.69111,5801
2019-06-14 00:00:00+00:00,0.69114,0.69140,0.68616,0.68714,5167
2019-06-16 00:00:00+00:00,0.68750,0.68799,0.68716,0.68776,303
2019-06-17 00:00:00+00:00,0.68773,0.68846,0.68490,0.68519,3076
2019-06-18 00:00:00+00:00,0.68522,0.68819,0.68318,0.68812,5459
2019-06-19 00:00:00+00:00,0.68817,0.69092,0.68552,0.68851,7263
2019-06-20 00:00:00+00:00,0.68854,0.69358,0.68802,0.69210,7655
2019-06-21 00:00:00+00:00,0.69207,0.69379,0.69036,0.69266,5603
2019-06-23 00:00:00+00:00,0.69322,0.69468,0.69291,0.69464,650
2019-06-24 00:00:00+00:00,0.69468,0.69690,0.69432,0.69654,4947
2019-06-25 00:00:00+00:00,0.69657,0.69782,0.69420,0.69604,9016
2019-06-26 00:00:00+00:00,0.69607,0.69948,0.69510,0.69854,6049
2019-06-27 00:00:00+00:00,0.69857,0.70090,0.69846,0.70049,3893
2019-06-28 00:00:00+00:00,0.70053,0.70228,0.69983,0.70214,3754
2019-06-30 00:00:00+00:00,0.70314,0.70348,0.70227,0.70227,640
2019-07-01 00:00:00+00:00,0.70223,0.70234,0.69562,0.69649,4743
2019-07-02 00:00:00+00:00,0.69652,0.70002,0.69582,0.69944,4724
2019-07-03 00:00:00+00:00,0.69940,0.70392,0.69856,0.70310,4067
2019-07-04 00:00:00+00:00,0.70306,0.70478,0.70156,0.70246,2234
2019-07-05 00:00:00+00:00,0.70250,0.70288,0.69578,0.69802,4068
2019-07-07 00:00:00+00:00,0.69784,0.69836,0.69770,0.69811,172
2019-07-08 00:00:00+00:00,0.69808,0.69941,0.69673,0.69718,2687
2019-07-09 00:00:00+00:00,0.69722,0.69746,0.69204,0.69253,3452
2019-07-10 00:00:00+00:00,0.69250,0.69690,0.69107,0.69583,5864
2019-07-11 00:00:00+00:00,0.69586,0.69881,0.69542,0.69717,5056
2019-07-12 00:00:00+00:00,0.69720,0.70247,0.69713,0.70206,4371
2019-07-14 00:00:00+00:00,0.70158,0.70228,0.70152,0.70166,130
2019-07-15 00:00:00+00:00,0.70170,0.70446,0.70124,0.70378,3441
2019-07-16 00:00:00+00:00,0.70381,0.70426,0.70107,0.70156,4134
2019-07-17 00:00:00+00:00,0.70152,0.70248,0.69964,0.70084,3315
2019-07-18 00:00:00+00:00,0.70088,0.70822,0.70064,0.70682,6104
2019-07-19 00:00:00+00:00,0.70682,0.70772,0.70376,0.70430,4863
2019-07-21 00:00:00+00:00,0.70424,0.70477,0.70412,0.70428,176
2019-07-22 00:00:00+00:00,0.70426,0.70574,0.70280,0.70294,3259
2019-07-23 00:00:00+00:00,0.70297,0.70352,0.69928,0.69952,3632
2019-07-24 00:00:00+00:00,0.69948,0.69954,0.69728,0.69780,3389
2019-07-25 00:00:00+00:00,0.69776,0.69841,0.69427,0.69504,5172
2019-07-26 00:00:00+00:00,0.69507,0.69552,0.69030,0.69109,2805
2019-07-28 00:00:00+00:00,0.69058,0.69128,0.69054,0.69058,133
2019-07-29 00:00:00+00:00,0.69061,0.69163,0.68950,0.68981,2072
2019-07-30 00:00:00+00:00,0.68984,0.69084,0.68687,0.68744,2885
2019-07-31 00:00:00+00:00,0.68740,0.68994,0.68322,0.68460,10034
2019-08-01 00:00:00+00:00,0.68454,0.68680,0.67955,0.68019,9783
2019-08-02 00:00:00+00:00,0.68022,0.68188,0.67633,0.67996,8443
2019-08-04 00:00:00+00:00,0.67955,0.67962,0.67895,0.67907,301
2019-08-05 00:00:00+00:00,0.67904,0.68040,0.67482,0.67626,9277
2019-08-06 00:00:00+00:00,0.67623,0.68006,0.67536,0.67620,7774
2019-08-07 00:00:00+00:00,0.67624,0.67827,0.66774,0.67572,11319
2019-08-08 00:00:00+00:00,0.67575,0.68222,0.67464,0.68110,8415
2019-08-09 00:00:00+00:00,0.68106,0.68182,0.67801,0.67862,6052
2019-08-11 00:00:00+00:00,0.67842,0.67861,0.67760,0.67772,300
2019-08-12 00:00:00+00:00,0.67775,0.67958,0.67453,0.67554,4917
2019-08-13 00:00:00+00:00,0.67558,0.68184,0.67474,0.67968,9041
2019-08-14 00:00:00+00:00,0.67965,0.68087,0.67356,0.67542,7699
2019-08-15 00:00:00+00:00,0.67546,0.67904,0.67546,0.67722,8279
2019-08-16 00:00:00+00:00,0.67725,0.67952,0.67708,0.67789,4450
2019-08-18 00:00:00+00:00,0.67820,0.67878,0.67784,0.67860,746
2019-08-19 00:00:00+00:00,0.67863,0.67890,0.67548,0.67554,3243
2019-08-20 00:00:00+00:00,0.67558,0.67952,0.67558,0.67738,3571
2019-08-21 00:00:00+00:00,0.67742,0.67991,0.67731,0.67842,3438
2019-08-22 00:00:00+00:00,0.67839,0.67844,0.67511,0.67557,4402
2019-08-23 00:00:00+00:00,0.67560,0.67778,0.67358,0.67532,7443
2019-08-25 00:00:00+00:00,0.67398,0.67418,0.66897,0.67064,2465
2019-08-26 00:00:00+00:00,0.67068,0.67882,0.67064,0.67697,10202
2019-08-27 00:00:00+00:00,0.67700,0.67768,0.67467,0.67546,4886
2019-08-28 00:00:00+00:00,0.67548,0.67623,0.67326,0.67395,4809
2019-08-29 00:00:00+00:00,0.67398,0.67532,0.67172,0.67356,4961
2019-08-30 00:00:00+00:00,0.67352,0.67402,0.67063,0.67358,4714
2019-09-01 00:00:00+00:00,0.67286,0.67341,0.67236,0.67257,650
2019-09-02 00:00:00+00:00,0.67261,0.67348,0.67102,0.67116,2801
2019-09-03 00:00:00+00:00,0.67120,0.67641,0.66876,0.67631,6042
2019-09-04 00:00:00+00:00,0.67634,0.68008,0.67591,0.67966,4495
2019-09-05 00:00:00+00:00,0.67969,0.68298,0.67966,0.68116,5575
2019-09-06 00:00:00+00:00,0.68120,0.68618,0.68073,0.68480,4605
2019-09-08 00:00:00+00:00,0.68432,0.68497,0.68412,0.68461,331
2019-09-09 00:00:00+00:00,0.68464,0.68758,0.68376,0.68640,3486
2019-09-10 00:00:00+00:00,0.68642,0.68702,0.68489,0.68578,3607
2019-09-11 00:00:00+00:00,0.68576,0.68849,0.68487,0.68749,4044
2019-09-12 00:00:00+00:00,0.68752,0.68948,0.68606,0.68630,5730
2019-09-13 00:00:00+00:00,0.68634,0.68904,0.68592,0.68802,3176
2019-09-15 00:00:00+00:00,0.68625,0.68832,0.68625,0.68778,741
2019-09-16 00:00:00+00:00,0.68782,0.68836,0.68542,0.68616,3984
2019-09-17 00:00:00+00:00,0.68619,0.68692,0.68308,0.68656,4570
2019-09-18 00:00:00+00:00,0.68660,0.68664,0.68127,0.68233,5753
2019-09-19 00:00:00+00:00,0.68229,0.68234,0.67805,0.67910,4807
2019-09-20 00:00:00+00:00,0.67908,0.68086,0.67602,0.67654,3879
2019-09-22 00:00:00+00:00,0.67704,0.67732,0.67650,0.67685,330
2019-09-23 00:00:00+00:00,0.67688,0.67816,0.67657,0.67734,3268
2019-09-24 00:00:00+00:00,0.67731,0.68062,0.67653,0.67973,4884
2019-09-25 00:00:00+00:00,0.67976,0.68040,0.67393,0.67545,4811
2019-09-26 00:00:00+00:00,0.67542,0.67810,0.67461,0.67531,4476
2019-09-27 00:00:00+00:00,0.67527,0.67792,0.67436,0.67654,4900
2019-09-29 00:00:00+00:00,0.67628,0.67656,0.67575,0.67612,260
2019-09-30 00:00:00+00:00,0.67616,0.67707,0.67412,0.67500,4520
2019-10-01 00:00:00+00:00,0.67508,0.67762,0.66722,0.67078,8284
2019-10-02 00:00:00+00:00,0.67082,0.67186,0.66708,0.67082,5116
2019-10-03 00:00:00+00:00,0.67086,0.67530,0.67026,0.67447,5763
2019-10-04 00:00:00+00:00,0.67450,0.67738,0.67439,0.67696,5263
2019-10-06 00:00:00+00:00,0.67562,0.67654,0.67555,0.67636,426
2019-10-07 00:00:00+00:00,0.67639,0.67644,0.67290,0.67326,4183
2019-10-08 00:00:00+00:00,0.67322,0.67573,0.67226,0.67284,5484
2019-10-09 00:00:00+00:00,0.67288,0.67498,0.67104,0.67192,4356
2019-10-10 00:00:00+00:00,0.67188,0.67746,0.67135,0.67626,7510
2019-10-11 00:00:00+00:00,0.67623,0.68104,0.67596,0.67926,6644
2019-10-13 00:00:00+00:00,0.67894,0.67986,0.67890,0.67975,479
2019-10-14 00:00:00+00:00,0.67972,0.68014,0.67514,0.67752,4878
2019-10-15 00:00:00+00:00,0.67748,0.67887,0.67427,0.67532,5940
2019-10-16 00:00:00+00:00,0.67528,0.67656,0.67236,0.67559,5541
2019-10-17 00:00:00+00:00,0.67556,0.68332,0.67540,0.68246,6371
2019-10-18 00:00:00+00:00,0.68250,0.68568,0.68227,0.68566,3811
2019-10-20 00:00:00+00:00,0.68566,0.68566,0.68566,0.68566,1
2019-10-21 00:00:00+00:00,0.68566,0.68804,0.68555,0.68707,3255
2019-10-22 00:00:00+00:00,0.68704,0.68828,0.68508,0.68606,4510
2019-10-23 00:00:00+00:00,0.68608,0.68608,0.68342,0.68498,3780
2019-10-24 00:00:00+00:00,0.68501,0.68577,0.68110,0.68162,4617
2019-10-25 00:00:00+00:00,0.68166,0.68362,0.68093,0.68224,2906
2019-10-27 00:00:00+00:00,0.68214,0.68260,0.68196,0.68224,280
2019-10-28 00:00:00+00:00,0.68220,0.68452,0.68110,0.68394,2877
2019-10-29 00:00:00+00:00,0.68398,0.68718,0.68385,0.68559,3748
2019-10-30 00:00:00+00:00,0.68562,0.69046,0.68487,0.68974,6880
2019-10-31 00:00:00+00:00,0.68978,0.69296,0.68828,0.68924,6606
2019-11-01 00:00:00+00:00,0.68928,0.69214,0.68842,0.69138,5258
2019-11-03 00:00:00+00:00,0.69136,0.69156,0.69080,0.69152,233
2019-11-04 00:00:00+00:00,0.69155,0.69250,0.68769,0.68892,4406
2019-11-05 00:00:00+00:00,0.68888,0.69280,0.68774,0.68898,6818
2019-11-06 00:00:00+00:00,0.68894,0.69075,0.68692,0.68765,4510
2019-11-07 00:00:00+00:00,0.68768,0.69132,0.68620,0.68988,6799
2019-11-08 00:00:00+00:00,0.68992,0.69063,0.68477,0.68594,4549
2019-11-10 00:00:00+00:00,0.68576,0.68610,0.68556,0.68576,173
2019-11-11 00:00:00+00:00,0.68573,0.68654,0.68456,0.68484,3112
2019-11-12 00:00:00+00:00,0.68481,0.68572,0.68318,0.68417,4919
2019-11-13 00:00:00+00:00,0.68414,0.68572,0.68213,0.68393,5580
2019-11-14 00:00:00+00:00,0.68390,0.68410,0.67697,0.67868,5470
2019-11-15 00:00:00+00:00,0.67871,0.68220,0.67806,0.68206,3330
2019-11-17 00:00:00+00:00,0.68148,0.68166,0.68132,0.68148,188
2019-11-18 00:00:00+00:00,0.68152,0.68223,0.67740,0.68050,3327
2019-11-19 00:00:00+00:00,0.68046,0.68348,0.67853,0.68249,4127
2019-11-20 00:00:00+00:00,0.68253,0.68310,0.67902,0.67979,4158
2019-11-21 00:00:00+00:00,0.67982,0.68140,0.67834,0.67884,4878
2019-11-22 00:00:00+00:00,0.67881,0.68032,0.67808,0.67854,3307
2019-11-24 00:00:00+00:00,0.67906,0.67922,0.67870,0.67917,195
2019-11-25 00:00:00+00:00,0.67921,0.67993,0.67683,0.67766,2933
2019-11-26 00:00:00+00:00,0.67762,0.67956,0.67686,0.67869,4444
2019-11-27 00:00:00+00:00,0.67873,0.67912,0.67592,0.67682,3395
2019-11-28 00:00:00+00:00,0.67686,0.67736,0.67616,0.67678,2529
2019-11-29 00:00:00+00:00,0.67681,0.67794,0.67544,0.67618,2451
2019-12-01 00:00:00+00:00,0.67691,0.67691,0.67617,0.67654,219
2019-12-02 00:00:00+00:00,0.67650,0.68258,0.67640,0.68176,3221
2019-12-03 00:00:00+00:00,0.68172,0.68620,0.68162,0.68498,4218
2019-12-04 00:00:00+00:00,0.68501,0.68552,0.68134,0.68494,4942
2019-12-05 00:00:00+00:00,0.68490,0.68547,0.68209,0.68326,3411
2019-12-06 00:00:00+00:00,0.68329,0.68573,0.68238,0.68412,3359
2019-12-08 00:00:00+00:00,0.68412,0.68412,0.68349,0.68354,47
2019-12-09 00:00:00+00:00,0.68352,0.68364,0.68190,0.68263,2548
2019-12-10 00:00:00+00:00,0.68266,0.68371,0.68005,0.68110,3173
2019-12-11 00:00:00+00:00,0.68113,0.68894,0.68047,0.68700,4034
2019-12-12 00:00:00+00:00,0.68704,0.69389,0.68700,0.69256,6467
2019-12-13 00:00:00+00:00,0.69253,0.69293,0.68640,0.68748,8184
2019-12-15 00:00:00+00:00,0.68852,0.68860,0.68704,0.68746,514
2019-12-16 00:00:00+00:00,0.68749,0.68978,0.68684,0.68724,3570
2019-12-17 00:00:00+00:00,0.68728,0.68775,0.68385,0.68508,4100
2019-12-18 00:00:00+00:00,0.68504,0.68644,0.68388,0.68552,3258
2019-12-19 00:00:00+00:00,0.68554,0.68910,0.68541,0.68900,4236
2019-12-20 00:00:00+00:00,0.68904,0.69067,0.68846,0.69008,3022
2019-12-22 00:00:00+00:00,0.68944,0.69057,0.68920,0.69057,225
2019-12-23 00:00:00+00:00,0.69060,0.69286,0.68973,0.69256,3123
2019-12-24 00:00:00+00:00,0.69260,0.69302,0.69127,0.69226,2630
2019-12-25 00:00:00+00:00,0.69226,0.69268,0.69186,0.69246,76
2019-12-26 00:00:00+00:00,0.69250,0.69496,0.69220,0.69466,932
2019-12-27 00:00:00+00:00,0.69470,0.69870,0.69436,0.69830,3270
2019-12-29 00:00:00+00:00,0.69752,0.69898,0.69752,0.69820,234
2019-12-30 00:00:00+00:00,0.69823,0.70046,0.69823,0.70012,3733
2019-12-31 00:00:00+00:00,0.70016,0.70320,0.69995,0.70165,3337
2020-01-01 00:00:00+00:00,0.70162,0.70195,0.70056,0.70188,380
2020-01-02 00:00:00+00:00,0.70192,0.70200,0.69789,0.69836,4385
2020-01-03 00:00:00+00:00,0.69832,0.69864,0.69304,0.69480,5562
2020-01-05 00:00:00+00:00,0.69418,0.69449,0.69330,0.69434,540
2020-01-06 00:00:00+00:00,0.69431,0.69577,0.69256,0.69371,4707
2020-01-07 00:00:00+00:00,0.69368,0.69392,0.68503,0.68596,6249
2020-01-08 00:00:00+00:00,0.68599,0.68856,0.68490,0.68752,9080
2020-01-09 00:00:00+00:00,0.68749,0.68806,0.68505,0.68532,4178
2020-01-10 00:00:00+00:00,0.68536,0.69112,0.68509,0.69002,4947
2020-01-12 00:00:00+00:00,0.69002,0.69057,0.68937,0.69000,257
2020-01-13 00:00:00+00:00,0.68996,0.69200,0.68947,0.68974,3997
2020-01-14 00:00:00+00:00,0.68972,0.69098,0.68854,0.68948,4926
2020-01-15 00:00:00+00:00,0.68944,0.69165,0.68775,0.69074,4121
2020-01-16 00:00:00+00:00,0.69077,0.69336,0.68881,0.68986,4076
2020-01-17 00:00:00+00:00,0.68983,0.69111,0.68710,0.68734,3729
2020-01-19 00:00:00+00:00,0.68737,0.68830,0.68731,0.68814,244
2020-01-20 00:00:00+00:00,0.68818,0.68884,0.68556,0.68756,2686
2020-01-21 00:00:00+00:00,0.68758,0.68806,0.68424,0.68474,4724
2020-01-22 00:00:00+00:00,0.68471,0.68562,0.68270,0.68415,4278
2020-01-23 00:00:00+00:00,0.68419,0.68788,0.68298,0.68484,6602
2020-01-24 00:00:00+00:00,0.68480,0.68572,0.68176,0.68254,4433
2020-01-26 00:00:00+00:00,0.68136,0.68194,0.68012,0.68012,727
2020-01-27 00:00:00+00:00,0.68016,0.68170,0.67523,0.67620,5199
2020-01-28 00:00:00+00:00,0.67616,0.67667,0.67372,0.67640,5081
2020-01-29 00:00:00+00:00,0.67636,0.67772,0.67356,0.67532,5187
2020-01-30 00:00:00+00:00,0.67528,0.67532,0.67004,0.67058,6892
2020-01-31 00:00:00+00:00,0.67062,0.67298,0.66830,0.66870,6370
2020-02-02 00:00:00+00:00,0.66846,0.66956,0.66844,0.66928,573
2020-02-03 00:00:00+00:00,0.66925,0.67070,0.66840,0.66897,6355
2020-02-04 00:00:00+00:00,0.66900,0.67426,0.66788,0.67314,7042
2020-02-05 00:00:00+00:00,0.67317,0.67742,0.67238,0.67514,6848
2020-02-06 00:00:00+00:00,0.67510,0.67650,0.67271,0.67312,5525
2020-02-07 00:00:00+00:00,0.67308,0.67308,0.66624,0.66735,5924
2020-02-09 00:00:00+00:00,0.66674,0.66786,0.66666,0.66701,636
2020-02-10 00:00:00+00:00,0.66704,0.67074,0.66680,0.66896,5824
2020-02-11 00:00:00+00:00,0.66892,0.67365,0.66810,0.67186,4968
2020-02-12 00:00:00+00:00,0.67189,0.67499,0.67070,0.67132,5933
2020-02-13 00:00:00+00:00,0.67128,0.67450,0.67100,0.67194,5642
2020-02-14 00:00:00+00:00,0.67196,0.67314,0.67094,0.67139,3507
2020-02-16 00:00:00+00:00,0.67221,0.67297,0.67178,0.67256,269
2020-02-17 00:00:00+00:00,0.67252,0.67334,0.67069,0.67094,2584
2020-02-18 00:00:00+00:00,0.67091,0.67092,0.66739,0.66942,4431
2020-02-19 00:00:00+00:00,0.66944,0.67078,0.66654,0.66810,3961
2020-02-20 00:00:00+00:00,0.66806,0.66954,0.66104,0.66118,7707
2020-02-21 00:00:00+00:00,0.66122,0.66390,0.65862,0.66269,6397
2020-02-23 00:00:00+00:00,0.65868,0.66088,0.65853,0.66057,845
2020-02-24 00:00:00+00:00,0.66054,0.66196,0.65866,0.66108,8095
2020-02-25 00:00:00+00:00,0.66112,0.66226,0.65864,0.66052,7837
2020-02-26 00:00:00+00:00,0.66049,0.66069,0.65429,0.65471,9356
2020-02-27 00:00:00+00:00,0.65475,0.65918,0.65438,0.65803,10993
2020-02-28 00:00:00+00:00,0.65800,0.65854,0.64339,0.65099,18683
2020-03-01 00:00:00+00:00,0.64661,0.65250,0.64638,0.65135,1631
2020-03-02 00:00:00+00:00,0.65131,0.65682,0.64894,0.65490,18447
2020-03-03 00:00:00+00:00,0.65488,0.66458,0.65098,0.65829,21217
2020-03-04 00:00:00+00:00,0.65832,0.66296,0.65832,0.66286,10232
2020-03-05 00:00:00+00:00,0.66282,0.66368,0.65841,0.66162,7849
2020-03-06 00:00:00+00:00,0.66165,0.66575,0.65854,0.66422,12117
2020-03-08 00:00:00+00:00,0.66090,0.66236,0.65950,0.66124,3973
2020-03-09 00:00:00+00:00,0.66128,0.66850,0.63065,0.65976,50736
2020-03-10 00:00:00+00:00,0.65978,0.66040,0.64630,0.64946,26622
2020-03-11 00:00:00+00:00,0.64949,0.65394,0.64704,0.64773,21065
2020-03-12 00:00:00+00:00,0.64777,0.64813,0.62133,0.62746,46286
2020-03-13 00:00:00+00:00,0.62749,0.63258,0.61238,0.61872,42154
2020-03-15 00:00:00+00:00,0.61452,0.63068,0.61080,0.61794,8228
2020-03-16 00:00:00+00:00,0.61788,0.61890,0.60790,0.61022,47600
2020-03-17 00:00:00+00:00,0.61026,0.61488,0.59592,0.59899,38046
2020-03-18 00:00:00+00:00,0.59902,0.60280,0.57014,0.57918,46321
2020-03-19 00:00:00+00:00,0.57922,0.59644,0.55084,0.57448,80941
2020-03-20 00:00:00+00:00,0.57454,0.59862,0.57096,0.58078,55222
2020-03-22 00:00:00+00:00,0.58070,0.58251,0.57051,0.57530,12761
2020-03-23 00:00:00+00:00,0.57534,0.58852,0.57002,0.58756,85287
2020-03-24 00:00:00+00:00,0.58760,0.59901,0.58652,0.59690,53593
2020-03-25 00:00:00+00:00,0.59687,0.60739,0.58938,0.59016,47361
2020-03-26 00:00:00+00:00,0.59020,0.60876,0.58708,0.60782,41393
2020-03-27 00:00:00+00:00,0.60785,0.62003,0.60230,0.61627,45887
2020-03-29 00:00:00+00:00,0.61582,0.61839,0.61128,0.61742,4949
2020-03-30 00:00:00+00:00,0.61745,0.61847,0.61118,0.61654,42554
2020-03-31 00:00:00+00:00,0.61658,0.62140,0.60733,0.61368,55242
2020-04-01 00:00:00+00:00,0.61386,0.61854,0.60390,0.60901,35957
2020-04-02 00:00:00+00:00,0.60905,0.61192,0.60071,0.60650,33757
2020-04-03 00:00:00+00:00,0.60646,0.60756,0.59803,0.59940,24678
2020-04-05 00:00:00+00:00,0.60156,0.60165,0.59918,0.59932,2547
2020-04-06 00:00:00+00:00,0.59936,0.61222,0.59915,0.61170,21403
2020-04-07 00:00:00+00:00,0.61173,0.62084,0.60976,0.61518,25926
2020-04-08 00:00:00+00:00,0.61514,0.62451,0.61158,0.62332,22320
2020-04-09 00:00:00+00:00,0.62336,0.63640,0.61956,0.63314,22270
2020-04-10 00:00:00+00:00,0.63320,0.63682,0.63132,0.63496,5390
2020-04-12 00:00:00+00:00,0.63490,0.63582,0.63259,0.63348,1695
2020-04-13 00:00:00+00:00,0.63352,0.64094,0.63312,0.63993,13304
2020-04-14 00:00:00+00:00,0.63996,0.64448,0.63746,0.64348,14766
2020-04-15 00:00:00+00:00,0.64352,0.64360,0.62844,0.63088,16624
2020-04-16 00:00:00+00:00,0.63091,0.63854,0.62640,0.63600,25906
2020-04-17 00:00:00+00:00,0.63603,0.63834,0.63146,0.63650,19281
2020-04-19 00:00:00+00:00,0.63670,0.63670,0.63366,0.63370,1172
2020-04-20 00:00:00+00:00,0.63373,0.63974,0.63308,0.63420,16091
2020-04-21 00:00:00+00:00,0.63423,0.63467,0.62535,0.62925,20739
2020-04-22 00:00:00+00:00,0.62929,0.63541,0.62815,0.62972,15976
2020-04-23 00:00:00+00:00,0.62976,0.64062,0.62831,0.63760,17862
2020-04-24 00:00:00+00:00,0.63764,0.63986,0.63375,0.63919,11959
2020-04-26 00:00:00+00:00,0.63833,0.63982,0.63824,0.63972,887
2020-04-27 00:00:00+00:00,0.63969,0.64718,0.63927,0.64494,11474
2020-04-28 00:00:00+00:00,0.64498,0.65142,0.64346,0.65022,13028
2020-04-29 00:00:00+00:00,0.65026,0.65586,0.65012,0.65542,12729
2020-04-30 00:00:00+00:00,0.65538,0.65700,0.64829,0.64948,19085
2020-05-01 00:00:00+00:00,0.64949,0.64973,0.64104,0.64190,12473
2020-05-03 00:00:00+00:00,0.64134,0.64134,0.63732,0.63766,1544
2020-05-04 00:00:00+00:00,0.63770,0.64350,0.63730,0.64255,13124
2020-05-05 00:00:00+00:00,0.64259,0.64761,0.64171,0.64332,13256
2020-05-06 00:00:00+00:00,0.64336,0.64528,0.63786,0.63911,12538
2020-05-07 00:00:00+00:00,0.63914,0.65110,0.63914,0.65010,14141
2020-05-08 00:00:00+00:00,0.65014,0.65479,0.64980,0.65324,11064
2020-05-10 00:00:00+00:00,0.65326,0.65376,0.65146,0.65355,1127
2020-05-11 00:00:00+00:00,0.65352,0.65616,0.64566,0.64843,13075
2020-05-12 00:00:00+00:00,0.64846,0.65361,0.64325,0.64516,16202
2020-05-13 00:00:00+00:00,0.64520,0.65242,0.64388,0.64532,20725
2020-05-14 00:00:00+00:00,0.64536,0.64698,0.64206,0.64320,5877
