time,open,high,low,close,volume
2005-01-03 00:00:00+00:00,1.97100,1.97100,1.94700,1.95400,653
2005-01-04 00:00:00+00:00,1.95000,1.95500,1.94000,1.94600,600
2005-01-05 00:00:00+00:00,1.94800,1.96600,1.94300,1.95400,452
2005-01-06 00:00:00+00:00,1.95400,2.03200,1.95400,2.02700,530
2005-01-07 00:00:00+00:00,2.01300,2.03500,1.99700,2.00900,1067
2005-01-10 00:00:00+00:00,2.00600,2.01200,1.98700,2.01200,608
2005-01-11 00:00:00+00:00,2.00900,2.01700,2.00300,2.00800,577
2005-01-12 00:00:00+00:00,2.00600,2.00800,1.94500,1.95000,826
2005-01-13 00:00:00+00:00,1.95000,1.95500,1.92900,1.94600,587
2005-01-14 00:00:00+00:00,1.94600,1.94900,1.92800,1.93000,342
2005-01-18 00:00:00+00:00,1.92600,1.92600,1.90400,1.90900,540
2005-01-19 00:00:00+00:00,1.91200,1.92700,1.91200,1.92200,443
2005-01-20 00:00:00+00:00,1.92000,1.93500,1.91300,1.92800,519
2005-01-21 00:00:00+00:00,1.93300,1.93600,1.91700,1.92200,366
2005-01-24 00:00:00+00:00,1.92600,1.95400,1.92600,1.93700,538
2005-01-25 00:00:00+00:00,1.93200,1.95400,1.92700,1.95000,456
2005-01-26 00:00:00+00:00,1.94700,1.96500,1.94300,1.94300,549
2005-01-27 00:00:00+00:00,1.93800,1.94100,1.91200,1.91500,543
2005-01-28 00:00:00+00:00,1.91500,1.92500,1.91300,1.91800,398
2005-01-31 00:00:00+00:00,1.91800,1.93800,1.91300,1.93500,543
2005-02-01 00:00:00+00:00,1.93600,1.94600,1.93100,1.93400,482
2005-02-02 00:00:00+00:00,1.92900,1.93200,1.91500,1.91500,386
2005-02-03 00:00:00+00:00,1.91500,1.92100,1.90800,1.91300,337
2005-02-04 00:00:00+00:00,1.91600,1.91900,1.91200,1.91400,304
2005-02-07 00:00:00+00:00,1.91600,1.94200,1.91600,1.93200,387
2005-02-08 00:00:00+00:00,1.92900,1.93700,1.91500,1.91800,337
2005-02-09 00:00:00+00:00,1.91600,1.92900,1.91100,1.92400,363
2005-02-10 00:00:00+00:00,1.92400,1.96900,1.92400,1.95400,555
2005-02-11 00:00:00+00:00,1.94900,1.96200,1.93800,1.95500,429
2005-02-14 00:00:00+00:00,1.95500,1.99000,1.95500,1.98200,578
2005-02-15 00:00:00+00:00,1.97800,1.98100,1.96300,1.97300,414
2005-02-16 00:00:00+00:00,1.97400,1.97600,1.94500,1.94500,372
2005-02-17 00:00:00+00:00,1.94700,1.97800,1.94500,1.97300,375
2005-02-18 00:00:00+00:00,1.96600,1.98600,1.96300,1.98100,368
2005-02-22 00:00:00+00:00,1.98400,2.07100,1.98400,2.05200,729
2005-02-23 00:00:00+00:00,2.05400,2.05400,2.02700,2.04300,403
2005-02-24 00:00:00+00:00,2.04000,2.04800,2.02900,2.04100,380
2005-02-25 00:00:00+00:00,2.03400,2.11100,2.03400,2.09900,531
2005-02-28 00:00:00+00:00,2.09400,2.15100,2.09400,2.13400,406
2005-03-01 00:00:00+00:00,2.10200,2.11800,2.09000,2.09800,173
2005-03-02 00:00:00+00:00,2.08800,2.14300,2.07900,2.08900,169
2005-03-03 00:00:00+00:00,2.08200,2.08500,2.06200,2.08300,113
2005-03-04 00:00:00+00:00,2.08000,2.10100,2.07000,2.07800,80
2005-03-07 00:00:00+00:00,2.07300,2.08900,2.04400,2.04900,105
2005-03-08 00:00:00+00:00,2.04400,2.07000,2.03200,2.06200,78
2005-03-09 00:00:00+00:00,2.06300,2.09100,2.05800,2.08600,69
2005-03-10 00:00:00+00:00,2.08100,2.12400,2.06600,2.12200,120
2005-03-11 00:00:00+00:00,2.13200,2.17500,2.12000,2.17200,133
2005-03-14 00:00:00+00:00,2.15700,2.15700,2.12200,2.12700,710
2005-03-15 00:00:00+00:00,2.12900,2.22700,2.12700,2.20000,1233
2005-03-16 00:00:00+00:00,2.19800,2.21600,2.17300,2.17500,970
2005-03-17 00:00:00+00:00,2.17300,2.18300,2.13200,2.15500,893
2005-03-18 00:00:00+00:00,2.16000,2.17700,2.11700,2.12200,771
2005-03-21 00:00:00+00:00,2.11600,2.12300,2.06100,2.07500,851
2005-03-22 00:00:00+00:00,2.07800,2.09400,2.06900,2.07000,621
2005-03-23 00:00:00+00:00,2.07200,2.07200,2.02700,2.03900,795
2005-03-24 00:00:00+00:00,2.04200,2.04300,2.02800,2.04100,529
2005-03-28 00:00:00+00:00,2.04000,2.07000,2.03300,2.06800,472
2005-03-29 00:00:00+00:00,2.06300,2.08600,2.05700,2.07400,507
2005-03-30 00:00:00+00:00,2.06900,2.08700,2.06500,2.06500,546
2005-03-31 00:00:00+00:00,2.06300,2.12500,2.05100,2.08400,879
2005-04-01 00:00:00+00:00,2.08200,2.08900,2.03600,2.07500,818
2005-04-04 00:00:00+00:00,2.06800,2.07800,2.04500,2.04500,502
2005-04-05 00:00:00+00:00,2.04800,2.04800,2.00500,2.00700,548
2005-04-06 00:00:00+00:00,2.01000,2.03500,2.00700,2.02300,459
2005-04-07 00:00:00+00:00,2.02300,2.03400,2.00700,2.01000,490
2005-04-08 00:00:00+00:00,2.01200,2.02000,1.98600,1.99900,487
2005-04-11 00:00:00+00:00,1.99900,2.02000,1.99000,2.01700,454
2005-04-12 00:00:00+00:00,2.02000,2.04000,2.01100,2.02800,583
2005-04-13 00:00:00+00:00,2.02600,2.02900,2.00000,2.01700,479
2005-04-14 00:00:00+00:00,2.02700,2.05300,2.01800,2.03800,525
2005-04-15 00:00:00+00:00,2.03600,2.04600,2.01200,2.02700,412
2005-04-18 00:00:00+00:00,2.03000,2.03600,2.00900,2.00900,314
2005-04-19 00:00:00+00:00,2.01700,2.06900,2.01400,2.06400,413
2005-04-20 00:00:00+00:00,2.06000,2.08300,2.05700,2.07800,358
2005-04-21 00:00:00+00:00,2.07600,2.08700,2.06200,2.08400,250
2005-04-22 00:00:00+00:00,2.07900,2.08500,2.06300,2.06300,229
2005-04-25 00:00:00+00:00,2.07900,2.12600,2.07900,2.10900,459
2005-04-26 00:00:00+00:00,2.11000,2.11300,2.09500,2.11100,263
2005-04-27 00:00:00+00:00,2.10800,2.11600,2.05500,2.06200,326
2005-04-28 00:00:00+00:00,2.06300,2.08000,2.01900,2.02900,306
2005-04-29 00:00:00+00:00,2.02700,2.04500,2.02200,2.03300,199
2005-05-02 00:00:00+00:00,2.03500,2.03500,1.98900,1.98900,201
2005-05-03 00:00:00+00:00,2.00000,2.00000,1.95600,1.95800,96
2005-05-04 00:00:00+00:00,1.95900,1.98400,1.95900,1.97200,66
2005-05-05 00:00:00+00:00,1.97000,1.99300,1.96300,1.99300,63
2005-05-06 00:00:00+00:00,1.99100,1.99700,1.96900,1.99700,34
2005-05-09 00:00:00+00:00,2.01000,2.02000,1.98300,1.99600,52
2005-05-10 00:00:00+00:00,1.99900,2.01200,1.99400,1.99900,33
2005-05-11 00:00:00+00:00,1.99800,1.99800,1.97600,1.98100,30
2005-05-12 00:00:00+00:00,1.97800,1.97800,1.95400,1.96200,38
2005-05-13 00:00:00+00:00,1.96300,1.96600,1.95200,1.95600,492
2005-05-16 00:00:00+00:00,1.96400,1.99900,1.96400,1.99400,657
2005-05-17 00:00:00+00:00,1.99700,2.00200,1.98100,1.99800,522
2005-05-18 00:00:00+00:00,2.00000,2.05000,1.99300,2.03300,746
2005-05-19 00:00:00+00:00,2.03300,2.05000,2.01900,2.02000,664
2005-05-20 00:00:00+00:00,2.01500,2.06900,2.01500,2.06200,712
2005-05-23 00:00:00+00:00,2.07000,2.17700,2.07000,2.17000,1271
2005-05-24 00:00:00+00:00,2.17000,2.17000,2.13200,2.14500,793
2005-05-25 00:00:00+00:00,2.13800,2.20400,2.11700,2.15800,1171
2005-05-26 00:00:00+00:00,2.15100,2.18600,2.13800,2.18400,839
2005-05-27 00:00:00+00:00,2.18200,2.20100,2.13900,2.14900,746
2005-05-31 00:00:00+00:00,2.19700,2.21600,2.13700,2.15900,1061
2005-06-01 00:00:00+00:00,2.15200,2.19400,2.14300,2.18500,832
2005-06-02 00:00:00+00:00,2.18500,2.18500,2.10300,2.11300,942
2005-06-03 00:00:00+00:00,2.10900,2.13400,2.09600,2.12400,689
2005-06-06 00:00:00+00:00,2.15400,2.20100,2.15300,2.15800,930
2005-06-07 00:00:00+00:00,2.15500,2.18100,2.13600,2.14900,722
2005-06-08 00:00:00+00:00,2.15200,2.15200,2.09900,2.11400,794
2005-06-09 00:00:00+00:00,2.11400,2.12000,2.07800,2.10600,769
2005-06-10 00:00:00+00:00,2.10300,2.13100,2.04600,2.05100,805
2005-06-13 00:00:00+00:00,2.07600,2.12800,2.07300,2.10600,770
2005-06-14 00:00:00+00:00,2.10400,2.15400,2.08400,2.14900,777
2005-06-15 00:00:00+00:00,2.14900,2.22600,2.14200,2.20400,1071
2005-06-16 00:00:00+00:00,2.19700,2.23500,2.19100,2.22100,840
2005-06-17 00:00:00+00:00,2.21400,2.25600,2.21100,2.25400,804
2005-06-20 00:00:00+00:00,2.27700,2.32700,2.27400,2.32000,1004
2005-06-21 00:00:00+00:00,2.32000,2.32000,2.27600,2.28900,677
2005-06-22 00:00:00+00:00,2.29200,2.34200,2.25400,2.26400,711
2005-06-23 00:00:00+00:00,2.25900,2.27500,2.22800,2.23600,467
2005-06-24 00:00:00+00:00,2.23300,2.30600,2.22600,2.29600,535
2005-06-27 00:00:00+00:00,2.30700,2.30900,2.13700,2.19700,727
2005-06-28 00:00:00+00:00,2.19700,2.20000,2.14100,2.16100,550
2005-06-29 00:00:00+00:00,2.16100,2.18900,2.13200,2.14000,406
2005-06-30 00:00:00+00:00,2.14300,2.14300,2.07700,2.11200,328
2005-07-01 00:00:00+00:00,2.13200,2.15300,2.11500,2.14500,154
2005-07-05 00:00:00+00:00,2.18900,2.33700,2.18200,2.29700,214
2005-07-06 00:00:00+00:00,2.29800,2.32600,2.28400,2.30400,135
2005-07-07 00:00:00+00:00,2.28000,2.34000,2.25000,2.33000,121
2005-07-08 00:00:00+00:00,2.32800,2.32800,2.23200,2.25700,94
2005-07-11 00:00:00+00:00,2.23300,2.27600,2.22100,2.26600,64
2005-07-12 00:00:00+00:00,2.26200,2.27800,2.22300,2.27000,101
2005-07-13 00:00:00+00:00,2.24800,2.38400,2.24800,2.37400,113
2005-07-14 00:00:00+00:00,2.37000,2.46200,2.37000,2.42900,769
2005-07-15 00:00:00+00:00,2.41500,2.50000,2.40500,2.49800,706
2005-07-18 00:00:00+00:00,2.52000,2.55200,2.44100,2.52100,984
2005-07-19 00:00:00+00:00,2.50700,2.52200,2.37700,2.40900,889
2005-07-20 00:00:00+00:00,2.40600,2.41600,2.31000,2.34000,716
2005-07-21 00:00:00+00:00,2.34700,2.36000,2.26000,2.26800,634
2005-07-22 00:00:00+00:00,2.27600,2.31200,2.25500,2.26700,604
2005-07-25 00:00:00+00:00,2.27400,2.27900,2.21700,2.24400,616
2005-07-26 00:00:00+00:00,2.25400,2.32500,2.24600,2.28400,628
2005-07-27 00:00:00+00:00,2.27200,2.30900,2.26000,2.30400,384
2005-07-28 00:00:00+00:00,2.30500,2.35400,2.30500,2.34900,457
2005-07-29 00:00:00+00:00,2.35000,2.36500,2.30200,2.30400,446
2005-08-01 00:00:00+00:00,2.29500,2.33300,2.25900,2.26200,455
2005-08-02 00:00:00+00:00,2.26400,2.30200,2.24600,2.27300,475
2005-08-03 00:00:00+00:00,2.27300,2.28100,2.20000,2.21500,645
2005-08-04 00:00:00+00:00,2.22000,2.22000,2.19200,2.19900,403
2005-08-05 00:00:00+00:00,2.19700,2.21400,2.15400,2.15600,474
2005-08-08 00:00:00+00:00,2.21300,2.22500,2.16700,2.18200,417
2005-08-09 00:00:00+00:00,2.18200,2.18700,2.13400,2.14400,450
2005-08-10 00:00:00+00:00,2.14900,2.19400,2.14500,2.19400,379
2005-08-11 00:00:00+00:00,2.18900,2.22000,2.18900,2.21000,426
2005-08-12 00:00:00+00:00,2.20300,2.21000,2.13800,2.14000,435
2005-08-15 00:00:00+00:00,2.13800,2.14000,2.06700,2.07000,480
2005-08-16 00:00:00+00:00,2.07200,2.09500,2.06100,2.06300,345
2005-08-17 00:00:00+00:00,2.06100,2.10400,2.05200,2.09900,375
2005-08-18 00:00:00+00:00,2.09700,2.11500,2.08000,2.08500,307
2005-08-19 00:00:00+00:00,2.08300,2.09600,2.05900,2.07100,340
2005-08-22 00:00:00+00:00,2.08100,2.10900,2.07900,2.10200,267
2005-08-23 00:00:00+00:00,2.10200,2.13200,2.07600,2.08300,324
2005-08-24 00:00:00+00:00,2.08100,2.08700,2.06000,2.06700,255
2005-08-25 00:00:00+00:00,2.06300,2.07800,2.03100,2.04300,345
2005-08-26 00:00:00+00:00,2.03900,2.04500,2.01000,2.01500,315
2005-08-29 00:00:00+00:00,2.02000,2.07000,2.02000,2.03300,407
2005-08-30 00:00:00+00:00,2.02600,2.05400,2.01400,2.01900,346
2005-08-31 00:00:00+00:00,2.01500,2.03000,1.98600,2.00300,230
2005-09-01 00:00:00+00:00,2.00100,2.06600,2.00100,2.06100,132
2005-09-02 00:00:00+00:00,2.05700,2.07400,2.01800,2.02000,75
2005-09-06 00:00:00+00:00,2.02600,2.07600,2.02600,2.07200,72
2005-09-07 00:00:00+00:00,2.05800,2.06000,2.03000,2.03500,61
2005-09-08 00:00:00+00:00,2.03800,2.04400,2.01900,2.02400,64
2005-09-09 00:00:00+00:00,2.02400,2.03500,2.02400,2.02800,33
2005-09-12 00:00:00+00:00,2.02800,2.02800,1.95100,1.98300,71
2005-09-13 00:00:00+00:00,1.99900,1.99900,1.95900,1.98400,40
2005-09-14 00:00:00+00:00,1.97500,1.97600,1.95200,1.95700,612
2005-09-15 00:00:00+00:00,1.95700,1.96300,1.94200,1.94900,678
2005-09-16 00:00:00+00:00,1.94400,1.96400,1.94000,1.94500,589
2005-09-19 00:00:00+00:00,1.94600,1.96300,1.94300,1.95400,571
2005-09-20 00:00:00+00:00,1.95200,1.96400,1.94800,1.95700,535
2005-09-21 00:00:00+00:00,1.95800,1.96300,1.94400,1.95600,606
2005-09-22 00:00:00+00:00,1.95700,1.99100,1.94700,1.97200,813
2005-09-23 00:00:00+00:00,1.97200,1.99000,1.96100,1.96400,561
2005-09-26 00:00:00+00:00,1.96200,1.96700,1.94100,1.94400,535
2005-09-27 00:00:00+00:00,1.94400,1.94500,1.93100,1.93100,536
2005-09-28 00:00:00+00:00,1.93100,1.95300,1.92900,1.93400,571
2005-09-29 00:00:00+00:00,1.93700,1.95000,1.92800,1.94000,527
2005-09-30 00:00:00+00:00,1.93600,1.97200,1.93300,1.96100,749
2005-10-03 00:00:00+00:00,1.95900,2.00000,1.95700,1.99800,787
2005-10-04 00:00:00+00:00,1.99600,1.99600,1.95600,1.96800,631
2005-10-05 00:00:00+00:00,1.96600,1.98600,1.95500,1.96000,512
2005-10-06 00:00:00+00:00,1.95800,1.97700,1.94900,1.95400,569
2005-10-07 00:00:00+00:00,1.95400,1.96200,1.93600,1.93600,550
2005-10-09 00:00:00+00:00,1.94100,1.94400,1.93900,1.93900,16
2005-10-10 00:00:00+00:00,1.93900,1.94400,1.93500,1.93800,424
2005-10-11 00:00:00+00:00,1.93800,1.96200,1.93500,1.93900,705
2005-10-12 00:00:00+00:00,1.93900,1.99300,1.93900,1.96700,914
2005-10-13 00:00:00+00:00,1.96900,1.97400,1.94800,1.95100,744
2005-10-14 00:00:00+00:00,1.95100,1.95900,1.93500,1.95700,708
2005-10-16 00:00:00+00:00,1.95700,1.95700,1.95000,1.95200,15
2005-10-17 00:00:00+00:00,1.95500,1.97000,1.93900,1.96300,652
2005-10-18 00:00:00+00:00,1.96100,1.96800,1.94500,1.94800,503
2005-10-19 00:00:00+00:00,1.94500,1.95100,1.94100,1.94700,518
2005-10-20 00:00:00+00:00,1.94700,1.96000,1.94000,1.95000,484
2005-10-21 00:00:00+00:00,1.95300,1.95300,1.94100,1.94600,508
2005-10-23 00:00:00+00:00,1.94700,1.94700,1.94400,1.94700,12
2005-10-24 00:00:00+00:00,1.94700,1.95000,1.92800,1.93100,576
2005-10-25 00:00:00+00:00,1.92900,1.94200,1.92500,1.92700,521
2005-10-26 00:00:00+00:00,1.92700,1.93300,1.91900,1.91900,420
2005-10-27 00:00:00+00:00,1.91900,1.92400,1.91500,1.91800,470
2005-10-28 00:00:00+00:00,1.91500,1.92300,1.90900,1.91200,454
2005-10-31 00:00:00+00:00,1.91400,1.91700,1.90600,1.90600,499
2005-11-01 00:00:00+00:00,1.90800,1.93100,1.90600,1.91400,643
2005-11-02 00:00:00+00:00,1.90900,1.91500,1.90300,1.90800,406
2005-11-03 00:00:00+00:00,1.90800,1.92400,1.90800,1.91400,487
2005-11-04 00:00:00+00:00,1.91200,1.91900,1.90300,1.90300,504
2005-11-07 00:00:00+00:00,1.90600,1.90900,1.89700,1.90000,422
2005-11-08 00:00:00+00:00,1.90000,1.91300,1.89800,1.90800,381
2005-11-09 00:00:00+00:00,1.90600,1.91900,1.90200,1.90900,471
2005-11-10 00:00:00+00:00,1.90700,1.91300,1.89300,1.89300,441
2005-11-11 00:00:00+00:00,1.89600,1.91900,1.89200,1.91400,460
2005-11-14 00:00:00+00:00,1.91900,1.95700,1.91900,1.93300,701
2005-11-15 00:00:00+00:00,1.92800,1.94800,1.91900,1.92200,506
2005-11-16 00:00:00+00:00,1.92200,1.93000,1.88900,1.89100,579
2005-11-17 00:00:00+00:00,1.89100,1.89500,1.88500,1.88700,467
2005-11-18 00:00:00+00:00,1.88800,1.89100,1.87600,1.87900,404
2005-11-21 00:00:00+00:00,1.88400,1.89500,1.88400,1.88700,383
2005-11-22 00:00:00+00:00,1.88800,1.90100,1.88500,1.88900,419
2005-11-23 00:00:00+00:00,1.88900,1.89200,1.88000,1.88000,202
2005-11-25 00:00:00+00:00,1.88400,1.88900,1.87000,1.87500,185
2005-11-28 00:00:00+00:00,1.88000,1.88300,1.85400,1.85600,391
2005-11-29 00:00:00+00:00,1.85900,1.86100,1.84300,1.84500,301
2005-11-30 00:00:00+00:00,1.84500,1.86100,1.84000,1.86100,226
2005-12-01 00:00:00+00:00,1.86400,1.88000,1.85000,1.87700,161
2005-12-02 00:00:00+00:00,1.87500,1.89800,1.87300,1.88600,110
2005-12-05 00:00:00+00:00,1.88400,1.93700,1.88100,1.92900,111
2005-12-06 00:00:00+00:00,1.92000,1.92500,1.89100,1.89600,61
2005-12-07 00:00:00+00:00,1.89100,1.89700,1.86000,1.86000,60
2005-12-08 00:00:00+00:00,1.86200,1.88100,1.86100,1.87600,36
2005-12-09 00:00:00+00:00,1.87400,1.89500,1.85400,1.88900,54
2005-12-12 00:00:00+00:00,1.90500,1.94800,1.90500,1.93800,56
2005-12-13 00:00:00+00:00,1.94900,1.95500,1.90900,1.95300,69
2005-12-14 00:00:00+00:00,1.95300,1.96600,1.93300,1.93800,722
2005-12-15 00:00:00+00:00,1.93300,1.93700,1.91600,1.91600,480
2005-12-16 00:00:00+00:00,1.91600,1.95700,1.91100,1.94500,723
2005-12-19 00:00:00+00:00,1.94400,1.97000,1.94000,1.96100,610
2005-12-20 00:00:00+00:00,1.95900,1.99300,1.95800,1.97200,708
2005-12-21 00:00:00+00:00,1.96800,1.97800,1.95500,1.97800,614
2005-12-22 00:00:00+00:00,1.97200,2.00600,1.97200,2.00600,659
2005-12-23 00:00:00+00:00,2.00100,2.01900,1.99700,2.01400,597
2005-12-27 00:00:00+00:00,2.01400,2.03900,2.00800,2.03900,762
2005-12-28 00:00:00+00:00,2.03200,2.05200,2.03100,2.04500,777
2005-12-29 00:00:00+00:00,2.04300,2.04400,1.99000,2.00000,664
2005-12-30 00:00:00+00:00,1.99500,2.05500,1.98200,2.05100,716
2006-01-03 00:00:00+00:00,2.04400,2.09900,2.04100,2.08800,1225
2006-01-04 00:00:00+00:00,2.08100,2.08900,2.05600,2.07300,802
2006-01-05 00:00:00+00:00,2.07300,2.07300,2.02600,2.05000,859
2006-01-06 00:00:00+00:00,2.04600,2.06100,2.03300,2.04000,723
2006-01-09 00:00:00+00:00,2.03100,2.03100,2.00100,2.01300,856
2006-01-10 00:00:00+00:00,2.01800,2.03900,2.00500,2.03900,680
2006-01-11 00:00:00+00:00,2.03400,2.05200,2.03000,2.05000,798
2006-01-12 00:00:00+00:00,2.04500,2.04600,2.00300,2.03200,738
2006-01-13 00:00:00+00:00,2.03500,2.04800,2.02500,2.04300,590
2006-01-17 00:00:00+00:00,2.04300,2.04900,1.99900,2.00400,784
2006-01-18 00:00:00+00:00,2.00200,2.00400,1.96900,1.97900,749
2006-01-19 00:00:00+00:00,1.97900,1.99000,1.96800,1.97100,554
2006-01-20 00:00:00+00:00,1.97300,1.97900,1.95800,1.97200,591
2006-01-23 00:00:00+00:00,1.97300,2.01000,1.97300,2.01000,665
2006-01-24 00:00:00+00:00,2.01000,2.06000,2.00400,2.06000,885
2006-01-25 00:00:00+00:00,2.05800,2.10700,2.05100,2.08800,1160
2006-01-26 00:00:00+00:00,2.08100,2.09900,2.06500,2.09700,774
2006-01-27 00:00:00+00:00,2.09200,2.13500,2.09200,2.11800,1053
2006-01-30 00:00:00+00:00,2.11400,2.15100,2.10000,2.10800,1102
2006-01-31 00:00:00+00:00,2.10600,2.12600,2.09700,2.12200,751
2006-02-01 00:00:00+00:00,2.11500,2.12000,2.08900,2.09400,856
2006-02-02 00:00:00+00:00,2.09700,2.14700,2.09200,2.13900,718
2006-02-03 00:00:00+00:00,2.13700,2.19400,2.13700,2.18700,1299
2006-02-06 00:00:00+00:00,2.18600,2.21300,2.16000,2.16500,993
2006-02-07 00:00:00+00:00,2.16800,2.19000,2.12300,2.12300,739
2006-02-08 00:00:00+00:00,2.12600,2.19000,2.10700,2.16100,1079
2006-02-09 00:00:00+00:00,2.16600,2.21100,2.16200,2.20200,973
2006-02-10 00:00:00+00:00,2.20700,2.21400,2.14900,2.15900,893
2006-02-13 00:00:00+00:00,2.17300,2.18700,2.13900,2.16400,889
2006-02-14 00:00:00+00:00,2.16400,2.16700,2.12900,2.14100,559
2006-02-15 00:00:00+00:00,2.14200,2.18200,2.12800,2.17700,639
2006-02-16 00:00:00+00:00,2.17200,2.20100,2.16800,2.19600,803
2006-02-17 00:00:00+00:00,2.18900,2.22900,2.18600,2.22400,687
2006-02-21 00:00:00+00:00,2.22000,2.23500,2.21100,2.22800,545
2006-02-22 00:00:00+00:00,2.22600,2.23700,2.17800,2.18600,511
2006-02-23 00:00:00+00:00,2.18400,2.21000,2.16500,2.20200,476
2006-02-24 00:00:00+00:00,2.20000,2.25100,2.19500,2.25100,520
2006-02-27 00:00:00+00:00,2.25400,2.25900,2.23000,2.25100,552
2006-02-28 00:00:00+00:00,2.24600,2.26500,2.24000,2.26000,278
2006-03-01 00:00:00+00:00,2.24800,2.25900,2.21700,2.21900,203
2006-03-02 00:00:00+00:00,2.22000,2.27100,2.20600,2.26600,195
2006-03-03 00:00:00+00:00,2.26600,2.27700,2.25100,2.27200,125
2006-03-06 00:00:00+00:00,2.26600,2.26600,2.20500,2.21500,161
2006-03-07 00:00:00+00:00,2.21800,2.22900,2.19700,2.19900,127
2006-03-08 00:00:00+00:00,2.20000,2.20600,2.17900,2.17900,138
2006-03-09 00:00:00+00:00,2.18200,2.22500,2.18200,2.22500,72
2006-03-10 00:00:00+00:00,2.22500,2.26200,2.20700,2.25400,101
2006-03-13 00:00:00+00:00,2.23300,2.23400,2.19400,2.20400,116
2006-03-14 00:00:00+00:00,2.19700,2.23700,2.17700,2.23500,818
2006-03-15 00:00:00+00:00,2.23300,2.24800,2.19500,2.21200,750
2006-03-16 00:00:00+00:00,2.21000,2.21600,2.16300,2.16500,698
2006-03-17 00:00:00+00:00,2.17000,2.17300,2.13300,2.14000,813
2006-03-20 00:00:00+00:00,2.14300,2.14800,2.10000,2.11000,814
2006-03-21 00:00:00+00:00,2.11300,2.16900,2.10600,2.16400,737
2006-03-22 00:00:00+00:00,2.16000,2.18300,2.14200,2.15600,727
2006-03-23 00:00:00+00:00,2.15200,2.15500,2.12100,2.12400,645
2006-03-24 00:00:00+00:00,2.12900,2.14700,2.11800,2.12500,536
2006-03-27 00:00:00+00:00,2.12800,2.16800,2.12100,2.15300,701
2006-03-28 00:00:00+00:00,2.15100,2.16900,2.14500,2.16200,515
2006-03-29 00:00:00+00:00,2.16000,2.19000,2.16000,2.18500,588
2006-03-30 00:00:00+00:00,2.18000,2.22000,2.17800,2.21800,685
2006-03-31 00:00:00+00:00,2.21300,2.36800,2.20900,2.30200,1120
2006-04-02 00:00:00+00:00,2.29300,2.29600,2.28400,2.29600,67
2006-04-03 00:00:00+00:00,2.30100,2.32800,2.28900,2.30200,890
2006-04-04 00:00:00+00:00,2.30400,2.30500,2.28100,2.28600,507
2006-04-05 00:00:00+00:00,2.28900,2.31700,2.28200,2.31500,560
2006-04-06 00:00:00+00:00,2.31500,2.36500,2.31200,2.35800,880
2006-04-07 00:00:00+00:00,2.35800,2.38600,2.32900,2.37800,910
2006-04-09 00:00:00+00:00,2.38200,2.38200,2.37400,2.37900,44
2006-04-10 00:00:00+00:00,2.37900,2.39200,2.34600,2.36400,770
2006-04-11 00:00:00+00:00,2.36400,2.38000,2.34500,2.37700,564
2006-04-12 00:00:00+00:00,2.37700,2.38000,2.32200,2.32500,686
2006-04-13 00:00:00+00:00,2.32200,2.33600,2.30800,2.31800,582
2006-04-17 00:00:00+00:00,2.33800,2.37100,2.31900,2.32900,527
2006-04-18 00:00:00+00:00,2.33200,2.37000,2.32900,2.35800,384
2006-04-19 00:00:00+00:00,2.36100,2.38800,2.33700,2.34500,424
2006-04-20 00:00:00+00:00,2.34700,2.36000,2.30900,2.32400,439
2006-04-21 00:00:00+00:00,2.32400,2.35000,2.31000,2.33700,353
2006-04-23 00:00:00+00:00,2.33600,2.34800,2.33600,2.34600,14
2006-04-24 00:00:00+00:00,2.34300,2.37300,2.29800,2.30000,470
2006-04-25 00:00:00+00:00,2.30000,2.31100,2.27400,2.28700,355
2006-04-26 00:00:00+00:00,2.28700,2.30700,2.28000,2.29300,372
2006-04-27 00:00:00+00:00,2.29600,2.29800,2.26700,2.29200,332
2006-04-28 00:00:00+00:00,2.28900,2.37200,2.28500,2.36000,267
2006-05-01 00:00:00+00:00,2.36600,2.39200,2.34200,2.34500,132
2006-05-02 00:00:00+00:00,2.34500,2.35700,2.31600,2.32600,126
2006-05-03 00:00:00+00:00,2.32900,2.33700,2.29300,2.30100,128
2006-05-04 00:00:00+00:00,2.30300,2.32400,2.28200,2.28700,98
2006-05-05 00:00:00+00:00,2.30200,2.33000,2.29100,2.29800,64
2006-05-08 00:00:00+00:00,2.29900,2.29900,2.25200,2.26800,89
2006-05-09 00:00:00+00:00,2.28000,2.30100,2.27600,2.27900,68
2006-05-10 00:00:00+00:00,2.29800,2.32800,2.29000,2.30000,57
2006-05-11 00:00:00+00:00,2.33200,2.37900,2.32900,2.37700,63
2006-05-12 00:00:00+00:00,2.36500,2.51200,2.36300,2.47600,1364
2006-05-14 00:00:00+00:00,2.48700,2.50600,2.48200,2.50400,96
2006-05-15 00:00:00+00:00,2.50600,2.51100,2.45700,2.49600,1158
2006-05-16 00:00:00+00:00,2.49600,2.50700,2.46800,2.50300,890
2006-05-17 00:00:00+00:00,2.50300,2.54000,2.47700,2.53800,1209
2006-05-18 00:00:00+00:00,2.53800,2.54400,2.49400,2.49600,913
2006-05-19 00:00:00+00:00,2.49600,2.49900,2.43300,2.43300,1027
2006-05-21 00:00:00+00:00,2.45500,2.46000,2.43600,2.44300,76
2006-05-22 00:00:00+00:00,2.44100,2.46200,2.39300,2.45200,1172
2006-05-23 00:00:00+00:00,2.45200,2.47300,2.42000,2.43000,1005
2006-05-24 00:00:00+00:00,2.42800,2.43700,2.39700,2.41900,763
2006-05-25 00:00:00+00:00,2.41700,2.46200,2.39300,2.46200,873
2006-05-26 00:00:00+00:00,2.46200,2.49200,2.45600,2.45900,861
2006-05-29 00:00:00+00:00,2.46900,2.47800,2.44900,2.46900,55
2006-05-30 00:00:00+00:00,2.46900,2.50100,2.45800,2.47300,833
2006-05-31 00:00:00+00:00,2.47500,2.47800,2.42800,2.44800,838
2006-06-01 00:00:00+00:00,2.44500,2.48600,2.40500,2.47900,939
2006-06-02 00:00:00+00:00,2.47900,2.52900,2.45200,2.52400,982
2006-06-05 00:00:00+00:00,2.49600,2.51400,2.45400,2.46100,726
2006-06-06 00:00:00+00:00,2.45800,2.46300,2.41300,2.42400,810
2006-06-07 00:00:00+00:00,2.42400,2.45700,2.38600,2.44700,1140
2006-06-08 00:00:00+00:00,2.44700,2.45700,2.38800,2.39500,837
2006-06-09 00:00:00+00:00,2.39300,2.41800,2.34700,2.36200,962
2006-06-11 00:00:00+00:00,2.43900,2.44200,2.41200,2.43400,143
2006-06-12 00:00:00+00:00,2.43700,2.46000,2.41100,2.42100,1096
2006-06-13 00:00:00+00:00,2.42100,2.42400,2.37300,2.39300,921
2006-06-14 00:00:00+00:00,2.39600,2.39700,2.32100,2.33100,947
2006-06-15 00:00:00+00:00,2.33100,2.34200,2.27600,2.31600,1040
2006-06-16 00:00:00+00:00,2.31100,2.32800,2.29200,2.30700,619
2006-06-18 00:00:00+00:00,2.29600,2.29800,2.28100,2.29600,69
2006-06-19 00:00:00+00:00,2.29300,2.31100,2.25700,2.26300,602
2006-06-20 00:00:00+00:00,2.26300,2.27000,2.24100,2.26900,492
2006-06-21 00:00:00+00:00,2.26900,2.30000,2.26300,2.29500,412
2006-06-22 00:00:00+00:00,2.29500,2.30600,2.26400,2.27500,464
2006-06-23 00:00:00+00:00,2.27500,2.27500,2.24900,2.25100,297
2006-06-25 00:00:00+00:00,2.23700,2.23700,2.21800,2.21800,31
2006-06-26 00:00:00+00:00,2.21500,2.22300,2.18400,2.19400,532
2006-06-27 00:00:00+00:00,2.19400,2.23300,2.18900,2.22500,470
2006-06-28 00:00:00+00:00,2.22300,2.26100,2.20400,2.23200,471
2006-06-29 00:00:00+00:00,2.23200,2.28500,2.22900,2.28300,439
2006-06-30 00:00:00+00:00,2.27600,2.33900,2.27300,2.32900,338
2006-07-02 00:00:00+00:00,2.37400,2.39200,2.37400,2.38200,9
2006-07-03 00:00:00+00:00,2.37900,2.42300,2.35800,2.41800,143
2006-07-04 00:00:00+00:00,2.44700,2.44700,2.44700,2.44700,2
2006-07-05 00:00:00+00:00,2.45500,2.45500,2.36900,2.38900,201
2006-07-06 00:00:00+00:00,2.38200,2.45500,2.37700,2.45500,103
2006-07-07 00:00:00+00:00,2.45300,2.45600,2.36900,2.39900,130
2006-07-09 00:00:00+00:00,2.45300,2.45500,2.45300,2.45500,2
2006-07-10 00:00:00+00:00,2.45800,2.50600,2.42300,2.49700,136
2006-07-11 00:00:00+00:00,2.50200,2.54500,2.49100,2.53600,112
2006-07-12 00:00:00+00:00,2.52400,2.59200,2.49200,2.56500,111
2006-07-13 00:00:00+00:00,2.54900,2.55100,2.51900,2.52400,67
2006-07-14 00:00:00+00:00,2.51900,2.55600,2.48000,2.53200,763
2006-07-16 00:00:00+00:00,2.51500,2.52000,2.48600,2.49600,77
2006-07-17 00:00:00+00:00,2.49100,2.51900,2.44300,2.46100,594
2006-07-18 00:00:00+00:00,2.46300,2.46300,2.37400,2.39900,665
2006-07-19 00:00:00+00:00,2.39900,2.40000,2.32200,2.37300,748
2006-07-20 00:00:00+00:00,2.37300,2.41500,2.34500,2.36200,734
2006-07-21 00:00:00+00:00,2.36500,2.36500,2.29000,2.31000,627
2006-07-23 00:00:00+00:00,2.31200,2.31900,2.29700,2.30000,32
2006-07-24 00:00:00+00:00,2.30500,2.36200,2.29300,2.35700,475
2006-07-25 00:00:00+00:00,2.35700,2.38200,2.33400,2.34600,549
2006-07-26 00:00:00+00:00,2.34900,2.36400,2.30100,2.30800,431
2006-07-27 00:00:00+00:00,2.30600,2.33100,2.29900,2.32900,451
2006-07-28 00:00:00+00:00,2.32900,2.33700,2.31000,2.32000,334
2006-07-30 00:00:00+00:00,2.34200,2.34500,2.32700,2.34000,27
2006-07-31 00:00:00+00:00,2.33700,2.35000,2.31800,2.34300,447
2006-08-01 00:00:00+00:00,2.34300,2.37400,2.32200,2.36900,670
2006-08-02 00:00:00+00:00,2.37100,2.43300,2.37000,2.40400,755
2006-08-03 00:00:00+00:00,2.40400,2.42200,2.39000,2.41500,558
2006-08-04 00:00:00+00:00,2.41500,2.43800,2.38900,2.40100,402
2006-08-06 00:00:00+00:00,2.38500,2.38500,2.37500,2.38000,22
2006-08-07 00:00:00+00:00,2.38200,2.38500,2.34100,2.34100,431
2006-08-08 00:00:00+00:00,2.34600,2.35100,2.30800,2.32100,470
2006-08-09 00:00:00+00:00,2.32100,2.36100,2.31300,2.35600,397
2006-08-10 00:00:00+00:00,2.35900,2.36400,2.34200,2.35000,394
2006-08-11 00:00:00+00:00,2.35000,2.35800,2.20600,2.20800,768
2006-08-13 00:00:00+00:00,2.21100,2.21100,2.17600,2.17900,32
2006-08-14 00:00:00+00:00,2.17600,2.19900,2.14700,2.19700,664
2006-08-15 00:00:00+00:00,2.19700,2.20000,2.14800,2.19800,478
2006-08-16 00:00:00+00:00,2.20000,2.22100,2.17900,2.17900,462
2006-08-17 00:00:00+00:00,2.18400,2.20700,2.14800,2.17100,461
2006-08-18 00:00:00+00:00,2.17100,2.17800,2.14200,2.16900,392
2006-08-20 00:00:00+00:00,2.17100,2.17900,2.16400,2.17400,13
2006-08-21 00:00:00+00:00,2.16900,2.18900,2.16900,2.18700,327
2006-08-22 00:00:00+00:00,2.18700,2.19300,2.16100,2.17600,300
2006-08-23 00:00:00+00:00,2.17600,2.22600,2.16600,2.21700,437
2006-08-24 00:00:00+00:00,2.21700,2.25700,2.21400,2.25000,463
2006-08-25 00:00:00+00:00,2.24700,2.26000,2.21300,2.23100,467
2006-08-27 00:00:00+00:00,2.22600,2.23800,2.22300,2.23600,20
2006-08-28 00:00:00+00:00,2.23600,2.25600,2.22200,2.23200,394
2006-08-29 00:00:00+00:00,2.22700,2.23500,2.20600,2.21100,352
2006-08-30 00:00:00+00:00,2.20800,2.27600,2.20300,2.27100,506
2006-08-31 00:00:00+00:00,2.27600,2.30700,2.25500,2.30200,319
2006-09-01 00:00:00+00:00,2.29500,2.30300,2.28100,2.28600,141
2006-09-04 00:00:00+00:00,2.29400,2.30700,2.29400,2.30700,10
2006-09-05 00:00:00+00:00,2.31200,2.33000,2.26300,2.27100,170
2006-09-06 00:00:00+00:00,2.27600,2.30800,2.25200,2.25200,97
2006-09-07 00:00:00+00:00,2.25500,2.31000,2.23500,2.31000,116
2006-09-08 00:00:00+00:00,2.30800,2.32400,2.28900,2.30900,49
2006-09-11 00:00:00+00:00,2.31600,2.31600,2.24700,2.28200,91
2006-09-12 00:00:00+00:00,2.25100,2.26100,2.22800,2.23100,57
2006-09-13 00:00:00+00:00,2.22900,2.25700,2.22100,2.25500,116
2006-09-14 00:00:00+00:00,2.25500,2.26500,2.23000,2.23500,956
2006-09-15 00:00:00+00:00,2.23500,2.29000,2.22600,2.28100,1093
2006-09-17 00:00:00+00:00,2.29300,2.31500,2.29300,2.30000,67
2006-09-18 00:00:00+00:00,2.29800,2.35100,2.28900,2.33700,1439
2006-09-19 00:00:00+00:00,2.33700,2.36000,2.31300,2.32900,1295
2006-09-20 00:00:00+00:00,2.32900,2.36400,2.32700,2.35500,1096
2006-09-21 00:00:00+00:00,2.35700,2.44100,2.35000,2.42700,1660
2006-09-22 00:00:00+00:00,2.42500,2.44300,2.41200,2.41700,1181
2006-09-24 00:00:00+00:00,2.40600,2.41300,2.40100,2.41100,86
2006-09-25 00:00:00+00:00,2.41300,2.42900,2.39700,2.42400,1217
2006-09-26 00:00:00+00:00,2.42600,2.47000,2.42200,2.46100,1245
2006-09-27 00:00:00+00:00,2.46100,2.48100,2.41000,2.41800,1249
2006-09-28 00:00:00+00:00,2.41500,2.52200,2.41500,2.51700,1818
2006-09-29 00:00:00+00:00,2.51900,2.55100,2.48900,2.50600,1983
2006-10-01 00:00:00+00:00,2.51200,2.57000,2.51200,2.56500,117
2006-10-02 00:00:00+00:00,2.57000,2.57400,2.53000,2.54500,1677
2006-10-03 00:00:00+00:00,2.54200,2.54800,2.49800,2.52000,1123
2006-10-04 00:00:00+00:00,2.52000,2.63600,2.49800,2.61500,1907
2006-10-05 00:00:00+00:00,2.61800,2.64000,2.57300,2.59500,2474
2006-10-06 00:00:00+00:00,2.59500,2.63900,2.57900,2.59700,1581
2006-10-08 00:00:00+00:00,2.59800,2.61000,2.59100,2.59100,67
2006-10-09 00:00:00+00:00,2.59100,2.78800,2.58600,2.74800,2844
2006-10-10 00:00:00+00:00,2.75100,2.80900,2.63700,2.64700,2927
2006-10-11 00:00:00+00:00,2.64400,2.77700,2.64000,2.72300,3052
2006-10-12 00:00:00+00:00,2.72300,2.91900,2.68500,2.88800,3057
2006-10-13 00:00:00+00:00,2.88600,3.04600,2.88100,3.03100,2972
2006-10-15 00:00:00+00:00,3.01900,3.01900,2.99500,3.00200,162
2006-10-16 00:00:00+00:00,3.00200,3.05800,2.97600,3.04700,2640
2006-10-17 00:00:00+00:00,3.04700,3.12500,3.04500,3.07100,2595
2006-10-18 00:00:00+00:00,3.07100,3.07300,3.02100,3.03200,1904
2006-10-19 00:00:00+00:00,3.03400,3.10300,3.02800,3.05300,2122
2006-10-20 00:00:00+00:00,3.05500,3.07500,3.00600,3.01800,1688
2006-10-22 00:00:00+00:00,3.00800,3.01300,3.00100,3.01300,80
2006-10-23 00:00:00+00:00,3.01100,3.09700,2.96800,3.08000,2295
2006-10-24 00:00:00+00:00,3.08000,3.16200,3.06000,3.13500,2240
2006-10-25 00:00:00+00:00,3.14300,3.23400,3.14100,3.15700,3005
2006-10-26 00:00:00+00:00,3.15500,3.18300,3.11700,3.16900,2297
2006-10-27 00:00:00+00:00,3.17400,3.23800,3.17100,3.21600,2320
2006-10-30 00:00:00+00:00,3.20400,3.23400,3.17900,3.20600,1983
2006-10-31 00:00:00+00:00,3.20600,3.20900,3.11300,3.12000,1820
2006-11-01 00:00:00+00:00,3.13100,3.25400,3.12000,3.24900,1957
2006-11-02 00:00:00+00:00,3.24900,3.44100,3.24900,3.34100,3601
2006-11-03 00:00:00+00:00,3.34600,3.38900,3.30800,3.33600,2372
2006-11-06 00:00:00+00:00,3.33800,3.38100,3.30800,3.35700,1946
2006-11-07 00:00:00+00:00,3.35700,3.44200,3.33200,3.42800,1925
2006-11-08 00:00:00+00:00,3.43000,3.58600,3.42600,3.49800,3531
2006-11-09 00:00:00+00:00,3.50600,3.54100,3.41300,3.43200,2747
2006-11-10 00:00:00+00:00,3.41800,3.42600,3.34600,3.36300,2203
2006-11-13 00:00:00+00:00,3.34100,3.45200,3.33400,3.35500,2112
2006-11-14 00:00:00+00:00,3.35300,3.54900,3.34900,3.50700,2777
2006-11-15 00:00:00+00:00,3.51200,3.59300,3.47400,3.52200,2864
2006-11-16 00:00:00+00:00,3.51700,3.58500,3.43500,3.45500,2849
2006-11-17 00:00:00+00:00,3.45100,3.49700,3.40100,3.49400,2202
2006-11-20 00:00:00+00:00,3.51200,3.65800,3.51200,3.54500,2655
2006-11-21 00:00:00+00:00,3.54100,3.56700,3.51800,3.56500,1280
2006-11-22 00:00:00+00:00,3.56300,3.60600,3.52500,3.57900,1061
2006-11-24 00:00:00+00:00,3.57800,3.65300,3.57200,3.64300,733
2006-11-27 00:00:00+00:00,3.65100,3.72600,3.62600,3.67500,1558
2006-11-28 00:00:00+00:00,3.67600,3.69600,3.60800,3.64600,1076
2006-11-29 00:00:00+00:00,3.64800,3.67800,3.57800,3.67000,1003
2006-11-30 00:00:00+00:00,3.67600,3.74700,3.60100,3.73700,805
2006-12-01 00:00:00+00:00,3.73500,3.74600,3.68000,3.70200,481
2006-12-04 00:00:00+00:00,3.71300,3.71300,3.57300,3.60500,507
2006-12-05 00:00:00+00:00,3.59300,3.65000,3.55800,3.63500,354
2006-12-06 00:00:00+00:00,3.63500,3.63500,3.49800,3.51300,370
2006-12-07 00:00:00+00:00,3.49100,3.58000,3.47600,3.56500,282
2006-12-08 00:00:00+00:00,3.56800,3.58700,3.52000,3.53000,232
2006-12-11 00:00:00+00:00,3.52200,3.59200,3.48400,3.54900,283
2006-12-12 00:00:00+00:00,3.55700,3.61100,3.55700,3.58200,227
2006-12-13 00:00:00+00:00,3.58700,3.58700,3.50900,3.53900,278
2006-12-14 00:00:00+00:00,3.53900,3.59500,3.51800,3.56900,1830
2006-12-15 00:00:00+00:00,3.57400,3.58100,3.52500,3.54900,1700
2006-12-18 00:00:00+00:00,3.55000,3.56000,3.48600,3.52000,1605
2006-12-19 00:00:00+00:00,3.51800,3.59600,3.50800,3.59400,1514
2006-12-20 00:00:00+00:00,3.59200,3.62400,3.56600,3.59300,1473
2006-12-21 00:00:00+00:00,3.59600,3.65000,3.59300,3.64300,1634
2006-12-22 00:00:00+00:00,3.64300,3.70700,3.64300,3.70000,1411
2006-12-26 00:00:00+00:00,3.72100,3.75900,3.71600,3.75000,1214
2006-12-27 00:00:00+00:00,3.75000,3.76000,3.70800,3.74200,1407
2006-12-28 00:00:00+00:00,3.73500,3.79200,3.72800,3.76000,1414
2006-12-29 00:00:00+00:00,3.75600,3.78400,3.75000,3.77400,1043
2007-01-02 00:00:00+00:00,3.77200,3.78400,3.75500,3.76300,267
2007-01-03 00:00:00+00:00,3.76200,3.76400,3.59100,3.59300,2417
2007-01-04 00:00:00+00:00,3.59900,3.61400,3.49800,3.52200,2632
2007-01-05 00:00:00+00:00,3.51800,3.57900,3.48500,3.57500,2378
2007-01-08 00:00:00+00:00,3.58500,3.59300,3.51100,3.52600,2231
2007-01-09 00:00:00+00:00,3.52600,3.52600,3.44200,3.44500,2933
2007-01-10 00:00:00+00:00,3.44300,3.53600,3.42900,3.51400,2786
2007-01-11 00:00:00+00:00,3.52200,3.70100,3.52200,3.64000,3222
2007-01-12 00:00:00+00:00,3.64000,3.86100,3.64000,3.86100,607
2007-01-16 00:00:00+00:00,4.06100,4.06200,3.92600,3.93600,4243
2007-01-17 00:00:00+00:00,3.94600,4.10300,3.92600,3.98400,3458
2007-01-18 00:00:00+00:00,3.98400,4.08100,3.95600,4.03000,3619
2007-01-19 00:00:00+00:00,4.02800,4.04800,3.96300,3.97800,3011
2007-01-22 00:00:00+00:00,3.93100,4.00000,3.92200,3.94900,2422
2007-01-23 00:00:00+00:00,3.95900,4.01600,3.95900,4.00200,2284
2007-01-24 00:00:00+00:00,4.00200,4.02200,3.88800,3.92500,2653
2007-01-25 00:00:00+00:00,3.92600,3.99100,3.90500,3.98800,2518
2007-01-26 00:00:00+00:00,3.99400,4.00300,3.93800,3.97500,1919
2007-01-29 00:00:00+00:00,3.98200,3.99900,3.88500,3.92400,2272
2007-01-30 00:00:00+00:00,3.92500,3.98000,3.88600,3.97000,1911
2007-01-31 00:00:00+00:00,3.97000,4.01800,3.95700,3.97200,1733
2007-02-01 00:00:00+00:00,3.97000,4.01000,3.89500,3.90700,1976
2007-02-02 00:00:00+00:00,3.91000,3.98700,3.87900,3.95300,2125
2007-02-05 00:00:00+00:00,3.97400,4.00400,3.91400,3.95600,1688
2007-02-06 00:00:00+00:00,3.95600,3.96900,3.90100,3.90800,1623
2007-02-07 00:00:00+00:00,3.90400,3.93700,3.85600,3.86600,2276
2007-02-08 00:00:00+00:00,3.86400,3.95400,3.86400,3.94400,2066
2007-02-09 00:00:00+00:00,3.94400,4.03900,3.91600,4.00500,2898
2007-02-12 00:00:00+00:00,4.00900,4.04100,3.97800,3.99000,1496
2007-02-13 00:00:00+00:00,3.99100,4.06600,3.98100,4.06100,1637
2007-02-14 00:00:00+00:00,4.06200,4.08700,4.00400,4.03600,1934
2007-02-15 00:00:00+00:00,4.03900,4.07900,4.00000,4.03000,1678
2007-02-16 00:00:00+00:00,4.03100,4.13300,4.01200,4.12300,2042
2007-02-20 00:00:00+00:00,4.12700,4.16000,4.10100,4.11800,1835
2007-02-21 00:00:00+00:00,4.11600,4.24400,4.09500,4.22400,1995
2007-02-22 00:00:00+00:00,4.21700,4.31500,4.21500,4.30800,1703
2007-02-23 00:00:00+00:00,4.30600,4.30900,4.24500,4.26000,1400
2007-02-26 00:00:00+00:00,4.27200,4.34000,4.22100,4.22600,1230
2007-02-27 00:00:00+00:00,4.22400,4.22900,4.03400,4.09100,1429
2007-02-28 00:00:00+00:00,4.08400,4.23000,4.06900,4.22000,787
2007-03-01 00:00:00+00:00,4.23300,4.25300,4.03700,4.15500,769
2007-03-02 00:00:00+00:00,4.15000,4.17100,4.06200,4.08900,553
2007-03-05 00:00:00+00:00,4.09300,4.16200,4.00900,4.15900,363
2007-03-06 00:00:00+00:00,4.15700,4.18800,4.10400,4.10400,235
2007-03-07 00:00:00+00:00,4.10400,4.16800,4.08500,4.12800,164
2007-03-08 00:00:00+00:00,4.14400,4.18000,4.10000,4.10500,216
2007-03-09 00:00:00+00:00,4.11500,4.13100,4.06200,4.06200,212
2007-03-11 00:00:00+00:00,4.07800,4.07800,4.06300,4.06300,4
2007-03-12 00:00:00+00:00,4.06600,4.08000,3.97000,3.97800,220
2007-03-13 00:00:00+00:00,3.97800,4.02400,3.92400,3.95900,187
2007-03-14 00:00:00+00:00,3.95500,3.98000,3.86200,3.97800,2451
2007-03-15 00:00:00+00:00,3.97800,3.98500,3.86000,3.87700,2095
2007-03-16 00:00:00+00:00,3.87400,3.95600,3.82700,3.89500,3323
2007-03-19 00:00:00+00:00,3.93800,3.94100,3.84100,3.89100,2069
2007-03-20 00:00:00+00:00,3.88800,3.99000,3.86000,3.99000,1930
2007-03-21 00:00:00+00:00,3.98800,4.02300,3.94700,3.99900,1834
2007-03-22 00:00:00+00:00,3.99900,4.02000,3.97100,4.01100,1593
2007-03-23 00:00:00+00:00,4.01100,4.03400,3.93800,3.94600,1887
2007-03-25 00:00:00+00:00,3.92200,3.94500,3.91500,3.92300,125
2007-03-26 00:00:00+00:00,3.92300,3.94000,3.77200,3.83400,2428
2007-03-27 00:00:00+00:00,3.83600,3.86200,3.79500,3.86000,1902
2007-03-28 00:00:00+00:00,3.86000,3.88300,3.77000,3.82000,2263
2007-03-29 00:00:00+00:00,3.82000,3.90200,3.77700,3.86300,2442
2007-03-30 00:00:00+00:00,3.86100,3.90300,3.67500,3.67500,385
2007-04-01 00:00:00+00:00,3.50700,3.52600,3.48200,3.48200,169
2007-04-02 00:00:00+00:00,3.48200,3.52300,3.48200,3.50800,894
2007-04-03 00:00:00+00:00,3.50800,3.53100,3.37200,3.42600,2893
2007-04-04 00:00:00+00:00,3.42600,3.57500,3.42400,3.54600,2419
2007-04-05 00:00:00+00:00,3.54600,3.61600,3.51400,3.60300,1610
2007-04-08 00:00:00+00:00,3.70000,3.79600,3.69700,3.79100,245
2007-04-09 00:00:00+00:00,3.78800,3.78800,3.55300,3.59800,3161
2007-04-10 00:00:00+00:00,3.59800,3.68700,3.52200,3.65800,2332
2007-04-11 00:00:00+00:00,3.66300,3.67300,3.52900,3.54100,2352
2007-04-12 00:00:00+00:00,3.53900,3.58000,3.44400,3.57700,2741
2007-04-13 00:00:00+00:00,3.57500,3.65300,3.50400,3.64500,2487
2007-04-15 00:00:00+00:00,3.62200,3.62200,3.57200,3.57700,165
2007-04-16 00:00:00+00:00,3.57700,3.65500,3.56300,3.64800,1594
2007-04-17 00:00:00+00:00,3.64500,3.65500,3.48100,3.49400,1759
2007-04-18 00:00:00+00:00,3.49600,3.62600,3.47200,3.59900,1744
2007-04-19 00:00:00+00:00,3.60100,3.71400,3.57800,3.70700,1815
2007-04-20 00:00:00+00:00,3.70900,3.72200,3.55000,3.56400,1443
2007-04-22 00:00:00+00:00,3.55000,3.55000,3.51300,3.54100,76
2007-04-23 00:00:00+00:00,3.54100,3.55300,3.46200,3.50200,964
2007-04-24 00:00:00+00:00,3.50500,3.61100,3.49100,3.60600,1017
2007-04-25 00:00:00+00:00,3.60600,3.77500,3.59300,3.71900,1562
2007-04-26 00:00:00+00:00,3.71400,3.75900,3.56800,3.61600,1100
2007-04-27 00:00:00+00:00,3.61600,3.63000,3.54700,3.60500,966
2007-04-29 00:00:00+00:00,3.60300,3.60300,3.52900,3.52900,44
2007-04-30 00:00:00+00:00,3.52400,3.62700,3.50400,3.60000,631
2007-05-01 00:00:00+00:00,3.58700,3.69100,3.52100,3.67800,523
2007-05-02 00:00:00+00:00,3.66300,3.71900,3.63700,3.68500,360
2007-05-03 00:00:00+00:00,3.69500,3.85000,3.69500,3.78400,372
2007-05-04 00:00:00+00:00,3.78400,3.81200,3.74700,3.79200,225
2007-05-06 00:00:00+00:00,3.80800,3.88800,3.80800,3.85800,8
2007-05-07 00:00:00+00:00,3.87800,3.88600,3.58800,3.59000,291
2007-05-08 00:00:00+00:00,3.57800,3.59300,3.51200,3.52900,202
2007-05-09 00:00:00+00:00,3.52700,3.59300,3.50800,3.58300,151
2007-05-10 00:00:00+00:00,3.58300,3.58300,3.44500,3.44800,130
2007-05-11 00:00:00+00:00,3.43000,3.60900,3.43000,3.60900,89
2007-05-13 00:00:00+00:00,3.61000,3.61000,3.61000,3.61000,1
2007-05-14 00:00:00+00:00,3.59000,3.65200,3.50800,3.51800,1879
2007-05-15 00:00:00+00:00,3.51500,3.67500,3.48600,3.64400,2624
2007-05-16 00:00:00+00:00,3.64400,3.71600,3.61800,3.71100,2608
2007-05-17 00:00:00+00:00,3.70900,3.71900,3.64300,3.70300,2388
2007-05-18 00:00:00+00:00,3.70500,3.73000,3.64000,3.64000,1779
2007-05-20 00:00:00+00:00,3.64000,3.65000,3.62000,3.62500,91
2007-05-21 00:00:00+00:00,3.62500,3.76400,3.62500,3.70700,2151
2007-05-22 00:00:00+00:00,3.70500,3.74300,3.61700,3.62700,2376
2007-05-23 00:00:00+00:00,3.63000,3.68700,3.61300,3.64300,1899
2007-05-24 00:00:00+00:00,3.64600,3.72300,3.64300,3.69100,2319
2007-05-25 00:00:00+00:00,3.69100,3.73900,3.65000,3.70000,1940
2007-05-28 00:00:00+00:00,3.68800,3.70600,3.66400,3.69100,139
2007-05-29 00:00:00+00:00,3.69300,3.69300,3.58100,3.61300,2074
2007-05-30 00:00:00+00:00,3.61300,3.81400,3.60100,3.77000,2780
2007-05-31 00:00:00+00:00,3.77200,3.90400,3.75300,3.88500,3747
2007-06-01 00:00:00+00:00,3.87700,3.89700,3.80400,3.81400,2678
2007-06-03 00:00:00+00:00,3.80200,3.83400,3.79700,3.82200,141
2007-06-04 00:00:00+00:00,3.81900,3.85100,3.78500,3.80300,2093
2007-06-05 00:00:00+00:00,3.80100,3.85300,3.72500,3.77000,2642
2007-06-06 00:00:00+00:00,3.77000,3.79500,3.66900,3.72600,2254
2007-06-07 00:00:00+00:00,3.72600,3.84100,3.67800,3.82900,2509
2007-06-08 00:00:00+00:00,3.82900,3.83600,3.72300,3.78000,2257
2007-06-10 00:00:00+00:00,3.92700,3.96100,3.89900,3.91400,188
2007-06-11 00:00:00+00:00,3.91200,3.96700,3.86200,3.88800,3140
2007-06-12 00:00:00+00:00,3.88600,3.93400,3.83700,3.90400,2709
2007-06-13 00:00:00+00:00,3.90400,4.02400,3.85800,4.00700,2951
2007-06-14 00:00:00+00:00,4.00500,4.10200,3.98800,4.05800,3159
2007-06-15 00:00:00+00:00,4.06300,4.19800,4.06100,4.14800,2620
2007-06-17 00:00:00+00:00,4.20800,4.24300,4.18600,4.20800,197
2007-06-18 00:00:00+00:00,4.21100,4.25300,4.09800,4.11500,2684
2007-06-19 00:00:00+00:00,4.11300,4.11300,3.87100,3.90600,2618
2007-06-20 00:00:00+00:00,3.90300,3.98100,3.85400,3.97700,2650
2007-06-21 00:00:00+00:00,3.97700,3.98900,3.79900,3.81600,2132
2007-06-22 00:00:00+00:00,3.81400,3.83100,3.63600,3.64600,2175
2007-06-24 00:00:00+00:00,3.63900,3.65600,3.60400,3.61400,111
2007-06-25 00:00:00+00:00,3.61400,3.63900,3.55300,3.57500,1553
2007-06-26 00:00:00+00:00,3.57000,3.61800,3.51200,3.54600,1313
2007-06-27 00:00:00+00:00,3.54600,3.57200,3.39100,3.43100,1562
2007-06-28 00:00:00+00:00,3.43100,3.44600,3.36400,3.38000,1222
2007-06-29 00:00:00+00:00,3.38000,3.46000,3.21800,3.33600,1237
2007-07-01 00:00:00+00:00,3.28800,3.36300,3.28800,3.35000,26
2007-07-02 00:00:00+00:00,3.36000,3.36000,3.23900,3.28700,588
2007-07-03 00:00:00+00:00,3.27700,3.27700,3.16300,3.18500,399
2007-07-04 00:00:00+00:00,3.23900,3.24400,3.22900,3.23100,10
2007-07-05 00:00:00+00:00,3.22900,3.25700,3.19700,3.23000,208
2007-07-06 00:00:00+00:00,3.24800,3.33800,3.24800,3.32500,155
2007-07-08 00:00:00+00:00,3.33500,3.33500,3.33500,3.33500,1
2007-07-09 00:00:00+00:00,3.30000,3.32600,3.25100,3.28100,124
2007-07-10 00:00:00+00:00,3.28100,3.39700,3.26900,3.36200,101
2007-07-11 00:00:00+00:00,3.38300,3.38800,3.34300,3.36100,66
2007-07-12 00:00:00+00:00,3.32400,3.43900,3.31900,3.43700,69
2007-07-13 00:00:00+00:00,3.41700,3.49400,3.39600,3.47900,1220
2007-07-15 00:00:00+00:00,3.40100,3.40400,3.31600,3.34200,107
2007-07-16 00:00:00+00:00,3.34200,3.36000,3.23100,3.24100,638
2007-07-17 00:00:00+00:00,3.23800,3.27800,3.11400,3.18000,2050
2007-07-18 00:00:00+00:00,3.18300,3.22800,3.15400,3.22600,1220
2007-07-19 00:00:00+00:00,3.22800,3.23300,3.10400,3.16500,1524
2007-07-20 00:00:00+00:00,3.16800,3.21500,3.09500,3.11900,1277
2007-07-22 00:00:00+00:00,3.11400,3.11400,3.06800,3.06800,50
2007-07-23 00:00:00+00:00,3.07000,3.09100,3.03200,3.07600,1264
2007-07-24 00:00:00+00:00,3.07900,3.11100,3.04200,3.06500,1058
2007-07-25 00:00:00+00:00,3.06500,3.11200,3.05600,3.06800,906
2007-07-26 00:00:00+00:00,3.06600,3.20700,3.06300,3.12600,1620
2007-07-27 00:00:00+00:00,3.12300,3.17100,3.09900,3.16600,917
2007-07-29 00:00:00+00:00,3.18600,3.19100,3.17600,3.18100,45
2007-07-30 00:00:00+00:00,3.18300,3.21600,3.08800,3.21100,1066
2007-07-31 00:00:00+00:00,3.21100,3.22200,3.16800,3.21500,1124
2007-08-01 00:00:00+00:00,3.21500,3.23000,3.12400,3.20600,1260
2007-08-02 00:00:00+00:00,3.20600,3.23400,3.18000,3.21000,1022
2007-08-03 00:00:00+00:00,3.20700,3.25500,3.17600,3.22000,973
2007-08-05 00:00:00+00:00,3.19300,3.19300,3.15400,3.16300,45
2007-08-06 00:00:00+00:00,3.16100,3.22800,3.12500,3.21100,1032
2007-08-07 00:00:00+00:00,3.20700,3.31600,3.19500,3.31400,1261
2007-08-08 00:00:00+00:00,3.31400,3.38600,3.29200,3.34900,1196
2007-08-09 00:00:00+00:00,3.34700,3.38500,3.24200,3.26200,1333
2007-08-10 00:00:00+00:00,3.26200,3.33200,3.21000,3.29200,1362
2007-08-12 00:00:00+00:00,3.32900,3.36900,3.32900,3.35900,46
2007-08-13 00:00:00+00:00,3.35600,3.36100,3.25600,3.25900,909
2007-08-14 00:00:00+00:00,3.25900,3.31600,3.21000,3.23200,1055
2007-08-15 00:00:00+00:00,3.23200,3.30200,3.21100,3.21900,1041
2007-08-16 00:00:00+00:00,3.22100,3.23100,3.06600,3.18000,1746
2007-08-17 00:00:00+00:00,3.18300,3.26500,3.14300,3.26000,967
2007-08-19 00:00:00+00:00,3.24300,3.25300,3.21800,3.24500,42
2007-08-20 00:00:00+00:00,3.24500,3.29800,3.22300,3.28300,720
2007-08-21 00:00:00+00:00,3.28300,3.37600,3.27300,3.36100,1152
2007-08-22 00:00:00+00:00,3.35400,3.45400,3.34700,3.43700,1049
2007-08-23 00:00:00+00:00,3.43900,3.52000,3.41100,3.41300,783
2007-08-24 00:00:00+00:00,3.41300,3.43100,3.38700,3.38900,612
2007-08-26 00:00:00+00:00,3.36500,3.38700,3.23300,3.32500,38
2007-08-27 00:00:00+00:00,3.33000,3.35000,3.29300,3.31300,692
2007-08-28 00:00:00+00:00,3.31300,3.34900,3.23200,3.23200,719
2007-08-29 00:00:00+00:00,3.23500,3.27800,3.20100,3.20900,681
2007-08-30 00:00:00+00:00,3.20400,3.29400,3.14400,3.20200,811
2007-08-31 00:00:00+00:00,3.20000,3.29000,3.19700,3.23000,293
2007-09-03 00:00:00+00:00,3.26400,3.28900,3.23600,3.24400,13
2007-09-04 00:00:00+00:00,3.24400,3.39200,3.24100,3.36400,264
2007-09-05 00:00:00+00:00,3.36200,3.38800,3.27300,3.27600,312
2007-09-06 00:00:00+00:00,3.27300,3.29900,3.20200,3.21700,209
2007-09-07 00:00:00+00:00,3.21700,3.31500,3.19000,3.30800,258
2007-09-09 00:00:00+00:00,3.30800,3.36300,3.30800,3.35800,15
2007-09-10 00:00:00+00:00,3.35300,3.35300,3.25100,3.29400,142
2007-09-11 00:00:00+00:00,3.28400,3.29700,3.21700,3.24700,156
2007-09-12 00:00:00+00:00,3.23200,3.41600,3.21600,3.39600,214
2007-09-13 00:00:00+00:00,3.40100,3.41900,3.27400,3.31200,185
2007-09-14 00:00:00+00:00,3.31000,3.37300,3.28900,3.31800,2618
2007-09-16 00:00:00+00:00,3.32000,3.35500,3.31500,3.33200,150
2007-09-17 00:00:00+00:00,3.32900,3.37800,3.32900,3.34800,2123
2007-09-18 00:00:00+00:00,3.34800,3.38000,3.28400,3.36100,2465
2007-09-19 00:00:00+00:00,3.35900,3.42500,3.31500,3.42100,2726
2007-09-20 00:00:00+00:00,3.42100,3.58400,3.41300,3.53500,3664
2007-09-21 00:00:00+00:00,3.53200,3.60300,3.51400,3.60100,2302
2007-09-23 00:00:00+00:00,3.59100,3.62400,3.58600,3.62400,150
2007-09-24 00:00:00+00:00,3.62700,3.64200,3.54600,3.55700,2616
2007-09-25 00:00:00+00:00,3.55400,3.59600,3.54200,3.54200,2027
2007-09-26 00:00:00+00:00,3.54200,3.61600,3.52700,3.59900,2371
2007-09-27 00:00:00+00:00,3.59900,3.73500,3.59400,3.68900,3363
2007-09-28 00:00:00+00:00,3.68900,3.71700,3.54900,3.57800,3519
2007-09-30 00:00:00+00:00,3.58300,3.60400,3.56600,3.59000,158
2007-10-01 00:00:00+00:00,3.58700,3.61700,3.53200,3.53700,2218
2007-10-02 00:00:00+00:00,3.53700,3.53700,3.32700,3.32900,2582
2007-10-03 00:00:00+00:00,3.32700,3.37900,3.29200,3.36000,3532
2007-10-04 00:00:00+00:00,3.36000,3.36000,3.28200,3.29200,2233
2007-10-05 00:00:00+00:00,3.29400,3.31000,3.26900,3.29600,1893
2007-10-07 00:00:00+00:00,3.30000,3.30000,3.27600,3.27800,92
2007-10-08 00:00:00+00:00,3.27800,3.28300,3.23100,3.27000,1837
2007-10-09 00:00:00+00:00,3.26800,3.36500,3.26300,3.33000,2624
2007-10-10 00:00:00+00:00,3.33000,3.36500,3.31300,3.36300,1721
2007-10-11 00:00:00+00:00,3.35800,3.37800,3.29700,3.30400,2099
2007-10-12 00:00:00+00:00,3.30400,3.46000,3.29300,3.39000,2954
2007-10-14 00:00:00+00:00,3.39900,3.42100,3.38700,3.40200,110
2007-10-15 00:00:00+00:00,3.40000,3.51000,3.39500,3.50100,2400
2007-10-16 00:00:00+00:00,3.50100,3.50600,3.43600,3.49300,2141
2007-10-17 00:00:00+00:00,3.49300,3.49500,3.44600,3.46800,1855
2007-10-18 00:00:00+00:00,3.46800,3.56400,3.46600,3.56000,2440
2007-10-19 00:00:00+00:00,3.56000,3.60200,3.52900,3.58800,2147
2007-10-21 00:00:00+00:00,3.57300,3.58000,3.56500,3.57000,80
2007-10-22 00:00:00+00:00,3.56800,3.56800,3.48900,3.54100,2348
2007-10-23 00:00:00+00:00,3.54300,3.58600,3.49600,3.50400,2131
2007-10-24 00:00:00+00:00,3.50400,3.52100,3.46100,3.46900,1975
2007-10-25 00:00:00+00:00,3.46900,3.57800,3.46900,3.55600,2286
2007-10-26 00:00:00+00:00,3.55600,3.64700,3.55400,3.63300,2441
2007-10-28 00:00:00+00:00,3.62800,3.65900,3.62000,3.65700,116
2007-10-29 00:00:00+00:00,3.65700,3.69700,3.63000,3.66400,2548
2007-10-30 00:00:00+00:00,3.66100,3.66400,3.59800,3.60000,2218
2007-10-31 00:00:00+00:00,3.60200,3.71100,3.59300,3.68700,2700
2007-11-01 00:00:00+00:00,3.68700,3.70800,3.58600,3.61600,2285
2007-11-02 00:00:00+00:00,3.61600,3.72300,3.60400,3.68600,2466
2007-11-05 00:00:00+00:00,3.66600,3.69900,3.64300,3.67000,1904
2007-11-06 00:00:00+00:00,3.67100,3.79700,3.66600,3.78500,2954
2007-11-07 00:00:00+00:00,3.78500,3.84500,3.74700,3.77200,2578
2007-11-08 00:00:00+00:00,3.76300,3.82600,3.75100,3.81800,2315
2007-11-09 00:00:00+00:00,3.81400,3.82200,3.73400,3.79600,2479
2007-11-12 00:00:00+00:00,3.78600,3.78600,3.71300,3.72300,1971
2007-11-13 00:00:00+00:00,3.71900,3.75700,3.67900,3.67900,1803
2007-11-14 00:00:00+00:00,3.68400,3.78900,3.67700,3.76700,2121
2007-11-15 00:00:00+00:00,3.76500,3.77500,3.68500,3.69000,1890
2007-11-16 00:00:00+00:00,3.69000,3.75800,3.68600,3.73900,1577
2007-11-19 00:00:00+00:00,3.74100,3.79900,3.71500,3.72500,1494
2007-11-20 00:00:00+00:00,3.72600,3.81300,3.69100,3.75900,1959
2007-11-21 00:00:00+00:00,3.76500,3.78300,3.72900,3.77400,1108
2007-11-23 00:00:00+00:00,3.77400,3.85400,3.76900,3.84900,1157
2007-11-26 00:00:00+00:00,3.84900,3.90200,3.78400,3.82100,1698
2007-11-27 00:00:00+00:00,3.82100,3.82500,3.77800,3.80300,1121
2007-11-28 00:00:00+00:00,3.80100,3.84500,3.76700,3.84000,1229
2007-11-29 00:00:00+00:00,3.84800,3.86900,3.79500,3.80300,1430
2007-11-30 00:00:00+00:00,3.80500,3.84700,3.75200,3.82400,1034
2007-12-03 00:00:00+00:00,3.81400,3.90000,3.80000,3.83600,897
2007-12-04 00:00:00+00:00,3.83600,3.93700,3.83600,3.91200,732
2007-12-05 00:00:00+00:00,3.91800,3.93400,3.88700,3.91900,621
2007-12-06 00:00:00+00:00,3.91700,3.93900,3.89300,3.92900,391
2007-12-07 00:00:00+00:00,3.92900,3.98600,3.92800,3.98600,505
2007-12-10 00:00:00+00:00,3.98600,4.01400,3.96300,3.99500,493
2007-12-11 00:00:00+00:00,3.98800,4.07200,3.97700,4.06200,598
2007-12-12 00:00:00+00:00,4.06000,4.16900,4.01500,4.15900,471
2007-12-13 00:00:00+00:00,4.16700,4.21900,4.11900,4.18100,411
2007-12-14 00:00:00+00:00,4.17400,4.23500,4.16800,4.21600,2362
2007-12-17 00:00:00+00:00,4.21800,4.27100,4.15900,4.23100,2716
2007-12-18 00:00:00+00:00,4.23100,4.23100,4.15800,4.16500,2043
2007-12-19 00:00:00+00:00,4.16600,4.21000,4.14900,4.19400,1733
2007-12-20 00:00:00+00:00,4.18900,4.22700,4.16600,4.22400,1615
2007-12-21 00:00:00+00:00,4.22700,4.32500,4.21300,4.27700,2623
2007-12-24 00:00:00+00:00,4.27800,4.29700,4.25400,4.29400,867
2007-12-26 00:00:00+00:00,4.32200,4.40200,4.32200,4.37500,1985
2007-12-27 00:00:00+00:00,4.37100,4.40400,4.36000,4.40100,2025
2007-12-28 00:00:00+00:00,4.40400,4.42500,4.37400,4.37900,1860
2007-12-31 00:00:00+00:00,4.36100,4.43000,4.34700,4.42300,1665
2008-01-02 00:00:00+00:00,4.42600,4.55600,4.42600,4.48800,2999
2008-01-03 00:00:00+00:00,4.48800,4.55000,4.47200,4.51900,2667
2008-01-04 00:00:00+00:00,4.52400,4.55400,4.45700,4.53500,2421
2008-01-07 00:00:00+00:00,4.53000,4.55600,4.49200,4.53600,2206
2008-01-08 00:00:00+00:00,4.53700,4.66900,4.52700,4.65700,2917
2008-01-09 00:00:00+00:00,4.65500,4.69000,4.62700,4.64200,2297
2008-01-10 00:00:00+00:00,4.64300,4.65600,4.58500,4.62700,2548
2008-01-11 00:00:00+00:00,4.62700,4.82100,4.61000,4.82100,770
2008-01-14 00:00:00+00:00,4.92300,5.02200,4.90900,4.99300,2934
2008-01-15 00:00:00+00:00,4.99400,5.06300,4.92500,4.96400,3350
2008-01-16 00:00:00+00:00,4.96400,4.96700,4.84300,4.90500,2809
2008-01-17 00:00:00+00:00,4.90500,5.01600,4.88500,4.90900,1509
2008-01-18 00:00:00+00:00,4.90700,4.90900,4.83300,4.86200,2862
2008-01-22 00:00:00+00:00,4.80800,4.87800,4.67900,4.78700,4001
2008-01-23 00:00:00+00:00,4.78800,4.83200,4.59100,4.59400,3787
2008-01-24 00:00:00+00:00,4.59400,4.79200,4.59400,4.79200,2586
2008-01-25 00:00:00+00:00,4.81100,4.94300,4.81100,4.88700,3624
2008-01-28 00:00:00+00:00,4.87200,4.93900,4.80900,4.92700,2841
2008-01-29 00:00:00+00:00,4.92800,4.98000,4.87800,4.91500,2716
2008-01-30 00:00:00+00:00,4.92200,4.93200,4.85300,4.88900,2057
2008-01-31 00:00:00+00:00,4.88800,4.96300,4.83200,4.93300,2658
2008-02-01 00:00:00+00:00,4.94100,5.00900,4.90600,4.92300,2787
2008-02-04 00:00:00+00:00,4.93000,5.02800,4.93000,5.02300,2204
2008-02-05 00:00:00+00:00,5.01800,5.03800,4.97100,5.01800,2173
2008-02-06 00:00:00+00:00,5.02000,5.20700,4.92400,4.93800,5538
2008-02-07 00:00:00+00:00,4.93600,4.96700,4.83700,4.92100,3899
2008-02-08 00:00:00+00:00,4.91900,5.11500,4.91900,5.01900,4652
2008-02-11 00:00:00+00:00,5.03600,5.05800,4.85000,4.97300,3591
2008-02-12 00:00:00+00:00,4.96900,4.99600,4.88700,4.90900,2917
2008-02-13 00:00:00+00:00,4.90700,4.92600,4.86400,4.90400,2190
2008-02-14 00:00:00+00:00,4.90900,5.06400,4.90400,5.05400,2705
2008-02-15 00:00:00+00:00,5.05700,5.11000,5.04100,5.09300,2390
2008-02-19 00:00:00+00:00,5.09300,5.19600,5.09000,5.15100,2550
2008-02-20 00:00:00+00:00,5.14900,5.19100,5.08400,5.18800,1665
2008-02-21 00:00:00+00:00,5.18600,5.24100,5.12300,5.20000,2015
2008-02-22 00:00:00+00:00,5.20100,5.20400,5.14300,5.17800,1286
2008-02-25 00:00:00+00:00,5.18000,5.38000,5.17200,5.29300,2094
2008-02-26 00:00:00+00:00,5.29100,5.35300,5.09600,5.27300,1776
2008-02-27 00:00:00+00:00,5.26600,5.28900,5.14600,5.21600,1049
2008-02-28 00:00:00+00:00,5.21600,5.40700,5.17200,5.40200,1223
2008-02-29 00:00:00+00:00,5.40200,5.44400,5.36300,5.40700,627
2008-03-03 00:00:00+00:00,5.43400,5.59500,5.41400,5.53000,457
2008-03-04 00:00:00+00:00,5.52600,5.56600,5.31900,5.41800,601
2008-03-05 00:00:00+00:00,5.43400,5.60700,5.37900,5.55000,466
2008-03-06 00:00:00+00:00,5.59800,5.60800,5.44300,5.54000,534
2008-03-07 00:00:00+00:00,5.54500,5.54500,5.27800,5.29500,360
2008-03-09 00:00:00+00:00,5.29000,5.29000,5.21800,5.26300,16
2008-03-10 00:00:00+00:00,5.26100,5.55200,5.15700,5.54500,391
2008-03-11 00:00:00+00:00,5.49000,5.70400,5.49000,5.61400,151
2008-03-12 00:00:00+00:00,5.61000,5.61000,5.50600,5.55200,200
2008-03-13 00:00:00+00:00,5.53000,5.67800,5.53000,5.59700,212
2008-03-14 00:00:00+00:00,5.62700,5.64600,5.39500,5.48900,3907
2008-03-16 00:00:00+00:00,5.49200,5.57100,5.44600,5.45800,492
2008-03-17 00:00:00+00:00,5.46000,5.52700,5.24100,5.25800,2249
2008-03-18 00:00:00+00:00,5.25800,5.40200,5.19000,5.36300,3434
2008-03-19 00:00:00+00:00,5.36500,5.36800,5.08900,5.12400,2883
2008-03-20 00:00:00+00:00,5.12100,5.12900,4.98900,4.99000,3681
2008-03-23 00:00:00+00:00,5.01900,5.09000,5.01900,5.05600,300
2008-03-24 00:00:00+00:00,5.06100,5.21500,4.95600,5.20800,3222
2008-03-25 00:00:00+00:00,5.21000,5.40900,5.16900,5.37400,2109
2008-03-26 00:00:00+00:00,5.37400,5.52600,5.34500,5.43000,4303
2008-03-27 00:00:00+00:00,5.43000,5.49500,5.38700,5.47900,3211
2008-03-28 00:00:00+00:00,5.47900,5.54900,5.39600,5.52700,3080
2008-03-30 00:00:00+00:00,5.53800,5.60200,5.53000,5.59200,332
2008-03-31 00:00:00+00:00,5.59700,5.80300,5.50000,5.61100,5093
2008-04-01 00:00:00+00:00,5.61100,5.80200,5.54100,5.78300,4752
2008-04-02 00:00:00+00:00,5.78300,5.91800,5.74600,5.90300,3647
2008-04-03 00:00:00+00:00,5.90100,5.95400,5.83000,5.90300,3693
2008-04-04 00:00:00+00:00,5.90500,5.94300,5.88400,5.90700,2290
2008-04-06 00:00:00+00:00,5.88600,5.89300,5.81700,5.85100,241
2008-04-07 00:00:00+00:00,5.85400,5.94400,5.80100,5.81600,2957
2008-04-08 00:00:00+00:00,5.81300,5.87900,5.80600,5.87000,2148
2008-04-09 00:00:00+00:00,5.86400,6.09600,5.86400,6.02500,4621
2008-04-10 00:00:00+00:00,6.02000,6.06000,5.86600,5.90500,4377
2008-04-11 00:00:00+00:00,5.90500,5.92100,5.77500,5.78300,3152
2008-04-13 00:00:00+00:00,5.82100,5.89300,5.81400,5.87100,313
2008-04-14 00:00:00+00:00,5.86900,5.91000,5.74000,5.89500,2922
2008-04-15 00:00:00+00:00,5.89800,6.04300,5.88500,6.00300,3020
2008-04-16 00:00:00+00:00,6.00100,6.03900,5.94800,5.99000,2470
2008-04-17 00:00:00+00:00,5.99300,6.04600,5.93700,5.99200,1870
2008-04-18 00:00:00+00:00,5.99200,6.01200,5.85900,5.95400,1868
2008-04-20 00:00:00+00:00,5.92800,5.93100,5.86900,5.88100,117
2008-04-21 00:00:00+00:00,5.88600,5.90700,5.65600,5.76400,2393
2008-04-22 00:00:00+00:00,5.76600,5.97300,5.73600,5.88900,1897
2008-04-23 00:00:00+00:00,5.88200,5.93300,5.81400,5.83400,1392
2008-04-24 00:00:00+00:00,5.83700,5.87200,5.68200,5.69200,1745
2008-04-25 00:00:00+00:00,5.69400,5.89700,5.62800,5.72800,1840
2008-04-27 00:00:00+00:00,5.82400,5.87800,5.80100,5.87300,145
2008-04-28 00:00:00+00:00,5.87600,6.07400,5.81000,6.05400,1640
2008-04-29 00:00:00+00:00,6.05900,6.07000,5.84200,5.91200,1675
2008-04-30 00:00:00+00:00,5.91400,6.01800,5.88600,6.01300,992
2008-05-01 00:00:00+00:00,6.00800,6.04100,5.89000,6.00500,818
2008-05-02 00:00:00+00:00,6.00300,6.10600,5.97900,5.99700,479
2008-05-04 00:00:00+00:00,6.03300,6.03300,5.98600,5.98600,5
2008-05-05 00:00:00+00:00,5.99300,6.04800,5.70500,5.84500,494
2008-05-06 00:00:00+00:00,5.85500,6.08800,5.83400,5.92900,335
2008-05-07 00:00:00+00:00,6.01200,6.04800,5.94800,6.01300,147
2008-05-08 00:00:00+00:00,6.05000,6.20500,6.04000,6.18000,216
2008-05-09 00:00:00+00:00,6.19000,6.26100,6.12100,6.16400,132
2008-05-11 00:00:00+00:00,6.15600,6.15600,6.13600,6.15300,3
2008-05-12 00:00:00+00:00,6.15600,6.18400,6.02700,6.04000,173
2008-05-13 00:00:00+00:00,5.99800,5.99800,5.84900,5.98500,214
2008-05-14 00:00:00+00:00,5.98200,6.00500,5.88700,5.89700,2892
2008-05-15 00:00:00+00:00,5.89500,5.94500,5.79200,5.94000,3672
2008-05-16 00:00:00+00:00,5.93500,6.02000,5.81500,5.84900,3136
2008-05-18 00:00:00+00:00,5.81000,5.82200,5.76300,5.76500,232
2008-05-19 00:00:00+00:00,5.76300,5.87500,5.76300,5.84300,2865
2008-05-20 00:00:00+00:00,5.84100,5.97500,5.80400,5.84700,3187
2008-05-21 00:00:00+00:00,5.84700,6.05100,5.84000,6.03300,3018
2008-05-22 00:00:00+00:00,6.03300,6.05300,5.87600,5.89100,3098
2008-05-23 00:00:00+00:00,5.88800,5.96300,5.87300,5.94600,2343
2008-05-26 00:00:00+00:00,5.99400,6.01400,5.96000,5.97200,231
2008-05-27 00:00:00+00:00,5.97200,6.00500,5.82700,5.84700,2591
2008-05-28 00:00:00+00:00,5.84900,5.91400,5.80000,5.85500,3080
2008-05-29 00:00:00+00:00,5.85300,5.89800,5.68000,5.78900,3903
2008-05-30 00:00:00+00:00,5.78400,5.97900,5.72300,5.94900,3318
2008-06-01 00:00:00+00:00,5.92400,5.95100,5.91200,5.92900,154
2008-06-02 00:00:00+00:00,5.92600,6.13300,5.91900,6.06400,3871
2008-06-03 00:00:00+00:00,6.06600,6.14200,5.97300,6.00500,3987
2008-06-04 00:00:00+00:00,6.00500,6.12800,5.99100,6.11100,2955
2008-06-05 00:00:00+00:00,6.11100,6.39500,6.10100,6.38800,5047
2008-06-06 00:00:00+00:00,6.38800,6.58700,6.38300,6.44600,5089
2008-06-08 00:00:00+00:00,6.56500,6.63900,6.56500,6.61700,450
2008-06-09 00:00:00+00:00,6.61700,6.68700,6.52400,6.55600,4084
2008-06-10 00:00:00+00:00,6.55400,6.73900,6.51200,6.71200,4963
2008-06-11 00:00:00+00:00,6.71600,7.17200,6.69900,7.15800,3502
2008-06-12 00:00:00+00:00,7.15500,7.21100,6.92700,7.07900,6449
2008-06-13 00:00:00+00:00,7.07400,7.33400,6.97300,7.24900,5217
2008-06-16 00:00:00+00:00,7.48100,7.54200,7.20400,7.25600,6085
2008-06-17 00:00:00+00:00,7.25100,7.47100,7.21700,7.43700,4295
2008-06-18 00:00:00+00:00,7.43900,7.50900,7.29300,7.44300,4050
2008-06-19 00:00:00+00:00,7.44500,7.49800,7.14500,7.17600,4020
2008-06-20 00:00:00+00:00,7.17000,7.34800,7.14700,7.16200,3593
2008-06-22 00:00:00+00:00,7.12200,7.14700,7.01500,7.04300,329
2008-06-23 00:00:00+00:00,7.04300,7.24300,7.02800,7.22100,2955
2008-06-24 00:00:00+00:00,7.21600,7.26100,7.06000,7.07700,3025
2008-06-25 00:00:00+00:00,7.07500,7.31300,7.07200,7.29500,2244
2008-06-26 00:00:00+00:00,7.30100,7.57500,7.29300,7.53600,2485
2008-06-27 00:00:00+00:00,7.53900,7.62400,7.44000,7.51700,2077
2008-06-29 00:00:00+00:00,7.51800,7.55500,7.50300,7.55500,40
2008-06-30 00:00:00+00:00,7.55500,7.57800,7.11300,7.12800,1544
2008-07-01 00:00:00+00:00,7.12500,7.20600,7.01400,7.18100,973
2008-07-02 00:00:00+00:00,7.20600,7.49900,7.13500,7.47400,539
2008-07-03 00:00:00+00:00,7.48200,7.49500,7.29100,7.41600,398
2008-07-06 00:00:00+00:00,7.29000,7.29000,7.17300,7.22300,29
2008-07-07 00:00:00+00:00,7.22500,7.26000,6.91400,6.98400,971
2008-07-08 00:00:00+00:00,6.97900,7.00500,6.71800,6.90100,531
2008-07-09 00:00:00+00:00,6.90300,6.94300,6.74700,6.83500,336
2008-07-10 00:00:00+00:00,6.83500,6.83500,6.72800,6.80600,146
2008-07-11 00:00:00+00:00,6.77400,6.84900,6.65700,6.80200,180
2008-07-13 00:00:00+00:00,6.71000,6.71000,6.61000,6.61000,3
2008-07-14 00:00:00+00:00,6.59500,6.64500,6.50100,6.53300,2112
2008-07-15 00:00:00+00:00,6.53800,6.62200,6.33400,6.37200,2894
2008-07-16 00:00:00+00:00,6.37700,6.53600,6.29400,6.51100,3041
2008-07-17 00:00:00+00:00,6.50700,6.51400,6.19800,6.20800,3215
2008-07-18 00:00:00+00:00,6.21000,6.27900,5.99500,6.00200,2881
2008-07-20 00:00:00+00:00,5.97800,6.00800,5.91200,5.91200,151
2008-07-21 00:00:00+00:00,5.91400,5.97700,5.76000,5.81500,2768
2008-07-22 00:00:00+00:00,5.82000,5.86000,5.63600,5.64900,2769
2008-07-23 00:00:00+00:00,5.64600,5.81000,5.36600,5.63800,3825
2008-07-24 00:00:00+00:00,5.64300,5.76400,5.54500,5.71100,2712
2008-07-25 00:00:00+00:00,5.71100,5.78100,5.61800,5.70900,1771
2008-07-27 00:00:00+00:00,5.77400,5.83600,5.75700,5.81600,123
2008-07-28 00:00:00+00:00,5.81600,5.81600,5.67900,5.75900,1716
2008-07-29 00:00:00+00:00,5.75400,5.98000,5.64400,5.95000,2055
2008-07-30 00:00:00+00:00,5.95000,5.96400,5.80600,5.94500,1869
2008-07-31 00:00:00+00:00,5.94200,5.95700,5.78500,5.80800,1760
2008-08-01 00:00:00+00:00,5.80300,5.82100,5.55700,5.58900,2202
2008-08-03 00:00:00+00:00,5.55000,5.59200,5.50500,5.51500,85
2008-08-04 00:00:00+00:00,5.52000,5.56600,5.19800,5.21200,2026
2008-08-05 00:00:00+00:00,5.21700,5.42100,5.11900,5.16400,2978
2008-08-06 00:00:00+00:00,5.15700,5.24700,4.97900,5.02900,2725
2008-08-07 00:00:00+00:00,5.02700,5.21400,4.99000,5.20900,2069
2008-08-08 00:00:00+00:00,5.20400,5.20900,4.89800,4.93300,2070
2008-08-10 00:00:00+00:00,4.96500,4.99700,4.94300,4.95800,51
2008-08-11 00:00:00+00:00,4.95800,5.00600,4.88600,4.93900,1813
2008-08-12 00:00:00+00:00,4.94400,5.11900,4.81400,5.05500,2406
2008-08-13 00:00:00+00:00,5.05500,5.50000,5.05500,5.47300,1859
2008-08-14 00:00:00+00:00,5.47800,5.55300,5.26000,5.46900,2862
2008-08-15 00:00:00+00:00,5.46900,5.46900,5.23900,5.26700,1581
2008-08-18 00:00:00+00:00,5.41900,5.55600,5.35700,5.45300,1714
2008-08-19 00:00:00+00:00,5.45300,5.70000,5.38300,5.70000,2390
2008-08-20 00:00:00+00:00,5.71000,5.74600,5.63400,5.72600,1703
2008-08-21 00:00:00+00:00,5.72100,6.01800,5.71000,5.89700,1975
2008-08-22 00:00:00+00:00,5.89400,5.91800,5.78600,5.83100,1521
2008-08-24 00:00:00+00:00,5.92100,6.05800,5.92100,5.98100,74
2008-08-25 00:00:00+00:00,5.98100,6.01000,5.70700,5.70700,1601
2008-08-26 00:00:00+00:00,5.71900,5.77700,5.66700,5.76800,1258
2008-08-27 00:00:00+00:00,5.76500,5.82800,5.64900,5.76200,1285
2008-08-28 00:00:00+00:00,5.75700,5.75700,5.61600,5.70900,1109
2008-08-29 00:00:00+00:00,5.70400,5.80400,5.63000,5.63500,684
2008-09-01 00:00:00+00:00,5.58700,5.58700,5.49800,5.49800,34
2008-09-02 00:00:00+00:00,5.49800,5.52900,5.35100,5.52100,502
2008-09-03 00:00:00+00:00,5.51900,5.54700,5.32800,5.46100,298
2008-09-04 00:00:00+00:00,5.45100,5.55100,5.38900,5.41000,268
2008-09-05 00:00:00+00:00,5.37500,5.39200,5.25800,5.31100,219
2008-09-07 00:00:00+00:00,5.40100,5.40400,5.40100,5.40100,3
2008-09-08 00:00:00+00:00,5.41400,5.41400,5.27500,5.28500,147
2008-09-09 00:00:00+00:00,5.29500,5.33600,5.15600,5.29700,185
2008-09-10 00:00:00+00:00,5.26700,5.29500,5.20500,5.20800,120
2008-09-11 00:00:00+00:00,5.24100,5.25900,5.18400,5.21000,182
2008-09-12 00:00:00+00:00,5.21000,5.51500,5.20500,5.51500,4191
2008-09-14 00:00:00+00:00,5.58400,5.59800,5.49800,5.51800,580
2008-09-15 00:00:00+00:00,5.51500,5.64300,5.34700,5.52600,4653
2008-09-16 00:00:00+00:00,5.52600,5.52900,5.21300,5.27500,4543
2008-09-17 00:00:00+00:00,5.27800,5.48900,5.15600,5.41600,5276
2008-09-18 00:00:00+00:00,5.41800,5.48800,5.13800,5.21600,5438
2008-09-19 00:00:00+00:00,5.22100,5.37400,5.17000,5.33000,3864
2008-09-21 00:00:00+00:00,5.31100,5.38700,5.25400,5.37700,366
2008-09-22 00:00:00+00:00,5.37900,5.54000,5.34300,5.45700,4470
2008-09-23 00:00:00+00:00,5.45900,5.53700,5.39300,5.50500,4029
2008-09-24 00:00:00+00:00,5.50500,5.63600,5.44900,5.45900,4114
2008-09-25 00:00:00+00:00,5.45400,5.55300,5.45200,5.47500,3382
2008-09-26 00:00:00+00:00,5.47300,5.49000,5.29700,5.34900,3696
2008-09-28 00:00:00+00:00,5.31900,5.32400,5.26500,5.28300,253
2008-09-29 00:00:00+00:00,5.28500,5.28700,4.93000,4.93200,3987
2008-09-30 00:00:00+00:00,4.93000,5.15900,4.77400,4.88200,5715
2008-10-01 00:00:00+00:00,4.88400,4.91700,4.74700,4.79200,4333
2008-10-02 00:00:00+00:00,4.79000,4.80000,4.45600,4.50300,4881
2008-10-03 00:00:00+00:00,4.50300,4.60700,4.45700,4.47900,4226
2008-10-05 00:00:00+00:00,4.37100,4.41000,4.29700,4.30200,489
2008-10-06 00:00:00+00:00,4.29900,4.32400,4.10800,4.15000,3618
2008-10-07 00:00:00+00:00,4.14500,4.23200,4.06500,4.07200,4565
2008-10-08 00:00:00+00:00,4.07500,4.26000,4.00900,4.20900,5610
2008-10-09 00:00:00+00:00,4.21100,4.36000,4.14800,4.16800,4521
2008-10-10 00:00:00+00:00,4.16500,4.17500,4.02300,4.02300,868
2008-10-12 00:00:00+00:00,3.99300,4.01300,3.92700,3.99800,446
2008-10-13 00:00:00+00:00,4.00100,4.17100,3.94900,4.16900,3832
2008-10-14 00:00:00+00:00,4.16700,4.22100,4.04900,4.07400,3747
2008-10-15 00:00:00+00:00,4.07200,4.08700,3.73700,3.75400,4598
2008-10-16 00:00:00+00:00,3.75700,3.91800,3.66100,3.88600,5422
2008-10-17 00:00:00+00:00,3.88900,4.04200,3.82200,3.95300,3901
2008-10-19 00:00:00+00:00,3.99000,4.14300,3.99000,4.13100,386
2008-10-20 00:00:00+00:00,4.13300,4.22600,4.01000,4.22300,4308
2008-10-21 00:00:00+00:00,4.21800,4.22300,4.01600,4.06100,4257
2008-10-22 00:00:00+00:00,4.06100,4.08600,3.77500,3.83500,3756
2008-10-23 00:00:00+00:00,3.83200,4.02600,3.74600,3.98100,4403
2008-10-24 00:00:00+00:00,3.98600,4.00900,3.67800,3.69000,5195
2008-10-26 00:00:00+00:00,3.75900,3.78100,3.68700,3.71700,401
2008-10-27 00:00:00+00:00,3.72200,3.94600,3.60100,3.94300,4605
2008-10-28 00:00:00+00:00,3.94100,4.05500,3.82000,3.99800,5160
2008-10-29 00:00:00+00:00,3.99600,4.19700,3.92200,4.17000,3164
2008-10-30 00:00:00+00:00,4.17300,4.28700,3.98300,3.99300,4929
2008-10-31 00:00:00+00:00,3.99000,4.02800,3.91700,3.94200,3311
2008-11-03 00:00:00+00:00,3.94400,4.14300,3.90900,3.98600,4579
2008-11-04 00:00:00+00:00,3.98700,4.18300,3.94500,4.08900,3987
2008-11-05 00:00:00+00:00,4.08900,4.12400,3.86700,3.87400,4124
2008-11-06 00:00:00+00:00,3.88000,3.88200,3.71400,3.74900,4136
2008-11-07 00:00:00+00:00,3.74900,3.84400,3.72000,3.73000,3354
2008-11-10 00:00:00+00:00,3.80400,3.87100,3.70000,3.82400,4143
2008-11-11 00:00:00+00:00,3.82500,3.82500,3.57700,3.72300,4073
2008-11-12 00:00:00+00:00,3.72100,3.86300,3.60700,3.66500,4445
2008-11-13 00:00:00+00:00,3.66700,3.76500,3.60600,3.75000,4492
2008-11-14 00:00:00+00:00,3.81500,3.83700,3.68100,3.79100,3275
2008-11-17 00:00:00+00:00,3.72800,3.87300,3.72800,3.83800,3335
2008-11-18 00:00:00+00:00,3.83800,3.84400,3.76400,3.78400,2479
2008-11-19 00:00:00+00:00,3.78400,3.83000,3.73000,3.77500,2377
2008-11-20 00:00:00+00:00,3.70300,3.73100,3.58700,3.60400,3114
2008-11-21 00:00:00+00:00,3.60400,3.60700,3.35100,3.36900,3845
2008-11-24 00:00:00+00:00,3.42000,3.60300,3.37300,3.53500,3574
2008-11-25 00:00:00+00:00,3.53100,3.55300,3.45700,3.52100,2187
2008-11-26 00:00:00+00:00,3.52200,3.56700,3.49000,3.53700,1810
2008-11-28 00:00:00+00:00,3.51800,3.57800,3.44700,3.49900,668
2008-12-01 00:00:00+00:00,3.49100,3.51300,3.28200,3.31700,994
2008-12-02 00:00:00+00:00,3.31700,3.37200,3.29200,3.32300,660
2008-12-03 00:00:00+00:00,3.31800,3.37800,3.28300,3.30800,506
2008-12-04 00:00:00+00:00,3.31900,3.32100,3.16900,3.16900,470
2008-12-05 00:00:00+00:00,3.17000,3.17000,2.89600,2.93800,663
2008-12-08 00:00:00+00:00,2.96500,3.18500,2.96500,3.13700,324
2008-12-09 00:00:00+00:00,3.14000,3.20600,3.10100,3.12300,263
2008-12-10 00:00:00+00:00,3.11600,3.28900,3.11600,3.27900,299
2008-12-11 00:00:00+00:00,3.26100,3.42500,3.23700,3.38200,248
2008-12-12 00:00:00+00:00,3.38200,3.65100,3.24200,3.59100,5407
2008-12-15 00:00:00+00:00,3.60200,3.77900,3.59800,3.61000,4463
2008-12-16 00:00:00+00:00,3.61300,3.84600,3.56700,3.80200,4467
2008-12-17 00:00:00+00:00,3.80300,3.88200,3.68100,3.77700,4780
2008-12-18 00:00:00+00:00,3.77500,3.80500,3.66800,3.73300,2968
2008-12-19 00:00:00+00:00,3.73100,3.73100,3.62100,3.66500,2752
2008-12-22 00:00:00+00:00,3.67100,3.73200,3.63400,3.68400,2187
2008-12-23 00:00:00+00:00,3.68900,3.81800,3.65100,3.81400,2380
2008-12-24 00:00:00+00:00,3.81400,3.84900,3.78300,3.84200,1384
2008-12-26 00:00:00+00:00,3.85900,4.01200,3.85400,3.99300,2644
2008-12-29 00:00:00+00:00,4.00900,4.10300,3.78200,3.80200,4030
2008-12-30 00:00:00+00:00,3.80200,3.88400,3.74200,3.84000,3020
2008-12-31 00:00:00+00:00,3.83300,3.95300,3.77500,3.94600,2895
2009-01-02 00:00:00+00:00,3.92200,4.03400,3.88100,3.98300,3106
2009-01-05 00:00:00+00:00,4.00600,4.03600,3.90700,4.00300,3529
2009-01-06 00:00:00+00:00,4.00300,4.17200,3.95900,4.14800,5009
2009-01-07 00:00:00+00:00,4.15000,4.15300,4.02100,4.04200,3503
2009-01-08 00:00:00+00:00,4.04300,4.07300,3.94900,3.96100,3758
2009-01-09 00:00:00+00:00,3.95900,4.07200,3.95900,3.99700,3933
2009-01-12 00:00:00+00:00,4.00600,4.04500,3.71200,3.71200,2002
2009-01-13 00:00:00+00:00,3.63700,3.69900,3.52900,3.53300,4975
2009-01-14 00:00:00+00:00,3.53400,3.60600,3.50100,3.56700,3603
2009-01-15 00:00:00+00:00,3.56700,3.60400,3.51200,3.56600,3402
2009-01-16 00:00:00+00:00,3.56600,3.83600,3.56600,3.80400,3988
2009-01-20 00:00:00+00:00,3.80400,3.98000,3.68100,3.74700,5180
2009-01-21 00:00:00+00:00,3.74000,3.82900,3.69900,3.80000,3581
2009-01-22 00:00:00+00:00,3.80000,3.86400,3.70600,3.79700,3626
2009-01-23 00:00:00+00:00,3.79700,3.92500,3.72700,3.82500,4255
2009-01-26 00:00:00+00:00,3.86100,3.94500,3.76300,3.86400,4066
2009-01-27 00:00:00+00:00,3.86500,3.88700,3.69700,3.70400,3088
2009-01-28 00:00:00+00:00,3.70900,3.78900,3.65600,3.76500,3375
2009-01-29 00:00:00+00:00,3.77000,3.77200,3.71200,3.75400,2218
2009-01-30 00:00:00+00:00,3.74900,3.79000,3.71100,3.72400,2393
2009-02-02 00:00:00+00:00,3.71700,3.71700,3.57300,3.64200,3162
2009-02-03 00:00:00+00:00,3.64000,3.66300,3.50300,3.56000,2826
2009-02-04 00:00:00+00:00,3.55500,3.63500,3.50500,3.52700,2691
2009-02-05 00:00:00+00:00,3.52500,3.66700,3.51000,3.66400,3099
2009-02-06 00:00:00+00:00,3.65200,3.75200,3.64200,3.71700,3370
2009-02-09 00:00:00+00:00,3.69900,3.77900,3.67400,3.71700,2594
2009-02-10 00:00:00+00:00,3.71500,3.74600,3.63200,3.71200,3050
2009-02-11 00:00:00+00:00,3.71400,3.71800,3.63400,3.64600,2186
2009-02-12 00:00:00+00:00,3.64200,3.72900,3.61600,3.62100,2675
2009-02-13 00:00:00+00:00,3.62800,3.66600,3.58800,3.59000,2058
2009-02-17 00:00:00+00:00,3.59000,3.61500,3.42800,3.47000,2834
2009-02-18 00:00:00+00:00,3.46800,3.48900,3.42900,3.45900,2167
2009-02-19 00:00:00+00:00,3.45700,3.53000,3.45200,3.50500,2024
2009-02-20 00:00:00+00:00,3.50100,3.51600,3.39000,3.48700,2517
2009-02-23 00:00:00+00:00,3.47300,3.57000,3.46800,3.50100,2200
2009-02-24 00:00:00+00:00,3.49900,3.52300,3.42800,3.52000,1787
2009-02-25 00:00:00+00:00,3.51800,3.66600,3.48700,3.62100,2153
2009-02-26 00:00:00+00:00,3.62100,3.69400,3.55000,3.59000,1880
2009-02-27 00:00:00+00:00,3.59100,3.59100,3.46500,3.49000,995
2009-03-02 00:00:00+00:00,3.48300,3.54000,3.35700,3.41500,547
2009-03-03 00:00:00+00:00,3.41500,3.46100,3.38900,3.42400,408
2009-03-04 00:00:00+00:00,3.41600,3.55700,3.38700,3.54000,223
2009-03-05 00:00:00+00:00,3.53800,3.55200,3.45900,3.48400,162
2009-03-06 00:00:00+00:00,3.48700,3.55300,3.48700,3.51500,124
2009-03-08 00:00:00+00:00,3.54600,3.57100,3.54600,3.56600,24
2009-03-09 00:00:00+00:00,3.56600,3.60900,3.55500,3.56000,259
2009-03-10 00:00:00+00:00,3.56000,3.72600,3.56000,3.66400,187
2009-03-11 00:00:00+00:00,3.66400,3.71700,3.53800,3.55300,215
2009-03-12 00:00:00+00:00,3.54600,3.77900,3.54600,3.75500,178
2009-03-13 00:00:00+00:00,3.75700,3.80900,3.74300,3.80000,3391
2009-03-15 00:00:00+00:00,3.76100,3.79100,3.73200,3.78600,176
2009-03-16 00:00:00+00:00,3.78600,3.88900,3.78100,3.80700,4034
2009-03-17 00:00:00+00:00,3.81200,3.86900,3.80100,3.80300,2744
2009-03-18 00:00:00+00:00,3.80100,3.89300,3.76800,3.87600,2545
2009-03-19 00:00:00+00:00,3.87800,3.94300,3.85500,3.86500,3722
2009-03-20 00:00:00+00:00,3.86500,3.90000,3.86500,3.88600,1860
2009-03-22 00:00:00+00:00,3.88100,3.91100,3.88100,3.90600,133
2009-03-23 00:00:00+00:00,3.90600,3.96100,3.85600,3.87600,2351
2009-03-24 00:00:00+00:00,3.87300,3.90500,3.84500,3.84800,2643
2009-03-25 00:00:00+00:00,3.84500,3.87000,3.77500,3.79700,2204
2009-03-26 00:00:00+00:00,3.79700,3.85000,3.79700,3.82800,1887
2009-03-27 00:00:00+00:00,3.83100,3.83600,3.78300,3.81000,1552
2009-03-29 00:00:00+00:00,3.81300,3.82500,3.80800,3.81100,100
2009-03-30 00:00:00+00:00,3.81300,3.83000,3.70500,3.80200,2267
2009-03-31 00:00:00+00:00,3.80200,3.99500,3.75100,3.93400,3646
2009-04-01 00:00:00+00:00,3.93400,3.95900,3.86800,3.91100,2637
2009-04-02 00:00:00+00:00,3.91100,4.01300,3.91100,3.94700,3190
2009-04-03 00:00:00+00:00,3.94900,3.99000,3.91800,3.97200,2248
2009-04-05 00:00:00+00:00,3.98800,4.00000,3.94100,3.96100,204
2009-04-06 00:00:00+00:00,3.96100,4.01600,3.95400,3.98500,2248
2009-04-07 00:00:00+00:00,3.98700,3.99200,3.89000,3.89700,2274
2009-04-08 00:00:00+00:00,3.89700,3.97200,3.84800,3.91600,2470
2009-04-09 00:00:00+00:00,3.91600,3.99600,3.84300,3.86300,2404
2009-04-12 00:00:00+00:00,3.85500,3.85700,3.80800,3.81800,172
2009-04-13 00:00:00+00:00,3.81600,3.85800,3.78600,3.82200,1871
2009-04-14 00:00:00+00:00,3.82400,3.94400,3.81200,3.88000,2445
2009-04-15 00:00:00+00:00,3.87800,3.88600,3.80000,3.83400,2052
2009-04-16 00:00:00+00:00,3.83200,3.85400,3.76900,3.83300,1948
2009-04-17 00:00:00+00:00,3.83600,3.83800,3.72300,3.72800,1708
2009-04-19 00:00:00+00:00,3.71400,3.73100,3.70900,3.72400,93
2009-04-20 00:00:00+00:00,3.72100,3.72600,3.57400,3.68100,2598
2009-04-21 00:00:00+00:00,3.67600,3.75800,3.65300,3.73600,1645
2009-04-22 00:00:00+00:00,3.73600,3.75100,3.67100,3.68800,1341
2009-04-23 00:00:00+00:00,3.68800,3.78800,3.66600,3.77900,1377
2009-04-24 00:00:00+00:00,3.77600,3.83400,3.71800,3.74000,1396
2009-04-26 00:00:00+00:00,3.72600,3.73100,3.65600,3.65600,117
2009-04-27 00:00:00+00:00,3.66100,3.73200,3.59700,3.72500,1659
2009-04-28 00:00:00+00:00,3.72700,3.75600,3.66100,3.73400,1083
2009-04-29 00:00:00+00:00,3.73400,3.91900,3.73400,3.88200,1170
2009-04-30 00:00:00+00:00,3.88200,3.98500,3.86500,3.91800,831
2009-05-01 00:00:00+00:00,3.92800,4.06100,3.92300,4.04600,469
2009-05-03 00:00:00+00:00,3.98500,3.99700,3.93000,3.93200,26
2009-05-04 00:00:00+00:00,3.94000,4.04000,3.91900,3.98900,402
2009-05-05 00:00:00+00:00,3.98600,4.00200,3.88800,3.95000,388
2009-05-06 00:00:00+00:00,3.95000,4.00900,3.95000,3.99400,306
2009-05-07 00:00:00+00:00,4.00400,4.12000,4.00000,4.02600,311
2009-05-08 00:00:00+00:00,4.03600,4.13400,4.03300,4.13100,149
2009-05-10 00:00:00+00:00,4.12700,4.12700,4.12700,4.12700,1
2009-05-11 00:00:00+00:00,4.12800,4.14400,4.06800,4.13100,172
2009-05-12 00:00:00+00:00,4.12900,4.23000,4.12700,4.19500,170
2009-05-13 00:00:00+00:00,4.20300,4.25900,4.14900,4.16700,165
2009-05-14 00:00:00+00:00,4.17700,4.21500,4.14100,4.18800,2296
2009-05-15 00:00:00+00:00,4.18800,4.23300,4.08600,4.08800,2628
2009-05-17 00:00:00+00:00,4.06200,4.06900,4.00300,4.01700,285
2009-05-18 00:00:00+00:00,4.01300,4.18800,3.99300,4.17800,3350
2009-05-19 00:00:00+00:00,4.17300,4.21900,4.13700,4.17500,2729
2009-05-20 00:00:00+00:00,4.17500,4.27600,4.16100,4.18300,2989
2009-05-21 00:00:00+00:00,4.18100,4.22100,4.10500,4.19200,2630
2009-05-22 00:00:00+00:00,4.19200,4.27200,4.18700,4.23000,2850
2009-05-25 00:00:00+00:00,4.23600,4.24900,4.18700,4.24100,225
2009-05-26 00:00:00+00:00,4.24400,4.27400,4.15600,4.24800,3311
2009-05-27 00:00:00+00:00,4.24800,4.26100,4.17000,4.17000,2942
2009-05-28 00:00:00+00:00,4.17300,4.28700,4.16500,4.22800,3409
2009-05-29 00:00:00+00:00,4.22600,4.31000,4.21100,4.30800,2777
2009-05-31 00:00:00+00:00,4.28600,4.30800,4.28600,4.30600,124
2009-06-01 00:00:00+00:00,4.30800,4.40100,4.30300,4.36900,3169
2009-06-02 00:00:00+00:00,4.36900,4.44400,4.35000,4.42500,2467
2009-06-03 00:00:00+00:00,4.42200,4.44500,4.25300,4.26000,3475
2009-06-04 00:00:00+00:00,4.25500,4.43700,4.24800,4.41200,3097
2009-06-05 00:00:00+00:00,4.41500,4.43200,4.34900,4.39400,2605
2009-06-07 00:00:00+00:00,4.38200,4.40200,4.35900,4.37400,152
2009-06-08 00:00:00+00:00,4.37400,4.41900,4.28600,4.31100,2774
2009-06-09 00:00:00+00:00,4.30600,4.41100,4.29900,4.38900,2492
2009-06-10 00:00:00+00:00,4.39200,4.45200,4.30600,4.33600,2977
2009-06-11 00:00:00+00:00,4.33400,4.43100,4.33100,4.36700,3146
2009-06-12 00:00:00+00:00,4.36700,4.38500,4.16800,4.21700,3125
2009-06-14 00:00:00+00:00,4.18800,4.21000,4.14600,4.17300,225
2009-06-15 00:00:00+00:00,4.16800,4.17800,4.02000,4.03000,2849
2009-06-16 00:00:00+00:00,4.02800,4.07600,3.99700,4.00900,2205
2009-06-17 00:00:00+00:00,4.00700,4.05500,3.94600,4.04500,2073
2009-06-18 00:00:00+00:00,4.04800,4.05500,3.98700,4.01400,1753
2009-06-19 00:00:00+00:00,4.01400,4.04500,3.95100,3.96800,1972
2009-06-21 00:00:00+00:00,3.93300,3.96300,3.88600,3.89600,198
2009-06-22 00:00:00+00:00,3.90100,3.91900,3.77500,3.85500,2314
2009-06-23 00:00:00+00:00,3.85800,3.87300,3.78100,3.85100,1709
2009-06-24 00:00:00+00:00,3.84900,3.88700,3.78800,3.82300,1600
2009-06-25 00:00:00+00:00,3.82300,3.86800,3.78400,3.78900,1376
2009-06-26 00:00:00+00:00,3.78900,3.84700,3.77700,3.81700,1271
2009-06-28 00:00:00+00:00,3.81200,3.82700,3.79200,3.80500,92
2009-06-29 00:00:00+00:00,3.81200,3.82000,3.74100,3.76900,1444
2009-06-30 00:00:00+00:00,3.76900,3.80200,3.36400,3.45100,1291
2009-07-01 00:00:00+00:00,3.46400,3.53100,3.41700,3.49400,947
2009-07-02 00:00:00+00:00,3.49400,3.51200,3.41300,3.43800,510
2009-07-05 00:00:00+00:00,3.43400,3.43400,3.38100,3.41100,56
2009-07-06 00:00:00+00:00,3.40900,3.47000,3.38500,3.46500,460
2009-07-07 00:00:00+00:00,3.45200,3.57800,3.34300,3.38900,545
2009-07-08 00:00:00+00:00,3.38400,3.44700,3.34700,3.41400,247
2009-07-09 00:00:00+00:00,3.40700,3.45000,3.38000,3.43000,145
2009-07-10 00:00:00+00:00,3.43000,3.47100,3.36600,3.46600,154
2009-07-13 00:00:00+00:00,3.48600,3.59700,3.38900,3.59700,176
2009-07-14 00:00:00+00:00,3.58000,3.63600,3.56700,3.62700,1473
2009-07-15 00:00:00+00:00,3.62700,3.66700,3.51400,3.53200,1724
2009-07-16 00:00:00+00:00,3.53200,3.54200,3.38400,3.41000,1768
2009-07-17 00:00:00+00:00,3.41000,3.45000,3.37800,3.44200,1453
2009-07-19 00:00:00+00:00,3.43300,3.43900,3.41200,3.43300,69
2009-07-20 00:00:00+00:00,3.43300,3.46400,3.39100,3.43200,1441
2009-07-21 00:00:00+00:00,3.43200,3.45300,3.30100,3.31100,1584
2009-07-22 00:00:00+00:00,3.30800,3.40600,3.23200,3.39200,1749
2009-07-23 00:00:00+00:00,3.39000,3.48000,3.34700,3.46800,2170
2009-07-24 00:00:00+00:00,3.47100,3.48400,3.33800,3.35600,1623
2009-07-26 00:00:00+00:00,3.35300,3.35800,3.30600,3.31900,64
2009-07-27 00:00:00+00:00,3.31900,3.41400,3.31200,3.40200,1516
2009-07-28 00:00:00+00:00,3.40200,3.45200,3.37700,3.38800,1370
2009-07-29 00:00:00+00:00,3.38200,3.40200,3.32700,3.39400,1432
2009-07-30 00:00:00+00:00,3.39400,3.53400,3.38300,3.49300,2103
2009-07-31 00:00:00+00:00,3.49300,3.57700,3.46700,3.56100,1886
2009-08-02 00:00:00+00:00,3.58900,3.66000,3.58400,3.64700,158
2009-08-03 00:00:00+00:00,3.64100,3.82700,3.62500,3.72400,3068
2009-08-04 00:00:00+00:00,3.72100,3.78400,3.69700,3.70400,1865
2009-08-05 00:00:00+00:00,3.69800,3.75600,3.55200,3.62400,2166
2009-08-06 00:00:00+00:00,3.62600,3.63100,3.39700,3.41100,1934
2009-08-07 00:00:00+00:00,3.41800,3.48600,3.35500,3.35800,1727
2009-08-09 00:00:00+00:00,3.31600,3.38300,3.30500,3.35500,186
2009-08-10 00:00:00+00:00,3.36200,3.48000,3.33600,3.38500,1993
2009-08-11 00:00:00+00:00,3.38500,3.41900,3.36400,3.38100,2013
2009-08-12 00:00:00+00:00,3.36800,3.48200,3.31100,3.42400,2007
2009-08-13 00:00:00+00:00,3.42400,3.51000,3.36400,3.38100,1586
2009-08-14 00:00:00+00:00,3.37800,3.39900,3.29300,3.30500,1250
2009-08-16 00:00:00+00:00,3.27700,3.28400,3.26100,3.28200,64
2009-08-17 00:00:00+00:00,3.28400,3.28400,3.14000,3.25700,1619
2009-08-18 00:00:00+00:00,3.25500,3.27500,3.20600,3.25600,1102
2009-08-19 00:00:00+00:00,3.26100,3.31300,3.19500,3.29100,1425
2009-08-20 00:00:00+00:00,3.29300,3.30800,3.25500,3.27700,1094
2009-08-21 00:00:00+00:00,3.27700,3.36200,3.26400,3.28900,1192
2009-08-23 00:00:00+00:00,3.29700,3.32000,3.27600,3.31700,77
2009-08-24 00:00:00+00:00,3.32000,3.37800,3.29700,3.34600,1245
2009-08-25 00:00:00+00:00,3.33900,3.39300,3.24900,3.27100,1287
2009-08-26 00:00:00+00:00,3.27100,3.31100,3.24800,3.28500,963
2009-08-27 00:00:00+00:00,3.28500,3.31100,3.21400,3.27900,975
2009-08-28 00:00:00+00:00,3.27900,3.32300,3.23300,3.26800,1086
2009-08-30 00:00:00+00:00,3.25300,3.30300,3.25300,3.30300,125
2009-08-31 00:00:00+00:00,3.29600,3.31300,3.20000,3.28200,822
2009-09-01 00:00:00+00:00,3.28400,3.30900,3.14600,3.15400,635
2009-09-02 00:00:00+00:00,3.15400,3.17700,3.13600,3.17300,443
2009-09-03 00:00:00+00:00,3.16800,3.19700,3.10700,3.14200,345
2009-09-04 00:00:00+00:00,3.14400,3.14400,3.03300,3.03800,283
2009-09-07 00:00:00+00:00,3.02900,3.02900,2.99600,2.99600,25
2009-09-08 00:00:00+00:00,2.99400,3.08000,2.98900,3.04600,284
2009-09-09 00:00:00+00:00,3.04300,3.09100,3.02400,3.06500,219
2009-09-10 00:00:00+00:00,3.06500,3.14800,3.06500,3.10200,177
2009-09-11 00:00:00+00:00,3.08900,3.15700,3.00900,3.15700,294
2009-09-13 00:00:00+00:00,3.13600,3.13600,3.13600,3.13600,1
2009-09-14 00:00:00+00:00,3.12100,3.15500,3.10800,3.12800,1883
2009-09-15 00:00:00+00:00,3.12500,3.42900,3.12100,3.39200,5389
2009-09-16 00:00:00+00:00,3.39000,3.42900,3.19500,3.26200,4444
2009-09-17 00:00:00+00:00,3.26000,3.36800,3.18300,3.21600,3535
2009-09-18 00:00:00+00:00,3.21600,3.24800,3.12500,3.12700,2182
2009-09-20 00:00:00+00:00,3.11900,3.11900,3.07900,3.09600,153
2009-09-21 00:00:00+00:00,3.09400,3.13400,3.06400,3.13100,2330
2009-09-22 00:00:00+00:00,3.12900,3.22600,3.11400,3.22300,2586
2009-09-23 00:00:00+00:00,3.22600,3.32200,3.14900,3.22600,2933
2009-09-24 00:00:00+00:00,3.22400,3.33800,3.18900,3.30100,3363
2009-09-25 00:00:00+00:00,3.30300,3.36500,3.24700,3.29600,2924
2009-09-27 00:00:00+00:00,3.30000,3.36600,3.30000,3.32900,204
2009-09-28 00:00:00+00:00,3.33200,3.38900,3.25100,3.37700,2568
2009-09-29 00:00:00+00:00,3.37700,3.42700,3.32300,3.34300,3170
2009-09-30 00:00:00+00:00,3.34300,3.40200,3.31600,3.35300,2873
2009-10-01 00:00:00+00:00,3.35600,3.42000,3.33600,3.34900,2538
2009-10-02 00:00:00+00:00,3.35100,3.36600,3.28000,3.29700,2293
2009-10-04 00:00:00+00:00,3.29100,3.30100,3.23900,3.26400,167
2009-10-05 00:00:00+00:00,3.26400,3.46200,3.24900,3.40300,3497
2009-10-06 00:00:00+00:00,3.40000,3.66000,3.39800,3.56400,5067
2009-10-07 00:00:00+00:00,3.56200,3.59900,3.50300,3.55500,3009
2009-10-08 00:00:00+00:00,3.55500,3.66200,3.55200,3.59000,4588
2009-10-09 00:00:00+00:00,3.58700,3.69200,3.55100,3.59000,4008
2009-10-11 00:00:00+00:00,3.61100,3.67100,3.61100,3.65600,245
2009-10-12 00:00:00+00:00,3.65400,3.79800,3.61900,3.74100,3777
2009-10-13 00:00:00+00:00,3.74600,3.83000,3.70600,3.75100,4062
2009-10-14 00:00:00+00:00,3.75600,3.85100,3.73900,3.77700,4039
2009-10-15 00:00:00+00:00,3.77900,3.79400,3.65100,3.68600,3799
2009-10-16 00:00:00+00:00,3.68800,3.74000,3.65400,3.68600,2472
2009-10-18 00:00:00+00:00,3.68200,3.71500,3.67700,3.69200,169
2009-10-19 00:00:00+00:00,3.69500,3.85600,3.66000,3.85400,3573
2009-10-20 00:00:00+00:00,3.85600,3.86100,3.76300,3.81500,3306
2009-10-21 00:00:00+00:00,3.81700,4.00400,3.78000,3.91700,4679
2009-10-22 00:00:00+00:00,3.91500,4.03400,3.90000,4.02900,3538
2009-10-23 00:00:00+00:00,4.03200,4.10200,3.93800,3.94100,4619
2009-10-25 00:00:00+00:00,3.94700,3.95700,3.92500,3.93700,195
2009-10-26 00:00:00+00:00,3.93700,3.99700,3.73600,3.75600,3869
2009-10-27 00:00:00+00:00,3.75900,3.77600,3.66500,3.70200,3324
2009-10-28 00:00:00+00:00,3.70200,3.72200,3.61100,3.65600,3299
2009-10-29 00:00:00+00:00,3.65800,3.80800,3.64400,3.79300,3046
2009-10-30 00:00:00+00:00,3.79300,3.79300,3.60500,3.64700,3101
2009-11-02 00:00:00+00:00,3.59600,3.81000,3.56900,3.78300,3400
2009-11-03 00:00:00+00:00,3.77800,3.94000,3.72900,3.87300,4431
2009-11-04 00:00:00+00:00,3.85800,3.96300,3.80900,3.82900,3692
2009-11-05 00:00:00+00:00,3.81400,3.85100,3.73700,3.74200,2831
2009-11-06 00:00:00+00:00,3.74000,3.76500,3.63900,3.64600,2527
2009-11-09 00:00:00+00:00,3.63500,3.86200,3.63200,3.81200,3916
2009-11-10 00:00:00+00:00,3.81900,3.94900,3.77200,3.91700,4126
2009-11-11 00:00:00+00:00,3.91200,4.00900,3.89700,3.90500,4119
2009-11-12 00:00:00+00:00,3.90000,3.96300,3.80800,3.88600,4148
2009-11-13 00:00:00+00:00,3.88100,3.92900,3.83700,3.87900,2907
2009-11-16 00:00:00+00:00,3.91300,4.00800,3.89000,3.99800,3732
2009-11-17 00:00:00+00:00,3.98800,4.02300,3.95100,4.00100,2952
2009-11-18 00:00:00+00:00,3.99600,4.07900,3.95900,3.97400,3334
2009-11-19 00:00:00+00:00,3.96400,3.99000,3.88500,3.94000,2965
2009-11-20 00:00:00+00:00,3.93500,3.97500,3.88800,3.89600,2357
2009-11-23 00:00:00+00:00,3.89700,4.01700,3.83800,3.84500,3232
2009-11-24 00:00:00+00:00,3.84800,3.86000,3.73300,3.75900,2753
2009-11-25 00:00:00+00:00,3.76100,3.92600,3.76100,3.90900,2554
2009-11-27 00:00:00+00:00,3.84900,3.97500,3.78000,3.96500,1637
2009-11-30 00:00:00+00:00,3.95900,4.04400,3.91400,4.00200,1561
2009-12-01 00:00:00+00:00,3.99900,4.05200,3.96500,3.96700,914
2009-12-02 00:00:00+00:00,3.97200,3.98300,3.89300,3.91000,567
2009-12-03 00:00:00+00:00,3.91100,3.96600,3.84400,3.84900,646
2009-12-04 00:00:00+00:00,3.84600,3.85900,3.72700,3.72900,553
2009-12-07 00:00:00+00:00,3.73100,3.77600,3.67100,3.68600,552
2009-12-08 00:00:00+00:00,3.69600,3.74700,3.67200,3.70200,428
2009-12-09 00:00:00+00:00,3.70200,3.73000,3.63500,3.68200,359
2009-12-10 00:00:00+00:00,3.67800,3.80500,3.65800,3.76800,360
2009-12-11 00:00:00+00:00,3.77600,3.90900,3.74300,3.88400,369
2009-12-14 00:00:00+00:00,3.87200,3.94800,3.84800,3.94000,3104
2009-12-15 00:00:00+00:00,3.92400,3.94900,3.90100,3.91800,2425
2009-12-16 00:00:00+00:00,3.91600,3.98700,3.88600,3.95800,2940
2009-12-17 00:00:00+00:00,3.94600,3.95100,3.79100,3.81100,3093
2009-12-18 00:00:00+00:00,3.82500,3.86900,3.77100,3.83400,2851
2009-12-21 00:00:00+00:00,3.84000,3.92800,3.82100,3.86100,2439
2009-12-22 00:00:00+00:00,3.85600,3.88400,3.80200,3.84800,2207
2009-12-23 00:00:00+00:00,3.84600,3.91700,3.83900,3.90500,1856
2009-12-24 00:00:00+00:00,3.89800,3.95300,3.89600,3.94800,1391
2009-12-28 00:00:00+00:00,3.96100,4.05400,3.95100,4.02200,2996
2009-12-29 00:00:00+00:00,4.02000,4.05100,4.00500,4.04100,2302
2009-12-30 00:00:00+00:00,4.03200,4.04000,3.89700,4.00900,2713
2009-12-31 00:00:00+00:00,4.00500,4.05600,3.99500,4.01600,2042
2010-01-04 00:00:00+00:00,4.03800,4.14100,4.01500,4.05200,4049
2010-01-05 00:00:00+00:00,4.05400,4.08200,4.03600,4.07000,2395
2010-01-06 00:00:00+00:00,4.06400,4.10300,4.04500,4.10100,2516
2010-01-07 00:00:00+00:00,4.09400,4.12500,4.03700,4.06400,3541
2010-01-08 00:00:00+00:00,4.06200,4.12200,4.03800,4.09300,3042
2010-01-11 00:00:00+00:00,4.10900,4.14100,4.07400,4.07600,3223
2010-01-12 00:00:00+00:00,4.08400,4.08400,3.82700,3.82700,983
2010-01-13 00:00:00+00:00,3.74900,3.75600,3.58900,3.73300,5605
2010-01-14 00:00:00+00:00,3.72900,3.73500,3.67600,3.69600,2935
2010-01-15 00:00:00+00:00,3.69900,3.70700,3.60700,3.62700,2963
2010-01-19 00:00:00+00:00,3.63200,3.66900,3.59600,3.61100,2721
2010-01-20 00:00:00+00:00,3.61100,3.62400,3.54400,3.61000,2710
2010-01-21 00:00:00+00:00,3.61100,3.64100,3.56300,3.63900,2522
2010-01-22 00:00:00+00:00,3.64600,3.64900,3.56200,3.57700,2309
2010-01-25 00:00:00+00:00,3.59500,3.62000,3.58100,3.61100,2040
2010-01-26 00:00:00+00:00,3.60600,3.61900,3.53400,3.54600,2594
2010-01-27 00:00:00+00:00,3.55400,3.56600,3.51600,3.52100,1890
2010-01-28 00:00:00+00:00,3.52300,3.56400,3.51200,3.55700,1928
2010-01-29 00:00:00+00:00,3.55200,3.56900,3.48900,3.49400,2180
2010-02-01 00:00:00+00:00,3.50200,3.54800,3.49500,3.52100,2603
2010-02-02 00:00:00+00:00,3.53100,3.61300,3.53100,3.58900,2582
2010-02-03 00:00:00+00:00,3.59100,3.62400,3.47000,3.47500,2931
2010-02-04 00:00:00+00:00,3.50200,3.53200,3.43700,3.49100,2791
2010-02-05 00:00:00+00:00,3.48900,3.50200,3.42400,3.46300,2350
2010-02-08 00:00:00+00:00,3.49100,3.57100,3.48600,3.51200,2748
2010-02-09 00:00:00+00:00,3.51000,3.58700,3.50000,3.53500,2532
2010-02-10 00:00:00+00:00,3.54100,3.60800,3.50700,3.57400,2479
2010-02-11 00:00:00+00:00,3.57200,3.60400,3.55100,3.58800,1977
2010-02-12 00:00:00+00:00,3.59100,3.59800,3.53300,3.57700,1677
2010-02-16 00:00:00+00:00,3.58500,3.65000,3.58200,3.63800,2120
2010-02-17 00:00:00+00:00,3.63300,3.64100,3.56000,3.57200,1569
2010-02-18 00:00:00+00:00,3.57000,3.58100,3.52200,3.53400,1731
2010-02-19 00:00:00+00:00,3.51700,3.57300,3.50000,3.56600,1709
2010-02-22 00:00:00+00:00,3.57200,3.73900,3.57200,3.69400,2291
2010-02-23 00:00:00+00:00,3.67200,3.70300,3.64600,3.65100,1582
2010-02-24 00:00:00+00:00,3.65200,3.73200,3.64900,3.72700,1433
2010-02-25 00:00:00+00:00,3.72300,3.72500,3.66900,3.69400,1150
2010-02-26 00:00:00+00:00,3.69700,3.77800,3.69700,3.77000,729
2010-03-01 00:00:00+00:00,3.76200,3.79200,3.67600,3.69300,492
2010-03-02 00:00:00+00:00,3.69300,3.71900,3.63700,3.68000,411
2010-03-03 00:00:00+00:00,3.68500,3.76400,3.68300,3.74100,282
2010-03-04 00:00:00+00:00,3.73600,3.73600,3.68000,3.71000,210
2010-03-05 00:00:00+00:00,3.71800,3.75900,3.63200,3.64500,293
2010-03-08 00:00:00+00:00,3.66300,3.67200,3.61700,3.63900,257
2010-03-09 00:00:00+00:00,3.64000,3.64000,3.57600,3.58100,231
2010-03-10 00:00:00+00:00,3.58600,3.60300,3.52300,3.55500,225
2010-03-11 00:00:00+00:00,3.56600,3.57300,3.51900,3.54900,172
2010-03-12 00:00:00+00:00,3.56200,3.58000,3.52900,3.55400,1714
2010-03-14 00:00:00+00:00,3.56200,3.57400,3.54500,3.56200,83
2010-03-15 00:00:00+00:00,3.55900,3.57000,3.53400,3.55600,1551
2010-03-16 00:00:00+00:00,3.55600,3.60300,3.54400,3.59200,1851
2010-03-17 00:00:00+00:00,3.58900,3.65900,3.56600,3.64700,2116
2010-03-18 00:00:00+00:00,3.64400,3.68000,3.60600,3.67000,2000
2010-03-19 00:00:00+00:00,3.67300,3.67800,3.63200,3.64900,1656
2010-03-22 00:00:00+00:00,3.66500,3.66800,3.62700,3.63500,1730
2010-03-23 00:00:00+00:00,3.63500,3.64400,3.55000,3.55500,2359
2010-03-24 00:00:00+00:00,3.55500,3.59100,3.51700,3.57900,2155
2010-03-25 00:00:00+00:00,3.57600,3.59100,3.47000,3.48700,2249
2010-03-26 00:00:00+00:00,3.48700,3.51000,3.48200,3.49800,1531
2010-03-28 00:00:00+00:00,3.49400,3.49600,3.48600,3.49400,53
2010-03-29 00:00:00+00:00,3.49600,3.53200,3.48300,3.50300,1733
2010-03-30 00:00:00+00:00,3.50000,3.52500,3.45400,3.47200,2197
2010-03-31 00:00:00+00:00,3.47000,3.48200,3.38200,3.40700,2241
2010-04-01 00:00:00+00:00,3.40700,3.43000,3.37600,3.38600,1807
2010-04-04 00:00:00+00:00,3.39300,3.40500,3.39000,3.40000,58
2010-04-05 00:00:00+00:00,3.40000,3.41800,3.38600,3.40700,1479
2010-04-06 00:00:00+00:00,3.40400,3.44500,3.39000,3.40600,1511
2010-04-07 00:00:00+00:00,3.40800,3.53700,3.38700,3.49600,2533
2010-04-08 00:00:00+00:00,3.49600,3.50600,3.41300,3.42800,2115
2010-04-09 00:00:00+00:00,3.42800,3.47100,3.39200,3.41700,1783
2010-04-11 00:00:00+00:00,3.42000,3.45200,3.41500,3.44700,133
2010-04-12 00:00:00+00:00,3.44700,3.46700,3.41100,3.42400,1658
2010-04-13 00:00:00+00:00,3.42100,3.49200,3.41000,3.48700,1650
2010-04-14 00:00:00+00:00,3.48900,3.59400,3.47200,3.54300,3604
2010-04-15 00:00:00+00:00,3.54000,3.59600,3.52100,3.58100,2236
2010-04-16 00:00:00+00:00,3.58100,3.60900,3.54500,3.57700,1747
2010-04-18 00:00:00+00:00,3.58800,3.58800,3.57800,3.58300,49
2010-04-19 00:00:00+00:00,3.58300,3.58600,3.44300,3.47100,2193
2010-04-20 00:00:00+00:00,3.47100,3.53100,3.45900,3.52600,1516
2010-04-21 00:00:00+00:00,3.52900,3.59900,3.52400,3.56000,1778
2010-04-22 00:00:00+00:00,3.56000,3.59800,3.52900,3.57900,1330
2010-04-23 00:00:00+00:00,3.57900,3.59500,3.49100,3.50100,1236
2010-04-25 00:00:00+00:00,3.50400,3.52100,3.50100,3.51900,45
2010-04-26 00:00:00+00:00,3.51900,3.56900,3.48600,3.48800,1792
2010-04-27 00:00:00+00:00,3.48800,3.50800,3.42700,3.48400,1037
2010-04-28 00:00:00+00:00,3.48400,3.59500,3.46300,3.56000,1316
2010-04-29 00:00:00+00:00,3.56000,3.67800,3.55600,3.59700,1029
2010-04-30 00:00:00+00:00,3.58700,3.64700,3.58400,3.64700,434
2010-05-02 00:00:00+00:00,3.64300,3.65600,3.64100,3.65100,12
2010-05-03 00:00:00+00:00,3.65100,3.67400,3.59000,3.60500,272
2010-05-04 00:00:00+00:00,3.61200,3.61200,3.52100,3.58600,325
2010-05-05 00:00:00+00:00,3.59200,3.63800,3.53300,3.63800,226
2010-05-06 00:00:00+00:00,3.64500,3.71600,3.60100,3.60900,172
2010-05-07 00:00:00+00:00,3.59900,3.66800,3.59900,3.63000,88
2010-05-09 00:00:00+00:00,3.63100,3.63100,3.63100,3.63100,1
2010-05-10 00:00:00+00:00,3.69200,3.69200,3.61200,3.61200,104
2010-05-11 00:00:00+00:00,3.61500,3.69600,3.57600,3.69200,121
2010-05-12 00:00:00+00:00,3.69700,3.78700,3.67500,3.70800,221
2010-05-13 00:00:00+00:00,3.69800,3.73600,3.65300,3.66300,185
2010-05-14 00:00:00+00:00,3.66300,3.67800,3.55500,3.57000,2326
2010-05-16 00:00:00+00:00,3.57700,3.58200,3.56300,3.58000,81
2010-05-17 00:00:00+00:00,3.58000,3.58200,3.49500,3.52500,2248
2010-05-18 00:00:00+00:00,3.52700,3.56700,3.51000,3.52100,2158
2010-05-19 00:00:00+00:00,3.52100,3.57300,3.47700,3.55400,2159
2010-05-20 00:00:00+00:00,3.55400,3.57200,3.48500,3.54700,2149
2010-05-21 00:00:00+00:00,3.54500,3.66600,3.53300,3.63700,3040
2010-05-23 00:00:00+00:00,3.62900,3.64200,3.62400,3.63400,92
2010-05-24 00:00:00+00:00,3.63400,3.67200,3.62500,3.64500,1922
2010-05-25 00:00:00+00:00,3.64000,3.64500,3.57200,3.62200,2350
2010-05-26 00:00:00+00:00,3.61900,3.66700,3.60900,3.65200,2129
2010-05-27 00:00:00+00:00,3.65200,3.68500,3.64700,3.67500,1919
2010-05-28 00:00:00+00:00,3.67500,3.67800,3.53600,3.55800,2319
2010-05-31 00:00:00+00:00,3.54200,3.56400,3.53900,3.55100,101
2010-06-01 00:00:00+00:00,3.54900,3.55400,3.48100,3.49800,2286
2010-06-02 00:00:00+00:00,3.50100,3.53100,3.43500,3.45500,1828
2010-06-03 00:00:00+00:00,3.45200,3.47300,3.40400,3.46600,2035
2010-06-04 00:00:00+00:00,3.46300,3.46300,3.35800,3.37000,2121
2010-06-06 00:00:00+00:00,3.37000,3.37200,3.35300,3.35500,101
2010-06-07 00:00:00+00:00,3.35500,3.35800,3.31800,3.33100,1806
2010-06-08 00:00:00+00:00,3.33100,3.36700,3.31400,3.34200,1703
2010-06-09 00:00:00+00:00,3.34000,3.37800,3.33000,3.34100,1744
2010-06-10 00:00:00+00:00,3.33800,3.44500,3.32600,3.40100,2220
2010-06-11 00:00:00+00:00,3.40100,3.46400,3.39900,3.45600,1802
2010-06-13 00:00:00+00:00,3.45900,3.47600,3.45600,3.47100,72
2010-06-14 00:00:00+00:00,3.47400,3.51400,3.45400,3.49400,1753
2010-06-15 00:00:00+00:00,3.49200,3.52000,3.47800,3.51500,1683
2010-06-16 00:00:00+00:00,3.51300,3.57500,3.49900,3.54100,1979
2010-06-17 00:00:00+00:00,3.54100,3.56900,3.51400,3.54200,1658
2010-06-18 00:00:00+00:00,3.54000,3.61500,3.53000,3.57300,1765
2010-06-20 00:00:00+00:00,3.60500,3.63000,3.60500,3.61700,111
2010-06-21 00:00:00+00:00,3.62000,3.64800,3.48900,3.51700,2342
2010-06-22 00:00:00+00:00,3.51700,3.53900,3.46000,3.48300,1602
2010-06-23 00:00:00+00:00,3.48000,3.49600,3.43700,3.44700,1325
2010-06-24 00:00:00+00:00,3.44700,3.46500,3.40200,3.42800,1538
2010-06-25 00:00:00+00:00,3.42800,3.44100,3.37600,3.38100,1243
2010-06-27 00:00:00+00:00,3.37900,3.37900,3.34400,3.36100,94
2010-06-28 00:00:00+00:00,3.36400,3.37600,3.30500,3.32700,1398
2010-06-29 00:00:00+00:00,3.32700,3.32700,3.23100,3.24100,1473
2010-06-30 00:00:00+00:00,3.24100,3.55800,3.23900,3.52600,1176
2010-07-01 00:00:00+00:00,3.53400,3.65900,3.50200,3.61700,466
2010-07-02 00:00:00+00:00,3.61900,3.65000,3.60000,3.63500,289
2010-07-05 00:00:00+00:00,3.61400,3.61400,3.58400,3.60600,8
2010-07-06 00:00:00+00:00,3.63600,3.70400,3.59000,3.59000,225
2010-07-07 00:00:00+00:00,3.60000,3.70500,3.60000,3.69600,204
2010-07-08 00:00:00+00:00,3.69800,3.77900,3.69600,3.75200,192
2010-07-09 00:00:00+00:00,3.75400,3.77500,3.72700,3.75500,149
2010-07-11 00:00:00+00:00,3.74700,3.76200,3.73700,3.76200,5
2010-07-12 00:00:00+00:00,3.73000,3.75800,3.68300,3.68300,155
2010-07-13 00:00:00+00:00,3.67600,3.74200,3.65700,3.65700,169
2010-07-14 00:00:00+00:00,3.67500,3.76800,3.66500,3.74900,1853
2010-07-15 00:00:00+00:00,3.74900,3.89400,3.74900,3.83600,2512
2010-07-16 00:00:00+00:00,3.83600,3.87600,3.79500,3.86400,1878
2010-07-18 00:00:00+00:00,3.78600,3.81300,3.76700,3.80100,137
2010-07-19 00:00:00+00:00,3.80400,3.83600,3.69400,3.69700,1792
2010-07-20 00:00:00+00:00,3.69700,3.72900,3.66100,3.66600,1269
2010-07-21 00:00:00+00:00,3.66900,3.74300,3.66600,3.72400,1347
2010-07-22 00:00:00+00:00,3.72700,3.79800,3.67100,3.67600,1862
2010-07-23 00:00:00+00:00,3.67900,3.72600,3.63100,3.64300,1584
2010-07-25 00:00:00+00:00,3.62600,3.62600,3.60400,3.60900,59
2010-07-26 00:00:00+00:00,3.60900,3.65400,3.55600,3.57300,1496
2010-07-27 00:00:00+00:00,3.57100,3.62600,3.55900,3.56700,1532
2010-07-28 00:00:00+00:00,3.57200,3.73300,3.56700,3.71600,1834
2010-07-29 00:00:00+00:00,3.71600,3.79100,3.69500,3.75200,1698
2010-07-30 00:00:00+00:00,3.74900,3.86800,3.74200,3.86600,2360
2010-08-01 00:00:00+00:00,3.85700,3.88100,3.85400,3.86900,97
2010-08-02 00:00:00+00:00,3.86900,3.98300,3.83800,3.85000,2728
2010-08-03 00:00:00+00:00,3.85000,3.88800,3.79700,3.82200,1779
2010-08-04 00:00:00+00:00,3.82200,3.96400,3.82200,3.94400,2184
2010-08-05 00:00:00+00:00,3.94400,4.19200,3.90000,3.97000,3586
2010-08-06 00:00:00+00:00,3.96600,4.02800,3.86800,3.97900,2360
2010-08-08 00:00:00+00:00,3.97700,3.99400,3.97400,3.98400,73
2010-08-09 00:00:00+00:00,3.98700,4.05900,3.96100,3.97600,1601
2010-08-10 00:00:00+00:00,3.97100,3.97600,3.88300,3.91300,1539
2010-08-11 00:00:00+00:00,3.91600,3.95800,3.86000,3.90200,1729
2010-08-12 00:00:00+00:00,3.90500,4.09300,3.90500,4.04400,2525
2010-08-13 00:00:00+00:00,4.04200,4.09200,4.04200,4.06500,1488
2010-08-15 00:00:00+00:00,4.04800,4.06600,4.04800,4.05300,55
2010-08-16 00:00:00+00:00,4.05600,4.13400,4.01700,4.05200,1660
2010-08-17 00:00:00+00:00,4.04800,4.12300,4.02400,4.11800,1261
2010-08-18 00:00:00+00:00,4.11600,4.15900,4.05500,4.14700,1457
2010-08-19 00:00:00+00:00,4.14200,4.19200,4.07600,4.08600,1599
2010-08-20 00:00:00+00:00,4.08600,4.18400,4.05500,4.18200,1224
2010-08-22 00:00:00+00:00,4.16800,4.18000,4.16800,4.17800,56
2010-08-23 00:00:00+00:00,4.18000,4.19100,4.10200,4.10200,1067
2010-08-24 00:00:00+00:00,4.10700,4.11400,3.96900,4.01200,1476
2010-08-25 00:00:00+00:00,4.00700,4.06000,3.97500,4.03000,1212
2010-08-26 00:00:00+00:00,4.03800,4.17000,4.02800,4.15600,1201
2010-08-27 00:00:00+00:00,4.15600,4.22400,4.15400,4.17900,1138
2010-08-29 00:00:00+00:00,4.21000,4.26000,4.20500,4.24700,105
2010-08-30 00:00:00+00:00,4.24700,4.27100,4.14200,4.17700,1105
2010-08-31 00:00:00+00:00,4.17700,4.27500,4.17200,4.22800,710
2010-09-01 00:00:00+00:00,4.23000,4.31100,4.23000,4.30600,434
2010-09-02 00:00:00+00:00,4.30700,4.31300,4.26800,4.30100,335
2010-09-03 00:00:00+00:00,4.30300,4.50100,4.29200,4.48600,495
2010-09-06 00:00:00+00:00,4.48600,4.57800,4.44100,4.44100,11
2010-09-07 00:00:00+00:00,4.45400,4.51000,4.42200,4.49000,253
2010-09-08 00:00:00+00:00,4.49300,4.52100,4.46100,4.46600,229
2010-09-09 00:00:00+00:00,4.46900,4.56300,4.44200,4.53300,208
2010-09-10 00:00:00+00:00,4.54800,4.64200,4.52400,4.63900,261
2010-09-12 00:00:00+00:00,4.63000,4.63300,4.62300,4.62500,6
2010-09-13 00:00:00+00:00,4.62800,4.71600,4.62800,4.68200,215
2010-09-14 00:00:00+00:00,4.68200,4.80700,4.65900,4.80000,4411
2010-09-15 00:00:00+00:00,4.80300,4.83700,4.77200,4.80700,3456
2010-09-16 00:00:00+00:00,4.80400,4.86200,4.75200,4.85700,3170
2010-09-17 00:00:00+00:00,4.85900,5.02300,4.85900,4.97700,5808
2010-09-19 00:00:00+00:00,4.98800,5.06400,4.98800,5.06400,423
2010-09-20 00:00:00+00:00,5.06400,5.09100,4.90200,4.90500,4329
2010-09-21 00:00:00+00:00,4.90700,5.03000,4.89600,4.93100,3985
2010-09-22 00:00:00+00:00,4.92800,4.98000,4.86600,4.90300,3521
2010-09-23 00:00:00+00:00,4.90100,4.90900,4.81900,4.83700,4266
2010-09-24 00:00:00+00:00,4.83700,5.09600,4.83200,5.07600,4768
2010-09-26 00:00:00+00:00,5.08500,5.13400,5.08500,5.11900,393
2010-09-27 00:00:00+00:00,5.11700,5.15200,4.97700,4.98400,3803
2010-09-28 00:00:00+00:00,4.98700,5.00500,4.85400,4.85900,3476
2010-09-29 00:00:00+00:00,4.85700,4.93400,4.73800,4.92900,4979
2010-09-30 00:00:00+00:00,4.92700,4.95700,4.66500,4.79400,5357
2010-10-01 00:00:00+00:00,4.78700,4.80200,4.54400,4.54400,5588
2010-10-03 00:00:00+00:00,4.49600,4.52800,4.43500,4.49200,669
2010-10-04 00:00:00+00:00,4.48900,4.62700,4.44300,4.60300,5088
2010-10-05 00:00:00+00:00,4.60300,4.82700,4.54400,4.82400,4715
2010-10-06 00:00:00+00:00,4.82400,4.84600,4.76200,4.79200,3379
2010-10-07 00:00:00+00:00,4.78900,4.91300,4.78900,4.88600,3983
2010-10-08 00:00:00+00:00,4.88600,5.16600,4.85000,5.16600,917
2010-10-11 00:00:00+00:00,5.58000,5.59900,5.43100,5.47500,5828
2010-10-12 00:00:00+00:00,5.47300,5.72200,5.43000,5.69000,6403
2010-10-13 00:00:00+00:00,5.69000,5.76000,5.54200,5.58400,6026
2010-10-14 00:00:00+00:00,5.58700,5.68100,5.54400,5.61100,4815
2010-10-15 00:00:00+00:00,5.60800,5.63600,5.50900,5.51400,3796
2010-10-17 00:00:00+00:00,5.50800,5.51100,5.47400,5.49100,238
2010-10-18 00:00:00+00:00,5.48900,5.52400,5.42600,5.48100,3679
2010-10-19 00:00:00+00:00,5.48100,5.51600,5.32800,5.35500,4669
2010-10-20 00:00:00+00:00,5.35300,5.68800,5.34000,5.68300,5298
2010-10-21 00:00:00+00:00,5.68300,5.69100,5.51800,5.56300,4445
2010-10-22 00:00:00+00:00,5.56000,5.61000,5.49800,5.50300,3032
2010-10-24 00:00:00+00:00,5.51600,5.57800,5.51100,5.57300,231
2010-10-25 00:00:00+00:00,5.57500,5.66000,5.55200,5.57500,3380
2010-10-26 00:00:00+00:00,5.57200,5.67900,5.52900,5.65800,3700
2010-10-27 00:00:00+00:00,5.65800,5.69900,5.52600,5.67700,3828
2010-10-28 00:00:00+00:00,5.67900,5.76200,5.66200,5.69900,3585
2010-10-29 00:00:00+00:00,5.69600,5.74200,5.62300,5.73400,3076
2010-10-31 00:00:00+00:00,5.76600,5.80300,5.75100,5.80300,280
2010-11-01 00:00:00+00:00,5.80500,5.82300,5.68300,5.72300,3635
2010-11-02 00:00:00+00:00,5.72100,5.74900,5.64400,5.68800,2846
2010-11-03 00:00:00+00:00,5.69100,5.75000,5.61100,5.74500,3315
2010-11-04 00:00:00+00:00,5.74500,5.87900,5.74000,5.82500,3998
2010-11-05 00:00:00+00:00,5.82800,5.84200,5.75700,5.79000,2931
2010-11-08 00:00:00+00:00,5.80400,5.85000,5.77600,5.78800,3337
2010-11-09 00:00:00+00:00,5.78600,5.96500,5.64700,5.67200,5540
2010-11-10 00:00:00+00:00,5.68400,5.73700,5.58700,5.60700,4108
2010-11-11 00:00:00+00:00,5.60700,5.68000,5.51500,5.57900,3725
2010-11-12 00:00:00+00:00,5.57900,5.60400,5.28400,5.28400,6107
2010-11-15 00:00:00+00:00,5.36500,5.61400,5.33800,5.50000,5233
2010-11-16 00:00:00+00:00,5.49800,5.51000,5.20700,5.22900,5280
2010-11-17 00:00:00+00:00,5.22700,5.31200,5.04600,5.20400,6418
2010-11-18 00:00:00+00:00,5.22400,5.41600,5.22400,5.36700,3947
2010-11-19 00:00:00+00:00,5.38200,5.43700,5.14300,5.17500,4690
2010-11-22 00:00:00+00:00,5.11400,5.28300,5.08100,5.12300,4803
2010-11-23 00:00:00+00:00,5.14800,5.27900,5.02800,5.24900,4177
2010-11-24 00:00:00+00:00,5.24900,5.35700,5.24900,5.35300,2592
2010-11-26 00:00:00+00:00,5.36700,5.40200,5.27900,5.34100,1787
2010-11-29 00:00:00+00:00,5.39700,5.42300,5.32600,5.35900,2391
2010-11-30 00:00:00+00:00,5.36400,5.38400,5.27100,5.27900,1082
2010-12-01 00:00:00+00:00,5.28400,5.50200,5.26600,5.48400,907
2010-12-02 00:00:00+00:00,5.47700,5.51100,5.38400,5.39400,503
2010-12-03 00:00:00+00:00,5.39000,5.57000,5.39000,5.56800,389
2010-12-06 00:00:00+00:00,5.57400,5.59000,5.47100,5.52100,337
2010-12-07 00:00:00+00:00,5.52900,5.60700,5.41600,5.45600,351
2010-12-08 00:00:00+00:00,5.45800,5.58700,5.37700,5.58500,364
2010-12-09 00:00:00+00:00,5.58500,5.63400,5.53500,5.59700,335
2010-12-10 00:00:00+00:00,5.61200,5.64500,5.53100,5.59800,324
2010-12-13 00:00:00+00:00,5.60800,5.75900,5.55800,5.75900,349
2010-12-14 00:00:00+00:00,5.73700,5.75800,5.70400,5.73600,2688
2010-12-15 00:00:00+00:00,5.72900,5.81300,5.67100,5.71100,3286
2010-12-16 00:00:00+00:00,5.70400,5.77100,5.68600,5.73700,2610
2010-12-17 00:00:00+00:00,5.74200,5.86000,5.72700,5.82900,3191
2010-12-20 00:00:00+00:00,5.84400,5.91400,5.83900,5.86700,3179
2010-12-21 00:00:00+00:00,5.86500,5.91500,5.85600,5.89600,2515
2010-12-22 00:00:00+00:00,5.90100,5.97300,5.87700,5.96100,2816
2010-12-23 00:00:00+00:00,5.95900,6.02400,5.94500,6.01100,2359
2010-12-27 00:00:00+00:00,5.98200,6.07100,5.97400,6.02500,2552
2010-12-28 00:00:00+00:00,6.02700,6.12400,6.01100,6.11400,2890
2010-12-29 00:00:00+00:00,6.10700,6.14800,6.07400,6.11600,2542
2010-12-30 00:00:00+00:00,6.11400,6.13400,6.01200,6.06400,3014
2010-12-31 00:00:00+00:00,6.04900,6.18500,6.04400,6.18300,2151
2011-01-03 00:00:00+00:00,6.15200,6.22900,6.09200,6.09400,3163
2011-01-04 00:00:00+00:00,6.09200,6.12700,5.93100,5.98000,4122
2011-01-05 00:00:00+00:00,5.98600,6.09300,5.90000,6.07500,4032
2011-01-06 00:00:00+00:00,6.08300,6.10800,5.90200,5.91200,3769
2011-01-07 00:00:00+00:00,5.90500,5.94500,5.85200,5.86900,3928
2011-01-10 00:00:00+00:00,5.88000,6.04300,5.87800,5.99400,3494
2011-01-11 00:00:00+00:00,5.98500,6.06000,5.96600,5.97900,3647
2011-01-12 00:00:00+00:00,5.98600,6.27300,5.96200,6.23600,4838
2011-01-13 00:00:00+00:00,6.23900,6.39800,6.23700,6.35100,5069
2011-01-14 00:00:00+00:00,6.35400,6.40200,6.26900,6.40000,3909
2011-01-18 00:00:00+00:00,6.38300,6.53700,6.36500,6.49200,4270
2011-01-19 00:00:00+00:00,6.50500,6.57200,6.28700,6.32900,4561
2011-01-20 00:00:00+00:00,6.32700,6.45900,6.19200,6.45900,4786
2011-01-21 00:00:00+00:00,6.47400,6.58300,6.42000,6.48500,4992
2011-01-24 00:00:00+00:00,6.51300,6.53300,6.42600,6.47500,3586
2011-01-25 00:00:00+00:00,6.46800,6.47000,6.31600,6.36800,3975
2011-01-26 00:00:00+00:00,6.36300,6.54300,6.32600,6.50300,3212
2011-01-27 00:00:00+00:00,6.50800,6.54000,6.40100,6.44300,3472
2011-01-28 00:00:00+00:00,6.44600,6.50400,6.35300,6.36800,3801
2011-01-31 00:00:00+00:00,6.35400,6.52600,6.35400,6.50400,4224
2011-02-01 00:00:00+00:00,6.51900,6.59900,6.48900,6.59500,3565
2011-02-02 00:00:00+00:00,6.58800,6.67800,6.56600,6.60900,3922
2011-02-03 00:00:00+00:00,6.62400,6.67200,6.52100,6.55800,3850
2011-02-04 00:00:00+00:00,6.57600,6.72800,6.53200,6.72100,3385
2011-02-07 00:00:00+00:00,6.71000,6.76500,6.63900,6.68400,3176
2011-02-08 00:00:00+00:00,6.68200,6.69300,6.60800,6.67300,3075
2011-02-09 00:00:00+00:00,6.67800,6.95000,6.67600,6.91300,4436
2011-02-10 00:00:00+00:00,6.92300,6.98600,6.88700,6.93200,3296
2011-02-11 00:00:00+00:00,6.93200,7.01300,6.89600,7.01100,3117
2011-02-14 00:00:00+00:00,7.01200,7.05500,6.90200,6.91900,2770
2011-02-15 00:00:00+00:00,6.92200,6.95000,6.75700,6.87900,3759
2011-02-16 00:00:00+00:00,6.86900,6.90400,6.78300,6.87500,3167
2011-02-17 00:00:00+00:00,6.87600,7.08300,6.87600,7.07100,3212
2011-02-18 00:00:00+00:00,7.07600,7.10700,6.97600,7.05000,3510
2011-02-22 00:00:00+00:00,7.10800,7.20500,6.76400,6.76400,3719
2011-02-23 00:00:00+00:00,6.69200,6.90300,6.53400,6.90000,4306
2011-02-24 00:00:00+00:00,6.89800,6.94800,6.77000,6.80200,2305
2011-02-25 00:00:00+00:00,6.82000,7.19200,6.80600,7.07800,2128
2011-02-28 00:00:00+00:00,7.09900,7.21000,7.04600,7.19500,805
2011-03-01 00:00:00+00:00,7.19600,7.25500,7.15000,7.24700,716
2011-03-02 00:00:00+00:00,7.24000,7.30300,6.97700,7.09900,610
2011-03-03 00:00:00+00:00,7.12000,7.28100,7.09000,7.27100,259
2011-03-04 00:00:00+00:00,7.27600,7.33200,7.14500,7.19500,268
2011-03-07 00:00:00+00:00,7.19900,7.24700,7.03100,7.09100,208
2011-03-08 00:00:00+00:00,7.09600,7.10900,6.94000,6.97000,186
2011-03-09 00:00:00+00:00,6.98100,7.03900,6.84200,6.93700,215
2011-03-10 00:00:00+00:00,6.93700,6.95200,6.74700,6.74700,181
2011-03-11 00:00:00+00:00,6.77200,6.77200,6.45800,6.59600,157
2011-03-13 00:00:00+00:00,6.57900,6.58200,6.57900,6.58000,5
2011-03-14 00:00:00+00:00,6.58000,6.69700,6.50800,6.61500,4603
2011-03-15 00:00:00+00:00,6.61300,6.62800,6.23900,6.28100,5322
2011-03-16 00:00:00+00:00,6.28300,6.43500,6.04000,6.20500,7804
2011-03-17 00:00:00+00:00,6.20700,6.57000,6.17300,6.56600,2472
2011-03-18 00:00:00+00:00,6.56800,6.87200,6.52300,6.79500,7194
2011-03-20 00:00:00+00:00,6.81600,6.94300,6.81600,6.90800,679
2011-03-21 00:00:00+00:00,6.90600,6.92600,6.72000,6.78200,5332
2011-03-22 00:00:00+00:00,6.78200,6.85700,6.69100,6.83500,3558
2011-03-23 00:00:00+00:00,6.83800,6.87300,6.74400,6.75900,3345
2011-03-24 00:00:00+00:00,6.75900,7.00800,6.72700,7.00600,4929
2011-03-25 00:00:00+00:00,7.00800,7.13300,6.84500,6.86200,4802
2011-03-27 00:00:00+00:00,6.89100,6.91100,6.87900,6.89600,221
2011-03-28 00:00:00+00:00,6.89900,6.91200,6.64300,6.66600,4680
2011-03-29 00:00:00+00:00,6.66600,6.73600,6.57900,6.70600,4107
2011-03-30 00:00:00+00:00,6.70400,6.71600,6.58200,6.60700,4130
2011-03-31 00:00:00+00:00,6.61000,7.29500,6.56100,7.28000,1394
2011-04-01 00:00:00+00:00,7.28000,7.34800,7.21500,7.28800,4774
2011-04-03 00:00:00+00:00,7.32700,7.38500,7.31200,7.35000,309
2011-04-04 00:00:00+00:00,7.35200,7.61700,7.33700,7.54500,4935
2011-04-05 00:00:00+00:00,7.54200,7.67500,7.51300,7.62300,4005
2011-04-06 00:00:00+00:00,7.62500,7.63500,7.54400,7.59400,3204
2011-04-07 00:00:00+00:00,7.59400,7.70100,7.50000,7.58200,3993
2011-04-08 00:00:00+00:00,7.58000,7.66200,7.48300,7.65000,3631
2011-04-10 00:00:00+00:00,7.69900,7.80600,7.69900,7.78900,516
2011-04-11 00:00:00+00:00,7.79100,7.79100,7.57500,7.70800,3323
2011-04-12 00:00:00+00:00,7.71000,7.71000,7.44200,7.49400,4446
2011-04-13 00:00:00+00:00,7.49400,7.65900,7.44000,7.56700,3714
2011-04-14 00:00:00+00:00,7.56500,7.57000,7.38800,7.55300,3279
2011-04-15 00:00:00+00:00,7.55600,7.55800,7.37200,7.37700,3098
2011-04-17 00:00:00+00:00,7.38400,7.39600,7.32400,7.37600,312
2011-04-18 00:00:00+00:00,7.37600,7.54400,7.31700,7.54400,3158
2011-04-19 00:00:00+00:00,7.54200,7.55200,7.45500,7.51000,2484
2011-04-20 00:00:00+00:00,7.50800,7.66000,7.27100,7.35400,3675
2011-04-21 00:00:00+00:00,7.35600,7.39700,7.27000,7.36400,2659
2011-04-24 00:00:00+00:00,7.46700,7.54400,7.46700,7.51900,279
2011-04-25 00:00:00+00:00,7.51700,7.66700,7.44500,7.66200,2156
2011-04-26 00:00:00+00:00,7.66000,7.69300,7.50800,7.64300,1984
2011-04-27 00:00:00+00:00,7.64600,7.66300,7.48700,7.58700,2086
2011-04-28 00:00:00+00:00,7.58400,7.59900,7.14300,7.20800,2118
2011-04-29 00:00:00+00:00,7.19800,7.57300,7.19300,7.54300,867
2011-05-01 00:00:00+00:00,7.51800,7.54000,7.48000,7.48500,36
2011-05-02 00:00:00+00:00,7.48000,7.56800,7.27400,7.36400,640
2011-05-03 00:00:00+00:00,7.34900,7.34900,7.15200,7.19000,439
2011-05-04 00:00:00+00:00,7.19700,7.30000,7.11300,7.27600,291
2011-05-05 00:00:00+00:00,7.29300,7.32300,6.98400,7.00400,200
2011-05-06 00:00:00+00:00,7.02200,7.16000,6.77000,6.81700,352
2011-05-08 00:00:00+00:00,6.82400,6.82400,6.82400,6.82400,1
2011-05-09 00:00:00+00:00,6.86200,7.05700,6.86200,7.02500,232
2011-05-10 00:00:00+00:00,7.00700,7.20500,7.00700,7.08100,115
2011-05-11 00:00:00+00:00,7.10600,7.11100,6.68400,6.74400,224
2011-05-12 00:00:00+00:00,6.75900,6.93000,6.59200,6.80000,147
2011-05-13 00:00:00+00:00,6.85200,6.91000,6.77500,6.84000,4463
2011-05-15 00:00:00+00:00,6.90000,7.00200,6.90000,6.99000,431
2011-05-16 00:00:00+00:00,6.98700,7.09000,6.90200,6.98900,4217
2011-05-17 00:00:00+00:00,6.98700,7.29000,6.96500,7.28200,4609
2011-05-18 00:00:00+00:00,7.28000,7.54500,7.24000,7.52700,4739
2011-05-19 00:00:00+00:00,7.53000,7.61000,7.43500,7.49500,5540
2011-05-20 00:00:00+00:00,7.49200,7.66000,7.44200,7.61200,4955
2011-05-22 00:00:00+00:00,7.69900,7.75500,7.66700,7.75000,459
2011-05-23 00:00:00+00:00,7.75200,7.76000,7.48900,7.50900,5407
2011-05-24 00:00:00+00:00,7.50600,7.59900,7.27600,7.38900,5135
2011-05-25 00:00:00+00:00,7.39100,7.47900,7.33100,7.45900,3842
2011-05-26 00:00:00+00:00,7.45600,7.59400,7.44600,7.51600,3501
2011-05-27 00:00:00+00:00,7.51300,7.59800,7.41600,7.58800,3317
2011-05-30 00:00:00+00:00,7.49800,7.54000,7.46300,7.51800,467
2011-05-31 00:00:00+00:00,7.52500,7.64500,7.43800,7.55000,4050
2011-06-01 00:00:00+00:00,7.55300,7.61300,7.41700,7.57500,4644
2011-06-02 00:00:00+00:00,7.57700,7.70700,7.55300,7.65500,3491
2011-06-03 00:00:00+00:00,7.65200,7.69700,7.51700,7.53000,3475
2011-06-05 00:00:00+00:00,7.54700,7.57900,7.54700,7.57200,189
2011-06-06 00:00:00+00:00,7.57400,7.58700,7.31600,7.33600,3433
2011-06-07 00:00:00+00:00,7.33900,7.44600,7.29900,7.43900,3279
2011-06-08 00:00:00+00:00,7.44100,7.67600,7.35100,7.67400,4608
2011-06-09 00:00:00+00:00,7.67100,7.92900,7.60100,7.85100,5071
2011-06-10 00:00:00+00:00,7.84900,8.00100,7.77900,7.86600,4178
2011-06-12 00:00:00+00:00,7.86600,7.92600,7.86100,7.91600,239
2011-06-13 00:00:00+00:00,7.91300,7.93100,7.77800,7.78300,3440
2011-06-14 00:00:00+00:00,7.78800,7.79000,7.53000,7.59300,4271
2011-06-15 00:00:00+00:00,7.59000,7.59500,7.25500,7.26500,4188
2011-06-16 00:00:00+00:00,7.26000,7.27500,6.99200,7.04500,5470
2011-06-17 00:00:00+00:00,7.04700,7.14900,6.91700,7.02700,4781
2011-06-19 00:00:00+00:00,7.04900,7.06100,6.97900,7.00200,282
2011-06-20 00:00:00+00:00,7.00400,7.08100,6.95900,7.06400,3035
2011-06-21 00:00:00+00:00,7.06100,7.19600,7.02600,7.12100,3626
2011-06-22 00:00:00+00:00,7.12400,7.14400,6.70600,6.70800,3198
2011-06-23 00:00:00+00:00,6.71100,6.90100,6.39300,6.88300,5277
2011-06-24 00:00:00+00:00,6.87800,6.98100,6.69300,6.70100,3388
2011-06-26 00:00:00+00:00,6.69300,6.69500,6.60800,6.61500,230
2011-06-27 00:00:00+00:00,6.61800,6.72000,6.50300,6.68300,3045
2011-06-28 00:00:00+00:00,6.68000,7.05500,6.61200,7.00500,2419
2011-06-29 00:00:00+00:00,7.00800,7.14700,6.85000,7.01000,2680
2011-06-30 00:00:00+00:00,7.00700,7.08700,6.15200,6.29000,2941
2011-07-01 00:00:00+00:00,6.28700,6.52900,6.20900,6.40700,1052
2011-07-04 00:00:00+00:00,6.50900,6.55100,6.49100,6.53400,23
2011-07-05 00:00:00+00:00,6.51900,6.84400,6.49900,6.76900,617
2011-07-06 00:00:00+00:00,6.76600,6.80100,6.47600,6.52400,595
2011-07-07 00:00:00+00:00,6.52400,6.68100,6.48900,6.58300,343
2011-07-08 00:00:00+00:00,6.59600,6.71100,6.53800,6.70600,176
2011-07-10 00:00:00+00:00,6.72600,6.76100,6.72300,6.74800,8
2011-07-11 00:00:00+00:00,6.71500,6.84000,6.63500,6.82800,155
2011-07-12 00:00:00+00:00,6.82800,7.13500,6.67000,7.06800,212
2011-07-13 00:00:00+00:00,7.07000,7.40000,7.07000,7.20500,137
2011-07-14 00:00:00+00:00,7.31500,7.42500,7.18500,7.33900,4259
2011-07-15 00:00:00+00:00,7.34500,7.57400,7.32100,7.49900,5064
2011-07-17 00:00:00+00:00,7.45800,7.47400,7.29300,7.31400,569
2011-07-18 00:00:00+00:00,7.31600,7.49500,7.25300,7.46800,3885
2011-07-19 00:00:00+00:00,7.46500,7.67600,7.38800,7.47400,5122
2011-07-20 00:00:00+00:00,7.47600,7.51400,7.19100,7.23000,4184
2011-07-21 00:00:00+00:00,7.23300,7.31200,7.10100,7.21700,4210
2011-07-22 00:00:00+00:00,7.21700,7.30100,7.11500,7.29600,3410
2011-07-24 00:00:00+00:00,7.15500,7.19000,7.12600,7.16300,309
2011-07-25 00:00:00+00:00,7.15800,7.20900,7.08200,7.14500,3097
2011-07-26 00:00:00+00:00,7.14000,7.27100,7.11900,7.24000,3129
2011-07-27 00:00:00+00:00,7.24500,7.29000,7.12300,7.22500,3011
2011-07-28 00:00:00+00:00,7.22500,7.25900,7.14600,7.18300,2759
2011-07-29 00:00:00+00:00,7.18600,7.19000,6.95200,6.99900,3395
2011-07-31 00:00:00+00:00,7.00100,7.01700,6.96700,7.00600,160
2011-08-01 00:00:00+00:00,7.01100,7.15900,7.00100,7.13800,3269
2011-08-02 00:00:00+00:00,7.14300,7.45700,7.07900,7.43100,4548
2011-08-03 00:00:00+00:00,7.43100,7.46300,7.31600,7.32600,3777
2011-08-04 00:00:00+00:00,7.32600,7.33600,7.11300,7.16700,4704
2011-08-05 00:00:00+00:00,7.17000,7.29200,7.07900,7.22200,4278
2011-08-07 00:00:00+00:00,7.07800,7.17400,7.06200,7.13700,261
2011-08-08 00:00:00+00:00,7.13700,7.18300,6.94300,6.94600,3732
2011-08-09 00:00:00+00:00,6.94300,7.14600,6.83600,7.12200,4084
2011-08-10 00:00:00+00:00,7.12000,7.14700,7.00600,7.03700,3440
2011-08-11 00:00:00+00:00,7.03500,7.33300,7.02900,7.31700,3437
2011-08-12 00:00:00+00:00,7.31700,7.32200,7.22000,7.25500,2906
2011-08-14 00:00:00+00:00,7.26400,7.31800,7.25800,7.31000,146
2011-08-15 00:00:00+00:00,7.31200,7.34100,7.24800,7.28200,2349
2011-08-16 00:00:00+00:00,7.28400,7.36700,7.21300,7.34400,2672
2011-08-17 00:00:00+00:00,7.34300,7.41300,7.28900,7.29000,2320
2011-08-18 00:00:00+00:00,7.29000,7.30000,7.14600,7.18400,2428
2011-08-19 00:00:00+00:00,7.17700,7.33600,7.12000,7.29900,2527
2011-08-21 00:00:00+00:00,7.33100,7.33400,7.29000,7.30300,151
2011-08-22 00:00:00+00:00,7.30300,7.42800,7.30000,7.41500,2329
2011-08-23 00:00:00+00:00,7.42100,7.47600,7.36500,7.45400,2303
2011-08-24 00:00:00+00:00,7.45400,7.53100,7.43800,7.45900,2314
2011-08-25 00:00:00+00:00,7.45900,7.51200,7.38800,7.46600,2216
2011-08-26 00:00:00+00:00,7.46600,7.69500,7.44000,7.68500,2935
2011-08-28 00:00:00+00:00,7.64700,7.72000,7.64400,7.71800,146
2011-08-29 00:00:00+00:00,7.71800,7.78300,7.62600,7.63800,2140
2011-08-30 00:00:00+00:00,7.63100,7.77200,7.58500,7.70900,1999
2011-08-31 00:00:00+00:00,7.71400,7.75000,7.65300,7.67300,948
2011-09-01 00:00:00+00:00,7.66800,7.67000,7.37300,7.43000,849
2011-09-02 00:00:00+00:00,7.46000,7.62200,7.39200,7.59300,347
2011-09-05 00:00:00+00:00,7.49000,7.50500,7.44400,7.46500,18
2011-09-06 00:00:00+00:00,7.46700,7.54900,7.40600,7.54700,212
2011-09-07 00:00:00+00:00,7.54400,7.60800,7.38500,7.44400,185
2011-09-08 00:00:00+00:00,7.44600,7.44600,7.26000,7.29000,167
2011-09-09 00:00:00+00:00,7.29300,7.32500,7.23200,7.29200,127
2011-09-11 00:00:00+00:00,7.27800,7.27800,7.27500,7.27700,3
2011-09-12 00:00:00+00:00,7.28500,7.37700,7.18400,7.36500,84
2011-09-13 00:00:00+00:00,7.36400,7.36900,7.05500,7.11200,116
2011-09-14 00:00:00+00:00,7.10700,7.14200,7.02400,7.07600,5859
2011-09-15 00:00:00+00:00,7.07800,7.08300,6.86600,6.90800,8300
2011-09-16 00:00:00+00:00,6.90800,6.93600,6.78500,6.78900,6733
2011-09-18 00:00:00+00:00,6.78500,6.79000,6.76600,6.78000,227
2011-09-19 00:00:00+00:00,6.78000,6.85300,6.63900,6.84100,7735
2011-09-20 00:00:00+00:00,6.84100,6.91500,6.73700,6.74900,5972
2011-09-21 00:00:00+00:00,6.75200,6.84800,6.65200,6.67700,5604
2011-09-22 00:00:00+00:00,6.67900,6.69200,6.35900,6.40100,10440
2011-09-23 00:00:00+00:00,6.40300,6.47000,6.26700,6.29400,8840
2011-09-25 00:00:00+00:00,6.34600,6.35600,6.31700,6.33400,412
2011-09-26 00:00:00+00:00,6.33400,6.44600,6.19200,6.42900,7424
2011-09-27 00:00:00+00:00,6.42900,6.55000,6.34900,6.35400,6657
2011-09-28 00:00:00+00:00,6.35100,6.39200,6.15100,6.15600,7015
2011-09-29 00:00:00+00:00,6.15400,6.27800,6.12700,6.25300,6846
2011-09-30 00:00:00+00:00,6.24800,6.25600,5.82900,5.82900,5237
2011-10-02 00:00:00+00:00,5.80700,5.81400,5.75800,5.76800,459
2011-10-03 00:00:00+00:00,5.77000,5.89400,5.63300,5.78400,9131
2011-10-04 00:00:00+00:00,5.78400,5.86900,5.68100,5.86600,8441
2011-10-05 00:00:00+00:00,5.86400,5.98800,5.82500,5.97600,6071
2011-10-06 00:00:00+00:00,5.97900,6.07700,5.92800,5.93800,5991
2011-10-07 00:00:00+00:00,5.94300,5.97000,5.87400,5.94100,4726
2011-10-09 00:00:00+00:00,5.90700,5.95400,5.90000,5.94700,236
2011-10-10 00:00:00+00:00,5.94400,6.09800,5.93900,5.98500,5115
2011-10-11 00:00:00+00:00,5.98200,6.43500,5.91400,6.40300,8338
2011-10-12 00:00:00+00:00,6.40500,6.46000,6.20200,6.32500,9462
2011-10-13 00:00:00+00:00,6.32300,6.33300,6.13600,6.30500,7178
2011-10-14 00:00:00+00:00,6.30200,6.39900,6.23900,6.31300,5460
2011-10-16 00:00:00+00:00,6.33600,6.36300,6.31900,6.32600,238
2011-10-17 00:00:00+00:00,6.32600,6.38800,6.27500,6.29000,5086
2011-10-18 00:00:00+00:00,6.28800,6.39800,6.22400,6.38300,5439
2011-10-19 00:00:00+00:00,6.38100,6.43400,6.27100,6.27600,5664
2011-10-20 00:00:00+00:00,6.27400,6.44300,6.24400,6.41600,6984
2011-10-21 00:00:00+00:00,6.41600,6.57700,6.40900,6.41900,6820
2011-10-23 00:00:00+00:00,6.39800,6.44200,6.39300,6.43000,236
2011-10-24 00:00:00+00:00,6.42700,6.54400,6.39900,6.42600,5114
2011-10-25 00:00:00+00:00,6.42600,6.51300,6.39900,6.42000,5098
2011-10-26 00:00:00+00:00,6.42000,6.48500,6.26300,6.32800,5937
2011-10-27 00:00:00+00:00,6.33000,6.50700,6.31900,6.45000,6899
2011-10-28 00:00:00+00:00,6.45300,6.50300,6.38700,6.49300,5339
2011-10-30 00:00:00+00:00,6.47400,6.48900,6.46900,6.48700,125
2011-10-31 00:00:00+00:00,6.48900,6.49400,6.31900,6.40400,5808
2011-11-01 00:00:00+00:00,6.39900,6.54100,6.25600,6.44700,7216
2011-11-02 00:00:00+00:00,6.45000,6.53500,6.34700,6.37700,6179
2011-11-03 00:00:00+00:00,6.38000,6.52700,6.35000,6.46000,5171
2011-11-04 00:00:00+00:00,6.46300,6.51800,6.38900,6.49100,4437
2011-11-07 00:00:00+00:00,6.49400,6.51100,6.42800,6.47600,4453
2011-11-08 00:00:00+00:00,6.47800,6.58800,6.46800,6.57600,5781
2011-11-09 00:00:00+00:00,6.55200,6.60900,6.41800,6.50800,7263
2011-11-10 00:00:00+00:00,6.49600,6.57100,6.40300,6.42300,5392
2011-11-11 00:00:00+00:00,6.41300,6.45800,6.32000,6.35200,4861
2011-11-14 00:00:00+00:00,6.33800,6.40500,6.26200,6.29200,4002
2011-11-15 00:00:00+00:00,6.29400,6.41700,6.27300,6.41000,4895
2011-11-16 00:00:00+00:00,6.40300,6.44100,6.32900,6.38100,4353
2011-11-17 00:00:00+00:00,6.37200,6.38000,6.06700,6.11400,6326
2011-11-18 00:00:00+00:00,6.11000,6.13800,5.98100,6.07600,4725
2011-11-21 00:00:00+00:00,6.06900,6.08100,5.90300,5.96000,4237
2011-11-22 00:00:00+00:00,5.95300,5.98600,5.91400,5.95700,3296
2011-11-23 00:00:00+00:00,5.97200,5.98400,5.81600,5.85900,3176
2011-11-25 00:00:00+00:00,5.85800,5.92100,5.79600,5.79900,2847
2011-11-28 00:00:00+00:00,5.83900,5.94200,5.83900,5.89000,2556
2011-11-29 00:00:00+00:00,5.89800,6.03600,5.86300,5.96600,2812
2011-11-30 00:00:00+00:00,5.95900,6.07900,5.86500,5.98700,1205
2011-12-01 00:00:00+00:00,6.00300,6.04300,5.89100,5.93400,572
2011-12-02 00:00:00+00:00,5.93900,5.96500,5.83800,5.85300,557
2011-12-05 00:00:00+00:00,5.87000,5.92400,5.78900,5.80400,257
2011-12-06 00:00:00+00:00,5.79200,5.84800,5.69000,5.84800,241
2011-12-07 00:00:00+00:00,5.85100,5.87800,5.77700,5.81900,203
2011-12-08 00:00:00+00:00,5.81200,5.90800,5.74300,5.89800,177
2011-12-09 00:00:00+00:00,5.88300,5.92400,5.76400,5.84400,160
2011-12-12 00:00:00+00:00,5.83700,5.88300,5.76300,5.86300,131
2011-12-13 00:00:00+00:00,5.85600,5.91900,5.83400,5.88200,178
2011-12-14 00:00:00+00:00,5.88200,5.93000,5.75400,5.75600,5161
2011-12-15 00:00:00+00:00,5.75900,5.79100,5.71500,5.73700,3972
2011-12-16 00:00:00+00:00,5.73700,5.82700,5.72700,5.78000,4043
2011-12-19 00:00:00+00:00,5.81600,5.99200,5.79600,5.96000,5799
2011-12-20 00:00:00+00:00,5.95300,6.03700,5.91600,6.02700,4271
2011-12-21 00:00:00+00:00,6.01300,6.14200,5.96300,6.12000,5101
2011-12-22 00:00:00+00:00,6.10700,6.20200,6.06800,6.11800,5319
2011-12-23 00:00:00+00:00,6.11600,6.17100,6.09600,6.15600,2642
2011-12-27 00:00:00+00:00,6.20500,6.32200,6.20300,6.29000,4442
2011-12-28 00:00:00+00:00,6.27500,6.41700,6.25700,6.36700,4778
2011-12-29 00:00:00+00:00,6.35500,6.41200,6.30800,6.34300,4537
2011-12-30 00:00:00+00:00,6.32800,6.44000,6.30800,6.42500,4164
2012-01-03 00:00:00+00:00,6.57700,6.59900,6.48700,6.55700,5646
2012-01-04 00:00:00+00:00,6.53700,6.57500,6.49300,6.54800,5182
2012-01-05 00:00:00+00:00,6.53800,6.55500,6.35400,6.38400,6469
2012-01-06 00:00:00+00:00,6.37900,6.45400,6.36200,6.39500,5158
2012-01-09 00:00:00+00:00,6.39100,6.59000,6.38900,6.50300,7736
2012-01-10 00:00:00+00:00,6.47600,6.53600,6.44200,6.48900,5511
2012-01-11 00:00:00+00:00,6.47700,6.51700,6.42300,6.49700,5926
2012-01-12 00:00:00+00:00,6.47200,6.55700,6.08000,6.08000,2312
2012-01-13 00:00:00+00:00,6.05000,6.11300,5.95200,5.96100,7405
2012-01-17 00:00:00+00:00,5.98100,6.08500,5.98100,6.02800,4585
2012-01-18 00:00:00+00:00,6.02100,6.03300,5.89400,5.89900,4608
2012-01-19 00:00:00+00:00,5.91000,6.03900,5.90700,6.03700,3847
2012-01-20 00:00:00+00:00,6.02900,6.10700,5.98300,6.10500,4112
2012-01-23 00:00:00+00:00,6.10600,6.18300,6.09100,6.17600,5067
2012-01-24 00:00:00+00:00,6.16600,6.33100,6.11700,6.27600,6556
2012-01-25 00:00:00+00:00,6.26600,6.35100,6.22700,6.32900,5156
2012-01-26 00:00:00+00:00,6.31400,6.42900,6.30500,6.32400,5752
2012-01-27 00:00:00+00:00,6.30700,6.39500,6.28200,6.39500,4373
2012-01-30 00:00:00+00:00,6.36900,6.40100,6.25000,6.29500,4248
2012-01-31 00:00:00+00:00,6.29700,6.39500,6.28500,6.37500,5085
2012-02-01 00:00:00+00:00,6.36500,6.47500,6.35700,6.39500,4929
2012-02-02 00:00:00+00:00,6.39300,6.44600,6.31900,6.40800,4487
2012-02-03 00:00:00+00:00,6.40100,6.44100,6.35600,6.41100,3661
2012-02-06 00:00:00+00:00,6.38800,6.46300,6.37100,6.41800,3325
2012-02-07 00:00:00+00:00,6.40800,6.42800,6.37100,6.40600,3294
2012-02-08 00:00:00+00:00,6.39900,6.46700,6.30000,6.41200,5446
2012-02-09 00:00:00+00:00,6.39700,6.50000,6.30800,6.34000,6456
2012-02-10 00:00:00+00:00,6.34500,6.36800,6.26400,6.28100,4690
2012-02-13 00:00:00+00:00,6.32700,6.41700,6.31000,6.37800,5093
2012-02-14 00:00:00+00:00,6.37300,6.38800,6.29800,6.30600,3883
2012-02-15 00:00:00+00:00,6.31800,6.36900,6.23700,6.25400,4180
2012-02-16 00:00:00+00:00,6.25400,6.35400,6.20200,6.34700,4582
2012-02-17 00:00:00+00:00,6.34000,6.45200,6.33700,6.40000,3732
2012-02-21 00:00:00+00:00,6.41900,6.43700,6.24000,6.28000,4363
2012-02-22 00:00:00+00:00,6.28800,6.38300,6.24500,6.37800,3155
2012-02-23 00:00:00+00:00,6.37000,6.42300,6.32100,6.37800,3328
2012-02-24 00:00:00+00:00,6.37400,6.40400,6.33400,6.39400,2246
2012-02-27 00:00:00+00:00,6.37500,6.44800,6.32100,6.43800,2076
2012-02-28 00:00:00+00:00,6.41600,6.53800,6.41300,6.53500,1901
2012-02-29 00:00:00+00:00,6.52000,6.58300,6.50400,6.55700,5201
2012-03-01 00:00:00+00:00,6.54800,6.56800,6.48700,6.52300,6007
2012-03-02 00:00:00+00:00,6.52600,6.57800,6.47200,6.57600,4299
2012-03-03 00:00:00+00:00,6.57600,6.57600,6.57600,6.57600,1
2012-03-05 00:00:00+00:00,6.57600,6.70200,6.55700,6.65000,3196
2012-03-06 00:00:00+00:00,6.64600,6.65700,6.54700,6.63100,4468
2012-03-07 00:00:00+00:00,6.63100,6.63100,6.52400,6.52600,1585
2012-03-08 00:00:00+00:00,6.52600,6.52600,6.38900,6.43900,3619
2012-03-09 00:00:00+00:00,6.43200,6.61200,6.41400,6.54000,5632
2012-03-11 00:00:00+00:00,6.52400,6.52600,6.50700,6.52400,190
2012-03-12 00:00:00+00:00,6.52300,6.70300,6.52000,6.66800,3034
2012-03-13 00:00:00+00:00,6.67100,6.75500,6.64800,6.70000,3873
2012-03-14 00:00:00+00:00,6.69800,6.73400,6.62900,6.69200,4117
2012-03-15 00:00:00+00:00,6.69100,6.81400,6.66600,6.76400,4199
2012-03-16 00:00:00+00:00,6.76200,6.81900,6.74400,6.81200,1856
2012-03-18 00:00:00+00:00,6.81300,6.83600,6.81300,6.83400,157
2012-03-19 00:00:00+00:00,6.83800,6.83800,6.69200,6.70000,2000
2012-03-20 00:00:00+00:00,6.70100,6.70500,6.51200,6.55600,1678
2012-03-21 00:00:00+00:00,6.55500,6.58300,6.49600,6.54200,3355
2012-03-22 00:00:00+00:00,6.54300,6.55700,6.44100,6.54800,3775
2012-03-23 00:00:00+00:00,6.54600,6.59100,6.49500,6.52400,3379
2012-03-25 00:00:00+00:00,6.53200,6.54200,6.48800,6.48800,230
2012-03-26 00:00:00+00:00,6.48600,6.62700,6.44300,6.46200,2576
2012-03-27 00:00:00+00:00,6.46300,6.51200,6.37000,6.37500,2413
2012-03-28 00:00:00+00:00,6.37300,6.41400,6.25300,6.27700,2517
2012-03-29 00:00:00+00:00,6.27900,6.29800,6.09000,6.12700,4638
2012-03-30 00:00:00+00:00,6.12800,6.50300,6.09900,6.50300,5216
2012-04-01 00:00:00+00:00,6.55100,6.60800,6.54400,6.60300,466
2012-04-02 00:00:00+00:00,6.60100,6.65300,6.52400,6.59400,4921
2012-04-03 00:00:00+00:00,6.59600,6.71400,6.57900,6.68900,3009
2012-04-04 00:00:00+00:00,6.69000,6.69000,6.56400,6.62700,4617
2012-04-05 00:00:00+00:00,6.62400,6.68600,6.60300,6.64700,3708
2012-04-06 00:00:00+00:00,6.63400,6.63400,6.63400,6.63400,8
2012-04-08 00:00:00+00:00,6.61600,6.68700,6.61100,6.67300,351
2012-04-09 00:00:00+00:00,6.67000,6.69400,6.53200,6.54900,3303
2012-04-10 00:00:00+00:00,6.55100,6.58300,6.37700,6.37800,4410
2012-04-11 00:00:00+00:00,6.37700,6.44200,6.35600,6.43800,3043
2012-04-12 00:00:00+00:00,6.43700,6.48800,6.40700,6.44400,2534
2012-04-13 00:00:00+00:00,6.44600,6.45800,6.28600,6.32500,3234
2012-04-15 00:00:00+00:00,6.30700,6.30700,6.26900,6.29300,315
2012-04-16 00:00:00+00:00,6.29700,6.32600,6.24900,6.27300,3277
2012-04-17 00:00:00+00:00,6.27500,6.31500,6.19600,6.21400,2873
2012-04-18 00:00:00+00:00,6.21100,6.21600,6.02900,6.09900,5348
2012-04-19 00:00:00+00:00,6.09700,6.26200,6.09200,6.25300,5144
2012-04-20 00:00:00+00:00,6.25100,6.31600,6.12700,6.16000,4885
2012-04-22 00:00:00+00:00,6.17000,6.17000,6.13200,6.16300,197
2012-04-23 00:00:00+00:00,6.16100,6.24500,6.14500,6.23500,4441
2012-04-24 00:00:00+00:00,6.23100,6.34800,6.18000,6.25700,5372
2012-04-25 00:00:00+00:00,6.25900,6.29600,6.12800,6.17200,3529
2012-04-26 00:00:00+00:00,6.17400,6.22800,6.12000,6.22000,3425
2012-04-27 00:00:00+00:00,6.21800,6.42800,6.19200,6.38700,5228
2012-04-28 00:00:00+00:00,6.38700,6.38700,6.38700,6.38700,1
2012-04-29 00:00:00+00:00,6.38300,6.41200,6.38300,6.41200,267
2012-04-30 00:00:00+00:00,6.41200,6.46600,6.33400,6.45200,3891
2012-05-01 00:00:00+00:00,6.45200,6.46800,6.38000,6.38800,3173
2012-05-02 00:00:00+00:00,6.38600,6.41400,6.22800,6.23700,5019
2012-05-03 00:00:00+00:00,6.23500,6.28800,6.19300,6.26700,3713
2012-05-04 00:00:00+00:00,6.26800,6.38000,6.15800,6.32700,5830
2012-05-06 00:00:00+00:00,6.27900,6.30900,6.27400,6.30700,398
2012-05-07 00:00:00+00:00,6.30900,6.32500,6.23700,6.31300,4412
2012-05-08 00:00:00+00:00,6.31400,6.43400,6.30700,6.33400,5612
2012-05-09 00:00:00+00:00,6.33600,6.34200,6.18000,6.19800,4884
2012-05-10 00:00:00+00:00,6.19900,6.23000,5.96200,6.00100,6184
2012-05-11 00:00:00+00:00,6.00200,6.02900,5.82500,5.93700,5565
2012-05-13 00:00:00+00:00,5.93700,5.93700,5.93700,5.93700,1
2012-05-14 00:00:00+00:00,5.93700,5.96800,5.86200,5.92100,4668
2012-05-15 00:00:00+00:00,5.91900,6.08300,5.91700,6.08200,4360
2012-05-16 00:00:00+00:00,6.08300,6.30000,6.00500,6.28300,5100
2012-05-17 00:00:00+00:00,6.28200,6.36500,6.26400,6.32500,4796
2012-05-18 00:00:00+00:00,6.32400,6.48700,6.29300,6.45500,7267
2012-05-20 00:00:00+00:00,6.49900,6.50300,6.48100,6.49300,93
2012-05-21 00:00:00+00:00,6.49100,6.54200,6.38300,6.38600,5341
2012-05-22 00:00:00+00:00,6.38700,6.44100,6.04000,6.12200,6479
2012-05-23 00:00:00+00:00,6.12000,6.19800,6.01000,6.15200,6875
2012-05-24 00:00:00+00:00,6.15000,6.17600,5.85400,5.92400,5526
2012-05-25 00:00:00+00:00,5.92300,5.97700,5.81400,5.87700,4765
2012-05-28 00:00:00+00:00,5.87700,5.92700,5.86300,5.87800,39
2012-05-29 00:00:00+00:00,5.87500,5.91400,5.64300,5.73100,5273
2012-05-30 00:00:00+00:00,5.72900,5.74000,5.64100,5.69100,4250
2012-05-31 00:00:00+00:00,5.68900,5.70900,5.60700,5.67000,4264
2012-06-01 00:00:00+00:00,5.67000,5.86300,5.57900,5.60500,5519
2012-06-03 00:00:00+00:00,5.60500,5.66400,5.60300,5.65400,139
2012-06-04 00:00:00+00:00,5.65200,5.75200,5.63700,5.73100,5191
2012-06-05 00:00:00+00:00,5.73300,5.81800,5.66500,5.78300,6983
2012-06-06 00:00:00+00:00,5.78000,5.96300,5.76800,5.95700,5591
2012-06-07 00:00:00+00:00,5.95800,6.07300,5.90500,5.95700,7968
2012-06-08 00:00:00+00:00,5.95600,6.11400,5.91000,6.03600,7415
2012-06-10 00:00:00+00:00,6.04200,6.05900,6.03600,6.05200,132
2012-06-11 00:00:00+00:00,6.05000,6.07600,5.94000,5.97800,5944
2012-06-12 00:00:00+00:00,5.97600,5.99700,5.83300,5.86500,7360
2012-06-13 00:00:00+00:00,5.86800,6.06600,5.84200,6.00500,6095
2012-06-14 00:00:00+00:00,6.00300,6.13200,5.96700,6.01400,4927
2012-06-15 00:00:00+00:00,6.01600,6.08500,5.84800,5.84800,6872
2012-06-17 00:00:00+00:00,5.84800,5.91000,5.84800,5.88600,353
2012-06-18 00:00:00+00:00,5.88800,6.11300,5.80400,6.07600,6008
2012-06-19 00:00:00+00:00,6.07600,6.20900,6.06400,6.14200,6745
2012-06-20 00:00:00+00:00,6.13900,6.20700,6.10600,6.10600,4474
2012-06-21 00:00:00+00:00,6.10700,6.15300,5.90500,5.92500,8742
2012-06-22 00:00:00+00:00,5.92600,6.03800,5.92600,5.93500,6000
2012-06-24 00:00:00+00:00,6.10700,6.11500,6.09500,6.11200,157
2012-06-25 00:00:00+00:00,6.11000,6.44500,6.10100,6.39200,5849
2012-06-26 00:00:00+00:00,6.39200,6.54000,6.33000,6.52000,9164
2012-06-27 00:00:00+00:00,6.51800,6.81300,6.50100,6.62400,10431
2012-06-28 00:00:00+00:00,6.62300,6.79900,6.60100,6.60400,7558
2012-06-29 00:00:00+00:00,6.60300,6.78100,6.59700,6.65300,9295
2012-07-01 00:00:00+00:00,6.65400,6.94000,6.65400,6.93800,358
2012-07-02 00:00:00+00:00,6.94000,6.98800,6.76400,6.95600,7295
2012-07-03 00:00:00+00:00,6.95800,7.11500,6.93200,7.09900,3946
2012-07-04 00:00:00+00:00,7.09900,7.09900,7.09900,7.09900,2
2012-07-05 00:00:00+00:00,7.09900,7.41700,7.09900,7.36400,6598
2012-07-06 00:00:00+00:00,7.36500,7.40400,7.25400,7.30300,6328
2012-07-08 00:00:00+00:00,7.51500,7.51500,7.48000,7.49300,236
2012-07-09 00:00:00+00:00,7.49500,7.71800,7.47500,7.51500,5650
2012-07-10 00:00:00+00:00,7.51700,7.61800,7.49300,7.57600,8993
2012-07-11 00:00:00+00:00,7.57400,7.71800,7.20300,7.50000,15369
2012-07-12 00:00:00+00:00,7.50000,7.73500,7.38200,7.66300,9000
2012-07-13 00:00:00+00:00,7.66500,7.81900,7.61000,7.70300,9097
2012-07-15 00:00:00+00:00,8.01200,8.01700,7.98700,8.00800,394
2012-07-16 00:00:00+00:00,8.01000,8.30400,7.97100,8.28500,7746
2012-07-17 00:00:00+00:00,8.28400,8.31600,8.00700,8.12500,10640
2012-07-18 00:00:00+00:00,8.12300,8.28300,7.96100,8.25800,11484
2012-07-19 00:00:00+00:00,8.25600,8.45600,8.23900,8.40300,12942
2012-07-20 00:00:00+00:00,8.40500,8.57900,8.35700,8.57100,12175
2012-07-22 00:00:00+00:00,8.50000,8.50900,8.47300,8.50500,358
2012-07-23 00:00:00+00:00,8.50600,8.52500,8.26500,8.33500,15241
2012-07-24 00:00:00+00:00,8.33400,8.39400,8.03400,8.12300,9640
2012-07-25 00:00:00+00:00,8.12000,8.30900,8.11500,8.17000,11604
2012-07-26 00:00:00+00:00,8.16500,8.26200,8.06900,8.08100,12857
2012-07-27 00:00:00+00:00,8.07900,8.29700,8.06100,8.25400,10494
2012-07-29 00:00:00+00:00,8.25400,8.42700,8.25400,8.40600,297
2012-07-30 00:00:00+00:00,8.40800,8.50500,8.40100,8.48300,9488
2012-07-31 00:00:00+00:00,8.48200,8.52200,8.32100,8.39800,9793
2012-08-01 00:00:00+00:00,8.39700,8.44500,8.07500,8.29700,13376
2012-08-02 00:00:00+00:00,8.29500,8.33800,8.09100,8.15300,11045
2012-08-03 00:00:00+00:00,8.15500,8.42500,8.11500,8.34400,9142
2012-08-05 00:00:00+00:00,8.26400,8.30000,8.25300,8.26700,338
2012-08-06 00:00:00+00:00,8.26500,8.30700,8.17200,8.23300,8173
2012-08-07 00:00:00+00:00,8.23600,8.29500,8.14300,8.16900,8088
2012-08-08 00:00:00+00:00,8.16800,8.35100,8.09100,8.34200,7850
2012-08-09 00:00:00+00:00,8.33900,8.47500,8.33500,8.43700,7999
2012-08-10 00:00:00+00:00,8.44700,8.47400,8.19900,8.28000,8786
2012-08-12 00:00:00+00:00,8.28000,8.28000,8.16900,8.17100,85
2012-08-13 00:00:00+00:00,8.16900,8.20100,7.99400,8.03400,6627
2012-08-14 00:00:00+00:00,8.03500,8.08200,7.95100,8.00400,5982
2012-08-15 00:00:00+00:00,8.00100,8.13400,7.99200,8.11400,6775
2012-08-16 00:00:00+00:00,8.11600,8.17700,8.06400,8.11000,4489
2012-08-17 00:00:00+00:00,8.11100,8.20700,8.10300,8.16800,3712
2012-08-19 00:00:00+00:00,8.17600,8.18000,8.17100,8.17500,96
2012-08-20 00:00:00+00:00,8.17400,8.32100,8.15400,8.30000,5235
2012-08-21 00:00:00+00:00,8.29900,8.46700,8.29300,8.44500,4634
2012-08-22 00:00:00+00:00,8.44400,8.47700,8.36500,8.43200,4644
2012-08-23 00:00:00+00:00,8.43400,8.47100,8.17800,8.19400,6700
2012-08-24 00:00:00+00:00,8.19600,8.29400,8.12300,8.16300,5277
2012-08-26 00:00:00+00:00,8.17600,8.18700,8.16500,8.18200,98
2012-08-27 00:00:00+00:00,8.18400,8.21700,8.04900,8.04900,4428
2012-08-28 00:00:00+00:00,8.04600,8.09200,7.99100,7.99800,4043
2012-08-29 00:00:00+00:00,7.99600,8.18900,7.97800,8.16100,5930
2012-08-30 00:00:00+00:00,8.15900,8.21800,8.10800,8.12800,5295
2012-08-31 00:00:00+00:00,8.12600,8.14000,7.97700,8.03100,4739
2012-09-03 00:00:00+00:00,8.03000,8.07200,8.02500,8.07000,45
2012-09-04 00:00:00+00:00,8.06900,8.19200,8.01300,8.09100,5830
2012-09-05 00:00:00+00:00,8.09000,8.10600,7.93700,7.95000,4851
2012-09-06 00:00:00+00:00,7.94800,8.05800,7.92200,8.01800,5963
2012-09-07 00:00:00+00:00,8.01600,8.08700,7.96400,8.05200,5390
2012-09-08 00:00:00+00:00,8.05200,8.05200,8.05200,8.05200,1
2012-09-09 00:00:00+00:00,8.02100,8.03400,7.97400,8.01100,316
2012-09-10 00:00:00+00:00,8.01200,8.10400,7.85000,7.87200,6021
2012-09-11 00:00:00+00:00,7.87400,7.92200,7.79200,7.82400,6813
2012-09-12 00:00:00+00:00,7.82600,7.87800,7.62800,7.72400,9422
2012-09-13 00:00:00+00:00,7.72600,7.78600,7.68000,7.77600,4181
2012-09-14 00:00:00+00:00,7.78000,7.93100,7.77200,7.84200,5112
2012-09-16 00:00:00+00:00,7.84200,7.84400,7.79000,7.79400,269
2012-09-17 00:00:00+00:00,7.79600,7.79600,7.50000,7.54800,6584
2012-09-18 00:00:00+00:00,7.54200,7.57300,7.42400,7.44400,6035
2012-09-19 00:00:00+00:00,7.44800,7.62400,7.44600,7.60600,5509
2012-09-20 00:00:00+00:00,7.60200,7.60200,7.42400,7.50900,6562
2012-09-21 00:00:00+00:00,7.51200,7.57600,7.47900,7.49600,4203
2012-09-22 00:00:00+00:00,7.49600,7.49600,7.49600,7.49600,2
2012-09-23 00:00:00+00:00,7.49600,7.54400,7.49400,7.50700,437
2012-09-24 00:00:00+00:00,7.50800,7.53000,7.39700,7.44500,5317
2012-09-25 00:00:00+00:00,7.44700,7.52400,7.42200,7.47000,4530
2012-09-26 00:00:00+00:00,7.47200,7.47700,7.25700,7.29100,5980
2012-09-27 00:00:00+00:00,7.29000,7.29600,7.14800,7.19200,6223
2012-09-28 00:00:00+00:00,7.19100,7.59300,7.08100,7.59300,12111
2012-09-30 00:00:00+00:00,7.59300,7.70200,7.58100,7.65200,891
2012-10-01 00:00:00+00:00,7.65300,7.70800,7.54600,7.59000,9328
2012-10-02 00:00:00+00:00,7.58800,7.62800,7.49100,7.59200,5899
2012-10-03 00:00:00+00:00,7.59400,7.66200,7.49900,7.57100,7094
2012-10-04 00:00:00+00:00,7.57200,7.70500,7.56700,7.59500,4965
2012-10-05 00:00:00+00:00,7.59400,7.60800,7.49000,7.50200,4643
2012-10-07 00:00:00+00:00,7.48900,7.48900,7.45100,7.47500,257
2012-10-08 00:00:00+00:00,7.47300,7.50400,7.42600,7.45400,3570
2012-10-09 00:00:00+00:00,7.45700,7.50900,7.43100,7.43900,3666
2012-10-10 00:00:00+00:00,7.43600,7.45900,7.34800,7.37200,3998
2012-10-11 00:00:00+00:00,7.37300,7.78400,7.36300,7.73300,9944
2012-10-12 00:00:00+00:00,7.73200,7.74400,7.51800,7.55100,5374
2012-10-14 00:00:00+00:00,7.55000,7.55000,7.45300,7.47100,492
2012-10-15 00:00:00+00:00,7.46800,7.48500,7.34800,7.42900,5006
2012-10-16 00:00:00+00:00,7.42800,7.47700,7.37600,7.40600,3546
2012-10-17 00:00:00+00:00,7.40400,7.48000,7.38600,7.47600,2831
2012-10-18 00:00:00+00:00,7.47700,7.64100,7.47300,7.62900,4097
2012-10-19 00:00:00+00:00,7.62700,7.71100,7.60600,7.63300,4775
2012-10-21 00:00:00+00:00,7.63300,7.64400,7.60700,7.62700,190
2012-10-22 00:00:00+00:00,7.62900,7.69000,7.61400,7.63400,3999
2012-10-23 00:00:00+00:00,7.63200,7.64400,7.51600,7.57100,3298
2012-10-24 00:00:00+00:00,7.56900,7.65400,7.53600,7.55300,4139
2012-10-25 00:00:00+00:00,7.55500,7.59300,7.42800,7.44000,4336
2012-10-26 00:00:00+00:00,7.44300,7.46500,7.39500,7.40000,3543
2012-10-28 00:00:00+00:00,7.38600,7.39400,7.36900,7.36900,110
2012-10-29 00:00:00+00:00,7.37100,7.47700,7.34600,7.38500,3393
2012-10-30 00:00:00+00:00,7.38600,7.45400,7.37900,7.44500,2704
2012-10-31 00:00:00+00:00,7.44300,7.59300,7.44300,7.57300,3896
2012-11-01 00:00:00+00:00,7.57100,7.64800,7.48800,7.50300,4273
2012-11-02 00:00:00+00:00,7.50100,7.53000,7.37700,7.40200,4056
2012-11-04 00:00:00+00:00,7.39200,7.42600,7.38200,7.41400,181
2012-11-05 00:00:00+00:00,7.41200,7.46400,7.34600,7.40100,3692
2012-11-06 00:00:00+00:00,7.39800,7.42800,7.38600,7.41800,2471
2012-11-07 00:00:00+00:00,7.42000,7.53100,7.35500,7.43500,4666
2012-11-08 00:00:00+00:00,7.43700,7.49300,7.41500,7.42000,3581
2012-11-09 00:00:00+00:00,7.42200,7.56200,7.35000,7.40500,5160
2012-11-11 00:00:00+00:00,7.37600,7.37600,7.37600,7.37600,1
2012-11-12 00:00:00+00:00,7.37600,7.44600,7.13800,7.21200,4390
2012-11-13 00:00:00+00:00,7.21600,7.28000,7.11800,7.27400,3907
2012-11-14 00:00:00+00:00,7.27600,7.30200,7.21500,7.26000,2969
2012-11-15 00:00:00+00:00,7.26200,7.28800,7.21400,7.23000,2630
2012-11-16 00:00:00+00:00,7.22600,7.30700,7.12100,7.28500,3629
2012-11-18 00:00:00+00:00,7.28200,7.30600,7.27400,7.29800,149
2012-11-19 00:00:00+00:00,7.30000,7.42300,7.29800,7.39600,3407
2012-11-20 00:00:00+00:00,7.39800,7.48000,7.35400,7.44000,3347
2012-11-21 00:00:00+00:00,7.43800,7.47800,7.39000,7.41600,2555
2012-11-23 00:00:00+00:00,7.47600,7.49600,7.44200,7.45900,1069
2012-11-25 00:00:00+00:00,7.45000,7.45400,7.42600,7.44400,113
2012-11-26 00:00:00+00:00,7.44600,7.53500,7.44400,7.49600,3349
2012-11-27 00:00:00+00:00,7.49200,7.60500,7.49000,7.58400,2728
2012-11-28 00:00:00+00:00,7.58200,7.64100,7.55500,7.58600,3909
2012-11-29 00:00:00+00:00,7.58800,7.63600,7.53100,7.54800,3636
2012-11-30 00:00:00+00:00,7.54600,7.54600,7.44900,7.48200,4145
2012-12-02 00:00:00+00:00,7.48200,7.55000,7.48200,7.54800,161
2012-12-03 00:00:00+00:00,7.54400,7.60800,7.46300,7.51000,3442
2012-12-04 00:00:00+00:00,7.50800,7.53800,7.43800,7.49800,3291
2012-12-05 00:00:00+00:00,7.50000,7.56100,7.47300,7.54800,3549
2012-12-06 00:00:00+00:00,7.55000,7.55800,7.45100,7.47400,3248
2012-12-07 00:00:00+00:00,7.47600,7.49600,7.32200,7.35200,4033
2012-12-09 00:00:00+00:00,7.32600,7.33200,7.30200,7.30600,143
2012-12-10 00:00:00+00:00,7.30800,7.32500,7.22500,7.27400,3439
2012-12-11 00:00:00+00:00,7.27600,7.31800,7.21100,7.27800,6273
2012-12-12 00:00:00+00:00,7.27900,7.28600,7.16400,7.24200,3894
2012-12-13 00:00:00+00:00,7.24000,7.25200,7.12500,7.16400,3821
2012-12-14 00:00:00+00:00,7.16500,7.28900,7.15500,7.27900,3827
2012-12-16 00:00:00+00:00,7.30000,7.32000,7.27600,7.28600,105
2012-12-17 00:00:00+00:00,7.28800,7.29000,7.18800,7.22400,2397
2012-12-18 00:00:00+00:00,7.22400,7.23100,7.12900,7.17800,2685
2012-12-19 00:00:00+00:00,7.17600,7.20400,6.99400,7.02000,4813
2012-12-20 00:00:00+00:00,7.01600,7.02400,6.85300,6.97200,5256
2012-12-21 00:00:00+00:00,6.97000,7.02200,6.94600,7.00200,3206
2012-12-23 00:00:00+00:00,7.01000,7.03800,7.01000,7.01400,112
2012-12-24 00:00:00+00:00,7.01600,7.04700,6.98300,7.02600,1581
2012-12-26 00:00:00+00:00,7.02600,7.03900,6.90200,6.92200,925
2012-12-27 00:00:00+00:00,6.92200,6.93200,6.87000,6.90800,2399
2012-12-28 00:00:00+00:00,6.91200,6.94200,6.86600,6.91000,2573
2012-12-30 00:00:00+00:00,6.92200,6.92200,6.90800,6.91000,44
2012-12-31 00:00:00+00:00,6.90800,6.97300,6.87300,6.95600,1977
2013-01-02 00:00:00+00:00,6.95600,6.98800,6.85900,6.88800,1666
2013-01-03 00:00:00+00:00,6.88600,6.92600,6.83200,6.87000,2718
2013-01-04 00:00:00+00:00,6.86800,6.90200,6.78200,6.78200,3261
2013-01-06 00:00:00+00:00,6.78600,6.81000,6.77600,6.79800,141
2013-01-07 00:00:00+00:00,6.80000,6.88000,6.76300,6.84600,4154
2013-01-08 00:00:00+00:00,6.84500,6.92500,6.82100,6.87000,3768
2013-01-09 00:00:00+00:00,6.86900,6.95000,6.84800,6.94600,3272
2013-01-10 00:00:00+00:00,6.94400,6.98600,6.93600,6.95000,4726
2013-01-11 00:00:00+00:00,6.95100,7.21700,6.84600,7.07300,13830
2013-01-12 00:00:00+00:00,7.07300,7.07300,7.07300,7.07300,1
2013-01-13 00:00:00+00:00,7.11800,7.17800,7.11400,7.17800,322
2013-01-14 00:00:00+00:00,7.17600,7.24800,7.16600,7.22000,5685
2013-01-15 00:00:00+00:00,7.22000,7.32600,7.20400,7.28200,4073
2013-01-16 00:00:00+00:00,7.28400,7.33200,7.22900,7.30000,3736
2013-01-17 00:00:00+00:00,7.29600,7.32100,7.20700,7.25000,3916
2013-01-18 00:00:00+00:00,7.24800,7.27700,7.22200,7.25700,2818
2013-01-22 00:00:00+00:00,7.29000,7.33000,7.24600,7.25800,3120
2013-01-23 00:00:00+00:00,7.25700,7.28900,7.17000,7.17000,3736
2013-01-24 00:00:00+00:00,7.16600,7.25200,7.13200,7.24000,2968
2013-01-25 00:00:00+00:00,7.23900,7.26200,7.16200,7.19200,3311
2013-01-27 00:00:00+00:00,7.21000,7.23200,7.19200,7.22000,148
2013-01-28 00:00:00+00:00,7.22000,7.28000,7.17800,7.27200,2061
2013-01-29 00:00:00+00:00,7.27000,7.31100,7.25800,7.26000,5408
2013-01-30 00:00:00+00:00,7.26200,7.39300,7.24300,7.39200,4435
2013-01-31 00:00:00+00:00,7.39000,7.43100,7.33100,7.39200,3530
2013-02-01 00:00:00+00:00,7.39200,7.44900,7.34400,7.34900,3914
2013-02-03 00:00:00+00:00,7.37000,7.38000,7.35600,7.36400,157
2013-02-04 00:00:00+00:00,7.36300,7.40700,7.29700,7.32600,2829
2013-02-05 00:00:00+00:00,7.32500,7.33800,7.23000,7.26200,2624
2013-02-06 00:00:00+00:00,7.26200,7.27800,7.19400,7.20400,3342
2013-02-07 00:00:00+00:00,7.20300,7.21100,7.09200,7.09800,3080
2013-02-08 00:00:00+00:00,7.09600,7.19800,7.05900,7.07800,6122
2013-02-10 00:00:00+00:00,7.07800,7.08000,7.05800,7.06400,122
2013-02-11 00:00:00+00:00,7.06200,7.12700,7.00200,7.00600,2517
2013-02-12 00:00:00+00:00,7.00200,7.02300,6.90800,6.97000,3397
2013-02-13 00:00:00+00:00,6.97000,7.00100,6.86600,6.95600,5126
2013-02-14 00:00:00+00:00,6.95700,6.98300,6.89300,6.95800,3928
2013-02-15 00:00:00+00:00,6.96000,7.02400,6.93400,6.98100,3771
2013-02-18 00:00:00+00:00,6.98400,6.98400,6.97400,6.98400,9
2013-02-19 00:00:00+00:00,6.98300,7.02500,6.90500,6.96200,3595
2013-02-20 00:00:00+00:00,6.96400,7.00300,6.92500,6.99800,3565
2013-02-21 00:00:00+00:00,6.99800,7.00600,6.89500,6.92200,3423
2013-02-22 00:00:00+00:00,6.92000,6.97100,6.89600,6.89600,4047
2013-02-24 00:00:00+00:00,6.89600,6.93400,6.87800,6.92400,195
2013-02-25 00:00:00+00:00,6.92600,6.94500,6.86900,6.92200,3202
2013-02-26 00:00:00+00:00,6.92400,7.02000,6.88900,7.01000,3564
2013-02-27 00:00:00+00:00,7.01200,7.05200,6.97800,7.02800,3894
2013-02-28 00:00:00+00:00,7.02700,7.12400,7.00400,7.09600,3501
2013-03-01 00:00:00+00:00,7.09800,7.16100,7.05700,7.15100,3390
2013-03-03 00:00:00+00:00,7.13600,7.15600,7.13600,7.15600,76
2013-03-04 00:00:00+00:00,7.15400,7.19100,7.01700,7.10200,3975
2013-03-05 00:00:00+00:00,7.10400,7.17500,7.09500,7.13000,2817
2013-03-06 00:00:00+00:00,7.13200,7.15600,6.94400,6.94400,4442
2013-03-07 00:00:00+00:00,6.94400,6.98700,6.87900,6.97400,4334
2013-03-08 00:00:00+00:00,6.97200,7.10400,6.95600,7.07900,6113
2013-03-10 00:00:00+00:00,7.09000,7.12400,7.08800,7.12200,159
2013-03-11 00:00:00+00:00,7.12200,7.21800,7.08700,7.15800,4246
2013-03-12 00:00:00+00:00,7.16000,7.23200,7.14500,7.18800,3368
2013-03-13 00:00:00+00:00,7.18900,7.23100,7.06100,7.16400,4241
2013-03-14 00:00:00+00:00,7.16400,7.21700,7.13700,7.20800,3407
2013-03-15 00:00:00+00:00,7.20400,7.24900,7.17600,7.21600,2291
2013-03-17 00:00:00+00:00,7.20600,7.21400,7.17600,7.18000,168
2013-03-18 00:00:00+00:00,7.17600,7.24600,7.15100,7.24200,3123
2013-03-19 00:00:00+00:00,7.24200,7.33100,7.23600,7.32600,3851
2013-03-20 00:00:00+00:00,7.32500,7.36600,7.29500,7.35200,2791
2013-03-21 00:00:00+00:00,7.35400,7.39200,7.31400,7.35800,2742
2013-03-22 00:00:00+00:00,7.35600,7.36800,7.24800,7.31000,3097
2013-03-24 00:00:00+00:00,7.30200,7.33400,7.30200,7.33200,101
2013-03-25 00:00:00+00:00,7.33300,7.37400,7.26100,7.35000,3590
2013-03-26 00:00:00+00:00,7.35400,7.37300,7.30000,7.33800,3429
2013-03-27 00:00:00+00:00,7.34000,7.42000,7.32200,7.38000,3553
2013-03-28 00:00:00+00:00,7.38200,7.40400,6.99100,6.99100,5090
2013-03-31 00:00:00+00:00,6.78200,6.79200,6.75200,6.76800,360
2013-04-01 00:00:00+00:00,6.77000,6.77500,6.40100,6.49200,8250
2013-04-02 00:00:00+00:00,6.49800,6.57000,6.37400,6.45200,5847
2013-04-03 00:00:00+00:00,6.45000,6.50100,6.39200,6.46000,4836
2013-04-04 00:00:00+00:00,6.45800,6.46300,6.30200,6.32200,4190
2013-04-05 00:00:00+00:00,6.32000,6.38900,6.29600,6.31500,3261
2013-04-08 00:00:00+00:00,6.31400,6.38200,6.31000,6.36400,2013
2013-04-09 00:00:00+00:00,6.37400,6.48600,6.37200,6.47900,2760
2013-04-10 00:00:00+00:00,6.46600,6.69400,6.37000,6.52100,8288
2013-04-11 00:00:00+00:00,6.51400,6.64000,6.49800,6.55200,4104
2013-04-12 00:00:00+00:00,6.54000,6.62100,6.53800,6.60000,2561
2013-04-13 00:00:00+00:00,6.60000,6.60000,6.60000,6.60000,2
2013-04-15 00:00:00+00:00,6.62200,6.62200,6.46700,6.50700,4338
2013-04-16 00:00:00+00:00,6.48000,6.65400,6.43400,6.65100,4284
2013-04-17 00:00:00+00:00,6.64800,6.67600,6.58800,6.63900,5252
2013-04-18 00:00:00+00:00,6.60800,6.66500,6.46200,6.46900,4700
2013-04-19 00:00:00+00:00,6.47200,6.54400,6.44900,6.54100,3498
2013-04-22 00:00:00+00:00,6.48800,6.51100,6.42400,6.47600,3656
2013-04-23 00:00:00+00:00,6.49000,6.49300,6.40000,6.40200,3389
2013-04-24 00:00:00+00:00,6.40800,6.46400,6.37700,6.41500,2726
2013-04-25 00:00:00+00:00,6.40800,6.49800,6.40800,6.45600,3632
2013-04-26 00:00:00+00:00,6.46600,6.46800,6.40500,6.41200,2425
2013-04-29 00:00:00+00:00,6.47800,6.82700,6.47800,6.82700,6634
2013-04-30 00:00:00+00:00,6.83600,6.91900,6.70000,6.73900,8707
2013-05-01 00:00:00+00:00,6.69000,6.74600,6.61100,6.69200,5469
2013-05-02 00:00:00+00:00,6.67000,6.84200,6.66700,6.82600,4992
2013-05-03 00:00:00+00:00,6.82400,6.88700,6.79400,6.82200,4131
2013-05-06 00:00:00+00:00,6.70600,6.72400,6.53200,6.55500,5836
2013-05-07 00:00:00+00:00,6.59000,6.65500,6.53400,6.60200,4228
2013-05-08 00:00:00+00:00,6.59000,6.62400,6.45600,6.51500,3811
2013-05-09 00:00:00+00:00,6.51800,6.71700,6.47800,6.67700,4863
2013-05-10 00:00:00+00:00,6.66400,6.67600,6.43300,6.54900,8356
2013-05-13 00:00:00+00:00,6.51400,6.79300,6.51400,6.72600,6764
2013-05-14 00:00:00+00:00,6.72600,6.75800,6.64200,6.69800,6037
2013-05-15 00:00:00+00:00,6.70000,6.77500,6.62600,6.67400,5153
2013-05-16 00:00:00+00:00,6.68000,6.69200,6.57400,6.57600,4347
2013-05-17 00:00:00+00:00,6.58800,6.73000,6.55000,6.69100,4655
2013-05-20 00:00:00+00:00,6.67800,6.76900,6.58500,6.64700,5309
2013-05-21 00:00:00+00:00,6.61200,6.62700,6.47800,6.56300,6019
2013-05-22 00:00:00+00:00,6.55600,6.74200,6.53000,6.72900,6087
2013-05-23 00:00:00+00:00,6.73000,6.85200,6.68300,6.77700,8796
2013-05-24 00:00:00+00:00,6.75600,6.79700,6.70600,6.73600,5063
2013-05-28 00:00:00+00:00,6.73000,6.83500,6.69000,6.80500,7156
2013-05-29 00:00:00+00:00,6.79600,6.81800,6.64900,6.78100,8434
2013-05-30 00:00:00+00:00,6.77000,6.80500,6.62600,6.67100,4597
2013-05-31 00:00:00+00:00,6.67200,6.78500,6.65200,6.73700,5899
2013-06-03 00:00:00+00:00,6.73400,6.80700,6.55500,6.67600,6693
2013-06-04 00:00:00+00:00,6.66600,6.75800,6.59600,6.70400,5612
2013-06-05 00:00:00+00:00,6.72800,6.78300,6.69800,6.71500,4778
2013-06-06 00:00:00+00:00,6.70800,6.74900,6.66500,6.72600,3991
2013-06-07 00:00:00+00:00,6.73400,6.84700,6.70300,6.76400,5019
2013-06-10 00:00:00+00:00,6.72000,6.74400,6.58100,6.60400,4440
2013-06-11 00:00:00+00:00,6.60000,6.70400,6.56600,6.68500,5059
2013-06-12 00:00:00+00:00,6.68000,6.71000,6.55800,6.61100,7503
2013-06-13 00:00:00+00:00,6.61200,6.61500,6.49200,6.51700,5367
2013-06-14 00:00:00+00:00,6.53400,6.66300,6.53200,6.66000,4199
2013-06-17 00:00:00+00:00,6.59800,6.79000,6.59200,6.73800,4553
2013-06-18 00:00:00+00:00,6.75200,6.86200,6.71600,6.84200,5936
2013-06-19 00:00:00+00:00,6.83600,7.08900,6.80500,7.08600,5996
2013-06-20 00:00:00+00:00,7.03600,7.04400,6.83400,6.94000,5562
2013-06-21 00:00:00+00:00,6.93200,6.95100,6.85600,6.88700,4697
2013-06-24 00:00:00+00:00,6.76800,6.77200,6.66800,6.69500,3447
2013-06-25 00:00:00+00:00,6.67600,6.72100,6.59500,6.63700,3516
2013-06-26 00:00:00+00:00,6.64600,6.67600,6.58700,6.60400,3190
2013-06-27 00:00:00+00:00,6.59200,6.60200,6.53900,6.54700,3185
2013-06-28 00:00:00+00:00,6.55600,6.57600,6.19300,6.30400,10206
2013-07-01 00:00:00+00:00,6.20600,6.22000,6.05400,6.05700,3133
2013-07-02 00:00:00+00:00,6.05400,6.08500,5.99600,6.04600,4192
2013-07-03 00:00:00+00:00,6.07000,6.12400,5.98900,6.04400,2360
2013-07-05 00:00:00+00:00,6.04500,6.04500,5.94900,5.95100,1456
2013-07-08 00:00:00+00:00,5.91800,6.02800,5.91400,5.98500,3119
2013-07-09 00:00:00+00:00,6.01800,6.22600,6.01000,6.18200,4745
2013-07-10 00:00:00+00:00,6.19000,6.25600,6.14600,6.19400,5477
2013-07-11 00:00:00+00:00,6.20200,6.30100,6.10600,6.30100,8236
2013-07-12 00:00:00+00:00,6.26200,6.26900,6.08700,6.11900,4973
2013-07-15 00:00:00+00:00,6.03800,6.04900,5.94800,5.95100,3232
2013-07-16 00:00:00+00:00,6.00400,6.09900,5.97900,6.04000,4154
2013-07-17 00:00:00+00:00,6.05000,6.08300,5.95600,5.95700,3528
2013-07-18 00:00:00+00:00,5.92800,5.98600,5.88200,5.98300,3056
2013-07-19 00:00:00+00:00,5.96400,6.01900,5.92700,6.00500,3176
2013-07-22 00:00:00+00:00,5.97600,5.97600,5.89300,5.92700,3389
2013-07-23 00:00:00+00:00,5.91400,5.91600,5.71700,5.71900,3768
2013-07-24 00:00:00+00:00,5.72200,5.73400,5.55300,5.55300,3927
2013-07-25 00:00:00+00:00,5.56000,5.57800,5.37400,5.42700,4444
2013-07-26 00:00:00+00:00,5.40400,5.44600,5.36700,5.36700,2742
2013-07-29 00:00:00+00:00,5.33200,5.39500,5.29300,5.29900,2341
2013-07-30 00:00:00+00:00,5.30600,5.36300,5.30400,5.35100,2058
2013-07-31 00:00:00+00:00,5.35600,5.39300,5.33100,5.39000,1700
2013-08-01 00:00:00+00:00,5.38400,5.39200,5.24700,5.25600,2578
2013-08-02 00:00:00+00:00,5.26000,5.27100,5.13200,5.14800,2910
2013-08-05 00:00:00+00:00,5.08000,5.08800,4.98600,5.02500,3014
2013-08-06 00:00:00+00:00,4.99400,5.08100,4.98200,5.04500,2981
2013-08-07 00:00:00+00:00,5.04000,5.08000,4.98700,4.99900,2301
2013-08-08 00:00:00+00:00,5.00200,5.06600,4.99600,5.03800,2328
2013-08-09 00:00:00+00:00,5.04200,5.07200,4.95300,4.96500,2736
2013-08-12 00:00:00+00:00,4.92800,5.07300,4.83300,4.99600,9015
2013-08-13 00:00:00+00:00,4.98000,5.03400,4.79000,4.81300,4756
2013-08-14 00:00:00+00:00,4.80400,4.90600,4.79800,4.88200,3108
2013-08-15 00:00:00+00:00,4.91800,5.10100,4.89000,5.03900,5284
2013-08-16 00:00:00+00:00,5.06000,5.08700,4.94000,4.95600,2728
2013-08-19 00:00:00+00:00,5.04800,5.18500,5.00700,5.17900,4818
2013-08-20 00:00:00+00:00,5.18800,5.20400,5.06200,5.08300,3369
2013-08-21 00:00:00+00:00,5.07600,5.18200,5.06000,5.16300,3329
2013-08-22 00:00:00+00:00,5.14400,5.14600,4.96300,4.96300,4998
2013-08-23 00:00:00+00:00,4.96800,5.06200,4.96800,5.02600,2708
2013-08-26 00:00:00+00:00,5.10800,5.41500,5.10600,5.33900,8154
2013-08-27 00:00:00+00:00,5.32400,5.36800,5.18500,5.18500,6569
2013-08-28 00:00:00+00:00,5.17400,5.23500,5.09700,5.11300,4029
2013-08-29 00:00:00+00:00,5.12600,5.14500,5.07300,5.10200,2687
2013-08-30 00:00:00+00:00,5.11000,5.11500,5.06300,5.10200,2625
2013-09-03 00:00:00+00:00,5.22400,5.23700,4.98600,5.02500,3830
2013-09-04 00:00:00+00:00,5.03400,5.03600,4.94100,4.96500,3772
2013-09-05 00:00:00+00:00,4.96400,4.96900,4.84100,4.88300,2563
2013-09-06 00:00:00+00:00,4.88200,4.95400,4.87200,4.94600,2300
2013-09-09 00:00:00+00:00,4.95000,4.97600,4.87900,4.89400,2088
2013-09-10 00:00:00+00:00,4.88600,4.95600,4.86800,4.95600,2204
2013-09-11 00:00:00+00:00,4.94400,4.97700,4.92300,4.97700,2027
2013-09-12 00:00:00+00:00,4.98200,4.98600,4.81300,4.90500,6367
2013-09-13 00:00:00+00:00,4.90000,4.90900,4.82900,4.84200,2090
2013-09-16 00:00:00+00:00,4.80600,4.86000,4.77800,4.79900,1893
2013-09-17 00:00:00+00:00,4.80600,4.92600,4.76800,4.77800,3167
2013-09-18 00:00:00+00:00,4.77400,4.80000,4.75200,4.78900,1757
2013-09-19 00:00:00+00:00,4.80800,4.86500,4.78600,4.82900,2533
2013-09-20 00:00:00+00:00,4.82200,4.82900,4.73000,4.73500,1817
2013-09-23 00:00:00+00:00,4.72200,4.76700,4.69900,4.74200,1515
2013-09-24 00:00:00+00:00,4.73600,4.78500,4.69300,4.69800,1504
2013-09-25 00:00:00+00:00,4.70000,4.77800,4.69300,4.76100,2880
2013-09-26 00:00:00+00:00,4.75400,4.77400,4.72000,4.76600,1539
2013-09-27 00:00:00+00:00,4.77200,4.79800,4.73700,4.74500,1823
2013-09-30 00:00:00+00:00,4.72800,4.82100,4.61700,4.61700,4764
2013-10-01 00:00:00+00:00,4.60600,4.63900,4.54100,4.57200,3307
2013-10-02 00:00:00+00:00,4.57200,4.59600,4.53700,4.57000,2044
2013-10-03 00:00:00+00:00,4.57600,4.62200,4.56500,4.57800,2116
2013-10-04 00:00:00+00:00,4.57800,4.61900,4.57100,4.61500,1275
2013-10-07 00:00:00+00:00,4.60400,4.67100,4.59200,4.66800,2064
2013-10-08 00:00:00+00:00,4.66400,4.67200,4.57000,4.59000,1781
2013-10-09 00:00:00+00:00,4.58400,4.64000,4.57600,4.60800,1275
2013-10-10 00:00:00+00:00,4.60600,4.63200,4.53000,4.54300,1299
2013-10-11 00:00:00+00:00,4.53000,4.53100,4.48700,4.49400,1494
2013-10-14 00:00:00+00:00,4.48400,4.52500,4.47400,4.52300,847
2013-10-15 00:00:00+00:00,4.52000,4.59200,4.51400,4.58700,1578
2013-10-16 00:00:00+00:00,4.58000,4.61100,4.54100,4.59200,1235
2013-10-17 00:00:00+00:00,4.57400,4.61400,4.56300,4.57600,1213
2013-10-18 00:00:00+00:00,4.57600,4.62300,4.56400,4.56400,1324
2013-10-21 00:00:00+00:00,4.54600,4.58200,4.51700,4.58100,940
2013-10-22 00:00:00+00:00,4.57000,4.58000,4.52000,4.52200,705
2013-10-23 00:00:00+00:00,4.50800,4.59400,4.50800,4.56200,1105
2013-10-24 00:00:00+00:00,4.54800,4.57500,4.51400,4.53200,937
2013-10-25 00:00:00+00:00,4.53200,4.54600,4.52300,4.52700,685
2013-10-28 00:00:00+00:00,4.51300,4.51700,4.41900,4.42400,895
2013-10-29 00:00:00+00:00,4.41600,4.45300,4.39600,4.43400,1037
2013-10-30 00:00:00+00:00,4.43200,4.46100,4.40400,4.41400,1040
2013-10-31 00:00:00+00:00,4.41000,4.47100,4.37800,4.38800,1995
2013-11-01 00:00:00+00:00,4.38800,4.40100,4.36300,4.37900,1366
2013-11-04 00:00:00+00:00,4.36300,4.38400,4.35000,4.36500,978
2013-11-05 00:00:00+00:00,4.35400,4.36300,4.33500,4.34500,852
2013-11-06 00:00:00+00:00,4.33700,4.35100,4.30400,4.30800,578
2013-11-07 00:00:00+00:00,4.29800,4.32900,4.28900,4.28900,1203
2013-11-08 00:00:00+00:00,4.28400,4.38100,4.24100,4.34900,5554
2013-11-11 00:00:00+00:00,4.35600,4.45400,4.35600,4.43300,2224
2013-11-12 00:00:00+00:00,4.42600,4.45800,4.38100,4.40100,1471
2013-11-13 00:00:00+00:00,4.40000,4.41900,4.36300,4.37000,1250
2013-11-14 00:00:00+00:00,4.37100,4.38400,4.32700,4.34500,2530
2013-11-15 00:00:00+00:00,4.33300,4.36800,4.28900,4.29900,2256
2013-11-18 00:00:00+00:00,4.28100,4.28500,4.18600,4.19100,3010
2013-11-19 00:00:00+00:00,4.18000,4.24100,4.17400,4.23800,1695
2013-11-20 00:00:00+00:00,4.23400,4.24800,4.20900,4.23100,1393
2013-11-21 00:00:00+00:00,4.22400,4.27800,4.21900,4.26400,1244
2013-11-22 00:00:00+00:00,4.26500,4.29400,4.24400,4.26600,1417
2013-11-25 00:00:00+00:00,4.27100,4.30200,4.26500,4.28300,1032
2013-11-26 00:00:00+00:00,4.28300,4.28700,4.19900,4.22800,1311
2013-11-27 00:00:00+00:00,4.21500,4.27000,4.21000,4.23300,1163
2013-11-28 00:00:00+00:00,4.23300,4.23300,4.23300,4.23300,4
2013-11-29 00:00:00+00:00,4.23300,4.24300,4.19100,4.22400,784
2013-12-02 00:00:00+00:00,4.19400,4.22400,4.16200,4.21700,1354
2013-12-03 00:00:00+00:00,4.22200,4.29600,4.20700,4.29100,1037
2013-12-04 00:00:00+00:00,4.28300,4.36900,4.24200,4.33400,3474
2013-12-05 00:00:00+00:00,4.33100,4.35200,4.28700,4.31600,4706
2013-12-06 00:00:00+00:00,4.30800,4.34200,4.27700,4.31200,2588
2013-12-09 00:00:00+00:00,4.31600,4.36000,4.30300,4.34800,1467
2013-12-10 00:00:00+00:00,4.35000,4.38300,4.28600,4.34000,4034
2013-12-11 00:00:00+00:00,4.33400,4.37300,4.32100,4.37000,795
2013-12-12 00:00:00+00:00,4.36200,4.36600,4.25900,4.31600,1356
2013-12-13 00:00:00+00:00,4.31600,4.32600,4.23200,4.23700,1591
2013-12-16 00:00:00+00:00,4.24100,4.24200,4.18500,4.21300,957
2013-12-17 00:00:00+00:00,4.20900,4.27000,4.20000,4.24800,1043
2013-12-18 00:00:00+00:00,4.23800,4.27500,4.21000,4.23100,1507
2013-12-19 00:00:00+00:00,4.22700,4.28500,4.22300,4.28000,1345
2013-12-20 00:00:00+00:00,4.27800,4.30800,4.25600,4.30300,1019
2013-12-23 00:00:00+00:00,4.31100,4.33900,4.29900,4.32600,699
2013-12-24 00:00:00+00:00,4.31500,4.32400,4.29900,4.30600,210
2013-12-26 00:00:00+00:00,4.30600,4.30600,4.24100,4.24500,590
2013-12-27 00:00:00+00:00,4.24300,4.27000,4.24200,4.25400,1030
2013-12-30 00:00:00+00:00,4.24400,4.24800,4.21300,4.21700,1085
2013-12-31 00:00:00+00:00,4.21500,4.21600,4.20600,4.20800,208
2014-01-02 00:00:00+00:00,4.20000,4.25600,4.16700,4.17700,797
2014-01-03 00:00:00+00:00,4.19200,4.22400,4.15500,4.21700,1376
2014-01-06 00:00:00+00:00,4.23000,4.26200,4.22500,4.25200,991
2014-01-07 00:00:00+00:00,4.25300,4.28400,4.23800,4.25300,1028
2014-01-08 00:00:00+00:00,4.23900,4.25900,4.13300,4.16800,1631
2014-01-09 00:00:00+00:00,4.14300,4.15100,4.06600,4.11500,1902
2014-01-10 00:00:00+00:00,4.10000,4.31300,4.04900,4.31000,7231
2014-01-13 00:00:00+00:00,4.30700,4.33900,4.29200,4.33100,2758
2014-01-14 00:00:00+00:00,4.32300,4.32300,4.25900,4.28900,1562
2014-01-15 00:00:00+00:00,4.29500,4.29900,4.24700,4.24700,1498
2014-01-16 00:00:00+00:00,4.24100,4.28500,4.23700,4.26900,1549
2014-01-17 00:00:00+00:00,4.25600,4.26500,4.21000,4.22300,999
2014-01-20 00:00:00+00:00,4.22300,4.22300,4.22300,4.22300,2
2014-01-21 00:00:00+00:00,4.22500,4.24400,4.19900,4.23400,990
2014-01-22 00:00:00+00:00,4.23700,4.27600,4.23600,4.25100,794
2014-01-23 00:00:00+00:00,4.24900,4.29900,4.24700,4.27700,1144
2014-01-24 00:00:00+00:00,4.27300,4.29200,4.24400,4.28000,830
2014-01-27 00:00:00+00:00,4.27300,4.31500,4.26000,4.30700,1115
2014-01-28 00:00:00+00:00,4.29800,4.32500,4.29800,4.31000,809
2014-01-29 00:00:00+00:00,4.30000,4.30600,4.26000,4.26000,1521
2014-01-30 00:00:00+00:00,4.26400,4.33600,4.26400,4.32400,2260
2014-01-31 00:00:00+00:00,4.31400,4.33000,4.30400,4.32000,958
2014-02-03 00:00:00+00:00,4.32800,4.37600,4.32800,4.34400,1621
2014-02-04 00:00:00+00:00,4.34600,4.40600,4.33600,4.40400,1649
2014-02-05 00:00:00+00:00,4.40200,4.41400,4.38000,4.41000,2500
2014-02-06 00:00:00+00:00,4.40200,4.44600,4.39200,4.42000,2714
2014-02-07 00:00:00+00:00,4.41000,4.43000,4.39000,4.43000,1928
2014-02-10 00:00:00+00:00,4.41800,4.47600,4.38800,4.41200,5164
2014-02-11 00:00:00+00:00,4.41800,4.43000,4.36600,4.39600,2357
2014-02-12 00:00:00+00:00,4.40200,4.44400,4.38200,4.39600,2011
2014-02-13 00:00:00+00:00,4.39200,4.41400,4.38600,4.39800,2225
2014-02-14 00:00:00+00:00,4.39800,4.43600,4.37000,4.43600,2471
2014-02-18 00:00:00+00:00,4.44200,4.49000,4.44000,4.48800,1375
2014-02-19 00:00:00+00:00,4.48400,4.54200,4.48200,4.53600,1752
2014-02-20 00:00:00+00:00,4.53600,4.56000,4.51600,4.55400,2872
2014-02-21 00:00:00+00:00,4.55800,4.56800,4.50400,4.53200,1852
2014-02-24 00:00:00+00:00,4.51400,4.52800,4.46400,4.51600,2042
2014-02-25 00:00:00+00:00,4.51000,4.56000,4.48600,4.55200,2393
2014-02-26 00:00:00+00:00,4.55000,4.59200,4.54000,4.56200,3068
2014-02-27 00:00:00+00:00,4.54200,4.55800,4.48600,4.48800,2751
2014-02-28 00:00:00+00:00,4.48600,4.59400,4.48400,4.57200,4350
2014-03-03 00:00:00+00:00,4.60600,4.77200,4.58800,4.63400,10123
2014-03-04 00:00:00+00:00,4.64100,4.79200,4.60200,4.79200,7504
2014-03-05 00:00:00+00:00,4.77200,4.82400,4.74000,4.76600,6794
2014-03-06 00:00:00+00:00,4.74800,4.87000,4.73400,4.85600,5457
2014-03-07 00:00:00+00:00,4.84400,4.97000,4.79400,4.85400,9514
2014-03-10 00:00:00+00:00,4.81600,4.82600,4.70400,4.74000,12931
2014-03-11 00:00:00+00:00,4.71900,4.80000,4.68600,4.78000,6405
2014-03-12 00:00:00+00:00,4.77800,4.83800,4.71800,4.83000,7467
2014-03-13 00:00:00+00:00,4.82200,4.88600,4.77600,4.82000,7931
2014-03-14 00:00:00+00:00,4.79200,4.84200,4.74000,4.81600,6623
2014-03-17 00:00:00+00:00,4.80400,4.82800,4.72200,4.76200,6570
2014-03-18 00:00:00+00:00,4.74600,4.82400,4.72800,4.81200,3802
2014-03-19 00:00:00+00:00,4.81600,4.87200,4.78000,4.84000,8301
2014-03-20 00:00:00+00:00,4.82600,4.83000,4.74000,4.74800,6094
2014-03-21 00:00:00+00:00,4.74200,4.76800,4.72000,4.75200,4157
2014-03-24 00:00:00+00:00,4.75200,4.87000,4.74400,4.85200,6524
2014-03-25 00:00:00+00:00,4.85400,4.86000,4.81200,4.83200,4841
2014-03-26 00:00:00+00:00,4.82200,4.83800,4.78800,4.80200,3704
2014-03-27 00:00:00+00:00,4.80000,4.88800,4.78400,4.88200,7102
2014-03-28 00:00:00+00:00,4.87600,4.92400,4.85400,4.89000,5725
2014-03-31 00:00:00+00:00,4.87200,5.00200,4.72400,4.98400,21736
2014-04-01 00:00:00+00:00,4.98200,5.08800,4.98200,5.04000,8177
2014-04-02 00:00:00+00:00,5.03400,5.04000,4.87400,4.91400,7141
2014-04-03 00:00:00+00:00,4.93400,4.97600,4.91000,4.96400,5222
2014-04-04 00:00:00+00:00,4.95600,4.98200,4.89800,4.98000,9017
2014-04-07 00:00:00+00:00,4.97200,4.99400,4.91800,4.96200,3787
2014-04-08 00:00:00+00:00,4.95600,5.04800,4.93600,5.04000,4200
2014-04-09 00:00:00+00:00,5.03400,5.16000,4.97400,4.99400,12924
2014-04-10 00:00:00+00:00,4.98800,5.00200,4.91400,4.97600,5153
2014-04-11 00:00:00+00:00,4.97000,5.02400,4.95800,4.95800,4178
2014-04-14 00:00:00+00:00,4.96000,5.04400,4.95200,5.00000,4692
2014-04-15 00:00:00+00:00,5.00400,5.04600,4.95400,5.01400,6965
2014-04-16 00:00:00+00:00,5.00200,5.02800,4.93200,4.95200,6509
2014-04-17 00:00:00+00:00,4.95800,4.99000,4.91000,4.92800,4916
2014-04-21 00:00:00+00:00,4.91200,4.91800,4.83800,4.85800,6943
2014-04-22 00:00:00+00:00,4.87600,4.98200,4.85800,4.95000,5799
2014-04-23 00:00:00+00:00,4.94400,5.02600,4.93000,5.01600,3419
2014-04-24 00:00:00+00:00,5.01400,5.06400,4.98400,4.99400,4881
2014-04-25 00:00:00+00:00,4.99600,5.09400,4.99600,5.07400,5654
2014-04-28 00:00:00+00:00,5.05800,5.11400,5.04400,5.07000,10326
2014-04-29 00:00:00+00:00,5.07400,5.14600,5.07400,5.13400,8819
2014-04-30 00:00:00+00:00,5.13600,5.14500,5.07800,5.12000,7163
2014-05-01 00:00:00+00:00,5.11000,5.14000,4.98000,4.99800,7221
2014-05-02 00:00:00+00:00,5.00600,5.03000,4.91400,4.93000,7236
2014-05-05 00:00:00+00:00,4.93200,5.03400,4.91200,5.01600,7315
2014-05-06 00:00:00+00:00,5.01200,5.12600,4.96000,5.11200,6435
2014-05-07 00:00:00+00:00,5.09800,5.12600,5.04200,5.06800,8008
2014-05-08 00:00:00+00:00,5.07600,5.10800,5.02200,5.09800,7187
2014-05-09 00:00:00+00:00,5.09400,5.16600,5.00000,5.02000,14388
2014-05-12 00:00:00+00:00,4.99800,5.00400,4.93000,4.94000,4678
2014-05-13 00:00:00+00:00,4.93200,4.97600,4.92200,4.97400,3679
2014-05-14 00:00:00+00:00,4.97000,4.99000,4.90400,4.90800,3813
2014-05-15 00:00:00+00:00,4.90400,4.91800,4.76800,4.79800,4856
2014-05-16 00:00:00+00:00,4.79200,4.81800,4.75400,4.77600,4070
2014-05-19 00:00:00+00:00,4.77000,4.77600,4.71600,4.72400,5741
2014-05-20 00:00:00+00:00,4.72800,4.76400,4.68800,4.68800,4187
2014-05-21 00:00:00+00:00,4.68900,4.71400,4.68000,4.70600,4499
2014-05-22 00:00:00+00:00,4.70300,4.77900,4.68200,4.72400,6424
2014-05-23 00:00:00+00:00,4.73300,4.76000,4.71200,4.74400,2679
2014-05-27 00:00:00+00:00,4.69600,4.70600,4.65600,4.65800,3010
2014-05-28 00:00:00+00:00,4.64800,4.68400,4.62800,4.68400,2821
2014-05-29 00:00:00+00:00,4.68800,4.69000,4.63600,4.64600,2488
2014-05-30 00:00:00+00:00,4.66200,4.69600,4.62000,4.62400,2963
2014-06-02 00:00:00+00:00,4.60300,4.67000,4.57000,4.63600,3896
2014-06-03 00:00:00+00:00,4.59400,4.61400,4.52800,4.55600,2771
2014-06-04 00:00:00+00:00,4.55400,4.57400,4.51200,4.51400,2841
2014-06-05 00:00:00+00:00,4.53600,4.54600,4.45800,4.46600,2676
2014-06-06 00:00:00+00:00,4.45800,4.55600,4.44200,4.55400,3434
2014-06-09 00:00:00+00:00,4.53600,4.53800,4.42800,4.47200,4520
2014-06-10 00:00:00+00:00,4.47800,4.52200,4.42400,4.43000,5443
2014-06-11 00:00:00+00:00,4.42800,4.47000,4.36800,4.37600,5633
2014-06-12 00:00:00+00:00,4.37800,4.41800,4.37200,4.40800,3287
2014-06-13 00:00:00+00:00,4.41600,4.47200,4.41400,4.43800,4636
2014-06-16 00:00:00+00:00,4.42400,4.47400,4.38200,4.39200,5043
2014-06-17 00:00:00+00:00,4.38800,4.39200,4.33600,4.36600,2820
2014-06-18 00:00:00+00:00,4.36600,4.40600,4.36600,4.38300,2303
2014-06-19 00:00:00+00:00,4.37900,4.46600,4.37900,4.46600,1916
2014-06-20 00:00:00+00:00,4.45700,4.50800,4.43300,4.50500,1865
2014-06-23 00:00:00+00:00,4.50000,4.55500,4.41700,4.42200,3064
2014-06-24 00:00:00+00:00,4.41400,4.41900,4.35800,4.38900,3558
2014-06-25 00:00:00+00:00,4.38800,4.39100,4.36300,4.37300,1064
2014-06-26 00:00:00+00:00,4.38300,4.44600,4.37600,4.42100,2345
2014-06-27 00:00:00+00:00,4.40800,4.44800,4.38800,4.43800,2851
2014-06-30 00:00:00+00:00,4.42700,4.42700,4.21300,4.22300,10481
2014-07-01 00:00:00+00:00,4.19900,4.20800,4.12500,4.17300,3283
2014-07-02 00:00:00+00:00,4.18000,4.18800,4.12200,4.14000,1574
2014-07-03 00:00:00+00:00,4.14600,4.16000,4.11200,4.11700,1113
2014-07-07 00:00:00+00:00,4.11000,4.11000,3.99000,4.02500,1758
2014-07-08 00:00:00+00:00,4.02800,4.04300,3.98500,3.99700,2554
2014-07-09 00:00:00+00:00,3.99600,3.99700,3.90400,3.92400,1960
2014-07-10 00:00:00+00:00,3.92000,3.95900,3.87100,3.88100,2296
2014-07-11 00:00:00+00:00,3.87600,3.90100,3.77300,3.80300,5443
2014-07-14 00:00:00+00:00,3.79000,3.84500,3.75700,3.82000,3929
2014-07-15 00:00:00+00:00,3.82500,3.82500,3.72700,3.75800,5517
2014-07-16 00:00:00+00:00,3.75600,3.87700,3.75300,3.79400,4397
2014-07-17 00:00:00+00:00,3.79700,3.89100,3.76200,3.81400,6208
2014-07-18 00:00:00+00:00,3.80500,3.82600,3.72400,3.72400,2427
2014-07-21 00:00:00+00:00,3.70200,3.70200,3.64100,3.65600,3653
2014-07-22 00:00:00+00:00,3.64800,3.68100,3.61600,3.61600,2076
2014-07-23 00:00:00+00:00,3.61500,3.64100,3.58800,3.63300,2473
2014-07-24 00:00:00+00:00,3.63100,3.70200,3.57600,3.62800,5389
2014-07-25 00:00:00+00:00,3.62000,3.64500,3.58300,3.64300,3073
2014-07-28 00:00:00+00:00,3.64700,3.70200,3.64500,3.69200,4250
2014-07-29 00:00:00+00:00,3.68500,3.69500,3.59700,3.61900,3543
2014-07-30 00:00:00+00:00,3.62400,3.65200,3.58900,3.61400,2718
2014-07-31 00:00:00+00:00,3.61500,3.62400,3.58100,3.58400,2511
2014-08-01 00:00:00+00:00,3.57900,3.59600,3.53300,3.53600,4519
2014-08-04 00:00:00+00:00,3.52500,3.62000,3.52500,3.59500,3953
2014-08-05 00:00:00+00:00,3.58900,3.59000,3.54000,3.57400,3549
2014-08-06 00:00:00+00:00,3.56800,3.64800,3.56500,3.62800,5030
2014-08-07 00:00:00+00:00,3.62800,3.63600,3.56500,3.60200,3936
2014-08-08 00:00:00+00:00,3.59500,3.60300,3.52500,3.52500,3009
2014-08-11 00:00:00+00:00,3.51600,3.58400,3.51400,3.56900,5024
2014-08-12 00:00:00+00:00,3.56400,3.62700,3.48600,3.59400,8720
2014-08-13 00:00:00+00:00,3.58900,3.61600,3.55400,3.59200,5284
2014-08-14 00:00:00+00:00,3.58500,3.63600,3.55900,3.62700,6388
2014-08-15 00:00:00+00:00,3.61900,3.68600,3.61200,3.66600,11057
2014-08-18 00:00:00+00:00,3.66100,3.70500,3.61000,3.61800,4548
2014-08-19 00:00:00+00:00,3.60800,3.63400,3.57400,3.62600,2089
2014-08-20 00:00:00+00:00,3.61600,3.62200,3.56000,3.58000,1508
2014-08-21 00:00:00+00:00,3.57000,3.63200,3.56600,3.59600,1665
2014-08-22 00:00:00+00:00,3.59200,3.64000,3.58600,3.61400,2835
2014-08-25 00:00:00+00:00,3.61400,3.61400,3.56400,3.58600,1477
2014-08-26 00:00:00+00:00,3.57600,3.58900,3.53000,3.55800,2134
2014-08-27 00:00:00+00:00,3.54800,3.56400,3.53200,3.55600,1183
2014-08-28 00:00:00+00:00,3.55600,3.61000,3.54800,3.59800,2035
2014-08-29 00:00:00+00:00,3.59000,3.60000,3.53900,3.54600,1743
2014-09-02 00:00:00+00:00,3.55000,3.59000,3.54000,3.55400,2633
2014-09-03 00:00:00+00:00,3.54200,3.54200,3.44600,3.44600,2788
2014-09-04 00:00:00+00:00,3.44000,3.45000,3.35800,3.38600,2480
2014-09-05 00:00:00+00:00,3.39000,3.49400,3.39000,3.47600,5003
2014-09-08 00:00:00+00:00,3.47000,3.50000,3.38800,3.40400,1958
2014-09-09 00:00:00+00:00,3.40600,3.40600,3.35800,3.37000,1480
2014-09-10 00:00:00+00:00,3.36400,3.39800,3.35800,3.38800,1354
2014-09-11 00:00:00+00:00,3.38000,3.38000,3.28800,3.33200,3484
2014-09-12 00:00:00+00:00,3.34300,3.36600,3.30400,3.31600,2506
2014-09-15 00:00:00+00:00,3.30200,3.36400,3.28800,3.36000,1945
2014-09-16 00:00:00+00:00,3.35600,3.43600,3.32100,3.36800,3287
2014-09-17 00:00:00+00:00,3.36600,3.37400,3.32600,3.35200,1461
2014-09-18 00:00:00+00:00,3.34400,3.35000,3.31600,3.31600,1473
2014-09-19 00:00:00+00:00,3.31400,3.31600,3.25200,3.25200,1328
2014-09-22 00:00:00+00:00,3.25200,3.25200,3.20600,3.24000,1841
2014-09-23 00:00:00+00:00,3.23600,3.24800,3.19400,3.19800,1651
2014-09-24 00:00:00+00:00,3.19400,3.24000,3.19000,3.23600,2260
2014-09-25 00:00:00+00:00,3.23400,3.25000,3.19600,3.19800,2124
2014-09-26 00:00:00+00:00,3.20600,3.21000,3.17200,3.17400,1265
2014-09-29 00:00:00+00:00,3.16800,3.20800,3.16600,3.19600,808
2014-09-30 00:00:00+00:00,3.19800,3.20800,3.14200,3.15800,2162
2014-10-01 00:00:00+00:00,3.14800,3.18000,3.12800,3.15800,1060
2014-10-02 00:00:00+00:00,3.15200,3.17800,3.14200,3.17400,1253
2014-10-03 00:00:00+00:00,3.17400,3.20400,3.16000,3.18000,1516
2014-10-06 00:00:00+00:00,3.18600,3.27200,3.18400,3.27200,2065
2014-10-07 00:00:00+00:00,3.26600,3.37000,3.25600,3.34800,2476
2014-10-08 00:00:00+00:00,3.34800,3.37800,3.32600,3.37600,2364
2014-10-09 00:00:00+00:00,3.37000,3.42800,3.35800,3.40600,1989
2014-10-10 00:00:00+00:00,3.38600,3.43400,3.27800,3.29000,6257
2014-10-13 00:00:00+00:00,3.28800,3.42600,3.26000,3.39200,2279
2014-10-14 00:00:00+00:00,3.40800,3.51400,3.38400,3.51400,3255
2014-10-15 00:00:00+00:00,3.51400,3.53400,3.42000,3.43200,4185
2014-10-16 00:00:00+00:00,3.43000,3.47800,3.40400,3.47000,3293
2014-10-17 00:00:00+00:00,3.47200,3.51000,3.42200,3.43600,2531
2014-10-20 00:00:00+00:00,3.41200,3.44600,3.38000,3.43600,2785
2014-10-21 00:00:00+00:00,3.43300,3.54600,3.43000,3.51200,4393
2014-10-22 00:00:00+00:00,3.51400,3.56600,3.48200,3.49800,6222
2014-10-23 00:00:00+00:00,3.48200,3.55800,3.47000,3.54600,7285
2014-10-24 00:00:00+00:00,3.54800,3.60800,3.48400,3.49000,6638
2014-10-27 00:00:00+00:00,3.48200,3.59200,3.44600,3.58800,6073
2014-10-28 00:00:00+00:00,3.58600,3.67800,3.57400,3.60200,7278
2014-10-29 00:00:00+00:00,3.60400,3.70600,3.59000,3.70200,7892
2014-10-30 00:00:00+00:00,3.71200,3.77000,3.68000,3.70200,8826
2014-10-31 00:00:00+00:00,3.69200,3.72200,3.64600,3.72000,6702
2014-11-03 00:00:00+00:00,3.71200,3.71800,3.67400,3.70000,6044
2014-11-04 00:00:00+00:00,3.68600,3.68700,3.61400,3.61800,3936
2014-11-05 00:00:00+00:00,3.60200,3.68400,3.56000,3.67400,5077
2014-11-06 00:00:00+00:00,3.66800,3.71600,3.63600,3.69000,3986
2014-11-07 00:00:00+00:00,3.66800,3.68600,3.61400,3.65000,2438
2014-11-10 00:00:00+00:00,3.63200,3.75800,3.62200,3.65400,6546
2014-11-11 00:00:00+00:00,3.65800,3.71400,3.63000,3.71000,4168
2014-11-12 00:00:00+00:00,3.70800,3.82200,3.70200,3.74200,5745
2014-11-13 00:00:00+00:00,3.74600,3.86200,3.74600,3.84000,6038
2014-11-14 00:00:00+00:00,3.82800,3.84400,3.78200,3.79200,3645
2014-11-17 00:00:00+00:00,3.79000,3.81800,3.72000,3.75800,2846
2014-11-18 00:00:00+00:00,3.75000,3.76600,3.69400,3.69800,1818
2014-11-19 00:00:00+00:00,3.69700,3.69800,3.61000,3.61200,2350
2014-11-20 00:00:00+00:00,3.61200,3.72200,3.60800,3.71000,4005
2014-11-21 00:00:00+00:00,3.70400,3.79000,3.68800,3.74400,6457
2014-11-24 00:00:00+00:00,3.69800,3.71000,3.64000,3.66000,2430
2014-11-25 00:00:00+00:00,3.65200,3.72800,3.64800,3.71200,2379
2014-11-26 00:00:00+00:00,3.72400,3.77000,3.72200,3.76800,2814
2014-11-28 00:00:00+00:00,3.75600,3.79200,3.68800,3.75500,2402
2014-12-01 00:00:00+00:00,3.72400,3.77400,3.69400,3.75800,3465
2014-12-02 00:00:00+00:00,3.75600,3.77400,3.68000,3.68200,3099
2014-12-03 00:00:00+00:00,3.68000,3.69000,3.64200,3.67600,1672
2014-12-04 00:00:00+00:00,3.68400,3.77000,3.67200,3.76200,2349
2014-12-05 00:00:00+00:00,3.75200,3.82400,3.73000,3.81000,2215
2014-12-08 00:00:00+00:00,3.81000,3.86400,3.76800,3.77800,2737
2014-12-09 00:00:00+00:00,3.76800,3.83000,3.74600,3.82200,1455
2014-12-10 00:00:00+00:00,3.81200,3.85400,3.76800,3.80400,4508
2014-12-11 00:00:00+00:00,3.81200,3.88000,3.79800,3.85800,2460
2014-12-12 00:00:00+00:00,3.84600,3.96800,3.84600,3.95000,3621
2014-12-15 00:00:00+00:00,3.94700,3.99800,3.92600,3.96200,2928
2014-12-16 00:00:00+00:00,3.95200,3.98800,3.91800,3.93800,3073
2014-12-17 00:00:00+00:00,3.93500,3.97600,3.91600,3.95800,2489
2014-12-18 00:00:00+00:00,3.95600,4.01600,3.95000,3.98400,2853
2014-12-19 00:00:00+00:00,3.98300,3.98400,3.93200,3.97800,1834
2014-12-22 00:00:00+00:00,3.97800,4.02400,3.97000,4.00100,1755
2014-12-23 00:00:00+00:00,3.99600,4.04000,3.99200,4.02400,1237
2014-12-24 00:00:00+00:00,4.01600,4.03400,3.94400,3.97100,2197
2014-12-26 00:00:00+00:00,4.00100,4.03200,3.95000,4.03000,1134
2014-12-29 00:00:00+00:00,4.03400,4.06000,4.00200,4.01200,4013
2014-12-30 00:00:00+00:00,4.01200,4.02000,3.96000,3.96400,2308
2014-12-31 00:00:00+00:00,3.95800,3.96200,3.86600,3.86800,2699
2015-01-02 00:00:00+00:00,3.85000,3.86400,3.82000,3.85800,1655
2015-01-05 00:00:00+00:00,3.86200,3.97200,3.85200,3.96800,4184
2015-01-06 00:00:00+00:00,3.95600,4.00000,3.93200,3.94800,3757
2015-01-07 00:00:00+00:00,3.95400,3.97800,3.87200,3.87400,2986
2015-01-08 00:00:00+00:00,3.87400,3.89600,3.83800,3.84800,2895
2015-01-09 00:00:00+00:00,3.85800,3.92600,3.84400,3.91000,2821
2015-01-12 00:00:00+00:00,3.90600,3.98200,3.82000,3.93800,5472
2015-01-13 00:00:00+00:00,3.93800,3.98000,3.76400,3.78000,3764
2015-01-14 00:00:00+00:00,3.77800,3.78200,3.68400,3.71600,3170
2015-01-15 00:00:00+00:00,3.75000,3.80200,3.68600,3.72400,3596
2015-01-16 00:00:00+00:00,3.73000,3.80200,3.72200,3.79000,2165
2015-01-20 00:00:00+00:00,3.78000,3.83000,3.75400,3.82800,4161
2015-01-21 00:00:00+00:00,3.83000,3.85200,3.79400,3.81400,2834
2015-01-22 00:00:00+00:00,3.81200,3.83600,3.75600,3.76200,3233
2015-01-23 00:00:00+00:00,3.77100,3.81800,3.75600,3.79600,1887
2015-01-26 00:00:00+00:00,3.79400,3.82000,3.76200,3.78000,2746
2015-01-27 00:00:00+00:00,3.77600,3.79800,3.74200,3.75200,2607
2015-01-28 00:00:00+00:00,3.75000,3.75400,3.67800,3.67800,2702
2015-01-29 00:00:00+00:00,3.67600,3.68000,3.62600,3.63800,4039
2015-01-30 00:00:00+00:00,3.66400,3.66800,3.60600,3.62200,3578
2015-02-02 00:00:00+00:00,3.64600,3.73400,3.62600,3.64700,3674
2015-02-03 00:00:00+00:00,3.65200,3.83400,3.65200,3.81600,4148
2015-02-04 00:00:00+00:00,3.80000,3.83000,3.74800,3.77600,2831
2015-02-05 00:00:00+00:00,3.77600,3.82400,3.76800,3.79600,2268
2015-02-06 00:00:00+00:00,3.80000,3.84600,3.75400,3.80000,2906
2015-02-09 00:00:00+00:00,3.80800,3.87200,3.79400,3.87000,4125
2015-02-10 00:00:00+00:00,3.86600,3.87000,3.80400,3.83400,6412
2015-02-11 00:00:00+00:00,3.84000,3.85600,3.80000,3.81800,3705
2015-02-12 00:00:00+00:00,3.81200,3.83600,3.77600,3.79400,4540
2015-02-13 00:00:00+00:00,3.79000,3.84600,3.78600,3.82800,3966
2015-02-17 00:00:00+00:00,3.83800,3.87600,3.82000,3.85400,4322
2015-02-18 00:00:00+00:00,3.85600,3.87200,3.80000,3.80600,2904
2015-02-19 00:00:00+00:00,3.80800,3.88200,3.79400,3.86000,4289
2015-02-20 00:00:00+00:00,3.85700,3.86500,3.80600,3.82000,4233
2015-02-23 00:00:00+00:00,3.82500,3.83400,3.75200,3.76200,2375
2015-02-24 00:00:00+00:00,3.76800,3.84600,3.75000,3.75600,2431
2015-02-25 00:00:00+00:00,3.75200,3.77200,3.69600,3.73100,2197
2015-02-26 00:00:00+00:00,3.74000,3.80200,3.73000,3.78600,2766
2015-02-27 00:00:00+00:00,3.77400,3.86000,3.75600,3.83600,3348
2015-03-02 00:00:00+00:00,3.82200,3.85200,3.77000,3.77600,2078
2015-03-03 00:00:00+00:00,3.79000,3.82200,3.75200,3.81400,1993
2015-03-04 00:00:00+00:00,3.81200,3.82400,3.77000,3.80000,1221
2015-03-05 00:00:00+00:00,3.79600,3.83600,3.78600,3.80800,1622
2015-03-06 00:00:00+00:00,3.80200,3.80400,3.74400,3.76200,1462
2015-03-09 00:00:00+00:00,3.77400,3.82600,3.77400,3.80000,1956
2015-03-10 00:00:00+00:00,3.79400,3.82600,3.75000,3.79400,2738
2015-03-11 00:00:00+00:00,3.78600,3.85000,3.78300,3.82400,2389
2015-03-12 00:00:00+00:00,3.81800,3.83400,3.78200,3.79400,1658
2015-03-13 00:00:00+00:00,3.79800,3.81400,3.72400,3.72600,2022
2015-03-16 00:00:00+00:00,3.72600,3.74400,3.68100,3.71400,2078
2015-03-17 00:00:00+00:00,3.71600,3.72200,3.62800,3.63200,1782
2015-03-18 00:00:00+00:00,3.64400,3.67400,3.60000,3.67000,2493
2015-03-19 00:00:00+00:00,3.70500,3.73000,3.63600,3.65400,2829
2015-03-20 00:00:00+00:00,3.66800,3.80200,3.65800,3.77200,3173
2015-03-23 00:00:00+00:00,3.78900,3.84800,3.78200,3.83200,2817
2015-03-24 00:00:00+00:00,3.82000,3.87000,3.81800,3.86400,2636
2015-03-25 00:00:00+00:00,3.86200,3.89000,3.85000,3.88200,3600
2015-03-26 00:00:00+00:00,3.87400,3.90200,3.82800,3.84800,2684
2015-03-27 00:00:00+00:00,3.84400,3.86800,3.83000,3.84000,2154
2015-03-30 00:00:00+00:00,3.85000,3.88800,3.84000,3.88200,4898
2015-03-31 00:00:00+00:00,3.88000,3.92400,3.70200,3.71200,9282
2015-04-01 00:00:00+00:00,3.71600,3.76600,3.68600,3.76400,5331
2015-04-02 00:00:00+00:00,3.75800,3.82800,3.73000,3.80200,4097
2015-04-06 00:00:00+00:00,3.83600,3.84800,3.78800,3.80600,1950
2015-04-07 00:00:00+00:00,3.80000,3.82300,3.77400,3.78000,1524
2015-04-08 00:00:00+00:00,3.78700,3.80200,3.72200,3.74000,1356
2015-04-09 00:00:00+00:00,3.74600,3.75400,3.70800,3.73600,1842
2015-04-10 00:00:00+00:00,3.74000,3.75200,3.70200,3.72000,1810
2015-04-13 00:00:00+00:00,3.70600,3.71800,3.66400,3.67000,2099
2015-04-14 00:00:00+00:00,3.66800,3.70600,3.66400,3.70200,1911
2015-04-15 00:00:00+00:00,3.69000,3.74500,3.67000,3.70800,2884
2015-04-16 00:00:00+00:00,3.71400,3.73500,3.69000,3.72400,1922
2015-04-17 00:00:00+00:00,3.72000,3.76200,3.70600,3.75200,1490
2015-04-20 00:00:00+00:00,3.75800,3.77600,3.71800,3.74100,1599
2015-04-21 00:00:00+00:00,3.72800,3.73000,3.67800,3.69200,1889
2015-04-22 00:00:00+00:00,3.69000,3.70400,3.65800,3.68600,1615
2015-04-23 00:00:00+00:00,3.69400,3.74000,3.67000,3.67000,1469
2015-04-24 00:00:00+00:00,3.66800,3.67000,3.59800,3.60000,1647
2015-04-27 00:00:00+00:00,3.59200,3.60200,3.55300,3.56200,1771
2015-04-28 00:00:00+00:00,3.55000,3.57800,3.53400,3.56200,2485
2015-04-29 00:00:00+00:00,3.55400,3.58600,3.54200,3.58400,1531
2015-04-30 00:00:00+00:00,3.58800,3.60800,3.55200,3.57200,2648
2015-05-01 00:00:00+00:00,3.57200,3.57600,3.52200,3.53400,1763
2015-05-04 00:00:00+00:00,3.53400,3.55000,3.51800,3.53200,1148
2015-05-05 00:00:00+00:00,3.51800,3.54000,3.47600,3.54000,1566
2015-05-06 00:00:00+00:00,3.54800,3.61000,3.54600,3.58000,2428
2015-05-07 00:00:00+00:00,3.58300,3.58400,3.52600,3.52800,1680
2015-05-08 00:00:00+00:00,3.52800,3.55600,3.51800,3.53600,1517
2015-05-11 00:00:00+00:00,3.55200,3.56600,3.51600,3.53000,1893
2015-05-12 00:00:00+00:00,3.51600,3.58000,3.50000,3.53400,3677
2015-05-13 00:00:00+00:00,3.53000,3.56400,3.50000,3.54200,2306
2015-05-14 00:00:00+00:00,3.54600,3.61000,3.54000,3.60600,2794
2015-05-15 00:00:00+00:00,3.60600,3.64000,3.55000,3.58200,3139
2015-05-18 00:00:00+00:00,3.58400,3.64400,3.57200,3.61400,1673
2015-05-19 00:00:00+00:00,3.60400,3.61600,3.53800,3.55200,1610
2015-05-20 00:00:00+00:00,3.55800,3.55800,3.52200,3.53200,1344
2015-05-21 00:00:00+00:00,3.53400,3.59800,3.53400,3.58000,1650
2015-05-22 00:00:00+00:00,3.57400,3.61200,3.54200,3.54200,1358
2015-05-26 00:00:00+00:00,3.55100,3.56400,3.48400,3.49200,1885
2015-05-27 00:00:00+00:00,3.49200,3.50800,3.43400,3.44200,1572
2015-05-28 00:00:00+00:00,3.44200,3.49400,3.43000,3.48200,1850
2015-05-29 00:00:00+00:00,3.47800,3.51400,3.44800,3.46600,2248
2015-06-01 00:00:00+00:00,3.45600,3.49200,3.43200,3.45600,1921
2015-06-02 00:00:00+00:00,3.47200,3.54400,3.47000,3.54200,1822
2015-06-03 00:00:00+00:00,3.54000,3.59000,3.52400,3.53800,2607
2015-06-04 00:00:00+00:00,3.53600,3.59600,3.51900,3.58400,2059
2015-06-05 00:00:00+00:00,3.58000,3.62500,3.55000,3.56600,2388
2015-06-08 00:00:00+00:00,3.56600,3.61800,3.56200,3.60400,2408
2015-06-09 00:00:00+00:00,3.60600,3.64400,3.58400,3.60400,2982
2015-06-10 00:00:00+00:00,3.60200,3.62400,3.52800,3.53200,5065
2015-06-11 00:00:00+00:00,3.53600,3.56000,3.50800,3.52000,2240
2015-06-12 00:00:00+00:00,3.52400,3.53200,3.48600,3.49000,2711
2015-06-15 00:00:00+00:00,3.49400,3.49600,3.43600,3.44500,1762
2015-06-16 00:00:00+00:00,3.45100,3.51400,3.44000,3.51200,2035
2015-06-17 00:00:00+00:00,3.51600,3.58600,3.51600,3.56600,2466
2015-06-18 00:00:00+00:00,3.56200,3.58600,3.54200,3.55600,2671
2015-06-19 00:00:00+00:00,3.54900,3.55200,3.49200,3.51200,2498
2015-06-22 00:00:00+00:00,3.48800,3.55600,3.48000,3.55400,2618
2015-06-23 00:00:00+00:00,3.57600,3.65200,3.57400,3.63600,5308
2015-06-24 00:00:00+00:00,3.63600,3.68000,3.60600,3.64400,4626
2015-06-25 00:00:00+00:00,3.62600,3.75000,3.60900,3.74400,5472
2015-06-26 00:00:00+00:00,3.74400,3.88800,3.74200,3.83800,5798
2015-06-29 00:00:00+00:00,3.83600,3.91400,3.83000,3.84000,4711
2015-06-30 00:00:00+00:00,3.84200,4.14000,3.83000,4.14000,13762
2015-07-01 00:00:00+00:00,4.14000,4.18200,4.04000,4.12400,4799
2015-07-02 00:00:00+00:00,4.13600,4.22400,4.10600,4.20800,4940
2015-07-06 00:00:00+00:00,4.18200,4.20200,4.09400,4.18800,5856
2015-07-07 00:00:00+00:00,4.13200,4.16800,4.07800,4.15800,5808
2015-07-08 00:00:00+00:00,4.15300,4.21400,4.11200,4.16800,3448
2015-07-09 00:00:00+00:00,4.16800,4.25400,4.16800,4.20400,4197
2015-07-10 00:00:00+00:00,4.20200,4.31600,4.17000,4.26800,6596
2015-07-13 00:00:00+00:00,4.27600,4.34800,4.24000,4.33900,3050
2015-07-14 00:00:00+00:00,4.33000,4.36200,4.20600,4.21200,4135
2015-07-15 00:00:00+00:00,4.20200,4.25200,4.14600,4.23200,5603
2015-07-16 00:00:00+00:00,4.23400,4.31800,4.22200,4.22200,3266
2015-07-17 00:00:00+00:00,4.21200,4.23200,4.12200,4.13600,4121
2015-07-20 00:00:00+00:00,4.10000,4.10500,3.98800,3.99800,4160
2015-07-21 00:00:00+00:00,4.00000,4.04600,3.97000,4.01300,3283
2015-07-22 00:00:00+00:00,3.99900,4.01400,3.94400,3.97600,2887
2015-07-23 00:00:00+00:00,3.97600,3.99600,3.93000,3.97400,3207
2015-07-24 00:00:00+00:00,3.97400,3.97400,3.87000,3.87000,2321
2015-07-27 00:00:00+00:00,3.82600,3.82600,3.68000,3.68600,4785
2015-07-28 00:00:00+00:00,3.69100,3.71200,3.65600,3.71000,2720
2015-07-29 00:00:00+00:00,3.72200,3.72200,3.62800,3.62800,2347
2015-07-30 00:00:00+00:00,3.63800,3.69800,3.61600,3.69800,2311
2015-07-31 00:00:00+00:00,3.69800,3.73000,3.65200,3.67700,2418
2015-08-03 00:00:00+00:00,3.65500,3.66400,3.61200,3.63400,1940
2015-08-04 00:00:00+00:00,3.63800,3.69000,3.63000,3.65000,1983
2015-08-05 00:00:00+00:00,3.64900,3.70000,3.63800,3.69000,2214
2015-08-06 00:00:00+00:00,3.68700,3.71200,3.65600,3.65600,2117
2015-08-07 00:00:00+00:00,3.66200,3.71200,3.63000,3.69600,2622
2015-08-10 00:00:00+00:00,3.71000,3.87800,3.70200,3.86400,3476
2015-08-11 00:00:00+00:00,3.84600,3.84600,3.72800,3.74400,3860
2015-08-12 00:00:00+00:00,3.73800,3.79400,3.44400,3.56400,9095
2015-08-13 00:00:00+00:00,3.55600,3.62500,3.53000,3.61800,4898
2015-08-14 00:00:00+00:00,3.62000,3.63800,3.58000,3.62200,3569
2015-08-17 00:00:00+00:00,3.61400,3.66200,3.59800,3.61800,3750
2015-08-18 00:00:00+00:00,3.62000,3.66200,3.60400,3.63800,2723
2015-08-19 00:00:00+00:00,3.64600,3.69800,3.64600,3.65800,4331
2015-08-20 00:00:00+00:00,3.65800,3.70000,3.65600,3.69600,3353
2015-08-21 00:00:00+00:00,3.69600,3.71200,3.63400,3.64600,5596
2015-08-24 00:00:00+00:00,3.64600,3.69400,3.53800,3.69200,8319
2015-08-25 00:00:00+00:00,3.67800,3.74200,3.63300,3.65200,5219
2015-08-26 00:00:00+00:00,3.65100,3.68200,3.61000,3.61800,4134
2015-08-27 00:00:00+00:00,3.61800,3.66600,3.59800,3.62800,3260
2015-08-28 00:00:00+00:00,3.62400,3.68000,3.62400,3.63000,3784
2015-08-31 00:00:00+00:00,3.62400,3.65400,3.59400,3.63800,3378
2015-09-01 00:00:00+00:00,3.62800,3.63000,3.56600,3.57200,3002
2015-09-02 00:00:00+00:00,3.58200,3.60400,3.53400,3.56400,2906
2015-09-03 00:00:00+00:00,3.56400,3.57000,3.50600,3.51000,2925
2015-09-04 00:00:00+00:00,3.51000,3.54000,3.50000,3.52000,2659
2015-09-08 00:00:00+00:00,3.55400,3.58000,3.53800,3.58000,1853
2015-09-09 00:00:00+00:00,3.57000,3.62000,3.55800,3.58400,2240
2015-09-10 00:00:00+00:00,3.58400,3.64200,3.56800,3.63800,1972
2015-09-11 00:00:00+00:00,3.63800,3.76800,3.55600,3.76600,5314
2015-09-14 00:00:00+00:00,3.77400,3.83400,3.76200,3.82800,4858
2015-09-15 00:00:00+00:00,3.82600,3.84400,3.78600,3.80000,1878
2015-09-16 00:00:00+00:00,3.79800,3.80600,3.73200,3.76000,2786
2015-09-17 00:00:00+00:00,3.75300,3.75400,3.69600,3.70800,1752
2015-09-18 00:00:00+00:00,3.70400,3.72600,3.67000,3.67600,1361
2015-09-21 00:00:00+00:00,3.67200,3.76000,3.66000,3.75200,2063
2015-09-22 00:00:00+00:00,3.74800,3.75000,3.68200,3.71000,1568
2015-09-23 00:00:00+00:00,3.70600,3.75200,3.70000,3.73800,1919
2015-09-24 00:00:00+00:00,3.73800,3.74800,3.70400,3.72600,2364
2015-09-25 00:00:00+00:00,3.72500,3.80400,3.72200,3.80000,1812
2015-09-28 00:00:00+00:00,3.79800,3.83600,3.75200,3.78400,2397
2015-09-29 00:00:00+00:00,3.79000,3.80800,3.76600,3.80600,2606
2015-09-30 00:00:00+00:00,3.80400,3.85800,3.75200,3.80200,7094
2015-10-01 00:00:00+00:00,3.79000,3.84400,3.76800,3.80600,2339
2015-10-02 00:00:00+00:00,3.79400,3.83000,3.76000,3.80800,2982
2015-10-05 00:00:00+00:00,3.81200,3.85800,3.80800,3.85600,2670
2015-10-06 00:00:00+00:00,3.84400,3.90800,3.84000,3.89800,3800
2015-10-07 00:00:00+00:00,3.89400,3.91600,3.86000,3.87400,3173
2015-10-08 00:00:00+00:00,3.86800,3.87800,3.83000,3.84000,2564
2015-10-09 00:00:00+00:00,3.83000,3.86600,3.74400,3.74800,7224
2015-10-12 00:00:00+00:00,3.74600,3.78000,3.73400,3.73800,2417
2015-10-13 00:00:00+00:00,3.74000,3.77600,3.72200,3.77400,2240
2015-10-14 00:00:00+00:00,3.77400,3.79800,3.71900,3.72200,1701
2015-10-15 00:00:00+00:00,3.72100,3.73000,3.68600,3.69000,1867
2015-10-16 00:00:00+00:00,3.68800,3.71400,3.66200,3.70600,2013
2015-10-19 00:00:00+00:00,3.70800,3.70800,3.66600,3.67000,1508
2015-10-20 00:00:00+00:00,3.66600,3.71800,3.66000,3.70600,2482
2015-10-21 00:00:00+00:00,3.71200,3.74800,3.69600,3.74400,1902
2015-10-22 00:00:00+00:00,3.74300,3.77400,3.71800,3.72200,2343
2015-10-23 00:00:00+00:00,3.71800,3.74200,3.69400,3.73800,1637
2015-10-26 00:00:00+00:00,3.74400,3.80200,3.72800,3.79400,2639
2015-10-27 00:00:00+00:00,3.78600,3.82000,3.74000,3.74000,1785
2015-10-28 00:00:00+00:00,3.74400,3.75400,3.70800,3.71400,2070
2015-10-29 00:00:00+00:00,3.70600,3.75200,3.70600,3.74800,1571
2015-10-30 00:00:00+00:00,3.74600,3.78600,3.73700,3.77200,2123
2015-11-02 00:00:00+00:00,3.76600,3.77000,3.71600,3.71800,1608
2015-11-03 00:00:00+00:00,3.72000,3.77600,3.71400,3.75200,1652
2015-11-04 00:00:00+00:00,3.75200,3.79000,3.72200,3.75800,1825
2015-11-05 00:00:00+00:00,3.75000,3.75200,3.69600,3.69600,1414
2015-11-06 00:00:00+00:00,3.70400,3.71000,3.66000,3.68800,1139
2015-11-09 00:00:00+00:00,3.68200,3.71400,3.63000,3.63600,1356
2015-11-10 00:00:00+00:00,3.63600,3.64000,3.52600,3.56600,2878
2015-11-11 00:00:00+00:00,3.57000,3.59800,3.56200,3.59000,1202
2015-11-12 00:00:00+00:00,3.58400,3.60000,3.56000,3.58200,961
2015-11-13 00:00:00+00:00,3.58200,3.58800,3.55000,3.55000,779
2015-11-16 00:00:00+00:00,3.55300,3.58000,3.54400,3.57000,1002
2015-11-17 00:00:00+00:00,3.57200,3.59400,3.55600,3.58600,1141
2015-11-18 00:00:00+00:00,3.58800,3.61200,3.56600,3.59400,1600
2015-11-19 00:00:00+00:00,3.59000,3.62600,3.57800,3.61000,1454
2015-11-20 00:00:00+00:00,3.60600,3.63400,3.59800,3.61000,1542
2015-11-23 00:00:00+00:00,3.59600,3.64800,3.58000,3.64000,1422
2015-11-24 00:00:00+00:00,3.63800,3.64000,3.60600,3.61200,999
2015-11-25 00:00:00+00:00,3.61200,3.64400,3.61200,3.63600,2061
2015-11-27 00:00:00+00:00,3.62800,3.63600,3.58800,3.59200,1170
2015-11-30 00:00:00+00:00,3.59200,3.65800,3.58400,3.64000,2075
2015-12-01 00:00:00+00:00,3.64200,3.67200,3.63200,3.65800,1761
2015-12-02 00:00:00+00:00,3.65400,3.65600,3.62200,3.62400,2014
2015-12-03 00:00:00+00:00,3.61800,3.69800,3.60000,3.68400,1819
2015-12-04 00:00:00+00:00,3.68600,3.73600,3.68400,3.73400,1393
2015-12-07 00:00:00+00:00,3.72900,3.74000,3.65000,3.65600,2156
2015-12-08 00:00:00+00:00,3.65800,3.67600,3.64800,3.65800,1416
2015-12-09 00:00:00+00:00,3.66200,3.71600,3.63000,3.67000,2323
2015-12-10 00:00:00+00:00,3.66400,3.72200,3.65000,3.71600,1328
2015-12-11 00:00:00+00:00,3.71200,3.73000,3.67300,3.68600,1637
2015-12-14 00:00:00+00:00,3.67600,3.72600,3.67200,3.71800,1490
2015-12-15 00:00:00+00:00,3.71200,3.72200,3.68800,3.70000,1316
2015-12-16 00:00:00+00:00,3.69800,3.70600,3.62600,3.63800,1513
2015-12-17 00:00:00+00:00,3.63600,3.68000,3.56000,3.67000,3124
2015-12-18 00:00:00+00:00,3.67600,3.72600,3.66200,3.67600,2395
2015-12-21 00:00:00+00:00,3.67600,3.70200,3.63400,3.65800,2245
2015-12-22 00:00:00+00:00,3.65400,3.68000,3.59800,3.60000,1504
2015-12-23 00:00:00+00:00,3.60000,3.61400,3.58400,3.59200,1317
2015-12-24 00:00:00+00:00,3.59000,3.59600,3.57400,3.58400,868
2015-12-28 00:00:00+00:00,3.58000,3.59600,3.54800,3.55400,866
2015-12-29 00:00:00+00:00,3.55600,3.57200,3.51400,3.57200,1338
2015-12-30 00:00:00+00:00,3.57000,3.58200,3.52600,3.53000,1351
2015-12-31 00:00:00+00:00,3.53000,3.54600,3.52200,3.53200,800
2016-01-04 00:00:00+00:00,3.53800,3.54600,3.45600,3.47200,1585
2016-01-05 00:00:00+00:00,3.47800,3.50800,3.46800,3.48000,1075
2016-01-06 00:00:00+00:00,3.48600,3.49600,3.45200,3.48400,1621
2016-01-07 00:00:00+00:00,3.48400,3.49200,3.43800,3.48000,1990
2016-01-08 00:00:00+00:00,3.48200,3.52800,3.47800,3.52000,1448
2016-01-11 00:00:00+00:00,3.52400,3.52400,3.45000,3.46800,886
2016-01-12 00:00:00+00:00,3.47200,3.59000,3.45200,3.51000,2925
2016-01-13 00:00:00+00:00,3.51600,3.56000,3.51000,3.53600,1361
2016-01-14 00:00:00+00:00,3.53200,3.55600,3.51200,3.53600,1117
2016-01-15 00:00:00+00:00,3.53200,3.59000,3.51800,3.58600,1714
2016-01-19 00:00:00+00:00,3.60200,3.65200,3.60200,3.63400,1697
2016-01-20 00:00:00+00:00,3.63200,3.65000,3.61200,3.64800,1879
2016-01-21 00:00:00+00:00,3.64600,3.67800,3.61600,3.62600,1884
2016-01-22 00:00:00+00:00,3.62600,3.67400,3.62600,3.66200,1413
2016-01-25 00:00:00+00:00,3.66400,3.68600,3.64400,3.65800,1895
2016-01-26 00:00:00+00:00,3.65400,3.68200,3.63400,3.65200,1471
2016-01-27 00:00:00+00:00,3.65200,3.67200,3.64000,3.65600,2207
2016-01-28 00:00:00+00:00,3.65200,3.66600,3.61600,3.61800,1716
2016-01-29 00:00:00+00:00,3.61600,3.69000,3.61600,3.68400,1811
2016-02-01 00:00:00+00:00,3.67800,3.68400,3.64600,3.68000,1217
2016-02-02 00:00:00+00:00,3.68000,3.70400,3.66000,3.69400,1519
2016-02-03 00:00:00+00:00,3.69000,3.70000,3.67200,3.67800,1350
2016-02-04 00:00:00+00:00,3.68000,3.70400,3.65200,3.65800,2009
2016-02-05 00:00:00+00:00,3.66200,3.66400,3.62800,3.62800,1316
2016-02-08 00:00:00+00:00,3.63200,3.64200,3.59000,3.59800,1254
2016-02-09 00:00:00+00:00,3.59800,3.60000,3.56800,3.58800,1921
2016-02-10 00:00:00+00:00,3.58400,3.59200,3.57000,3.57600,1412
2016-02-11 00:00:00+00:00,3.57600,3.60800,3.56200,3.58400,1729
2016-02-12 00:00:00+00:00,3.58400,3.59600,3.56000,3.56600,1105
2016-02-16 00:00:00+00:00,3.57800,3.61400,3.57200,3.60800,1380
2016-02-17 00:00:00+00:00,3.60600,3.65000,3.60200,3.64800,1347
2016-02-18 00:00:00+00:00,3.64600,3.65800,3.63000,3.63200,1788
2016-02-19 00:00:00+00:00,3.62800,3.64800,3.62400,3.63400,1591
2016-02-22 00:00:00+00:00,3.64000,3.67400,3.64000,3.66400,1830
2016-02-23 00:00:00+00:00,3.65200,3.65400,3.60200,3.60200,1031
2016-02-24 00:00:00+00:00,3.60600,3.61600,3.57800,3.58200,1499
2016-02-25 00:00:00+00:00,3.58600,3.60500,3.54200,3.55000,1297
2016-02-26 00:00:00+00:00,3.54800,3.55800,3.52000,3.54400,1463
2016-02-29 00:00:00+00:00,3.54600,3.56000,3.51400,3.51600,978
2016-03-01 00:00:00+00:00,3.51400,3.53200,3.50400,3.50400,734
2016-03-02 00:00:00+00:00,3.50400,3.52000,3.49800,3.50600,879
2016-03-03 00:00:00+00:00,3.50600,3.52400,3.49400,3.51400,738
2016-03-04 00:00:00+00:00,3.51200,3.55400,3.50800,3.53400,1203
2016-03-07 00:00:00+00:00,3.55800,3.57000,3.53400,3.53800,861
2016-03-08 00:00:00+00:00,3.53800,3.57400,3.51200,3.55400,741
2016-03-09 00:00:00+00:00,3.54600,3.56400,3.52200,3.54200,1390
2016-03-10 00:00:00+00:00,3.54000,3.58600,3.53200,3.57600,1269
2016-03-11 00:00:00+00:00,3.57600,3.60400,3.57400,3.59600,937
2016-03-14 00:00:00+00:00,3.61600,3.64800,3.61000,3.63600,685
2016-03-15 00:00:00+00:00,3.63000,3.64600,3.61800,3.63600,719
2016-03-16 00:00:00+00:00,3.63400,3.64000,3.61600,3.63400,623
2016-03-17 00:00:00+00:00,3.64000,3.67400,3.62000,3.63600,1707
2016-03-18 00:00:00+00:00,3.63400,3.64800,3.61800,3.62800,859
2016-03-21 00:00:00+00:00,3.62200,3.65800,3.61800,3.65400,1031
2016-03-22 00:00:00+00:00,3.65000,3.67600,3.64800,3.65600,955
2016-03-23 00:00:00+00:00,3.65600,3.66000,3.62200,3.65000,759
2016-03-24 00:00:00+00:00,3.64800,3.66200,3.63200,3.66000,681
2016-03-28 00:00:00+00:00,3.65800,3.68400,3.64100,3.67400,1028
2016-03-29 00:00:00+00:00,3.66800,3.69400,3.65200,3.69200,600
2016-03-30 00:00:00+00:00,3.69000,3.70400,3.63600,3.63800,652
2016-03-31 00:00:00+00:00,3.63200,3.63800,3.44600,3.48200,5051
2016-04-01 00:00:00+00:00,3.48800,3.51200,3.44400,3.50800,1722
2016-04-04 00:00:00+00:00,3.51000,3.52000,3.48000,3.51600,820
2016-04-05 00:00:00+00:00,3.51800,3.54000,3.50800,3.54000,1076
2016-04-06 00:00:00+00:00,3.54000,3.56200,3.52400,3.55400,1467
2016-04-07 00:00:00+00:00,3.55200,3.59200,3.55000,3.58600,1348
2016-04-08 00:00:00+00:00,3.58600,3.60000,3.56200,3.59200,1457
2016-04-11 00:00:00+00:00,3.58800,3.59200,3.53800,3.54800,1530
2016-04-12 00:00:00+00:00,3.54600,3.63200,3.54600,3.60600,3118
2016-04-13 00:00:00+00:00,3.60800,3.72200,3.60800,3.71400,4165
2016-04-14 00:00:00+00:00,3.70600,3.72200,3.67400,3.71600,2940
2016-04-15 00:00:00+00:00,3.71400,3.78200,3.70000,3.75400,2629
2016-04-18 00:00:00+00:00,3.73200,3.81800,3.73200,3.79200,3596
2016-04-19 00:00:00+00:00,3.78200,3.84200,3.78200,3.83200,3156
2016-04-20 00:00:00+00:00,3.82900,3.94000,3.81800,3.93800,4091
2016-04-21 00:00:00+00:00,3.92000,4.00600,3.82600,3.83200,8085
2016-04-22 00:00:00+00:00,3.82400,3.83000,3.68600,3.69600,5592
2016-04-25 00:00:00+00:00,3.69200,3.83400,3.66400,3.77400,5299
2016-04-26 00:00:00+00:00,3.76600,3.81800,3.72800,3.81000,6229
2016-04-27 00:00:00+00:00,3.80800,3.81800,3.76000,3.78400,4380
2016-04-28 00:00:00+00:00,3.78200,3.89200,3.76600,3.85800,5104
2016-04-29 00:00:00+00:00,3.84600,3.89600,3.82600,3.87000,3891
2016-05-02 00:00:00+00:00,3.84800,3.86600,3.80000,3.86600,3402
2016-05-03 00:00:00+00:00,3.86000,3.89400,3.72000,3.73800,6805
2016-05-04 00:00:00+00:00,3.73600,3.76600,3.71000,3.71200,5404
2016-05-05 00:00:00+00:00,3.71600,3.74200,3.66400,3.68800,3843
2016-05-06 00:00:00+00:00,3.68800,3.73800,3.68600,3.72400,2410
2016-05-09 00:00:00+00:00,3.73800,3.76000,3.64000,3.64000,4181
2016-05-10 00:00:00+00:00,3.64200,3.81000,3.63600,3.74800,8244
2016-05-11 00:00:00+00:00,3.76000,3.78600,3.70800,3.73200,2888
2016-05-12 00:00:00+00:00,3.74000,3.84400,3.73200,3.84200,4922
2016-05-13 00:00:00+00:00,3.83800,3.86400,3.80800,3.86000,3932
2016-05-16 00:00:00+00:00,3.85400,3.89600,3.82000,3.89000,2720
2016-05-17 00:00:00+00:00,3.88100,3.93400,3.87200,3.93200,3092
2016-05-18 00:00:00+00:00,3.92400,3.96200,3.89800,3.93200,4414
2016-05-19 00:00:00+00:00,3.92600,3.93400,3.81400,3.85400,4776
2016-05-20 00:00:00+00:00,3.86000,3.92600,3.85000,3.90400,4997
2016-05-23 00:00:00+00:00,3.89800,3.95200,3.87200,3.94200,5348
2016-05-24 00:00:00+00:00,3.93600,3.99200,3.90800,3.92200,3544
2016-05-25 00:00:00+00:00,3.92800,4.01000,3.92000,4.01000,4353
2016-05-26 00:00:00+00:00,4.00000,4.05200,3.96400,4.04800,5191
2016-05-27 00:00:00+00:00,4.03800,4.09400,4.02700,4.09400,5615
2016-05-30 00:00:00+00:00,4.09200,4.09200,4.08600,4.08600,4
2016-05-31 00:00:00+00:00,4.08600,4.09400,4.00800,4.01400,5914
2016-06-01 00:00:00+00:00,4.00800,4.10400,3.98000,4.10400,5322
2016-06-02 00:00:00+00:00,4.10000,4.16000,4.09200,4.10800,7713
2016-06-03 00:00:00+00:00,4.10100,4.15600,4.07400,4.15600,6252
2016-06-06 00:00:00+00:00,4.16600,4.24200,4.16600,4.24000,6295
2016-06-07 00:00:00+00:00,4.23000,4.24800,4.19600,4.24600,5808
2016-06-08 00:00:00+00:00,4.24200,4.36000,4.23400,4.26200,9114
2016-06-09 00:00:00+00:00,4.26100,4.27000,4.20200,4.24800,6800
2016-06-10 00:00:00+00:00,4.22600,4.34000,4.17200,4.20800,11377
2016-06-13 00:00:00+00:00,4.26600,4.35200,4.25600,4.27000,7949
2016-06-14 00:00:00+00:00,4.26600,4.34400,4.21000,4.34200,8040
2016-06-15 00:00:00+00:00,4.32800,4.36400,4.26200,4.26600,5962
2016-06-16 00:00:00+00:00,4.24400,4.27600,4.18200,4.23000,7668
2016-06-17 00:00:00+00:00,4.22600,4.35800,4.21200,4.35500,5831
2016-06-20 00:00:00+00:00,4.29300,4.31000,4.19000,4.19000,5987
2016-06-21 00:00:00+00:00,4.18400,4.20200,3.94400,3.95200,8347
2016-06-22 00:00:00+00:00,3.94600,3.99200,3.90800,3.91000,5019
2016-06-23 00:00:00+00:00,3.90200,3.91000,3.82400,3.86000,4799
2016-06-24 00:00:00+00:00,3.86100,3.88400,3.72000,3.83600,6717
2016-06-27 00:00:00+00:00,3.82200,3.90600,3.82000,3.84600,3342
2016-06-28 00:00:00+00:00,3.82400,3.97200,3.81400,3.83800,4989
2016-06-29 00:00:00+00:00,3.84900,3.86000,3.72200,3.72600,4829
2016-06-30 00:00:00+00:00,3.74100,3.77000,3.55600,3.62800,10587
2016-07-01 00:00:00+00:00,3.62600,3.64000,3.54200,3.54600,5277
2016-07-05 00:00:00+00:00,3.50400,3.50800,3.36800,3.46200,4354
2016-07-06 00:00:00+00:00,3.46000,3.48000,3.35000,3.38600,5139
2016-07-07 00:00:00+00:00,3.39400,3.49600,3.36400,3.37400,7338
2016-07-08 00:00:00+00:00,3.38400,3.51300,3.38200,3.51200,5915
2016-07-11 00:00:00+00:00,3.54600,3.56300,3.40200,3.44800,6722
2016-07-12 00:00:00+00:00,3.45100,3.50800,3.38600,3.48200,8979
2016-07-13 00:00:00+00:00,3.49600,3.63600,3.48200,3.58600,7597
2016-07-14 00:00:00+00:00,3.58400,3.68800,3.52000,3.52200,8329
2016-07-15 00:00:00+00:00,3.52600,3.57100,3.39600,3.48200,11833
2016-07-18 00:00:00+00:00,3.49000,3.53800,3.44800,3.53400,7179
2016-07-19 00:00:00+00:00,3.52200,3.52800,3.38200,3.39600,4874
2016-07-20 00:00:00+00:00,3.40200,3.43200,3.31800,3.34700,6370
2016-07-21 00:00:00+00:00,3.34800,3.38600,3.29600,3.30200,5505
2016-07-22 00:00:00+00:00,3.31000,3.33400,3.23600,3.33200,5484
2016-07-25 00:00:00+00:00,3.31800,3.35000,3.27400,3.32400,6837
2016-07-26 00:00:00+00:00,3.29600,3.33400,3.28200,3.29300,3732
2016-07-27 00:00:00+00:00,3.29400,3.35000,3.28900,3.33000,4225
2016-07-28 00:00:00+00:00,3.32800,3.35800,3.26400,3.29400,4291
2016-07-29 00:00:00+00:00,3.29000,3.32200,3.26200,3.31200,4694
2016-08-01 00:00:00+00:00,3.29100,3.31200,3.23200,3.23600,5393
2016-08-02 00:00:00+00:00,3.22800,3.24800,3.17000,3.22000,4013
2016-08-03 00:00:00+00:00,3.21400,3.26200,3.20000,3.23200,3885
2016-08-04 00:00:00+00:00,3.22400,3.24400,3.18600,3.18800,4734
2016-08-05 00:00:00+00:00,3.18400,3.22600,3.17800,3.22200,5514
2016-08-08 00:00:00+00:00,3.23000,3.25800,3.20600,3.23600,4279
2016-08-09 00:00:00+00:00,3.23800,3.24600,3.20000,3.20600,3144
2016-08-10 00:00:00+00:00,3.20200,3.23600,3.19400,3.20800,3656
2016-08-11 00:00:00+00:00,3.20600,3.21800,3.18800,3.19000,2796
2016-08-12 00:00:00+00:00,3.18600,3.21000,3.10400,3.20800,6298
2016-08-15 00:00:00+00:00,3.19700,3.27200,3.19600,3.25600,5063
2016-08-16 00:00:00+00:00,3.25100,3.27200,3.22800,3.26000,4993
2016-08-17 00:00:00+00:00,3.25900,3.29000,3.25300,3.28600,2650
2016-08-18 00:00:00+00:00,3.28000,3.31400,3.25000,3.31400,3190
2016-08-19 00:00:00+00:00,3.30800,3.33200,3.28600,3.32800,3574
2016-08-22 00:00:00+00:00,3.32200,3.33200,3.29200,3.32400,2945
2016-08-23 00:00:00+00:00,3.31600,3.31600,3.25200,3.27400,2701
2016-08-24 00:00:00+00:00,3.26600,3.29200,3.24200,3.26600,1762
2016-08-25 00:00:00+00:00,3.25800,3.27600,3.21200,3.22200,2684
2016-08-26 00:00:00+00:00,3.22100,3.24000,3.15000,3.15600,2162
2016-08-29 00:00:00+00:00,3.16000,3.17600,3.11000,3.11800,1857
2016-08-30 00:00:00+00:00,3.11600,3.12600,3.06600,3.06800,1211
2016-08-31 00:00:00+00:00,3.07200,3.10400,3.06000,3.06400,1576
2016-09-01 00:00:00+00:00,3.06200,3.15800,3.06200,3.14400,2882
2016-09-02 00:00:00+00:00,3.14800,3.20400,3.14600,3.19600,1690
2016-09-06 00:00:00+00:00,3.18800,3.20600,3.14800,3.18400,1583
2016-09-07 00:00:00+00:00,3.18600,3.25000,3.17800,3.25000,926
2016-09-08 00:00:00+00:00,3.24800,3.29800,3.24000,3.29000,1182
2016-09-09 00:00:00+00:00,3.29000,3.33000,3.26000,3.31200,1430
2016-09-12 00:00:00+00:00,3.31800,3.34800,3.27300,3.31600,3278
2016-09-13 00:00:00+00:00,3.30600,3.32800,3.21400,3.22000,1532
2016-09-14 00:00:00+00:00,3.22000,3.23800,3.18600,3.23800,1298
2016-09-15 00:00:00+00:00,3.23600,3.26400,3.19600,3.21600,1083
2016-09-16 00:00:00+00:00,3.21400,3.30000,3.19600,3.28000,1461
2016-09-19 00:00:00+00:00,3.29400,3.32000,3.24600,3.29400,1719
2016-09-20 00:00:00+00:00,3.28400,3.34200,3.27400,3.32400,1220
2016-09-21 00:00:00+00:00,3.31400,3.33200,3.30200,3.32000,928
2016-09-22 00:00:00+00:00,3.31400,3.33800,3.27400,3.28800,1426
2016-09-23 00:00:00+00:00,3.28800,3.30800,3.26400,3.28200,1327
2016-09-26 00:00:00+00:00,3.26800,3.29200,3.21600,3.21800,1159
2016-09-27 00:00:00+00:00,3.22400,3.25400,3.20400,3.24600,1529
2016-09-28 00:00:00+00:00,3.24600,3.25400,3.22000,3.22200,947
2016-09-29 00:00:00+00:00,3.23000,3.26600,3.21400,3.22400,864
2016-09-30 00:00:00+00:00,3.22200,3.30800,3.18600,3.29600,2728
2016-10-03 00:00:00+00:00,3.29600,3.40800,3.28600,3.39000,2396
2016-10-04 00:00:00+00:00,3.38400,3.42200,3.37000,3.41400,1524
2016-10-05 00:00:00+00:00,3.40800,3.42600,3.38800,3.40800,1122
2016-10-06 00:00:00+00:00,3.40400,3.41200,3.32000,3.34600,1551
2016-10-07 00:00:00+00:00,3.34600,3.38200,3.33400,3.33600,1954
2016-10-10 00:00:00+00:00,3.33400,3.38400,3.33200,3.37200,1650
2016-10-11 00:00:00+00:00,3.36800,3.40800,3.35200,3.39400,1501
2016-10-12 00:00:00+00:00,3.38800,3.42400,3.31000,3.31600,2485
2016-10-13 00:00:00+00:00,3.32000,3.43800,3.31800,3.43600,1407
2016-10-14 00:00:00+00:00,3.43600,3.52800,3.43000,3.47800,3022
2016-10-17 00:00:00+00:00,3.47700,3.52000,3.44800,3.49000,1515
2016-10-18 00:00:00+00:00,3.48800,3.51800,3.46200,3.48200,2049
2016-10-19 00:00:00+00:00,3.48200,3.52400,3.45800,3.52400,1573
2016-10-20 00:00:00+00:00,3.52000,3.53800,3.44200,3.45400,1725
2016-10-21 00:00:00+00:00,3.46100,3.49000,3.45600,3.46800,1387
2016-10-24 00:00:00+00:00,3.46300,3.49400,3.41600,3.43800,1585
2016-10-25 00:00:00+00:00,3.43200,3.47400,3.42600,3.45000,1553
2016-10-26 00:00:00+00:00,3.44600,3.51000,3.44400,3.49600,1107
2016-10-27 00:00:00+00:00,3.49000,3.53800,3.47600,3.53200,1767
2016-10-28 00:00:00+00:00,3.52800,3.53600,3.49800,3.51200,1335
2016-10-31 00:00:00+00:00,3.50600,3.53600,3.48200,3.50200,1565
2016-11-01 00:00:00+00:00,3.50000,3.50400,3.43400,3.44800,1710
2016-11-02 00:00:00+00:00,3.44600,3.46400,3.40400,3.42800,1616
2016-11-03 00:00:00+00:00,3.42200,3.44800,3.41400,3.44000,1511
2016-11-04 00:00:00+00:00,3.43800,3.45800,3.41800,3.44200,1151
2016-11-07 00:00:00+00:00,3.44400,3.45800,3.41600,3.43400,1017
2016-11-08 00:00:00+00:00,3.42300,3.53000,3.41800,3.50200,2275
2016-11-09 00:00:00+00:00,3.49400,3.51600,3.37400,3.38200,4416
2016-11-10 00:00:00+00:00,3.38500,3.43400,3.37200,3.39400,2468
2016-11-11 00:00:00+00:00,3.40000,3.41800,3.36100,3.37600,3382
2016-11-14 00:00:00+00:00,3.37800,3.38400,3.33000,3.34400,2033
2016-11-15 00:00:00+00:00,3.34000,3.39400,3.33200,3.39200,1662
2016-11-16 00:00:00+00:00,3.39200,3.40800,3.35800,3.36400,1556
2016-11-17 00:00:00+00:00,3.36400,3.40800,3.36000,3.39500,1280
2016-11-18 00:00:00+00:00,3.39200,3.44200,3.38200,3.43200,1331
2016-11-21 00:00:00+00:00,3.43200,3.47800,3.42800,3.47800,1189
2016-11-22 00:00:00+00:00,3.47200,3.49600,3.44400,3.49000,2169
2016-11-23 00:00:00+00:00,3.48000,3.49000,3.44600,3.48400,1610
2016-11-24 00:00:00+00:00,3.48400,3.48400,3.48400,3.48400,2
2016-11-25 00:00:00+00:00,3.48000,3.48800,3.46800,3.47400,517
2016-11-28 00:00:00+00:00,3.47800,3.51600,3.45400,3.47800,2521
2016-11-29 00:00:00+00:00,3.46400,3.47000,3.38000,3.38000,1248
2016-11-30 00:00:00+00:00,3.38800,3.42600,3.37600,3.38200,1917
2016-12-01 00:00:00+00:00,3.39000,3.39400,3.32000,3.33000,1723
2016-12-02 00:00:00+00:00,3.34200,3.37600,3.33200,3.37400,971
2016-12-05 00:00:00+00:00,3.37400,3.49600,3.37400,3.48600,1975
2016-12-06 00:00:00+00:00,3.48200,3.53800,3.47600,3.49600,1867
2016-12-07 00:00:00+00:00,3.49200,3.50400,3.46400,3.48400,1161
2016-12-08 00:00:00+00:00,3.47600,3.50200,3.40800,3.44600,1622
2016-12-09 00:00:00+00:00,3.44700,3.50000,3.41800,3.49000,1914
2016-12-12 00:00:00+00:00,3.49400,3.51600,3.46800,3.51000,988
2016-12-13 00:00:00+00:00,3.50900,3.55200,3.50000,3.51800,720
2016-12-14 00:00:00+00:00,3.51400,3.52600,3.49200,3.52600,682
2016-12-15 00:00:00+00:00,3.51200,3.53800,3.47400,3.47600,1451
2016-12-16 00:00:00+00:00,3.46800,3.50000,3.44800,3.48200,838
2016-12-19 00:00:00+00:00,3.47200,3.48000,3.43200,3.44800,701
2016-12-20 00:00:00+00:00,3.45200,3.45200,3.41000,3.41600,710
2016-12-21 00:00:00+00:00,3.41800,3.42800,3.38800,3.39400,663
2016-12-22 00:00:00+00:00,3.39600,3.39800,3.37800,3.39400,322
2016-12-23 00:00:00+00:00,3.39400,3.39800,3.37800,3.39000,296
2016-12-27 00:00:00+00:00,3.39200,3.48200,3.39200,3.47000,771
2016-12-28 00:00:00+00:00,3.46200,3.47000,3.40000,3.41200,393
2016-12-29 00:00:00+00:00,3.40600,3.43400,3.40000,3.42800,601
2016-12-30 00:00:00+00:00,3.42200,3.45400,3.40600,3.43800,612
2017-01-03 00:00:00+00:00,3.45000,3.51200,3.44800,3.48800,655
2017-01-04 00:00:00+00:00,3.47800,3.52800,3.47800,3.52600,930
2017-01-05 00:00:00+00:00,3.52600,3.55600,3.51800,3.54200,1302
2017-01-06 00:00:00+00:00,3.53800,3.55400,3.49800,3.51800,1053
2017-01-09 00:00:00+00:00,3.52400,3.54200,3.49000,3.52800,797
2017-01-10 00:00:00+00:00,3.52600,3.52800,3.51000,3.51600,966
2017-01-11 00:00:00+00:00,3.50800,3.51800,3.46000,3.50800,1224
2017-01-12 00:00:00+00:00,3.50200,3.53600,3.47000,3.52000,3305
2017-01-13 00:00:00+00:00,3.51200,3.53200,3.49400,3.52400,1152
2017-01-17 00:00:00+00:00,3.53400,3.60600,3.52800,3.59600,1554
2017-01-18 00:00:00+00:00,3.58400,3.62000,3.57200,3.58800,1448
2017-01-19 00:00:00+00:00,3.58000,3.61800,3.57000,3.60800,1200
2017-01-20 00:00:00+00:00,3.60400,3.64400,3.59600,3.64400,1675
2017-01-23 00:00:00+00:00,3.64000,3.64600,3.62400,3.64200,940
2017-01-24 00:00:00+00:00,3.64000,3.65800,3.57400,3.58200,1016
2017-01-25 00:00:00+00:00,3.58200,3.61600,3.56200,3.61200,1230
2017-01-26 00:00:00+00:00,3.61000,3.61800,3.57400,3.59000,930
2017-01-27 00:00:00+00:00,3.58200,3.59400,3.56000,3.58400,946
2017-01-30 00:00:00+00:00,3.56600,3.57200,3.51600,3.53800,1621
2017-01-31 00:00:00+00:00,3.54600,3.56800,3.53600,3.55400,861
2017-02-01 00:00:00+00:00,3.55600,3.64200,3.53800,3.63400,2749
2017-02-02 00:00:00+00:00,3.63000,3.65400,3.62200,3.62400,2287
2017-02-03 00:00:00+00:00,3.62000,3.63600,3.60200,3.60600,1867
2017-02-06 00:00:00+00:00,3.60200,3.64800,3.59000,3.60200,1439
2017-02-07 00:00:00+00:00,3.60200,3.65200,3.59000,3.65000,1121
2017-02-08 00:00:00+00:00,3.64600,3.67400,3.63000,3.66400,1025
2017-02-09 00:00:00+00:00,3.65600,3.69200,3.64200,3.65400,2509
2017-02-10 00:00:00+00:00,3.65200,3.72000,3.65200,3.70800,1161
2017-02-13 00:00:00+00:00,3.70200,3.73600,3.68800,3.72300,1999
2017-02-14 00:00:00+00:00,3.71800,3.72200,3.70100,3.71200,1020
2017-02-15 00:00:00+00:00,3.71000,3.76000,3.69000,3.75500,1248
2017-02-16 00:00:00+00:00,3.75000,3.77100,3.70400,3.70700,2286
2017-02-17 00:00:00+00:00,3.70400,3.70400,3.65500,3.65800,1579
2017-02-21 00:00:00+00:00,3.66100,3.68400,3.64500,3.67500,1396
2017-02-22 00:00:00+00:00,3.67200,3.70500,3.67200,3.68800,1406
2017-02-23 00:00:00+00:00,3.68600,3.69900,3.63400,3.63900,1135
2017-02-24 00:00:00+00:00,3.63800,3.65100,3.61000,3.63200,1093
2017-02-27 00:00:00+00:00,3.62900,3.64400,3.59300,3.61000,886
2017-02-28 00:00:00+00:00,3.60800,3.77800,3.60600,3.65300,3824
2017-03-01 00:00:00+00:00,3.65100,3.74000,3.64400,3.73700,2252
2017-03-02 00:00:00+00:00,3.73300,3.74000,3.68700,3.70900,2044
2017-03-03 00:00:00+00:00,3.70200,3.73700,3.69800,3.73000,1454
2017-03-06 00:00:00+00:00,3.73000,3.75300,3.68900,3.70900,1765
2017-03-07 00:00:00+00:00,3.71100,3.72100,3.66100,3.68500,1406
2017-03-08 00:00:00+00:00,3.68500,3.69300,3.64700,3.65200,1096
2017-03-09 00:00:00+00:00,3.65700,3.66800,3.59200,3.60700,2105
2017-03-10 00:00:00+00:00,3.60200,3.60700,3.55900,3.57900,1092
2017-03-13 00:00:00+00:00,3.57800,3.58600,3.54200,3.54500,1355
2017-03-14 00:00:00+00:00,3.54700,3.58000,3.53800,3.55800,1297
2017-03-15 00:00:00+00:00,3.56100,3.58300,3.55600,3.57600,874
2017-03-16 00:00:00+00:00,3.57700,3.60700,3.57700,3.59900,713
2017-03-17 00:00:00+00:00,3.59900,3.61500,3.58600,3.61500,798
2017-03-20 00:00:00+00:00,3.63500,3.64700,3.57400,3.57900,1237
2017-03-21 00:00:00+00:00,3.57700,3.58500,3.53800,3.55800,1666
2017-03-22 00:00:00+00:00,3.55800,3.56100,3.53000,3.53000,1446
2017-03-23 00:00:00+00:00,3.53000,3.54500,3.51100,3.51100,955
2017-03-24 00:00:00+00:00,3.51600,3.52900,3.50200,3.51000,1117
2017-03-27 00:00:00+00:00,3.51900,3.53200,3.49500,3.51000,975
2017-03-28 00:00:00+00:00,3.51300,3.53800,3.51100,3.52600,652
2017-03-29 00:00:00+00:00,3.52600,3.55900,3.52000,3.53700,1037
2017-03-30 00:00:00+00:00,3.53700,3.54000,3.52300,3.53300,687
2017-03-31 00:00:00+00:00,3.53300,3.62100,3.50700,3.60100,3359
2017-04-03 00:00:00+00:00,3.61600,3.67300,3.61600,3.63400,926
2017-04-04 00:00:00+00:00,3.62700,3.65500,3.58800,3.59000,1133
2017-04-05 00:00:00+00:00,3.58800,3.61600,3.57700,3.60600,849
2017-04-06 00:00:00+00:00,3.60200,3.61400,3.56300,3.56800,805
2017-04-07 00:00:00+00:00,3.56800,3.57800,3.53700,3.55900,1207
2017-04-10 00:00:00+00:00,3.56100,3.63400,3.55700,3.63200,1022
2017-04-11 00:00:00+00:00,3.62700,3.65500,3.59100,3.63000,1866
2017-04-12 00:00:00+00:00,3.63400,3.68100,3.62800,3.65900,1280
2017-04-13 00:00:00+00:00,3.65400,3.69700,3.65400,3.68000,1362
2017-04-17 00:00:00+00:00,3.68200,3.69100,3.62900,3.63700,1048
2017-04-18 00:00:00+00:00,3.64000,3.65200,3.58300,3.58800,906
2017-04-19 00:00:00+00:00,3.58800,3.62600,3.58100,3.59400,1106
2017-04-20 00:00:00+00:00,3.59200,3.61500,3.55100,3.55300,1409
2017-04-21 00:00:00+00:00,3.55100,3.56400,3.52200,3.54700,1480
2017-04-24 00:00:00+00:00,3.56200,3.58400,3.54200,3.57400,1170
2017-04-25 00:00:00+00:00,3.57500,3.66400,3.54300,3.63700,2030
2017-04-26 00:00:00+00:00,3.63700,3.66500,3.58100,3.58400,2003
2017-04-27 00:00:00+00:00,3.58700,3.63100,3.58000,3.60500,1892
2017-04-28 00:00:00+00:00,3.59700,3.61000,3.55900,3.58300,1219
2017-05-01 00:00:00+00:00,3.64000,3.71100,3.62000,3.68700,2698
2017-05-02 00:00:00+00:00,3.69200,3.70500,3.62900,3.64400,2358
2017-05-03 00:00:00+00:00,3.64400,3.68200,3.62700,3.66900,2011
2017-05-04 00:00:00+00:00,3.66900,3.68400,3.58900,3.59900,1940
2017-05-05 00:00:00+00:00,3.60400,3.66600,3.59700,3.64000,1169
2017-05-08 00:00:00+00:00,3.62700,3.64200,3.58400,3.59400,1197
2017-05-09 00:00:00+00:00,3.59400,3.62500,3.59100,3.59900,1394
2017-05-10 00:00:00+00:00,3.59900,3.67200,3.59500,3.66400,3403
2017-05-11 00:00:00+00:00,3.66500,3.67000,3.62400,3.63000,1218
2017-05-12 00:00:00+00:00,3.62600,3.64900,3.61700,3.64400,700
2017-05-15 00:00:00+00:00,3.64100,3.65500,3.61300,3.61500,1016
2017-05-16 00:00:00+00:00,3.61100,3.62600,3.59200,3.61400,828
2017-05-17 00:00:00+00:00,3.60900,3.66200,3.60400,3.65400,873
2017-05-18 00:00:00+00:00,3.65100,3.65200,3.58600,3.60100,1852
2017-05-19 00:00:00+00:00,3.60900,3.67100,3.60400,3.66600,851
2017-05-22 00:00:00+00:00,3.67100,3.71800,3.66400,3.69900,968
2017-05-23 00:00:00+00:00,3.69200,3.70200,3.63800,3.64800,1398
2017-05-24 00:00:00+00:00,3.65100,3.66400,3.63600,3.65400,1042
2017-05-25 00:00:00+00:00,3.65900,3.67700,3.63800,3.64800,1000
2017-05-26 00:00:00+00:00,3.64300,3.69500,3.63800,3.68800,718
2017-05-30 00:00:00+00:00,3.68400,3.68900,3.61800,3.62600,669
2017-05-31 00:00:00+00:00,3.65800,3.71800,3.64600,3.67400,783
2017-06-01 00:00:00+00:00,3.67100,3.69200,3.63300,3.66200,869
2017-06-02 00:00:00+00:00,3.66000,3.70300,3.65000,3.68100,960
2017-06-05 00:00:00+00:00,3.70000,3.71600,3.68100,3.69100,1131
2017-06-06 00:00:00+00:00,3.67900,3.75600,3.67400,3.74700,1207
2017-06-07 00:00:00+00:00,3.74700,3.82900,3.74400,3.81200,1635
2017-06-08 00:00:00+00:00,3.81200,3.87700,3.80600,3.80800,2168
2017-06-09 00:00:00+00:00,3.79800,3.85900,3.77200,3.84100,2536
2017-06-12 00:00:00+00:00,3.82400,3.83700,3.73100,3.73800,1683
2017-06-13 00:00:00+00:00,3.75800,3.80300,3.74400,3.78100,1490
2017-06-14 00:00:00+00:00,3.78200,3.81700,3.73500,3.73800,2158
2017-06-15 00:00:00+00:00,3.73500,3.78800,3.67200,3.74900,2404
2017-06-16 00:00:00+00:00,3.74600,3.81400,3.74600,3.81200,2168
2017-06-19 00:00:00+00:00,3.75200,3.79000,3.72600,3.73100,2783
2017-06-20 00:00:00+00:00,3.73600,3.74900,3.66700,3.67200,1839
2017-06-21 00:00:00+00:00,3.67200,3.71000,3.66100,3.67100,2672
2017-06-22 00:00:00+00:00,3.66700,3.67200,3.60900,3.60900,3205
2017-06-23 00:00:00+00:00,3.60900,3.62900,3.55200,3.57400,2533
2017-06-26 00:00:00+00:00,3.56900,3.60200,3.56300,3.58500,2788
2017-06-27 00:00:00+00:00,3.59900,3.63200,3.58600,3.58800,3775
2017-06-28 00:00:00+00:00,3.59300,3.59900,3.57200,3.57700,4389
2017-06-29 00:00:00+00:00,3.57500,3.62900,3.57000,3.60500,4123
2017-06-30 00:00:00+00:00,3.61500,3.73800,3.60800,3.71100,7750
2017-07-03 00:00:00+00:00,3.75300,3.86900,3.74600,3.76600,5171
2017-07-05 00:00:00+00:00,3.82600,3.84200,3.76800,3.83400,5886
2017-07-06 00:00:00+00:00,3.81300,3.83100,3.73700,3.82300,6189
2017-07-07 00:00:00+00:00,3.80700,3.88300,3.79700,3.83400,3909
2017-07-10 00:00:00+00:00,3.88700,3.94100,3.88600,3.93800,4166
2017-07-11 00:00:00+00:00,3.95100,3.96300,3.86600,3.93500,5802
2017-07-12 00:00:00+00:00,3.92200,3.92800,3.76700,3.77700,7508
2017-07-13 00:00:00+00:00,3.77000,3.77200,3.61400,3.63100,5204
2017-07-14 00:00:00+00:00,3.62900,3.71000,3.62900,3.69200,3761
2017-07-17 00:00:00+00:00,3.68100,3.71600,3.63500,3.68700,3861
2017-07-18 00:00:00+00:00,3.73600,3.81600,3.68600,3.70300,7183
2017-07-19 00:00:00+00:00,3.69800,3.81900,3.67400,3.76100,5029
2017-07-20 00:00:00+00:00,3.77000,3.86200,3.73900,3.83800,5051
2017-07-21 00:00:00+00:00,3.84000,3.84100,3.72100,3.73400,4304
2017-07-24 00:00:00+00:00,3.68700,3.71300,3.65000,3.70500,3848
2017-07-25 00:00:00+00:00,3.75700,3.77700,3.62800,3.63500,4297
2017-07-26 00:00:00+00:00,3.62800,3.67300,3.60400,3.67100,3216
2017-07-27 00:00:00+00:00,3.68100,3.71300,3.67300,3.67900,2055
2017-07-28 00:00:00+00:00,3.67700,3.71200,3.67200,3.69300,2051
2017-07-31 00:00:00+00:00,3.64800,3.66900,3.62400,3.66700,2385
2017-08-01 00:00:00+00:00,3.63700,3.66200,3.57100,3.58100,3911
2017-08-02 00:00:00+00:00,3.59600,3.62200,3.58900,3.59700,2718
2017-08-03 00:00:00+00:00,3.60000,3.62300,3.56400,3.58900,2759
2017-08-04 00:00:00+00:00,3.59100,3.63200,3.58400,3.62900,3014
2017-08-07 00:00:00+00:00,3.64200,3.68000,3.64200,3.67400,2300
2017-08-08 00:00:00+00:00,3.68500,3.70000,3.64100,3.65100,1938
2017-08-09 00:00:00+00:00,3.64900,3.68200,3.64600,3.67600,2381
2017-08-10 00:00:00+00:00,3.67600,3.71300,3.52700,3.55200,4701
2017-08-11 00:00:00+00:00,3.55000,3.57300,3.53300,3.57300,3129
2017-08-14 00:00:00+00:00,3.54800,3.59400,3.52600,3.58900,2390
2017-08-15 00:00:00+00:00,3.56700,3.57400,3.50800,3.52100,1903
2017-08-16 00:00:00+00:00,3.51600,3.53600,3.46200,3.49700,3175
2017-08-17 00:00:00+00:00,3.50000,3.50700,3.46600,3.47100,2655
2017-08-18 00:00:00+00:00,3.47400,3.49400,3.46900,3.48600,1838
2017-08-21 00:00:00+00:00,3.47500,3.47900,3.44000,3.45500,1760
2017-08-22 00:00:00+00:00,3.46100,3.48300,3.43700,3.44000,1354
2017-08-23 00:00:00+00:00,3.44000,3.46200,3.39300,3.40000,1664
2017-08-24 00:00:00+00:00,3.40000,3.40400,3.38500,3.40000,1151
2017-08-25 00:00:00+00:00,3.40700,3.40700,3.36800,3.37500,1391
2017-08-28 00:00:00+00:00,3.37800,3.39300,3.35300,3.35300,779
2017-08-29 00:00:00+00:00,3.35300,3.35600,3.32000,3.33300,994
2017-08-30 00:00:00+00:00,3.33100,3.34100,3.30300,3.30300,621
2017-08-31 00:00:00+00:00,3.30300,3.43100,3.29700,3.42400,1551
2017-09-01 00:00:00+00:00,3.41700,3.45400,3.38400,3.39900,1347
2017-09-05 00:00:00+00:00,3.41300,3.45700,3.41100,3.43100,1605
2017-09-06 00:00:00+00:00,3.42700,3.47300,3.41800,3.46100,1299
2017-09-07 00:00:00+00:00,3.45400,3.45800,3.40800,3.41200,967
2017-09-08 00:00:00+00:00,3.41000,3.44500,3.41000,3.42700,778
2017-09-11 00:00:00+00:00,3.42900,3.45400,3.41300,3.44000,836
2017-09-12 00:00:00+00:00,3.43300,3.43500,3.32600,3.38100,2930
2017-09-13 00:00:00+00:00,3.37900,3.43300,3.37200,3.39200,1215
2017-09-14 00:00:00+00:00,3.39700,3.42900,3.39500,3.41300,1241
2017-09-15 00:00:00+00:00,3.40300,3.42400,3.39700,3.41200,618
2017-09-18 00:00:00+00:00,3.41200,3.42700,3.38000,3.39200,493
2017-09-19 00:00:00+00:00,3.38700,3.40800,3.34500,3.36100,1013
2017-09-20 00:00:00+00:00,3.35500,3.39200,3.35300,3.38500,788
2017-09-21 00:00:00+00:00,3.37300,3.39100,3.36700,3.38200,726
2017-09-22 00:00:00+00:00,3.38000,3.44100,3.37700,3.41700,904
2017-09-25 00:00:00+00:00,3.41000,3.43300,3.39900,3.42100,788
2017-09-26 00:00:00+00:00,3.41400,3.44200,3.40300,3.40600,905
2017-09-27 00:00:00+00:00,3.40600,3.43100,3.37300,3.42400,918
2017-09-28 00:00:00+00:00,3.42200,3.42400,3.39600,3.41600,653
2017-09-29 00:00:00+00:00,3.40900,3.46800,3.39800,3.45300,2229
2017-10-02 00:00:00+00:00,3.44200,3.45400,3.40700,3.41200,1474
2017-10-03 00:00:00+00:00,3.40900,3.40900,3.38600,3.39100,1798
2017-10-04 00:00:00+00:00,3.38900,3.39500,3.36100,3.37800,884
2017-10-05 00:00:00+00:00,3.38800,3.41100,3.37400,3.39200,1235
2017-10-06 00:00:00+00:00,3.39400,3.41000,3.38800,3.40000,858
2017-10-09 00:00:00+00:00,3.41300,3.42100,3.38700,3.40000,656
2017-10-10 00:00:00+00:00,3.39500,3.41800,3.39100,3.39900,1079
2017-10-11 00:00:00+00:00,3.39700,3.39700,3.36800,3.36800,1598
2017-10-12 00:00:00+00:00,3.36800,3.44800,3.33800,3.40200,5058
2017-10-13 00:00:00+00:00,3.39700,3.44400,3.39700,3.44000,3215
2017-10-16 00:00:00+00:00,3.44000,3.44500,3.41500,3.42400,1970
2017-10-17 00:00:00+00:00,3.41500,3.43300,3.40300,3.42100,1183
2017-10-18 00:00:00+00:00,3.41900,3.42400,3.39800,3.40500,854
2017-10-19 00:00:00+00:00,3.41000,3.43300,3.40700,3.40900,748
2017-10-20 00:00:00+00:00,3.40700,3.42000,3.36900,3.36900,1080
2017-10-23 00:00:00+00:00,3.37200,3.44200,3.35800,3.43700,2264
2017-10-24 00:00:00+00:00,3.43500,3.45500,3.42300,3.45300,1860
2017-10-25 00:00:00+00:00,3.45100,3.47900,3.43500,3.44000,982
2017-10-26 00:00:00+00:00,3.43700,3.45000,3.42600,3.43400,1014
2017-10-27 00:00:00+00:00,3.43200,3.43200,3.40800,3.41600,1011
2017-10-30 00:00:00+00:00,3.42100,3.43100,3.41000,3.42200,729
2017-10-31 00:00:00+00:00,3.41800,3.42300,3.39400,3.39400,1016
2017-11-01 00:00:00+00:00,3.39400,3.43000,3.39200,3.42300,1253
2017-11-02 00:00:00+00:00,3.41600,3.45800,3.41300,3.44600,444
2017-11-03 00:00:00+00:00,3.44200,3.45000,3.41800,3.42500,622
2017-11-06 00:00:00+00:00,3.43400,3.44700,3.42500,3.42700,643
2017-11-07 00:00:00+00:00,3.42300,3.42900,3.41100,3.42400,1088
2017-11-08 00:00:00+00:00,3.42200,3.43700,3.40800,3.42500,762
2017-11-09 00:00:00+00:00,3.42100,3.44900,3.36000,3.37200,2246
2017-11-10 00:00:00+00:00,3.37000,3.39100,3.36300,3.38900,758
2017-11-13 00:00:00+00:00,3.39200,3.39400,3.37300,3.37800,822
2017-11-14 00:00:00+00:00,3.37800,3.37900,3.33200,3.33300,1139
2017-11-15 00:00:00+00:00,3.33300,3.34900,3.33000,3.34600,1087
2017-11-16 00:00:00+00:00,3.34200,3.35000,3.32300,3.32800,799
2017-11-17 00:00:00+00:00,3.32800,3.39600,3.32800,3.39600,988
2017-11-20 00:00:00+00:00,3.39200,3.41800,3.38300,3.41500,820
2017-11-21 00:00:00+00:00,3.40800,3.42400,3.39700,3.41700,699
2017-11-22 00:00:00+00:00,3.41000,3.43800,3.40700,3.41600,1032
2017-11-24 00:00:00+00:00,3.41600,3.42800,3.37100,3.39100,518
2017-11-27 00:00:00+00:00,3.39900,3.40200,3.36300,3.36800,761
2017-11-28 00:00:00+00:00,3.36800,3.37300,3.34600,3.34800,702
2017-11-29 00:00:00+00:00,3.34600,3.39300,3.34600,3.39000,897
2017-11-30 00:00:00+00:00,3.38600,3.42000,3.37400,3.41000,635
2017-12-01 00:00:00+00:00,3.40100,3.44600,3.40100,3.44100,1517
2017-12-04 00:00:00+00:00,3.44600,3.45900,3.38500,3.38800,1722
2017-12-05 00:00:00+00:00,3.39300,3.42700,3.38600,3.39600,1561
2017-12-06 00:00:00+00:00,3.39200,3.41900,3.37300,3.38800,1412
2017-12-07 00:00:00+00:00,3.38600,3.39600,3.37000,3.38000,1153
2017-12-08 00:00:00+00:00,3.37800,3.40200,3.37500,3.39100,894
2017-12-11 00:00:00+00:00,3.38900,3.38900,3.35400,3.36400,728
2017-12-12 00:00:00+00:00,3.36200,3.39900,3.34800,3.35300,1055
2017-12-13 00:00:00+00:00,3.35300,3.37100,3.35100,3.36200,309
2017-12-14 00:00:00+00:00,3.36200,3.38000,3.35500,3.36000,658
2017-12-15 00:00:00+00:00,3.36000,3.38100,3.34200,3.34700,950
2017-12-18 00:00:00+00:00,3.35300,3.36600,3.34600,3.35200,684
2017-12-19 00:00:00+00:00,3.34900,3.36700,3.34700,3.35800,614
2017-12-20 00:00:00+00:00,3.35800,3.37800,3.35600,3.37400,655
2017-12-21 00:00:00+00:00,3.37400,3.39900,3.37000,3.39200,827
2017-12-22 00:00:00+00:00,3.39000,3.40800,3.39000,3.40500,505
2017-12-26 00:00:00+00:00,3.41100,3.42100,3.40100,3.41300,943
2017-12-27 00:00:00+00:00,3.40900,3.43200,3.40900,3.42700,749
2017-12-28 00:00:00+00:00,3.41300,3.42500,3.39400,3.40400,765
2017-12-29 00:00:00+00:00,3.40200,3.40800,3.39700,3.40300,1196
2018-01-02 00:00:00+00:00,3.41100,3.43800,3.40600,3.43100,2729
2018-01-03 00:00:00+00:00,3.42800,3.44600,3.42400,3.43000,1650
2018-01-04 00:00:00+00:00,3.43000,3.43800,3.40600,3.41400,1524
2018-01-05 00:00:00+00:00,3.40900,3.42500,3.40800,3.41800,2055
2018-01-08 00:00:00+00:00,3.41400,3.42200,3.37800,3.38300,2207
2018-01-09 00:00:00+00:00,3.38300,3.40900,3.38300,3.39900,1528
2018-01-10 00:00:00+00:00,3.39700,3.41000,3.39300,3.40300,1582
2018-01-11 00:00:00+00:00,3.40100,3.41600,3.39400,3.40200,1566
2018-01-12 00:00:00+00:00,3.40000,3.41000,3.37100,3.38400,1636
2018-01-16 00:00:00+00:00,3.39300,3.41000,3.38200,3.40400,1333
2018-01-17 00:00:00+00:00,3.40400,3.45200,3.40400,3.44900,867
2018-01-18 00:00:00+00:00,3.44500,3.46000,3.42900,3.43800,734
2018-01-19 00:00:00+00:00,3.43600,3.46200,3.43600,3.45000,1278
2018-01-22 00:00:00+00:00,3.46500,3.47100,3.44100,3.44900,876
2018-01-23 00:00:00+00:00,3.44400,3.44800,3.42600,3.44300,473
2018-01-24 00:00:00+00:00,3.44100,3.49800,3.42900,3.49400,762
2018-01-25 00:00:00+00:00,3.48900,3.50900,3.47800,3.48800,560
2018-01-26 00:00:00+00:00,3.48300,3.50100,3.47900,3.49600,559
2018-01-29 00:00:00+00:00,3.50700,3.52800,3.50500,3.52200,939
2018-01-30 00:00:00+00:00,3.53100,3.55800,3.52800,3.55100,1669
2018-01-31 00:00:00+00:00,3.55100,3.55700,3.53500,3.55300,1272
2018-02-01 00:00:00+00:00,3.54800,3.55900,3.52700,3.55600,787
2018-02-02 00:00:00+00:00,3.55200,3.56500,3.53800,3.55300,1203
2018-02-05 00:00:00+00:00,3.53700,3.55300,3.52000,3.53800,905
2018-02-06 00:00:00+00:00,3.53300,3.58600,3.51100,3.58400,1424
2018-02-07 00:00:00+00:00,3.58400,3.60500,3.57500,3.59700,1132
2018-02-08 00:00:00+00:00,3.59700,3.62600,3.59500,3.60100,1852
2018-02-09 00:00:00+00:00,3.59700,3.60500,3.56800,3.57300,1281
2018-02-12 00:00:00+00:00,3.60600,3.62500,3.60100,3.62200,2006
2018-02-13 00:00:00+00:00,3.62000,3.64100,3.61800,3.62500,1996
2018-02-14 00:00:00+00:00,3.62200,3.64200,3.60700,3.62800,1687
2018-02-15 00:00:00+00:00,3.62800,3.64600,3.61600,3.64100,1145
2018-02-16 00:00:00+00:00,3.63900,3.64500,3.62800,3.63800,1050
2018-02-20 00:00:00+00:00,3.65300,3.66600,3.62200,3.62400,1311
2018-02-21 00:00:00+00:00,3.62400,3.65000,3.61000,3.62900,1473
2018-02-22 00:00:00+00:00,3.62600,3.64000,3.61500,3.63700,1308
2018-02-23 00:00:00+00:00,3.63500,3.65000,3.62600,3.63700,1048
2018-02-26 00:00:00+00:00,3.64700,3.67900,3.64700,3.66700,793
2018-02-27 00:00:00+00:00,3.66300,3.68800,3.65800,3.68700,1154
2018-02-28 00:00:00+00:00,3.68300,3.74000,3.67800,3.70900,3554
2018-03-01 00:00:00+00:00,3.70900,3.75900,3.69300,3.75600,3605
2018-03-02 00:00:00+00:00,3.75100,3.77400,3.73300,3.74800,2800
2018-03-05 00:00:00+00:00,3.75100,3.77400,3.74100,3.76900,1749
2018-03-06 00:00:00+00:00,3.76200,3.78500,3.75700,3.78000,895
2018-03-07 00:00:00+00:00,3.77600,3.79100,3.76900,3.77200,1887
2018-03-08 00:00:00+00:00,3.76500,3.83900,3.76300,3.83400,3009
2018-03-09 00:00:00+00:00,3.82700,3.83500,3.80400,3.81200,2287
2018-03-12 00:00:00+00:00,3.80000,3.82100,3.78000,3.81100,2307
2018-03-13 00:00:00+00:00,3.80900,3.86100,3.80900,3.82700,1067
2018-03-14 00:00:00+00:00,3.81800,3.84300,3.79400,3.79700,1183
2018-03-15 00:00:00+00:00,3.79200,3.82000,3.77100,3.78300,868
2018-03-16 00:00:00+00:00,3.77600,3.78900,3.74300,3.74400,1076
2018-03-19 00:00:00+00:00,3.73200,3.73900,3.67100,3.67700,1179
2018-03-20 00:00:00+00:00,3.67900,3.69200,3.65800,3.67000,956
2018-03-21 00:00:00+00:00,3.67600,3.68200,3.66400,3.67700,1091
2018-03-22 00:00:00+00:00,3.68000,3.70000,3.66800,3.68600,848
2018-03-23 00:00:00+00:00,3.69100,3.70900,3.62300,3.69900,2341
2018-03-26 00:00:00+00:00,3.71400,3.73900,3.66900,3.67900,1610
2018-03-27 00:00:00+00:00,3.67200,3.69200,3.65800,3.67300,1112
2018-03-28 00:00:00+00:00,3.67800,3.68300,3.65700,3.66900,1132
2018-03-29 00:00:00+00:00,3.67400,3.82500,3.67400,3.80800,6473
2018-04-02 00:00:00+00:00,3.83000,3.86200,3.81100,3.81500,2674
2018-04-03 00:00:00+00:00,3.80900,3.86000,3.80700,3.82400,1453
2018-04-04 00:00:00+00:00,3.82100,3.83100,3.66600,3.75400,10473
2018-04-05 00:00:00+00:00,3.76000,3.83800,3.75300,3.83500,2329
2018-04-06 00:00:00+00:00,3.78400,3.84400,3.76700,3.83300,3918
2018-04-09 00:00:00+00:00,3.85200,3.87300,3.83800,3.86000,3518
2018-04-10 00:00:00+00:00,3.85100,3.87200,3.83800,3.84900,4403
2018-04-11 00:00:00+00:00,3.84500,3.85600,3.81200,3.82200,2545
2018-04-12 00:00:00+00:00,3.82000,3.84800,3.80600,3.84100,2246
2018-04-13 00:00:00+00:00,3.83800,3.84700,3.80700,3.81200,1794
2018-04-16 00:00:00+00:00,3.80600,3.82100,3.78200,3.78600,1342
2018-04-17 00:00:00+00:00,3.79000,3.80500,3.76100,3.76600,1806
2018-04-18 00:00:00+00:00,3.76900,3.79700,3.76400,3.79000,966
2018-04-19 00:00:00+00:00,3.79300,3.79800,3.77400,3.78100,1403
2018-04-20 00:00:00+00:00,3.77900,3.78200,3.73100,3.73800,1389
2018-04-23 00:00:00+00:00,3.73600,3.76100,3.73400,3.75700,2999
2018-04-24 00:00:00+00:00,3.75800,3.78600,3.74300,3.78100,1980
2018-04-25 00:00:00+00:00,3.78100,3.84600,3.77900,3.83400,2133
2018-04-26 00:00:00+00:00,3.83700,3.84800,3.81800,3.83600,1840
2018-04-27 00:00:00+00:00,3.83400,3.87400,3.82900,3.87000,2509
2018-04-30 00:00:00+00:00,3.87900,3.92600,3.87900,3.89800,2794
2018-05-01 00:00:00+00:00,3.89800,3.95000,3.88800,3.93600,2141
2018-05-02 00:00:00+00:00,3.93800,3.95100,3.92900,3.94200,2652
2018-05-03 00:00:00+00:00,3.93700,3.97200,3.92500,3.97000,1827
2018-05-04 00:00:00+00:00,3.96600,3.97300,3.94900,3.95200,2262
2018-05-07 00:00:00+00:00,3.94600,3.95300,3.90300,3.90900,1597
2018-05-08 00:00:00+00:00,3.90100,3.93800,3.89400,3.93400,1890
2018-05-09 00:00:00+00:00,3.93900,3.94700,3.92300,3.92800,1429
2018-05-10 00:00:00+00:00,3.93100,3.97100,3.90500,3.91500,3141
2018-05-11 00:00:00+00:00,3.91500,3.92100,3.86500,3.87200,2230
2018-05-14 00:00:00+00:00,3.86100,3.88400,3.85400,3.87400,1573
2018-05-15 00:00:00+00:00,3.87200,3.93500,3.87200,3.92700,1950
2018-05-16 00:00:00+00:00,3.92700,3.96000,3.89400,3.90200,2331
2018-05-17 00:00:00+00:00,3.90500,3.93200,3.86700,3.86700,1293
2018-05-18 00:00:00+00:00,3.86700,3.94900,3.86700,3.93700,2689
2018-05-21 00:00:00+00:00,3.98200,3.99200,3.93400,3.94400,2142
2018-05-22 00:00:00+00:00,3.94400,3.98900,3.93200,3.96200,1677
2018-05-23 00:00:00+00:00,3.96900,4.01000,3.95300,4.00500,2283
2018-05-24 00:00:00+00:00,4.00600,4.04300,3.96300,3.96500,2715
2018-05-25 00:00:00+00:00,3.95800,3.98900,3.95800,3.98800,1617
2018-05-29 00:00:00+00:00,4.01400,4.03000,3.90900,3.93100,3708
2018-05-30 00:00:00+00:00,3.91200,3.91400,3.84500,3.86600,2447
2018-05-31 00:00:00+00:00,3.87600,3.91900,3.87000,3.87300,2370
2018-06-01 00:00:00+00:00,3.88300,3.90500,3.84700,3.84700,1624
2018-06-04 00:00:00+00:00,3.82900,3.83300,3.75000,3.75300,2155
2018-06-05 00:00:00+00:00,3.75300,3.79600,3.74600,3.77900,1899
2018-06-06 00:00:00+00:00,3.78900,3.81200,3.72900,3.73400,2224
2018-06-07 00:00:00+00:00,3.74200,3.76700,3.69300,3.71500,2715
2018-06-08 00:00:00+00:00,3.71600,3.73900,3.68700,3.72700,2757
2018-06-11 00:00:00+00:00,3.72300,3.74200,3.62700,3.62700,3224
2018-06-12 00:00:00+00:00,3.63500,3.75000,3.63000,3.72200,5809
2018-06-13 00:00:00+00:00,3.73300,3.75200,3.69200,3.71700,3445
2018-06-14 00:00:00+00:00,3.70200,3.70700,3.58700,3.59300,5097
2018-06-15 00:00:00+00:00,3.60700,3.64200,3.51600,3.57300,7583
2018-06-18 00:00:00+00:00,3.57200,3.58300,3.50500,3.52100,4740
2018-06-19 00:00:00+00:00,3.52300,3.54400,3.35800,3.50700,15681
2018-06-20 00:00:00+00:00,3.51000,3.54000,3.44600,3.50600,6940
2018-06-21 00:00:00+00:00,3.51000,3.56200,3.46200,3.54200,5983
2018-06-22 00:00:00+00:00,3.55700,3.56700,3.52300,3.54300,1913
2018-06-25 00:00:00+00:00,3.56400,3.57100,3.47300,3.47300,5214
2018-06-26 00:00:00+00:00,3.49100,3.52200,3.45700,3.49900,8073
2018-06-27 00:00:00+00:00,3.49600,3.54000,3.49400,3.50000,7565
2018-06-28 00:00:00+00:00,3.49600,3.50600,3.43300,3.43300,4528
2018-06-29 00:00:00+00:00,3.45400,3.53900,3.44100,3.48600,10620
2018-07-02 00:00:00+00:00,3.50700,3.51500,3.36600,3.37600,5232
2018-07-03 00:00:00+00:00,3.39400,3.43500,3.38100,3.42500,1946
2018-07-05 00:00:00+00:00,3.44700,3.47900,3.40400,3.41400,3328
2018-07-06 00:00:00+00:00,3.40400,3.51200,3.39900,3.49400,6696
2018-07-09 00:00:00+00:00,3.48600,3.49600,3.41400,3.44800,4994
2018-07-10 00:00:00+00:00,3.43900,3.44600,3.35500,3.38600,5731
2018-07-11 00:00:00+00:00,3.36000,3.38500,3.31200,3.32000,4137
2018-07-12 00:00:00+00:00,3.33000,3.40900,3.28900,3.36200,7115
2018-07-13 00:00:00+00:00,3.37200,3.38000,3.30700,3.32000,5537
2018-07-16 00:00:00+00:00,3.31600,3.37500,3.30900,3.33700,3618
2018-07-17 00:00:00+00:00,3.36800,3.40600,3.36100,3.38400,4333
2018-07-18 00:00:00+00:00,3.38600,3.40900,3.38200,3.38800,3369
2018-07-19 00:00:00+00:00,3.39200,3.44000,3.37400,3.43000,3747
2018-07-20 00:00:00+00:00,3.43800,3.47800,3.42200,3.47200,3244
2018-07-23 00:00:00+00:00,3.48100,3.50900,3.47200,3.49700,2484
2018-07-24 00:00:00+00:00,3.48000,3.49300,3.44400,3.45600,3912
2018-07-25 00:00:00+00:00,3.45400,3.52700,3.45000,3.51000,3924
2018-07-26 00:00:00+00:00,3.54400,3.58400,3.53300,3.53800,6646
2018-07-27 00:00:00+00:00,3.53600,3.56600,3.52600,3.54700,5069
2018-07-30 00:00:00+00:00,3.57700,3.62400,3.57000,3.60300,3859
2018-07-31 00:00:00+00:00,3.60000,3.67800,3.59800,3.65800,6076
2018-08-01 00:00:00+00:00,3.65200,3.66400,3.57800,3.59200,5995
2018-08-02 00:00:00+00:00,3.59800,3.66300,3.58400,3.60900,8798
2018-08-03 00:00:00+00:00,3.60600,3.65000,3.58800,3.64000,7186
2018-08-06 00:00:00+00:00,3.64000,3.66200,3.62600,3.65000,5549
2018-08-07 00:00:00+00:00,3.65000,3.67800,3.63400,3.65400,4685
2018-08-08 00:00:00+00:00,3.65100,3.68200,3.64700,3.66000,3912
2018-08-09 00:00:00+00:00,3.65500,3.67300,3.61400,3.63600,4800
2018-08-10 00:00:00+00:00,3.62700,3.64800,3.52000,3.52600,8281
2018-08-13 00:00:00+00:00,3.52900,3.53000,3.47900,3.52200,4316
2018-08-14 00:00:00+00:00,3.52600,3.58500,3.52200,3.57500,4506
2018-08-15 00:00:00+00:00,3.58000,3.59100,3.54600,3.57100,4923
2018-08-16 00:00:00+00:00,3.56900,3.63200,3.56300,3.61200,5356
2018-08-17 00:00:00+00:00,3.61000,3.63800,3.57900,3.60400,5616
2018-08-20 00:00:00+00:00,3.62200,3.62200,3.56100,3.59100,3002
2018-08-21 00:00:00+00:00,3.59400,3.60200,3.55200,3.56400,2200
2018-08-22 00:00:00+00:00,3.55800,3.55800,3.49000,3.49400,2052
2018-08-23 00:00:00+00:00,3.50100,3.51800,3.43400,3.43400,2348
2018-08-24 00:00:00+00:00,3.43400,3.47000,3.43400,3.45500,1525
2018-08-27 00:00:00+00:00,3.45800,3.46000,3.40700,3.43700,1974
2018-08-28 00:00:00+00:00,3.43400,3.45300,3.38600,3.38800,1579
2018-08-29 00:00:00+00:00,3.38800,3.41400,3.38200,3.39200,1979
2018-08-30 00:00:00+00:00,3.39700,3.41800,3.38900,3.39200,1473
2018-08-31 00:00:00+00:00,3.39400,3.48600,3.39200,3.48400,2147
2018-09-04 00:00:00+00:00,3.49000,3.51900,3.44700,3.51900,2424
2018-09-05 00:00:00+00:00,3.51800,3.52900,3.47700,3.48700,1543
2018-09-06 00:00:00+00:00,3.49400,3.51200,3.47400,3.49600,2800
2018-09-07 00:00:00+00:00,3.49600,3.52100,3.47500,3.50500,3241
2018-09-10 00:00:00+00:00,3.50800,3.52100,3.48700,3.51200,3646
2018-09-11 00:00:00+00:00,3.51700,3.53200,3.50100,3.50900,2915
2018-09-12 00:00:00+00:00,3.50700,3.50900,3.36200,3.38300,7829
2018-09-13 00:00:00+00:00,3.39800,3.40800,3.34400,3.36300,3318
2018-09-14 00:00:00+00:00,3.36100,3.37800,3.35200,3.37000,2578
2018-09-17 00:00:00+00:00,3.37000,3.37300,3.34100,3.34100,1943
2018-09-18 00:00:00+00:00,3.34100,3.34900,3.29200,3.29400,1666
2018-09-19 00:00:00+00:00,3.29700,3.33400,3.29700,3.32200,1309
2018-09-20 00:00:00+00:00,3.32500,3.42500,3.31600,3.38700,2951
2018-09-21 00:00:00+00:00,3.39100,3.44100,3.39000,3.43600,2862
2018-09-24 00:00:00+00:00,3.43900,3.48600,3.42700,3.47800,2183
2018-09-25 00:00:00+00:00,3.47200,3.50900,3.44400,3.50400,5367
2018-09-26 00:00:00+00:00,3.50400,3.51600,3.48200,3.49200,2328
2018-09-27 00:00:00+00:00,3.49700,3.52700,3.48300,3.51900,1962
2018-09-28 00:00:00+00:00,3.51600,3.53800,3.42300,3.43900,4535
2018-10-01 00:00:00+00:00,3.45100,3.54100,3.44600,3.53400,4227
2018-10-02 00:00:00+00:00,3.52700,3.56900,3.51100,3.55200,3114
2018-10-03 00:00:00+00:00,3.55800,3.56800,3.52500,3.53000,2751
2018-10-04 00:00:00+00:00,3.53300,3.56500,3.53000,3.56100,1586
2018-10-05 00:00:00+00:00,3.56100,3.57700,3.51600,3.56000,2860
2018-10-08 00:00:00+00:00,3.57600,3.57800,3.53000,3.55500,2143
2018-10-09 00:00:00+00:00,3.55300,3.56900,3.52700,3.53700,1646
2018-10-10 00:00:00+00:00,3.53800,3.54600,3.51400,3.51500,1583
2018-10-11 00:00:00+00:00,3.51300,3.61100,3.49700,3.58400,4051
2018-10-12 00:00:00+00:00,3.58200,3.63200,3.58000,3.62700,3040
2018-10-15 00:00:00+00:00,3.62900,3.68300,3.61600,3.67100,3404
2018-10-16 00:00:00+00:00,3.66900,3.67200,3.63600,3.65100,3910
2018-10-17 00:00:00+00:00,3.64900,3.66200,3.63500,3.64100,2428
2018-10-18 00:00:00+00:00,3.63100,3.63400,3.60100,3.60800,1734
2018-10-19 00:00:00+00:00,3.60800,3.61400,3.56800,3.57100,2533
2018-10-22 00:00:00+00:00,3.56700,3.61600,3.56700,3.60500,1662
2018-10-23 00:00:00+00:00,3.60500,3.63800,3.59400,3.61200,2573
2018-10-24 00:00:00+00:00,3.60700,3.61000,3.59300,3.59600,2575
2018-10-25 00:00:00+00:00,3.59200,3.59900,3.52400,3.53200,2711
2018-10-26 00:00:00+00:00,3.53700,3.61700,3.53700,3.59900,2921
2018-10-29 00:00:00+00:00,3.60600,3.63800,3.57700,3.59200,2890
2018-10-30 00:00:00+00:00,3.59000,3.60300,3.56900,3.57400,1779
2018-10-31 00:00:00+00:00,3.57200,3.57800,3.55400,3.56000,2162
2018-11-01 00:00:00+00:00,3.56200,3.63600,3.55800,3.58700,3711
2018-11-02 00:00:00+00:00,3.59300,3.65800,3.58100,3.64100,3573
2018-11-05 00:00:00+00:00,3.64000,3.67500,3.63000,3.67300,2275
2018-11-06 00:00:00+00:00,3.67000,3.67900,3.65400,3.66500,2273
2018-11-07 00:00:00+00:00,3.65800,3.66800,3.64500,3.65900,1409
2018-11-08 00:00:00+00:00,3.65700,3.72700,3.60100,3.67300,5959
2018-11-09 00:00:00+00:00,3.66600,3.67800,3.62300,3.63800,1731
2018-11-12 00:00:00+00:00,3.63200,3.66900,3.62700,3.64800,2279
2018-11-13 00:00:00+00:00,3.64100,3.65600,3.60200,3.61000,1627
2018-11-14 00:00:00+00:00,3.61300,3.63100,3.60700,3.61900,793
2018-11-15 00:00:00+00:00,3.61900,3.66700,3.61700,3.62300,2042
2018-11-16 00:00:00+00:00,3.62600,3.64100,3.58800,3.60200,2722
2018-11-19 00:00:00+00:00,3.60900,3.62200,3.57300,3.58500,1514
2018-11-20 00:00:00+00:00,3.58600,3.59600,3.57400,3.58000,1392
2018-11-21 00:00:00+00:00,3.57500,3.59300,3.56400,3.57600,732
2018-11-23 00:00:00+00:00,3.57900,3.58200,3.55500,3.55700,579
2018-11-26 00:00:00+00:00,3.55800,3.56400,3.52500,3.53300,1413
2018-11-27 00:00:00+00:00,3.53500,3.55600,3.52900,3.53700,1890
2018-11-28 00:00:00+00:00,3.53500,3.58800,3.53500,3.58300,2023
2018-11-29 00:00:00+00:00,3.58200,3.60400,3.56700,3.58100,2142
2018-11-30 00:00:00+00:00,3.57900,3.62800,3.57900,3.62100,2090
2018-12-03 00:00:00+00:00,3.69200,3.70100,3.66000,3.67000,3328
2018-12-04 00:00:00+00:00,3.65900,3.69800,3.65200,3.69800,2198
2018-12-05 00:00:00+00:00,3.68900,3.71900,3.68000,3.69700,1504
2018-12-06 00:00:00+00:00,3.69500,3.70100,3.65800,3.68400,2837
2018-12-07 00:00:00+00:00,3.68200,3.71500,3.68000,3.71000,2720
2018-12-10 00:00:00+00:00,3.70400,3.71900,3.69400,3.69700,1471
2018-12-11 00:00:00+00:00,3.69700,3.72000,3.67500,3.71100,1972
2018-12-12 00:00:00+00:00,3.71100,3.73900,3.70800,3.71400,2234
2018-12-13 00:00:00+00:00,3.70800,3.72600,3.69200,3.70400,1530
2018-12-14 00:00:00+00:00,3.70200,3.73900,3.69700,3.71300,2776
2018-12-17 00:00:00+00:00,3.71000,3.72900,3.70500,3.70800,645
2018-12-18 00:00:00+00:00,3.70800,3.73600,3.70600,3.72500,1527
2018-12-19 00:00:00+00:00,3.72500,3.72500,3.69400,3.69400,1013
2018-12-20 00:00:00+00:00,3.69200,3.70200,3.63000,3.63500,1905
2018-12-21 00:00:00+00:00,3.63500,3.67200,3.62900,3.66300,1512
2018-12-24 00:00:00+00:00,3.66300,3.67300,3.63800,3.66200,842
2018-12-26 00:00:00+00:00,3.67500,3.67500,3.61400,3.61900,868
2018-12-27 00:00:00+00:00,3.62200,3.65400,3.61900,3.63300,1946
2018-12-28 00:00:00+00:00,3.63500,3.66300,3.63500,3.64100,1097
2018-12-31 00:00:00+00:00,3.64900,3.66200,3.62100,3.63800,879
2019-01-02 00:00:00+00:00,3.65100,3.67500,3.63800,3.65300,1283
2019-01-03 00:00:00+00:00,3.65100,3.70100,3.64700,3.69900,807
2019-01-04 00:00:00+00:00,3.69600,3.73400,3.69600,3.72700,1257
2019-01-07 00:00:00+00:00,3.72300,3.74100,3.72000,3.72900,1115
2019-01-08 00:00:00+00:00,3.72900,3.74700,3.69600,3.70600,1726
2019-01-09 00:00:00+00:00,3.71100,3.73900,3.71100,3.72700,1932
2019-01-10 00:00:00+00:00,3.72000,3.73300,3.67000,3.67700,1045
2019-01-11 00:00:00+00:00,3.68000,3.70000,3.67600,3.70000,1930
2019-01-14 00:00:00+00:00,3.69900,3.72200,3.68300,3.70500,1575
2019-01-15 00:00:00+00:00,3.70800,3.72300,3.62800,3.63300,1026
2019-01-16 00:00:00+00:00,3.64600,3.66600,3.64600,3.65900,1044
2019-01-17 00:00:00+00:00,3.65900,3.73100,3.65800,3.71900,1402
2019-01-18 00:00:00+00:00,3.71000,3.74700,3.69800,3.72800,1372
2019-01-21 00:00:00+00:00,3.72800,3.72800,3.72800,3.72800,4
2019-01-22 00:00:00+00:00,3.72500,3.74800,3.69400,3.71400,2105
2019-01-23 00:00:00+00:00,3.72700,3.74200,3.70800,3.71600,1248
2019-01-24 00:00:00+00:00,3.71600,3.72600,3.68800,3.70200,1590
2019-01-25 00:00:00+00:00,3.70000,3.73300,3.69000,3.73100,1389
2019-01-28 00:00:00+00:00,3.72900,3.74200,3.71300,3.73300,837
2019-01-29 00:00:00+00:00,3.72800,3.74100,3.69700,3.71200,1030
2019-01-30 00:00:00+00:00,3.71500,3.75000,3.71000,3.74800,1314
2019-01-31 00:00:00+00:00,3.74600,3.75100,3.69500,3.69800,1158
2019-02-01 00:00:00+00:00,3.70800,3.74600,3.70600,3.72100,1353
2019-02-04 00:00:00+00:00,3.72100,3.74300,3.71100,3.73800,970
2019-02-05 00:00:00+00:00,3.74300,3.75700,3.71700,3.74700,747
2019-02-06 00:00:00+00:00,3.75200,3.75500,3.73800,3.74600,844
2019-02-07 00:00:00+00:00,3.74600,3.75100,3.71300,3.71500,1420
2019-02-08 00:00:00+00:00,3.71800,3.76600,3.69200,3.69200,2899
2019-02-11 00:00:00+00:00,3.70000,3.70600,3.67400,3.68900,1063
2019-02-12 00:00:00+00:00,3.69200,3.74200,3.68800,3.73500,1497
2019-02-13 00:00:00+00:00,3.73100,3.74600,3.72200,3.74600,1187
2019-02-14 00:00:00+00:00,3.74600,3.74600,3.70100,3.70700,1433
2019-02-15 00:00:00+00:00,3.70700,3.72700,3.69200,3.70700,1833
2019-02-19 00:00:00+00:00,3.71000,3.72700,3.65600,3.66900,1769
2019-02-20 00:00:00+00:00,3.68400,3.70200,3.65300,3.68000,1810
2019-02-21 00:00:00+00:00,3.68000,3.75300,3.67500,3.72100,2788
2019-02-22 00:00:00+00:00,3.71900,3.74700,3.71700,3.72500,1802
2019-02-25 00:00:00+00:00,3.75300,3.75800,3.67500,3.68500,2419
2019-02-26 00:00:00+00:00,3.68400,3.68800,3.63400,3.64100,3586
2019-02-27 00:00:00+00:00,3.64000,3.66200,3.61100,3.61600,2031
2019-02-28 00:00:00+00:00,3.62100,3.62900,3.58800,3.59100,1367
2019-03-01 00:00:00+00:00,3.59400,3.62100,3.55100,3.61200,1638
2019-03-04 00:00:00+00:00,3.62900,3.66700,3.62900,3.63800,1490
2019-03-05 00:00:00+00:00,3.64600,3.66400,3.63200,3.65200,1156
2019-03-06 00:00:00+00:00,3.65000,3.65700,3.60200,3.61400,1310
2019-03-07 00:00:00+00:00,3.61400,3.61500,3.54800,3.54800,2484
2019-03-08 00:00:00+00:00,3.55300,3.57300,3.52500,3.54400,2652
2019-03-11 00:00:00+00:00,3.56200,3.57500,3.52200,3.52200,1120
2019-03-12 00:00:00+00:00,3.52700,3.57900,3.51800,3.56200,2265
2019-03-13 00:00:00+00:00,3.56000,3.60500,3.54200,3.57400,2158
2019-03-14 00:00:00+00:00,3.57400,3.62900,3.57000,3.60900,2333
2019-03-15 00:00:00+00:00,3.60000,3.64500,3.60000,3.63800,2212
2019-03-18 00:00:00+00:00,3.65400,3.66500,3.61800,3.63000,1821
2019-03-19 00:00:00+00:00,3.63500,3.65100,3.59500,3.62700,1912
2019-03-20 00:00:00+00:00,3.62900,3.64000,3.60600,3.62800,1942
2019-03-21 00:00:00+00:00,3.62600,3.69300,3.62600,3.67400,2644
2019-03-22 00:00:00+00:00,3.67600,3.72400,3.67400,3.70400,2772
2019-03-25 00:00:00+00:00,3.71000,3.72900,3.69200,3.71600,2269
2019-03-26 00:00:00+00:00,3.71600,3.72700,3.68100,3.69600,2562
2019-03-27 00:00:00+00:00,3.69400,3.69400,3.64600,3.66100,1790
2019-03-28 00:00:00+00:00,3.66100,3.67400,3.65000,3.66200,1141
2019-03-29 00:00:00+00:00,3.66500,3.68100,3.49400,3.49900,4878
2019-04-01 00:00:00+00:00,3.50800,3.56500,3.50800,3.55500,3471
2019-04-02 00:00:00+00:00,3.56100,3.57000,3.53200,3.55400,2111
2019-04-03 00:00:00+00:00,3.55200,3.58500,3.54600,3.56800,1481
2019-04-04 00:00:00+00:00,3.56800,3.60100,3.56800,3.58900,1603
2019-04-05 00:00:00+00:00,3.58700,3.58700,3.54900,3.56100,1694
2019-04-08 00:00:00+00:00,3.56900,3.58300,3.54300,3.54600,1910
2019-04-09 00:00:00+00:00,3.54400,3.57000,3.50400,3.55200,3529
2019-04-10 00:00:00+00:00,3.55200,3.57600,3.55000,3.56600,1359
2019-04-11 00:00:00+00:00,3.56200,3.58000,3.53800,3.55300,1791
2019-04-12 00:00:00+00:00,3.55300,3.56700,3.53900,3.55700,1392
2019-04-15 00:00:00+00:00,3.56800,3.60000,3.56800,3.58300,2656
2019-04-16 00:00:00+00:00,3.58100,3.58400,3.53300,3.54300,1988
2019-04-17 00:00:00+00:00,3.54100,3.55900,3.52700,3.54400,2132
2019-04-18 00:00:00+00:00,3.54000,3.55300,3.53300,3.54600,1083
2019-04-22 00:00:00+00:00,3.55300,3.55300,3.51200,3.51200,1077
2019-04-23 00:00:00+00:00,3.51700,3.51700,3.47400,3.48400,2400
2019-04-24 00:00:00+00:00,3.48200,3.49500,3.42800,3.42800,3260
2019-04-25 00:00:00+00:00,3.43100,3.48200,3.39500,3.44200,4813
2019-04-26 00:00:00+00:00,3.44700,3.50800,3.44600,3.48800,2452
2019-04-29 00:00:00+00:00,3.51200,3.53700,3.49400,3.49400,1624
2019-04-30 00:00:00+00:00,3.49200,3.51200,3.46800,3.51200,3680
2019-05-01 00:00:00+00:00,3.51000,3.56900,3.50900,3.56700,2044
2019-05-02 00:00:00+00:00,3.57500,3.59000,3.54900,3.58300,2220
2019-05-03 00:00:00+00:00,3.58500,3.59900,3.54600,3.58700,1981
2019-05-06 00:00:00+00:00,3.51600,3.53900,3.46800,3.53400,2372
2019-05-07 00:00:00+00:00,3.54500,3.57200,3.52300,3.55900,1906
2019-05-08 00:00:00+00:00,3.56400,3.57300,3.50800,3.52800,1990
2019-05-09 00:00:00+00:00,3.52100,3.52500,3.42200,3.42500,1975
2019-05-10 00:00:00+00:00,3.42500,3.45200,3.35800,3.40900,3131
2019-05-13 00:00:00+00:00,3.41400,3.47800,3.33800,3.46500,2395
2019-05-14 00:00:00+00:00,3.51200,3.60800,3.50900,3.58800,4491
2019-05-15 00:00:00+00:00,3.59400,3.69900,3.58400,3.59200,3861
2019-05-16 00:00:00+00:00,3.59200,3.70800,3.59200,3.69800,2842
2019-05-17 00:00:00+00:00,3.69800,3.75000,3.69800,3.72800,3277
2019-05-20 00:00:00+00:00,3.77300,3.82000,3.76800,3.79500,2345
2019-05-21 00:00:00+00:00,3.79500,3.89500,3.79500,3.84800,4492
2019-05-22 00:00:00+00:00,3.84100,3.87300,3.77400,3.85800,4767
2019-05-23 00:00:00+00:00,3.85800,3.89900,3.78200,3.81000,4855
2019-05-24 00:00:00+00:00,3.82100,3.95700,3.80900,3.95700,4414
2019-05-28 00:00:00+00:00,3.99200,4.12100,3.99200,4.12100,12353
2019-05-29 00:00:00+00:00,4.12100,4.29400,4.04200,4.08900,19651
2019-05-30 00:00:00+00:00,4.07900,4.28200,4.05300,4.27700,13480
2019-05-31 00:00:00+00:00,4.27000,4.29200,4.15300,4.19300,11913
2019-06-03 00:00:00+00:00,4.18700,4.23000,4.11000,4.15900,10525
2019-06-04 00:00:00+00:00,4.15900,4.26800,4.14200,4.17600,13668
2019-06-05 00:00:00+00:00,4.16900,4.17400,4.05200,4.06700,10459
2019-06-06 00:00:00+00:00,4.07400,4.14800,4.00400,4.13700,7236
2019-06-07 00:00:00+00:00,4.13700,4.16800,4.08600,4.09100,4687
2019-06-10 00:00:00+00:00,4.06900,4.10600,4.03100,4.10000,5042
2019-06-11 00:00:00+00:00,4.08200,4.24200,4.02600,4.20700,9709
2019-06-12 00:00:00+00:00,4.21500,4.28500,4.18300,4.24000,5240
2019-06-13 00:00:00+00:00,4.24800,4.36800,4.24600,4.35900,7412
2019-06-14 00:00:00+00:00,4.36200,4.51600,4.35900,4.47700,7198
2019-06-17 00:00:00+00:00,4.53500,4.58800,4.45300,4.49600,9327
2019-06-18 00:00:00+00:00,4.50900,4.52800,4.37800,4.44000,9079
2019-06-19 00:00:00+00:00,4.46000,4.47100,4.33800,4.36100,5964
2019-06-20 00:00:00+00:00,4.35800,4.46000,4.32400,4.46000,4685
2019-06-21 00:00:00+00:00,4.48200,4.49500,4.37700,4.39200,5513
2019-06-24 00:00:00+00:00,4.38200,4.44200,4.36600,4.43500,4586
2019-06-25 00:00:00+00:00,4.47900,4.49400,4.43400,4.43600,3889
2019-06-26 00:00:00+00:00,4.43400,4.43600,4.37700,4.40400,3629
2019-06-27 00:00:00+00:00,4.40600,4.42700,4.36900,4.36900,3558
2019-06-28 00:00:00+00:00,4.36900,4.51200,4.12600,4.18600,14962
2019-07-01 00:00:00+00:00,4.20900,4.21000,4.05900,4.07300,5407
2019-07-02 00:00:00+00:00,4.09100,4.13200,4.06000,4.12200,4621
2019-07-03 00:00:00+00:00,4.12800,4.29400,4.12100,4.28500,3679
2019-07-05 00:00:00+00:00,4.28100,4.32100,4.22800,4.31600,2848
2019-07-08 00:00:00+00:00,4.36600,4.37800,4.26400,4.32000,4574
2019-07-09 00:00:00+00:00,4.31700,4.31900,4.21900,4.24600,3489
2019-07-10 00:00:00+00:00,4.23700,4.29400,4.20200,4.27500,3721
2019-07-11 00:00:00+00:00,4.26600,4.37600,4.19900,4.36700,6810
2019-07-12 00:00:00+00:00,4.36900,4.48800,4.35000,4.48400,6128
2019-07-15 00:00:00+00:00,4.52000,4.53000,4.33400,4.35200,6951
2019-07-16 00:00:00+00:00,4.31700,4.34400,4.22900,4.28600,6484
2019-07-17 00:00:00+00:00,4.29400,4.35100,4.25400,4.29000,5943
2019-07-18 00:00:00+00:00,4.27600,4.29800,4.17200,4.19000,5572
2019-07-19 00:00:00+00:00,4.19500,4.28200,4.17700,4.25500,5191
2019-07-22 00:00:00+00:00,4.25600,4.26400,4.15600,4.16400,4315
2019-07-23 00:00:00+00:00,4.19400,4.21200,4.13000,4.19800,4422
2019-07-24 00:00:00+00:00,4.19200,4.25000,4.16100,4.17400,3780
2019-07-25 00:00:00+00:00,4.17400,4.20300,4.13200,4.13200,3155
2019-07-26 00:00:00+00:00,4.13200,4.14300,4.08200,4.09400,1842
2019-07-29 00:00:00+00:00,4.08500,4.14600,4.07600,4.12200,3813
2019-07-30 00:00:00+00:00,4.11000,4.12200,4.05800,4.06300,3438
2019-07-31 00:00:00+00:00,4.06100,4.09400,3.95800,3.95800,2528
2019-08-01 00:00:00+00:00,3.97300,3.98900,3.83300,3.89200,2667
2019-08-02 00:00:00+00:00,3.90200,3.95700,3.89500,3.95000,2487
2019-08-05 00:00:00+00:00,3.97000,4.02800,3.87400,4.01800,3498
2019-08-06 00:00:00+00:00,4.01600,4.04300,3.97000,4.00600,2762
2019-08-07 00:00:00+00:00,4.00600,4.03700,3.97000,4.03200,2413
2019-08-08 00:00:00+00:00,4.03500,4.08200,4.02000,4.07600,2632
2019-08-09 00:00:00+00:00,4.07600,4.13300,4.03900,4.06600,2686
2019-08-12 00:00:00+00:00,4.06500,4.06600,3.82100,3.82200,3154
2019-08-13 00:00:00+00:00,3.75600,3.75600,3.62800,3.63100,3802
2019-08-14 00:00:00+00:00,3.64100,3.67600,3.56000,3.57200,1948
2019-08-15 00:00:00+00:00,3.58000,3.61000,3.55600,3.58600,1695
2019-08-16 00:00:00+00:00,3.59600,3.68600,3.58700,3.68500,1311
2019-08-19 00:00:00+00:00,3.65400,3.66100,3.61200,3.62700,1078
2019-08-20 00:00:00+00:00,3.64800,3.68000,3.57200,3.57800,1019
2019-08-21 00:00:00+00:00,3.58300,3.61700,3.55100,3.60600,1079
2019-08-22 00:00:00+00:00,3.61900,3.64400,3.57200,3.60600,1370
2019-08-23 00:00:00+00:00,3.60600,3.61200,3.55800,3.56700,1137
2019-08-26 00:00:00+00:00,3.56400,3.60300,3.55600,3.57200,1276
2019-08-27 00:00:00+00:00,3.57200,3.58300,3.55400,3.55700,630
2019-08-28 00:00:00+00:00,3.55700,3.63200,3.54000,3.61000,1544
2019-08-29 00:00:00+00:00,3.61800,3.66400,3.60100,3.60100,1465
2019-08-30 00:00:00+00:00,3.60400,3.64100,3.58800,3.59000,1576
2019-09-03 00:00:00+00:00,3.60100,3.60100,3.51100,3.51100,1154
2019-09-04 00:00:00+00:00,3.51100,3.53400,3.47300,3.48600,1026
2019-09-05 00:00:00+00:00,3.48600,3.53200,3.48600,3.50100,1025
2019-09-06 00:00:00+00:00,3.50100,3.50900,3.44100,3.46300,964
2019-09-09 00:00:00+00:00,3.46300,3.48900,3.43600,3.45100,1123
2019-09-10 00:00:00+00:00,3.45100,3.53800,3.45100,3.53000,925
2019-09-11 00:00:00+00:00,3.54500,3.54500,3.48000,3.51000,1145
2019-09-12 00:00:00+00:00,3.51000,3.58800,3.44800,3.58600,2844
2019-09-13 00:00:00+00:00,3.58600,3.62800,3.56900,3.59900,1145
2019-09-16 00:00:00+00:00,3.63300,3.65800,3.59100,3.65800,1231
2019-09-17 00:00:00+00:00,3.65800,3.65800,3.57900,3.59800,1093
2019-09-18 00:00:00+00:00,3.60000,3.63500,3.57600,3.63500,1351
2019-09-19 00:00:00+00:00,3.63500,3.65300,3.61400,3.64600,1189
2019-09-20 00:00:00+00:00,3.64600,3.66400,3.61600,3.62700,1116
2019-09-23 00:00:00+00:00,3.62700,3.66700,3.62700,3.64500,1429
2019-09-24 00:00:00+00:00,3.64500,3.67800,3.62400,3.67700,1316
2019-09-25 00:00:00+00:00,3.67700,3.69500,3.64700,3.67000,1314
2019-09-26 00:00:00+00:00,3.66200,3.67900,3.60800,3.64800,1436
2019-09-27 00:00:00+00:00,3.63800,3.65400,3.62400,3.64600,1412
2019-09-30 00:00:00+00:00,3.64600,3.80600,3.64400,3.79400,3294
2019-10-01 00:00:00+00:00,3.79400,3.85100,3.78000,3.83900,2003
2019-10-02 00:00:00+00:00,3.83200,3.84200,3.78400,3.79800,1366
2019-10-03 00:00:00+00:00,3.79700,3.83400,3.78600,3.81700,1390
2019-10-04 00:00:00+00:00,3.80900,3.81700,3.76800,3.77800,1390
2019-10-07 00:00:00+00:00,3.77800,3.80800,3.77800,3.80100,888
2019-10-08 00:00:00+00:00,3.80900,3.89600,3.79400,3.88400,1393
2019-10-09 00:00:00+00:00,3.89400,3.90400,3.86400,3.86900,1350
2019-10-10 00:00:00+00:00,3.86900,3.88200,3.72000,3.73500,3387
2019-10-11 00:00:00+00:00,3.74800,3.92000,3.74300,3.91400,2532
2019-10-14 00:00:00+00:00,3.95000,3.95900,3.87200,3.91200,2709
2019-10-15 00:00:00+00:00,3.91200,3.92400,3.86700,3.86700,1850
2019-10-16 00:00:00+00:00,3.86700,3.86700,3.81700,3.85900,2310
2019-10-17 00:00:00+00:00,3.85900,3.91200,3.85400,3.88300,2372
2019-10-18 00:00:00+00:00,3.88300,3.90000,3.84100,3.84900,1572
2019-10-21 00:00:00+00:00,3.84900,3.88100,3.81000,3.82000,1763
2019-10-22 00:00:00+00:00,3.82000,3.87300,3.79800,3.82800,2148
2019-10-23 00:00:00+00:00,3.82800,3.84200,3.78700,3.83300,1531
2019-10-24 00:00:00+00:00,3.83500,3.85500,3.80300,3.81800,1375
2019-10-25 00:00:00+00:00,3.82200,3.84900,3.80900,3.82600,1228
2019-10-28 00:00:00+00:00,3.82600,3.82600,3.78800,3.79300,934
2019-10-29 00:00:00+00:00,3.79300,3.82800,3.77600,3.81800,1466
2019-10-30 00:00:00+00:00,3.81000,3.86600,3.81000,3.86100,1087
2019-10-31 00:00:00+00:00,3.86100,3.86600,3.80500,3.85400,1438
2019-11-01 00:00:00+00:00,3.84600,3.87400,3.82100,3.84100,1206
2019-11-04 00:00:00+00:00,3.82400,3.83700,3.79200,3.79500,1276
2019-11-05 00:00:00+00:00,3.79500,3.80800,3.76800,3.78000,1377
2019-11-06 00:00:00+00:00,3.78000,3.81100,3.74000,3.74700,1279
2019-11-07 00:00:00+00:00,3.74700,3.76300,3.70400,3.71400,1681
2019-11-08 00:00:00+00:00,3.71600,3.80100,3.69200,3.73200,4098
2019-11-11 00:00:00+00:00,3.72500,3.73800,3.69300,3.70300,1444
2019-11-12 00:00:00+00:00,3.70800,3.74800,3.69800,3.74800,1250
2019-11-13 00:00:00+00:00,3.73900,3.74700,3.71900,3.73200,1145
2019-11-14 00:00:00+00:00,3.72400,3.74500,3.71700,3.72500,1409
2019-11-15 00:00:00+00:00,3.72500,3.73600,3.68200,3.68400,1164
2019-11-18 00:00:00+00:00,3.68400,3.69200,3.65200,3.65500,1613
2019-11-19 00:00:00+00:00,3.65500,3.70500,3.65500,3.67800,1057
2019-11-20 00:00:00+00:00,3.66900,3.68100,3.63700,3.64400,1202
2019-11-21 00:00:00+00:00,3.64500,3.67500,3.64200,3.66300,992
2019-11-22 00:00:00+00:00,3.66100,3.68100,3.65400,3.66400,1382
2019-11-25 00:00:00+00:00,3.66600,3.71100,3.66600,3.68200,1713
2019-11-26 00:00:00+00:00,3.67000,3.68700,3.65500,3.65500,980
2019-11-27 00:00:00+00:00,3.65500,3.67100,3.60800,3.61300,1268
2019-11-29 00:00:00+00:00,3.62500,3.69500,3.62200,3.68500,1759
2019-12-02 00:00:00+00:00,3.69800,3.72500,3.67100,3.70400,2388
2019-12-03 00:00:00+00:00,3.69900,3.72600,3.68500,3.69500,1995
2019-12-04 00:00:00+00:00,3.68800,3.71300,3.65700,3.66500,1821
2019-12-05 00:00:00+00:00,3.66500,3.67800,3.64600,3.64900,1420
2019-12-06 00:00:00+00:00,3.65200,3.67900,3.63800,3.65000,1343
2019-12-09 00:00:00+00:00,3.65500,3.67200,3.64400,3.64900,1512
2019-12-10 00:00:00+00:00,3.64900,3.66900,3.64200,3.65800,1539
2019-12-11 00:00:00+00:00,3.65500,3.66000,3.60500,3.60500,600
2019-12-12 00:00:00+00:00,3.61000,3.69300,3.60700,3.66700,1792
2019-12-13 00:00:00+00:00,3.70600,3.74500,3.67000,3.70400,3522
2019-12-16 00:00:00+00:00,3.73500,3.78800,3.73400,3.77100,1771
2019-12-17 00:00:00+00:00,3.76600,3.79900,3.76000,3.79000,979
2019-12-18 00:00:00+00:00,3.78700,3.79500,3.75600,3.76600,931
2019-12-19 00:00:00+00:00,3.76400,3.78600,3.75000,3.76200,1135
2019-12-20 00:00:00+00:00,3.76500,3.79300,3.76100,3.78100,1079
2019-12-23 00:00:00+00:00,3.78100,3.80200,3.77600,3.78700,608
2019-12-24 00:00:00+00:00,3.78700,3.79500,3.77500,3.78300,534
2019-12-26 00:00:00+00:00,3.79000,3.79500,3.77300,3.79000,494
2019-12-27 00:00:00+00:00,3.78800,3.81600,3.78600,3.80600,780
2019-12-30 00:00:00+00:00,3.79400,3.82600,3.78000,3.79300,1285
2019-12-31 00:00:00+00:00,3.78800,3.80800,3.77300,3.78600,953
2020-01-02 00:00:00+00:00,3.79600,3.83300,3.79300,3.82800,526
2020-01-03 00:00:00+00:00,3.82600,3.83300,3.77800,3.77800,1325
2020-01-06 00:00:00+00:00,3.77800,3.79500,3.74900,3.76900,1207
2020-01-07 00:00:00+00:00,3.77200,3.77700,3.75800,3.76800,1088
2020-01-08 00:00:00+00:00,3.75800,3.77600,3.74600,3.76900,1155
2020-01-09 00:00:00+00:00,3.76200,3.79200,3.74800,3.75800,1205
2020-01-10 00:00:00+00:00,3.76100,3.78900,3.69300,3.78600,3088
2020-01-13 00:00:00+00:00,3.78600,3.82200,3.78400,3.82200,1488
2020-01-14 00:00:00+00:00,3.82000,3.83200,3.81200,3.81500,997
2020-01-15 00:00:00+00:00,3.81400,3.83400,3.79700,3.80300,1871
2020-01-16 00:00:00+00:00,3.80500,3.80700,3.68800,3.69300,2235
2020-01-17 00:00:00+00:00,3.71000,3.82600,3.70300,3.82400,3367
2020-01-20 00:00:00+00:00,3.82500,3.82500,3.82500,3.82500,2
2020-01-21 00:00:00+00:00,3.82800,3.82800,3.78200,3.81400,3689
2020-01-22 00:00:00+00:00,3.81800,3.84700,3.80500,3.82500,1963
2020-01-23 00:00:00+00:00,3.82400,3.87800,3.81600,3.87500,1797
2020-01-24 00:00:00+00:00,3.86800,3.87100,3.80800,3.81000,2132
2020-01-27 00:00:00+00:00,3.78100,3.79100,3.72000,3.75200,5608
2020-01-28 00:00:00+00:00,3.76500,3.81500,3.73300,3.80300,3499
2020-01-29 00:00:00+00:00,3.79800,3.83000,3.77600,3.79400,2866
2020-01-30 00:00:00+00:00,3.79400,3.79700,3.73600,3.74800,3283
2020-01-31 00:00:00+00:00,3.76300,3.77700,3.73700,3.76700,2316
2020-02-03 00:00:00+00:00,3.75200,3.77200,3.72100,3.73900,3434
2020-02-04 00:00:00+00:00,3.74100,3.78900,3.74100,3.77400,3388
2020-02-05 00:00:00+00:00,3.76800,3.78900,3.75000,3.76300,2512
2020-02-06 00:00:00+00:00,3.76100,3.77600,3.71900,3.76600,3260
2020-02-07 00:00:00+00:00,3.76500,3.80700,3.76000,3.79000,2537
2020-02-10 00:00:00+00:00,3.79000,3.79000,3.75300,3.77900,2875
2020-02-11 00:00:00+00:00,3.77400,3.78200,3.74500,3.76200,3378
2020-02-12 00:00:00+00:00,3.76300,3.80100,3.74800,3.79100,2903
2020-02-13 00:00:00+00:00,3.78400,3.79100,3.75700,3.76000,2074
2020-02-14 00:00:00+00:00,3.76300,3.78100,3.73100,3.74500,2907
2020-02-18 00:00:00+00:00,3.76500,3.80300,3.75300,3.79800,4389
2020-02-19 00:00:00+00:00,3.79500,3.79900,3.75900,3.77700,2197
2020-02-20 00:00:00+00:00,3.77700,3.78500,3.75600,3.75800,1774
2020-02-21 00:00:00+00:00,3.75900,3.77900,3.73900,3.74000,1823
2020-02-24 00:00:00+00:00,3.73500,3.73500,3.68100,3.70900,1936
2020-02-25 00:00:00+00:00,3.71100,3.72900,3.69400,3.70400,1644
2020-02-26 00:00:00+00:00,3.70400,3.72200,3.67100,3.68700,1505
2020-02-27 00:00:00+00:00,3.67800,3.68600,3.61000,3.62200,1857
2020-02-28 00:00:00+00:00,3.62500,3.64200,3.60300,3.63000,2527
2020-03-02 00:00:00+00:00,3.62400,3.70900,3.62200,3.70700,2958
2020-03-03 00:00:00+00:00,3.71100,3.79100,3.71100,3.75200,3193
2020-03-04 00:00:00+00:00,3.75600,3.81400,3.73900,3.79600,2020
2020-03-05 00:00:00+00:00,3.78700,3.79200,3.74500,3.76000,1991
2020-03-06 00:00:00+00:00,3.76000,3.77600,3.70200,3.71300,3158
2020-03-09 00:00:00+00:00,3.66600,3.70600,3.62200,3.68400,5992
2020-03-10 00:00:00+00:00,3.70900,3.74900,3.69400,3.72900,3904
2020-03-11 00:00:00+00:00,3.72200,3.72700,3.67600,3.69500,2700
2020-03-12 00:00:00+00:00,3.68300,3.68300,3.60700,3.60700,5624
2020-03-13 00:00:00+00:00,3.60700,3.67200,3.59300,3.62000,5853
2020-03-16 00:00:00+00:00,3.58700,3.63400,3.50100,3.52300,4228
2020-03-17 00:00:00+00:00,3.51100,3.52600,3.39300,3.39600,4971
2020-03-18 00:00:00+00:00,3.40100,3.41600,3.28500,3.32500,7980
2020-03-19 00:00:00+00:00,3.33600,3.50800,3.33200,3.41400,9683
2020-03-20 00:00:00+00:00,3.43200,3.52900,3.38800,3.39300,8346
2020-03-23 00:00:00+00:00,3.35800,3.41400,3.35000,3.38700,8672
2020-03-24 00:00:00+00:00,3.40500,3.47200,3.34800,3.44200,7072
2020-03-25 00:00:00+00:00,3.44200,3.49500,3.42400,3.46000,5628
2020-03-26 00:00:00+00:00,3.44800,3.45800,3.40600,3.45400,5364
2020-03-27 00:00:00+00:00,3.45000,3.46600,3.39500,3.42900,5513
2020-03-30 00:00:00+00:00,3.40400,3.43600,3.37200,3.38900,4535
2020-03-31 00:00:00+00:00,3.38700,3.41400,3.30800,3.38700,7031
2020-04-01 00:00:00+00:00,3.38800,3.39800,3.30900,3.32400,4839
2020-04-02 00:00:00+00:00,3.32400,3.40600,3.30400,3.30900,6097
2020-04-03 00:00:00+00:00,3.32000,3.35700,3.25500,3.28000,5341
2020-04-06 00:00:00+00:00,3.26900,3.29200,3.23300,3.25500,4779
2020-04-07 00:00:00+00:00,3.25800,3.33000,3.25800,3.30300,4968
2020-04-08 00:00:00+00:00,3.29800,3.31600,3.26100,3.28400,3674
2020-04-09 00:00:00+00:00,3.28600,3.31100,3.25900,3.29900,5535
2020-04-13 00:00:00+00:00,3.30600,3.31900,3.24700,3.29200,4030
2020-04-14 00:00:00+00:00,3.29200,3.30000,3.24000,3.24000,4630
2020-04-15 00:00:00+00:00,3.24300,3.24800,3.15900,3.17900,5014
2020-04-16 00:00:00+00:00,3.17400,3.20700,3.16300,3.17300,3842
2020-04-17 00:00:00+00:00,3.18600,3.23000,3.18300,3.20900,3861
2020-04-20 00:00:00+00:00,3.20100,3.21300,3.13300,3.13400,4028
2020-04-21 00:00:00+00:00,3.13600,3.14800,3.01200,3.10200,9397
2020-04-22 00:00:00+00:00,3.11000,3.19100,3.07900,3.16700,6874
2020-04-23 00:00:00+00:00,3.17000,3.22900,3.14100,3.18800,7157
2020-04-24 00:00:00+00:00,3.18500,3.19500,3.11300,3.15300,4555
2020-04-27 00:00:00+00:00,3.14700,3.15200,3.04700,3.05800,5181
2020-04-28 00:00:00+00:00,3.05700,3.09000,3.03100,3.04300,5270
2020-04-29 00:00:00+00:00,3.04100,3.10600,3.02200,3.07400,5515
2020-04-30 00:00:00+00:00,3.07900,3.14800,3.05500,3.12100,5186
2020-05-01 00:00:00+00:00,3.12600,3.12600,3.08300,3.11000,3639
2020-05-04 00:00:00+00:00,3.10000,3.10500,3.05400,3.08800,3239
2020-05-05 00:00:00+00:00,3.08600,3.11600,3.07200,3.10600,3208
2020-05-06 00:00:00+00:00,3.11400,3.11400,3.06800,3.07500,3300
2020-05-07 00:00:00+00:00,3.07600,3.13800,3.07600,3.11800,3862
2020-05-08 00:00:00+00:00,3.11600,3.16300,3.10800,3.13200,2662
2020-05-11 00:00:00+00:00,3.15000,3.16500,3.11000,3.11700,2728
2020-05-12 00:00:00+00:00,3.12000,3.17700,3.08300,3.16100,4247
2020-05-13 00:00:00+00:00,3.15200,3.15500,3.11600,3.11900,2637
2020-05-14 00:00:00+00:00,3.12400,3.12600,3.11200,3.11900,390
