time,open,high,low,close,volume
2005-01-02 00:00:00+00:00,1619.80000,1620.30000,1619.30000,1619.80000,20
2005-01-03 00:00:00+00:00,1620.30000,1635.80000,1597.00000,1606.50000,4810
2005-01-04 00:00:00+00:00,1607.00000,1612.10000,1563.80000,1575.30000,5670
2005-01-05 00:00:00+00:00,1575.30000,1580.30000,1556.00000,1559.50000,5632
2005-01-06 00:00:00+00:00,1559.00000,1570.00000,1554.10000,1556.10000,4521
2005-01-07 00:00:00+00:00,1555.60000,1577.10000,1550.20000,1560.70000,5649
2005-01-09 00:00:00+00:00,1563.90000,1563.90000,1561.90000,1562.40000,35
2005-01-10 00:00:00+00:00,1562.40000,1577.40000,1557.00000,1563.50000,4536
2005-01-11 00:00:00+00:00,1563.00000,1565.00000,1544.20000,1561.10000,5093
2005-01-12 00:00:00+00:00,1560.60000,1569.70000,1540.80000,1568.20000,5799
2005-01-13 00:00:00+00:00,1567.70000,1567.70000,1540.90000,1542.90000,4521
2005-01-14 00:00:00+00:00,1542.40000,1562.90000,1541.90000,1556.40000,3696
2005-01-16 00:00:00+00:00,1557.60000,1559.60000,1556.70000,1558.10000,14
2005-01-17 00:00:00+00:00,1558.60000,1562.70000,1558.20000,1560.70000,184
2005-01-18 00:00:00+00:00,1561.20000,1574.30000,1549.80000,1569.80000,4162
2005-01-19 00:00:00+00:00,1569.80000,1574.30000,1520.60000,1526.10000,5103
2005-01-20 00:00:00+00:00,1525.60000,1534.10000,1513.20000,1518.20000,5454
2005-01-21 00:00:00+00:00,1518.70000,1525.30000,1500.40000,1503.40000,5096
2005-01-23 00:00:00+00:00,1504.60000,1507.10000,1504.10000,1505.10000,33
2005-01-24 00:00:00+00:00,1504.60000,1509.10000,1479.30000,1487.70000,5707
2005-01-25 00:00:00+00:00,1487.70000,1504.80000,1487.30000,1494.80000,4500
2005-01-26 00:00:00+00:00,1494.80000,1512.80000,1491.90000,1501.90000,4353
2005-01-27 00:00:00+00:00,1501.40000,1513.00000,1495.50000,1510.50000,4840
2005-01-28 00:00:00+00:00,1510.00000,1512.00000,1484.60000,1503.60000,4643
2005-01-30 00:00:00+00:00,1508.30000,1518.30000,1507.80000,1515.30000,112
2005-01-31 00:00:00+00:00,1514.80000,1523.30000,1511.30000,1518.40000,3782
2005-02-01 00:00:00+00:00,1518.90000,1529.90000,1516.40000,1529.40000,3481
2005-02-02 00:00:00+00:00,1528.90000,1531.00000,1513.60000,1518.60000,3566
2005-02-03 00:00:00+00:00,1518.10000,1520.60000,1500.20000,1508.20000,3608
2005-02-04 00:00:00+00:00,1508.20000,1534.70000,1502.80000,1531.20000,4194
2005-02-06 00:00:00+00:00,1533.90000,1534.90000,1532.90000,1533.90000,32
2005-02-07 00:00:00+00:00,1534.40000,1538.00000,1521.50000,1527.10000,3036
2005-02-08 00:00:00+00:00,1527.10000,1542.60000,1523.20000,1527.70000,3506
2005-02-09 00:00:00+00:00,1528.20000,1533.70000,1503.30000,1505.80000,4287
2005-02-10 00:00:00+00:00,1506.30000,1513.90000,1495.90000,1501.40000,4497
2005-02-11 00:00:00+00:00,1501.90000,1535.90000,1497.50000,1530.00000,4692
2005-02-13 00:00:00+00:00,1532.70000,1534.20000,1532.70000,1533.20000,33
2005-02-14 00:00:00+00:00,1533.70000,1539.70000,1528.70000,1534.80000,2905
2005-02-15 00:00:00+00:00,1535.30000,1561.80000,1533.30000,1548.30000,5029
2005-02-16 00:00:00+00:00,1547.80000,1548.90000,1534.00000,1542.00000,4115
2005-02-17 00:00:00+00:00,1541.50000,1547.00000,1518.10000,1521.10000,4432
2005-02-18 00:00:00+00:00,1521.60000,1526.70000,1511.20000,1513.20000,3445
2005-02-20 00:00:00+00:00,1514.90000,1515.40000,1513.40000,1514.40000,17
2005-02-21 00:00:00+00:00,1514.40000,1516.50000,1509.00000,1513.00000,188
2005-02-22 00:00:00+00:00,1513.00000,1523.60000,1492.20000,1498.20000,5298
2005-02-23 00:00:00+00:00,1497.70000,1506.70000,1488.30000,1499.30000,4778
2005-02-24 00:00:00+00:00,1499.80000,1518.80000,1491.30000,1517.30000,4616
2005-02-25 00:00:00+00:00,1517.30000,1529.90000,1512.40000,1528.90000,3867
2005-02-27 00:00:00+00:00,1528.60000,1530.60000,1528.60000,1530.60000,27
2005-02-28 00:00:00+00:00,1530.10000,1534.20000,1497.80000,1510.80000,4670
2005-03-01 00:00:00+00:00,1510.30000,1530.30000,1509.80000,1522.80000,3938
2005-03-02 00:00:00+00:00,1522.30000,1541.40000,1515.40000,1523.50000,4518
2005-03-03 00:00:00+00:00,1523.00000,1531.00000,1501.10000,1512.10000,4782
2005-03-04 00:00:00+00:00,1512.60000,1531.60000,1510.10000,1523.70000,4009
2005-03-06 00:00:00+00:00,1526.40000,1529.90000,1526.40000,1528.90000,34
2005-03-07 00:00:00+00:00,1529.40000,1553.90000,1522.90000,1539.50000,4234
2005-03-08 00:00:00+00:00,1540.00000,1550.50000,1527.60000,1531.60000,3834
2005-03-09 00:00:00+00:00,1531.60000,1539.10000,1519.70000,1523.20000,4530
2005-03-10 00:00:00+00:00,1523.20000,1531.30000,1503.80000,1527.30000,2650
2005-03-11 00:00:00+00:00,1527.30000,1534.30000,1501.40000,1508.90000,1768
2005-03-13 00:00:00+00:00,1508.60000,1508.60000,1505.60000,1506.10000,7
2005-03-14 00:00:00+00:00,1506.60000,1519.70000,1502.70000,1515.20000,860
2005-03-15 00:00:00+00:00,1515.20000,1522.30000,1500.80000,1501.80000,851
2005-03-16 00:00:00+00:00,1502.30000,1510.30000,1482.40000,1487.40000,864
2005-03-17 00:00:00+00:00,1487.40000,1497.00000,1482.50000,1490.50000,639
2005-03-18 00:00:00+00:00,1491.00000,1495.00000,1474.70000,1481.10000,4242
2005-03-20 00:00:00+00:00,1484.30000,1484.80000,1483.80000,1484.80000,16
2005-03-21 00:00:00+00:00,1484.30000,1491.80000,1471.00000,1480.40000,4051
2005-03-22 00:00:00+00:00,1480.40000,1491.40000,1461.10000,1464.10000,4558
2005-03-23 00:00:00+00:00,1463.60000,1481.10000,1456.20000,1471.20000,4419
2005-03-24 00:00:00+00:00,1471.70000,1487.20000,1470.30000,1472.30000,3353
2005-03-27 00:00:00+00:00,1474.50000,1476.00000,1473.50000,1475.50000,23
2005-03-28 00:00:00+00:00,1475.50000,1486.50000,1472.10000,1473.60000,2973
2005-03-29 00:00:00+00:00,1474.10000,1485.10000,1458.80000,1470.70000,4174
2005-03-30 00:00:00+00:00,1471.20000,1493.70000,1469.80000,1492.70000,3912
2005-03-31 00:00:00+00:00,1492.20000,1497.20000,1478.30000,1484.30000,3777
2005-04-01 00:00:00+00:00,1484.80000,1500.30000,1466.00000,1472.00000,5347
2005-04-03 00:00:00+00:00,1471.70000,1473.20000,1470.70000,1471.70000,22
2005-04-04 00:00:00+00:00,1471.20000,1483.20000,1461.80000,1479.70000,3976
2005-04-05 00:00:00+00:00,1479.70000,1488.30000,1477.80000,1482.80000,3072
2005-04-06 00:00:00+00:00,1483.30000,1498.30000,1477.90000,1485.90000,3706
2005-04-07 00:00:00+00:00,1486.40000,1504.40000,1479.50000,1502.40000,3732
2005-04-08 00:00:00+00:00,1502.90000,1505.00000,1485.10000,1486.10000,3163
2005-04-10 00:00:00+00:00,1485.80000,1487.80000,1485.30000,1485.80000,28
2005-04-11 00:00:00+00:00,1486.30000,1492.80000,1476.90000,1479.40000,3013
2005-04-12 00:00:00+00:00,1479.40000,1491.40000,1460.00000,1488.00000,4632
2005-04-13 00:00:00+00:00,1487.50000,1488.00000,1459.20000,1463.10000,4095
2005-04-14 00:00:00+00:00,1463.60000,1466.70000,1424.90000,1430.40000,5467
2005-04-15 00:00:00+00:00,1430.90000,1435.40000,1407.00000,1409.00000,5811
2005-04-17 00:00:00+00:00,1409.70000,1411.20000,1405.70000,1406.70000,69
2005-04-18 00:00:00+00:00,1406.20000,1419.20000,1395.30000,1418.30000,5289
2005-04-19 00:00:00+00:00,1418.30000,1434.30000,1410.30000,1433.30000,4080
2005-04-20 00:00:00+00:00,1433.80000,1434.30000,1403.50000,1409.00000,5538
2005-04-21 00:00:00+00:00,1409.50000,1449.40000,1406.00000,1443.50000,4897
2005-04-22 00:00:00+00:00,1443.00000,1444.50000,1412.10000,1427.10000,4547
2005-04-24 00:00:00+00:00,1426.30000,1430.30000,1426.30000,1426.30000,50
2005-04-25 00:00:00+00:00,1427.30000,1439.30000,1425.30000,1437.30000,3399
2005-04-26 00:00:00+00:00,1436.80000,1447.30000,1419.00000,1421.00000,4578
2005-04-27 00:00:00+00:00,1420.50000,1430.00000,1409.10000,1421.60000,4570
2005-04-28 00:00:00+00:00,1421.10000,1426.10000,1403.70000,1406.70000,4451
2005-04-29 00:00:00+00:00,1406.70000,1423.20000,1393.30000,1421.70000,5599
2005-05-01 00:00:00+00:00,1421.90000,1423.90000,1421.40000,1421.90000,26
2005-05-02 00:00:00+00:00,1421.90000,1434.90000,1415.00000,1423.50000,3279
2005-05-03 00:00:00+00:00,1424.00000,1437.00000,1420.00000,1434.10000,4217
2005-05-04 00:00:00+00:00,1433.60000,1454.10000,1429.60000,1447.60000,3999
2005-05-05 00:00:00+00:00,1447.10000,1457.70000,1440.70000,1451.70000,4012
2005-05-06 00:00:00+00:00,1452.20000,1463.70000,1449.30000,1453.80000,3264
2005-05-08 00:00:00+00:00,1455.50000,1456.50000,1453.50000,1454.50000,27
2005-05-09 00:00:00+00:00,1455.00000,1463.50000,1446.00000,1460.50000,2732
2005-05-10 00:00:00+00:00,1460.00000,1461.10000,1444.70000,1449.20000,3246
2005-05-11 00:00:00+00:00,1448.70000,1461.70000,1431.80000,1457.20000,4889
2005-05-12 00:00:00+00:00,1457.20000,1468.80000,1445.80000,1458.30000,4458
2005-05-13 00:00:00+00:00,1458.30000,1479.80000,1455.90000,1470.40000,4651
2005-05-15 00:00:00+00:00,1471.60000,1472.00000,1469.60000,1470.10000,32
2005-05-16 00:00:00+00:00,1470.10000,1482.60000,1465.60000,1478.60000,2990
2005-05-17 00:00:00+00:00,1479.10000,1492.70000,1469.20000,1489.70000,3498
2005-05-18 00:00:00+00:00,1489.20000,1515.70000,1485.30000,1509.80000,4168
2005-05-19 00:00:00+00:00,1510.30000,1522.30000,1508.80000,1521.80000,3507
2005-05-20 00:00:00+00:00,1521.30000,1529.40000,1514.90000,1527.90000,3074
2005-05-22 00:00:00+00:00,1528.60000,1528.60000,1526.60000,1527.10000,20
2005-05-23 00:00:00+00:00,1527.60000,1541.20000,1524.70000,1535.70000,3218
2005-05-24 00:00:00+00:00,1535.20000,1541.80000,1529.30000,1537.30000,3230
2005-05-25 00:00:00+00:00,1537.30000,1537.80000,1524.40000,1535.90000,2761
2005-05-26 00:00:00+00:00,1535.90000,1552.40000,1535.40000,1547.00000,2955
2005-05-27 00:00:00+00:00,1547.00000,1551.50000,1541.50000,1550.60000,1819
2005-05-30 00:00:00+00:00,1551.80000,1554.80000,1551.30000,1551.90000,64
2005-05-31 00:00:00+00:00,1551.40000,1552.40000,1538.40000,1544.00000,2874
2005-06-01 00:00:00+00:00,1544.00000,1569.00000,1542.00000,1558.00000,3438
2005-06-02 00:00:00+00:00,1557.50000,1571.10000,1553.60000,1570.10000,2408
2005-06-03 00:00:00+00:00,1570.10000,1575.20000,1542.20000,1549.20000,3274
2005-06-05 00:00:00+00:00,1548.40000,1549.40000,1547.90000,1548.90000,15
2005-06-06 00:00:00+00:00,1548.90000,1551.50000,1539.50000,1544.50000,2186
2005-06-07 00:00:00+00:00,1545.00000,1561.10000,1531.10000,1535.20000,3654
2005-06-08 00:00:00+00:00,1535.70000,1541.70000,1523.70000,1528.30000,2803
2005-06-09 00:00:00+00:00,1527.80000,1543.80000,1520.80000,1535.30000,2031
2005-06-10 00:00:00+00:00,1534.80000,1540.40000,1515.90000,1524.40000,1232
2005-06-12 00:00:00+00:00,1522.60000,1524.10000,1522.60000,1524.10000,7
2005-06-13 00:00:00+00:00,1524.10000,1539.20000,1519.70000,1532.20000,947
2005-06-14 00:00:00+00:00,1532.20000,1544.80000,1521.30000,1526.80000,841
2005-06-15 00:00:00+00:00,1526.80000,1536.90000,1510.40000,1528.40000,753
2005-06-16 00:00:00+00:00,1528.90000,1540.50000,1527.40000,1536.00000,576
2005-06-17 00:00:00+00:00,1535.50000,1551.50000,1532.60000,1537.60000,3103
2005-06-19 00:00:00+00:00,1537.90000,1538.40000,1534.90000,1535.40000,35
2005-06-20 00:00:00+00:00,1535.90000,1546.90000,1526.50000,1536.00000,2782
2005-06-21 00:00:00+00:00,1535.50000,1544.00000,1531.10000,1540.10000,2905
2005-06-22 00:00:00+00:00,1539.60000,1548.10000,1527.80000,1538.20000,3072
2005-06-23 00:00:00+00:00,1538.20000,1550.70000,1515.00000,1517.00000,4544
2005-06-24 00:00:00+00:00,1516.50000,1520.00000,1497.70000,1501.20000,3400
2005-06-26 00:00:00+00:00,1502.40000,1502.90000,1499.50000,1500.50000,37
2005-06-27 00:00:00+00:00,1500.00000,1505.50000,1490.10000,1496.60000,2962
2005-06-28 00:00:00+00:00,1496.60000,1513.60000,1496.60000,1507.70000,2472
2005-06-29 00:00:00+00:00,1508.20000,1514.70000,1501.30000,1503.80000,2474
2005-06-30 00:00:00+00:00,1503.80000,1510.80000,1491.00000,1493.00000,3016
2005-07-01 00:00:00+00:00,1493.50000,1503.50000,1489.10000,1491.10000,2490
2005-07-03 00:00:00+00:00,1491.80000,1491.80000,1490.30000,1491.30000,13
2005-07-04 00:00:00+00:00,1490.80000,1491.90000,1487.90000,1490.50000,165
2005-07-05 00:00:00+00:00,1491.00000,1510.40000,1483.10000,1505.00000,2947
2005-07-06 00:00:00+00:00,1505.50000,1513.50000,1496.10000,1498.70000,3001
2005-07-07 00:00:00+00:00,1498.70000,1507.20000,1456.90000,1507.20000,5603
2005-07-08 00:00:00+00:00,1506.70000,1536.70000,1501.30000,1536.70000,3639
2005-07-10 00:00:00+00:00,1535.90000,1536.40000,1534.90000,1535.90000,26
2005-07-11 00:00:00+00:00,1535.40000,1550.50000,1534.50000,1549.50000,3020
2005-07-12 00:00:00+00:00,1549.50000,1561.50000,1543.10000,1554.10000,2927
2005-07-13 00:00:00+00:00,1554.60000,1562.60000,1549.70000,1561.70000,2937
2005-07-14 00:00:00+00:00,1561.20000,1578.20000,1560.70000,1576.20000,3639
2005-07-15 00:00:00+00:00,1575.70000,1583.30000,1568.30000,1578.30000,2439
2005-07-17 00:00:00+00:00,1578.10000,1578.60000,1576.60000,1577.60000,19
2005-07-18 00:00:00+00:00,1577.60000,1579.20000,1570.70000,1577.70000,2144
2005-07-19 00:00:00+00:00,1577.20000,1593.70000,1576.70000,1581.30000,2841
2005-07-20 00:00:00+00:00,1581.80000,1607.80000,1578.90000,1604.30000,3591
2005-07-21 00:00:00+00:00,1603.80000,1615.80000,1591.50000,1598.00000,4773
2005-07-22 00:00:00+00:00,1597.50000,1607.50000,1591.60000,1602.60000,2724
2005-07-24 00:00:00+00:00,1602.30000,1603.30000,1601.30000,1602.80000,26
2005-07-25 00:00:00+00:00,1602.80000,1609.40000,1592.00000,1598.50000,2679
2005-07-26 00:00:00+00:00,1598.50000,1605.10000,1591.10000,1598.60000,2726
2005-07-27 00:00:00+00:00,1598.10000,1614.20000,1592.20000,1612.70000,3117
2005-07-28 00:00:00+00:00,1612.70000,1622.30000,1609.70000,1621.30000,2622
2005-07-29 00:00:00+00:00,1621.30000,1623.80000,1604.90000,1609.40000,2441
2005-07-31 00:00:00+00:00,1610.20000,1610.70000,1609.20000,1609.20000,24
2005-08-01 00:00:00+00:00,1609.20000,1617.30000,1604.30000,1610.30000,2281
2005-08-02 00:00:00+00:00,1610.80000,1629.90000,1609.90000,1622.40000,2843
2005-08-03 00:00:00+00:00,1622.90000,1629.50000,1618.50000,1627.00000,2103
2005-08-04 00:00:00+00:00,1627.00000,1627.00000,1606.20000,1611.70000,2701
2005-08-05 00:00:00+00:00,1611.20000,1615.30000,1599.80000,1603.30000,2920
2005-08-07 00:00:00+00:00,1602.60000,1603.60000,1601.60000,1602.60000,17
2005-08-08 00:00:00+00:00,1603.10000,1609.10000,1588.80000,1592.80000,2557
2005-08-09 00:00:00+00:00,1592.30000,1607.80000,1591.80000,1599.90000,2452
2005-08-10 00:00:00+00:00,1599.40000,1610.90000,1582.00000,1591.00000,3392
2005-08-11 00:00:00+00:00,1591.00000,1605.10000,1586.60000,1591.20000,3303
2005-08-12 00:00:00+00:00,1591.20000,1595.70000,1581.30000,1588.80000,3036
2005-08-14 00:00:00+00:00,1583.00000,1589.00000,1583.00000,1588.50000,21
2005-08-15 00:00:00+00:00,1588.00000,1608.60000,1586.10000,1602.60000,2790
2005-08-16 00:00:00+00:00,1602.60000,1604.20000,1572.80000,1580.30000,3465
2005-08-17 00:00:00+00:00,1579.80000,1589.90000,1573.90000,1581.90000,3034
2005-08-18 00:00:00+00:00,1581.90000,1586.50000,1573.00000,1576.50000,2745
2005-08-19 00:00:00+00:00,1577.00000,1583.10000,1572.70000,1576.20000,2200
2005-08-21 00:00:00+00:00,1575.40000,1577.40000,1574.90000,1575.90000,26
2005-08-22 00:00:00+00:00,1575.90000,1590.50000,1566.00000,1577.50000,3212
2005-08-23 00:00:00+00:00,1578.00000,1580.10000,1566.70000,1575.20000,2424
2005-08-24 00:00:00+00:00,1574.70000,1590.20000,1559.80000,1562.80000,3819
2005-08-25 00:00:00+00:00,1563.30000,1570.40000,1561.40000,1565.40000,2133
2005-08-26 00:00:00+00:00,1565.40000,1568.00000,1552.50000,1559.50000,2521
2005-08-28 00:00:00+00:00,1556.80000,1556.80000,1542.30000,1549.30000,239
2005-08-29 00:00:00+00:00,1549.80000,1576.90000,1548.40000,1573.40000,3088
2005-08-30 00:00:00+00:00,1572.90000,1574.40000,1555.00000,1563.50000,3336
2005-08-31 00:00:00+00:00,1564.00000,1586.60000,1561.10000,1584.70000,4111
2005-09-01 00:00:00+00:00,1584.20000,1588.70000,1573.20000,1577.30000,3389
2005-09-02 00:00:00+00:00,1576.80000,1583.80000,1571.90000,1575.40000,2454
2005-09-04 00:00:00+00:00,1577.60000,1578.20000,1575.70000,1577.70000,17
2005-09-05 00:00:00+00:00,1577.20000,1581.30000,1576.70000,1580.30000,199
2005-09-06 00:00:00+00:00,1580.30000,1598.90000,1577.80000,1596.90000,2632
2005-09-07 00:00:00+00:00,1597.40000,1602.00000,1591.00000,1597.00000,2295
2005-09-08 00:00:00+00:00,1596.50000,1605.60000,1592.10000,1599.10000,1437
2005-09-09 00:00:00+00:00,1598.60000,1610.70000,1595.20000,1608.20000,869
2005-09-11 00:00:00+00:00,1610.50000,1612.50000,1610.50000,1612.00000,9
2005-09-12 00:00:00+00:00,1612.00000,1618.10000,1606.10000,1610.10000,616
2005-09-13 00:00:00+00:00,1609.60000,1620.20000,1604.70000,1608.70000,653
2005-09-14 00:00:00+00:00,1609.80000,1614.30000,1589.40000,1590.40000,600
2005-09-15 00:00:00+00:00,1591.90000,1596.00000,1585.00000,1589.00000,572
2005-09-16 00:00:00+00:00,1588.50000,1602.50000,1586.00000,1600.00000,2747
2005-09-18 00:00:00+00:00,1600.80000,1600.80000,1596.80000,1597.30000,56
2005-09-19 00:00:00+00:00,1597.30000,1599.90000,1580.10000,1589.50000,2635
2005-09-20 00:00:00+00:00,1589.50000,1606.50000,1576.20000,1579.70000,3699
2005-09-21 00:00:00+00:00,1579.20000,1583.70000,1560.50000,1562.00000,3557
2005-09-22 00:00:00+00:00,1562.00000,1572.00000,1552.60000,1564.60000,4228
2005-09-23 00:00:00+00:00,1564.10000,1578.60000,1559.70000,1574.10000,3085
2005-09-25 00:00:00+00:00,1581.40000,1584.30000,1581.40000,1582.90000,66
2005-09-26 00:00:00+00:00,1583.40000,1586.40000,1565.10000,1575.50000,3067
2005-09-27 00:00:00+00:00,1575.50000,1580.60000,1564.20000,1570.20000,2880
2005-09-28 00:00:00+00:00,1569.70000,1582.20000,1565.30000,1571.30000,2685
2005-09-29 00:00:00+00:00,1570.80000,1593.30000,1561.00000,1591.80000,4023
2005-09-30 00:00:00+00:00,1592.30000,1605.90000,1588.40000,1605.40000,3038
2005-10-02 00:00:00+00:00,1605.10000,1607.10000,1603.70000,1606.60000,33
2005-10-03 00:00:00+00:00,1606.60000,1614.70000,1604.20000,1607.30000,2827
2005-10-04 00:00:00+00:00,1607.30000,1619.80000,1593.50000,1594.00000,3098
2005-10-05 00:00:00+00:00,1594.50000,1597.50000,1571.70000,1575.20000,3739
2005-10-06 00:00:00+00:00,1574.70000,1577.80000,1539.50000,1556.50000,5525
2005-10-07 00:00:00+00:00,1556.50000,1564.00000,1549.60000,1553.60000,3547
2005-10-09 00:00:00+00:00,1553.90000,1557.80000,1553.90000,1557.30000,20
2005-10-10 00:00:00+00:00,1557.30000,1562.40000,1544.50000,1547.00000,3146
2005-10-11 00:00:00+00:00,1546.50000,1555.00000,1530.30000,1531.80000,3946
2005-10-12 00:00:00+00:00,1532.30000,1545.30000,1517.40000,1520.90000,4904
2005-10-13 00:00:00+00:00,1520.90000,1539.40000,1515.00000,1529.50000,4647
2005-10-14 00:00:00+00:00,1529.50000,1545.50000,1528.60000,1542.60000,3945
2005-10-16 00:00:00+00:00,1542.80000,1548.30000,1542.30000,1545.80000,50
2005-10-17 00:00:00+00:00,1545.30000,1551.40000,1535.00000,1548.90000,2783
2005-10-18 00:00:00+00:00,1548.40000,1554.00000,1532.10000,1534.10000,3343
2005-10-19 00:00:00+00:00,1534.10000,1574.50000,1526.20000,1571.10000,5382
2005-10-20 00:00:00+00:00,1570.60000,1576.60000,1546.30000,1556.30000,4606
2005-10-21 00:00:00+00:00,1556.80000,1572.80000,1555.30000,1568.80000,3861
2005-10-23 00:00:00+00:00,1568.60000,1570.10000,1568.10000,1569.60000,30
2005-10-24 00:00:00+00:00,1569.60000,1592.10000,1561.20000,1588.70000,3589
2005-10-25 00:00:00+00:00,1588.20000,1590.70000,1573.80000,1584.30000,3238
2005-10-26 00:00:00+00:00,1584.30000,1594.40000,1573.00000,1576.00000,3546
2005-10-27 00:00:00+00:00,1576.50000,1578.00000,1540.20000,1541.80000,4055
2005-10-28 00:00:00+00:00,1542.30000,1558.80000,1539.30000,1554.30000,4405
2005-10-30 00:00:00+00:00,1554.60000,1558.60000,1554.60000,1557.10000,26
2005-10-31 00:00:00+00:00,1556.60000,1585.60000,1556.10000,1568.20000,3367
2005-11-01 00:00:00+00:00,1572.20000,1584.20000,1571.70000,1578.80000,2642
2005-11-02 00:00:00+00:00,1578.80000,1605.30000,1571.40000,1602.80000,3802
2005-11-03 00:00:00+00:00,1602.80000,1627.80000,1598.90000,1622.90000,3956
2005-11-04 00:00:00+00:00,1622.90000,1632.90000,1617.50000,1627.50000,3207
2005-11-06 00:00:00+00:00,1628.20000,1628.70000,1627.30000,1628.30000,16
2005-11-07 00:00:00+00:00,1628.30000,1635.80000,1621.90000,1628.40000,3024
2005-11-08 00:00:00+00:00,1628.40000,1638.00000,1623.50000,1631.00000,3120
2005-11-09 00:00:00+00:00,1631.00000,1637.60000,1624.60000,1630.20000,3106
2005-11-10 00:00:00+00:00,1630.70000,1653.70000,1620.30000,1653.70000,3967
2005-11-11 00:00:00+00:00,1653.20000,1661.30000,1651.80000,1654.30000,2383
2005-11-13 00:00:00+00:00,1655.10000,1656.10000,1653.10000,1653.60000,22
2005-11-14 00:00:00+00:00,1653.10000,1659.20000,1648.70000,1653.30000,2073
2005-11-15 00:00:00+00:00,1652.80000,1660.80000,1639.90000,1647.90000,2878
2005-11-16 00:00:00+00:00,1647.40000,1658.00000,1643.00000,1655.00000,2813
2005-11-17 00:00:00+00:00,1655.50000,1683.10000,1655.50000,1680.10000,3114
2005-11-18 00:00:00+00:00,1680.10000,1691.20000,1675.20000,1679.70000,3358
2005-11-20 00:00:00+00:00,1681.00000,1681.00000,1679.50000,1679.50000,12
2005-11-21 00:00:00+00:00,1680.00000,1689.10000,1674.10000,1686.70000,2709
2005-11-22 00:00:00+00:00,1686.70000,1699.80000,1678.80000,1692.30000,2854
2005-11-23 00:00:00+00:00,1692.80000,1705.90000,1691.90000,1697.90000,2553
2005-11-24 00:00:00+00:00,1696.90000,1698.50000,1693.50000,1695.60000,150
2005-11-25 00:00:00+00:00,1695.10000,1702.70000,1693.60000,1701.20000,936
2005-11-27 00:00:00+00:00,1702.00000,1702.00000,1700.50000,1701.00000,21
2005-11-28 00:00:00+00:00,1701.00000,1707.50000,1684.10000,1689.60000,2916
2005-11-29 00:00:00+00:00,1690.10000,1699.20000,1676.80000,1678.80000,3292
2005-11-30 00:00:00+00:00,1679.30000,1683.90000,1671.40000,1676.90000,3540
2005-12-01 00:00:00+00:00,1676.40000,1706.50000,1675.90000,1703.00000,3166
2005-12-02 00:00:00+00:00,1703.50000,1710.10000,1699.10000,1708.20000,2342
2005-12-04 00:00:00+00:00,1708.50000,1709.50000,1708.50000,1709.50000,10
2005-12-05 00:00:00+00:00,1709.00000,1712.50000,1689.60000,1698.10000,2629
2005-12-06 00:00:00+00:00,1698.60000,1717.70000,1696.70000,1704.80000,3190
2005-12-07 00:00:00+00:00,1705.30000,1706.30000,1688.40000,1699.90000,3353
2005-12-08 00:00:00+00:00,1699.40000,1703.50000,1674.00000,1683.00000,1989
2005-12-09 00:00:00+00:00,1683.50000,1694.20000,1678.60000,1693.20000,1044
2005-12-11 00:00:00+00:00,1695.50000,1696.50000,1694.50000,1695.00000,7
2005-12-12 00:00:00+00:00,1694.00000,1702.00000,1691.10000,1699.60000,684
2005-12-13 00:00:00+00:00,1700.60000,1713.20000,1694.20000,1708.20000,721
2005-12-14 00:00:00+00:00,1708.20000,1708.20000,1691.80000,1702.40000,544
2005-12-15 00:00:00+00:00,1702.40000,1707.00000,1687.50000,1703.00000,518
2005-12-16 00:00:00+00:00,1703.00000,1708.50000,1690.30000,1693.70000,3013
2005-12-18 00:00:00+00:00,1695.10000,1695.60000,1694.10000,1694.60000,19
2005-12-19 00:00:00+00:00,1695.10000,1699.60000,1662.50000,1664.50000,3394
2005-12-20 00:00:00+00:00,1664.50000,1674.10000,1658.70000,1664.20000,3036
2005-12-21 00:00:00+00:00,1664.20000,1684.70000,1664.20000,1670.80000,3004
2005-12-22 00:00:00+00:00,1670.30000,1687.30000,1668.40000,1685.90000,2368
2005-12-23 00:00:00+00:00,1686.40000,1691.90000,1679.60000,1684.00000,1616
2005-12-26 00:00:00+00:00,1686.60000,1693.00000,1686.10000,1691.00000,21
2005-12-27 00:00:00+00:00,1690.50000,1696.10000,1666.90000,1669.90000,2503
2005-12-28 00:00:00+00:00,1669.40000,1675.50000,1662.60000,1668.60000,1964
2005-12-29 00:00:00+00:00,1668.10000,1672.70000,1652.30000,1655.30000,1870
2005-12-30 00:00:00+00:00,1655.80000,1656.80000,1641.10000,1641.60000,2009
2006-01-02 00:00:00+00:00,1646.10000,1650.60000,1645.60000,1650.10000,56
2006-01-03 00:00:00+00:00,1649.60000,1688.40000,1633.80000,1681.50000,4649
2006-01-04 00:00:00+00:00,1682.00000,1701.00000,1675.10000,1698.60000,3655
2006-01-05 00:00:00+00:00,1698.60000,1712.10000,1695.70000,1709.70000,2984
2006-01-06 00:00:00+00:00,1709.70000,1737.60000,1708.30000,1736.60000,4203
2006-01-08 00:00:00+00:00,1735.00000,1736.50000,1733.00000,1735.00000,21
2006-01-09 00:00:00+00:00,1735.00000,1746.60000,1730.20000,1741.70000,3519
2006-01-10 00:00:00+00:00,1741.70000,1748.80000,1731.30000,1746.80000,3584
2006-01-11 00:00:00+00:00,1746.30000,1762.30000,1743.90000,1757.90000,3805
2006-01-12 00:00:00+00:00,1757.90000,1761.50000,1743.20000,1752.60000,3246
2006-01-13 00:00:00+00:00,1752.10000,1754.70000,1738.40000,1748.30000,3080
2006-01-15 00:00:00+00:00,1749.20000,1749.20000,1746.70000,1747.70000,8
2006-01-16 00:00:00+00:00,1747.20000,1753.30000,1744.20000,1752.80000,156
2006-01-17 00:00:00+00:00,1752.90000,1752.90000,1717.20000,1718.20000,3338
2006-01-18 00:00:00+00:00,1717.70000,1727.30000,1703.40000,1721.90000,5273
2006-01-19 00:00:00+00:00,1722.40000,1742.40000,1717.00000,1726.50000,4237
2006-01-20 00:00:00+00:00,1726.00000,1729.60000,1674.00000,1675.50000,6049
2006-01-22 00:00:00+00:00,1675.30000,1676.30000,1672.90000,1675.80000,64
2006-01-23 00:00:00+00:00,1676.30000,1686.90000,1671.00000,1673.50000,4565
2006-01-24 00:00:00+00:00,1674.50000,1697.00000,1674.50000,1686.20000,4246
2006-01-25 00:00:00+00:00,1686.70000,1696.20000,1670.90000,1679.80000,4866
2006-01-26 00:00:00+00:00,1679.40000,1700.90000,1676.50000,1699.40000,4715
2006-01-27 00:00:00+00:00,1699.40000,1724.40000,1697.50000,1714.50000,4526
2006-01-29 00:00:00+00:00,1713.90000,1716.40000,1713.90000,1716.40000,23
2006-01-30 00:00:00+00:00,1715.90000,1722.00000,1711.50000,1716.00000,2659
2006-01-31 00:00:00+00:00,1715.60000,1720.20000,1685.80000,1690.30000,4079
2006-02-01 00:00:00+00:00,1693.40000,1717.90000,1689.90000,1713.90000,4073
2006-02-02 00:00:00+00:00,1714.40000,1715.00000,1681.20000,1683.70000,4576
2006-02-03 00:00:00+00:00,1683.20000,1691.80000,1658.50000,1661.00000,5112
2006-02-05 00:00:00+00:00,1661.30000,1662.30000,1658.80000,1661.80000,51
2006-02-06 00:00:00+00:00,1661.30000,1668.40000,1651.00000,1663.50000,3538
2006-02-07 00:00:00+00:00,1663.50000,1665.00000,1645.20000,1660.70000,4293
2006-02-08 00:00:00+00:00,1660.20000,1673.80000,1654.30000,1669.30000,4218
2006-02-09 00:00:00+00:00,1668.80000,1682.90000,1652.00000,1655.00000,4289
2006-02-10 00:00:00+00:00,1654.50000,1669.60000,1636.70000,1660.20000,4391
2006-02-12 00:00:00+00:00,1661.00000,1661.50000,1659.00000,1660.00000,37
2006-02-13 00:00:00+00:00,1660.00000,1660.00000,1638.80000,1649.30000,3333
2006-02-14 00:00:00+00:00,1649.30000,1668.30000,1643.40000,1661.40000,4188
2006-02-15 00:00:00+00:00,1661.40000,1677.40000,1655.50000,1677.00000,3872
2006-02-16 00:00:00+00:00,1676.50000,1692.60000,1672.70000,1688.70000,4166
2006-02-17 00:00:00+00:00,1689.20000,1691.20000,1671.80000,1673.30000,3466
2006-02-19 00:00:00+00:00,1673.20000,1674.20000,1672.20000,1673.70000,17
2006-02-20 00:00:00+00:00,1673.70000,1676.20000,1671.30000,1671.90000,196
2006-02-21 00:00:00+00:00,1672.40000,1683.90000,1651.60000,1657.60000,4246
2006-02-22 00:00:00+00:00,1657.60000,1685.70000,1653.20000,1674.70000,3784
2006-02-23 00:00:00+00:00,1675.20000,1689.30000,1669.80000,1674.40000,3297
2006-02-24 00:00:00+00:00,1674.90000,1681.00000,1667.00000,1680.50000,3095
2006-02-26 00:00:00+00:00,1680.90000,1682.90000,1680.40000,1682.90000,21
2006-02-27 00:00:00+00:00,1683.40000,1702.50000,1681.00000,1694.00000,2849
2006-02-28 00:00:00+00:00,1693.60000,1696.70000,1665.80000,1669.30000,4759
2006-03-01 00:00:00+00:00,1672.30000,1698.40000,1671.30000,1695.40000,3281
2006-03-02 00:00:00+00:00,1694.90000,1701.00000,1683.50000,1697.10000,3979
2006-03-03 00:00:00+00:00,1696.60000,1707.70000,1677.20000,1683.30000,4738
2006-03-05 00:00:00+00:00,1684.10000,1687.10000,1683.10000,1684.60000,46
2006-03-06 00:00:00+00:00,1685.10000,1692.70000,1665.30000,1670.80000,4007
2006-03-07 00:00:00+00:00,1671.30000,1671.80000,1652.50000,1660.00000,3700
2006-03-08 00:00:00+00:00,1660.00000,1670.10000,1646.10000,1664.20000,3821
2006-03-09 00:00:00+00:00,1663.70000,1672.80000,1617.30000,1640.30000,2037
2006-03-10 00:00:00+00:00,1640.80000,1658.00000,1632.90000,1648.50000,1466
2006-03-12 00:00:00+00:00,1647.80000,1649.80000,1646.80000,1648.80000,7
2006-03-13 00:00:00+00:00,1648.80000,1664.40000,1648.80000,1656.00000,766
2006-03-14 00:00:00+00:00,1654.00000,1686.20000,1648.60000,1684.70000,795
2006-03-15 00:00:00+00:00,1685.20000,1696.80000,1679.80000,1692.80000,565
2006-03-16 00:00:00+00:00,1692.80000,1703.50000,1679.50000,1682.50000,575
2006-03-17 00:00:00+00:00,1682.00000,1692.50000,1677.20000,1687.10000,3084
2006-03-19 00:00:00+00:00,1687.00000,1688.50000,1685.60000,1688.50000,24
2006-03-20 00:00:00+00:00,1688.50000,1696.10000,1684.70000,1688.70000,2423
2006-03-21 00:00:00+00:00,1688.30000,1710.20000,1657.30000,1662.20000,5313
2006-03-22 00:00:00+00:00,1661.70000,1679.70000,1655.80000,1675.80000,4314
2006-03-23 00:00:00+00:00,1675.80000,1679.40000,1661.00000,1678.40000,3338
2006-03-24 00:00:00+00:00,1678.90000,1689.00000,1669.20000,1680.60000,3369
2006-03-26 00:00:00+00:00,1681.50000,1683.50000,1681.50000,1682.50000,21
2006-03-27 00:00:00+00:00,1682.00000,1689.10000,1678.20000,1682.20000,2319
2006-03-28 00:00:00+00:00,1682.70000,1696.20000,1668.00000,1672.50000,3550
2006-03-29 00:00:00+00:00,1672.50000,1712.80000,1672.00000,1702.90000,4066
2006-03-30 00:00:00+00:00,1703.40000,1721.90000,1700.60000,1710.50000,4293
2006-03-31 00:00:00+00:00,1710.00000,1716.60000,1701.80000,1709.70000,2916
2006-04-02 00:00:00+00:00,1709.90000,1712.90000,1709.60000,1712.40000,65
2006-04-03 00:00:00+00:00,1712.60000,1724.20000,1705.40000,1709.60000,5108
2006-04-04 00:00:00+00:00,1709.40000,1722.20000,1706.50000,1718.50000,5195
2006-04-05 00:00:00+00:00,1718.20000,1736.30000,1715.60000,1732.60000,5832
2006-04-06 00:00:00+00:00,1732.30000,1746.90000,1727.80000,1739.50000,5156
2006-04-07 00:00:00+00:00,1739.50000,1751.50000,1721.00000,1725.00000,7311
2006-04-09 00:00:00+00:00,1723.90000,1725.20000,1723.00000,1723.20000,51
2006-04-10 00:00:00+00:00,1723.20000,1729.50000,1713.20000,1722.90000,4621
2006-04-11 00:00:00+00:00,1723.20000,1726.30000,1696.50000,1707.50000,6150
2006-04-12 00:00:00+00:00,1707.20000,1711.30000,1700.90000,1706.40000,4544
2006-04-13 00:00:00+00:00,1706.70000,1722.00000,1700.40000,1712.30000,4522
2006-04-16 00:00:00+00:00,1712.20000,1712.70000,1711.50000,1712.20000,40
2006-04-17 00:00:00+00:00,1712.20000,1717.80000,1684.50000,1699.30000,5708
2006-04-18 00:00:00+00:00,1699.00000,1735.70000,1694.40000,1734.50000,6965
2006-04-19 00:00:00+00:00,1734.70000,1739.50000,1721.20000,1733.20000,5889
2006-04-20 00:00:00+00:00,1733.40000,1742.20000,1724.60000,1733.40000,5728
2006-04-21 00:00:00+00:00,1733.10000,1738.20000,1701.00000,1707.20000,6362
2006-04-23 00:00:00+00:00,1707.40000,1709.60000,1707.40000,1709.40000,52
2006-04-24 00:00:00+00:00,1709.60000,1712.00000,1697.30000,1710.10000,4551
2006-04-25 00:00:00+00:00,1710.30000,1714.20000,1694.80000,1705.10000,5745
2006-04-26 00:00:00+00:00,1705.60000,1711.20000,1696.30000,1703.00000,5088
2006-04-27 00:00:00+00:00,1702.50000,1728.80000,1688.00000,1711.70000,8710
2006-04-28 00:00:00+00:00,1711.70000,1717.50000,1699.40000,1705.40000,5530
2006-05-01 00:00:00+00:00,1705.30000,1710.70000,1680.60000,1687.60000,5353
2006-05-02 00:00:00+00:00,1687.90000,1697.70000,1686.70000,1688.60000,4974
2006-05-03 00:00:00+00:00,1688.60000,1693.90000,1679.30000,1685.00000,5378
2006-05-04 00:00:00+00:00,1685.30000,1708.30000,1684.10000,1701.60000,5215
2006-05-05 00:00:00+00:00,1701.90000,1717.20000,1701.20000,1712.00000,5229
2006-05-07 00:00:00+00:00,1712.70000,1714.70000,1712.70000,1714.70000,28
2006-05-08 00:00:00+00:00,1714.20000,1720.30000,1712.00000,1713.40000,3621
2006-05-09 00:00:00+00:00,1713.60000,1716.80000,1708.30000,1709.40000,3439
2006-05-10 00:00:00+00:00,1709.40000,1712.90000,1690.80000,1693.90000,5190
2006-05-11 00:00:00+00:00,1693.40000,1699.20000,1653.20000,1659.20000,7984
2006-05-12 00:00:00+00:00,1658.70000,1660.30000,1634.50000,1635.00000,8212
2006-05-14 00:00:00+00:00,1632.90000,1633.40000,1614.70000,1628.20000,187
2006-05-15 00:00:00+00:00,1627.90000,1641.70000,1617.00000,1630.10000,8269
2006-05-16 00:00:00+00:00,1630.10000,1638.20000,1618.30000,1622.80000,7589
2006-05-17 00:00:00+00:00,1623.10000,1629.10000,1595.50000,1602.30000,10097
2006-05-18 00:00:00+00:00,1602.30000,1612.90000,1586.80000,1592.00000,7663
2006-05-19 00:00:00+00:00,1591.80000,1605.60000,1576.20000,1600.70000,9610
2006-05-21 00:00:00+00:00,1601.60000,1605.80000,1601.60000,1605.60000,66
2006-05-22 00:00:00+00:00,1605.60000,1605.80000,1571.60000,1583.60000,9599
2006-05-23 00:00:00+00:00,1584.10000,1602.60000,1553.10000,1556.30000,7318
2006-05-24 00:00:00+00:00,1555.80000,1587.60000,1554.70000,1582.90000,12115
2006-05-25 00:00:00+00:00,1581.90000,1603.00000,1575.50000,1602.60000,7416
2006-05-26 00:00:00+00:00,1602.60000,1608.40000,1594.70000,1606.00000,5083
2006-05-28 00:00:00+00:00,1605.60000,1607.90000,1604.60000,1606.10000,32
2006-05-29 00:00:00+00:00,1606.10000,1607.20000,1602.80000,1603.60000,153
2006-05-30 00:00:00+00:00,1603.80000,1604.90000,1565.30000,1568.80000,6252
2006-05-31 00:00:00+00:00,1568.80000,1588.70000,1562.40000,1580.70000,7333
2006-06-01 00:00:00+00:00,1580.70000,1617.10000,1572.30000,1616.10000,6089
2006-06-02 00:00:00+00:00,1615.60000,1632.20000,1598.50000,1611.30000,7475
2006-06-04 00:00:00+00:00,1610.90000,1611.40000,1609.90000,1611.00000,31
2006-06-05 00:00:00+00:00,1610.50000,1611.20000,1577.40000,1583.20000,6652
2006-06-06 00:00:00+00:00,1582.40000,1588.00000,1560.10000,1578.40000,9071
2006-06-07 00:00:00+00:00,1578.10000,1593.00000,1557.50000,1561.30000,7692
2006-06-08 00:00:00+00:00,1561.10000,1567.70000,1524.70000,1562.50000,8139
2006-06-09 00:00:00+00:00,1561.70000,1575.30000,1546.70000,1549.70000,3119
2006-06-11 00:00:00+00:00,1549.30000,1549.30000,1547.30000,1548.50000,9
2006-06-12 00:00:00+00:00,1547.80000,1559.30000,1520.00000,1524.20000,2759
2006-06-13 00:00:00+00:00,1525.00000,1536.80000,1511.80000,1515.90000,3112
2006-06-14 00:00:00+00:00,1515.90000,1532.00000,1510.30000,1529.80000,2130
2006-06-15 00:00:00+00:00,1531.10000,1578.30000,1529.90000,1573.60000,1735
2006-06-16 00:00:00+00:00,1573.80000,1576.80000,1552.00000,1554.50000,7361
2006-06-18 00:00:00+00:00,1556.50000,1557.70000,1554.20000,1557.70000,47
2006-06-19 00:00:00+00:00,1557.50000,1567.00000,1541.30000,1545.80000,7933
2006-06-20 00:00:00+00:00,1546.10000,1564.00000,1541.80000,1549.50000,7340
2006-06-21 00:00:00+00:00,1549.50000,1584.80000,1547.20000,1572.70000,7631
2006-06-22 00:00:00+00:00,1572.20000,1578.50000,1543.70000,1553.70000,7268
2006-06-23 00:00:00+00:00,1553.40000,1565.70000,1542.20000,1548.20000,6144
2006-06-25 00:00:00+00:00,1548.90000,1550.40000,1548.20000,1550.20000,51
2006-06-26 00:00:00+00:00,1550.20000,1560.70000,1547.30000,1553.80000,4883
2006-06-27 00:00:00+00:00,1553.80000,1558.20000,1524.10000,1527.40000,5967
2006-06-28 00:00:00+00:00,1527.40000,1540.70000,1519.40000,1540.50000,5436
2006-06-29 00:00:00+00:00,1540.00000,1587.80000,1540.00000,1583.00000,7753
2006-06-30 00:00:00+00:00,1583.40000,1593.50000,1572.70000,1575.70000,5660
2006-07-02 00:00:00+00:00,1576.40000,1583.90000,1576.40000,1577.70000,43
2006-07-03 00:00:00+00:00,1577.70000,1586.50000,1575.80000,1583.10000,1793
2006-07-04 00:00:00+00:00,1583.40000,1585.80000,1580.40000,1580.40000,175
2006-07-05 00:00:00+00:00,1580.90000,1581.50000,1548.10000,1552.90000,5270
2006-07-06 00:00:00+00:00,1552.40000,1564.20000,1544.90000,1548.40000,4980
2006-07-07 00:00:00+00:00,1548.70000,1562.70000,1527.10000,1534.80000,6850
2006-07-09 00:00:00+00:00,1534.00000,1537.20000,1534.00000,1535.50000,63
2006-07-10 00:00:00+00:00,1535.70000,1542.50000,1511.70000,1522.10000,6216
2006-07-11 00:00:00+00:00,1522.10000,1534.40000,1507.90000,1531.20000,7020
2006-07-12 00:00:00+00:00,1531.20000,1533.00000,1497.50000,1503.20000,7646
2006-07-13 00:00:00+00:00,1503.00000,1505.60000,1470.20000,1470.70000,9980
2006-07-14 00:00:00+00:00,1471.00000,1480.00000,1455.00000,1462.00000,8914
2006-07-16 00:00:00+00:00,1463.40000,1464.40000,1461.20000,1463.20000,98
2006-07-17 00:00:00+00:00,1463.20000,1474.00000,1452.10000,1466.40000,7665
2006-07-18 00:00:00+00:00,1466.10000,1476.70000,1445.50000,1469.10000,9964
2006-07-19 00:00:00+00:00,1468.80000,1497.80000,1464.20000,1489.10000,9657
2006-07-20 00:00:00+00:00,1488.90000,1495.50000,1458.80000,1469.00000,9125
2006-07-21 00:00:00+00:00,1469.30000,1473.50000,1448.10000,1448.80000,7860
2006-07-23 00:00:00+00:00,1449.50000,1450.50000,1448.50000,1450.00000,54
2006-07-24 00:00:00+00:00,1449.80000,1488.20000,1448.80000,1486.50000,6516
2006-07-25 00:00:00+00:00,1486.20000,1493.60000,1473.30000,1480.00000,7058
2006-07-26 00:00:00+00:00,1480.50000,1498.50000,1472.40000,1484.40000,6807
2006-07-27 00:00:00+00:00,1484.20000,1505.40000,1473.40000,1481.90000,7167
2006-07-28 00:00:00+00:00,1482.40000,1511.40000,1480.80000,1511.40000,6586
2006-07-30 00:00:00+00:00,1509.90000,1510.40000,1508.40000,1509.10000,49
2006-07-31 00:00:00+00:00,1508.90000,1517.00000,1499.80000,1506.10000,4904
2006-08-01 00:00:00+00:00,1506.10000,1507.40000,1474.30000,1485.00000,6128
2006-08-02 00:00:00+00:00,1484.70000,1509.70000,1483.50000,1500.90000,5852
2006-08-03 00:00:00+00:00,1500.90000,1518.20000,1483.30000,1509.80000,6505
2006-08-04 00:00:00+00:00,1510.30000,1529.80000,1488.10000,1506.20000,8464
2006-08-06 00:00:00+00:00,1506.40000,1506.70000,1505.40000,1506.00000,34
2006-08-07 00:00:00+00:00,1506.50000,1506.70000,1485.50000,1493.70000,4992
2006-08-08 00:00:00+00:00,1494.00000,1500.60000,1474.30000,1492.00000,7005
2006-08-09 00:00:00+00:00,1492.20000,1517.00000,1481.00000,1486.00000,7960
2006-08-10 00:00:00+00:00,1486.00000,1499.30000,1476.10000,1492.20000,7247
2006-08-11 00:00:00+00:00,1491.90000,1494.00000,1478.10000,1488.40000,5026
2006-08-13 00:00:00+00:00,1492.00000,1494.80000,1491.80000,1493.10000,73
2006-08-14 00:00:00+00:00,1492.80000,1515.80000,1491.60000,1494.80000,5938
2006-08-15 00:00:00+00:00,1494.50000,1535.50000,1494.00000,1533.30000,6870
2006-08-16 00:00:00+00:00,1533.10000,1570.90000,1532.20000,1569.90000,7501
2006-08-17 00:00:00+00:00,1569.60000,1585.00000,1562.50000,1569.40000,6905
2006-08-18 00:00:00+00:00,1569.60000,1579.50000,1556.60000,1578.50000,5439
2006-08-20 00:00:00+00:00,1577.80000,1578.00000,1575.80000,1576.00000,60
2006-08-21 00:00:00+00:00,1575.80000,1576.30000,1556.00000,1564.50000,4591
2006-08-22 00:00:00+00:00,1564.80000,1578.20000,1555.50000,1561.00000,5601
2006-08-23 00:00:00+00:00,1561.00000,1572.10000,1543.00000,1552.50000,5931
2006-08-24 00:00:00+00:00,1553.00000,1559.20000,1542.00000,1553.30000,5369
2006-08-25 00:00:00+00:00,1552.50000,1571.30000,1547.20000,1556.50000,4601
2006-08-27 00:00:00+00:00,1556.90000,1558.40000,1556.90000,1558.20000,38
2006-08-28 00:00:00+00:00,1558.40000,1575.60000,1552.30000,1568.60000,4655
2006-08-29 00:00:00+00:00,1568.40000,1576.60000,1552.30000,1572.90000,5889
2006-08-30 00:00:00+00:00,1572.10000,1584.00000,1569.30000,1582.60000,4879
2006-08-31 00:00:00+00:00,1582.60000,1587.20000,1576.00000,1580.50000,4087
2006-09-01 00:00:00+00:00,1582.10000,1594.20000,1580.40000,1587.70000,4190
2006-09-03 00:00:00+00:00,1587.50000,1589.50000,1587.50000,1589.20000,12
2006-09-04 00:00:00+00:00,1589.20000,1594.20000,1589.20000,1593.00000,217
2006-09-05 00:00:00+00:00,1593.00000,1606.10000,1580.10000,1601.40000,5865
2006-09-06 00:00:00+00:00,1600.90000,1601.70000,1569.90000,1572.90000,5884
2006-09-07 00:00:00+00:00,1572.90000,1582.10000,1559.80000,1566.70000,3958
2006-09-08 00:00:00+00:00,1566.20000,1578.80000,1564.10000,1569.90000,1922
2006-09-10 00:00:00+00:00,1570.80000,1571.60000,1570.80000,1571.10000,7
2006-09-11 00:00:00+00:00,1570.40000,1592.50000,1558.30000,1582.80000,2394
2006-09-12 00:00:00+00:00,1583.30000,1618.50000,1576.20000,1615.50000,1724
2006-09-13 00:00:00+00:00,1615.60000,1626.30000,1612.20000,1624.80000,1361
2006-09-14 00:00:00+00:00,1624.00000,1630.00000,1617.70000,1627.30000,857
2006-09-15 00:00:00+00:00,1627.30000,1647.20000,1625.60000,1635.30000,6673
2006-09-17 00:00:00+00:00,1634.80000,1635.80000,1633.60000,1634.10000,32
2006-09-18 00:00:00+00:00,1633.80000,1645.10000,1626.80000,1634.50000,5444
2006-09-19 00:00:00+00:00,1634.50000,1640.10000,1609.70000,1628.00000,8042
2006-09-20 00:00:00+00:00,1628.30000,1650.20000,1627.00000,1647.30000,6699
2006-09-21 00:00:00+00:00,1647.00000,1655.30000,1631.40000,1637.60000,7353
2006-09-22 00:00:00+00:00,1637.80000,1640.10000,1615.70000,1625.20000,5785
2006-09-24 00:00:00+00:00,1624.30000,1626.60000,1624.30000,1626.30000,42
2006-09-25 00:00:00+00:00,1626.30000,1655.50000,1615.30000,1649.80000,7665
2006-09-26 00:00:00+00:00,1649.50000,1661.10000,1644.70000,1655.90000,6356
2006-09-27 00:00:00+00:00,1656.20000,1666.50000,1648.20000,1661.30000,7282
2006-09-28 00:00:00+00:00,1661.30000,1664.40000,1645.40000,1662.00000,6047
2006-09-29 00:00:00+00:00,1661.80000,1666.20000,1653.50000,1654.30000,5038
2006-10-01 00:00:00+00:00,1655.00000,1656.20000,1654.50000,1655.70000,47
2006-10-02 00:00:00+00:00,1656.00000,1659.50000,1628.40000,1632.40000,6128
2006-10-03 00:00:00+00:00,1632.70000,1648.20000,1623.30000,1639.00000,6894
2006-10-04 00:00:00+00:00,1639.30000,1681.90000,1633.70000,1680.10000,8007
2006-10-05 00:00:00+00:00,1680.40000,1691.50000,1676.00000,1688.00000,6036
2006-10-06 00:00:00+00:00,1688.30000,1691.70000,1677.20000,1685.20000,6062
2006-10-08 00:00:00+00:00,1684.20000,1684.70000,1683.90000,1684.00000,30
2006-10-09 00:00:00+00:00,1684.00000,1699.50000,1679.00000,1689.40000,4162
2006-10-10 00:00:00+00:00,1689.10000,1699.40000,1681.60000,1689.10000,5906
2006-10-11 00:00:00+00:00,1689.30000,1702.40000,1675.80000,1691.50000,7014
2006-10-12 00:00:00+00:00,1692.00000,1721.20000,1690.60000,1721.00000,5667
2006-10-13 00:00:00+00:00,1720.50000,1730.30000,1715.20000,1726.40000,5010
2006-10-15 00:00:00+00:00,1726.30000,1726.30000,1723.60000,1723.90000,41
2006-10-16 00:00:00+00:00,1723.60000,1735.00000,1722.90000,1726.80000,4061
2006-10-17 00:00:00+00:00,1726.60000,1726.60000,1700.20000,1708.90000,6608
2006-10-18 00:00:00+00:00,1708.90000,1722.00000,1695.20000,1700.40000,7655
2006-10-19 00:00:00+00:00,1700.90000,1714.20000,1692.60000,1711.60000,6881
2006-10-20 00:00:00+00:00,1711.80000,1714.40000,1694.80000,1708.00000,4699
2006-10-22 00:00:00+00:00,1707.50000,1736.30000,1707.50000,1711.00000,212
2006-10-23 00:00:00+00:00,1710.70000,1733.70000,1702.40000,1722.40000,6217
2006-10-24 00:00:00+00:00,1722.60000,1727.70000,1706.40000,1714.90000,5339
2006-10-25 00:00:00+00:00,1715.10000,1732.00000,1711.10000,1730.50000,6251
2006-10-26 00:00:00+00:00,1730.00000,1746.30000,1718.00000,1744.10000,6331
2006-10-27 00:00:00+00:00,1744.10000,1744.10000,1712.00000,1721.20000,6818
2006-10-29 00:00:00+00:00,1720.90000,1721.70000,1717.70000,1718.40000,52
2006-10-30 00:00:00+00:00,1718.90000,1736.00000,1711.80000,1726.60000,6144
2006-10-31 00:00:00+00:00,1726.10000,1740.20000,1721.80000,1733.50000,6706
2006-11-01 00:00:00+00:00,1734.80000,1741.10000,1701.10000,1709.60000,7814
2006-11-02 00:00:00+00:00,1710.40000,1714.50000,1698.30000,1708.30000,6027
2006-11-03 00:00:00+00:00,1708.10000,1716.20000,1692.60000,1705.50000,6725
2006-11-05 00:00:00+00:00,1704.70000,1706.50000,1704.70000,1706.00000,16
2006-11-06 00:00:00+00:00,1706.00000,1737.50000,1704.80000,1729.30000,5404
2006-11-07 00:00:00+00:00,1728.80000,1753.90000,1727.40000,1741.30000,6300
2006-11-08 00:00:00+00:00,1741.00000,1760.60000,1727.70000,1758.90000,8240
2006-11-09 00:00:00+00:00,1759.10000,1763.00000,1735.90000,1743.40000,7031
2006-11-10 00:00:00+00:00,1742.70000,1752.10000,1735.80000,1751.60000,5379
2006-11-12 00:00:00+00:00,1751.50000,1753.30000,1751.50000,1753.30000,33
2006-11-13 00:00:00+00:00,1753.00000,1771.40000,1749.20000,1767.20000,5338
2006-11-14 00:00:00+00:00,1766.70000,1792.80000,1759.40000,1790.10000,7210
2006-11-15 00:00:00+00:00,1790.10000,1806.00000,1786.70000,1793.30000,6622
2006-11-16 00:00:00+00:00,1793.10000,1806.70000,1790.70000,1801.50000,6704
2006-11-17 00:00:00+00:00,1801.50000,1802.60000,1788.20000,1800.20000,4643
2006-11-19 00:00:00+00:00,1800.70000,1801.70000,1799.90000,1801.20000,31
2006-11-20 00:00:00+00:00,1801.20000,1809.30000,1789.80000,1805.40000,5858
2006-11-21 00:00:00+00:00,1805.40000,1812.30000,1799.80000,1811.80000,4787
2006-11-22 00:00:00+00:00,1811.80000,1821.00000,1800.00000,1818.50000,4442
2006-11-23 00:00:00+00:00,1818.30000,1819.70000,1816.20000,1818.30000,215
2006-11-24 00:00:00+00:00,1818.50000,1824.70000,1800.70000,1815.70000,3348
2006-11-26 00:00:00+00:00,1815.00000,1816.20000,1814.00000,1814.00000,45
2006-11-27 00:00:00+00:00,1814.50000,1818.30000,1773.80000,1775.80000,7606
2006-11-28 00:00:00+00:00,1775.50000,1783.20000,1762.90000,1781.50000,7464
2006-11-29 00:00:00+00:00,1780.70000,1796.60000,1775.40000,1793.20000,7100
2006-11-30 00:00:00+00:00,1793.40000,1800.80000,1780.60000,1790.40000,7209
2006-12-01 00:00:00+00:00,1790.70000,1795.50000,1759.60000,1779.60000,7844
2006-12-03 00:00:00+00:00,1778.80000,1779.60000,1776.80000,1776.80000,44
2006-12-04 00:00:00+00:00,1777.10000,1809.20000,1776.00000,1801.50000,6498
2006-12-05 00:00:00+00:00,1801.80000,1812.20000,1797.70000,1806.00000,5715
2006-12-06 00:00:00+00:00,1806.00000,1806.80000,1791.70000,1799.00000,5011
2006-12-07 00:00:00+00:00,1799.20000,1808.40000,1774.00000,1775.00000,4234
2006-12-08 00:00:00+00:00,1774.50000,1799.40000,1767.10000,1784.90000,3182
2006-12-10 00:00:00+00:00,1783.40000,1785.10000,1783.40000,1784.90000,4
2006-12-11 00:00:00+00:00,1785.10000,1804.00000,1779.30000,1794.30000,1667
2006-12-12 00:00:00+00:00,1794.40000,1795.10000,1771.00000,1780.60000,1857
2006-12-13 00:00:00+00:00,1780.60000,1794.00000,1773.50000,1785.00000,1396
2006-12-14 00:00:00+00:00,1786.10000,1812.00000,1782.90000,1806.00000,1354
2006-12-15 00:00:00+00:00,1806.30000,1825.70000,1805.00000,1808.20000,5740
2006-12-17 00:00:00+00:00,1808.20000,1808.70000,1807.00000,1808.40000,25
2006-12-18 00:00:00+00:00,1808.20000,1822.70000,1784.20000,1790.60000,6084
2006-12-19 00:00:00+00:00,1790.40000,1794.30000,1766.50000,1785.40000,7530
2006-12-20 00:00:00+00:00,1785.90000,1796.00000,1776.50000,1781.00000,4925
2006-12-21 00:00:00+00:00,1780.70000,1784.30000,1758.90000,1770.10000,5804
2006-12-22 00:00:00+00:00,1769.60000,1770.90000,1744.30000,1745.00000,5263
2006-12-26 00:00:00+00:00,1746.80000,1757.10000,1745.60000,1755.90000,2859
2006-12-27 00:00:00+00:00,1755.60000,1767.40000,1754.80000,1761.50000,3949
2006-12-28 00:00:00+00:00,1761.50000,1765.70000,1752.30000,1758.10000,3897
2006-12-29 00:00:00+00:00,1757.80000,1775.50000,1755.30000,1758.00000,4021
2007-01-02 00:00:00+00:00,1763.50000,1774.50000,1763.50000,1771.10000,287
2007-01-03 00:00:00+00:00,1771.30000,1794.30000,1731.20000,1762.90000,8968
2007-01-04 00:00:00+00:00,1762.90000,1800.00000,1754.30000,1797.30000,8143
2007-01-05 00:00:00+00:00,1797.30000,1798.30000,1769.70000,1781.20000,8365
2007-01-07 00:00:00+00:00,1782.40000,1784.10000,1780.90000,1783.40000,45
2007-01-08 00:00:00+00:00,1783.40000,1796.70000,1777.10000,1788.30000,7614
2007-01-09 00:00:00+00:00,1788.80000,1803.40000,1776.90000,1795.80000,8259
2007-01-10 00:00:00+00:00,1795.50000,1823.80000,1783.00000,1821.30000,8127
2007-01-11 00:00:00+00:00,1821.30000,1841.30000,1815.50000,1835.70000,8094
2007-01-12 00:00:00+00:00,1836.20000,1848.00000,1830.60000,1847.80000,6748
2007-01-14 00:00:00+00:00,1848.80000,1849.80000,1847.00000,1848.00000,27
2007-01-15 00:00:00+00:00,1848.30000,1853.40000,1847.30000,1850.30000,380
2007-01-16 00:00:00+00:00,1850.50000,1852.60000,1835.10000,1836.10000,5866
2007-01-17 00:00:00+00:00,1836.40000,1844.00000,1821.50000,1823.40000,7957
2007-01-18 00:00:00+00:00,1823.00000,1830.30000,1788.90000,1792.40000,9063
2007-01-19 00:00:00+00:00,1791.90000,1802.50000,1787.80000,1793.90000,6907
2007-01-21 00:00:00+00:00,1794.30000,1795.80000,1794.30000,1795.80000,24
2007-01-22 00:00:00+00:00,1796.10000,1801.90000,1771.20000,1781.40000,7064
2007-01-23 00:00:00+00:00,1781.20000,1791.30000,1771.40000,1780.90000,7402
2007-01-24 00:00:00+00:00,1780.70000,1811.70000,1779.70000,1809.50000,6727
2007-01-25 00:00:00+00:00,1809.70000,1810.00000,1773.40000,1777.20000,8362
2007-01-26 00:00:00+00:00,1777.20000,1784.50000,1762.10000,1770.20000,7815
2007-01-28 00:00:00+00:00,1770.40000,1772.60000,1769.70000,1770.10000,40
2007-01-29 00:00:00+00:00,1769.70000,1787.70000,1764.80000,1777.10000,6648
2007-01-30 00:00:00+00:00,1776.80000,1784.20000,1771.80000,1778.60000,5364
2007-01-31 00:00:00+00:00,1778.30000,1798.40000,1763.50000,1794.00000,7872
2007-02-01 00:00:00+00:00,1793.70000,1807.00000,1784.40000,1791.70000,7106
2007-02-02 00:00:00+00:00,1792.20000,1800.60000,1787.90000,1797.60000,5780
2007-02-04 00:00:00+00:00,1797.90000,1798.60000,1797.40000,1797.90000,23
2007-02-05 00:00:00+00:00,1797.60000,1805.50000,1789.30000,1795.90000,5133
2007-02-06 00:00:00+00:00,1795.90000,1802.50000,1776.10000,1800.60000,7291
2007-02-07 00:00:00+00:00,1800.60000,1817.20000,1795.50000,1811.80000,6838
2007-02-08 00:00:00+00:00,1811.50000,1815.00000,1800.50000,1812.00000,5813
2007-02-09 00:00:00+00:00,1812.50000,1819.90000,1779.30000,1784.30000,7489
2007-02-11 00:00:00+00:00,1785.30000,1785.30000,1781.30000,1782.60000,58
2007-02-12 00:00:00+00:00,1782.60000,1787.40000,1774.30000,1778.80000,5932
2007-02-13 00:00:00+00:00,1778.60000,1791.20000,1778.60000,1789.00000,5654
2007-02-14 00:00:00+00:00,1788.80000,1819.30000,1788.60000,1816.40000,6166
2007-02-15 00:00:00+00:00,1816.70000,1825.30000,1811.60000,1821.40000,5437
2007-02-16 00:00:00+00:00,1821.60000,1824.30000,1813.50000,1820.80000,4254
2007-02-18 00:00:00+00:00,1821.10000,1821.10000,1820.10000,1820.30000,14
2007-02-19 00:00:00+00:00,1819.80000,1826.20000,1819.60000,1824.10000,328
2007-02-20 00:00:00+00:00,1823.80000,1836.50000,1808.50000,1833.50000,6210
2007-02-21 00:00:00+00:00,1833.80000,1841.50000,1823.40000,1840.50000,6123
2007-02-22 00:00:00+00:00,1840.50000,1852.10000,1832.40000,1849.50000,6498
2007-02-23 00:00:00+00:00,1849.20000,1850.30000,1832.40000,1841.00000,5929
2007-02-25 00:00:00+00:00,1841.50000,1842.50000,1840.70000,1841.70000,26
2007-02-26 00:00:00+00:00,1841.70000,1851.30000,1819.90000,1833.70000,6703
2007-02-27 00:00:00+00:00,1833.50000,1834.20000,1740.10000,1743.10000,14084
2007-02-28 00:00:00+00:00,1743.40000,1779.50000,1741.90000,1760.80000,12202
2007-03-01 00:00:00+00:00,1760.80000,1772.70000,1717.30000,1753.80000,14276
2007-03-02 00:00:00+00:00,1754.10000,1759.90000,1721.30000,1723.30000,11420
2007-03-04 00:00:00+00:00,1723.50000,1725.80000,1716.30000,1719.60000,166
2007-03-05 00:00:00+00:00,1719.30000,1739.90000,1702.40000,1715.80000,12416
2007-03-06 00:00:00+00:00,1715.50000,1747.90000,1715.50000,1745.50000,8818
2007-03-07 00:00:00+00:00,1745.50000,1747.40000,1731.50000,1732.50000,7348
2007-03-08 00:00:00+00:00,1732.20000,1758.10000,1732.20000,1753.40000,5005
2007-03-09 00:00:00+00:00,1752.90000,1765.50000,1733.90000,1747.60000,3363
2007-03-11 00:00:00+00:00,1748.30000,1748.60000,1745.60000,1748.60000,14
2007-03-12 00:00:00+00:00,1747.90000,1759.80000,1738.70000,1756.30000,1881
2007-03-13 00:00:00+00:00,1755.80000,1757.70000,1718.30000,1721.30000,2692
2007-03-14 00:00:00+00:00,1720.80000,1752.80000,1711.00000,1752.80000,2601
2007-03-15 00:00:00+00:00,1752.00000,1755.10000,1737.20000,1742.50000,1181
2007-03-16 00:00:00+00:00,1742.30000,1752.00000,1734.50000,1745.40000,7060
2007-03-18 00:00:00+00:00,1742.60000,1743.10000,1739.20000,1741.70000,102
2007-03-19 00:00:00+00:00,1741.20000,1767.00000,1741.20000,1764.60000,5820
2007-03-20 00:00:00+00:00,1764.40000,1775.20000,1759.50000,1773.30000,5489
2007-03-21 00:00:00+00:00,1773.00000,1808.80000,1764.20000,1805.10000,7480
2007-03-22 00:00:00+00:00,1804.70000,1812.70000,1794.60000,1799.90000,6422
2007-03-23 00:00:00+00:00,1799.90000,1806.20000,1792.90000,1793.90000,5037
2007-03-25 00:00:00+00:00,1793.10000,1793.40000,1791.10000,1791.60000,63
2007-03-26 00:00:00+00:00,1791.60000,1804.90000,1776.40000,1801.00000,6920
2007-03-27 00:00:00+00:00,1801.00000,1802.00000,1779.40000,1786.10000,5669
2007-03-28 00:00:00+00:00,1786.10000,1792.00000,1770.70000,1774.90000,8006
2007-03-29 00:00:00+00:00,1774.50000,1785.50000,1754.00000,1774.90000,7949
2007-03-30 00:00:00+00:00,1774.90000,1784.90000,1759.20000,1775.10000,6933
2007-04-01 00:00:00+00:00,1776.00000,1776.00000,1773.00000,1776.00000,58
2007-04-02 00:00:00+00:00,1775.50000,1781.60000,1762.80000,1775.30000,5661
2007-04-03 00:00:00+00:00,1775.00000,1803.40000,1774.50000,1799.00000,5400
2007-04-04 00:00:00+00:00,1799.50000,1805.90000,1795.70000,1803.70000,4514
2007-04-05 00:00:00+00:00,1803.70000,1816.30000,1799.30000,1813.80000,3546
2007-04-06 00:00:00+00:00,1813.80000,1824.40000,1812.60000,1823.40000,311
2007-04-08 00:00:00+00:00,1822.40000,1824.60000,1820.40000,1821.90000,68
2007-04-09 00:00:00+00:00,1822.20000,1824.50000,1806.20000,1810.70000,3956
2007-04-10 00:00:00+00:00,1811.00000,1819.10000,1807.90000,1816.40000,4190
2007-04-11 00:00:00+00:00,1816.40000,1819.70000,1793.50000,1799.20000,5972
2007-04-12 00:00:00+00:00,1799.00000,1816.30000,1788.70000,1813.30000,6252
2007-04-13 00:00:00+00:00,1813.10000,1819.70000,1802.10000,1818.50000,5447
2007-04-15 00:00:00+00:00,1819.20000,1820.00000,1817.00000,1819.50000,47
2007-04-16 00:00:00+00:00,1819.70000,1837.50000,1819.00000,1835.30000,4655
2007-04-17 00:00:00+00:00,1835.60000,1841.90000,1830.00000,1833.30000,5606
2007-04-18 00:00:00+00:00,1833.80000,1840.40000,1824.00000,1833.00000,5323
2007-04-19 00:00:00+00:00,1832.80000,1841.10000,1819.20000,1839.20000,6511
2007-04-20 00:00:00+00:00,1839.00000,1858.00000,1837.80000,1850.30000,5645
2007-04-22 00:00:00+00:00,1850.80000,1851.00000,1850.00000,1850.80000,30
2007-04-23 00:00:00+00:00,1850.80000,1859.70000,1845.30000,1856.70000,4629
2007-04-24 00:00:00+00:00,1856.50000,1865.30000,1844.40000,1861.20000,7026
2007-04-25 00:00:00+00:00,1861.40000,1892.40000,1858.00000,1890.70000,6511
2007-04-26 00:00:00+00:00,1891.00000,1897.90000,1884.70000,1891.90000,5453
2007-04-27 00:00:00+00:00,1892.40000,1896.30000,1883.60000,1895.90000,5510
2007-04-29 00:00:00+00:00,1895.10000,1895.30000,1893.30000,1894.10000,38
2007-04-30 00:00:00+00:00,1893.90000,1897.50000,1866.20000,1869.70000,5798
2007-05-01 00:00:00+00:00,1869.50000,1877.90000,1858.20000,1876.20000,6278
2007-05-02 00:00:00+00:00,1876.40000,1895.20000,1873.80000,1889.10000,4967
2007-05-03 00:00:00+00:00,1889.10000,1900.40000,1887.40000,1895.00000,5012
2007-05-04 00:00:00+00:00,1894.80000,1912.30000,1888.50000,1899.40000,5785
2007-05-06 00:00:00+00:00,1898.40000,1903.60000,1898.40000,1898.90000,81
2007-05-07 00:00:00+00:00,1898.70000,1903.30000,1894.90000,1896.70000,3650
2007-05-08 00:00:00+00:00,1896.90000,1903.30000,1883.60000,1893.90000,5753
2007-05-09 00:00:00+00:00,1894.20000,1910.50000,1888.80000,1902.10000,5718
2007-05-10 00:00:00+00:00,1902.10000,1903.20000,1874.40000,1878.90000,7789
2007-05-11 00:00:00+00:00,1878.90000,1904.00000,1874.50000,1904.00000,6572
2007-05-13 00:00:00+00:00,1903.00000,1918.40000,1902.70000,1907.00000,64
2007-05-14 00:00:00+00:00,1907.20000,1909.30000,1879.30000,1886.30000,5968
2007-05-15 00:00:00+00:00,1886.30000,1900.40000,1871.00000,1873.80000,8931
2007-05-16 00:00:00+00:00,1873.30000,1894.90000,1867.20000,1892.20000,7566
2007-05-17 00:00:00+00:00,1892.20000,1894.30000,1882.70000,1885.70000,6146
2007-05-18 00:00:00+00:00,1885.50000,1899.90000,1882.50000,1899.60000,5902
2007-05-20 00:00:00+00:00,1899.60000,1901.10000,1897.30000,1899.60000,53
2007-05-21 00:00:00+00:00,1899.90000,1921.70000,1898.40000,1910.80000,6351
2007-05-22 00:00:00+00:00,1910.50000,1923.40000,1907.00000,1914.00000,5391
2007-05-23 00:00:00+00:00,1914.30000,1926.10000,1902.50000,1902.80000,6484
2007-05-24 00:00:00+00:00,1902.80000,1912.40000,1869.30000,1877.80000,9688
2007-05-25 00:00:00+00:00,1877.80000,1893.50000,1877.30000,1888.20000,5370
2007-05-27 00:00:00+00:00,1888.00000,1891.70000,1888.00000,1889.70000,17
2007-05-28 00:00:00+00:00,1888.20000,1891.70000,1888.20000,1891.20000,115
2007-05-29 00:00:00+00:00,1890.90000,1907.50000,1887.60000,1900.90000,6298
2007-05-30 00:00:00+00:00,1900.70000,1921.30000,1884.10000,1920.10000,7646
2007-05-31 00:00:00+00:00,1920.30000,1932.50000,1919.10000,1930.00000,6806
2007-06-01 00:00:00+00:00,1929.80000,1941.90000,1926.00000,1928.80000,6482
2007-06-03 00:00:00+00:00,1930.00000,1930.00000,1928.70000,1929.50000,22
2007-06-04 00:00:00+00:00,1929.70000,1937.40000,1919.60000,1932.70000,5179
2007-06-05 00:00:00+00:00,1932.70000,1935.30000,1916.70000,1933.20000,7103
2007-06-06 00:00:00+00:00,1933.70000,1936.50000,1909.10000,1916.00000,7806
2007-06-07 00:00:00+00:00,1915.50000,1922.00000,1879.50000,1882.00000,7363
2007-06-08 00:00:00+00:00,1883.20000,1908.10000,1872.80000,1907.60000,3811
2007-06-10 00:00:00+00:00,1907.60000,1907.60000,1904.30000,1905.40000,14
2007-06-11 00:00:00+00:00,1905.10000,1918.50000,1901.60000,1904.80000,2025
2007-06-12 00:00:00+00:00,1904.30000,1912.50000,1888.30000,1888.30000,2185
2007-06-13 00:00:00+00:00,1888.60000,1914.30000,1887.70000,1911.00000,1633
2007-06-14 00:00:00+00:00,1911.00000,1930.20000,1911.00000,1924.50000,1027
2007-06-15 00:00:00+00:00,1924.50000,1947.40000,1924.50000,1944.20000,5822
2007-06-17 00:00:00+00:00,1944.00000,1944.30000,1942.80000,1943.30000,38
2007-06-18 00:00:00+00:00,1942.80000,1949.60000,1937.10000,1939.90000,4870
2007-06-19 00:00:00+00:00,1939.60000,1947.50000,1932.90000,1940.60000,5595
2007-06-20 00:00:00+00:00,1941.10000,1950.40000,1921.30000,1924.60000,7087
2007-06-21 00:00:00+00:00,1924.80000,1943.80000,1914.90000,1939.90000,9011
2007-06-22 00:00:00+00:00,1940.40000,1942.70000,1916.90000,1924.80000,8055
2007-06-24 00:00:00+00:00,1924.60000,1926.90000,1924.60000,1926.40000,38
2007-06-25 00:00:00+00:00,1926.60000,1935.50000,1904.60000,1920.20000,9050
2007-06-26 00:00:00+00:00,1920.00000,1926.00000,1901.40000,1903.40000,8563
2007-06-27 00:00:00+00:00,1903.70000,1934.50000,1896.40000,1933.10000,8664
2007-06-28 00:00:00+00:00,1933.60000,1945.60000,1929.60000,1935.10000,7683
2007-06-29 00:00:00+00:00,1935.60000,1946.80000,1920.20000,1937.30000,7685
2007-07-01 00:00:00+00:00,1934.10000,1936.10000,1933.60000,1935.90000,49
2007-07-02 00:00:00+00:00,1936.10000,1954.10000,1934.50000,1953.20000,5284
2007-07-03 00:00:00+00:00,1952.90000,1964.80000,1952.90000,1959.40000,3257
2007-07-04 00:00:00+00:00,1959.10000,1970.20000,1958.20000,1968.10000,638
2007-07-05 00:00:00+00:00,1968.30000,1983.10000,1963.50000,1979.20000,5856
2007-07-06 00:00:00+00:00,1978.70000,1989.30000,1972.20000,1989.10000,5105
2007-07-08 00:00:00+00:00,1988.20000,1990.70000,1987.90000,1989.90000,64
2007-07-09 00:00:00+00:00,1989.90000,1994.50000,1981.70000,1989.70000,4415
2007-07-10 00:00:00+00:00,1989.70000,1990.80000,1970.10000,1974.10000,7862
2007-07-11 00:00:00+00:00,1974.30000,1992.70000,1964.10000,1991.50000,7598
2007-07-12 00:00:00+00:00,1991.70000,2019.90000,1987.30000,2016.70000,7072
2007-07-13 00:00:00+00:00,2016.50000,2032.30000,2014.60000,2028.10000,5478
2007-07-15 00:00:00+00:00,2029.20000,2030.70000,2026.50000,2028.70000,48
2007-07-16 00:00:00+00:00,2027.50000,2037.50000,2023.30000,2030.20000,5677
2007-07-17 00:00:00+00:00,2029.70000,2046.30000,2024.40000,2028.70000,6837
2007-07-18 00:00:00+00:00,2029.00000,2046.80000,2018.50000,2044.10000,9317
2007-07-19 00:00:00+00:00,2044.40000,2060.20000,2040.90000,2042.90000,7819
2007-07-20 00:00:00+00:00,2043.20000,2048.00000,2023.00000,2037.50000,9149
2007-07-22 00:00:00+00:00,2037.00000,2037.80000,2035.50000,2036.10000,45
2007-07-23 00:00:00+00:00,2035.80000,2046.70000,2028.60000,2035.10000,6301
2007-07-24 00:00:00+00:00,2034.30000,2038.30000,1995.40000,2011.10000,9774
2007-07-25 00:00:00+00:00,2011.30000,2023.70000,1995.60000,2021.70000,11675
2007-07-26 00:00:00+00:00,2022.00000,2022.50000,1954.50000,1985.00000,16382
2007-07-27 00:00:00+00:00,1984.50000,1997.40000,1946.60000,1947.80000,15591
2007-07-29 00:00:00+00:00,1950.60000,1952.10000,1943.40000,1950.60000,224
2007-07-30 00:00:00+00:00,1950.10000,1982.30000,1945.30000,1977.20000,11445
2007-07-31 00:00:00+00:00,1977.20000,1997.70000,1927.30000,1928.00000,12506
2007-08-01 00:00:00+00:00,1927.50000,1952.30000,1910.90000,1949.40000,16610
2007-08-02 00:00:00+00:00,1949.20000,1968.70000,1938.50000,1966.80000,11384
2007-08-03 00:00:00+00:00,1966.50000,1968.70000,1916.60000,1928.50000,12468
2007-08-05 00:00:00+00:00,1923.30000,1924.80000,1919.10000,1923.10000,168
2007-08-06 00:00:00+00:00,1922.90000,1953.20000,1912.80000,1951.20000,13157
2007-08-07 00:00:00+00:00,1952.00000,1977.30000,1931.00000,1970.30000,11644
2007-08-08 00:00:00+00:00,1971.10000,1994.70000,1965.70000,1987.50000,11279
2007-08-09 00:00:00+00:00,1987.80000,1990.90000,1924.60000,1929.10000,16605
2007-08-10 00:00:00+00:00,1927.10000,1944.70000,1896.50000,1918.40000,18260
2007-08-12 00:00:00+00:00,1923.40000,1927.90000,1921.90000,1927.40000,93
2007-08-13 00:00:00+00:00,1926.90000,1947.20000,1926.90000,1930.90000,10191
2007-08-14 00:00:00+00:00,1931.70000,1941.70000,1900.80000,1903.30000,12005
2007-08-15 00:00:00+00:00,1903.30000,1914.40000,1858.00000,1860.00000,14052
2007-08-16 00:00:00+00:00,1859.80000,1866.40000,1805.20000,1853.30000,20726
2007-08-17 00:00:00+00:00,1853.80000,1897.20000,1821.00000,1881.10000,16748
2007-08-19 00:00:00+00:00,1886.10000,1886.10000,1878.20000,1881.90000,102
2007-08-20 00:00:00+00:00,1881.40000,1899.60000,1873.60000,1888.40000,10769
2007-08-21 00:00:00+00:00,1888.70000,1916.00000,1881.00000,1911.80000,10715
2007-08-22 00:00:00+00:00,1910.80000,1951.70000,1910.80000,1949.40000,8825
2007-08-23 00:00:00+00:00,1949.70000,1952.40000,1920.20000,1928.80000,9786
2007-08-24 00:00:00+00:00,1929.00000,1962.90000,1922.80000,1962.40000,7308
2007-08-26 00:00:00+00:00,1962.20000,1962.40000,1960.90000,1961.40000,42
2007-08-27 00:00:00+00:00,1961.70000,1962.40000,1942.20000,1944.80000,6217
2007-08-28 00:00:00+00:00,1944.50000,1945.50000,1899.60000,1900.70000,9112
2007-08-29 00:00:00+00:00,1900.90000,1956.50000,1900.20000,1955.20000,8783
2007-08-30 00:00:00+00:00,1955.50000,1981.30000,1941.20000,1970.50000,10664
2007-08-31 00:00:00+00:00,1970.50000,1994.60000,1969.70000,1986.90000,9121
2007-09-02 00:00:00+00:00,1987.50000,1990.50000,1987.50000,1990.50000,20
2007-09-03 00:00:00+00:00,1989.70000,1993.10000,1986.10000,1988.70000,315
2007-09-04 00:00:00+00:00,1988.20000,2034.10000,1982.30000,2020.70000,8137
2007-09-05 00:00:00+00:00,2020.40000,2020.40000,1987.50000,1997.50000,10096
2007-09-06 00:00:00+00:00,1997.00000,2007.10000,1984.90000,1998.00000,8995
2007-09-07 00:00:00+00:00,1997.00000,1998.00000,1949.60000,1966.30000,11276
2007-09-09 00:00:00+00:00,1965.80000,1966.60000,1961.10000,1962.60000,113
2007-09-10 00:00:00+00:00,1961.60000,1983.70000,1944.60000,1964.10000,10368
2007-09-11 00:00:00+00:00,1964.40000,1993.60000,1964.10000,1989.90000,8682
2007-09-12 00:00:00+00:00,1990.10000,2007.00000,1981.80000,1992.40000,8300
2007-09-13 00:00:00+00:00,1991.90000,2006.50000,1989.20000,1991.20000,5362
2007-09-14 00:00:00+00:00,1991.20000,2004.80000,1980.00000,2000.40000,2912
2007-09-16 00:00:00+00:00,1999.20000,1999.20000,1996.20000,1997.70000,17
2007-09-17 00:00:00+00:00,1996.50000,1997.60000,1975.90000,1982.00000,2337
2007-09-18 00:00:00+00:00,1981.70000,2036.90000,1977.30000,2036.70000,2494
2007-09-19 00:00:00+00:00,2035.50000,2056.90000,2032.40000,2035.50000,1782
2007-09-20 00:00:00+00:00,2035.30000,2043.70000,2029.40000,2035.00000,1562
2007-09-21 00:00:00+00:00,2034.50000,2055.30000,2033.80000,2045.40000,6690
2007-09-23 00:00:00+00:00,2044.40000,2047.90000,2044.40000,2046.70000,44
2007-09-24 00:00:00+00:00,2046.90000,2073.50000,2044.50000,2053.10000,7836
2007-09-25 00:00:00+00:00,2053.60000,2081.60000,2049.50000,2080.80000,7370
2007-09-26 00:00:00+00:00,2081.10000,2095.80000,2079.30000,2089.50000,7794
2007-09-27 00:00:00+00:00,2090.50000,2101.30000,2089.40000,2097.20000,6588
2007-09-28 00:00:00+00:00,2097.90000,2102.50000,2082.00000,2093.20000,6632
2007-09-30 00:00:00+00:00,2095.40000,2095.70000,2090.20000,2092.00000,59
2007-10-01 00:00:00+00:00,2092.20000,2122.60000,2088.80000,2112.80000,7971
2007-10-02 00:00:00+00:00,2112.60000,2119.80000,2104.80000,2114.30000,7160
2007-10-03 00:00:00+00:00,2114.50000,2118.40000,2095.40000,2102.20000,7661
2007-10-04 00:00:00+00:00,2102.20000,2108.60000,2089.20000,2103.40000,6249
2007-10-05 00:00:00+00:00,2103.70000,2152.90000,2102.70000,2150.90000,8087
2007-10-07 00:00:00+00:00,2150.70000,2151.50000,2148.00000,2148.80000,60
2007-10-08 00:00:00+00:00,2149.50000,2163.60000,2145.20000,2162.90000,5494
2007-10-09 00:00:00+00:00,2162.40000,2175.80000,2157.10000,2171.90000,7615
2007-10-10 00:00:00+00:00,2171.60000,2180.00000,2165.40000,2176.60000,6624
2007-10-11 00:00:00+00:00,2176.30000,2195.10000,2127.50000,2143.10000,9571
2007-10-12 00:00:00+00:00,2143.10000,2181.00000,2138.50000,2181.00000,10342
2007-10-14 00:00:00+00:00,2181.80000,2182.60000,2180.60000,2180.60000,66
2007-10-15 00:00:00+00:00,2181.10000,2186.20000,2144.90000,2164.30000,10637
2007-10-16 00:00:00+00:00,2164.00000,2176.20000,2144.60000,2174.90000,11110
2007-10-17 00:00:00+00:00,2175.20000,2186.60000,2143.70000,2179.90000,12463
2007-10-18 00:00:00+00:00,2180.20000,2193.10000,2161.50000,2185.70000,11132
2007-10-19 00:00:00+00:00,2185.90000,2201.40000,2130.30000,2131.10000,14552
2007-10-21 00:00:00+00:00,2131.80000,2133.10000,2120.90000,2121.90000,267
2007-10-22 00:00:00+00:00,2121.70000,2173.10000,2112.50000,2171.30000,14438
2007-10-23 00:00:00+00:00,2171.80000,2205.30000,2169.20000,2182.50000,11948
2007-10-24 00:00:00+00:00,2183.30000,2195.70000,2139.30000,2193.20000,15733
2007-10-25 00:00:00+00:00,2193.20000,2204.80000,2144.80000,2183.60000,15586
2007-10-26 00:00:00+00:00,2183.80000,2204.60000,2173.30000,2193.20000,11704
2007-10-28 00:00:00+00:00,2192.30000,2199.00000,2191.50000,2198.50000,100
2007-10-29 00:00:00+00:00,2198.30000,2215.40000,2190.50000,2198.80000,8269
2007-10-30 00:00:00+00:00,2199.30000,2218.90000,2191.00000,2203.80000,8664
2007-10-31 00:00:00+00:00,2203.80000,2239.30000,2197.00000,2236.80000,10633
2007-11-01 00:00:00+00:00,2237.30000,2242.10000,2194.60000,2201.30000,13599
2007-11-02 00:00:00+00:00,2201.10000,2221.10000,2179.40000,2210.30000,15888
2007-11-04 00:00:00+00:00,2210.10000,2210.10000,2200.90000,2200.90000,88
2007-11-05 00:00:00+00:00,2201.40000,2212.30000,2179.50000,2201.40000,13049
2007-11-06 00:00:00+00:00,2201.20000,2224.00000,2187.20000,2219.30000,11460
2007-11-07 00:00:00+00:00,2219.60000,2221.10000,2141.00000,2142.30000,16260
2007-11-08 00:00:00+00:00,2141.80000,2168.80000,2070.30000,2100.70000,20417
2007-11-09 00:00:00+00:00,2101.00000,2104.60000,2027.30000,2032.50000,18686
2007-11-11 00:00:00+00:00,2031.30000,2033.60000,2027.60000,2029.60000,158
2007-11-12 00:00:00+00:00,2029.80000,2042.20000,1976.30000,1980.10000,17677
2007-11-13 00:00:00+00:00,1979.80000,2065.20000,1973.60000,2054.70000,15115
2007-11-14 00:00:00+00:00,2055.00000,2092.50000,2028.30000,2036.80000,15816
2007-11-15 00:00:00+00:00,2036.60000,2054.20000,2006.90000,2025.40000,16743
2007-11-16 00:00:00+00:00,2025.80000,2052.20000,2005.60000,2048.00000,15699
2007-11-18 00:00:00+00:00,2047.80000,2053.20000,2047.80000,2051.50000,74
2007-11-19 00:00:00+00:00,2051.80000,2056.20000,2008.60000,2030.30000,14598
2007-11-20 00:00:00+00:00,2030.10000,2063.90000,1987.90000,2029.60000,17663
2007-11-21 00:00:00+00:00,2028.60000,2038.50000,1985.20000,2000.90000,16121
2007-11-22 00:00:00+00:00,2001.40000,2010.30000,1997.50000,2008.40000,839
2007-11-23 00:00:00+00:00,2008.70000,2030.50000,2003.50000,2026.80000,5957
2007-11-25 00:00:00+00:00,2026.10000,2032.10000,2026.10000,2031.30000,61
2007-11-26 00:00:00+00:00,2031.10000,2047.40000,1986.90000,1990.40000,14281
2007-11-27 00:00:00+00:00,1990.70000,2034.20000,1989.40000,2028.60000,16774
2007-11-28 00:00:00+00:00,2028.60000,2101.30000,2018.50000,2085.40000,14711
2007-11-29 00:00:00+00:00,2085.70000,2108.60000,2080.30000,2092.70000,13598
2007-11-30 00:00:00+00:00,2092.20000,2123.70000,2070.90000,2089.90000,13938
2007-12-02 00:00:00+00:00,2087.90000,2090.40000,2083.20000,2083.20000,92
2007-12-03 00:00:00+00:00,2083.40000,2098.80000,2065.50000,2069.50000,11358
2007-12-04 00:00:00+00:00,2069.50000,2072.60000,2048.20000,2059.50000,10654
2007-12-05 00:00:00+00:00,2059.50000,2112.70000,2059.00000,2108.70000,11102
2007-12-06 00:00:00+00:00,2108.90000,2128.60000,2094.30000,2121.40000,10678
2007-12-07 00:00:00+00:00,2120.90000,2135.80000,2114.50000,2128.90000,9277
2007-12-09 00:00:00+00:00,2127.70000,2129.90000,2126.90000,2129.40000,26
2007-12-10 00:00:00+00:00,2128.70000,2144.90000,2123.00000,2141.70000,7223
2007-12-11 00:00:00+00:00,2141.40000,2148.60000,2082.00000,2091.70000,9905
2007-12-12 00:00:00+00:00,2091.50000,2130.80000,2069.20000,2102.00000,14079
2007-12-13 00:00:00+00:00,2102.20000,2103.00000,2072.40000,2091.50000,8255
2007-12-14 00:00:00+00:00,2092.50000,2097.90000,2069.20000,2071.20000,3962
2007-12-16 00:00:00+00:00,2063.00000,2080.80000,2063.00000,2072.30000,20
2007-12-17 00:00:00+00:00,2072.00000,2073.00000,2021.30000,2029.80000,3366
2007-12-18 00:00:00+00:00,2030.80000,2048.20000,1999.50000,2033.80000,3287
2007-12-19 00:00:00+00:00,2033.50000,2039.90000,2016.50000,2039.80000,1961
2007-12-20 00:00:00+00:00,2039.80000,2081.20000,2034.10000,2080.00000,1919
2007-12-21 00:00:00+00:00,2080.00000,2114.60000,2077.80000,2113.80000,8173
2007-12-23 00:00:00+00:00,2111.40000,2113.60000,2110.40000,2112.90000,44
2007-12-24 00:00:00+00:00,2112.10000,2134.10000,2109.90000,2126.90000,2983
2007-12-26 00:00:00+00:00,2128.80000,2143.30000,2117.50000,2137.40000,5135
2007-12-27 00:00:00+00:00,2137.10000,2144.20000,2104.40000,2113.60000,7829
2007-12-28 00:00:00+00:00,2112.60000,2125.90000,2092.50000,2104.20000,7025
2007-12-30 00:00:00+00:00,2104.40000,2107.10000,2103.70000,2104.40000,29
2007-12-31 00:00:00+00:00,2104.20000,2108.00000,2081.80000,2086.30000,5719
2008-01-02 00:00:00+00:00,2092.10000,2098.10000,2038.20000,2055.30000,11862
2008-01-03 00:00:00+00:00,2055.10000,2063.70000,2038.70000,2058.60000,10680
2008-01-04 00:00:00+00:00,2058.80000,2064.50000,1959.60000,1966.80000,15128
2008-01-06 00:00:00+00:00,1967.30000,1969.30000,1964.80000,1969.00000,63
2008-01-07 00:00:00+00:00,1968.00000,1978.60000,1928.30000,1959.10000,16151
2008-01-08 00:00:00+00:00,1958.80000,1981.80000,1906.00000,1912.00000,15350
2008-01-09 00:00:00+00:00,1912.20000,1948.80000,1887.60000,1945.60000,17747
2008-01-10 00:00:00+00:00,1945.90000,1965.90000,1921.50000,1945.60000,17715
2008-01-11 00:00:00+00:00,1944.40000,1944.40000,1897.20000,1910.10000,16241
2008-01-13 00:00:00+00:00,1915.00000,1919.50000,1914.50000,1918.00000,78
2008-01-14 00:00:00+00:00,1917.80000,1950.00000,1884.80000,1942.80000,12110
2008-01-15 00:00:00+00:00,1942.50000,1944.80000,1851.70000,1858.10000,16949
2008-01-16 00:00:00+00:00,1857.90000,1905.00000,1845.60000,1871.50000,19858
2008-01-17 00:00:00+00:00,1871.80000,1891.30000,1835.50000,1852.90000,19044
2008-01-18 00:00:00+00:00,1852.60000,1873.60000,1826.00000,1835.70000,18301
2008-01-20 00:00:00+00:00,1839.30000,1845.50000,1839.10000,1843.80000,91
2008-01-21 00:00:00+00:00,1844.60000,1844.80000,1743.30000,1768.00000,4654
2008-01-22 00:00:00+00:00,1768.80000,1816.10000,1732.80000,1772.00000,25358
2008-01-23 00:00:00+00:00,1772.20000,1803.20000,1687.40000,1800.00000,24881
2008-01-24 00:00:00+00:00,1799.70000,1845.40000,1787.20000,1840.90000,18122
2008-01-25 00:00:00+00:00,1840.70000,1861.20000,1779.80000,1779.80000,16821
2008-01-27 00:00:00+00:00,1785.70000,1787.10000,1779.90000,1781.90000,88
2008-01-28 00:00:00+00:00,1782.40000,1804.00000,1750.90000,1795.00000,14608
2008-01-29 00:00:00+00:00,1794.10000,1814.30000,1787.00000,1797.00000,11770
2008-01-30 00:00:00+00:00,1796.80000,1839.40000,1773.80000,1776.80000,13247
2008-01-31 00:00:00+00:00,1777.10000,1850.10000,1774.50000,1829.70000,17116
2008-02-01 00:00:00+00:00,1829.50000,1866.60000,1820.90000,1855.00000,15354
2008-02-03 00:00:00+00:00,1855.00000,1855.70000,1848.80000,1849.30000,55
2008-02-04 00:00:00+00:00,1849.80000,1859.60000,1814.60000,1816.60000,10481
2008-02-05 00:00:00+00:00,1816.40000,1821.50000,1769.80000,1778.00000,14526
2008-02-06 00:00:00+00:00,1778.30000,1792.40000,1710.10000,1715.60000,14967
2008-02-07 00:00:00+00:00,1715.30000,1776.40000,1704.70000,1754.60000,17688
2008-02-08 00:00:00+00:00,1754.10000,1775.10000,1741.80000,1769.40000,13131
2008-02-10 00:00:00+00:00,1766.90000,1770.60000,1766.90000,1768.40000,29
2008-02-11 00:00:00+00:00,1768.10000,1794.70000,1755.90000,1786.20000,12270
2008-02-12 00:00:00+00:00,1787.00000,1809.00000,1765.50000,1783.00000,12830
2008-02-13 00:00:00+00:00,1782.70000,1821.20000,1777.00000,1819.80000,11972
2008-02-14 00:00:00+00:00,1819.30000,1823.40000,1779.10000,1781.40000,12190
2008-02-15 00:00:00+00:00,1780.90000,1792.90000,1763.10000,1779.30000,9768
2008-02-17 00:00:00+00:00,1777.20000,1779.00000,1773.30000,1776.80000,50
2008-02-18 00:00:00+00:00,1777.00000,1814.50000,1776.30000,1806.30000,1318
2008-02-19 00:00:00+00:00,1807.10000,1809.30000,1756.50000,1774.70000,12194
2008-02-20 00:00:00+00:00,1774.40000,1789.50000,1746.90000,1786.80000,13672
2008-02-21 00:00:00+00:00,1787.10000,1804.70000,1759.10000,1767.30000,12249
2008-02-22 00:00:00+00:00,1767.30000,1778.20000,1736.60000,1776.30000,11778
2008-02-24 00:00:00+00:00,1770.90000,1779.70000,1770.20000,1776.40000,71
2008-02-25 00:00:00+00:00,1776.90000,1789.60000,1759.60000,1781.60000,11056
2008-02-26 00:00:00+00:00,1781.10000,1806.70000,1761.30000,1790.30000,12996
2008-02-27 00:00:00+00:00,1791.00000,1805.20000,1773.00000,1800.00000,12358
2008-02-28 00:00:00+00:00,1800.50000,1807.60000,1777.70000,1778.70000,11792
2008-02-29 00:00:00+00:00,1779.00000,1780.30000,1738.80000,1751.20000,13017
2008-03-02 00:00:00+00:00,1744.40000,1745.40000,1738.90000,1742.90000,69
2008-03-03 00:00:00+00:00,1742.40000,1745.30000,1714.90000,1728.70000,11851
2008-03-04 00:00:00+00:00,1728.90000,1747.50000,1705.80000,1745.10000,14412
2008-03-05 00:00:00+00:00,1744.80000,1767.40000,1735.80000,1753.80000,14230
2008-03-06 00:00:00+00:00,1753.80000,1770.00000,1708.50000,1715.30000,13184
2008-03-07 00:00:00+00:00,1715.80000,1731.40000,1679.70000,1707.20000,16054
2008-03-09 00:00:00+00:00,1704.10000,1706.10000,1696.90000,1699.60000,98
2008-03-10 00:00:00+00:00,1700.40000,1715.70000,1666.80000,1669.90000,12888
2008-03-11 00:00:00+00:00,1670.40000,1753.20000,1670.40000,1752.20000,15543
2008-03-12 00:00:00+00:00,1752.00000,1764.60000,1728.40000,1729.20000,11756
2008-03-13 00:00:00+00:00,1728.90000,1760.10000,1698.10000,1749.60000,12231
2008-03-14 00:00:00+00:00,1750.60000,1774.70000,1695.60000,1714.30000,9325
2008-03-16 00:00:00+00:00,1709.20000,1747.50000,1701.20000,1701.20000,54
2008-03-17 00:00:00+00:00,1700.20000,1706.40000,1668.20000,1696.90000,5554
2008-03-18 00:00:00+00:00,1694.50000,1765.80000,1690.20000,1763.60000,3651
2008-03-19 00:00:00+00:00,1762.40000,1775.20000,1709.60000,1711.30000,3301
2008-03-20 00:00:00+00:00,1712.10000,1752.40000,1703.60000,1744.20000,10920
2008-03-23 00:00:00+00:00,1747.20000,1748.40000,1742.20000,1747.40000,96
2008-03-24 00:00:00+00:00,1748.20000,1819.70000,1746.20000,1815.70000,10665
2008-03-25 00:00:00+00:00,1816.70000,1832.70000,1800.30000,1817.50000,11559
2008-03-26 00:00:00+00:00,1817.80000,1822.80000,1796.90000,1801.90000,10761
2008-03-27 00:00:00+00:00,1800.90000,1816.40000,1776.60000,1786.10000,12216
2008-03-28 00:00:00+00:00,1786.60000,1803.00000,1761.70000,1773.40000,10351
2008-03-30 00:00:00+00:00,1774.10000,1779.60000,1772.60000,1778.10000,78
2008-03-31 00:00:00+00:00,1777.80000,1790.30000,1761.40000,1777.90000,9820
2008-04-01 00:00:00+00:00,1777.40000,1856.00000,1771.20000,1848.20000,11652
2008-04-02 00:00:00+00:00,1848.00000,1872.00000,1837.30000,1855.00000,11131
2008-04-03 00:00:00+00:00,1854.30000,1867.60000,1836.40000,1861.80000,10362
2008-04-04 00:00:00+00:00,1861.60000,1885.10000,1846.70000,1863.40000,11221
2008-04-06 00:00:00+00:00,1863.10000,1867.30000,1860.80000,1864.80000,50
2008-04-07 00:00:00+00:00,1865.10000,1887.80000,1853.90000,1856.70000,9745
2008-04-08 00:00:00+00:00,1857.20000,1860.20000,1838.10000,1854.80000,8994
2008-04-09 00:00:00+00:00,1855.00000,1860.50000,1815.00000,1829.70000,10535
2008-04-10 00:00:00+00:00,1829.40000,1864.60000,1818.50000,1858.70000,9976
2008-04-11 00:00:00+00:00,1857.20000,1864.20000,1793.90000,1801.90000,10934
2008-04-13 00:00:00+00:00,1802.10000,1802.10000,1794.80000,1794.80000,82
2008-04-14 00:00:00+00:00,1794.60000,1808.60000,1786.40000,1792.20000,9165
2008-04-15 00:00:00+00:00,1791.90000,1818.70000,1776.50000,1815.20000,9950
2008-04-16 00:00:00+00:00,1815.40000,1864.40000,1809.50000,1853.90000,11369
2008-04-17 00:00:00+00:00,1854.20000,1872.70000,1829.50000,1870.50000,10225
2008-04-18 00:00:00+00:00,1870.70000,1909.70000,1865.70000,1897.00000,10509
2008-04-20 00:00:00+00:00,1898.10000,1899.60000,1896.60000,1899.10000,65
2008-04-21 00:00:00+00:00,1898.90000,1915.70000,1888.90000,1902.20000,7626
2008-04-22 00:00:00+00:00,1901.40000,1908.00000,1868.10000,1891.50000,9647
2008-04-23 00:00:00+00:00,1891.00000,1914.50000,1882.40000,1888.40000,10691
2008-04-24 00:00:00+00:00,1887.60000,1944.80000,1885.70000,1911.70000,13477
2008-04-25 00:00:00+00:00,1911.90000,1929.20000,1894.30000,1916.20000,10874
2008-04-27 00:00:00+00:00,1918.10000,1919.60000,1914.70000,1915.70000,56
2008-04-28 00:00:00+00:00,1916.20000,1937.40000,1914.40000,1922.70000,7446
2008-04-29 00:00:00+00:00,1923.70000,1943.50000,1914.80000,1934.80000,8760
2008-04-30 00:00:00+00:00,1935.00000,1955.50000,1912.60000,1922.40000,10964
2008-05-01 00:00:00+00:00,1922.60000,1981.60000,1917.40000,1979.30000,11162
2008-05-02 00:00:00+00:00,1978.80000,2003.60000,1965.90000,1986.70000,11972
2008-05-04 00:00:00+00:00,1982.10000,1983.80000,1979.80000,1983.10000,66
2008-05-05 00:00:00+00:00,1982.80000,1993.90000,1966.10000,1977.40000,7532
2008-05-06 00:00:00+00:00,1977.20000,2001.00000,1958.30000,1995.70000,11150
2008-05-07 00:00:00+00:00,1995.20000,2001.80000,1946.40000,1958.40000,11189
2008-05-08 00:00:00+00:00,1958.70000,1980.40000,1954.70000,1961.20000,11005
2008-05-09 00:00:00+00:00,1960.50000,1970.00000,1947.80000,1960.80000,9024
2008-05-11 00:00:00+00:00,1960.50000,1963.70000,1958.20000,1962.50000,59
2008-05-12 00:00:00+00:00,1962.70000,2000.20000,1959.50000,1996.50000,8499
2008-05-13 00:00:00+00:00,1996.00000,2005.80000,1982.30000,2000.30000,8786
2008-05-14 00:00:00+00:00,2000.80000,2029.60000,1992.40000,1994.20000,10168
2008-05-15 00:00:00+00:00,1993.90000,2033.90000,1991.20000,2030.50000,10829
2008-05-16 00:00:00+00:00,2030.20000,2038.50000,2009.80000,2032.80000,9321
2008-05-18 00:00:00+00:00,2032.70000,2033.70000,2032.20000,2032.70000,34
2008-05-19 00:00:00+00:00,2032.20000,2051.50000,2005.60000,2021.30000,9386
2008-05-20 00:00:00+00:00,2021.10000,2022.30000,1987.70000,2005.20000,10230
2008-05-21 00:00:00+00:00,2004.90000,2016.20000,1951.80000,1959.10000,12837
2008-05-22 00:00:00+00:00,1959.60000,1979.10000,1955.40000,1963.40000,11749
2008-05-23 00:00:00+00:00,1964.20000,1967.20000,1943.70000,1957.50000,9988
2008-05-25 00:00:00+00:00,1958.20000,1960.90000,1958.20000,1959.70000,38
2008-05-26 00:00:00+00:00,1960.40000,1966.00000,1951.90000,1961.70000,435
2008-05-27 00:00:00+00:00,1962.00000,1996.50000,1954.80000,1993.00000,10055
2008-05-28 00:00:00+00:00,1992.30000,2006.80000,1981.40000,2000.10000,10240
2008-05-29 00:00:00+00:00,2000.40000,2031.20000,1997.90000,2023.70000,10750
2008-05-30 00:00:00+00:00,2024.20000,2042.00000,2021.70000,2033.00000,8253
2008-06-01 00:00:00+00:00,2033.70000,2036.70000,2032.90000,2033.70000,53
2008-06-02 00:00:00+00:00,2033.40000,2033.40000,1989.50000,2009.30000,9946
2008-06-03 00:00:00+00:00,2009.50000,2027.80000,1977.60000,1996.40000,12363
2008-06-04 00:00:00+00:00,1995.40000,2036.70000,1984.90000,2019.20000,12493
2008-06-05 00:00:00+00:00,2020.20000,2059.00000,2017.00000,2056.00000,10966
2008-06-06 00:00:00+00:00,2055.80000,2061.10000,1986.60000,1987.60000,14030
2008-06-08 00:00:00+00:00,1986.60000,1989.10000,1984.10000,1988.30000,90
2008-06-09 00:00:00+00:00,1987.60000,1999.60000,1948.20000,1984.70000,14435
2008-06-10 00:00:00+00:00,1985.20000,1988.70000,1955.70000,1973.00000,13132
2008-06-11 00:00:00+00:00,1973.30000,1983.00000,1921.30000,1925.80000,12514
2008-06-12 00:00:00+00:00,1925.30000,1954.10000,1909.70000,1929.40000,9331
2008-06-13 00:00:00+00:00,1930.90000,1969.70000,1919.00000,1963.20000,6242
2008-06-15 00:00:00+00:00,1964.40000,1965.40000,1959.90000,1964.40000,18
2008-06-16 00:00:00+00:00,1964.20000,1992.20000,1952.20000,1979.30000,4217
2008-06-17 00:00:00+00:00,1979.50000,1995.50000,1969.80000,1975.30000,3535
2008-06-18 00:00:00+00:00,1974.30000,1979.40000,1943.40000,1946.40000,3450
2008-06-19 00:00:00+00:00,1948.20000,1992.00000,1934.70000,1977.80000,3095
2008-06-20 00:00:00+00:00,1978.00000,1979.80000,1917.90000,1931.10000,13285
2008-06-22 00:00:00+00:00,1933.60000,1936.60000,1932.10000,1934.80000,72
2008-06-23 00:00:00+00:00,1935.30000,1942.60000,1902.10000,1908.30000,11272
2008-06-24 00:00:00+00:00,1907.80000,1925.60000,1886.20000,1903.70000,13413
2008-06-25 00:00:00+00:00,1903.90000,1951.30000,1903.20000,1913.80000,12382
2008-06-26 00:00:00+00:00,1914.50000,1919.30000,1854.10000,1858.40000,14555
2008-06-27 00:00:00+00:00,1858.90000,1869.10000,1827.60000,1856.50000,14766
2008-06-29 00:00:00+00:00,1859.20000,1861.90000,1857.70000,1858.20000,74
2008-06-30 00:00:00+00:00,1858.90000,1864.70000,1834.60000,1843.80000,12337
2008-07-01 00:00:00+00:00,1843.30000,1864.10000,1807.80000,1861.90000,16239
2008-07-02 00:00:00+00:00,1862.10000,1879.10000,1805.50000,1809.20000,15120
2008-07-03 00:00:00+00:00,1809.70000,1830.90000,1798.50000,1817.00000,10428
2008-07-04 00:00:00+00:00,1815.80000,1820.80000,1806.10000,1807.40000,608
2008-07-06 00:00:00+00:00,1808.30000,1811.80000,1807.80000,1807.80000,84
2008-07-07 00:00:00+00:00,1807.60000,1847.00000,1796.70000,1827.10000,14219
2008-07-08 00:00:00+00:00,1826.90000,1869.00000,1803.50000,1860.60000,16114
2008-07-09 00:00:00+00:00,1860.30000,1869.90000,1816.60000,1820.80000,14252
2008-07-10 00:00:00+00:00,1820.60000,1845.10000,1803.00000,1841.60000,17019
2008-07-11 00:00:00+00:00,1841.10000,1852.80000,1781.20000,1812.10000,18384
2008-07-13 00:00:00+00:00,1812.30000,1833.50000,1812.30000,1828.50000,262
2008-07-14 00:00:00+00:00,1829.00000,1843.70000,1790.40000,1795.20000,15410
2008-07-15 00:00:00+00:00,1794.70000,1826.40000,1758.90000,1801.80000,18827
2008-07-16 00:00:00+00:00,1801.50000,1843.50000,1779.40000,1834.50000,17059
2008-07-17 00:00:00+00:00,1835.00000,1862.00000,1819.20000,1821.90000,16257
2008-07-18 00:00:00+00:00,1821.40000,1841.90000,1814.20000,1822.20000,12793
2008-07-20 00:00:00+00:00,1821.70000,1824.70000,1821.70000,1823.00000,51
2008-07-21 00:00:00+00:00,1823.00000,1839.00000,1784.90000,1790.90000,12207
2008-07-22 00:00:00+00:00,1790.70000,1822.60000,1782.20000,1819.20000,12814
2008-07-23 00:00:00+00:00,1819.40000,1864.10000,1816.50000,1853.90000,14110
2008-07-24 00:00:00+00:00,1853.40000,1856.70000,1806.90000,1815.40000,13183
2008-07-25 00:00:00+00:00,1815.60000,1847.90000,1809.70000,1834.90000,11243
2008-07-27 00:00:00+00:00,1839.10000,1843.30000,1836.40000,1836.40000,72
2008-07-28 00:00:00+00:00,1836.90000,1848.90000,1795.30000,1808.80000,11384
2008-07-29 00:00:00+00:00,1808.10000,1850.00000,1801.60000,1838.60000,12114
2008-07-30 00:00:00+00:00,1837.80000,1861.30000,1823.20000,1851.10000,13235
2008-07-31 00:00:00+00:00,1851.40000,1873.60000,1827.50000,1847.50000,13859
2008-08-01 00:00:00+00:00,1847.30000,1858.30000,1803.20000,1827.60000,13293
2008-08-03 00:00:00+00:00,1828.30000,1832.30000,1827.80000,1830.10000,56
2008-08-04 00:00:00+00:00,1830.80000,1831.60000,1799.50000,1809.30000,10558
2008-08-05 00:00:00+00:00,1810.30000,1878.20000,1805.50000,1874.20000,12064
2008-08-06 00:00:00+00:00,1874.00000,1902.20000,1851.60000,1886.80000,12854
2008-08-07 00:00:00+00:00,1886.50000,1903.10000,1872.60000,1884.10000,11999
2008-08-08 00:00:00+00:00,1883.90000,1927.60000,1875.00000,1919.40000,11648
2008-08-10 00:00:00+00:00,1916.10000,1918.40000,1915.40000,1917.60000,58
2008-08-11 00:00:00+00:00,1917.40000,1961.60000,1914.60000,1937.20000,11795
2008-08-12 00:00:00+00:00,1936.90000,1956.50000,1927.80000,1943.80000,11984
2008-08-13 00:00:00+00:00,1943.30000,1955.30000,1919.90000,1939.70000,12558
2008-08-14 00:00:00+00:00,1939.40000,1969.20000,1929.70000,1965.00000,11762
2008-08-15 00:00:00+00:00,1965.20000,1973.00000,1948.80000,1961.10000,10904
2008-08-18 00:00:00+00:00,1958.60000,1972.60000,1920.50000,1938.90000,10997
2008-08-19 00:00:00+00:00,1938.70000,1941.70000,1899.80000,1916.60000,11933
2008-08-20 00:00:00+00:00,1917.60000,1932.90000,1899.40000,1910.00000,12064
2008-08-21 00:00:00+00:00,1909.70000,1913.50000,1885.50000,1903.80000,11589
2008-08-22 00:00:00+00:00,1904.10000,1938.30000,1898.30000,1927.60000,9596
2008-08-24 00:00:00+00:00,1927.30000,1927.30000,1921.10000,1922.30000,67
2008-08-25 00:00:00+00:00,1922.60000,1928.20000,1884.50000,1893.30000,10462
2008-08-26 00:00:00+00:00,1893.30000,1901.30000,1874.30000,1887.90000,9586
2008-08-27 00:00:00+00:00,1888.90000,1914.20000,1879.70000,1897.70000,10377
2008-08-28 00:00:00+00:00,1897.50000,1921.70000,1888.80000,1904.00000,9633
2008-08-29 00:00:00+00:00,1903.80000,1904.60000,1865.40000,1873.70000,10002
2008-08-31 00:00:00+00:00,1872.40000,1872.40000,1869.40000,1869.90000,31
2008-09-01 00:00:00+00:00,1870.40000,1879.70000,1865.90000,1878.30000,773
2008-09-02 00:00:00+00:00,1878.00000,1913.50000,1842.40000,1850.90000,13313
2008-09-03 00:00:00+00:00,1851.40000,1857.70000,1820.20000,1834.00000,12774
2008-09-04 00:00:00+00:00,1834.50000,1834.50000,1758.90000,1766.10000,13318
2008-09-05 00:00:00+00:00,1765.60000,1779.20000,1740.00000,1767.70000,14972
2008-09-07 00:00:00+00:00,1793.70000,1809.90000,1793.70000,1805.20000,528
2008-09-08 00:00:00+00:00,1804.90000,1814.20000,1734.30000,1760.80000,16919
2008-09-09 00:00:00+00:00,1759.50000,1779.30000,1719.90000,1733.70000,15008
2008-09-10 00:00:00+00:00,1733.20000,1755.00000,1725.20000,1732.50000,14653
2008-09-11 00:00:00+00:00,1732.70000,1779.30000,1706.60000,1774.10000,12615
2008-09-12 00:00:00+00:00,1773.10000,1776.90000,1743.40000,1773.70000,7274
2008-09-14 00:00:00+00:00,1762.60000,1762.60000,1724.90000,1733.60000,183
2008-09-15 00:00:00+00:00,1734.60000,1759.40000,1705.70000,1706.20000,5725
2008-09-16 00:00:00+00:00,1706.00000,1740.50000,1683.80000,1734.80000,6124
2008-09-17 00:00:00+00:00,1737.80000,1739.10000,1634.20000,1641.90000,4937
2008-09-18 00:00:00+00:00,1644.40000,1731.80000,1605.70000,1727.90000,5071
2008-09-19 00:00:00+00:00,1726.90000,1791.80000,1712.80000,1729.70000,20065
2008-09-21 00:00:00+00:00,1726.20000,1726.20000,1697.30000,1719.70000,447
2008-09-22 00:00:00+00:00,1720.00000,1742.90000,1656.10000,1665.10000,13400
2008-09-23 00:00:00+00:00,1664.30000,1693.30000,1639.80000,1658.70000,16814
2008-09-24 00:00:00+00:00,1658.50000,1673.70000,1642.30000,1658.30000,15275
2008-09-25 00:00:00+00:00,1658.60000,1705.70000,1653.90000,1653.90000,16128
2008-09-26 00:00:00+00:00,1655.40000,1675.90000,1622.40000,1668.90000,15401
2008-09-28 00:00:00+00:00,1673.10000,1679.30000,1663.20000,1665.20000,307
2008-09-29 00:00:00+00:00,1665.90000,1674.60000,1487.80000,1507.70000,20452
2008-09-30 00:00:00+00:00,1507.50000,1598.40000,1506.70000,1591.70000,16851
2008-10-01 00:00:00+00:00,1591.20000,1592.40000,1545.20000,1576.10000,15608
2008-10-02 00:00:00+00:00,1577.30000,1583.40000,1489.30000,1506.00000,16335
2008-10-03 00:00:00+00:00,1506.80000,1554.10000,1468.30000,1470.70000,18462
2008-10-05 00:00:00+00:00,1471.70000,1473.40000,1449.50000,1451.30000,380
2008-10-06 00:00:00+00:00,1452.80000,1458.50000,1338.10000,1404.00000,22932
2008-10-07 00:00:00+00:00,1404.80000,1433.70000,1320.70000,1323.50000,23199
2008-10-08 00:00:00+00:00,1323.70000,1387.50000,1275.70000,1316.10000,28601
2008-10-09 00:00:00+00:00,1316.60000,1367.40000,1257.90000,1263.60000,22684
2008-10-10 00:00:00+00:00,1265.30000,1320.90000,1193.50000,1270.90000,28769
2008-10-12 00:00:00+00:00,1293.00000,1320.60000,1293.00000,1318.60000,580
2008-10-13 00:00:00+00:00,1319.60000,1480.30000,1304.20000,1480.30000,19765
2008-10-14 00:00:00+00:00,1481.30000,1493.10000,1348.10000,1357.60000,24615
2008-10-15 00:00:00+00:00,1356.60000,1379.60000,1210.00000,1214.50000,22529
2008-10-16 00:00:00+00:00,1215.50000,1325.40000,1186.90000,1320.70000,27266
2008-10-17 00:00:00+00:00,1319.40000,1366.80000,1264.40000,1307.80000,23106
2008-10-19 00:00:00+00:00,1310.70000,1318.20000,1293.50000,1318.20000,333
2008-10-20 00:00:00+00:00,1317.20000,1357.80000,1286.60000,1347.90000,19384
2008-10-21 00:00:00+00:00,1348.40000,1351.40000,1263.70000,1314.10000,20675
2008-10-22 00:00:00+00:00,1313.80000,1316.30000,1204.30000,1243.40000,20747
2008-10-23 00:00:00+00:00,1243.60000,1261.10000,1172.20000,1246.20000,25042
2008-10-24 00:00:00+00:00,1245.00000,1245.20000,1151.00000,1188.90000,21921
2008-10-26 00:00:00+00:00,1186.30000,1198.30000,1182.60000,1193.10000,183
2008-10-27 00:00:00+00:00,1192.80000,1224.80000,1133.30000,1157.50000,21236
2008-10-28 00:00:00+00:00,1158.00000,1304.90000,1155.50000,1291.90000,21490
2008-10-29 00:00:00+00:00,1292.40000,1342.30000,1267.50000,1298.20000,20940
2008-10-30 00:00:00+00:00,1299.00000,1350.80000,1294.50000,1330.20000,20273
2008-10-31 00:00:00+00:00,1330.70000,1357.00000,1301.80000,1332.80000,18068
2008-11-02 00:00:00+00:00,1331.90000,1336.40000,1328.20000,1331.70000,88
2008-11-03 00:00:00+00:00,1332.00000,1352.90000,1319.00000,1335.30000,13658
2008-11-04 00:00:00+00:00,1336.00000,1380.20000,1330.30000,1377.50000,15565
2008-11-05 00:00:00+00:00,1376.20000,1385.50000,1269.30000,1276.60000,17761
2008-11-06 00:00:00+00:00,1276.80000,1291.80000,1232.00000,1243.50000,20249
2008-11-07 00:00:00+00:00,1244.00000,1286.90000,1240.50000,1286.70000,17727
2008-11-09 00:00:00+00:00,1290.30000,1308.80000,1290.30000,1306.00000,155
2008-11-10 00:00:00+00:00,1307.50000,1318.30000,1232.80000,1248.30000,15658
2008-11-11 00:00:00+00:00,1248.50000,1259.20000,1205.70000,1220.90000,16224
2008-11-12 00:00:00+00:00,1221.90000,1242.10000,1137.60000,1142.60000,17894
2008-11-13 00:00:00+00:00,1142.90000,1241.00000,1106.20000,1231.30000,22444
2008-11-14 00:00:00+00:00,1231.00000,1234.30000,1153.00000,1153.50000,20134
2008-11-16 00:00:00+00:00,1155.80000,1158.30000,1148.90000,1152.40000,153
2008-11-17 00:00:00+00:00,1152.10000,1186.60000,1137.90000,1153.20000,18375
2008-11-18 00:00:00+00:00,1152.40000,1173.50000,1111.10000,1163.00000,20278
2008-11-19 00:00:00+00:00,1162.50000,1170.00000,1081.20000,1088.40000,19858
2008-11-20 00:00:00+00:00,1089.20000,1112.70000,1029.80000,1046.10000,23417
2008-11-21 00:00:00+00:00,1046.30000,1090.80000,1016.10000,1085.30000,22070
2008-11-23 00:00:00+00:00,1097.20000,1102.90000,1084.90000,1094.70000,324
2008-11-24 00:00:00+00:00,1095.40000,1162.40000,1070.70000,1144.90000,19552
2008-11-25 00:00:00+00:00,1145.20000,1170.20000,1116.30000,1133.50000,19503
2008-11-26 00:00:00+00:00,1134.70000,1193.50000,1121.00000,1187.00000,17029
2008-11-27 00:00:00+00:00,1187.50000,1194.50000,1178.50000,1190.10000,842
2008-11-28 00:00:00+00:00,1187.80000,1198.10000,1169.90000,1180.10000,6338
2008-11-30 00:00:00+00:00,1184.00000,1187.00000,1172.80000,1174.30000,130
2008-12-01 00:00:00+00:00,1173.50000,1180.50000,1088.40000,1089.90000,15076
2008-12-02 00:00:00+00:00,1089.70000,1135.20000,1089.50000,1128.00000,18043
2008-12-03 00:00:00+00:00,1127.50000,1165.50000,1095.30000,1151.80000,19031
2008-12-04 00:00:00+00:00,1152.00000,1168.00000,1108.10000,1129.60000,17910
2008-12-05 00:00:00+00:00,1129.80000,1179.90000,1094.20000,1174.10000,18671
2008-12-07 00:00:00+00:00,1176.30000,1178.50000,1170.00000,1173.30000,108
2008-12-08 00:00:00+00:00,1174.30000,1237.00000,1173.50000,1203.80000,16832
2008-12-09 00:00:00+00:00,1203.30000,1251.80000,1199.80000,1218.40000,17920
2008-12-10 00:00:00+00:00,1220.40000,1238.90000,1202.70000,1214.40000,15609
2008-12-11 00:00:00+00:00,1213.40000,1229.00000,1164.30000,1164.30000,10627
2008-12-12 00:00:00+00:00,1163.80000,1214.60000,1133.60000,1211.60000,10283
2008-12-14 00:00:00+00:00,1213.20000,1221.00000,1205.70000,1216.70000,66
2008-12-15 00:00:00+00:00,1217.70000,1222.20000,1166.50000,1190.80000,5744
2008-12-16 00:00:00+00:00,1191.30000,1245.60000,1187.80000,1239.60000,5650
2008-12-17 00:00:00+00:00,1238.90000,1242.20000,1204.40000,1226.20000,3182
2008-12-18 00:00:00+00:00,1226.40000,1234.00000,1193.00000,1220.00000,2219
2008-12-19 00:00:00+00:00,1220.30000,1237.30000,1208.80000,1210.50000,11853
2008-12-21 00:00:00+00:00,1211.00000,1216.30000,1209.80000,1215.80000,62
2008-12-22 00:00:00+00:00,1216.00000,1223.00000,1169.30000,1194.30000,9770
2008-12-23 00:00:00+00:00,1194.00000,1205.80000,1175.80000,1186.30000,8852
2008-12-24 00:00:00+00:00,1186.50000,1188.80000,1178.30000,1180.50000,2747
2008-12-26 00:00:00+00:00,1184.30000,1190.60000,1178.30000,1185.60000,2459
2008-12-28 00:00:00+00:00,1187.60000,1187.80000,1183.10000,1183.10000,33
2008-12-29 00:00:00+00:00,1182.80000,1197.60000,1155.80000,1175.80000,6352
2008-12-30 00:00:00+00:00,1176.10000,1208.80000,1175.80000,1208.30000,7714
2008-12-31 00:00:00+00:00,1207.10000,1224.30000,1196.30000,1199.60000,6543
2009-01-02 00:00:00+00:00,1209.30000,1267.60000,1203.60000,1253.30000,9026
2009-01-04 00:00:00+00:00,1251.30000,1251.60000,1248.60000,1249.60000,79
2009-01-05 00:00:00+00:00,1249.10000,1274.60000,1243.80000,1263.60000,10969
2009-01-06 00:00:00+00:00,1263.10000,1286.60000,1259.10000,1269.30000,12027
2009-01-07 00:00:00+00:00,1268.80000,1272.60000,1227.40000,1238.90000,12117
2009-01-08 00:00:00+00:00,1238.40000,1253.10000,1222.90000,1251.90000,10903
2009-01-09 00:00:00+00:00,1252.10000,1255.90000,1215.60000,1220.90000,11567
2009-01-11 00:00:00+00:00,1220.60000,1220.60000,1213.60000,1218.40000,70
2009-01-12 00:00:00+00:00,1218.10000,1225.60000,1186.20000,1207.40000,9915
2009-01-13 00:00:00+00:00,1208.10000,1218.10000,1184.70000,1201.70000,12950
2009-01-14 00:00:00+00:00,1202.40000,1210.40000,1142.20000,1148.40000,14046
2009-01-15 00:00:00+00:00,1148.20000,1190.70000,1138.20000,1185.40000,16423
2009-01-16 00:00:00+00:00,1185.70000,1200.70000,1164.20000,1196.90000,14838
2009-01-18 00:00:00+00:00,1198.70000,1221.90000,1198.70000,1218.40000,156
2009-01-19 00:00:00+00:00,1216.70000,1216.70000,1182.20000,1192.20000,2129
2009-01-20 00:00:00+00:00,1191.20000,1194.40000,1131.70000,1142.20000,15073
2009-01-21 00:00:00+00:00,1142.70000,1201.70000,1140.00000,1194.90000,15433
2009-01-22 00:00:00+00:00,1194.20000,1201.40000,1146.20000,1170.50000,16578
2009-01-23 00:00:00+00:00,1171.50000,1190.70000,1141.20000,1164.00000,16562
2009-01-25 00:00:00+00:00,1164.70000,1164.70000,1156.00000,1158.50000,112
2009-01-26 00:00:00+00:00,1158.20000,1201.00000,1146.50000,1184.00000,13673
2009-01-27 00:00:00+00:00,1183.00000,1202.20000,1176.00000,1200.20000,13027
2009-01-28 00:00:00+00:00,1199.70000,1244.20000,1199.70000,1226.20000,12944
2009-01-29 00:00:00+00:00,1226.70000,1228.70000,1195.70000,1204.70000,12890
2009-01-30 00:00:00+00:00,1204.20000,1214.00000,1173.80000,1181.50000,13552
2009-02-01 00:00:00+00:00,1180.80000,1182.30000,1176.80000,1180.00000,68
2009-02-02 00:00:00+00:00,1179.80000,1201.80000,1153.30000,1187.50000,12956
2009-02-03 00:00:00+00:00,1188.00000,1217.50000,1177.30000,1209.80000,12798
2009-02-04 00:00:00+00:00,1209.30000,1242.50000,1190.50000,1191.80000,12684
2009-02-05 00:00:00+00:00,1192.00000,1248.80000,1184.80000,1234.80000,16027
2009-02-06 00:00:00+00:00,1235.30000,1279.30000,1231.00000,1275.50000,12891
2009-02-08 00:00:00+00:00,1272.80000,1275.30000,1265.80000,1266.00000,168
2009-02-09 00:00:00+00:00,1265.80000,1285.30000,1257.80000,1274.00000,9279
2009-02-10 00:00:00+00:00,1273.80000,1285.80000,1221.30000,1232.80000,15109
2009-02-11 00:00:00+00:00,1233.00000,1239.30000,1206.30000,1223.30000,13140
2009-02-12 00:00:00+00:00,1222.80000,1246.80000,1202.60000,1242.30000,16332
2009-02-13 00:00:00+00:00,1242.10000,1254.80000,1226.10000,1229.60000,13247
2009-02-15 00:00:00+00:00,1224.10000,1224.10000,1212.80000,1219.60000,109
2009-02-16 00:00:00+00:00,1219.80000,1226.80000,1206.30000,1211.10000,1486
2009-02-17 00:00:00+00:00,1211.30000,1213.10000,1179.10000,1187.10000,14540
2009-02-18 00:00:00+00:00,1187.30000,1203.80000,1171.30000,1178.30000,15030
2009-02-19 00:00:00+00:00,1177.80000,1201.30000,1165.10000,1167.80000,13632
2009-02-20 00:00:00+00:00,1168.30000,1182.90000,1149.90000,1172.60000,15792
2009-02-22 00:00:00+00:00,1174.40000,1175.60000,1163.60000,1163.90000,130
2009-02-23 00:00:00+00:00,1163.60000,1195.90000,1125.40000,1135.60000,14927
2009-02-24 00:00:00+00:00,1134.90000,1176.60000,1133.60000,1167.10000,14617
2009-02-25 00:00:00+00:00,1168.40000,1184.10000,1141.90000,1157.60000,15402
2009-02-26 00:00:00+00:00,1157.10000,1174.60000,1126.60000,1130.10000,14462
2009-02-27 00:00:00+00:00,1129.90000,1138.60000,1107.20000,1112.20000,15617
2009-03-01 00:00:00+00:00,1114.20000,1114.90000,1103.20000,1105.40000,181
2009-03-02 00:00:00+00:00,1104.40000,1115.70000,1074.20000,1086.70000,14980
2009-03-03 00:00:00+00:00,1086.90000,1102.20000,1061.90000,1070.70000,15363
2009-03-04 00:00:00+00:00,1071.20000,1124.90000,1067.20000,1104.20000,14704
2009-03-05 00:00:00+00:00,1103.90000,1108.90000,1071.90000,1080.40000,14937
2009-03-06 00:00:00+00:00,1080.70000,1089.20000,1042.90000,1075.70000,15524
2009-03-08 00:00:00+00:00,1076.70000,1082.20000,1074.50000,1082.20000,161
2009-03-09 00:00:00+00:00,1082.50000,1087.70000,1040.20000,1046.20000,14802
2009-03-10 00:00:00+00:00,1046.50000,1112.50000,1045.50000,1110.50000,13432
2009-03-11 00:00:00+00:00,1110.20000,1135.70000,1105.00000,1119.70000,14857
2009-03-12 00:00:00+00:00,1119.00000,1167.70000,1111.70000,1164.20000,9945
2009-03-13 00:00:00+00:00,1163.50000,1176.00000,1149.20000,1171.00000,6067
2009-03-15 00:00:00+00:00,1169.00000,1169.00000,1159.50000,1160.20000,46
2009-03-16 00:00:00+00:00,1159.70000,1181.70000,1144.00000,1152.50000,4981
2009-03-17 00:00:00+00:00,1153.20000,1192.50000,1148.50000,1189.00000,3990
2009-03-18 00:00:00+00:00,1188.70000,1225.20000,1180.00000,1211.00000,4178
2009-03-19 00:00:00+00:00,1210.00000,1223.50000,1196.00000,1202.30000,2197
2009-03-20 00:00:00+00:00,1202.80000,1222.00000,1179.40000,1189.20000,12252
2009-03-22 00:00:00+00:00,1188.70000,1197.90000,1188.70000,1196.70000,163
2009-03-23 00:00:00+00:00,1196.20000,1260.30000,1194.20000,1252.50000,12616
2009-03-24 00:00:00+00:00,1253.00000,1257.00000,1232.70000,1238.90000,11646
2009-03-25 00:00:00+00:00,1239.40000,1263.70000,1207.40000,1240.90000,14358
2009-03-26 00:00:00+00:00,1240.20000,1284.00000,1240.20000,1275.20000,14203
2009-03-27 00:00:00+00:00,1275.00000,1278.00000,1250.10000,1256.40000,11826
2009-03-29 00:00:00+00:00,1252.10000,1256.60000,1250.60000,1253.80000,122
2009-03-30 00:00:00+00:00,1254.10000,1254.60000,1205.50000,1230.50000,12690
2009-03-31 00:00:00+00:00,1230.00000,1259.80000,1223.70000,1224.50000,11964
2009-04-01 00:00:00+00:00,1224.70000,1256.30000,1212.00000,1253.30000,13130
2009-04-02 00:00:00+00:00,1252.80000,1312.80000,1251.00000,1305.10000,15421
2009-04-03 00:00:00+00:00,1304.80000,1319.80000,1295.30000,1319.30000,11831
2009-04-05 00:00:00+00:00,1317.50000,1328.80000,1315.50000,1323.00000,196
2009-04-06 00:00:00+00:00,1324.00000,1329.50000,1287.70000,1314.20000,11292
2009-04-07 00:00:00+00:00,1314.50000,1319.20000,1269.10000,1285.70000,11413
2009-04-08 00:00:00+00:00,1285.90000,1307.70000,1268.90000,1302.90000,11055
2009-04-09 00:00:00+00:00,1302.40000,1343.20000,1302.20000,1339.40000,10472
2009-04-12 00:00:00+00:00,1333.80000,1340.80000,1332.80000,1336.10000,179
2009-04-13 00:00:00+00:00,1335.80000,1345.10000,1323.30000,1335.30000,8129
2009-04-14 00:00:00+00:00,1334.80000,1342.80000,1307.00000,1308.80000,12049
2009-04-15 00:00:00+00:00,1309.00000,1321.80000,1295.50000,1320.00000,11533
2009-04-16 00:00:00+00:00,1320.20000,1360.00000,1309.00000,1346.50000,12878
2009-04-17 00:00:00+00:00,1346.20000,1362.50000,1338.50000,1354.50000,9534
2009-04-19 00:00:00+00:00,1351.20000,1351.20000,1346.90000,1347.90000,109
2009-04-20 00:00:00+00:00,1348.20000,1349.90000,1303.10000,1314.30000,10641
2009-04-21 00:00:00+00:00,1314.60000,1331.60000,1301.30000,1328.60000,12005
2009-04-22 00:00:00+00:00,1328.30000,1363.30000,1316.30000,1335.80000,13771
2009-04-23 00:00:00+00:00,1336.10000,1355.10000,1320.50000,1346.50000,13743
2009-04-24 00:00:00+00:00,1346.00000,1379.80000,1337.00000,1376.10000,12621
2009-04-26 00:00:00+00:00,1369.50000,1370.50000,1359.50000,1360.50000,201
2009-04-27 00:00:00+00:00,1361.00000,1384.70000,1351.70000,1369.70000,12334
2009-04-28 00:00:00+00:00,1369.50000,1379.00000,1352.90000,1359.20000,11005
2009-04-29 00:00:00+00:00,1360.40000,1398.70000,1359.90000,1379.20000,11124
2009-04-30 00:00:00+00:00,1378.90000,1418.70000,1378.40000,1391.70000,12967
2009-05-01 00:00:00+00:00,1392.20000,1404.10000,1382.40000,1400.10000,8851
2009-05-03 00:00:00+00:00,1398.80000,1407.80000,1398.80000,1405.80000,170
2009-05-04 00:00:00+00:00,1405.10000,1428.10000,1402.80000,1427.30000,10549
2009-05-05 00:00:00+00:00,1426.80000,1429.10000,1407.50000,1427.30000,10551
2009-05-06 00:00:00+00:00,1426.50000,1436.80000,1400.30000,1423.30000,14309
2009-05-07 00:00:00+00:00,1423.80000,1438.00000,1376.70000,1395.70000,13276
2009-05-08 00:00:00+00:00,1396.50000,1411.50000,1376.90000,1389.20000,13216
2009-05-10 00:00:00+00:00,1388.10000,1388.10000,1380.60000,1383.10000,166
2009-05-11 00:00:00+00:00,1383.60000,1410.90000,1367.10000,1391.60000,12242
2009-05-12 00:00:00+00:00,1391.10000,1407.60000,1361.80000,1386.80000,12325
2009-05-13 00:00:00+00:00,1386.50000,1390.50000,1339.20000,1345.00000,12186
2009-05-14 00:00:00+00:00,1345.20000,1369.70000,1337.70000,1357.50000,11760
2009-05-15 00:00:00+00:00,1356.70000,1374.00000,1342.50000,1354.70000,11164
2009-05-17 00:00:00+00:00,1353.10000,1355.40000,1350.40000,1351.40000,114
2009-05-18 00:00:00+00:00,1350.90000,1393.40000,1343.40000,1390.40000,10303
2009-05-19 00:00:00+00:00,1389.90000,1411.40000,1379.90000,1393.10000,10914
2009-05-20 00:00:00+00:00,1392.60000,1423.90000,1387.30000,1390.60000,11836
2009-05-21 00:00:00+00:00,1389.60000,1393.80000,1352.80000,1369.00000,12474
2009-05-22 00:00:00+00:00,1369.30000,1380.00000,1353.30000,1361.50000,9374
2009-05-24 00:00:00+00:00,1360.50000,1364.50000,1359.70000,1364.50000,53
2009-05-25 00:00:00+00:00,1364.70000,1368.20000,1349.90000,1357.70000,1134
2009-05-26 00:00:00+00:00,1358.70000,1415.20000,1343.40000,1412.40000,10996
2009-05-27 00:00:00+00:00,1411.70000,1429.40000,1398.40000,1400.40000,11777
2009-05-28 00:00:00+00:00,1400.90000,1424.90000,1389.90000,1418.40000,11714
2009-05-29 00:00:00+00:00,1417.90000,1441.30000,1411.80000,1437.80000,9806
2009-05-31 00:00:00+00:00,1434.50000,1436.00000,1432.00000,1432.50000,103
2009-06-01 00:00:00+00:00,1432.00000,1482.80000,1430.50000,1472.00000,10727
2009-06-02 00:00:00+00:00,1471.80000,1495.00000,1465.00000,1477.70000,9545
2009-06-03 00:00:00+00:00,1477.50000,1485.00000,1459.50000,1476.20000,9496
2009-06-04 00:00:00+00:00,1475.50000,1494.90000,1474.20000,1494.70000,8943
2009-06-05 00:00:00+00:00,1494.40000,1512.40000,1478.90000,1495.20000,11283
2009-06-07 00:00:00+00:00,1492.10000,1493.80000,1485.30000,1487.80000,116
2009-06-08 00:00:00+00:00,1488.30000,1500.30000,1467.10000,1495.30000,10142
2009-06-09 00:00:00+00:00,1495.50000,1509.80000,1486.80000,1498.00000,9559
2009-06-10 00:00:00+00:00,1498.30000,1518.00000,1473.80000,1496.50000,11111
2009-06-11 00:00:00+00:00,1497.20000,1512.20000,1488.50000,1490.00000,7524
2009-06-12 00:00:00+00:00,1490.20000,1497.50000,1469.90000,1486.70000,4381
2009-06-14 00:00:00+00:00,1482.90000,1482.90000,1479.40000,1481.60000,23
2009-06-15 00:00:00+00:00,1481.10000,1481.60000,1444.80000,1456.30000,4123
2009-06-16 00:00:00+00:00,1457.60000,1469.60000,1442.80000,1444.10000,3463
2009-06-17 00:00:00+00:00,1444.60000,1470.80000,1439.50000,1457.80000,2710
2009-06-18 00:00:00+00:00,1456.30000,1464.30000,1444.80000,1455.50000,1541
2009-06-19 00:00:00+00:00,1455.80000,1477.80000,1452.00000,1467.00000,9240
2009-06-21 00:00:00+00:00,1464.70000,1467.00000,1463.70000,1464.00000,55
2009-06-22 00:00:00+00:00,1464.20000,1471.50000,1422.40000,1429.40000,10038
2009-06-23 00:00:00+00:00,1429.70000,1435.20000,1412.90000,1425.40000,9701
2009-06-24 00:00:00+00:00,1424.90000,1457.90000,1420.90000,1446.90000,9391
2009-06-25 00:00:00+00:00,1447.40000,1477.70000,1433.90000,1472.90000,10647
2009-06-26 00:00:00+00:00,1471.70000,1482.90000,1464.90000,1477.70000,7679
2009-06-28 00:00:00+00:00,1476.90000,1476.90000,1472.90000,1474.90000,52
2009-06-29 00:00:00+00:00,1474.40000,1493.40000,1467.60000,1481.90000,7910
2009-06-30 00:00:00+00:00,1482.20000,1492.70000,1466.60000,1475.90000,8793
2009-07-01 00:00:00+00:00,1476.10000,1497.10000,1476.10000,1479.90000,8779
2009-07-02 00:00:00+00:00,1479.60000,1479.90000,1442.10000,1445.80000,7965
2009-07-03 00:00:00+00:00,1448.10000,1448.30000,1443.10000,1444.10000,114
2009-07-05 00:00:00+00:00,1443.60000,1444.80000,1436.80000,1437.60000,119
2009-07-06 00:00:00+00:00,1437.80000,1443.30000,1423.30000,1440.50000,8060
2009-07-07 00:00:00+00:00,1440.30000,1447.50000,1402.00000,1406.50000,8853
2009-07-08 00:00:00+00:00,1406.80000,1416.00000,1393.50000,1410.50000,10428
2009-07-09 00:00:00+00:00,1411.30000,1422.00000,1407.30000,1415.00000,8183
2009-07-10 00:00:00+00:00,1414.80000,1427.00000,1403.70000,1416.50000,8524
2009-07-12 00:00:00+00:00,1419.20000,1421.70000,1416.20000,1420.20000,62
2009-07-13 00:00:00+00:00,1419.70000,1447.50000,1400.20000,1443.20000,10721
2009-07-14 00:00:00+00:00,1443.00000,1475.00000,1438.00000,1472.20000,9800
2009-07-15 00:00:00+00:00,1472.00000,1500.20000,1467.00000,1494.70000,10110
2009-07-16 00:00:00+00:00,1494.50000,1521.00000,1489.70000,1509.20000,10102
2009-07-17 00:00:00+00:00,1508.70000,1529.70000,1505.50000,1529.20000,8592
2009-07-19 00:00:00+00:00,1528.40000,1528.90000,1524.20000,1526.40000,141
2009-07-20 00:00:00+00:00,1525.90000,1544.40000,1525.40000,1538.40000,8890
2009-07-21 00:00:00+00:00,1538.70000,1560.90000,1529.20000,1558.70000,10861
2009-07-22 00:00:00+00:00,1558.20000,1571.90000,1545.90000,1556.90000,9943
2009-07-23 00:00:00+00:00,1557.20000,1604.40000,1556.20000,1576.90000,11364
2009-07-24 00:00:00+00:00,1577.20000,1600.90000,1572.70000,1599.40000,9292
2009-07-26 00:00:00+00:00,1597.90000,1597.90000,1592.90000,1595.10000,117
2009-07-27 00:00:00+00:00,1594.60000,1609.60000,1579.10000,1597.10000,9056
2009-07-28 00:00:00+00:00,1596.90000,1608.60000,1582.10000,1598.40000,10447
2009-07-29 00:00:00+00:00,1597.90000,1604.10000,1584.30000,1603.10000,10385
2009-07-30 00:00:00+00:00,1602.90000,1632.60000,1599.60000,1607.80000,10713
2009-07-31 00:00:00+00:00,1607.30000,1619.30000,1599.10000,1601.60000,9173
2009-08-02 00:00:00+00:00,1601.80000,1607.30000,1601.10000,1606.10000,132
2009-08-03 00:00:00+00:00,1605.30000,1628.80000,1601.80000,1627.30000,9482
2009-08-04 00:00:00+00:00,1627.00000,1632.80000,1613.30000,1630.50000,8588
2009-08-05 00:00:00+00:00,1630.30000,1631.80000,1602.50000,1604.00000,9639
2009-08-06 00:00:00+00:00,1604.30000,1623.30000,1594.30000,1601.00000,10220
2009-08-07 00:00:00+00:00,1601.30000,1628.30000,1595.80000,1619.80000,9653
2009-08-09 00:00:00+00:00,1619.50000,1619.70000,1614.70000,1616.20000,117
2009-08-10 00:00:00+00:00,1616.70000,1620.00000,1598.20000,1609.50000,7928
2009-08-11 00:00:00+00:00,1609.20000,1618.20000,1586.50000,1596.50000,9285
2009-08-12 00:00:00+00:00,1596.20000,1634.20000,1587.70000,1620.40000,10188
2009-08-13 00:00:00+00:00,1620.70000,1638.90000,1610.40000,1631.20000,8852
2009-08-14 00:00:00+00:00,1631.40000,1634.40000,1595.40000,1616.40000,8717
2009-08-16 00:00:00+00:00,1612.60000,1612.90000,1608.60000,1610.60000,89
2009-08-17 00:00:00+00:00,1610.90000,1610.90000,1561.60000,1566.60000,11402
2009-08-18 00:00:00+00:00,1566.90000,1588.60000,1566.40000,1583.60000,9601
2009-08-19 00:00:00+00:00,1583.40000,1600.60000,1564.80000,1599.30000,9548
2009-08-20 00:00:00+00:00,1599.10000,1618.60000,1591.30000,1613.30000,7921
2009-08-21 00:00:00+00:00,1613.10000,1639.80000,1601.10000,1635.80000,8761
2009-08-23 00:00:00+00:00,1635.30000,1637.80000,1633.60000,1634.80000,105
2009-08-24 00:00:00+00:00,1635.30000,1648.30000,1629.30000,1630.30000,9004
2009-08-25 00:00:00+00:00,1630.50000,1655.80000,1625.50000,1633.80000,8812
2009-08-26 00:00:00+00:00,1634.00000,1649.50000,1627.80000,1635.30000,8827
2009-08-27 00:00:00+00:00,1635.00000,1643.80000,1610.80000,1641.80000,10012
2009-08-28 00:00:00+00:00,1641.50000,1668.80000,1631.00000,1643.00000,9835
2009-08-30 00:00:00+00:00,1641.50000,1642.00000,1638.00000,1639.70000,99
2009-08-31 00:00:00+00:00,1640.00000,1645.20000,1616.00000,1625.20000,8089
2009-09-01 00:00:00+00:00,1625.50000,1649.20000,1590.40000,1594.90000,12455
2009-09-02 00:00:00+00:00,1595.20000,1603.20000,1585.40000,1594.70000,10369
2009-09-03 00:00:00+00:00,1594.40000,1608.40000,1584.70000,1607.20000,7953
2009-09-04 00:00:00+00:00,1606.70000,1640.70000,1602.40000,1636.40000,8931
2009-09-06 00:00:00+00:00,1635.60000,1639.10000,1634.60000,1634.90000,58
2009-09-07 00:00:00+00:00,1635.10000,1647.60000,1634.10000,1644.10000,1255
2009-09-08 00:00:00+00:00,1643.90000,1656.60000,1640.90000,1653.10000,7381
2009-09-09 00:00:00+00:00,1652.90000,1677.10000,1645.10000,1665.80000,9459
2009-09-10 00:00:00+00:00,1665.60000,1686.30000,1662.10000,1683.10000,6435
2009-09-11 00:00:00+00:00,1682.80000,1691.10000,1674.10000,1685.80000,4201
2009-09-13 00:00:00+00:00,1685.00000,1685.30000,1680.00000,1680.50000,42
2009-09-14 00:00:00+00:00,1680.00000,1693.50000,1667.50000,1686.50000,3132
2009-09-15 00:00:00+00:00,1686.30000,1703.50000,1681.50000,1698.00000,2917
2009-09-16 00:00:00+00:00,1698.30000,1725.00000,1696.50000,1720.80000,2165
2009-09-17 00:00:00+00:00,1721.30000,1737.00000,1714.00000,1720.30000,2023
2009-09-18 00:00:00+00:00,1720.00000,1732.20000,1714.70000,1722.50000,7412
2009-09-20 00:00:00+00:00,1719.20000,1722.20000,1717.20000,1720.70000,118
2009-09-21 00:00:00+00:00,1720.90000,1735.70000,1708.70000,1732.40000,8374
2009-09-22 00:00:00+00:00,1731.90000,1743.20000,1727.40000,1737.20000,7404
2009-09-23 00:00:00+00:00,1737.40000,1755.20000,1722.60000,1724.10000,9062
2009-09-24 00:00:00+00:00,1724.40000,1738.60000,1694.80000,1695.80000,11151
2009-09-25 00:00:00+00:00,1696.10000,1710.60000,1690.80000,1698.80000,10318
2009-09-27 00:00:00+00:00,1698.80000,1702.80000,1693.80000,1694.50000,170
2009-09-28 00:00:00+00:00,1694.30000,1734.30000,1689.70000,1725.50000,8775
2009-09-29 00:00:00+00:00,1725.30000,1732.50000,1708.50000,1718.00000,8325
2009-09-30 00:00:00+00:00,1717.70000,1731.70000,1691.20000,1719.70000,11196
2009-10-01 00:00:00+00:00,1720.00000,1723.50000,1665.60000,1667.90000,11370
2009-10-02 00:00:00+00:00,1668.10000,1676.40000,1651.40000,1663.40000,10693
2009-10-04 00:00:00+00:00,1664.10000,1670.60000,1661.30000,1666.60000,157
2009-10-05 00:00:00+00:00,1666.80000,1682.80000,1659.50000,1677.80000,8581
2009-10-06 00:00:00+00:00,1677.60000,1712.80000,1676.80000,1704.30000,10118
2009-10-07 00:00:00+00:00,1704.10000,1718.10000,1697.80000,1716.80000,8273
2009-10-08 00:00:00+00:00,1716.50000,1732.00000,1712.80000,1715.80000,9952
2009-10-09 00:00:00+00:00,1715.50000,1729.30000,1708.00000,1728.00000,7953
2009-10-11 00:00:00+00:00,1726.50000,1731.70000,1726.50000,1730.70000,101
2009-10-12 00:00:00+00:00,1730.50000,1742.00000,1718.20000,1728.20000,6733
2009-10-13 00:00:00+00:00,1728.00000,1746.70000,1721.90000,1744.70000,8055
2009-10-14 00:00:00+00:00,1744.90000,1755.90000,1741.20000,1749.90000,8610
2009-10-15 00:00:00+00:00,1749.70000,1755.70000,1738.40000,1753.40000,8005
2009-10-16 00:00:00+00:00,1753.20000,1758.20000,1726.40000,1734.10000,9524
2009-10-18 00:00:00+00:00,1731.30000,1732.30000,1728.60000,1730.80000,113
2009-10-19 00:00:00+00:00,1730.60000,1774.60000,1724.60000,1770.30000,9332
2009-10-20 00:00:00+00:00,1770.10000,1772.80000,1744.80000,1757.00000,9471
2009-10-21 00:00:00+00:00,1756.80000,1780.50000,1747.30000,1750.50000,10334
2009-10-22 00:00:00+00:00,1750.80000,1768.50000,1738.80000,1768.30000,10650
2009-10-23 00:00:00+00:00,1768.00000,1779.50000,1748.00000,1753.70000,10917
2009-10-25 00:00:00+00:00,1752.20000,1757.40000,1749.40000,1751.20000,139
2009-10-26 00:00:00+00:00,1751.40000,1778.20000,1738.70000,1743.20000,11333
2009-10-27 00:00:00+00:00,1743.40000,1752.90000,1714.10000,1723.40000,12281
2009-10-28 00:00:00+00:00,1723.60000,1724.10000,1678.30000,1680.60000,13308
2009-10-29 00:00:00+00:00,1680.30000,1714.10000,1678.30000,1709.10000,10315
2009-10-30 00:00:00+00:00,1708.80000,1712.60000,1661.00000,1663.50000,13389
2009-11-01 00:00:00+00:00,1662.00000,1665.20000,1656.70000,1665.20000,137
2009-11-02 00:00:00+00:00,1665.00000,1688.70000,1651.20000,1672.20000,13722
2009-11-03 00:00:00+00:00,1672.00000,1678.40000,1652.40000,1677.70000,11771
2009-11-04 00:00:00+00:00,1677.20000,1700.70000,1675.20000,1683.40000,10854
2009-11-05 00:00:00+00:00,1683.20000,1722.90000,1672.40000,1719.90000,9833
2009-11-06 00:00:00+00:00,1719.40000,1737.40000,1705.90000,1730.90000,9497
2009-11-08 00:00:00+00:00,1728.90000,1731.90000,1728.90000,1729.60000,60
2009-11-09 00:00:00+00:00,1729.40000,1768.40000,1728.60000,1766.30000,8158
2009-11-10 00:00:00+00:00,1766.10000,1777.30000,1759.80000,1775.80000,8187
2009-11-11 00:00:00+00:00,1776.10000,1793.10000,1771.80000,1784.60000,8731
2009-11-12 00:00:00+00:00,1784.80000,1794.30000,1769.30000,1773.80000,9286
2009-11-13 00:00:00+00:00,1774.00000,1793.30000,1771.00000,1788.00000,7868
2009-11-15 00:00:00+00:00,1790.20000,1798.70000,1788.00000,1797.70000,173
2009-11-16 00:00:00+00:00,1798.00000,1814.50000,1792.50000,1804.50000,8347
2009-11-17 00:00:00+00:00,1804.20000,1812.40000,1796.00000,1810.90000,7223
2009-11-18 00:00:00+00:00,1811.20000,1813.90000,1789.70000,1802.20000,7886
2009-11-19 00:00:00+00:00,1801.90000,1801.90000,1760.60000,1768.60000,8685
2009-11-20 00:00:00+00:00,1768.40000,1774.60000,1755.60000,1764.10000,7116
2009-11-22 00:00:00+00:00,1763.60000,1765.30000,1762.80000,1764.60000,32
2009-11-23 00:00:00+00:00,1765.10000,1802.10000,1765.10000,1790.80000,7119
2009-11-24 00:00:00+00:00,1790.50000,1794.00000,1776.30000,1786.80000,6737
2009-11-25 00:00:00+00:00,1787.00000,1800.00000,1786.50000,1794.50000,5512
2009-11-26 00:00:00+00:00,1794.00000,1797.50000,1747.00000,1750.20000,2312
2009-11-27 00:00:00+00:00,1751.50000,1780.20000,1724.00000,1759.50000,8439
2009-11-29 00:00:00+00:00,1763.40000,1771.90000,1763.40000,1768.40000,167
2009-11-30 00:00:00+00:00,1768.70000,1775.20000,1750.60000,1767.10000,10073
2009-12-01 00:00:00+00:00,1766.40000,1799.40000,1766.10000,1791.90000,7451
2009-12-02 00:00:00+00:00,1791.60000,1806.80000,1786.60000,1796.10000,7607
2009-12-03 00:00:00+00:00,1796.30000,1807.10000,1776.60000,1779.60000,7792
2009-12-04 00:00:00+00:00,1779.80000,1816.60000,1773.00000,1795.00000,10511
2009-12-06 00:00:00+00:00,1795.30000,1799.00000,1793.50000,1796.50000,103
2009-12-07 00:00:00+00:00,1796.00000,1798.80000,1779.20000,1787.50000,7241
2009-12-08 00:00:00+00:00,1787.20000,1790.00000,1760.50000,1769.20000,9855
2009-12-09 00:00:00+00:00,1769.50000,1795.40000,1758.90000,1794.70000,9011
2009-12-10 00:00:00+00:00,1794.40000,1808.70000,1786.40000,1800.90000,6351
2009-12-11 00:00:00+00:00,1801.70000,1812.70000,1784.60000,1794.10000,4106
2009-12-13 00:00:00+00:00,1794.30000,1795.60000,1791.60000,1793.60000,21
2009-12-14 00:00:00+00:00,1793.80000,1811.10000,1788.30000,1808.60000,2533
2009-12-15 00:00:00+00:00,1807.80000,1813.80000,1793.30000,1798.30000,2326
2009-12-16 00:00:00+00:00,1798.50000,1815.00000,1796.50000,1802.00000,2107
2009-12-17 00:00:00+00:00,1802.30000,1804.00000,1776.80000,1786.50000,1805
2009-12-18 00:00:00+00:00,1786.80000,1809.30000,1785.80000,1807.80000,8212
2009-12-20 00:00:00+00:00,1807.70000,1809.70000,1805.00000,1808.70000,98
2009-12-21 00:00:00+00:00,1809.00000,1835.50000,1808.20000,1828.50000,7124
2009-12-22 00:00:00+00:00,1828.70000,1842.70000,1828.70000,1842.20000,5713
2009-12-23 00:00:00+00:00,1841.70000,1855.50000,1838.70000,1855.20000,5325
2009-12-24 00:00:00+00:00,1854.90000,1871.20000,1853.90000,1870.20000,3136
2009-12-27 00:00:00+00:00,1869.10000,1869.10000,1864.40000,1867.10000,90
2009-12-28 00:00:00+00:00,1866.60000,1883.10000,1866.10000,1876.40000,4929
2009-12-29 00:00:00+00:00,1876.60000,1882.90000,1870.80000,1873.10000,3986
2009-12-30 00:00:00+00:00,1872.80000,1881.80000,1863.80000,1879.80000,4625
2009-12-31 00:00:00+00:00,1880.10000,1883.30000,1860.80000,1868.50000,3419
2010-01-03 00:00:00+00:00,1867.00000,1873.00000,1867.00000,1871.50000,174
2010-01-04 00:00:00+00:00,1871.70000,1890.50000,1868.50000,1889.20000,6820
2010-01-05 00:00:00+00:00,1889.00000,1891.00000,1877.50000,1885.50000,6548
2010-01-06 00:00:00+00:00,1885.70000,1893.00000,1873.70000,1878.90000,7343
2010-01-07 00:00:00+00:00,1878.70000,1881.90000,1867.20000,1878.40000,7683
2010-01-08 00:00:00+00:00,1878.70000,1893.90000,1866.40000,1891.20000,7879
2010-01-10 00:00:00+00:00,1893.60000,1899.10000,1891.10000,1898.60000,144
2010-01-11 00:00:00+00:00,1898.40000,1901.40000,1875.60000,1880.60000,7348
2010-01-12 00:00:00+00:00,1880.30000,1885.10000,1851.30000,1866.00000,9040
2010-01-13 00:00:00+00:00,1866.30000,1890.80000,1854.50000,1883.80000,8781
2010-01-14 00:00:00+00:00,1883.50000,1895.30000,1877.30000,1886.50000,6957
2010-01-15 00:00:00+00:00,1886.80000,1892.50000,1856.00000,1864.20000,9361
2010-01-17 00:00:00+00:00,1863.00000,1864.50000,1859.70000,1863.70000,53
2010-01-18 00:00:00+00:00,1864.00000,1876.20000,1861.00000,1875.40000,1602
2010-01-19 00:00:00+00:00,1874.90000,1896.40000,1858.70000,1889.70000,8342
2010-01-20 00:00:00+00:00,1889.40000,1893.40000,1846.60000,1871.40000,10196
2010-01-21 00:00:00+00:00,1871.70000,1884.60000,1837.90000,1840.90000,13377
2010-01-22 00:00:00+00:00,1840.60000,1850.40000,1790.60000,1798.10000,14052
2010-01-24 00:00:00+00:00,1795.80000,1806.50000,1795.80000,1805.30000,168
2010-01-25 00:00:00+00:00,1805.50000,1814.00000,1785.30000,1804.00000,11547
2010-01-26 00:00:00+00:00,1804.30000,1824.80000,1786.50000,1801.50000,11946
2010-01-27 00:00:00+00:00,1801.70000,1822.50000,1788.70000,1811.70000,13556
2010-01-28 00:00:00+00:00,1811.50000,1821.00000,1760.20000,1768.20000,15158
2010-01-29 00:00:00+00:00,1768.40000,1790.20000,1732.70000,1739.70000,14954
2010-01-31 00:00:00+00:00,1740.90000,1745.10000,1737.90000,1743.10000,198
2010-02-01 00:00:00+00:00,1743.60000,1759.10000,1739.10000,1757.80000,9977
2010-02-02 00:00:00+00:00,1757.60000,1778.80000,1748.60000,1771.30000,9971
2010-02-03 00:00:00+00:00,1771.10000,1792.80000,1764.30000,1791.30000,9508
2010-02-04 00:00:00+00:00,1791.10000,1791.80000,1732.30000,1736.50000,12074
2010-02-05 00:00:00+00:00,1737.00000,1748.50000,1711.50000,1745.80000,15694
2010-02-07 00:00:00+00:00,1748.00000,1750.50000,1742.50000,1745.00000,122
2010-02-08 00:00:00+00:00,1744.70000,1754.50000,1731.20000,1734.70000,9998
2010-02-09 00:00:00+00:00,1735.00000,1768.00000,1733.70000,1754.70000,12085
2010-02-10 00:00:00+00:00,1754.50000,1763.40000,1736.90000,1747.20000,10665
2010-02-11 00:00:00+00:00,1747.40000,1779.40000,1737.40000,1776.20000,11961
2010-02-12 00:00:00+00:00,1775.90000,1784.20000,1754.70000,1783.90000,11391
2010-02-14 00:00:00+00:00,1782.10000,1782.10000,1778.40000,1780.40000,70
2010-02-15 00:00:00+00:00,1780.60000,1785.10000,1775.80000,1779.30000,1237
2010-02-16 00:00:00+00:00,1778.80000,1803.10000,1778.60000,1802.60000,8285
2010-02-17 00:00:00+00:00,1802.80000,1813.30000,1798.10000,1811.10000,8025
2010-02-18 00:00:00+00:00,1810.80000,1825.30000,1805.30000,1806.30000,8898
2010-02-19 00:00:00+00:00,1806.00000,1830.50000,1801.50000,1819.50000,8534
2010-02-21 00:00:00+00:00,1819.20000,1824.70000,1819.00000,1824.20000,106
2010-02-22 00:00:00+00:00,1824.00000,1833.20000,1810.70000,1820.20000,7604
2010-02-23 00:00:00+00:00,1820.00000,1829.50000,1785.70000,1799.90000,9836
2010-02-24 00:00:00+00:00,1799.70000,1820.20000,1796.90000,1813.40000,8965
2010-02-25 00:00:00+00:00,1813.20000,1816.40000,1781.20000,1813.90000,11348
2010-02-26 00:00:00+00:00,1813.70000,1822.60000,1804.10000,1822.60000,7855
2010-02-28 00:00:00+00:00,1821.60000,1830.10000,1821.60000,1828.30000,138
2010-03-01 00:00:00+00:00,1828.30000,1848.60000,1822.30000,1844.80000,7597
2010-03-02 00:00:00+00:00,1844.60000,1862.60000,1842.80000,1852.10000,7676
2010-03-03 00:00:00+00:00,1851.80000,1861.60000,1846.00000,1850.00000,6758
2010-03-04 00:00:00+00:00,1850.30000,1861.00000,1844.50000,1860.50000,6390
2010-03-05 00:00:00+00:00,1860.80000,1889.80000,1860.00000,1885.00000,7065
2010-03-07 00:00:00+00:00,1884.20000,1888.50000,1884.20000,1888.20000,74
2010-03-08 00:00:00+00:00,1888.00000,1895.00000,1883.50000,1887.00000,5883
2010-03-09 00:00:00+00:00,1887.20000,1912.20000,1881.40000,1901.70000,8817
2010-03-10 00:00:00+00:00,1901.90000,1921.20000,1900.20000,1915.70000,8556
2010-03-11 00:00:00+00:00,1915.90000,1926.90000,1909.40000,1925.10000,6565
2010-03-12 00:00:00+00:00,1924.90000,1932.40000,1916.60000,1926.10000,3382
2010-03-14 00:00:00+00:00,1927.80000,1927.80000,1923.60000,1924.80000,10
2010-03-15 00:00:00+00:00,1924.60000,1925.10000,1906.60000,1919.80000,2520
2010-03-16 00:00:00+00:00,1920.60000,1934.50000,1919.10000,1930.50000,2213
2010-03-17 00:00:00+00:00,1930.30000,1946.30000,1930.00000,1937.50000,1699
2010-03-18 00:00:00+00:00,1936.50000,1945.50000,1931.80000,1941.70000,1567
2010-03-19 00:00:00+00:00,1942.00000,1951.00000,1924.90000,1933.70000,7442
2010-03-22 00:00:00+00:00,1924.60000,1956.90000,1921.90000,1951.90000,7356
2010-03-23 00:00:00+00:00,1951.60000,1964.60000,1943.10000,1963.40000,6918
2010-03-24 00:00:00+00:00,1963.10000,1964.40000,1948.60000,1953.80000,7194
2010-03-25 00:00:00+00:00,1953.60000,1976.30000,1944.80000,1947.00000,8166
2010-03-26 00:00:00+00:00,1947.50000,1965.50000,1941.80000,1952.80000,8264
2010-03-28 00:00:00+00:00,1954.50000,1958.70000,1954.50000,1955.70000,104
2010-03-29 00:00:00+00:00,1955.50000,1968.70000,1954.20000,1965.90000,6283
2010-03-30 00:00:00+00:00,1966.20000,1974.40000,1954.90000,1966.20000,6528
2010-03-31 00:00:00+00:00,1965.90000,1969.90000,1954.90000,1961.40000,6991
2010-04-01 00:00:00+00:00,1961.40000,1979.60000,1943.30000,1956.30000,8815
2010-04-02 00:00:00+00:00,1956.10000,1964.30000,1951.10000,1963.80000,588
2010-04-04 00:00:00+00:00,1966.30000,1968.30000,1965.30000,1965.80000,109
2010-04-05 00:00:00+00:00,1966.30000,1981.00000,1957.50000,1976.00000,6032
2010-04-06 00:00:00+00:00,1975.70000,1988.00000,1967.50000,1978.70000,5972
2010-04-07 00:00:00+00:00,1978.50000,1986.70000,1966.70000,1975.90000,7178
2010-04-08 00:00:00+00:00,1975.70000,1984.70000,1961.40000,1982.40000,7710
2010-04-09 00:00:00+00:00,1982.20000,1994.90000,1977.10000,1994.90000,5742
2010-04-11 00:00:00+00:00,1997.10000,2003.30000,1997.10000,2003.10000,284
2010-04-12 00:00:00+00:00,2002.80000,2003.80000,1990.00000,1992.80000,5434
2010-04-13 00:00:00+00:00,1992.50000,2012.50000,1986.30000,2011.30000,6550
2010-04-14 00:00:00+00:00,2011.00000,2029.80000,2009.80000,2028.80000,6527
2010-04-15 00:00:00+00:00,2028.50000,2039.80000,2020.00000,2030.50000,6564
2010-04-16 00:00:00+00:00,2030.20000,2037.20000,1999.70000,2010.90000,11905
2010-04-18 00:00:00+00:00,2006.40000,2008.10000,2005.60000,2006.60000,124
2010-04-19 00:00:00+00:00,2006.90000,2018.40000,1987.60000,2014.80000,10165
2010-04-20 00:00:00+00:00,2015.10000,2042.10000,2009.10000,2038.10000,8532
2010-04-21 00:00:00+00:00,2037.80000,2041.30000,2019.50000,2023.30000,8642
2010-04-22 00:00:00+00:00,2023.00000,2046.80000,2002.30000,2034.50000,11460
2010-04-23 00:00:00+00:00,2034.30000,2055.30000,2031.30000,2053.80000,8525
2010-04-25 00:00:00+00:00,2051.70000,2052.90000,2050.40000,2051.70000,186
2010-04-26 00:00:00+00:00,2051.40000,2060.40000,2044.70000,2047.20000,7004
2010-04-27 00:00:00+00:00,2047.40000,2052.20000,2000.30000,2012.10000,12101
2010-04-28 00:00:00+00:00,2012.30000,2024.10000,1991.10000,2010.60000,12280
2010-04-29 00:00:00+00:00,2010.30000,2045.60000,2006.30000,2038.50000,9886
2010-04-30 00:00:00+00:00,2038.30000,2048.60000,1999.50000,2005.50000,11247
2010-05-02 00:00:00+00:00,2003.70000,2009.70000,2001.40000,2008.40000,222
2010-05-03 00:00:00+00:00,2008.20000,2039.40000,2000.70000,2026.40000,8737
2010-05-04 00:00:00+00:00,2027.20000,2029.90000,1953.60000,1969.60000,13203
2010-05-05 00:00:00+00:00,1969.80000,1973.30000,1936.00000,1962.30000,13868
2010-05-06 00:00:00+00:00,1962.60000,1964.30000,1733.90000,1882.20000,19411
2010-05-07 00:00:00+00:00,1882.50000,1909.00000,1807.20000,1850.40000,25245
2010-05-09 00:00:00+00:00,1874.90000,1888.40000,1873.40000,1879.40000,720
2010-05-10 00:00:00+00:00,1879.10000,1944.40000,1878.40000,1938.60000,18566
2010-05-11 00:00:00+00:00,1938.40000,1965.90000,1916.10000,1929.10000,15105
2010-05-12 00:00:00+00:00,1929.40000,1977.10000,1918.10000,1970.10000,12912
2010-05-13 00:00:00+00:00,1970.30000,1982.60000,1939.60000,1944.60000,12631
2010-05-14 00:00:00+00:00,1944.30000,1951.50000,1884.30000,1910.80000,15621
2010-05-16 00:00:00+00:00,1908.70000,1912.70000,1900.90000,1908.20000,267
2010-05-17 00:00:00+00:00,1908.00000,1920.40000,1871.40000,1916.70000,15917
2010-05-18 00:00:00+00:00,1916.40000,1932.70000,1873.90000,1874.60000,16386
2010-05-19 00:00:00+00:00,1874.90000,1894.60000,1850.30000,1874.30000,19407
2010-05-20 00:00:00+00:00,1873.30000,1874.30000,1791.00000,1798.80000,22089
2010-05-21 00:00:00+00:00,1798.50000,1834.50000,1766.80000,1818.50000,21634
2010-05-23 00:00:00+00:00,1822.00000,1822.00000,1813.20000,1813.70000,292
2010-05-24 00:00:00+00:00,1814.00000,1840.40000,1796.70000,1803.70000,15648
2010-05-25 00:00:00+00:00,1803.90000,1834.90000,1755.90000,1832.70000,20088
2010-05-26 00:00:00+00:00,1832.40000,1850.40000,1783.10000,1793.60000,16903
2010-05-27 00:00:00+00:00,1793.40000,1869.10000,1792.40000,1865.40000,15192
2010-05-28 00:00:00+00:00,1865.10000,1874.80000,1836.10000,1851.80000,14180
2010-05-30 00:00:00+00:00,1852.50000,1861.30000,1850.80000,1861.30000,155
2010-05-31 00:00:00+00:00,1861.50000,1866.50000,1858.00000,1858.50000,1728
2010-06-01 00:00:00+00:00,1858.20000,1878.50000,1825.00000,1837.50000,15937
2010-06-02 00:00:00+00:00,1837.20000,1882.20000,1832.50000,1877.90000,13236
2010-06-03 00:00:00+00:00,1877.70000,1899.70000,1871.40000,1893.90000,13367
2010-06-04 00:00:00+00:00,1894.20000,1904.70000,1824.60000,1835.40000,17050
2010-06-06 00:00:00+00:00,1832.10000,1832.60000,1817.10000,1826.30000,505
2010-06-07 00:00:00+00:00,1826.60000,1845.80000,1794.30000,1802.50000,16171
2010-06-08 00:00:00+00:00,1802.30000,1818.00000,1770.30000,1792.50000,17649
2010-06-09 00:00:00+00:00,1792.00000,1823.70000,1774.00000,1780.00000,14869
2010-06-10 00:00:00+00:00,1779.70000,1832.00000,1776.50000,1823.90000,11986
2010-06-11 00:00:00+00:00,1823.20000,1848.90000,1808.20000,1844.20000,8376
2010-06-13 00:00:00+00:00,1848.10000,1868.10000,1845.40000,1854.90000,61
2010-06-14 00:00:00+00:00,1854.40000,1877.30000,1844.10000,1848.30000,4991
2010-06-15 00:00:00+00:00,1849.10000,1899.10000,1846.30000,1890.80000,3833
2010-06-16 00:00:00+00:00,1891.10000,1913.50000,1880.00000,1902.30000,2891
2010-06-17 00:00:00+00:00,1901.50000,1918.00000,1894.00000,1909.00000,2254
2010-06-18 00:00:00+00:00,1909.30000,1925.00000,1905.50000,1909.20000,9736
2010-06-20 00:00:00+00:00,1923.50000,1933.20000,1922.50000,1932.70000,241
2010-06-21 00:00:00+00:00,1933.00000,1941.50000,1884.20000,1901.20000,12747
2010-06-22 00:00:00+00:00,1901.00000,1917.20000,1877.00000,1881.70000,13332
2010-06-23 00:00:00+00:00,1881.20000,1890.50000,1858.20000,1869.50000,12584
2010-06-24 00:00:00+00:00,1870.00000,1875.50000,1837.90000,1849.70000,14157
2010-06-25 00:00:00+00:00,1849.50000,1856.90000,1827.90000,1839.40000,13775
2010-06-27 00:00:00+00:00,1839.40000,1844.20000,1838.90000,1841.70000,130
2010-06-28 00:00:00+00:00,1841.40000,1851.90000,1821.70000,1835.70000,11451
2010-06-29 00:00:00+00:00,1835.90000,1839.90000,1750.70000,1764.90000,15401
2010-06-30 00:00:00+00:00,1765.20000,1777.90000,1732.60000,1738.10000,13670
2010-07-01 00:00:00+00:00,1737.90000,1746.10000,1698.60000,1733.40000,17063
2010-07-02 00:00:00+00:00,1733.10000,1745.90000,1710.60000,1720.90000,12876
2010-07-04 00:00:00+00:00,1722.40000,1723.40000,1719.90000,1722.40000,96
2010-07-05 00:00:00+00:00,1722.60000,1728.90000,1712.60000,1713.90000,2493
2010-07-06 00:00:00+00:00,1713.40000,1762.60000,1706.10000,1734.60000,13870
2010-07-07 00:00:00+00:00,1734.90000,1791.10000,1722.60000,1788.10000,12157
2010-07-08 00:00:00+00:00,1788.40000,1803.60000,1774.90000,1793.40000,12359
2010-07-09 00:00:00+00:00,1793.60000,1815.60000,1789.60000,1811.90000,9177
2010-07-11 00:00:00+00:00,1810.30000,1811.80000,1808.10000,1809.10000,98
2010-07-12 00:00:00+00:00,1808.80000,1829.80000,1801.60000,1825.60000,9408
2010-07-13 00:00:00+00:00,1825.80000,1865.30000,1818.30000,1863.80000,12232
2010-07-14 00:00:00+00:00,1863.60000,1866.30000,1838.60000,1851.80000,11489
2010-07-15 00:00:00+00:00,1851.60000,1864.60000,1829.10000,1854.60000,12990
2010-07-16 00:00:00+00:00,1854.80000,1856.10000,1800.30000,1802.30000,13133
2010-07-18 00:00:00+00:00,1800.80000,1801.60000,1784.30000,1799.30000,186
2010-07-19 00:00:00+00:00,1799.80000,1821.60000,1792.80000,1800.30000,11636
2010-07-20 00:00:00+00:00,1800.10000,1857.80000,1782.80000,1851.30000,13942
2010-07-21 00:00:00+00:00,1850.80000,1860.30000,1811.50000,1818.30000,13709
2010-07-22 00:00:00+00:00,1818.00000,1869.30000,1813.50000,1857.50000,12157
2010-07-23 00:00:00+00:00,1857.30000,1876.50000,1844.80000,1874.50000,12437
2010-07-25 00:00:00+00:00,1874.50000,1877.80000,1872.50000,1874.50000,141
2010-07-26 00:00:00+00:00,1874.80000,1888.50000,1866.30000,1885.00000,9897
2010-07-27 00:00:00+00:00,1885.30000,1901.00000,1878.50000,1887.00000,10049
2010-07-28 00:00:00+00:00,1887.30000,1895.00000,1865.00000,1869.30000,10553
2010-07-29 00:00:00+00:00,1869.50000,1886.50000,1839.30000,1855.30000,12593
2010-07-30 00:00:00+00:00,1855.50000,1873.50000,1832.00000,1864.00000,12405
2010-08-01 00:00:00+00:00,1869.00000,1870.80000,1867.30000,1869.80000,139
2010-08-02 00:00:00+00:00,1870.00000,1901.80000,1869.00000,1895.20000,9262
2010-08-03 00:00:00+00:00,1895.00000,1898.20000,1880.20000,1894.50000,8496
2010-08-04 00:00:00+00:00,1894.20000,1910.20000,1883.50000,1907.00000,9702
2010-08-05 00:00:00+00:00,1906.70000,1913.00000,1891.20000,1902.20000,7985
2010-08-06 00:00:00+00:00,1902.00000,1908.00000,1872.20000,1905.70000,11705
2010-08-08 00:00:00+00:00,1903.20000,1906.70000,1898.70000,1899.00000,139
2010-08-09 00:00:00+00:00,1899.20000,1918.20000,1898.70000,1913.20000,6583
2010-08-10 00:00:00+00:00,1913.50000,1914.00000,1881.00000,1892.70000,10506
2010-08-11 00:00:00+00:00,1893.20000,1894.20000,1812.90000,1823.20000,12300
2010-08-12 00:00:00+00:00,1823.40000,1838.40000,1806.90000,1832.40000,12066
2010-08-13 00:00:00+00:00,1831.90000,1842.90000,1815.40000,1816.70000,9366
2010-08-15 00:00:00+00:00,1817.90000,1818.70000,1813.70000,1814.90000,130
2010-08-16 00:00:00+00:00,1814.70000,1833.40000,1800.40000,1818.40000,10019
2010-08-17 00:00:00+00:00,1818.70000,1860.70000,1817.20000,1841.20000,9724
2010-08-18 00:00:00+00:00,1840.70000,1862.20000,1831.20000,1836.70000,10032
2010-08-19 00:00:00+00:00,1836.40000,1850.20000,1810.70000,1822.90000,11384
2010-08-20 00:00:00+00:00,1822.70000,1829.60000,1808.60000,1826.90000,9690
2010-08-22 00:00:00+00:00,1824.90000,1832.40000,1824.60000,1830.10000,156
2010-08-23 00:00:00+00:00,1830.40000,1842.60000,1802.10000,1803.90000,10161
2010-08-24 00:00:00+00:00,1803.60000,1809.10000,1766.40000,1777.10000,11448
2010-08-25 00:00:00+00:00,1777.40000,1798.60000,1756.90000,1792.60000,12216
2010-08-26 00:00:00+00:00,1792.90000,1802.90000,1762.40000,1765.40000,11619
2010-08-27 00:00:00+00:00,1765.60000,1794.30000,1746.10000,1790.60000,12446
2010-08-29 00:00:00+00:00,1790.80000,1798.60000,1790.30000,1795.80000,133
2010-08-30 00:00:00+00:00,1795.60000,1805.10000,1768.30000,1772.10000,9538
2010-08-31 00:00:00+00:00,1771.30000,1781.60000,1754.80000,1774.10000,12146
2010-09-01 00:00:00+00:00,1774.10000,1825.10000,1771.80000,1820.30000,10704
2010-09-02 00:00:00+00:00,1821.10000,1841.30000,1813.10000,1836.60000,8853
2010-09-03 00:00:00+00:00,1836.30000,1871.30000,1834.60000,1867.60000,9887
2010-09-05 00:00:00+00:00,1867.60000,1871.80000,1865.80000,1869.80000,70
2010-09-06 00:00:00+00:00,1870.10000,1877.60000,1867.00000,1867.50000,1297
2010-09-07 00:00:00+00:00,1867.00000,1873.80000,1854.00000,1857.80000,8936
2010-09-08 00:00:00+00:00,1858.50000,1888.00000,1852.30000,1882.30000,9974
2010-09-09 00:00:00+00:00,1882.00000,1897.80000,1874.80000,1886.80000,7152
2010-09-10 00:00:00+00:00,1886.00000,1896.80000,1880.00000,1891.80000,4689
2010-09-12 00:00:00+00:00,1896.50000,1903.30000,1896.50000,1903.00000,63
2010-09-13 00:00:00+00:00,1903.30000,1925.00000,1903.30000,1919.50000,3479
2010-09-14 00:00:00+00:00,1919.00000,1938.80000,1912.50000,1923.50000,3169
2010-09-15 00:00:00+00:00,1923.30000,1943.50000,1917.00000,1941.30000,2284
2010-09-16 00:00:00+00:00,1940.80000,1958.30000,1932.30000,1957.80000,2478
2010-09-17 00:00:00+00:00,1957.50000,1973.00000,1945.70000,1955.20000,9742
2010-09-19 00:00:00+00:00,1953.40000,1957.20000,1951.60000,1953.40000,158
2010-09-20 00:00:00+00:00,1953.90000,1993.70000,1953.10000,1986.40000,9155
2010-09-21 00:00:00+00:00,1986.20000,2003.20000,1979.90000,1986.10000,9844
2010-09-22 00:00:00+00:00,1986.40000,1997.40000,1973.30000,1985.60000,10706
2010-09-23 00:00:00+00:00,1985.80000,2003.10000,1965.50000,1981.80000,10849
2010-09-24 00:00:00+00:00,1981.50000,2024.80000,1981.50000,2022.10000,9669
2010-09-26 00:00:00+00:00,2021.50000,2033.50000,2021.30000,2029.50000,213
2010-09-27 00:00:00+00:00,2029.80000,2030.50000,2009.70000,2011.50000,8373
2010-09-28 00:00:00+00:00,2010.70000,2023.00000,1980.20000,2013.40000,12265
2010-09-29 00:00:00+00:00,2013.70000,2020.90000,2001.10000,2010.40000,9983
2010-09-30 00:00:00+00:00,2010.10000,2030.90000,1986.10000,2001.30000,13819
2010-10-01 00:00:00+00:00,2000.80000,2018.10000,1987.80000,1996.60000,11126
2010-10-03 00:00:00+00:00,2000.20000,2000.20000,1990.50000,1991.20000,143
2010-10-04 00:00:00+00:00,1991.50000,1999.50000,1963.40000,1980.20000,10554
2010-10-05 00:00:00+00:00,1980.70000,2027.20000,1978.20000,2025.70000,10618
2010-10-06 00:00:00+00:00,2025.50000,2027.00000,1992.60000,2006.70000,11260
2010-10-07 00:00:00+00:00,2006.40000,2021.40000,1996.10000,2017.40000,10426
2010-10-08 00:00:00+00:00,2017.60000,2031.60000,1984.30000,2024.30000,11357
2010-10-10 00:00:00+00:00,2025.30000,2031.80000,2025.30000,2030.50000,148
2010-10-11 00:00:00+00:00,2030.80000,2037.30000,2021.00000,2027.80000,6235
2010-10-12 00:00:00+00:00,2028.00000,2045.70000,2006.50000,2041.20000,10567
2010-10-13 00:00:00+00:00,2041.50000,2067.50000,2038.00000,2057.50000,9404
2010-10-14 00:00:00+00:00,2057.70000,2073.70000,2043.70000,2069.20000,11162
2010-10-15 00:00:00+00:00,2068.90000,2099.90000,2062.40000,2098.40000,11900
2010-10-17 00:00:00+00:00,2097.10000,2098.40000,2093.90000,2094.40000,156
2010-10-18 00:00:00+00:00,2094.10000,2106.30000,2059.60000,2067.60000,10685
2010-10-19 00:00:00+00:00,2068.10000,2086.80000,2053.50000,2065.00000,14130
2010-10-20 00:00:00+00:00,2065.50000,2100.50000,2064.50000,2091.80000,10238
2010-10-21 00:00:00+00:00,2091.50000,2106.50000,2068.70000,2083.20000,11450
2010-10-22 00:00:00+00:00,2083.00000,2106.40000,2079.20000,2106.40000,7784
2010-10-24 00:00:00+00:00,2105.90000,2109.90000,2103.90000,2107.60000,212
2010-10-25 00:00:00+00:00,2107.40000,2127.10000,2107.10000,2109.60000,8250
2010-10-26 00:00:00+00:00,2109.80000,2123.80000,2094.30000,2122.30000,8790
2010-10-27 00:00:00+00:00,2122.60000,2126.80000,2104.00000,2126.30000,9949
2010-10-28 00:00:00+00:00,2126.00000,2138.00000,2111.00000,2131.30000,10144
2010-10-29 00:00:00+00:00,2131.00000,2137.20000,2118.50000,2125.20000,8380
2010-10-31 00:00:00+00:00,2126.70000,2136.40000,2126.70000,2134.70000,249
2010-11-01 00:00:00+00:00,2135.20000,2148.10000,2116.90000,2130.90000,9507
2010-11-02 00:00:00+00:00,2130.60000,2158.30000,2130.40000,2157.60000,7733
2010-11-03 00:00:00+00:00,2157.10000,2167.60000,2131.60000,2166.10000,10891
2010-11-04 00:00:00+00:00,2166.30000,2192.30000,2164.30000,2184.50000,9355
2010-11-05 00:00:00+00:00,2184.30000,2192.00000,2178.30000,2186.00000,8629
2010-11-07 00:00:00+00:00,2181.90000,2184.90000,2179.40000,2184.70000,87
2010-11-08 00:00:00+00:00,2184.90000,2190.70000,2175.20000,2181.10000,7005
2010-11-09 00:00:00+00:00,2180.90000,2199.40000,2165.60000,2176.60000,9211
2010-11-10 00:00:00+00:00,2176.30000,2188.60000,2153.60000,2159.30000,11127
2010-11-11 00:00:00+00:00,2159.60000,2176.80000,2143.50000,2169.80000,10527
2010-11-12 00:00:00+00:00,2170.50000,2174.00000,2120.50000,2135.20000,13592
2010-11-14 00:00:00+00:00,2135.20000,2139.40000,2134.70000,2138.40000,126
2010-11-15 00:00:00+00:00,2137.90000,2151.90000,2123.90000,2125.10000,9566
2010-11-16 00:00:00+00:00,2125.40000,2126.40000,2084.60000,2098.10000,12619
2010-11-17 00:00:00+00:00,2097.60000,2110.30000,2089.00000,2101.50000,9727
2010-11-18 00:00:00+00:00,2101.00000,2147.80000,2101.00000,2139.00000,9657
2010-11-19 00:00:00+00:00,2139.30000,2139.50000,2120.70000,2134.70000,8094
2010-11-21 00:00:00+00:00,2139.90000,2147.40000,2139.90000,2146.70000,116
2010-11-22 00:00:00+00:00,2146.20000,2156.10000,2121.90000,2151.10000,11309
2010-11-23 00:00:00+00:00,2150.90000,2152.10000,2105.60000,2123.30000,12594
2010-11-24 00:00:00+00:00,2123.10000,2166.30000,2114.10000,2161.30000,9710
2010-11-25 00:00:00+00:00,2160.80000,2164.00000,2153.80000,2160.80000,1492
2010-11-26 00:00:00+00:00,2161.00000,2161.50000,2135.50000,2146.00000,6023
2010-11-28 00:00:00+00:00,2150.70000,2159.40000,2144.20000,2151.70000,284
2010-11-29 00:00:00+00:00,2151.90000,2160.90000,2118.60000,2143.60000,11921
2010-11-30 00:00:00+00:00,2144.10000,2148.10000,2110.10000,2112.10000,12431
2010-12-01 00:00:00+00:00,2112.80000,2174.60000,2111.60000,2162.50000,10614
2010-12-02 00:00:00+00:00,2162.80000,2190.00000,2157.50000,2187.50000,10044
2010-12-03 00:00:00+00:00,2187.30000,2195.50000,2168.50000,2188.70000,8246
2010-12-05 00:00:00+00:00,2188.40000,2194.20000,2187.70000,2193.70000,79
2010-12-06 00:00:00+00:00,2193.40000,2194.20000,2177.40000,2191.40000,7059
2010-12-07 00:00:00+00:00,2191.60000,2217.30000,2185.60000,2189.10000,8662
2010-12-08 00:00:00+00:00,2189.30000,2206.80000,2180.60000,2206.50000,8226
2010-12-09 00:00:00+00:00,2206.30000,2215.00000,2194.00000,2203.00000,6779
2010-12-10 00:00:00+00:00,2203.30000,2218.50000,2199.70000,2217.70000,3949
2010-12-12 00:00:00+00:00,2217.90000,2229.90000,2211.70000,2212.20000,52
2010-12-13 00:00:00+00:00,2213.20000,2226.60000,2206.90000,2209.60000,3057
2010-12-14 00:00:00+00:00,2208.90000,2221.10000,2205.80000,2215.10000,2286
2010-12-15 00:00:00+00:00,2212.80000,2224.30000,2197.00000,2200.50000,2709
2010-12-16 00:00:00+00:00,2199.80000,2225.80000,2197.80000,2221.00000,1901
2010-12-17 00:00:00+00:00,2220.80000,2227.00000,2212.70000,2213.70000,6060
2010-12-19 00:00:00+00:00,2216.50000,2218.00000,2215.70000,2217.00000,52
2010-12-20 00:00:00+00:00,2217.20000,2230.50000,2206.00000,2220.20000,7410
2010-12-21 00:00:00+00:00,2220.00000,2237.50000,2219.70000,2231.20000,5046
2010-12-22 00:00:00+00:00,2231.50000,2238.70000,2231.50000,2237.00000,3992
2010-12-23 00:00:00+00:00,2237.20000,2239.20000,2224.20000,2231.70000,4076
2010-12-26 00:00:00+00:00,2227.70000,2227.70000,2220.20000,2223.20000,150
2010-12-27 00:00:00+00:00,2222.90000,2234.20000,2207.70000,2232.90000,5686
2010-12-28 00:00:00+00:00,2232.70000,2236.90000,2221.70000,2224.90000,3829
2010-12-29 00:00:00+00:00,2224.70000,2235.90000,2224.70000,2231.20000,3447
2010-12-30 00:00:00+00:00,2231.40000,2233.20000,2221.90000,2225.20000,3734
2010-12-31 00:00:00+00:00,2225.40000,2229.40000,2208.20000,2224.40000,3740
2011-01-02 00:00:00+00:00,2220.40000,2224.20000,2219.70000,2221.90000,122
2011-01-03 00:00:00+00:00,2222.20000,2268.20000,2220.20000,2251.90000,8623
2011-01-04 00:00:00+00:00,2251.40000,2262.90000,2237.20000,2245.70000,7904
2011-01-05 00:00:00+00:00,2246.20000,2272.20000,2229.90000,2271.70000,8643
2011-01-06 00:00:00+00:00,2271.40000,2279.70000,2267.60000,2276.10000,7207
2011-01-07 00:00:00+00:00,2276.40000,2282.60000,2252.90000,2273.40000,10319
2011-01-09 00:00:00+00:00,2272.60000,2272.60000,2268.90000,2269.90000,88
2011-01-10 00:00:00+00:00,2270.10000,2287.40000,2261.40000,2283.10000,8205
2011-01-11 00:00:00+00:00,2283.40000,2295.40000,2278.60000,2286.10000,7739
2011-01-12 00:00:00+00:00,2286.40000,2307.10000,2286.40000,2304.10000,7096
2011-01-13 00:00:00+00:00,2304.40000,2311.10000,2297.10000,2309.10000,7025
2011-01-14 00:00:00+00:00,2308.90000,2323.40000,2297.80000,2322.10000,7143
2011-01-16 00:00:00+00:00,2321.60000,2325.30000,2319.30000,2319.30000,122
2011-01-17 00:00:00+00:00,2319.10000,2323.60000,2287.30000,2295.30000,2953
2011-01-18 00:00:00+00:00,2295.60000,2346.60000,2292.80000,2331.60000,9922
2011-01-19 00:00:00+00:00,2331.30000,2338.80000,2293.10000,2293.80000,10011
2011-01-20 00:00:00+00:00,2293.60000,2299.30000,2267.60000,2283.30000,11551
2011-01-21 00:00:00+00:00,2283.60000,2300.60000,2266.10000,2268.60000,9013
2011-01-23 00:00:00+00:00,2269.10000,2269.80000,2265.10000,2267.30000,111
2011-01-24 00:00:00+00:00,2267.80000,2301.10000,2265.30000,2296.00000,9187
2011-01-25 00:00:00+00:00,2296.30000,2302.50000,2282.50000,2299.00000,9337
2011-01-26 00:00:00+00:00,2298.80000,2320.30000,2298.50000,2317.30000,8504
2011-01-27 00:00:00+00:00,2316.80000,2334.80000,2313.50000,2321.30000,8661
2011-01-28 00:00:00+00:00,2321.00000,2331.30000,2258.30000,2267.00000,13097
2011-01-30 00:00:00+00:00,2265.80000,2266.50000,2250.80000,2258.00000,414
2011-01-31 00:00:00+00:00,2257.50000,2286.30000,2255.30000,2284.80000,11306
2011-02-01 00:00:00+00:00,2285.00000,2328.50000,2285.00000,2321.80000,9646
2011-02-02 00:00:00+00:00,2321.50000,2328.00000,2312.80000,2319.00000,7187
2011-02-03 00:00:00+00:00,2318.50000,2326.50000,2296.20000,2322.70000,8571
2011-02-04 00:00:00+00:00,2323.00000,2338.50000,2316.70000,2336.70000,7795
2011-02-06 00:00:00+00:00,2338.00000,2338.00000,2335.20000,2335.50000,59
2011-02-07 00:00:00+00:00,2335.20000,2359.70000,2334.70000,2345.50000,7693
2011-02-08 00:00:00+00:00,2345.20000,2364.00000,2341.70000,2363.50000,7120
2011-02-09 00:00:00+00:00,2363.20000,2365.70000,2350.00000,2352.20000,8307
2011-02-10 00:00:00+00:00,2352.50000,2365.20000,2338.50000,2356.40000,10194
2011-02-11 00:00:00+00:00,2356.70000,2380.70000,2347.90000,2377.90000,7925
2011-02-13 00:00:00+00:00,2376.40000,2379.90000,2375.70000,2378.40000,90
2011-02-14 00:00:00+00:00,2378.20000,2387.70000,2375.70000,2379.70000,6333
2011-02-15 00:00:00+00:00,2379.40000,2385.70000,2370.90000,2382.70000,6816
2011-02-16 00:00:00+00:00,2382.40000,2403.20000,2382.20000,2391.40000,7915
2011-02-17 00:00:00+00:00,2391.70000,2400.90000,2383.70000,2393.90000,7149
2011-02-18 00:00:00+00:00,2393.70000,2400.70000,2382.20000,2395.40000,7023
2011-02-20 00:00:00+00:00,2393.70000,2393.90000,2390.70000,2390.70000,87
2011-02-21 00:00:00+00:00,2390.90000,2392.90000,2362.40000,2362.40000,2185
2011-02-22 00:00:00+00:00,2362.10000,2366.40000,2315.90000,2322.40000,13682
2011-02-23 00:00:00+00:00,2322.60000,2334.60000,2285.10000,2305.90000,13352
2011-02-24 00:00:00+00:00,2306.10000,2321.10000,2280.90000,2315.90000,14358
2011-02-25 00:00:00+00:00,2315.10000,2350.10000,2312.10000,2345.40000,9176
2011-02-27 00:00:00+00:00,2345.30000,2345.30000,2337.10000,2341.10000,174
2011-02-28 00:00:00+00:00,2341.60000,2363.10000,2336.80000,2355.10000,9757
2011-03-01 00:00:00+00:00,2354.80000,2371.80000,2304.60000,2311.30000,13421
2011-03-02 00:00:00+00:00,2311.10000,2341.10000,2302.30000,2322.60000,12876
2011-03-03 00:00:00+00:00,2322.80000,2378.80000,2322.60000,2376.10000,10641
2011-03-04 00:00:00+00:00,2376.60000,2378.60000,2344.30000,2361.10000,11702
2011-03-06 00:00:00+00:00,2360.30000,2365.80000,2358.10000,2359.60000,156
2011-03-07 00:00:00+00:00,2359.80000,2373.80000,2306.60000,2329.30000,13832
2011-03-08 00:00:00+00:00,2329.60000,2347.80000,2310.60000,2333.80000,11697
2011-03-09 00:00:00+00:00,2334.10000,2340.30000,2308.60000,2312.00000,12873
2011-03-10 00:00:00+00:00,2312.30000,2313.30000,2275.50000,2287.00000,12192
2011-03-11 00:00:00+00:00,2286.80000,2306.30000,2265.00000,2305.00000,8444
2011-03-13 00:00:00+00:00,2296.50000,2300.50000,2279.80000,2287.30000,248
2011-03-14 00:00:00+00:00,2286.00000,2303.30000,2274.30000,2284.30000,6263
2011-03-15 00:00:00+00:00,2284.80000,2288.30000,2216.80000,2253.30000,6201
2011-03-16 00:00:00+00:00,2250.30000,2263.50000,2188.50000,2205.00000,6148
2011-03-17 00:00:00+00:00,2203.80000,2248.00000,2195.00000,2225.80000,3310
2011-03-18 00:00:00+00:00,2226.00000,2255.80000,2217.50000,2222.00000,13369
2011-03-20 00:00:00+00:00,2224.90000,2235.20000,2220.90000,2234.70000,448
2011-03-21 00:00:00+00:00,2234.90000,2273.50000,2227.70000,2258.40000,10070
2011-03-22 00:00:00+00:00,2257.90000,2266.20000,2251.40000,2256.90000,9028
2011-03-23 00:00:00+00:00,2256.70000,2276.40000,2233.90000,2268.20000,11119
2011-03-24 00:00:00+00:00,2267.90000,2331.90000,2264.70000,2318.70000,10923
2011-03-25 00:00:00+00:00,2318.20000,2331.40000,2313.20000,2318.90000,9345
2011-03-27 00:00:00+00:00,2318.10000,2324.10000,2315.60000,2323.10000,326
2011-03-28 00:00:00+00:00,2322.90000,2330.10000,2296.80000,2297.60000,8327
2011-03-29 00:00:00+00:00,2297.80000,2329.10000,2291.30000,2323.80000,9094
2011-03-30 00:00:00+00:00,2324.30000,2344.60000,2323.30000,2333.80000,8127
2011-03-31 00:00:00+00:00,2334.10000,2347.00000,2329.30000,2344.50000,7584
2011-04-01 00:00:00+00:00,2343.80000,2359.50000,2335.00000,2339.50000,8752
2011-04-03 00:00:00+00:00,2339.00000,2347.00000,2339.00000,2344.20000,173
2011-04-04 00:00:00+00:00,2344.70000,2351.50000,2323.70000,2342.70000,8048
2011-04-05 00:00:00+00:00,2342.40000,2343.20000,2319.90000,2328.20000,9433
2011-04-06 00:00:00+00:00,2328.40000,2351.70000,2318.90000,2328.60000,9428
2011-04-07 00:00:00+00:00,2328.40000,2345.90000,2313.60000,2331.90000,10603
2011-04-08 00:00:00+00:00,2332.40000,2344.40000,2306.60000,2321.30000,8613
2011-04-10 00:00:00+00:00,2324.30000,2334.80000,2324.00000,2331.80000,304
2011-04-11 00:00:00+00:00,2332.00000,2333.00000,2303.50000,2306.00000,9488
2011-04-12 00:00:00+00:00,2305.80000,2306.30000,2286.50000,2300.20000,10801
2011-04-13 00:00:00+00:00,2300.00000,2321.00000,2296.20000,2308.50000,10488
2011-04-14 00:00:00+00:00,2308.70000,2313.40000,2289.20000,2306.70000,10611
2011-04-15 00:00:00+00:00,2306.40000,2315.20000,2290.90000,2311.40000,8611
2011-04-17 00:00:00+00:00,2309.40000,2311.40000,2307.90000,2308.60000,195
2011-04-18 00:00:00+00:00,2308.90000,2311.40000,2251.80000,2285.80000,12570
2011-04-19 00:00:00+00:00,2286.30000,2324.30000,2279.10000,2321.80000,9459
2011-04-20 00:00:00+00:00,2321.60000,2380.80000,2318.30000,2378.60000,10835
2011-04-21 00:00:00+00:00,2378.30000,2383.80000,2368.10000,2374.80000,7873
2011-04-24 00:00:00+00:00,2374.20000,2380.30000,2373.00000,2378.70000,126
2011-04-25 00:00:00+00:00,2379.00000,2383.50000,2373.00000,2381.00000,4842
2011-04-26 00:00:00+00:00,2380.70000,2403.20000,2374.00000,2394.20000,8056
2011-04-27 00:00:00+00:00,2393.90000,2413.90000,2388.40000,2409.20000,7696
2011-04-28 00:00:00+00:00,2408.90000,2416.90000,2397.40000,2402.40000,7700
2011-04-29 00:00:00+00:00,2402.90000,2413.70000,2398.90000,2408.40000,5896
2011-05-01 00:00:00+00:00,2409.10000,2412.30000,2404.80000,2408.10000,204
2011-05-02 00:00:00+00:00,2407.80000,2428.30000,2394.80000,2401.80000,8795
2011-05-03 00:00:00+00:00,2401.30000,2404.10000,2375.00000,2390.50000,9232
2011-05-04 00:00:00+00:00,2390.80000,2397.00000,2365.80000,2387.50000,10877
2011-05-05 00:00:00+00:00,2388.30000,2400.80000,2364.50000,2376.00000,12491
2011-05-06 00:00:00+00:00,2376.20000,2410.50000,2373.70000,2374.20000,12566
2011-05-08 00:00:00+00:00,2378.90000,2387.40000,2378.90000,2386.40000,251
2011-05-09 00:00:00+00:00,2386.20000,2398.70000,2374.90000,2389.90000,9165
2011-05-10 00:00:00+00:00,2390.20000,2414.90000,2383.60000,2414.40000,8595
2011-05-11 00:00:00+00:00,2414.10000,2416.10000,2375.10000,2384.30000,11043
2011-05-12 00:00:00+00:00,2384.60000,2409.80000,2370.30000,2407.10000,11062
2011-05-13 00:00:00+00:00,2406.80000,2415.10000,2369.80000,2371.80000,10934
2011-05-15 00:00:00+00:00,2366.80000,2369.00000,2360.20000,2362.00000,313
2011-05-16 00:00:00+00:00,2362.30000,2373.50000,2327.00000,2328.70000,12168
2011-05-17 00:00:00+00:00,2329.00000,2346.50000,2318.90000,2343.20000,12333
2011-05-18 00:00:00+00:00,2342.90000,2367.20000,2334.20000,2365.70000,8937
2011-05-19 00:00:00+00:00,2365.40000,2373.90000,2354.20000,2368.40000,9071
2011-05-20 00:00:00+00:00,2367.90000,2373.40000,2343.40000,2345.10000,9123
2011-05-22 00:00:00+00:00,2342.10000,2343.30000,2332.30000,2340.10000,237
2011-05-23 00:00:00+00:00,2340.30000,2341.10000,2305.10000,2315.10000,10427
2011-05-24 00:00:00+00:00,2315.60000,2324.50000,2297.00000,2299.50000,9311
2011-05-25 00:00:00+00:00,2299.00000,2321.30000,2281.50000,2308.50000,9743
2011-05-26 00:00:00+00:00,2308.80000,2331.50000,2303.20000,2327.50000,9248
2011-05-27 00:00:00+00:00,2327.20000,2339.00000,2322.70000,2332.70000,6465
2011-05-29 00:00:00+00:00,2331.70000,2334.40000,2331.70000,2332.70000,47
2011-05-30 00:00:00+00:00,2332.90000,2339.10000,2331.20000,2338.60000,918
2011-05-31 00:00:00+00:00,2338.10000,2380.60000,2337.90000,2378.40000,8593
2011-06-01 00:00:00+00:00,2377.40000,2381.10000,2314.30000,2318.60000,11575
2011-06-02 00:00:00+00:00,2318.30000,2335.80000,2314.80000,2325.80000,11278
2011-06-03 00:00:00+00:00,2325.30000,2327.80000,2286.80000,2287.30000,10829
2011-06-05 00:00:00+00:00,2288.80000,2293.00000,2286.00000,2292.80000,244
2011-06-06 00:00:00+00:00,2292.50000,2299.20000,2271.00000,2272.70000,10226
2011-06-07 00:00:00+00:00,2272.50000,2288.50000,2268.20000,2276.90000,9121
2011-06-08 00:00:00+00:00,2276.70000,2278.20000,2245.70000,2252.20000,10786
2011-06-09 00:00:00+00:00,2251.90000,2267.70000,2246.40000,2253.20000,7730
2011-06-10 00:00:00+00:00,2252.90000,2255.70000,2218.60000,2222.60000,7524
2011-06-12 00:00:00+00:00,2217.10000,2224.10000,2217.10000,2220.60000,64
2011-06-13 00:00:00+00:00,2220.80000,2234.10000,2214.60000,2223.60000,3728
2011-06-14 00:00:00+00:00,2224.10000,2256.30000,2220.30000,2248.00000,2665
2011-06-15 00:00:00+00:00,2247.00000,2248.00000,2204.30000,2212.30000,3130
2011-06-16 00:00:00+00:00,2212.00000,2217.50000,2181.00000,2206.00000,2136
2011-06-17 00:00:00+00:00,2205.80000,2222.30000,2185.90000,2194.20000,10987
2011-06-19 00:00:00+00:00,2192.90000,2192.90000,2183.90000,2188.60000,219
2011-06-20 00:00:00+00:00,2188.40000,2210.40000,2177.30000,2207.60000,8660
2011-06-21 00:00:00+00:00,2207.30000,2253.10000,2201.30000,2247.40000,9670
2011-06-22 00:00:00+00:00,2247.10000,2254.10000,2224.60000,2225.80000,8479
2011-06-23 00:00:00+00:00,2225.60000,2256.30000,2203.00000,2249.80000,13868
2011-06-24 00:00:00+00:00,2249.60000,2259.80000,2210.00000,2212.00000,11289
2011-06-26 00:00:00+00:00,2211.90000,2218.10000,2198.40000,2204.40000,467
2011-06-27 00:00:00+00:00,2203.90000,2262.90000,2199.60000,2260.20000,9986
2011-06-28 00:00:00+00:00,2260.40000,2288.40000,2244.60000,2286.20000,9312
2011-06-29 00:00:00+00:00,2285.90000,2303.70000,2278.10000,2296.10000,10534
2011-06-30 00:00:00+00:00,2295.90000,2326.60000,2291.40000,2323.40000,8293
2011-07-01 00:00:00+00:00,2323.10000,2363.90000,2319.80000,2357.10000,12369
2011-07-03 00:00:00+00:00,2358.10000,2359.30000,2356.80000,2357.80000,88
2011-07-04 00:00:00+00:00,2357.50000,2371.30000,2354.50000,2367.80000,2203
2011-07-05 00:00:00+00:00,2367.50000,2375.00000,2357.00000,2372.70000,11903
2011-07-06 00:00:00+00:00,2372.20000,2383.70000,2361.40000,2382.90000,13265
2011-07-07 00:00:00+00:00,2383.20000,2420.00000,2381.70000,2418.20000,12323
2011-07-08 00:00:00+00:00,2418.50000,2424.70000,2378.60000,2411.40000,16870
2011-07-10 00:00:00+00:00,2407.10000,2407.10000,2393.30000,2397.60000,501
2011-07-11 00:00:00+00:00,2397.80000,2401.30000,2354.00000,2365.20000,15907
2011-07-12 00:00:00+00:00,2365.70000,2369.20000,2333.20000,2343.90000,21512
2011-07-13 00:00:00+00:00,2343.70000,2377.70000,2331.10000,2340.40000,17253
2011-07-14 00:00:00+00:00,2340.60000,2370.90000,2317.10000,2343.10000,22786
2011-07-15 00:00:00+00:00,2342.60000,2361.10000,2334.10000,2358.10000,17321
2011-07-17 00:00:00+00:00,2357.00000,2357.00000,2352.00000,2353.20000,192
2011-07-18 00:00:00+00:00,2353.70000,2354.20000,2321.20000,2345.40000,16861
2011-07-19 00:00:00+00:00,2345.70000,2413.40000,2344.90000,2408.20000,17297
2011-07-20 00:00:00+00:00,2407.90000,2415.90000,2367.40000,2378.40000,15423
2011-07-21 00:00:00+00:00,2378.90000,2416.90000,2369.60000,2412.60000,20295
2011-07-22 00:00:00+00:00,2412.90000,2432.10000,2398.60000,2430.30000,12850
2011-07-24 00:00:00+00:00,2420.00000,2420.00000,2382.20000,2406.70000,788
2011-07-25 00:00:00+00:00,2407.00000,2436.70000,2400.50000,2424.70000,14610
2011-07-26 00:00:00+00:00,2424.40000,2437.70000,2414.90000,2423.70000,13517
2011-07-27 00:00:00+00:00,2423.40000,2427.90000,2358.30000,2358.80000,20079
2011-07-28 00:00:00+00:00,2358.60000,2400.80000,2357.80000,2370.80000,19862
2011-07-29 00:00:00+00:00,2370.50000,2387.30000,2340.00000,2365.70000,26448
2011-07-31 00:00:00+00:00,2387.90000,2395.20000,2384.70000,2387.90000,598
2011-08-01 00:00:00+00:00,2388.20000,2396.90000,2322.80000,2351.10000,28283
2011-08-02 00:00:00+00:00,2351.30000,2353.10000,2283.00000,2286.50000,26088
2011-08-03 00:00:00+00:00,2286.80000,2316.30000,2254.70000,2313.20000,33028
2011-08-04 00:00:00+00:00,2312.70000,2321.20000,2196.60000,2204.90000,46398
2011-08-05 00:00:00+00:00,2204.40000,2240.90000,2130.30000,2191.80000,80282
2011-08-07 00:00:00+00:00,2146.50000,2154.20000,2127.40000,2144.50000,2018
2011-08-08 00:00:00+00:00,2144.70000,2172.20000,2015.80000,2026.30000,81478
2011-08-09 00:00:00+00:00,2025.80000,2169.40000,1973.50000,2163.20000,90634
2011-08-10 00:00:00+00:00,2162.90000,2166.40000,2067.30000,2088.80000,76911
2011-08-11 00:00:00+00:00,2088.60000,2185.80000,2058.80000,2158.30000,59745
2011-08-12 00:00:00+00:00,2158.60000,2193.80000,2115.30000,2179.10000,40609
2011-08-14 00:00:00+00:00,2185.00000,2191.20000,2178.20000,2190.50000,448
2011-08-15 00:00:00+00:00,2191.00000,2212.70000,2177.70000,2204.20000,22218
2011-08-16 00:00:00+00:00,2204.40000,2212.40000,2164.60000,2187.90000,31650
2011-08-17 00:00:00+00:00,2188.10000,2215.10000,2158.60000,2169.30000,25514
2011-08-18 00:00:00+00:00,2170.10000,2170.10000,2054.30000,2074.50000,44172
2011-08-19 00:00:00+00:00,2075.30000,2103.00000,2034.70000,2043.70000,39119
2011-08-21 00:00:00+00:00,2041.90000,2041.90000,2023.10000,2034.60000,506
2011-08-22 00:00:00+00:00,2034.40000,2086.40000,2029.60000,2042.30000,31069
2011-08-23 00:00:00+00:00,2042.60000,2130.10000,2037.80000,2118.80000,32014
2011-08-24 00:00:00+00:00,2119.10000,2148.30000,2097.10000,2119.30000,30158
2011-08-25 00:00:00+00:00,2119.10000,2152.80000,2101.80000,2118.80000,35284
2011-08-26 00:00:00+00:00,2119.00000,2169.80000,2081.50000,2166.30000,40777
2011-08-28 00:00:00+00:00,2164.70000,2169.70000,2158.70000,2167.20000,243
2011-08-29 00:00:00+00:00,2168.40000,2225.70000,2162.70000,2220.70000,18943
2011-08-30 00:00:00+00:00,2219.90000,2250.10000,2201.90000,2223.90000,27030
2011-08-31 00:00:00+00:00,2224.10000,2269.10000,2222.10000,2243.30000,26674
2011-09-01 00:00:00+00:00,2243.80000,2264.30000,2215.30000,2216.50000,27973
2011-09-02 00:00:00+00:00,2216.80000,2222.30000,2156.20000,2165.50000,26568
2011-09-04 00:00:00+00:00,2159.90000,2159.90000,2150.40000,2157.90000,284
2011-09-05 00:00:00+00:00,2158.90000,2159.90000,2108.60000,2116.40000,6826
2011-09-06 00:00:00+00:00,2117.40000,2173.10000,2111.60000,2170.60000,33999
2011-09-07 00:00:00+00:00,2170.30000,2229.10000,2168.80000,2228.60000,22703
2011-09-08 00:00:00+00:00,2228.80000,2244.30000,2203.50000,2210.80000,24015
2011-09-09 00:00:00+00:00,2211.00000,2228.00000,2150.00000,2169.50000,16160
2011-09-11 00:00:00+00:00,2159.90000,2159.90000,2140.70000,2156.20000,155
2011-09-12 00:00:00+00:00,2157.20000,2210.40000,2122.10000,2201.40000,11224
2011-09-13 00:00:00+00:00,2200.90000,2225.80000,2166.80000,2214.30000,8549
2011-09-14 00:00:00+00:00,2213.80000,2278.30000,2191.80000,2253.80000,6676
2011-09-15 00:00:00+00:00,2254.30000,2296.80000,2245.00000,2289.80000,5204
2011-09-16 00:00:00+00:00,2289.50000,2315.00000,2275.90000,2313.80000,26029
2011-09-18 00:00:00+00:00,2294.50000,2294.50000,2282.50000,2287.00000,597
2011-09-19 00:00:00+00:00,2286.80000,2321.10000,2260.70000,2297.50000,28008
2011-09-20 00:00:00+00:00,2297.70000,2339.00000,2290.20000,2306.20000,30059
2011-09-21 00:00:00+00:00,2305.90000,2324.40000,2247.40000,2252.20000,39507
2011-09-22 00:00:00+00:00,2251.90000,2255.40000,2150.40000,2193.50000,55728
2011-09-23 00:00:00+00:00,2194.00000,2216.20000,2139.80000,2209.40000,46180
2011-09-25 00:00:00+00:00,2196.30000,2232.60000,2193.00000,2228.80000,791
2011-09-26 00:00:00+00:00,2229.10000,2238.10000,2167.90000,2227.80000,44830
2011-09-27 00:00:00+00:00,2228.30000,2290.90000,2227.00000,2255.50000,34278
2011-09-28 00:00:00+00:00,2255.30000,2281.50000,2217.10000,2218.30000,36343
2011-09-29 00:00:00+00:00,2218.80000,2265.40000,2158.20000,2199.00000,46304
2011-09-30 00:00:00+00:00,2198.70000,2200.70000,2127.50000,2128.80000,39713
2011-10-02 00:00:00+00:00,2131.60000,2137.10000,2123.60000,2135.90000,554
2011-10-03 00:00:00+00:00,2134.60000,2153.10000,2064.90000,2070.10000,48642
2011-10-04 00:00:00+00:00,2069.90000,2131.70000,2040.80000,2124.90000,59218
2011-10-05 00:00:00+00:00,2125.20000,2186.80000,2104.10000,2158.70000,45122
2011-10-06 00:00:00+00:00,2158.50000,2218.80000,2153.40000,2211.30000,40168
2011-10-07 00:00:00+00:00,2210.80000,2232.00000,2188.70000,2209.40000,39118
2011-10-09 00:00:00+00:00,2210.80000,2222.80000,2209.60000,2221.80000,388
2011-10-10 00:00:00+00:00,2222.30000,2283.10000,2222.30000,2279.10000,22763
2011-10-11 00:00:00+00:00,2279.40000,2301.10000,2267.10000,2287.30000,27345
2011-10-12 00:00:00+00:00,2287.10000,2333.80000,2279.30000,2303.50000,30223
2011-10-13 00:00:00+00:00,2303.00000,2341.00000,2293.70000,2332.50000,29474
2011-10-14 00:00:00+00:00,2332.30000,2373.80000,2325.00000,2372.00000,23596
2011-10-16 00:00:00+00:00,2371.90000,2377.40000,2369.60000,2374.90000,254
2011-10-17 00:00:00+00:00,2374.60000,2393.10000,2316.20000,2324.90000,27368
2011-10-18 00:00:00+00:00,2324.70000,2376.00000,2309.40000,2345.70000,35409
2011-10-19 00:00:00+00:00,2345.90000,2360.70000,2310.00000,2325.30000,29772
2011-10-20 00:00:00+00:00,2324.80000,2336.80000,2272.60000,2305.20000,36257
2011-10-21 00:00:00+00:00,2304.90000,2349.70000,2303.70000,2338.70000,23131
2011-10-23 00:00:00+00:00,2330.80000,2338.00000,2324.20000,2336.30000,288
2011-10-24 00:00:00+00:00,2336.00000,2389.80000,2329.20000,2375.30000,21744
2011-10-25 00:00:00+00:00,2375.00000,2390.70000,2319.80000,2326.60000,30904
2011-10-26 00:00:00+00:00,2326.80000,2354.10000,2290.70000,2338.50000,32522
2011-10-27 00:00:00+00:00,2338.80000,2412.60000,2333.80000,2402.30000,29365
2011-10-28 00:00:00+00:00,2402.60000,2405.50000,2382.20000,2403.50000,20855
2011-10-30 00:00:00+00:00,2401.30000,2401.60000,2389.10000,2390.10000,201
2011-10-31 00:00:00+00:00,2389.30000,2397.10000,2348.90000,2352.90000,23680
2011-11-01 00:00:00+00:00,2350.90000,2359.20000,2286.00000,2302.00000,44785
2011-11-02 00:00:00+00:00,2301.80000,2333.00000,2296.50000,2311.50000,28752
2011-11-03 00:00:00+00:00,2311.00000,2369.70000,2282.20000,2365.50000,35299
2011-11-04 00:00:00+00:00,2365.00000,2367.70000,2330.10000,2356.10000,24449
2011-11-06 00:00:00+00:00,2359.50000,2369.00000,2357.00000,2360.20000,278
2011-11-07 00:00:00+00:00,2360.00000,2382.70000,2322.40000,2374.70000,25147
2011-11-08 00:00:00+00:00,2374.90000,2402.10000,2358.10000,2398.60000,23681
2011-11-09 00:00:00+00:00,2398.40000,2399.90000,2305.20000,2311.90000,34017
2011-11-10 00:00:00+00:00,2312.20000,2346.40000,2289.10000,2309.60000,30618
2011-11-11 00:00:00+00:00,2310.40000,2362.90000,2304.10000,2355.30000,18312
2011-11-13 00:00:00+00:00,2357.40000,2368.90000,2356.90000,2365.20000,272
2011-11-14 00:00:00+00:00,2364.90000,2366.90000,2332.10000,2346.30000,18138
2011-11-15 00:00:00+00:00,2346.10000,2376.30000,2312.30000,2362.50000,23425
2011-11-16 00:00:00+00:00,2362.80000,2373.80000,2307.20000,2313.40000,27486
2011-11-17 00:00:00+00:00,2313.20000,2334.90000,2258.10000,2265.30000,36138
2011-11-18 00:00:00+00:00,2265.60000,2292.00000,2251.00000,2253.00000,24188
2011-11-20 00:00:00+00:00,2245.80000,2245.80000,2235.80000,2241.80000,326
2011-11-21 00:00:00+00:00,2241.60000,2244.30000,2188.70000,2215.00000,26491
2011-11-22 00:00:00+00:00,2215.50000,2228.50000,2192.40000,2217.90000,24469
2011-11-23 00:00:00+00:00,2217.70000,2217.70000,2163.30000,2168.30000,24877
2011-11-24 00:00:00+00:00,2168.80000,2186.00000,2152.50000,2159.70000,5916
2011-11-25 00:00:00+00:00,2160.00000,2183.90000,2137.20000,2150.90000,15621
2011-11-27 00:00:00+00:00,2184.30000,2190.30000,2179.50000,2182.30000,518
2011-11-28 00:00:00+00:00,2182.00000,2229.20000,2181.50000,2221.70000,20836
2011-11-29 00:00:00+00:00,2221.50000,2246.20000,2202.60000,2205.60000,25197
2011-11-30 00:00:00+00:00,2206.10000,2298.60000,2197.40000,2295.40000,27922
2011-12-01 00:00:00+00:00,2295.90000,2316.60000,2285.10000,2310.80000,19519
2011-12-02 00:00:00+00:00,2311.00000,2345.80000,2301.70000,2305.70000,20288
2011-12-04 00:00:00+00:00,2309.80000,2321.60000,2309.80000,2315.80000,292
2011-12-05 00:00:00+00:00,2315.60000,2344.50000,2312.30000,2323.80000,19449
2011-12-06 00:00:00+00:00,2323.50000,2342.20000,2313.50000,2326.40000,18113
2011-12-07 00:00:00+00:00,2326.70000,2344.40000,2292.10000,2324.10000,21627
2011-12-08 00:00:00+00:00,2324.30000,2341.60000,2275.00000,2280.30000,21566
2011-12-09 00:00:00+00:00,2280.00000,2327.00000,2269.50000,2324.20000,13349
2011-12-11 00:00:00+00:00,2321.80000,2323.80000,2320.30000,2322.30000,24
2011-12-12 00:00:00+00:00,2322.00000,2325.80000,2273.50000,2297.00000,5677
2011-12-13 00:00:00+00:00,2296.20000,2318.20000,2258.40000,2268.90000,4793
2011-12-14 00:00:00+00:00,2269.60000,2279.90000,2220.10000,2229.10000,3360
2011-12-15 00:00:00+00:00,2232.60000,2255.80000,2219.60000,2230.00000,1805
2011-12-16 00:00:00+00:00,2230.30000,2268.30000,2230.00000,2236.70000,19074
2011-12-18 00:00:00+00:00,2238.90000,2242.40000,2236.40000,2237.40000,166
2011-12-19 00:00:00+00:00,2237.90000,2254.90000,2208.00000,2224.30000,17544
2011-12-20 00:00:00+00:00,2224.80000,2287.10000,2221.80000,2270.80000,17585
2011-12-21 00:00:00+00:00,2271.30000,2295.10000,2221.50000,2245.50000,20797
2011-12-22 00:00:00+00:00,2245.30000,2271.50000,2238.20000,2271.00000,12123
2011-12-23 00:00:00+00:00,2271.30000,2286.80000,2265.70000,2283.20000,7225
2011-12-27 00:00:00+00:00,2283.60000,2300.10000,2278.60000,2286.10000,6595
2011-12-28 00:00:00+00:00,2285.80000,2295.80000,2257.20000,2268.50000,11047
2011-12-29 00:00:00+00:00,2268.70000,2285.50000,2262.00000,2283.00000,8787
2011-12-30 00:00:00+00:00,2282.70000,2288.00000,2273.70000,2278.20000,7050
2012-01-03 00:00:00+00:00,2315.80000,2331.60000,2311.30000,2320.00000,12377
2012-01-04 00:00:00+00:00,2320.30000,2332.80000,2305.70000,2331.00000,11718
2012-01-05 00:00:00+00:00,2330.80000,2350.80000,2312.50000,2345.70000,15065
2012-01-06 00:00:00+00:00,2346.00000,2362.00000,2335.70000,2357.20000,13391
2012-01-08 00:00:00+00:00,2356.40000,2358.60000,2346.80000,2348.80000,180
2012-01-09 00:00:00+00:00,2349.10000,2366.60000,2341.60000,2354.80000,12221
2012-01-10 00:00:00+00:00,2355.10000,2381.30000,2355.10000,2360.30000,12104
2012-01-11 00:00:00+00:00,2360.50000,2376.30000,2355.50000,2370.20000,12866
2012-01-12 00:00:00+00:00,2370.00000,2386.00000,2358.70000,2383.70000,11767
2012-01-13 00:00:00+00:00,2384.00000,2389.40000,2351.40000,2377.70000,14491
2012-01-15 00:00:00+00:00,2370.10000,2374.80000,2369.80000,2373.10000,94
2012-01-16 00:00:00+00:00,2372.60000,2388.30000,2364.30000,2386.30000,2877
2012-01-17 00:00:00+00:00,2386.50000,2403.80000,2384.50000,2396.20000,12029
2012-01-18 00:00:00+00:00,2396.00000,2425.70000,2390.50000,2423.50000,14445
2012-01-19 00:00:00+00:00,2423.70000,2445.20000,2421.20000,2431.20000,12965
2012-01-20 00:00:00+00:00,2430.90000,2439.70000,2425.40000,2438.40000,10926
2012-01-22 00:00:00+00:00,2432.50000,2432.80000,2429.00000,2430.00000,120
2012-01-23 00:00:00+00:00,2430.50000,2454.80000,2423.30000,2438.50000,11533
2012-01-24 00:00:00+00:00,2438.80000,2471.50000,2421.90000,2463.70000,12726
2012-01-25 00:00:00+00:00,2463.50000,2469.70000,2439.20000,2459.40000,17032
2012-01-26 00:00:00+00:00,2459.70000,2478.40000,2443.40000,2453.40000,13894
2012-01-27 00:00:00+00:00,2453.60000,2466.80000,2447.10000,2457.80000,12723
2012-01-29 00:00:00+00:00,2462.20000,2462.70000,2457.20000,2458.00000,120
2012-01-30 00:00:00+00:00,2457.70000,2467.70000,2431.40000,2465.40000,14205
2012-01-31 00:00:00+00:00,2465.20000,2480.70000,2450.90000,2457.90000,16319
2012-02-01 00:00:00+00:00,2458.10000,2496.40000,2455.60000,2492.10000,14081
2012-02-02 00:00:00+00:00,2491.90000,2502.80000,2481.60000,2494.30000,12952
2012-02-03 00:00:00+00:00,2493.80000,2532.10000,2491.80000,2525.50000,11214
2012-02-05 00:00:00+00:00,2521.70000,2522.90000,2512.70000,2522.40000,156
2012-02-06 00:00:00+00:00,2522.70000,2529.70000,2512.40000,2528.90000,10092
2012-02-07 00:00:00+00:00,2528.60000,2536.60000,2513.60000,2529.10000,12084
2012-02-08 00:00:00+00:00,2529.30000,2549.30000,2522.80000,2541.30000,11241
2012-02-09 00:00:00+00:00,2541.10000,2566.80000,2537.80000,2562.00000,15685
2012-02-10 00:00:00+00:00,2561.80000,2562.30000,2537.00000,2551.00000,13935
2012-02-12 00:00:00+00:00,2558.40000,2562.60000,2557.40000,2560.10000,271
2012-02-13 00:00:00+00:00,2560.40000,2572.80000,2553.30000,2566.10000,11634
2012-02-14 00:00:00+00:00,2566.30000,2579.00000,2554.80000,2577.50000,12491
2012-02-15 00:00:00+00:00,2577.80000,2602.00000,2550.70000,2551.70000,23544
2012-02-16 00:00:00+00:00,2552.00000,2598.20000,2544.20000,2594.40000,18957
2012-02-17 00:00:00+00:00,2594.70000,2598.70000,2573.40000,2583.60000,11708
2012-02-19 00:00:00+00:00,2595.00000,2598.50000,2594.80000,2597.80000,225
2012-02-20 00:00:00+00:00,2598.00000,2601.00000,2584.70000,2586.00000,2488
2012-02-21 00:00:00+00:00,2586.20000,2602.90000,2575.40000,2592.40000,12561
2012-02-22 00:00:00+00:00,2592.20000,2601.70000,2576.40000,2580.90000,12807
2012-02-23 00:00:00+00:00,2581.10000,2606.10000,2570.30000,2605.30000,14569
2012-02-24 00:00:00+00:00,2605.60000,2610.50000,2599.00000,2602.50000,8588
2012-02-26 00:00:00+00:00,2603.40000,2606.40000,2602.40000,2604.70000,78
2012-02-27 00:00:00+00:00,2604.40000,2617.60000,2579.60000,2609.90000,13925
2012-02-28 00:00:00+00:00,2610.10000,2635.80000,2608.30000,2633.80000,13440
2012-02-29 00:00:00+00:00,2632.70000,2645.90000,2615.20000,2623.90000,18020
2012-03-01 00:00:00+00:00,2623.90000,2649.90000,2617.10000,2649.10000,15932
2012-03-02 00:00:00+00:00,2648.90000,2650.60000,2633.60000,2644.60000,11564
2012-03-03 00:00:00+00:00,2644.60000,2644.60000,2644.60000,2644.60000,1
2012-03-04 00:00:00+00:00,2644.60000,2644.60000,2644.60000,2644.60000,1
2012-03-05 00:00:00+00:00,2635.20000,2643.70000,2606.20000,2616.60000,12998
2012-03-06 00:00:00+00:00,2616.80000,2617.90000,2575.60000,2594.80000,18183
2012-03-07 00:00:00+00:00,2594.60000,2615.10000,2593.10000,2607.00000,12431
2012-03-08 00:00:00+00:00,2607.30000,2644.50000,2605.20000,2636.70000,9944
2012-03-09 00:00:00+00:00,2636.20000,2652.40000,2631.70000,2648.40000,7379
2012-03-11 00:00:00+00:00,2648.10000,2648.30000,2644.80000,2647.10000,101
2012-03-12 00:00:00+00:00,2646.80000,2652.20000,2635.50000,2651.70000,5473
2012-03-13 00:00:00+00:00,2651.40000,2702.60000,2651.40000,2696.80000,10021
2012-03-14 00:00:00+00:00,2696.60000,2718.30000,2691.30000,2704.90000,11040
2012-03-15 00:00:00+00:00,2705.20000,2721.80000,2703.20000,2714.90000,12553
2012-03-16 00:00:00+00:00,2714.70000,2724.40000,2707.70000,2713.60000,3591
2012-03-18 00:00:00+00:00,2712.50000,2718.60000,2712.10000,2718.60000,182
2012-03-19 00:00:00+00:00,2718.40000,2739.40000,2704.80000,2733.00000,4007
2012-03-20 00:00:00+00:00,2732.80000,2743.00000,2712.40000,2737.80000,4080
2012-03-21 00:00:00+00:00,2738.00000,2753.00000,2734.40000,2740.90000,6750
2012-03-22 00:00:00+00:00,2740.70000,2744.90000,2719.90000,2736.90000,13936
2012-03-23 00:00:00+00:00,2737.20000,2750.90000,2714.90000,2732.10000,10180
2012-03-25 00:00:00+00:00,2733.40000,2741.80000,2733.40000,2741.60000,210
2012-03-26 00:00:00+00:00,2741.80000,2783.60000,2735.60000,2782.70000,3889
2012-03-27 00:00:00+00:00,2782.40000,2793.30000,2776.60000,2781.90000,3726
2012-03-28 00:00:00+00:00,2782.20000,2793.90000,2754.40000,2773.20000,8609
2012-03-29 00:00:00+00:00,2773.40000,2777.40000,2740.80000,2759.70000,11676
2012-03-30 00:00:00+00:00,2759.90000,2777.10000,2744.10000,2759.10000,12256
2012-04-01 00:00:00+00:00,2762.90000,2768.40000,2762.70000,2765.60000,118
2012-04-02 00:00:00+00:00,2765.80000,2787.50000,2747.40000,2781.90000,10066
2012-04-03 00:00:00+00:00,2781.70000,2795.20000,2766.60000,2779.30000,12504
2012-04-04 00:00:00+00:00,2779.60000,2779.90000,2728.50000,2742.00000,11825
2012-04-05 00:00:00+00:00,2741.70000,2764.30000,2726.20000,2759.00000,11554
2012-04-06 00:00:00+00:00,2758.60000,2765.00000,2722.60000,2726.80000,2410
2012-04-08 00:00:00+00:00,2726.30000,2729.30000,2723.60000,2727.60000,384
2012-04-09 00:00:00+00:00,2726.80000,2751.00000,2722.20000,2734.30000,8326
2012-04-10 00:00:00+00:00,2734.60000,2749.00000,2687.70000,2705.90000,17045
2012-04-11 00:00:00+00:00,2705.70000,2727.20000,2701.70000,2711.30000,15175
2012-04-12 00:00:00+00:00,2711.60000,2743.30000,2708.10000,2740.70000,15090
2012-04-13 00:00:00+00:00,2740.90000,2745.90000,2696.80000,2698.00000,14235
2012-04-15 00:00:00+00:00,2696.30000,2696.70000,2690.20000,2693.70000,420
2012-04-16 00:00:00+00:00,2693.40000,2712.90000,2659.30000,2666.80000,20746
2012-04-17 00:00:00+00:00,2667.10000,2730.90000,2657.10000,2720.80000,13673
2012-04-18 00:00:00+00:00,2721.10000,2731.10000,2699.10000,2705.80000,13542
2012-04-19 00:00:00+00:00,2705.50000,2737.80000,2674.50000,2692.00000,22010
2012-04-20 00:00:00+00:00,2692.50000,2710.70000,2672.60000,2677.70000,19995
2012-04-22 00:00:00+00:00,2671.70000,2675.90000,2669.50000,2673.90000,267
2012-04-23 00:00:00+00:00,2674.20000,2677.80000,2627.80000,2655.30000,17681
2012-04-24 00:00:00+00:00,2655.00000,2677.50000,2627.40000,2674.20000,17475
2012-04-25 00:00:00+00:00,2674.40000,2709.40000,2667.90000,2707.70000,16711
2012-04-26 00:00:00+00:00,2707.40000,2732.20000,2697.60000,2718.10000,13056
2012-04-27 00:00:00+00:00,2718.30000,2748.40000,2711.60000,2740.20000,13723
2012-04-28 00:00:00+00:00,2740.20000,2740.20000,2740.20000,2740.20000,1
2012-04-29 00:00:00+00:00,2743.30000,2746.30000,2741.60000,2742.30000,351
2012-04-30 00:00:00+00:00,2742.10000,2746.20000,2717.90000,2722.90000,8470
2012-05-01 00:00:00+00:00,2723.20000,2755.40000,2713.10000,2722.80000,8804
2012-05-02 00:00:00+00:00,2722.60000,2733.90000,2704.60000,2731.10000,13551
2012-05-03 00:00:00+00:00,2730.80000,2740.30000,2695.60000,2697.60000,10436
2012-05-04 00:00:00+00:00,2697.80000,2702.70000,2630.20000,2630.40000,15039
2012-05-06 00:00:00+00:00,2612.10000,2614.10000,2589.00000,2600.90000,1444
2012-05-07 00:00:00+00:00,2600.70000,2650.00000,2595.80000,2642.10000,7785
2012-05-08 00:00:00+00:00,2642.30000,2643.30000,2585.20000,2624.80000,13537
2012-05-09 00:00:00+00:00,2625.10000,2633.90000,2586.20000,2609.70000,24641
2012-05-10 00:00:00+00:00,2609.40000,2638.10000,2602.60000,2605.30000,18037
2012-05-11 00:00:00+00:00,2605.60000,2642.10000,2599.60000,2614.60000,17229
2012-05-14 00:00:00+00:00,2607.30000,2614.30000,2583.60000,2592.80000,17880
2012-05-15 00:00:00+00:00,2593.10000,2617.90000,2576.10000,2584.60000,21732
2012-05-16 00:00:00+00:00,2584.30000,2597.60000,2556.80000,2565.00000,19814
2012-05-17 00:00:00+00:00,2564.80000,2572.60000,2506.70000,2513.80000,22080
2012-05-18 00:00:00+00:00,2513.50000,2522.70000,2469.60000,2473.20000,26574
2012-05-20 00:00:00+00:00,2473.40000,2479.60000,2466.30000,2479.30000,635
2012-05-21 00:00:00+00:00,2479.60000,2547.40000,2476.80000,2547.30000,11238
2012-05-22 00:00:00+00:00,2547.00000,2562.30000,2523.40000,2533.70000,19016
2012-05-23 00:00:00+00:00,2533.90000,2553.00000,2498.70000,2532.40000,22415
2012-05-24 00:00:00+00:00,2532.70000,2557.20000,2511.60000,2537.10000,26474
2012-05-25 00:00:00+00:00,2537.30000,2552.40000,2519.30000,2527.00000,17529
2012-05-27 00:00:00+00:00,2527.00000,2538.60000,2527.00000,2538.00000,769
2012-05-28 00:00:00+00:00,2537.80000,2550.40000,2534.50000,2536.30000,6925
2012-05-29 00:00:00+00:00,2536.10000,2570.70000,2532.70000,2555.70000,20790
2012-05-30 00:00:00+00:00,2555.90000,2556.40000,2521.10000,2531.60000,22774
2012-05-31 00:00:00+00:00,2531.90000,2543.10000,2506.80000,2521.80000,25092
2012-06-01 00:00:00+00:00,2522.30000,2522.60000,2456.20000,2459.60000,23430
2012-06-03 00:00:00+00:00,2459.60000,2461.40000,2434.80000,2436.80000,2294
2012-06-04 00:00:00+00:00,2437.00000,2480.60000,2434.40000,2476.40000,22179
2012-06-05 00:00:00+00:00,2476.90000,2499.30000,2460.30000,2495.60000,23205
2012-06-06 00:00:00+00:00,2495.80000,2555.20000,2493.30000,2554.00000,14753
2012-06-07 00:00:00+00:00,2554.40000,2570.80000,2532.70000,2538.90000,21971
2012-06-08 00:00:00+00:00,2538.70000,2563.20000,2518.20000,2561.90000,11572
2012-06-10 00:00:00+00:00,2596.70000,2603.30000,2590.60000,2594.30000,1638
2012-06-11 00:00:00+00:00,2594.60000,2597.30000,2511.20000,2517.30000,17863
2012-06-12 00:00:00+00:00,2517.60000,2551.40000,2510.00000,2546.80000,24627
2012-06-13 00:00:00+00:00,2547.10000,2557.80000,2519.20000,2531.60000,18826
2012-06-14 00:00:00+00:00,2531.80000,2547.60000,2514.30000,2541.20000,19660
2012-06-15 00:00:00+00:00,2541.50000,2573.00000,2538.50000,2569.50000,12335
2012-06-17 00:00:00+00:00,2569.50000,2590.80000,2569.50000,2582.70000,1543
2012-06-18 00:00:00+00:00,2582.90000,2600.90000,2554.30000,2598.30000,20342
2012-06-19 00:00:00+00:00,2598.10000,2630.90000,2590.00000,2618.20000,16845
2012-06-20 00:00:00+00:00,2618.40000,2632.90000,2602.50000,2620.60000,25499
2012-06-21 00:00:00+00:00,2620.40000,2625.30000,2553.60000,2559.40000,16841
2012-06-22 00:00:00+00:00,2559.60000,2586.40000,2553.40000,2580.60000,14347
2012-06-24 00:00:00+00:00,2579.80000,2581.00000,2572.60000,2574.30000,871
2012-06-25 00:00:00+00:00,2574.60000,2574.80000,2525.60000,2536.60000,17178
2012-06-26 00:00:00+00:00,2536.40000,2555.90000,2529.90000,2549.60000,14749
2012-06-27 00:00:00+00:00,2549.40000,2575.90000,2547.20000,2560.80000,13027
2012-06-28 00:00:00+00:00,2560.60000,2569.40000,2507.80000,2526.40000,15086
2012-06-29 00:00:00+00:00,2526.00000,2620.60000,2523.40000,2617.10000,20690
2012-07-01 00:00:00+00:00,2617.10000,2620.00000,2613.70000,2615.50000,229
2012-07-02 00:00:00+00:00,2615.20000,2624.40000,2603.90000,2618.40000,17680
2012-07-03 00:00:00+00:00,2618.60000,2646.40000,2617.60000,2645.20000,10009
2012-07-04 00:00:00+00:00,2645.40000,2648.70000,2636.90000,2641.40000,4022
2012-07-05 00:00:00+00:00,2641.60000,2659.80000,2628.50000,2646.90000,19506
2012-07-06 00:00:00+00:00,2646.50000,2648.10000,2594.70000,2612.70000,16097
2012-07-08 00:00:00+00:00,2607.60000,2609.80000,2606.10000,2606.80000,153
2012-07-09 00:00:00+00:00,2606.60000,2619.30000,2595.50000,2608.50000,9933
2012-07-10 00:00:00+00:00,2608.80000,2629.00000,2572.40000,2580.40000,16074
2012-07-11 00:00:00+00:00,2580.20000,2592.90000,2546.60000,2571.20000,16229
2012-07-12 00:00:00+00:00,2571.40000,2571.40000,2520.00000,2544.30000,14087
2012-07-13 00:00:00+00:00,2544.10000,2588.30000,2543.80000,2581.80000,10929
2012-07-15 00:00:00+00:00,2580.20000,2580.80000,2577.20000,2578.20000,139
2012-07-16 00:00:00+00:00,2577.90000,2587.90000,2564.90000,2574.40000,10159
2012-07-17 00:00:00+00:00,2574.90000,2597.30000,2551.50000,2590.60000,19696
2012-07-18 00:00:00+00:00,2590.30000,2636.30000,2580.00000,2632.80000,15995
2012-07-19 00:00:00+00:00,2632.60000,2661.30000,2632.60000,2655.80000,19565
2012-07-20 00:00:00+00:00,2656.10000,2661.00000,2616.20000,2618.30000,13526
2012-07-22 00:00:00+00:00,2610.60000,2616.00000,2608.60000,2609.60000,282
2012-07-23 00:00:00+00:00,2609.30000,2611.30000,2546.20000,2579.80000,17835
2012-07-24 00:00:00+00:00,2580.10000,2592.90000,2520.00000,2522.10000,24437
2012-07-25 00:00:00+00:00,2521.90000,2563.50000,2521.10000,2547.80000,21101
2012-07-26 00:00:00+00:00,2547.60000,2596.40000,2532.80000,2578.60000,27309
2012-07-27 00:00:00+00:00,2578.40000,2648.90000,2575.60000,2647.90000,20587
2012-07-29 00:00:00+00:00,2647.90000,2647.90000,2640.20000,2640.40000,469
2012-07-30 00:00:00+00:00,2640.20000,2660.50000,2631.30000,2639.60000,12853
2012-07-31 00:00:00+00:00,2639.40000,2655.20000,2634.10000,2638.40000,18487
2012-08-01 00:00:00+00:00,2638.60000,2658.90000,2621.10000,2631.40000,19512
2012-08-02 00:00:00+00:00,2631.00000,2651.10000,2603.00000,2620.80000,23841
2012-08-03 00:00:00+00:00,2620.60000,2684.00000,2618.80000,2674.60000,16917
2012-08-05 00:00:00+00:00,2678.80000,2680.80000,2674.40000,2680.40000,579
2012-08-06 00:00:00+00:00,2680.10000,2703.90000,2675.50000,2690.20000,11636
2012-08-07 00:00:00+00:00,2690.40000,2725.30000,2688.80000,2710.30000,13753
2012-08-08 00:00:00+00:00,2710.60000,2719.20000,2703.50000,2708.80000,7268
2012-08-09 00:00:00+00:00,2709.10000,2725.80000,2706.20000,2717.80000,7665
2012-08-10 00:00:00+00:00,2717.40000,2725.20000,2704.40000,2723.40000,10957
2012-08-12 00:00:00+00:00,2721.30000,2724.10000,2720.00000,2720.30000,198
2012-08-13 00:00:00+00:00,2720.00000,2731.60000,2707.80000,2728.60000,7951
2012-08-14 00:00:00+00:00,2729.00000,2745.00000,2722.90000,2726.80000,9011
2012-08-15 00:00:00+00:00,2726.60000,2744.20000,2720.60000,2742.60000,10100
2012-08-16 00:00:00+00:00,2742.80000,2775.90000,2740.40000,2768.40000,9466
2012-08-17 00:00:00+00:00,2768.20000,2782.30000,2765.40000,2778.60000,10435
2012-08-19 00:00:00+00:00,2777.60000,2782.10000,2777.60000,2779.20000,182
2012-08-20 00:00:00+00:00,2778.90000,2785.90000,2768.90000,2783.80000,10223
2012-08-21 00:00:00+00:00,2783.60000,2803.90000,2763.60000,2773.30000,12524
2012-08-22 00:00:00+00:00,2773.10000,2791.30000,2761.00000,2785.70000,8836
2012-08-23 00:00:00+00:00,2785.40000,2793.80000,2756.00000,2764.00000,12057
2012-08-24 00:00:00+00:00,2763.80000,2786.90000,2752.20000,2778.20000,13648
2012-08-26 00:00:00+00:00,2784.70000,2789.80000,2783.40000,2786.50000,223
2012-08-27 00:00:00+00:00,2786.80000,2797.30000,2778.00000,2786.20000,7572
2012-08-28 00:00:00+00:00,2786.00000,2792.00000,2772.50000,2785.60000,8232
2012-08-29 00:00:00+00:00,2786.00000,2791.40000,2772.60000,2782.60000,8976
2012-08-30 00:00:00+00:00,2782.20000,2782.40000,2751.60000,2754.60000,12343
2012-08-31 00:00:00+00:00,2754.80000,2786.30000,2746.50000,2774.30000,10925
2012-09-02 00:00:00+00:00,2773.00000,2775.40000,2767.80000,2767.80000,711
2012-09-03 00:00:00+00:00,2767.60000,2782.50000,2760.60000,2777.80000,4373
2012-09-04 00:00:00+00:00,2778.10000,2783.60000,2744.00000,2771.40000,10051
2012-09-05 00:00:00+00:00,2771.20000,2781.50000,2758.00000,2769.60000,11724
2012-09-06 00:00:00+00:00,2769.20000,2830.70000,2768.00000,2826.90000,14567
2012-09-07 00:00:00+00:00,2827.20000,2836.90000,2818.10000,2824.60000,11462
2012-09-08 00:00:00+00:00,2824.60000,2824.60000,2824.60000,2824.60000,1
2012-09-09 00:00:00+00:00,2822.10000,2823.30000,2820.00000,2821.30000,143
2012-09-10 00:00:00+00:00,2821.10000,2824.20000,2782.40000,2786.00000,6215
2012-09-11 00:00:00+00:00,2785.60000,2800.20000,2778.40000,2780.80000,11026
2012-09-12 00:00:00+00:00,2780.40000,2800.60000,2775.80000,2794.60000,17969
2012-09-13 00:00:00+00:00,2794.80000,2842.30000,2785.80000,2832.90000,11084
2012-09-14 00:00:00+00:00,2832.70000,2865.50000,2832.70000,2857.50000,10503
2012-09-16 00:00:00+00:00,2857.40000,2857.40000,2850.40000,2851.20000,586
2012-09-17 00:00:00+00:00,2851.40000,2858.60000,2846.20000,2854.20000,6882
2012-09-18 00:00:00+00:00,2854.80000,2860.40000,2844.20000,2859.90000,8543
2012-09-19 00:00:00+00:00,2859.70000,2872.20000,2850.60000,2860.80000,9641
2012-09-20 00:00:00+00:00,2860.60000,2863.60000,2843.10000,2862.60000,9850
2012-09-21 00:00:00+00:00,2862.80000,2877.40000,2858.10000,2858.50000,9650
2012-09-22 00:00:00+00:00,2858.50000,2858.50000,2858.50000,2858.50000,2
2012-09-23 00:00:00+00:00,2858.40000,2862.80000,2858.00000,2861.70000,292
2012-09-24 00:00:00+00:00,2861.40000,2862.00000,2832.10000,2845.40000,11541
2012-09-25 00:00:00+00:00,2845.10000,2858.30000,2804.00000,2810.40000,11341
2012-09-26 00:00:00+00:00,2810.20000,2812.40000,2767.50000,2785.00000,13177
2012-09-27 00:00:00+00:00,2784.80000,2826.30000,2783.30000,2820.80000,10699
2012-09-28 00:00:00+00:00,2821.00000,2824.40000,2793.70000,2797.20000,11036
2012-09-30 00:00:00+00:00,2793.60000,2795.10000,2784.80000,2787.60000,474
2012-10-01 00:00:00+00:00,2788.30000,2827.30000,2782.60000,2792.40000,13974
2012-10-02 00:00:00+00:00,2792.00000,2812.30000,2777.40000,2798.50000,10799
2012-10-03 00:00:00+00:00,2798.80000,2823.60000,2792.90000,2818.60000,13861
2012-10-04 00:00:00+00:00,2819.00000,2834.80000,2812.80000,2828.40000,10086
2012-10-05 00:00:00+00:00,2828.60000,2845.40000,2804.70000,2811.30000,10244
2012-10-07 00:00:00+00:00,2811.00000,2812.80000,2804.90000,2806.40000,424
2012-10-08 00:00:00+00:00,2806.20000,2807.40000,2779.30000,2785.10000,10657
2012-10-09 00:00:00+00:00,2785.30000,2791.20000,2731.20000,2733.00000,12276
2012-10-10 00:00:00+00:00,2733.20000,2748.00000,2718.90000,2722.80000,12770
2012-10-11 00:00:00+00:00,2723.10000,2749.30000,2716.40000,2721.00000,9118
2012-10-12 00:00:00+00:00,2721.30000,2732.60000,2711.40000,2717.20000,7386
2012-10-14 00:00:00+00:00,2717.20000,2719.40000,2714.00000,2714.40000,201
2012-10-15 00:00:00+00:00,2714.00000,2740.80000,2709.00000,2740.20000,8299
2012-10-16 00:00:00+00:00,2740.00000,2781.00000,2733.80000,2769.40000,9721
2012-10-17 00:00:00+00:00,2769.70000,2782.60000,2757.80000,2774.60000,5983
2012-10-18 00:00:00+00:00,2774.30000,2777.90000,2731.60000,2739.60000,9264
2012-10-19 00:00:00+00:00,2739.20000,2741.00000,2669.80000,2670.50000,9029
2012-10-21 00:00:00+00:00,2670.50000,2671.80000,2661.10000,2664.90000,272
2012-10-22 00:00:00+00:00,2665.20000,2698.60000,2665.20000,2698.00000,14865
2012-10-23 00:00:00+00:00,2698.20000,2698.20000,2655.00000,2668.80000,13156
2012-10-24 00:00:00+00:00,2669.10000,2683.80000,2649.70000,2655.70000,11453
2012-10-25 00:00:00+00:00,2655.90000,2676.70000,2607.80000,2649.10000,19342
2012-10-26 00:00:00+00:00,2648.70000,2672.40000,2626.80000,2664.00000,15271
2012-10-28 00:00:00+00:00,2659.20000,2661.40000,2650.60000,2654.20000,617
2012-10-29 00:00:00+00:00,2654.40000,2659.40000,2635.40000,2641.20000,3872
2012-10-30 00:00:00+00:00,2641.00000,2663.60000,2629.40000,2660.30000,2690
2012-10-31 00:00:00+00:00,2660.60000,2679.60000,2632.40000,2636.40000,9581
2012-11-01 00:00:00+00:00,2636.40000,2691.60000,2630.40000,2689.00000,11883
2012-11-02 00:00:00+00:00,2688.80000,2696.60000,2644.60000,2645.00000,11423
2012-11-04 00:00:00+00:00,2640.50000,2646.20000,2640.50000,2641.60000,183
2012-11-05 00:00:00+00:00,2642.00000,2676.30000,2639.40000,2660.00000,8383
2012-11-06 00:00:00+00:00,2659.40000,2694.20000,2659.40000,2676.40000,6166
2012-11-07 00:00:00+00:00,2676.10000,2690.20000,2601.60000,2620.30000,19606
2012-11-08 00:00:00+00:00,2619.80000,2625.60000,2571.00000,2578.80000,12638
2012-11-09 00:00:00+00:00,2579.20000,2609.50000,2558.60000,2586.20000,9597
2012-11-11 00:00:00+00:00,2586.20000,2586.20000,2586.20000,2586.20000,1
2012-11-12 00:00:00+00:00,2586.20000,2599.60000,2574.00000,2580.20000,6595
2012-11-13 00:00:00+00:00,2579.80000,2587.60000,2555.20000,2573.40000,8585
2012-11-14 00:00:00+00:00,2573.00000,2587.80000,2528.70000,2534.80000,11381
2012-11-15 00:00:00+00:00,2534.40000,2543.10000,2514.80000,2524.20000,16951
2012-11-16 00:00:00+00:00,2523.60000,2540.80000,2493.90000,2536.80000,15349
2012-11-18 00:00:00+00:00,2538.80000,2545.00000,2538.80000,2545.00000,60
2012-11-19 00:00:00+00:00,2545.40000,2595.80000,2539.60000,2585.80000,8814
2012-11-20 00:00:00+00:00,2586.20000,2598.30000,2569.90000,2593.40000,11451
2012-11-21 00:00:00+00:00,2593.00000,2604.00000,2579.00000,2603.80000,5820
2012-11-22 00:00:00+00:00,2603.40000,2607.80000,2599.00000,2603.00000,868
2012-11-23 00:00:00+00:00,2603.40000,2640.20000,2598.00000,2639.60000,3330
2012-11-25 00:00:00+00:00,2631.60000,2633.60000,2628.40000,2628.40000,52
2012-11-26 00:00:00+00:00,2628.80000,2651.80000,2624.60000,2651.20000,6783
2012-11-27 00:00:00+00:00,2651.60000,2659.80000,2637.70000,2639.80000,7138
2012-11-28 00:00:00+00:00,2640.20000,2666.90000,2613.00000,2661.60000,11910
2012-11-29 00:00:00+00:00,2662.00000,2689.90000,2661.60000,2674.80000,7869
2012-11-30 00:00:00+00:00,2674.40000,2690.80000,2668.60000,2679.20000,6655
2012-12-02 00:00:00+00:00,2679.20000,2681.00000,2677.00000,2679.80000,42
2012-12-03 00:00:00+00:00,2679.40000,2699.30000,2667.40000,2670.40000,8737
2012-12-04 00:00:00+00:00,2670.00000,2676.30000,2651.10000,2662.00000,10068
2012-12-05 00:00:00+00:00,2661.60000,2680.30000,2624.20000,2640.60000,13913
2012-12-06 00:00:00+00:00,2640.20000,2662.70000,2623.50000,2656.40000,11354
2012-12-07 00:00:00+00:00,2656.80000,2673.70000,2630.40000,2638.90000,13048
2012-12-09 00:00:00+00:00,2637.80000,2641.00000,2637.80000,2640.20000,55
2012-12-10 00:00:00+00:00,2640.60000,2661.20000,2626.40000,2647.00000,6597
2012-12-11 00:00:00+00:00,2646.60000,2696.80000,2645.00000,2686.80000,10761
2012-12-12 00:00:00+00:00,2687.20000,2696.40000,2668.60000,2673.60000,12624
2012-12-13 00:00:00+00:00,2674.00000,2689.40000,2642.90000,2658.80000,7626
2012-12-14 00:00:00+00:00,2658.40000,2662.80000,2620.50000,2629.70000,8384
2012-12-16 00:00:00+00:00,2639.80000,2643.40000,2637.60000,2640.00000,59
2012-12-17 00:00:00+00:00,2639.60000,2669.80000,2614.30000,2667.40000,7979
2012-12-18 00:00:00+00:00,2667.80000,2711.30000,2666.80000,2706.60000,10693
2012-12-19 00:00:00+00:00,2707.00000,2718.20000,2690.00000,2691.80000,6061
2012-12-20 00:00:00+00:00,2691.40000,2706.70000,2682.70000,2695.60000,6996
2012-12-21 00:00:00+00:00,2696.00000,2696.40000,2640.60000,2665.90000,15846
2012-12-23 00:00:00+00:00,2662.80000,2666.60000,2661.60000,2664.20000,68
2012-12-24 00:00:00+00:00,2664.60000,2664.60000,2650.80000,2657.10000,2889
2012-12-26 00:00:00+00:00,2657.10000,2662.40000,2626.10000,2635.60000,5214
2012-12-27 00:00:00+00:00,2635.20000,2641.80000,2597.60000,2631.60000,11398
2012-12-28 00:00:00+00:00,2632.00000,2632.00000,2588.00000,2592.80000,7970
2012-12-30 00:00:00+00:00,2591.40000,2597.60000,2584.00000,2594.60000,236
2012-12-31 00:00:00+00:00,2594.20000,2644.30000,2585.00000,2634.90000,7066
2013-01-02 00:00:00+00:00,2634.90000,2746.40000,2634.90000,2741.20000,12831
2013-01-03 00:00:00+00:00,2741.60000,2750.80000,2723.00000,2728.20000,9635
2013-01-04 00:00:00+00:00,2727.80000,2739.30000,2715.20000,2719.20000,9479
2013-01-06 00:00:00+00:00,2720.20000,2720.40000,2717.60000,2719.60000,38
2013-01-07 00:00:00+00:00,2719.20000,2726.10000,2705.90000,2721.00000,8525
2013-01-08 00:00:00+00:00,2720.60000,2727.80000,2701.90000,2719.60000,8351
2013-01-09 00:00:00+00:00,2720.00000,2733.40000,2714.70000,2725.00000,5623
2013-01-10 00:00:00+00:00,2725.40000,2747.60000,2717.20000,2745.80000,10840
2013-01-11 00:00:00+00:00,2745.40000,2747.10000,2735.60000,2747.10000,7876
2013-01-12 00:00:00+00:00,2747.10000,2747.10000,2747.10000,2747.10000,1
2013-01-13 00:00:00+00:00,2746.20000,2746.60000,2743.80000,2744.60000,42
2013-01-14 00:00:00+00:00,2744.20000,2753.40000,2722.60000,2734.00000,6187
2013-01-15 00:00:00+00:00,2734.40000,2735.40000,2708.40000,2723.60000,10130
2013-01-16 00:00:00+00:00,2723.20000,2740.40000,2713.70000,2727.80000,9074
2013-01-17 00:00:00+00:00,2728.20000,2754.80000,2720.00000,2737.60000,9981
2013-01-18 00:00:00+00:00,2737.20000,2744.80000,2725.60000,2738.10000,7212
2013-01-20 00:00:00+00:00,2737.00000,2740.60000,2736.60000,2739.60000,13
2013-01-21 00:00:00+00:00,2739.20000,2745.60000,2735.10000,2744.80000,1478
2013-01-22 00:00:00+00:00,2744.80000,2760.60000,2723.50000,2758.60000,7000
2013-01-23 00:00:00+00:00,2759.00000,2771.00000,2711.40000,2716.40000,5540
2013-01-24 00:00:00+00:00,2716.00000,2745.50000,2715.20000,2717.40000,8562
2013-01-25 00:00:00+00:00,2717.80000,2742.10000,2715.20000,2730.60000,11140
2013-01-27 00:00:00+00:00,2731.20000,2732.00000,2729.40000,2730.80000,24
2013-01-28 00:00:00+00:00,2730.40000,2749.80000,2728.80000,2736.60000,7626
2013-01-29 00:00:00+00:00,2737.00000,2749.00000,2718.40000,2746.60000,7224
2013-01-30 00:00:00+00:00,2747.00000,2753.90000,2728.60000,2736.80000,9213
2013-01-31 00:00:00+00:00,2737.20000,2748.50000,2726.30000,2736.80000,9707
2013-02-01 00:00:00+00:00,2736.40000,2766.10000,2732.50000,2759.70000,4926
2013-02-03 00:00:00+00:00,2760.60000,2760.60000,2754.60000,2755.00000,21
2013-02-04 00:00:00+00:00,2755.40000,2760.40000,2711.30000,2713.20000,9496
2013-02-05 00:00:00+00:00,2713.60000,2761.30000,2712.60000,2754.00000,9337
2013-02-06 00:00:00+00:00,2753.60000,2759.10000,2735.10000,2740.20000,7165
2013-02-07 00:00:00+00:00,2739.80000,2750.40000,2714.80000,2744.40000,7702
2013-02-08 00:00:00+00:00,2744.00000,2780.20000,2743.00000,2774.40000,6882
2013-02-10 00:00:00+00:00,2773.20000,2778.20000,2773.20000,2777.80000,18
2013-02-11 00:00:00+00:00,2777.80000,2782.40000,2765.50000,2772.00000,4530
2013-02-12 00:00:00+00:00,2772.00000,2775.80000,2760.40000,2767.40000,6061
2013-02-13 00:00:00+00:00,2767.00000,2783.20000,2764.40000,2768.00000,7915
2013-02-14 00:00:00+00:00,2768.00000,2776.20000,2757.60000,2770.80000,6983
2013-02-15 00:00:00+00:00,2771.20000,2778.30000,2755.90000,2764.60000,7333
2013-02-17 00:00:00+00:00,2761.20000,2762.40000,2760.20000,2760.60000,28
2013-02-18 00:00:00+00:00,2761.00000,2766.20000,2759.60000,2763.80000,1374
2013-02-19 00:00:00+00:00,2764.20000,2786.80000,2761.60000,2784.80000,7197
2013-02-20 00:00:00+00:00,2784.80000,2787.60000,2736.00000,2739.40000,5251
2013-02-21 00:00:00+00:00,2739.00000,2742.00000,2700.70000,2718.80000,9402
2013-02-22 00:00:00+00:00,2719.20000,2740.20000,2715.40000,2737.40000,10410
2013-02-24 00:00:00+00:00,2738.60000,2739.40000,2737.40000,2739.40000,28
2013-02-25 00:00:00+00:00,2739.00000,2765.40000,2693.20000,2707.00000,12232
2013-02-26 00:00:00+00:00,2707.40000,2718.90000,2690.20000,2711.60000,12845
2013-02-27 00:00:00+00:00,2712.00000,2758.60000,2704.20000,2742.20000,16129
2013-02-28 00:00:00+00:00,2741.80000,2762.10000,2730.00000,2734.00000,9632
2013-03-01 00:00:00+00:00,2732.40000,2751.80000,2712.60000,2749.20000,14870
2013-03-03 00:00:00+00:00,2745.80000,2746.40000,2744.60000,2745.60000,20
2013-03-04 00:00:00+00:00,2745.80000,2764.40000,2733.40000,2764.20000,11502
2013-03-05 00:00:00+00:00,2764.60000,2803.90000,2761.60000,2800.80000,10402
2013-03-06 00:00:00+00:00,2800.40000,2809.60000,2789.40000,2790.80000,10200
2013-03-07 00:00:00+00:00,2790.40000,2804.80000,2789.40000,2797.80000,5991
2013-03-08 00:00:00+00:00,2797.40000,2819.30000,2793.40000,2801.40000,11128
2013-03-10 00:00:00+00:00,2799.00000,2800.20000,2796.60000,2798.80000,52
2013-03-11 00:00:00+00:00,2798.40000,2812.40000,2792.30000,2810.60000,4112
2013-03-12 00:00:00+00:00,2810.60000,2810.60000,2787.30000,2802.40000,5588
2013-03-13 00:00:00+00:00,2802.80000,2807.80000,2787.20000,2798.60000,6477
2013-03-14 00:00:00+00:00,2798.20000,2811.90000,2796.80000,2805.20000,5688
2013-03-15 00:00:00+00:00,2804.80000,2809.60000,2789.30000,2796.30000,9943
2013-03-17 00:00:00+00:00,2771.60000,2773.00000,2763.00000,2766.00000,336
2013-03-18 00:00:00+00:00,2766.40000,2801.30000,2752.80000,2792.60000,10071
2013-03-19 00:00:00+00:00,2792.20000,2804.20000,2759.60000,2779.00000,13334
2013-03-20 00:00:00+00:00,2779.00000,2810.40000,2776.20000,2790.00000,9403
2013-03-21 00:00:00+00:00,2790.00000,2792.10000,2765.30000,2773.00000,6839
2013-03-22 00:00:00+00:00,2773.40000,2801.80000,2767.80000,2798.60000,9050
2013-03-24 00:00:00+00:00,2797.20000,2813.60000,2797.20000,2810.60000,132
2013-03-25 00:00:00+00:00,2810.20000,2815.40000,2774.80000,2791.00000,11994
2013-03-26 00:00:00+00:00,2790.60000,2807.80000,2790.40000,2806.20000,9103
2013-03-27 00:00:00+00:00,2805.80000,2809.80000,2780.60000,2803.40000,5283
2013-03-28 00:00:00+00:00,2803.40000,2818.30000,2795.40000,2818.00000,8376
2013-03-31 00:00:00+00:00,2815.60000,2818.60000,2815.20000,2818.20000,26
2013-04-01 00:00:00+00:00,2817.40000,2819.30000,2788.20000,2793.00000,4804
2013-04-02 00:00:00+00:00,2793.40000,2826.70000,2790.20000,2818.40000,4930
2013-04-03 00:00:00+00:00,2818.00000,2822.70000,2784.10000,2791.40000,9143
2013-04-04 00:00:00+00:00,2791.00000,2804.90000,2776.10000,2786.40000,12917
2013-04-05 00:00:00+00:00,2786.80000,2787.20000,2741.10000,2767.70000,14925
2013-04-07 00:00:00+00:00,2767.00000,2770.60000,2766.40000,2769.00000,67
2013-04-08 00:00:00+00:00,2768.60000,2791.40000,2760.60000,2787.00000,4507
2013-04-09 00:00:00+00:00,2787.40000,2813.10000,2776.40000,2800.20000,9114
2013-04-10 00:00:00+00:00,2800.20000,2860.70000,2798.40000,2851.20000,6422
2013-04-11 00:00:00+00:00,2851.60000,2861.70000,2846.70000,2857.20000,10675
2013-04-12 00:00:00+00:00,2857.20000,2858.20000,2831.30000,2850.90000,11155
2013-04-13 00:00:00+00:00,2850.90000,2850.90000,2850.90000,2850.90000,2
2013-04-14 00:00:00+00:00,2849.40000,2851.00000,2844.20000,2846.40000,60
2013-04-15 00:00:00+00:00,2846.00000,2854.00000,2781.40000,2797.60000,17135
2013-04-16 00:00:00+00:00,2797.20000,2837.00000,2794.60000,2827.00000,16835
2013-04-17 00:00:00+00:00,2827.40000,2831.40000,2761.40000,2782.00000,21897
2013-04-18 00:00:00+00:00,2781.60000,2790.80000,2726.70000,2752.80000,18156
2013-04-19 00:00:00+00:00,2752.40000,2782.20000,2739.70000,2772.40000,11686
2013-04-21 00:00:00+00:00,2775.20000,2780.60000,2775.20000,2779.20000,58
2013-04-22 00:00:00+00:00,2778.80000,2814.90000,2775.60000,2801.40000,20209
2013-04-23 00:00:00+00:00,2801.40000,2846.00000,2787.80000,2822.60000,23650
2013-04-24 00:00:00+00:00,2823.00000,2840.90000,2818.60000,2823.60000,9986
2013-04-25 00:00:00+00:00,2824.00000,2856.80000,2821.60000,2841.40000,15740
2013-04-26 00:00:00+00:00,2841.00000,2847.00000,2824.70000,2835.40000,13950
2013-04-28 00:00:00+00:00,2836.60000,2837.00000,2832.60000,2833.40000,51
2013-04-29 00:00:00+00:00,2833.00000,2874.10000,2830.20000,2860.40000,12525
2013-04-30 00:00:00+00:00,2860.80000,2886.20000,2855.80000,2885.80000,6042
2013-05-01 00:00:00+00:00,2885.80000,2889.30000,2864.70000,2870.40000,9264
2013-05-02 00:00:00+00:00,2870.80000,2912.60000,2870.00000,2905.60000,7769
2013-05-03 00:00:00+00:00,2905.60000,2949.80000,2902.40000,2939.40000,8595
2013-05-05 00:00:00+00:00,2938.60000,2946.40000,2938.60000,2944.00000,73
2013-05-06 00:00:00+00:00,2944.40000,2956.30000,2939.30000,2946.80000,8247
2013-05-07 00:00:00+00:00,2946.40000,2958.80000,2939.60000,2947.20000,10056
2013-05-08 00:00:00+00:00,2946.80000,2966.80000,2943.80000,2962.80000,6480
2013-05-09 00:00:00+00:00,2962.80000,2980.20000,2952.20000,2964.80000,13584
2013-05-10 00:00:00+00:00,2965.20000,2979.90000,2961.10000,2978.40000,12220
2013-05-12 00:00:00+00:00,2972.40000,2972.80000,2965.80000,2967.60000,131
2013-05-13 00:00:00+00:00,2967.20000,2989.20000,2962.70000,2987.20000,10046
2013-05-14 00:00:00+00:00,2986.80000,3006.60000,2973.20000,2996.60000,7202
2013-05-15 00:00:00+00:00,2996.20000,3009.40000,2984.60000,3008.80000,13836
2013-05-16 00:00:00+00:00,3009.20000,3020.40000,2997.60000,3003.00000,13264
2013-05-17 00:00:00+00:00,3002.60000,3030.10000,3000.60000,3025.80000,12632
2013-05-19 00:00:00+00:00,3022.80000,3025.20000,3020.60000,3022.00000,96
2013-05-20 00:00:00+00:00,3022.40000,3033.40000,3011.70000,3021.20000,11428
2013-05-21 00:00:00+00:00,3021.20000,3038.20000,3011.60000,3024.60000,10968
2013-05-22 00:00:00+00:00,3025.00000,3054.80000,2985.40000,3007.20000,26508
2013-05-23 00:00:00+00:00,3006.80000,3008.60000,2962.80000,3001.20000,30283
2013-05-24 00:00:00+00:00,3001.60000,3004.60000,2965.10000,2995.10000,10178
2013-05-26 00:00:00+00:00,2994.40000,3005.80000,2994.40000,3000.80000,135
2013-05-27 00:00:00+00:00,3000.40000,3003.80000,2986.30000,3000.80000,3579
2013-05-28 00:00:00+00:00,3001.20000,3038.00000,3000.80000,3007.00000,10517
2013-05-29 00:00:00+00:00,3007.60000,3009.80000,2979.60000,2994.20000,11632
2013-05-30 00:00:00+00:00,2993.80000,3026.40000,2982.80000,3010.40000,16888
2013-05-31 00:00:00+00:00,3010.80000,3023.40000,2980.20000,2982.10000,17264
2013-06-02 00:00:00+00:00,2982.60000,2987.00000,2978.20000,2983.80000,178
2013-06-03 00:00:00+00:00,2983.40000,2996.00000,2951.20000,2986.80000,15288
2013-06-04 00:00:00+00:00,2986.40000,3007.70000,2961.90000,2974.20000,20586
2013-06-05 00:00:00+00:00,2974.60000,2978.40000,2932.70000,2942.00000,24500
2013-06-06 00:00:00+00:00,2942.40000,2954.40000,2911.30000,2948.20000,23378
2013-06-07 00:00:00+00:00,2947.80000,2992.90000,2936.60000,2984.30000,23429
2013-06-09 00:00:00+00:00,2980.60000,2982.60000,2977.40000,2982.20000,75
2013-06-10 00:00:00+00:00,2982.60000,3004.40000,2981.40000,2987.40000,16289
2013-06-11 00:00:00+00:00,2987.00000,2988.80000,2950.30000,2966.80000,21762
2013-06-12 00:00:00+00:00,2967.20000,2979.80000,2921.20000,2922.00000,18402
2013-06-13 00:00:00+00:00,2922.40000,2970.30000,2898.40000,2967.80000,13519
2013-06-14 00:00:00+00:00,2967.40000,2967.80000,2939.70000,2943.20000,16568
2013-06-16 00:00:00+00:00,2943.20000,2950.20000,2942.40000,2949.80000,80
2013-06-17 00:00:00+00:00,2949.40000,2990.60000,2949.00000,2972.40000,13755
2013-06-18 00:00:00+00:00,2972.80000,3003.30000,2971.30000,2997.20000,11157
2013-06-19 00:00:00+00:00,2996.80000,3004.40000,2958.20000,2959.20000,21192
2013-06-20 00:00:00+00:00,2959.60000,2961.00000,2881.20000,2884.40000,25891
2013-06-21 00:00:00+00:00,2884.00000,2904.70000,2851.30000,2872.20000,28961
2013-06-23 00:00:00+00:00,2870.80000,2875.60000,2861.80000,2873.60000,173
2013-06-24 00:00:00+00:00,2874.00000,2874.00000,2823.10000,2856.60000,31855
2013-06-25 00:00:00+00:00,2856.20000,2878.70000,2835.80000,2857.80000,23021
2013-06-26 00:00:00+00:00,2857.40000,2897.90000,2851.00000,2887.60000,17397
2013-06-27 00:00:00+00:00,2888.00000,2922.90000,2887.30000,2903.80000,16926
2013-06-28 00:00:00+00:00,2904.20000,2926.70000,2889.20000,2905.70000,14532
2013-06-30 00:00:00+00:00,2911.00000,2912.20000,2905.60000,2907.80000,74
2013-07-01 00:00:00+00:00,2907.80000,2951.40000,2898.80000,2925.80000,17540
2013-07-02 00:00:00+00:00,2925.40000,2946.10000,2912.20000,2926.80000,16646
2013-07-03 00:00:00+00:00,2927.20000,2953.40000,2901.70000,2945.20000,14298
2013-07-04 00:00:00+00:00,2944.80000,2971.60000,2944.80000,2967.80000,4598
2013-07-05 00:00:00+00:00,2968.20000,2975.60000,2932.20000,2962.90000,17493
2013-07-07 00:00:00+00:00,2965.40000,2970.80000,2965.00000,2970.80000,58
2013-07-08 00:00:00+00:00,2971.40000,2982.60000,2953.20000,2966.20000,11552
2013-07-09 00:00:00+00:00,2966.60000,2989.20000,2963.60000,2982.40000,10393
2013-07-10 00:00:00+00:00,2982.40000,3024.80000,2973.20000,3021.80000,16590
2013-07-11 00:00:00+00:00,3021.40000,3062.00000,3020.60000,3056.40000,11848
2013-07-12 00:00:00+00:00,3056.00000,3074.90000,3053.60000,3068.30000,11264
2013-07-14 00:00:00+00:00,3067.40000,3070.80000,3067.40000,3070.00000,46
2013-07-15 00:00:00+00:00,3070.60000,3080.70000,3067.20000,3077.40000,8749
2013-07-16 00:00:00+00:00,3077.80000,3084.50000,3067.90000,3076.60000,9785
2013-07-17 00:00:00+00:00,3077.00000,3090.30000,3069.60000,3075.80000,13527
2013-07-18 00:00:00+00:00,3076.20000,3090.60000,3049.60000,3051.60000,11214
2013-07-19 00:00:00+00:00,3051.20000,3052.00000,3034.40000,3046.20000,8164
2013-07-21 00:00:00+00:00,3048.60000,3051.00000,3048.60000,3050.80000,33
2013-07-22 00:00:00+00:00,3050.40000,3058.80000,3042.30000,3056.20000,5827
2013-07-23 00:00:00+00:00,3055.80000,3063.60000,3027.20000,3043.00000,6406
2013-07-24 00:00:00+00:00,3042.60000,3060.80000,3032.10000,3054.40000,12282
2013-07-25 00:00:00+00:00,3054.00000,3061.80000,3030.80000,3057.40000,13930
2013-07-26 00:00:00+00:00,3057.40000,3076.80000,3041.20000,3074.60000,6189
2013-07-28 00:00:00+00:00,3074.20000,3076.40000,3073.80000,3074.20000,39
2013-07-29 00:00:00+00:00,3074.60000,3081.60000,3059.90000,3071.00000,9422
2013-07-30 00:00:00+00:00,3070.60000,3097.80000,3070.60000,3087.40000,11416
2013-07-31 00:00:00+00:00,3087.00000,3108.10000,3082.40000,3094.60000,11095
2013-08-01 00:00:00+00:00,3095.20000,3126.50000,3094.20000,3120.60000,9895
2013-08-02 00:00:00+00:00,3120.20000,3140.70000,3115.40000,3140.20000,11664
2013-08-04 00:00:00+00:00,3138.80000,3139.00000,3136.20000,3137.80000,32
2013-08-05 00:00:00+00:00,3137.40000,3143.30000,3130.70000,3137.20000,7740
2013-08-06 00:00:00+00:00,3136.80000,3142.10000,3109.20000,3119.40000,9425
2013-08-07 00:00:00+00:00,3119.80000,3123.00000,3093.60000,3123.00000,12610
2013-08-08 00:00:00+00:00,3122.60000,3139.00000,3111.20000,3130.00000,8314
2013-08-09 00:00:00+00:00,3129.60000,3137.40000,3109.70000,3118.00000,10147
2013-08-11 00:00:00+00:00,3116.40000,3116.40000,3111.40000,3113.00000,71
2013-08-12 00:00:00+00:00,3112.60000,3131.70000,3096.90000,3126.80000,5359
2013-08-13 00:00:00+00:00,3126.40000,3150.20000,3107.40000,3141.20000,11425
2013-08-14 00:00:00+00:00,3140.80000,3146.20000,3108.80000,3109.40000,15446
2013-08-15 00:00:00+00:00,3109.80000,3117.00000,3068.80000,3076.80000,18855
2013-08-16 00:00:00+00:00,3077.20000,3092.30000,3070.60000,3071.40000,12919
2013-08-18 00:00:00+00:00,3068.60000,3073.20000,3067.60000,3072.80000,106
2013-08-19 00:00:00+00:00,3073.20000,3102.50000,3068.10000,3074.00000,14835
2013-08-20 00:00:00+00:00,3074.40000,3098.80000,3065.70000,3085.20000,13084
2013-08-21 00:00:00+00:00,3085.60000,3100.40000,3059.20000,3059.20000,15451
2013-08-22 00:00:00+00:00,3059.60000,3109.40000,3057.20000,3108.60000,12040
2013-08-23 00:00:00+00:00,3109.00000,3128.40000,3098.20000,3124.30000,15504
2013-08-25 00:00:00+00:00,3122.40000,3124.80000,3121.60000,3122.20000,38
2013-08-26 00:00:00+00:00,3121.60000,3148.90000,3118.60000,3120.60000,11735
2013-08-27 00:00:00+00:00,3121.00000,3125.40000,3054.20000,3060.20000,22061
2013-08-28 00:00:00+00:00,3060.60000,3085.80000,3057.60000,3068.20000,15632
2013-08-29 00:00:00+00:00,3068.60000,3110.10000,3066.80000,3095.20000,9771
2013-08-30 00:00:00+00:00,3095.60000,3104.40000,3063.10000,3082.20000,15985
2013-09-01 00:00:00+00:00,3093.80000,3099.40000,3091.80000,3098.20000,191
2013-09-02 00:00:00+00:00,3097.80000,3114.50000,3095.60000,3107.40000,3635
2013-09-03 00:00:00+00:00,3107.00000,3114.20000,3077.10000,3088.40000,21813
2013-09-04 00:00:00+00:00,3088.80000,3133.40000,3084.60000,3133.00000,16760
2013-09-05 00:00:00+00:00,3132.60000,3138.40000,3125.00000,3131.60000,9151
2013-09-06 00:00:00+00:00,3131.20000,3150.50000,3097.70000,3131.80000,11904
2013-09-08 00:00:00+00:00,3132.60000,3140.40000,3132.60000,3139.40000,98
2013-09-09 00:00:00+00:00,3139.80000,3175.80000,3136.40000,3171.60000,8547
2013-09-10 00:00:00+00:00,3171.20000,3189.80000,3168.00000,3181.80000,9837
2013-09-11 00:00:00+00:00,3181.40000,3189.00000,3160.40000,3180.80000,16396
2013-09-12 00:00:00+00:00,3181.20000,3187.10000,3170.80000,3179.00000,14453
2013-09-13 00:00:00+00:00,3179.40000,3182.80000,3161.90000,3179.20000,8308
2013-09-15 00:00:00+00:00,3205.80000,3219.40000,3204.00000,3211.40000,501
2013-09-16 00:00:00+00:00,3211.00000,3213.80000,3162.60000,3163.00000,12525
2013-09-17 00:00:00+00:00,3163.40000,3195.30000,3162.60000,3193.20000,9228
2013-09-18 00:00:00+00:00,3193.60000,3236.40000,3189.60000,3234.80000,20169
2013-09-19 00:00:00+00:00,3234.40000,3243.90000,3230.80000,3234.60000,15109
2013-09-20 00:00:00+00:00,3234.80000,3247.40000,3223.70000,3224.90000,10122
2013-09-22 00:00:00+00:00,3229.20000,3230.00000,3222.00000,3223.20000,127
2013-09-23 00:00:00+00:00,3222.80000,3242.80000,3203.80000,3216.40000,12565
2013-09-24 00:00:00+00:00,3216.80000,3236.40000,3208.60000,3219.40000,12203
2013-09-25 00:00:00+00:00,3219.80000,3226.40000,3201.60000,3209.40000,18078
2013-09-26 00:00:00+00:00,3209.60000,3241.10000,3208.80000,3236.40000,14723
2013-09-27 00:00:00+00:00,3236.00000,3236.10000,3208.60000,3230.70000,10286
2013-09-29 00:00:00+00:00,3216.40000,3216.40000,3208.40000,3212.40000,212
2013-09-30 00:00:00+00:00,3212.00000,3228.60000,3183.80000,3222.20000,16727
2013-10-01 00:00:00+00:00,3222.60000,3256.40000,3218.50000,3251.20000,11922
2013-10-02 00:00:00+00:00,3251.60000,3255.20000,3226.20000,3234.20000,11369
2013-10-03 00:00:00+00:00,3234.60000,3253.40000,3194.60000,3210.20000,32116
2013-10-04 00:00:00+00:00,3209.80000,3244.60000,3204.60000,3241.60000,16404
2013-10-06 00:00:00+00:00,3227.40000,3230.40000,3223.00000,3229.60000,227
2013-10-07 00:00:00+00:00,3229.20000,3237.40000,3206.20000,3211.40000,18417
2013-10-08 00:00:00+00:00,3211.80000,3219.40000,3149.20000,3163.20000,31052
2013-10-09 00:00:00+00:00,3163.60000,3168.80000,3115.30000,3142.20000,34046
2013-10-10 00:00:00+00:00,3142.60000,3213.90000,3141.40000,3195.60000,26268
2013-10-11 00:00:00+00:00,3196.00000,3234.80000,3194.40000,3231.90000,21056
2013-10-13 00:00:00+00:00,3204.80000,3214.80000,3201.40000,3214.80000,398
2013-10-14 00:00:00+00:00,3214.20000,3263.20000,3207.60000,3263.20000,17935
2013-10-15 00:00:00+00:00,3262.80000,3267.90000,3238.60000,3260.80000,30594
2013-10-16 00:00:00+00:00,3260.40000,3280.70000,3246.70000,3271.40000,17539
2013-10-17 00:00:00+00:00,3271.80000,3322.80000,3259.70000,3320.40000,16702
2013-10-18 00:00:00+00:00,3320.00000,3352.30000,3315.70000,3348.10000,16123
2013-10-20 00:00:00+00:00,3348.60000,3352.00000,3347.00000,3352.00000,78
2013-10-21 00:00:00+00:00,3352.40000,3366.30000,3347.70000,3359.40000,15476
2013-10-22 00:00:00+00:00,3359.00000,3381.30000,3342.30000,3358.20000,22119
2013-10-23 00:00:00+00:00,3358.80000,3359.20000,3326.60000,3346.40000,23206
2013-10-24 00:00:00+00:00,3346.80000,3383.60000,3339.60000,3380.40000,20096
2013-10-25 00:00:00+00:00,3380.00000,3396.80000,3365.40000,3380.00000,16541
2013-10-27 00:00:00+00:00,3378.70000,3387.80000,3376.10000,3386.60000,356
2013-10-28 00:00:00+00:00,3386.30000,3393.40000,3364.60000,3376.40000,17923
2013-10-29 00:00:00+00:00,3376.00000,3395.70000,3372.40000,3390.60000,11854
2013-10-30 00:00:00+00:00,3390.20000,3405.20000,3368.40000,3376.00000,19862
2013-10-31 00:00:00+00:00,3375.60000,3397.60000,3364.60000,3378.60000,20894
2013-11-01 00:00:00+00:00,3379.00000,3391.80000,3360.90000,3372.30000,14622
2013-11-03 00:00:00+00:00,3370.10000,3372.60000,3370.10000,3371.80000,108
2013-11-04 00:00:00+00:00,3372.10000,3390.40000,3369.80000,3381.80000,13534
2013-11-05 00:00:00+00:00,3382.20000,3393.30000,3358.80000,3382.40000,13272
2013-11-06 00:00:00+00:00,3382.80000,3401.00000,3371.60000,3373.00000,14363
2013-11-07 00:00:00+00:00,3373.40000,3389.90000,3317.10000,3325.80000,29372
2013-11-08 00:00:00+00:00,3325.40000,3365.80000,3313.10000,3363.30000,15253
2013-11-10 00:00:00+00:00,3363.20000,3363.80000,3357.60000,3362.40000,179
2013-11-11 00:00:00+00:00,3362.10000,3368.10000,3348.30000,3358.00000,15569
2013-11-12 00:00:00+00:00,3358.40000,3369.30000,3346.60000,3365.00000,16498
2013-11-13 00:00:00+00:00,3365.00000,3409.20000,3340.70000,3401.00000,16752
2013-11-14 00:00:00+00:00,3400.60000,3418.30000,3389.40000,3412.60000,19651
2013-11-15 00:00:00+00:00,3412.20000,3423.90000,3407.80000,3419.80000,15868
2013-11-17 00:00:00+00:00,3418.70000,3422.70000,3418.20000,3419.70000,103
2013-11-18 00:00:00+00:00,3419.40000,3427.90000,3382.30000,3388.20000,16301
2013-11-19 00:00:00+00:00,3387.80000,3402.70000,3372.80000,3383.80000,12093
2013-11-20 00:00:00+00:00,3383.40000,3400.60000,3360.40000,3370.40000,16368
2013-11-21 00:00:00+00:00,3370.00000,3407.80000,3362.10000,3406.80000,15803
2013-11-22 00:00:00+00:00,3406.40000,3424.60000,3401.80000,3422.60000,17540
2013-11-24 00:00:00+00:00,3423.20000,3436.70000,3422.20000,3432.80000,430
2013-11-25 00:00:00+00:00,3433.20000,3439.10000,3422.60000,3430.20000,11094
2013-11-26 00:00:00+00:00,3430.60000,3457.60000,3424.30000,3448.60000,12099
2013-11-27 00:00:00+00:00,3448.20000,3475.00000,3447.60000,3473.80000,9990
2013-11-28 00:00:00+00:00,3473.40000,3485.80000,3473.40000,3483.20000,1520
2013-11-29 00:00:00+00:00,3483.20000,3497.90000,3482.20000,3492.90000,5718
2013-12-01 00:00:00+00:00,3495.60000,3496.70000,3493.40000,3493.40000,113
2013-12-02 00:00:00+00:00,3493.70000,3502.40000,3478.10000,3486.40000,14052
2013-12-03 00:00:00+00:00,3486.80000,3489.80000,3467.40000,3478.00000,18940
2013-12-04 00:00:00+00:00,3478.40000,3495.20000,3454.70000,3482.60000,20708
2013-12-05 00:00:00+00:00,3482.60000,3492.90000,3469.90000,3478.80000,27777
2013-12-06 00:00:00+00:00,3478.40000,3511.80000,3478.40000,3506.30000,23985
2013-12-08 00:00:00+00:00,3509.70000,3514.40000,3509.40000,3513.20000,193
2013-12-09 00:00:00+00:00,3512.90000,3525.40000,3507.40000,3520.40000,9800
2013-12-10 00:00:00+00:00,3520.00000,3525.10000,3508.60000,3518.80000,9066
2013-12-11 00:00:00+00:00,3518.40000,3523.00000,3465.70000,3474.60000,13264
2013-12-12 00:00:00+00:00,3475.00000,3480.80000,3456.80000,3462.20000,10278
2013-12-13 00:00:00+00:00,3461.80000,3479.80000,3451.30000,3458.60000,14489
2013-12-15 00:00:00+00:00,3459.40000,3462.80000,3458.60000,3462.10000,161
2013-12-16 00:00:00+00:00,3461.80000,3496.90000,3435.60000,3473.00000,12468
2013-12-17 00:00:00+00:00,3472.60000,3484.60000,3462.20000,3468.20000,12517
2013-12-18 00:00:00+00:00,3467.80000,3518.20000,3423.10000,3516.40000,28185
2013-12-19 00:00:00+00:00,3516.00000,3516.00000,3483.80000,3499.20000,11873
2013-12-20 00:00:00+00:00,3499.60000,3542.80000,3499.40000,3538.40000,7952
2013-12-22 00:00:00+00:00,3546.90000,3552.40000,3546.90000,3551.70000,130
2013-12-23 00:00:00+00:00,3551.90000,3573.00000,3551.40000,3570.00000,10142
2013-12-24 00:00:00+00:00,3569.60000,3576.10000,3566.60000,3575.10000,4576
2013-12-26 00:00:00+00:00,3577.10000,3588.80000,3573.70000,3586.00000,4526
2013-12-27 00:00:00+00:00,3586.20000,3592.70000,3572.10000,3577.70000,8426
2013-12-29 00:00:00+00:00,3574.80000,3576.30000,3573.10000,3575.60000,86
2013-12-30 00:00:00+00:00,3575.80000,3578.60000,3561.10000,3572.00000,3833
2013-12-31 00:00:00+00:00,3572.00000,3593.20000,3570.00000,3588.90000,2919
2014-01-02 00:00:00+00:00,3580.30000,3583.60000,3554.20000,3565.40000,13786
2014-01-03 00:00:00+00:00,3565.80000,3571.40000,3536.40000,3536.70000,8776
2014-01-05 00:00:00+00:00,3535.80000,3544.80000,3535.80000,3542.80000,98
2014-01-06 00:00:00+00:00,3543.10000,3544.20000,3510.40000,3523.40000,10210
2014-01-07 00:00:00+00:00,3523.80000,3561.70000,3523.40000,3551.80000,12825
2014-01-08 00:00:00+00:00,3551.40000,3574.20000,3548.60000,3565.00000,14084
2014-01-09 00:00:00+00:00,3565.00000,3581.40000,3540.00000,3554.40000,14906
2014-01-10 00:00:00+00:00,3554.40000,3576.30000,3534.20000,3565.50000,16013
2014-01-12 00:00:00+00:00,3566.80000,3566.80000,3564.40000,3565.20000,61
2014-01-13 00:00:00+00:00,3564.90000,3570.80000,3496.70000,3514.80000,14923
2014-01-14 00:00:00+00:00,3514.40000,3580.30000,3507.30000,3579.80000,11233
2014-01-15 00:00:00+00:00,3579.80000,3614.20000,3575.00000,3604.80000,11642
2014-01-16 00:00:00+00:00,3604.40000,3612.20000,3596.00000,3597.60000,11820
2014-01-17 00:00:00+00:00,3598.00000,3612.80000,3578.30000,3588.80000,12489
2014-01-19 00:00:00+00:00,3588.30000,3590.90000,3586.10000,3590.20000,86
2014-01-20 00:00:00+00:00,3589.90000,3592.70000,3581.40000,3592.00000,1825
2014-01-21 00:00:00+00:00,3591.60000,3615.70000,3583.30000,3610.00000,15605
2014-01-22 00:00:00+00:00,3610.40000,3638.80000,3608.80000,3638.00000,15139
2014-01-23 00:00:00+00:00,3637.60000,3638.60000,3585.30000,3615.40000,13028
2014-01-24 00:00:00+00:00,3615.80000,3624.60000,3536.30000,3537.10000,32642
2014-01-26 00:00:00+00:00,3534.10000,3536.50000,3523.70000,3531.90000,706
2014-01-27 00:00:00+00:00,3531.70000,3548.10000,3471.40000,3478.40000,36446
2014-01-28 00:00:00+00:00,3478.00000,3528.20000,3476.40000,3516.60000,18657
2014-01-29 00:00:00+00:00,3517.20000,3531.90000,3457.40000,3491.80000,100986
2014-01-30 00:00:00+00:00,3491.70000,3540.20000,3474.20000,3521.50000,77539
2014-01-31 00:00:00+00:00,3521.40000,3535.60000,3482.40000,3522.90000,96538
2014-02-02 00:00:00+00:00,3520.50000,3532.40000,3518.40000,3530.90000,1052
2014-02-03 00:00:00+00:00,3530.80000,3532.00000,3428.20000,3445.20000,112706
2014-02-04 00:00:00+00:00,3445.20000,3476.20000,3434.40000,3456.50000,83749
2014-02-05 00:00:00+00:00,3456.40000,3465.80000,3414.80000,3453.60000,94925
2014-02-06 00:00:00+00:00,3453.40000,3502.00000,3450.60000,3493.80000,71748
2014-02-07 00:00:00+00:00,3493.80000,3562.20000,3482.10000,3560.40000,78212
2014-02-09 00:00:00+00:00,3563.80000,3566.00000,3561.00000,3561.60000,768
2014-02-10 00:00:00+00:00,3561.50000,3583.40000,3552.80000,3581.80000,48146
2014-02-11 00:00:00+00:00,3581.80000,3628.20000,3581.70000,3614.40000,60539
2014-02-12 00:00:00+00:00,3614.60000,3635.80000,3613.00000,3622.70000,53234
2014-02-13 00:00:00+00:00,3622.70000,3658.20000,3599.20000,3651.80000,53552
2014-02-14 00:00:00+00:00,3651.90000,3670.00000,3640.40000,3662.80000,52655
2014-02-16 00:00:00+00:00,3661.70000,3666.40000,3661.10000,3664.90000,584
2014-02-17 00:00:00+00:00,3664.80000,3674.50000,3658.60000,3666.60000,10981
2014-02-18 00:00:00+00:00,3666.80000,3686.60000,3655.90000,3672.30000,42574
2014-02-19 00:00:00+00:00,3672.20000,3681.40000,3647.40000,3658.30000,53031
2014-02-20 00:00:00+00:00,3658.40000,3678.60000,3640.20000,3672.60000,62663
2014-02-21 00:00:00+00:00,3672.80000,3688.60000,3662.60000,3666.60000,51126
2014-02-23 00:00:00+00:00,3668.00000,3669.70000,3665.60000,3667.60000,520
2014-02-24 00:00:00+00:00,3667.70000,3703.00000,3656.40000,3688.80000,48534
2014-02-25 00:00:00+00:00,3688.80000,3698.80000,3670.20000,3691.40000,55360
2014-02-26 00:00:00+00:00,3691.40000,3703.50000,3663.90000,3681.60000,58012
2014-02-27 00:00:00+00:00,3681.60000,3707.90000,3662.80000,3700.90000,41071
2014-02-28 00:00:00+00:00,3700.70000,3723.70000,3666.40000,3699.00000,57374
2014-03-02 00:00:00+00:00,3675.60000,3677.00000,3663.60000,3667.40000,2942
2014-03-03 00:00:00+00:00,3667.40000,3680.80000,3638.20000,3673.60000,104175
2014-03-04 00:00:00+00:00,3673.40000,3724.20000,3672.50000,3717.80000,79233
2014-03-05 00:00:00+00:00,3717.70000,3733.40000,3713.40000,3730.40000,46906
2014-03-06 00:00:00+00:00,3730.30000,3738.10000,3710.30000,3725.10000,47906
2014-03-07 00:00:00+00:00,3725.20000,3741.30000,3686.70000,3706.50000,75314
2014-03-09 00:00:00+00:00,3700.40000,3704.10000,3699.20000,3700.90000,717
2014-03-10 00:00:00+00:00,3700.90000,3712.70000,3684.90000,3707.60000,55345
2014-03-11 00:00:00+00:00,3707.70000,3727.10000,3681.90000,3686.80000,65892
2014-03-12 00:00:00+00:00,3686.60000,3713.10000,3662.20000,3712.80000,61680
2014-03-13 00:00:00+00:00,3713.00000,3723.20000,3636.90000,3655.10000,67904
2014-03-14 00:00:00+00:00,3655.20000,3662.10000,3626.70000,3628.10000,93225
2014-03-16 00:00:00+00:00,3629.60000,3631.10000,3609.30000,3621.90000,2634
2014-03-17 00:00:00+00:00,3621.90000,3680.20000,3620.90000,3659.90000,71917
2014-03-18 00:00:00+00:00,3659.90000,3709.30000,3647.00000,3704.80000,65327
2014-03-19 00:00:00+00:00,3704.70000,3712.40000,3659.40000,3684.40000,77445
2014-03-20 00:00:00+00:00,3684.40000,3704.90000,3664.40000,3696.60000,71690
2014-03-21 00:00:00+00:00,3696.60000,3719.90000,3640.60000,3647.40000,77394
2014-03-23 00:00:00+00:00,3645.20000,3649.30000,3643.40000,3647.20000,712
2014-03-24 00:00:00+00:00,3647.40000,3663.60000,3582.10000,3621.10000,89028
2014-03-25 00:00:00+00:00,3621.10000,3658.60000,3597.60000,3636.80000,85083
2014-03-26 00:00:00+00:00,3636.60000,3654.00000,3577.30000,3583.20000,88840
2014-03-27 00:00:00+00:00,3583.20000,3591.70000,3541.40000,3564.10000,115083
2014-03-28 00:00:00+00:00,3563.90000,3607.40000,3557.80000,3570.40000,72697
2014-03-30 00:00:00+00:00,3581.00000,3586.20000,3580.50000,3586.00000,1175
2014-03-31 00:00:00+00:00,3585.90000,3617.20000,3579.90000,3587.70000,65032
2014-04-01 00:00:00+00:00,3587.70000,3658.50000,3584.40000,3655.50000,53698
2014-04-02 00:00:00+00:00,3655.60000,3674.40000,3648.60000,3661.10000,56513
2014-04-03 00:00:00+00:00,3660.90000,3675.10000,3615.00000,3640.70000,62002
2014-04-04 00:00:00+00:00,3640.50000,3663.50000,3528.50000,3544.40000,126229
2014-04-06 00:00:00+00:00,3546.00000,3546.90000,3535.90000,3537.30000,1887
2014-04-07 00:00:00+00:00,3537.20000,3548.10000,3480.00000,3509.20000,126925
2014-04-08 00:00:00+00:00,3509.00000,3541.30000,3496.10000,3535.80000,102143
2014-04-09 00:00:00+00:00,3535.80000,3601.10000,3531.90000,3600.90000,76493
2014-04-10 00:00:00+00:00,3600.90000,3604.70000,3475.40000,3486.30000,129611
2014-04-11 00:00:00+00:00,3486.30000,3498.70000,3436.40000,3449.00000,157459
2014-04-13 00:00:00+00:00,3438.30000,3441.80000,3430.30000,3441.00000,2118
2014-04-14 00:00:00+00:00,3441.00000,3489.70000,3433.90000,3475.60000,109242
2014-04-15 00:00:00+00:00,3475.40000,3505.90000,3409.90000,3501.00000,174137
2014-04-16 00:00:00+00:00,3500.80000,3529.10000,3484.40000,3505.30000,127291
2014-04-17 00:00:00+00:00,3505.30000,3547.20000,3497.30000,3528.60000,79111
2014-04-20 00:00:00+00:00,3530.80000,3539.80000,3529.80000,3537.80000,1008
2014-04-21 00:00:00+00:00,3537.80000,3559.30000,3521.30000,3558.50000,35389
2014-04-22 00:00:00+00:00,3558.50000,3592.80000,3550.10000,3587.70000,51972
2014-04-23 00:00:00+00:00,3587.80000,3603.60000,3550.40000,3598.60000,69153
2014-04-24 00:00:00+00:00,3598.40000,3622.70000,3548.30000,3590.00000,97596
2014-04-25 00:00:00+00:00,3590.10000,3594.10000,3520.70000,3533.30000,93476
2014-04-27 00:00:00+00:00,3539.40000,3539.40000,3532.10000,3533.50000,888
2014-04-28 00:00:00+00:00,3533.50000,3566.30000,3484.60000,3549.40000,121092
2014-04-29 00:00:00+00:00,3549.40000,3575.20000,3533.90000,3559.50000,83667
2014-04-30 00:00:00+00:00,3559.40000,3583.00000,3542.60000,3582.30000,88971
2014-05-01 00:00:00+00:00,3582.10000,3609.10000,3574.50000,3592.40000,39862
2014-05-02 00:00:00+00:00,3592.60000,3607.90000,3573.30000,3582.90000,95195
2014-05-04 00:00:00+00:00,3584.60000,3586.20000,3579.60000,3583.60000,1157
2014-05-05 00:00:00+00:00,3583.80000,3601.30000,3551.50000,3597.00000,65909
2014-05-06 00:00:00+00:00,3596.80000,3607.00000,3550.00000,3553.80000,68369
2014-05-07 00:00:00+00:00,3553.80000,3569.90000,3500.80000,3539.30000,102592
2014-05-08 00:00:00+00:00,3539.10000,3582.70000,3521.70000,3535.80000,89739
2014-05-09 00:00:00+00:00,3535.80000,3555.10000,3513.60000,3552.50000,87464
2014-05-11 00:00:00+00:00,3552.00000,3559.00000,3552.00000,3556.60000,1030
2014-05-12 00:00:00+00:00,3556.60000,3615.50000,3555.30000,3615.40000,48870
2014-05-13 00:00:00+00:00,3615.60000,3627.00000,3606.50000,3610.40000,62732
2014-05-14 00:00:00+00:00,3610.60000,3617.60000,3586.40000,3600.00000,62913
2014-05-15 00:00:00+00:00,3600.00000,3609.60000,3543.00000,3567.90000,101934
2014-05-16 00:00:00+00:00,3567.60000,3591.80000,3545.70000,3586.00000,86043
2014-05-18 00:00:00+00:00,3590.60000,3593.00000,3590.00000,3590.60000,673
2014-05-19 00:00:00+00:00,3590.60000,3619.80000,3567.80000,3611.60000,64506
2014-05-20 00:00:00+00:00,3611.60000,3625.80000,3586.60000,3597.40000,81629
2014-05-21 00:00:00+00:00,3597.20000,3637.90000,3595.60000,3635.80000,67680
2014-05-22 00:00:00+00:00,3635.90000,3661.80000,3633.60000,3651.20000,50135
2014-05-23 00:00:00+00:00,3651.00000,3679.00000,3647.20000,3678.00000,35364
2014-05-25 00:00:00+00:00,3683.40000,3687.00000,3681.80000,3682.60000,739
2014-05-26 00:00:00+00:00,3682.80000,3694.20000,3679.60000,3689.20000,5604
2014-05-27 00:00:00+00:00,3689.00000,3724.60000,3687.80000,3722.60000,45633
2014-05-28 00:00:00+00:00,3722.40000,3731.90000,3709.40000,3716.70000,50876
2014-05-29 00:00:00+00:00,3716.60000,3738.80000,3715.40000,3736.80000,42950
2014-05-30 00:00:00+00:00,3736.60000,3742.00000,3716.60000,3733.60000,49774
2014-06-01 00:00:00+00:00,3736.00000,3736.80000,3731.40000,3732.20000,413
2014-06-02 00:00:00+00:00,3732.40000,3742.80000,3709.00000,3727.60000,52811
2014-06-03 00:00:00+00:00,3727.60000,3737.00000,3715.20000,3733.40000,47427
2014-06-04 00:00:00+00:00,3733.20000,3750.60000,3715.40000,3743.00000,40684
2014-06-05 00:00:00+00:00,3743.00000,3783.20000,3735.20000,3780.00000,66757
2014-06-06 00:00:00+00:00,3779.80000,3799.40000,3777.20000,3799.00000,55575
2014-06-08 00:00:00+00:00,3800.00000,3800.20000,3798.00000,3798.40000,322
2014-06-09 00:00:00+00:00,3798.40000,3803.60000,3784.00000,3793.80000,30388
2014-06-10 00:00:00+00:00,3793.80000,3803.80000,3785.60000,3798.80000,37282
2014-06-11 00:00:00+00:00,3798.60000,3805.20000,3780.20000,3800.20000,40020
2014-06-12 00:00:00+00:00,3799.80000,3807.00000,3752.20000,3772.00000,53695
2014-06-13 00:00:00+00:00,3772.20000,3786.20000,3760.40000,3777.00000,33338
2014-06-15 00:00:00+00:00,3775.60000,3776.60000,3763.20000,3766.40000,954
2014-06-16 00:00:00+00:00,3766.40000,3790.60000,3757.60000,3781.60000,48499
2014-06-17 00:00:00+00:00,3781.60000,3792.20000,3770.20000,3779.80000,52867
2014-06-18 00:00:00+00:00,3779.80000,3807.20000,3762.80000,3802.30000,56512
2014-06-19 00:00:00+00:00,3802.20000,3810.20000,3781.20000,3793.00000,44824
2014-06-20 00:00:00+00:00,3792.80000,3806.20000,3791.60000,3801.00000,32314
2014-06-22 00:00:00+00:00,3798.40000,3799.80000,3797.80000,3799.80000,254
2014-06-23 00:00:00+00:00,3799.80000,3813.60000,3792.00000,3799.40000,39400
2014-06-24 00:00:00+00:00,3799.20000,3834.40000,3787.80000,3799.00000,42170
2014-06-25 00:00:00+00:00,3799.00000,3830.20000,3789.60000,3821.20000,56328
2014-06-26 00:00:00+00:00,3821.20000,3828.40000,3795.40000,3824.00000,57979
2014-06-27 00:00:00+00:00,3824.00000,3844.00000,3814.60000,3838.00000,44082
2014-06-29 00:00:00+00:00,3838.00000,3841.80000,3837.40000,3840.80000,324
2014-06-30 00:00:00+00:00,3840.80000,3857.20000,3834.20000,3852.60000,38948
2014-07-01 00:00:00+00:00,3853.00000,3900.60000,3851.60000,3892.60000,38881
2014-07-02 00:00:00+00:00,3892.60000,3902.40000,3889.20000,3895.80000,37607
2014-07-03 00:00:00+00:00,3895.80000,3923.80000,3894.20000,3922.00000,33793
2014-07-04 00:00:00+00:00,3922.00000,3922.40000,3917.60000,3919.80000,3873
2014-07-06 00:00:00+00:00,3918.40000,3920.60000,3918.40000,3920.20000,167
2014-07-07 00:00:00+00:00,3920.20000,3921.40000,3901.80000,3908.40000,43864
2014-07-08 00:00:00+00:00,3908.60000,3912.20000,3847.00000,3868.20000,63628
2014-07-09 00:00:00+00:00,3868.40000,3896.00000,3862.40000,3891.40000,62299
2014-07-10 00:00:00+00:00,3891.20000,3894.80000,3837.00000,3880.20000,88019
2014-07-11 00:00:00+00:00,3880.20000,3904.20000,3877.20000,3903.60000,59696
2014-07-13 00:00:00+00:00,3903.20000,3908.60000,3903.00000,3907.20000,621
2014-07-14 00:00:00+00:00,3907.20000,3935.80000,3907.00000,3926.80000,39610
2014-07-15 00:00:00+00:00,3927.00000,3938.80000,3885.20000,3921.20000,82649
2014-07-16 00:00:00+00:00,3921.20000,3946.00000,3919.00000,3924.00000,53386
2014-07-17 00:00:00+00:00,3924.00000,3932.40000,3859.00000,3873.00000,104285
2014-07-18 00:00:00+00:00,3873.00000,3940.60000,3871.20000,3936.60000,70541
2014-07-20 00:00:00+00:00,3934.20000,3935.40000,3931.40000,3935.20000,360
2014-07-21 00:00:00+00:00,3935.20000,3939.00000,3914.60000,3929.80000,66238
2014-07-22 00:00:00+00:00,3929.80000,3964.00000,3929.60000,3950.80000,55588
2014-07-23 00:00:00+00:00,3950.60000,3987.60000,3949.40000,3984.00000,55751
2014-07-24 00:00:00+00:00,3983.80000,3995.60000,3963.20000,3965.40000,55260
2014-07-25 00:00:00+00:00,3965.40000,3969.80000,3941.80000,3961.60000,54947
2014-07-27 00:00:00+00:00,3960.40000,3962.40000,3951.00000,3953.70000,740
2014-07-28 00:00:00+00:00,3953.80000,3974.60000,3933.20000,3963.20000,68178
2014-07-29 00:00:00+00:00,3963.20000,3981.40000,3952.40000,3961.40000,69781
2014-07-30 00:00:00+00:00,3961.40000,3987.20000,3957.00000,3971.00000,99502
2014-07-31 00:00:00+00:00,3970.80000,3973.00000,3885.60000,3899.70000,122407
2014-08-01 00:00:00+00:00,3900.20000,3904.80000,3851.00000,3878.80000,141446
2014-08-03 00:00:00+00:00,3879.00000,3884.40000,3878.20000,3881.20000,608
2014-08-04 00:00:00+00:00,3881.20000,3919.00000,3870.60000,3899.00000,86353
2014-08-05 00:00:00+00:00,3899.10000,3903.40000,3855.20000,3880.00000,117499
2014-08-06 00:00:00+00:00,3880.00000,3894.60000,3845.40000,3875.80000,104433
2014-08-07 00:00:00+00:00,3875.80000,3895.60000,3844.20000,3858.60000,122022
2014-08-08 00:00:00+00:00,3858.80000,3890.00000,3829.80000,3877.40000,118506
2014-08-10 00:00:00+00:00,3877.40000,3888.40000,3877.40000,3885.50000,1217
2014-08-11 00:00:00+00:00,3885.40000,3920.60000,3879.40000,3910.00000,54780
2014-08-12 00:00:00+00:00,3910.20000,3920.40000,3886.40000,3908.00000,69523
2014-08-13 00:00:00+00:00,3908.00000,3952.00000,3905.40000,3947.00000,52272
2014-08-14 00:00:00+00:00,3947.00000,3977.20000,3942.40000,3972.40000,49562
2014-08-15 00:00:00+00:00,3972.40000,3997.40000,3950.00000,3988.40000,101140
2014-08-17 00:00:00+00:00,3997.20000,4004.00000,3997.20000,4001.20000,854
2014-08-18 00:00:00+00:00,4001.00000,4021.80000,3994.80000,4019.60000,40410
2014-08-19 00:00:00+00:00,4019.60000,4042.80000,4019.40000,4036.40000,36787
2014-08-20 00:00:00+00:00,4036.60000,4049.00000,4031.20000,4045.60000,42725
2014-08-21 00:00:00+00:00,4045.40000,4051.20000,4035.00000,4050.40000,41890
2014-08-22 00:00:00+00:00,4050.40000,4063.00000,4038.80000,4056.40000,63660
2014-08-25 00:00:00+00:00,4058.00000,4080.40000,4058.00000,4067.90000,33996
2014-08-26 00:00:00+00:00,4067.80000,4077.60000,4063.60000,4075.20000,35251
2014-08-27 00:00:00+00:00,4075.00000,4078.80000,4065.40000,4073.40000,30307
2014-08-28 00:00:00+00:00,4073.40000,4077.40000,4056.00000,4075.40000,47762
2014-08-29 00:00:00+00:00,4075.60000,4087.40000,4063.60000,4083.60000,32817
2014-08-31 00:00:00+00:00,4080.20000,4082.80000,4079.40000,4082.60000,401
2014-09-01 00:00:00+00:00,4083.00000,4086.20000,4077.20000,4084.20000,12237
2014-09-02 00:00:00+00:00,4084.20000,4097.00000,4079.20000,4093.80000,38545
2014-09-03 00:00:00+00:00,4094.00000,4115.20000,4063.80000,4072.00000,57606
2014-09-04 00:00:00+00:00,4072.00000,4102.00000,4057.60000,4071.60000,62435
2014-09-05 00:00:00+00:00,4071.60000,4090.40000,4053.20000,4087.40000,68414
2014-09-07 00:00:00+00:00,4087.80000,4088.10000,4084.60000,4088.00000,656
2014-09-08 00:00:00+00:00,4088.00000,4105.80000,4076.40000,4093.40000,42162
2014-09-09 00:00:00+00:00,4093.40000,4111.20000,4053.80000,4062.00000,108099
2014-09-10 00:00:00+00:00,4062.20000,4096.80000,4055.20000,4092.80000,70883
2014-09-11 00:00:00+00:00,4092.80000,4097.40000,4060.80000,4092.80000,63481
2014-09-12 00:00:00+00:00,4092.90000,4095.00000,4057.40000,4070.60000,54464
2014-09-14 00:00:00+00:00,4058.80000,4062.60000,4051.60000,4054.20000,525
2014-09-15 00:00:00+00:00,4054.40000,4076.60000,4018.40000,4035.60000,37251
2014-09-16 00:00:00+00:00,4035.60000,4074.40000,4012.40000,4065.60000,56536
2014-09-17 00:00:00+00:00,4065.60000,4092.10000,4047.40000,4074.40000,68100
2014-09-18 00:00:00+00:00,4074.50000,4114.80000,4069.10000,4110.60000,49727
2014-09-19 00:00:00+00:00,4110.60000,4126.60000,4084.00000,4102.60000,64904
2014-09-21 00:00:00+00:00,4098.50000,4099.40000,4093.60000,4099.20000,997
2014-09-22 00:00:00+00:00,4099.00000,4100.00000,4043.40000,4055.40000,71286
2014-09-23 00:00:00+00:00,4055.40000,4068.40000,4035.20000,4046.20000,70475
2014-09-24 00:00:00+00:00,4046.40000,4097.40000,4040.40000,4094.40000,62500
2014-09-25 00:00:00+00:00,4094.40000,4096.00000,4005.40000,4019.20000,96755
2014-09-26 00:00:00+00:00,4019.20000,4057.80000,4009.00000,4054.60000,82997
2014-09-28 00:00:00+00:00,4052.80000,4053.00000,4045.60000,4046.10000,612
2014-09-29 00:00:00+00:00,4046.00000,4058.00000,4005.20000,4042.00000,52101
2014-09-30 00:00:00+00:00,4042.20000,4071.60000,4031.20000,4042.40000,49975
2014-10-01 00:00:00+00:00,4042.40000,4052.60000,3972.00000,3988.80000,62621
2014-10-02 00:00:00+00:00,3988.80000,4001.20000,3934.60000,3985.80000,79876
2014-10-03 00:00:00+00:00,3986.00000,4041.20000,3985.60000,4022.60000,39313
2014-10-05 00:00:00+00:00,4022.20000,4031.80000,4022.00000,4030.60000,797
2014-10-06 00:00:00+00:00,4030.60000,4046.60000,4002.60000,4010.30000,111336
2014-10-07 00:00:00+00:00,4010.40000,4016.60000,3954.20000,3963.40000,129152
2014-10-08 00:00:00+00:00,3963.60000,4048.00000,3936.60000,4034.40000,146257
2014-10-09 00:00:00+00:00,4034.20000,4053.80000,3947.40000,3954.50000,215521
2014-10-10 00:00:00+00:00,3954.50000,3972.80000,3860.30000,3866.00000,234588
2014-10-12 00:00:00+00:00,3854.00000,3855.00000,3832.20000,3843.70000,3416
2014-10-13 00:00:00+00:00,3843.60000,3891.40000,3797.90000,3813.80000,134013
2014-10-14 00:00:00+00:00,3813.80000,3858.00000,3798.20000,3833.20000,141624
2014-10-15 00:00:00+00:00,3833.40000,3835.20000,3696.40000,3755.40000,206818
2014-10-16 00:00:00+00:00,3755.40000,3791.50000,3689.20000,3760.00000,214891
2014-10-17 00:00:00+00:00,3760.00000,3845.50000,3747.10000,3804.90000,115058
2014-10-19 00:00:00+00:00,3818.80000,3837.50000,3818.20000,3829.80000,2931
2014-10-20 00:00:00+00:00,3830.00000,3887.70000,3798.10000,3872.20000,172512
2014-10-21 00:00:00+00:00,3872.10000,3980.80000,3850.80000,3972.50000,151860
2014-10-22 00:00:00+00:00,3972.50000,3988.00000,3944.40000,3956.10000,167579
2014-10-23 00:00:00+00:00,3956.10000,4029.30000,3944.50000,4005.20000,152623
2014-10-24 00:00:00+00:00,4005.20000,4043.10000,3975.60000,4039.80000,148476
2014-10-26 00:00:00+00:00,4040.40000,4047.40000,4040.00000,4047.10000,708
2014-10-27 00:00:00+00:00,4047.20000,4054.20000,4014.10000,4044.90000,74508
2014-10-28 00:00:00+00:00,4045.00000,4103.90000,4042.30000,4078.60000,56684
2014-10-29 00:00:00+00:00,4078.40000,4100.50000,4059.20000,4073.50000,79121
2014-10-30 00:00:00+00:00,4073.20000,4106.70000,4047.40000,4100.00000,85740
2014-10-31 00:00:00+00:00,4100.20000,4167.70000,4095.70000,4149.60000,72298
2014-11-02 00:00:00+00:00,4151.60000,4155.00000,4149.80000,4153.40000,932
2014-11-03 00:00:00+00:00,4153.50000,4177.50000,4145.90000,4158.00000,55684
2014-11-04 00:00:00+00:00,4158.20000,4168.30000,4123.80000,4145.20000,66298
2014-11-05 00:00:00+00:00,4145.50000,4180.00000,4137.70000,4146.80000,65616
2014-11-06 00:00:00+00:00,4146.90000,4170.90000,4133.90000,4169.90000,67363
2014-11-07 00:00:00+00:00,4170.00000,4183.00000,4139.50000,4156.50000,58685
2014-11-09 00:00:00+00:00,4154.80000,4158.00000,4151.80000,4157.40000,467
2014-11-10 00:00:00+00:00,4157.20000,4181.80000,4147.50000,4171.10000,43826
2014-11-11 00:00:00+00:00,4170.90000,4189.60000,4165.20000,4185.10000,32698
2014-11-12 00:00:00+00:00,4185.40000,4201.90000,4169.70000,4196.00000,41859
2014-11-13 00:00:00+00:00,4196.10000,4230.10000,4194.50000,4210.90000,57702
2014-11-14 00:00:00+00:00,4211.00000,4227.00000,4198.90000,4225.90000,57226
2014-11-16 00:00:00+00:00,4225.90000,4226.80000,4219.50000,4220.60000,580
2014-11-17 00:00:00+00:00,4220.40000,4226.90000,4194.50000,4214.10000,53358
2014-11-18 00:00:00+00:00,4214.00000,4251.40000,4205.60000,4240.50000,41486
2014-11-19 00:00:00+00:00,4240.60000,4244.90000,4207.00000,4229.10000,51488
2014-11-20 00:00:00+00:00,4229.40000,4250.70000,4204.40000,4244.20000,44216
2014-11-21 00:00:00+00:00,4243.90000,4286.90000,4239.80000,4251.30000,56442
2014-11-23 00:00:00+00:00,4252.80000,4256.60000,4251.60000,4252.60000,395
2014-11-24 00:00:00+00:00,4252.80000,4288.60000,4250.30000,4286.70000,32892
2014-11-25 00:00:00+00:00,4286.70000,4305.30000,4279.00000,4295.70000,37923
2014-11-26 00:00:00+00:00,4296.00000,4325.70000,4292.40000,4321.90000,31713
2014-11-27 00:00:00+00:00,4321.80000,4333.80000,4314.40000,4329.40000,8846
2014-11-28 00:00:00+00:00,4329.30000,4349.80000,4320.50000,4341.00000,28304
2014-11-30 00:00:00+00:00,4332.00000,4334.60000,4318.80000,4323.80000,2251
2014-12-01 00:00:00+00:00,4324.90000,4337.00000,4275.10000,4290.00000,69220
2014-12-02 00:00:00+00:00,4289.90000,4316.00000,4286.70000,4312.00000,52531
2014-12-03 00:00:00+00:00,4312.00000,4321.30000,4288.80000,4314.40000,36990
2014-12-04 00:00:00+00:00,4314.60000,4329.70000,4294.70000,4314.40000,52151
2014-12-05 00:00:00+00:00,4314.30000,4327.80000,4304.00000,4315.50000,41244
2014-12-07 00:00:00+00:00,4314.80000,4317.60000,4313.40000,4315.00000,386
2014-12-08 00:00:00+00:00,4315.20000,4321.20000,4259.80000,4285.20000,48809
2014-12-09 00:00:00+00:00,4285.30000,4299.20000,4217.70000,4293.40000,70655
2014-12-10 00:00:00+00:00,4293.60000,4298.90000,4219.90000,4228.20000,141978
2014-12-11 00:00:00+00:00,4228.00000,4298.80000,4220.80000,4233.90000,78992
2014-12-12 00:00:00+00:00,4234.20000,4255.40000,4188.70000,4192.30000,85137
2014-12-14 00:00:00+00:00,4190.60000,4195.70000,4184.00000,4187.30000,1115
2014-12-15 00:00:00+00:00,4187.40000,4237.90000,4145.20000,4168.80000,132754
2014-12-16 00:00:00+00:00,4168.60000,4193.10000,4084.50000,4093.60000,179189
2014-12-17 00:00:00+00:00,4093.80000,4176.60000,4086.10000,4161.70000,181709
2014-12-18 00:00:00+00:00,4161.80000,4276.00000,4154.00000,4270.20000,103618
2014-12-19 00:00:00+00:00,4270.10000,4308.10000,4259.30000,4288.60000,83642
2014-12-21 00:00:00+00:00,4287.80000,4291.60000,4287.00000,4290.30000,472
2014-12-22 00:00:00+00:00,4290.00000,4304.70000,4279.70000,4296.80000,48937
2014-12-23 00:00:00+00:00,4297.00000,4315.70000,4278.20000,4282.80000,40861
2014-12-24 00:00:00+00:00,4283.00000,4301.80000,4282.30000,4286.40000,11915
2014-12-25 00:00:00+00:00,4287.40000,4294.30000,4287.40000,4293.60000,246
2014-12-26 00:00:00+00:00,4293.80000,4325.40000,4293.10000,4315.60000,10494
2014-12-28 00:00:00+00:00,4317.20000,4318.80000,4315.40000,4317.60000,392
2014-12-29 00:00:00+00:00,4317.60000,4324.00000,4301.50000,4318.60000,55386
2014-12-30 00:00:00+00:00,4318.60000,4321.10000,4277.10000,4290.80000,51740
2014-12-31 00:00:00+00:00,4290.90000,4308.00000,4268.80000,4272.00000,23322
2015-01-01 00:00:00+00:00,4238.40000,4252.40000,4238.40000,4251.30000,690
2015-01-02 00:00:00+00:00,4251.40000,4275.80000,4204.20000,4218.50000,133324
2015-01-04 00:00:00+00:00,4217.50000,4217.50000,4204.70000,4207.70000,1563
2015-01-05 00:00:00+00:00,4207.70000,4223.70000,4148.10000,4171.30000,176015
2015-01-06 00:00:00+00:00,4171.20000,4175.20000,4085.20000,4108.40000,235391
2015-01-07 00:00:00+00:00,4108.40000,4166.20000,4108.40000,4158.30000,178343
2015-01-08 00:00:00+00:00,4158.30000,4245.50000,4156.40000,4235.20000,110291
2015-01-09 00:00:00+00:00,4235.30000,4255.40000,4184.00000,4204.50000,162080
2015-01-11 00:00:00+00:00,4206.20000,4210.90000,4197.90000,4199.90000,723
2015-01-12 00:00:00+00:00,4200.00000,4230.10000,4153.80000,4173.90000,97856
2015-01-13 00:00:00+00:00,4173.80000,4250.40000,4129.30000,4162.90000,118754
2015-01-14 00:00:00+00:00,4163.00000,4171.70000,4103.00000,4152.80000,154245
2015-01-15 00:00:00+00:00,4152.60000,4192.70000,4067.90000,4069.40000,183348
2015-01-16 00:00:00+00:00,4069.30000,4139.60000,4044.20000,4135.10000,121854
2015-01-18 00:00:00+00:00,4139.70000,4139.70000,4126.60000,4130.40000,1124
2015-01-19 00:00:00+00:00,4130.40000,4157.20000,4115.50000,4131.00000,49948
2015-01-20 00:00:00+00:00,4131.20000,4177.40000,4111.50000,4171.10000,178871
2015-01-21 00:00:00+00:00,4170.60000,4207.70000,4139.20000,4184.30000,186392
2015-01-22 00:00:00+00:00,4184.40000,4271.20000,4166.90000,4265.00000,188108
2015-01-23 00:00:00+00:00,4265.00000,4288.40000,4252.90000,4270.70000,82095
2015-01-25 00:00:00+00:00,4251.80000,4252.30000,4234.00000,4236.00000,789
2015-01-26 00:00:00+00:00,4235.60000,4280.10000,4235.50000,4268.20000,21363
2015-01-27 00:00:00+00:00,4267.70000,4273.00000,4144.70000,4207.70000,31846
2015-01-28 00:00:00+00:00,4208.00000,4236.60000,4121.80000,4133.30000,43226
2015-01-29 00:00:00+00:00,4133.60000,4209.30000,4097.80000,4203.00000,39216
2015-01-30 00:00:00+00:00,4202.60000,4204.90000,4138.20000,4147.40000,40318
2015-02-01 00:00:00+00:00,4147.80000,4151.20000,4131.30000,4137.40000,1635
2015-02-02 00:00:00+00:00,4137.60000,4189.70000,4087.40000,4182.80000,146797
2015-02-03 00:00:00+00:00,4182.60000,4224.50000,4167.70000,4208.30000,114316
2015-02-04 00:00:00+00:00,4208.60000,4244.50000,4187.30000,4187.70000,104795
2015-02-05 00:00:00+00:00,4187.90000,4256.30000,4183.40000,4250.20000,85154
2015-02-06 00:00:00+00:00,4250.30000,4270.10000,4211.50000,4231.10000,82721
2015-02-08 00:00:00+00:00,4221.00000,4224.60000,4209.80000,4214.40000,2295
2015-02-09 00:00:00+00:00,4214.60000,4233.40000,4203.20000,4222.60000,129283
2015-02-10 00:00:00+00:00,4222.60000,4285.40000,4212.60000,4280.20000,108442
2015-02-11 00:00:00+00:00,4280.20000,4323.30000,4272.70000,4299.60000,108086
2015-02-12 00:00:00+00:00,4299.50000,4347.50000,4287.50000,4343.50000,112351
2015-02-13 00:00:00+00:00,4343.50000,4383.30000,4342.40000,4378.70000,71703
2015-02-15 00:00:00+00:00,4376.20000,4379.10000,4372.60000,4372.90000,695
2015-02-16 00:00:00+00:00,4372.80000,4389.40000,4366.10000,4372.70000,17527
2015-02-17 00:00:00+00:00,4372.60000,4389.10000,4366.60000,4385.90000,78350
2015-02-18 00:00:00+00:00,4386.20000,4394.80000,4375.10000,4388.50000,66852
2015-02-19 00:00:00+00:00,4388.50000,4418.20000,4377.00000,4414.70000,71009
2015-02-20 00:00:00+00:00,4414.70000,4446.00000,4397.30000,4439.80000,97534
2015-02-22 00:00:00+00:00,4440.80000,4442.90000,4438.80000,4442.80000,459
2015-02-23 00:00:00+00:00,4442.70000,4450.20000,4431.00000,4445.30000,35770
2015-02-24 00:00:00+00:00,4445.40000,4456.30000,4428.10000,4448.50000,40561
2015-02-25 00:00:00+00:00,4448.60000,4461.90000,4430.40000,4436.70000,37442
2015-02-26 00:00:00+00:00,4436.80000,4465.50000,4432.10000,4459.50000,47150
2015-02-27 00:00:00+00:00,4459.40000,4463.60000,4436.00000,4446.80000,39941
2015-03-01 00:00:00+00:00,4448.10000,4453.70000,4447.40000,4452.80000,499
2015-03-02 00:00:00+00:00,4452.90000,4484.00000,4447.40000,4479.10000,35220
2015-03-03 00:00:00+00:00,4479.20000,4479.30000,4433.10000,4455.70000,43599
2015-03-04 00:00:00+00:00,4455.80000,4457.00000,4420.00000,4442.60000,52327
2015-03-05 00:00:00+00:00,4442.80000,4465.50000,4433.50000,4451.70000,44350
2015-03-06 00:00:00+00:00,4451.80000,4460.80000,4389.70000,4405.90000,67293
2015-03-08 00:00:00+00:00,4413.30000,4413.30000,4403.10000,4404.40000,898
2015-03-09 00:00:00+00:00,4404.40000,4425.20000,4392.30000,4413.40000,52160
2015-03-10 00:00:00+00:00,4413.30000,4415.10000,4329.00000,4339.90000,74301
2015-03-11 00:00:00+00:00,4340.10000,4347.70000,4304.70000,4309.70000,64891
2015-03-12 00:00:00+00:00,4310.00000,4339.70000,4299.20000,4335.60000,54445
2015-03-13 00:00:00+00:00,4335.50000,4347.60000,4288.60000,4309.70000,63116
2015-03-15 00:00:00+00:00,4317.00000,4317.30000,4302.20000,4302.80000,614
2015-03-16 00:00:00+00:00,4302.80000,4372.40000,4299.20000,4358.80000,44155
2015-03-17 00:00:00+00:00,4358.70000,4384.40000,4348.60000,4378.80000,52543
2015-03-18 00:00:00+00:00,4378.70000,4441.20000,4342.60000,4432.90000,85401
2015-03-19 00:00:00+00:00,4433.20000,4441.60000,4418.30000,4427.40000,63059
2015-03-20 00:00:00+00:00,4427.30000,4478.80000,4426.20000,4454.80000,46374
2015-03-22 00:00:00+00:00,4454.50000,4467.90000,4454.00000,4461.40000,863
2015-03-23 00:00:00+00:00,4461.20000,4465.50000,4442.30000,4446.80000,44234
2015-03-24 00:00:00+00:00,4446.90000,4467.40000,4430.50000,4439.00000,49860
2015-03-25 00:00:00+00:00,4439.20000,4444.70000,4326.20000,4333.10000,70546
2015-03-26 00:00:00+00:00,4333.30000,4337.00000,4275.90000,4320.40000,94080
2015-03-27 00:00:00+00:00,4320.50000,4339.60000,4303.40000,4329.40000,70974
2015-03-29 00:00:00+00:00,4332.30000,4338.00000,4326.10000,4328.60000,908
2015-03-30 00:00:00+00:00,4328.80000,4387.50000,4321.70000,4379.30000,91037
2015-03-31 00:00:00+00:00,4379.20000,4381.50000,4326.60000,4332.00000,97925
2015-04-01 00:00:00+00:00,4331.00000,4339.90000,4267.70000,4315.40000,161140
2015-04-02 00:00:00+00:00,4315.40000,4326.60000,4294.30000,4310.00000,90656
2015-04-03 00:00:00+00:00,4309.60000,4319.20000,4267.80000,4268.80000,11414
2015-04-05 00:00:00+00:00,4276.00000,4283.00000,4270.50000,4280.80000,2599
2015-04-06 00:00:00+00:00,4280.60000,4359.90000,4274.20000,4345.60000,41542
2015-04-07 00:00:00+00:00,4345.60000,4377.40000,4335.60000,4340.80000,44826
2015-04-08 00:00:00+00:00,4341.00000,4383.90000,4332.80000,4380.70000,64632
2015-04-09 00:00:00+00:00,4380.70000,4406.10000,4358.10000,4401.90000,60884
2015-04-10 00:00:00+00:00,4402.20000,4421.00000,4390.70000,4419.00000,39512
2015-04-12 00:00:00+00:00,4421.60000,4423.60000,4420.10000,4421.10000,294
2015-04-13 00:00:00+00:00,4420.80000,4446.50000,4404.40000,4408.80000,41385
2015-04-14 00:00:00+00:00,4408.70000,4419.40000,4371.80000,4399.90000,55639
2015-04-15 00:00:00+00:00,4399.60000,4433.70000,4393.50000,4428.70000,45386
2015-04-16 00:00:00+00:00,4428.60000,4434.10000,4402.90000,4420.40000,48169
2015-04-17 00:00:00+00:00,4420.10000,4420.40000,4328.40000,4352.50000,73340
2015-04-19 00:00:00+00:00,4362.00000,4363.10000,4356.70000,4360.90000,1166
2015-04-20 00:00:00+00:00,4360.70000,4421.00000,4356.60000,4413.50000,45225
2015-04-21 00:00:00+00:00,4413.30000,4447.00000,4413.30000,4439.00000,53868
2015-04-22 00:00:00+00:00,4439.20000,4463.60000,4402.80000,4448.30000,60223
2015-04-23 00:00:00+00:00,4448.20000,4501.20000,4422.00000,4495.20000,60812
2015-04-24 00:00:00+00:00,4495.30000,4540.30000,4494.80000,4533.50000,51957
2015-04-26 00:00:00+00:00,4536.60000,4538.50000,4535.10000,4536.60000,559
2015-04-27 00:00:00+00:00,4536.50000,4559.40000,4513.20000,4530.40000,56027
2015-04-28 00:00:00+00:00,4530.30000,4535.00000,4475.70000,4513.80000,77830
2015-04-29 00:00:00+00:00,4514.00000,4518.00000,4460.10000,4472.70000,93320
2015-04-30 00:00:00+00:00,4472.60000,4481.80000,4390.20000,4414.10000,166127
2015-05-01 00:00:00+00:00,4414.10000,4474.20000,4413.60000,4471.40000,57852
2015-05-03 00:00:00+00:00,4475.20000,4475.80000,4466.60000,4467.60000,76
2015-05-04 00:00:00+00:00,4467.00000,4506.80000,4460.60000,4477.00000,5321
2015-05-05 00:00:00+00:00,4477.40000,4483.20000,4402.60000,4414.20000,8708
2015-05-06 00:00:00+00:00,4413.60000,4426.80000,4345.00000,4373.00000,10270
2015-05-07 00:00:00+00:00,4373.60000,4412.20000,4335.60000,4407.20000,9205
2015-05-08 00:00:00+00:00,4406.80000,4465.70000,4405.20000,4451.70000,50372
2015-05-10 00:00:00+00:00,4454.80000,4455.80000,4451.30000,4454.60000,489
2015-05-11 00:00:00+00:00,4454.50000,4467.30000,4429.60000,4431.80000,76514
2015-05-12 00:00:00+00:00,4432.00000,4440.40000,4377.30000,4430.60000,82812
2015-05-13 00:00:00+00:00,4430.70000,4460.60000,4420.30000,4429.80000,64872
2015-05-14 00:00:00+00:00,4429.70000,4495.50000,4415.60000,4493.00000,61374
2015-05-15 00:00:00+00:00,4493.10000,4510.10000,4480.40000,4490.20000,67807
2015-05-17 00:00:00+00:00,4494.00000,4494.40000,4488.50000,4489.10000,404
2015-05-18 00:00:00+00:00,4489.30000,4520.00000,4473.00000,4511.40000,41224
2015-05-19 00:00:00+00:00,4511.30000,4528.60000,4498.90000,4502.40000,42793
2015-05-20 00:00:00+00:00,4502.20000,4535.90000,4484.40000,4492.90000,48979
2015-05-21 00:00:00+00:00,4493.20000,4538.50000,4490.30000,4530.80000,32017
2015-05-22 00:00:00+00:00,4530.60000,4544.30000,4524.30000,4530.30000,33445
2015-05-24 00:00:00+00:00,4530.00000,4534.10000,4528.40000,4530.20000,345
2015-05-25 00:00:00+00:00,4530.20000,4538.80000,4519.60000,4527.70000,3597
2015-05-26 00:00:00+00:00,4527.40000,4530.20000,4456.90000,4478.40000,60332
2015-05-27 00:00:00+00:00,4478.60000,4552.50000,4474.90000,4543.20000,42714
2015-05-28 00:00:00+00:00,4543.00000,4549.10000,4523.60000,4542.90000,48813
2015-05-29 00:00:00+00:00,4543.20000,4546.90000,4499.00000,4515.10000,60232
2015-05-31 00:00:00+00:00,4515.80000,4523.30000,4513.60000,4519.10000,964
2015-06-01 00:00:00+00:00,4518.30000,4539.50000,4487.50000,4527.00000,63783
2015-06-02 00:00:00+00:00,4527.10000,4532.80000,4482.40000,4507.20000,72429
2015-06-03 00:00:00+00:00,4507.00000,4542.00000,4502.80000,4527.60000,61098
2015-06-04 00:00:00+00:00,4527.60000,4527.60000,4474.40000,4495.40000,81235
2015-06-05 00:00:00+00:00,4495.20000,4507.50000,4450.50000,4480.80000,74504
2015-06-07 00:00:00+00:00,4480.90000,4483.80000,4478.40000,4480.80000,577
2015-06-08 00:00:00+00:00,4480.90000,4482.20000,4422.80000,4437.60000,79348
2015-06-09 00:00:00+00:00,4437.40000,4442.00000,4390.80000,4433.60000,85683
2015-06-10 00:00:00+00:00,4434.00000,4498.80000,4431.00000,4484.40000,58900
2015-06-11 00:00:00+00:00,4484.20000,4512.60000,4480.30000,4488.00000,64159
2015-06-12 00:00:00+00:00,4487.80000,4488.80000,4448.40000,4453.80000,55479
2015-06-14 00:00:00+00:00,4434.10000,4440.00000,4427.20000,4436.80000,1419
2015-06-15 00:00:00+00:00,4437.00000,4445.00000,4394.40000,4431.80000,59532
2015-06-16 00:00:00+00:00,4432.00000,4464.40000,4403.30000,4459.40000,50660
2015-06-17 00:00:00+00:00,4459.20000,4483.70000,4440.00000,4461.80000,71594
2015-06-18 00:00:00+00:00,4461.60000,4543.00000,4448.00000,4535.50000,59973
2015-06-19 00:00:00+00:00,4535.40000,4546.90000,4506.20000,4506.90000,37400
2015-06-21 00:00:00+00:00,4520.10000,4528.70000,4519.40000,4524.10000,1366
2015-06-22 00:00:00+00:00,4524.60000,4559.50000,4521.90000,4547.00000,67504
2015-06-23 00:00:00+00:00,4547.10000,4555.80000,4530.10000,4550.50000,52719
2015-06-24 00:00:00+00:00,4550.40000,4562.30000,4522.20000,4529.00000,84007
2015-06-25 00:00:00+00:00,4529.00000,4554.70000,4507.30000,4514.00000,79120
2015-06-26 00:00:00+00:00,4514.50000,4523.60000,4466.70000,4486.10000,58459
2015-06-28 00:00:00+00:00,4410.60000,4429.20000,4407.80000,4418.40000,3631
2015-06-29 00:00:00+00:00,4418.30000,4458.10000,4374.90000,4391.40000,95487
2015-06-30 00:00:00+00:00,4391.50000,4418.50000,4378.60000,4397.00000,106006
2015-07-01 00:00:00+00:00,4400.00000,4448.60000,4399.80000,4427.00000,72720
2015-07-02 00:00:00+00:00,4427.00000,4448.10000,4414.60000,4433.60000,51382
2015-07-03 00:00:00+00:00,4433.40000,4442.20000,4418.00000,4423.20000,16633
2015-07-05 00:00:00+00:00,4361.90000,4375.90000,4351.60000,4371.60000,2427
2015-07-06 00:00:00+00:00,4372.00000,4443.20000,4370.50000,4435.80000,83292
2015-07-07 00:00:00+00:00,4435.50000,4454.30000,4340.00000,4419.20000,115789
2015-07-08 00:00:00+00:00,4419.10000,4420.00000,4342.40000,4363.10000,120776
2015-07-09 00:00:00+00:00,4363.00000,4413.40000,4337.50000,4377.40000,96808
2015-07-10 00:00:00+00:00,4377.40000,4432.10000,4368.20000,4413.50000,60888
2015-07-12 00:00:00+00:00,4385.40000,4401.60000,4384.60000,4397.40000,253
2015-07-13 00:00:00+00:00,4396.80000,4497.10000,4393.80000,4493.40000,52516
2015-07-14 00:00:00+00:00,4493.20000,4535.20000,4492.30000,4521.40000,30774
2015-07-15 00:00:00+00:00,4521.30000,4548.30000,4514.80000,4545.30000,39115
2015-07-16 00:00:00+00:00,4545.10000,4623.50000,4542.60000,4621.00000,36177
2015-07-17 00:00:00+00:00,4621.20000,4658.80000,4612.80000,4655.20000,31222
2015-07-19 00:00:00+00:00,4653.40000,4657.80000,4653.40000,4657.00000,358
2015-07-20 00:00:00+00:00,4657.00000,4691.00000,4653.80000,4677.00000,31859
2015-07-21 00:00:00+00:00,4676.90000,4688.20000,4616.60000,4620.30000,46877
2015-07-22 00:00:00+00:00,4620.40000,4641.70000,4593.70000,4630.70000,56323
2015-07-23 00:00:00+00:00,4630.60000,4639.70000,4589.10000,4632.40000,59217
2015-07-24 00:00:00+00:00,4632.50000,4643.60000,4549.20000,4565.00000,55459
2015-07-26 00:00:00+00:00,4566.60000,4567.20000,4561.80000,4564.40000,831
2015-07-27 00:00:00+00:00,4564.60000,4572.60000,4508.00000,4525.50000,67611
2015-07-28 00:00:00+00:00,4525.40000,4565.80000,4501.40000,4562.30000,67339
2015-07-29 00:00:00+00:00,4562.60000,4583.80000,4548.40000,4565.50000,68442
2015-07-30 00:00:00+00:00,4565.40000,4603.00000,4535.20000,4593.10000,58973
2015-07-31 00:00:00+00:00,4593.60000,4612.60000,4580.20000,4587.00000,59149
2015-08-02 00:00:00+00:00,4585.80000,4591.00000,4584.20000,4590.00000,557
2015-08-03 00:00:00+00:00,4590.00000,4603.00000,4544.40000,4568.30000,70376
2015-08-04 00:00:00+00:00,4568.10000,4585.00000,4547.40000,4557.20000,78574
2015-08-05 00:00:00+00:00,4557.40000,4632.80000,4556.60000,4593.60000,62491
2015-08-06 00:00:00+00:00,4593.80000,4612.60000,4506.40000,4528.00000,68603
2015-08-07 00:00:00+00:00,4528.20000,4537.10000,4484.00000,4522.80000,74636
2015-08-09 00:00:00+00:00,4518.80000,4523.00000,4516.20000,4520.60000,920
2015-08-10 00:00:00+00:00,4521.00000,4587.90000,4519.60000,4585.20000,51512
2015-08-11 00:00:00+00:00,4585.10000,4585.20000,4488.70000,4524.90000,92528
2015-08-12 00:00:00+00:00,4524.50000,4538.50000,4435.00000,4533.00000,135561
2015-08-13 00:00:00+00:00,4533.00000,4560.00000,4511.80000,4515.60000,80383
2015-08-14 00:00:00+00:00,4515.70000,4535.50000,4502.00000,4534.40000,79679
2015-08-16 00:00:00+00:00,4535.40000,4539.40000,4533.00000,4536.20000,878
2015-08-17 00:00:00+00:00,4536.20000,4570.30000,4505.70000,4567.80000,80679
2015-08-18 00:00:00+00:00,4567.70000,4575.90000,4536.40000,4544.80000,89886
2015-08-19 00:00:00+00:00,4544.80000,4554.70000,4485.80000,4507.90000,148235
2015-08-20 00:00:00+00:00,4508.10000,4515.20000,4362.30000,4368.60000,175032
2015-08-21 00:00:00+00:00,4368.80000,4370.40000,4197.10000,4210.70000,304447
2015-08-23 00:00:00+00:00,4179.80000,4180.60000,4153.10000,4167.50000,6495
2015-08-24 00:00:00+00:00,4167.60000,4198.00000,3905.90000,4033.70000,575718
2015-08-25 00:00:00+00:00,4033.70000,4206.20000,3960.80000,3961.40000,616764
2015-08-26 00:00:00+00:00,3961.60000,4231.00000,3961.60000,4222.20000,661875
2015-08-27 00:00:00+00:00,4222.30000,4330.90000,4207.30000,4329.40000,366572
2015-08-28 00:00:00+00:00,4329.50000,4342.20000,4283.40000,4333.60000,277864
2015-08-30 00:00:00+00:00,4327.00000,4327.00000,4271.90000,4292.60000,9728
2015-08-31 00:00:00+00:00,4292.80000,4324.50000,4239.70000,4241.60000,215528
2015-09-01 00:00:00+00:00,4242.10000,4246.40000,4119.60000,4166.40000,418892
2015-09-02 00:00:00+00:00,4166.20000,4287.00000,4163.60000,4274.60000,315304
2015-09-03 00:00:00+00:00,4274.50000,4305.60000,4220.80000,4237.20000,271334
2015-09-04 00:00:00+00:00,4237.40000,4237.60000,4156.20000,4194.70000,311715
2015-09-06 00:00:00+00:00,4182.40000,4214.60000,4182.40000,4209.60000,2868
2015-09-07 00:00:00+00:00,4209.80000,4244.20000,4196.70000,4228.20000,63931
2015-09-08 00:00:00+00:00,4228.00000,4305.80000,4209.20000,4302.30000,115006
2015-09-09 00:00:00+00:00,4302.20000,4370.20000,4232.40000,4239.00000,215625
2015-09-10 00:00:00+00:00,4239.00000,4327.70000,4227.00000,4292.20000,259381
2015-09-11 00:00:00+00:00,4292.20000,4327.00000,4259.80000,4325.10000,106389
2015-09-13 00:00:00+00:00,4329.40000,4357.40000,4324.20000,4356.80000,3754
2015-09-14 00:00:00+00:00,4356.70000,4356.80000,4292.60000,4314.80000,120400
2015-09-15 00:00:00+00:00,4314.60000,4374.40000,4291.10000,4361.50000,97115
2015-09-16 00:00:00+00:00,4361.40000,4391.40000,4345.40000,4385.00000,101154
2015-09-17 00:00:00+00:00,4385.00000,4451.60000,4367.00000,4380.40000,217067
2015-09-18 00:00:00+00:00,4380.50000,4392.80000,4309.80000,4336.00000,140030
2015-09-20 00:00:00+00:00,4333.90000,4340.40000,4326.60000,4330.10000,2319
2015-09-21 00:00:00+00:00,4330.00000,4371.20000,4296.20000,4350.40000,155401
2015-09-22 00:00:00+00:00,4350.20000,4350.60000,4230.00000,4265.00000,142243
2015-09-23 00:00:00+00:00,4265.00000,4302.10000,4230.80000,4275.10000,145984
2015-09-24 00:00:00+00:00,4275.20000,4287.90000,4194.70000,4266.80000,234771
2015-09-25 00:00:00+00:00,4266.90000,4325.00000,4194.60000,4213.20000,159100
2015-09-27 00:00:00+00:00,4210.30000,4216.60000,4190.80000,4202.50000,2148
2015-09-28 00:00:00+00:00,4202.60000,4247.60000,4088.00000,4113.00000,226614
2015-09-29 00:00:00+00:00,4112.80000,4152.30000,4049.20000,4084.40000,272885
2015-09-30 00:00:00+00:00,4084.50000,4177.60000,4074.00000,4164.40000,200135
2015-10-01 00:00:00+00:00,4164.60000,4233.90000,4124.60000,4197.40000,262820
2015-10-02 00:00:00+00:00,4197.40000,4271.70000,4119.40000,4270.60000,249910
2015-10-04 00:00:00+00:00,4265.20000,4271.20000,4258.80000,4270.60000,3044
2015-10-05 00:00:00+00:00,4270.60000,4337.80000,4260.20000,4314.90000,149753
2015-10-06 00:00:00+00:00,4314.80000,4330.20000,4271.40000,4288.80000,175786
2015-10-07 00:00:00+00:00,4289.20000,4341.60000,4276.00000,4332.40000,195160
2015-10-08 00:00:00+00:00,4332.60000,4356.00000,4272.80000,4349.40000,184491
2015-10-09 00:00:00+00:00,4349.00000,4377.20000,4332.40000,4364.00000,126991
2015-10-11 00:00:00+00:00,4359.40000,4360.60000,4355.00000,4356.90000,1467
2015-10-12 00:00:00+00:00,4356.80000,4388.80000,4353.80000,4381.50000,91162
2015-10-13 00:00:00+00:00,4381.40000,4398.20000,4339.60000,4344.60000,116707
2015-10-14 00:00:00+00:00,4344.60000,4372.40000,4324.70000,4350.80000,156893
2015-10-15 00:00:00+00:00,4350.70000,4429.00000,4347.00000,4428.20000,140811
2015-10-16 00:00:00+00:00,4428.00000,4446.20000,4403.30000,4445.90000,106027
2015-10-18 00:00:00+00:00,4440.70000,4444.90000,4437.50000,4438.20000,893
2015-10-19 00:00:00+00:00,4437.90000,4462.20000,4417.90000,4457.80000,107788
2015-10-20 00:00:00+00:00,4457.60000,4462.50000,4421.00000,4428.40000,111447
2015-10-21 00:00:00+00:00,4428.60000,4462.80000,4401.40000,4410.80000,147896
2015-10-22 00:00:00+00:00,4411.00000,4592.00000,4410.80000,4583.40000,160811
2015-10-23 00:00:00+00:00,4583.60000,4644.00000,4571.40000,4617.40000,167463
2015-10-25 00:00:00+00:00,4616.40000,4620.00000,4612.60000,4614.80000,1058
2015-10-26 00:00:00+00:00,4614.80000,4636.00000,4598.80000,4623.40000,113967
2015-10-27 00:00:00+00:00,4623.40000,4657.80000,4607.40000,4637.20000,116961
2015-10-28 00:00:00+00:00,4637.30000,4684.10000,4606.90000,4671.40000,167906
2015-10-29 00:00:00+00:00,4671.60000,4676.00000,4648.50000,4672.90000,102224
2015-10-30 00:00:00+00:00,4673.00000,4696.10000,4641.70000,4650.40000,104669
2015-11-01 00:00:00+00:00,4646.90000,4647.60000,4637.20000,4639.40000,1731
2015-11-02 00:00:00+00:00,4639.50000,4704.80000,4630.60000,4697.80000,80670
2015-11-03 00:00:00+00:00,4698.00000,4732.60000,4682.50000,4716.10000,70897
2015-11-04 00:00:00+00:00,4715.90000,4735.00000,4696.60000,4710.90000,94162
2015-11-05 00:00:00+00:00,4710.80000,4732.70000,4678.70000,4700.30000,91789
2015-11-06 00:00:00+00:00,4700.00000,4713.60000,4663.80000,4707.60000,116252
2015-11-08 00:00:00+00:00,4703.20000,4707.20000,4702.40000,4706.60000,659
2015-11-09 00:00:00+00:00,4706.50000,4717.60000,4626.60000,4651.70000,93307
2015-11-10 00:00:00+00:00,4652.00000,4666.80000,4617.00000,4642.00000,90114
2015-11-11 00:00:00+00:00,4641.80000,4679.00000,4629.80000,4635.50000,81231
2015-11-12 00:00:00+00:00,4635.90000,4657.30000,4580.80000,4590.20000,95533
2015-11-13 00:00:00+00:00,4590.30000,4594.60000,4489.80000,4493.10000,118888
2015-11-15 00:00:00+00:00,4476.60000,4478.00000,4458.20000,4474.20000,2288
2015-11-16 00:00:00+00:00,4473.80000,4569.00000,4473.40000,4563.20000,117798
2015-11-17 00:00:00+00:00,4563.10000,4601.20000,4555.50000,4568.50000,98199
2015-11-18 00:00:00+00:00,4568.60000,4660.80000,4559.80000,4660.00000,91887
2015-11-19 00:00:00+00:00,4660.00000,4680.40000,4650.20000,4658.10000,80311
2015-11-20 00:00:00+00:00,4658.00000,4694.70000,4656.00000,4693.40000,66202
2015-11-22 00:00:00+00:00,4694.60000,4700.30000,4692.30000,4697.60000,716
2015-11-23 00:00:00+00:00,4697.20000,4709.70000,4656.80000,4681.60000,69037
2015-11-24 00:00:00+00:00,4681.80000,4687.50000,4622.90000,4672.00000,89440
2015-11-25 00:00:00+00:00,4672.20000,4687.10000,4662.20000,4682.20000,54238
2015-11-26 00:00:00+00:00,4682.10000,4705.60000,4681.10000,4699.20000,15341
2015-11-27 00:00:00+00:00,4699.60000,4701.40000,4667.30000,4685.70000,46152
2015-11-29 00:00:00+00:00,4686.40000,4687.00000,4677.80000,4680.20000,653
2015-11-30 00:00:00+00:00,4680.60000,4702.60000,4655.50000,4685.50000,62581
2015-12-01 00:00:00+00:00,4685.40000,4718.60000,4678.60000,4714.30000,63880
2015-12-02 00:00:00+00:00,4714.40000,4741.40000,4680.40000,4698.40000,83286
2015-12-03 00:00:00+00:00,4698.30000,4731.90000,4580.70000,4616.50000,155890
2015-12-04 00:00:00+00:00,4616.80000,4724.50000,4604.60000,4716.40000,126647
2015-12-06 00:00:00+00:00,4721.20000,4723.60000,4711.30000,4716.40000,773
2015-12-07 00:00:00+00:00,4716.10000,4731.20000,4671.80000,4697.40000,119743
2015-12-08 00:00:00+00:00,4697.30000,4710.00000,4642.20000,4698.30000,131050
2015-12-09 00:00:00+00:00,4698.10000,4708.30000,4594.30000,4629.00000,169150
2015-12-10 00:00:00+00:00,4629.20000,4675.30000,4619.50000,4647.60000,131670
2015-12-11 00:00:00+00:00,4647.60000,4660.10000,4529.40000,4534.90000,128695
2015-12-13 00:00:00+00:00,4535.30000,4548.60000,4528.20000,4544.40000,1085
2015-12-14 00:00:00+00:00,4544.80000,4586.10000,4477.70000,4581.80000,184811
2015-12-15 00:00:00+00:00,4582.00000,4639.60000,4567.30000,4607.70000,139594
2015-12-16 00:00:00+00:00,4607.80000,4676.30000,4583.00000,4662.90000,162265
2015-12-17 00:00:00+00:00,4663.10000,4690.60000,4571.40000,4576.70000,140049
2015-12-18 00:00:00+00:00,4576.80000,4594.80000,4508.60000,4516.60000,163223
2015-12-20 00:00:00+00:00,4522.80000,4529.50000,4518.40000,4524.00000,1288
2015-12-21 00:00:00+00:00,4523.90000,4577.80000,4517.90000,4577.60000,107941
2015-12-22 00:00:00+00:00,4577.80000,4600.50000,4547.60000,4595.80000,98495
2015-12-23 00:00:00+00:00,4595.70000,4626.40000,4589.30000,4616.90000,71301
2015-12-24 00:00:00+00:00,4616.80000,4636.00000,4606.70000,4616.90000,26993
2015-12-27 00:00:00+00:00,4618.60000,4624.60000,4617.40000,4619.60000,439
2015-12-28 00:00:00+00:00,4619.60000,4625.40000,4577.30000,4620.80000,53941
2015-12-29 00:00:00+00:00,4620.80000,4703.40000,4616.20000,4692.80000,52668
2015-12-30 00:00:00+00:00,4693.00000,4700.80000,4649.20000,4658.60000,55056
2015-12-31 00:00:00+00:00,4658.50000,4660.40000,4604.90000,4625.90000,47064
2016-01-01 00:00:00+00:00,4599.60000,4599.60000,4599.60000,4599.60000,1
2016-01-03 00:00:00+00:00,4597.30000,4613.60000,4591.50000,4605.40000,1106
2016-01-04 00:00:00+00:00,4605.80000,4610.70000,4434.80000,4515.00000,163553
2016-01-05 00:00:00+00:00,4515.20000,4528.20000,4462.40000,4487.80000,148164
2016-01-06 00:00:00+00:00,4487.40000,4492.70000,4391.20000,4458.60000,170217
2016-01-07 00:00:00+00:00,4458.40000,4463.50000,4285.60000,4301.40000,233501
2016-01-08 00:00:00+00:00,4301.10000,4374.30000,4260.50000,4269.20000,246844
2016-01-10 00:00:00+00:00,4263.10000,4267.00000,4232.20000,4236.80000,4230
2016-01-11 00:00:00+00:00,4237.00000,4308.50000,4213.30000,4287.20000,230766
2016-01-12 00:00:00+00:00,4287.00000,4350.30000,4241.40000,4323.20000,225994
2016-01-13 00:00:00+00:00,4323.20000,4369.30000,4171.50000,4179.00000,245417
2016-01-14 00:00:00+00:00,4179.20000,4304.60000,4127.90000,4265.60000,273457
2016-01-15 00:00:00+00:00,4265.80000,4272.90000,4079.60000,4149.60000,316918
2016-01-17 00:00:00+00:00,4132.10000,4142.40000,4111.30000,4133.40000,2262
2016-01-18 00:00:00+00:00,4133.80000,4181.30000,4123.10000,4141.60000,91293
2016-01-19 00:00:00+00:00,4141.80000,4219.70000,4094.70000,4154.40000,220956
2016-01-20 00:00:00+00:00,4154.00000,4175.10000,3987.20000,4151.00000,362003
2016-01-21 00:00:00+00:00,4151.70000,4195.80000,4089.40000,4141.20000,359206
2016-01-22 00:00:00+00:00,4141.00000,4256.30000,4122.30000,4250.80000,195070
2016-01-24 00:00:00+00:00,4253.40000,4263.20000,4248.90000,4251.00000,1797
2016-01-25 00:00:00+00:00,4250.80000,4263.00000,4180.00000,4183.60000,179861
2016-01-26 00:00:00+00:00,4183.70000,4247.10000,4136.60000,4202.40000,187111
2016-01-27 00:00:00+00:00,4202.20000,4221.90000,4105.30000,4141.60000,227111
2016-01-28 00:00:00+00:00,4141.70000,4202.00000,4110.00000,4145.80000,250038
2016-01-29 00:00:00+00:00,4145.70000,4274.10000,4132.00000,4273.20000,192051
2016-01-31 00:00:00+00:00,4267.10000,4275.60000,4263.60000,4265.10000,1504
2016-02-01 00:00:00+00:00,4265.20000,4312.30000,4231.40000,4275.20000,177643
2016-02-02 00:00:00+00:00,4275.60000,4285.30000,4173.90000,4187.40000,178958
2016-02-03 00:00:00+00:00,4187.90000,4217.60000,4093.40000,4175.20000,273845
2016-02-04 00:00:00+00:00,4175.00000,4208.60000,4116.30000,4146.80000,283404
2016-02-05 00:00:00+00:00,4146.70000,4176.20000,4003.70000,4022.10000,244932
2016-02-07 00:00:00+00:00,4026.40000,4029.40000,4019.10000,4020.80000,1015
2016-02-08 00:00:00+00:00,4021.40000,4048.00000,3885.30000,3954.80000,302448
2016-02-09 00:00:00+00:00,3955.00000,4006.50000,3899.60000,3960.20000,289486
2016-02-10 00:00:00+00:00,3960.00000,4043.20000,3924.50000,3955.30000,271628
2016-02-11 00:00:00+00:00,3955.50000,3987.20000,3864.60000,3972.80000,314337
2016-02-12 00:00:00+00:00,3972.60000,4019.80000,3955.60000,4017.00000,183303
2016-02-14 00:00:00+00:00,4027.00000,4040.60000,4026.60000,4037.60000,171
2016-02-15 00:00:00+00:00,4038.20000,4093.30000,4033.60000,4073.10000,47471
2016-02-16 00:00:00+00:00,4073.20000,4106.50000,4049.00000,4093.00000,164968
2016-02-17 00:00:00+00:00,4093.20000,4211.00000,4070.30000,4209.10000,146109
2016-02-18 00:00:00+00:00,4209.20000,4229.20000,4146.20000,4159.10000,151681
2016-02-19 00:00:00+00:00,4159.20000,4176.50000,4121.90000,4163.10000,139748
2016-02-21 00:00:00+00:00,4152.20000,4154.20000,4148.10000,4150.40000,846
2016-02-22 00:00:00+00:00,4150.40000,4235.50000,4150.20000,4210.30000,107114
2016-02-23 00:00:00+00:00,4210.40000,4217.70000,4154.20000,4157.00000,131366
2016-02-24 00:00:00+00:00,4157.20000,4225.40000,4086.20000,4223.90000,160363
2016-02-25 00:00:00+00:00,4223.80000,4249.30000,4171.90000,4247.80000,143325
2016-02-26 00:00:00+00:00,4247.60000,4294.40000,4226.50000,4228.70000,134041
2016-02-28 00:00:00+00:00,4227.80000,4228.70000,4217.70000,4222.60000,1162
2016-02-29 00:00:00+00:00,4222.40000,4264.10000,4185.60000,4209.00000,142071
2016-03-01 00:00:00+00:00,4208.90000,4340.00000,4181.50000,4335.30000,132463
2016-03-02 00:00:00+00:00,4335.40000,4358.60000,4300.30000,4321.20000,133936
2016-03-03 00:00:00+00:00,4321.30000,4345.60000,4294.60000,4320.60000,104642
2016-03-04 00:00:00+00:00,4320.70000,4355.80000,4298.80000,4321.00000,135326
2016-03-06 00:00:00+00:00,4320.40000,4322.20000,4311.20000,4317.80000,1087
2016-03-07 00:00:00+00:00,4317.50000,4330.60000,4269.50000,4302.90000,112822
2016-03-08 00:00:00+00:00,4302.80000,4309.20000,4252.00000,4270.50000,148144
2016-03-09 00:00:00+00:00,4270.30000,4299.40000,4257.40000,4292.40000,131624
2016-03-10 00:00:00+00:00,4292.50000,4348.10000,4230.10000,4285.20000,199387
2016-03-11 00:00:00+00:00,4285.40000,4361.50000,4284.80000,4357.20000,98153
2016-03-13 00:00:00+00:00,4352.40000,4357.20000,4348.40000,4353.60000,858
2016-03-14 00:00:00+00:00,4353.00000,4378.90000,4340.70000,4367.00000,70673
2016-03-15 00:00:00+00:00,4367.00000,4372.80000,4338.20000,4372.60000,84690
2016-03-16 00:00:00+00:00,4372.40000,4416.30000,4349.40000,4403.10000,116061
2016-03-17 00:00:00+00:00,4402.80000,4421.70000,4368.50000,4407.40000,102976
2016-03-18 00:00:00+00:00,4407.50000,4419.10000,4384.50000,4405.30000,86206
2016-03-20 00:00:00+00:00,4401.20000,4401.20000,4395.00000,4398.80000,812
2016-03-21 00:00:00+00:00,4399.00000,4429.60000,4385.30000,4422.40000,90249
2016-03-22 00:00:00+00:00,4422.70000,4448.60000,4392.10000,4440.80000,97460
2016-03-23 00:00:00+00:00,4441.10000,4449.20000,4391.50000,4402.00000,94704
2016-03-24 00:00:00+00:00,4402.20000,4408.70000,4373.20000,4408.50000,84968
2016-03-27 00:00:00+00:00,4410.40000,4417.00000,4410.40000,4416.80000,916
2016-03-28 00:00:00+00:00,4416.90000,4433.40000,4389.30000,4394.60000,48787
2016-03-29 00:00:00+00:00,4394.40000,4474.00000,4381.50000,4471.80000,101015
2016-03-30 00:00:00+00:00,4471.70000,4517.90000,4464.30000,4485.60000,87548
2016-03-31 00:00:00+00:00,4485.60000,4503.00000,4470.00000,4485.80000,85988
2016-04-01 00:00:00+00:00,4485.70000,4536.90000,4449.20000,4536.40000,110251
2016-04-03 00:00:00+00:00,4534.20000,4534.20000,4527.40000,4527.40000,945
2016-04-04 00:00:00+00:00,4527.60000,4550.90000,4500.80000,4503.20000,79991
2016-04-05 00:00:00+00:00,4503.40000,4505.40000,4463.50000,4485.10000,109374
2016-04-06 00:00:00+00:00,4485.20000,4544.70000,4474.50000,4539.10000,103245
2016-04-07 00:00:00+00:00,4539.40000,4546.30000,4457.70000,4465.40000,102285
2016-04-08 00:00:00+00:00,4465.60000,4516.40000,4458.40000,4476.40000,96124
2016-04-10 00:00:00+00:00,4474.80000,4481.20000,4469.00000,4478.40000,1110
2016-04-11 00:00:00+00:00,4478.10000,4516.20000,4447.30000,4450.20000,115039
2016-04-12 00:00:00+00:00,4450.50000,4504.00000,4433.00000,4498.60000,111296
2016-04-13 00:00:00+00:00,4498.60000,4560.00000,4494.90000,4555.40000,94521
2016-04-14 00:00:00+00:00,4555.40000,4569.40000,4537.20000,4552.00000,75371
2016-04-15 00:00:00+00:00,4552.10000,4560.60000,4529.30000,4543.90000,64496
2016-04-17 00:00:00+00:00,4524.40000,4524.40000,4513.20000,4514.70000,1924
2016-04-18 00:00:00+00:00,4514.80000,4566.50000,4507.00000,4558.80000,77512
2016-04-19 00:00:00+00:00,4558.60000,4590.20000,4512.60000,4529.00000,82914
2016-04-20 00:00:00+00:00,4529.10000,4561.60000,4514.80000,4541.40000,79152
2016-04-21 00:00:00+00:00,4541.20000,4557.20000,4483.90000,4491.00000,106593
2016-04-22 00:00:00+00:00,4490.70000,4507.10000,4436.50000,4472.10000,99053
2016-04-24 00:00:00+00:00,4483.00000,4484.50000,4475.10000,4476.20000,801
2016-04-25 00:00:00+00:00,4476.00000,4480.40000,4441.20000,4476.40000,75615
2016-04-26 00:00:00+00:00,4476.60000,4494.80000,4409.60000,4413.40000,74240
2016-04-27 00:00:00+00:00,4413.40000,4439.60000,4376.90000,4439.10000,89936
2016-04-28 00:00:00+00:00,4438.80000,4447.00000,4351.20000,4390.60000,96774
2016-04-29 00:00:00+00:00,4390.70000,4396.10000,4301.40000,4340.80000,107980
2016-05-01 00:00:00+00:00,4340.20000,4340.20000,4324.30000,4326.80000,1683
2016-05-02 00:00:00+00:00,4327.10000,4382.90000,4322.30000,4373.10000,81439
2016-05-03 00:00:00+00:00,4373.20000,4376.20000,4323.80000,4343.80000,96725
2016-05-04 00:00:00+00:00,4343.90000,4346.00000,4296.40000,4316.90000,98345
2016-05-05 00:00:00+00:00,4317.30000,4346.70000,4291.40000,4301.60000,90812
2016-05-06 00:00:00+00:00,4301.70000,4337.80000,4275.10000,4336.80000,100661
2016-05-08 00:00:00+00:00,4333.60000,4340.80000,4330.80000,4339.90000,1373
2016-05-09 00:00:00+00:00,4340.00000,4360.30000,4321.80000,4335.40000,80139
2016-05-10 00:00:00+00:00,4335.60000,4402.30000,4333.70000,4396.80000,66920
2016-05-11 00:00:00+00:00,4396.70000,4406.10000,4350.60000,4356.90000,74699
2016-05-12 00:00:00+00:00,4356.80000,4385.30000,4309.10000,4340.80000,91114
2016-05-13 00:00:00+00:00,4340.90000,4363.60000,4307.00000,4325.80000,116424
2016-05-15 00:00:00+00:00,4320.40000,4320.40000,4308.40000,4318.80000,1586
2016-05-16 00:00:00+00:00,4318.60000,4395.10000,4318.60000,4376.20000,61642
2016-05-17 00:00:00+00:00,4376.00000,4396.60000,4311.00000,4324.60000,98954
2016-05-18 00:00:00+00:00,4324.70000,4361.70000,4304.40000,4341.60000,133956
2016-05-19 00:00:00+00:00,4341.70000,4343.60000,4283.50000,4318.50000,118307
2016-05-20 00:00:00+00:00,4318.60000,4381.50000,4317.60000,4366.20000,76413
2016-05-22 00:00:00+00:00,4371.00000,4371.80000,4367.20000,4368.40000,1091
2016-05-23 00:00:00+00:00,4368.50000,4383.50000,4350.60000,4354.60000,77353
2016-05-24 00:00:00+00:00,4354.90000,4457.60000,4344.00000,4455.40000,61984
2016-05-25 00:00:00+00:00,4455.50000,4491.30000,4450.60000,4474.50000,65642
2016-05-26 00:00:00+00:00,4474.40000,4498.20000,4465.80000,4497.30000,58973
2016-05-27 00:00:00+00:00,4497.20000,4515.40000,4492.10000,4515.10000,44917
2016-05-29 00:00:00+00:00,4518.10000,4524.20000,4517.20000,4521.40000,972
2016-05-30 00:00:00+00:00,4520.90000,4526.40000,4515.10000,4522.80000,12117
2016-05-31 00:00:00+00:00,4522.70000,4530.00000,4499.10000,4525.40000,56094
2016-06-01 00:00:00+00:00,4525.70000,4538.70000,4504.40000,4523.20000,58066
2016-06-02 00:00:00+00:00,4523.30000,4534.30000,4488.40000,4532.50000,63791
2016-06-03 00:00:00+00:00,4532.60000,4536.00000,4480.20000,4509.70000,72677
2016-06-05 00:00:00+00:00,4512.00000,4513.50000,4505.10000,4507.20000,1113
2016-06-06 00:00:00+00:00,4507.10000,4537.60000,4506.30000,4522.00000,50459
2016-06-07 00:00:00+00:00,4521.80000,4546.60000,4512.00000,4513.10000,41539
2016-06-08 00:00:00+00:00,4512.90000,4531.10000,4504.90000,4519.00000,40245
2016-06-09 00:00:00+00:00,4519.30000,4523.30000,4494.30000,4511.70000,47798
2016-06-10 00:00:00+00:00,4511.60000,4513.90000,4447.10000,4466.00000,44385
2016-06-12 00:00:00+00:00,4454.20000,4460.00000,4451.60000,4455.10000,1103
2016-06-13 00:00:00+00:00,4454.80000,4461.90000,4414.00000,4419.60000,63051
2016-06-14 00:00:00+00:00,4419.50000,4440.60000,4392.10000,4419.20000,67627
2016-06-15 00:00:00+00:00,4419.00000,4443.90000,4403.50000,4413.40000,73296
2016-06-16 00:00:00+00:00,4413.50000,4433.40000,4359.70000,4433.00000,105285
2016-06-17 00:00:00+00:00,4432.90000,4439.40000,4360.50000,4368.60000,83754
2016-06-19 00:00:00+00:00,4393.10000,4406.50000,4391.00000,4401.00000,1966
2016-06-20 00:00:00+00:00,4400.80000,4443.60000,4391.90000,4402.30000,60722
2016-06-21 00:00:00+00:00,4402.40000,4422.80000,4395.30000,4400.80000,72530
2016-06-22 00:00:00+00:00,4400.60000,4440.90000,4398.10000,4421.50000,68185
2016-06-23 00:00:00+00:00,4421.60000,4500.80000,4416.90000,4460.60000,101993
2016-06-24 00:00:00+00:00,4460.60000,4466.40000,4240.80000,4268.90000,265279
2016-06-26 00:00:00+00:00,4259.60000,4260.40000,4224.40000,4241.20000,4268
2016-06-27 00:00:00+00:00,4241.40000,4275.10000,4175.00000,4197.30000,165241
2016-06-28 00:00:00+00:00,4197.40000,4291.40000,4192.80000,4286.10000,93398
2016-06-29 00:00:00+00:00,4286.20000,4384.40000,4275.30000,4373.00000,78910
2016-06-30 00:00:00+00:00,4373.10000,4416.90000,4345.50000,4403.30000,97964
2016-07-01 00:00:00+00:00,4403.40000,4453.10000,4393.30000,4441.30000,69025
2016-07-03 00:00:00+00:00,4444.80000,4446.00000,4433.40000,4433.80000,662
2016-07-04 00:00:00+00:00,4433.80000,4458.50000,4433.40000,4442.20000,20315
2016-07-05 00:00:00+00:00,4442.10000,4442.10000,4384.40000,4404.10000,81347
2016-07-06 00:00:00+00:00,4404.00000,4446.40000,4372.40000,4441.30000,116377
2016-07-07 00:00:00+00:00,4441.20000,4467.10000,4435.80000,4457.30000,82809
2016-07-08 00:00:00+00:00,4457.10000,4529.40000,4446.00000,4523.30000,75165
2016-07-10 00:00:00+00:00,4523.70000,4527.20000,4521.90000,4526.50000,551
2016-07-11 00:00:00+00:00,4526.40000,4569.40000,4526.40000,4554.80000,60048
2016-07-12 00:00:00+00:00,4554.90000,4587.90000,4552.60000,4575.30000,51126
2016-07-13 00:00:00+00:00,4575.40000,4590.40000,4559.70000,4561.50000,59470
2016-07-14 00:00:00+00:00,4561.40000,4614.10000,4560.10000,4587.50000,64738
2016-07-15 00:00:00+00:00,4587.20000,4609.40000,4548.00000,4567.60000,56455
2016-07-17 00:00:00+00:00,4587.30000,4600.80000,4587.10000,4592.10000,1968
2016-07-18 00:00:00+00:00,4592.00000,4627.60000,4585.60000,4616.00000,40679
2016-07-19 00:00:00+00:00,4616.20000,4616.40000,4594.10000,4611.00000,45932
2016-07-20 00:00:00+00:00,4610.90000,4665.00000,4603.80000,4658.80000,34184
2016-07-21 00:00:00+00:00,4658.50000,4667.90000,4632.90000,4643.30000,45479
2016-07-22 00:00:00+00:00,4643.40000,4670.40000,4634.60000,4663.90000,37796
2016-07-24 00:00:00+00:00,4664.20000,4665.60000,4662.60000,4664.00000,467
2016-07-25 00:00:00+00:00,4663.90000,4675.50000,4649.60000,4661.00000,41540
2016-07-26 00:00:00+00:00,4661.30000,4700.30000,4646.90000,4699.30000,49466
2016-07-27 00:00:00+00:00,4699.20000,4719.60000,4683.10000,4712.30000,61556
2016-07-28 00:00:00+00:00,4712.40000,4738.90000,4695.60000,4733.40000,61205
2016-07-29 00:00:00+00:00,4733.60000,4742.40000,4715.10000,4735.60000,56841
2016-07-31 00:00:00+00:00,4744.00000,4744.00000,4735.60000,4736.30000,887
2016-08-01 00:00:00+00:00,4736.40000,4766.40000,4727.10000,4754.30000,46074
2016-08-02 00:00:00+00:00,4754.40000,4765.40000,4687.90000,4716.50000,60665
2016-08-03 00:00:00+00:00,4716.60000,4734.50000,4704.10000,4733.50000,56664
2016-08-04 00:00:00+00:00,4733.40000,4751.50000,4719.90000,4751.20000,50466
2016-08-05 00:00:00+00:00,4751.10000,4800.20000,4749.90000,4786.60000,38314
2016-08-07 00:00:00+00:00,4784.90000,4791.20000,4784.90000,4789.40000,510
2016-08-08 00:00:00+00:00,4789.20000,4803.50000,4768.70000,4781.10000,29568
2016-08-09 00:00:00+00:00,4781.00000,4810.20000,4780.70000,4789.10000,30764
2016-08-10 00:00:00+00:00,4789.00000,4803.00000,4770.00000,4780.40000,35733
2016-08-11 00:00:00+00:00,4780.50000,4813.50000,4779.40000,4805.60000,32975
2016-08-12 00:00:00+00:00,4806.10000,4809.00000,4789.70000,4808.50000,30778
2016-08-14 00:00:00+00:00,4809.40000,4810.20000,4807.60000,4809.20000,393
2016-08-15 00:00:00+00:00,4809.10000,4837.70000,4807.70000,4825.50000,25428
2016-08-16 00:00:00+00:00,4825.40000,4827.00000,4799.10000,4804.50000,37018
2016-08-17 00:00:00+00:00,4804.40000,4812.20000,4774.70000,4809.10000,47237
2016-08-18 00:00:00+00:00,4809.20000,4816.70000,4795.40000,4811.90000,37894
2016-08-19 00:00:00+00:00,4811.70000,4818.20000,4786.70000,4810.20000,39255
2016-08-21 00:00:00+00:00,4808.50000,4810.80000,4807.80000,4808.90000,576
2016-08-22 00:00:00+00:00,4808.70000,4819.50000,4791.20000,4810.00000,51324
2016-08-23 00:00:00+00:00,4810.10000,4838.20000,4809.40000,4821.50000,43118
2016-08-24 00:00:00+00:00,4821.60000,4824.90000,4771.90000,4786.70000,50969
2016-08-25 00:00:00+00:00,4786.50000,4794.90000,4769.40000,4783.90000,56762
2016-08-26 00:00:00+00:00,4783.80000,4818.20000,4758.40000,4784.80000,82299
2016-08-28 00:00:00+00:00,4787.20000,4787.20000,4775.10000,4781.80000,1186
2016-08-29 00:00:00+00:00,4782.00000,4806.40000,4776.50000,4796.70000,37999
2016-08-30 00:00:00+00:00,4796.60000,4799.10000,4760.70000,4774.70000,43868
2016-08-31 00:00:00+00:00,4774.90000,4778.60000,4752.20000,4774.90000,47952
2016-09-01 00:00:00+00:00,4775.10000,4795.70000,4750.20000,4779.40000,56829
2016-09-02 00:00:00+00:00,4779.20000,4818.20000,4774.70000,4799.20000,60937
2016-09-04 00:00:00+00:00,4800.20000,4803.50000,4797.60000,4801.90000,570
2016-09-05 00:00:00+00:00,4801.80000,4806.40000,4782.10000,4791.50000,16428
2016-09-06 00:00:00+00:00,4791.70000,4831.40000,4790.40000,4828.50000,43725
2016-09-07 00:00:00+00:00,4828.20000,4839.60000,4812.70000,4827.40000,39934
2016-09-08 00:00:00+00:00,4827.50000,4837.00000,4789.70000,4796.40000,58321
2016-09-09 00:00:00+00:00,4796.20000,4798.00000,4666.10000,4668.50000,73923
2016-09-11 00:00:00+00:00,4670.50000,4671.40000,4654.00000,4663.40000,2482
2016-09-12 00:00:00+00:00,4663.20000,4772.20000,4629.20000,4762.60000,94034
2016-09-13 00:00:00+00:00,4762.80000,4763.90000,4699.50000,4725.80000,115930
2016-09-14 00:00:00+00:00,4725.90000,4770.50000,4723.40000,4739.80000,103657
2016-09-15 00:00:00+00:00,4739.90000,4826.20000,4719.20000,4807.80000,88615
2016-09-16 00:00:00+00:00,4807.70000,4822.20000,4791.40000,4818.70000,76611
2016-09-18 00:00:00+00:00,4818.00000,4834.80000,4813.80000,4828.80000,1563
2016-09-19 00:00:00+00:00,4828.70000,4844.40000,4785.40000,4794.70000,54327
2016-09-20 00:00:00+00:00,4794.90000,4823.20000,4794.30000,4803.80000,57665
2016-09-21 00:00:00+00:00,4803.90000,4857.20000,4791.20000,4849.60000,78884
2016-09-22 00:00:00+00:00,4849.40000,4894.90000,4845.60000,4887.30000,41428
2016-09-23 00:00:00+00:00,4887.40000,4892.70000,4851.30000,4859.40000,42845
2016-09-25 00:00:00+00:00,4854.20000,4862.40000,4853.20000,4860.10000,732
2016-09-26 00:00:00+00:00,4860.20000,4862.20000,4810.20000,4814.80000,51861
2016-09-27 00:00:00+00:00,4814.70000,4867.40000,4803.80000,4863.60000,62997
2016-09-28 00:00:00+00:00,4863.40000,4876.20000,4847.70000,4872.40000,63663
2016-09-29 00:00:00+00:00,4872.30000,4879.20000,4815.40000,4840.00000,95301
2016-09-30 00:00:00+00:00,4839.80000,4888.10000,4814.70000,4866.30000,68628
2016-10-02 00:00:00+00:00,4870.40000,4878.10000,4869.40000,4877.80000,943
2016-10-03 00:00:00+00:00,4877.70000,4882.10000,4845.70000,4871.60000,45944
2016-10-04 00:00:00+00:00,4871.70000,4890.70000,4838.90000,4854.90000,81051
2016-10-05 00:00:00+00:00,4854.80000,4890.70000,4851.70000,4877.10000,47529
2016-10-06 00:00:00+00:00,4877.20000,4883.20000,4847.90000,4865.30000,49240
2016-10-07 00:00:00+00:00,4865.40000,4885.80000,4836.90000,4861.60000,80953
2016-10-09 00:00:00+00:00,4874.20000,4876.70000,4869.20000,4870.60000,1220
2016-10-10 00:00:00+00:00,4870.70000,4903.70000,4864.80000,4896.90000,35053
2016-10-11 00:00:00+00:00,4897.10000,4899.40000,4800.40000,4828.70000,69337
2016-10-12 00:00:00+00:00,4828.60000,4842.40000,4802.70000,4811.30000,68347
2016-10-13 00:00:00+00:00,4811.50000,4815.10000,4756.90000,4795.70000,76190
2016-10-14 00:00:00+00:00,4796.00000,4843.20000,4788.60000,4804.60000,70624
2016-10-16 00:00:00+00:00,4806.00000,4808.30000,4787.00000,4795.70000,1772
2016-10-17 00:00:00+00:00,4795.80000,4812.80000,4783.40000,4810.30000,62242
2016-10-18 00:00:00+00:00,4810.10000,4858.90000,4809.20000,4828.10000,46295
2016-10-19 00:00:00+00:00,4827.80000,4842.50000,4813.20000,4833.70000,39066
2016-10-20 00:00:00+00:00,4833.60000,4851.10000,4801.40000,4849.10000,54873
2016-10-21 00:00:00+00:00,4849.20000,4850.20000,4817.10000,4847.80000,46957
2016-10-23 00:00:00+00:00,4849.40000,4855.20000,4846.80000,4850.60000,953
2016-10-24 00:00:00+00:00,4850.40000,4910.80000,4845.10000,4907.10000,34722
2016-10-25 00:00:00+00:00,4907.10000,4921.70000,4873.20000,4875.60000,41978
2016-10-26 00:00:00+00:00,4875.30000,4883.90000,4841.90000,4857.10000,52390
2016-10-27 00:00:00+00:00,4857.10000,4882.70000,4806.80000,4821.80000,65622
2016-10-28 00:00:00+00:00,4821.70000,4845.70000,4788.80000,4807.60000,101017
2016-10-30 00:00:00+00:00,4798.10000,4806.90000,4791.20000,4804.80000,1472
2016-10-31 00:00:00+00:00,4804.70000,4832.20000,4797.40000,4803.80000,45176
2016-11-01 00:00:00+00:00,4803.90000,4819.30000,4720.90000,4757.60000,67690
2016-11-02 00:00:00+00:00,4757.60000,4770.40000,4698.30000,4709.20000,82868
2016-11-03 00:00:00+00:00,4709.50000,4731.60000,4671.00000,4678.20000,67853
2016-11-04 00:00:00+00:00,4678.10000,4696.80000,4653.50000,4662.40000,69959
2016-11-06 00:00:00+00:00,4720.80000,4736.00000,4717.70000,4724.00000,2646
2016-11-07 00:00:00+00:00,4724.10000,4783.10000,4717.10000,4775.70000,40955
2016-11-08 00:00:00+00:00,4775.80000,4823.90000,4754.70000,4816.90000,65654
2016-11-09 00:00:00+00:00,4816.80000,4839.10000,4559.60000,4818.60000,310731
2016-11-10 00:00:00+00:00,4818.40000,4881.00000,4680.90000,4739.20000,194264
2016-11-11 00:00:00+00:00,4738.90000,4759.00000,4683.60000,4744.00000,128765
2016-11-13 00:00:00+00:00,4755.40000,4770.70000,4752.20000,4767.90000,927
2016-11-14 00:00:00+00:00,4767.80000,4785.80000,4674.30000,4695.90000,129523
2016-11-15 00:00:00+00:00,4695.80000,4780.30000,4692.50000,4770.00000,86907
2016-11-16 00:00:00+00:00,4770.10000,4795.80000,4737.60000,4784.00000,82002
2016-11-17 00:00:00+00:00,4784.40000,4832.70000,4779.30000,4828.10000,72430
2016-11-18 00:00:00+00:00,4828.00000,4841.10000,4803.70000,4811.10000,58831
2016-11-20 00:00:00+00:00,4810.40000,4813.60000,4809.70000,4810.60000,720
2016-11-21 00:00:00+00:00,4810.60000,4862.70000,4804.30000,4859.90000,52779
2016-11-22 00:00:00+00:00,4860.10000,4885.40000,4859.60000,4875.10000,45822
2016-11-23 00:00:00+00:00,4875.50000,4883.30000,4831.20000,4849.20000,49911
2016-11-24 00:00:00+00:00,4849.10000,4863.20000,4840.20000,4859.10000,13876
2016-11-25 00:00:00+00:00,4859.20000,4870.50000,4852.70000,4870.00000,25494
2016-11-27 00:00:00+00:00,4864.10000,4864.20000,4859.20000,4861.90000,545
2016-11-28 00:00:00+00:00,4862.20000,4879.50000,4842.80000,4856.50000,48584
2016-11-29 00:00:00+00:00,4856.80000,4897.60000,4847.60000,4874.40000,48334
2016-11-30 00:00:00+00:00,4874.50000,4885.60000,4812.80000,4821.30000,64793
2016-12-01 00:00:00+00:00,4820.30000,4827.40000,4723.10000,4732.30000,90441
2016-12-02 00:00:00+00:00,4731.90000,4758.90000,4707.40000,4733.80000,67780
2016-12-04 00:00:00+00:00,4714.60000,4718.60000,4701.60000,4714.20000,1793
2016-12-05 00:00:00+00:00,4714.30000,4795.80000,4711.80000,4781.60000,74144
2016-12-06 00:00:00+00:00,4781.60000,4796.40000,4768.00000,4788.80000,52072
2016-12-07 00:00:00+00:00,4788.80000,4854.90000,4763.60000,4843.30000,65149
2016-12-08 00:00:00+00:00,4843.60000,4869.30000,4836.30000,4860.90000,65527
2016-12-09 00:00:00+00:00,4861.00000,4897.30000,4852.70000,4894.60000,37702
2016-12-11 00:00:00+00:00,4895.20000,4916.80000,4893.80000,4901.50000,1365
2016-12-12 00:00:00+00:00,4901.40000,4903.60000,4852.50000,4865.20000,46296
2016-12-13 00:00:00+00:00,4865.30000,4963.00000,4863.80000,4940.60000,54866
2016-12-14 00:00:00+00:00,4940.30000,4958.70000,4912.70000,4932.20000,97461
2016-12-15 00:00:00+00:00,4931.90000,4963.00000,4919.80000,4941.50000,107248
2016-12-16 00:00:00+00:00,4941.40000,4953.00000,4905.90000,4916.50000,57686
2016-12-18 00:00:00+00:00,4916.80000,4925.50000,4916.80000,4923.40000,588
2016-12-19 00:00:00+00:00,4923.50000,4967.50000,4913.90000,4943.40000,38624
2016-12-20 00:00:00+00:00,4943.50000,4964.80000,4940.00000,4958.00000,33150
2016-12-21 00:00:00+00:00,4957.90000,4961.30000,4940.70000,4949.20000,26172
2016-12-22 00:00:00+00:00,4949.20000,4954.30000,4918.70000,4934.70000,30649
2016-12-23 00:00:00+00:00,4934.70000,4944.30000,4924.30000,4944.30000,21090
2016-12-26 00:00:00+00:00,4942.20000,4945.80000,4941.70000,4944.30000,359
2016-12-27 00:00:00+00:00,4944.40000,4995.50000,4941.80000,4964.50000,20540
2016-12-28 00:00:00+00:00,4964.50000,4980.70000,4921.80000,4927.30000,38962
2016-12-29 00:00:00+00:00,4927.40000,4934.70000,4902.70000,4920.20000,42351
2016-12-30 00:00:00+00:00,4920.10000,4941.40000,4850.30000,4865.30000,57905
2017-01-02 00:00:00+00:00,4880.80000,4892.30000,4880.80000,4888.10000,1008
2017-01-03 00:00:00+00:00,4888.40000,4927.30000,4878.30000,4904.50000,63468
2017-01-04 00:00:00+00:00,4904.40000,4942.40000,4904.10000,4933.10000,44645
2017-01-05 00:00:00+00:00,4933.30000,4963.90000,4920.50000,4960.40000,49882
2017-01-06 00:00:00+00:00,4960.30000,5017.40000,4952.60000,5004.90000,50094
2017-01-08 00:00:00+00:00,5004.20000,5010.40000,5002.60000,5010.40000,505
2017-01-09 00:00:00+00:00,5010.10000,5029.60000,5002.90000,5016.40000,37974
2017-01-10 00:00:00+00:00,5016.50000,5046.90000,5007.40000,5032.00000,41649
2017-01-11 00:00:00+00:00,5031.90000,5048.30000,5007.60000,5042.40000,73808
2017-01-12 00:00:00+00:00,5042.30000,5044.10000,4990.50000,5037.50000,64024
2017-01-13 00:00:00+00:00,5037.60000,5063.10000,5036.10000,5060.80000,45296
2017-01-15 00:00:00+00:00,5055.80000,5056.70000,5049.10000,5050.90000,662
2017-01-16 00:00:00+00:00,5050.80000,5055.60000,5044.10000,5051.60000,10908
2017-01-17 00:00:00+00:00,5051.50000,5053.40000,5025.10000,5041.60000,57104
2017-01-18 00:00:00+00:00,5041.50000,5057.30000,5034.10000,5054.90000,48209
2017-01-19 00:00:00+00:00,5055.20000,5074.60000,5036.40000,5057.00000,47034
2017-01-20 00:00:00+00:00,5057.10000,5082.50000,5044.90000,5060.80000,65874
2017-01-22 00:00:00+00:00,5057.80000,5059.30000,5044.10000,5044.60000,954
2017-01-23 00:00:00+00:00,5044.80000,5069.60000,5030.40000,5064.10000,51983
2017-01-24 00:00:00+00:00,5064.30000,5105.10000,5060.10000,5104.40000,37779
2017-01-25 00:00:00+00:00,5104.70000,5150.50000,5101.10000,5148.10000,36588
2017-01-26 00:00:00+00:00,5148.00000,5169.40000,5140.40000,5144.90000,44209
2017-01-27 00:00:00+00:00,5145.00000,5168.60000,5142.10000,5166.30000,37903
2017-01-29 00:00:00+00:00,5147.60000,5153.50000,5146.10000,5147.40000,1062
2017-01-30 00:00:00+00:00,5147.50000,5155.40000,5095.60000,5123.50000,47847
2017-01-31 00:00:00+00:00,5123.80000,5135.40000,5084.40000,5128.00000,53783
2017-02-01 00:00:00+00:00,5128.00000,5159.10000,5124.00000,5141.90000,62526
2017-02-02 00:00:00+00:00,5141.80000,5158.60000,5120.90000,5129.90000,55564
2017-02-03 00:00:00+00:00,5129.60000,5163.20000,5120.90000,5158.60000,47295
2017-02-05 00:00:00+00:00,5160.80000,5160.80000,5150.10000,5150.80000,601
2017-02-06 00:00:00+00:00,5150.80000,5164.40000,5141.40000,5160.00000,41086
2017-02-07 00:00:00+00:00,5159.90000,5192.70000,5155.40000,5175.70000,34886
2017-02-08 00:00:00+00:00,5175.60000,5197.40000,5164.30000,5190.90000,37791
2017-02-09 00:00:00+00:00,5191.20000,5219.90000,5187.10000,5212.80000,33483
2017-02-10 00:00:00+00:00,5213.00000,5233.10000,5210.50000,5228.10000,35426
2017-02-12 00:00:00+00:00,5229.80000,5233.20000,5227.70000,5233.10000,421
2017-02-13 00:00:00+00:00,5233.20000,5262.30000,5228.10000,5259.50000,28170
2017-02-14 00:00:00+00:00,5259.30000,5278.60000,5240.50000,5273.60000,35937
2017-02-15 00:00:00+00:00,5273.50000,5314.10000,5266.10000,5308.90000,35192
2017-02-16 00:00:00+00:00,5309.00000,5317.20000,5288.90000,5297.70000,43675
2017-02-17 00:00:00+00:00,5297.60000,5328.80000,5287.40000,5328.60000,38956
2017-02-19 00:00:00+00:00,5324.00000,5325.40000,5321.40000,5322.70000,388
2017-02-20 00:00:00+00:00,5322.60000,5345.90000,5320.90000,5338.70000,12013
2017-02-21 00:00:00+00:00,5338.80000,5353.60000,5331.60000,5344.60000,29060
2017-02-22 00:00:00+00:00,5344.50000,5355.40000,5336.40000,5351.40000,32206
2017-02-23 00:00:00+00:00,5351.50000,5361.10000,5310.90000,5324.60000,37082
2017-02-24 00:00:00+00:00,5324.80000,5344.20000,5299.10000,5342.90000,38447
2017-02-26 00:00:00+00:00,5342.20000,5350.90000,5342.00000,5349.10000,704
2017-02-27 00:00:00+00:00,5348.80000,5352.30000,5323.60000,5344.40000,40201
2017-02-28 00:00:00+00:00,5344.70000,5349.90000,5317.10000,5332.90000,35159
2017-03-01 00:00:00+00:00,5332.80000,5399.90000,5332.60000,5387.40000,48143
2017-03-02 00:00:00+00:00,5387.30000,5393.70000,5356.30000,5360.30000,42733
2017-03-03 00:00:00+00:00,5360.10000,5373.40000,5344.30000,5372.60000,43819
2017-03-05 00:00:00+00:00,5369.00000,5369.00000,5348.00000,5348.30000,1368
2017-03-06 00:00:00+00:00,5348.60000,5368.90000,5339.10000,5358.10000,30982
2017-03-07 00:00:00+00:00,5357.80000,5374.10000,5341.40000,5345.10000,29118
2017-03-08 00:00:00+00:00,5345.00000,5376.90000,5333.90000,5363.80000,42511
2017-03-09 00:00:00+00:00,5363.90000,5372.40000,5335.40000,5371.80000,44638
2017-03-10 00:00:00+00:00,5371.60000,5395.10000,5363.10000,5382.30000,52895
2017-03-12 00:00:00+00:00,5381.60000,5382.80000,5371.70000,5373.40000,601
2017-03-13 00:00:00+00:00,5373.50000,5396.60000,5373.30000,5394.50000,33731
2017-03-14 00:00:00+00:00,5394.40000,5396.50000,5360.00000,5381.20000,40926
2017-03-15 00:00:00+00:00,5381.30000,5427.30000,5376.00000,5417.80000,45369
2017-03-16 00:00:00+00:00,5417.60000,5435.30000,5398.10000,5409.90000,34871
2017-03-17 00:00:00+00:00,5409.70000,5420.70000,5402.50000,5404.70000,27225
2017-03-19 00:00:00+00:00,5402.40000,5404.70000,5398.30000,5402.20000,754
2017-03-20 00:00:00+00:00,5401.90000,5423.70000,5391.80000,5412.10000,24354
2017-03-21 00:00:00+00:00,5412.20000,5436.50000,5323.20000,5326.60000,83433
2017-03-22 00:00:00+00:00,5326.40000,5371.90000,5310.90000,5371.80000,72259
2017-03-23 00:00:00+00:00,5371.70000,5374.20000,5343.20000,5357.90000,70336
2017-03-24 00:00:00+00:00,5358.00000,5390.70000,5343.20000,5368.70000,66484
2017-03-26 00:00:00+00:00,5355.20000,5356.00000,5336.30000,5343.70000,2973
2017-03-27 00:00:00+00:00,5343.80000,5385.40000,5313.20000,5383.40000,68604
2017-03-28 00:00:00+00:00,5383.20000,5420.40000,5359.40000,5407.40000,54337
2017-03-29 00:00:00+00:00,5407.60000,5434.10000,5400.70000,5433.10000,39326
2017-03-30 00:00:00+00:00,5433.10000,5446.70000,5422.50000,5431.20000,36521
2017-03-31 00:00:00+00:00,5431.10000,5448.50000,5417.00000,5432.20000,35031
2017-04-02 00:00:00+00:00,5432.20000,5440.00000,5431.90000,5436.90000,978
2017-04-03 00:00:00+00:00,5436.80000,5450.80000,5399.30000,5428.50000,48899
2017-04-04 00:00:00+00:00,5428.40000,5451.80000,5402.80000,5449.80000,39250
2017-04-05 00:00:00+00:00,5449.70000,5485.30000,5413.00000,5415.30000,54661
2017-04-06 00:00:00+00:00,5415.00000,5436.10000,5394.80000,5422.10000,64684
2017-04-07 00:00:00+00:00,5422.00000,5434.90000,5381.90000,5419.50000,71080
2017-04-09 00:00:00+00:00,5419.00000,5424.90000,5416.30000,5420.60000,858
2017-04-10 00:00:00+00:00,5420.30000,5442.50000,5404.90000,5421.60000,46954
2017-04-11 00:00:00+00:00,5421.30000,5425.40000,5357.10000,5396.20000,90420
2017-04-12 00:00:00+00:00,5395.90000,5411.90000,5368.40000,5370.90000,76320
2017-04-13 00:00:00+00:00,5371.00000,5398.40000,5347.60000,5356.20000,67269
2017-04-16 00:00:00+00:00,5353.40000,5355.60000,5349.60000,5351.90000,1094
2017-04-17 00:00:00+00:00,5351.70000,5398.40000,5346.90000,5395.90000,31822
2017-04-18 00:00:00+00:00,5396.00000,5404.40000,5374.60000,5394.00000,61384
2017-04-19 00:00:00+00:00,5393.90000,5429.60000,5389.10000,5398.50000,41658
2017-04-20 00:00:00+00:00,5398.40000,5453.70000,5395.00000,5446.50000,48653
2017-04-21 00:00:00+00:00,5446.60000,5453.60000,5426.60000,5435.40000,45976
2017-04-23 00:00:00+00:00,5495.40000,5497.30000,5479.30000,5487.00000,2917
2017-04-24 00:00:00+00:00,5486.60000,5511.70000,5481.90000,5499.50000,48629
2017-04-25 00:00:00+00:00,5499.20000,5556.10000,5498.90000,5545.80000,31229
2017-04-26 00:00:00+00:00,5545.90000,5561.40000,5533.60000,5537.40000,54906
2017-04-27 00:00:00+00:00,5537.50000,5597.90000,5534.70000,5587.10000,44182
2017-04-28 00:00:00+00:00,5587.40000,5596.40000,5570.60000,5580.30000,41082
2017-04-30 00:00:00+00:00,5580.40000,5580.80000,5572.80000,5576.70000,687
2017-05-01 00:00:00+00:00,5577.60000,5636.40000,5577.10000,5630.10000,27069
2017-05-02 00:00:00+00:00,5629.90000,5640.60000,5615.40000,5623.50000,32414
2017-05-03 00:00:00+00:00,5623.60000,5629.90000,5605.10000,5619.00000,37129
2017-05-04 00:00:00+00:00,5618.90000,5634.10000,5603.90000,5623.90000,50934
2017-05-05 00:00:00+00:00,5624.00000,5649.40000,5612.60000,5648.90000,39139
2017-05-07 00:00:00+00:00,5657.60000,5660.40000,5641.30000,5643.60000,1632
2017-05-08 00:00:00+00:00,5643.50000,5656.10000,5634.60000,5654.10000,39506
2017-05-09 00:00:00+00:00,5654.40000,5687.60000,5650.80000,5669.30000,34380
2017-05-10 00:00:00+00:00,5669.30000,5679.60000,5658.10000,5674.40000,35287
2017-05-11 00:00:00+00:00,5674.30000,5675.10000,5636.40000,5669.90000,39489
2017-05-12 00:00:00+00:00,5669.90000,5689.40000,5656.60000,5688.90000,34035
2017-05-14 00:00:00+00:00,5690.50000,5692.30000,5687.00000,5691.10000,658
2017-05-15 00:00:00+00:00,5691.00000,5706.60000,5682.60000,5704.10000,28503
2017-05-16 00:00:00+00:00,5704.10000,5727.40000,5696.30000,5701.40000,34935
2017-05-17 00:00:00+00:00,5701.30000,5708.60000,5574.00000,5589.90000,97810
2017-05-18 00:00:00+00:00,5590.00000,5648.40000,5550.60000,5632.60000,117750
2017-05-19 00:00:00+00:00,5632.40000,5676.50000,5622.40000,5655.00000,55294
2017-05-21 00:00:00+00:00,5653.10000,5660.90000,5652.40000,5657.40000,766
2017-05-22 00:00:00+00:00,5657.50000,5705.60000,5648.80000,5690.10000,44303
2017-05-23 00:00:00+00:00,5690.00000,5718.30000,5690.00000,5709.40000,45355
2017-05-24 00:00:00+00:00,5709.10000,5736.40000,5705.10000,5735.40000,39826
2017-05-25 00:00:00+00:00,5735.70000,5795.60000,5735.40000,5783.80000,45064
2017-05-26 00:00:00+00:00,5783.60000,5795.90000,5772.60000,5795.10000,34110
2017-05-28 00:00:00+00:00,5794.90000,5803.00000,5792.90000,5798.50000,721
2017-05-29 00:00:00+00:00,5798.60000,5801.90000,5792.10000,5793.60000,6096
2017-05-30 00:00:00+00:00,5793.70000,5802.90000,5778.50000,5795.10000,35741
2017-05-31 00:00:00+00:00,5795.40000,5819.20000,5763.60000,5801.10000,56692
2017-06-01 00:00:00+00:00,5800.70000,5827.50000,5780.60000,5823.40000,48552
2017-06-02 00:00:00+00:00,5823.50000,5886.50000,5823.30000,5885.60000,53553
2017-06-04 00:00:00+00:00,5879.80000,5883.30000,5876.20000,5878.10000,916
2017-06-05 00:00:00+00:00,5878.00000,5891.10000,5872.80000,5882.90000,30630
2017-06-06 00:00:00+00:00,5882.60000,5892.90000,5848.80000,5865.80000,43918
2017-06-07 00:00:00+00:00,5865.60000,5884.60000,5845.90000,5879.40000,49651
2017-06-08 00:00:00+00:00,5879.50000,5897.80000,5853.40000,5873.00000,49884
2017-06-09 00:00:00+00:00,5872.90000,5898.40000,5660.40000,5736.60000,120028
2017-06-11 00:00:00+00:00,5739.80000,5742.20000,5728.10000,5733.60000,1718
2017-06-12 00:00:00+00:00,5733.80000,5738.60000,5634.90000,5714.00000,133244
2017-06-13 00:00:00+00:00,5714.30000,5760.50000,5708.10000,5753.80000,78434
2017-06-14 00:00:00+00:00,5753.90000,5780.60000,5679.10000,5703.60000,143039
2017-06-15 00:00:00+00:00,5703.80000,5710.60000,5633.90000,5701.30000,122063
2017-06-16 00:00:00+00:00,5701.40000,5719.90000,5653.40000,5684.00000,90786
2017-06-18 00:00:00+00:00,5685.10000,5686.40000,5675.90000,5684.10000,1290
2017-06-19 00:00:00+00:00,5683.60000,5775.10000,5682.00000,5769.10000,63578
2017-06-20 00:00:00+00:00,5769.40000,5776.40000,5720.20000,5724.10000,75638
2017-06-21 00:00:00+00:00,5724.40000,5788.90000,5691.50000,5784.00000,98944
2017-06-22 00:00:00+00:00,5784.10000,5806.80000,5763.40000,5783.80000,71254
2017-06-23 00:00:00+00:00,5783.90000,5807.90000,5755.60000,5798.60000,60559
2017-06-25 00:00:00+00:00,5797.00000,5798.60000,5788.10000,5796.30000,978
2017-06-26 00:00:00+00:00,5796.40000,5844.40000,5760.60000,5773.00000,85876
2017-06-27 00:00:00+00:00,5772.90000,5776.40000,5659.00000,5662.90000,118108
2017-06-28 00:00:00+00:00,5663.00000,5768.10000,5624.60000,5764.80000,107568
2017-06-29 00:00:00+00:00,5764.50000,5767.10000,5593.60000,5637.50000,172469
2017-06-30 00:00:00+00:00,5637.60000,5679.10000,5616.10000,5648.80000,111151
2017-07-02 00:00:00+00:00,5653.40000,5665.60000,5649.40000,5657.20000,1745
2017-07-03 00:00:00+00:00,5657.30000,5683.10000,5571.40000,5582.00000,71537
2017-07-04 00:00:00+00:00,5582.20000,5611.30000,5553.50000,5570.20000,28201
2017-07-05 00:00:00+00:00,5570.50000,5660.50000,5560.10000,5642.90000,107473
2017-07-06 00:00:00+00:00,5642.80000,5643.40000,5573.10000,5594.80000,123351
2017-07-07 00:00:00+00:00,5594.80000,5670.10000,5584.60000,5650.20000,74741
2017-07-09 00:00:00+00:00,5655.60000,5658.40000,5649.60000,5657.00000,754
2017-07-10 00:00:00+00:00,5656.80000,5704.90000,5643.60000,5691.40000,63289
2017-07-11 00:00:00+00:00,5691.30000,5717.10000,5660.90000,5712.40000,79798
2017-07-12 00:00:00+00:00,5712.50000,5784.60000,5706.40000,5784.50000,75391
2017-07-13 00:00:00+00:00,5784.40000,5805.40000,5771.10000,5792.30000,67098
2017-07-14 00:00:00+00:00,5792.40000,5840.90000,5781.40000,5840.40000,55192
2017-07-16 00:00:00+00:00,5839.00000,5852.00000,5838.80000,5841.50000,756
2017-07-17 00:00:00+00:00,5841.60000,5857.10000,5824.90000,5850.40000,53658
2017-07-18 00:00:00+00:00,5850.50000,5892.10000,5813.90000,5885.90000,64545
2017-07-19 00:00:00+00:00,5885.60000,5918.40000,5885.50000,5914.50000,52677
2017-07-20 00:00:00+00:00,5914.60000,5931.90000,5890.60000,5913.20000,61885
2017-07-21 00:00:00+00:00,5913.60000,5922.30000,5883.80000,5916.00000,54462
2017-07-23 00:00:00+00:00,5913.90000,5915.40000,5910.20000,5910.20000,484
2017-07-24 00:00:00+00:00,5910.40000,5948.10000,5898.40000,5921.50000,41971
2017-07-25 00:00:00+00:00,5921.90000,5939.60000,5909.50000,5929.30000,48922
2017-07-26 00:00:00+00:00,5929.40000,5963.00000,5920.50000,5961.90000,46326
2017-07-27 00:00:00+00:00,5962.00000,5989.30000,5838.50000,5884.60000,117991
2017-07-28 00:00:00+00:00,5884.80000,5912.00000,5843.60000,5907.10000,77172
2017-07-30 00:00:00+00:00,5902.90000,5905.80000,5896.30000,5898.00000,918
2017-07-31 00:00:00+00:00,5898.10000,5927.30000,5864.40000,5875.10000,62144
2017-08-01 00:00:00+00:00,5875.50000,5930.60000,5872.40000,5928.30000,55695
2017-08-02 00:00:00+00:00,5928.10000,5941.40000,5850.50000,5904.00000,79781
2017-08-03 00:00:00+00:00,5903.90000,5918.40000,5872.00000,5879.90000,56616
2017-08-04 00:00:00+00:00,5879.80000,5906.50000,5868.60000,5891.60000,54690
2017-08-06 00:00:00+00:00,5895.00000,5899.90000,5892.30000,5899.30000,473
2017-08-07 00:00:00+00:00,5899.40000,5932.10000,5894.10000,5929.40000,29616
2017-08-08 00:00:00+00:00,5929.30000,5967.40000,5891.10000,5895.90000,49319
2017-08-09 00:00:00+00:00,5895.80000,5919.40000,5856.90000,5914.20000,84168
2017-08-10 00:00:00+00:00,5914.00000,5917.40000,5759.80000,5769.60000,111914
2017-08-11 00:00:00+00:00,5769.50000,5841.00000,5756.30000,5833.10000,96794
2017-08-13 00:00:00+00:00,5838.80000,5857.50000,5838.40000,5856.90000,1662
2017-08-14 00:00:00+00:00,5857.20000,5919.00000,5857.00000,5918.20000,53373
2017-08-15 00:00:00+00:00,5918.40000,5940.90000,5892.90000,5903.20000,55614
2017-08-16 00:00:00+00:00,5903.10000,5947.30000,5899.70000,5906.80000,64028
2017-08-17 00:00:00+00:00,5906.70000,5921.60000,5785.40000,5792.90000,108109
2017-08-18 00:00:00+00:00,5793.10000,5833.90000,5771.40000,5796.60000,107593
2017-08-20 00:00:00+00:00,5809.20000,5815.30000,5800.20000,5806.80000,1240
2017-08-21 00:00:00+00:00,5806.40000,5806.90000,5751.30000,5798.60000,81078
2017-08-22 00:00:00+00:00,5798.80000,5883.00000,5798.80000,5879.10000,43141
2017-08-23 00:00:00+00:00,5879.00000,5879.60000,5828.40000,5832.30000,58546
2017-08-24 00:00:00+00:00,5834.00000,5873.10000,5802.60000,5842.40000,76303
2017-08-25 00:00:00+00:00,5842.50000,5872.90000,5815.60000,5823.80000,71869
2017-08-27 00:00:00+00:00,5809.40000,5823.40000,5807.40000,5819.30000,1436
2017-08-28 00:00:00+00:00,5819.10000,5854.90000,5787.40000,5808.30000,58640
2017-08-29 00:00:00+00:00,5808.10000,5879.00000,5776.40000,5876.60000,88863
2017-08-30 00:00:00+00:00,5876.80000,5943.40000,5862.40000,5941.60000,53649
2017-08-31 00:00:00+00:00,5941.80000,6000.30000,5937.80000,5999.40000,53329
2017-09-01 00:00:00+00:00,5999.40000,6019.30000,5972.90000,5987.00000,51653
2017-09-03 00:00:00+00:00,5957.40000,5966.90000,5954.00000,5960.00000,2303
2017-09-04 00:00:00+00:00,5960.40000,5981.60000,5946.10000,5980.00000,20588
2017-09-05 00:00:00+00:00,5980.10000,5984.40000,5889.40000,5934.40000,98225
2017-09-06 00:00:00+00:00,5934.20000,5965.20000,5908.90000,5944.40000,82699
2017-09-07 00:00:00+00:00,5944.50000,5981.30000,5942.00000,5963.80000,75974
2017-09-08 00:00:00+00:00,5963.60000,5966.30000,5907.50000,5917.90000,51435
2017-09-10 00:00:00+00:00,5939.40000,5946.30000,5939.00000,5940.00000,2076
2017-09-11 00:00:00+00:00,5940.10000,5991.60000,5939.80000,5986.50000,45863
2017-09-12 00:00:00+00:00,5986.60000,6004.00000,5967.50000,5998.50000,79652
2017-09-13 00:00:00+00:00,5998.60000,6004.90000,5976.60000,5995.30000,51146
2017-09-14 00:00:00+00:00,5995.30000,6000.80000,5937.00000,5946.80000,47258
2017-09-15 00:00:00+00:00,5946.70000,6008.60000,5945.90000,5990.90000,45695
2017-09-17 00:00:00+00:00,5991.80000,5997.40000,5989.90000,5996.40000,698
2017-09-18 00:00:00+00:00,5996.30000,6010.80000,5960.40000,5982.80000,37367
2017-09-19 00:00:00+00:00,5982.60000,5997.40000,5968.00000,5984.90000,42620
2017-09-20 00:00:00+00:00,5985.00000,5993.40000,5923.60000,5969.80000,62785
2017-09-21 00:00:00+00:00,5969.80000,5972.00000,5912.10000,5934.50000,52931
2017-09-22 00:00:00+00:00,5934.40000,5936.30000,5904.40000,5928.70000,46233
2017-09-24 00:00:00+00:00,5924.00000,5945.50000,5922.80000,5943.30000,1582
2017-09-25 00:00:00+00:00,5943.40000,5947.10000,5835.10000,5867.40000,76840
2017-09-26 00:00:00+00:00,5867.50000,5905.40000,5855.90000,5885.00000,58619
2017-09-27 00:00:00+00:00,5885.10000,5955.90000,5879.50000,5931.30000,58517
2017-09-28 00:00:00+00:00,5931.10000,5941.40000,5904.60000,5927.30000,52030
2017-09-29 00:00:00+00:00,5927.10000,5978.90000,5926.60000,5973.60000,39416
2017-10-01 00:00:00+00:00,5976.00000,5993.10000,5975.90000,5987.00000,1830
2017-10-02 00:00:00+00:00,5986.90000,6003.10000,5951.90000,5975.30000,42785
2017-10-03 00:00:00+00:00,5975.10000,5998.10000,5972.30000,5987.50000,32217
2017-10-04 00:00:00+00:00,5987.40000,6008.90000,5973.40000,5998.30000,35695
2017-10-05 00:00:00+00:00,5998.40000,6061.60000,5994.40000,6057.50000,34649
2017-10-06 00:00:00+00:00,6057.60000,6065.20000,6031.60000,6060.00000,32119
2017-10-08 00:00:00+00:00,6057.20000,6063.80000,6057.20000,6063.30000,582
2017-10-09 00:00:00+00:00,6063.20000,6077.90000,6048.90000,6058.10000,27835
2017-10-10 00:00:00+00:00,6058.10000,6082.40000,6033.30000,6060.30000,43827
2017-10-11 00:00:00+00:00,6060.30000,6080.10000,6047.60000,6076.30000,32685
2017-10-12 00:00:00+00:00,6076.10000,6090.90000,6060.40000,6065.60000,31012
2017-10-13 00:00:00+00:00,6065.80000,6097.90000,6062.60000,6093.60000,30681
2017-10-15 00:00:00+00:00,6095.40000,6101.40000,6095.10000,6099.30000,414
2017-10-16 00:00:00+00:00,6099.30000,6116.40000,6092.00000,6115.90000,28729
2017-10-17 00:00:00+00:00,6116.10000,6122.60000,6099.10000,6122.10000,26119
2017-10-18 00:00:00+00:00,6122.00000,6126.60000,6102.40000,6111.30000,26402
2017-10-19 00:00:00+00:00,6111.20000,6112.60000,6045.30000,6088.90000,61436
2017-10-20 00:00:00+00:00,6089.10000,6123.60000,6084.60000,6104.00000,37385
2017-10-22 00:00:00+00:00,6105.10000,6118.60000,6105.00000,6114.50000,931
2017-10-23 00:00:00+00:00,6114.40000,6118.40000,6055.00000,6063.90000,33851
2017-10-24 00:00:00+00:00,6063.80000,6086.40000,6051.10000,6069.90000,40906
2017-10-25 00:00:00+00:00,6069.80000,6081.40000,6005.30000,6053.90000,73507
2017-10-26 00:00:00+00:00,6053.80000,6090.10000,6029.10000,6084.40000,63734
2017-10-27 00:00:00+00:00,6084.30000,6220.00000,6073.00000,6209.00000,61359
2017-10-29 00:00:00+00:00,6202.00000,6214.80000,6201.40000,6203.00000,1222
2017-10-30 00:00:00+00:00,6203.10000,6245.60000,6196.60000,6215.80000,53487
2017-10-31 00:00:00+00:00,6215.70000,6253.10000,6215.00000,6247.80000,32757
2017-11-01 00:00:00+00:00,6247.90000,6278.90000,6218.10000,6227.00000,58330
2017-11-02 00:00:00+00:00,6227.00000,6257.00000,6187.10000,6249.30000,70454
2017-11-03 00:00:00+00:00,6249.30000,6291.10000,6230.50000,6283.60000,46889
2017-11-05 00:00:00+00:00,6279.60000,6292.10000,6279.30000,6289.10000,632
2017-11-06 00:00:00+00:00,6289.00000,6311.90000,6262.70000,6306.30000,43509
2017-11-07 00:00:00+00:00,6306.10000,6325.90000,6290.90000,6299.30000,54913
2017-11-08 00:00:00+00:00,6299.30000,6340.50000,6297.00000,6336.00000,40781
2017-11-09 00:00:00+00:00,6335.90000,6346.30000,6239.90000,6304.60000,109602
2017-11-10 00:00:00+00:00,6304.10000,6315.90000,6276.30000,6302.50000,57940
2017-11-12 00:00:00+00:00,6308.60000,6314.60000,6306.40000,6313.80000,369
2017-11-13 00:00:00+00:00,6314.00000,6321.30000,6277.50000,6304.60000,44165
2017-11-14 00:00:00+00:00,6304.80000,6314.50000,6260.00000,6286.60000,55825
2017-11-15 00:00:00+00:00,6286.80000,6286.90000,6227.80000,6261.30000,76767
2017-11-16 00:00:00+00:00,6260.90000,6356.60000,6260.10000,6345.70000,43828
2017-11-17 00:00:00+00:00,6345.70000,6349.90000,6307.20000,6308.60000,53158
2017-11-19 00:00:00+00:00,6310.60000,6317.70000,6303.90000,6311.70000,862
2017-11-20 00:00:00+00:00,6311.60000,6327.40000,6290.10000,6313.20000,44975
2017-11-21 00:00:00+00:00,6313.10000,6383.70000,6309.60000,6381.70000,33563
2017-11-22 00:00:00+00:00,6381.50000,6393.20000,6373.70000,6388.80000,27437
2017-11-23 00:00:00+00:00,6388.90000,6396.20000,6374.20000,6381.10000,12371
2017-11-24 00:00:00+00:00,6381.00000,6414.20000,6379.90000,6411.00000,21192
2017-11-26 00:00:00+00:00,6412.00000,6417.90000,6411.60000,6415.50000,359
2017-11-27 00:00:00+00:00,6415.40000,6422.80000,6393.20000,6405.50000,35056
2017-11-28 00:00:00+00:00,6405.60000,6428.30000,6387.90000,6419.40000,40343
2017-11-29 00:00:00+00:00,6419.30000,6427.30000,6282.10000,6306.00000,101273
2017-11-30 00:00:00+00:00,6306.40000,6375.50000,6288.00000,6355.90000,54658
2017-12-01 00:00:00+00:00,6357.20000,6367.80000,6245.20000,6343.40000,179193
2017-12-03 00:00:00+00:00,6388.80000,6390.00000,6371.50000,6379.10000,2075
2017-12-04 00:00:00+00:00,6379.30000,6383.80000,6249.50000,6266.40000,115690
2017-12-05 00:00:00+00:00,6266.30000,6338.50000,6230.90000,6273.90000,102164
2017-12-06 00:00:00+00:00,6274.40000,6306.20000,6231.30000,6302.20000,98230
2017-12-07 00:00:00+00:00,6302.20000,6335.00000,6288.00000,6328.30000,76117
2017-12-08 00:00:00+00:00,6328.00000,6378.60000,6320.10000,6343.30000,44199
2017-12-10 00:00:00+00:00,6345.90000,6352.00000,6343.80000,6349.10000,800
2017-12-11 00:00:00+00:00,6349.30000,6409.50000,6341.10000,6402.50000,55244
2017-12-12 00:00:00+00:00,6402.60000,6407.90000,6372.10000,6379.00000,58216
2017-12-13 00:00:00+00:00,6379.40000,6419.50000,6365.30000,6402.30000,66013
2017-12-14 00:00:00+00:00,6402.40000,6425.60000,6384.60000,6391.00000,66185
2017-12-15 00:00:00+00:00,6391.10000,6484.80000,6382.90000,6482.40000,50204
2017-12-17 00:00:00+00:00,6481.10000,6496.00000,6480.80000,6494.30000,1003
2017-12-18 00:00:00+00:00,6494.40000,6523.90000,6491.40000,6518.80000,44984
2017-12-19 00:00:00+00:00,6518.90000,6527.60000,6461.80000,6491.40000,48487
2017-12-20 00:00:00+00:00,6491.40000,6510.90000,6445.40000,6466.90000,50125
2017-12-21 00:00:00+00:00,6467.00000,6502.60000,6460.30000,6477.60000,44664
2017-12-22 00:00:00+00:00,6477.40000,6483.50000,6449.60000,6465.80000,33934
2017-12-25 00:00:00+00:00,6467.40000,6473.50000,6467.40000,6472.90000,381
2017-12-26 00:00:00+00:00,6473.00000,6473.90000,6414.50000,6444.80000,26436
2017-12-27 00:00:00+00:00,6444.60000,6457.40000,6424.10000,6436.40000,32781
2017-12-28 00:00:00+00:00,6436.60000,6459.40000,6424.40000,6430.50000,20449
2017-12-29 00:00:00+00:00,6430.60000,6449.60000,6365.60000,6366.50000,33643
2018-01-01 00:00:00+00:00,6387.40000,6399.10000,6383.90000,6398.90000,681
2018-01-02 00:00:00+00:00,6398.80000,6505.10000,6379.60000,6498.80000,39027
2018-01-03 00:00:00+00:00,6498.70000,6575.00000,6498.10000,6568.80000,34720
2018-01-04 00:00:00+00:00,6568.60000,6601.10000,6564.70000,6588.60000,43813
2018-01-05 00:00:00+00:00,6589.00000,6652.90000,6584.00000,6650.30000,36372
2018-01-07 00:00:00+00:00,6650.50000,6665.00000,6650.40000,6657.80000,1031
2018-01-08 00:00:00+00:00,6657.60000,6677.10000,6637.40000,6675.50000,33720
2018-01-09 00:00:00+00:00,6675.60000,6691.20000,6651.40000,6668.40000,42577
2018-01-10 00:00:00+00:00,6668.60000,6670.00000,6612.20000,6658.70000,69143
2018-01-11 00:00:00+00:00,6659.00000,6713.60000,6648.40000,6705.30000,43365
2018-01-12 00:00:00+00:00,6704.80000,6762.40000,6688.20000,6757.80000,49196
2018-01-14 00:00:00+00:00,6767.30000,6773.90000,6766.60000,6772.30000,979
2018-01-15 00:00:00+00:00,6771.90000,6783.40000,6758.10000,6764.10000,17404
2018-01-16 00:00:00+00:00,6764.10000,6830.60000,6714.20000,6736.30000,103200
2018-01-17 00:00:00+00:00,6736.40000,6819.40000,6734.40000,6815.60000,86751
2018-01-18 00:00:00+00:00,6815.50000,6823.20000,6781.00000,6806.20000,82921
2018-01-19 00:00:00+00:00,6806.30000,6841.40000,6786.60000,6834.80000,70494
2018-01-21 00:00:00+00:00,6815.80000,6828.30000,6809.30000,6823.00000,1509
2018-01-22 00:00:00+00:00,6822.60000,6926.40000,6816.10000,6915.60000,50743
2018-01-23 00:00:00+00:00,6915.80000,6966.20000,6905.00000,6944.70000,73613
2018-01-24 00:00:00+00:00,6945.10000,6988.80000,6873.60000,6914.10000,128469
2018-01-25 00:00:00+00:00,6914.00000,6972.30000,6887.20000,6926.60000,114394
2018-01-26 00:00:00+00:00,6926.90000,7019.40000,6923.90000,7016.00000,71798
2018-01-28 00:00:00+00:00,7015.60000,7028.30000,7015.50000,7026.20000,1939
2018-01-29 00:00:00+00:00,7026.20000,7032.10000,6965.20000,6989.60000,185312
2018-01-30 00:00:00+00:00,6989.40000,6991.30000,6887.80000,6927.30000,307289
2018-01-31 00:00:00+00:00,6927.60000,6976.80000,6907.80000,6954.90000,237914
2018-02-01 00:00:00+00:00,6956.60000,6973.60000,6870.80000,6939.70000,274179
2018-02-02 00:00:00+00:00,6939.60000,6940.90000,6738.40000,6739.00000,414261
2018-02-04 00:00:00+00:00,6744.60000,6745.40000,6696.20000,6713.30000,9245
2018-02-05 00:00:00+00:00,6713.20000,6799.60000,6375.40000,6436.40000,647082
2018-02-06 00:00:00+00:00,6436.40000,6664.20000,6246.90000,6627.60000,835317
2018-02-07 00:00:00+00:00,6627.90000,6705.80000,6479.00000,6486.10000,501279
2018-02-08 00:00:00+00:00,6486.00000,6606.20000,6285.20000,6300.40000,496419
2018-02-09 00:00:00+00:00,6300.90000,6444.40000,6153.40000,6414.90000,637246
2018-02-11 00:00:00+00:00,6424.00000,6432.20000,6403.30000,6428.60000,9787
2018-02-12 00:00:00+00:00,6428.60000,6558.80000,6417.00000,6518.90000,389426
2018-02-13 00:00:00+00:00,6518.90000,6562.20000,6462.30000,6555.00000,377865
2018-02-14 00:00:00+00:00,6555.10000,6685.20000,6446.50000,6671.80000,429230
2018-02-15 00:00:00+00:00,6672.00000,6822.60000,6664.40000,6818.10000,359357
2018-02-16 00:00:00+00:00,6818.00000,6854.00000,6759.20000,6779.00000,336250
2018-02-18 00:00:00+00:00,6785.00000,6802.60000,6784.90000,6799.80000,2661
2018-02-19 00:00:00+00:00,6799.70000,6816.30000,6755.40000,6783.60000,57713
2018-02-20 00:00:00+00:00,6783.60000,6840.60000,6720.40000,6799.60000,316863
2018-02-21 00:00:00+00:00,6799.60000,6882.60000,6714.50000,6719.70000,317535
2018-02-22 00:00:00+00:00,6719.70000,6828.80000,6693.00000,6788.80000,324105
2018-02-23 00:00:00+00:00,6788.80000,6910.90000,6780.20000,6900.50000,223463
2018-02-25 00:00:00+00:00,6921.60000,6924.20000,6910.70000,6912.60000,2996
2018-02-26 00:00:00+00:00,6912.20000,7005.00000,6887.70000,6998.80000,217379
2018-02-27 00:00:00+00:00,6998.90000,7006.50000,6901.80000,6924.40000,394963
2018-02-28 00:00:00+00:00,6924.40000,6968.80000,6856.40000,6880.40000,359151
2018-03-01 00:00:00+00:00,6880.40000,6897.00000,6687.80000,6769.00000,670764
2018-03-02 00:00:00+00:00,6769.00000,6822.40000,6645.40000,6807.80000,609940
2018-03-04 00:00:00+00:00,6794.20000,6801.20000,6778.30000,6792.20000,5929
2018-03-05 00:00:00+00:00,6792.60000,6903.80000,6741.60000,6880.80000,421484
2018-03-06 00:00:00+00:00,6881.00000,6938.60000,6818.00000,6825.30000,381667
2018-03-07 00:00:00+00:00,6825.00000,6936.20000,6797.60000,6919.50000,391505
2018-03-08 00:00:00+00:00,6919.60000,6982.40000,6913.50000,6975.10000,275433
2018-03-09 00:00:00+00:00,6975.00000,7103.30000,6962.50000,7097.00000,164946
2018-03-11 00:00:00+00:00,7092.80000,7123.70000,7092.80000,7119.90000,2880
2018-03-12 00:00:00+00:00,7120.00000,7158.60000,7109.00000,7130.30000,169125
2018-03-13 00:00:00+00:00,7130.30000,7188.00000,7021.80000,7039.00000,263629
2018-03-14 00:00:00+00:00,7038.80000,7097.50000,7011.80000,7038.10000,401584
2018-03-15 00:00:00+00:00,7037.90000,7075.20000,7002.30000,7055.20000,264956
2018-03-16 00:00:00+00:00,7055.00000,7059.60000,7008.20000,7020.60000,188929
2018-03-18 00:00:00+00:00,7015.40000,7016.80000,7006.40000,7012.10000,4744
2018-03-19 00:00:00+00:00,7012.10000,7016.30000,6796.20000,6860.30000,401785
2018-03-20 00:00:00+00:00,6860.60000,6902.80000,6838.20000,6887.80000,298360
2018-03-21 00:00:00+00:00,6887.80000,6925.80000,6817.60000,6860.40000,334684
2018-03-22 00:00:00+00:00,6860.30000,6890.90000,6610.60000,6611.70000,604003
2018-03-23 00:00:00+00:00,6611.40000,6697.20000,6495.40000,6524.30000,717550
2018-03-25 00:00:00+00:00,6518.80000,6550.40000,6501.10000,6545.70000,12444
2018-03-26 00:00:00+00:00,6545.60000,6763.70000,6529.40000,6763.40000,537870
2018-03-27 00:00:00+00:00,6763.40000,6826.10000,6467.00000,6527.40000,654888
2018-03-28 00:00:00+00:00,6527.40000,6559.00000,6398.00000,6469.20000,854258
2018-03-29 00:00:00+00:00,6469.00000,6630.20000,6420.80000,6546.80000,562514
2018-04-01 00:00:00+00:00,6542.10000,6564.60000,6525.90000,6535.80000,6443
2018-04-02 00:00:00+00:00,6536.20000,6553.40000,6303.80000,6389.20000,598623
2018-04-03 00:00:00+00:00,6389.40000,6473.40000,6328.40000,6432.40000,586052
2018-04-04 00:00:00+00:00,6432.60000,6580.60000,6283.70000,6577.40000,613783
2018-04-05 00:00:00+00:00,6577.90000,6632.20000,6471.00000,6505.00000,483206
2018-04-06 00:00:00+00:00,6504.90000,6579.40000,6388.90000,6436.20000,579395
2018-04-08 00:00:00+00:00,6453.20000,6464.20000,6440.60000,6459.40000,6313
2018-04-09 00:00:00+00:00,6459.40000,6598.00000,6449.20000,6463.10000,407508
2018-04-10 00:00:00+00:00,6463.00000,6631.80000,6451.80000,6591.30000,551420
2018-04-11 00:00:00+00:00,6591.50000,6643.40000,6531.20000,6592.60000,404706
2018-04-12 00:00:00+00:00,6592.60000,6673.80000,6569.90000,6635.00000,309436
2018-04-13 00:00:00+00:00,6635.40000,6692.60000,6586.40000,6622.50000,275740
2018-04-15 00:00:00+00:00,6671.00000,6678.20000,6652.70000,6669.00000,5426
2018-04-16 00:00:00+00:00,6668.80000,6701.60000,6619.40000,6684.20000,259076
2018-04-17 00:00:00+00:00,6684.40000,6824.60000,6683.60000,6811.80000,208904
2018-04-18 00:00:00+00:00,6811.70000,6847.00000,6777.00000,6843.10000,214797
2018-04-19 00:00:00+00:00,6842.90000,6846.20000,6735.20000,6757.80000,293465
2018-04-20 00:00:00+00:00,6757.80000,6770.00000,6626.60000,6655.80000,294183
2018-04-22 00:00:00+00:00,6686.20000,6690.80000,6662.60000,6675.80000,4516
2018-04-23 00:00:00+00:00,6675.30000,6707.80000,6596.80000,6651.20000,303497
2018-04-24 00:00:00+00:00,6651.00000,6697.60000,6447.40000,6512.40000,529756
2018-04-25 00:00:00+00:00,6512.40000,6584.30000,6409.40000,6577.80000,487925
2018-04-26 00:00:00+00:00,6577.80000,6734.30000,6539.50000,6729.30000,298150
2018-04-27 00:00:00+00:00,6729.40000,6752.10000,6602.80000,6651.60000,323249
2018-04-29 00:00:00+00:00,6648.00000,6672.60000,6647.20000,6656.60000,3111
2018-04-30 00:00:00+00:00,6656.60000,6697.80000,6575.60000,6599.60000,299654
2018-05-01 00:00:00+00:00,6599.00000,6719.70000,6558.80000,6701.90000,283436
2018-05-02 00:00:00+00:00,6702.20000,6709.20000,6606.40000,6615.00000,318535
2018-05-03 00:00:00+00:00,6615.10000,6654.00000,6518.80000,6628.40000,466412
2018-05-04 00:00:00+00:00,6628.60000,6769.40000,6591.60000,6759.20000,292963
2018-05-06 00:00:00+00:00,6757.80000,6785.70000,6753.80000,6777.80000,6060
2018-05-07 00:00:00+00:00,6777.80000,6832.20000,6771.20000,6799.60000,244141
2018-05-08 00:00:00+00:00,6799.70000,6818.40000,6753.20000,6797.80000,326372
2018-05-09 00:00:00+00:00,6797.50000,6886.20000,6791.40000,6878.40000,217929
2018-05-10 00:00:00+00:00,6878.60000,6955.20000,6875.30000,6947.20000,193969
2018-05-11 00:00:00+00:00,6947.60000,6963.40000,6913.60000,6943.40000,190207
2018-05-13 00:00:00+00:00,6952.40000,6968.80000,6950.40000,6967.70000,2892
2018-05-14 00:00:00+00:00,6967.90000,6998.60000,6940.60000,6957.00000,156773
2018-05-15 00:00:00+00:00,6957.10000,6961.40000,6841.40000,6870.20000,280784
2018-05-16 00:00:00+00:00,6870.20000,6943.20000,6869.20000,6931.80000,175860
2018-05-17 00:00:00+00:00,6931.80000,6953.40000,6866.60000,6905.30000,197437
2018-05-18 00:00:00+00:00,6905.80000,6927.20000,6855.60000,6867.30000,207362
2018-05-20 00:00:00+00:00,6925.40000,6940.70000,6914.30000,6924.80000,4933
2018-05-21 00:00:00+00:00,6924.60000,6950.40000,6874.80000,6904.50000,160459
2018-05-22 00:00:00+00:00,6904.60000,6948.40000,6883.80000,6895.10000,154345
2018-05-23 00:00:00+00:00,6894.90000,6956.10000,6823.40000,6944.40000,242704
2018-05-24 00:00:00+00:00,6944.60000,6968.30000,6880.00000,6959.80000,246068
2018-05-25 00:00:00+00:00,6959.90000,6999.10000,6940.20000,6963.40000,199913
2018-05-27 00:00:00+00:00,6987.60000,6990.70000,6976.90000,6988.40000,2548
2018-05-28 00:00:00+00:00,6988.40000,7004.40000,6967.30000,6985.80000,53777
2018-05-29 00:00:00+00:00,6985.70000,6986.80000,6887.80000,6930.60000,399917
2018-05-30 00:00:00+00:00,6930.60000,6993.00000,6915.90000,6975.30000,226225
2018-05-31 00:00:00+00:00,6975.30000,7022.60000,6957.40000,6980.60000,69307
2018-06-01 00:00:00+00:00,6982.70000,7089.40000,6978.40000,7084.40000,174591
2018-06-03 00:00:00+00:00,7075.10000,7087.00000,7071.80000,7086.20000,2353
2018-06-04 00:00:00+00:00,7086.30000,7150.40000,7084.40000,7146.50000,157740
2018-06-05 00:00:00+00:00,7146.50000,7186.20000,7136.30000,7180.20000,141147
2018-06-06 00:00:00+00:00,7180.20000,7221.20000,7141.20000,7212.40000,156875
2018-06-07 00:00:00+00:00,7212.30000,7233.10000,7115.80000,7156.40000,233110
2018-06-08 00:00:00+00:00,7156.50000,7163.00000,7076.90000,7149.80000,145623
2018-06-10 00:00:00+00:00,7131.00000,7142.60000,7127.70000,7138.30000,2905
2018-06-11 00:00:00+00:00,7138.30000,7188.80000,7133.30000,7175.30000,119604
2018-06-12 00:00:00+00:00,7175.30000,7223.20000,7155.50000,7220.70000,93350
2018-06-13 00:00:00+00:00,7220.80000,7263.20000,7192.60000,7207.70000,144956
2018-06-14 00:00:00+00:00,7207.70000,7294.80000,7178.20000,7284.40000,181509
2018-06-15 00:00:00+00:00,7284.60000,7292.30000,7219.20000,7251.80000,223234
2018-06-17 00:00:00+00:00,7249.60000,7263.10000,7249.60000,7256.60000,2631
2018-06-18 00:00:00+00:00,7256.40000,7256.80000,7182.80000,7206.80000,168198
2018-06-19 00:00:00+00:00,7207.00000,7235.70000,7132.00000,7234.90000,304891
2018-06-20 00:00:00+00:00,7234.80000,7310.20000,7201.00000,7296.10000,202484
2018-06-21 00:00:00+00:00,7295.90000,7332.00000,7197.40000,7206.20000,322107
2018-06-22 00:00:00+00:00,7206.10000,7249.10000,7173.60000,7193.90000,210994
2018-06-24 00:00:00+00:00,7195.80000,7197.60000,7181.60000,7195.80000,3339
2018-06-25 00:00:00+00:00,7195.80000,7197.40000,6970.80000,7037.60000,453765
2018-06-26 00:00:00+00:00,7038.10000,7105.00000,7015.60000,7079.10000,337287
2018-06-27 00:00:00+00:00,7079.40000,7126.60000,6963.30000,6985.80000,453820
2018-06-28 00:00:00+00:00,6986.10000,7052.00000,6931.00000,7036.90000,459240
2018-06-29 00:00:00+00:00,7037.10000,7099.40000,7021.40000,7043.40000,290781
2018-07-01 00:00:00+00:00,7052.20000,7056.60000,7021.60000,7047.20000,5616
2018-07-02 00:00:00+00:00,7047.40000,7095.40000,6963.40000,7091.40000,306828
2018-07-03 00:00:00+00:00,7091.50000,7140.90000,6992.60000,7003.20000,233407
2018-07-04 00:00:00+00:00,7003.40000,7029.60000,7000.80000,7015.70000,55654
2018-07-05 00:00:00+00:00,7015.80000,7104.60000,6994.30000,7080.10000,288497
2018-07-06 00:00:00+00:00,7079.90000,7216.60000,7078.40000,7210.00000,246708
2018-07-08 00:00:00+00:00,7217.10000,7221.50000,7213.10000,7218.10000,2062
2018-07-09 00:00:00+00:00,7217.90000,7295.40000,7216.60000,7292.20000,168328
2018-07-10 00:00:00+00:00,7292.30000,7314.20000,7220.10000,7222.70000,184952
2018-07-11 00:00:00+00:00,7222.80000,7268.80000,7183.60000,7237.70000,269031
2018-07-12 00:00:00+00:00,7238.00000,7377.80000,7234.60000,7375.00000,199087
2018-07-13 00:00:00+00:00,7375.30000,7393.00000,7346.20000,7375.70000,175520
2018-07-15 00:00:00+00:00,7385.80000,7391.70000,7380.00000,7386.70000,2117
2018-07-16 00:00:00+00:00,7386.80000,7392.40000,7295.10000,7308.30000,180393
2018-07-17 00:00:00+00:00,7308.30000,7414.80000,7271.60000,7410.80000,196927
2018-07-18 00:00:00+00:00,7410.90000,7416.60000,7360.80000,7386.10000,158890
2018-07-19 00:00:00+00:00,7385.90000,7395.00000,7333.90000,7366.10000,201931
2018-07-20 00:00:00+00:00,7365.90000,7392.60000,7329.90000,7344.70000,195606
2018-07-22 00:00:00+00:00,7352.60000,7353.20000,7342.90000,7342.90000,2294
2018-07-23 00:00:00+00:00,7342.90000,7421.10000,7290.60000,7416.40000,182787
2018-07-24 00:00:00+00:00,7416.20000,7468.80000,7365.60000,7392.40000,242813
2018-07-25 00:00:00+00:00,7392.10000,7508.60000,7367.60000,7392.30000,221877
2018-07-26 00:00:00+00:00,7392.30000,7429.20000,7340.50000,7414.20000,254689
2018-07-27 00:00:00+00:00,7414.30000,7446.60000,7243.40000,7280.60000,325473
2018-07-29 00:00:00+00:00,7274.70000,7279.40000,7270.10000,7271.50000,2232
2018-07-30 00:00:00+00:00,7271.30000,7289.30000,7146.80000,7190.90000,334982
2018-07-31 00:00:00+00:00,7191.00000,7277.90000,7169.40000,7250.80000,292614
2018-08-01 00:00:00+00:00,7253.00000,7283.80000,7221.20000,7267.90000,265682
2018-08-02 00:00:00+00:00,7267.90000,7374.40000,7194.10000,7368.60000,255746
2018-08-03 00:00:00+00:00,7368.80000,7394.90000,7342.40000,7385.90000,211180
2018-08-05 00:00:00+00:00,7391.80000,7392.10000,7383.40000,7384.90000,1531
2018-08-06 00:00:00+00:00,7384.70000,7429.60000,7367.60000,7424.40000,174133
2018-08-07 00:00:00+00:00,7424.40000,7468.60000,7423.20000,7456.20000,157651
2018-08-08 00:00:00+00:00,7456.30000,7478.60000,7425.60000,7451.70000,138629
2018-08-09 00:00:00+00:00,7451.60000,7488.40000,7441.90000,7448.90000,130086
2018-08-10 00:00:00+00:00,7449.20000,7450.80000,7373.60000,7415.60000,221314
2018-08-12 00:00:00+00:00,7396.80000,7402.00000,7383.60000,7394.80000,3932
2018-08-13 00:00:00+00:00,7395.20000,7466.80000,7362.00000,7412.10000,250702
2018-08-14 00:00:00+00:00,7411.80000,7453.40000,7386.20000,7449.40000,184616
2018-08-15 00:00:00+00:00,7449.40000,7453.70000,7308.10000,7362.30000,332202
2018-08-16 00:00:00+00:00,7362.10000,7426.60000,7354.40000,7367.40000,201225
2018-08-17 00:00:00+00:00,7367.60000,7399.40000,7314.40000,7382.80000,212272
2018-08-19 00:00:00+00:00,7382.60000,7392.40000,7382.60000,7387.50000,448
2018-08-20 00:00:00+00:00,7387.40000,7413.30000,7347.60000,7374.40000,47912
2018-08-21 00:00:00+00:00,7374.30000,7448.40000,7348.40000,7356.90000,34150
2018-08-22 00:00:00+00:00,7356.20000,7440.80000,7351.40000,7432.70000,45927
2018-08-23 00:00:00+00:00,7432.50000,7471.40000,7408.00000,7424.00000,48092
2018-08-24 00:00:00+00:00,7423.80000,7495.80000,7421.10000,7492.30000,37136
2018-08-26 00:00:00+00:00,7497.10000,7521.20000,7495.50000,7521.20000,554
2018-08-27 00:00:00+00:00,7520.70000,7578.30000,7513.20000,7578.00000,36336
2018-08-28 00:00:00+00:00,7578.60000,7593.60000,7561.00000,7583.30000,35632
2018-08-29 00:00:00+00:00,7583.30000,7672.20000,7578.20000,7667.00000,34435
2018-08-30 00:00:00+00:00,7666.70000,7694.80000,7624.40000,7638.30000,60162
2018-08-31 00:00:00+00:00,7638.50000,7680.20000,7631.20000,7671.40000,48257
2018-09-02 00:00:00+00:00,7671.60000,7673.10000,7662.70000,7671.50000,479
2018-09-03 00:00:00+00:00,7671.20000,7684.60000,7656.40000,7671.50000,7509
2018-09-04 00:00:00+00:00,7671.80000,7691.20000,7584.80000,7632.30000,69394
2018-09-05 00:00:00+00:00,7632.10000,7641.30000,7501.80000,7525.30000,89203
2018-09-06 00:00:00+00:00,7525.40000,7543.00000,7406.40000,7450.20000,335127
2018-09-07 00:00:00+00:00,7450.20000,7494.00000,7393.20000,7433.20000,376050
2018-09-09 00:00:00+00:00,7432.30000,7448.10000,7431.60000,7441.30000,3101
2018-09-10 00:00:00+00:00,7441.30000,7483.00000,7413.60000,7464.30000,265147
2018-09-11 00:00:00+00:00,7464.20000,7524.20000,7404.20000,7517.50000,226610
2018-09-12 00:00:00+00:00,7517.40000,7540.50000,7424.40000,7482.80000,316228
2018-09-13 00:00:00+00:00,7482.60000,7582.60000,7470.10000,7570.80000,223678
2018-09-14 00:00:00+00:00,7570.90000,7598.60000,7515.40000,7545.00000,153666
2018-09-16 00:00:00+00:00,7534.00000,7536.10000,7523.30000,7527.90000,2593
2018-09-17 00:00:00+00:00,7527.80000,7547.00000,7394.00000,7395.40000,164328
2018-09-18 00:00:00+00:00,7395.60000,7535.00000,7394.40000,7498.30000,142804
2018-09-19 00:00:00+00:00,7498.20000,7519.00000,7444.00000,7507.90000,187174
2018-09-20 00:00:00+00:00,7507.90000,7589.60000,7486.90000,7582.90000,176675
2018-09-21 00:00:00+00:00,7583.00000,7610.00000,7520.80000,7520.80000,185928
2018-09-23 00:00:00+00:00,7512.40000,7512.90000,7484.00000,7497.70000,4659
2018-09-24 00:00:00+00:00,7497.50000,7566.80000,7446.80000,7558.30000,225651
2018-09-25 00:00:00+00:00,7558.30000,7578.90000,7523.80000,7576.90000,173503
2018-09-26 00:00:00+00:00,7576.70000,7640.80000,7550.40000,7576.90000,200581
2018-09-27 00:00:00+00:00,7576.90000,7659.40000,7559.40000,7634.80000,164731
2018-09-28 00:00:00+00:00,7634.70000,7649.50000,7590.20000,7640.70000,212434
2018-09-30 00:00:00+00:00,7648.50000,7668.60000,7648.50000,7659.30000,3995
2018-10-01 00:00:00+00:00,7660.20000,7701.60000,7625.00000,7648.80000,164093
2018-10-02 00:00:00+00:00,7649.40000,7685.60000,7603.40000,7624.80000,219716
2018-10-03 00:00:00+00:00,7624.90000,7677.60000,7614.60000,7619.80000,220174
2018-10-04 00:00:00+00:00,7619.90000,7621.80000,7430.80000,7494.00000,360225
2018-10-05 00:00:00+00:00,7494.30000,7513.90000,7321.20000,7412.10000,445636
2018-10-07 00:00:00+00:00,7421.50000,7426.50000,7387.00000,7397.30000,6336
2018-10-08 00:00:00+00:00,7397.10000,7419.60000,7260.60000,7359.30000,470337
2018-10-09 00:00:00+00:00,7359.10000,7431.40000,7311.10000,7379.00000,406297
2018-10-10 00:00:00+00:00,7379.10000,7388.00000,6976.10000,6991.40000,721672
2018-10-11 00:00:00+00:00,6991.40000,7113.60000,6884.20000,7047.80000,856764
2018-10-12 00:00:00+00:00,7048.00000,7174.40000,7012.40000,7161.20000,535830
2018-10-14 00:00:00+00:00,7152.30000,7152.30000,7113.00000,7143.80000,10398
2018-10-15 00:00:00+00:00,7143.60000,7148.60000,7037.80000,7076.40000,473043
2018-10-16 00:00:00+00:00,7076.60000,7332.10000,7069.90000,7322.80000,369285
2018-10-17 00:00:00+00:00,7322.90000,7345.50000,7198.60000,7258.80000,489842
2018-10-18 00:00:00+00:00,7259.30000,7281.90000,7071.60000,7119.50000,521647
2018-10-19 00:00:00+00:00,7119.90000,7221.20000,7070.50000,7082.30000,476198
2018-10-21 00:00:00+00:00,7047.00000,7068.00000,7039.70000,7059.30000,9990
2018-10-22 00:00:00+00:00,7059.60000,7187.40000,7034.30000,7117.00000,523414
2018-10-23 00:00:00+00:00,7117.40000,7140.80000,6921.20000,7113.60000,650487
2018-10-24 00:00:00+00:00,7113.60000,7151.40000,6763.00000,6809.80000,727793
2018-10-25 00:00:00+00:00,6810.00000,7052.60000,6810.00000,6862.40000,637545
2018-10-26 00:00:00+00:00,6862.70000,6963.40000,6711.80000,6846.40000,889957
2018-10-28 00:00:00+00:00,6872.00000,6926.00000,6868.40000,6898.00000,10316
2018-10-29 00:00:00+00:00,6898.20000,6968.60000,6557.60000,6705.00000,736109
2018-10-30 00:00:00+00:00,6705.00000,6835.90000,6638.00000,6813.60000,776100
2018-10-31 00:00:00+00:00,6813.50000,7017.20000,6793.90000,6952.80000,620753
2018-11-01 00:00:00+00:00,6951.90000,7057.60000,6914.80000,6994.50000,534756
2018-11-02 00:00:00+00:00,6994.40000,7121.30000,6889.80000,6954.00000,638485
2018-11-04 00:00:00+00:00,6949.40000,6953.70000,6930.60000,6935.80000,3829
2018-11-05 00:00:00+00:00,6935.80000,6976.50000,6843.20000,6929.80000,413128
2018-11-06 00:00:00+00:00,6930.10000,7012.60000,6884.90000,6976.80000,389979
2018-11-07 00:00:00+00:00,6976.10000,7204.50000,6949.80000,7191.80000,474043
2018-11-08 00:00:00+00:00,7191.60000,7210.90000,7112.40000,7136.60000,418366
2018-11-09 00:00:00+00:00,7136.20000,7146.30000,6971.20000,7011.60000,457701
2018-11-11 00:00:00+00:00,7008.80000,7019.60000,6994.60000,7015.60000,4020
2018-11-12 00:00:00+00:00,7015.30000,7085.50000,6811.20000,6820.20000,587176
2018-11-13 00:00:00+00:00,6820.00000,6946.60000,6786.30000,6865.20000,652082
2018-11-14 00:00:00+00:00,6864.80000,6916.40000,6733.40000,6761.20000,678738
2018-11-15 00:00:00+00:00,6761.50000,6909.60000,6701.20000,6859.80000,652630
2018-11-16 00:00:00+00:00,6860.00000,6905.80000,6795.30000,6888.60000,548604
2018-11-18 00:00:00+00:00,6863.60000,6866.00000,6845.80000,6860.00000,4255
2018-11-19 00:00:00+00:00,6860.00000,6926.10000,6624.60000,6645.80000,647012
2018-11-20 00:00:00+00:00,6645.40000,6655.30000,6441.60000,6510.80000,852934
2018-11-21 00:00:00+00:00,6510.60000,6639.60000,6509.80000,6577.60000,519500
2018-11-22 00:00:00+00:00,6577.50000,6589.80000,6499.20000,6536.40000,105181
2018-11-23 00:00:00+00:00,6536.30000,6593.80000,6487.60000,6523.40000,274844
2018-11-25 00:00:00+00:00,6527.00000,6548.40000,6523.10000,6545.80000,4329
2018-11-26 00:00:00+00:00,6546.00000,6689.40000,6542.60000,6635.80000,404045
2018-11-27 00:00:00+00:00,6635.80000,6723.60000,6606.60000,6714.80000,465449
2018-11-28 00:00:00+00:00,6714.80000,6916.40000,6702.40000,6904.00000,456682
2018-11-29 00:00:00+00:00,6904.00000,6937.20000,6836.80000,6896.50000,427073
2018-11-30 00:00:00+00:00,6896.60000,6961.10000,6865.20000,6959.30000,303196
2018-12-02 00:00:00+00:00,7049.40000,7097.10000,7048.20000,7078.00000,10630
2018-12-03 00:00:00+00:00,7078.00000,7132.70000,7009.80000,7038.90000,467070
2018-12-04 00:00:00+00:00,7039.00000,7045.60000,6777.30000,6818.40000,716512
2018-12-05 00:00:00+00:00,6818.20000,6855.60000,6639.10000,6741.10000,74175
2018-12-06 00:00:00+00:00,6741.20000,6850.00000,6625.50000,6843.30000,756376
2018-12-07 00:00:00+00:00,6843.20000,6852.10000,6592.00000,6628.30000,722562
2018-12-09 00:00:00+00:00,6598.00000,6606.80000,6554.90000,6568.60000,11408
2018-12-10 00:00:00+00:00,6568.80000,6712.80000,6533.80000,6678.00000,655550
2018-12-11 00:00:00+00:00,6678.20000,6807.10000,6649.40000,6703.80000,511881
2018-12-12 00:00:00+00:00,6703.80000,6870.40000,6691.60000,6790.40000,444132
2018-12-13 00:00:00+00:00,6790.30000,6836.80000,6721.80000,6750.80000,420815
2018-12-14 00:00:00+00:00,6750.20000,6759.20000,6583.60000,6583.60000,324639
2018-12-16 00:00:00+00:00,6578.00000,6612.60000,6577.40000,6612.60000,1550
2018-12-17 00:00:00+00:00,6613.40000,6635.20000,6401.20000,6491.60000,354557
2018-12-18 00:00:00+00:00,6491.80000,6555.80000,6436.20000,6471.40000,265823
2018-12-19 00:00:00+00:00,6471.50000,6589.60000,6281.10000,6353.50000,407022
2018-12-20 00:00:00+00:00,6353.60000,6385.60000,6161.80000,6289.50000,630354
2018-12-21 00:00:00+00:00,6289.40000,6318.00000,6010.20000,6060.90000,555237
2018-12-23 00:00:00+00:00,6015.70000,6054.30000,5995.50000,6043.50000,10258
2018-12-24 00:00:00+00:00,6043.60000,6103.30000,5868.80000,5871.00000,388136
2018-12-25 00:00:00+00:00,5889.70000,5895.40000,5802.40000,5882.60000,9145
2018-12-26 00:00:00+00:00,5882.20000,6288.90000,5817.80000,6239.20000,520594
2018-12-27 00:00:00+00:00,6239.50000,6312.90000,6034.20000,6268.20000,651805
2018-12-28 00:00:00+00:00,6268.00000,6382.60000,6223.80000,6276.60000,575347
2018-12-30 00:00:00+00:00,6308.40000,6336.30000,6308.40000,6322.50000,4823
2018-12-31 00:00:00+00:00,6322.60000,6356.40000,6263.20000,6332.00000,328109
2019-01-01 00:00:00+00:00,6326.20000,6359.50000,6326.20000,6352.80000,3696
2019-01-02 00:00:00+00:00,6352.80000,6389.60000,6134.20000,6199.20000,581401
2019-01-03 00:00:00+00:00,6199.60000,6285.20000,6130.20000,6148.60000,619894
2019-01-04 00:00:00+00:00,6148.60000,6445.00000,6118.40000,6414.90000,536392
2019-01-06 00:00:00+00:00,6427.80000,6436.60000,6422.80000,6434.30000,4972
2019-01-07 00:00:00+00:00,6434.40000,6518.60000,6386.10000,6479.00000,451356
2019-01-08 00:00:00+00:00,6479.10000,6569.20000,6450.40000,6552.90000,485434
2019-01-09 00:00:00+00:00,6552.80000,6627.80000,6543.40000,6575.80000,476726
2019-01-10 00:00:00+00:00,6576.10000,6624.40000,6510.60000,6598.80000,445299
2019-01-11 00:00:00+00:00,6599.60000,6615.30000,6555.20000,6597.60000,320457
2019-01-13 00:00:00+00:00,6583.50000,6583.50000,6561.00000,6561.80000,4172
2019-01-14 00:00:00+00:00,6561.70000,6567.40000,6504.80000,6534.80000,281650
2019-01-15 00:00:00+00:00,6534.90000,6674.70000,6534.40000,6674.00000,357656
2019-01-16 00:00:00+00:00,6674.20000,6719.00000,6642.50000,6642.90000,294000
2019-01-17 00:00:00+00:00,6643.10000,6742.80000,6595.40000,6698.40000,338471
2019-01-18 00:00:00+00:00,6698.50000,6810.40000,6696.30000,6789.40000,334759
2019-01-20 00:00:00+00:00,6775.60000,6776.40000,6760.50000,6763.70000,2459
2019-01-21 00:00:00+00:00,6763.60000,6768.10000,6724.40000,6753.30000,84551
2019-01-22 00:00:00+00:00,6753.40000,6760.90000,6594.60000,6636.60000,380211
2019-01-23 00:00:00+00:00,6636.50000,6706.80000,6575.40000,6644.00000,380443
2019-01-24 00:00:00+00:00,6643.90000,6701.20000,6636.50000,6669.80000,374420
2019-01-25 00:00:00+00:00,6669.60000,6793.20000,6665.30000,6778.80000,290502
2019-01-27 00:00:00+00:00,6767.40000,6774.00000,6756.30000,6757.80000,3270
2019-01-28 00:00:00+00:00,6757.60000,6768.30000,6631.60000,6663.90000,335763
2019-01-29 00:00:00+00:00,6663.80000,6703.90000,6599.80000,6662.50000,289168
2019-01-30 00:00:00+00:00,6662.40000,6849.60000,6640.60000,6848.40000,345106
2019-01-31 00:00:00+00:00,6848.50000,6926.80000,6823.40000,6875.30000,324544
2019-02-01 00:00:00+00:00,6874.80000,6911.20000,6844.60000,6862.80000,331068
2019-02-03 00:00:00+00:00,6844.80000,6864.80000,6842.30000,6861.60000,2195
2019-02-04 00:00:00+00:00,6861.50000,6965.50000,6849.60000,6921.30000,194994
2019-02-05 00:00:00+00:00,6921.70000,7017.60000,6912.50000,6997.80000,192481
2019-02-06 00:00:00+00:00,6997.60000,7022.80000,6957.60000,6977.80000,216625
2019-02-07 00:00:00+00:00,6977.80000,6979.90000,6843.40000,6871.80000,351558
2019-02-08 00:00:00+00:00,6871.90000,6914.00000,6829.20000,6912.10000,287323
2019-02-10 00:00:00+00:00,6922.10000,6927.90000,6901.10000,6901.50000,2248
2019-02-11 00:00:00+00:00,6901.60000,6957.40000,6884.30000,6903.30000,246657
2019-02-12 00:00:00+00:00,6903.10000,7017.20000,6900.80000,7014.80000,185056
2019-02-13 00:00:00+00:00,7014.90000,7058.60000,7000.40000,7009.80000,195853
2019-02-14 00:00:00+00:00,7009.70000,7046.40000,6961.20000,7010.30000,304909
2019-02-15 00:00:00+00:00,7010.00000,7085.90000,6965.60000,7056.10000,255075
2019-02-17 00:00:00+00:00,7068.40000,7069.30000,7049.50000,7057.40000,3304
2019-02-18 00:00:00+00:00,7057.50000,7074.00000,7046.80000,7065.90000,70398
2019-02-19 00:00:00+00:00,7066.00000,7086.00000,7026.90000,7060.80000,164611
2019-02-20 00:00:00+00:00,7060.60000,7098.00000,7025.40000,7062.10000,234674
2019-02-21 00:00:00+00:00,7062.30000,7106.60000,6999.20000,7026.40000,267670
2019-02-22 00:00:00+00:00,7026.30000,7096.60000,7013.40000,7095.70000,194634
2019-02-24 00:00:00+00:00,7110.00000,7122.80000,7105.20000,7114.90000,3755
2019-02-25 00:00:00+00:00,7114.80000,7163.80000,7097.50000,7108.70000,186410
2019-02-26 00:00:00+00:00,7108.50000,7146.60000,7068.80000,7108.50000,206623
2019-02-27 00:00:00+00:00,7108.60000,7127.20000,7043.60000,7114.60000,195902
2019-02-28 00:00:00+00:00,7114.80000,7126.40000,7068.10000,7102.30000,193341
2019-03-01 00:00:00+00:00,7101.10000,7160.80000,7100.00000,7154.70000,179266
2019-03-03 00:00:00+00:00,7177.50000,7202.40000,7170.80000,7198.50000,4322
2019-03-04 00:00:00+00:00,7198.60000,7207.40000,7070.80000,7137.90000,277762
2019-03-05 00:00:00+00:00,7137.70000,7178.00000,7120.40000,7149.00000,225897
2019-03-06 00:00:00+00:00,7148.90000,7167.20000,7096.60000,7099.40000,235056
2019-03-07 00:00:00+00:00,7099.60000,7119.40000,7000.40000,7030.50000,279806
2019-03-08 00:00:00+00:00,7030.60000,7031.20000,6936.20000,7028.60000,238405
2019-03-10 00:00:00+00:00,7013.80000,7030.60000,7012.60000,7015.80000,4403
2019-03-11 00:00:00+00:00,7016.00000,7197.50000,6995.60000,7192.10000,174005
2019-03-12 00:00:00+00:00,7192.00000,7224.20000,7160.90000,7205.00000,211400
2019-03-13 00:00:00+00:00,7204.90000,7297.70000,7185.10000,7271.80000,209461
2019-03-14 00:00:00+00:00,7271.90000,7292.40000,7239.80000,7249.50000,198728
2019-03-15 00:00:00+00:00,7249.60000,7335.80000,7249.30000,7320.50000,199830
2019-03-17 00:00:00+00:00,7315.20000,7317.40000,7306.10000,7312.50000,3350
2019-03-18 00:00:00+00:00,7312.60000,7355.40000,7297.80000,7339.10000,170279
2019-03-19 00:00:00+00:00,7339.20000,7397.20000,7327.20000,7348.50000,225824
2019-03-20 00:00:00+00:00,7348.60000,7434.40000,7326.80000,7395.00000,291210
2019-03-21 00:00:00+00:00,7394.80000,7517.70000,7345.10000,7512.00000,271327
2019-03-22 00:00:00+00:00,7511.60000,7521.60000,7330.20000,7337.00000,435023
2019-03-24 00:00:00+00:00,7356.60000,7367.40000,7337.30000,7340.60000,8424
2019-03-25 00:00:00+00:00,7340.80000,7348.40000,7267.10000,7342.00000,432904
2019-03-26 00:00:00+00:00,7341.90000,7424.40000,7317.40000,7355.60000,304986
2019-03-27 00:00:00+00:00,7355.50000,7381.60000,7253.80000,7297.00000,381867
2019-03-28 00:00:00+00:00,7297.10000,7356.30000,7266.60000,7348.60000,320833
2019-03-29 00:00:00+00:00,7348.80000,7392.40000,7332.40000,7390.00000,247130
2019-03-31 00:00:00+00:00,7411.80000,7435.20000,7410.60000,7433.00000,8133
2019-04-01 00:00:00+00:00,7433.40000,7484.40000,7423.20000,7482.80000,242221
2019-04-02 00:00:00+00:00,7482.90000,7510.20000,7461.60000,7495.60000,177616
2019-04-03 00:00:00+00:00,7495.40000,7595.20000,7491.10000,7556.60000,219706
2019-04-04 00:00:00+00:00,7556.90000,7576.60000,7501.20000,7536.10000,209997
2019-04-05 00:00:00+00:00,7535.90000,7593.20000,7535.00000,7592.40000,174036
2019-04-07 00:00:00+00:00,7591.00000,7600.60000,7586.40000,7594.40000,4155
2019-04-08 00:00:00+00:00,7594.30000,7610.40000,7542.40000,7605.40000,156834
2019-04-09 00:00:00+00:00,7605.60000,7614.40000,7559.80000,7568.40000,169216
2019-04-10 00:00:00+00:00,7568.50000,7639.10000,7556.90000,7633.10000,160242
2019-04-11 00:00:00+00:00,7633.20000,7641.60000,7582.60000,7601.50000,165279
2019-04-12 00:00:00+00:00,7601.40000,7645.90000,7592.10000,7634.60000,146185
2019-04-14 00:00:00+00:00,7634.50000,7637.60000,7627.40000,7630.80000,3888
2019-04-15 00:00:00+00:00,7630.60000,7640.00000,7579.80000,7631.10000,124207
2019-04-16 00:00:00+00:00,7630.90000,7675.90000,7630.60000,7658.40000,147977
2019-04-17 00:00:00+00:00,7658.20000,7714.60000,7654.40000,7676.10000,186408
2019-04-18 00:00:00+00:00,7676.30000,7703.70000,7641.10000,7696.50000,181781
2019-04-21 00:00:00+00:00,7693.20000,7707.80000,7690.30000,7698.30000,5071
2019-04-22 00:00:00+00:00,7698.30000,7726.80000,7650.80000,7720.80000,127830
2019-04-23 00:00:00+00:00,7720.90000,7824.30000,7705.50000,7816.50000,158830
2019-04-24 00:00:00+00:00,7816.40000,7842.20000,7783.40000,7840.90000,170494
2019-04-25 00:00:00+00:00,7840.80000,7860.40000,7772.00000,7780.00000,214556
2019-04-26 00:00:00+00:00,7780.10000,7826.20000,7736.60000,7818.10000,224851
2019-04-28 00:00:00+00:00,7819.90000,7825.30000,7816.10000,7817.00000,2537
2019-04-29 00:00:00+00:00,7817.10000,7849.60000,7783.90000,7784.80000,150583
2019-04-30 00:00:00+00:00,7784.60000,7838.90000,7722.20000,7826.90000,209051
2019-05-01 00:00:00+00:00,7827.30000,7849.20000,7714.10000,7731.40000,250889
2019-05-02 00:00:00+00:00,7731.20000,7787.80000,7665.60000,7726.10000,316599
2019-05-03 00:00:00+00:00,7726.30000,7855.40000,7719.50000,7855.40000,179426
2019-05-05 00:00:00+00:00,7765.00000,7765.00000,7681.80000,7689.90000,8082
2019-05-06 00:00:00+00:00,7689.80000,7800.40000,7650.40000,7745.80000,137509
2019-05-07 00:00:00+00:00,7745.80000,7786.80000,7564.60000,7635.80000,217817
2019-05-08 00:00:00+00:00,7635.90000,7680.90000,7584.40000,7615.90000,185792
2019-05-09 00:00:00+00:00,7615.10000,7624.90000,7466.20000,7581.90000,230155
2019-05-10 00:00:00+00:00,7581.90000,7639.40000,7423.00000,7597.60000,253833
2019-05-12 00:00:00+00:00,7514.90000,7538.30000,7505.10000,7505.20000,2924
2019-05-13 00:00:00+00:00,7505.30000,7520.10000,7280.50000,7296.20000,223232
2019-05-14 00:00:00+00:00,7295.80000,7449.60000,7294.60000,7422.90000,121593
2019-05-15 00:00:00+00:00,7422.40000,7529.60000,7344.00000,7509.30000,119094
2019-05-16 00:00:00+00:00,7509.10000,7633.40000,7464.60000,7600.80000,98592
2019-05-17 00:00:00+00:00,7600.40000,7612.20000,7500.40000,7505.90000,156078
2019-05-19 00:00:00+00:00,7511.30000,7541.10000,7511.30000,7535.80000,1311
2019-05-20 00:00:00+00:00,7536.10000,7553.30000,7355.60000,7411.00000,165508
2019-05-21 00:00:00+00:00,7411.80000,7480.60000,7396.30000,7466.30000,89206
2019-05-22 00:00:00+00:00,7466.30000,7469.70000,7386.80000,7412.70000,87855
2019-05-23 00:00:00+00:00,7413.60000,7416.50000,7264.00000,7320.20000,145024
2019-05-24 00:00:00+00:00,7321.00000,7375.40000,7296.60000,7308.60000,85295
2019-05-26 00:00:00+00:00,7312.70000,7316.80000,7304.30000,7305.70000,590
2019-05-27 00:00:00+00:00,7305.40000,7334.00000,7288.80000,7319.30000,15342
2019-05-28 00:00:00+00:00,7319.40000,7367.20000,7276.80000,7284.70000,372547
2019-05-29 00:00:00+00:00,7284.80000,7287.00000,7179.20000,7218.40000,394131
2019-05-30 00:00:00+00:00,7218.50000,7267.00000,7179.20000,7183.10000,287737
2019-05-31 00:00:00+00:00,7183.40000,7213.20000,7127.70000,7135.60000,382561
2019-06-02 00:00:00+00:00,7103.70000,7106.60000,7075.80000,7080.30000,12045
2019-06-03 00:00:00+00:00,7080.20000,7131.00000,6939.60000,6999.80000,625800
2019-06-04 00:00:00+00:00,6999.70000,7209.20000,6980.10000,7203.20000,395433
2019-06-05 00:00:00+00:00,7203.10000,7243.40000,7148.60000,7211.40000,216752
2019-06-06 00:00:00+00:00,7211.40000,7298.40000,7203.60000,7275.00000,97145
2019-06-07 00:00:00+00:00,7275.40000,7452.40000,7263.70000,7428.30000,90911
2019-06-09 00:00:00+00:00,7471.90000,7483.80000,7455.70000,7456.90000,1850
2019-06-10 00:00:00+00:00,7456.10000,7578.20000,7431.60000,7508.70000,78826
2019-06-11 00:00:00+00:00,7508.60000,7600.60000,7493.00000,7513.80000,96325
2019-06-12 00:00:00+00:00,7513.90000,7530.60000,7461.20000,7490.10000,70896
2019-06-13 00:00:00+00:00,7489.30000,7535.80000,7421.80000,7495.40000,77276
2019-06-14 00:00:00+00:00,7495.70000,7520.80000,7451.60000,7483.70000,64688
2019-06-16 00:00:00+00:00,7483.00000,7503.30000,7480.80000,7498.30000,572
2019-06-17 00:00:00+00:00,7498.30000,7550.60000,7483.00000,7536.80000,33923
2019-06-18 00:00:00+00:00,7537.00000,7694.60000,7514.90000,7659.50000,95914
2019-06-19 00:00:00+00:00,7658.80000,7703.50000,7603.40000,7699.80000,90266
2019-06-20 00:00:00+00:00,7699.60000,7792.80000,7678.60000,7735.70000,75823
2019-06-21 00:00:00+00:00,7736.00000,7775.20000,7698.10000,7718.40000,65757
2019-06-23 00:00:00+00:00,7715.60000,7745.10000,7714.50000,7742.20000,1177
2019-06-24 00:00:00+00:00,7742.00000,7766.20000,7722.60000,7732.30000,44787
2019-06-25 00:00:00+00:00,7733.00000,7752.40000,7583.00000,7599.30000,74119
2019-06-26 00:00:00+00:00,7598.80000,7691.80000,7595.40000,7626.60000,63193
2019-06-27 00:00:00+00:00,7626.80000,7688.60000,7623.60000,7669.00000,52497
2019-06-28 00:00:00+00:00,7669.90000,7699.90000,7637.80000,7697.10000,44117
2019-06-30 00:00:00+00:00,7782.00000,7798.20000,7766.40000,7776.00000,2126
2019-07-01 00:00:00+00:00,7776.40000,7823.80000,7733.40000,7751.30000,59650
2019-07-02 00:00:00+00:00,7750.90000,7816.80000,7737.40000,7808.70000,42417
2019-07-03 00:00:00+00:00,7809.40000,7875.20000,7798.60000,7864.60000,28002
2019-07-04 00:00:00+00:00,7864.80000,7885.20000,7856.40000,7881.10000,5722
2019-07-05 00:00:00+00:00,7881.70000,7885.20000,7774.40000,7831.60000,55342
2019-07-07 00:00:00+00:00,7835.60000,7839.30000,7819.80000,7819.90000,561
2019-07-08 00:00:00+00:00,7820.10000,7822.80000,7754.80000,7770.50000,41346
2019-07-09 00:00:00+00:00,7770.40000,7835.40000,7720.10000,7824.00000,39082
2019-07-10 00:00:00+00:00,7824.10000,7926.40000,7788.60000,7904.30000,62192
2019-07-11 00:00:00+00:00,7904.40000,7939.90000,7871.40000,7898.60000,50992
2019-07-12 00:00:00+00:00,7899.10000,7944.40000,7895.80000,7934.50000,33659
2019-07-14 00:00:00+00:00,7932.80000,7943.60000,7927.20000,7928.50000,509
2019-07-15 00:00:00+00:00,7928.30000,7975.60000,7918.40000,7971.60000,30087
2019-07-16 00:00:00+00:00,7970.60000,7978.00000,7901.20000,7918.60000,35490
2019-07-17 00:00:00+00:00,7918.30000,7943.20000,7845.50000,7849.80000,36340
2019-07-18 00:00:00+00:00,7848.90000,7951.10000,7810.10000,7922.60000,54312
2019-07-19 00:00:00+00:00,7922.40000,7957.40000,7793.60000,7796.60000,64534
2019-07-21 00:00:00+00:00,7807.30000,7831.20000,7804.10000,7827.90000,1089
2019-07-22 00:00:00+00:00,7828.20000,7913.20000,7810.40000,7905.60000,48488
2019-07-23 00:00:00+00:00,7905.70000,7962.40000,7885.20000,7930.40000,45244
2019-07-24 00:00:00+00:00,7930.70000,8029.20000,7902.50000,7994.40000,43556
2019-07-25 00:00:00+00:00,7995.20000,8012.00000,7895.60000,7970.80000,70061
2019-07-26 00:00:00+00:00,7971.40000,8018.60000,7968.60000,7993.60000,39659
2019-07-28 00:00:00+00:00,7999.00000,8004.50000,7994.30000,7995.50000,397
2019-07-29 00:00:00+00:00,7995.90000,8009.40000,7929.80000,7987.80000,53166
2019-07-30 00:00:00+00:00,7987.70000,7997.90000,7906.40000,7967.40000,212167
2019-07-31 00:00:00+00:00,7967.40000,7979.30000,7760.40000,7817.40000,176585
2019-08-01 00:00:00+00:00,7815.50000,7992.40000,7752.30000,7763.60000,195040
2019-08-02 00:00:00+00:00,7764.10000,7782.70000,7628.20000,7685.40000,196829
2019-08-04 00:00:00+00:00,7665.60000,7673.50000,7652.40000,7659.90000,1822
2019-08-05 00:00:00+00:00,7659.30000,7683.60000,7203.80000,7222.20000,218788
2019-08-06 00:00:00+00:00,7223.20000,7528.80000,7215.60000,7481.50000,213224
2019-08-07 00:00:00+00:00,7481.70000,7557.40000,7367.40000,7517.70000,256299
2019-08-08 00:00:00+00:00,7517.80000,7718.90000,7506.20000,7695.90000,108241
2019-08-09 00:00:00+00:00,7695.20000,7704.40000,7579.80000,7651.80000,141659
2019-08-11 00:00:00+00:00,7650.60000,7661.60000,7621.60000,7624.40000,1527
2019-08-12 00:00:00+00:00,7625.50000,7692.30000,7520.80000,7568.80000,133289
2019-08-13 00:00:00+00:00,7569.30000,7775.20000,7500.10000,7741.20000,200312
2019-08-14 00:00:00+00:00,7741.50000,7753.30000,7454.60000,7491.90000,219348
2019-08-15 00:00:00+00:00,7492.00000,7558.20000,7376.90000,7505.10000,238644
2019-08-16 00:00:00+00:00,7505.10000,7624.20000,7492.70000,7603.40000,95977
2019-08-18 00:00:00+00:00,7624.40000,7648.00000,7618.30000,7643.60000,2099
2019-08-19 00:00:00+00:00,7643.70000,7742.40000,7628.60000,7703.20000,61023
2019-08-20 00:00:00+00:00,7703.80000,7744.10000,7645.60000,7665.40000,84370
2019-08-21 00:00:00+00:00,7665.30000,7774.90000,7664.60000,7763.10000,62441
2019-08-22 00:00:00+00:00,7763.30000,7767.00000,7647.60000,7705.60000,94944
2019-08-23 00:00:00+00:00,7705.80000,7755.50000,7441.40000,7483.40000,246674
2019-08-25 00:00:00+00:00,7404.80000,7410.60000,7348.30000,7404.40000,5351
2019-08-26 00:00:00+00:00,7404.80000,7619.00000,7397.30000,7566.30000,158727
2019-08-27 00:00:00+00:00,7566.60000,7641.80000,7530.80000,7581.40000,113842
2019-08-28 00:00:00+00:00,7581.80000,7599.20000,7497.80000,7575.30000,107468
2019-08-29 00:00:00+00:00,7575.70000,7723.60000,7542.30000,7692.90000,82201
2019-08-30 00:00:00+00:00,7693.40000,7763.90000,7641.20000,7670.90000,85497
2019-09-01 00:00:00+00:00,7594.00000,7627.40000,7588.40000,7624.80000,2076
2019-09-02 00:00:00+00:00,7625.60000,7690.00000,7576.70000,7619.50000,28264
2019-09-03 00:00:00+00:00,7620.20000,7671.60000,7582.60000,7606.50000,127547
2019-09-04 00:00:00+00:00,7607.30000,7724.80000,7605.80000,7718.30000,62410
2019-09-05 00:00:00+00:00,7718.20000,7882.40000,7716.50000,7869.30000,73733
2019-09-06 00:00:00+00:00,7868.90000,7890.60000,7836.40000,7862.00000,65513
2019-09-08 00:00:00+00:00,7862.20000,7872.30000,7860.30000,7862.00000,796
2019-09-09 00:00:00+00:00,7861.80000,7884.30000,7796.40000,7841.50000,58645
2019-09-10 00:00:00+00:00,7841.70000,7855.30000,7742.40000,7808.60000,88459
2019-09-11 00:00:00+00:00,7808.10000,7958.20000,7784.80000,7950.60000,71089
2019-09-12 00:00:00+00:00,7950.60000,7980.20000,7904.40000,7930.80000,103674
2019-09-13 00:00:00+00:00,7930.60000,7955.90000,7881.80000,7889.40000,63302
2019-09-15 00:00:00+00:00,7848.70000,7848.80000,7812.60000,7817.40000,1773
2019-09-16 00:00:00+00:00,7817.30000,7872.90000,7777.00000,7862.70000,72423
2019-09-17 00:00:00+00:00,7863.10000,7897.20000,7828.40000,7887.50000,43162
2019-09-18 00:00:00+00:00,7888.30000,7903.20000,7789.60000,7882.90000,81873
2019-09-19 00:00:00+00:00,7882.90000,7949.60000,7828.50000,7903.80000,66878
2019-09-20 00:00:00+00:00,7903.00000,7928.20000,7788.00000,7808.20000,92704
2019-09-22 00:00:00+00:00,7849.40000,7873.50000,7833.60000,7853.30000,2222
2019-09-23 00:00:00+00:00,7852.50000,7879.60000,7784.80000,7862.00000,60473
2019-09-24 00:00:00+00:00,7862.10000,7870.60000,7678.80000,7729.70000,130754
2019-09-25 00:00:00+00:00,7729.90000,7820.80000,7640.80000,7793.50000,104181
2019-09-26 00:00:00+00:00,7793.90000,7819.20000,7711.80000,7755.30000,89036
2019-09-27 00:00:00+00:00,7754.60000,7798.80000,7617.80000,7693.80000,130626
2019-09-29 00:00:00+00:00,7728.60000,7734.90000,7683.00000,7701.00000,1548
2019-09-30 00:00:00+00:00,7700.90000,7767.90000,7684.80000,7759.80000,61032
2019-10-01 00:00:00+00:00,7759.10000,7819.60000,7669.20000,7700.10000,113190
2019-10-02 00:00:00+00:00,7699.70000,7707.90000,7504.80000,7538.70000,146369
2019-10-03 00:00:00+00:00,7538.40000,7640.00000,7454.60000,7623.80000,161549
2019-10-04 00:00:00+00:00,7623.60000,7754.20000,7604.00000,7749.40000,90770
2019-10-06 00:00:00+00:00,7678.60000,7728.10000,7678.60000,7718.90000,1640
2019-10-07 00:00:00+00:00,7718.80000,7780.60000,7702.20000,7724.00000,78686
2019-10-08 00:00:00+00:00,7723.80000,7765.30000,7587.10000,7597.70000,147116
2019-10-09 00:00:00+00:00,7598.50000,7712.60000,7564.80000,7618.50000,103104
2019-10-10 00:00:00+00:00,7618.40000,7792.50000,7592.80000,7764.30000,125844
2019-10-11 00:00:00+00:00,7763.50000,7899.40000,7748.60000,7839.80000,109864
2019-10-13 00:00:00+00:00,7834.30000,7873.90000,7834.30000,7873.90000,1278
2019-10-14 00:00:00+00:00,7874.40000,7875.50000,7788.20000,7858.80000,56420
2019-10-15 00:00:00+00:00,7858.00000,7952.80000,7842.90000,7933.00000,51834
2019-10-16 00:00:00+00:00,7932.60000,7939.80000,7888.80000,7920.30000,60420
2019-10-17 00:00:00+00:00,7920.10000,7975.30000,7903.80000,7929.00000,69731
2019-10-18 00:00:00+00:00,7929.60000,7938.60000,7817.00000,7864.50000,69937
2019-10-20 00:00:00+00:00,7869.40000,7875.30000,7869.40000,7874.50000,58
2019-10-21 00:00:00+00:00,7875.40000,7932.60000,7867.60000,7926.90000,45817
2019-10-22 00:00:00+00:00,7927.00000,7969.60000,7818.80000,7825.10000,62040
2019-10-23 00:00:00+00:00,7825.40000,7913.60000,7791.40000,7905.60000,62091
2019-10-24 00:00:00+00:00,7906.40000,7964.90000,7894.40000,7905.30000,58869
2019-10-25 00:00:00+00:00,7904.40000,8022.40000,7902.20000,8019.40000,48598
2019-10-27 00:00:00+00:00,8033.50000,8043.60000,8031.30000,8037.80000,609
2019-10-28 00:00:00+00:00,8037.00000,8107.60000,8031.00000,8094.30000,38270
2019-10-29 00:00:00+00:00,8093.70000,8099.80000,8031.90000,8039.40000,45334
2019-10-30 00:00:00+00:00,8039.90000,8122.90000,8003.00000,8105.00000,61968
2019-10-31 00:00:00+00:00,8105.40000,8120.80000,8028.20000,8072.40000,74195
2019-11-01 00:00:00+00:00,8071.40000,8149.60000,8071.40000,8145.80000,44206
2019-11-03 00:00:00+00:00,8153.20000,8162.80000,8148.40000,8159.00000,467
2019-11-04 00:00:00+00:00,8158.60000,8228.80000,8155.80000,8221.80000,40120
2019-11-05 00:00:00+00:00,8221.50000,8229.90000,8175.40000,8195.50000,42938
2019-11-06 00:00:00+00:00,8195.20000,8210.00000,8143.40000,8185.20000,43816
2019-11-07 00:00:00+00:00,8184.80000,8265.60000,8172.10000,8221.20000,49255
2019-11-08 00:00:00+00:00,8221.20000,8250.10000,8176.40000,8247.50000,42376
2019-11-10 00:00:00+00:00,8244.90000,8245.40000,8238.10000,8238.40000,356
2019-11-11 00:00:00+00:00,8237.90000,8243.60000,8192.60000,8232.00000,64562
2019-11-12 00:00:00+00:00,8232.20000,8288.20000,8216.60000,8252.80000,153805
2019-11-13 00:00:00+00:00,8252.90000,8271.60000,8208.10000,8254.00000,185122
2019-11-14 00:00:00+00:00,8254.10000,8275.40000,8207.80000,8263.10000,183733
2019-11-15 00:00:00+00:00,8263.00000,8315.90000,8256.60000,8315.90000,130983
2019-11-17 00:00:00+00:00,8309.40000,8310.90000,8300.50000,8303.40000,2000
2019-11-18 00:00:00+00:00,8303.50000,8359.70000,8272.80000,8321.30000,151505
2019-11-19 00:00:00+00:00,8321.40000,8372.40000,8306.00000,8311.30000,153870
2019-11-20 00:00:00+00:00,8311.40000,8341.80000,8225.20000,8264.00000,250434
2019-11-21 00:00:00+00:00,8263.90000,8301.40000,8234.10000,8264.30000,268005
2019-11-22 00:00:00+00:00,8264.60000,8307.70000,8227.80000,8277.00000,171839
2019-11-24 00:00:00+00:00,8299.40000,8302.00000,8291.50000,8301.30000,2546
2019-11-25 00:00:00+00:00,8301.10000,8373.60000,8295.90000,8369.80000,102812
2019-11-26 00:00:00+00:00,8369.90000,8415.20000,8360.90000,8396.50000,154012
2019-11-27 00:00:00+00:00,8396.40000,8453.50000,8392.40000,8420.50000,118039
2019-11-28 00:00:00+00:00,8420.40000,8444.60000,8409.00000,8444.40000,42532
2019-11-29 00:00:00+00:00,8444.30000,8445.80000,8402.40000,8416.90000,94203
2019-12-01 00:00:00+00:00,8423.00000,8425.60000,8416.80000,8425.00000,1521
2019-12-02 00:00:00+00:00,8425.00000,8450.60000,8270.60000,8299.00000,75448
2019-12-03 00:00:00+00:00,8299.00000,8331.60000,8162.90000,8255.80000,93478
2019-12-04 00:00:00+00:00,8255.90000,8313.60000,8215.40000,8283.60000,79777
2019-12-05 00:00:00+00:00,8283.30000,8332.40000,8266.20000,8307.80000,70979
2019-12-06 00:00:00+00:00,8307.80000,8404.00000,8307.80000,8397.60000,54621
2019-12-08 00:00:00+00:00,8404.60000,8404.90000,8402.40000,8402.60000,319
2019-12-09 00:00:00+00:00,8401.60000,8425.60000,8345.70000,8356.80000,53466
2019-12-10 00:00:00+00:00,8356.70000,8396.40000,8295.80000,8360.00000,80525
2019-12-11 00:00:00+00:00,8360.20000,8413.80000,8344.30000,8413.10000,65431
2019-12-12 00:00:00+00:00,8413.20000,8506.60000,8379.60000,8501.00000,94456
2019-12-13 00:00:00+00:00,8500.80000,8522.10000,8435.10000,8493.70000,76025
2019-12-15 00:00:00+00:00,8508.30000,8512.20000,8503.90000,8509.20000,1346
2019-12-16 00:00:00+00:00,8509.20000,8587.80000,8508.90000,8570.00000,50525
2019-12-17 00:00:00+00:00,8570.10000,8597.10000,8564.00000,8585.30000,55078
2019-12-18 00:00:00+00:00,8585.40000,8622.60000,8577.30000,8603.50000,45802
2019-12-19 00:00:00+00:00,8603.40000,8663.80000,8590.10000,8660.20000,44204
2019-12-20 00:00:00+00:00,8659.80000,8704.40000,8645.80000,8690.60000,53825
2019-12-22 00:00:00+00:00,8690.20000,8704.00000,8688.80000,8703.40000,999
2019-12-23 00:00:00+00:00,8703.10000,8724.20000,8693.70000,8709.90000,35661
2019-12-24 00:00:00+00:00,8710.00000,8716.90000,8688.40000,8710.40000,21649
2019-12-25 00:00:00+00:00,8712.40000,8714.40000,8710.60000,8712.00000,615
2019-12-26 00:00:00+00:00,8712.10000,8791.20000,8711.00000,8789.60000,25675
2019-12-27 00:00:00+00:00,8789.80000,8825.00000,8751.30000,8760.60000,43881
2019-12-29 00:00:00+00:00,8770.00000,8782.50000,8767.90000,8780.80000,1190
2019-12-30 00:00:00+00:00,8780.60000,8792.60000,8674.50000,8719.40000,66746
2019-12-31 00:00:00+00:00,8719.80000,8755.90000,8676.80000,8755.80000,48868
2020-01-01 00:00:00+00:00,8759.00000,8767.20000,8753.30000,8760.00000,1515
2020-01-02 00:00:00+00:00,8760.10000,8890.80000,8756.20000,8882.00000,57439
2020-01-03 00:00:00+00:00,8881.60000,8889.90000,8719.10000,8792.20000,96895
2020-01-05 00:00:00+00:00,8748.50000,8764.50000,8733.90000,8763.60000,4279
2020-01-06 00:00:00+00:00,8764.00000,8858.30000,8709.00000,8834.00000,96428
2020-01-07 00:00:00+00:00,8833.60000,8879.40000,8713.40000,8737.70000,77748
2020-01-08 00:00:00+00:00,8737.80000,8957.10000,8664.00000,8938.50000,118330
2020-01-09 00:00:00+00:00,8938.60000,9008.30000,8919.30000,9001.90000,64343
2020-01-10 00:00:00+00:00,9002.80000,9041.50000,8953.00000,8963.60000,75630
2020-01-13 00:00:00+00:00,8997.60000,9095.60000,8992.10000,9093.20000,51125
2020-01-14 00:00:00+00:00,9092.90000,9102.90000,9018.30000,9019.50000,77355
2020-01-15 00:00:00+00:00,9020.40000,9084.00000,9011.70000,9062.70000,86653
2020-01-16 00:00:00+00:00,9063.10000,9146.90000,9053.10000,9135.20000,59292
2020-01-17 00:00:00+00:00,9135.00000,9178.60000,9119.60000,9161.00000,53526
2020-01-19 00:00:00+00:00,9163.20000,9175.60000,9159.80000,9175.40000,1581
2020-01-20 00:00:00+00:00,9175.60000,9177.60000,9151.00000,9161.50000,21739
2020-01-21 00:00:00+00:00,9161.60000,9190.60000,9106.40000,9170.00000,86486
2020-01-22 00:00:00+00:00,9170.20000,9245.80000,9169.60000,9174.60000,69493
2020-01-23 00:00:00+00:00,9174.80000,9265.00000,9144.20000,9262.80000,89484
2020-01-24 00:00:00+00:00,9263.20000,9280.40000,9102.80000,9130.80000,106966
2020-01-26 00:00:00+00:00,9050.40000,9062.80000,8988.70000,9009.00000,6357
2020-01-27 00:00:00+00:00,9009.40000,9048.20000,8920.60000,8974.20000,133533
2020-01-28 00:00:00+00:00,8974.20000,9131.80000,8960.70000,9095.40000,101937
2020-01-29 00:00:00+00:00,9095.80000,9154.50000,9068.40000,9116.90000,96718
2020-01-30 00:00:00+00:00,9117.00000,9235.00000,8998.80000,9213.80000,146475
2020-01-31 00:00:00+00:00,9213.60000,9244.10000,8962.00000,9009.20000,160741
2020-02-02 00:00:00+00:00,8996.00000,9034.30000,8987.10000,9017.60000,5557
2020-02-03 00:00:00+00:00,9017.20000,9152.80000,9008.70000,9087.50000,150199
2020-02-04 00:00:00+00:00,9087.40000,9366.60000,9085.20000,9335.30000,117522
2020-02-05 00:00:00+00:00,9334.60000,9459.70000,9315.40000,9377.00000,149292
2020-02-06 00:00:00+00:00,9376.50000,9463.30000,9358.60000,9459.90000,125748
2020-02-07 00:00:00+00:00,9460.00000,9463.30000,9378.60000,9394.00000,117271
2020-02-09 00:00:00+00:00,9393.10000,9418.50000,9325.80000,9350.90000,5372
2020-02-10 00:00:00+00:00,9350.80000,9526.10000,9350.80000,9520.10000,95546
2020-02-11 00:00:00+00:00,9520.40000,9604.40000,9496.40000,9536.40000,110313
2020-02-12 00:00:00+00:00,9536.60000,9623.40000,9519.50000,9571.20000,96591
2020-02-13 00:00:00+00:00,9571.60000,9639.30000,9506.10000,9604.90000,112026
2020-02-14 00:00:00+00:00,9605.20000,9654.50000,9584.20000,9629.50000,84143
2020-02-16 00:00:00+00:00,9635.60000,9665.20000,9634.20000,9660.20000,684
2020-02-17 00:00:00+00:00,9659.60000,9684.00000,9576.70000,9599.20000,4614
2020-02-18 00:00:00+00:00,9599.40000,9657.80000,9531.00000,9657.80000,24227
2020-02-19 00:00:00+00:00,9658.40000,9741.60000,9641.60000,9738.20000,14882
2020-02-20 00:00:00+00:00,9739.00000,9756.10000,9511.10000,9567.40000,44439
2020-02-21 00:00:00+00:00,9567.00000,9606.30000,9406.00000,9449.60000,51510
2020-02-23 00:00:00+00:00,9351.00000,9353.80000,9285.30000,9305.00000,5331
2020-02-24 00:00:00+00:00,9305.80000,9319.40000,9037.60000,9137.60000,94568
2020-02-25 00:00:00+00:00,9138.60000,9220.70000,8807.40000,8918.60000,124214
2020-02-26 00:00:00+00:00,8918.00000,9034.80000,8707.40000,8828.60000,182103
2020-02-27 00:00:00+00:00,8828.40000,8849.20000,8312.20000,8411.20000,189108
2020-02-28 00:00:00+00:00,8411.80000,8571.70000,8127.40000,8543.60000,307900
2020-03-01 00:00:00+00:00,8305.80000,8385.00000,8228.20000,8355.70000,8394
2020-03-02 00:00:00+00:00,8355.60000,8882.40000,8316.40000,8859.80000,251809
2020-03-03 00:00:00+00:00,8859.70000,9002.00000,8509.00000,8562.20000,309529
2020-03-04 00:00:00+00:00,8561.80000,8949.80000,8557.20000,8882.60000,191610
2020-03-05 00:00:00+00:00,8882.70000,8887.00000,8610.80000,8693.80000,202492
2020-03-06 00:00:00+00:00,8694.00000,8725.30000,8312.30000,8504.40000,276537
2020-03-08 00:00:00+00:00,8304.80000,8312.20000,8103.80000,8115.90000,18716
2020-03-09 00:00:00+00:00,8116.20000,8241.50000,7817.80000,8112.40000,164736
2020-03-10 00:00:00+00:00,8112.00000,8380.10000,7933.60000,8213.80000,258248
2020-03-11 00:00:00+00:00,8213.80000,8251.20000,7894.80000,7994.30000,276411
2020-03-12 00:00:00+00:00,7994.60000,8018.00000,7061.40000,7116.00000,248057
2020-03-13 00:00:00+00:00,7115.20000,7976.20000,6945.00000,7829.80000,204306
2020-03-15 00:00:00+00:00,7876.00000,7876.00000,7553.50000,7553.50000,3226
2020-03-16 00:00:00+00:00,7066.40000,7563.20000,6928.20000,7160.80000,149030
2020-03-17 00:00:00+00:00,7160.40000,7551.40000,6950.80000,7178.20000,210692
2020-03-18 00:00:00+00:00,7177.90000,7426.00000,6815.00000,7366.20000,198753
2020-03-19 00:00:00+00:00,7366.60000,7505.20000,6879.80000,7197.20000,255544
2020-03-20 00:00:00+00:00,7196.80000,7631.60000,6891.50000,6928.20000,246381
2020-03-22 00:00:00+00:00,6700.20000,6720.40000,6629.30000,6629.30000,795
2020-03-23 00:00:00+00:00,6684.60000,7316.40000,6643.80000,7084.10000,291473
2020-03-24 00:00:00+00:00,7084.00000,7632.80000,7037.20000,7496.20000,273787
2020-03-25 00:00:00+00:00,7496.00000,7760.20000,7373.00000,7478.50000,317490
2020-03-26 00:00:00+00:00,7477.10000,7892.90000,7310.50000,7874.10000,284136
2020-03-27 00:00:00+00:00,7874.20000,7889.00000,7549.00000,7552.80000,256478
2020-03-29 00:00:00+00:00,7413.40000,7503.00000,7392.50000,7462.50000,13523
2020-03-30 00:00:00+00:00,7463.80000,7880.60000,7452.40000,7869.90000,238191
2020-03-31 00:00:00+00:00,7870.10000,7990.00000,7700.90000,7705.60000,243076
2020-04-01 00:00:00+00:00,7706.80000,7739.00000,7400.00000,7501.00000,220198
2020-04-02 00:00:00+00:00,7501.50000,7651.10000,7372.20000,7588.10000,248381
2020-04-03 00:00:00+00:00,7588.20000,7655.80000,7420.00000,7518.70000,198413
2020-04-05 00:00:00+00:00,7591.70000,7653.20000,7591.70000,7650.40000,7934
2020-04-06 00:00:00+00:00,7650.90000,8095.80000,7648.40000,8077.80000,176043
2020-04-07 00:00:00+00:00,8077.60000,8299.60000,7944.40000,8039.60000,260404
2020-04-08 00:00:00+00:00,8039.50000,8239.00000,7950.60000,8222.20000,206901
2020-04-09 00:00:00+00:00,8222.60000,8323.40000,8100.60000,8233.60000,208108
2020-04-12 00:00:00+00:00,8294.00000,8300.00000,8075.70000,8118.20000,12360
2020-04-13 00:00:00+00:00,8119.00000,8373.00000,8085.30000,8364.70000,129231
2020-04-14 00:00:00+00:00,8365.00000,8703.20000,8318.50000,8674.00000,125031
2020-04-15 00:00:00+00:00,8673.60000,8681.20000,8486.60000,8534.00000,172332
2020-04-16 00:00:00+00:00,8533.90000,8967.40000,8501.90000,8934.50000,184879
2020-04-17 00:00:00+00:00,8934.90000,8953.40000,8691.00000,8811.60000,135963
2020-04-19 00:00:00+00:00,8777.80000,8790.00000,8735.30000,8749.70000,6897
2020-04-20 00:00:00+00:00,8750.30000,8847.60000,8689.40000,8733.00000,144573
2020-04-21 00:00:00+00:00,8733.00000,8765.30000,8345.40000,8462.00000,217942
2020-04-22 00:00:00+00:00,8462.50000,8702.60000,8405.20000,8620.90000,139906
2020-04-23 00:00:00+00:00,8621.20000,8790.80000,8538.60000,8558.50000,152529
2020-04-24 00:00:00+00:00,8558.10000,8785.00000,8503.80000,8771.20000,122845
2020-04-26 00:00:00+00:00,8815.50000,8819.50000,8737.50000,8760.40000,5861
2020-04-27 00:00:00+00:00,8760.40000,8904.00000,8745.60000,8831.40000,101525
2020-04-28 00:00:00+00:00,8831.10000,8953.20000,8662.40000,8777.40000,125841
2020-04-29 00:00:00+00:00,8776.80000,9126.00000,8774.00000,9100.50000,125187
2020-04-30 00:00:00+00:00,9100.60000,9154.20000,8815.50000,8850.20000,163510
2020-05-01 00:00:00+00:00,8849.00000,8889.20000,8683.00000,8716.00000,126128
2020-05-03 00:00:00+00:00,8622.00000,8652.80000,8573.10000,8593.80000,8998
2020-05-04 00:00:00+00:00,8594.00000,8839.00000,8568.70000,8835.60000,116798
2020-05-05 00:00:00+00:00,8835.80000,9031.20000,8830.20000,8967.00000,97196
2020-05-06 00:00:00+00:00,8966.90000,9067.00000,8888.60000,8975.00000,110497
2020-05-07 00:00:00+00:00,8975.80000,9150.50000,8975.80000,9149.50000,94477
2020-05-08 00:00:00+00:00,9149.20000,9245.20000,9124.10000,9228.40000,73009
2020-05-10 00:00:00+00:00,9197.30000,9264.40000,9185.80000,9261.80000,6690
2020-05-11 00:00:00+00:00,9261.40000,9346.80000,9126.80000,9284.60000,89446
2020-05-12 00:00:00+00:00,9284.80000,9353.00000,9015.30000,9022.50000,115609
2020-05-13 00:00:00+00:00,9022.20000,9211.00000,8887.00000,9020.40000,164023
2020-05-14 00:00:00+00:00,9020.30000,9040.40000,8951.90000,9005.80000,39416
