time,open,high,low,close,volume
2008-01-18 00:00:00+00:00,459.89900,464.59600,455.23900,455.23900,4781
2008-01-21 00:00:00+00:00,449.69800,450.50500,425.58600,428.23100,32785
2008-01-22 00:00:00+00:00,422.83700,442.14900,404.91700,438.06000,44085
2008-01-23 00:00:00+00:00,440.38300,447.18500,417.03700,420.59700,33370
2008-01-24 00:00:00+00:00,435.07500,449.37800,434.20900,449.12400,22810
2008-01-25 00:00:00+00:00,453.30800,458.34100,440.54200,441.95200,18574
2008-01-28 00:00:00+00:00,433.71900,443.67400,426.97200,442.11000,15688
2008-01-29 00:00:00+00:00,446.28900,451.67500,443.56300,448.88500,12374
2008-01-30 00:00:00+00:00,446.57400,448.44000,442.73300,445.95300,10810
2008-01-31 00:00:00+00:00,443.23900,445.84500,432.53000,443.62400,17010
2008-02-01 00:00:00+00:00,446.03900,456.58700,445.08200,453.86300,17859
2008-02-04 00:00:00+00:00,457.48800,458.93700,451.45600,452.84900,8500
2008-02-05 00:00:00+00:00,451.19300,454.94200,437.42500,438.22800,12634
2008-02-06 00:00:00+00:00,434.26600,445.53900,432.05200,444.48500,13278
2008-02-07 00:00:00+00:00,440.22200,442.16900,430.39900,434.43900,15574
2008-02-08 00:00:00+00:00,436.69800,440.65000,430.53600,434.02600,12432
2008-02-11 00:00:00+00:00,430.69900,436.01300,426.73700,428.63100,11173
2008-02-12 00:00:00+00:00,431.03800,445.33900,426.11600,444.53600,15014
2008-02-13 00:00:00+00:00,441.18500,447.88800,438.02000,444.77200,12784
2008-02-14 00:00:00+00:00,448.92400,450.72400,441.65500,442.20500,11039
2008-02-15 00:00:00+00:00,442.05000,446.59700,434.80800,435.70800,10732
2008-02-18 00:00:00+00:00,439.57700,447.52500,438.52800,445.62700,5403
2008-02-19 00:00:00+00:00,445.08200,453.82900,440.78600,450.38200,12131
2008-02-20 00:00:00+00:00,447.68900,451.68800,445.49100,447.54300,12662
2008-02-21 00:00:00+00:00,452.19500,458.54400,450.44700,454.24800,10498
2008-02-22 00:00:00+00:00,451.65400,457.65400,449.60900,452.95700,10224
2008-02-25 00:00:00+00:00,458.32700,462.72600,455.53100,459.98000,8103
2008-02-26 00:00:00+00:00,462.48400,465.43600,459.78800,465.13600,9448
2008-02-27 00:00:00+00:00,465.79100,467.14100,456.29800,463.29600,10626
2008-02-28 00:00:00+00:00,459.80300,461.70200,452.85900,453.85900,9723
2008-02-29 00:00:00+00:00,452.66500,453.66500,444.52100,446.82000,11631
2008-03-04 00:00:00+00:00,442.85300,447.00200,434.85800,436.90800,12462
2008-03-05 00:00:00+00:00,439.41200,445.71300,437.36400,444.96400,9629
2008-03-06 00:00:00+00:00,445.71900,446.11900,436.67500,437.87400,10983
2008-03-07 00:00:00+00:00,432.18100,438.63200,430.48200,435.28400,17445
2008-03-10 00:00:00+00:00,430.85600,434.75600,426.31000,428.56000,12527
2008-03-11 00:00:00+00:00,428.91500,440.11500,428.21500,434.01700,14547
2008-03-12 00:00:00+00:00,439.32100,443.37200,437.52200,440.42400,11348
2008-03-13 00:00:00+00:00,433.93100,435.78400,428.43400,435.03400,16544
2008-03-14 00:00:00+00:00,434.43900,442.04000,429.24200,431.14200,21254
2008-03-17 00:00:00+00:00,421.26500,424.21500,414.56700,416.36900,22444
2008-03-18 00:00:00+00:00,421.37300,428.22600,420.07400,427.27600,12070
2008-03-19 00:00:00+00:00,433.48100,433.88100,424.08200,427.38400,16888
2008-03-20 00:00:00+00:00,427.40000,432.24100,426.33100,430.76300,12024
2008-03-25 00:00:00+00:00,440.73700,443.82500,437.43200,440.95100,9581
2008-03-26 00:00:00+00:00,440.20900,442.49600,438.47800,442.04000,7907
2008-03-27 00:00:00+00:00,440.84300,449.23200,440.58500,445.50400,10132
2008-03-28 00:00:00+00:00,445.37000,448.32600,443.89000,445.43000,7879
2008-03-31 00:00:00+00:00,442.12300,446.85800,438.62100,445.91800,8765
2008-04-01 00:00:00+00:00,445.47900,457.64700,442.44400,457.24000,10483
2008-04-02 00:00:00+00:00,461.03200,461.88900,453.43500,459.87900,10515
2008-04-03 00:00:00+00:00,459.99000,461.34100,455.53600,458.38500,9162
2008-04-04 00:00:00+00:00,459.95700,464.14400,458.93600,463.69000,9546
2008-04-07 00:00:00+00:00,463.72800,468.33000,463.37600,468.10800,5878
2008-04-08 00:00:00+00:00,464.94900,466.56300,462.57000,465.35400,5495
2008-04-09 00:00:00+00:00,465.56500,467.01900,462.48600,462.65700,6124
2008-04-10 00:00:00+00:00,461.05900,462.80600,454.75500,460.61400,9462
2008-04-11 00:00:00+00:00,461.57700,464.16300,451.51100,454.35400,12645
2008-04-14 00:00:00+00:00,448.99300,452.47300,448.02300,451.15600,7032
2008-04-15 00:00:00+00:00,452.77100,456.25400,449.31700,454.67500,8877
2008-04-16 00:00:00+00:00,458.04600,463.11300,455.30700,462.45300,8118
2008-04-17 00:00:00+00:00,465.81700,465.91700,460.19400,462.92100,8691
2008-04-18 00:00:00+00:00,462.70000,473.82600,461.64000,472.66600,8309
2008-04-21 00:00:00+00:00,472.55900,473.31000,466.40500,468.15900,7326
2008-04-22 00:00:00+00:00,469.31700,469.31700,461.10600,463.16100,7862
2008-04-23 00:00:00+00:00,462.91300,469.20800,460.93900,468.50400,8545
2008-04-24 00:00:00+00:00,466.80000,467.45000,460.31000,465.26300,10979
2008-04-25 00:00:00+00:00,467.27400,471.01300,466.69100,468.04500,8901
2008-04-28 00:00:00+00:00,469.99700,474.14500,468.74000,471.92200,5828
2008-04-29 00:00:00+00:00,472.12500,473.81800,469.69000,471.39000,6244
2008-04-30 00:00:00+00:00,471.54400,476.37700,469.57400,475.57300,5725
2008-05-02 00:00:00+00:00,477.90100,484.53900,477.17700,481.82800,7746
2008-05-05 00:00:00+00:00,480.46500,483.19300,480.26100,482.08600,3049
2008-05-06 00:00:00+00:00,482.38800,484.08500,477.55300,481.75400,5834
2008-05-07 00:00:00+00:00,484.31000,487.88600,481.09900,485.57900,5914
2008-05-08 00:00:00+00:00,481.92500,485.45800,481.47100,484.99700,5430
2008-05-09 00:00:00+00:00,482.54500,482.99100,478.62000,480.56000,5901
2008-05-12 00:00:00+00:00,481.65100,484.94300,480.87200,482.16900,3543
2008-05-13 00:00:00+00:00,483.77100,484.31900,475.90400,480.68600,7418
2008-05-14 00:00:00+00:00,480.58900,489.86300,480.08800,488.45900,7625
2008-05-15 00:00:00+00:00,486.60900,490.94500,486.15400,489.62600,6041
2008-05-16 00:00:00+00:00,489.55000,492.36100,487.10100,488.64100,5974
2008-05-19 00:00:00+00:00,490.61200,494.92300,489.47300,494.77400,4583
2008-05-20 00:00:00+00:00,492.83900,493.18700,486.21200,486.21300,5773
2008-05-21 00:00:00+00:00,486.56300,489.01400,484.43100,486.84700,6735
2008-05-22 00:00:00+00:00,483.32000,486.21300,482.00500,484.45000,7621
2008-05-23 00:00:00+00:00,484.80000,484.80100,477.57100,477.87100,6733
2008-05-26 00:00:00+00:00,478.49500,479.99300,476.45700,477.43400,1639
2008-05-27 00:00:00+00:00,477.98400,479.98000,471.92200,473.58800,6561
2008-05-28 00:00:00+00:00,474.48600,483.77100,474.23700,481.29200,9036
2008-05-29 00:00:00+00:00,483.23700,485.33700,479.83100,482.67400,6876
2008-05-30 00:00:00+00:00,484.47000,487.08600,482.81200,484.15700,6348
2008-06-02 00:00:00+00:00,485.73100,485.73100,476.32200,479.83800,6850
2008-06-03 00:00:00+00:00,477.79400,484.15900,476.84700,483.31400,6501
2008-06-04 00:00:00+00:00,481.07200,483.41600,474.01600,478.11700,8495
2008-06-05 00:00:00+00:00,476.27300,483.62600,476.27300,482.49300,8470
2008-06-06 00:00:00+00:00,485.03600,486.68700,470.01200,470.41100,12095
2008-06-09 00:00:00+00:00,468.53500,472.35400,467.68700,468.87100,8867
2008-06-10 00:00:00+00:00,466.87300,467.42600,462.13900,465.26300,8442
2008-06-11 00:00:00+00:00,465.06100,467.96500,455.40600,457.46000,9688
2008-06-12 00:00:00+00:00,455.61000,461.02500,455.21100,458.99100,8573
2008-06-13 00:00:00+00:00,458.19000,460.46900,452.26100,458.82400,10759
2008-06-16 00:00:00+00:00,460.83700,461.18800,454.51800,459.12400,7681
2008-06-17 00:00:00+00:00,459.42200,464.74100,458.85700,459.65700,7119
2008-06-18 00:00:00+00:00,459.00600,459.20500,448.44000,450.84400,8395
2008-06-19 00:00:00+00:00,449.54100,452.96300,446.22400,447.72600,9385
2008-06-20 00:00:00+00:00,447.80000,450.69700,435.28000,436.63000,11238
2008-06-23 00:00:00+00:00,435.74800,441.54600,435.70100,436.50700,7539
2008-06-24 00:00:00+00:00,437.42100,441.27600,429.43600,441.27600,11720
2008-06-25 00:00:00+00:00,439.24400,441.74500,437.29900,440.90300,7374
2008-06-26 00:00:00+00:00,438.22200,438.22200,424.95000,425.05000,12362
2008-06-27 00:00:00+00:00,424.96400,429.06800,419.72300,426.67300,13437
2008-06-30 00:00:00+00:00,425.48900,429.28600,419.34900,425.65000,11189
2008-07-01 00:00:00+00:00,424.36500,425.06500,411.28900,411.28900,12963
2008-07-02 00:00:00+00:00,416.54800,418.09800,407.56700,409.11500,10327
2008-07-03 00:00:00+00:00,405.23300,410.38600,400.43900,407.64100,18089
2008-07-04 00:00:00+00:00,407.60500,411.50200,402.86800,404.56800,5478
2008-07-07 00:00:00+00:00,404.27900,412.53300,404.27900,410.43600,7691
2008-07-08 00:00:00+00:00,404.65300,405.41000,397.75900,403.76400,11861
2008-07-09 00:00:00+00:00,408.07500,411.48300,405.57900,410.93400,7332
2008-07-10 00:00:00+00:00,404.05100,408.10600,399.36200,402.71200,11350
2008-07-11 00:00:00+00:00,404.97500,406.67500,390.84000,391.19000,14488
2008-07-14 00:00:00+00:00,395.94900,399.90500,393.05900,393.85900,8980
2008-07-15 00:00:00+00:00,391.17300,391.57400,379.48300,384.23400,18006
2008-07-16 00:00:00+00:00,385.59700,386.44700,373.95300,384.95700,18460
2008-07-17 00:00:00+00:00,389.01900,396.72600,388.36900,393.37900,15398
2008-07-18 00:00:00+00:00,393.40000,397.79100,386.48100,396.17600,14156
2008-07-21 00:00:00+00:00,397.46600,404.13100,391.31800,400.39000,9999
2008-07-22 00:00:00+00:00,398.41700,401.44500,393.01000,400.93800,8945
2008-07-23 00:00:00+00:00,403.29200,408.05900,403.29200,403.75000,8811
2008-07-24 00:00:00+00:00,405.19700,408.61200,395.24800,395.39400,10035
2008-07-25 00:00:00+00:00,391.86500,397.30600,390.65200,394.78700,10777
2008-07-28 00:00:00+00:00,394.26600,396.64700,390.64100,391.80900,6280
2008-07-29 00:00:00+00:00,389.03700,396.33200,386.27000,396.32600,9036
2008-07-30 00:00:00+00:00,399.73100,404.66400,399.48000,403.30100,8814
2008-07-31 00:00:00+00:00,406.15100,406.49800,397.73400,398.17400,10540
2008-08-01 00:00:00+00:00,396.40700,398.53400,391.65200,394.15300,8743
2008-08-04 00:00:00+00:00,393.28200,399.53800,390.63300,393.23800,8052
2008-08-05 00:00:00+00:00,391.42300,404.01300,390.91700,403.36000,9254
2008-08-06 00:00:00+00:00,406.20600,410.97200,404.29500,410.82100,10392
2008-08-07 00:00:00+00:00,408.75400,411.79500,403.93700,404.64900,10496
2008-08-08 00:00:00+00:00,402.73400,409.55100,399.94500,409.55100,10011
2008-08-11 00:00:00+00:00,410.97300,411.98000,408.36500,411.32700,5784
2008-08-12 00:00:00+00:00,410.76400,415.89200,408.90300,414.97000,8690
2008-08-13 00:00:00+00:00,413.40600,416.24300,408.30800,409.00700,8599
2008-08-14 00:00:00+00:00,411.39600,413.43800,405.91200,409.69900,9433
2008-08-15 00:00:00+00:00,409.60000,412.29200,405.95500,407.11200,8062
2008-08-18 00:00:00+00:00,407.30700,412.79400,406.07600,406.95100,6540
2008-08-19 00:00:00+00:00,405.02000,405.41700,395.28000,395.87700,9126
2008-08-20 00:00:00+00:00,398.85900,402.51900,397.69900,399.29600,7299
2008-08-21 00:00:00+00:00,398.50600,401.61700,394.88700,399.09200,7979
2008-08-22 00:00:00+00:00,399.49300,406.72900,398.50400,405.84200,8078
2008-08-25 00:00:00+00:00,406.08600,406.65600,399.46400,399.91300,4337
2008-08-26 00:00:00+00:00,399.76800,404.07700,395.60000,401.74700,7767
2008-08-27 00:00:00+00:00,402.14900,406.41000,398.88100,405.67000,6946
2008-08-28 00:00:00+00:00,404.33200,411.48000,402.05000,410.29200,8497
2008-08-29 00:00:00+00:00,410.79400,413.86100,408.90800,411.03500,7023
2008-09-01 00:00:00+00:00,408.24500,412.51100,407.15400,410.77500,3835
2008-09-02 00:00:00+00:00,409.33700,415.69200,408.79400,413.56100,8217
2008-09-03 00:00:00+00:00,410.32900,412.17700,404.49200,404.64100,8577
2008-09-04 00:00:00+00:00,405.54200,409.08400,396.21300,397.21200,12319
2008-09-05 00:00:00+00:00,392.08300,394.95400,387.68300,391.37500,15467
2008-09-08 00:00:00+00:00,400.83600,405.07900,395.48500,397.13500,10660
2008-09-09 00:00:00+00:00,397.58800,401.94400,393.03400,393.98600,10103
2008-09-10 00:00:00+00:00,391.14500,396.91400,390.39700,394.62700,13958
2008-09-11 00:00:00+00:00,393.23300,394.71800,387.21900,393.17200,11227
2008-09-12 00:00:00+00:00,396.91800,399.70100,392.25600,398.90500,10233
2008-09-15 00:00:00+00:00,388.50600,388.76200,378.88500,384.89800,17790
2008-09-16 00:00:00+00:00,376.55600,381.20800,364.34100,370.54800,23205
2008-09-17 00:00:00+00:00,376.89400,378.49800,352.24200,354.84200,23391
2008-09-18 00:00:00+00:00,355.38900,362.00600,348.67600,350.22600,24028
2008-09-19 00:00:00+00:00,350.30000,369.83400,350.30000,368.20700,21369
2008-09-22 00:00:00+00:00,367.49800,372.14900,360.41400,361.96300,10977
2008-09-23 00:00:00+00:00,359.29500,362.35200,353.43100,354.90300,13082
2008-09-24 00:00:00+00:00,354.87700,358.08500,346.98900,348.44700,10986
2008-09-25 00:00:00+00:00,349.81600,358.29700,347.84200,357.73300,12695
2008-09-26 00:00:00+00:00,352.91800,353.85800,341.28500,342.73800,13030
2008-09-29 00:00:00+00:00,345.79400,345.91400,314.04700,317.41600,20559
2008-09-30 00:00:00+00:00,307.71400,325.96000,302.62500,322.43400,22318
2008-10-01 00:00:00+00:00,326.81400,329.46200,321.38800,328.63800,13846
2008-10-02 00:00:00+00:00,325.41100,335.66200,321.02300,324.98800,14607
2008-10-03 00:00:00+00:00,322.82800,338.11000,321.52400,335.52100,13530
2008-10-06 00:00:00+00:00,322.35100,323.62900,298.27100,300.68100,20189
2008-10-07 00:00:00+00:00,307.04800,310.00000,294.69100,296.85800,24606
2008-10-08 00:00:00+00:00,284.89500,298.41800,269.84600,272.55300,36007
2008-10-09 00:00:00+00:00,279.40800,287.00800,269.69200,273.61400,21436
2008-10-10 00:00:00+00:00,254.62100,262.96500,243.65100,247.07000,36628
2008-10-13 00:00:00+00:00,261.95400,277.78000,260.18400,277.53300,14811
2008-10-14 00:00:00+00:00,287.07900,297.75300,279.07800,283.78300,20759
2008-10-15 00:00:00+00:00,281.04300,282.60000,259.19100,260.23800,22047
2008-10-16 00:00:00+00:00,250.23800,262.33300,243.65400,253.64700,34523
2008-10-17 00:00:00+00:00,254.00000,254.15600,232.91100,243.91500,24913
2008-10-20 00:00:00+00:00,249.37900,263.11000,248.07600,262.38800,14367
2008-10-21 00:00:00+00:00,265.35500,267.20100,254.60200,254.65000,12828
2008-10-22 00:00:00+00:00,253.21300,257.15500,245.58100,247.62100,12903
2008-10-23 00:00:00+00:00,245.01600,251.18100,238.85700,247.65000,20674
2008-10-24 00:00:00+00:00,240.92100,243.45200,224.62400,238.99600,26588
2008-10-27 00:00:00+00:00,230.58500,235.28100,224.56600,232.15200,17742
2008-10-28 00:00:00+00:00,236.82500,238.58500,225.94000,232.35700,18546
2008-10-29 00:00:00+00:00,243.61500,256.26100,241.91000,255.23800,16402
2008-10-30 00:00:00+00:00,258.76400,261.45600,246.52000,250.24400,14434
2008-10-31 00:00:00+00:00,250.93800,260.31800,246.42000,259.44600,11547
2008-11-03 00:00:00+00:00,264.06200,268.94100,260.41300,268.94100,9935
2008-11-04 00:00:00+00:00,267.78500,287.44200,266.22900,286.12100,12024
2008-11-05 00:00:00+00:00,286.79100,287.72400,272.47300,272.92000,12023
2008-11-06 00:00:00+00:00,267.23900,271.43900,254.12800,255.50800,17011
2008-11-07 00:00:00+00:00,255.32400,265.07600,253.92800,262.43600,15907
2008-11-10 00:00:00+00:00,270.48300,275.14400,259.98200,262.21000,10134
2008-11-11 00:00:00+00:00,259.45700,261.74900,253.91100,254.53300,10591
2008-11-12 00:00:00+00:00,259.29500,261.23300,245.43500,246.39300,15335
2008-11-13 00:00:00+00:00,243.87100,249.89400,241.34200,246.06700,15783
2008-11-14 00:00:00+00:00,258.22500,259.17200,248.90300,250.40200,13006
2008-11-17 00:00:00+00:00,250.31300,253.07800,244.09300,250.92800,12541
2008-11-18 00:00:00+00:00,244.11000,252.59300,238.40600,250.80300,14613
2008-11-19 00:00:00+00:00,250.41100,251.26100,236.45300,237.85500,13979
2008-11-20 00:00:00+00:00,230.61400,232.71600,223.50900,227.82400,18883
2008-11-21 00:00:00+00:00,228.05000,235.50700,222.17000,225.90000,17271
2008-11-24 00:00:00+00:00,235.29200,248.61800,228.28100,245.74300,13042
2008-11-25 00:00:00+00:00,246.40300,253.22900,242.31600,246.01700,14056
2008-11-26 00:00:00+00:00,245.72000,251.40300,239.95700,246.04000,13047
2008-11-27 00:00:00+00:00,250.77900,255.98100,249.16400,255.88000,4789
2008-11-28 00:00:00+00:00,255.22900,256.73700,249.27100,254.54000,8413
2008-12-01 00:00:00+00:00,252.77300,254.38000,236.44800,238.70800,11609
2008-12-02 00:00:00+00:00,235.29600,244.61500,230.86800,244.06100,15112
2008-12-03 00:00:00+00:00,242.15700,245.89400,235.21500,244.43600,12602
2008-12-04 00:00:00+00:00,245.09500,250.30800,238.19100,239.98700,15925
2008-12-05 00:00:00+00:00,237.98500,241.14600,228.81600,233.68300,14364
2008-12-08 00:00:00+00:00,244.88300,250.47400,242.96500,247.15800,12013
2008-12-09 00:00:00+00:00,247.76500,257.66600,245.10200,255.10400,12347
2008-12-10 00:00:00+00:00,254.70700,259.23500,251.89200,259.23500,10000
2008-12-11 00:00:00+00:00,257.13200,258.55600,252.64500,256.84600,9143
2008-12-12 00:00:00+00:00,244.72100,251.35700,240.89900,248.79700,15511
2008-12-15 00:00:00+00:00,253.09900,253.80000,245.96200,249.01000,9663
2008-12-16 00:00:00+00:00,248.26400,250.05700,245.35500,248.93000,8798
2008-12-17 00:00:00+00:00,252.13700,252.13700,243.62400,250.70200,11893
2008-12-18 00:00:00+00:00,249.70600,251.44800,247.40200,249.67200,6992
2008-12-19 00:00:00+00:00,249.60000,257.26500,248.77000,251.32100,9250
2008-12-22 00:00:00+00:00,252.21000,252.76600,244.00300,244.76300,5673
2008-12-23 00:00:00+00:00,244.99600,252.23900,244.48900,246.96700,4604
2008-12-24 00:00:00+00:00,245.27700,246.39000,243.54800,244.13300,1256
2008-12-29 00:00:00+00:00,245.16200,247.67600,241.48200,242.83900,3178
2008-12-30 00:00:00+00:00,245.03800,251.99800,243.58400,249.92700,2998
2008-12-31 00:00:00+00:00,250.20800,251.26100,248.05900,248.26100,902
2009-01-02 00:00:00+00:00,250.50900,261.53300,248.89400,261.33100,4229
2009-01-05 00:00:00+00:00,261.69500,263.60700,257.93700,262.84500,6959
2009-01-06 00:00:00+00:00,264.07600,273.32900,260.44900,272.16000,8097
2009-01-07 00:00:00+00:00,269.51900,270.75000,263.94200,265.69400,8170
2009-01-08 00:00:00+00:00,262.30300,267.17100,260.89100,265.96100,8188
2009-01-09 00:00:00+00:00,266.73700,270.81300,263.62000,267.28200,8632
2009-01-12 00:00:00+00:00,265.28100,267.57800,260.97500,261.86700,6701
2009-01-13 00:00:00+00:00,260.58900,262.64700,256.56000,259.83200,8172
2009-01-14 00:00:00+00:00,262.50900,263.30300,245.09400,247.43800,12285
2009-01-15 00:00:00+00:00,246.11600,249.06200,241.46900,243.76200,13831
2009-01-16 00:00:00+00:00,243.65000,249.83600,242.60400,243.44300,9512
2009-01-19 00:00:00+00:00,248.22500,251.58900,238.03500,240.46100,8447
2009-01-20 00:00:00+00:00,241.65000,243.04300,235.06500,236.50100,11092
2009-01-21 00:00:00+00:00,236.15700,236.88000,229.24600,236.78800,13256
2009-01-22 00:00:00+00:00,239.46100,241.38900,230.29000,230.84500,12157
2009-01-23 00:00:00+00:00,233.07200,233.07200,224.17900,230.88400,13911
2009-01-26 00:00:00+00:00,230.26800,245.25600,228.48900,244.76800,11131
2009-01-27 00:00:00+00:00,244.47400,246.41000,239.38900,245.80200,9661
2009-01-28 00:00:00+00:00,248.78000,255.75700,247.98800,254.71900,8272
2009-01-29 00:00:00+00:00,255.32000,255.32000,246.62600,248.41900,8056
2009-01-30 00:00:00+00:00,248.07700,250.51600,243.89800,247.42300,12080
2009-02-02 00:00:00+00:00,244.58700,244.87500,238.98700,244.77500,8923
2009-02-03 00:00:00+00:00,244.23300,248.98800,240.22300,247.89900,9086
2009-02-04 00:00:00+00:00,249.89100,256.13600,248.50400,252.01900,7495
2009-02-05 00:00:00+00:00,249.53900,253.50700,244.40000,252.96000,9882
2009-02-06 00:00:00+00:00,251.27500,261.05900,250.43200,259.67100,10081
2009-02-09 00:00:00+00:00,258.48200,262.70200,256.54900,260.91400,6501
2009-02-10 00:00:00+00:00,258.68000,259.22900,247.56300,248.56100,9379
2009-02-11 00:00:00+00:00,247.02100,253.08700,246.37300,251.39600,9109
2009-02-12 00:00:00+00:00,250.95200,251.00300,243.85600,247.00500,9330
2009-02-13 00:00:00+00:00,250.84900,253.44900,248.33700,250.04200,8026
2009-02-16 00:00:00+00:00,248.24000,250.04100,245.88100,245.88400,3414
2009-02-17 00:00:00+00:00,244.39000,245.38800,236.42900,237.28700,9562
2009-02-18 00:00:00+00:00,236.83900,239.57600,233.82300,239.32600,10165
2009-02-19 00:00:00+00:00,237.52900,241.50500,234.26900,234.26900,7672
2009-02-20 00:00:00+00:00,234.35000,235.40300,229.27000,229.72100,9107
2009-02-23 00:00:00+00:00,231.95200,234.45900,223.36200,224.36600,9497
2009-02-24 00:00:00+00:00,223.49600,224.44900,218.72200,222.08000,10872
2009-02-25 00:00:00+00:00,225.67400,228.58200,218.89400,220.19600,10115
2009-02-26 00:00:00+00:00,223.48900,226.38700,220.92700,224.12900,9737
2009-02-27 00:00:00+00:00,218.69800,222.89700,215.43100,221.94400,11306
2009-03-02 00:00:00+00:00,217.31000,217.31000,207.57600,208.07700,10060
2009-03-03 00:00:00+00:00,210.36700,211.71800,201.38600,202.38800,11064
2009-03-04 00:00:00+00:00,204.77800,212.73400,204.37800,211.68100,9464
2009-03-05 00:00:00+00:00,209.81200,210.91300,198.27900,198.62900,9852
2009-03-06 00:00:00+00:00,201.11900,204.71700,198.55400,200.35700,10452
2009-03-09 00:00:00+00:00,201.09200,202.04200,195.33100,198.17700,10666
2009-03-10 00:00:00+00:00,198.91300,211.87000,198.66300,210.26700,9695
2009-03-11 00:00:00+00:00,210.95200,214.80300,205.94400,209.53900,11549
2009-03-12 00:00:00+00:00,207.72200,212.81600,204.46500,212.26500,10080
2009-03-13 00:00:00+00:00,215.25200,216.59900,210.73800,213.58900,8296
2009-03-16 00:00:00+00:00,214.26900,217.21900,212.11000,216.30800,7518
2009-03-17 00:00:00+00:00,214.69200,214.89200,209.08200,211.47900,8541
2009-03-18 00:00:00+00:00,214.66400,214.81400,206.90300,209.60100,7734
2009-03-19 00:00:00+00:00,212.13600,214.98000,208.88400,210.17400,10917
2009-03-20 00:00:00+00:00,210.15000,216.08600,210.15000,215.49700,7597
2009-03-23 00:00:00+00:00,217.30400,223.96700,217.15000,223.75700,8324
2009-03-24 00:00:00+00:00,226.30600,227.56800,220.54200,224.70100,8724
2009-03-25 00:00:00+00:00,223.37700,228.24900,221.49000,227.47700,8505
2009-03-26 00:00:00+00:00,228.90000,229.81500,224.21600,228.11100,8153
2009-03-27 00:00:00+00:00,226.99000,227.90200,222.05600,222.64400,6872
2009-03-30 00:00:00+00:00,219.86500,219.86500,212.28700,212.99500,7090
2009-03-31 00:00:00+00:00,212.29000,219.82500,212.29000,218.70500,7043
2009-04-01 00:00:00+00:00,216.73200,224.05100,214.23500,223.84800,8415
2009-04-02 00:00:00+00:00,227.34000,234.60400,226.62600,234.54900,10805
2009-04-03 00:00:00+00:00,233.73500,237.07200,230.73500,234.16100,9282
2009-04-06 00:00:00+00:00,235.60200,237.09800,228.11100,229.47100,7765
2009-04-07 00:00:00+00:00,230.27400,231.33300,225.26200,227.17300,7839
2009-04-08 00:00:00+00:00,224.24900,230.78900,222.98200,229.05800,7718
2009-04-09 00:00:00+00:00,231.92400,235.18300,229.89200,234.26000,7439
2009-04-14 00:00:00+00:00,233.51500,239.09700,233.26400,234.88900,8342
2009-04-15 00:00:00+00:00,232.87900,238.06500,232.16900,236.90700,7388
2009-04-16 00:00:00+00:00,237.60000,240.29900,235.18200,238.47100,8738
2009-04-17 00:00:00+00:00,238.30000,243.40300,237.64900,241.85000,8574
2009-04-20 00:00:00+00:00,242.21800,242.21800,231.09800,231.79900,7717
2009-04-21 00:00:00+00:00,232.24300,234.79500,226.58200,234.54100,10472
2009-04-22 00:00:00+00:00,234.28300,236.08100,228.87300,235.63000,10431
2009-04-23 00:00:00+00:00,233.22000,238.97300,232.96900,233.71500,9077
2009-04-24 00:00:00+00:00,234.50900,238.46000,233.95700,237.75800,7232
2009-04-27 00:00:00+00:00,234.42300,237.87100,232.41900,236.82000,6889
2009-04-28 00:00:00+00:00,233.81000,235.45700,229.95600,234.75600,7695
2009-04-29 00:00:00+00:00,234.79900,238.49700,233.64700,236.69500,6814
2009-04-30 00:00:00+00:00,238.84000,243.64100,238.23900,239.18500,8076
2009-05-04 00:00:00+00:00,242.19200,251.44200,241.49200,250.39200,6455
2009-05-05 00:00:00+00:00,251.88500,253.78300,249.68300,252.83000,7972
2009-05-06 00:00:00+00:00,250.67100,257.62000,250.47100,256.21800,8243
2009-05-07 00:00:00+00:00,257.96100,263.41000,255.15600,258.20600,10550
2009-05-08 00:00:00+00:00,257.89800,264.64500,257.74800,263.89500,9257
2009-05-11 00:00:00+00:00,262.40900,263.45900,254.95300,256.00200,7283
2009-05-12 00:00:00+00:00,254.99400,259.39300,253.84300,254.58800,7655
2009-05-13 00:00:00+00:00,257.13100,257.73000,249.52500,251.12500,10378
2009-05-14 00:00:00+00:00,249.21700,251.51600,247.41600,249.31200,10762
2009-05-15 00:00:00+00:00,249.30000,252.50000,247.70100,250.80100,8290
2009-05-18 00:00:00+00:00,248.45900,259.55600,248.35900,258.55600,6990
2009-05-19 00:00:00+00:00,261.85700,263.50700,259.30900,262.35800,8163
2009-05-20 00:00:00+00:00,260.61000,267.00900,260.51000,265.46000,7041
2009-05-21 00:00:00+00:00,261.16300,263.56200,258.16500,260.01500,6274
2009-05-22 00:00:00+00:00,259.81600,262.56600,258.11800,260.16800,6124
2009-05-25 00:00:00+00:00,259.77500,261.57600,257.07600,261.42600,2961
2009-05-26 00:00:00+00:00,259.77800,263.97800,254.98000,263.62800,7747
2009-05-27 00:00:00+00:00,264.08000,265.83000,261.98200,264.48100,6694
2009-05-28 00:00:00+00:00,261.33400,263.08400,257.93600,261.23500,6632
2009-05-29 00:00:00+00:00,263.33600,265.23600,258.38900,259.83800,6724
2009-06-01 00:00:00+00:00,264.09500,269.09500,263.44500,268.54500,5868
2009-06-02 00:00:00+00:00,266.49800,270.09800,265.99800,268.24900,6703
2009-06-03 00:00:00+00:00,269.10000,271.30000,263.15200,263.45200,6248
2009-06-04 00:00:00+00:00,263.10400,266.20400,262.15500,262.80600,5833
2009-06-05 00:00:00+00:00,265.15700,270.05700,265.15700,266.70800,7288
2009-06-08 00:00:00+00:00,265.66600,266.31600,261.31700,262.36800,5976
2009-06-09 00:00:00+00:00,263.86900,266.21900,261.47000,263.47000,5816
2009-06-10 00:00:00+00:00,265.22200,269.77200,265.17200,267.97300,6222
2009-06-11 00:00:00+00:00,268.07500,268.87500,266.22500,267.87600,4694
2009-06-12 00:00:00+00:00,267.42800,268.32800,264.22900,264.77900,5011
2009-06-15 00:00:00+00:00,264.43700,265.48700,257.88800,258.03900,7002
2009-06-16 00:00:00+00:00,257.89000,259.89000,255.24200,255.69200,5442
2009-06-17 00:00:00+00:00,255.04300,256.19300,248.89400,251.74500,8154
2009-06-18 00:00:00+00:00,251.74600,254.49700,249.44700,253.04700,5890
2009-06-19 00:00:00+00:00,253.05000,256.75000,252.05500,255.70500,5750
2009-06-22 00:00:00+00:00,255.34300,256.83900,246.93400,247.18400,6145
2009-06-23 00:00:00+00:00,247.35300,249.60700,245.85800,247.86500,6250
2009-06-24 00:00:00+00:00,248.63200,254.27600,247.13900,253.28200,5705
2009-06-25 00:00:00+00:00,253.30100,255.70800,248.12500,255.55900,6771
2009-06-26 00:00:00+00:00,255.07900,257.07500,252.19700,254.44600,6321
2009-06-29 00:00:00+00:00,252.58700,258.08600,251.88900,256.29200,5136
2009-06-30 00:00:00+00:00,257.35900,258.20900,252.43300,254.63000,6124
2009-07-01 00:00:00+00:00,255.94700,260.74800,254.30000,259.20400,6100
2009-07-02 00:00:00+00:00,257.17800,257.82800,251.05400,251.95300,6599
2009-07-03 00:00:00+00:00,252.12200,253.88300,250.27800,253.78300,3622
2009-07-06 00:00:00+00:00,251.17300,251.62300,247.23600,249.19000,4759
2009-07-07 00:00:00+00:00,250.60700,252.21100,247.42500,248.12500,5493
2009-07-08 00:00:00+00:00,245.69700,247.75500,243.21300,243.21300,6044
2009-07-09 00:00:00+00:00,245.42900,248.48600,244.58000,246.59200,5185
2009-07-10 00:00:00+00:00,245.71200,246.01300,242.57800,243.12800,5134
2009-07-13 00:00:00+00:00,241.71100,250.77000,241.06300,249.77100,6022
2009-07-14 00:00:00+00:00,250.93900,252.49900,249.54100,251.80300,6262
2009-07-15 00:00:00+00:00,254.52100,261.03300,253.37300,260.73400,5704
2009-07-16 00:00:00+00:00,259.95400,265.71300,259.80400,264.96800,7704
2009-07-17 00:00:00+00:00,265.00000,267.04900,263.69400,266.14600,5543
2009-07-20 00:00:00+00:00,269.11500,270.11600,266.61000,268.15700,4192
2009-07-21 00:00:00+00:00,269.90200,272.55200,267.99800,268.84400,4642
2009-07-22 00:00:00+00:00,270.63800,270.73900,266.93100,270.08100,5021
2009-07-23 00:00:00+00:00,270.87400,275.77600,268.26700,275.02500,5567
2009-07-24 00:00:00+00:00,274.36500,277.91900,273.35800,276.11200,5898
2009-07-27 00:00:00+00:00,279.42800,280.37900,275.11700,276.56800,5183
2009-07-28 00:00:00+00:00,279.31300,279.31300,272.59900,274.35000,5888
2009-07-29 00:00:00+00:00,274.94300,277.99100,271.73800,276.73900,6245
2009-07-30 00:00:00+00:00,278.33200,284.03300,276.47900,281.83000,6524
2009-07-31 00:00:00+00:00,282.02100,284.72000,280.51500,283.31600,6924
2009-08-03 00:00:00+00:00,284.02800,288.82700,282.52600,287.07200,6502
2009-08-04 00:00:00+00:00,286.86600,286.91500,282.81000,286.50800,5886
2009-08-05 00:00:00+00:00,286.85000,289.24800,283.99200,286.44300,5567
2009-08-06 00:00:00+00:00,286.93500,290.23400,286.67800,287.47800,5598
2009-08-07 00:00:00+00:00,286.92000,292.01900,284.81600,291.11500,6984
2009-08-10 00:00:00+00:00,288.87500,289.87500,287.01900,288.26700,3862
2009-08-11 00:00:00+00:00,288.85900,290.05900,283.20100,285.35000,5203
2009-08-12 00:00:00+00:00,284.74200,289.48800,280.73900,288.53600,5978
2009-08-13 00:00:00+00:00,288.72900,293.47600,287.77800,290.72000,6993
2009-08-14 00:00:00+00:00,290.41400,292.41100,286.70700,288.55600,5889
2009-08-17 00:00:00+00:00,287.56700,287.76700,280.95900,282.35800,8339
2009-08-18 00:00:00+00:00,283.30000,284.94400,281.94600,284.24300,5196
2009-08-19 00:00:00+00:00,283.43500,286.37900,279.98400,285.87700,6369
2009-08-20 00:00:00+00:00,286.72000,288.76500,285.46600,287.91300,5982
2009-08-21 00:00:00+00:00,287.90000,296.40900,287.04800,294.65300,5860
2009-08-24 00:00:00+00:00,296.95700,299.46000,295.89600,296.49700,5664
2009-08-25 00:00:00+00:00,294.48300,301.43600,294.48300,299.43100,6408
2009-08-26 00:00:00+00:00,299.87200,302.67500,298.21300,299.26100,6591
2009-08-27 00:00:00+00:00,298.45000,301.34800,296.28900,298.84000,5421
2009-08-28 00:00:00+00:00,299.43100,303.38000,298.92100,300.32200,5832
2009-08-31 00:00:00+00:00,298.71900,298.81900,296.11000,297.00700,4327
2009-09-01 00:00:00+00:00,299.30000,299.60000,290.03000,290.73000,8475
2009-09-02 00:00:00+00:00,290.72000,290.87000,286.51000,288.75900,8964
2009-09-03 00:00:00+00:00,288.84900,292.34800,288.49700,289.49000,6070
2009-09-04 00:00:00+00:00,290.18100,295.32600,289.98000,295.07500,5905
2009-09-07 00:00:00+00:00,295.12600,299.32100,294.82400,298.51900,2965
2009-09-08 00:00:00+00:00,298.85800,301.65400,298.30700,300.34900,4761
2009-09-09 00:00:00+00:00,299.98900,305.08400,299.43800,304.78200,4819
2009-09-10 00:00:00+00:00,305.27200,307.46300,302.96600,307.46300,5732
2009-09-11 00:00:00+00:00,307.10200,309.64600,306.60100,307.49200,4622
2009-09-14 00:00:00+00:00,304.98900,307.48000,303.18600,306.97900,4847
2009-09-15 00:00:00+00:00,307.51900,309.81300,305.71600,309.45900,5317
2009-09-16 00:00:00+00:00,310.04900,314.28900,309.74800,314.03900,4468
2009-09-17 00:00:00+00:00,315.12800,315.42800,311.51800,312.11800,4928
2009-09-18 00:00:00+00:00,312.10000,314.90100,311.45200,314.25600,4599
2009-09-21 00:00:00+00:00,312.85700,313.30600,309.26600,311.02000,4605
2009-09-22 00:00:00+00:00,312.22800,314.37600,311.68600,312.68600,3626
2009-09-23 00:00:00+00:00,312.64600,314.19900,311.60500,313.80400,3355
2009-09-24 00:00:00+00:00,311.56700,314.56900,307.23300,307.23300,6830
2009-09-25 00:00:00+00:00,308.44100,309.44000,304.40500,305.20400,5729
2009-09-28 00:00:00+00:00,304.90500,312.95300,304.60600,312.75300,3517
2009-09-29 00:00:00+00:00,312.31300,313.76800,309.86900,312.32300,5367
2009-09-30 00:00:00+00:00,311.53400,314.18400,308.49300,312.69200,6276
2009-10-01 00:00:00+00:00,311.65300,313.55200,304.06900,305.36800,8158
2009-10-02 00:00:00+00:00,303.57900,303.57900,296.14100,299.99200,8965
2009-10-05 00:00:00+00:00,300.03900,302.09600,298.04100,301.59700,5304
2009-10-06 00:00:00+00:00,302.40600,309.70900,301.80600,307.66200,5721
2009-10-07 00:00:00+00:00,307.97100,312.07100,307.97100,309.38000,5770
2009-10-08 00:00:00+00:00,313.08800,315.19500,311.84500,314.19700,5421
2009-10-09 00:00:00+00:00,314.65700,316.70700,312.60800,315.36600,5531
2009-10-12 00:00:00+00:00,316.86500,321.71800,316.86500,320.72300,4440
2009-10-13 00:00:00+00:00,320.08400,322.08800,318.54100,320.19300,5588
2009-10-14 00:00:00+00:00,322.50300,326.60700,322.50300,325.11300,5966
2009-10-15 00:00:00+00:00,326.12300,326.87400,323.72900,326.28300,5887
2009-10-16 00:00:00+00:00,326.30000,327.75100,320.79200,322.94300,6000
2009-10-19 00:00:00+00:00,322.02100,326.67200,321.92100,325.97000,4444
2009-10-20 00:00:00+00:00,326.66600,327.76500,322.30900,323.00900,6506
2009-10-21 00:00:00+00:00,325.35700,326.50800,319.95100,324.00200,7113
2009-10-22 00:00:00+00:00,320.34500,321.24200,317.74200,320.39100,6968
2009-10-23 00:00:00+00:00,323.73900,324.63900,318.18100,318.63100,6721
2009-10-26 00:00:00+00:00,319.66000,321.11100,311.05200,312.95200,7730
2009-10-27 00:00:00+00:00,311.89700,313.84700,308.09100,308.84200,8666
2009-10-28 00:00:00+00:00,308.68700,309.13700,301.38000,302.73000,8902
2009-10-29 00:00:00+00:00,300.57400,310.12600,300.32400,309.52500,7829
2009-10-30 00:00:00+00:00,309.62200,309.87100,300.41400,301.31400,8861
2009-11-02 00:00:00+00:00,302.29400,303.79200,298.84000,301.54000,7381
2009-11-03 00:00:00+00:00,300.63500,301.03200,295.93200,300.63200,8193
2009-11-04 00:00:00+00:00,301.32800,306.37700,301.27800,303.77500,6385
2009-11-05 00:00:00+00:00,301.12000,308.62000,299.11900,307.31900,7591
2009-11-06 00:00:00+00:00,307.66500,309.21500,302.91100,306.41100,7798
2009-11-09 00:00:00+00:00,308.99100,314.48900,308.99100,313.93900,4983
2009-11-10 00:00:00+00:00,314.28400,315.08400,311.93000,312.68000,5052
2009-11-11 00:00:00+00:00,315.42700,319.67600,315.42700,317.57300,6427
2009-11-12 00:00:00+00:00,316.56900,319.61600,315.61500,316.01500,6882
2009-11-13 00:00:00+00:00,315.66000,317.80700,314.00700,317.55700,5785
2009-11-16 00:00:00+00:00,318.73600,322.33300,318.73600,321.08200,5304
2009-11-17 00:00:00+00:00,319.72800,322.67700,319.72800,321.82400,4672
2009-11-18 00:00:00+00:00,322.72000,322.97000,318.01600,318.71500,4852
2009-11-19 00:00:00+00:00,319.86100,320.01100,312.35800,313.15700,6556
2009-11-20 00:00:00+00:00,313.15000,314.14800,307.64400,309.15100,5260
2009-11-23 00:00:00+00:00,311.34500,317.08700,311.24500,314.60800,4214
2009-11-24 00:00:00+00:00,313.29700,317.49400,312.45100,314.91900,5927
2009-11-25 00:00:00+00:00,316.84300,317.89100,314.07500,316.37400,4853
2009-11-26 00:00:00+00:00,315.61100,315.61100,304.88100,305.48300,7161
2009-11-27 00:00:00+00:00,302.87600,310.46800,298.94500,307.53500,9610
2009-11-30 00:00:00+00:00,307.98700,310.28000,303.96200,304.92700,7883
2009-12-01 00:00:00+00:00,307.45000,314.95400,307.25100,314.95400,5408
2009-12-02 00:00:00+00:00,314.78700,317.25100,314.05100,315.46400,6087
2009-12-03 00:00:00+00:00,317.94000,319.39200,315.52000,317.12200,6091
2009-12-04 00:00:00+00:00,314.86100,323.25800,314.51900,319.77700,7331
2009-12-07 00:00:00+00:00,319.18800,321.45300,317.94600,320.61500,4668
2009-12-08 00:00:00+00:00,319.40000,321.10100,312.68400,314.39000,8038
2009-12-09 00:00:00+00:00,313.92300,315.73300,310.59900,311.35800,7277
2009-12-10 00:00:00+00:00,312.23800,317.64900,312.09100,316.41100,6078
2009-12-11 00:00:00+00:00,317.29200,322.04300,317.24200,319.86800,5716
2009-12-14 00:00:00+00:00,323.12400,324.27400,320.94900,322.30500,4125
2009-12-15 00:00:00+00:00,323.13800,325.76400,321.10700,325.16700,4519
2009-12-16 00:00:00+00:00,325.10100,328.52700,324.75100,328.08000,4187
2009-12-17 00:00:00+00:00,326.26400,328.97000,324.94400,325.39500,4419
2009-12-18 00:00:00+00:00,325.45000,327.30000,322.67700,324.67300,5030
2009-12-21 00:00:00+00:00,325.37800,330.17900,324.58300,329.88300,4068
2009-12-22 00:00:00+00:00,330.10500,333.60900,330.10500,332.61700,3926
2009-12-23 00:00:00+00:00,333.88600,334.28800,330.81100,332.81000,2899
2009-12-24 00:00:00+00:00,333.68100,333.68100,332.33700,332.79400,440
2009-12-28 00:00:00+00:00,334.20300,336.44800,334.05400,335.12200,1058
2009-12-29 00:00:00+00:00,336.24200,337.60500,335.74500,336.46300,1696
2009-12-30 00:00:00+00:00,336.23600,336.73800,333.20000,334.81000,2142
2009-12-31 00:00:00+00:00,335.33100,337.07900,334.09500,334.99300,654
2010-01-04 00:00:00+00:00,335.55600,343.01300,335.40600,342.22200,4188
2010-01-05 00:00:00+00:00,341.44100,343.10000,340.10800,341.21300,4008
2010-01-06 00:00:00+00:00,341.88500,342.48700,338.94500,341.70700,4290
2010-01-07 00:00:00+00:00,340.93100,341.30000,337.49000,340.95200,4214
2010-01-08 00:00:00+00:00,341.82400,343.07600,337.89000,341.94500,5098
2010-01-11 00:00:00+00:00,344.60600,345.50900,339.82700,340.37900,4020
2010-01-12 00:00:00+00:00,341.25200,341.80200,334.81700,335.07600,5670
2010-01-13 00:00:00+00:00,336.64800,340.21700,335.00000,339.41800,4457
2010-01-14 00:00:00+00:00,340.59100,341.75700,338.85400,341.01200,4603
2010-01-15 00:00:00+00:00,341.05000,343.05300,337.17900,337.63000,5894
2010-01-18 00:00:00+00:00,339.37400,339.92500,336.56600,338.66200,2717
2010-01-19 00:00:00+00:00,338.34800,342.54600,335.48600,342.29500,5601
2010-01-20 00:00:00+00:00,341.58100,342.23100,334.70700,336.45900,6761
2010-01-21 00:00:00+00:00,339.25200,339.65300,328.72100,329.67100,9695
2010-01-22 00:00:00+00:00,329.96000,332.66300,326.49500,327.54400,9486
2010-01-25 00:00:00+00:00,325.13100,331.68900,324.93100,328.57600,6919
2010-01-26 00:00:00+00:00,323.70600,330.20600,323.30500,329.65500,6952
2010-01-27 00:00:00+00:00,326.08700,328.53600,324.68300,326.27600,7772
2010-01-28 00:00:00+00:00,331.47200,331.87300,322.75000,324.50000,9082
2010-01-29 00:00:00+00:00,322.98600,329.43800,322.98600,326.98100,8075
2010-02-01 00:00:00+00:00,324.57000,331.32000,324.42000,330.41600,6549
2010-02-02 00:00:00+00:00,329.85400,333.89700,328.80100,333.84700,6260
2010-02-03 00:00:00+00:00,335.33700,335.38700,331.67400,333.32300,6522
2010-02-04 00:00:00+00:00,333.01000,333.36000,320.68800,322.18800,9120
2010-02-05 00:00:00+00:00,320.92500,321.77600,312.40600,312.65600,15093
2010-02-08 00:00:00+00:00,315.35200,317.95200,310.74400,313.94100,8735
2010-02-09 00:00:00+00:00,313.92900,321.47500,313.42900,320.32300,8676
2010-02-10 00:00:00+00:00,319.71100,319.81100,314.59900,316.54600,9760
2010-02-11 00:00:00+00:00,318.43700,319.38600,313.97800,318.87700,10797
2010-02-12 00:00:00+00:00,320.06600,320.26600,313.80500,315.65300,9404
2010-02-15 00:00:00+00:00,317.54700,318.74600,314.83800,316.28700,3472
2010-02-16 00:00:00+00:00,316.62500,319.56600,314.86900,319.26400,6516
2010-02-17 00:00:00+00:00,320.50300,324.49500,319.80200,323.09200,6337
2010-02-18 00:00:00+00:00,322.73000,324.47700,321.22900,323.52000,5722
2010-02-19 00:00:00+00:00,323.50000,327.14800,322.14500,326.24300,5770
2010-02-22 00:00:00+00:00,326.26700,328.01900,325.46200,326.15200,4353
2010-02-23 00:00:00+00:00,327.03800,328.38900,320.91300,321.71200,6483
2010-02-24 00:00:00+00:00,323.04900,323.45000,318.57900,322.33300,5738
2010-02-25 00:00:00+00:00,320.56400,322.21400,315.14100,316.34100,7256
2010-02-26 00:00:00+00:00,319.93300,320.18400,313.96200,318.66600,6825
2010-03-01 00:00:00+00:00,321.69700,325.54200,320.63900,324.33700,6386
2010-03-02 00:00:00+00:00,325.62400,329.26700,324.87000,328.91400,5372
2010-03-03 00:00:00+00:00,327.64700,333.19400,327.24500,331.83800,5524
2010-03-04 00:00:00+00:00,330.37000,334.26500,329.36900,332.85900,5628
2010-03-05 00:00:00+00:00,333.99400,339.93700,333.99400,339.43600,5307
2010-03-08 00:00:00+00:00,340.40800,341.35800,337.19900,339.44200,3951
2010-03-09 00:00:00+00:00,339.42600,340.56200,336.66700,340.36100,4389
2010-03-10 00:00:00+00:00,339.69400,341.98500,338.34200,340.38000,4709
2010-03-11 00:00:00+00:00,339.86300,341.56100,338.00100,339.09700,4304
2010-03-12 00:00:00+00:00,340.28200,342.67500,338.96900,339.41600,4990
2010-03-15 00:00:00+00:00,339.48700,339.53500,335.02200,336.76900,4609
2010-03-16 00:00:00+00:00,337.20400,340.29400,337.00300,339.29100,3896
2010-03-17 00:00:00+00:00,340.87400,343.86300,340.42200,343.41100,3998
2010-03-18 00:00:00+00:00,342.29200,343.23500,341.23000,342.67900,3243
2010-03-19 00:00:00+00:00,342.65000,342.80100,337.21100,337.90900,4878
2010-03-22 00:00:00+00:00,336.78000,337.46600,332.75300,336.81200,5088
2010-03-23 00:00:00+00:00,337.53400,341.32900,337.03100,340.52300,4254
2010-03-24 00:00:00+00:00,341.59900,342.19900,337.72900,339.62100,6006
2010-03-25 00:00:00+00:00,341.09900,344.79300,340.34500,344.43800,4808
2010-03-26 00:00:00+00:00,342.35300,344.25300,341.17900,341.62900,4875
2010-03-29 00:00:00+00:00,344.41300,344.95900,341.88900,343.18600,3612
2010-03-30 00:00:00+00:00,343.26000,345.56300,342.58800,343.08600,4007
2010-03-31 00:00:00+00:00,343.16000,345.05200,341.44000,343.98800,4708
2010-04-01 00:00:00+00:00,344.51400,351.45800,344.51400,350.70300,4945
2010-04-06 00:00:00+00:00,352.72700,355.20700,351.92400,355.10600,3623
2010-04-07 00:00:00+00:00,354.82900,355.27700,352.56200,353.50300,4089
2010-04-08 00:00:00+00:00,351.52400,352.05100,348.61300,352.00000,4584
2010-04-09 00:00:00+00:00,351.87300,355.36000,351.87300,354.40100,3811
2010-04-12 00:00:00+00:00,357.02400,357.62400,353.30700,354.54800,3826
2010-04-13 00:00:00+00:00,352.77000,354.70700,351.60100,353.94600,3747
2010-04-14 00:00:00+00:00,355.32000,356.85600,354.81600,355.89500,3613
2010-04-15 00:00:00+00:00,356.51900,356.71700,353.11000,355.89400,3859
2010-04-16 00:00:00+00:00,355.85000,358.41300,350.66700,352.22700,7279
2010-04-19 00:00:00+00:00,350.38300,352.40100,348.36700,349.95800,6257
2010-04-20 00:00:00+00:00,351.55300,356.42000,350.73400,356.24400,6045
2010-04-21 00:00:00+00:00,357.78600,357.88800,354.10900,355.43600,4844
2010-04-22 00:00:00+00:00,355.05400,358.17800,351.00700,354.78000,8433
2010-04-23 00:00:00+00:00,354.90500,356.65700,352.41800,355.59300,6933
2010-04-26 00:00:00+00:00,356.47900,359.29800,356.32700,358.37800,4247
2010-04-27 00:00:00+00:00,356.63200,358.19200,347.83000,349.84400,7357
2010-04-28 00:00:00+00:00,347.79700,350.06100,342.68000,345.60700,15751
2010-04-29 00:00:00+00:00,345.38000,350.22100,343.45000,349.44900,8435
2010-04-30 00:00:00+00:00,348.06000,352.28500,344.56300,345.36700,7778
2010-05-03 00:00:00+00:00,344.64800,349.72000,342.87600,349.11200,5054
2010-05-04 00:00:00+00:00,348.58200,349.28100,334.72100,336.27600,12960
2010-05-05 00:00:00+00:00,337.00800,338.44500,330.07000,333.41700,15358
2010-05-06 00:00:00+00:00,331.68300,335.03000,326.08200,326.83600,15095
2010-05-07 00:00:00+00:00,317.45800,324.71500,308.40800,311.96300,31821
2010-05-10 00:00:00+00:00,322.53400,336.94400,321.52900,334.52400,18416
2010-05-11 00:00:00+00:00,332.74300,336.64600,328.48400,335.99000,11044
2010-05-12 00:00:00+00:00,329.29000,339.91900,328.88900,338.30800,11294
2010-05-13 00:00:00+00:00,339.38800,340.93700,336.33200,339.11900,8361
2010-05-14 00:00:00+00:00,335.53300,336.78100,326.80300,329.19800,13267
2010-05-17 00:00:00+00:00,324.39100,330.67000,323.33900,326.27900,12375
2010-05-18 00:00:00+00:00,328.56000,333.32200,327.84200,329.59600,9330
2010-05-19 00:00:00+00:00,324.71900,328.21300,320.40900,324.60400,16593
2010-05-20 00:00:00+00:00,323.08100,324.87200,308.67800,313.41300,18997
2010-05-21 00:00:00+00:00,313.30000,317.71800,308.09600,315.73200,19959
2010-05-24 00:00:00+00:00,315.00400,319.52400,312.02300,315.92600,9768
2010-05-25 00:00:00+00:00,307.34400,308.32000,303.00900,307.01000,14327
2010-05-26 00:00:00+00:00,310.69300,317.10300,309.63400,314.17900,9681
2010-05-27 00:00:00+00:00,312.53400,323.30900,312.53400,322.55000,10409
2010-05-28 00:00:00+00:00,323.51700,325.47300,318.71300,321.02200,9074
2010-05-31 00:00:00+00:00,323.20300,324.25300,321.04100,322.46800,2294
2010-06-01 00:00:00+00:00,319.86900,324.36100,315.44300,322.39500,9852
2010-06-02 00:00:00+00:00,318.09300,325.23800,317.48300,324.73300,9759
2010-06-03 00:00:00+00:00,329.41100,331.16700,326.37000,326.76800,7156
2010-06-04 00:00:00+00:00,328.18500,332.39000,321.22900,321.22900,12172
2010-06-07 00:00:00+00:00,316.13900,321.43300,315.38600,319.46300,8877
2010-06-08 00:00:00+00:00,318.67500,320.02500,312.35200,314.78300,11499
2010-06-09 00:00:00+00:00,316.95100,321.83300,314.23600,321.12600,8681
2010-06-10 00:00:00+00:00,318.28400,327.37600,318.23400,324.16100,9520
2010-06-11 00:00:00+00:00,326.72800,327.97800,322.19900,326.34300,8872
2010-06-14 00:00:00+00:00,329.26400,331.78800,328.81000,330.63100,6537
2010-06-15 00:00:00+00:00,329.44200,336.51200,328.94000,335.81100,8275
2010-06-16 00:00:00+00:00,336.02300,336.77100,332.50100,336.28800,7175
2010-06-17 00:00:00+00:00,334.49800,337.07900,333.32200,335.06300,7182
2010-06-18 00:00:00+00:00,335.00000,335.70100,332.96700,334.47500,5822
2010-06-21 00:00:00+00:00,339.72600,342.27000,334.77000,336.66500,5793
2010-06-22 00:00:00+00:00,337.73100,339.38000,335.84600,337.25700,6021
2010-06-23 00:00:00+00:00,335.13800,338.09100,332.66200,335.36000,6882
2010-06-24 00:00:00+00:00,335.83400,337.28000,327.47800,330.12400,8604
2010-06-25 00:00:00+00:00,329.35100,329.55300,324.28500,326.13800,8716
2010-06-28 00:00:00+00:00,326.49900,330.65700,324.50800,328.11700,6406
2010-06-29 00:00:00+00:00,325.64800,325.75000,317.38400,318.13800,9421
2010-06-30 00:00:00+00:00,318.86000,319.76400,314.98200,316.08800,10003
2010-07-01 00:00:00+00:00,310.47400,314.22500,305.70000,309.09700,10645
2010-07-02 00:00:00+00:00,309.32000,312.47600,305.19800,305.99700,8523
2010-07-05 00:00:00+00:00,307.25500,309.15400,304.82800,305.22800,3428
2010-07-06 00:00:00+00:00,306.25000,316.40100,306.25000,312.06300,6382
2010-07-07 00:00:00+00:00,310.18900,318.24900,308.14800,318.05000,7905
2010-07-08 00:00:00+00:00,320.67000,323.13900,318.02800,323.13900,6549
2010-07-09 00:00:00+00:00,324.96200,325.67800,322.62000,324.83400,4848
2010-07-12 00:00:00+00:00,325.20000,328.26400,323.60600,327.37100,5009
2010-07-13 00:00:00+00:00,326.84500,334.35800,326.84500,333.01500,6809
2010-07-14 00:00:00+00:00,336.23900,336.69200,332.55600,334.66200,6183
2010-07-15 00:00:00+00:00,334.93700,335.59900,327.95600,330.36000,8187
2010-07-16 00:00:00+00:00,330.40000,333.00600,323.17200,324.32100,7539
2010-07-19 00:00:00+00:00,324.90000,326.33800,321.55200,323.25600,5681
2010-07-20 00:00:00+00:00,324.22600,324.83000,317.41200,321.07300,7422
2010-07-21 00:00:00+00:00,323.60300,329.26900,323.60000,327.84800,6327
2010-07-22 00:00:00+00:00,325.09300,335.77700,324.63700,335.77700,7821
2010-07-23 00:00:00+00:00,335.03400,338.97800,334.17600,338.16900,7115
2010-07-26 00:00:00+00:00,340.09700,340.89900,335.55300,337.95100,5860
2010-07-27 00:00:00+00:00,337.36000,340.65500,337.03000,338.08000,6037
2010-07-28 00:00:00+00:00,339.44800,340.00100,333.69400,335.44400,5503
2010-07-29 00:00:00+00:00,334.25100,337.14200,329.34800,331.89800,6092
2010-07-30 00:00:00+00:00,332.01900,334.65500,327.47800,330.17700,8479
2010-08-02 00:00:00+00:00,333.16000,340.40900,332.35300,339.90200,5430
2010-08-03 00:00:00+00:00,339.71300,340.26500,336.12600,338.77500,4665
2010-08-04 00:00:00+00:00,337.43300,341.87400,335.81600,339.80600,5398
2010-08-05 00:00:00+00:00,340.62100,341.77500,336.27900,337.42600,4472
2010-08-06 00:00:00+00:00,338.24100,339.64000,330.28900,332.08800,6805
2010-08-09 00:00:00+00:00,334.21300,337.05100,334.16100,335.93300,3403
2010-08-10 00:00:00+00:00,334.79300,335.74100,331.51200,332.80400,4817
2010-08-11 00:00:00+00:00,333.06800,333.06800,324.51900,325.46900,6944
2010-08-12 00:00:00+00:00,323.12800,326.72900,321.90500,323.84600,7307
2010-08-13 00:00:00+00:00,325.86300,326.91000,321.48800,324.67800,7202
2010-08-16 00:00:00+00:00,323.95200,325.59900,320.32700,323.76800,6083
2010-08-17 00:00:00+00:00,324.48200,329.05200,324.02900,329.00200,6107
2010-08-18 00:00:00+00:00,327.06400,329.78200,324.90700,329.43100,5740
2010-08-19 00:00:00+00:00,328.19400,330.29100,320.56400,321.35900,10903
2010-08-20 00:00:00+00:00,321.30000,322.79800,315.97000,317.51900,8020
2010-08-23 00:00:00+00:00,318.42400,320.42800,316.27900,318.43500,5085
2010-08-24 00:00:00+00:00,316.40000,316.40000,309.52000,312.51800,7561
2010-08-25 00:00:00+00:00,311.68100,314.12900,307.39500,310.89300,8455
2010-08-26 00:00:00+00:00,313.35000,315.05500,311.80900,313.21100,6537
2010-08-27 00:00:00+00:00,312.82400,317.37800,310.68400,317.32800,9238
2010-08-30 00:00:00+00:00,319.03300,319.38200,314.14400,314.64900,4569
2010-08-31 00:00:00+00:00,310.36600,316.86700,309.96700,316.17000,7643
2010-09-01 00:00:00+00:00,316.43100,325.62900,315.08400,323.83600,8381
2010-09-02 00:00:00+00:00,323.14600,327.45000,323.14600,326.45400,5819
2010-09-03 00:00:00+00:00,327.31500,332.21800,326.46900,329.77400,7048
2010-09-06 00:00:00+00:00,331.23200,331.58200,329.03600,330.54300,1952
2010-09-07 00:00:00+00:00,330.35600,330.35600,325.61800,327.17000,5156
2010-09-08 00:00:00+00:00,326.68200,331.93700,324.58600,331.24100,6297
2010-09-09 00:00:00+00:00,329.70400,335.10800,329.60600,332.11400,5369
2010-09-10 00:00:00+00:00,333.32600,335.23300,332.57800,334.83600,4406
2010-09-13 00:00:00+00:00,337.29600,339.39800,335.65700,336.50700,4644
2010-09-14 00:00:00+00:00,337.02000,337.97600,334.97800,336.13100,6159
2010-09-15 00:00:00+00:00,336.79400,337.39500,333.65100,336.35500,5129
2010-09-16 00:00:00+00:00,335.66800,336.66900,334.12600,335.02900,3779
2010-09-17 00:00:00+00:00,335.05000,335.65500,330.45000,331.05300,7369
2010-09-20 00:00:00+00:00,332.95300,337.21000,332.70600,336.57900,4707
2010-09-21 00:00:00+00:00,337.19100,339.43900,335.56500,335.86400,4843
2010-09-22 00:00:00+00:00,337.02100,337.02100,331.27100,332.17300,6875
2010-09-23 00:00:00+00:00,333.57800,334.27800,326.72500,329.96800,7617
2010-09-24 00:00:00+00:00,328.79400,336.08200,328.10300,335.45100,6599
2010-09-27 00:00:00+00:00,337.40900,337.86500,334.77800,335.13500,4644
2010-09-28 00:00:00+00:00,337.08900,337.33700,331.23500,335.31100,8197
2010-09-29 00:00:00+00:00,336.76900,339.21000,332.98900,334.29500,7699
2010-09-30 00:00:00+00:00,332.32200,337.88200,330.58300,332.97900,9131
2010-10-01 00:00:00+00:00,332.94500,335.10700,330.55300,332.75600,9046
2010-10-04 00:00:00+00:00,332.97400,332.97400,327.49900,328.55200,6635
2010-10-05 00:00:00+00:00,331.40600,335.30000,327.32900,334.80300,7378
2010-10-06 00:00:00+00:00,335.36700,337.43200,334.33100,334.48100,5952
2010-10-07 00:00:00+00:00,334.74600,338.32100,332.81000,335.90300,6383
2010-10-08 00:00:00+00:00,337.51500,337.51500,332.96200,335.63100,7057
2010-10-11 00:00:00+00:00,336.54900,337.75300,335.96100,337.05900,3313
2010-10-12 00:00:00+00:00,334.67900,335.21500,331.99300,334.14000,5672
2010-10-13 00:00:00+00:00,335.90400,342.79800,335.75500,342.26000,6430
2010-10-14 00:00:00+00:00,342.52800,344.33800,340.44000,340.69000,5470
2010-10-15 00:00:00+00:00,340.80000,342.00100,338.45300,340.35300,6256
2010-10-18 00:00:00+00:00,338.86800,341.46900,337.76900,340.62000,4522
2010-10-19 00:00:00+00:00,339.52300,340.72400,336.52700,338.02700,6185
2010-10-20 00:00:00+00:00,338.13000,339.13200,336.43100,338.93200,4108
2010-10-21 00:00:00+00:00,338.28500,342.08500,336.98600,339.48700,5268
2010-10-22 00:00:00+00:00,340.44000,341.59100,339.19100,339.79300,3633
2010-10-25 00:00:00+00:00,342.85600,343.65500,340.30900,341.10900,3787
2010-10-26 00:00:00+00:00,340.76200,341.11200,337.46500,340.01500,4704
2010-10-27 00:00:00+00:00,339.06900,339.76900,336.37200,336.77200,5113
2010-10-28 00:00:00+00:00,338.87400,340.07500,335.67800,336.52800,4981
2010-10-29 00:00:00+00:00,335.28100,337.58200,334.13200,336.63300,5409
2010-11-01 00:00:00+00:00,339.19700,339.79700,336.09900,337.55000,5672
2010-11-02 00:00:00+00:00,338.20300,341.65400,337.60300,341.05400,4303
2010-11-03 00:00:00+00:00,341.80700,342.55800,337.91100,338.76100,4373
2010-11-04 00:00:00+00:00,340.81300,345.71400,340.81300,344.66500,5347
2010-11-05 00:00:00+00:00,345.41800,347.96900,344.61900,346.72000,5329
2010-11-08 00:00:00+00:00,345.93500,347.33800,345.28500,346.98800,3316
2010-11-09 00:00:00+00:00,346.54100,348.44200,345.49100,346.94300,3565
2010-11-10 00:00:00+00:00,346.39600,347.99800,344.59900,347.64900,5294
2010-11-11 00:00:00+00:00,347.55200,348.20200,343.50400,345.50500,5510
2010-11-12 00:00:00+00:00,343.15800,344.21000,339.15900,341.51100,7981
2010-11-15 00:00:00+00:00,341.57500,346.17800,341.12600,345.77800,5622
2010-11-16 00:00:00+00:00,342.93100,344.08100,338.28400,339.28400,6160
2010-11-17 00:00:00+00:00,339.18700,341.88900,338.13700,341.53900,4470
2010-11-18 00:00:00+00:00,343.29200,346.74400,343.14300,345.59500,4303
2010-11-19 00:00:00+00:00,345.60000,346.34900,341.66400,344.76100,4609
2010-11-22 00:00:00+00:00,346.96100,347.86000,339.88200,340.83100,4988
2010-11-23 00:00:00+00:00,339.59400,341.29300,334.11000,335.51000,6790
2010-11-24 00:00:00+00:00,335.62000,337.82500,332.12700,337.57700,6192
2010-11-25 00:00:00+00:00,337.68800,339.14400,336.79000,338.09700,2601
2010-11-26 00:00:00+00:00,336.86000,337.91000,332.36800,335.67100,6128
2010-11-29 00:00:00+00:00,336.27200,339.17100,328.34000,329.44000,9161
2010-11-30 00:00:00+00:00,330.84900,330.84900,324.81100,328.91000,8969
2010-12-01 00:00:00+00:00,329.57000,336.97200,328.67300,336.67300,6757
2010-12-02 00:00:00+00:00,337.08300,341.88700,334.59200,340.99000,9293
2010-12-03 00:00:00+00:00,341.10100,343.50400,339.85800,342.25900,6773
2010-12-06 00:00:00+00:00,343.01200,343.66200,340.41700,342.47200,4381
2010-12-07 00:00:00+00:00,343.28300,347.98600,343.13300,346.49100,5307
2010-12-08 00:00:00+00:00,343.85300,348.35800,343.35400,346.86200,5166
2010-12-09 00:00:00+00:00,349.32200,350.72100,348.07500,349.03200,5287
2010-12-10 00:00:00+00:00,350.69300,350.80000,349.19500,350.70300,3453
2010-12-13 00:00:00+00:00,351.10700,352.76200,350.81500,351.46700,3763
2010-12-14 00:00:00+00:00,350.92800,352.23700,349.93000,352.03800,3255
2010-12-15 00:00:00+00:00,350.35000,351.65700,349.10200,350.61000,4311
2010-12-16 00:00:00+00:00,350.47100,351.93100,349.92900,351.73100,3260
2010-12-17 00:00:00+00:00,351.75000,352.95000,350.80600,352.75700,3558
2010-12-20 00:00:00+00:00,351.71000,355.25800,351.11100,353.76500,3256
2010-12-21 00:00:00+00:00,355.17300,356.57600,354.57500,356.03100,2755
2010-12-22 00:00:00+00:00,355.79200,356.79600,354.89500,356.00100,1949
2010-12-23 00:00:00+00:00,356.56100,356.61400,355.41800,355.87200,1565
2010-12-24 00:00:00+00:00,355.53300,356.53200,355.48600,355.68700,337
2010-12-27 00:00:00+00:00,356.59100,356.59100,352.74800,356.15200,2960
2010-12-28 00:00:00+00:00,356.51200,357.21100,355.67100,356.47100,1366
2010-12-29 00:00:00+00:00,357.08100,358.63600,356.78100,357.68900,1692
2010-12-30 00:00:00+00:00,356.75100,357.90100,355.31000,356.06200,2417
2010-12-31 00:00:00+00:00,356.52200,357.22200,355.57700,356.07700,541
2011-01-03 00:00:00+00:00,357.63100,360.38100,356.63300,359.48900,3992
2011-01-04 00:00:00+00:00,359.39900,360.70200,357.16100,357.91000,3814
2011-01-05 00:00:00+00:00,358.12100,358.12100,352.28100,357.58100,6491
2011-01-06 00:00:00+00:00,358.49100,359.34100,355.55200,355.75200,4509
2011-01-07 00:00:00+00:00,356.71200,357.96800,353.96600,355.72300,7308
2011-01-10 00:00:00+00:00,355.92300,355.97300,353.43100,355.33300,5294
2011-01-11 00:00:00+00:00,355.79300,359.24900,354.99400,357.85100,4642
2011-01-12 00:00:00+00:00,358.76200,362.41900,358.56200,362.01900,4699
2011-01-13 00:00:00+00:00,362.43000,362.78000,358.88500,359.89100,5097
2011-01-14 00:00:00+00:00,359.60200,362.26000,357.75700,362.01000,5021
2011-01-17 00:00:00+00:00,361.66200,362.36300,360.21500,361.22100,2573
2011-01-18 00:00:00+00:00,361.58200,363.88400,361.38200,363.44200,3866
2011-01-19 00:00:00+00:00,364.45200,364.75200,357.46200,357.61300,4793
2011-01-20 00:00:00+00:00,356.42300,357.73200,354.57700,357.18300,5761
2011-01-21 00:00:00+00:00,357.20000,363.85600,356.39800,360.49000,4806
2011-01-24 00:00:00+00:00,362.22100,362.77100,357.75800,361.35500,4462
2011-01-25 00:00:00+00:00,361.94000,362.59000,357.87800,358.96900,4959
2011-01-26 00:00:00+00:00,360.80700,363.10100,359.80300,362.19600,4273
2011-01-27 00:00:00+00:00,362.88100,364.97000,361.07600,364.72000,5395
2011-01-28 00:00:00+00:00,363.80200,364.29500,358.98100,359.12900,5550
2011-01-31 00:00:00+00:00,359.10300,361.94400,356.69700,361.49200,6092
2011-02-01 00:00:00+00:00,361.32600,367.37100,361.27400,367.27000,5097
2011-02-02 00:00:00+00:00,366.85300,368.40300,365.14200,366.48800,4112
2011-02-03 00:00:00+00:00,366.42200,366.42200,362.35600,364.75500,4854
2011-02-04 00:00:00+00:00,366.09100,366.29000,363.52800,365.57600,4355
2011-02-07 00:00:00+00:00,365.84800,369.64900,364.99600,368.83700,4095
2011-02-08 00:00:00+00:00,369.22100,370.51700,368.51800,369.75700,3549
2011-02-09 00:00:00+00:00,370.34100,370.88900,368.87700,369.62500,3343
2011-02-10 00:00:00+00:00,369.35900,371.04700,366.45300,370.54300,5174
2011-02-11 00:00:00+00:00,369.12800,371.21700,366.92200,370.41400,4416
2011-02-14 00:00:00+00:00,372.08600,372.13400,368.97800,370.97000,3288
2011-02-15 00:00:00+00:00,370.70400,371.45200,369.24200,370.43900,3488
2011-02-16 00:00:00+00:00,371.22300,372.32100,370.10900,370.95800,3905
2011-02-17 00:00:00+00:00,371.24200,373.22700,370.73300,373.07700,3778
2011-02-18 00:00:00+00:00,373.05000,374.30200,371.90200,373.75300,2982
2011-02-21 00:00:00+00:00,373.12100,373.97100,370.12500,371.22500,3353
2011-02-22 00:00:00+00:00,369.53000,370.28200,366.08200,366.48500,5811
2011-02-23 00:00:00+00:00,366.28800,369.13900,363.29300,364.09300,5226
2011-02-24 00:00:00+00:00,364.84600,365.29600,362.25000,362.30000,5574
2011-02-25 00:00:00+00:00,364.45300,367.85600,363.45400,367.65600,4170
2011-02-28 00:00:00+00:00,367.37300,370.77400,365.42400,368.62600,4375
2011-03-01 00:00:00+00:00,370.77800,372.22800,365.68400,366.18400,6261
2011-03-02 00:00:00+00:00,364.08700,366.04000,363.58800,364.94100,6295
2011-03-03 00:00:00+00:00,366.39400,369.09500,364.99500,368.99600,6099
2011-03-04 00:00:00+00:00,369.10000,370.85100,365.40400,365.90400,6532
2011-03-07 00:00:00+00:00,365.92200,370.27300,364.72500,365.02500,6272
2011-03-08 00:00:00+00:00,366.97800,367.92800,362.88100,366.38200,6898
2011-03-09 00:00:00+00:00,365.63500,368.43600,365.43500,367.13800,5744
2011-03-10 00:00:00+00:00,364.74200,364.74200,360.99500,361.39600,6431
2011-03-11 00:00:00+00:00,359.05000,360.45100,358.25100,359.45300,5800
2011-03-14 00:00:00+00:00,357.72100,359.47100,355.52300,356.27400,6678
2011-03-15 00:00:00+00:00,349.97800,351.47800,343.93000,346.58100,13539
2011-03-16 00:00:00+00:00,347.78500,351.38500,342.83800,342.98800,13055
2011-03-17 00:00:00+00:00,343.24100,350.09300,342.94100,348.39400,8814
2011-03-18 00:00:00+00:00,348.40000,350.50300,347.06900,347.26900,6967
2011-03-21 00:00:00+00:00,349.25400,354.35300,349.25400,353.65800,4770
2011-03-22 00:00:00+00:00,354.37700,355.32700,352.64300,353.54400,4322
2011-03-23 00:00:00+00:00,352.71700,357.57000,351.67000,356.92300,5696
2011-03-24 00:00:00+00:00,357.44200,361.19800,355.99700,360.50100,5920
2011-03-25 00:00:00+00:00,362.31800,364.76400,360.92900,362.33400,4414
2011-03-28 00:00:00+00:00,361.52800,363.42800,361.23100,362.09400,3645
2011-03-29 00:00:00+00:00,361.71400,363.82500,360.47400,363.37900,4134
2011-03-30 00:00:00+00:00,366.24300,366.89400,364.55100,366.26100,3797
2011-03-31 00:00:00+00:00,366.38000,366.38000,363.15000,364.50100,3607
2011-04-01 00:00:00+00:00,364.77000,367.33300,364.37500,366.83400,4017
2011-04-04 00:00:00+00:00,367.32800,369.28400,366.48100,367.79500,3107
2011-04-05 00:00:00+00:00,368.31400,369.16500,366.32700,368.63200,3196
2011-04-06 00:00:00+00:00,368.50100,370.06000,367.35600,368.51900,3773
2011-04-07 00:00:00+00:00,368.58900,369.89700,366.05600,367.45700,4491
2011-04-08 00:00:00+00:00,368.62600,369.07800,365.84100,366.39500,3193
2011-04-11 00:00:00+00:00,365.98900,367.79200,365.45700,365.85700,2734
2011-04-12 00:00:00+00:00,363.87700,365.62900,359.54200,360.69500,5261
2011-04-13 00:00:00+00:00,361.96400,365.37400,360.58100,361.48200,4140
2011-04-14 00:00:00+00:00,361.80100,362.00200,358.10800,359.66900,4334
2011-04-15 00:00:00+00:00,359.70000,360.20000,357.14000,359.29600,3802
2011-04-18 00:00:00+00:00,358.93000,359.02500,349.91100,352.26900,7076
2011-04-19 00:00:00+00:00,352.26500,353.97400,351.66900,353.02300,3556
2011-04-20 00:00:00+00:00,355.74400,359.43500,355.33600,358.72100,4215
2011-04-21 00:00:00+00:00,360.98500,361.03600,357.56800,358.30200,3589
2011-04-26 00:00:00+00:00,357.48700,359.45700,356.27400,358.59400,2920
2011-04-27 00:00:00+00:00,358.79200,360.83300,356.56600,359.29600,3419
2011-04-28 00:00:00+00:00,360.90100,361.45500,357.40000,358.53600,3442
2011-04-29 00:00:00+00:00,359.43700,360.09600,357.37000,359.94100,2301
2011-05-02 00:00:00+00:00,361.98700,363.16500,359.32700,360.22700,3365
2011-05-03 00:00:00+00:00,359.36800,361.31900,358.74400,359.46900,3581
2011-05-04 00:00:00+00:00,357.45400,360.80900,354.40200,355.44600,5280
2011-05-05 00:00:00+00:00,356.59600,357.74200,353.00300,355.99400,5483
2011-05-06 00:00:00+00:00,354.98600,359.96900,353.62100,355.58900,5844
2011-05-09 00:00:00+00:00,356.83100,359.43100,354.09300,356.43100,5400
2011-05-10 00:00:00+00:00,355.62400,361.50500,355.27300,360.74000,4869
2011-05-11 00:00:00+00:00,362.23800,363.92800,358.73400,359.53100,4354
2011-05-12 00:00:00+00:00,358.67400,359.82700,355.74800,359.72600,5688
2011-05-13 00:00:00+00:00,359.87100,359.96800,353.36300,354.96200,5506
2011-05-16 00:00:00+00:00,352.79700,353.59100,349.47400,351.34700,6072
2011-05-17 00:00:00+00:00,350.49200,353.03000,347.44800,348.64100,6295
2011-05-18 00:00:00+00:00,350.48900,350.73900,346.71000,349.74000,3962
2011-05-19 00:00:00+00:00,350.38700,352.30300,348.37800,351.88800,4508
2011-05-20 00:00:00+00:00,351.80000,352.70000,346.60100,348.55100,5595
2011-05-23 00:00:00+00:00,345.70600,345.70600,341.95700,342.65700,5319
2011-05-24 00:00:00+00:00,342.90800,345.05800,341.80900,342.10900,4524
2011-05-25 00:00:00+00:00,339.91000,345.96000,339.26000,344.81000,5082
2011-05-26 00:00:00+00:00,345.66100,347.26200,343.46200,346.76200,5423
2011-05-27 00:00:00+00:00,347.66300,348.46300,344.81300,345.96400,5167
2011-05-30 00:00:00+00:00,345.61800,347.51800,345.16800,346.11900,1264
2011-05-31 00:00:00+00:00,348.77000,351.27000,348.67000,350.62100,4459
2011-06-01 00:00:00+00:00,351.32100,351.37100,342.72300,342.87300,5357
2011-06-02 00:00:00+00:00,343.17400,344.12400,340.47400,342.32500,4299
2011-06-03 00:00:00+00:00,341.87500,342.02500,337.32600,339.62700,5806
2011-06-06 00:00:00+00:00,339.28100,340.68100,337.08200,337.08200,3902
2011-06-07 00:00:00+00:00,338.48200,341.28200,337.53300,337.53300,3893
2011-06-08 00:00:00+00:00,337.13400,338.38400,334.03500,334.48500,5002
2011-06-09 00:00:00+00:00,334.83600,339.43700,333.93600,338.63700,4767
2011-06-10 00:00:00+00:00,337.53800,338.33800,332.63900,333.83900,5493
2011-06-13 00:00:00+00:00,333.54300,335.59300,332.24400,332.99400,2940
2011-06-14 00:00:00+00:00,335.04400,338.34500,334.99400,337.84500,3765
2011-06-15 00:00:00+00:00,337.19600,337.49600,331.49700,332.29700,4640
2011-06-16 00:00:00+00:00,331.49800,333.04800,329.24900,331.29900,6726
2011-06-17 00:00:00+00:00,331.30000,335.70000,329.30000,333.05000,6431
2011-06-20 00:00:00+00:00,331.40000,333.00000,328.75000,332.50000,4440
2011-06-21 00:00:00+00:00,332.80000,337.25000,332.80000,337.05000,3826
2011-06-22 00:00:00+00:00,335.95000,336.85000,332.65000,333.10000,4453
2011-06-23 00:00:00+00:00,331.70000,333.05000,327.05000,331.50000,6599
2011-06-24 00:00:00+00:00,332.65000,333.25000,328.30000,328.90000,7531
2011-06-27 00:00:00+00:00,328.10000,330.45000,327.10000,329.65000,4648
2011-06-28 00:00:00+00:00,329.50000,331.50000,327.80000,331.40000,5217
2011-06-29 00:00:00+00:00,331.25000,336.15000,330.80000,335.75000,6943
2011-06-30 00:00:00+00:00,336.55000,340.55000,335.55000,340.40000,4809
2011-07-01 00:00:00+00:00,340.80000,343.90000,338.55000,343.50000,5025
2011-07-04 00:00:00+00:00,342.80000,344.05000,342.05000,343.25000,2501
2011-07-05 00:00:00+00:00,343.50000,344.80000,342.65000,342.85000,3337
2011-07-06 00:00:00+00:00,342.80000,344.55000,340.50000,342.10000,4641
2011-07-07 00:00:00+00:00,343.50000,347.25000,342.10000,345.50000,4461
2011-07-08 00:00:00+00:00,346.05000,347.00000,341.35000,343.45000,6215
2011-07-11 00:00:00+00:00,341.85000,342.00000,334.55000,335.15000,6925
2011-07-12 00:00:00+00:00,335.00000,335.00000,326.55000,330.75000,12163
2011-07-13 00:00:00+00:00,331.50000,333.45000,329.40000,330.90000,6530
2011-07-14 00:00:00+00:00,329.90000,332.35000,328.39000,329.03900,5956
2011-07-15 00:00:00+00:00,329.62300,330.81800,327.66200,329.49800,5674
2011-07-18 00:00:00+00:00,329.39300,329.39300,322.34600,324.14600,6574
2011-07-19 00:00:00+00:00,323.97800,328.07200,323.67600,327.91900,5527
2011-07-20 00:00:00+00:00,328.05200,330.44500,327.34700,329.93400,5577
2011-07-21 00:00:00+00:00,330.26800,337.83100,328.05200,337.21900,9407
2011-07-22 00:00:00+00:00,337.20000,339.85500,336.78300,338.47900,5785
2011-07-25 00:00:00+00:00,335.61300,338.31700,335.01100,336.49000,4794
2011-07-26 00:00:00+00:00,336.47200,338.42500,334.70100,335.69400,4932
2011-07-27 00:00:00+00:00,335.97600,336.22700,329.13100,329.83200,6104
2011-07-28 00:00:00+00:00,329.81400,333.00600,328.00700,329.48800,6996
2011-07-29 00:00:00+00:00,329.37000,330.56800,325.29500,327.38900,8173
2011-08-01 00:00:00+00:00,331.89700,333.34800,322.40700,325.00500,9281
2011-08-02 00:00:00+00:00,324.93800,324.98700,315.69200,315.69200,8970
2011-08-03 00:00:00+00:00,315.67500,316.66900,309.39400,313.59700,11368
2011-08-04 00:00:00+00:00,313.68000,315.98300,296.27300,296.82300,16961
2011-08-05 00:00:00+00:00,295.65500,304.96000,291.13100,301.24300,23498
2011-08-08 00:00:00+00:00,290.98200,298.14000,275.39000,276.53900,23683
2011-08-09 00:00:00+00:00,275.37300,291.37200,265.55600,291.37200,35944
2011-08-10 00:00:00+00:00,290.00500,294.20800,276.32500,277.36800,26060
2011-08-11 00:00:00+00:00,283.76000,289.89500,269.23500,286.99100,26290
2011-08-12 00:00:00+00:00,285.42400,293.41600,278.31500,291.65800,18417
2011-08-15 00:00:00+00:00,294.31700,296.06600,291.85800,295.64500,7507
2011-08-16 00:00:00+00:00,294.12900,294.12900,287.27200,290.10500,9308
2011-08-17 00:00:00+00:00,290.78900,294.82600,286.63500,291.11700,8327
2011-08-18 00:00:00+00:00,288.50000,290.94900,275.58600,278.50200,14986
2011-08-19 00:00:00+00:00,276.45400,278.75300,268.50700,271.20700,16528
2011-08-22 00:00:00+00:00,271.16600,282.51300,270.61600,275.06600,10177
2011-08-23 00:00:00+00:00,278.51700,282.51700,275.76900,282.31800,9365
2011-08-24 00:00:00+00:00,279.97000,283.72000,275.47100,283.07100,9389
2011-08-25 00:00:00+00:00,281.97300,284.67200,275.92600,276.32600,11545
2011-08-26 00:00:00+00:00,278.57700,279.02900,269.78000,278.17900,12076
2011-08-29 00:00:00+00:00,281.33700,283.73800,278.28800,283.68800,5054
2011-08-30 00:00:00+00:00,283.74000,285.74100,280.24100,284.74100,7622
2011-08-31 00:00:00+00:00,284.74300,294.89200,283.94300,293.54300,8667
2011-09-01 00:00:00+00:00,292.34500,295.94500,289.69600,291.34700,8591
2011-09-02 00:00:00+00:00,290.24900,291.24900,283.95100,285.00200,8544
2011-09-05 00:00:00+00:00,282.01100,282.26100,272.46300,273.26300,7300
2011-09-06 00:00:00+00:00,272.06500,277.36700,270.26700,277.36700,12994
2011-09-07 00:00:00+00:00,279.41800,282.81900,276.76800,282.77000,7788
2011-09-08 00:00:00+00:00,281.82100,284.32100,279.07200,281.02300,8285
2011-09-09 00:00:00+00:00,280.87500,283.52500,273.72700,274.77700,10184
2011-09-12 00:00:00+00:00,271.48600,271.88600,265.18700,271.48700,12292
2011-09-13 00:00:00+00:00,271.83900,273.03900,263.78900,272.44100,15027
2011-09-14 00:00:00+00:00,268.29200,278.19400,265.44200,276.39400,11881
2011-09-15 00:00:00+00:00,275.79500,280.15000,274.54600,279.90000,9677
2011-09-16 00:00:00+00:00,280.60400,283.90300,277.90800,282.50700,9548
2011-09-19 00:00:00+00:00,278.03600,278.03600,273.24400,275.99400,7736
2011-09-20 00:00:00+00:00,273.45100,279.79700,272.35200,276.50300,8429
2011-09-21 00:00:00+00:00,277.15600,279.15500,270.96800,270.96800,9178
2011-09-22 00:00:00+00:00,268.92400,270.22300,260.63700,264.33400,15064
2011-09-23 00:00:00+00:00,264.78800,267.08600,256.04900,264.54300,16133
2011-09-26 00:00:00+00:00,261.81800,273.01400,258.82100,272.86400,14122
2011-09-27 00:00:00+00:00,274.76600,282.71500,273.81800,278.66900,10764
2011-09-28 00:00:00+00:00,277.22400,283.37100,274.53200,274.58200,10786
2011-09-29 00:00:00+00:00,276.98400,285.08100,276.33500,283.28500,10456
2011-09-30 00:00:00+00:00,282.34000,282.79000,276.69900,276.74900,9667
2011-10-03 00:00:00+00:00,274.57400,277.02600,270.98200,271.08200,10450
2011-10-04 00:00:00+00:00,271.48600,275.73900,266.04200,275.73900,11969
2011-10-05 00:00:00+00:00,274.69300,280.44600,272.19500,280.04600,9997
2011-10-06 00:00:00+00:00,280.05000,287.20200,278.60100,287.15200,11728
2011-10-07 00:00:00+00:00,286.25700,290.30700,283.50900,286.86200,10063
2011-10-10 00:00:00+00:00,290.58500,293.93700,287.58700,293.29000,8627
2011-10-11 00:00:00+00:00,293.14400,293.64800,289.49800,293.10000,6932
2011-10-12 00:00:00+00:00,292.25500,301.30700,290.90600,299.10900,8863
2011-10-13 00:00:00+00:00,299.11300,301.51300,296.01800,298.86900,9583
2011-10-14 00:00:00+00:00,299.32300,305.17500,297.42400,303.82800,8899
2011-10-17 00:00:00+00:00,305.20400,307.60500,296.66100,297.11100,8794
2011-10-18 00:00:00+00:00,296.21600,304.02000,294.46600,302.32100,8895
2011-10-19 00:00:00+00:00,301.47500,304.27700,298.33100,298.63200,7981
2011-10-20 00:00:00+00:00,297.08600,302.08900,296.33700,300.55200,9056
2011-10-21 00:00:00+00:00,302.19200,306.04100,299.18100,305.93400,7540
2011-10-24 00:00:00+00:00,307.50300,308.64200,303.38400,308.03400,6154
2011-10-25 00:00:00+00:00,306.01300,309.52100,302.14100,303.33500,8441
2011-10-26 00:00:00+00:00,304.32400,307.82200,301.40300,306.35800,8396
2011-10-27 00:00:00+00:00,311.60700,319.15600,309.60000,317.85200,8892
2011-10-28 00:00:00+00:00,316.98400,317.98500,310.80800,312.80300,7744
2011-10-31 00:00:00+00:00,310.30900,311.65600,305.78000,305.78000,6983
2011-11-01 00:00:00+00:00,303.10800,303.20900,292.12800,296.47700,12866
2011-11-02 00:00:00+00:00,300.16800,300.51800,293.10000,297.99500,9904
2011-11-03 00:00:00+00:00,292.97000,306.82600,292.11900,305.97400,14248
2011-11-04 00:00:00+00:00,306.20800,307.00400,300.28600,302.83400,10828
2011-11-07 00:00:00+00:00,302.74700,302.74700,296.28500,302.27600,8089
2011-11-08 00:00:00+00:00,300.86000,308.39900,299.95800,307.44700,7719
2011-11-09 00:00:00+00:00,307.58300,307.93300,290.74700,291.49600,12692
2011-11-10 00:00:00+00:00,289.53000,297.97800,288.87900,295.01500,11069
2011-11-11 00:00:00+00:00,296.55200,301.99400,294.29800,300.73500,7061
2011-11-14 00:00:00+00:00,302.25200,303.05200,294.73000,295.52800,8055
2011-11-15 00:00:00+00:00,294.91400,296.91300,289.90500,294.44400,8288
2011-11-16 00:00:00+00:00,290.27900,296.97600,289.87800,291.55900,9398
2011-11-17 00:00:00+00:00,292.54500,294.44400,286.05100,287.35100,9248
2011-11-18 00:00:00+00:00,286.35300,292.40200,285.80300,287.75500,7467
2011-11-21 00:00:00+00:00,285.76300,286.51300,278.36700,280.56700,8629
2011-11-22 00:00:00+00:00,281.31800,282.06800,276.82100,278.22100,7437
2011-11-23 00:00:00+00:00,274.07400,278.42300,272.27600,272.27600,8517
2011-11-24 00:00:00+00:00,273.32700,276.57700,270.02900,271.12900,6107
2011-11-25 00:00:00+00:00,270.68100,275.33100,268.68200,272.98200,7421
2011-11-28 00:00:00+00:00,277.88900,285.18900,276.59000,284.34000,6745
2011-11-29 00:00:00+00:00,285.64100,287.79200,282.09200,286.69300,7176
2011-11-30 00:00:00+00:00,284.29400,301.79300,283.94500,301.79300,10791
2011-12-01 00:00:00+00:00,301.09500,302.19500,296.74700,297.74800,7491
2011-12-02 00:00:00+00:00,299.29900,303.99900,298.74900,299.35100,7550
2011-12-05 00:00:00+00:00,301.30900,306.86000,301.30900,304.41100,6293
2011-12-06 00:00:00+00:00,302.01300,307.36400,301.91300,306.11400,6190
2011-12-07 00:00:00+00:00,307.36600,309.46600,300.56800,306.36800,8091
2011-12-08 00:00:00+00:00,306.71900,307.82000,297.57200,297.97200,10012
2011-12-09 00:00:00+00:00,297.12400,306.02400,296.47400,305.27500,8842
2011-12-12 00:00:00+00:00,304.73400,304.73400,296.58600,297.98700,6961
2011-12-13 00:00:00+00:00,298.78800,300.88900,295.39000,296.54000,6532
2011-12-14 00:00:00+00:00,296.59200,298.64200,291.94300,292.59400,6608
2011-12-15 00:00:00+00:00,290.69500,296.59600,290.59500,293.90200,6011
2011-12-16 00:00:00+00:00,295.85300,296.85300,291.90900,292.76000,6538
2011-12-19 00:00:00+00:00,290.32800,296.92500,290.32800,291.88100,5827
2011-12-20 00:00:00+00:00,293.73300,303.18000,292.53400,302.98000,5953
2011-12-21 00:00:00+00:00,303.23300,306.83100,299.63800,302.28800,7406
2011-12-22 00:00:00+00:00,301.44100,306.54200,301.44100,306.54200,5165
2011-12-23 00:00:00+00:00,308.04400,308.54300,305.94600,307.84700,2553
2011-12-27 00:00:00+00:00,309.02200,311.67200,307.92300,309.22700,2398
2011-12-28 00:00:00+00:00,308.53000,310.83000,306.33400,306.88500,3713
2011-12-29 00:00:00+00:00,307.53800,311.89000,305.34000,311.79000,4124
2011-12-30 00:00:00+00:00,311.19300,313.59500,310.04400,312.19600,2967
2012-01-02 00:00:00+00:00,311.31500,317.01500,311.31500,316.06700,2431
2012-01-03 00:00:00+00:00,317.62000,318.37000,314.77200,316.87500,4778
2012-01-04 00:00:00+00:00,316.47800,317.77800,314.18200,315.38300,5356
2012-01-05 00:00:00+00:00,315.03600,315.58600,310.84000,313.04100,6653
2012-01-06 00:00:00+00:00,312.04400,313.89600,309.59800,310.34900,5921
2012-01-09 00:00:00+00:00,309.81700,313.81800,309.81700,312.37100,5519
2012-01-10 00:00:00+00:00,314.87300,317.17500,312.87400,315.27700,5197
2012-01-11 00:00:00+00:00,314.33100,315.33100,310.58300,312.93500,5341
2012-01-12 00:00:00+00:00,313.13800,314.34000,309.24200,311.59300,6424
2012-01-13 00:00:00+00:00,312.39600,313.19600,305.45000,308.80100,7298
2012-01-16 00:00:00+00:00,307.61900,313.62100,307.41900,312.82200,4952
2012-01-17 00:00:00+00:00,315.07500,318.62600,313.22900,313.58000,5658
2012-01-18 00:00:00+00:00,314.43300,317.68400,312.58300,317.03700,7151
2012-01-19 00:00:00+00:00,317.04000,320.59500,315.79100,320.39400,5276
2012-01-20 00:00:00+00:00,320.98200,321.96500,318.51500,321.86400,5419
2012-01-23 00:00:00+00:00,321.17900,323.72300,319.72300,322.61200,5255
2012-01-24 00:00:00+00:00,321.59500,322.09600,318.17900,320.57200,5052
2012-01-25 00:00:00+00:00,322.01100,322.41000,317.23800,321.13900,5280
2012-01-26 00:00:00+00:00,321.02400,323.11800,318.86700,321.35500,5108
2012-01-27 00:00:00+00:00,321.09000,322.13800,318.36800,318.81500,5178
2012-01-30 00:00:00+00:00,317.22800,317.32800,313.91000,316.25600,5199
2012-01-31 00:00:00+00:00,316.84300,319.82900,316.83100,319.62800,5190
2012-02-01 00:00:00+00:00,318.61200,325.35700,318.61200,324.30200,5767
2012-02-02 00:00:00+00:00,325.08900,325.33900,321.41800,322.61400,4744
2012-02-03 00:00:00+00:00,322.39900,327.08600,319.99300,326.83600,6068
2012-02-06 00:00:00+00:00,325.04800,325.64900,322.69200,324.42700,3840
2012-02-07 00:00:00+00:00,323.86200,325.56200,322.69900,324.84200,4427
2012-02-08 00:00:00+00:00,325.62800,327.17600,324.41300,326.30900,3920
2012-02-09 00:00:00+00:00,325.49300,326.68500,323.08900,324.87200,6203
2012-02-10 00:00:00+00:00,322.85600,323.00600,318.28300,319.28300,5248
2012-02-13 00:00:00+00:00,320.95000,322.64200,320.69700,322.03100,3742
2012-02-14 00:00:00+00:00,320.96600,323.76200,319.09700,320.99500,4943
2012-02-15 00:00:00+00:00,323.28200,324.67700,321.01100,321.31100,5078
2012-02-16 00:00:00+00:00,319.64600,327.15000,318.74600,326.90000,5060
2012-02-17 00:00:00+00:00,327.15200,330.95200,326.85200,330.75300,4492
2012-02-20 00:00:00+00:00,332.41100,333.11100,331.01100,332.51300,3388
2012-02-21 00:00:00+00:00,333.06400,333.11400,329.36600,329.61700,4386
2012-02-22 00:00:00+00:00,330.51800,331.36800,326.12100,326.37100,3937
2012-02-23 00:00:00+00:00,326.52300,328.37300,324.02400,326.72500,4399
2012-02-24 00:00:00+00:00,327.42600,328.07600,324.02800,324.52900,3626
2012-02-27 00:00:00+00:00,322.93700,325.88900,321.18800,325.33900,4435
2012-02-28 00:00:00+00:00,325.89000,326.79000,322.84200,325.59200,4499
2012-02-29 00:00:00+00:00,326.64300,328.24400,323.74500,324.54600,5695
2012-03-01 00:00:00+00:00,323.49700,327.89800,322.64800,327.54900,5609
2012-03-02 00:00:00+00:00,327.15000,329.00100,326.10100,328.35200,3712
2012-03-05 00:00:00+00:00,327.41100,327.71200,324.01100,326.31300,4465
2012-03-06 00:00:00+00:00,325.21400,325.41400,315.81700,316.71700,6459
2012-03-07 00:00:00+00:00,317.36900,320.22000,316.61900,319.72000,4227
2012-03-08 00:00:00+00:00,320.52200,326.12300,320.52200,325.52300,5135
2012-03-09 00:00:00+00:00,325.92500,327.87600,323.77500,326.32700,4572
2012-03-12 00:00:00+00:00,325.43500,327.48500,324.63500,326.58700,3403
2012-03-13 00:00:00+00:00,327.83800,333.79000,327.58800,333.44000,4078
2012-03-14 00:00:00+00:00,333.14200,334.89300,332.24200,332.84400,3522
2012-03-15 00:00:00+00:00,333.49500,335.79900,332.49500,335.74600,3062
2012-03-16 00:00:00+00:00,335.92900,337.17400,334.92300,336.05500,3615
2012-03-19 00:00:00+00:00,336.20500,336.70700,334.04300,335.77900,2497
2012-03-20 00:00:00+00:00,335.30900,335.61100,331.08100,332.37400,3485
2012-03-21 00:00:00+00:00,332.40700,333.81000,328.82900,329.92300,3757
2012-03-22 00:00:00+00:00,329.55500,330.30700,325.37600,327.17200,4589
2012-03-23 00:00:00+00:00,326.95500,328.05600,323.43000,326.37900,4348
2012-03-26 00:00:00+00:00,326.58300,330.42200,325.52700,330.07000,4433
2012-03-27 00:00:00+00:00,331.15600,331.90500,327.47100,327.62100,3875
2012-03-28 00:00:00+00:00,327.45400,329.85700,323.22100,324.37100,4675
2012-03-29 00:00:00+00:00,324.00300,325.35400,319.37600,321.82400,5806
2012-03-30 00:00:00+00:00,322.45900,324.05300,320.84000,322.73600,4592
2012-04-02 00:00:00+00:00,323.19000,326.97600,320.12300,325.97300,6380
2012-04-03 00:00:00+00:00,326.45700,326.45700,319.32000,320.92100,5302
2012-04-04 00:00:00+00:00,319.20100,320.55200,312.52200,313.96800,6988
2012-04-05 00:00:00+00:00,314.40200,314.90000,309.83700,312.82600,5920
2012-04-10 00:00:00+00:00,310.55100,311.25100,301.31700,301.46700,6278
2012-04-11 00:00:00+00:00,304.10500,308.39900,303.15300,306.18500,6154
2012-04-12 00:00:00+00:00,306.82000,310.50800,302.76000,309.90000,6759
2012-04-13 00:00:00+00:00,309.73400,310.23200,304.01500,304.85700,7161
2012-04-16 00:00:00+00:00,304.41500,309.00600,303.16300,306.29400,6746
2012-04-17 00:00:00+00:00,305.62700,313.01500,305.22600,312.40700,5876
2012-04-18 00:00:00+00:00,312.44100,312.78800,308.47900,309.36800,6133
2012-04-19 00:00:00+00:00,309.80200,313.64600,304.60200,306.01600,9306
2012-04-20 00:00:00+00:00,306.39700,309.68600,305.81200,308.01800,7509
2012-04-23 00:00:00+00:00,306.76100,307.01500,299.54300,302.03700,6706
2012-04-24 00:00:00+00:00,302.67200,304.52900,300.48800,303.32700,5351
2012-04-25 00:00:00+00:00,304.46800,309.32600,304.16300,307.50400,5692
2012-04-26 00:00:00+00:00,308.03600,312.58400,307.58000,311.98100,6393
2012-04-27 00:00:00+00:00,309.97900,312.65800,306.37500,310.93400,7381
2012-04-30 00:00:00+00:00,311.19300,312.30400,307.58500,308.58600,5075
2012-05-02 00:00:00+00:00,311.42600,313.03400,305.70700,308.79400,6503
2012-05-03 00:00:00+00:00,307.60700,310.99400,305.18900,305.58300,7146
2012-05-04 00:00:00+00:00,305.81000,307.33400,300.50000,301.31700,7732
2012-05-07 00:00:00+00:00,295.79800,306.21900,294.48900,305.75900,3124
2012-05-08 00:00:00+00:00,306.28100,306.42700,299.92900,303.46400,7621
2012-05-09 00:00:00+00:00,302.83500,303.22200,297.34200,301.07100,8835
2012-05-10 00:00:00+00:00,301.69900,305.55700,298.35300,303.05100,8899
2012-05-11 00:00:00+00:00,301.51900,306.46900,300.61400,303.62300,7172
2012-05-14 00:00:00+00:00,302.53300,303.13300,296.83100,297.16600,7048
2012-05-15 00:00:00+00:00,298.19400,301.73700,294.93400,295.28500,8091
2012-05-16 00:00:00+00:00,293.40900,297.50300,292.49500,293.25700,8382
2012-05-17 00:00:00+00:00,295.13500,295.98500,288.59800,288.79800,7939
2012-05-18 00:00:00+00:00,286.24400,291.44600,285.93900,286.54000,7250
2012-05-21 00:00:00+00:00,288.32400,292.12500,287.27300,291.92300,6095
2012-05-22 00:00:00+00:00,292.27000,296.67000,290.96800,293.96700,6231
2012-05-23 00:00:00+00:00,292.56300,293.61300,288.20800,292.95900,7148
2012-05-24 00:00:00+00:00,292.40600,293.35500,288.80300,292.25200,6974
2012-05-25 00:00:00+00:00,292.44900,295.45000,290.54600,292.54500,6403
2012-05-28 00:00:00+00:00,295.22900,296.63000,292.07500,293.17400,3338
2012-05-29 00:00:00+00:00,294.62200,296.92000,292.67000,295.86800,5907
2012-05-30 00:00:00+00:00,294.41500,295.51400,289.91000,290.90900,8612
2012-05-31 00:00:00+00:00,291.45700,292.90600,287.80300,291.05300,6758
2012-06-01 00:00:00+00:00,289.39900,290.54900,281.04400,282.74300,9154
2012-06-04 00:00:00+00:00,280.57600,285.82500,280.17600,283.77300,4873
2012-06-05 00:00:00+00:00,284.57000,286.36700,283.41900,286.01700,4410
2012-06-06 00:00:00+00:00,287.16400,292.66100,286.46400,292.41100,7621
2012-06-07 00:00:00+00:00,293.15800,295.50700,291.05700,292.45400,6815
2012-06-08 00:00:00+00:00,291.25100,293.14700,288.90000,292.69700,6319
2012-06-11 00:00:00+00:00,296.93100,297.83000,289.82600,289.87600,7193
2012-06-12 00:00:00+00:00,290.72300,293.01900,289.27100,292.81900,6795
2012-06-13 00:00:00+00:00,292.66600,293.61600,289.46200,289.81200,6387
2012-06-14 00:00:00+00:00,291.10900,293.55000,288.90800,293.00000,6545
2012-06-15 00:00:00+00:00,292.84900,298.95000,292.64900,298.95000,6255
2012-06-18 00:00:00+00:00,301.24600,302.64700,295.94500,297.29500,7094
2012-06-19 00:00:00+00:00,297.79400,302.99500,296.34400,301.89400,5557
2012-06-20 00:00:00+00:00,300.79400,304.19300,300.34300,302.89300,4662
2012-06-21 00:00:00+00:00,301.04200,304.74200,298.49100,298.49100,5958
2012-06-22 00:00:00+00:00,300.29100,300.39000,298.34000,299.79000,5281
2012-06-25 00:00:00+00:00,298.03600,298.58600,293.03500,294.13500,5382
2012-06-26 00:00:00+00:00,295.53400,296.08400,293.43400,295.53300,4370
2012-06-27 00:00:00+00:00,296.23300,298.93200,293.43300,298.43200,4253
2012-06-28 00:00:00+00:00,298.63200,299.13100,294.38100,298.98100,6316
2012-06-29 00:00:00+00:00,304.78100,308.48100,301.93100,308.38100,6944
2012-07-02 00:00:00+00:00,310.02700,311.92600,306.52700,311.72600,5216
2012-07-03 00:00:00+00:00,312.07600,315.22500,310.82500,314.97500,3647
2012-07-04 00:00:00+00:00,314.82500,315.42400,312.62400,314.52400,2483
2012-07-05 00:00:00+00:00,314.27300,316.67300,310.92200,312.47200,6411
2012-07-06 00:00:00+00:00,312.62100,313.57100,309.67000,310.77000,4385
2012-07-09 00:00:00+00:00,310.76700,310.76700,307.76600,309.56600,4068
2012-07-10 00:00:00+00:00,309.16500,314.11500,308.46500,311.06400,4593
2012-07-11 00:00:00+00:00,311.36400,313.86400,310.56400,313.16300,4062
2012-07-12 00:00:00+00:00,311.41200,313.01200,309.91200,312.31200,4242
2012-07-13 00:00:00+00:00,313.46100,315.31100,311.66100,315.06000,3715
2012-07-16 00:00:00+00:00,314.45600,316.45600,314.00600,315.75600,3151
2012-07-17 00:00:00+00:00,316.50500,317.55500,314.60400,316.85400,4034
2012-07-18 00:00:00+00:00,316.05400,319.90300,315.80300,319.60300,3643
2012-07-19 00:00:00+00:00,320.10200,323.15200,319.85200,322.74100,3467
2012-07-20 00:00:00+00:00,322.31200,322.75500,319.12600,319.76200,4758
2012-07-23 00:00:00+00:00,317.55300,317.55300,311.00100,313.90000,6226
2012-07-24 00:00:00+00:00,314.42700,314.42700,310.08000,311.67900,4933
2012-07-25 00:00:00+00:00,310.04700,315.65500,310.04700,312.92400,5405
2012-07-26 00:00:00+00:00,313.25100,321.04900,311.78700,320.74700,7492
2012-07-27 00:00:00+00:00,321.32400,327.36300,317.95200,326.35800,6871
2012-07-30 00:00:00+00:00,325.70300,329.24300,324.04500,327.87400,4888
2012-07-31 00:00:00+00:00,329.40300,329.55300,325.45300,325.80400,5580
2012-08-01 00:00:00+00:00,327.18200,328.66800,326.22900,327.34600,4550
2012-08-02 00:00:00+00:00,327.77100,331.11300,319.91700,320.71400,12642
2012-08-03 00:00:00+00:00,321.29000,330.33800,321.29000,329.67600,7020
2012-08-06 00:00:00+00:00,328.72000,331.65600,327.41300,329.08400,4488
2012-08-07 00:00:00+00:00,329.25800,334.28900,328.55400,333.12800,5059
2012-08-08 00:00:00+00:00,333.60200,333.60200,330.77700,332.56300,4458
2012-08-09 00:00:00+00:00,333.53700,335.31600,332.32000,334.40100,4517
2012-08-10 00:00:00+00:00,333.92300,335.03700,332.35100,334.93700,4124
2012-08-13 00:00:00+00:00,333.73000,334.03000,330.05200,331.89100,3880
2012-08-14 00:00:00+00:00,332.71500,334.41000,331.77700,332.42700,3548
2012-08-15 00:00:00+00:00,331.45000,334.17900,331.04400,333.06300,2923
2012-08-16 00:00:00+00:00,334.08600,334.95000,331.87300,334.44900,2746
2012-08-17 00:00:00+00:00,335.09800,336.54700,333.99700,335.84500,2972
2012-08-20 00:00:00+00:00,335.98100,336.63100,333.27800,334.47700,2783
2012-08-21 00:00:00+00:00,334.47500,336.82400,333.67100,334.47200,2590
2012-08-22 00:00:00+00:00,333.66900,334.11900,331.46500,332.66500,3641
2012-08-23 00:00:00+00:00,333.91300,334.11300,328.95800,329.65800,3729
2012-08-24 00:00:00+00:00,330.05600,330.50400,327.45300,330.15300,4024
2012-08-27 00:00:00+00:00,329.63900,333.13900,328.88900,331.53700,2866
2012-08-28 00:00:00+00:00,330.83400,331.28500,328.58200,329.03000,3694
2012-08-29 00:00:00+00:00,329.37800,330.97700,328.17700,330.12500,3062
2012-08-30 00:00:00+00:00,329.22300,330.12300,326.97000,327.51900,3207
2012-08-31 00:00:00+00:00,327.31700,331.61700,327.06600,328.91400,5063
2012-09-03 00:00:00+00:00,328.10000,332.54900,327.95000,331.94800,2691
2012-09-04 00:00:00+00:00,331.24600,332.79600,328.34300,329.59200,3545
2012-09-05 00:00:00+00:00,328.89000,330.43800,327.23900,328.43600,4939
2012-09-06 00:00:00+00:00,329.43400,337.08300,329.08400,336.88300,6490
2012-09-07 00:00:00+00:00,337.53100,340.38100,336.93100,338.22800,5338
2012-09-10 00:00:00+00:00,337.26400,337.66400,333.91000,333.96000,3353
2012-09-11 00:00:00+00:00,333.55800,336.25600,332.95700,335.60500,3387
2012-09-12 00:00:00+00:00,336.00200,339.55200,335.00000,335.89900,4810
2012-09-13 00:00:00+00:00,336.09700,339.14400,333.29500,338.19400,3401
2012-09-14 00:00:00+00:00,338.39100,339.99100,336.88800,337.23800,4650
2012-09-17 00:00:00+00:00,336.62400,338.07400,336.07100,336.47100,2844
2012-09-18 00:00:00+00:00,336.41900,337.06700,334.61800,335.86500,3827
2012-09-19 00:00:00+00:00,336.46300,337.41300,334.51100,335.46000,3112
2012-09-20 00:00:00+00:00,334.30700,335.25000,332.55600,335.00000,3199
2012-09-21 00:00:00+00:00,336.10100,336.15100,333.35200,333.35200,3639
2012-09-24 00:00:00+00:00,332.65600,333.25600,330.95700,331.90700,2916
2012-09-25 00:00:00+00:00,332.60800,335.15800,330.95900,331.10900,3095
2012-09-26 00:00:00+00:00,331.96000,332.11000,327.96100,328.41100,3908
2012-09-27 00:00:00+00:00,329.81200,330.96300,328.06300,330.11300,3282
2012-09-28 00:00:00+00:00,330.51400,330.91300,322.96500,323.21500,4407
2012-10-01 00:00:00+00:00,320.17000,327.92000,320.17000,325.02000,4481
2012-10-02 00:00:00+00:00,325.37100,329.27100,324.37100,327.37200,3972
2012-10-03 00:00:00+00:00,326.62200,328.57300,325.62300,327.17300,3513
2012-10-04 00:00:00+00:00,328.27400,330.17400,326.47400,328.37500,3721
2012-10-05 00:00:00+00:00,328.87600,332.97600,328.22600,330.92600,3677
2012-10-08 00:00:00+00:00,330.43100,331.08100,329.18100,329.98200,2590
2012-10-09 00:00:00+00:00,330.58200,330.93200,326.98300,326.98400,3529
2012-10-10 00:00:00+00:00,326.58400,328.18500,325.63500,325.88500,2741
2012-10-11 00:00:00+00:00,325.28600,330.48600,325.13600,328.63700,3459
2012-10-12 00:00:00+00:00,329.03800,330.33800,327.53800,327.98900,3776
2012-10-15 00:00:00+00:00,327.59300,331.29300,327.24300,330.59400,3314
2012-10-16 00:00:00+00:00,331.14400,334.44500,330.64400,334.34500,4206
2012-10-17 00:00:00+00:00,333.94600,336.09700,333.04600,335.84700,3283
2012-10-18 00:00:00+00:00,335.74800,336.39800,333.19800,334.94300,3126
2012-10-19 00:00:00+00:00,334.62600,335.77800,332.04800,332.44700,3760
2012-10-22 00:00:00+00:00,333.15800,336.56000,333.10800,334.99200,3069
2012-10-23 00:00:00+00:00,334.52500,334.97500,325.98800,327.48300,4647
2012-10-24 00:00:00+00:00,327.96900,329.06100,325.10800,327.29600,4031
2012-10-25 00:00:00+00:00,328.88400,331.48700,328.41800,329.56400,3609
2012-10-26 00:00:00+00:00,326.99300,330.27900,326.03300,329.57700,4350
2012-10-29 00:00:00+00:00,328.63300,328.97100,326.57400,327.86000,2097
2012-10-30 00:00:00+00:00,327.39400,332.28800,327.29300,331.78000,2569
2012-10-31 00:00:00+00:00,331.86500,333.91500,329.84600,330.59100,4004
2012-11-01 00:00:00+00:00,331.02600,335.62000,329.67200,335.31100,3940
2012-11-02 00:00:00+00:00,335.09500,338.19000,334.24300,335.27300,3892
2012-11-05 00:00:00+00:00,335.58200,336.02900,334.01700,334.95900,2714
2012-11-06 00:00:00+00:00,335.39300,337.87600,334.49000,337.47300,2827
2012-11-07 00:00:00+00:00,337.60800,339.25400,332.38700,333.93200,5960
2012-11-08 00:00:00+00:00,333.86600,334.86500,330.89100,330.94100,4279
2012-11-09 00:00:00+00:00,332.72700,332.82700,328.26400,331.25400,5104
2012-11-12 00:00:00+00:00,331.36300,333.14600,330.76000,332.34100,2582
2012-11-13 00:00:00+00:00,330.47500,333.96200,329.47000,331.55400,3984
2012-11-14 00:00:00+00:00,332.43800,334.13400,327.96500,328.26500,3838
2012-11-15 00:00:00+00:00,328.65000,329.49900,323.44900,324.14900,4458
2012-11-16 00:00:00+00:00,324.69700,325.14700,319.69200,321.34200,5495
2012-11-19 00:00:00+00:00,322.67900,325.37800,321.02800,325.37800,3528
2012-11-20 00:00:00+00:00,324.62500,326.82400,323.62400,326.17300,3446
2012-11-21 00:00:00+00:00,325.52000,327.27000,324.76900,326.76700,2799
2012-11-22 00:00:00+00:00,327.76500,328.46500,327.31500,328.11200,1531
2012-11-23 00:00:00+00:00,328.31000,332.70900,327.25900,332.15900,2971
2012-11-26 00:00:00+00:00,331.19400,332.49400,330.34300,331.89100,2357
2012-11-27 00:00:00+00:00,332.73900,334.59000,332.28700,332.58600,3118
2012-11-28 00:00:00+00:00,331.98300,336.33200,331.43300,336.08200,3635
2012-11-29 00:00:00+00:00,336.32900,338.70300,335.97900,338.45200,5006
2012-11-30 00:00:00+00:00,337.89900,339.74900,336.44600,337.37100,11572
2012-12-02 00:00:00+00:00,337.37100,337.37100,337.37100,337.37100,1
2012-12-03 00:00:00+00:00,337.73200,340.73100,336.77800,337.02800,28279
2012-12-04 00:00:00+00:00,336.81400,339.66300,336.77500,338.02300,28526
2012-12-05 00:00:00+00:00,339.58300,340.61800,337.51800,339.79200,34689
2012-12-06 00:00:00+00:00,339.44000,342.66200,339.41500,342.61200,42758
2012-12-07 00:00:00+00:00,342.09800,343.85800,341.30800,343.25600,41801
2012-12-09 00:00:00+00:00,343.25600,343.25600,343.25600,343.25600,2
2012-12-10 00:00:00+00:00,343.23000,343.53900,340.59000,343.41400,23201
2012-12-11 00:00:00+00:00,342.91400,344.89600,342.38600,344.18300,22734
2012-12-12 00:00:00+00:00,344.54400,345.62800,343.18000,344.02700,23917
2012-12-13 00:00:00+00:00,343.68600,345.07300,342.72100,343.27100,26607
2012-12-14 00:00:00+00:00,343.79100,345.51800,343.41800,344.14000,23965
2012-12-17 00:00:00+00:00,344.41900,344.85100,342.59800,343.79000,20864
2012-12-18 00:00:00+00:00,344.72800,345.06600,343.16700,344.54200,16288
2012-12-19 00:00:00+00:00,344.73100,346.26800,344.11800,345.16900,15251
2012-12-20 00:00:00+00:00,344.65700,347.94500,344.62000,347.67000,13751
2012-12-21 00:00:00+00:00,344.61800,346.43300,342.52200,345.14800,30298
2012-12-24 00:00:00+00:00,343.61500,345.00200,343.61500,344.95300,2959
2012-12-26 00:00:00+00:00,344.95300,344.95300,344.95300,344.95300,2
2012-12-27 00:00:00+00:00,343.17000,346.28300,343.05800,345.73400,19204
2012-12-28 00:00:00+00:00,345.23500,345.87200,341.13600,341.46100,18152
2012-12-31 00:00:00+00:00,340.45400,344.36600,339.31600,342.89100,5772
2013-01-02 00:00:00+00:00,348.60000,350.92000,347.11900,350.92000,27359
2013-01-03 00:00:00+00:00,350.35900,351.19600,349.29600,350.14700,15394
2013-01-04 00:00:00+00:00,350.19800,352.79800,349.59800,352.39800,9987
2013-01-07 00:00:00+00:00,351.61600,352.25300,350.55400,351.42900,15667
2013-01-08 00:00:00+00:00,350.56700,351.58100,348.95600,349.58100,16080
2013-01-09 00:00:00+00:00,350.08000,350.70700,348.83300,349.65800,15701
2013-01-10 00:00:00+00:00,350.97200,352.40900,349.70900,351.78500,23645
2013-01-11 00:00:00+00:00,351.57400,351.66100,349.27400,350.38100,21930
2013-01-12 00:00:00+00:00,350.38100,350.38100,350.38100,350.38100,1
2013-01-14 00:00:00+00:00,350.33100,350.68800,346.47400,347.62100,29322
2013-01-15 00:00:00+00:00,346.99600,348.89800,345.77400,348.82300,21060
2013-01-16 00:00:00+00:00,347.98300,349.25400,346.47800,348.64700,23904
2013-01-17 00:00:00+00:00,348.18200,351.55100,347.51800,351.10100,20195
2013-01-18 00:00:00+00:00,351.07700,352.41600,350.50800,351.92700,22821
2013-01-21 00:00:00+00:00,351.64000,352.98100,351.33600,352.85000,8756
2013-01-22 00:00:00+00:00,352.02400,354.08900,350.90800,354.00100,26177
2013-01-23 00:00:00+00:00,353.62700,355.20200,352.22900,353.37300,19522
2013-01-24 00:00:00+00:00,352.49800,354.35500,351.80800,353.19700,23735
2013-01-25 00:00:00+00:00,353.24800,356.22500,353.08400,356.22500,31222
2013-01-28 00:00:00+00:00,356.31100,357.00400,355.46000,356.57100,8980
2013-01-29 00:00:00+00:00,356.72200,357.87200,355.62900,357.79600,19057
2013-01-30 00:00:00+00:00,357.63600,358.35900,356.04900,356.59300,26928
2013-01-31 00:00:00+00:00,356.20000,356.73100,353.08800,353.48800,27558
2013-02-01 00:00:00+00:00,354.01600,356.39600,353.65100,355.78900,32126
2013-02-04 00:00:00+00:00,355.18800,355.57500,348.45800,348.80400,34678
2013-02-05 00:00:00+00:00,348.50500,349.14300,346.90600,347.37700,32038
2013-02-06 00:00:00+00:00,348.23000,349.21600,344.60200,346.17600,37626
2013-02-07 00:00:00+00:00,345.70300,347.03200,342.54000,343.94800,41819
2013-02-08 00:00:00+00:00,344.53800,345.55500,343.20900,345.09800,25437
2013-02-11 00:00:00+00:00,345.24800,345.93300,343.72500,344.50000,24908
2013-02-12 00:00:00+00:00,343.91200,346.03500,342.93600,345.34800,26091
2013-02-13 00:00:00+00:00,345.61000,347.42100,344.99600,346.14500,22789
2013-02-14 00:00:00+00:00,345.83300,346.74400,344.09400,346.36800,21244
2013-02-15 00:00:00+00:00,345.83000,346.26700,342.51500,343.34000,29098
2013-02-18 00:00:00+00:00,343.87200,344.08500,342.33400,343.80800,15744
2013-02-19 00:00:00+00:00,343.52000,348.23200,342.50700,347.33100,31353
2013-02-20 00:00:00+00:00,347.71700,347.93100,342.40300,342.50300,30021
2013-02-21 00:00:00+00:00,342.05500,342.27700,335.42600,336.52500,46759
2013-02-22 00:00:00+00:00,337.61100,341.79900,337.19900,341.64900,36257
2013-02-25 00:00:00+00:00,341.90600,344.01800,334.54100,334.76600,78220
2013-02-26 00:00:00+00:00,334.62800,337.86400,333.32800,336.78900,64185
2013-02-27 00:00:00+00:00,335.94000,339.41200,333.21200,338.73700,59085
2013-02-28 00:00:00+00:00,338.94700,341.93500,337.98500,340.50900,43388
2013-03-01 00:00:00+00:00,339.59500,340.85800,336.45700,339.75700,59027
2013-03-04 00:00:00+00:00,338.17600,340.90000,337.50100,340.75000,41746
2013-03-05 00:00:00+00:00,341.41200,347.34900,340.89900,345.24800,44025
2013-03-06 00:00:00+00:00,345.67000,349.09700,345.39700,348.32000,42061
2013-03-07 00:00:00+00:00,348.26400,349.48900,347.45600,348.12900,34977
2013-03-08 00:00:00+00:00,348.26100,353.02700,348.22300,352.27100,37918
2013-03-11 00:00:00+00:00,351.83400,352.13200,350.72400,351.67200,24286
2013-03-12 00:00:00+00:00,350.92700,352.86200,350.76300,351.98100,21611
2013-03-13 00:00:00+00:00,352.08800,352.64400,350.77100,352.41600,20384
2013-03-14 00:00:00+00:00,352.76100,355.87000,352.50900,355.30500,58355
2013-03-15 00:00:00+00:00,356.50000,356.52500,352.48900,353.28500,16533
2013-03-18 00:00:00+00:00,349.40400,353.24000,348.61600,351.96000,60210
2013-03-19 00:00:00+00:00,351.86600,354.17700,350.37400,351.84400,40405
2013-03-20 00:00:00+00:00,352.46300,355.21300,352.38800,353.68000,47884
2013-03-21 00:00:00+00:00,353.56100,354.24900,351.08800,351.63600,30576
2013-03-22 00:00:00+00:00,350.77800,353.02700,349.27600,351.49500,44602
2013-03-25 00:00:00+00:00,353.72700,354.73500,347.49600,348.74400,56415
2013-03-26 00:00:00+00:00,349.43500,349.90000,347.70800,349.77900,47908
2013-03-27 00:00:00+00:00,350.03400,350.63400,344.43800,347.23500,71200
2013-03-28 00:00:00+00:00,346.15500,350.07800,345.49000,349.14600,50188
2013-04-02 00:00:00+00:00,347.38800,352.39800,346.39000,350.66800,33854
2013-04-03 00:00:00+00:00,350.76700,352.78700,348.22600,348.75100,29653
2013-04-04 00:00:00+00:00,349.30700,350.91800,345.51200,346.33400,42821
2013-04-05 00:00:00+00:00,345.55400,346.45100,337.47600,341.28100,47526
2013-04-08 00:00:00+00:00,340.45200,341.60400,339.72500,341.12200,21793
2013-04-09 00:00:00+00:00,341.89900,341.98600,339.01300,341.46600,24704
2013-04-10 00:00:00+00:00,341.18300,348.66400,340.95100,347.49400,25496
2013-04-11 00:00:00+00:00,347.41100,350.90600,346.84500,349.58600,24989
2013-04-12 00:00:00+00:00,349.00800,349.84900,346.60800,348.88700,30614
2013-04-13 00:00:00+00:00,348.88700,348.88700,348.88700,348.88700,2
2013-04-15 00:00:00+00:00,347.01500,347.95700,341.97200,342.48800,37075
2013-04-16 00:00:00+00:00,343.22800,346.51400,342.41200,344.80500,27565
2013-04-17 00:00:00+00:00,344.35600,345.65200,338.16600,339.75800,45560
2013-04-18 00:00:00+00:00,339.15000,340.36200,337.02100,338.15300,31057
2013-04-19 00:00:00+00:00,339.77900,341.07300,337.81000,340.19100,34620
2013-04-22 00:00:00+00:00,341.09700,342.10100,336.80500,339.12300,34968
2013-04-23 00:00:00+00:00,338.21900,347.97400,337.87300,347.69400,42966
2013-04-24 00:00:00+00:00,347.97700,351.48200,346.46800,350.75800,37747
2013-04-25 00:00:00+00:00,351.16500,353.04200,349.60800,350.81800,34264
2013-04-26 00:00:00+00:00,350.72200,351.48500,348.24500,349.94500,31887
2013-04-29 00:00:00+00:00,349.88100,353.00800,349.69300,352.39200,23836
2013-04-30 00:00:00+00:00,352.63500,353.48600,348.90900,350.18600,23498
2013-05-02 00:00:00+00:00,349.74000,353.97100,349.49100,353.70100,42031
2013-05-03 00:00:00+00:00,353.46500,357.94500,352.61500,356.92700,31163
2013-05-06 00:00:00+00:00,356.56600,357.54100,355.79300,356.79600,10652
2013-05-07 00:00:00+00:00,356.57300,357.84800,355.49600,356.62700,24337
2013-05-08 00:00:00+00:00,356.79200,358.49600,355.98700,358.21400,25055
2013-05-09 00:00:00+00:00,357.70200,359.71100,356.78400,358.52000,21554
2013-05-10 00:00:00+00:00,359.27400,362.53600,358.63500,361.71000,43402
2013-05-13 00:00:00+00:00,360.78100,361.97600,360.02200,361.16300,28055
2013-05-14 00:00:00+00:00,361.79400,363.82600,360.70600,363.70300,28663
2013-05-15 00:00:00+00:00,363.62500,366.93300,363.22200,366.61900,24272
2013-05-16 00:00:00+00:00,365.98100,366.76100,364.51600,364.77800,20716
2013-05-17 00:00:00+00:00,365.01000,370.45500,364.63500,370.04600,40844
2013-05-20 00:00:00+00:00,369.60100,370.88400,368.50800,370.05600,26098
2013-05-21 00:00:00+00:00,369.87500,371.34500,368.19600,370.64300,34331
2013-05-22 00:00:00+00:00,370.79900,373.23500,368.60200,369.50300,53671
2013-05-23 00:00:00+00:00,368.97200,369.19700,363.73700,366.73700,72928
2013-05-24 00:00:00+00:00,366.95600,367.05600,362.99900,365.94700,49929
2013-05-27 00:00:00+00:00,366.25200,367.13600,365.61200,366.85800,9895
2013-05-28 00:00:00+00:00,367.41000,373.75400,367.25300,371.17300,33648
2013-05-29 00:00:00+00:00,370.12900,370.42900,366.08300,368.00700,52508
2013-05-30 00:00:00+00:00,366.48800,369.26100,365.87400,367.91800,49987
2013-05-31 00:00:00+00:00,368.03800,368.33800,362.35100,362.42600,56538
2013-06-03 00:00:00+00:00,362.48200,365.31800,359.31500,362.63600,71376
2013-06-04 00:00:00+00:00,363.06800,364.00600,358.00900,359.02100,57645
2013-06-05 00:00:00+00:00,357.46200,359.68900,352.04100,352.10300,66445
2013-06-06 00:00:00+00:00,352.66100,355.47200,346.63900,350.49000,64474
2013-06-07 00:00:00+00:00,350.02200,353.70600,347.30500,352.50300,74571
2013-06-10 00:00:00+00:00,352.69400,353.99200,351.38400,351.83900,50888
2013-06-11 00:00:00+00:00,351.64600,351.85800,346.05300,348.15300,62856
2013-06-12 00:00:00+00:00,349.51000,351.95400,345.83000,346.58000,57290
2013-06-13 00:00:00+00:00,342.83300,349.85500,342.04700,349.65600,59041
2013-06-14 00:00:00+00:00,348.49400,350.10600,346.30700,347.18200,43423
2013-06-17 00:00:00+00:00,348.43200,353.41000,348.39800,349.78500,43338
2013-06-18 00:00:00+00:00,350.18500,352.06100,348.98600,351.36200,38181
2013-06-19 00:00:00+00:00,351.71200,353.21200,349.23800,349.51300,43194
2013-06-20 00:00:00+00:00,347.13900,347.53900,339.36500,340.24000,49682
2013-06-21 00:00:00+00:00,341.55200,345.34000,337.05500,339.46600,70417
2013-06-24 00:00:00+00:00,337.07000,338.44500,330.84500,333.74600,74079
2013-06-25 00:00:00+00:00,333.23400,337.44600,332.74600,336.82200,53340
2013-06-26 00:00:00+00:00,336.02200,341.62200,335.54700,341.07200,47086
2013-06-27 00:00:00+00:00,341.21000,346.14800,339.59800,343.92300,39679
2013-06-28 00:00:00+00:00,344.62500,346.89900,343.44900,344.50000,53970
2013-07-01 00:00:00+00:00,343.95300,348.85300,342.90300,346.35300,45626
2013-07-02 00:00:00+00:00,347.00400,347.97900,345.15400,346.60400,43986
2013-07-03 00:00:00+00:00,345.75500,346.40500,342.60500,346.18100,48936
2013-07-04 00:00:00+00:00,346.80600,355.00600,346.75600,354.55600,37991
2013-07-05 00:00:00+00:00,355.29500,357.51900,351.98200,355.10800,61405
2013-07-08 00:00:00+00:00,355.11100,358.41100,354.41100,357.08600,29683
2013-07-09 00:00:00+00:00,358.85000,361.01200,358.06200,360.81200,35881
2013-07-10 00:00:00+00:00,360.12600,363.25100,358.86300,362.33900,46045
2013-07-11 00:00:00+00:00,367.23900,367.37600,362.81500,364.79700,46532
2013-07-12 00:00:00+00:00,364.58100,366.95400,364.05800,365.03100,31852
2013-07-15 00:00:00+00:00,365.66900,368.11300,365.39400,366.41000,25094
2013-07-16 00:00:00+00:00,366.63100,367.42000,363.69200,364.31100,26825
2013-07-17 00:00:00+00:00,364.77700,367.16500,362.16800,366.05000,39319
2013-07-18 00:00:00+00:00,365.46800,369.35400,364.80200,368.11500,26088
2013-07-19 00:00:00+00:00,367.47000,370.00700,366.21300,369.67800,36392
2013-07-22 00:00:00+00:00,370.18900,371.35000,369.27800,370.07700,30943
2013-07-23 00:00:00+00:00,371.02500,371.51300,368.13700,369.18300,29591
2013-07-24 00:00:00+00:00,368.88800,372.75100,368.76300,371.42000,40479
2013-07-25 00:00:00+00:00,371.39100,371.40300,367.41000,371.07700,41845
2013-07-26 00:00:00+00:00,371.10900,371.80900,366.70800,369.35300,33925
2013-07-29 00:00:00+00:00,368.66400,370.49000,367.03100,368.07600,31315
2013-07-30 00:00:00+00:00,368.72100,370.50900,367.31100,368.08300,31395
2013-07-31 00:00:00+00:00,367.97700,370.72000,366.13500,369.88300,42639
2013-08-01 00:00:00+00:00,371.11700,373.65900,368.41500,372.85700,41608
2013-08-02 00:00:00+00:00,373.20200,373.33800,369.56900,371.28700,33529
2013-08-05 00:00:00+00:00,371.10800,372.38000,369.89300,371.25900,23728
2013-08-06 00:00:00+00:00,370.97900,372.51200,368.29700,370.04000,27302
2013-08-07 00:00:00+00:00,368.76000,370.44100,368.26800,369.37100,34743
2013-08-08 00:00:00+00:00,370.35500,373.76400,369.22600,372.88700,30024
2013-08-09 00:00:00+00:00,373.00900,375.73200,371.70700,375.38100,30624
2013-08-12 00:00:00+00:00,375.62600,376.23600,373.02000,374.63000,33694
2013-08-13 00:00:00+00:00,375.36400,378.20000,375.35200,377.64900,35338
2013-08-14 00:00:00+00:00,377.43300,380.22000,377.24500,379.59200,33092
2013-08-15 00:00:00+00:00,378.64900,379.44500,373.40500,375.10500,36634
2013-08-16 00:00:00+00:00,374.71400,375.57600,372.77200,374.47100,41991
2013-08-19 00:00:00+00:00,374.46300,375.43700,372.64400,372.81900,38451
2013-08-20 00:00:00+00:00,372.23300,372.47700,366.93300,368.98300,42761
2013-08-21 00:00:00+00:00,369.01600,369.57900,366.53600,367.42300,42239
2013-08-22 00:00:00+00:00,366.20600,373.42100,366.16900,373.11900,39794
2013-08-23 00:00:00+00:00,372.91500,375.81400,371.01300,375.33700,40379
2013-08-26 00:00:00+00:00,375.59800,375.64100,372.23800,372.45900,12911
2013-08-27 00:00:00+00:00,371.66900,372.68100,362.94600,363.27100,52248
2013-08-28 00:00:00+00:00,363.81800,365.86500,362.42800,364.63800,44838
2013-08-29 00:00:00+00:00,364.64700,367.75900,364.56000,366.25600,37794
2013-08-30 00:00:00+00:00,367.54000,367.62800,361.63500,362.19600,43493
2013-09-02 00:00:00+00:00,365.67700,369.87700,365.25200,369.47400,23220
2013-09-03 00:00:00+00:00,369.50300,370.37100,365.61800,367.56500,46395
2013-09-04 00:00:00+00:00,368.07400,369.15900,365.15900,368.78200,38223
2013-09-05 00:00:00+00:00,369.16700,370.80400,366.30100,370.17400,38058
2013-09-06 00:00:00+00:00,369.46800,373.01900,367.39200,370.54100,54187
2013-09-09 00:00:00+00:00,371.32100,371.92000,368.96800,370.71600,22907
2013-09-10 00:00:00+00:00,371.64900,377.05900,371.51200,376.68300,36257
2013-09-11 00:00:00+00:00,376.81700,376.81700,374.20100,375.40000,30397
2013-09-12 00:00:00+00:00,375.62200,377.69300,375.09500,376.54100,33602
2013-09-13 00:00:00+00:00,376.36500,377.63300,375.43700,377.38300,28718
2013-09-16 00:00:00+00:00,380.81200,381.16000,379.25700,379.58300,32309
2013-09-17 00:00:00+00:00,378.89500,380.66000,378.63400,380.51000,18536
2013-09-18 00:00:00+00:00,380.65000,385.26200,379.13800,384.73700,25371
2013-09-19 00:00:00+00:00,384.66300,385.87500,381.56500,382.01600,19960
2013-09-20 00:00:00+00:00,382.24200,383.64200,380.44400,380.44400,30043
2013-09-23 00:00:00+00:00,381.68900,383.35100,378.45300,379.62800,32926
2013-09-24 00:00:00+00:00,379.57800,381.60500,379.05400,380.08100,27169
2013-09-25 00:00:00+00:00,380.19400,380.85700,377.90800,379.08400,32617
2013-09-26 00:00:00+00:00,379.83500,380.38500,377.16100,377.96200,26268
2013-09-27 00:00:00+00:00,377.90100,378.71300,374.01500,375.89000,31180
2013-09-30 00:00:00+00:00,372.63000,375.57300,372.04800,374.04900,43476
2013-10-01 00:00:00+00:00,374.44300,378.07600,373.85000,377.52700,33994
2013-10-02 00:00:00+00:00,377.12800,377.30300,373.97900,377.22900,40208
2013-10-03 00:00:00+00:00,376.83300,377.56800,372.98200,374.00800,32357
2013-10-04 00:00:00+00:00,373.68200,376.93500,373.65900,376.76000,32616
2013-10-07 00:00:00+00:00,374.30400,374.64200,370.55600,372.84400,29034
2013-10-08 00:00:00+00:00,372.99800,373.99600,368.59700,368.72200,40493
2013-10-09 00:00:00+00:00,370.12400,370.32400,365.89100,368.06700,40515
2013-10-10 00:00:00+00:00,369.30800,376.13600,368.39200,375.91000,41368
2013-10-11 00:00:00+00:00,375.76000,377.31200,374.84400,377.25900,30980
2013-10-14 00:00:00+00:00,375.27000,378.27100,374.09400,377.86900,28266
2013-10-15 00:00:00+00:00,377.71800,382.20700,377.40500,380.32000,40064
2013-10-16 00:00:00+00:00,381.14600,383.88000,380.22600,383.29600,32170
2013-10-17 00:00:00+00:00,382.51800,383.41600,379.99800,383.34000,26280
2013-10-18 00:00:00+00:00,383.85400,385.84200,382.64800,385.71500,31256
2013-10-21 00:00:00+00:00,385.69600,388.51000,385.66400,387.70100,27260
2013-10-22 00:00:00+00:00,387.62400,391.03300,387.18500,389.59800,36241
2013-10-23 00:00:00+00:00,388.32000,388.67800,387.09400,388.38900,32117
2013-10-24 00:00:00+00:00,389.68100,390.07300,388.63700,389.76000,29720
2013-10-25 00:00:00+00:00,388.54500,389.69000,387.88300,388.62700,27282
2013-10-28 00:00:00+00:00,389.94000,390.20200,387.44100,388.68200,20202
2013-10-29 00:00:00+00:00,388.71900,391.07900,387.96600,390.97900,20720
2013-10-30 00:00:00+00:00,390.72700,392.53900,389.07300,390.14600,30208
2013-10-31 00:00:00+00:00,389.20700,392.72100,388.17900,391.96700,30898
2013-11-01 00:00:00+00:00,392.10400,392.42800,389.91400,391.33400,25938
2013-11-04 00:00:00+00:00,391.68300,393.75100,391.13100,393.26600,19639
2013-11-05 00:00:00+00:00,392.86500,393.17800,388.78900,390.85800,26871
2013-11-06 00:00:00+00:00,392.22100,395.47000,391.67000,393.70300,24592
2013-11-07 00:00:00+00:00,393.22800,397.98400,389.81900,390.29400,54400
2013-11-08 00:00:00+00:00,390.89300,394.54000,390.11000,394.51500,47418
2013-11-11 00:00:00+00:00,394.32600,395.30000,393.26100,394.92000,21736
2013-11-12 00:00:00+00:00,394.89400,395.68000,391.76500,392.72400,31642
2013-11-13 00:00:00+00:00,391.76200,393.60600,388.53900,393.53100,37211
2013-11-14 00:00:00+00:00,394.15400,395.66600,393.81100,395.50300,30708
2013-11-15 00:00:00+00:00,395.96700,396.28000,394.61900,395.95600,26480
2013-11-18 00:00:00+00:00,395.62500,398.13800,394.23800,395.66400,24789
2013-11-19 00:00:00+00:00,395.55200,396.76500,394.06700,394.54200,27248
2013-11-20 00:00:00+00:00,394.58100,398.19300,394.14300,395.04500,33000
2013-11-21 00:00:00+00:00,394.63300,396.84600,393.55900,396.22200,27702
2013-11-22 00:00:00+00:00,396.08600,397.99800,394.59900,396.00000,25502
2013-11-25 00:00:00+00:00,396.86900,398.66800,396.35800,396.58300,20736
2013-11-26 00:00:00+00:00,396.97100,397.65900,394.26000,394.71100,18193
2013-11-27 00:00:00+00:00,395.53700,396.86300,394.58700,396.33800,17391
2013-11-28 00:00:00+00:00,396.40100,397.74000,396.23900,396.69100,7366
2013-11-29 00:00:00+00:00,396.26900,397.50500,396.01700,396.61900,10359
2013-12-02 00:00:00+00:00,396.51200,398.17500,395.37700,395.45200,19488
2013-12-03 00:00:00+00:00,395.14100,396.02800,389.88000,391.55500,28201
2013-12-04 00:00:00+00:00,391.73100,392.53100,385.42100,388.15800,38647
2013-12-05 00:00:00+00:00,387.62100,388.08500,382.78600,383.28600,36221
2013-12-06 00:00:00+00:00,384.16200,388.36300,383.58800,387.88800,37611
2013-12-09 00:00:00+00:00,388.24500,388.59500,385.82000,386.84300,20446
2013-12-10 00:00:00+00:00,386.93400,389.72000,384.90100,385.57800,21243
2013-12-11 00:00:00+00:00,385.57000,387.30800,381.34100,381.64100,24139
2013-12-12 00:00:00+00:00,381.17000,381.79500,376.32800,376.60400,33566
2013-12-13 00:00:00+00:00,377.59400,378.87000,376.33600,377.46200,23820
2013-12-16 00:00:00+00:00,375.68800,382.43300,375.36100,380.96200,24241
2013-12-17 00:00:00+00:00,380.35400,380.64100,377.99600,378.58500,21523
2013-12-18 00:00:00+00:00,379.20100,385.67700,378.17700,385.62700,34054
2013-12-19 00:00:00+00:00,384.76900,388.27100,384.43100,388.23400,16303
2013-12-20 00:00:00+00:00,388.65100,392.29000,388.16300,391.66600,25120
2013-12-23 00:00:00+00:00,393.10000,395.54000,392.66300,394.89200,15130
2013-12-24 00:00:00+00:00,395.20800,397.64500,395.07100,396.54700,3081
2013-12-27 00:00:00+00:00,398.43400,401.67600,398.42200,401.37700,15158
2013-12-30 00:00:00+00:00,400.76200,402.13700,399.30400,400.63100,15649
2013-12-31 00:00:00+00:00,400.49800,402.46100,400.46000,402.21100,1566
2014-01-02 00:00:00+00:00,402.50300,404.67800,399.15800,400.53400,26664
2014-01-03 00:00:00+00:00,399.83700,402.79300,399.23900,401.90600,19898
2014-01-06 00:00:00+00:00,401.84200,402.86700,399.62100,400.39700,26321
2014-01-07 00:00:00+00:00,400.36400,403.47500,399.27700,403.34900,22812
2014-01-08 00:00:00+00:00,403.22900,404.18400,402.54600,403.70700,26204
2014-01-09 00:00:00+00:00,403.61200,405.10000,401.03700,403.33800,32156
2014-01-10 00:00:00+00:00,403.91800,405.83000,402.80000,404.99700,33652
2014-01-13 00:00:00+00:00,404.18900,405.20100,401.76100,402.11200,24465
2014-01-14 00:00:00+00:00,401.96700,407.46500,400.16300,407.21400,25133
2014-01-15 00:00:00+00:00,407.30700,409.16200,406.46600,408.88600,20288
2014-01-16 00:00:00+00:00,408.73100,408.77900,406.84300,408.01600,16650
2014-01-17 00:00:00+00:00,407.70800,408.33100,404.72800,407.12100,34310
2014-01-20 00:00:00+00:00,407.27700,407.82400,406.22000,407.49100,14571
2014-01-21 00:00:00+00:00,408.56000,409.01100,403.91000,406.00700,30255
2014-01-22 00:00:00+00:00,406.25000,408.04000,405.13300,407.67900,29198
2014-01-23 00:00:00+00:00,406.44500,407.81900,402.43000,403.65500,39899
2014-01-24 00:00:00+00:00,404.12300,404.69800,391.64700,391.88500,64832
2014-01-27 00:00:00+00:00,391.42800,393.53000,387.79100,389.66600,60595
2014-01-28 00:00:00+00:00,390.00800,393.12700,389.65300,392.62600,46320
2014-01-29 00:00:00+00:00,394.62300,395.99600,383.95400,387.20200,77418
2014-01-30 00:00:00+00:00,388.43400,391.57000,385.71600,390.26200,49554
2014-01-31 00:00:00+00:00,388.57800,388.85400,381.04200,384.86400,69390
2014-02-03 00:00:00+00:00,383.98400,387.94600,379.43200,379.90800,70143
2014-02-04 00:00:00+00:00,380.60200,383.62200,378.85000,382.84400,61099
2014-02-05 00:00:00+00:00,381.23200,384.26000,380.20800,383.37600,58743
2014-02-06 00:00:00+00:00,383.08200,389.35400,382.79400,389.11200,59456
2014-02-07 00:00:00+00:00,389.74400,390.94600,387.17400,390.79600,46337
2014-02-10 00:00:00+00:00,390.82600,390.85200,388.32200,389.59200,35646
2014-02-11 00:00:00+00:00,390.37200,395.92800,390.05800,395.40400,33994
2014-02-12 00:00:00+00:00,395.64000,399.70200,394.99000,398.40200,29665
2014-02-13 00:00:00+00:00,397.30200,398.57600,395.01400,398.32600,28873
2014-02-14 00:00:00+00:00,397.71200,400.25000,397.60000,400.17400,24313
2014-02-17 00:00:00+00:00,399.99600,402.04600,399.77000,401.67000,9688
2014-02-18 00:00:00+00:00,402.25600,402.69400,399.87000,401.81800,27544
2014-02-19 00:00:00+00:00,401.28200,402.64200,399.21800,399.41800,20453
2014-02-20 00:00:00+00:00,398.59200,399.66600,395.96600,399.21600,26432
2014-02-21 00:00:00+00:00,400.59200,401.11600,399.31400,399.31400,27630
2014-02-24 00:00:00+00:00,399.61200,402.51000,399.06000,401.16000,26381
2014-02-25 00:00:00+00:00,401.14800,401.46000,398.76000,399.73400,30939
2014-02-26 00:00:00+00:00,401.39600,401.80800,397.05800,397.78200,26802
2014-02-27 00:00:00+00:00,398.51800,400.43200,394.90600,399.10600,30777
2014-02-28 00:00:00+00:00,399.46800,400.00600,395.58000,397.60400,37642
2014-03-03 00:00:00+00:00,393.02200,394.20000,386.70000,388.87400,64374
2014-03-04 00:00:00+00:00,390.20000,399.14800,390.20000,398.84800,46131
2014-03-05 00:00:00+00:00,398.37200,399.59800,397.59800,398.89800,31309
2014-03-06 00:00:00+00:00,399.38400,400.99600,398.64600,399.97000,38047
2014-03-07 00:00:00+00:00,400.70800,401.09600,395.84400,398.07000,52401
2014-03-10 00:00:00+00:00,396.80200,399.24000,391.99200,394.21600,36339
2014-03-11 00:00:00+00:00,394.20200,396.41600,392.54000,393.56600,26396
2014-03-12 00:00:00+00:00,393.02800,393.02800,388.39000,391.76400,33099
2014-03-13 00:00:00+00:00,392.03600,392.28800,383.26200,384.43800,43210
2014-03-14 00:00:00+00:00,383.96000,384.03800,379.71200,382.08600,53007
2014-03-17 00:00:00+00:00,382.71600,388.38400,382.64600,387.08400,32115
2014-03-18 00:00:00+00:00,386.87200,391.35800,384.03200,389.58200,32160
2014-03-19 00:00:00+00:00,389.65800,390.57000,385.80600,387.25600,29435
2014-03-20 00:00:00+00:00,386.30400,391.23000,385.54400,391.15600,32442
2014-03-21 00:00:00+00:00,391.56800,393.60600,388.55400,389.43000,36129
2014-03-24 00:00:00+00:00,390.27800,392.42600,387.10200,389.05200,45709
2014-03-25 00:00:00+00:00,389.45000,394.20000,389.22600,393.67600,37422
2014-03-26 00:00:00+00:00,394.37600,398.20000,394.02600,394.75000,40980
2014-03-27 00:00:00+00:00,395.25000,398.78600,395.25000,398.62400,47477
2014-03-28 00:00:00+00:00,399.07400,402.09800,398.99800,401.44600,34368
2014-03-31 00:00:00+00:00,403.44600,405.14500,402.74500,404.24400,32876
2014-04-01 00:00:00+00:00,404.75800,406.46800,403.44400,406.46800,24007
2014-04-02 00:00:00+00:00,406.96800,406.96800,405.59300,406.54200,23835
2014-04-03 00:00:00+00:00,406.38000,407.09200,404.54200,406.49200,38576
2014-04-04 00:00:00+00:00,406.71600,408.44000,404.65400,405.04000,42540
2014-04-07 00:00:00+00:00,404.63800,406.38800,402.68600,403.28600,45566
2014-04-08 00:00:00+00:00,403.89800,404.68600,399.48600,402.68600,49448
2014-04-09 00:00:00+00:00,402.81000,405.26000,402.61000,405.13500,31244
2014-04-10 00:00:00+00:00,404.87100,405.43400,397.64800,398.09800,49584
2014-04-11 00:00:00+00:00,398.30100,399.40000,393.39200,393.91800,59019
2014-04-14 00:00:00+00:00,393.34500,395.04400,390.52000,394.53000,44756
2014-04-15 00:00:00+00:00,394.37900,395.49800,389.66800,393.19100,53064
2014-04-16 00:00:00+00:00,395.17600,396.25300,392.05400,396.15100,36713
2014-04-17 00:00:00+00:00,395.18000,397.07400,392.63000,396.58100,38161
2014-04-22 00:00:00+00:00,396.56800,398.00400,393.71000,396.96000,36624
2014-04-23 00:00:00+00:00,396.99700,397.22400,395.54600,396.30400,35497
2014-04-24 00:00:00+00:00,397.04800,398.30200,391.60200,394.69000,54632
2014-04-25 00:00:00+00:00,394.25000,394.52600,390.48800,391.44000,53045
2014-04-28 00:00:00+00:00,392.16100,393.80400,389.79800,392.04800,48534
2014-04-29 00:00:00+00:00,392.89200,397.38000,392.41400,396.65400,51293
2014-04-30 00:00:00+00:00,395.38400,399.89200,395.18200,399.49600,47151
2014-05-02 00:00:00+00:00,399.17900,399.41400,396.78200,397.60800,56196
2014-05-05 00:00:00+00:00,397.00200,397.01500,391.44600,396.85100,18820
2014-05-06 00:00:00+00:00,397.76600,397.76600,393.82700,394.51700,43358
2014-05-07 00:00:00+00:00,394.00200,398.49500,393.42500,398.37900,58289
2014-05-08 00:00:00+00:00,398.06400,402.35200,397.24600,401.08600,54249
2014-05-09 00:00:00+00:00,400.57000,402.18000,399.99200,401.81000,45840
2014-05-12 00:00:00+00:00,401.78900,404.53700,401.18800,404.48700,32003
2014-05-13 00:00:00+00:00,404.77800,405.50400,403.89400,404.46400,30298
2014-05-14 00:00:00+00:00,404.78000,405.13100,402.81300,403.03900,22328
2014-05-15 00:00:00+00:00,403.33000,405.53300,399.64000,401.26200,33124
2014-05-16 00:00:00+00:00,401.32800,401.77800,398.11800,400.53800,47731
2014-05-19 00:00:00+00:00,400.25800,402.13600,398.30200,402.12200,40981
2014-05-20 00:00:00+00:00,401.91400,402.68800,399.72400,400.52200,38021
2014-05-21 00:00:00+00:00,400.58800,403.76000,399.26000,403.53000,35229
2014-05-22 00:00:00+00:00,404.39700,405.62300,403.44000,404.43300,32831
2014-05-23 00:00:00+00:00,404.72400,406.36800,404.17200,406.33900,20483
2014-05-26 00:00:00+00:00,406.80900,407.82500,406.40800,407.29600,7563
2014-05-27 00:00:00+00:00,407.48700,408.48500,406.65000,407.22300,18883
2014-05-28 00:00:00+00:00,407.73900,407.81400,405.25300,406.14800,20508
2014-05-29 00:00:00+00:00,406.68900,408.97900,405.83700,408.90400,15628
2014-05-30 00:00:00+00:00,408.19300,408.96600,407.21300,408.18000,18787
2014-06-02 00:00:00+00:00,408.92500,409.86800,408.34800,409.76200,20673
2014-06-03 00:00:00+00:00,409.42700,409.80200,407.87000,409.31300,17635
2014-06-04 00:00:00+00:00,408.60300,409.35200,406.94800,408.69000,19931
2014-06-05 00:00:00+00:00,408.43000,413.77800,406.77700,412.14400,57226
2014-06-06 00:00:00+00:00,412.03500,414.79800,411.35700,414.69800,27824
2014-06-09 00:00:00+00:00,414.64100,416.23300,414.19000,415.70300,11452
2014-06-10 00:00:00+00:00,415.14300,416.05900,414.71700,415.90500,15489
2014-06-11 00:00:00+00:00,415.59500,415.79400,412.93800,414.53100,20571
2014-06-12 00:00:00+00:00,414.92100,416.14300,413.60700,414.43200,22636
2014-06-13 00:00:00+00:00,414.92200,415.28900,412.41600,414.35800,29026
2014-06-16 00:00:00+00:00,413.15100,414.32100,412.34500,413.84600,25655
2014-06-17 00:00:00+00:00,414.22200,415.52200,412.97200,415.32200,25772
2014-06-18 00:00:00+00:00,415.39700,418.12300,414.95000,417.94800,21013
2014-06-19 00:00:00+00:00,417.99800,419.19800,417.59800,418.32400,15591
2014-06-20 00:00:00+00:00,418.29900,419.64900,417.24900,418.32500,25073
2014-06-23 00:00:00+00:00,418.72700,419.25200,415.05200,416.50200,29404
2014-06-24 00:00:00+00:00,416.12800,417.05300,413.90300,414.02800,23218
2014-06-25 00:00:00+00:00,413.62900,414.15400,410.45400,412.82900,29822
2014-06-26 00:00:00+00:00,413.08000,413.43000,408.40500,412.10500,38135
2014-06-27 00:00:00+00:00,412.35600,412.38100,410.05600,411.53100,26946
2014-06-30 00:00:00+00:00,411.80800,414.25900,411.15900,412.90900,25287
2014-07-01 00:00:00+00:00,413.68400,416.21000,413.35900,415.53500,22811
2014-07-02 00:00:00+00:00,415.53500,417.26000,415.16000,416.68600,18542
2014-07-03 00:00:00+00:00,416.86100,420.06100,415.96100,419.83600,32897
2014-07-04 00:00:00+00:00,419.33500,420.01200,418.76200,419.13700,9493
2014-07-07 00:00:00+00:00,418.71500,418.71500,413.74000,414.59000,28083
2014-07-08 00:00:00+00:00,414.76600,414.96600,409.26600,410.24100,38575
2014-07-09 00:00:00+00:00,410.76700,411.74200,408.81700,411.44200,30499
2014-07-10 00:00:00+00:00,410.91700,411.21700,402.06800,404.41800,56910
2014-07-11 00:00:00+00:00,404.54400,404.99400,402.26900,403.54400,33203
2014-07-14 00:00:00+00:00,404.54600,407.12100,403.77100,405.77200,24395
2014-07-15 00:00:00+00:00,406.04700,406.74700,403.11600,404.78800,50194
2014-07-16 00:00:00+00:00,404.54200,408.90800,404.31400,408.57800,31182
2014-07-17 00:00:00+00:00,407.52800,408.45300,401.96000,402.38000,42885
2014-07-18 00:00:00+00:00,402.56200,405.04900,401.40000,404.54000,43488
2014-07-21 00:00:00+00:00,404.59600,404.69800,401.54800,404.24200,45918
2014-07-22 00:00:00+00:00,404.89800,407.96500,404.89800,407.00100,31915
2014-07-23 00:00:00+00:00,406.45400,409.58300,405.93800,408.00400,31747
2014-07-24 00:00:00+00:00,407.75800,410.03100,405.27400,409.43400,42143
2014-07-25 00:00:00+00:00,408.96200,409.50800,403.10200,404.42100,38327
2014-07-28 00:00:00+00:00,404.67800,405.75400,401.10300,404.90000,44877
2014-07-29 00:00:00+00:00,405.38000,408.14400,403.59700,405.80200,41902
2014-07-30 00:00:00+00:00,406.33300,409.77400,405.12500,407.93200,55647
2014-07-31 00:00:00+00:00,407.38500,408.68500,401.94700,402.02200,88420
2014-08-01 00:00:00+00:00,403.32900,403.86400,396.40700,397.74100,94472
2014-08-04 00:00:00+00:00,399.35100,400.06300,393.55000,396.16900,60440
2014-08-05 00:00:00+00:00,395.67300,398.11700,394.39500,395.29400,65800
2014-08-06 00:00:00+00:00,395.57500,397.83400,392.81400,396.34700,79973
2014-08-07 00:00:00+00:00,396.47700,398.26400,391.90100,392.82700,84275
2014-08-08 00:00:00+00:00,390.19200,392.46200,387.43700,392.23700,78796
2014-08-11 00:00:00+00:00,391.95300,398.28200,391.95300,395.65000,40373
2014-08-12 00:00:00+00:00,395.94400,396.41800,393.03500,393.93300,39550
2014-08-13 00:00:00+00:00,394.65300,396.72900,393.97200,395.14500,38866
2014-08-14 00:00:00+00:00,395.56500,397.08900,393.66200,396.48300,35636
2014-08-15 00:00:00+00:00,396.67800,400.77800,394.16800,397.59500,59147
2014-08-18 00:00:00+00:00,398.98700,400.50600,398.46100,400.50600,30573
2014-08-19 00:00:00+00:00,400.81200,403.97100,400.70000,403.97000,25899
2014-08-20 00:00:00+00:00,403.66400,404.96400,402.35800,404.00600,30362
2014-08-21 00:00:00+00:00,404.02500,406.79500,402.99800,406.61900,27670
2014-08-22 00:00:00+00:00,406.51300,407.46400,402.93200,404.55200,39546
2014-08-25 00:00:00+00:00,406.53100,409.89200,406.46900,409.23800,20556
2014-08-26 00:00:00+00:00,408.88200,413.43000,408.75600,412.60100,24628
2014-08-27 00:00:00+00:00,413.02000,414.01700,412.19400,413.31200,18831
2014-08-28 00:00:00+00:00,413.43100,413.55600,410.95100,412.92200,41730
2014-08-29 00:00:00+00:00,413.66600,414.03500,410.39700,413.80800,31317
2014-09-01 00:00:00+00:00,413.92200,414.99000,413.34500,414.76400,11265
2014-09-02 00:00:00+00:00,414.98300,416.53200,414.02900,415.19900,13476
2014-09-03 00:00:00+00:00,415.71800,419.31900,415.61800,417.13600,19816
2014-09-04 00:00:00+00:00,417.30400,423.00200,416.60200,420.99800,29900
2014-09-05 00:00:00+00:00,421.06400,422.58300,419.78800,422.50800,24806
2014-09-08 00:00:00+00:00,422.12200,422.19600,418.55500,420.28700,16086
2014-09-09 00:00:00+00:00,419.65500,420.88000,417.17100,417.67100,14072
2014-09-10 00:00:00+00:00,417.24000,420.98400,416.51300,420.73200,19718
2014-09-11 00:00:00+00:00,420.12600,420.55000,416.26900,418.44100,21436
2014-09-12 00:00:00+00:00,418.81000,419.23500,417.00200,417.52600,18915
2014-09-15 00:00:00+00:00,416.74000,418.63700,415.73900,418.08100,16535
2014-09-16 00:00:00+00:00,418.37500,419.11700,415.92000,419.06700,17571
2014-09-17 00:00:00+00:00,419.04200,420.09200,417.44100,418.44100,10948
2014-09-18 00:00:00+00:00,419.16500,422.24000,417.94000,421.79000,7102
2014-09-19 00:00:00+00:00,423.48900,425.79000,422.76400,424.51400,21896
2014-09-22 00:00:00+00:00,423.61000,423.91000,420.83400,421.50900,18045
2014-09-23 00:00:00+00:00,421.69600,422.42100,417.05800,418.70800,23585
2014-09-24 00:00:00+00:00,418.18200,422.35700,417.25700,422.03200,19229
2014-09-25 00:00:00+00:00,421.78100,423.00600,416.35500,417.05500,29712
2014-09-26 00:00:00+00:00,417.85400,420.75400,415.30400,419.90400,29354
2014-09-29 00:00:00+00:00,418.81300,419.50000,415.75000,418.17400,23450
2014-09-30 00:00:00+00:00,418.65700,422.14800,418.49900,420.04800,18643
2014-10-01 00:00:00+00:00,419.49800,421.64700,414.62200,415.27100,19466
2014-10-02 00:00:00+00:00,415.54600,415.89600,405.07000,407.87000,27722
2014-10-03 00:00:00+00:00,408.79200,412.54400,408.69400,411.59400,10090
2014-10-06 00:00:00+00:00,412.66500,414.51500,410.71500,411.49000,31830
2014-10-07 00:00:00+00:00,410.71400,411.36400,403.26300,403.26300,34595
2014-10-08 00:00:00+00:00,403.38700,407.98700,402.36200,407.93700,34812
2014-10-09 00:00:00+00:00,407.98600,408.28600,398.86000,399.38500,52592
2014-10-10 00:00:00+00:00,398.53500,400.33500,394.18400,394.25900,52954
2014-10-13 00:00:00+00:00,392.58100,396.63000,390.54300,391.03000,38735
2014-10-14 00:00:00+00:00,391.90400,394.27900,386.32900,391.35400,41335
2014-10-15 00:00:00+00:00,392.10100,394.22800,375.45000,381.69200,67746
2014-10-16 00:00:00+00:00,381.35200,383.85800,366.46000,376.34000,79901
2014-10-17 00:00:00+00:00,376.12500,387.57300,375.84900,385.88600,53971
2014-10-20 00:00:00+00:00,387.33100,387.90800,380.37800,385.13000,50421
2014-10-21 00:00:00+00:00,383.88600,396.30200,381.12700,396.17600,44911
2014-10-22 00:00:00+00:00,396.51200,396.51200,392.04600,392.38000,36630
2014-10-23 00:00:00+00:00,393.01700,397.23900,389.20400,395.45200,42000
2014-10-24 00:00:00+00:00,394.00900,397.34700,392.79600,397.34700,35511
2014-10-27 00:00:00+00:00,398.03400,400.38900,392.23600,396.36000,32880
2014-10-28 00:00:00+00:00,396.82100,403.49000,396.74500,403.21400,20635
2014-10-29 00:00:00+00:00,403.02400,403.27300,399.47300,401.39900,24520
2014-10-30 00:00:00+00:00,401.96000,404.82400,395.74100,404.56900,35484
2014-10-31 00:00:00+00:00,409.51400,411.82300,406.75600,411.19600,25967
2014-11-03 00:00:00+00:00,410.80500,412.30500,407.73600,408.83000,21206
2014-11-04 00:00:00+00:00,408.63900,409.81400,402.44100,404.83700,26818
2014-11-05 00:00:00+00:00,406.34900,410.56600,405.47100,409.98300,22215
2014-11-06 00:00:00+00:00,409.26700,415.81500,408.46400,413.92600,33976
2014-11-07 00:00:00+00:00,415.38800,415.48800,409.11700,411.13500,29642
2014-11-10 00:00:00+00:00,412.04700,414.80400,409.89300,414.57800,20944
2014-11-11 00:00:00+00:00,414.76200,417.03700,413.54900,414.39000,13831
2014-11-12 00:00:00+00:00,414.26600,415.17300,410.66100,412.40100,24322
2014-11-13 00:00:00+00:00,413.26100,414.18100,409.02300,412.13900,23627
2014-11-14 00:00:00+00:00,412.49800,413.49800,409.21400,411.92600,24065
2014-11-17 00:00:00+00:00,409.18500,415.01400,408.28400,414.35100,14389
2014-11-18 00:00:00+00:00,414.40000,418.29900,413.89900,417.64800,14565
2014-11-19 00:00:00+00:00,417.07400,419.64700,416.19700,418.27000,16231
2014-11-20 00:00:00+00:00,417.41900,418.59400,414.56700,416.86700,15035
2014-11-21 00:00:00+00:00,417.69100,424.96600,417.49100,423.36500,18747
2014-11-24 00:00:00+00:00,423.28200,426.10700,422.58200,423.95500,12656
2014-11-25 00:00:00+00:00,424.10400,426.00400,421.75300,423.80200,15845
2014-11-26 00:00:00+00:00,424.61200,425.70100,423.56300,425.02400,15393
2014-11-27 00:00:00+00:00,425.14800,427.47200,423.71000,425.59600,10831
2014-11-28 00:00:00+00:00,425.69500,426.29300,423.14400,425.31800,15273
2014-12-01 00:00:00+00:00,425.26000,425.33500,421.73400,423.73300,18693
2014-12-02 00:00:00+00:00,424.53900,429.88000,424.35600,429.55500,20456
2014-12-03 00:00:00+00:00,428.82900,430.17700,428.35400,430.05200,14979
2014-12-04 00:00:00+00:00,430.47600,432.45000,422.99900,425.14800,26497
2014-12-05 00:00:00+00:00,425.29700,431.82100,425.29700,431.49500,18391
2014-12-08 00:00:00+00:00,430.98700,431.33700,424.93500,426.23500,14314
2014-12-09 00:00:00+00:00,425.03600,425.03600,418.19400,421.00600,26894
2014-12-10 00:00:00+00:00,420.95500,421.54200,414.00300,414.32800,35456
2014-12-11 00:00:00+00:00,415.25200,418.75100,414.00100,414.92500,28623
2014-12-12 00:00:00+00:00,413.17300,414.64800,403.59600,403.67100,36711
2014-12-15 00:00:00+00:00,404.78800,409.08800,395.33700,395.76200,26656
2014-12-16 00:00:00+00:00,396.58500,404.74800,389.33400,398.45600,60903
2014-12-17 00:00:00+00:00,399.27800,407.81800,396.99500,407.16600,50528
2014-12-18 00:00:00+00:00,407.63800,419.43500,407.13700,419.21000,32212
2014-12-19 00:00:00+00:00,421.23400,421.59800,414.64200,420.45200,41181
2014-12-22 00:00:00+00:00,420.45000,424.43400,419.94800,423.83500,19132
2014-12-23 00:00:00+00:00,424.18800,428.09100,422.85300,427.36700,20231
2014-12-24 00:00:00+00:00,427.17000,428.14500,425.37300,425.97200,1945
2014-12-29 00:00:00+00:00,428.35800,428.73300,422.88600,426.93800,27646
2014-12-30 00:00:00+00:00,426.41600,426.51600,421.52200,422.34700,22055
2014-12-31 00:00:00+00:00,423.12500,425.50100,422.92500,424.95900,2853
2015-01-02 00:00:00+00:00,422.89000,428.46400,420.06700,423.52000,30203
2015-01-05 00:00:00+00:00,421.83900,424.58900,409.79500,410.84500,49332
2015-01-06 00:00:00+00:00,411.19800,414.65000,406.10000,408.77800,61318
2015-01-07 00:00:00+00:00,409.75600,415.08400,408.40700,414.65900,54115
2015-01-08 00:00:00+00:00,417.01200,424.37800,415.38800,422.89600,39206
2015-01-09 00:00:00+00:00,421.88800,424.39100,412.63300,415.68800,55798
2015-01-12 00:00:00+00:00,415.21200,421.53700,413.46500,416.69400,39284
2015-01-13 00:00:00+00:00,417.40300,424.87800,414.63200,420.21200,39577
2015-01-14 00:00:00+00:00,416.57200,425.22800,416.47200,419.77000,55873
2015-01-15 00:00:00+00:00,423.32200,426.52500,410.66600,424.19100,67289
2015-01-16 00:00:00+00:00,422.50600,435.62700,422.38000,435.20100,50350
2015-01-19 00:00:00+00:00,433.58400,435.95900,431.65300,435.50400,36392
2015-01-20 00:00:00+00:00,437.77700,439.32200,435.54600,438.41900,50937
2015-01-21 00:00:00+00:00,439.03900,441.33400,435.37600,441.13400,60238
2015-01-22 00:00:00+00:00,441.25200,452.01500,439.84400,451.13800,60411
2015-01-23 00:00:00+00:00,450.65600,456.88900,449.30200,452.57500,43891
2015-01-26 00:00:00+00:00,451.38200,460.84300,450.77200,460.21500,48619
2015-01-27 00:00:00+00:00,459.33100,460.03200,450.98400,454.46200,64403
2015-01-28 00:00:00+00:00,457.46300,457.68600,447.43200,447.58300,63164
2015-01-29 00:00:00+00:00,447.80200,454.88000,446.32300,454.07800,50581
2015-01-30 00:00:00+00:00,453.84600,454.64700,448.32900,449.02700,59351
2015-02-02 00:00:00+00:00,450.29000,452.38400,445.70100,451.88300,46345
2015-02-03 00:00:00+00:00,451.37600,457.30800,451.12500,457.05000,39035
2015-02-04 00:00:00+00:00,456.79200,456.98500,450.22900,451.12400,43327
2015-02-05 00:00:00+00:00,449.36400,455.48900,449.31400,455.28900,34539
2015-02-06 00:00:00+00:00,454.61800,456.00200,451.44100,452.36700,32692
2015-02-09 00:00:00+00:00,451.05000,451.84400,446.90600,450.64000,48586
2015-02-10 00:00:00+00:00,451.56000,455.98700,449.25500,455.00500,48858
2015-02-11 00:00:00+00:00,454.47200,459.77000,454.42100,459.31900,34071
2015-02-12 00:00:00+00:00,459.01100,464.56300,457.75900,463.13200,42326
2015-02-13 00:00:00+00:00,463.47500,466.49900,462.34800,466.04400,29593
2015-02-16 00:00:00+00:00,465.37700,465.90200,460.13600,460.33600,16253
2015-02-17 00:00:00+00:00,460.88000,466.50100,458.12500,465.87500,29360
2015-02-18 00:00:00+00:00,465.56800,468.98800,465.56800,468.23600,19968
2015-02-19 00:00:00+00:00,468.07800,471.10300,465.92500,469.77000,28889
2015-02-20 00:00:00+00:00,470.26400,475.86000,466.75500,474.23300,44547
2015-02-23 00:00:00+00:00,473.76500,475.93400,473.01200,475.65700,18088
2015-02-24 00:00:00+00:00,475.65700,481.54500,475.65700,481.09400,19268
2015-02-25 00:00:00+00:00,481.11200,481.63600,477.57700,478.87500,13733
2015-02-26 00:00:00+00:00,479.61800,483.11400,478.34000,482.71000,15484
2015-02-27 00:00:00+00:00,482.37700,484.62100,480.24600,483.89300,16098
2015-03-02 00:00:00+00:00,484.05000,487.48700,483.69600,486.99200,13731
2015-03-03 00:00:00+00:00,486.40900,487.38500,479.74800,481.79600,17578
2015-03-04 00:00:00+00:00,481.32600,484.90700,479.13700,484.38000,23201
2015-03-05 00:00:00+00:00,485.22300,489.83100,484.89700,489.19000,20627
2015-03-06 00:00:00+00:00,489.63200,492.70400,487.47100,487.87100,19734
2015-03-09 00:00:00+00:00,487.70300,489.42000,484.90100,488.21800,20188
2015-03-10 00:00:00+00:00,487.76000,488.70900,482.20400,483.52300,27290
2015-03-11 00:00:00+00:00,484.21600,493.18500,484.16600,492.55800,23606
2015-03-12 00:00:00+00:00,492.92600,494.82200,490.86800,493.11500,21334
2015-03-13 00:00:00+00:00,493.68300,495.64900,489.40200,494.27200,23213
2015-03-16 00:00:00+00:00,494.12900,498.87000,493.60300,498.36900,17714
2015-03-17 00:00:00+00:00,497.84900,499.41000,492.73100,495.69400,27552
2015-03-18 00:00:00+00:00,495.91800,499.38000,492.28400,496.68800,30822
2015-03-19 00:00:00+00:00,497.72100,500.12400,494.60700,495.88400,29388
2015-03-20 00:00:00+00:00,496.71500,500.66400,495.41400,499.00400,21940
2015-03-23 00:00:00+00:00,499.36500,499.94500,495.00200,496.26200,23726
2015-03-24 00:00:00+00:00,496.56100,500.77800,495.01400,497.30500,21456
2015-03-25 00:00:00+00:00,496.79400,499.82500,490.07600,490.98400,24633
2015-03-26 00:00:00+00:00,488.74200,488.74200,480.78600,486.46200,36385
2015-03-27 00:00:00+00:00,486.63600,488.75800,483.23700,486.47000,31507
2015-03-30 00:00:00+00:00,487.31800,495.75000,487.01300,495.21700,23166
2015-03-31 00:00:00+00:00,494.27800,496.09300,487.01400,488.65000,35451
2015-04-01 00:00:00+00:00,487.25600,494.45000,485.15400,490.35000,39518
2015-04-02 00:00:00+00:00,490.27000,492.85900,489.20800,492.85900,27685
2015-04-07 00:00:00+00:00,495.98700,503.51300,495.70900,501.75700,19810
2015-04-08 00:00:00+00:00,499.35200,501.04400,495.71500,498.27500,21111
2015-04-09 00:00:00+00:00,497.83000,503.38400,497.51200,502.85100,21020
2015-04-10 00:00:00+00:00,502.79600,506.64400,502.43800,506.29000,17266
2015-04-13 00:00:00+00:00,506.09200,508.69100,504.59800,505.34400,14389
2015-04-14 00:00:00+00:00,505.99500,509.49600,502.76300,505.92800,23203
2015-04-15 00:00:00+00:00,505.94800,509.46000,504.07800,505.47800,18971
2015-04-16 00:00:00+00:00,505.94000,508.34200,502.08800,503.59000,24556
2015-04-17 00:00:00+00:00,503.35800,504.26600,492.09600,493.80800,30462
2015-04-20 00:00:00+00:00,495.25300,500.63400,494.73600,498.64100,23724
2015-04-21 00:00:00+00:00,500.30200,505.96900,499.91400,503.03200,30858
2015-04-22 00:00:00+00:00,503.73400,507.68800,501.14200,505.28100,36388
2015-04-23 00:00:00+00:00,505.30200,506.38200,498.59000,504.10000,38135
2015-04-24 00:00:00+00:00,503.42800,506.60700,502.73600,503.57600,29651
2015-04-27 00:00:00+00:00,503.73100,510.86000,499.08000,507.94600,28205
2015-04-28 00:00:00+00:00,507.89100,508.88400,498.19600,502.23400,33634
2015-04-29 00:00:00+00:00,502.23400,503.91300,486.73800,489.90000,42465
2015-04-30 00:00:00+00:00,489.22900,491.48800,483.21000,483.88900,56704
2015-05-04 00:00:00+00:00,487.80800,493.35200,484.14300,490.76200,22411
2015-05-05 00:00:00+00:00,490.65800,495.30400,481.68800,482.61700,39403
2015-05-06 00:00:00+00:00,484.09800,484.50000,474.95500,476.83800,43294
2015-05-07 00:00:00+00:00,477.21200,479.78500,469.43200,478.38000,41853
2015-05-08 00:00:00+00:00,479.81000,491.83000,479.30800,491.21400,33759
2015-05-11 00:00:00+00:00,490.95800,494.31400,489.68800,492.89000,29945
2015-05-12 00:00:00+00:00,493.33900,493.91800,486.51800,489.68000,43760
2015-05-13 00:00:00+00:00,490.75700,493.74200,485.70300,486.89600,32050
2015-05-14 00:00:00+00:00,486.96600,494.15400,482.84400,492.65600,28283
2015-05-15 00:00:00+00:00,492.75400,497.59200,491.04500,493.44200,35435
2015-05-18 00:00:00+00:00,493.60000,494.80100,485.87200,493.28300,28485
2015-05-19 00:00:00+00:00,494.20800,501.56200,493.12800,500.11800,26784
2015-05-20 00:00:00+00:00,501.06800,504.80600,500.02900,503.73800,20731
2015-05-21 00:00:00+00:00,503.20600,504.29500,501.06700,504.09300,18881
2015-05-22 00:00:00+00:00,504.43200,505.14700,501.66600,504.34800,16020
2015-05-26 00:00:00+00:00,502.34800,504.52600,496.56400,498.59600,29505
2015-05-27 00:00:00+00:00,498.66600,506.51500,498.02400,505.89800,27265
2015-05-28 00:00:00+00:00,504.64000,506.38600,501.32900,504.12200,22584
2015-05-29 00:00:00+00:00,503.86600,504.76800,494.31000,496.52900,34201
2015-06-01 00:00:00+00:00,498.12600,500.39000,492.48800,494.71400,30960
2015-06-02 00:00:00+00:00,495.13600,495.28300,486.68200,487.62800,39315
2015-06-03 00:00:00+00:00,487.70000,493.96900,486.39200,487.33300,35680
2015-06-04 00:00:00+00:00,486.70400,490.63800,479.38000,483.78200,43842
2015-06-05 00:00:00+00:00,483.45400,484.48000,477.85500,480.95800,42944
2015-06-08 00:00:00+00:00,480.76900,481.47000,472.77200,473.96900,43307
2015-06-09 00:00:00+00:00,473.51600,475.84000,469.27400,473.90200,44087
2015-06-10 00:00:00+00:00,474.37600,483.81100,472.29400,481.64500,41097
2015-06-11 00:00:00+00:00,481.34100,489.92800,480.01200,484.85600,42462
2015-06-12 00:00:00+00:00,484.35200,484.42700,474.29200,478.20600,51887
2015-06-15 00:00:00+00:00,474.46500,475.76000,471.04600,474.03800,34988
2015-06-16 00:00:00+00:00,472.73800,477.33400,466.91600,475.89000,37483
2015-06-17 00:00:00+00:00,476.27700,477.96200,468.85400,470.41100,34666
2015-06-18 00:00:00+00:00,469.46300,479.55800,464.62200,475.08200,40106
2015-06-19 00:00:00+00:00,473.05200,480.17400,471.51400,475.90000,32883
2015-06-22 00:00:00+00:00,480.46600,490.51200,480.46600,489.32000,51363
2015-06-23 00:00:00+00:00,491.06600,497.44500,491.06600,494.05000,30673
2015-06-24 00:00:00+00:00,495.11500,496.19400,489.58200,490.56100,40494
2015-06-25 00:00:00+00:00,491.57600,497.61000,488.75400,490.92400,55247
2015-06-26 00:00:00+00:00,489.24600,496.96000,488.15200,494.33200,28961
2015-06-29 00:00:00+00:00,466.35400,483.57800,464.79400,472.87400,44775
2015-06-30 00:00:00+00:00,474.41800,479.92200,470.50200,474.27000,57045
2015-07-01 00:00:00+00:00,476.40400,486.14200,473.84800,482.30800,43702
2015-07-02 00:00:00+00:00,481.81400,483.67400,476.18500,477.51400,27019
2015-07-03 00:00:00+00:00,478.12700,478.12700,471.67400,474.18000,24672
2015-07-06 00:00:00+00:00,461.11000,471.64200,460.93400,466.06800,45066
2015-07-07 00:00:00+00:00,467.67500,468.56600,455.61400,465.07500,43330
2015-07-08 00:00:00+00:00,460.30600,461.57800,454.31800,456.89000,48958
2015-07-09 00:00:00+00:00,459.89200,470.93600,458.95400,467.48400,38330
2015-07-10 00:00:00+00:00,478.22900,483.94000,475.76500,483.08400,34215
2015-07-13 00:00:00+00:00,479.69600,489.89000,477.55800,489.45600,35011
2015-07-14 00:00:00+00:00,490.21900,493.96800,488.20800,493.71500,18458
2015-07-15 00:00:00+00:00,493.82400,497.04800,492.61400,495.25800,19964
2015-07-16 00:00:00+00:00,498.35800,503.02600,498.28000,500.32000,20006
2015-07-17 00:00:00+00:00,500.57900,501.83800,499.15600,500.40400,17743
2015-07-20 00:00:00+00:00,501.31200,505.37400,499.76500,501.84000,12608
2015-07-21 00:00:00+00:00,502.50200,503.64300,496.45300,497.58000,17004
2015-07-22 00:00:00+00:00,496.40800,497.45800,493.61800,496.51100,17965
2015-07-23 00:00:00+00:00,498.40300,500.63200,492.56300,493.14000,20371
2015-07-24 00:00:00+00:00,493.45000,497.86500,485.92000,486.42000,20607
2015-07-27 00:00:00+00:00,487.60600,488.14000,478.88600,479.53800,30214
2015-07-28 00:00:00+00:00,481.93300,486.65800,481.10200,485.87700,26133
2015-07-29 00:00:00+00:00,485.68400,490.70800,483.71600,489.90400,27172
2015-07-30 00:00:00+00:00,489.86200,494.83400,489.86200,494.53400,30563
2015-07-31 00:00:00+00:00,494.91800,495.59400,490.50200,494.54400,26595
2015-08-03 00:00:00+00:00,493.59400,500.28200,493.36800,497.73600,25174
2015-08-04 00:00:00+00:00,497.79400,499.65900,495.54600,499.52800,23849
2015-08-05 00:00:00+00:00,500.11300,502.83300,498.60400,500.34000,21492
2015-08-06 00:00:00+00:00,500.31000,502.54400,498.24800,499.34600,19972
2015-08-07 00:00:00+00:00,500.30800,500.37200,496.19000,497.09800,23547
2015-08-10 00:00:00+00:00,498.65700,501.39500,492.15700,501.21600,21236
2015-08-11 00:00:00+00:00,499.31900,500.70800,493.13100,494.23000,29073
2015-08-12 00:00:00+00:00,490.62800,490.62800,475.09200,482.48000,40936
2015-08-13 00:00:00+00:00,483.84300,487.07600,476.68200,477.80300,28826
2015-08-14 00:00:00+00:00,477.28500,480.76700,472.83900,477.53800,34771
2015-08-17 00:00:00+00:00,477.27000,480.17600,469.91600,476.34500,34426
2015-08-18 00:00:00+00:00,476.58000,481.90300,474.09500,480.04100,28323
2015-08-19 00:00:00+00:00,477.76900,478.34500,469.40900,471.40600,42021
2015-08-20 00:00:00+00:00,469.75000,469.98700,455.40600,455.61800,50957
2015-08-21 00:00:00+00:00,449.27600,457.85300,438.40800,440.61200,75193
2015-08-24 00:00:00+00:00,429.67800,433.83600,401.61000,419.51200,130846
2015-08-25 00:00:00+00:00,421.15200,441.48500,421.15200,425.51500,113571
2015-08-26 00:00:00+00:00,431.93800,439.59300,423.03300,436.90200,119190
2015-08-27 00:00:00+00:00,437.91400,447.01400,436.51100,446.03200,77417
2015-08-28 00:00:00+00:00,444.91600,447.53000,440.65400,446.64800,63667
2015-08-31 00:00:00+00:00,441.22800,447.63500,440.69900,444.88700,30024
2015-09-01 00:00:00+00:00,434.93300,441.94200,427.55300,429.88100,90667
2015-09-02 00:00:00+00:00,433.49600,438.98000,429.72600,436.63000,64914
2015-09-03 00:00:00+00:00,437.39100,448.34100,436.21500,443.35300,60676
2015-09-04 00:00:00+00:00,438.43200,441.33400,430.53200,433.68100,70576
2015-09-07 00:00:00+00:00,435.97400,439.96300,434.44000,435.37800,28083
2015-09-08 00:00:00+00:00,436.56400,445.58900,434.43700,441.84800,35990
2015-09-09 00:00:00+00:00,447.31200,451.59200,437.70900,437.93400,44942
2015-09-10 00:00:00+00:00,440.27100,443.44300,433.65700,437.24900,60229
2015-09-11 00:00:00+00:00,437.48400,438.33300,429.64100,431.73500,40952
2015-09-14 00:00:00+00:00,432.10100,435.70000,426.48800,428.33400,40748
2015-09-15 00:00:00+00:00,429.38000,435.14400,425.16000,434.94200,32134
2015-09-16 00:00:00+00:00,434.05400,440.01900,433.90400,439.54200,32029
2015-09-17 00:00:00+00:00,440.03600,442.51000,434.35200,435.48000,36493
2015-09-18 00:00:00+00:00,436.10000,436.71400,422.91500,427.60400,49020
2015-09-21 00:00:00+00:00,425.72600,435.23400,425.52400,431.71400,44981
2015-09-22 00:00:00+00:00,433.33600,434.29000,419.01600,422.33300,49513
2015-09-23 00:00:00+00:00,418.43400,425.56000,415.89700,418.32400,43602
2015-09-24 00:00:00+00:00,417.86400,420.72200,406.36400,414.13900,65934
2015-09-25 00:00:00+00:00,416.23900,424.99400,414.73400,420.14300,48199
2015-09-28 00:00:00+00:00,419.07000,422.85600,408.88600,409.70000,59561
2015-09-29 00:00:00+00:00,407.55900,414.77800,404.02200,413.42000,63307
2015-09-30 00:00:00+00:00,417.65200,422.79000,417.55200,422.18200,47767
2015-10-01 00:00:00+00:00,426.08800,427.81800,415.89400,420.80800,59538
2015-10-02 00:00:00+00:00,422.10600,429.06800,414.92400,428.91800,59340
2015-10-05 00:00:00+00:00,430.85300,440.17200,428.51900,439.87100,39193
2015-10-06 00:00:00+00:00,437.90600,442.91600,433.91700,440.02800,42389
2015-10-07 00:00:00+00:00,440.82200,446.18600,438.80800,443.69400,45437
2015-10-08 00:00:00+00:00,440.70200,445.53000,438.21700,445.33000,51792
2015-10-09 00:00:00+00:00,446.85200,447.11400,439.29300,441.69900,39344
2015-10-12 00:00:00+00:00,441.12400,443.17900,438.14700,439.10700,31860
2015-10-13 00:00:00+00:00,438.54800,438.86600,432.62400,435.60200,43461
2015-10-14 00:00:00+00:00,435.16800,437.96900,430.66600,433.95200,46977
2015-10-15 00:00:00+00:00,436.75200,446.44500,436.65200,445.89300,42522
2015-10-16 00:00:00+00:00,446.16000,448.68100,444.93100,448.48000,34024
2015-10-19 00:00:00+00:00,447.68000,451.76000,446.25000,448.74600,31201
2015-10-20 00:00:00+00:00,448.23600,449.28800,444.36000,446.94600,30929
2015-10-21 00:00:00+00:00,449.04400,450.96900,444.14200,446.77600,38538
2015-10-22 00:00:00+00:00,447.64400,460.56800,446.69200,459.71400,41395
2015-10-23 00:00:00+00:00,462.08600,468.12200,460.20600,466.05900,44160
2015-10-26 00:00:00+00:00,464.60400,465.73900,461.06400,462.61200,36342
2015-10-27 00:00:00+00:00,462.73000,463.45400,457.38200,459.25900,36492
2015-10-28 00:00:00+00:00,458.62400,466.43100,458.09800,466.10400,42272
2015-10-29 00:00:00+00:00,465.06800,465.06800,460.16600,463.07700,42809
2015-10-30 00:00:00+00:00,464.22000,465.19800,458.15100,460.60100,36368
2015-11-02 00:00:00+00:00,458.34600,467.22800,457.01800,466.65200,30523
2015-11-03 00:00:00+00:00,465.64200,468.46100,463.97200,467.05700,26760
2015-11-04 00:00:00+00:00,468.40100,472.84300,468.04000,469.34000,32473
2015-11-05 00:00:00+00:00,469.28200,471.10700,465.29100,466.66400,33695
2015-11-06 00:00:00+00:00,466.95600,472.34700,464.74700,471.35200,41226
2015-11-09 00:00:00+00:00,470.87600,471.75100,463.42900,466.18000,32227
2015-11-10 00:00:00+00:00,466.92400,467.71100,460.70900,465.73400,31102
2015-11-11 00:00:00+00:00,466.44400,471.88000,465.85000,467.41600,27839
2015-11-12 00:00:00+00:00,467.98400,471.03700,457.22900,457.27900,38653
2015-11-13 00:00:00+00:00,456.94400,459.97300,450.07700,452.77700,45646
2015-11-16 00:00:00+00:00,447.04500,461.02800,446.86900,460.95300,42802
2015-11-17 00:00:00+00:00,461.32000,467.99600,459.11600,464.36200,27126
2015-11-18 00:00:00+00:00,464.00300,470.04900,463.37500,469.84800,30538
2015-11-19 00:00:00+00:00,469.36400,473.29100,468.20400,468.65100,23786
2015-11-20 00:00:00+00:00,469.19200,472.09600,467.08800,468.35500,27875
2015-11-23 00:00:00+00:00,469.23000,469.98900,463.23800,464.36300,26707
2015-11-24 00:00:00+00:00,464.95500,465.50500,455.71400,463.54100,37345
2015-11-25 00:00:00+00:00,463.70800,470.10700,461.65400,468.07500,22520
2015-11-26 00:00:00+00:00,468.41700,473.21300,468.01500,472.38300,14107
2015-11-27 00:00:00+00:00,470.64800,475.52300,469.29700,472.03700,22692
2015-11-30 00:00:00+00:00,470.91000,473.91000,469.32500,470.09700,21492
2015-12-01 00:00:00+00:00,472.39000,472.86600,465.70300,468.87500,26633
2015-12-02 00:00:00+00:00,469.41700,470.71100,463.47700,464.40100,30180
2015-12-03 00:00:00+00:00,465.81900,472.16900,442.96800,445.19300,55620
2015-12-04 00:00:00+00:00,446.21000,451.85200,443.75300,451.60200,47822
2015-12-07 00:00:00+00:00,451.72800,454.55100,446.94200,449.11500,40264
2015-12-08 00:00:00+00:00,447.85600,448.53100,439.17100,442.19200,44696
2015-12-09 00:00:00+00:00,442.98400,445.27800,435.06000,437.33300,46514
2015-12-10 00:00:00+00:00,437.48800,441.36100,435.88600,437.00100,38906
2015-12-11 00:00:00+00:00,437.79300,438.19100,426.53300,427.32900,51627
2015-12-14 00:00:00+00:00,429.93300,433.98200,419.44400,425.86400,56238
2015-12-15 00:00:00+00:00,425.43000,435.68400,423.04600,433.72600,38895
2015-12-16 00:00:00+00:00,435.72600,441.53600,431.23400,440.58200,51975
2015-12-17 00:00:00+00:00,440.22500,444.68800,437.71000,438.30900,42881
2015-12-18 00:00:00+00:00,435.56800,437.27000,431.24400,431.24400,47632
2015-12-21 00:00:00+00:00,431.94100,438.47800,427.28600,429.71600,38297
2015-12-22 00:00:00+00:00,432.41800,434.79200,425.06800,434.24000,33340
2015-12-23 00:00:00+00:00,434.53400,445.13700,434.53400,445.00800,26949
2015-12-24 00:00:00+00:00,443.84800,444.87600,441.91400,444.72200,1883
2015-12-28 00:00:00+00:00,443.80700,445.53600,439.04000,441.49000,11523
2015-12-29 00:00:00+00:00,442.98800,447.99400,442.78700,447.39200,18289
2015-12-30 00:00:00+00:00,447.73600,448.71200,444.16600,444.66800,19125
2015-12-31 00:00:00+00:00,445.12400,446.51600,440.64500,441.67300,1958
2016-01-04 00:00:00+00:00,436.72400,436.72400,426.61800,434.00300,46052
2016-01-05 00:00:00+00:00,435.65400,436.68200,428.03100,435.16800,39379
2016-01-06 00:00:00+00:00,431.32600,433.25600,423.64800,426.05400,42812
2016-01-07 00:00:00+00:00,419.86400,422.68200,411.13100,414.38200,58691
2016-01-08 00:00:00+00:00,419.26400,423.19800,406.94800,407.34800,57185
2016-01-11 00:00:00+00:00,406.06000,415.15600,405.96000,413.04300,47905
2016-01-12 00:00:00+00:00,409.32800,420.10000,408.07600,418.34000,48563
2016-01-13 00:00:00+00:00,420.18800,425.09900,407.82600,409.20300,44320
2016-01-14 00:00:00+00:00,411.40200,418.36000,403.45500,416.45600,54548
2016-01-15 00:00:00+00:00,411.83800,413.51600,397.14700,400.55300,74764
2016-01-18 00:00:00+00:00,403.02200,407.10600,397.53400,400.45800,39285
2016-01-19 00:00:00+00:00,405.73900,411.02200,400.92000,404.52700,58301
2016-01-20 00:00:00+00:00,396.75500,400.60400,389.00600,398.62400,74621
2016-01-21 00:00:00+00:00,395.68800,408.95900,393.15600,405.42400,94298
2016-01-22 00:00:00+00:00,410.12800,421.17100,410.00200,420.84100,47641
2016-01-25 00:00:00+00:00,421.33000,421.33000,413.65600,413.83100,52147
2016-01-26 00:00:00+00:00,410.51800,423.21100,408.63900,422.55700,53502
2016-01-27 00:00:00+00:00,421.12400,425.47500,415.71100,418.58400,52320
2016-01-28 00:00:00+00:00,419.40400,426.04100,415.49200,420.27200,65509
2016-01-29 00:00:00+00:00,424.67400,433.03000,420.58900,432.50400,49090
2016-02-01 00:00:00+00:00,432.81600,433.00200,424.12000,429.30000,52274
2016-02-02 00:00:00+00:00,427.74200,427.80400,415.78800,416.94000,50840
2016-02-03 00:00:00+00:00,416.09400,421.48500,409.99100,417.62500,72022
2016-02-04 00:00:00+00:00,421.02400,423.90200,415.02200,417.93500,70662
2016-02-05 00:00:00+00:00,416.92700,419.80500,411.38500,412.21100,67683
2016-02-08 00:00:00+00:00,415.00300,415.95400,397.62000,401.50000,77472
2016-02-09 00:00:00+00:00,398.63900,402.99500,387.79500,392.84800,76135
2016-02-10 00:00:00+00:00,393.01600,400.28700,389.45400,389.60400,64711
2016-02-11 00:00:00+00:00,387.99600,389.82300,377.45500,384.88300,78510
2016-02-12 00:00:00+00:00,385.00200,391.80300,383.87600,391.77800,43451
2016-02-15 00:00:00+00:00,396.69000,404.68000,396.69000,403.12300,35136
2016-02-16 00:00:00+00:00,405.43100,407.37000,400.10700,405.01000,51267
2016-02-17 00:00:00+00:00,403.82800,415.13200,402.08800,414.63100,35459
2016-02-18 00:00:00+00:00,414.64900,419.22600,412.69100,413.31400,34424
2016-02-19 00:00:00+00:00,414.45800,416.36000,408.89800,412.29800,41417
2016-02-22 00:00:00+00:00,414.76400,421.76500,414.63800,420.96000,28125
2016-02-23 00:00:00+00:00,417.88900,420.75200,414.78900,415.06400,35714
2016-02-24 00:00:00+00:00,414.28200,416.23300,405.71900,414.32300,51505
2016-02-25 00:00:00+00:00,412.96600,419.21600,411.51400,417.96100,45443
2016-02-26 00:00:00+00:00,419.23000,426.02100,418.80500,421.42300,39697
2016-02-29 00:00:00+00:00,419.28400,428.09600,417.95700,423.80300,44683
2016-03-01 00:00:00+00:00,424.09700,439.34700,424.07200,438.47100,41492
2016-03-02 00:00:00+00:00,440.46600,441.31600,432.38000,437.17900,46859
2016-03-03 00:00:00+00:00,438.12300,438.14800,431.98900,436.21300,39051
2016-03-04 00:00:00+00:00,436.03100,440.94100,434.95400,437.52200,51461
2016-03-07 00:00:00+00:00,436.88300,438.70800,433.00200,435.44800,43054
2016-03-08 00:00:00+00:00,433.56600,436.63800,429.83700,432.40600,52371
2016-03-09 00:00:00+00:00,434.12500,438.32300,433.03700,435.29100,48036
2016-03-10 00:00:00+00:00,436.34200,449.83400,426.92400,431.52400,74056
2016-03-11 00:00:00+00:00,437.04300,443.78600,436.51800,443.56100,45286
2016-03-14 00:00:00+00:00,443.34600,447.17100,441.96700,444.41200,36255
2016-03-15 00:00:00+00:00,442.90500,443.27500,439.57800,443.09200,34128
2016-03-16 00:00:00+00:00,443.20200,445.50500,440.48600,444.43400,30945
2016-03-17 00:00:00+00:00,446.44800,447.72400,435.54100,444.97400,38187
2016-03-18 00:00:00+00:00,444.53200,446.48600,441.87400,444.46000,37759
2016-03-21 00:00:00+00:00,443.23600,447.02400,440.86300,444.12500,38991
2016-03-22 00:00:00+00:00,443.98400,444.41100,436.46800,442.86200,49574
2016-03-23 00:00:00+00:00,442.57100,446.07500,441.25500,441.99900,41299
2016-03-24 00:00:00+00:00,440.50600,441.60800,436.18800,439.98400,37849
2016-03-29 00:00:00+00:00,440.22600,443.15100,438.06200,442.20800,39733
2016-03-30 00:00:00+00:00,442.96900,449.19500,442.24100,446.07700,31760
2016-03-31 00:00:00+00:00,445.53600,445.66100,438.58100,438.80600,33440
2016-04-01 00:00:00+00:00,436.43900,436.48900,428.36800,435.14100,47661
2016-04-04 00:00:00+00:00,435.47800,440.12600,430.69900,435.43400,38912
2016-04-05 00:00:00+00:00,432.76700,432.81700,426.63100,427.16700,42598
2016-04-06 00:00:00+00:00,429.20400,432.43600,427.59000,432.43600,39172
2016-04-07 00:00:00+00:00,432.32100,433.94500,426.17300,427.14700,41823
2016-04-08 00:00:00+00:00,430.08400,434.67400,429.48400,432.79000,34168
2016-04-11 00:00:00+00:00,433.37900,438.46900,430.57600,435.08400,38997
2016-04-12 00:00:00+00:00,435.94400,440.87600,433.84000,440.39900,42777
2016-04-13 00:00:00+00:00,443.41000,450.91700,443.41000,450.30400,31250
2016-04-14 00:00:00+00:00,450.30400,452.19800,448.74400,449.91300,26812
2016-04-15 00:00:00+00:00,449.58000,451.29400,448.78200,449.59800,23069
2016-04-18 00:00:00+00:00,444.98600,451.13800,443.45800,450.90800,29680
2016-04-19 00:00:00+00:00,452.23400,456.30800,451.20800,455.70800,29723
2016-04-20 00:00:00+00:00,453.88000,457.04800,453.07000,455.51600,32031
2016-04-21 00:00:00+00:00,456.57600,457.60400,450.60600,451.75800,47327
2016-04-22 00:00:00+00:00,451.89400,453.18000,449.12600,452.55500,36142
2016-04-25 00:00:00+00:00,450.63200,451.25800,445.00600,446.86000,31957
2016-04-26 00:00:00+00:00,447.16000,450.48000,445.56000,447.30400,31020
2016-04-27 00:00:00+00:00,445.55800,451.13000,445.35600,450.17000,30440
2016-04-28 00:00:00+00:00,446.63400,452.11400,443.10400,446.77800,35251
2016-04-29 00:00:00+00:00,446.77800,447.85800,439.41400,440.51200,42960
2016-05-02 00:00:00+00:00,439.63800,442.48000,439.17400,442.32600,20240
2016-05-03 00:00:00+00:00,442.27500,442.27500,431.59800,434.01000,38348
2016-05-04 00:00:00+00:00,433.53200,435.03400,428.30600,429.22200,37177
2016-05-05 00:00:00+00:00,430.70800,432.84000,429.08800,430.55200,31599
2016-05-06 00:00:00+00:00,430.25000,433.72400,425.67300,433.31400,40017
2016-05-09 00:00:00+00:00,434.05600,436.36600,430.29400,431.33800,31553
2016-05-10 00:00:00+00:00,432.87000,439.70200,432.58600,436.95600,31922
2016-05-11 00:00:00+00:00,435.82600,435.82600,430.45700,432.78400,34692
2016-05-12 00:00:00+00:00,433.61000,437.35400,429.24600,431.57400,39892
2016-05-13 00:00:00+00:00,428.86600,432.94400,425.87300,428.73600,44930
2016-05-16 00:00:00+00:00,429.07800,434.81400,427.39200,434.25700,17518
2016-05-17 00:00:00+00:00,434.80700,437.57500,428.29700,428.94400,42528
2016-05-18 00:00:00+00:00,429.24400,434.66700,427.88500,433.05800,40109
2016-05-19 00:00:00+00:00,431.28600,432.58800,427.34500,430.96100,40946
2016-05-20 00:00:00+00:00,433.45000,435.02600,432.31600,434.02800,35734
2016-05-23 00:00:00+00:00,434.57700,436.17800,430.64200,432.97600,34981
2016-05-24 00:00:00+00:00,432.10600,444.36100,430.92700,443.58300,29399
2016-05-25 00:00:00+00:00,445.11900,449.08800,444.59100,447.97600,28373
2016-05-26 00:00:00+00:00,447.08000,450.08400,446.65300,449.38600,28301
2016-05-27 00:00:00+00:00,449.76900,452.27300,448.38900,452.12300,20515
2016-05-30 00:00:00+00:00,452.69400,453.54500,449.65900,452.16800,6569
2016-05-31 00:00:00+00:00,452.58800,453.45000,446.49300,448.21900,25392
2016-06-01 00:00:00+00:00,447.48800,448.87400,444.48200,447.67500,28629
2016-06-02 00:00:00+00:00,446.54400,450.25300,446.28000,449.88500,32397
2016-06-03 00:00:00+00:00,449.74200,452.44300,443.31900,446.03700,34021
2016-06-06 00:00:00+00:00,446.33400,448.14700,444.99900,446.43500,27306
2016-06-07 00:00:00+00:00,447.18000,452.66600,447.11700,450.67100,20750
2016-06-08 00:00:00+00:00,450.67800,451.69300,449.16200,450.95300,21378
2016-06-09 00:00:00+00:00,449.55100,450.25900,444.86900,447.23200,26660
2016-06-10 00:00:00+00:00,446.46400,446.97600,433.65700,435.08100,32285
2016-06-13 00:00:00+00:00,431.20600,432.57800,425.60300,426.10300,42256
2016-06-14 00:00:00+00:00,426.63500,426.83600,418.59300,421.46100,42493
2016-06-15 00:00:00+00:00,420.98200,424.21500,417.67000,418.27000,34796
2016-06-16 00:00:00+00:00,415.44100,423.10500,412.72700,423.00500,43748
2016-06-17 00:00:00+00:00,423.05500,426.03000,419.45500,425.35500,44899
2016-06-20 00:00:00+00:00,431.60500,437.83500,431.53000,434.86000,30087
2016-06-21 00:00:00+00:00,436.83500,444.58500,434.56000,442.03500,38991
2016-06-22 00:00:00+00:00,443.56000,444.63500,439.63500,439.78500,33602
2016-06-23 00:00:00+00:00,443.78500,453.83500,442.88500,452.56000,46031
2016-06-24 00:00:00+00:00,407.68500,432.83500,398.23500,419.28500,72929
2016-06-27 00:00:00+00:00,419.28500,422.93500,410.23500,414.66000,58953
2016-06-28 00:00:00+00:00,417.13500,421.71000,416.73500,421.36000,40757
2016-06-29 00:00:00+00:00,422.23500,430.61000,421.56000,429.98500,46944
2016-06-30 00:00:00+00:00,430.01800,441.45000,427.78500,439.60000,52234
2016-07-01 00:00:00+00:00,439.36300,440.40000,433.80000,438.72500,44824
2016-07-04 00:00:00+00:00,439.61200,441.32500,434.47500,436.35000,17940
2016-07-05 00:00:00+00:00,434.85200,434.95000,428.47500,429.97500,46584
2016-07-06 00:00:00+00:00,428.56300,430.72500,419.42500,425.87500,59287
2016-07-07 00:00:00+00:00,425.50000,429.30000,423.97500,425.85000,36114
2016-07-08 00:00:00+00:00,425.50200,434.90000,424.00200,434.32500,40908
2016-07-11 00:00:00+00:00,437.75000,441.35000,435.07500,439.77500,37212
2016-07-12 00:00:00+00:00,440.03700,446.28000,440.02500,445.40500,28591
2016-07-13 00:00:00+00:00,444.80500,447.78000,443.38000,445.15500,28546
2016-07-14 00:00:00+00:00,445.66300,451.20500,445.45500,448.60500,33412
2016-07-15 00:00:00+00:00,447.63200,449.00500,445.10500,447.55500,30848
2016-07-18 00:00:00+00:00,448.25500,451.20500,446.35500,448.65500,27151
2016-07-19 00:00:00+00:00,447.68000,448.85500,444.41800,448.85500,27924
2016-07-20 00:00:00+00:00,449.18000,453.70500,448.30500,451.47500,22427
2016-07-21 00:00:00+00:00,451.95000,454.62500,448.73800,450.40000,29705
2016-07-22 00:00:00+00:00,450.42500,454.25000,449.17500,453.70000,26584
2016-07-25 00:00:00+00:00,453.07500,456.42500,451.32500,452.22500,26352
2016-07-26 00:00:00+00:00,453.03700,454.95000,450.17500,454.66300,27297
2016-07-27 00:00:00+00:00,455.67500,456.90000,451.25000,451.82500,22637
2016-07-28 00:00:00+00:00,452.87300,453.65000,447.47500,450.05000,29425
2016-07-29 00:00:00+00:00,449.85000,450.57500,446.82500,449.90000,27905
2016-08-01 00:00:00+00:00,453.40000,455.05000,442.85000,443.57500,15945
2016-08-02 00:00:00+00:00,444.05000,444.57500,437.02500,438.92500,33542
2016-08-03 00:00:00+00:00,438.80000,442.37500,437.70000,442.32500,30351
2016-08-04 00:00:00+00:00,443.62500,446.77500,441.96300,445.35000,28349
2016-08-05 00:00:00+00:00,445.95000,450.67500,445.57500,449.22500,22370
2016-08-08 00:00:00+00:00,451.15000,451.52500,448.87500,450.22500,17110
2016-08-09 00:00:00+00:00,449.46700,454.37500,449.46700,452.92500,15679
2016-08-10 00:00:00+00:00,453.68400,454.15000,451.47500,452.10000,18866
2016-08-11 00:00:00+00:00,452.87500,457.17500,450.97500,456.77500,20710
2016-08-12 00:00:00+00:00,456.17500,457.47500,453.62500,454.17500,18472
2016-08-15 00:00:00+00:00,454.90000,456.95000,454.17500,454.32500,11881
2016-08-16 00:00:00+00:00,453.52500,454.97500,450.35000,450.42500,21703
2016-08-17 00:00:00+00:00,450.75000,452.17500,446.10000,450.09500,23743
2016-08-18 00:00:00+00:00,450.27000,451.49500,449.64500,450.97000,15053
2016-08-19 00:00:00+00:00,451.63700,451.87500,446.57500,448.77500,22028
2016-08-22 00:00:00+00:00,448.04500,451.89500,445.89500,448.12000,29527
2016-08-23 00:00:00+00:00,448.67000,453.21500,448.24500,451.45000,22965
2016-08-24 00:00:00+00:00,450.65000,453.97500,447.95000,450.42500,26529
2016-08-25 00:00:00+00:00,451.27500,451.30000,447.65000,448.65000,25655
2016-08-26 00:00:00+00:00,448.55000,453.70000,447.77500,451.15000,34573
2016-08-29 00:00:00+00:00,450.70000,453.25000,448.13800,453.17500,16515
2016-08-30 00:00:00+00:00,453.37500,457.67500,453.07500,455.80000,24455
2016-08-31 00:00:00+00:00,455.77500,457.82500,452.87500,454.72500,26697
2016-09-01 00:00:00+00:00,455.50000,458.67500,452.27500,455.32500,33403
2016-09-02 00:00:00+00:00,454.65000,464.45000,454.05000,464.07500,39439
2016-09-05 00:00:00+00:00,466.22500,466.32500,463.35000,464.05000,20905
2016-09-06 00:00:00+00:00,464.72500,465.65000,460.32500,461.37500,24702
2016-09-07 00:00:00+00:00,462.27300,463.77500,461.22500,462.15000,23525
2016-09-08 00:00:00+00:00,462.52500,463.02500,454.75000,459.27500,36476
2016-09-09 00:00:00+00:00,458.47500,459.02500,448.82500,448.92500,33876
2016-09-12 00:00:00+00:00,445.00000,451.80000,442.70000,451.55000,41110
2016-09-13 00:00:00+00:00,450.45000,450.57500,441.05100,443.10000,44125
2016-09-14 00:00:00+00:00,444.40000,445.02500,439.95000,440.62500,36820
2016-09-15 00:00:00+00:00,440.15000,444.45000,439.85000,443.77500,30077
2016-09-16 00:00:00+00:00,442.61300,443.95000,437.42500,440.15000,34392
2016-09-19 00:00:00+00:00,442.37500,445.57500,441.96300,442.65000,23056
2016-09-20 00:00:00+00:00,443.52500,446.62000,443.02500,444.54500,23748
2016-09-21 00:00:00+00:00,446.52000,450.67000,446.29500,450.14500,23967
2016-09-22 00:00:00+00:00,450.02000,457.97500,449.42000,455.37500,24128
2016-09-23 00:00:00+00:00,454.82700,455.67500,453.27500,453.50000,20576
2016-09-26 00:00:00+00:00,452.15000,452.32500,446.82500,447.50000,27376
2016-09-27 00:00:00+00:00,451.10000,451.55000,444.01000,449.16000,27539
2016-09-28 00:00:00+00:00,448.48500,454.68500,447.93500,454.68500,30479
2016-09-29 00:00:00+00:00,455.51000,456.88500,445.73500,447.41000,33685
2016-09-30 00:00:00+00:00,446.46000,453.78500,442.43500,452.53500,43289
2016-10-03 00:00:00+00:00,452.18500,454.71000,451.33500,452.66000,14989
2016-10-04 00:00:00+00:00,453.81000,460.08500,452.83500,455.66000,36129
2016-10-05 00:00:00+00:00,456.76000,456.88500,451.59800,456.43500,26391
2016-10-06 00:00:00+00:00,456.31000,457.58500,454.53500,456.48500,33737
2016-10-07 00:00:00+00:00,455.03500,455.81000,448.43500,450.53500,50703
2016-10-10 00:00:00+00:00,450.93300,455.59700,448.73500,454.58500,29536
2016-10-11 00:00:00+00:00,453.38500,456.98500,449.36000,450.41000,34417
2016-10-12 00:00:00+00:00,450.66000,452.78500,450.03500,451.21000,33698
2016-10-13 00:00:00+00:00,447.26000,448.76000,442.67300,446.11000,39240
2016-10-14 00:00:00+00:00,447.38500,453.47500,446.36000,450.77500,31403
2016-10-17 00:00:00+00:00,449.32500,450.90000,446.87500,447.95000,31999
2016-10-18 00:00:00+00:00,449.65000,455.50000,449.52500,453.37500,25589
2016-10-19 00:00:00+00:00,453.67500,455.62500,452.42500,454.45000,20776
2016-10-20 00:00:00+00:00,456.37500,457.37500,452.33800,457.15000,24828
2016-10-21 00:00:00+00:00,455.70000,458.85000,455.10000,458.37500,24390
2016-10-24 00:00:00+00:00,458.22500,463.22500,458.15000,460.55000,18028
2016-10-25 00:00:00+00:00,461.50000,462.15000,458.47500,459.25000,23140
2016-10-26 00:00:00+00:00,459.02500,459.02500,452.90000,454.90000,31278
2016-10-27 00:00:00+00:00,453.35000,459.87500,453.12500,455.20000,36290
2016-10-28 00:00:00+00:00,454.60000,456.12500,426.45000,452.72500,42367
2016-10-31 00:00:00+00:00,453.05000,454.02500,451.27500,452.57500,17483
2016-11-01 00:00:00+00:00,454.45000,457.82500,446.75000,448.62500,35891
2016-11-02 00:00:00+00:00,446.60000,447.47500,442.25000,444.25000,38730
2016-11-03 00:00:00+00:00,444.62500,447.60000,440.30000,441.27500,34721
2016-11-04 00:00:00+00:00,441.85000,442.17500,437.42500,437.80000,38541
2016-11-07 00:00:00+00:00,445.55000,448.75000,445.07500,448.67500,20378
2016-11-08 00:00:00+00:00,447.95200,452.47500,446.67500,451.37500,26690
2016-11-09 00:00:00+00:00,431.10000,456.57500,431.10000,456.43700,105103
2016-11-10 00:00:00+00:00,457.85000,460.02500,448.27500,452.50000,88711
2016-11-11 00:00:00+00:00,452.55000,453.95000,444.50000,447.02500,61430
2016-11-14 00:00:00+00:00,449.47500,451.75000,445.82500,448.32500,55044
2016-11-15 00:00:00+00:00,448.63300,452.90000,447.87500,452.90000,38651
2016-11-16 00:00:00+00:00,453.10000,453.32500,447.32500,448.95000,39493
2016-11-17 00:00:00+00:00,449.75000,453.10000,447.12500,453.10000,27307
2016-11-18 00:00:00+00:00,453.00000,453.92500,448.88800,450.92500,29796
2016-11-21 00:00:00+00:00,451.90000,454.77500,448.22500,454.77500,25792
2016-11-22 00:00:00+00:00,456.80000,458.60000,455.86300,458.52500,21726
2016-11-23 00:00:00+00:00,458.27500,459.07500,454.62500,457.17500,28566
2016-11-24 00:00:00+00:00,457.10000,458.57500,455.47500,457.40000,14162
2016-11-25 00:00:00+00:00,458.05000,458.97500,455.73800,458.67500,13196
2016-11-28 00:00:00+00:00,457.73800,458.07500,451.32500,451.45000,26257
2016-11-29 00:00:00+00:00,452.45000,453.37500,449.37500,452.20000,28661
2016-11-30 00:00:00+00:00,452.35000,458.87500,451.22500,456.57500,33281
2016-12-01 00:00:00+00:00,455.73800,457.52500,450.87500,451.45000,37197
2016-12-02 00:00:00+00:00,450.20000,450.77500,445.55000,449.17500,30465
2016-12-05 00:00:00+00:00,445.95000,458.00000,444.75000,455.15000,47986
2016-12-06 00:00:00+00:00,455.32500,461.72500,453.52500,461.07500,28222
2016-12-07 00:00:00+00:00,461.85000,465.67500,460.70000,464.37500,29368
2016-12-08 00:00:00+00:00,464.05000,468.12500,461.80000,466.57500,49350
2016-12-09 00:00:00+00:00,467.02500,471.42500,466.47500,471.20000,27014
2016-12-12 00:00:00+00:00,471.20000,472.17500,468.75000,469.47500,27950
2016-12-13 00:00:00+00:00,469.82500,474.85000,469.82500,474.02500,23725
2016-12-14 00:00:00+00:00,473.62700,475.70700,471.97500,472.45000,23319
2016-12-15 00:00:00+00:00,473.70000,477.62500,473.20000,476.47500,33774
2016-12-16 00:00:00+00:00,476.62500,479.82500,475.72500,477.50000,30403
2016-12-19 00:00:00+00:00,478.52500,481.02500,477.85000,480.47500,15838
2016-12-20 00:00:00+00:00,480.92500,484.30000,480.42500,484.12500,16138
2016-12-21 00:00:00+00:00,484.02500,484.37500,481.82500,483.25000,12664
2016-12-22 00:00:00+00:00,482.72500,483.07500,481.32500,482.10000,11727
2016-12-23 00:00:00+00:00,482.37500,483.74800,482.17500,483.37500,7656
2016-12-27 00:00:00+00:00,482.95000,484.20000,482.75000,483.37500,4484
2016-12-28 00:00:00+00:00,484.00000,484.18700,482.17500,482.30000,8912
2016-12-29 00:00:00+00:00,482.77500,483.22500,481.40000,482.07500,11641
2016-12-30 00:00:00+00:00,482.42500,483.65000,480.52500,482.42500,13829
2017-01-03 00:00:00+00:00,486.82500,489.76200,486.57500,488.60000,20893
2017-01-04 00:00:00+00:00,488.87500,489.77500,486.42500,488.40000,16359
2017-01-05 00:00:00+00:00,486.62500,488.35000,485.65000,487.12500,18296
2017-01-06 00:00:00+00:00,486.57500,487.82500,485.05000,487.67500,17448
2017-01-09 00:00:00+00:00,487.88700,488.42500,483.87500,484.57500,14372
2017-01-10 00:00:00+00:00,484.55000,486.30000,482.95000,484.25000,13516
2017-01-11 00:00:00+00:00,484.55000,488.85000,482.82500,486.85000,23531
2017-01-12 00:00:00+00:00,485.22500,486.47500,482.27500,485.75000,23130
2017-01-13 00:00:00+00:00,485.97500,488.12500,484.75000,487.30000,16579
2017-01-16 00:00:00+00:00,485.42500,486.12500,483.30000,484.05000,10062
2017-01-17 00:00:00+00:00,483.25000,484.17500,480.47500,482.57500,23804
2017-01-18 00:00:00+00:00,484.22500,486.17500,481.80000,486.15000,17064
2017-01-19 00:00:00+00:00,486.45000,486.67500,482.57500,484.57500,22813
2017-01-20 00:00:00+00:00,485.40000,487.72500,483.15000,486.05000,24540
2017-01-23 00:00:00+00:00,483.87500,485.47500,480.97500,484.02500,19435
2017-01-24 00:00:00+00:00,483.88800,485.55000,482.05000,485.02500,15745
2017-01-25 00:00:00+00:00,485.55000,489.10000,485.25000,488.62500,16500
2017-01-26 00:00:00+00:00,488.70000,489.72500,485.12500,486.02500,14499
2017-01-27 00:00:00+00:00,486.42500,486.77500,484.33800,486.37500,15271
2017-01-30 00:00:00+00:00,484.80000,485.57500,478.02500,480.72500,18862
2017-01-31 00:00:00+00:00,479.42500,482.97500,476.40000,478.82500,23208
2017-02-01 00:00:00+00:00,480.50000,482.57500,479.07500,479.92500,21679
2017-02-02 00:00:00+00:00,478.70000,484.32500,478.05000,483.22500,20714
2017-02-03 00:00:00+00:00,481.97500,487.12500,481.97500,486.50000,18204
2017-02-06 00:00:00+00:00,486.20000,487.17500,480.65000,481.65000,21245
2017-02-07 00:00:00+00:00,481.12500,485.83700,479.92500,485.32500,19023
2017-02-08 00:00:00+00:00,486.10000,486.47500,480.02500,484.22500,21266
2017-02-09 00:00:00+00:00,484.37500,490.12500,484.00000,489.72500,19190
2017-02-10 00:00:00+00:00,490.95000,491.65000,487.97500,490.55000,18304
2017-02-13 00:00:00+00:00,490.42500,495.45000,490.42500,494.90000,13978
2017-02-14 00:00:00+00:00,494.50000,496.27500,493.22500,496.05000,15971
2017-02-15 00:00:00+00:00,496.61200,497.75000,494.22500,497.35000,18245
2017-02-16 00:00:00+00:00,496.75000,497.15000,493.25000,494.37500,22283
2017-02-17 00:00:00+00:00,493.66500,502.81500,489.91500,502.29000,31371
2017-02-20 00:00:00+00:00,496.54000,498.89000,494.26500,495.36500,11748
2017-02-21 00:00:00+00:00,495.91500,499.86500,494.51500,499.71500,17260
2017-02-22 00:00:00+00:00,499.56500,501.09000,496.82500,498.72500,22108
2017-02-23 00:00:00+00:00,498.90000,500.50000,496.97500,497.55000,18057
2017-02-24 00:00:00+00:00,496.96300,497.62500,491.17500,496.00000,24023
2017-02-27 00:00:00+00:00,496.30000,497.25000,493.97500,496.60000,18337
2017-02-28 00:00:00+00:00,496.27500,496.72500,491.87500,495.85000,16519
2017-03-01 00:00:00+00:00,497.35000,506.60500,496.97500,505.40500,20603
2017-03-02 00:00:00+00:00,505.65500,506.29200,502.43000,503.58000,15492
2017-03-03 00:00:00+00:00,502.48000,507.28000,501.53000,505.93000,18184
2017-03-06 00:00:00+00:00,504.90500,505.45500,501.43000,504.70500,14850
2017-03-07 00:00:00+00:00,504.75500,504.96700,502.30500,502.80500,13368
2017-03-08 00:00:00+00:00,502.15500,505.88000,500.75500,504.10500,18308
2017-03-09 00:00:00+00:00,503.93000,508.20500,503.40500,507.70500,23058
2017-03-10 00:00:00+00:00,509.40500,514.01200,509.25500,511.10000,23935
2017-03-13 00:00:00+00:00,511.07500,513.12500,510.57500,512.72500,16083
2017-03-14 00:00:00+00:00,512.82500,513.00000,508.65000,510.45000,21316
2017-03-15 00:00:00+00:00,511.02500,514.25000,510.72500,513.67500,18792
2017-03-16 00:00:00+00:00,514.80000,516.75000,513.22500,514.77500,24186
2017-03-17 00:00:00+00:00,513.92500,517.07500,512.87500,516.22500,20326
2017-03-20 00:00:00+00:00,515.42500,516.47500,514.50000,514.67500,13395
2017-03-21 00:00:00+00:00,515.37500,518.92500,511.30000,511.52500,29581
2017-03-22 00:00:00+00:00,510.32500,511.02500,506.37500,509.87500,32438
2017-03-23 00:00:00+00:00,510.35900,513.02500,508.12500,511.40000,27961
2017-03-24 00:00:00+00:00,512.32500,512.77500,509.47500,510.92500,22847
2017-03-27 00:00:00+00:00,508.56300,510.32500,506.50100,510.07500,24070
2017-03-28 00:00:00+00:00,511.10000,514.02500,508.92500,513.82500,17952
2017-03-29 00:00:00+00:00,513.42500,514.92500,511.72500,513.62500,16172
2017-03-30 00:00:00+00:00,513.25000,516.07500,513.06300,515.95000,12006
2017-03-31 00:00:00+00:00,514.40000,517.25000,513.72500,516.67500,13832
2017-04-03 00:00:00+00:00,516.85000,518.75000,511.75000,514.92500,330
2017-04-04 00:00:00+00:00,514.07500,515.42500,512.17500,515.42500,264
2017-04-05 00:00:00+00:00,515.17500,517.37500,512.82500,513.12500,302
2017-04-06 00:00:00+00:00,511.97500,516.57500,510.77500,515.95000,431
2017-04-07 00:00:00+00:00,514.52500,520.15000,514.25000,519.75000,371
2017-04-10 00:00:00+00:00,519.65000,520.97500,517.00000,518.82500,14592
2017-04-11 00:00:00+00:00,518.45000,520.47500,515.62500,519.85000,25121
2017-04-12 00:00:00+00:00,519.77500,521.62500,516.60000,516.72500,22158
2017-04-13 00:00:00+00:00,517.22500,517.27500,514.22500,514.90000,20239
2017-04-18 00:00:00+00:00,517.60000,517.70000,508.07500,509.52500,23154
2017-04-19 00:00:00+00:00,510.37500,514.52500,509.00000,509.25000,17530
2017-04-20 00:00:00+00:00,509.92500,513.90000,509.05000,512.57500,17680
2017-04-21 00:00:00+00:00,513.12500,513.52500,509.96300,512.82500,20624
2017-04-24 00:00:00+00:00,521.05000,525.52500,519.70000,525.37500,25890
2017-04-25 00:00:00+00:00,524.92500,527.00000,523.77500,525.17500,14431
2017-04-26 00:00:00+00:00,525.38700,525.38700,522.77500,522.82500,13653
2017-04-27 00:00:00+00:00,522.82500,524.02500,521.57500,522.57500,14058
2017-04-28 00:00:00+00:00,522.00000,522.97500,520.77500,521.82500,11620
2017-05-02 00:00:00+00:00,522.20000,526.65000,522.12500,525.95000,9893
2017-05-03 00:00:00+00:00,525.36300,526.42500,523.90000,526.10000,10516
2017-05-04 00:00:00+00:00,526.13700,529.05000,525.67500,528.67500,15457
2017-05-05 00:00:00+00:00,527.52500,535.07500,526.80000,534.92500,16738
2017-05-08 00:00:00+00:00,535.52500,535.87500,531.77500,534.75000,17097
2017-05-09 00:00:00+00:00,534.87500,537.67500,534.57500,535.77500,12144
2017-05-10 00:00:00+00:00,535.80000,536.97500,534.95000,536.95000,12929
2017-05-11 00:00:00+00:00,536.72500,537.77500,532.37500,535.97500,18267
2017-05-12 00:00:00+00:00,535.05000,535.37500,533.22500,535.35000,12180
2017-05-15 00:00:00+00:00,535.70000,536.37500,533.98800,536.20000,12264
2017-05-16 00:00:00+00:00,535.30000,536.12500,533.82500,535.42500,13836
2017-05-17 00:00:00+00:00,533.61300,534.87500,524.72500,524.90000,25200
2017-05-18 00:00:00+00:00,525.57500,529.46500,519.32500,525.87500,34508
2017-05-19 00:00:00+00:00,525.77500,527.42500,524.27500,526.92500,18686
2017-05-22 00:00:00+00:00,527.87500,528.77500,526.72500,528.35000,13432
2017-05-23 00:00:00+00:00,527.12500,529.52500,525.90000,529.12500,16958
2017-05-24 00:00:00+00:00,528.42500,529.20000,526.72500,527.60000,10670
2017-05-25 00:00:00+00:00,529.07500,529.62500,524.85000,527.85000,14535
2017-05-26 00:00:00+00:00,527.10000,528.12500,524.82500,527.72500,14226
2017-05-29 00:00:00+00:00,528.35000,528.35000,526.10000,527.00000,4215
2017-05-30 00:00:00+00:00,526.92500,527.23700,523.87500,525.12500,15247
2017-05-31 00:00:00+00:00,524.97500,527.32500,523.42500,523.60000,19725
2017-06-01 00:00:00+00:00,524.86200,528.70000,523.27500,528.50000,15636
2017-06-02 00:00:00+00:00,530.20000,531.52500,525.62500,527.17500,19324
2017-06-05 00:00:00+00:00,526.80000,527.36200,523.81300,525.00000,4518
2017-06-06 00:00:00+00:00,524.17500,524.32500,520.57500,521.45000,16541
2017-06-07 00:00:00+00:00,522.05000,527.52500,520.60000,524.12500,17273
2017-06-08 00:00:00+00:00,524.25000,526.02500,523.07500,525.00000,19008
2017-06-09 00:00:00+00:00,524.26300,527.86000,523.22500,525.27500,22782
2017-06-12 00:00:00+00:00,525.15000,525.62500,520.05000,521.57500,22619
2017-06-13 00:00:00+00:00,522.32500,524.90000,522.05000,524.30000,13508
2017-06-14 00:00:00+00:00,524.16200,528.07500,521.35000,522.95000,20309
2017-06-15 00:00:00+00:00,521.92500,522.15000,515.82600,518.77500,27093
2017-06-16 00:00:00+00:00,519.45000,522.07500,518.25000,521.27500,18969
2017-06-19 00:00:00+00:00,522.50000,527.75000,522.47500,527.35000,13200
2017-06-20 00:00:00+00:00,527.87500,529.12500,519.22500,519.95000,13850
2017-06-21 00:00:00+00:00,519.23800,520.82500,515.22500,519.35000,20076
2017-06-22 00:00:00+00:00,519.82500,520.60000,515.70000,518.02500,14753
2017-06-23 00:00:00+00:00,518.75000,519.52500,515.87500,519.07500,16647
2017-06-26 00:00:00+00:00,519.85000,524.07500,519.82500,520.97500,15866
2017-06-27 00:00:00+00:00,520.82500,521.55000,515.37500,515.37500,23659
2017-06-28 00:00:00+00:00,515.35000,518.17500,511.82500,517.32500,26594
2017-06-29 00:00:00+00:00,518.82500,519.42500,505.18800,507.17500,31208
2017-06-30 00:00:00+00:00,507.52500,512.07500,506.17500,509.85000,28038
2017-07-03 00:00:00+00:00,511.07500,513.57500,508.87200,512.25000,14159
2017-07-04 00:00:00+00:00,511.55000,514.02500,510.60000,512.62500,10344
2017-07-05 00:00:00+00:00,512.77500,513.10000,510.25000,512.35000,21842
2017-07-06 00:00:00+00:00,512.11300,512.11300,506.27500,508.80000,22928
2017-07-07 00:00:00+00:00,509.12500,511.21700,508.05500,510.70500,17539
2017-07-10 00:00:00+00:00,511.93000,513.15500,510.67500,512.85000,13265
2017-07-11 00:00:00+00:00,513.25000,513.72500,510.27500,512.50000,14506
2017-07-12 00:00:00+00:00,512.17500,518.37500,511.55000,517.75000,16791
2017-07-13 00:00:00+00:00,517.75000,520.27500,516.77500,519.90000,13076
2017-07-14 00:00:00+00:00,519.75000,523.10000,518.47500,522.75000,13519
2017-07-17 00:00:00+00:00,522.87500,523.31200,520.60200,521.20000,15025
2017-07-18 00:00:00+00:00,520.72500,521.89800,517.17500,519.27500,20191
2017-07-19 00:00:00+00:00,520.02500,525.67500,520.02500,525.67500,16672
2017-07-20 00:00:00+00:00,525.75000,529.80000,524.52500,525.85000,23284
2017-07-21 00:00:00+00:00,526.05000,527.17500,520.87500,522.57500,25446
2017-07-24 00:00:00+00:00,522.45000,523.67500,519.17500,523.52500,18287
2017-07-25 00:00:00+00:00,523.77500,526.52500,522.38800,524.97500,16745
2017-07-26 00:00:00+00:00,524.63800,528.27500,524.47500,525.87500,15025
2017-07-27 00:00:00+00:00,526.67500,530.77500,526.20000,528.50000,20147
2017-07-28 00:00:00+00:00,527.42500,528.40000,524.17500,525.67500,18434
2017-07-31 00:00:00+00:00,525.15000,527.82500,524.55000,524.90000,14337
2017-08-01 00:00:00+00:00,526.07500,529.22500,524.87500,527.50000,14986
2017-08-02 00:00:00+00:00,527.95000,528.92500,524.02500,526.07500,17524
2017-08-03 00:00:00+00:00,525.56300,527.22500,522.42500,525.70000,17411
2017-08-04 00:00:00+00:00,526.05000,531.32500,524.70000,530.72500,16209
2017-08-07 00:00:00+00:00,530.45000,532.52500,530.12500,532.52500,10441
2017-08-08 00:00:00+00:00,531.83800,534.17500,531.02500,531.82500,13256
2017-08-09 00:00:00+00:00,530.27500,531.72500,527.92500,529.37500,24555
2017-08-10 00:00:00+00:00,528.00500,529.20500,522.15500,522.40500,26642
2017-08-11 00:00:00+00:00,521.95500,523.08000,517.80500,518.70500,25629
2017-08-14 00:00:00+00:00,520.65500,523.70500,520.55500,522.78000,12669
2017-08-15 00:00:00+00:00,524.18000,525.20500,522.60500,524.83000,17263
2017-08-16 00:00:00+00:00,524.53000,528.70500,524.53000,526.18000,17404
2017-08-17 00:00:00+00:00,526.34200,528.03000,522.07500,522.10000,29851
2017-08-18 00:00:00+00:00,523.11200,523.40000,519.22500,520.97500,28231
2017-08-21 00:00:00+00:00,521.05000,521.20000,517.21300,518.25000,21826
2017-08-22 00:00:00+00:00,520.02500,524.45000,519.47500,524.32500,15130
2017-08-23 00:00:00+00:00,523.57500,524.27500,519.72500,520.82500,19289
2017-08-24 00:00:00+00:00,520.40000,522.22500,519.95000,520.15000,17788
2017-08-25 00:00:00+00:00,520.96200,521.40000,517.85000,518.02500,20008
2017-08-28 00:00:00+00:00,517.45200,517.82500,513.75000,514.97500,9390
2017-08-29 00:00:00+00:00,513.10000,513.62500,506.88800,513.27500,28370
2017-08-30 00:00:00+00:00,513.84800,515.65000,511.92500,515.22500,14483
2017-08-31 00:00:00+00:00,516.20000,518.17500,515.07500,517.72500,15992
2017-09-01 00:00:00+00:00,518.17500,520.20000,517.65000,520.02500,17201
2017-09-04 00:00:00+00:00,517.72500,518.38700,515.25000,517.57500,10821
2017-09-05 00:00:00+00:00,517.15000,519.42500,512.35000,513.72500,21839
2017-09-06 00:00:00+00:00,513.75000,519.17500,513.12500,518.57500,22801
2017-09-07 00:00:00+00:00,517.80000,520.42500,516.17500,519.72500,25889
2017-09-08 00:00:00+00:00,517.55000,519.92500,516.97500,518.37500,18913
2017-09-11 00:00:00+00:00,521.80000,525.73700,521.52700,525.67500,13887
2017-09-12 00:00:00+00:00,525.73400,527.67500,525.47500,526.97500,15988
2017-09-13 00:00:00+00:00,526.57500,529.70000,525.85000,528.60000,13281
2017-09-14 00:00:00+00:00,528.05000,530.05000,527.57300,529.22500,13160
2017-09-15 00:00:00+00:00,528.77500,528.92500,526.06300,527.05000,19100
2017-09-18 00:00:00+00:00,528.85000,530.05000,528.11300,529.10000,11661
2017-09-19 00:00:00+00:00,529.29500,529.34500,527.89500,528.34500,10949
2017-09-20 00:00:00+00:00,528.52000,531.04500,527.84500,530.99500,11404
2017-09-21 00:00:00+00:00,530.53300,530.74500,527.97500,528.37500,12280
2017-09-22 00:00:00+00:00,527.30000,529.26500,526.77500,528.16500,13877
2017-09-25 00:00:00+00:00,527.75300,529.74000,526.76500,527.46500,15981
2017-09-26 00:00:00+00:00,527.16500,529.66500,527.01500,528.36500,13306
2017-09-27 00:00:00+00:00,529.26500,532.61500,529.09000,531.96500,14712
2017-09-28 00:00:00+00:00,531.84000,534.34000,531.31500,533.96500,11616
2017-09-29 00:00:00+00:00,534.04200,537.59000,534.03100,537.44000,10567
2017-10-02 00:00:00+00:00,538.94000,541.77700,537.66500,541.56500,10040
2017-10-03 00:00:00+00:00,542.06500,542.91500,540.96500,542.71500,4571
2017-10-04 00:00:00+00:00,542.83800,542.86500,540.29000,541.31500,9862
2017-10-05 00:00:00+00:00,541.69200,543.81500,540.96500,543.24000,10157
2017-10-06 00:00:00+00:00,542.99000,543.31500,539.31500,540.49000,10918
2017-10-09 00:00:00+00:00,540.82700,542.91500,539.49000,539.56500,7778
2017-10-10 00:00:00+00:00,540.49000,542.54000,539.94000,542.31500,12241
2017-10-11 00:00:00+00:00,542.26500,542.56500,539.74500,541.84500,9131
2017-10-12 00:00:00+00:00,541.84500,543.67000,541.09500,542.89500,7413
2017-10-13 00:00:00+00:00,543.37000,547.09500,543.19500,546.64500,11550
2017-10-16 00:00:00+00:00,547.14500,547.89500,545.92000,547.39500,9227
2017-10-17 00:00:00+00:00,547.33300,547.74500,546.12000,547.14500,9693
2017-10-18 00:00:00+00:00,547.47000,549.22500,546.19500,547.80000,9875
2017-10-19 00:00:00+00:00,547.60000,547.77500,541.70000,544.07500,14741
2017-10-20 00:00:00+00:00,544.85000,546.52500,543.82500,544.55000,11261
2017-10-23 00:00:00+00:00,544.83700,547.35000,543.67500,545.10000,9810
2017-10-24 00:00:00+00:00,545.45000,546.72500,543.62500,544.07500,12520
2017-10-25 00:00:00+00:00,543.42500,545.22500,538.95000,541.33700,20689
2017-10-26 00:00:00+00:00,541.47500,549.47500,541.45000,549.02500,23973
2017-10-27 00:00:00+00:00,549.30000,551.27500,547.92500,549.55000,20477
2017-10-30 00:00:00+00:00,549.25000,549.97500,548.37500,548.77500,13636
2017-10-31 00:00:00+00:00,548.96200,554.02500,548.96200,553.82500,6388
2017-11-01 00:00:00+00:00,554.80000,557.27500,553.92500,554.65000,15073
2017-11-02 00:00:00+00:00,554.10100,555.97500,551.47500,555.40000,16969
2017-11-03 00:00:00+00:00,555.47500,555.95000,553.72500,555.20000,13538
2017-11-06 00:00:00+00:00,555.54900,557.02500,553.97500,556.72500,10136
2017-11-07 00:00:00+00:00,557.72500,558.25000,552.60000,554.02500,16120
2017-11-08 00:00:00+00:00,554.20000,555.95000,553.52500,554.87500,14754
2017-11-09 00:00:00+00:00,554.66300,555.57500,546.72500,549.80000,30304
2017-11-10 00:00:00+00:00,549.60000,551.12500,546.85000,547.42500,21158
2017-11-13 00:00:00+00:00,547.57500,548.70000,542.91300,546.37500,17241
2017-11-14 00:00:00+00:00,545.80000,546.52500,539.75000,541.27500,22187
2017-11-15 00:00:00+00:00,539.90000,540.25000,534.67500,537.85000,27015
2017-11-16 00:00:00+00:00,539.87500,541.62500,538.58800,540.42500,15090
2017-11-17 00:00:00+00:00,539.62500,539.95000,534.57500,535.75000,17327
2017-11-20 00:00:00+00:00,533.70000,540.92500,533.67500,539.65000,16704
2017-11-21 00:00:00+00:00,539.77500,543.22500,538.57500,542.17500,15075
2017-11-22 00:00:00+00:00,542.50000,544.40000,539.17500,539.87500,13594
2017-11-23 00:00:00+00:00,539.47500,542.37500,537.62500,541.50000,11757
2017-11-24 00:00:00+00:00,541.51200,543.57500,540.22500,540.50000,14141
2017-11-27 00:00:00+00:00,539.70000,542.97500,537.80000,538.80000,16880
2017-11-28 00:00:00+00:00,539.00000,546.70000,538.82500,546.07500,15928
2017-11-29 00:00:00+00:00,545.52500,546.75000,540.12500,541.00000,19606
2017-11-30 00:00:00+00:00,541.05000,545.00000,539.80000,541.05000,17506
2017-12-01 00:00:00+00:00,541.62500,541.67500,533.70000,537.97500,38204
2017-12-04 00:00:00+00:00,540.25000,543.47500,539.67500,540.72500,23100
2017-12-05 00:00:00+00:00,541.37500,543.90000,540.10000,541.85000,22312
2017-12-06 00:00:00+00:00,540.45000,543.97500,538.17500,542.65000,22253
2017-12-07 00:00:00+00:00,543.87500,545.45000,542.00000,545.22500,15766
2017-12-08 00:00:00+00:00,546.72500,548.92500,546.35000,548.35000,14711
2017-12-11 00:00:00+00:00,548.77500,551.12500,547.15000,551.07500,12002
2017-12-12 00:00:00+00:00,551.25000,552.97500,548.87500,552.27500,14853
2017-12-13 00:00:00+00:00,552.17500,552.82500,548.55000,548.57500,12343
2017-12-14 00:00:00+00:00,549.20000,550.62500,546.00000,546.25000,18275
2017-12-15 00:00:00+00:00,546.50000,549.95000,545.57500,549.15000,16689
2017-12-18 00:00:00+00:00,551.70000,554.37500,550.96300,553.92500,15032
2017-12-19 00:00:00+00:00,554.07500,555.12500,551.30000,552.30000,11424
2017-12-20 00:00:00+00:00,552.80000,553.07500,545.05000,546.72500,19596
2017-12-21 00:00:00+00:00,546.37500,549.77500,543.92500,547.92500,13920
2017-12-22 00:00:00+00:00,548.37500,549.12500,546.72500,548.72500,10221
2017-12-27 00:00:00+00:00,547.12500,549.82500,546.32500,547.80000,11821
2017-12-28 00:00:00+00:00,548.17500,548.87500,546.32500,547.02500,9122
2017-12-29 00:00:00+00:00,547.62500,547.70000,543.32500,543.57500,9420
2018-01-02 00:00:00+00:00,545.37500,546.07500,540.00200,545.07500,17483
2018-01-03 00:00:00+00:00,545.22500,550.95000,545.22500,550.30000,14850
2018-01-04 00:00:00+00:00,550.27500,554.92500,550.27500,553.65000,15199
2018-01-05 00:00:00+00:00,553.90000,559.07500,553.90000,559.00000,15719
2018-01-08 00:00:00+00:00,559.03700,561.27500,559.03700,560.95000,12017
2018-01-09 00:00:00+00:00,560.40000,563.57500,560.40000,563.22500,12092
2018-01-10 00:00:00+00:00,562.75000,563.27500,559.05000,560.22500,19453
2018-01-11 00:00:00+00:00,560.67500,561.42500,557.77500,560.17500,15750
2018-01-12 00:00:00+00:00,560.20000,560.92500,557.92500,560.45000,16064
2018-01-15 00:00:00+00:00,561.12500,562.20000,559.77500,561.12500,9804
2018-01-16 00:00:00+00:00,561.75000,562.75000,557.12500,558.12500,20048
2018-01-17 00:00:00+00:00,558.75000,566.55000,558.75000,565.32500,22370
2018-01-18 00:00:00+00:00,565.30000,567.25000,564.02500,566.27500,22135
2018-01-19 00:00:00+00:00,565.87500,570.62500,565.52500,570.62500,17091
2018-01-22 00:00:00+00:00,570.25000,572.77500,568.80000,572.42500,14046
2018-01-23 00:00:00+00:00,573.55000,573.77500,569.22500,570.62500,17333
2018-01-24 00:00:00+00:00,570.55000,570.62500,563.67500,565.67500,22797
2018-01-25 00:00:00+00:00,565.17500,569.32500,563.27500,565.87500,27531
2018-01-26 00:00:00+00:00,566.00000,568.72500,564.28800,568.70000,17071
2018-01-29 00:00:00+00:00,568.52500,568.52500,564.97500,565.95000,20595
2018-01-30 00:00:00+00:00,564.20000,564.67500,559.67500,560.20000,35214
2018-01-31 00:00:00+00:00,560.17500,561.97500,558.88800,560.62500,22931
2018-02-01 00:00:00+00:00,561.75000,563.82500,555.27500,555.95100,38513
2018-02-02 00:00:00+00:00,556.15000,556.47500,544.77500,544.87500,46983
2018-02-05 00:00:00+00:00,543.72500,545.55000,523.81000,525.87500,49655
2018-02-06 00:00:00+00:00,521.50000,537.45000,521.35000,537.07500,129858
2018-02-07 00:00:00+00:00,532.25000,536.97500,528.52500,532.62500,64255
2018-02-08 00:00:00+00:00,531.07500,533.31200,519.47500,519.77500,65441
2018-02-09 00:00:00+00:00,520.35000,524.47500,508.11700,521.02500,96598
2018-02-12 00:00:00+00:00,522.67500,526.92500,520.52500,525.45000,66492
2018-02-13 00:00:00+00:00,523.57500,524.50000,519.10000,521.62500,50724
2018-02-14 00:00:00+00:00,522.02500,528.71200,516.85000,527.70000,68586
2018-02-15 00:00:00+00:00,528.82500,530.22500,526.15000,527.40000,39509
2018-02-16 00:00:00+00:00,527.40000,527.40000,527.15000,527.15000,7
2018-02-19 00:00:00+00:00,527.15000,527.15000,527.15000,527.15000,3
2018-02-20 00:00:00+00:00,527.15000,527.15000,527.15000,527.15000,3
2018-02-21 00:00:00+00:00,531.00000,535.22500,529.17500,530.45000,37012
2018-02-22 00:00:00+00:00,529.02500,533.47500,528.02500,530.77500,43905
2018-02-23 00:00:00+00:00,532.45000,536.17500,530.96300,536.05000,26716
2018-02-26 00:00:00+00:00,536.72500,540.82500,536.06600,540.45000,19980
2018-02-27 00:00:00+00:00,539.87500,540.60000,535.05000,535.15000,36513
2018-02-28 00:00:00+00:00,535.10000,538.87500,532.20000,532.60000,35542
2018-03-01 00:00:00+00:00,532.40000,533.65000,521.85000,524.47500,66940
2018-03-02 00:00:00+00:00,525.90000,526.35000,516.92500,522.11300,64189
2018-03-05 00:00:00+00:00,519.62500,529.47500,516.47500,528.70000,51520
2018-03-06 00:00:00+00:00,529.12500,530.90000,527.32500,529.00000,43095
2018-03-07 00:00:00+00:00,524.15000,531.82500,523.50000,531.55000,49067
2018-03-08 00:00:00+00:00,531.30000,536.42500,530.07500,534.72500,39594
2018-03-09 00:00:00+00:00,535.10000,538.05000,534.05000,537.72500,36043
2018-03-12 00:00:00+00:00,539.12500,540.56200,536.02500,537.12500,30752
2018-03-13 00:00:00+00:00,537.87500,539.47500,528.25000,529.92500,51592
2018-03-14 00:00:00+00:00,530.50000,534.52500,529.62500,531.65000,56493
2018-03-15 00:00:00+00:00,532.50000,534.26200,530.45000,534.10000,40989
2018-03-16 00:00:00+00:00,533.17500,537.52500,532.52500,536.67500,30895
2018-03-19 00:00:00+00:00,535.40000,536.67500,528.93800,532.05000,42879
2018-03-20 00:00:00+00:00,533.06200,536.15000,530.42500,535.82500,36223
2018-03-21 00:00:00+00:00,535.90000,537.55000,532.92500,534.47500,37135
2018-03-22 00:00:00+00:00,534.22500,535.87500,522.67500,523.27500,65005
2018-03-23 00:00:00+00:00,521.70000,525.07500,515.85000,517.17500,65956
2018-03-26 00:00:00+00:00,520.30000,524.57500,516.17500,522.85000,48655
2018-03-27 00:00:00+00:00,524.77500,528.17500,518.07500,520.07500,53038
2018-03-28 00:00:00+00:00,520.10000,529.90000,517.66400,527.30000,89293
2018-03-29 00:00:00+00:00,527.05000,532.62500,526.22500,531.37500,43286
2018-04-03 00:00:00+00:00,524.92500,531.30000,524.31300,531.12500,56201
2018-04-04 00:00:00+00:00,529.72500,530.65000,521.52500,530.60000,65781
2018-04-05 00:00:00+00:00,532.32500,540.87500,531.51300,539.57500,41011
2018-04-06 00:00:00+00:00,536.55000,540.97500,533.30000,535.22500,57317
2018-04-09 00:00:00+00:00,538.17500,542.10000,537.23800,538.42500,37451
2018-04-10 00:00:00+00:00,542.42500,545.73400,541.00000,545.07500,50662
2018-04-11 00:00:00+00:00,543.92500,545.17500,541.85000,543.05000,40866
2018-04-12 00:00:00+00:00,543.47500,548.47500,543.32500,547.35000,33339
2018-04-13 00:00:00+00:00,547.30200,549.52500,546.35000,548.21300,23884
2018-04-16 00:00:00+00:00,549.72500,549.72500,546.30000,547.97500,36738
2018-04-17 00:00:00+00:00,549.25000,552.72500,547.50000,551.97500,32145
2018-04-18 00:00:00+00:00,553.35000,554.17500,551.12500,553.90000,33404
2018-04-19 00:00:00+00:00,554.60000,554.76200,548.45000,549.40000,43179
2018-04-20 00:00:00+00:00,550.50000,552.20000,548.72500,549.85000,46712
2018-04-23 00:00:00+00:00,550.95000,554.67500,549.35000,553.67500,40007
2018-04-24 00:00:00+00:00,554.00000,557.05000,550.73800,552.37500,50861
2018-04-25 00:00:00+00:00,552.47500,555.12500,550.23800,553.25000,59706
2018-04-26 00:00:00+00:00,554.02500,558.67500,550.65000,557.60000,34463
2018-04-27 00:00:00+00:00,557.80000,558.47500,555.50100,557.15000,36844
2018-04-30 00:00:00+00:00,557.42500,558.42500,555.67500,556.32500,27842
2018-05-02 00:00:00+00:00,558.57500,559.95000,556.37500,556.57500,36292
2018-05-03 00:00:00+00:00,556.52500,557.60000,552.67500,555.92500,50358
2018-05-04 00:00:00+00:00,555.92500,559.35000,554.45000,558.40000,32825
2018-05-07 00:00:00+00:00,559.30000,560.87500,557.37500,559.12500,12421
2018-05-08 00:00:00+00:00,558.95000,562.02500,558.47500,561.57500,26868
2018-05-09 00:00:00+00:00,562.52500,565.18700,559.97500,564.27500,21977
2018-05-10 00:00:00+00:00,564.10000,565.57500,562.92500,564.72500,19422
2018-05-11 00:00:00+00:00,565.40000,565.62500,562.97500,564.47500,16872
2018-05-14 00:00:00+00:00,564.81300,565.47500,563.32500,564.57500,15713
2018-05-15 00:00:00+00:00,563.36300,567.12500,562.77500,565.27500,25748
2018-05-16 00:00:00+00:00,564.75000,567.77500,564.00000,567.12500,18996
2018-05-17 00:00:00+00:00,566.47600,569.72500,565.72500,568.05000,20050
2018-05-18 00:00:00+00:00,568.90000,570.12500,565.06300,565.90000,21502
2018-05-21 00:00:00+00:00,568.80000,570.97500,567.92500,570.17500,10261
2018-05-22 00:00:00+00:00,570.36200,572.82500,569.17500,570.47500,19460
2018-05-23 00:00:00+00:00,570.15000,570.26200,563.07500,565.87500,30570
2018-05-24 00:00:00+00:00,565.35000,567.67500,560.27500,563.42500,29720
2018-05-25 00:00:00+00:00,565.33700,565.42500,559.62500,562.72500,32064
2018-05-28 00:00:00+00:00,563.67500,565.72500,558.37500,560.07500,338
2018-05-29 00:00:00+00:00,560.67500,560.67500,550.62500,552.70000,1158
2018-05-30 00:00:00+00:00,554.45000,560.00000,553.32500,558.67500,818
2018-05-31 00:00:00+00:00,558.37500,559.52500,552.45000,555.07500,60319
2018-06-01 00:00:00+00:00,554.85000,561.12500,554.85000,560.77500,33164
2018-06-04 00:00:00+00:00,561.65000,564.15000,560.80000,562.17500,23946
2018-06-05 00:00:00+00:00,562.00000,566.42500,561.37500,562.17500,24709
2018-06-06 00:00:00+00:00,563.47500,565.67400,558.57500,564.97500,28502
2018-06-07 00:00:00+00:00,565.25000,566.17500,557.90000,559.37500,35636
2018-06-08 00:00:00+00:00,558.47600,562.72500,555.98800,562.20000,43385
2018-06-11 00:00:00+00:00,561.12500,567.67500,560.72500,565.95000,27494
2018-06-12 00:00:00+00:00,566.72500,568.37500,562.45000,563.17500,26216
2018-06-13 00:00:00+00:00,563.05000,566.47500,562.60000,562.75000,25276
2018-06-14 00:00:00+00:00,562.39900,569.07500,556.93800,568.25000,26905
2018-06-15 00:00:00+00:00,568.35000,569.12500,561.32500,563.40000,34817
2018-06-18 00:00:00+00:00,561.40000,561.40000,556.22500,560.50000,23773
2018-06-19 00:00:00+00:00,554.67500,556.82500,551.42500,556.60000,33743
2018-06-20 00:00:00+00:00,557.95000,558.82500,555.05000,556.05000,25141
2018-06-21 00:00:00+00:00,556.67500,558.21200,550.67500,552.07500,37390
2018-06-22 00:00:00+00:00,553.20000,560.27500,552.97500,558.45000,26178
2018-06-25 00:00:00+00:00,556.35000,558.11200,545.28800,547.22500,32489
2018-06-26 00:00:00+00:00,547.82500,550.52500,546.77500,549.05000,28461
2018-06-27 00:00:00+00:00,548.50000,554.92500,543.72500,549.00000,49006
2018-06-28 00:00:00+00:00,549.32500,552.40000,543.82500,549.25000,47254
2018-06-29 00:00:00+00:00,550.90000,554.84900,548.77500,549.30000,37507
2018-07-02 00:00:00+00:00,546.27500,548.76200,543.82500,548.17500,38003
2018-07-03 00:00:00+00:00,549.02500,551.52500,546.92500,548.25000,29134
2018-07-04 00:00:00+00:00,548.25000,550.32500,547.72500,549.45900,13532
2018-07-05 00:00:00+00:00,548.87500,556.12500,548.56300,553.66200,31304
2018-07-06 00:00:00+00:00,555.72500,556.27500,550.07500,553.70000,30597
2018-07-09 00:00:00+00:00,556.42500,558.77500,555.62500,557.82500,21016
2018-07-10 00:00:00+00:00,558.72500,561.47500,557.83800,560.47500,20450
2018-07-11 00:00:00+00:00,557.45000,557.45000,551.10000,552.92500,31259
2018-07-12 00:00:00+00:00,554.02500,558.00000,552.30000,557.61300,24560
2018-07-13 00:00:00+00:00,558.60000,560.82500,558.46300,560.42500,20223
2018-07-16 00:00:00+00:00,560.80000,561.40000,557.17500,559.30000,22628
2018-07-17 00:00:00+00:00,558.32500,562.70000,555.95000,561.47500,24906
2018-07-18 00:00:00+00:00,562.47500,569.10000,562.22500,568.95000,24761
2018-07-19 00:00:00+00:00,568.42500,570.77500,567.17500,569.24000,27551
2018-07-20 00:00:00+00:00,569.04000,573.46500,566.85300,571.81500,36851
2018-07-23 00:00:00+00:00,571.06500,572.12500,568.37500,571.67500,25977
2018-07-24 00:00:00+00:00,572.85000,575.62500,570.37500,572.12500,32807
2018-07-25 00:00:00+00:00,572.37500,576.88400,571.26300,576.62500,31626
2018-07-26 00:00:00+00:00,575.65000,576.07500,571.25000,573.25000,33515
2018-07-27 00:00:00+00:00,573.72500,576.32500,572.42500,572.97500,30261
2018-07-30 00:00:00+00:00,571.90000,574.37500,571.07500,571.85000,25827
2018-07-31 00:00:00+00:00,572.62500,574.82500,571.97500,572.50000,32809
2018-08-01 00:00:00+00:00,572.70000,574.72500,570.62500,572.07500,35427
2018-08-02 00:00:00+00:00,570.85000,572.12500,567.32500,572.12500,38280
2018-08-03 00:00:00+00:00,572.12500,573.42500,570.22500,573.40000,27463
2018-08-06 00:00:00+00:00,572.92500,573.77500,570.62500,572.67500,23890
2018-08-07 00:00:00+00:00,573.01200,575.37500,572.60000,572.87500,18699
2018-08-08 00:00:00+00:00,573.47500,574.83700,571.90000,572.95000,21166
2018-08-09 00:00:00+00:00,573.65000,573.72500,571.72500,572.62500,19618
2018-08-10 00:00:00+00:00,571.25000,571.50000,561.17500,562.90000,35420
2018-08-13 00:00:00+00:00,561.15000,562.72500,559.47500,561.15000,29677
2018-08-14 00:00:00+00:00,562.65000,565.05000,560.37500,563.37500,24864
2018-08-15 00:00:00+00:00,562.77500,562.92500,550.62500,552.82500,42249
2018-08-16 00:00:00+00:00,553.80000,558.20000,553.52500,555.97500,24305
2018-08-17 00:00:00+00:00,556.95000,557.32500,549.68000,553.78000,26019
2018-08-20 00:00:00+00:00,554.15500,557.58000,553.70500,556.03000,2295
2018-08-21 00:00:00+00:00,556.03000,558.30000,555.32500,556.42500,2097
2018-08-22 00:00:00+00:00,555.42500,560.40000,555.17500,559.05000,2653
2018-08-23 00:00:00+00:00,559.05000,561.67500,558.13800,558.68700,1934
2018-08-24 00:00:00+00:00,559.35000,561.67500,559.12500,560.32500,2132
2018-08-27 00:00:00+00:00,561.52500,565.15000,561.37500,565.00000,1665
2018-08-28 00:00:00+00:00,565.17500,565.78700,562.36300,563.42500,2115
2018-08-29 00:00:00+00:00,564.27500,566.07500,561.87500,565.97500,2240
2018-08-30 00:00:00+00:00,565.21900,565.40000,561.08800,562.05000,2905
2018-08-31 00:00:00+00:00,562.25000,562.52500,557.12500,558.82500,3540
2018-09-03 00:00:00+00:00,558.00000,560.62500,557.65000,559.75000,1851
2018-09-04 00:00:00+00:00,559.92500,561.85000,552.00000,553.95000,4000
2018-09-05 00:00:00+00:00,552.70000,552.70000,546.67500,547.65000,3757
2018-09-06 00:00:00+00:00,547.07500,547.10000,538.57500,540.47500,35114
2018-09-07 00:00:00+00:00,539.97500,540.52500,533.92500,537.50000,30340
2018-09-10 00:00:00+00:00,537.77500,541.47500,537.57500,540.07500,19443
2018-09-11 00:00:00+00:00,541.37500,541.82500,536.28800,540.70000,21913
2018-09-12 00:00:00+00:00,541.15000,543.37500,537.32500,539.06300,28175
2018-09-13 00:00:00+00:00,539.07500,542.25000,538.57500,540.45000,29063
2018-09-14 00:00:00+00:00,540.87500,542.53700,538.65000,540.98800,23102
2018-09-17 00:00:00+00:00,539.32500,542.72500,538.80000,539.22500,22387
2018-09-18 00:00:00+00:00,539.17500,544.47500,539.17500,544.02500,24613
2018-09-19 00:00:00+00:00,543.77500,544.70000,540.72500,543.62500,18557
2018-09-20 00:00:00+00:00,543.30000,548.90000,542.97500,548.57500,23645
2018-09-21 00:00:00+00:00,549.10000,551.09900,548.60000,548.82500,20850
2018-09-24 00:00:00+00:00,548.05000,550.41200,547.47500,548.77500,17306
2018-09-25 00:00:00+00:00,548.62500,553.40000,548.57500,551.38700,18472
2018-09-26 00:00:00+00:00,553.05000,553.32500,550.23800,550.80000,14344
2018-09-27 00:00:00+00:00,550.25000,554.96200,549.52500,552.85000,20388
2018-09-28 00:00:00+00:00,553.37500,553.72500,546.42500,548.57500,31248
2018-10-01 00:00:00+00:00,550.35000,554.16200,549.85000,552.55000,18909
2018-10-02 00:00:00+00:00,551.65000,551.67500,546.12500,549.12500,25844
2018-10-03 00:00:00+00:00,550.01200,555.05000,550.00000,553.55000,14034
2018-10-04 00:00:00+00:00,551.12500,552.42500,541.75000,543.92500,33261
2018-10-05 00:00:00+00:00,543.97300,545.05000,537.15000,538.72500,33078
2018-10-08 00:00:00+00:00,539.27500,539.47500,532.25000,535.92500,30906
2018-10-09 00:00:00+00:00,535.36800,538.78700,530.52500,536.93700,35518
2018-10-10 00:00:00+00:00,536.52500,537.75000,523.47500,524.37500,50873
2018-10-11 00:00:00+00:00,519.65000,524.92500,511.25000,514.65000,88866
2018-10-12 00:00:00+00:00,520.75000,523.48700,512.32500,518.60000,62166
2018-10-15 00:00:00+00:00,515.07500,519.77500,512.41300,518.00000,44002
2018-10-16 00:00:00+00:00,519.35000,528.02500,517.53800,527.32500,36942
2018-10-17 00:00:00+00:00,529.07500,533.32500,525.12500,528.82500,49373
2018-10-18 00:00:00+00:00,527.75000,529.10000,519.92500,521.52500,47754
2018-10-19 00:00:00+00:00,524.05000,527.80000,521.91300,524.95000,54968
2018-10-22 00:00:00+00:00,526.82500,528.20000,518.40000,519.92500,43245
2018-10-23 00:00:00+00:00,515.80000,517.10000,509.07500,515.63800,65965
2018-10-24 00:00:00+00:00,515.37500,515.57500,502.35000,502.45000,55946
2018-10-25 00:00:00+00:00,503.87500,515.87500,503.27500,512.82500,57845
2018-10-26 00:00:00+00:00,508.85000,510.80000,499.92500,506.87500,86984
2018-10-29 00:00:00+00:00,506.67500,513.87500,500.70000,505.20000,45286
2018-10-30 00:00:00+00:00,508.70000,514.20000,504.78800,514.10200,69861
2018-10-31 00:00:00+00:00,515.10000,520.00000,515.00200,517.55000,48646
2018-11-01 00:00:00+00:00,516.50000,522.97500,516.25000,522.62500,48594
2018-11-02 00:00:00+00:00,526.57500,528.83400,519.76300,523.15000,56427
2018-11-05 00:00:00+00:00,521.82500,524.52500,520.72500,522.67500,37383
2018-11-06 00:00:00+00:00,523.26200,523.97500,519.60000,523.80000,38378
2018-11-07 00:00:00+00:00,525.02500,530.63700,523.47500,530.63700,37653
2018-11-08 00:00:00+00:00,529.92500,530.87500,526.30000,527.57500,34210
2018-11-09 00:00:00+00:00,526.25000,531.17500,524.23800,530.65000,55539
2018-11-12 00:00:00+00:00,531.97500,533.42500,524.57500,525.32500,58564
2018-11-13 00:00:00+00:00,525.07500,529.07500,523.92500,524.57500,350
2018-11-14 00:00:00+00:00,524.82500,529.72500,520.95000,525.55000,54161
2018-11-15 00:00:00+00:00,527.07500,528.72500,519.79500,527.82000,60489
2018-11-16 00:00:00+00:00,527.09500,528.57000,519.99500,522.99500,60741
2018-11-19 00:00:00+00:00,523.04500,526.33200,516.54500,517.92000,49111
2018-11-20 00:00:00+00:00,517.34500,517.57000,506.74500,509.87000,70843
2018-11-21 00:00:00+00:00,512.62000,518.24500,512.37000,516.42000,53081
2018-11-22 00:00:00+00:00,517.07000,517.24500,513.59500,514.59500,31785
2018-11-23 00:00:00+00:00,514.52000,515.62000,509.24500,513.17000,37464
2018-11-26 00:00:00+00:00,516.29500,520.44500,515.87000,519.92000,38352
2018-11-27 00:00:00+00:00,518.74500,521.12500,515.87500,520.42500,46172
2018-11-28 00:00:00+00:00,522.45000,525.00000,518.25000,524.80000,40220
2018-11-29 00:00:00+00:00,524.02500,524.02500,517.92500,520.45000,50681
2018-11-30 00:00:00+00:00,520.62500,521.20000,516.57500,521.15000,32102
2018-12-03 00:00:00+00:00,529.12500,529.92500,522.42500,525.70000,38995
2018-12-04 00:00:00+00:00,523.42500,525.10000,515.67500,516.15000,46710
2018-12-05 00:00:00+00:00,518.30000,518.92500,514.85000,515.17500,20972
2018-12-06 00:00:00+00:00,509.45000,511.67500,496.32500,505.27500,87679
2018-12-07 00:00:00+00:00,504.42500,509.47500,499.22500,500.32500,63228
2018-12-10 00:00:00+00:00,498.62500,502.47500,493.42500,499.77500,74850
2018-12-11 00:00:00+00:00,499.42500,505.15000,497.60000,501.80000,57490
2018-12-12 00:00:00+00:00,504.92500,512.12500,503.17500,508.72500,49675
2018-12-13 00:00:00+00:00,510.55000,511.56200,506.15000,507.92500,49686
2018-12-14 00:00:00+00:00,504.57500,508.25000,500.07500,503.95000,53136
2018-12-17 00:00:00+00:00,506.55000,507.75000,493.75000,495.37500,54184
2018-12-18 00:00:00+00:00,496.77500,497.47500,492.82500,494.67500,58768
2018-12-19 00:00:00+00:00,494.56300,498.11200,488.05000,489.37500,54717
2018-12-20 00:00:00+00:00,487.45000,489.65000,480.12500,481.75000,78344
2018-12-21 00:00:00+00:00,484.22500,485.77500,477.77500,479.77500,79262
2018-12-24 00:00:00+00:00,481.10000,483.82500,478.32500,478.37500,6972
2018-12-27 00:00:00+00:00,485.35000,486.88900,472.17500,481.55000,80039
2018-12-28 00:00:00+00:00,480.80000,486.17500,477.97500,483.22500,62889
2018-12-31 00:00:00+00:00,486.62500,489.52500,484.97500,488.55000,7168
2019-01-02 00:00:00+00:00,481.47500,489.65000,477.12500,487.92500,69838
2019-01-03 00:00:00+00:00,482.02500,483.92500,478.12500,480.60000,75660
2019-01-04 00:00:00+00:00,484.95000,494.40000,483.25000,494.10000,72054
2019-01-07 00:00:00+00:00,493.90000,495.15000,488.92500,492.65000,54254
2019-01-08 00:00:00+00:00,493.02500,497.42500,491.37500,495.30000,53200
2019-01-09 00:00:00+00:00,497.45000,499.12500,494.77500,495.90000,48450
2019-01-10 00:00:00+00:00,493.57500,499.32500,492.27500,499.20000,45088
2019-01-11 00:00:00+00:00,498.92500,501.32500,496.80000,498.27500,40507
2019-01-14 00:00:00+00:00,495.45000,497.11200,493.62500,495.10000,38314
2019-01-15 00:00:00+00:00,497.92500,500.25000,495.02500,498.75000,48280
2019-01-16 00:00:00+00:00,500.22500,501.12500,496.82500,499.85000,35425
2019-01-17 00:00:00+00:00,497.57500,502.77500,496.82500,501.72500,41142
2019-01-18 00:00:00+00:00,502.87500,511.42500,502.51300,510.50000,41191
2019-01-21 00:00:00+00:00,509.55000,510.72500,508.60000,510.60000,14090
2019-01-22 00:00:00+00:00,507.77500,509.07500,503.71300,504.50000,33808
2019-01-23 00:00:00+00:00,505.30000,511.42500,502.97500,507.15000,35699
2019-01-24 00:00:00+00:00,508.35000,511.62500,506.82500,511.30000,39721
2019-01-25 00:00:00+00:00,513.15000,515.60000,512.52500,513.77500,41493
2019-01-28 00:00:00+00:00,512.90000,514.07500,509.12500,511.82500,34614
2019-01-29 00:00:00+00:00,511.65000,517.52500,510.92500,514.97500,31987
2019-01-30 00:00:00+00:00,515.35000,520.07500,514.30000,518.80000,33845
2019-01-31 00:00:00+00:00,519.65000,522.40000,516.37500,521.70000,40305
2019-02-01 00:00:00+00:00,521.22500,523.82500,519.70000,522.92500,37702
2019-02-04 00:00:00+00:00,523.45000,527.15000,522.95000,527.10000,25873
2019-02-05 00:00:00+00:00,527.00000,532.90000,526.07500,532.00000,28544
2019-02-06 00:00:00+00:00,533.32500,537.27500,531.31300,536.27500,26956
2019-02-07 00:00:00+00:00,535.72500,538.30000,528.87500,530.82500,48723
2019-02-08 00:00:00+00:00,530.30000,530.82500,526.12500,530.75000,42652
2019-02-11 00:00:00+00:00,530.82500,532.97500,528.98800,529.85000,30600
2019-02-12 00:00:00+00:00,532.85000,534.87500,532.37500,534.12500,31408
2019-02-13 00:00:00+00:00,536.20000,537.28700,533.47500,536.15000,39216
2019-02-14 00:00:00+00:00,536.70000,539.00000,533.40000,535.10000,44101
2019-02-15 00:00:00+00:00,533.75000,541.37500,532.90000,540.57500,43623
2019-02-18 00:00:00+00:00,541.22500,541.75000,538.10000,540.90000,18539
2019-02-19 00:00:00+00:00,540.12500,540.35000,535.75000,538.57500,31300
2019-02-20 00:00:00+00:00,538.90000,541.00000,536.05000,540.25000,32101
2019-02-21 00:00:00+00:00,541.15000,542.22500,539.05000,539.85000,38159
2019-02-22 00:00:00+00:00,540.47500,543.05000,539.80000,541.57500,27624
2019-02-25 00:00:00+00:00,543.75200,544.83700,540.84500,541.04500,24169
2019-02-26 00:00:00+00:00,540.87000,544.09500,538.44500,542.02000,31718
2019-02-27 00:00:00+00:00,541.64500,542.29500,537.74500,539.79500,29682
2019-02-28 00:00:00+00:00,539.22000,542.02000,537.19500,540.72000,26982
2019-03-01 00:00:00+00:00,543.69500,544.54500,538.54500,540.04500,27876
2019-03-04 00:00:00+00:00,541.27000,542.82500,537.90000,540.12500,29669
2019-03-05 00:00:00+00:00,540.82500,542.48700,537.82500,541.47500,28504
2019-03-06 00:00:00+00:00,540.77500,541.27500,537.47500,538.57500,29835
2019-03-07 00:00:00+00:00,537.71600,541.13700,534.25000,535.92500,43302
2019-03-08 00:00:00+00:00,534.27500,534.50000,529.72500,531.97500,37161
2019-03-11 00:00:00+00:00,533.67500,536.90000,531.87500,536.75000,21555
2019-03-12 00:00:00+00:00,537.62500,538.53700,533.50000,535.30000,24530
2019-03-13 00:00:00+00:00,534.32500,540.85000,533.65000,540.57500,17297
2019-03-14 00:00:00+00:00,539.35000,546.08700,538.82500,544.60000,26499
2019-03-15 00:00:00+00:00,545.55000,553.30000,544.20000,553.27500,28144
2019-03-18 00:00:00+00:00,553.87500,554.02500,550.82500,553.42500,18813
2019-03-19 00:00:00+00:00,552.75000,555.62500,550.55000,551.27500,22582
2019-03-20 00:00:00+00:00,551.45000,552.20000,547.10000,547.20000,29674
2019-03-21 00:00:00+00:00,547.80000,552.82500,546.77500,552.35000,28379
2019-03-22 00:00:00+00:00,552.05000,552.77500,542.05000,542.25000,51938
2019-03-25 00:00:00+00:00,540.27500,543.35000,538.72500,541.87500,43915
2019-03-26 00:00:00+00:00,543.10000,546.95000,541.16300,545.82500,33633
2019-03-27 00:00:00+00:00,546.97500,548.22500,542.57500,546.27500,44087
2019-03-28 00:00:00+00:00,545.88800,547.72500,543.82500,546.35000,32901
2019-03-29 00:00:00+00:00,546.97500,550.60000,546.47500,550.57500,30516
2019-04-01 00:00:00+00:00,553.40000,556.42500,552.35000,556.30000,25934
2019-04-02 00:00:00+00:00,555.02500,558.52500,554.55000,558.02500,23936
2019-04-03 00:00:00+00:00,560.40000,562.47500,558.90000,561.30000,24383
2019-04-04 00:00:00+00:00,560.97500,562.92500,559.97500,562.42500,21737
2019-04-05 00:00:00+00:00,562.52500,563.75000,561.67500,562.92500,18789
2019-04-08 00:00:00+00:00,561.50000,564.12500,561.07500,562.67500,17306
2019-04-09 00:00:00+00:00,561.80000,564.77500,559.15000,559.32500,23419
2019-04-10 00:00:00+00:00,560.27500,562.42500,559.68800,561.22500,20878
2019-04-11 00:00:00+00:00,561.30000,563.22500,558.76300,561.55100,21585
2019-04-12 00:00:00+00:00,562.07500,563.20000,560.17500,563.20000,22498
2019-04-15 00:00:00+00:00,562.87500,564.57500,561.82500,562.87500,17810
2019-04-16 00:00:00+00:00,563.62500,566.37500,563.07500,565.85000,20456
2019-04-17 00:00:00+00:00,566.71300,568.25000,564.85000,566.27500,18024
2019-04-18 00:00:00+00:00,564.82500,571.82500,563.95000,570.20000,27355
2019-04-23 00:00:00+00:00,570.60000,571.25000,567.55000,570.52500,15020
2019-04-24 00:00:00+00:00,569.07500,570.47500,567.17500,568.27500,21551
2019-04-25 00:00:00+00:00,569.10000,570.02500,566.50000,569.10000,22529
2019-04-26 00:00:00+00:00,568.65000,570.17500,567.07500,570.12500,22603
2019-04-29 00:00:00+00:00,570.25000,571.20000,567.45000,570.40000,14977
2019-04-30 00:00:00+00:00,569.50000,575.25000,568.85000,574.97500,18407
2019-05-02 00:00:00+00:00,571.55000,573.85000,567.22500,568.55000,31445
2019-05-03 00:00:00+00:00,569.50000,573.30000,568.92500,571.90000,19464
2019-05-06 00:00:00+00:00,563.40000,566.85000,559.07500,566.40000,9039
2019-05-07 00:00:00+00:00,564.30000,567.97500,554.55000,556.22500,16322
2019-05-08 00:00:00+00:00,557.55000,560.90000,555.27500,558.90000,18304
2019-05-09 00:00:00+00:00,557.12500,557.67500,548.87500,554.52500,17907
2019-05-10 00:00:00+00:00,554.02500,558.07500,550.25000,557.30000,19180
2019-05-13 00:00:00+00:00,552.57500,553.47500,543.57500,545.02500,6217
2019-05-14 00:00:00+00:00,546.60000,552.35000,545.37500,550.57500,4363
2019-05-15 00:00:00+00:00,552.00000,553.70000,545.52500,552.67500,6055
2019-05-16 00:00:00+00:00,550.95000,560.30000,550.12500,558.35000,4943
2019-05-17 00:00:00+00:00,556.60000,558.77500,554.22500,555.07500,5372
2019-05-20 00:00:00+00:00,557.27500,558.52500,548.85000,550.30000,5952
2019-05-21 00:00:00+00:00,553.02500,555.57500,551.67500,553.57500,3511
2019-05-22 00:00:00+00:00,552.62500,554.57500,548.72500,552.17500,4282
2019-05-23 00:00:00+00:00,549.57500,549.82500,541.52700,543.27500,6218
2019-05-24 00:00:00+00:00,545.70000,549.77500,544.95000,547.75000,4135
2019-05-27 00:00:00+00:00,547.75000,551.77500,547.75000,549.42500,2132
2019-05-28 00:00:00+00:00,550.77500,551.62500,546.62500,546.80000,49906
2019-05-29 00:00:00+00:00,546.00000,546.30000,539.32500,542.22500,41928
2019-05-30 00:00:00+00:00,542.80000,546.95000,542.22500,545.67500,27460
2019-05-31 00:00:00+00:00,540.87500,541.57500,537.82500,539.25000,49692
2019-06-03 00:00:00+00:00,536.85000,541.47500,534.77500,538.47500,53932
2019-06-04 00:00:00+00:00,538.62500,542.62500,536.52500,542.55000,53046
2019-06-05 00:00:00+00:00,542.85000,546.12500,541.62500,544.35000,32511
2019-06-06 00:00:00+00:00,543.50000,548.97500,542.93900,545.60000,6353
2019-06-07 00:00:00+00:00,546.57500,552.72500,546.18800,550.67500,4642
2019-06-10 00:00:00+00:00,552.70000,554.57500,551.95000,553.40000,2521
2019-06-11 00:00:00+00:00,554.82500,559.45000,554.62600,556.55000,3856
2019-06-12 00:00:00+00:00,554.85000,557.56200,554.02500,555.75000,4181
2019-06-13 00:00:00+00:00,555.75000,557.67500,554.12500,555.55000,4163
2019-06-14 00:00:00+00:00,555.87500,555.95000,550.20000,553.92500,3981
2019-06-17 00:00:00+00:00,554.70000,555.35000,551.10200,551.72500,2556
2019-06-18 00:00:00+00:00,551.60000,561.67500,548.12500,560.70000,6285
2019-06-19 00:00:00+00:00,561.45000,562.36200,559.48800,561.87500,3663
2019-06-20 00:00:00+00:00,564.05000,566.75000,562.72500,564.95000,3599
2019-06-21 00:00:00+00:00,562.55000,565.42500,560.05000,560.05000,3452
2019-06-24 00:00:00+00:00,561.07500,564.57500,558.87500,559.10000,2889
2019-06-25 00:00:00+00:00,559.10000,559.70000,555.95000,555.95000,2942
2019-06-26 00:00:00+00:00,557.85000,561.17500,556.87500,557.82500,2510
2019-06-27 00:00:00+00:00,557.82500,560.10000,554.27500,557.67500,2767
2019-06-28 00:00:00+00:00,557.40000,562.42500,557.30000,561.37500,1818
2019-07-01 00:00:00+00:00,567.10000,571.11200,567.10000,569.22500,2486
2019-07-02 00:00:00+00:00,569.07500,570.81200,567.22500,570.72500,1846
2019-07-03 00:00:00+00:00,571.20000,575.02500,570.17500,574.97500,1911
2019-07-04 00:00:00+00:00,574.17500,575.10000,573.27500,574.10000,1089
2019-07-05 00:00:00+00:00,573.92500,574.47500,568.51300,571.72500,2080
2019-07-08 00:00:00+00:00,569.10000,571.85000,568.65000,569.75000,1967
2019-07-09 00:00:00+00:00,568.25000,568.72500,564.90000,567.12500,2300
2019-07-10 00:00:00+00:00,566.75000,568.92500,565.12500,566.25000,2507
2019-07-11 00:00:00+00:00,568.47500,569.47500,566.02500,567.51300,2190
2019-07-12 00:00:00+00:00,568.92500,569.20000,566.52500,567.55000,1935
2019-07-15 00:00:00+00:00,568.85000,571.07500,566.05000,569.10000,2931
2019-07-16 00:00:00+00:00,569.10000,571.92500,567.55000,570.32500,2666
2019-07-17 00:00:00+00:00,569.65000,574.85000,569.55000,571.90000,3217
2019-07-18 00:00:00+00:00,569.25000,574.07500,569.25000,572.70000,2096
2019-07-19 00:00:00+00:00,572.70000,576.07500,570.30000,571.47500,1717
2019-07-22 00:00:00+00:00,572.67500,576.80000,571.67500,576.72500,1301
2019-07-23 00:00:00+00:00,577.97500,584.42500,577.97500,584.02500,1399
2019-07-24 00:00:00+00:00,583.30000,584.95000,580.87500,584.60000,1302
2019-07-25 00:00:00+00:00,585.40000,586.30000,575.03800,577.17500,2825
2019-07-26 00:00:00+00:00,579.17500,581.12500,577.85000,580.37500,1519
2019-07-29 00:00:00+00:00,578.80000,582.62500,577.65000,580.17500,2503
2019-07-30 00:00:00+00:00,580.95000,581.17400,572.57500,573.22500,32613
2019-07-31 00:00:00+00:00,575.67500,575.82400,566.40000,569.32500,16772
2019-08-01 00:00:00+00:00,569.92500,573.52500,561.30000,562.92500,6797
2019-08-02 00:00:00+00:00,560.87500,562.90000,553.35000,556.05000,11682
2019-08-05 00:00:00+00:00,549.95000,551.05000,535.87500,538.97500,9431
2019-08-06 00:00:00+00:00,541.40000,544.72500,538.12500,542.65000,7931
2019-08-07 00:00:00+00:00,540.77500,546.20000,536.10000,545.20000,8298
2019-08-08 00:00:00+00:00,546.47500,551.52500,544.07500,550.70000,5128
2019-08-09 00:00:00+00:00,549.15000,550.58400,543.00000,545.97500,5325
2019-08-12 00:00:00+00:00,547.20000,550.65000,541.17500,542.32500,5093
2019-08-13 00:00:00+00:00,543.42500,550.62400,537.72500,548.11200,10413
2019-08-14 00:00:00+00:00,548.27500,548.27500,533.42500,533.97500,7887
2019-08-15 00:00:00+00:00,536.60000,538.63700,529.02500,534.95000,12443
2019-08-16 00:00:00+00:00,538.47500,543.15000,535.92500,542.77500,5830
2019-08-19 00:00:00+00:00,544.97500,548.65000,544.43800,547.42500,3753
2019-08-20 00:00:00+00:00,548.80000,550.15000,544.05000,544.05000,3593
2019-08-21 00:00:00+00:00,546.05000,551.32500,545.47500,550.42500,2809
2019-08-22 00:00:00+00:00,550.42500,551.05000,545.82500,547.70000,4338
2019-08-23 00:00:00+00:00,549.72500,550.62500,537.77500,538.17500,9487
2019-08-26 00:00:00+00:00,538.17500,545.97500,535.52500,544.32500,5992
2019-08-27 00:00:00+00:00,543.00000,548.15000,541.32500,546.17500,4295
2019-08-28 00:00:00+00:00,547.12500,549.60000,543.98800,548.97500,5476
2019-08-29 00:00:00+00:00,547.75000,556.41200,547.47500,554.95000,5004
2019-08-30 00:00:00+00:00,556.50000,560.17500,554.93800,559.90000,3164
2019-09-02 00:00:00+00:00,558.12500,562.37500,557.47500,558.67500,3216
2019-09-03 00:00:00+00:00,559.90000,560.77500,556.52500,559.87500,5390
2019-09-04 00:00:00+00:00,562.77500,565.27500,561.62500,564.47500,3500
2019-09-05 00:00:00+00:00,568.57500,569.25000,566.26300,568.25000,3905
2019-09-06 00:00:00+00:00,568.72500,570.67500,567.85000,569.37500,3251
2019-09-09 00:00:00+00:00,570.57500,571.47500,566.20000,568.05000,2761
2019-09-10 00:00:00+00:00,568.05000,570.45000,566.36300,568.87500,3909
2019-09-11 00:00:00+00:00,570.55000,574.62500,569.55000,574.27500,3541
2019-09-12 00:00:00+00:00,575.70000,578.25000,571.20100,574.75000,8304
2019-09-13 00:00:00+00:00,575.12500,577.75000,573.70000,576.12500,3019
2019-09-16 00:00:00+00:00,574.80000,575.60000,572.90000,574.27500,3793
2019-09-17 00:00:00+00:00,573.45000,575.45000,572.32500,575.17500,3310
2019-09-18 00:00:00+00:00,574.57500,578.27500,574.07500,577.45000,3254
2019-09-19 00:00:00+00:00,576.37500,579.97500,575.30000,578.05000,2674
2019-09-20 00:00:00+00:00,578.22500,580.52500,574.62500,575.20000,4791
2019-09-23 00:00:00+00:00,576.25000,576.95000,572.02500,575.25000,3673
2019-09-24 00:00:00+00:00,576.42500,576.79900,571.40000,572.27500,3834
2019-09-25 00:00:00+00:00,573.22500,575.25000,567.42500,574.75000,4325
2019-09-26 00:00:00+00:00,574.75000,580.12500,572.02500,579.42500,4019
2019-09-27 00:00:00+00:00,579.17500,580.17500,574.02500,575.27500,4471
2019-09-30 00:00:00+00:00,576.95000,580.87500,576.10000,580.37500,3135
2019-10-01 00:00:00+00:00,582.47500,584.42500,572.25000,573.07500,5027
2019-10-02 00:00:00+00:00,573.37500,573.71200,556.00000,557.55000,6987
2019-10-03 00:00:00+00:00,557.18700,561.42500,553.71300,561.30000,8822
2019-10-04 00:00:00+00:00,561.92500,566.71200,559.02500,566.55000,5400
2019-10-07 00:00:00+00:00,564.72500,571.32500,563.72500,568.92500,3478
2019-10-08 00:00:00+00:00,568.92500,571.37500,562.52300,562.78500,7698
2019-10-09 00:00:00+00:00,563.86000,568.01000,561.61000,566.93500,5926
2019-10-10 00:00:00+00:00,565.81000,569.13500,559.68500,568.08500,7550
2019-10-11 00:00:00+00:00,570.96000,578.22200,568.83500,575.93500,7936
2019-10-14 00:00:00+00:00,575.71000,576.28500,571.63500,575.58500,4140
2019-10-15 00:00:00+00:00,577.26000,581.18700,576.37500,579.67500,5752
2019-10-16 00:00:00+00:00,580.50000,581.60000,575.27500,575.50000,6388
2019-10-17 00:00:00+00:00,575.15000,579.94900,574.11300,576.17500,6203
2019-10-18 00:00:00+00:00,574.67500,575.85000,570.62500,572.87500,4643
2019-10-21 00:00:00+00:00,573.42500,576.60000,572.82500,575.82500,3787
2019-10-22 00:00:00+00:00,576.30000,576.90000,573.50000,574.37500,3618
2019-10-23 00:00:00+00:00,573.82500,577.00000,572.97500,576.05000,3999
2019-10-24 00:00:00+00:00,576.47500,582.57500,576.35000,582.48800,4391
2019-10-25 00:00:00+00:00,582.22500,583.82500,579.77500,583.60000,2791
2019-10-28 00:00:00+00:00,583.87500,584.83400,581.01300,584.32500,2686
2019-10-29 00:00:00+00:00,583.60000,584.62500,579.87500,581.22500,2855
2019-10-30 00:00:00+00:00,580.70000,582.87500,577.35000,582.52500,3409
2019-10-31 00:00:00+00:00,581.75000,582.95000,575.50000,577.72500,5572
2019-11-01 00:00:00+00:00,577.72500,582.47500,577.72500,582.07500,3099
2019-11-04 00:00:00+00:00,583.87500,587.57500,582.98800,585.50000,2607
2019-11-05 00:00:00+00:00,586.77500,591.67500,585.67500,591.50000,2978
2019-11-06 00:00:00+00:00,590.30000,595.66200,590.30000,594.12500,3239
2019-11-07 00:00:00+00:00,594.72500,598.32500,594.72500,596.37500,3189
2019-11-08 00:00:00+00:00,595.07500,597.85000,594.62500,597.85000,2847
2019-11-11 00:00:00+00:00,594.70000,597.40000,594.31300,596.77500,4452
2019-11-12 00:00:00+00:00,598.07500,599.80000,596.82500,597.82500,21537
2019-11-13 00:00:00+00:00,596.77500,597.82500,594.22500,597.12500,24326
2019-11-14 00:00:00+00:00,596.75000,598.65000,594.52500,596.35000,20738
2019-11-15 00:00:00+00:00,599.15000,599.27500,595.10000,599.07500,20579
2019-11-18 00:00:00+00:00,598.85000,600.06200,595.97500,598.00000,23286
2019-11-19 00:00:00+00:00,599.00000,602.42500,595.52500,596.52500,23444
2019-11-20 00:00:00+00:00,594.95000,595.87500,590.33800,592.10000,31723
2019-11-21 00:00:00+00:00,590.45000,591.91200,587.52500,590.70000,34590
2019-11-22 00:00:00+00:00,590.30000,594.62500,590.27500,593.05000,27820
2019-11-25 00:00:00+00:00,594.62500,597.97500,594.62500,597.95000,13636
2019-11-26 00:00:00+00:00,597.70000,598.67500,594.61300,598.45000,16652
2019-11-27 00:00:00+00:00,599.00000,600.02500,597.37500,598.85000,14447
2019-11-28 00:00:00+00:00,597.25000,598.02500,596.12500,597.77500,7984
2019-11-29 00:00:00+00:00,596.27500,600.82500,595.47500,597.15000,16215
2019-12-02 00:00:00+00:00,598.48500,601.88500,585.41000,587.33500,27267
2019-12-03 00:00:00+00:00,588.71500,591.15000,581.05000,586.65000,33578
2019-12-04 00:00:00+00:00,586.19000,592.76500,583.69000,592.29000,24735
2019-12-05 00:00:00+00:00,592.31500,596.21500,591.21500,593.04000,21691
2019-12-06 00:00:00+00:00,595.25500,603.38000,593.98000,602.85500,17113
2019-12-09 00:00:00+00:00,602.63000,604.21000,600.93500,601.06000,13684
2019-12-10 00:00:00+00:00,601.82500,602.10000,593.61000,599.40000,26754
2019-12-11 00:00:00+00:00,599.81500,600.76500,596.39000,598.54000,20813
2019-12-12 00:00:00+00:00,599.83000,602.74500,595.63000,601.20500,33853
2019-12-13 00:00:00+00:00,608.00500,608.20400,601.43000,605.13000,36828
2019-12-16 00:00:00+00:00,608.35500,614.68000,607.58000,612.38000,15175
2019-12-17 00:00:00+00:00,610.32500,610.57500,605.75000,606.92500,18121
2019-12-18 00:00:00+00:00,606.26000,609.01000,605.48500,606.58500,8169
2019-12-19 00:00:00+00:00,607.05000,607.72500,604.60000,606.75000,8612
2019-12-20 00:00:00+00:00,606.79000,610.64000,605.31500,609.11500,18709
2019-12-23 00:00:00+00:00,609.04000,610.46600,607.81500,609.54000,10551
2019-12-24 00:00:00+00:00,610.51000,610.53500,609.18500,609.66000,2320
2019-12-27 00:00:00+00:00,612.39000,612.86500,609.11500,609.73500,14371
2019-12-30 00:00:00+00:00,609.90500,610.90600,605.06000,605.43500,18415
2019-12-31 00:00:00+00:00,605.90000,607.20000,603.57500,604.82500,4277
2020-01-02 00:00:00+00:00,609.09000,615.69000,607.74600,615.69000,18247
2020-01-03 00:00:00+00:00,610.50600,611.73000,607.03000,609.60500,27529
2020-01-06 00:00:00+00:00,606.91000,608.23500,601.71000,608.23500,21703
2020-01-07 00:00:00+00:00,609.52500,612.25600,607.75000,608.75000,24128
2020-01-08 00:00:00+00:00,605.71500,613.64000,605.69000,611.79000,27768
2020-01-09 00:00:00+00:00,614.01500,615.89000,611.71500,612.79000,13485
2020-01-10 00:00:00+00:00,613.83000,614.23000,607.35500,607.95500,16738
2020-01-13 00:00:00+00:00,609.78500,611.41000,606.28500,610.23500,17711
2020-01-14 00:00:00+00:00,610.47500,613.30000,605.00000,612.25000,24670
2020-01-15 00:00:00+00:00,611.41500,613.16000,609.93500,610.43500,15217
2020-01-16 00:00:00+00:00,612.97400,614.92500,611.70500,613.20000,12041
2020-01-17 00:00:00+00:00,614.19000,616.84000,613.29000,616.69000,14499
2020-01-20 00:00:00+00:00,616.58000,616.58000,613.60500,615.23000,8033
2020-01-21 00:00:00+00:00,611.54500,612.47000,607.52500,610.27000,17972
2020-01-22 00:00:00+00:00,613.36600,613.66000,609.36000,610.41000,16665
2020-01-23 00:00:00+00:00,609.43500,610.71000,605.56000,609.23500,19277
2020-01-24 00:00:00+00:00,609.83600,616.30000,609.37500,612.50000,20080
2020-01-27 00:00:00+00:00,607.04600,607.59000,598.04500,598.22500,1656
2020-01-28 00:00:00+00:00,601.26000,603.76000,597.06000,603.46000,1001
2020-01-29 00:00:00+00:00,603.81000,606.96000,602.66000,605.13600,786
2020-01-30 00:00:00+00:00,601.59600,602.82500,596.95000,602.82500,1829
2020-01-31 00:00:00+00:00,601.86500,602.56000,585.69500,587.81500,1707
2020-02-03 00:00:00+00:00,591.16000,594.81000,589.78500,592.01000,1302
2020-02-04 00:00:00+00:00,596.57500,606.28000,595.75000,604.72500,19100
2020-02-05 00:00:00+00:00,604.17500,615.94500,603.80000,615.17500,1320
2020-02-06 00:00:00+00:00,616.92500,619.45000,616.90000,618.95000,670
2020-02-07 00:00:00+00:00,619.45000,619.47500,614.25000,615.52500,1002
2020-02-10 00:00:00+00:00,616.73000,619.43000,614.23000,619.40500,585
2020-02-11 00:00:00+00:00,622.17000,625.51500,621.32000,624.04500,621
2020-02-12 00:00:00+00:00,625.87000,630.99500,624.57000,630.87000,564
2020-02-13 00:00:00+00:00,626.84500,629.86500,622.09500,628.37000,1002
2020-02-14 00:00:00+00:00,629.18500,630.61000,627.61000,629.24000,526
2020-02-17 00:00:00+00:00,630.83000,632.15500,627.20500,629.28000,303
2020-02-18 00:00:00+00:00,625.80500,627.29500,622.82000,626.62000,709
2020-02-19 00:00:00+00:00,628.05000,629.62500,627.30000,629.05000,7258
2020-02-20 00:00:00+00:00,628.45000,629.54600,621.14000,624.54600,13803
2020-02-21 00:00:00+00:00,621.55000,621.92500,613.09500,615.72500,1543
2020-02-24 00:00:00+00:00,605.73000,605.78000,588.33000,589.48000,3388
2020-02-25 00:00:00+00:00,596.33500,597.38500,573.26000,574.86000,17539
2020-02-26 00:00:00+00:00,577.21000,583.65000,565.07500,574.47500,42174
2020-02-27 00:00:00+00:00,569.97500,573.47500,550.39000,550.41500,43279
2020-02-28 00:00:00+00:00,539.95500,545.15600,530.95400,541.53000,93616
2020-03-02 00:00:00+00:00,545.73600,554.28500,529.48400,550.73500,78525
2020-03-03 00:00:00+00:00,547.25000,561.65000,539.09500,542.35000,94200
2020-03-04 00:00:00+00:00,549.19000,566.01500,547.12500,565.84000,48659
2020-03-05 00:00:00+00:00,561.41400,562.65000,541.91500,543.68500,31343
2020-03-06 00:00:00+00:00,540.23000,543.76000,525.48000,533.28000,61312
2020-03-09 00:00:00+00:00,493.91600,505.41000,477.33500,478.83500,78633
2020-03-10 00:00:00+00:00,503.49000,513.01500,481.39000,503.76500,82414
2020-03-11 00:00:00+00:00,484.09000,497.74000,472.26500,477.32500,85008
2020-03-12 00:00:00+00:00,455.48000,459.98000,425.65500,427.35500,81624
2020-03-13 00:00:00+00:00,434.97000,466.45000,424.62000,451.89500,81278
2020-03-16 00:00:00+00:00,409.90000,421.20000,389.20000,405.55000,69695
2020-03-17 00:00:00+00:00,424.82500,433.16500,400.86500,420.59000,72825
2020-03-18 00:00:00+00:00,404.18000,416.38500,391.51000,403.98500,47906
2020-03-19 00:00:00+00:00,400.05000,431.97500,398.17500,419.22500,52160
2020-03-20 00:00:00+00:00,438.60000,449.67500,414.92600,416.17500,58303
2020-03-23 00:00:00+00:00,411.83000,437.42400,408.18000,426.80500,72302
2020-03-24 00:00:00+00:00,441.77500,462.81500,438.66000,460.98500,52095
2020-03-25 00:00:00+00:00,464.48000,481.85600,453.53000,471.33000,72328
2020-03-26 00:00:00+00:00,461.88000,483.45600,457.50600,483.38000,73408
2020-03-27 00:00:00+00:00,477.59000,477.98600,457.49000,461.31000,57219
2020-03-30 00:00:00+00:00,471.07500,477.48000,454.88000,476.83000,68619
2020-03-31 00:00:00+00:00,476.29000,486.15500,471.68000,475.50600,57569
2020-04-01 00:00:00+00:00,467.32500,475.34500,460.67500,461.80000,61431
2020-04-02 00:00:00+00:00,469.78500,482.53500,467.11000,478.36000,59089
2020-04-03 00:00:00+00:00,474.99500,477.07000,465.92000,468.94500,59295
2020-04-06 00:00:00+00:00,487.84000,497.21500,482.34000,495.74000,38454
2020-04-07 00:00:00+00:00,496.13500,508.59000,492.49000,493.39000,73806
2020-04-08 00:00:00+00:00,496.07000,504.04000,491.26500,502.84000,62557
2020-04-09 00:00:00+00:00,504.60500,512.04500,498.85500,509.50500,70132
2020-04-14 00:00:00+00:00,511.69500,514.17000,505.67000,506.87000,39856
2020-04-15 00:00:00+00:00,506.27000,506.82000,489.14400,491.57000,58170
2020-04-16 00:00:00+00:00,493.81000,499.71000,492.36000,497.26000,54610
2020-04-17 00:00:00+00:00,512.80000,512.80000,504.07500,510.22500,35477
2020-04-20 00:00:00+00:00,509.86000,514.06000,502.11500,507.53500,32328
2020-04-21 00:00:00+00:00,503.07000,506.54600,493.89500,497.32000,52491
2020-04-22 00:00:00+00:00,499.67000,512.71400,498.32000,511.72000,27170
2020-04-23 00:00:00+00:00,511.63600,517.10500,504.40500,507.33000,39353
2020-04-24 00:00:00+00:00,502.19000,511.46000,501.51000,509.98500,29036
2020-04-27 00:00:00+00:00,514.79000,515.17600,509.20000,514.32500,15438
2020-04-28 00:00:00+00:00,512.82500,522.42500,511.85000,515.75000,25464
2020-04-29 00:00:00+00:00,521.57500,529.67500,517.12500,527.82500,21454
2020-04-30 00:00:00+00:00,533.54600,533.87000,507.94500,509.69400,48032
2020-05-04 00:00:00+00:00,493.75500,501.71000,490.61000,501.66000,24508
2020-05-05 00:00:00+00:00,503.61500,511.01000,499.63500,505.61000,21218
2020-05-06 00:00:00+00:00,507.68600,510.93600,502.93500,503.21000,22401
2020-05-07 00:00:00+00:00,506.69500,517.94500,506.53500,513.81000,15574
2020-05-08 00:00:00+00:00,521.88000,523.18400,517.51000,522.98500,9294
2020-05-11 00:00:00+00:00,524.73500,525.51000,515.71000,522.96000,12686
2020-05-12 00:00:00+00:00,519.61500,523.89500,513.09600,513.14500,13960
2020-05-13 00:00:00+00:00,512.66000,518.25500,506.68000,509.75500,45321
2020-05-14 00:00:00+00:00,506.11500,506.49000,502.29000,503.66500,7214
