time,open,high,low,close,volume
2005-01-02 00:00:00+00:00,1210.40000,1211.40000,1209.60000,1210.90000,63
2005-01-03 00:00:00+00:00,1210.60000,1218.10000,1198.70000,1203.20000,8998
2005-01-04 00:00:00+00:00,1203.50000,1206.50000,1183.80000,1188.30000,10321
2005-01-05 00:00:00+00:00,1188.00000,1192.00000,1179.80000,1181.30000,10246
2005-01-06 00:00:00+00:00,1181.10000,1190.80000,1181.10000,1185.60000,9553
2005-01-07 00:00:00+00:00,1185.40000,1191.60000,1180.70000,1182.90000,9817
2005-01-09 00:00:00+00:00,1184.50000,1185.00000,1183.70000,1184.50000,76
2005-01-10 00:00:00+00:00,1184.70000,1194.00000,1182.50000,1189.00000,8615
2005-01-11 00:00:00+00:00,1189.30000,1190.00000,1179.10000,1185.10000,9379
2005-01-12 00:00:00+00:00,1184.80000,1187.60000,1174.10000,1186.60000,10748
2005-01-13 00:00:00+00:00,1186.40000,1187.10000,1173.70000,1175.40000,8604
2005-01-14 00:00:00+00:00,1175.20000,1184.20000,1174.40000,1181.00000,7776
2005-01-16 00:00:00+00:00,1182.50000,1183.30000,1182.30000,1182.50000,44
2005-01-17 00:00:00+00:00,1182.80000,1184.50000,1182.50000,1183.80000,275
2005-01-18 00:00:00+00:00,1184.10000,1195.30000,1178.30000,1193.60000,8828
2005-01-19 00:00:00+00:00,1193.80000,1194.40000,1174.40000,1176.90000,8640
2005-01-20 00:00:00+00:00,1176.70000,1180.70000,1171.70000,1175.00000,10679
2005-01-21 00:00:00+00:00,1175.20000,1178.50000,1165.00000,1166.50000,9634
2005-01-23 00:00:00+00:00,1167.60000,1167.60000,1166.60000,1166.80000,75
2005-01-24 00:00:00+00:00,1167.10000,1172.10000,1162.10000,1165.40000,10538
2005-01-25 00:00:00+00:00,1165.60000,1173.40000,1165.20000,1169.20000,9055
2005-01-26 00:00:00+00:00,1168.90000,1174.70000,1168.40000,1170.50000,9135
2005-01-27 00:00:00+00:00,1170.20000,1176.00000,1168.30000,1175.00000,9726
2005-01-28 00:00:00+00:00,1174.70000,1175.00000,1164.30000,1173.00000,9525
2005-01-30 00:00:00+00:00,1175.10000,1180.10000,1175.10000,1177.90000,242
2005-01-31 00:00:00+00:00,1177.60000,1180.90000,1175.10000,1179.70000,8600
2005-02-01 00:00:00+00:00,1179.20000,1189.90000,1177.70000,1189.20000,8743
2005-02-02 00:00:00+00:00,1188.90000,1194.20000,1187.20000,1190.50000,8033
2005-02-03 00:00:00+00:00,1190.20000,1191.70000,1184.00000,1189.00000,8439
2005-02-04 00:00:00+00:00,1189.30000,1202.80000,1186.80000,1200.80000,8720
2005-02-06 00:00:00+00:00,1201.10000,1202.40000,1201.10000,1201.60000,57
2005-02-07 00:00:00+00:00,1201.90000,1203.40000,1197.90000,1199.40000,6896
2005-02-08 00:00:00+00:00,1199.70000,1204.70000,1198.40000,1201.20000,7119
2005-02-09 00:00:00+00:00,1200.90000,1203.00000,1190.20000,1191.50000,8502
2005-02-10 00:00:00+00:00,1191.80000,1198.00000,1190.30000,1195.30000,8580
2005-02-11 00:00:00+00:00,1195.00000,1208.50000,1192.30000,1204.80000,8678
2005-02-13 00:00:00+00:00,1206.40000,1206.90000,1206.10000,1206.40000,47
2005-02-14 00:00:00+00:00,1206.60000,1207.20000,1202.70000,1204.90000,6061
2005-02-15 00:00:00+00:00,1204.70000,1212.20000,1204.20000,1209.70000,7592
2005-02-16 00:00:00+00:00,1209.50000,1212.30000,1202.30000,1209.30000,7858
2005-02-17 00:00:00+00:00,1209.00000,1210.80000,1199.30000,1200.10000,8058
2005-02-18 00:00:00+00:00,1200.30000,1202.60000,1196.30000,1201.10000,7559
2005-02-20 00:00:00+00:00,1201.70000,1201.70000,1200.90000,1201.20000,27
2005-02-21 00:00:00+00:00,1201.40000,1202.20000,1199.00000,1200.50000,326
2005-02-22 00:00:00+00:00,1200.20000,1202.00000,1183.00000,1183.80000,9355
2005-02-23 00:00:00+00:00,1183.50000,1193.10000,1182.60000,1191.80000,8956
2005-02-24 00:00:00+00:00,1192.10000,1200.60000,1187.10000,1199.40000,8748
2005-02-25 00:00:00+00:00,1199.10000,1212.40000,1198.90000,1211.10000,8106
2005-02-27 00:00:00+00:00,1211.00000,1212.20000,1210.70000,1212.00000,51
2005-02-28 00:00:00+00:00,1212.20000,1214.00000,1197.50000,1203.50000,8359
2005-03-01 00:00:00+00:00,1203.30000,1212.50000,1202.30000,1207.80000,8220
2005-03-02 00:00:00+00:00,1207.60000,1216.30000,1203.30000,1208.60000,9051
2005-03-03 00:00:00+00:00,1208.30000,1216.10000,1203.90000,1209.60000,9346
2005-03-04 00:00:00+00:00,1209.40000,1225.20000,1208.90000,1224.20000,8759
2005-03-06 00:00:00+00:00,1225.00000,1227.00000,1224.50000,1226.50000,97
2005-03-07 00:00:00+00:00,1226.30000,1229.30000,1222.80000,1223.50000,7912
2005-03-08 00:00:00+00:00,1223.30000,1226.10000,1218.10000,1219.80000,7706
2005-03-09 00:00:00+00:00,1219.60000,1223.60000,1206.10000,1206.90000,10022
2005-03-10 00:00:00+00:00,1206.60000,1211.90000,1200.70000,1210.40000,4447
2005-03-11 00:00:00+00:00,1210.70000,1213.70000,1197.70000,1200.50000,2432
2005-03-13 00:00:00+00:00,1201.30000,1201.30000,1199.80000,1200.30000,14
2005-03-14 00:00:00+00:00,1200.60000,1208.60000,1199.10000,1208.10000,1355
2005-03-15 00:00:00+00:00,1207.80000,1211.60000,1197.10000,1197.90000,1110
2005-03-16 00:00:00+00:00,1197.60000,1201.90000,1185.40000,1188.70000,1200
2005-03-17 00:00:00+00:00,1189.20000,1193.50000,1186.20000,1190.00000,738
2005-03-18 00:00:00+00:00,1190.20000,1192.50000,1182.00000,1186.30000,8881
2005-03-20 00:00:00+00:00,1187.10000,1188.10000,1186.90000,1187.90000,50
2005-03-21 00:00:00+00:00,1187.60000,1189.20000,1178.20000,1182.00000,9240
2005-03-22 00:00:00+00:00,1182.20000,1189.50000,1167.80000,1169.30000,9550
2005-03-23 00:00:00+00:00,1169.50000,1176.10000,1164.60000,1170.80000,10362
2005-03-24 00:00:00+00:00,1171.10000,1180.10000,1170.60000,1171.90000,8581
2005-03-27 00:00:00+00:00,1172.00000,1173.80000,1172.00000,1173.80000,50
2005-03-28 00:00:00+00:00,1173.50000,1179.50000,1173.10000,1173.80000,7530
2005-03-29 00:00:00+00:00,1173.60000,1179.30000,1162.90000,1166.70000,10226
2005-03-30 00:00:00+00:00,1166.40000,1182.10000,1166.20000,1181.70000,9468
2005-03-31 00:00:00+00:00,1181.90000,1184.40000,1178.20000,1179.50000,8543
2005-04-01 00:00:00+00:00,1179.70000,1189.70000,1168.80000,1174.00000,11744
2005-04-03 00:00:00+00:00,1173.60000,1174.10000,1172.60000,1172.90000,90
2005-04-04 00:00:00+00:00,1173.10000,1178.40000,1167.20000,1176.90000,10030
2005-04-05 00:00:00+00:00,1177.20000,1183.40000,1174.90000,1180.90000,7858
2005-04-06 00:00:00+00:00,1181.20000,1189.50000,1181.20000,1185.50000,9141
2005-04-07 00:00:00+00:00,1185.20000,1192.30000,1182.80000,1191.30000,8941
2005-04-08 00:00:00+00:00,1191.50000,1192.00000,1179.30000,1179.80000,8526
2005-04-10 00:00:00+00:00,1179.40000,1180.40000,1178.70000,1179.40000,76
2005-04-11 00:00:00+00:00,1179.20000,1184.00000,1178.00000,1180.50000,7737
2005-04-12 00:00:00+00:00,1180.70000,1190.00000,1169.80000,1187.00000,10636
2005-04-13 00:00:00+00:00,1186.80000,1187.30000,1170.40000,1172.60000,10564
2005-04-14 00:00:00+00:00,1172.90000,1175.40000,1153.00000,1156.00000,12471
2005-04-15 00:00:00+00:00,1156.20000,1161.00000,1140.00000,1141.00000,14058
2005-04-17 00:00:00+00:00,1141.10000,1141.90000,1138.60000,1139.40000,210
2005-04-18 00:00:00+00:00,1139.10000,1148.70000,1133.20000,1146.70000,12723
2005-04-19 00:00:00+00:00,1146.40000,1156.90000,1145.20000,1156.40000,10108
2005-04-20 00:00:00+00:00,1156.70000,1156.70000,1134.00000,1137.80000,13188
2005-04-21 00:00:00+00:00,1137.50000,1161.00000,1135.80000,1157.00000,11933
2005-04-22 00:00:00+00:00,1157.30000,1158.60000,1141.10000,1154.30000,10906
2005-04-24 00:00:00+00:00,1154.40000,1156.20000,1153.70000,1153.90000,117
2005-04-25 00:00:00+00:00,1154.20000,1163.70000,1153.00000,1161.70000,8987
2005-04-26 00:00:00+00:00,1162.00000,1163.50000,1149.50000,1150.00000,7142
2005-04-27 00:00:00+00:00,1149.80000,1159.00000,1142.80000,1155.10000,11246
2005-04-28 00:00:00+00:00,1154.80000,1156.10000,1139.70000,1140.40000,11272
2005-04-29 00:00:00+00:00,1140.70000,1157.20000,1137.90000,1156.40000,12936
2005-05-01 00:00:00+00:00,1155.80000,1157.00000,1155.80000,1156.00000,79
2005-05-02 00:00:00+00:00,1155.80000,1162.30000,1153.30000,1161.30000,8541
2005-05-03 00:00:00+00:00,1161.10000,1166.60000,1155.10000,1164.30000,8952
2005-05-04 00:00:00+00:00,1164.10000,1175.60000,1160.60000,1172.40000,10332
2005-05-05 00:00:00+00:00,1172.10000,1177.90000,1165.40000,1172.20000,11038
2005-05-06 00:00:00+00:00,1172.40000,1179.90000,1169.00000,1169.20000,9573
2005-05-08 00:00:00+00:00,1170.30000,1170.60000,1169.60000,1170.10000,68
2005-05-09 00:00:00+00:00,1170.30000,1178.90000,1168.10000,1175.60000,8217
2005-05-10 00:00:00+00:00,1175.90000,1176.60000,1161.70000,1164.70000,10094
2005-05-11 00:00:00+00:00,1164.40000,1171.70000,1156.20000,1170.70000,11294
2005-05-12 00:00:00+00:00,1170.50000,1173.50000,1156.80000,1159.80000,11347
2005-05-13 00:00:00+00:00,1160.00000,1163.80000,1145.30000,1154.80000,11810
2005-05-15 00:00:00+00:00,1154.90000,1155.40000,1153.20000,1154.40000,87
2005-05-16 00:00:00+00:00,1154.20000,1166.20000,1153.70000,1165.50000,8634
2005-05-17 00:00:00+00:00,1165.20000,1174.80000,1159.30000,1173.00000,9706
2005-05-18 00:00:00+00:00,1173.30000,1188.00000,1170.80000,1184.80000,10040
2005-05-19 00:00:00+00:00,1184.50000,1191.30000,1184.10000,1189.80000,8934
2005-05-20 00:00:00+00:00,1190.10000,1191.60000,1184.60000,1188.90000,7590
2005-05-22 00:00:00+00:00,1189.50000,1189.50000,1188.00000,1188.50000,66
2005-05-23 00:00:00+00:00,1188.20000,1197.80000,1188.00000,1194.30000,7704
2005-05-24 00:00:00+00:00,1194.00000,1195.60000,1189.30000,1191.60000,7217
2005-05-25 00:00:00+00:00,1191.30000,1191.90000,1185.40000,1191.40000,7361
2005-05-26 00:00:00+00:00,1191.10000,1199.20000,1190.70000,1196.70000,6784
2005-05-27 00:00:00+00:00,1196.40000,1199.50000,1195.00000,1199.00000,4616
2005-05-30 00:00:00+00:00,1199.60000,1201.10000,1198.80000,1199.40000,145
2005-05-31 00:00:00+00:00,1199.60000,1199.90000,1190.70000,1192.20000,7312
2005-06-01 00:00:00+00:00,1192.40000,1206.20000,1191.20000,1202.00000,9276
2005-06-02 00:00:00+00:00,1202.20000,1205.00000,1197.80000,1204.30000,6752
2005-06-03 00:00:00+00:00,1204.50000,1206.30000,1194.10000,1198.10000,8362
2005-06-05 00:00:00+00:00,1197.70000,1197.90000,1196.90000,1197.40000,47
2005-06-06 00:00:00+00:00,1197.70000,1199.00000,1192.50000,1198.00000,5957
2005-06-07 00:00:00+00:00,1197.70000,1209.30000,1197.00000,1198.80000,8995
2005-06-08 00:00:00+00:00,1199.00000,1203.00000,1193.10000,1195.10000,7834
2005-06-09 00:00:00+00:00,1194.80000,1202.40000,1190.90000,1200.90000,4202
2005-06-10 00:00:00+00:00,1200.60000,1203.40000,1192.20000,1198.40000,2023
2005-06-12 00:00:00+00:00,1198.80000,1198.80000,1198.00000,1198.50000,7
2005-06-13 00:00:00+00:00,1198.30000,1207.00000,1194.50000,1202.10000,1691
2005-06-14 00:00:00+00:00,1202.30000,1208.10000,1199.80000,1204.40000,1194
2005-06-15 00:00:00+00:00,1204.10000,1208.90000,1198.40000,1206.40000,1247
2005-06-16 00:00:00+00:00,1206.70000,1212.20000,1205.20000,1210.20000,890
2005-06-17 00:00:00+00:00,1210.50000,1221.20000,1210.20000,1216.00000,7677
2005-06-19 00:00:00+00:00,1216.60000,1216.90000,1214.90000,1215.40000,51
2005-06-20 00:00:00+00:00,1215.10000,1220.60000,1211.40000,1216.70000,6719
2005-06-21 00:00:00+00:00,1216.40000,1218.70000,1212.40000,1216.20000,6928
2005-06-22 00:00:00+00:00,1216.50000,1221.20000,1212.20000,1216.70000,7387
2005-06-23 00:00:00+00:00,1217.00000,1218.50000,1199.60000,1200.60000,8808
2005-06-24 00:00:00+00:00,1200.30000,1202.60000,1189.70000,1191.40000,9000
2005-06-26 00:00:00+00:00,1192.00000,1192.70000,1190.20000,1191.20000,97
2005-06-27 00:00:00+00:00,1191.00000,1195.80000,1189.00000,1192.80000,7213
2005-06-28 00:00:00+00:00,1193.00000,1203.80000,1192.30000,1203.00000,6793
2005-06-29 00:00:00+00:00,1202.80000,1205.30000,1198.60000,1200.10000,6036
2005-06-30 00:00:00+00:00,1199.80000,1204.40000,1190.70000,1192.40000,7036
2005-07-01 00:00:00+00:00,1192.70000,1198.90000,1192.70000,1196.70000,6685
2005-07-03 00:00:00+00:00,1196.50000,1196.80000,1196.00000,1196.50000,25
2005-07-04 00:00:00+00:00,1196.30000,1197.00000,1194.00000,1195.80000,283
2005-07-05 00:00:00+00:00,1195.60000,1207.60000,1192.40000,1205.60000,7402
2005-07-06 00:00:00+00:00,1205.80000,1207.60000,1194.90000,1195.20000,8052
2005-07-07 00:00:00+00:00,1195.40000,1201.90000,1167.80000,1201.90000,13975
2005-07-08 00:00:00+00:00,1201.70000,1214.20000,1197.70000,1213.50000,9059
2005-07-10 00:00:00+00:00,1213.30000,1214.00000,1212.50000,1213.80000,75
2005-07-11 00:00:00+00:00,1213.50000,1221.80000,1213.30000,1220.30000,7702
2005-07-12 00:00:00+00:00,1220.60000,1226.80000,1217.10000,1222.40000,7923
2005-07-13 00:00:00+00:00,1222.10000,1226.10000,1219.90000,1225.90000,7318
2005-07-14 00:00:00+00:00,1225.60000,1234.70000,1224.90000,1227.70000,9112
2005-07-15 00:00:00+00:00,1227.90000,1230.70000,1223.70000,1228.20000,6497
2005-07-17 00:00:00+00:00,1228.10000,1228.10000,1227.10000,1227.80000,52
2005-07-18 00:00:00+00:00,1228.10000,1228.80000,1221.40000,1224.90000,5842
2005-07-19 00:00:00+00:00,1225.10000,1231.40000,1224.40000,1226.40000,7488
2005-07-20 00:00:00+00:00,1226.70000,1237.40000,1222.90000,1233.90000,8518
2005-07-21 00:00:00+00:00,1233.70000,1243.20000,1224.50000,1226.30000,11549
2005-07-22 00:00:00+00:00,1226.00000,1235.50000,1225.00000,1235.00000,6849
2005-07-24 00:00:00+00:00,1234.60000,1234.90000,1233.90000,1234.90000,52
2005-07-25 00:00:00+00:00,1235.10000,1239.40000,1228.20000,1231.70000,6642
2005-07-26 00:00:00+00:00,1231.90000,1235.20000,1229.20000,1231.70000,6575
2005-07-27 00:00:00+00:00,1232.00000,1238.20000,1230.00000,1237.70000,6524
2005-07-28 00:00:00+00:00,1237.50000,1246.00000,1236.00000,1245.80000,7311
2005-07-29 00:00:00+00:00,1245.50000,1246.50000,1234.30000,1237.10000,7903
2005-07-31 00:00:00+00:00,1237.20000,1237.20000,1235.90000,1236.70000,67
2005-08-01 00:00:00+00:00,1236.90000,1240.00000,1233.70000,1236.20000,6613
2005-08-02 00:00:00+00:00,1236.50000,1245.20000,1236.20000,1242.50000,6527
2005-08-03 00:00:00+00:00,1242.30000,1246.50000,1240.30000,1246.00000,6107
2005-08-04 00:00:00+00:00,1245.80000,1246.00000,1234.80000,1236.30000,6992
2005-08-05 00:00:00+00:00,1236.60000,1239.10000,1225.40000,1228.20000,7831
2005-08-07 00:00:00+00:00,1227.70000,1228.00000,1227.00000,1227.50000,64
2005-08-08 00:00:00+00:00,1227.30000,1232.80000,1222.50000,1224.00000,7233
2005-08-09 00:00:00+00:00,1224.30000,1234.60000,1224.00000,1232.30000,6979
2005-08-10 00:00:00+00:00,1232.10000,1243.60000,1226.60000,1231.90000,10028
2005-08-11 00:00:00+00:00,1231.60000,1238.90000,1228.40000,1236.40000,9170
2005-08-12 00:00:00+00:00,1236.70000,1236.90000,1225.70000,1229.20000,8351
2005-08-14 00:00:00+00:00,1229.50000,1229.50000,1228.30000,1229.10000,51
2005-08-15 00:00:00+00:00,1228.80000,1237.10000,1226.30000,1236.60000,7332
2005-08-16 00:00:00+00:00,1236.80000,1237.60000,1218.70000,1220.90000,8450
2005-08-17 00:00:00+00:00,1220.70000,1226.40000,1216.90000,1221.00000,8977
2005-08-18 00:00:00+00:00,1220.70000,1223.50000,1215.50000,1220.00000,7976
2005-08-19 00:00:00+00:00,1219.70000,1226.00000,1219.70000,1222.50000,6561
2005-08-21 00:00:00+00:00,1222.10000,1222.60000,1221.40000,1221.90000,74
2005-08-22 00:00:00+00:00,1221.60000,1229.90000,1216.40000,1223.20000,8230
2005-08-23 00:00:00+00:00,1223.40000,1223.90000,1214.50000,1220.00000,7776
2005-08-24 00:00:00+00:00,1219.70000,1224.70000,1207.50000,1209.30000,9517
2005-08-25 00:00:00+00:00,1209.00000,1214.00000,1208.80000,1212.80000,6336
2005-08-26 00:00:00+00:00,1213.10000,1214.30000,1203.80000,1204.60000,7391
2005-08-28 00:00:00+00:00,1202.40000,1202.70000,1193.20000,1196.20000,721
2005-08-29 00:00:00+00:00,1196.50000,1215.00000,1195.70000,1213.20000,9165
2005-08-30 00:00:00+00:00,1213.50000,1213.50000,1200.80000,1206.00000,10570
2005-08-31 00:00:00+00:00,1206.30000,1223.50000,1204.10000,1221.30000,11272
2005-09-01 00:00:00+00:00,1221.10000,1228.10000,1215.80000,1221.10000,9990
2005-09-02 00:00:00+00:00,1220.90000,1225.60000,1216.90000,1218.90000,7653
2005-09-04 00:00:00+00:00,1219.00000,1220.50000,1218.70000,1220.00000,34
2005-09-05 00:00:00+00:00,1220.20000,1223.80000,1219.50000,1223.30000,374
2005-09-06 00:00:00+00:00,1223.50000,1234.60000,1222.00000,1233.60000,8100
2005-09-07 00:00:00+00:00,1233.80000,1237.60000,1230.80000,1233.60000,7178
2005-09-08 00:00:00+00:00,1233.40000,1235.90000,1229.20000,1231.40000,3919
2005-09-09 00:00:00+00:00,1231.70000,1243.40000,1231.40000,1242.00000,1876
2005-09-11 00:00:00+00:00,1242.00000,1244.30000,1242.00000,1244.30000,22
2005-09-12 00:00:00+00:00,1244.00000,1244.30000,1238.10000,1238.80000,1270
2005-09-13 00:00:00+00:00,1238.60000,1240.40000,1231.40000,1233.10000,1366
2005-09-14 00:00:00+00:00,1233.60000,1235.70000,1225.90000,1228.20000,972
2005-09-15 00:00:00+00:00,1228.70000,1232.20000,1224.70000,1227.70000,944
2005-09-16 00:00:00+00:00,1228.00000,1239.50000,1227.00000,1237.30000,7386
2005-09-18 00:00:00+00:00,1237.40000,1237.40000,1234.90000,1235.40000,112
2005-09-19 00:00:00+00:00,1235.10000,1237.90000,1228.20000,1233.00000,7215
2005-09-20 00:00:00+00:00,1232.70000,1238.00000,1220.50000,1221.60000,8503
2005-09-21 00:00:00+00:00,1221.80000,1224.60000,1208.40000,1209.70000,10487
2005-09-22 00:00:00+00:00,1209.40000,1217.90000,1206.00000,1214.50000,10454
2005-09-23 00:00:00+00:00,1214.20000,1220.00000,1210.30000,1216.00000,7328
2005-09-25 00:00:00+00:00,1219.30000,1222.30000,1219.30000,1221.30000,200
2005-09-26 00:00:00+00:00,1221.10000,1224.40000,1212.20000,1216.90000,9070
2005-09-27 00:00:00+00:00,1217.20000,1221.50000,1211.50000,1216.50000,8389
2005-09-28 00:00:00+00:00,1216.70000,1222.50000,1213.00000,1218.80000,9162
2005-09-29 00:00:00+00:00,1218.50000,1230.00000,1211.80000,1227.80000,10186
2005-09-30 00:00:00+00:00,1228.00000,1231.60000,1225.60000,1231.10000,7569
2005-10-02 00:00:00+00:00,1231.00000,1232.00000,1230.00000,1231.20000,87
2005-10-03 00:00:00+00:00,1231.50000,1234.70000,1225.50000,1227.30000,8487
2005-10-04 00:00:00+00:00,1227.50000,1231.30000,1212.10000,1212.60000,9093
2005-10-05 00:00:00+00:00,1212.40000,1214.40000,1196.00000,1197.30000,12195
2005-10-06 00:00:00+00:00,1197.00000,1203.00000,1181.80000,1193.80000,13971
2005-10-07 00:00:00+00:00,1193.60000,1200.80000,1191.10000,1196.30000,9781
2005-10-09 00:00:00+00:00,1195.70000,1198.20000,1195.50000,1198.00000,70
2005-10-10 00:00:00+00:00,1197.70000,1200.50000,1185.80000,1186.60000,10194
2005-10-11 00:00:00+00:00,1186.80000,1194.30000,1181.60000,1182.90000,11159
2005-10-12 00:00:00+00:00,1182.60000,1191.10000,1173.70000,1176.70000,13415
2005-10-13 00:00:00+00:00,1177.00000,1181.00000,1168.30000,1175.50000,13754
2005-10-14 00:00:00+00:00,1175.30000,1188.00000,1175.30000,1185.80000,11947
2005-10-16 00:00:00+00:00,1186.10000,1188.90000,1186.10000,1186.40000,117
2005-10-17 00:00:00+00:00,1186.10000,1192.40000,1182.90000,1190.40000,9152
2005-10-18 00:00:00+00:00,1190.20000,1193.50000,1175.80000,1176.50000,10537
2005-10-19 00:00:00+00:00,1176.80000,1197.50000,1170.60000,1196.50000,14078
2005-10-20 00:00:00+00:00,1196.30000,1197.80000,1172.10000,1174.20000,13786
2005-10-21 00:00:00+00:00,1173.90000,1186.90000,1173.70000,1180.90000,12877
2005-10-23 00:00:00+00:00,1181.00000,1182.50000,1180.50000,1181.80000,67
2005-10-24 00:00:00+00:00,1182.00000,1200.30000,1180.30000,1199.50000,10565
2005-10-25 00:00:00+00:00,1199.30000,1201.80000,1188.90000,1196.60000,10819
2005-10-26 00:00:00+00:00,1196.90000,1204.40000,1190.90000,1192.40000,11649
2005-10-27 00:00:00+00:00,1192.20000,1193.20000,1176.80000,1177.50000,11825
2005-10-28 00:00:00+00:00,1177.80000,1198.50000,1177.30000,1197.30000,12596
2005-10-30 00:00:00+00:00,1197.10000,1198.90000,1197.10000,1197.70000,76
2005-10-31 00:00:00+00:00,1197.40000,1211.90000,1196.90000,1200.40000,10789
2005-11-01 00:00:00+00:00,1203.20000,1208.00000,1201.20000,1203.70000,7967
2005-11-02 00:00:00+00:00,1204.00000,1216.00000,1200.00000,1215.80000,10108
2005-11-03 00:00:00+00:00,1215.50000,1225.30000,1213.50000,1220.80000,10553
2005-11-04 00:00:00+00:00,1221.10000,1223.30000,1214.10000,1219.60000,8641
2005-11-06 00:00:00+00:00,1220.20000,1220.20000,1219.00000,1219.30000,35
2005-11-07 00:00:00+00:00,1219.50000,1224.80000,1217.30000,1220.50000,7908
2005-11-08 00:00:00+00:00,1220.80000,1222.30000,1216.30000,1220.10000,7895
2005-11-09 00:00:00+00:00,1220.40000,1227.40000,1216.70000,1221.40000,9170
2005-11-10 00:00:00+00:00,1221.70000,1233.40000,1215.20000,1232.00000,9677
2005-11-11 00:00:00+00:00,1231.70000,1236.80000,1230.50000,1236.00000,5265
2005-11-13 00:00:00+00:00,1236.40000,1236.90000,1235.40000,1235.60000,57
2005-11-14 00:00:00+00:00,1235.40000,1238.40000,1232.20000,1233.90000,6560
2005-11-15 00:00:00+00:00,1233.70000,1239.20000,1226.70000,1230.20000,8644
2005-11-16 00:00:00+00:00,1230.00000,1233.50000,1227.50000,1232.30000,7570
2005-11-17 00:00:00+00:00,1232.50000,1244.60000,1232.30000,1243.80000,8079
2005-11-18 00:00:00+00:00,1244.10000,1250.60000,1240.90000,1248.60000,8817
2005-11-20 00:00:00+00:00,1248.80000,1249.00000,1248.30000,1249.00000,53
2005-11-21 00:00:00+00:00,1248.80000,1256.80000,1247.00000,1255.60000,7161
2005-11-22 00:00:00+00:00,1255.30000,1262.60000,1251.60000,1260.10000,7535
2005-11-23 00:00:00+00:00,1259.90000,1271.70000,1259.40000,1266.70000,6903
2005-11-24 00:00:00+00:00,1266.90000,1267.20000,1264.50000,1266.00000,351
2005-11-25 00:00:00+00:00,1265.50000,1269.50000,1264.70000,1268.80000,2366
2005-11-27 00:00:00+00:00,1268.40000,1268.70000,1267.70000,1267.90000,39
2005-11-28 00:00:00+00:00,1268.20000,1271.90000,1257.70000,1260.00000,7728
2005-11-29 00:00:00+00:00,1260.20000,1267.00000,1257.80000,1259.30000,8276
2005-11-30 00:00:00+00:00,1259.00000,1262.10000,1249.60000,1252.80000,9731
2005-12-01 00:00:00+00:00,1252.60000,1267.10000,1252.60000,1264.10000,8415
2005-12-02 00:00:00+00:00,1264.40000,1267.40000,1261.70000,1265.40000,7053
2005-12-04 00:00:00+00:00,1265.30000,1265.30000,1264.80000,1265.10000,26
2005-12-05 00:00:00+00:00,1265.30000,1266.30000,1258.40000,1262.90000,6845
2005-12-06 00:00:00+00:00,1263.10000,1273.90000,1262.40000,1264.90000,7784
2005-12-07 00:00:00+00:00,1265.20000,1266.70000,1253.00000,1257.50000,8642
2005-12-08 00:00:00+00:00,1257.80000,1264.30000,1250.80000,1254.80000,5257
2005-12-09 00:00:00+00:00,1255.10000,1264.10000,1254.30000,1259.10000,2438
2005-12-11 00:00:00+00:00,1259.70000,1260.50000,1259.20000,1260.00000,22
2005-12-12 00:00:00+00:00,1259.70000,1265.50000,1255.50000,1260.30000,1630
2005-12-13 00:00:00+00:00,1260.80000,1273.10000,1259.10000,1270.60000,1373
2005-12-14 00:00:00+00:00,1270.30000,1276.40000,1265.10000,1273.90000,1303
2005-12-15 00:00:00+00:00,1273.70000,1275.40000,1267.40000,1271.20000,878
2005-12-16 00:00:00+00:00,1271.00000,1277.00000,1267.10000,1267.30000,6387
2005-12-18 00:00:00+00:00,1268.50000,1269.00000,1268.00000,1268.50000,73
2005-12-19 00:00:00+00:00,1268.70000,1273.20000,1260.30000,1261.30000,7093
2005-12-20 00:00:00+00:00,1261.60000,1265.60000,1258.40000,1261.20000,7956
2005-12-21 00:00:00+00:00,1260.90000,1270.70000,1260.70000,1263.70000,7313
2005-12-22 00:00:00+00:00,1264.00000,1270.30000,1263.20000,1269.80000,5730
2005-12-23 00:00:00+00:00,1270.00000,1271.50000,1266.80000,1270.30000,3503
2005-12-26 00:00:00+00:00,1271.30000,1273.00000,1270.50000,1272.50000,59
2005-12-27 00:00:00+00:00,1272.80000,1275.10000,1256.70000,1257.90000,6909
2005-12-28 00:00:00+00:00,1257.70000,1262.50000,1257.50000,1259.50000,5201
2005-12-29 00:00:00+00:00,1259.70000,1262.00000,1252.80000,1254.80000,4486
2005-12-30 00:00:00+00:00,1255.10000,1255.90000,1245.70000,1247.20000,5860
2006-01-02 00:00:00+00:00,1249.90000,1252.60000,1249.90000,1252.60000,140
2006-01-03 00:00:00+00:00,1252.40000,1272.10000,1246.20000,1269.60000,10023
2006-01-04 00:00:00+00:00,1269.40000,1276.90000,1265.40000,1274.20000,8967
2006-01-05 00:00:00+00:00,1274.00000,1278.00000,1270.50000,1275.80000,8011
2006-01-06 00:00:00+00:00,1276.00000,1287.80000,1275.00000,1286.50000,8963
2006-01-08 00:00:00+00:00,1286.20000,1287.20000,1285.50000,1286.00000,73
2006-01-09 00:00:00+00:00,1286.20000,1292.50000,1285.20000,1289.00000,7256
2006-01-10 00:00:00+00:00,1289.30000,1291.80000,1284.30000,1290.80000,7924
2006-01-11 00:00:00+00:00,1290.60000,1296.10000,1288.60000,1294.10000,8861
2006-01-12 00:00:00+00:00,1293.90000,1294.70000,1285.70000,1289.00000,6724
2006-01-13 00:00:00+00:00,1289.20000,1291.00000,1283.10000,1287.30000,7196
2006-01-15 00:00:00+00:00,1288.20000,1288.20000,1286.70000,1287.50000,32
2006-01-16 00:00:00+00:00,1287.20000,1290.80000,1284.50000,1290.30000,361
2006-01-17 00:00:00+00:00,1290.30000,1290.30000,1277.60000,1278.20000,7694
2006-01-18 00:00:00+00:00,1277.90000,1283.40000,1270.90000,1281.00000,11155
2006-01-19 00:00:00+00:00,1281.20000,1288.80000,1279.00000,1284.30000,8635
2006-01-20 00:00:00+00:00,1284.50000,1284.80000,1260.20000,1260.70000,11647
2006-01-22 00:00:00+00:00,1261.30000,1261.30000,1259.80000,1261.30000,119
2006-01-23 00:00:00+00:00,1261.60000,1268.80000,1259.80000,1264.10000,8912
2006-01-24 00:00:00+00:00,1263.90000,1272.40000,1263.90000,1267.20000,8371
2006-01-25 00:00:00+00:00,1267.50000,1272.20000,1258.50000,1268.30000,10572
2006-01-26 00:00:00+00:00,1268.50000,1277.00000,1267.80000,1276.60000,10140
2006-01-27 00:00:00+00:00,1276.30000,1286.80000,1273.90000,1285.40000,9556
2006-01-29 00:00:00+00:00,1285.30000,1286.00000,1285.00000,1285.50000,54
2006-01-30 00:00:00+00:00,1285.30000,1288.30000,1283.30000,1285.30000,6047
2006-01-31 00:00:00+00:00,1285.10000,1287.10000,1275.20000,1275.70000,8204
2006-02-01 00:00:00+00:00,1275.50000,1284.20000,1273.70000,1283.30000,9023
2006-02-02 00:00:00+00:00,1283.50000,1283.80000,1267.30000,1269.40000,9291
2006-02-03 00:00:00+00:00,1269.60000,1273.10000,1260.40000,1262.40000,9723
2006-02-05 00:00:00+00:00,1262.80000,1263.60000,1261.60000,1263.30000,61
2006-02-06 00:00:00+00:00,1263.10000,1267.60000,1261.20000,1266.40000,6890
2006-02-07 00:00:00+00:00,1266.70000,1267.20000,1253.30000,1256.50000,9619
2006-02-08 00:00:00+00:00,1256.30000,1267.00000,1253.00000,1265.60000,8951
2006-02-09 00:00:00+00:00,1265.30000,1275.10000,1262.60000,1264.10000,8991
2006-02-10 00:00:00+00:00,1263.90000,1270.40000,1254.50000,1265.50000,9720
2006-02-12 00:00:00+00:00,1265.80000,1266.60000,1265.60000,1266.10000,50
2006-02-13 00:00:00+00:00,1265.80000,1266.90000,1258.20000,1263.90000,7286
2006-02-14 00:00:00+00:00,1263.70000,1279.20000,1260.70000,1275.50000,9882
2006-02-15 00:00:00+00:00,1275.20000,1281.50000,1270.50000,1280.00000,9524
2006-02-16 00:00:00+00:00,1279.80000,1290.60000,1278.80000,1289.60000,8180
2006-02-17 00:00:00+00:00,1289.40000,1290.20000,1283.90000,1286.70000,6858
2006-02-19 00:00:00+00:00,1286.30000,1286.80000,1286.10000,1286.60000,32
2006-02-20 00:00:00+00:00,1286.30000,1287.80000,1284.60000,1286.20000,343
2006-02-21 00:00:00+00:00,1285.90000,1292.50000,1281.20000,1283.70000,7913
2006-02-22 00:00:00+00:00,1283.50000,1294.50000,1282.00000,1290.30000,7576
2006-02-23 00:00:00+00:00,1290.10000,1294.40000,1284.90000,1289.60000,7617
2006-02-24 00:00:00+00:00,1289.90000,1292.70000,1285.40000,1291.70000,6966
2006-02-26 00:00:00+00:00,1291.60000,1293.30000,1291.10000,1293.10000,55
2006-02-27 00:00:00+00:00,1293.30000,1298.40000,1290.70000,1293.40000,6158
2006-02-28 00:00:00+00:00,1293.20000,1293.40000,1278.80000,1280.30000,8884
2006-03-01 00:00:00+00:00,1281.80000,1292.30000,1281.50000,1290.10000,7346
2006-03-02 00:00:00+00:00,1289.80000,1291.90000,1283.10000,1290.40000,8729
2006-03-03 00:00:00+00:00,1290.70000,1298.00000,1279.20000,1285.00000,9953
2006-03-05 00:00:00+00:00,1285.90000,1286.90000,1285.40000,1285.90000,69
2006-03-06 00:00:00+00:00,1286.10000,1290.40000,1275.50000,1278.00000,8242
2006-03-07 00:00:00+00:00,1277.70000,1278.50000,1271.00000,1276.30000,9020
2006-03-08 00:00:00+00:00,1276.00000,1281.10000,1268.10000,1279.40000,9298
2006-03-09 00:00:00+00:00,1279.10000,1283.20000,1270.20000,1270.40000,3939
2006-03-10 00:00:00+00:00,1270.20000,1284.70000,1270.20000,1282.30000,2775
2006-03-12 00:00:00+00:00,1281.90000,1282.70000,1281.90000,1282.40000,16
2006-03-13 00:00:00+00:00,1282.20000,1288.20000,1282.00000,1285.20000,1281
2006-03-14 00:00:00+00:00,1285.50000,1299.00000,1282.30000,1298.50000,1408
2006-03-15 00:00:00+00:00,1298.00000,1304.90000,1294.90000,1302.40000,1101
2006-03-16 00:00:00+00:00,1302.60000,1310.90000,1300.90000,1306.00000,874
2006-03-17 00:00:00+00:00,1305.50000,1310.50000,1304.30000,1307.30000,5941
2006-03-19 00:00:00+00:00,1307.50000,1307.50000,1306.30000,1307.00000,49
2006-03-20 00:00:00+00:00,1307.30000,1311.00000,1303.60000,1305.40000,6343
2006-03-21 00:00:00+00:00,1305.20000,1311.70000,1295.60000,1296.60000,9596
2006-03-22 00:00:00+00:00,1296.80000,1306.40000,1295.10000,1305.60000,8235
2006-03-23 00:00:00+00:00,1305.40000,1306.40000,1297.50000,1300.80000,7394
2006-03-24 00:00:00+00:00,1301.00000,1306.80000,1298.10000,1303.40000,7601
2006-03-26 00:00:00+00:00,1303.80000,1304.80000,1303.80000,1304.10000,24
2006-03-27 00:00:00+00:00,1303.80000,1305.40000,1298.70000,1301.70000,5958
2006-03-28 00:00:00+00:00,1301.50000,1306.50000,1291.40000,1292.60000,7463
2006-03-29 00:00:00+00:00,1292.90000,1306.10000,1292.40000,1301.00000,8393
2006-03-30 00:00:00+00:00,1301.20000,1310.50000,1296.10000,1299.80000,8869
2006-03-31 00:00:00+00:00,1299.60000,1303.10000,1294.20000,1299.20000,7859
2006-04-02 00:00:00+00:00,1298.90000,1300.90000,1298.40000,1300.20000,124
2006-04-03 00:00:00+00:00,1300.40000,1309.70000,1296.00000,1297.80000,8956
2006-04-04 00:00:00+00:00,1298.00000,1308.10000,1294.10000,1306.30000,8635
2006-04-05 00:00:00+00:00,1306.60000,1313.10000,1304.20000,1310.70000,9186
2006-04-06 00:00:00+00:00,1310.40000,1312.50000,1302.10000,1309.30000,8350
2006-04-07 00:00:00+00:00,1309.50000,1315.80000,1293.50000,1296.00000,11222
2006-04-09 00:00:00+00:00,1296.20000,1296.70000,1293.70000,1294.20000,109
2006-04-10 00:00:00+00:00,1294.00000,1301.30000,1292.80000,1298.10000,7778
2006-04-11 00:00:00+00:00,1297.80000,1300.40000,1282.00000,1287.20000,9335
2006-04-12 00:00:00+00:00,1287.00000,1291.00000,1285.30000,1289.30000,7013
2006-04-13 00:00:00+00:00,1289.10000,1292.10000,1282.40000,1287.20000,6925
2006-04-16 00:00:00+00:00,1287.50000,1288.80000,1286.80000,1288.50000,69
2006-04-17 00:00:00+00:00,1288.30000,1292.60000,1279.90000,1286.20000,7292
2006-04-18 00:00:00+00:00,1285.90000,1309.60000,1285.90000,1308.70000,10398
2006-04-19 00:00:00+00:00,1308.40000,1312.20000,1301.80000,1308.00000,9561
2006-04-20 00:00:00+00:00,1307.80000,1318.30000,1305.40000,1311.40000,8754
2006-04-21 00:00:00+00:00,1311.60000,1317.70000,1305.70000,1310.50000,8680
2006-04-23 00:00:00+00:00,1310.50000,1312.20000,1310.20000,1311.00000,98
2006-04-24 00:00:00+00:00,1311.20000,1311.20000,1303.10000,1309.10000,7012
2006-04-25 00:00:00+00:00,1308.80000,1310.90000,1298.50000,1303.50000,9007
2006-04-26 00:00:00+00:00,1303.70000,1310.80000,1302.10000,1304.30000,7849
2006-04-27 00:00:00+00:00,1304.10000,1315.40000,1294.70000,1308.70000,11748
2006-04-28 00:00:00+00:00,1308.40000,1316.50000,1305.20000,1313.70000,8098
2006-05-01 00:00:00+00:00,1313.30000,1317.30000,1301.90000,1304.40000,7772
2006-05-02 00:00:00+00:00,1304.10000,1313.90000,1303.90000,1312.50000,8653
2006-05-03 00:00:00+00:00,1312.70000,1313.50000,1303.10000,1307.30000,8478
2006-05-04 00:00:00+00:00,1307.60000,1315.10000,1306.40000,1311.70000,7080
2006-05-05 00:00:00+00:00,1312.00000,1326.50000,1311.70000,1323.80000,8574
2006-05-07 00:00:00+00:00,1324.50000,1325.20000,1324.20000,1324.70000,54
2006-05-08 00:00:00+00:00,1325.00000,1326.50000,1322.30000,1322.90000,5913
2006-05-09 00:00:00+00:00,1322.60000,1326.40000,1321.40000,1324.00000,4709
2006-05-10 00:00:00+00:00,1324.20000,1325.80000,1316.80000,1323.10000,6705
2006-05-11 00:00:00+00:00,1323.30000,1326.40000,1303.20000,1308.30000,10640
2006-05-12 00:00:00+00:00,1308.00000,1308.80000,1289.70000,1290.90000,11726
2006-05-14 00:00:00+00:00,1285.40000,1288.90000,1285.10000,1288.40000,257
2006-05-15 00:00:00+00:00,1288.10000,1295.50000,1281.70000,1293.50000,11295
2006-05-16 00:00:00+00:00,1293.70000,1298.00000,1288.30000,1291.60000,9101
2006-05-17 00:00:00+00:00,1291.90000,1296.40000,1265.00000,1268.00000,14689
2006-05-18 00:00:00+00:00,1267.80000,1274.80000,1258.40000,1261.90000,12128
2006-05-19 00:00:00+00:00,1262.20000,1272.50000,1255.20000,1268.20000,13373
2006-05-21 00:00:00+00:00,1268.20000,1271.00000,1268.20000,1270.20000,103
2006-05-22 00:00:00+00:00,1270.50000,1271.20000,1252.60000,1261.10000,13810
2006-05-23 00:00:00+00:00,1261.30000,1273.90000,1244.50000,1245.20000,12211
2006-05-24 00:00:00+00:00,1245.50000,1264.50000,1244.30000,1259.80000,17191
2006-05-25 00:00:00+00:00,1259.60000,1274.60000,1255.60000,1273.10000,10866
2006-05-26 00:00:00+00:00,1273.40000,1281.00000,1271.60000,1280.50000,8329
2006-05-28 00:00:00+00:00,1280.20000,1281.00000,1279.20000,1281.00000,47
2006-05-29 00:00:00+00:00,1280.70000,1281.20000,1277.80000,1278.60000,286
2006-05-30 00:00:00+00:00,1278.30000,1279.80000,1257.00000,1258.70000,9710
2006-05-31 00:00:00+00:00,1259.00000,1272.30000,1254.30000,1272.30000,10958
2006-06-01 00:00:00+00:00,1272.00000,1286.10000,1264.60000,1283.60000,9882
2006-06-02 00:00:00+00:00,1283.90000,1292.40000,1279.70000,1286.50000,11110
2006-06-04 00:00:00+00:00,1286.50000,1287.20000,1286.00000,1286.50000,69
2006-06-05 00:00:00+00:00,1286.70000,1286.70000,1264.60000,1269.10000,9935
2006-06-06 00:00:00+00:00,1268.80000,1272.60000,1254.20000,1266.20000,13625
2006-06-07 00:00:00+00:00,1266.50000,1272.80000,1252.80000,1254.30000,11910
2006-06-08 00:00:00+00:00,1254.10000,1260.40000,1234.40000,1256.40000,10332
2006-06-09 00:00:00+00:00,1256.70000,1263.00000,1249.30000,1250.00000,3802
2006-06-11 00:00:00+00:00,1249.80000,1249.80000,1248.50000,1249.00000,33
2006-06-12 00:00:00+00:00,1248.80000,1257.50000,1234.60000,1237.40000,2710
2006-06-13 00:00:00+00:00,1237.60000,1244.40000,1221.00000,1221.70000,3718
2006-06-14 00:00:00+00:00,1222.00000,1233.30000,1218.50000,1232.30000,2589
2006-06-15 00:00:00+00:00,1232.60000,1259.70000,1232.30000,1256.40000,1696
2006-06-16 00:00:00+00:00,1256.20000,1257.20000,1245.60000,1248.30000,9609
2006-06-18 00:00:00+00:00,1250.10000,1250.10000,1247.60000,1249.80000,87
2006-06-19 00:00:00+00:00,1250.10000,1256.10000,1236.50000,1239.30000,11532
2006-06-20 00:00:00+00:00,1239.00000,1249.30000,1236.90000,1241.20000,10671
2006-06-21 00:00:00+00:00,1240.90000,1257.80000,1238.50000,1252.20000,10908
2006-06-22 00:00:00+00:00,1251.90000,1256.20000,1240.60000,1245.40000,10061
2006-06-23 00:00:00+00:00,1245.10000,1253.60000,1240.70000,1244.50000,9618
2006-06-25 00:00:00+00:00,1245.70000,1246.20000,1245.00000,1245.70000,81
2006-06-26 00:00:00+00:00,1246.00000,1251.50000,1243.30000,1250.60000,7374
2006-06-27 00:00:00+00:00,1250.30000,1253.40000,1238.30000,1240.80000,9517
2006-06-28 00:00:00+00:00,1241.00000,1248.50000,1236.90000,1247.80000,9227
2006-06-29 00:00:00+00:00,1248.10000,1274.00000,1247.60000,1272.50000,10914
2006-06-30 00:00:00+00:00,1272.30000,1277.50000,1269.60000,1272.90000,8665
2006-07-02 00:00:00+00:00,1272.40000,1273.60000,1272.10000,1273.40000,80
2006-07-03 00:00:00+00:00,1273.60000,1280.40000,1272.20000,1277.20000,3839
2006-07-04 00:00:00+00:00,1277.00000,1279.00000,1275.10000,1275.10000,356
2006-07-05 00:00:00+00:00,1275.40000,1276.90000,1265.00000,1270.50000,8413
2006-07-06 00:00:00+00:00,1270.80000,1278.60000,1269.10000,1273.60000,8072
2006-07-07 00:00:00+00:00,1273.90000,1281.20000,1262.30000,1266.30000,10490
2006-07-09 00:00:00+00:00,1265.80000,1267.30000,1265.60000,1266.30000,77
2006-07-10 00:00:00+00:00,1266.60000,1274.30000,1264.20000,1267.40000,8975
2006-07-11 00:00:00+00:00,1267.70000,1275.00000,1259.30000,1273.80000,9690
2006-07-12 00:00:00+00:00,1274.00000,1275.50000,1256.50000,1260.50000,9926
2006-07-13 00:00:00+00:00,1260.20000,1261.70000,1236.00000,1236.80000,13668
2006-07-14 00:00:00+00:00,1237.00000,1243.80000,1227.40000,1234.60000,13254
2006-07-16 00:00:00+00:00,1235.90000,1236.40000,1234.10000,1235.40000,176
2006-07-17 00:00:00+00:00,1235.10000,1239.90000,1227.50000,1233.00000,11183
2006-07-18 00:00:00+00:00,1233.30000,1239.50000,1223.90000,1238.10000,13805
2006-07-19 00:00:00+00:00,1237.80000,1261.80000,1236.90000,1257.90000,12947
2006-07-20 00:00:00+00:00,1258.10000,1261.90000,1245.50000,1250.30000,11747
2006-07-21 00:00:00+00:00,1250.50000,1253.30000,1236.70000,1237.50000,11756
2006-07-23 00:00:00+00:00,1238.00000,1239.00000,1238.00000,1238.20000,88
2006-07-24 00:00:00+00:00,1238.00000,1262.40000,1237.00000,1261.00000,10294
2006-07-25 00:00:00+00:00,1260.70000,1272.30000,1256.10000,1265.10000,10474
2006-07-26 00:00:00+00:00,1264.80000,1273.40000,1260.40000,1266.40000,10349
2006-07-27 00:00:00+00:00,1266.20000,1275.50000,1260.60000,1265.80000,11190
2006-07-28 00:00:00+00:00,1265.60000,1279.80000,1264.90000,1278.40000,10673
2006-07-30 00:00:00+00:00,1278.10000,1278.10000,1276.90000,1277.60000,63
2006-07-31 00:00:00+00:00,1277.40000,1278.50000,1273.20000,1276.50000,6945
2006-08-01 00:00:00+00:00,1276.30000,1277.30000,1264.70000,1270.40000,8887
2006-08-02 00:00:00+00:00,1270.70000,1282.70000,1270.20000,1278.00000,8621
2006-08-03 00:00:00+00:00,1277.80000,1283.60000,1269.40000,1281.10000,9823
2006-08-04 00:00:00+00:00,1281.40000,1292.40000,1272.80000,1280.20000,11632
2006-08-06 00:00:00+00:00,1280.50000,1280.50000,1279.30000,1279.50000,67
2006-08-07 00:00:00+00:00,1279.80000,1280.50000,1272.10000,1277.70000,7339
2006-08-08 00:00:00+00:00,1277.90000,1283.00000,1267.30000,1274.30000,8897
2006-08-09 00:00:00+00:00,1274.00000,1283.60000,1263.70000,1266.70000,10891
2006-08-10 00:00:00+00:00,1266.90000,1272.50000,1258.00000,1271.00000,11173
2006-08-11 00:00:00+00:00,1271.30000,1272.60000,1261.40000,1268.20000,8382
2006-08-13 00:00:00+00:00,1270.40000,1273.40000,1270.20000,1271.40000,200
2006-08-14 00:00:00+00:00,1271.70000,1279.20000,1266.80000,1269.50000,8401
2006-08-15 00:00:00+00:00,1269.30000,1286.60000,1269.10000,1283.60000,9794
2006-08-16 00:00:00+00:00,1283.40000,1296.50000,1282.90000,1294.00000,9407
2006-08-17 00:00:00+00:00,1294.20000,1301.00000,1291.80000,1296.80000,8909
2006-08-18 00:00:00+00:00,1297.10000,1303.90000,1293.20000,1303.40000,7534
2006-08-20 00:00:00+00:00,1303.00000,1303.50000,1302.50000,1302.70000,92
2006-08-21 00:00:00+00:00,1303.00000,1303.00000,1295.30000,1299.40000,6359
2006-08-22 00:00:00+00:00,1299.60000,1302.70000,1294.20000,1298.70000,7603
2006-08-23 00:00:00+00:00,1299.00000,1301.30000,1288.60000,1293.90000,8145
2006-08-24 00:00:00+00:00,1293.60000,1297.90000,1290.70000,1294.30000,7437
2006-08-25 00:00:00+00:00,1294.50000,1299.10000,1292.10000,1295.40000,6169
2006-08-27 00:00:00+00:00,1295.40000,1295.90000,1295.10000,1295.10000,64
2006-08-28 00:00:00+00:00,1295.40000,1305.20000,1292.20000,1302.00000,7193
2006-08-29 00:00:00+00:00,1301.80000,1305.30000,1294.80000,1302.40000,7959
2006-08-30 00:00:00+00:00,1302.60000,1306.70000,1301.70000,1303.50000,6976
2006-08-31 00:00:00+00:00,1303.80000,1306.30000,1301.10000,1302.90000,5730
2006-09-01 00:00:00+00:00,1304.20000,1312.20000,1303.20000,1310.50000,7075
2006-09-03 00:00:00+00:00,1310.00000,1311.30000,1310.00000,1311.00000,31
2006-09-04 00:00:00+00:00,1311.30000,1315.30000,1311.30000,1313.60000,455
2006-09-05 00:00:00+00:00,1313.90000,1315.20000,1308.70000,1312.30000,6963
2006-09-06 00:00:00+00:00,1312.50000,1312.80000,1299.10000,1300.70000,7994
2006-09-07 00:00:00+00:00,1300.40000,1301.50000,1292.00000,1296.50000,4507
2006-09-08 00:00:00+00:00,1296.80000,1300.40000,1294.10000,1298.60000,1776
2006-09-10 00:00:00+00:00,1299.40000,1299.40000,1298.20000,1298.20000,18
2006-09-11 00:00:00+00:00,1297.90000,1303.00000,1291.00000,1299.30000,2026
2006-09-12 00:00:00+00:00,1299.50000,1314.40000,1296.30000,1312.70000,1578
2006-09-13 00:00:00+00:00,1312.40000,1320.30000,1310.70000,1316.80000,1315
2006-09-14 00:00:00+00:00,1316.50000,1319.30000,1313.10000,1318.20000,1032
2006-09-15 00:00:00+00:00,1317.90000,1327.30000,1317.00000,1322.80000,7693
2006-09-17 00:00:00+00:00,1322.30000,1322.80000,1321.50000,1322.80000,67
2006-09-18 00:00:00+00:00,1322.50000,1327.30000,1319.90000,1323.90000,7321
2006-09-19 00:00:00+00:00,1323.60000,1325.40000,1313.80000,1321.50000,9534
2006-09-20 00:00:00+00:00,1321.80000,1330.80000,1320.50000,1327.60000,8447
2006-09-21 00:00:00+00:00,1327.30000,1331.10000,1316.70000,1321.00000,10127
2006-09-22 00:00:00+00:00,1320.70000,1322.70000,1312.30000,1317.10000,8106
2006-09-24 00:00:00+00:00,1317.00000,1318.80000,1317.00000,1318.50000,83
2006-09-25 00:00:00+00:00,1318.30000,1331.50000,1313.10000,1327.30000,10307
2006-09-26 00:00:00+00:00,1327.60000,1338.80000,1325.10000,1337.10000,8251
2006-09-27 00:00:00+00:00,1337.40000,1341.90000,1334.70000,1339.20000,9171
2006-09-28 00:00:00+00:00,1339.50000,1342.30000,1334.80000,1339.10000,7504
2006-09-29 00:00:00+00:00,1338.80000,1342.40000,1336.70000,1337.40000,6234
2006-10-01 00:00:00+00:00,1337.90000,1338.40000,1337.20000,1338.20000,61
2006-10-02 00:00:00+00:00,1337.90000,1340.90000,1331.50000,1333.30000,7429
2006-10-03 00:00:00+00:00,1333.50000,1340.10000,1328.40000,1334.90000,9311
2006-10-04 00:00:00+00:00,1335.10000,1351.40000,1332.20000,1350.20000,9930
2006-10-05 00:00:00+00:00,1350.40000,1355.70000,1349.00000,1353.00000,7772
2006-10-06 00:00:00+00:00,1353.20000,1353.50000,1345.10000,1351.60000,7989
2006-10-08 00:00:00+00:00,1350.80000,1351.10000,1350.10000,1350.30000,43
2006-10-09 00:00:00+00:00,1350.10000,1354.60000,1347.10000,1351.40000,5578
2006-10-10 00:00:00+00:00,1351.70000,1356.20000,1350.00000,1352.50000,7471
2006-10-11 00:00:00+00:00,1352.30000,1355.60000,1344.20000,1352.10000,8802
2006-10-12 00:00:00+00:00,1351.90000,1365.20000,1351.70000,1363.70000,8281
2006-10-13 00:00:00+00:00,1363.90000,1368.00000,1361.30000,1367.30000,7179
2006-10-15 00:00:00+00:00,1367.00000,1367.00000,1365.80000,1365.80000,60
2006-10-16 00:00:00+00:00,1366.00000,1371.80000,1365.00000,1368.80000,6078
2006-10-17 00:00:00+00:00,1368.60000,1368.80000,1357.70000,1365.70000,9305
2006-10-18 00:00:00+00:00,1365.50000,1374.00000,1361.60000,1364.60000,10061
2006-10-19 00:00:00+00:00,1364.80000,1369.40000,1362.90000,1368.40000,7852
2006-10-20 00:00:00+00:00,1368.70000,1370.70000,1363.80000,1369.00000,6647
2006-10-22 00:00:00+00:00,1368.70000,1392.10000,1368.70000,1371.00000,522
2006-10-23 00:00:00+00:00,1370.70000,1378.80000,1364.30000,1373.60000,8808
2006-10-24 00:00:00+00:00,1373.30000,1379.90000,1372.40000,1378.40000,7415
2006-10-25 00:00:00+00:00,1378.70000,1384.50000,1375.80000,1383.50000,7931
2006-10-26 00:00:00+00:00,1383.30000,1389.80000,1379.60000,1387.60000,8684
2006-10-27 00:00:00+00:00,1387.30000,1387.60000,1375.70000,1379.20000,9006
2006-10-29 00:00:00+00:00,1379.20000,1379.50000,1378.00000,1378.50000,52
2006-10-30 00:00:00+00:00,1378.70000,1382.00000,1373.80000,1378.10000,7652
2006-10-31 00:00:00+00:00,1378.30000,1382.40000,1372.20000,1377.90000,9064
2006-11-01 00:00:00+00:00,1379.40000,1382.70000,1366.10000,1368.60000,10044
2006-11-02 00:00:00+00:00,1368.80000,1371.40000,1362.70000,1366.90000,8694
2006-11-03 00:00:00+00:00,1366.70000,1372.70000,1361.00000,1364.30000,9416
2006-11-05 00:00:00+00:00,1364.80000,1365.50000,1364.50000,1365.00000,30
2006-11-06 00:00:00+00:00,1365.30000,1382.30000,1363.00000,1379.30000,8173
2006-11-07 00:00:00+00:00,1379.10000,1388.90000,1378.40000,1383.20000,8760
2006-11-08 00:00:00+00:00,1383.40000,1389.20000,1376.30000,1387.80000,10269
2006-11-09 00:00:00+00:00,1388.00000,1389.80000,1377.40000,1379.90000,9236
2006-11-10 00:00:00+00:00,1380.10000,1382.40000,1375.50000,1381.20000,7522
2006-11-12 00:00:00+00:00,1381.50000,1381.70000,1381.00000,1381.50000,51
2006-11-13 00:00:00+00:00,1381.20000,1388.80000,1379.00000,1385.10000,7561
2006-11-14 00:00:00+00:00,1385.30000,1395.90000,1379.70000,1394.40000,10336
2006-11-15 00:00:00+00:00,1394.20000,1402.50000,1393.00000,1396.30000,8726
2006-11-16 00:00:00+00:00,1396.00000,1404.80000,1396.00000,1399.90000,9108
2006-11-17 00:00:00+00:00,1400.10000,1402.20000,1394.90000,1401.70000,7945
2006-11-19 00:00:00+00:00,1401.90000,1402.70000,1401.40000,1402.20000,68
2006-11-20 00:00:00+00:00,1402.40000,1405.30000,1396.20000,1401.80000,8405
2006-11-21 00:00:00+00:00,1402.00000,1404.40000,1400.10000,1404.20000,6093
2006-11-22 00:00:00+00:00,1404.40000,1408.70000,1402.00000,1405.30000,6597
2006-11-23 00:00:00+00:00,1405.50000,1406.30000,1403.30000,1404.10000,351
2006-11-24 00:00:00+00:00,1403.90000,1405.70000,1397.70000,1400.50000,4164
2006-11-26 00:00:00+00:00,1400.70000,1400.70000,1399.00000,1399.20000,101
2006-11-27 00:00:00+00:00,1399.50000,1404.20000,1380.80000,1381.80000,9894
2006-11-28 00:00:00+00:00,1381.60000,1388.70000,1376.70000,1388.20000,10614
2006-11-29 00:00:00+00:00,1388.40000,1401.80000,1388.00000,1400.30000,10012
2006-11-30 00:00:00+00:00,1400.50000,1407.10000,1393.90000,1400.90000,10674
2006-12-01 00:00:00+00:00,1401.20000,1404.90000,1386.00000,1398.50000,11477
2006-12-03 00:00:00+00:00,1398.00000,1398.50000,1397.00000,1397.20000,100
2006-12-04 00:00:00+00:00,1397.00000,1412.30000,1396.50000,1409.10000,8822
2006-12-05 00:00:00+00:00,1409.30000,1416.40000,1408.40000,1416.20000,8662
2006-12-06 00:00:00+00:00,1415.90000,1416.80000,1411.00000,1412.30000,6732
2006-12-07 00:00:00+00:00,1412.50000,1419.10000,1406.70000,1407.20000,4638
2006-12-08 00:00:00+00:00,1406.90000,1414.70000,1403.50000,1409.50000,3504
2006-12-10 00:00:00+00:00,1409.50000,1410.70000,1409.00000,1410.50000,23
2006-12-11 00:00:00+00:00,1410.20000,1416.60000,1409.30000,1414.10000,1471
2006-12-12 00:00:00+00:00,1414.30000,1414.30000,1404.70000,1411.50000,1789
2006-12-13 00:00:00+00:00,1411.70000,1418.30000,1410.50000,1414.10000,1256
2006-12-14 00:00:00+00:00,1413.60000,1427.40000,1411.90000,1426.90000,1319
2006-12-15 00:00:00+00:00,1426.70000,1432.80000,1425.20000,1425.80000,6769
2006-12-17 00:00:00+00:00,1426.10000,1426.80000,1426.10000,1426.60000,45
2006-12-18 00:00:00+00:00,1426.30000,1432.10000,1420.50000,1423.00000,7202
2006-12-19 00:00:00+00:00,1422.80000,1428.80000,1414.90000,1425.60000,8726
2006-12-20 00:00:00+00:00,1425.90000,1428.90000,1422.50000,1424.50000,6096
2006-12-21 00:00:00+00:00,1424.80000,1428.00000,1415.50000,1419.20000,7964
2006-12-22 00:00:00+00:00,1419.50000,1420.50000,1408.70000,1409.60000,6876
2006-12-26 00:00:00+00:00,1410.60000,1418.80000,1410.10000,1418.40000,4356
2006-12-27 00:00:00+00:00,1418.60000,1428.20000,1418.10000,1426.20000,5985
2006-12-28 00:00:00+00:00,1426.50000,1427.50000,1421.60000,1423.60000,5621
2006-12-29 00:00:00+00:00,1423.40000,1427.20000,1415.80000,1418.50000,5678
2007-01-02 00:00:00+00:00,1423.70000,1429.70000,1422.70000,1427.50000,723
2007-01-03 00:00:00+00:00,1427.30000,1430.30000,1407.00000,1416.20000,10923
2007-01-04 00:00:00+00:00,1416.50000,1422.00000,1407.30000,1418.30000,9645
2007-01-05 00:00:00+00:00,1418.60000,1419.10000,1405.00000,1407.00000,10432
2007-01-07 00:00:00+00:00,1408.30000,1409.50000,1407.80000,1408.80000,72
2007-01-08 00:00:00+00:00,1409.00000,1415.60000,1404.20000,1414.10000,9819
2007-01-09 00:00:00+00:00,1413.90000,1418.20000,1405.30000,1412.30000,10890
2007-01-10 00:00:00+00:00,1412.00000,1417.90000,1403.60000,1416.60000,10135
2007-01-11 00:00:00+00:00,1416.90000,1427.20000,1412.30000,1423.00000,9815
2007-01-12 00:00:00+00:00,1422.70000,1432.80000,1419.80000,1432.80000,8755
2007-01-14 00:00:00+00:00,1432.80000,1433.10000,1432.10000,1432.60000,46
2007-01-15 00:00:00+00:00,1432.80000,1436.40000,1432.10000,1434.70000,562
2007-01-16 00:00:00+00:00,1434.50000,1435.30000,1428.30000,1430.10000,7836
2007-01-17 00:00:00+00:00,1429.90000,1435.20000,1427.50000,1429.50000,8750
2007-01-18 00:00:00+00:00,1429.30000,1434.60000,1423.40000,1424.90000,9746
2007-01-19 00:00:00+00:00,1424.70000,1431.50000,1423.80000,1429.00000,8398
2007-01-21 00:00:00+00:00,1430.00000,1430.50000,1429.30000,1430.30000,68
2007-01-22 00:00:00+00:00,1430.50000,1432.10000,1419.70000,1424.50000,8083
2007-01-23 00:00:00+00:00,1424.70000,1431.00000,1421.00000,1429.80000,9033
2007-01-24 00:00:00+00:00,1429.60000,1440.40000,1427.90000,1439.70000,8224
2007-01-25 00:00:00+00:00,1439.90000,1440.50000,1420.90000,1423.10000,10012
2007-01-26 00:00:00+00:00,1422.90000,1426.40000,1415.50000,1421.00000,10592
2007-01-28 00:00:00+00:00,1421.50000,1422.80000,1420.80000,1420.80000,70
2007-01-29 00:00:00+00:00,1421.00000,1426.40000,1417.20000,1419.90000,8114
2007-01-30 00:00:00+00:00,1420.20000,1428.50000,1419.50000,1428.00000,7723
2007-01-31 00:00:00+00:00,1428.30000,1440.80000,1423.30000,1437.10000,8936
2007-02-01 00:00:00+00:00,1436.90000,1445.90000,1436.70000,1444.50000,8693
2007-02-02 00:00:00+00:00,1444.70000,1449.00000,1443.10000,1447.60000,7348
2007-02-04 00:00:00+00:00,1447.40000,1447.40000,1446.10000,1446.40000,44
2007-02-05 00:00:00+00:00,1446.60000,1449.00000,1442.70000,1448.00000,6215
2007-02-06 00:00:00+00:00,1447.80000,1450.60000,1442.40000,1448.90000,7172
2007-02-07 00:00:00+00:00,1448.60000,1452.70000,1445.50000,1450.30000,7433
2007-02-08 00:00:00+00:00,1450.00000,1450.30000,1441.90000,1448.40000,8218
2007-02-09 00:00:00+00:00,1448.70000,1452.20000,1432.30000,1438.30000,9770
2007-02-11 00:00:00+00:00,1438.10000,1438.30000,1436.30000,1437.10000,88
2007-02-12 00:00:00+00:00,1437.30000,1440.40000,1430.70000,1433.80000,8207
2007-02-13 00:00:00+00:00,1434.00000,1445.60000,1433.80000,1444.80000,7555
2007-02-14 00:00:00+00:00,1445.10000,1457.40000,1444.80000,1454.50000,8270
2007-02-15 00:00:00+00:00,1454.20000,1457.80000,1452.30000,1454.80000,6833
2007-02-16 00:00:00+00:00,1454.60000,1456.00000,1450.70000,1455.20000,5979
2007-02-18 00:00:00+00:00,1454.80000,1455.50000,1454.50000,1455.00000,40
2007-02-19 00:00:00+00:00,1454.80000,1459.30000,1454.80000,1456.60000,481
2007-02-20 00:00:00+00:00,1456.40000,1460.80000,1449.00000,1457.80000,7207
2007-02-21 00:00:00+00:00,1458.00000,1459.80000,1451.10000,1456.90000,8361
2007-02-22 00:00:00+00:00,1457.20000,1461.70000,1449.80000,1455.80000,8317
2007-02-23 00:00:00+00:00,1455.50000,1456.40000,1447.70000,1450.70000,7933
2007-02-25 00:00:00+00:00,1451.50000,1452.20000,1451.00000,1452.00000,59
2007-02-26 00:00:00+00:00,1451.70000,1457.30000,1445.30000,1449.80000,8587
2007-02-27 00:00:00+00:00,1449.60000,1450.10000,1386.80000,1391.10000,18036
2007-02-28 00:00:00+00:00,1390.80000,1416.40000,1390.60000,1405.70000,18285
2007-03-01 00:00:00+00:00,1405.40000,1411.50000,1379.10000,1403.30000,18555
2007-03-02 00:00:00+00:00,1403.60000,1408.10000,1383.20000,1384.00000,16110
2007-03-04 00:00:00+00:00,1385.70000,1386.20000,1378.50000,1379.80000,393
2007-03-05 00:00:00+00:00,1379.50000,1392.30000,1367.40000,1373.60000,17981
2007-03-06 00:00:00+00:00,1373.40000,1398.20000,1373.40000,1395.00000,13986
2007-03-07 00:00:00+00:00,1394.70000,1401.30000,1389.10000,1389.90000,12262
2007-03-08 00:00:00+00:00,1389.60000,1408.20000,1389.60000,1403.80000,7433
2007-03-09 00:00:00+00:00,1404.00000,1412.80000,1396.90000,1404.10000,4202
2007-03-11 00:00:00+00:00,1404.10000,1405.60000,1403.40000,1405.40000,51
2007-03-12 00:00:00+00:00,1405.60000,1410.00000,1398.00000,1406.00000,2321
2007-03-13 00:00:00+00:00,1406.30000,1407.00000,1376.60000,1377.90000,3878
2007-03-14 00:00:00+00:00,1378.20000,1391.80000,1363.50000,1391.00000,4889
2007-03-15 00:00:00+00:00,1390.80000,1396.10000,1384.60000,1388.40000,2080
2007-03-16 00:00:00+00:00,1388.20000,1399.70000,1385.40000,1389.60000,10124
2007-03-18 00:00:00+00:00,1388.10000,1388.30000,1385.10000,1386.80000,252
2007-03-19 00:00:00+00:00,1386.60000,1406.80000,1386.60000,1406.10000,10699
2007-03-20 00:00:00+00:00,1405.80000,1414.30000,1402.90000,1413.10000,10146
2007-03-21 00:00:00+00:00,1412.90000,1440.00000,1411.50000,1433.60000,10516
2007-03-22 00:00:00+00:00,1433.80000,1441.10000,1431.40000,1435.00000,11105
2007-03-23 00:00:00+00:00,1434.70000,1441.50000,1434.00000,1437.50000,7800
2007-03-25 00:00:00+00:00,1437.30000,1437.50000,1436.00000,1436.50000,88
2007-03-26 00:00:00+00:00,1436.30000,1440.10000,1424.70000,1436.20000,10440
2007-03-27 00:00:00+00:00,1435.90000,1436.90000,1421.80000,1427.60000,9757
2007-03-28 00:00:00+00:00,1427.80000,1428.40000,1415.50000,1421.20000,11917
2007-03-29 00:00:00+00:00,1421.00000,1429.50000,1414.60000,1424.80000,11730
2007-03-30 00:00:00+00:00,1424.60000,1431.10000,1409.50000,1423.20000,11432
2007-04-01 00:00:00+00:00,1423.40000,1423.90000,1421.40000,1423.90000,120
2007-04-02 00:00:00+00:00,1424.20000,1427.70000,1417.50000,1426.00000,9171
2007-04-03 00:00:00+00:00,1425.80000,1442.20000,1425.30000,1439.80000,9318
2007-04-04 00:00:00+00:00,1439.50000,1441.80000,1436.10000,1440.20000,7659
2007-04-05 00:00:00+00:00,1439.90000,1446.70000,1438.20000,1445.00000,5950
2007-04-06 00:00:00+00:00,1445.20000,1451.00000,1444.00000,1449.80000,659
2007-04-08 00:00:00+00:00,1449.30000,1450.30000,1448.50000,1449.50000,126
2007-04-09 00:00:00+00:00,1449.30000,1451.30000,1444.90000,1446.90000,6553
2007-04-10 00:00:00+00:00,1446.70000,1450.70000,1444.00000,1448.30000,7215
2007-04-11 00:00:00+00:00,1448.50000,1450.80000,1437.20000,1441.70000,9636
2007-04-12 00:00:00+00:00,1441.40000,1449.70000,1435.00000,1448.50000,9434
2007-04-13 00:00:00+00:00,1448.30000,1454.60000,1445.10000,1454.60000,8513
2007-04-15 00:00:00+00:00,1454.60000,1456.10000,1454.10000,1455.80000,84
2007-04-16 00:00:00+00:00,1455.60000,1470.30000,1455.10000,1468.40000,9216
2007-04-17 00:00:00+00:00,1468.60000,1475.90000,1464.40000,1469.70000,10422
2007-04-18 00:00:00+00:00,1470.00000,1477.80000,1466.30000,1472.30000,9355
2007-04-19 00:00:00+00:00,1472.60000,1475.20000,1461.70000,1474.20000,11028
2007-04-20 00:00:00+00:00,1474.50000,1487.00000,1473.00000,1486.70000,10097
2007-04-22 00:00:00+00:00,1486.50000,1486.50000,1485.50000,1486.50000,93
2007-04-23 00:00:00+00:00,1486.20000,1488.50000,1480.80000,1483.10000,8401
2007-04-24 00:00:00+00:00,1482.90000,1485.40000,1474.20000,1483.70000,10875
2007-04-25 00:00:00+00:00,1483.50000,1497.30000,1480.80000,1496.30000,10267
2007-04-26 00:00:00+00:00,1496.10000,1499.10000,1491.40000,1495.40000,8970
2007-04-27 00:00:00+00:00,1495.20000,1498.00000,1488.80000,1496.80000,9010
2007-04-29 00:00:00+00:00,1495.50000,1495.80000,1493.80000,1494.80000,105
2007-04-30 00:00:00+00:00,1494.50000,1499.60000,1482.20000,1483.90000,10251
2007-05-01 00:00:00+00:00,1483.40000,1488.30000,1477.00000,1488.30000,9907
2007-05-02 00:00:00+00:00,1488.00000,1499.60000,1487.60000,1495.60000,8948
2007-05-03 00:00:00+00:00,1495.40000,1504.20000,1493.70000,1502.20000,9052
2007-05-04 00:00:00+00:00,1502.50000,1511.80000,1502.00000,1509.30000,9538
2007-05-06 00:00:00+00:00,1508.50000,1509.30000,1508.10000,1508.30000,74
2007-05-07 00:00:00+00:00,1508.60000,1512.10000,1507.60000,1508.90000,6205
2007-05-08 00:00:00+00:00,1508.70000,1509.30000,1501.30000,1506.50000,8551
2007-05-09 00:00:00+00:00,1506.80000,1514.60000,1503.70000,1510.70000,8652
2007-05-10 00:00:00+00:00,1510.40000,1510.70000,1491.80000,1494.30000,11735
2007-05-11 00:00:00+00:00,1494.60000,1508.60000,1491.90000,1508.10000,10127
2007-05-13 00:00:00+00:00,1507.90000,1510.60000,1507.90000,1509.40000,113
2007-05-14 00:00:00+00:00,1509.60000,1512.20000,1499.00000,1503.00000,9141
2007-05-15 00:00:00+00:00,1502.80000,1515.80000,1499.30000,1503.90000,12573
2007-05-16 00:00:00+00:00,1503.60000,1515.00000,1502.50000,1513.00000,10600
2007-05-17 00:00:00+00:00,1513.20000,1518.30000,1509.60000,1512.40000,9618
2007-05-18 00:00:00+00:00,1512.10000,1524.90000,1510.40000,1524.70000,9785
2007-05-20 00:00:00+00:00,1524.40000,1524.70000,1523.40000,1523.90000,61
2007-05-21 00:00:00+00:00,1523.70000,1531.00000,1523.20000,1524.60000,8947
2007-05-22 00:00:00+00:00,1524.30000,1530.40000,1522.20000,1522.90000,8447
2007-05-23 00:00:00+00:00,1523.20000,1533.00000,1521.30000,1522.00000,9585
2007-05-24 00:00:00+00:00,1521.80000,1529.90000,1505.20000,1509.70000,13212
2007-05-25 00:00:00+00:00,1509.40000,1518.00000,1509.00000,1514.80000,8291
2007-05-27 00:00:00+00:00,1515.00000,1516.30000,1515.00000,1515.80000,26
2007-05-28 00:00:00+00:00,1515.50000,1516.80000,1514.10000,1515.90000,228
2007-05-29 00:00:00+00:00,1515.70000,1522.50000,1512.30000,1519.00000,9157
2007-05-30 00:00:00+00:00,1519.30000,1532.90000,1510.60000,1532.40000,11370
2007-05-31 00:00:00+00:00,1532.60000,1536.20000,1528.50000,1532.00000,9578
2007-06-01 00:00:00+00:00,1532.00000,1541.30000,1531.50000,1538.10000,9353
2007-06-03 00:00:00+00:00,1537.80000,1538.10000,1536.80000,1537.60000,70
2007-06-04 00:00:00+00:00,1537.30000,1541.20000,1531.90000,1537.70000,8112
2007-06-05 00:00:00+00:00,1537.50000,1540.00000,1525.80000,1532.10000,10577
2007-06-06 00:00:00+00:00,1532.30000,1534.90000,1514.20000,1517.50000,11928
2007-06-07 00:00:00+00:00,1517.70000,1522.80000,1486.60000,1489.10000,10846
2007-06-08 00:00:00+00:00,1488.90000,1508.50000,1479.70000,1507.70000,7141
2007-06-10 00:00:00+00:00,1506.70000,1507.20000,1505.70000,1506.50000,28
2007-06-11 00:00:00+00:00,1506.20000,1516.30000,1503.50000,1509.60000,3001
2007-06-12 00:00:00+00:00,1509.30000,1511.90000,1489.00000,1489.20000,4063
2007-06-13 00:00:00+00:00,1489.70000,1516.80000,1489.20000,1515.10000,3277
2007-06-14 00:00:00+00:00,1514.80000,1526.90000,1513.80000,1523.90000,1998
2007-06-15 00:00:00+00:00,1524.20000,1539.50000,1523.90000,1533.10000,8612
2007-06-17 00:00:00+00:00,1532.60000,1533.60000,1532.40000,1532.60000,67
2007-06-18 00:00:00+00:00,1532.90000,1538.90000,1529.30000,1530.50000,8184
2007-06-19 00:00:00+00:00,1530.30000,1536.80000,1526.70000,1533.40000,9224
2007-06-20 00:00:00+00:00,1533.70000,1540.40000,1511.70000,1514.20000,12320
2007-06-21 00:00:00+00:00,1514.50000,1523.50000,1504.70000,1520.80000,14309
2007-06-22 00:00:00+00:00,1520.60000,1522.60000,1500.40000,1507.60000,13261
2007-06-24 00:00:00+00:00,1506.40000,1507.60000,1506.10000,1507.10000,94
2007-06-25 00:00:00+00:00,1507.40000,1515.20000,1492.40000,1502.10000,13812
2007-06-26 00:00:00+00:00,1501.80000,1506.90000,1484.80000,1485.60000,14261
2007-06-27 00:00:00+00:00,1485.90000,1507.50000,1479.70000,1506.60000,14835
2007-06-28 00:00:00+00:00,1506.80000,1515.60000,1503.20000,1505.50000,11124
2007-06-29 00:00:00+00:00,1505.20000,1518.00000,1492.50000,1505.40000,13705
2007-07-01 00:00:00+00:00,1503.70000,1504.90000,1502.90000,1504.90000,100
2007-07-02 00:00:00+00:00,1505.20000,1520.90000,1504.70000,1520.50000,9499
2007-07-03 00:00:00+00:00,1520.70000,1526.00000,1520.20000,1522.30000,5689
2007-07-04 00:00:00+00:00,1522.60000,1527.90000,1521.10000,1527.20000,719
2007-07-05 00:00:00+00:00,1527.00000,1529.20000,1517.40000,1524.40000,9160
2007-07-06 00:00:00+00:00,1524.10000,1532.70000,1520.00000,1531.20000,9043
2007-07-08 00:00:00+00:00,1531.50000,1531.80000,1531.00000,1531.50000,71
2007-07-09 00:00:00+00:00,1531.30000,1535.00000,1527.40000,1531.90000,8043
2007-07-10 00:00:00+00:00,1532.20000,1533.20000,1508.40000,1510.50000,13060
2007-07-11 00:00:00+00:00,1510.20000,1524.00000,1504.80000,1522.80000,13764
2007-07-12 00:00:00+00:00,1523.00000,1548.50000,1519.30000,1545.50000,12434
2007-07-13 00:00:00+00:00,1545.30000,1555.10000,1543.10000,1549.80000,10330
2007-07-15 00:00:00+00:00,1550.40000,1551.20000,1548.90000,1550.20000,103
2007-07-16 00:00:00+00:00,1550.40000,1556.20000,1546.50000,1549.60000,10222
2007-07-17 00:00:00+00:00,1549.80000,1555.70000,1539.00000,1539.50000,11635
2007-07-18 00:00:00+00:00,1539.30000,1548.90000,1532.90000,1546.40000,15751
2007-07-19 00:00:00+00:00,1546.60000,1555.40000,1545.70000,1548.30000,10800
2007-07-20 00:00:00+00:00,1548.50000,1552.30000,1528.00000,1536.00000,15095
2007-07-22 00:00:00+00:00,1534.80000,1536.50000,1534.50000,1535.00000,133
2007-07-23 00:00:00+00:00,1534.80000,1547.30000,1534.60000,1539.70000,10737
2007-07-24 00:00:00+00:00,1539.40000,1543.00000,1508.00000,1513.20000,15429
2007-07-25 00:00:00+00:00,1513.00000,1523.50000,1502.40000,1519.10000,17764
2007-07-26 00:00:00+00:00,1519.30000,1521.10000,1463.00000,1479.20000,25029
2007-07-27 00:00:00+00:00,1479.50000,1488.50000,1449.50000,1450.00000,25284
2007-07-29 00:00:00+00:00,1452.50000,1454.50000,1449.50000,1452.50000,601
2007-07-30 00:00:00+00:00,1452.30000,1477.30000,1447.80000,1472.30000,20552
2007-07-31 00:00:00+00:00,1472.10000,1488.30000,1448.30000,1448.80000,19977
2007-08-01 00:00:00+00:00,1448.30000,1467.80000,1435.20000,1465.60000,26312
2007-08-02 00:00:00+00:00,1465.90000,1475.90000,1457.40000,1473.70000,19487
2007-08-03 00:00:00+00:00,1473.50000,1477.30000,1430.00000,1437.00000,19750
2007-08-05 00:00:00+00:00,1433.10000,1433.80000,1426.30000,1432.10000,541
2007-08-06 00:00:00+00:00,1431.80000,1467.00000,1426.00000,1461.60000,21817
2007-08-07 00:00:00+00:00,1461.80000,1488.30000,1454.50000,1476.40000,18103
2007-08-08 00:00:00+00:00,1476.70000,1503.90000,1475.90000,1497.70000,18397
2007-08-09 00:00:00+00:00,1498.00000,1498.20000,1442.60000,1443.80000,24925
2007-08-10 00:00:00+00:00,1444.10000,1462.60000,1427.20000,1445.50000,28056
2007-08-12 00:00:00+00:00,1448.70000,1452.00000,1448.20000,1451.70000,285
2007-08-13 00:00:00+00:00,1451.50000,1467.00000,1446.90000,1447.90000,18370
2007-08-14 00:00:00+00:00,1448.10000,1457.40000,1425.30000,1426.80000,20400
2007-08-15 00:00:00+00:00,1427.10000,1441.60000,1403.80000,1405.30000,22589
2007-08-16 00:00:00+00:00,1405.60000,1424.90000,1369.80000,1422.60000,30506
2007-08-17 00:00:00+00:00,1422.90000,1465.10000,1394.80000,1445.20000,28337
2007-08-19 00:00:00+00:00,1444.50000,1445.50000,1439.70000,1443.00000,490
2007-08-20 00:00:00+00:00,1442.70000,1452.50000,1430.40000,1442.40000,18937
2007-08-21 00:00:00+00:00,1442.10000,1455.70000,1435.90000,1446.80000,19817
2007-08-22 00:00:00+00:00,1446.50000,1476.30000,1445.80000,1475.50000,16943
2007-08-23 00:00:00+00:00,1475.30000,1479.50000,1453.00000,1460.00000,18123
2007-08-24 00:00:00+00:00,1459.70000,1480.00000,1456.00000,1479.80000,13298
2007-08-26 00:00:00+00:00,1479.60000,1479.80000,1477.90000,1478.10000,152
2007-08-27 00:00:00+00:00,1478.40000,1478.90000,1464.50000,1465.00000,11509
2007-08-28 00:00:00+00:00,1464.80000,1466.30000,1431.50000,1433.00000,15886
2007-08-29 00:00:00+00:00,1433.30000,1464.60000,1431.80000,1461.80000,17033
2007-08-30 00:00:00+00:00,1462.10000,1468.40000,1449.40000,1459.20000,17412
2007-08-31 00:00:00+00:00,1459.00000,1481.80000,1458.50000,1471.10000,16828
2007-09-02 00:00:00+00:00,1473.10000,1474.40000,1472.90000,1474.10000,77
2007-09-03 00:00:00+00:00,1473.90000,1475.50000,1469.90000,1471.30000,1011
2007-09-04 00:00:00+00:00,1471.50000,1496.80000,1466.10000,1486.10000,13699
2007-09-05 00:00:00+00:00,1485.90000,1486.10000,1466.00000,1472.80000,17654
2007-09-06 00:00:00+00:00,1472.50000,1482.10000,1467.60000,1476.70000,15366
2007-09-07 00:00:00+00:00,1476.40000,1477.20000,1448.30000,1457.80000,17944
2007-09-09 00:00:00+00:00,1456.60000,1456.60000,1451.90000,1453.90000,326
2007-09-10 00:00:00+00:00,1453.60000,1464.00000,1439.50000,1452.80000,15816
2007-09-11 00:00:00+00:00,1453.00000,1473.10000,1451.80000,1469.70000,15010
2007-09-12 00:00:00+00:00,1469.40000,1480.00000,1464.50000,1472.50000,14397
2007-09-13 00:00:00+00:00,1472.30000,1489.90000,1469.80000,1477.90000,8081
2007-09-14 00:00:00+00:00,1477.70000,1486.00000,1472.30000,1484.50000,5475
2007-09-16 00:00:00+00:00,1483.80000,1483.80000,1481.10000,1482.10000,59
2007-09-17 00:00:00+00:00,1482.30000,1482.30000,1471.70000,1475.70000,4103
2007-09-18 00:00:00+00:00,1476.00000,1521.90000,1472.00000,1521.10000,4771
2007-09-19 00:00:00+00:00,1520.90000,1538.70000,1518.40000,1525.00000,4211
2007-09-20 00:00:00+00:00,1524.80000,1529.30000,1516.40000,1518.70000,3122
2007-09-21 00:00:00+00:00,1518.90000,1533.30000,1518.70000,1524.10000,9558
2007-09-23 00:00:00+00:00,1523.10000,1525.30000,1523.10000,1524.60000,145
2007-09-24 00:00:00+00:00,1524.30000,1532.80000,1516.70000,1517.70000,12847
2007-09-25 00:00:00+00:00,1518.00000,1522.10000,1509.10000,1521.30000,13409
2007-09-26 00:00:00+00:00,1521.10000,1532.10000,1520.70000,1527.10000,13190
2007-09-27 00:00:00+00:00,1527.40000,1535.40000,1526.70000,1533.70000,11967
2007-09-28 00:00:00+00:00,1533.50000,1536.00000,1523.60000,1530.30000,11959
2007-09-30 00:00:00+00:00,1531.10000,1531.30000,1527.60000,1528.30000,143
2007-10-01 00:00:00+00:00,1529.10000,1551.80000,1526.10000,1547.30000,13315
2007-10-02 00:00:00+00:00,1547.10000,1550.90000,1542.20000,1546.00000,11251
2007-10-03 00:00:00+00:00,1545.70000,1547.50000,1537.80000,1543.30000,11963
2007-10-04 00:00:00+00:00,1543.10000,1545.90000,1539.20000,1542.70000,9031
2007-10-05 00:00:00+00:00,1542.50000,1564.70000,1541.70000,1561.70000,12594
2007-10-07 00:00:00+00:00,1561.70000,1561.90000,1560.40000,1561.00000,96
2007-10-08 00:00:00+00:00,1561.20000,1561.50000,1551.30000,1556.10000,8133
2007-10-09 00:00:00+00:00,1556.30000,1569.10000,1552.10000,1566.40000,11281
2007-10-10 00:00:00+00:00,1566.20000,1567.70000,1557.00000,1565.50000,11951
2007-10-11 00:00:00+00:00,1565.30000,1578.50000,1548.20000,1556.20000,13577
2007-10-12 00:00:00+00:00,1556.40000,1567.00000,1551.00000,1567.00000,12553
2007-10-14 00:00:00+00:00,1566.70000,1568.20000,1566.50000,1567.20000,126
2007-10-15 00:00:00+00:00,1567.50000,1568.00000,1542.40000,1551.20000,14592
2007-10-16 00:00:00+00:00,1551.40000,1554.20000,1537.80000,1546.80000,15583
2007-10-17 00:00:00+00:00,1547.00000,1553.80000,1527.00000,1544.40000,17123
2007-10-18 00:00:00+00:00,1544.70000,1547.70000,1533.00000,1540.10000,15508
2007-10-19 00:00:00+00:00,1539.80000,1540.10000,1498.10000,1498.30000,18660
2007-10-21 00:00:00+00:00,1498.60000,1500.10000,1489.90000,1490.90000,774
2007-10-22 00:00:00+00:00,1490.60000,1512.10000,1485.90000,1511.10000,20147
2007-10-23 00:00:00+00:00,1511.40000,1520.70000,1504.00000,1514.50000,15356
2007-10-24 00:00:00+00:00,1514.20000,1520.10000,1489.20000,1517.80000,19487
2007-10-25 00:00:00+00:00,1517.60000,1523.40000,1499.50000,1520.40000,18569
2007-10-26 00:00:00+00:00,1520.20000,1537.00000,1515.50000,1536.20000,15787
2007-10-28 00:00:00+00:00,1536.00000,1538.50000,1534.70000,1538.00000,214
2007-10-29 00:00:00+00:00,1538.20000,1545.00000,1536.00000,1539.60000,11327
2007-10-30 00:00:00+00:00,1539.30000,1540.30000,1528.70000,1529.70000,11488
2007-10-31 00:00:00+00:00,1529.50000,1552.70000,1528.00000,1547.80000,14059
2007-11-01 00:00:00+00:00,1547.80000,1549.30000,1505.30000,1510.00000,19233
2007-11-02 00:00:00+00:00,1509.80000,1519.50000,1491.40000,1512.30000,21266
2007-11-04 00:00:00+00:00,1510.80000,1511.10000,1504.10000,1504.10000,324
2007-11-05 00:00:00+00:00,1504.40000,1511.20000,1489.50000,1500.70000,18820
2007-11-06 00:00:00+00:00,1500.50000,1521.00000,1498.60000,1517.00000,15657
2007-11-07 00:00:00+00:00,1517.50000,1517.80000,1462.10000,1468.00000,22845
2007-11-08 00:00:00+00:00,1467.80000,1486.30000,1449.40000,1471.70000,25223
2007-11-09 00:00:00+00:00,1471.90000,1475.70000,1447.30000,1450.10000,23593
2007-11-11 00:00:00+00:00,1449.50000,1452.30000,1447.50000,1449.50000,408
2007-11-12 00:00:00+00:00,1449.80000,1465.10000,1433.20000,1435.70000,21109
2007-11-13 00:00:00+00:00,1435.90000,1481.90000,1434.40000,1477.40000,19037
2007-11-14 00:00:00+00:00,1477.20000,1492.50000,1466.30000,1474.00000,19416
2007-11-15 00:00:00+00:00,1473.80000,1477.80000,1443.20000,1454.20000,21594
2007-11-16 00:00:00+00:00,1454.00000,1463.00000,1443.80000,1456.30000,20255
2007-11-18 00:00:00+00:00,1456.80000,1460.30000,1456.80000,1459.30000,139
2007-11-19 00:00:00+00:00,1459.50000,1462.30000,1429.90000,1438.40000,19935
2007-11-20 00:00:00+00:00,1438.70000,1453.00000,1418.80000,1441.30000,23182
2007-11-21 00:00:00+00:00,1441.00000,1441.30000,1413.90000,1417.70000,20992
2007-11-22 00:00:00+00:00,1417.40000,1424.00000,1415.00000,1422.30000,2223
2007-11-23 00:00:00+00:00,1422.50000,1441.10000,1419.00000,1438.80000,8964
2007-11-25 00:00:00+00:00,1439.30000,1442.30000,1438.50000,1441.80000,250
2007-11-26 00:00:00+00:00,1442.00000,1451.50000,1403.70000,1406.50000,19625
2007-11-27 00:00:00+00:00,1406.20000,1430.30000,1405.70000,1424.80000,23585
2007-11-28 00:00:00+00:00,1425.00000,1472.50000,1418.10000,1466.30000,19456
2007-11-29 00:00:00+00:00,1466.10000,1474.60000,1458.40000,1467.70000,18655
2007-11-30 00:00:00+00:00,1467.90000,1490.00000,1466.70000,1484.00000,19419
2007-12-02 00:00:00+00:00,1481.70000,1482.50000,1479.50000,1480.00000,169
2007-12-03 00:00:00+00:00,1480.20000,1484.30000,1470.30000,1472.30000,15213
2007-12-04 00:00:00+00:00,1472.60000,1473.90000,1460.70000,1462.70000,14657
2007-12-05 00:00:00+00:00,1463.00000,1493.50000,1461.50000,1492.30000,16732
2007-12-06 00:00:00+00:00,1492.50000,1509.10000,1480.40000,1505.10000,16655
2007-12-07 00:00:00+00:00,1504.90000,1513.70000,1499.20000,1505.50000,14398
2007-12-09 00:00:00+00:00,1505.00000,1506.70000,1503.70000,1506.00000,128
2007-12-10 00:00:00+00:00,1505.70000,1520.10000,1499.80000,1518.80000,12983
2007-12-11 00:00:00+00:00,1519.10000,1525.70000,1474.20000,1479.50000,15462
2007-12-12 00:00:00+00:00,1479.20000,1515.50000,1467.80000,1487.80000,21713
2007-12-13 00:00:00+00:00,1487.60000,1489.90000,1468.90000,1488.70000,14911
2007-12-14 00:00:00+00:00,1488.40000,1493.20000,1466.80000,1467.30000,7613
2007-12-16 00:00:00+00:00,1467.30000,1467.30000,1465.00000,1466.30000,70
2007-12-17 00:00:00+00:00,1466.50000,1466.80000,1444.40000,1449.10000,6538
2007-12-18 00:00:00+00:00,1449.40000,1461.20000,1435.20000,1458.20000,5744
2007-12-19 00:00:00+00:00,1458.00000,1464.30000,1444.80000,1454.30000,4050
2007-12-20 00:00:00+00:00,1454.60000,1464.20000,1446.90000,1464.20000,2898
2007-12-21 00:00:00+00:00,1463.90000,1488.70000,1462.90000,1487.70000,11022
2007-12-23 00:00:00+00:00,1486.70000,1487.90000,1485.00000,1487.70000,119
2007-12-24 00:00:00+00:00,1488.00000,1499.70000,1485.50000,1497.00000,5056
2007-12-26 00:00:00+00:00,1496.70000,1501.20000,1489.50000,1499.00000,7274
2007-12-27 00:00:00+00:00,1498.70000,1501.20000,1475.50000,1482.70000,12048
2007-12-28 00:00:00+00:00,1482.40000,1493.40000,1471.80000,1476.10000,11772
2007-12-30 00:00:00+00:00,1475.80000,1477.30000,1475.10000,1476.60000,73
2007-12-31 00:00:00+00:00,1476.30000,1479.80000,1462.50000,1465.70000,10525
2008-01-02 00:00:00+00:00,1469.60000,1473.90000,1440.30000,1451.30000,15867
2008-01-03 00:00:00+00:00,1451.50000,1456.10000,1442.50000,1450.20000,15190
2008-01-04 00:00:00+00:00,1449.90000,1454.70000,1409.50000,1414.20000,19435
2008-01-06 00:00:00+00:00,1414.20000,1415.70000,1413.00000,1415.50000,191
2008-01-07 00:00:00+00:00,1415.20000,1424.20000,1402.10000,1414.10000,20044
2008-01-08 00:00:00+00:00,1413.60000,1429.80000,1385.30000,1388.10000,20230
2008-01-09 00:00:00+00:00,1388.30000,1408.80000,1377.50000,1406.60000,22272
2008-01-10 00:00:00+00:00,1406.30000,1428.30000,1394.00000,1414.90000,22860
2008-01-11 00:00:00+00:00,1414.60000,1415.70000,1392.80000,1400.60000,21595
2008-01-13 00:00:00+00:00,1401.30000,1406.80000,1400.30000,1405.50000,253
2008-01-14 00:00:00+00:00,1405.30000,1416.80000,1351.80000,1413.80000,16586
2008-01-15 00:00:00+00:00,1413.60000,1413.60000,1366.40000,1368.40000,21915
2008-01-16 00:00:00+00:00,1368.70000,1390.40000,1362.00000,1372.20000,24166
2008-01-17 00:00:00+00:00,1372.50000,1382.50000,1327.50000,1338.80000,25428
2008-01-18 00:00:00+00:00,1339.00000,1354.00000,1309.50000,1319.20000,25708
2008-01-20 00:00:00+00:00,1321.60000,1325.40000,1321.60000,1323.10000,240
2008-01-21 00:00:00+00:00,1323.40000,1323.90000,1250.50000,1265.80000,15658
2008-01-22 00:00:00+00:00,1266.00000,1318.80000,1249.80000,1300.90000,37939
2008-01-23 00:00:00+00:00,1301.20000,1343.30000,1256.20000,1337.90000,34887
2008-01-24 00:00:00+00:00,1337.60000,1356.40000,1327.50000,1353.70000,28086
2008-01-25 00:00:00+00:00,1353.40000,1364.70000,1322.60000,1327.90000,23398
2008-01-27 00:00:00+00:00,1330.60000,1331.30000,1325.80000,1328.10000,284
2008-01-28 00:00:00+00:00,1327.80000,1352.60000,1305.00000,1351.10000,24054
2008-01-29 00:00:00+00:00,1350.80000,1361.40000,1344.90000,1355.40000,18280
2008-01-30 00:00:00+00:00,1355.70000,1382.20000,1328.60000,1331.40000,19972
2008-01-31 00:00:00+00:00,1331.60000,1382.00000,1326.70000,1370.10000,27448
2008-02-01 00:00:00+00:00,1369.80000,1392.80000,1366.40000,1391.30000,23174
2008-02-03 00:00:00+00:00,1392.10000,1392.30000,1389.30000,1391.10000,170
2008-02-04 00:00:00+00:00,1390.80000,1395.10000,1372.70000,1374.00000,16194
2008-02-05 00:00:00+00:00,1373.70000,1376.50000,1333.00000,1338.70000,22217
2008-02-06 00:00:00+00:00,1339.00000,1348.70000,1316.10000,1318.90000,22427
2008-02-07 00:00:00+00:00,1319.10000,1344.10000,1308.50000,1332.70000,24987
2008-02-08 00:00:00+00:00,1332.90000,1339.40000,1316.80000,1326.80000,20304
2008-02-10 00:00:00+00:00,1325.50000,1327.20000,1325.50000,1326.30000,140
2008-02-11 00:00:00+00:00,1326.50000,1338.50000,1316.30000,1333.30000,19339
2008-02-12 00:00:00+00:00,1333.60000,1359.60000,1328.90000,1344.70000,20931
2008-02-13 00:00:00+00:00,1344.90000,1366.70000,1339.70000,1361.70000,19315
2008-02-14 00:00:00+00:00,1362.00000,1367.70000,1343.60000,1345.10000,19387
2008-02-15 00:00:00+00:00,1345.30000,1353.60000,1333.40000,1347.40000,17401
2008-02-17 00:00:00+00:00,1346.70000,1347.20000,1343.40000,1345.40000,192
2008-02-18 00:00:00+00:00,1345.70000,1365.20000,1344.40000,1361.20000,3425
2008-02-19 00:00:00+00:00,1361.00000,1366.50000,1342.10000,1349.90000,18391
2008-02-20 00:00:00+00:00,1349.60000,1361.70000,1331.50000,1357.70000,20544
2008-02-21 00:00:00+00:00,1357.40000,1366.20000,1336.30000,1341.10000,18805
2008-02-22 00:00:00+00:00,1341.30000,1354.60000,1324.20000,1352.70000,18874
2008-02-24 00:00:00+00:00,1351.60000,1355.90000,1351.40000,1355.10000,244
2008-02-25 00:00:00+00:00,1355.40000,1372.90000,1344.00000,1367.40000,17935
2008-02-26 00:00:00+00:00,1367.20000,1386.00000,1361.30000,1378.80000,19659
2008-02-27 00:00:00+00:00,1378.50000,1387.30000,1368.80000,1375.60000,17924
2008-02-28 00:00:00+00:00,1375.40000,1376.90000,1358.30000,1359.30000,18363
2008-02-29 00:00:00+00:00,1359.50000,1361.00000,1323.20000,1332.90000,19874
2008-03-02 00:00:00+00:00,1327.40000,1328.10000,1323.90000,1326.40000,395
2008-03-03 00:00:00+00:00,1326.60000,1335.20000,1318.10000,1332.00000,20384
2008-03-04 00:00:00+00:00,1332.20000,1334.20000,1305.30000,1327.60000,22482
2008-03-05 00:00:00+00:00,1327.80000,1343.40000,1318.70000,1332.90000,20505
2008-03-06 00:00:00+00:00,1332.70000,1341.40000,1300.80000,1307.30000,21122
2008-03-07 00:00:00+00:00,1307.50000,1316.10000,1280.90000,1292.20000,23178
2008-03-09 00:00:00+00:00,1290.60000,1291.80000,1285.60000,1288.40000,444
2008-03-10 00:00:00+00:00,1288.60000,1298.40000,1271.20000,1273.70000,20176
2008-03-11 00:00:00+00:00,1274.00000,1327.30000,1274.00000,1324.30000,23740
2008-03-12 00:00:00+00:00,1324.50000,1333.30000,1303.60000,1304.40000,19852
2008-03-13 00:00:00+00:00,1304.70000,1321.70000,1281.20000,1313.00000,19504
2008-03-14 00:00:00+00:00,1313.20000,1333.00000,1273.60000,1291.30000,16435
2008-03-16 00:00:00+00:00,1290.50000,1311.80000,1277.30000,1277.30000,1222
2008-03-17 00:00:00+00:00,1277.00000,1288.10000,1252.60000,1281.20000,14573
2008-03-18 00:00:00+00:00,1281.40000,1332.50000,1277.90000,1331.00000,8403
2008-03-19 00:00:00+00:00,1330.70000,1342.00000,1291.60000,1292.60000,7205
2008-03-20 00:00:00+00:00,1292.30000,1330.50000,1288.10000,1323.20000,17024
2008-03-23 00:00:00+00:00,1324.30000,1327.80000,1323.50000,1327.00000,393
2008-03-24 00:00:00+00:00,1327.30000,1359.80000,1326.80000,1352.80000,16000
2008-03-25 00:00:00+00:00,1352.50000,1357.80000,1340.30000,1347.00000,18808
2008-03-26 00:00:00+00:00,1347.30000,1348.80000,1330.30000,1334.30000,17016
2008-03-27 00:00:00+00:00,1333.80000,1346.30000,1325.10000,1329.90000,19368
2008-03-28 00:00:00+00:00,1330.10000,1338.80000,1312.40000,1316.60000,16633
2008-03-30 00:00:00+00:00,1317.40000,1321.40000,1316.40000,1320.70000,288
2008-03-31 00:00:00+00:00,1320.90000,1328.90000,1308.00000,1320.00000,17127
2008-04-01 00:00:00+00:00,1320.20000,1370.90000,1314.20000,1367.20000,19535
2008-04-02 00:00:00+00:00,1366.90000,1378.40000,1361.40000,1366.40000,18394
2008-04-03 00:00:00+00:00,1366.20000,1376.20000,1358.00000,1371.20000,17006
2008-04-04 00:00:00+00:00,1371.00000,1385.40000,1362.70000,1370.50000,17464
2008-04-06 00:00:00+00:00,1371.30000,1373.00000,1368.30000,1371.80000,250
2008-04-07 00:00:00+00:00,1371.50000,1387.50000,1365.50000,1367.50000,15910
2008-04-08 00:00:00+00:00,1367.30000,1374.50000,1360.80000,1373.30000,15525
2008-04-09 00:00:00+00:00,1373.50000,1376.00000,1349.80000,1358.30000,16746
2008-04-10 00:00:00+00:00,1358.10000,1367.80000,1349.80000,1364.80000,17462
2008-04-11 00:00:00+00:00,1364.60000,1367.60000,1330.40000,1334.10000,18243
2008-04-13 00:00:00+00:00,1333.90000,1334.20000,1327.90000,1328.40000,392
2008-04-14 00:00:00+00:00,1328.20000,1335.90000,1324.50000,1331.50000,15573
2008-04-15 00:00:00+00:00,1331.20000,1343.50000,1323.70000,1341.00000,15777
2008-04-16 00:00:00+00:00,1341.20000,1371.00000,1336.20000,1366.70000,16266
2008-04-17 00:00:00+00:00,1366.50000,1375.00000,1357.20000,1372.50000,16679
2008-04-18 00:00:00+00:00,1372.70000,1397.00000,1368.70000,1386.00000,17037
2008-04-20 00:00:00+00:00,1387.80000,1388.30000,1386.00000,1388.30000,197
2008-04-21 00:00:00+00:00,1388.00000,1392.80000,1379.50000,1383.00000,13167
2008-04-22 00:00:00+00:00,1382.80000,1389.00000,1369.60000,1380.30000,16019
2008-04-23 00:00:00+00:00,1380.60000,1388.60000,1370.60000,1373.30000,17186
2008-04-24 00:00:00+00:00,1373.10000,1398.10000,1367.40000,1383.40000,19312
2008-04-25 00:00:00+00:00,1383.10000,1399.60000,1379.40000,1396.40000,15644
2008-04-27 00:00:00+00:00,1397.70000,1398.70000,1393.90000,1395.20000,195
2008-04-28 00:00:00+00:00,1394.90000,1403.70000,1392.70000,1396.90000,12989
2008-04-29 00:00:00+00:00,1396.70000,1397.90000,1386.00000,1389.50000,13149
2008-04-30 00:00:00+00:00,1389.70000,1405.70000,1381.50000,1385.00000,15739
2008-05-01 00:00:00+00:00,1385.00000,1411.20000,1382.00000,1410.70000,15797
2008-05-02 00:00:00+00:00,1410.50000,1425.70000,1405.30000,1415.00000,16292
2008-05-04 00:00:00+00:00,1412.30000,1413.30000,1411.30000,1412.30000,180
2008-05-05 00:00:00+00:00,1412.00000,1415.50000,1400.50000,1408.60000,12557
2008-05-06 00:00:00+00:00,1408.30000,1421.80000,1396.10000,1420.60000,16456
2008-05-07 00:00:00+00:00,1420.80000,1422.80000,1389.60000,1395.40000,16011
2008-05-08 00:00:00+00:00,1395.10000,1402.10000,1387.90000,1390.60000,16380
2008-05-09 00:00:00+00:00,1390.40000,1392.40000,1380.90000,1388.20000,14457
2008-05-11 00:00:00+00:00,1387.00000,1390.00000,1385.70000,1389.20000,200
2008-05-12 00:00:00+00:00,1389.00000,1405.00000,1385.50000,1404.00000,13356
2008-05-13 00:00:00+00:00,1404.20000,1410.00000,1396.00000,1402.70000,15102
2008-05-14 00:00:00+00:00,1402.50000,1420.70000,1398.00000,1406.50000,14331
2008-05-15 00:00:00+00:00,1406.30000,1424.80000,1405.50000,1421.30000,14612
2008-05-16 00:00:00+00:00,1421.50000,1428.80000,1414.00000,1424.80000,14811
2008-05-18 00:00:00+00:00,1424.60000,1425.30000,1424.30000,1424.30000,125
2008-05-19 00:00:00+00:00,1424.60000,1440.10000,1421.10000,1427.80000,14019
2008-05-20 00:00:00+00:00,1427.60000,1428.60000,1408.40000,1415.10000,15791
2008-05-21 00:00:00+00:00,1415.40000,1420.40000,1387.40000,1391.40000,17870
2008-05-22 00:00:00+00:00,1391.90000,1398.90000,1389.70000,1391.90000,16855
2008-05-23 00:00:00+00:00,1391.70000,1394.40000,1372.20000,1373.40000,14588
2008-05-25 00:00:00+00:00,1373.70000,1376.70000,1373.50000,1376.50000,129
2008-05-26 00:00:00+00:00,1376.70000,1377.00000,1372.00000,1375.30000,1021
2008-05-27 00:00:00+00:00,1375.50000,1387.30000,1370.00000,1384.00000,14231
2008-05-28 00:00:00+00:00,1384.30000,1392.80000,1377.30000,1388.50000,16482
2008-05-29 00:00:00+00:00,1388.30000,1406.50000,1386.30000,1396.10000,15193
2008-05-30 00:00:00+00:00,1395.80000,1404.60000,1395.60000,1400.10000,10998
2008-06-01 00:00:00+00:00,1400.60000,1400.60000,1397.90000,1398.90000,121
2008-06-02 00:00:00+00:00,1398.60000,1399.10000,1377.10000,1384.90000,14374
2008-06-03 00:00:00+00:00,1385.10000,1393.20000,1368.90000,1377.40000,16087
2008-06-04 00:00:00+00:00,1377.20000,1388.20000,1370.70000,1377.70000,16695
2008-06-05 00:00:00+00:00,1377.40000,1405.70000,1375.70000,1405.00000,16113
2008-06-06 00:00:00+00:00,1405.20000,1410.00000,1358.20000,1358.50000,19695
2008-06-08 00:00:00+00:00,1358.50000,1360.30000,1357.30000,1359.50000,284
2008-06-09 00:00:00+00:00,1359.30000,1371.30000,1350.30000,1362.30000,17831
2008-06-10 00:00:00+00:00,1362.00000,1367.00000,1347.00000,1356.60000,18785
2008-06-11 00:00:00+00:00,1356.30000,1363.30000,1333.80000,1337.80000,16993
2008-06-12 00:00:00+00:00,1337.60000,1353.30000,1330.80000,1341.80000,12811
2008-06-13 00:00:00+00:00,1342.10000,1361.10000,1336.90000,1356.40000,8695
2008-06-15 00:00:00+00:00,1356.40000,1358.40000,1355.40000,1358.40000,87
2008-06-16 00:00:00+00:00,1357.90000,1364.90000,1349.20000,1358.20000,5236
2008-06-17 00:00:00+00:00,1358.40000,1369.90000,1348.70000,1350.00000,5096
2008-06-18 00:00:00+00:00,1350.20000,1353.20000,1332.70000,1335.50000,4302
2008-06-19 00:00:00+00:00,1336.70000,1348.00000,1330.50000,1337.00000,4039
2008-06-20 00:00:00+00:00,1337.20000,1339.70000,1314.50000,1317.50000,14763
2008-06-22 00:00:00+00:00,1320.00000,1322.00000,1318.30000,1321.00000,205
2008-06-23 00:00:00+00:00,1320.80000,1327.00000,1313.80000,1316.00000,15473
2008-06-24 00:00:00+00:00,1316.30000,1327.30000,1304.80000,1315.50000,17903
2008-06-25 00:00:00+00:00,1315.30000,1336.80000,1314.00000,1318.00000,15408
2008-06-26 00:00:00+00:00,1318.30000,1319.80000,1282.30000,1284.10000,20638
2008-06-27 00:00:00+00:00,1283.80000,1291.10000,1272.10000,1279.60000,20077
2008-06-29 00:00:00+00:00,1280.80000,1281.60000,1279.30000,1281.30000,201
2008-06-30 00:00:00+00:00,1281.60000,1291.30000,1274.60000,1284.10000,17414
2008-07-01 00:00:00+00:00,1283.90000,1287.10000,1260.40000,1285.10000,21768
2008-07-02 00:00:00+00:00,1285.40000,1294.10000,1260.40000,1262.90000,20450
2008-07-03 00:00:00+00:00,1262.60000,1273.10000,1251.40000,1264.60000,14872
2008-07-04 00:00:00+00:00,1264.40000,1268.60000,1255.90000,1256.20000,1914
2008-07-06 00:00:00+00:00,1258.20000,1260.40000,1257.40000,1258.20000,238
2008-07-07 00:00:00+00:00,1258.40000,1274.40000,1240.20000,1251.90000,19714
2008-07-08 00:00:00+00:00,1251.70000,1275.90000,1235.90000,1274.20000,21990
2008-07-09 00:00:00+00:00,1274.40000,1278.20000,1244.00000,1245.00000,19347
2008-07-10 00:00:00+00:00,1244.70000,1258.70000,1236.50000,1255.20000,22550
2008-07-11 00:00:00+00:00,1255.50000,1261.20000,1225.00000,1239.20000,24567
2008-07-13 00:00:00+00:00,1239.70000,1253.00000,1239.50000,1249.50000,907
2008-07-14 00:00:00+00:00,1249.70000,1259.70000,1224.20000,1228.50000,21378
2008-07-15 00:00:00+00:00,1228.20000,1235.30000,1200.30000,1214.00000,24989
2008-07-16 00:00:00+00:00,1213.80000,1245.80000,1202.00000,1240.00000,22728
2008-07-17 00:00:00+00:00,1239.80000,1262.50000,1237.50000,1244.30000,22842
2008-07-18 00:00:00+00:00,1244.00000,1262.50000,1240.50000,1260.00000,18339
2008-07-20 00:00:00+00:00,1258.80000,1260.80000,1258.80000,1259.50000,160
2008-07-21 00:00:00+00:00,1259.80000,1268.50000,1247.80000,1249.30000,16423
2008-07-22 00:00:00+00:00,1249.00000,1277.50000,1246.80000,1274.00000,17047
2008-07-23 00:00:00+00:00,1273.80000,1290.50000,1272.80000,1281.50000,18867
2008-07-24 00:00:00+00:00,1281.30000,1284.50000,1250.60000,1254.10000,17891
2008-07-25 00:00:00+00:00,1253.80000,1262.30000,1248.80000,1253.30000,15985
2008-07-27 00:00:00+00:00,1254.80000,1257.10000,1252.60000,1252.80000,172
2008-07-28 00:00:00+00:00,1252.60000,1259.60000,1232.60000,1235.30000,15611
2008-07-29 00:00:00+00:00,1235.60000,1262.80000,1231.30000,1261.60000,17275
2008-07-30 00:00:00+00:00,1261.30000,1285.30000,1259.30000,1283.60000,18360
2008-07-31 00:00:00+00:00,1283.30000,1289.30000,1264.60000,1267.40000,17992
2008-08-01 00:00:00+00:00,1266.90000,1274.10000,1252.90000,1259.40000,16560
2008-08-03 00:00:00+00:00,1260.60000,1262.90000,1259.60000,1261.60000,195
2008-08-04 00:00:00+00:00,1261.90000,1262.60000,1245.90000,1249.40000,15035
2008-08-05 00:00:00+00:00,1249.70000,1284.60000,1246.90000,1283.70000,15660
2008-08-06 00:00:00+00:00,1283.90000,1291.40000,1274.90000,1282.90000,15868
2008-08-07 00:00:00+00:00,1282.70000,1288.70000,1263.20000,1267.20000,16629
2008-08-08 00:00:00+00:00,1267.40000,1297.70000,1261.70000,1292.40000,16653
2008-08-10 00:00:00+00:00,1291.40000,1291.70000,1289.70000,1291.20000,223
2008-08-11 00:00:00+00:00,1291.40000,1313.20000,1287.70000,1302.90000,15707
2008-08-12 00:00:00+00:00,1302.70000,1307.40000,1285.00000,1291.00000,15390
2008-08-13 00:00:00+00:00,1290.70000,1294.20000,1274.20000,1285.20000,17234
2008-08-14 00:00:00+00:00,1285.00000,1300.50000,1275.00000,1296.00000,16455
2008-08-15 00:00:00+00:00,1295.70000,1302.20000,1290.50000,1299.50000,13985
2008-08-18 00:00:00+00:00,1297.50000,1305.50000,1273.80000,1281.00000,15548
2008-08-19 00:00:00+00:00,1280.80000,1282.30000,1262.50000,1269.00000,15467
2008-08-20 00:00:00+00:00,1268.80000,1276.50000,1260.50000,1273.50000,15717
2008-08-21 00:00:00+00:00,1273.30000,1281.50000,1263.00000,1275.00000,15761
2008-08-22 00:00:00+00:00,1274.80000,1293.80000,1271.30000,1292.00000,14760
2008-08-24 00:00:00+00:00,1291.00000,1292.00000,1287.30000,1288.00000,195
2008-08-25 00:00:00+00:00,1288.30000,1291.80000,1264.30000,1267.10000,14155
2008-08-26 00:00:00+00:00,1267.30000,1275.60000,1262.60000,1271.10000,14119
2008-08-27 00:00:00+00:00,1270.80000,1285.10000,1265.30000,1280.60000,14152
2008-08-28 00:00:00+00:00,1280.30000,1299.80000,1275.30000,1296.30000,14422
2008-08-29 00:00:00+00:00,1296.10000,1297.80000,1281.30000,1282.80000,12479
2008-08-31 00:00:00+00:00,1281.60000,1281.80000,1280.60000,1281.60000,141
2008-09-01 00:00:00+00:00,1281.60000,1285.90000,1276.60000,1284.60000,2184
2008-09-02 00:00:00+00:00,1284.40000,1303.40000,1271.40000,1276.40000,18087
2008-09-03 00:00:00+00:00,1276.60000,1280.90000,1265.10000,1276.10000,16915
2008-09-04 00:00:00+00:00,1275.90000,1276.90000,1225.90000,1230.90000,19195
2008-09-05 00:00:00+00:00,1230.60000,1245.10000,1216.60000,1240.10000,21334
2008-09-07 00:00:00+00:00,1263.20000,1274.70000,1263.20000,1271.20000,1436
2008-09-08 00:00:00+00:00,1270.90000,1281.90000,1246.70000,1265.90000,22859
2008-09-09 00:00:00+00:00,1265.70000,1274.90000,1223.40000,1228.40000,21287
2008-09-10 00:00:00+00:00,1228.70000,1244.40000,1220.20000,1230.70000,22539
2008-09-11 00:00:00+00:00,1230.90000,1253.70000,1211.40000,1248.90000,18325
2008-09-12 00:00:00+00:00,1248.70000,1257.70000,1233.50000,1257.50000,12087
2008-09-14 00:00:00+00:00,1230.00000,1232.00000,1214.00000,1225.20000,1386
2008-09-15 00:00:00+00:00,1225.50000,1237.70000,1188.00000,1189.00000,14892
2008-09-16 00:00:00+00:00,1189.20000,1227.70000,1162.00000,1221.00000,16128
2008-09-17 00:00:00+00:00,1220.70000,1226.50000,1154.50000,1163.00000,13119
2008-09-18 00:00:00+00:00,1163.50000,1227.50000,1133.00000,1225.00000,12786
2008-09-19 00:00:00+00:00,1224.80000,1276.70000,1218.50000,1241.80000,21570
2008-09-21 00:00:00+00:00,1239.00000,1239.50000,1218.80000,1232.80000,2047
2008-09-22 00:00:00+00:00,1233.00000,1245.20000,1200.70000,1210.90000,24743
2008-09-23 00:00:00+00:00,1210.60000,1217.90000,1181.00000,1198.20000,25602
2008-09-24 00:00:00+00:00,1198.00000,1201.30000,1175.90000,1184.10000,24248
2008-09-25 00:00:00+00:00,1184.30000,1220.30000,1181.60000,1198.80000,27772
2008-09-26 00:00:00+00:00,1198.60000,1216.60000,1180.90000,1210.30000,24613
2008-09-28 00:00:00+00:00,1215.40000,1216.70000,1205.00000,1208.20000,1711
2008-09-29 00:00:00+00:00,1208.00000,1214.40000,1108.10000,1114.60000,31601
2008-09-30 00:00:00+00:00,1114.30000,1170.90000,1114.10000,1164.20000,30020
2008-10-01 00:00:00+00:00,1164.20000,1169.50000,1139.80000,1166.00000,23835
2008-10-02 00:00:00+00:00,1165.80000,1170.00000,1111.50000,1121.70000,28224
2008-10-03 00:00:00+00:00,1121.50000,1156.90000,1099.10000,1105.30000,27009
2008-10-05 00:00:00+00:00,1099.90000,1100.20000,1084.20000,1085.50000,1742
2008-10-06 00:00:00+00:00,1085.70000,1091.00000,1005.80000,1046.90000,34105
2008-10-07 00:00:00+00:00,1046.70000,1074.60000,994.90000,996.60000,34941
2008-10-08 00:00:00+00:00,996.90000,1039.70000,960.00000,975.20000,45439
2008-10-09 00:00:00+00:00,975.50000,1006.90000,902.70000,906.20000,36565
2008-10-10 00:00:00+00:00,906.50000,939.60000,835.20000,885.10000,46527
2008-10-12 00:00:00+00:00,906.80000,927.30000,906.60000,925.50000,2403
2008-10-13 00:00:00+00:00,925.30000,1035.80000,912.60000,1035.30000,35155
2008-10-14 00:00:00+00:00,1035.50000,1063.70000,971.50000,986.70000,39472
2008-10-15 00:00:00+00:00,986.20000,1005.60000,881.80000,888.30000,37314
2008-10-16 00:00:00+00:00,888.50000,947.40000,863.10000,940.60000,40247
2008-10-17 00:00:00+00:00,940.40000,984.80000,905.50000,930.70000,35495
2008-10-19 00:00:00+00:00,935.00000,939.50000,923.60000,939.50000,1539
2008-10-20 00:00:00+00:00,939.30000,990.20000,933.80000,985.20000,31234
2008-10-21 00:00:00+00:00,985.00000,987.70000,946.80000,962.30000,30146
2008-10-22 00:00:00+00:00,962.00000,963.00000,870.30000,906.70000,32206
2008-10-23 00:00:00+00:00,906.50000,921.00000,854.10000,911.30000,37140
2008-10-24 00:00:00+00:00,911.50000,912.00000,840.00000,866.10000,30126
2008-10-26 00:00:00+00:00,862.50000,872.50000,858.50000,866.50000,1439
2008-10-27 00:00:00+00:00,866.70000,891.70000,823.10000,834.30000,38618
2008-10-28 00:00:00+00:00,834.60000,940.60000,831.10000,932.40000,37886
2008-10-29 00:00:00+00:00,932.70000,968.90000,912.20000,932.00000,34573
2008-10-30 00:00:00+00:00,931.70000,966.40000,924.70000,952.50000,33749
2008-10-31 00:00:00+00:00,952.20000,981.90000,938.00000,963.50000,28755
2008-11-02 00:00:00+00:00,964.00000,966.50000,959.80000,963.00000,501
2008-11-03 00:00:00+00:00,962.80000,977.80000,955.10000,965.60000,23715
2008-11-04 00:00:00+00:00,965.80000,1004.80000,962.10000,1001.60000,26103
2008-11-05 00:00:00+00:00,1001.30000,1006.60000,941.20000,945.50000,30933
2008-11-06 00:00:00+00:00,945.20000,956.20000,895.60000,904.80000,31966
2008-11-07 00:00:00+00:00,905.10000,935.80000,899.40000,935.30000,29661
2008-11-09 00:00:00+00:00,939.60000,952.60000,939.40000,951.40000,863
2008-11-10 00:00:00+00:00,951.60000,960.90000,904.00000,917.20000,26997
2008-11-11 00:00:00+00:00,917.00000,925.70000,881.50000,893.30000,26996
2008-11-12 00:00:00+00:00,893.00000,908.50000,839.90000,844.90000,30127
2008-11-13 00:00:00+00:00,844.70000,912.30000,815.50000,906.10000,32981
2008-11-14 00:00:00+00:00,906.40000,916.10000,859.20000,859.70000,31185
2008-11-16 00:00:00+00:00,861.00000,861.80000,855.30000,858.30000,582
2008-11-17 00:00:00+00:00,858.00000,880.50000,845.60000,847.80000,31185
2008-11-18 00:00:00+00:00,848.10000,867.80000,823.60000,858.60000,31843
2008-11-19 00:00:00+00:00,858.90000,864.90000,803.50000,811.00000,31236
2008-11-20 00:00:00+00:00,811.20000,819.70000,744.30000,754.80000,35732
2008-11-21 00:00:00+00:00,754.60000,801.30000,738.10000,790.00000,34375
2008-11-23 00:00:00+00:00,800.10000,805.10000,791.60000,797.90000,1266
2008-11-24 00:00:00+00:00,798.10000,865.30000,782.40000,847.60000,33429
2008-11-25 00:00:00+00:00,847.80000,873.10000,832.60000,848.90000,30874
2008-11-26 00:00:00+00:00,849.10000,886.90000,828.70000,880.90000,27770
2008-11-27 00:00:00+00:00,881.10000,888.90000,874.10000,883.70000,5184
2008-11-28 00:00:00+00:00,883.90000,895.40000,875.70000,893.70000,13746
2008-11-30 00:00:00+00:00,896.50000,896.50000,885.30000,886.00000,538
2008-12-01 00:00:00+00:00,886.00000,890.80000,812.40000,814.10000,26892
2008-12-02 00:00:00+00:00,814.40000,851.40000,812.60000,844.60000,30204
2008-12-03 00:00:00+00:00,844.90000,873.10000,825.40000,865.40000,29014
2008-12-04 00:00:00+00:00,865.70000,874.90000,831.50000,847.50000,29397
2008-12-05 00:00:00+00:00,847.70000,879.00000,816.80000,871.00000,29046
2008-12-07 00:00:00+00:00,871.80000,874.80000,867.60000,870.60000,540
2008-12-08 00:00:00+00:00,870.80000,918.60000,870.60000,898.10000,29411
2008-12-09 00:00:00+00:00,897.80000,915.90000,884.10000,889.90000,28163
2008-12-10 00:00:00+00:00,890.10000,908.40000,884.20000,892.90000,26847
2008-12-11 00:00:00+00:00,892.70000,904.70000,854.70000,854.70000,21169
2008-12-12 00:00:00+00:00,854.50000,887.00000,828.70000,885.20000,22576
2008-12-14 00:00:00+00:00,883.30000,892.80000,880.60000,888.10000,341
2008-12-15 00:00:00+00:00,887.80000,893.30000,857.10000,872.40000,11324
2008-12-16 00:00:00+00:00,872.60000,915.60000,869.40000,913.60000,10589
2008-12-17 00:00:00+00:00,913.40000,919.20000,887.70000,902.40000,9418
2008-12-18 00:00:00+00:00,902.70000,912.70000,876.20000,894.50000,6622
2008-12-19 00:00:00+00:00,894.00000,908.60000,881.70000,886.40000,18073
2008-12-21 00:00:00+00:00,889.10000,890.40000,886.30000,890.10000,277
2008-12-22 00:00:00+00:00,890.40000,896.40000,857.40000,875.00000,18506
2008-12-23 00:00:00+00:00,874.70000,882.70000,859.80000,865.40000,17159
2008-12-24 00:00:00+00:00,865.60000,871.10000,860.50000,869.30000,6498
2008-12-26 00:00:00+00:00,871.00000,876.30000,867.50000,874.00000,5735
2008-12-28 00:00:00+00:00,873.40000,873.90000,870.40000,870.90000,183
2008-12-29 00:00:00+00:00,870.60000,877.90000,857.50000,874.30000,13524
2008-12-30 00:00:00+00:00,874.60000,896.90000,873.00000,895.60000,14660
2008-12-31 00:00:00+00:00,895.40000,912.40000,890.80000,896.10000,12854
2009-01-02 00:00:00+00:00,904.30000,937.20000,900.80000,930.40000,15782
2009-01-04 00:00:00+00:00,929.00000,929.50000,927.00000,927.30000,266
2009-01-05 00:00:00+00:00,927.50000,938.50000,920.70000,931.50000,20512
2009-01-06 00:00:00+00:00,931.20000,946.50000,927.70000,931.70000,20771
2009-01-07 00:00:00+00:00,931.90000,935.90000,902.70000,909.80000,20787
2009-01-08 00:00:00+00:00,909.50000,914.00000,895.40000,912.00000,19708
2009-01-09 00:00:00+00:00,912.20000,918.00000,886.50000,888.80000,20174
2009-01-11 00:00:00+00:00,888.70000,888.70000,883.90000,887.20000,358
2009-01-12 00:00:00+00:00,886.90000,889.20000,863.80000,874.60000,18360
2009-01-13 00:00:00+00:00,874.80000,877.60000,860.50000,873.00000,21993
2009-01-14 00:00:00+00:00,873.30000,878.50000,834.60000,838.30000,24991
2009-01-15 00:00:00+00:00,838.60000,851.80000,816.00000,848.10000,27623
2009-01-16 00:00:00+00:00,847.80000,861.10000,829.70000,852.00000,25325
2009-01-18 00:00:00+00:00,854.90000,869.00000,854.70000,865.00000,610
2009-01-19 00:00:00+00:00,865.20000,865.50000,837.60000,844.40000,6565
2009-01-20 00:00:00+00:00,844.10000,850.40000,800.40000,806.70000,25147
2009-01-21 00:00:00+00:00,806.90000,845.50000,803.40000,842.50000,27901
2009-01-22 00:00:00+00:00,842.70000,847.00000,810.30000,828.90000,26717
2009-01-23 00:00:00+00:00,828.60000,838.90000,802.30000,826.10000,27460
2009-01-25 00:00:00+00:00,826.20000,826.50000,820.70000,822.00000,347
2009-01-26 00:00:00+00:00,821.70000,852.30000,813.40000,837.70000,23819
2009-01-27 00:00:00+00:00,837.50000,855.00000,833.90000,852.50000,22905
2009-01-28 00:00:00+00:00,852.20000,878.20000,851.50000,872.20000,22411
2009-01-29 00:00:00+00:00,872.50000,872.50000,842.80000,847.60000,22535
2009-01-30 00:00:00+00:00,847.80000,851.60000,820.00000,828.50000,23576
2009-02-01 00:00:00+00:00,826.10000,828.60000,825.40000,825.60000,253
2009-02-02 00:00:00+00:00,825.40000,829.80000,808.50000,823.10000,22697
2009-02-03 00:00:00+00:00,823.30000,842.10000,818.30000,834.50000,21974
2009-02-04 00:00:00+00:00,834.30000,851.80000,826.20000,828.50000,21142
2009-02-05 00:00:00+00:00,828.70000,851.00000,818.90000,843.20000,23649
2009-02-06 00:00:00+00:00,843.50000,871.50000,838.90000,870.50000,21337
2009-02-08 00:00:00+00:00,870.10000,870.10000,862.40000,862.90000,497
2009-02-09 00:00:00+00:00,863.10000,875.10000,854.80000,863.30000,17975
2009-02-10 00:00:00+00:00,863.00000,867.80000,821.40000,830.90000,25262
2009-02-11 00:00:00+00:00,830.70000,837.90000,821.60000,832.10000,21720
2009-02-12 00:00:00+00:00,832.40000,838.30000,807.30000,835.10000,24137
2009-02-13 00:00:00+00:00,834.80000,842.10000,820.50000,821.80000,21441
2009-02-15 00:00:00+00:00,815.60000,817.60000,811.60000,815.40000,473
2009-02-16 00:00:00+00:00,815.60000,820.10000,809.80000,812.10000,3862
2009-02-17 00:00:00+00:00,812.30000,813.80000,787.00000,788.00000,23828
2009-02-18 00:00:00+00:00,788.20000,797.70000,777.90000,782.20000,23576
2009-02-19 00:00:00+00:00,781.90000,798.20000,776.40000,779.60000,22366
2009-02-20 00:00:00+00:00,779.90000,780.40000,754.00000,771.10000,25191
2009-02-22 00:00:00+00:00,771.20000,773.20000,764.20000,764.70000,423
2009-02-23 00:00:00+00:00,764.50000,787.50000,740.90000,745.90000,24978
2009-02-24 00:00:00+00:00,745.60000,775.90000,744.60000,772.40000,24688
2009-02-25 00:00:00+00:00,772.60000,780.60000,752.30000,764.60000,24504
2009-02-26 00:00:00+00:00,764.30000,780.00000,751.50000,753.30000,24076
2009-02-27 00:00:00+00:00,753.50000,756.70000,731.50000,733.90000,25508
2009-03-01 00:00:00+00:00,732.10000,734.30000,725.60000,727.80000,629
2009-03-02 00:00:00+00:00,727.60000,729.10000,699.50000,706.80000,25811
2009-03-03 00:00:00+00:00,707.00000,716.00000,682.50000,690.50000,27495
2009-03-04 00:00:00+00:00,690.70000,724.50000,687.20000,709.20000,25735
2009-03-05 00:00:00+00:00,708.90000,712.40000,676.90000,685.90000,25797
2009-03-06 00:00:00+00:00,686.10000,699.90000,666.30000,688.80000,25653
2009-03-08 00:00:00+00:00,689.30000,692.50000,687.70000,692.20000,593
2009-03-09 00:00:00+00:00,692.50000,695.20000,671.20000,676.20000,24908
2009-03-10 00:00:00+00:00,676.40000,721.90000,674.70000,718.20000,23514
2009-03-11 00:00:00+00:00,717.90000,732.70000,712.40000,717.40000,24054
2009-03-12 00:00:00+00:00,717.10000,753.40000,711.60000,750.10000,17901
2009-03-13 00:00:00+00:00,749.90000,761.60000,742.60000,758.80000,12186
2009-03-15 00:00:00+00:00,755.00000,755.20000,750.20000,751.00000,259
2009-03-16 00:00:00+00:00,750.70000,774.90000,750.70000,757.70000,8815
2009-03-17 00:00:00+00:00,757.40000,780.90000,749.60000,777.10000,7069
2009-03-18 00:00:00+00:00,777.40000,804.10000,765.60000,792.30000,7244
2009-03-19 00:00:00+00:00,792.10000,805.30000,780.00000,780.80000,6030
2009-03-20 00:00:00+00:00,781.00000,789.50000,765.10000,767.10000,17208
2009-03-22 00:00:00+00:00,770.30000,773.80000,769.10000,772.60000,554
2009-03-23 00:00:00+00:00,772.30000,824.80000,770.80000,820.00000,24385
2009-03-24 00:00:00+00:00,820.30000,823.70000,804.90000,809.20000,22315
2009-03-25 00:00:00+00:00,809.40000,827.00000,790.50000,814.60000,23885
2009-03-26 00:00:00+00:00,814.40000,834.20000,814.10000,829.70000,23938
2009-03-27 00:00:00+00:00,829.40000,832.70000,813.10000,818.80000,20766
2009-03-29 00:00:00+00:00,816.00000,818.80000,814.70000,816.70000,372
2009-03-30 00:00:00+00:00,817.00000,817.50000,778.80000,791.80000,22461
2009-03-31 00:00:00+00:00,791.60000,810.40000,787.30000,789.50000,21522
2009-04-01 00:00:00+00:00,789.00000,813.60000,782.20000,811.80000,23456
2009-04-02 00:00:00+00:00,811.60000,845.70000,810.60000,838.40000,26388
2009-04-03 00:00:00+00:00,838.60000,847.40000,826.10000,844.10000,21466
2009-04-05 00:00:00+00:00,843.30000,851.10000,841.80000,847.60000,671
2009-04-06 00:00:00+00:00,847.30000,851.30000,821.90000,834.50000,21425
2009-04-07 00:00:00+00:00,834.70000,836.70000,813.90000,818.40000,21330
2009-04-08 00:00:00+00:00,818.60000,828.90000,805.30000,826.60000,21245
2009-04-09 00:00:00+00:00,826.30000,857.70000,826.30000,855.70000,20529
2009-04-12 00:00:00+00:00,851.80000,852.50000,848.50000,849.00000,445
2009-04-13 00:00:00+00:00,849.30000,864.30000,844.50000,856.20000,16188
2009-04-14 00:00:00+00:00,856.00000,860.50000,835.90000,837.40000,21842
2009-04-15 00:00:00+00:00,837.60000,853.40000,834.60000,851.60000,21430
2009-04-16 00:00:00+00:00,851.40000,869.90000,843.10000,862.10000,22857
2009-04-17 00:00:00+00:00,861.90000,874.90000,856.60000,869.90000,19402
2009-04-19 00:00:00+00:00,868.30000,868.30000,864.50000,865.20000,372
2009-04-20 00:00:00+00:00,865.00000,866.30000,831.40000,836.10000,20921
2009-04-21 00:00:00+00:00,835.90000,851.40000,825.50000,847.40000,23839
2009-04-22 00:00:00+00:00,847.10000,861.40000,837.80000,841.00000,24797
2009-04-23 00:00:00+00:00,841.30000,856.30000,833.70000,851.50000,22617
2009-04-24 00:00:00+00:00,851.30000,871.30000,844.00000,869.00000,20996
2009-04-26 00:00:00+00:00,865.70000,865.70000,855.90000,857.90000,740
2009-04-27 00:00:00+00:00,857.70000,868.10000,849.10000,854.40000,21290
2009-04-28 00:00:00+00:00,854.10000,863.60000,841.00000,853.00000,20675
2009-04-29 00:00:00+00:00,852.80000,881.60000,852.80000,869.50000,20311
2009-04-30 00:00:00+00:00,869.80000,889.30000,866.30000,869.80000,23244
2009-05-01 00:00:00+00:00,870.00000,880.50000,864.70000,878.70000,18138
2009-05-03 00:00:00+00:00,878.10000,884.20000,878.10000,882.90000,479
2009-05-04 00:00:00+00:00,882.60000,906.90000,880.10000,904.40000,19835
2009-05-05 00:00:00+00:00,904.70000,907.10000,895.90000,904.90000,18771
2009-05-06 00:00:00+00:00,904.60000,920.10000,893.10000,917.30000,22947
2009-05-07 00:00:00+00:00,917.60000,930.60000,900.00000,914.30000,24150
2009-05-08 00:00:00+00:00,914.00000,929.80000,911.80000,926.30000,22121
2009-05-10 00:00:00+00:00,922.90000,924.90000,919.70000,922.40000,433
2009-05-11 00:00:00+00:00,922.70000,923.40000,905.10000,905.80000,19205
2009-05-12 00:00:00+00:00,905.60000,917.10000,895.80000,909.30000,20767
2009-05-13 00:00:00+00:00,909.50000,913.00000,881.70000,886.00000,22603
2009-05-14 00:00:00+00:00,886.20000,898.40000,880.40000,892.40000,20760
2009-05-15 00:00:00+00:00,892.20000,897.10000,878.40000,884.40000,19192
2009-05-17 00:00:00+00:00,883.80000,884.50000,881.50000,881.50000,403
2009-05-18 00:00:00+00:00,881.80000,910.30000,876.70000,909.30000,18302
2009-05-19 00:00:00+00:00,909.00000,917.30000,903.70000,908.00000,20530
2009-05-20 00:00:00+00:00,907.70000,925.00000,898.90000,900.60000,20752
2009-05-21 00:00:00+00:00,900.40000,900.90000,879.10000,890.10000,20443
2009-05-22 00:00:00+00:00,889.80000,897.30000,883.30000,886.50000,17250
2009-05-24 00:00:00+00:00,886.20000,888.90000,886.20000,888.20000,152
2009-05-25 00:00:00+00:00,888.40000,892.20000,879.40000,888.90000,3432
2009-05-26 00:00:00+00:00,888.60000,912.10000,877.90000,909.40000,18357
2009-05-27 00:00:00+00:00,909.10000,915.10000,889.50000,891.00000,19554
2009-05-28 00:00:00+00:00,890.80000,909.80000,887.30000,905.50000,20210
2009-05-29 00:00:00+00:00,905.30000,926.00000,903.20000,923.00000,16539
2009-05-31 00:00:00+00:00,921.10000,921.90000,918.60000,918.90000,370
2009-06-01 00:00:00+00:00,918.90000,948.10000,917.40000,940.40000,19002
2009-06-02 00:00:00+00:00,940.10000,949.60000,935.40000,941.30000,16943
2009-06-03 00:00:00+00:00,941.60000,946.60000,923.30000,930.30000,18232
2009-06-04 00:00:00+00:00,930.50000,942.70000,928.70000,942.20000,17507
2009-06-05 00:00:00+00:00,942.50000,958.20000,933.90000,940.90000,18802
2009-06-07 00:00:00+00:00,940.10000,940.10000,935.10000,936.60000,329
2009-06-08 00:00:00+00:00,936.80000,947.00000,926.30000,940.80000,16997
2009-06-09 00:00:00+00:00,940.50000,947.50000,934.80000,938.50000,16803
2009-06-10 00:00:00+00:00,938.70000,955.50000,927.40000,941.70000,19159
2009-06-11 00:00:00+00:00,941.40000,956.90000,937.10000,941.60000,13236
2009-06-12 00:00:00+00:00,941.90000,946.80000,935.60000,945.30000,6972
2009-06-14 00:00:00+00:00,943.00000,943.00000,940.00000,941.50000,129
2009-06-15 00:00:00+00:00,941.20000,941.20000,919.40000,923.90000,6616
2009-06-16 00:00:00+00:00,924.20000,928.90000,910.10000,911.10000,5170
2009-06-17 00:00:00+00:00,911.40000,918.60000,903.60000,913.60000,4594
2009-06-18 00:00:00+00:00,913.80000,922.00000,907.50000,919.80000,3648
2009-06-19 00:00:00+00:00,919.50000,928.00000,915.90000,921.00000,12793
2009-06-21 00:00:00+00:00,919.30000,921.10000,918.80000,919.60000,178
2009-06-22 00:00:00+00:00,919.80000,924.10000,892.40000,894.60000,17883
2009-06-23 00:00:00+00:00,894.40000,898.90000,888.80000,894.30000,18210
2009-06-24 00:00:00+00:00,894.60000,911.10000,892.80000,902.10000,17622
2009-06-25 00:00:00+00:00,902.30000,922.40000,895.50000,919.90000,19783
2009-06-26 00:00:00+00:00,919.60000,923.60000,913.00000,918.30000,16156
2009-06-28 00:00:00+00:00,917.40000,918.00000,915.40000,916.20000,213
2009-06-29 00:00:00+00:00,916.40000,928.50000,911.60000,925.70000,14476
2009-06-30 00:00:00+00:00,925.40000,930.70000,912.60000,919.30000,17479
2009-07-01 00:00:00+00:00,919.60000,932.60000,917.80000,923.80000,15378
2009-07-02 00:00:00+00:00,923.60000,923.80000,896.90000,897.40000,16421
2009-07-03 00:00:00+00:00,900.60000,900.60000,896.80000,897.60000,447
2009-07-05 00:00:00+00:00,896.00000,897.70000,892.70000,893.00000,343
2009-07-06 00:00:00+00:00,893.20000,900.20000,885.90000,898.90000,16277
2009-07-07 00:00:00+00:00,898.70000,902.20000,879.00000,881.50000,16483
2009-07-08 00:00:00+00:00,881.80000,887.30000,869.00000,879.70000,19808
2009-07-09 00:00:00+00:00,879.50000,888.20000,878.20000,882.50000,16917
2009-07-10 00:00:00+00:00,882.70000,883.90000,872.40000,877.60000,15852
2009-07-12 00:00:00+00:00,878.30000,880.80000,877.50000,880.00000,263
2009-07-13 00:00:00+00:00,880.30000,901.30000,869.00000,898.50000,19123
2009-07-14 00:00:00+00:00,898.80000,916.10000,896.30000,913.60000,18154
2009-07-15 00:00:00+00:00,913.80000,934.30000,912.00000,928.10000,17840
2009-07-16 00:00:00+00:00,928.30000,944.30000,924.50000,937.00000,18374
2009-07-17 00:00:00+00:00,937.30000,942.30000,931.50000,941.00000,14957
2009-07-19 00:00:00+00:00,940.40000,940.40000,937.10000,937.90000,306
2009-07-20 00:00:00+00:00,938.10000,952.60000,937.60000,949.60000,15440
2009-07-21 00:00:00+00:00,949.90000,959.60000,942.80000,955.10000,18064
2009-07-22 00:00:00+00:00,954.80000,960.00000,946.80000,952.50000,16818
2009-07-23 00:00:00+00:00,952.30000,979.80000,952.00000,968.30000,18660
2009-07-24 00:00:00+00:00,968.50000,982.30000,965.70000,982.30000,16006
2009-07-26 00:00:00+00:00,980.10000,980.10000,976.90000,978.40000,311
2009-07-27 00:00:00+00:00,978.10000,987.10000,972.10000,980.80000,15531
2009-07-28 00:00:00+00:00,980.60000,984.60000,969.00000,975.50000,16272
2009-07-29 00:00:00+00:00,975.20000,979.50000,967.00000,978.20000,17578
2009-07-30 00:00:00+00:00,977.90000,997.00000,976.70000,985.40000,18785
2009-07-31 00:00:00+00:00,985.10000,993.40000,981.10000,984.60000,15782
2009-08-02 00:00:00+00:00,985.50000,989.20000,985.20000,987.50000,326
2009-08-03 00:00:00+00:00,987.70000,1004.20000,984.70000,1003.00000,16958
2009-08-04 00:00:00+00:00,1003.50000,1008.40000,994.70000,1007.20000,16492
2009-08-05 00:00:00+00:00,1007.40000,1009.10000,993.90000,999.80000,16983
2009-08-06 00:00:00+00:00,1000.10000,1009.80000,992.30000,997.30000,17044
2009-08-07 00:00:00+00:00,997.50000,1018.50000,992.50000,1009.00000,18112
2009-08-09 00:00:00+00:00,1008.10000,1008.90000,1006.10000,1007.40000,291
2009-08-10 00:00:00+00:00,1007.60000,1010.10000,1000.60000,1008.10000,14649
2009-08-11 00:00:00+00:00,1007.80000,1013.00000,992.20000,995.00000,15894
2009-08-12 00:00:00+00:00,995.20000,1013.50000,988.20000,1005.70000,17458
2009-08-13 00:00:00+00:00,1005.40000,1017.40000,1000.40000,1014.60000,17003
2009-08-14 00:00:00+00:00,1014.40000,1017.90000,994.30000,1008.30000,16774
2009-08-16 00:00:00+00:00,1006.20000,1006.20000,1004.00000,1005.00000,258
2009-08-17 00:00:00+00:00,1004.70000,1005.00000,977.30000,980.60000,19053
2009-08-18 00:00:00+00:00,980.30000,991.80000,979.30000,990.50000,16743
2009-08-19 00:00:00+00:00,990.30000,1000.50000,978.50000,998.30000,17778
2009-08-20 00:00:00+00:00,998.50000,1009.50000,996.00000,1005.70000,15396
2009-08-21 00:00:00+00:00,1005.50000,1028.70000,998.20000,1027.20000,16324
2009-08-23 00:00:00+00:00,1026.60000,1028.60000,1026.10000,1026.80000,346
2009-08-24 00:00:00+00:00,1027.10000,1036.50000,1022.80000,1023.80000,16302
2009-08-25 00:00:00+00:00,1023.50000,1039.00000,1019.70000,1023.90000,16900
2009-08-26 00:00:00+00:00,1024.20000,1033.20000,1021.60000,1027.10000,15903
2009-08-27 00:00:00+00:00,1027.40000,1034.10000,1016.10000,1031.10000,17652
2009-08-28 00:00:00+00:00,1030.80000,1040.00000,1023.30000,1028.80000,15985
2009-08-30 00:00:00+00:00,1027.60000,1027.90000,1025.60000,1026.90000,251
2009-08-31 00:00:00+00:00,1027.10000,1032.10000,1014.30000,1021.10000,15211
2009-09-01 00:00:00+00:00,1021.10000,1028.80000,996.20000,997.00000,20763
2009-09-02 00:00:00+00:00,997.20000,1002.00000,991.90000,995.40000,16157
2009-09-03 00:00:00+00:00,995.20000,1005.10000,992.10000,1003.60000,15749
2009-09-04 00:00:00+00:00,1003.40000,1017.10000,1000.90000,1014.80000,15774
2009-09-06 00:00:00+00:00,1014.20000,1016.20000,1013.20000,1013.50000,259
2009-09-07 00:00:00+00:00,1013.20000,1023.70000,1012.90000,1020.40000,2600
2009-09-08 00:00:00+00:00,1020.60000,1027.60000,1019.10000,1024.30000,14335
2009-09-09 00:00:00+00:00,1024.10000,1036.80000,1019.30000,1031.80000,16127
2009-09-10 00:00:00+00:00,1031.50000,1044.50000,1028.00000,1040.50000,11838
2009-09-11 00:00:00+00:00,1040.70000,1048.70000,1038.40000,1042.20000,7106
2009-09-13 00:00:00+00:00,1040.80000,1040.80000,1037.30000,1038.30000,151
2009-09-14 00:00:00+00:00,1038.00000,1050.00000,1030.30000,1046.70000,5917
2009-09-15 00:00:00+00:00,1046.50000,1056.40000,1042.90000,1051.20000,4443
2009-09-16 00:00:00+00:00,1051.40000,1069.40000,1049.90000,1068.80000,3707
2009-09-17 00:00:00+00:00,1068.60000,1075.60000,1061.10000,1065.30000,3487
2009-09-18 00:00:00+00:00,1065.00000,1073.00000,1060.80000,1066.50000,12140
2009-09-20 00:00:00+00:00,1064.80000,1066.10000,1063.00000,1065.60000,259
2009-09-21 00:00:00+00:00,1065.30000,1068.30000,1057.20000,1066.50000,15797
2009-09-22 00:00:00+00:00,1066.80000,1074.80000,1066.00000,1073.20000,14617
2009-09-23 00:00:00+00:00,1073.00000,1081.20000,1060.60000,1062.90000,16054
2009-09-24 00:00:00+00:00,1062.60000,1069.40000,1046.20000,1048.50000,19453
2009-09-25 00:00:00+00:00,1048.70000,1054.70000,1041.40000,1046.20000,16907
2009-09-27 00:00:00+00:00,1047.30000,1049.80000,1043.50000,1044.50000,399
2009-09-28 00:00:00+00:00,1044.30000,1066.10000,1040.80000,1065.10000,16795
2009-09-29 00:00:00+00:00,1065.30000,1070.80000,1058.20000,1060.70000,15859
2009-09-30 00:00:00+00:00,1061.00000,1067.20000,1046.40000,1059.20000,18900
2009-10-01 00:00:00+00:00,1059.20000,1060.90000,1029.20000,1030.00000,19259
2009-10-02 00:00:00+00:00,1030.20000,1031.70000,1016.60000,1026.60000,18565
2009-10-04 00:00:00+00:00,1026.30000,1030.30000,1024.00000,1027.30000,414
2009-10-05 00:00:00+00:00,1027.50000,1043.00000,1025.70000,1041.00000,15248
2009-10-06 00:00:00+00:00,1040.80000,1061.30000,1040.00000,1054.50000,18251
2009-10-07 00:00:00+00:00,1054.30000,1064.20000,1050.00000,1063.20000,15260
2009-10-08 00:00:00+00:00,1063.50000,1071.70000,1061.20000,1068.70000,16570
2009-10-09 00:00:00+00:00,1069.00000,1072.90000,1062.90000,1072.70000,13746
2009-10-11 00:00:00+00:00,1072.00000,1075.30000,1072.00000,1074.50000,257
2009-10-12 00:00:00+00:00,1074.80000,1081.00000,1071.30000,1075.00000,12774
2009-10-13 00:00:00+00:00,1075.20000,1084.50000,1067.20000,1081.70000,15347
2009-10-14 00:00:00+00:00,1081.40000,1093.90000,1079.90000,1092.90000,16538
2009-10-15 00:00:00+00:00,1092.70000,1097.40000,1084.60000,1095.60000,15744
2009-10-16 00:00:00+00:00,1095.40000,1099.60000,1081.50000,1086.30000,17191
2009-10-18 00:00:00+00:00,1084.10000,1084.90000,1082.40000,1084.10000,329
2009-10-19 00:00:00+00:00,1083.90000,1100.60000,1080.10000,1099.40000,16156
2009-10-20 00:00:00+00:00,1099.10000,1102.80000,1085.80000,1091.80000,16250
2009-10-21 00:00:00+00:00,1091.50000,1102.30000,1076.40000,1081.40000,17806
2009-10-22 00:00:00+00:00,1081.20000,1097.70000,1073.90000,1097.20000,18727
2009-10-23 00:00:00+00:00,1097.40000,1098.90000,1075.00000,1080.00000,17686
2009-10-25 00:00:00+00:00,1079.90000,1082.90000,1078.40000,1079.40000,343
2009-10-26 00:00:00+00:00,1079.20000,1091.90000,1064.60000,1068.10000,17771
2009-10-27 00:00:00+00:00,1068.30000,1073.00000,1060.50000,1066.00000,18137
2009-10-28 00:00:00+00:00,1065.70000,1066.20000,1040.40000,1041.10000,20849
2009-10-29 00:00:00+00:00,1041.40000,1067.10000,1040.60000,1064.40000,19310
2009-10-30 00:00:00+00:00,1064.60000,1065.60000,1032.50000,1035.00000,20426
2009-11-01 00:00:00+00:00,1034.10000,1037.30000,1031.30000,1037.30000,503
2009-11-02 00:00:00+00:00,1037.10000,1052.30000,1028.80000,1043.30000,21363
2009-11-03 00:00:00+00:00,1043.00000,1046.60000,1029.20000,1045.80000,20980
2009-11-04 00:00:00+00:00,1045.50000,1061.00000,1044.20000,1047.40000,18038
2009-11-05 00:00:00+00:00,1047.20000,1067.20000,1041.70000,1065.40000,17919
2009-11-06 00:00:00+00:00,1065.20000,1071.90000,1056.10000,1069.10000,17031
2009-11-08 00:00:00+00:00,1068.30000,1070.00000,1068.00000,1068.80000,228
2009-11-09 00:00:00+00:00,1068.50000,1094.50000,1067.50000,1093.50000,17043
2009-11-10 00:00:00+00:00,1093.70000,1097.00000,1087.40000,1096.40000,15872
2009-11-11 00:00:00+00:00,1096.70000,1105.70000,1093.60000,1099.10000,15812
2009-11-12 00:00:00+00:00,1098.90000,1103.30000,1084.80000,1089.30000,17260
2009-11-13 00:00:00+00:00,1089.00000,1098.30000,1085.00000,1093.70000,14755
2009-11-15 00:00:00+00:00,1094.10000,1100.60000,1093.10000,1100.10000,395
2009-11-16 00:00:00+00:00,1100.40000,1114.30000,1097.10000,1108.30000,16168
2009-11-17 00:00:00+00:00,1108.60000,1111.00000,1102.00000,1110.80000,15084
2009-11-18 00:00:00+00:00,1110.50000,1112.80000,1103.00000,1110.40000,14439
2009-11-19 00:00:00+00:00,1110.70000,1110.90000,1088.40000,1093.30000,16529
2009-11-20 00:00:00+00:00,1093.60000,1096.80000,1085.30000,1091.80000,13785
2009-11-22 00:00:00+00:00,1091.40000,1092.70000,1090.70000,1091.70000,151
2009-11-23 00:00:00+00:00,1091.90000,1113.10000,1091.90000,1104.60000,13635
2009-11-24 00:00:00+00:00,1104.80000,1108.60000,1097.50000,1104.80000,13950
2009-11-25 00:00:00+00:00,1105.00000,1112.80000,1104.30000,1110.00000,11511
2009-11-26 00:00:00+00:00,1109.70000,1112.70000,1084.40000,1087.10000,6052
2009-11-27 00:00:00+00:00,1086.90000,1099.60000,1068.30000,1090.60000,16204
2009-11-29 00:00:00+00:00,1092.70000,1097.50000,1092.70000,1095.00000,464
2009-11-30 00:00:00+00:00,1095.20000,1099.00000,1085.70000,1093.90000,17560
2009-12-01 00:00:00+00:00,1094.10000,1112.90000,1093.60000,1109.30000,16406
2009-12-02 00:00:00+00:00,1109.60000,1116.30000,1105.30000,1111.80000,14346
2009-12-03 00:00:00+00:00,1111.50000,1118.00000,1097.20000,1099.50000,15166
2009-12-04 00:00:00+00:00,1099.20000,1119.90000,1096.20000,1109.40000,19250
2009-12-06 00:00:00+00:00,1108.80000,1111.50000,1107.80000,1109.80000,303
2009-12-07 00:00:00+00:00,1109.50000,1111.50000,1099.50000,1106.20000,13976
2009-12-08 00:00:00+00:00,1106.40000,1108.20000,1088.40000,1090.90000,16414
2009-12-09 00:00:00+00:00,1091.10000,1098.10000,1085.60000,1097.30000,15941
2009-12-10 00:00:00+00:00,1097.60000,1106.80000,1093.00000,1104.80000,10532
2009-12-11 00:00:00+00:00,1104.50000,1111.00000,1101.70000,1108.90000,6965
2009-12-13 00:00:00+00:00,1107.80000,1108.80000,1106.80000,1107.50000,73
2009-12-14 00:00:00+00:00,1107.30000,1118.30000,1104.80000,1112.70000,4913
2009-12-15 00:00:00+00:00,1112.50000,1116.00000,1105.40000,1109.20000,3824
2009-12-16 00:00:00+00:00,1109.40000,1116.90000,1107.90000,1110.10000,3172
2009-12-17 00:00:00+00:00,1110.40000,1111.10000,1095.80000,1099.30000,2811
2009-12-18 00:00:00+00:00,1099.00000,1107.50000,1093.20000,1102.50000,11419
2009-12-20 00:00:00+00:00,1103.40000,1104.40000,1101.10000,1103.40000,201
2009-12-21 00:00:00+00:00,1103.10000,1117.70000,1101.90000,1114.60000,11791
2009-12-22 00:00:00+00:00,1114.40000,1120.40000,1113.60000,1118.10000,10948
2009-12-23 00:00:00+00:00,1117.80000,1124.30000,1115.80000,1120.50000,8583
2009-12-24 00:00:00+00:00,1120.80000,1127.00000,1119.80000,1126.80000,5383
2009-12-27 00:00:00+00:00,1124.80000,1125.10000,1121.80000,1123.60000,240
2009-12-28 00:00:00+00:00,1123.80000,1130.30000,1122.80000,1127.80000,7645
2009-12-29 00:00:00+00:00,1128.00000,1132.50000,1124.80000,1126.00000,7975
2009-12-30 00:00:00+00:00,1125.70000,1127.20000,1117.70000,1126.40000,8428
2009-12-31 00:00:00+00:00,1126.70000,1129.40000,1114.10000,1117.10000,7825
2010-01-03 00:00:00+00:00,1117.70000,1120.50000,1117.20000,1119.00000,237
2010-01-04 00:00:00+00:00,1119.20000,1133.70000,1117.90000,1132.20000,12768
2010-01-05 00:00:00+00:00,1132.50000,1136.90000,1128.90000,1134.90000,12427
2010-01-06 00:00:00+00:00,1135.20000,1139.40000,1131.10000,1136.10000,11749
2010-01-07 00:00:00+00:00,1136.30000,1142.60000,1130.80000,1141.30000,12803
2010-01-08 00:00:00+00:00,1141.10000,1145.50000,1134.80000,1145.30000,11745
2010-01-10 00:00:00+00:00,1145.40000,1149.70000,1144.40000,1149.20000,337
2010-01-11 00:00:00+00:00,1149.40000,1151.70000,1141.40000,1143.10000,12430
2010-01-12 00:00:00+00:00,1143.40000,1146.60000,1131.30000,1137.80000,15281
2010-01-13 00:00:00+00:00,1138.00000,1148.80000,1132.70000,1145.50000,13950
2010-01-14 00:00:00+00:00,1145.30000,1150.70000,1141.70000,1148.50000,11769
2010-01-15 00:00:00+00:00,1148.20000,1149.50000,1130.90000,1135.60000,14664
2010-01-17 00:00:00+00:00,1135.00000,1135.30000,1133.00000,1134.50000,163
2010-01-18 00:00:00+00:00,1134.80000,1140.70000,1132.80000,1140.20000,3019
2010-01-19 00:00:00+00:00,1140.50000,1150.20000,1129.40000,1147.40000,13224
2010-01-20 00:00:00+00:00,1147.70000,1149.70000,1128.30000,1138.60000,17319
2010-01-21 00:00:00+00:00,1138.90000,1142.30000,1111.50000,1113.50000,19874
2010-01-22 00:00:00+00:00,1113.20000,1118.70000,1089.10000,1094.40000,20553
2010-01-24 00:00:00+00:00,1096.80000,1099.80000,1096.30000,1099.30000,395
2010-01-25 00:00:00+00:00,1099.00000,1105.80000,1092.50000,1095.70000,17254
2010-01-26 00:00:00+00:00,1095.20000,1102.70000,1083.70000,1092.70000,18671
2010-01-27 00:00:00+00:00,1092.90000,1100.40000,1081.10000,1099.10000,18606
2010-01-28 00:00:00+00:00,1098.90000,1106.10000,1077.00000,1080.30000,21324
2010-01-29 00:00:00+00:00,1080.50000,1095.80000,1069.00000,1071.50000,20786
2010-01-31 00:00:00+00:00,1072.40000,1074.90000,1070.40000,1073.90000,421
2010-02-01 00:00:00+00:00,1073.90000,1088.90000,1070.90000,1088.30000,16195
2010-02-02 00:00:00+00:00,1088.10000,1103.80000,1084.30000,1100.60000,16178
2010-02-03 00:00:00+00:00,1100.80000,1102.60000,1092.80000,1099.30000,17315
2010-02-04 00:00:00+00:00,1099.50000,1099.80000,1061.40000,1065.70000,19281
2010-02-05 00:00:00+00:00,1065.40000,1067.10000,1042.80000,1062.10000,24042
2010-02-07 00:00:00+00:00,1064.00000,1064.30000,1060.20000,1062.00000,269
2010-02-08 00:00:00+00:00,1062.20000,1070.50000,1054.90000,1057.40000,17287
2010-02-09 00:00:00+00:00,1057.20000,1078.90000,1056.40000,1069.40000,19572
2010-02-10 00:00:00+00:00,1069.20000,1074.40000,1058.10000,1066.60000,17683
2010-02-11 00:00:00+00:00,1066.30000,1081.60000,1059.30000,1078.60000,18319
2010-02-12 00:00:00+00:00,1078.80000,1081.00000,1061.80000,1080.80000,19792
2010-02-14 00:00:00+00:00,1079.20000,1079.40000,1076.70000,1078.20000,207
2010-02-15 00:00:00+00:00,1078.40000,1080.60000,1075.20000,1077.40000,2571
2010-02-16 00:00:00+00:00,1077.10000,1096.10000,1076.90000,1095.80000,14568
2010-02-17 00:00:00+00:00,1095.60000,1101.60000,1094.30000,1100.00000,14993
2010-02-18 00:00:00+00:00,1100.30000,1108.30000,1094.80000,1096.50000,15993
2010-02-19 00:00:00+00:00,1096.20000,1112.50000,1094.00000,1107.70000,15407
2010-02-21 00:00:00+00:00,1107.30000,1109.60000,1107.10000,1109.60000,195
2010-02-22 00:00:00+00:00,1109.30000,1114.10000,1104.80000,1108.50000,12833
2010-02-23 00:00:00+00:00,1108.30000,1114.00000,1091.50000,1097.20000,16329
2010-02-24 00:00:00+00:00,1097.00000,1106.50000,1093.70000,1104.40000,15078
2010-02-25 00:00:00+00:00,1104.20000,1104.70000,1085.60000,1104.40000,18463
2010-02-26 00:00:00+00:00,1104.10000,1108.60000,1097.30000,1106.30000,14581
2010-02-28 00:00:00+00:00,1106.50000,1111.20000,1106.50000,1109.70000,339
2010-03-01 00:00:00+00:00,1109.70000,1116.40000,1105.20000,1115.20000,14488
2010-03-02 00:00:00+00:00,1114.90000,1123.70000,1113.70000,1118.40000,13749
2010-03-03 00:00:00+00:00,1118.60000,1125.80000,1115.90000,1118.60000,13594
2010-03-04 00:00:00+00:00,1118.80000,1124.30000,1114.80000,1123.80000,12272
2010-03-05 00:00:00+00:00,1124.00000,1139.50000,1123.30000,1137.20000,14195
2010-03-07 00:00:00+00:00,1136.90000,1138.10000,1136.40000,1137.90000,125
2010-03-08 00:00:00+00:00,1137.60000,1141.10000,1135.60000,1136.30000,11521
2010-03-09 00:00:00+00:00,1136.10000,1145.50000,1132.00000,1140.00000,14065
2010-03-10 00:00:00+00:00,1140.30000,1148.50000,1138.30000,1145.00000,13629
2010-03-11 00:00:00+00:00,1144.70000,1151.40000,1138.90000,1150.90000,9337
2010-03-12 00:00:00+00:00,1150.70000,1157.10000,1147.10000,1151.60000,6830
2010-03-14 00:00:00+00:00,1151.30000,1151.30000,1149.50000,1150.80000,79
2010-03-15 00:00:00+00:00,1150.50000,1152.50000,1141.50000,1151.20000,4283
2010-03-16 00:00:00+00:00,1151.00000,1160.70000,1149.20000,1159.40000,3455
2010-03-17 00:00:00+00:00,1159.60000,1170.10000,1159.10000,1168.10000,2715
2010-03-18 00:00:00+00:00,1167.80000,1168.10000,1161.00000,1165.30000,2203
2010-03-19 00:00:00+00:00,1165.80000,1170.30000,1155.40000,1161.50000,11238
2010-03-22 00:00:00+00:00,1154.80000,1168.80000,1151.80000,1168.30000,12976
2010-03-23 00:00:00+00:00,1168.50000,1175.50000,1164.00000,1174.00000,13034
2010-03-24 00:00:00+00:00,1173.80000,1174.80000,1165.90000,1169.70000,14144
2010-03-25 00:00:00+00:00,1169.40000,1181.40000,1163.10000,1165.10000,14445
2010-03-26 00:00:00+00:00,1164.90000,1174.60000,1161.30000,1168.30000,14382
2010-03-28 00:00:00+00:00,1169.50000,1171.70000,1169.20000,1170.00000,254
2010-03-29 00:00:00+00:00,1170.20000,1175.70000,1168.70000,1173.90000,11661
2010-03-30 00:00:00+00:00,1173.70000,1178.40000,1168.90000,1174.10000,11369
2010-03-31 00:00:00+00:00,1173.90000,1175.10000,1165.80000,1172.80000,13116
2010-04-01 00:00:00+00:00,1173.50000,1182.00000,1170.30000,1177.50000,13888
2010-04-02 00:00:00+00:00,1177.30000,1183.00000,1174.70000,1182.20000,1492
2010-04-04 00:00:00+00:00,1183.10000,1184.90000,1182.60000,1183.60000,281
2010-04-05 00:00:00+00:00,1183.30000,1188.10000,1178.80000,1187.10000,10279
2010-04-06 00:00:00+00:00,1187.30000,1192.30000,1181.50000,1188.50000,12619
2010-04-07 00:00:00+00:00,1188.30000,1190.50000,1177.40000,1181.40000,13239
2010-04-08 00:00:00+00:00,1181.20000,1189.20000,1175.40000,1188.40000,14338
2010-04-09 00:00:00+00:00,1188.10000,1197.10000,1187.10000,1197.10000,11163
2010-04-11 00:00:00+00:00,1198.80000,1202.50000,1198.80000,1201.80000,527
2010-04-12 00:00:00+00:00,1201.50000,1202.00000,1194.70000,1195.40000,11568
2010-04-13 00:00:00+00:00,1195.20000,1200.10000,1188.90000,1199.10000,12099
2010-04-14 00:00:00+00:00,1198.90000,1211.40000,1198.40000,1210.40000,12842
2010-04-15 00:00:00+00:00,1210.10000,1214.30000,1204.80000,1209.30000,13866
2010-04-16 00:00:00+00:00,1209.00000,1211.30000,1186.40000,1193.40000,18120
2010-04-18 00:00:00+00:00,1189.60000,1190.80000,1189.30000,1190.60000,405
2010-04-19 00:00:00+00:00,1190.30000,1199.80000,1183.30000,1199.80000,17711
2010-04-20 00:00:00+00:00,1200.00000,1212.00000,1197.50000,1210.00000,14941
2010-04-21 00:00:00+00:00,1209.80000,1213.00000,1198.40000,1201.70000,15329
2010-04-22 00:00:00+00:00,1201.40000,1210.40000,1189.80000,1204.40000,17333
2010-04-23 00:00:00+00:00,1204.60000,1217.10000,1200.80000,1216.10000,14752
2010-04-25 00:00:00+00:00,1214.50000,1214.70000,1213.20000,1214.20000,275
2010-04-26 00:00:00+00:00,1214.50000,1220.00000,1209.90000,1210.90000,12624
2010-04-27 00:00:00+00:00,1210.60000,1213.10000,1180.50000,1185.80000,19291
2010-04-28 00:00:00+00:00,1185.50000,1195.00000,1179.70000,1194.00000,21421
2010-04-29 00:00:00+00:00,1193.70000,1209.20000,1191.00000,1206.00000,16586
2010-04-30 00:00:00+00:00,1206.20000,1210.90000,1185.60000,1188.90000,17695
2010-05-02 00:00:00+00:00,1187.20000,1192.00000,1186.70000,1190.70000,506
2010-05-03 00:00:00+00:00,1190.50000,1204.70000,1186.50000,1200.50000,15509
2010-05-04 00:00:00+00:00,1200.70000,1202.50000,1166.80000,1172.80000,20703
2010-05-05 00:00:00+00:00,1173.10000,1177.60000,1157.50000,1169.00000,21256
2010-05-06 00:00:00+00:00,1169.30000,1171.20000,1059.00000,1122.40000,28174
2010-05-07 00:00:00+00:00,1122.10000,1137.60000,1093.30000,1110.00000,33988
2010-05-09 00:00:00+00:00,1127.50000,1133.00000,1123.70000,1127.50000,1846
2010-05-10 00:00:00+00:00,1127.70000,1164.30000,1127.20000,1157.20000,28042
2010-05-11 00:00:00+00:00,1157.50000,1171.20000,1142.70000,1150.10000,23657
2010-05-12 00:00:00+00:00,1150.40000,1173.40000,1143.10000,1170.60000,21003
2010-05-13 00:00:00+00:00,1170.90000,1176.90000,1156.00000,1157.30000,18125
2010-05-14 00:00:00+00:00,1157.50000,1161.50000,1125.70000,1137.00000,22190
2010-05-16 00:00:00+00:00,1135.60000,1137.80000,1130.80000,1135.30000,747
2010-05-17 00:00:00+00:00,1135.10000,1142.10000,1114.50000,1138.30000,23997
2010-05-18 00:00:00+00:00,1138.00000,1149.00000,1109.70000,1109.90000,23822
2010-05-19 00:00:00+00:00,1110.20000,1124.40000,1100.40000,1116.90000,27324
2010-05-20 00:00:00+00:00,1117.10000,1117.40000,1063.00000,1068.50000,30611
2010-05-21 00:00:00+00:00,1068.80000,1090.30000,1052.70000,1086.20000,30549
2010-05-23 00:00:00+00:00,1086.90000,1087.60000,1082.40000,1083.10000,711
2010-05-24 00:00:00+00:00,1082.90000,1089.80000,1064.30000,1065.50000,23894
2010-05-25 00:00:00+00:00,1065.80000,1085.30000,1038.20000,1083.30000,30234
2010-05-26 00:00:00+00:00,1083.50000,1090.70000,1056.70000,1064.40000,24341
2010-05-27 00:00:00+00:00,1064.20000,1105.20000,1062.70000,1102.90000,24207
2010-05-28 00:00:00+00:00,1102.70000,1107.90000,1084.40000,1088.60000,21008
2010-05-30 00:00:00+00:00,1089.50000,1093.30000,1086.80000,1093.00000,419
2010-05-31 00:00:00+00:00,1093.30000,1097.00000,1089.70000,1090.50000,3228
2010-06-01 00:00:00+00:00,1089.70000,1095.40000,1068.10000,1072.40000,22629
2010-06-02 00:00:00+00:00,1072.60000,1100.60000,1068.60000,1097.80000,20891
2010-06-03 00:00:00+00:00,1098.10000,1106.10000,1091.50000,1102.80000,20045
2010-06-04 00:00:00+00:00,1102.50000,1108.30000,1060.00000,1067.00000,22780
2010-06-06 00:00:00+00:00,1064.60000,1065.40000,1057.10000,1061.90000,1262
2010-06-07 00:00:00+00:00,1062.10000,1071.30000,1047.60000,1052.00000,22137
2010-06-08 00:00:00+00:00,1052.30000,1063.80000,1041.80000,1059.30000,22944
2010-06-09 00:00:00+00:00,1059.50000,1078.00000,1051.70000,1055.70000,21139
2010-06-10 00:00:00+00:00,1055.50000,1088.20000,1053.00000,1084.90000,17183
2010-06-11 00:00:00+00:00,1085.20000,1092.60000,1074.90000,1089.90000,10877
2010-06-13 00:00:00+00:00,1090.80000,1095.80000,1090.00000,1095.50000,249
2010-06-14 00:00:00+00:00,1095.30000,1106.20000,1089.00000,1090.20000,7850
2010-06-15 00:00:00+00:00,1090.40000,1115.90000,1088.70000,1111.60000,6476
2010-06-16 00:00:00+00:00,1111.40000,1119.10000,1104.40000,1110.80000,5062
2010-06-17 00:00:00+00:00,1111.10000,1121.30000,1105.50000,1115.50000,4341
2010-06-18 00:00:00+00:00,1115.00000,1121.80000,1113.00000,1115.00000,11405
2010-06-20 00:00:00+00:00,1120.90000,1130.90000,1120.90000,1129.20000,683
2010-06-21 00:00:00+00:00,1129.40000,1134.40000,1108.00000,1116.30000,17890
2010-06-22 00:00:00+00:00,1116.00000,1121.80000,1094.20000,1096.90000,18474
2010-06-23 00:00:00+00:00,1096.70000,1102.40000,1084.80000,1090.80000,17874
2010-06-24 00:00:00+00:00,1091.10000,1095.60000,1071.00000,1077.50000,20036
2010-06-25 00:00:00+00:00,1077.20000,1084.00000,1067.20000,1079.40000,19474
2010-06-27 00:00:00+00:00,1078.60000,1081.80000,1078.60000,1079.80000,426
2010-06-28 00:00:00+00:00,1079.60000,1084.10000,1070.80000,1076.30000,16231
2010-06-29 00:00:00+00:00,1076.00000,1079.00000,1034.50000,1039.80000,21519
2010-06-30 00:00:00+00:00,1039.60000,1048.60000,1026.70000,1030.00000,19862
2010-07-01 00:00:00+00:00,1030.00000,1033.50000,1010.10000,1028.20000,23351
2010-07-02 00:00:00+00:00,1028.40000,1036.20000,1014.60000,1018.10000,19099
2010-07-04 00:00:00+00:00,1018.70000,1020.00000,1016.70000,1018.70000,259
2010-07-05 00:00:00+00:00,1019.00000,1022.20000,1010.90000,1011.90000,3485
2010-07-06 00:00:00+00:00,1011.70000,1042.00000,1006.90000,1027.70000,20311
2010-07-07 00:00:00+00:00,1027.90000,1063.50000,1019.90000,1062.00000,18578
2010-07-08 00:00:00+00:00,1061.70000,1072.20000,1057.70000,1069.00000,18857
2010-07-09 00:00:00+00:00,1068.70000,1078.70000,1066.90000,1075.70000,13681
2010-07-11 00:00:00+00:00,1075.10000,1075.80000,1073.60000,1074.10000,227
2010-07-12 00:00:00+00:00,1074.30000,1084.30000,1069.00000,1083.00000,15311
2010-07-13 00:00:00+00:00,1082.80000,1102.60000,1076.50000,1101.30000,19096
2010-07-14 00:00:00+00:00,1101.50000,1102.00000,1087.00000,1095.00000,16199
2010-07-15 00:00:00+00:00,1095.20000,1102.20000,1079.90000,1097.20000,18513
2010-07-16 00:00:00+00:00,1097.40000,1098.20000,1062.30000,1066.80000,18200
2010-07-18 00:00:00+00:00,1064.90000,1066.20000,1063.20000,1064.70000,378
2010-07-19 00:00:00+00:00,1064.90000,1074.20000,1060.10000,1064.10000,16435
2010-07-20 00:00:00+00:00,1064.40000,1088.10000,1053.80000,1084.10000,20466
2010-07-21 00:00:00+00:00,1083.90000,1090.90000,1064.00000,1068.00000,17958
2010-07-22 00:00:00+00:00,1067.80000,1097.60000,1064.30000,1094.50000,18908
2010-07-23 00:00:00+00:00,1094.30000,1104.50000,1087.20000,1103.80000,17924
2010-07-25 00:00:00+00:00,1104.20000,1105.70000,1101.70000,1102.70000,343
2010-07-26 00:00:00+00:00,1102.90000,1114.60000,1099.90000,1111.10000,14274
2010-07-27 00:00:00+00:00,1111.40000,1121.60000,1108.80000,1113.80000,15441
2010-07-28 00:00:00+00:00,1113.60000,1118.60000,1102.00000,1105.50000,15024
2010-07-29 00:00:00+00:00,1105.80000,1115.70000,1091.70000,1099.40000,17393
2010-07-30 00:00:00+00:00,1095.40000,1105.90000,1086.10000,1103.10000,15647
2010-08-01 00:00:00+00:00,1107.00000,1107.00000,1104.30000,1106.30000,314
2010-08-02 00:00:00+00:00,1106.00000,1126.80000,1106.00000,1124.50000,15289
2010-08-03 00:00:00+00:00,1124.30000,1125.00000,1115.70000,1120.70000,14069
2010-08-04 00:00:00+00:00,1121.00000,1128.40000,1114.70000,1126.90000,14151
2010-08-05 00:00:00+00:00,1127.20000,1130.20000,1117.90000,1125.90000,12501
2010-08-06 00:00:00+00:00,1126.10000,1129.30000,1106.00000,1122.30000,15872
2010-08-08 00:00:00+00:00,1122.20000,1123.70000,1118.70000,1118.90000,361
2010-08-09 00:00:00+00:00,1119.20000,1128.90000,1118.70000,1126.90000,11168
2010-08-10 00:00:00+00:00,1126.60000,1127.10000,1110.60000,1119.30000,15543
2010-08-11 00:00:00+00:00,1119.10000,1119.60000,1075.40000,1080.90000,20025
2010-08-12 00:00:00+00:00,1080.70000,1089.40000,1072.40000,1083.40000,18712
2010-08-13 00:00:00+00:00,1083.20000,1090.90000,1074.30000,1078.10000,15362
2010-08-15 00:00:00+00:00,1079.20000,1079.20000,1075.20000,1076.20000,310
2010-08-16 00:00:00+00:00,1076.50000,1083.20000,1067.90000,1077.20000,15574
2010-08-17 00:00:00+00:00,1077.40000,1100.20000,1076.40000,1091.40000,16283
2010-08-18 00:00:00+00:00,1091.60000,1100.10000,1085.30000,1087.30000,15993
2010-08-19 00:00:00+00:00,1087.60000,1096.30000,1070.30000,1074.30000,18197
2010-08-20 00:00:00+00:00,1074.50000,1077.50000,1063.20000,1072.00000,15826
2010-08-22 00:00:00+00:00,1071.30000,1075.60000,1070.30000,1073.30000,392
2010-08-23 00:00:00+00:00,1073.60000,1081.60000,1062.30000,1063.30000,14505
2010-08-24 00:00:00+00:00,1063.50000,1066.50000,1045.50000,1053.50000,18245
2010-08-25 00:00:00+00:00,1053.20000,1058.90000,1038.70000,1057.40000,17751
2010-08-26 00:00:00+00:00,1057.70000,1062.90000,1042.90000,1045.40000,16914
2010-08-27 00:00:00+00:00,1045.10000,1065.60000,1038.60000,1065.10000,18039
2010-08-29 00:00:00+00:00,1065.50000,1069.50000,1064.70000,1068.20000,354
2010-08-30 00:00:00+00:00,1068.00000,1073.70000,1045.40000,1047.70000,14972
2010-08-31 00:00:00+00:00,1047.90000,1055.10000,1038.40000,1052.90000,17904
2010-09-01 00:00:00+00:00,1052.60000,1083.30000,1051.60000,1081.80000,18055
2010-09-02 00:00:00+00:00,1082.10000,1091.30000,1077.30000,1088.80000,15483
2010-09-03 00:00:00+00:00,1088.50000,1105.30000,1087.00000,1104.30000,16166
2010-09-05 00:00:00+00:00,1104.40000,1106.40000,1102.40000,1104.60000,205
2010-09-06 00:00:00+00:00,1104.90000,1107.60000,1102.60000,1102.80000,2587
2010-09-07 00:00:00+00:00,1102.60000,1107.80000,1090.50000,1091.50000,13800
2010-09-08 00:00:00+00:00,1091.80000,1103.50000,1086.70000,1101.50000,15304
2010-09-09 00:00:00+00:00,1101.70000,1112.40000,1097.20000,1102.40000,10619
2010-09-10 00:00:00+00:00,1102.20000,1110.90000,1101.20000,1110.10000,7469
2010-09-12 00:00:00+00:00,1112.80000,1116.80000,1112.80000,1116.80000,201
2010-09-13 00:00:00+00:00,1116.50000,1124.70000,1116.00000,1122.20000,5577
2010-09-14 00:00:00+00:00,1122.00000,1127.70000,1115.40000,1118.60000,4613
2010-09-15 00:00:00+00:00,1118.40000,1126.80000,1114.40000,1125.30000,3686
2010-09-16 00:00:00+00:00,1125.10000,1130.00000,1118.10000,1129.80000,3083
2010-09-17 00:00:00+00:00,1129.50000,1137.80000,1124.40000,1127.20000,11408
2010-09-19 00:00:00+00:00,1125.80000,1127.50000,1124.20000,1125.00000,296
2010-09-20 00:00:00+00:00,1125.30000,1147.60000,1125.00000,1143.80000,15812
2010-09-21 00:00:00+00:00,1144.00000,1151.30000,1137.70000,1141.40000,16009
2010-09-22 00:00:00+00:00,1141.70000,1147.50000,1133.60000,1138.60000,16496
2010-09-23 00:00:00+00:00,1138.80000,1141.60000,1124.20000,1125.40000,16502
2010-09-24 00:00:00+00:00,1125.70000,1151.50000,1125.40000,1150.00000,15965
2010-09-26 00:00:00+00:00,1150.80000,1156.60000,1150.10000,1155.40000,515
2010-09-27 00:00:00+00:00,1155.10000,1155.60000,1143.70000,1144.70000,13753
2010-09-28 00:00:00+00:00,1144.50000,1152.70000,1133.80000,1148.90000,17019
2010-09-29 00:00:00+00:00,1149.20000,1153.20000,1142.10000,1146.50000,15294
2010-09-30 00:00:00+00:00,1146.30000,1160.10000,1137.70000,1144.20000,18381
2010-10-01 00:00:00+00:00,1144.20000,1153.00000,1140.90000,1148.70000,15006
2010-10-03 00:00:00+00:00,1149.50000,1150.00000,1145.00000,1146.00000,363
2010-10-04 00:00:00+00:00,1146.20000,1150.20000,1133.10000,1140.90000,15823
2010-10-05 00:00:00+00:00,1141.10000,1164.90000,1138.80000,1162.10000,16991
2010-10-06 00:00:00+00:00,1161.90000,1166.10000,1157.00000,1161.00000,14983
2010-10-07 00:00:00+00:00,1160.80000,1169.80000,1153.20000,1163.00000,14800
2010-10-08 00:00:00+00:00,1163.20000,1169.90000,1151.90000,1166.70000,15063
2010-10-10 00:00:00+00:00,1167.30000,1170.80000,1167.30000,1170.30000,337
2010-10-11 00:00:00+00:00,1170.50000,1170.70000,1163.40000,1167.90000,9827
2010-10-12 00:00:00+00:00,1168.20000,1174.60000,1157.30000,1171.60000,15542
2010-10-13 00:00:00+00:00,1171.30000,1186.60000,1169.80000,1179.80000,15728
2010-10-14 00:00:00+00:00,1180.00000,1186.30000,1167.90000,1177.50000,17886
2010-10-15 00:00:00+00:00,1177.20000,1185.40000,1168.40000,1180.40000,17971
2010-10-17 00:00:00+00:00,1179.50000,1180.00000,1177.20000,1177.70000,282
2010-10-18 00:00:00+00:00,1178.00000,1187.40000,1169.90000,1178.90000,14671
2010-10-19 00:00:00+00:00,1179.10000,1183.10000,1160.50000,1165.70000,18827
2010-10-20 00:00:00+00:00,1166.00000,1184.70000,1165.50000,1182.20000,16714
2010-10-21 00:00:00+00:00,1182.00000,1191.20000,1172.30000,1180.90000,17466
2010-10-22 00:00:00+00:00,1180.60000,1186.30000,1178.10000,1186.30000,10641
2010-10-24 00:00:00+00:00,1185.40000,1187.90000,1185.10000,1187.40000,285
2010-10-25 00:00:00+00:00,1187.60000,1197.60000,1185.80000,1186.80000,14430
2010-10-26 00:00:00+00:00,1187.00000,1188.80000,1178.70000,1188.70000,14066
2010-10-27 00:00:00+00:00,1188.50000,1190.70000,1172.10000,1183.90000,16846
2010-10-28 00:00:00+00:00,1183.60000,1191.30000,1177.80000,1183.30000,15199
2010-10-29 00:00:00+00:00,1183.50000,1186.70000,1176.20000,1184.70000,13071
2010-10-31 00:00:00+00:00,1184.50000,1191.50000,1184.30000,1190.00000,644
2010-11-01 00:00:00+00:00,1190.50000,1196.80000,1177.70000,1186.70000,15083
2010-11-02 00:00:00+00:00,1186.40000,1200.40000,1185.40000,1199.70000,13255
2010-11-03 00:00:00+00:00,1199.40000,1201.80000,1183.50000,1200.60000,15467
2010-11-04 00:00:00+00:00,1200.80000,1222.60000,1199.00000,1221.80000,16846
2010-11-05 00:00:00+00:00,1221.50000,1228.30000,1216.20000,1225.70000,15650
2010-11-07 00:00:00+00:00,1224.00000,1225.30000,1223.00000,1225.00000,209
2010-11-08 00:00:00+00:00,1224.80000,1225.80000,1218.20000,1220.20000,12851
2010-11-09 00:00:00+00:00,1219.90000,1228.20000,1209.60000,1214.80000,16012
2010-11-10 00:00:00+00:00,1214.60000,1220.30000,1205.00000,1212.20000,16713
2010-11-11 00:00:00+00:00,1212.50000,1216.50000,1205.20000,1211.60000,14680
2010-11-12 00:00:00+00:00,1211.90000,1214.40000,1194.50000,1197.50000,19728
2010-11-14 00:00:00+00:00,1198.30000,1200.60000,1197.80000,1200.10000,265
2010-11-15 00:00:00+00:00,1199.80000,1208.60000,1195.30000,1196.50000,15563
2010-11-16 00:00:00+00:00,1196.80000,1197.30000,1173.60000,1180.40000,20179
2010-11-17 00:00:00+00:00,1180.10000,1184.60000,1176.10000,1181.80000,15134
2010-11-18 00:00:00+00:00,1182.00000,1202.30000,1181.80000,1202.00000,16250
2010-11-19 00:00:00+00:00,1201.80000,1202.40000,1189.90000,1200.90000,14186
2010-11-21 00:00:00+00:00,1205.00000,1207.00000,1204.30000,1206.50000,524
2010-11-22 00:00:00+00:00,1206.80000,1208.30000,1184.70000,1197.70000,17347
2010-11-23 00:00:00+00:00,1197.40000,1198.20000,1176.80000,1183.30000,18724
2010-11-24 00:00:00+00:00,1183.00000,1199.50000,1177.50000,1198.00000,15667
2010-11-25 00:00:00+00:00,1198.20000,1202.40000,1194.70000,1199.90000,2753
2010-11-26 00:00:00+00:00,1200.10000,1200.90000,1184.30000,1185.00000,11005
2010-11-28 00:00:00+00:00,1190.10000,1194.10000,1188.60000,1189.10000,586
2010-11-29 00:00:00+00:00,1189.40000,1195.30000,1173.80000,1187.50000,18205
2010-11-30 00:00:00+00:00,1187.30000,1189.80000,1174.50000,1178.20000,18576
2010-12-01 00:00:00+00:00,1178.70000,1209.20000,1177.90000,1207.40000,17720
2010-12-02 00:00:00+00:00,1207.60000,1224.80000,1203.30000,1223.00000,17360
2010-12-03 00:00:00+00:00,1223.30000,1228.50000,1214.20000,1224.70000,14812
2010-12-05 00:00:00+00:00,1224.30000,1227.50000,1224.30000,1227.00000,280
2010-12-06 00:00:00+00:00,1227.30000,1227.80000,1217.20000,1223.20000,11529
2010-12-07 00:00:00+00:00,1223.00000,1235.90000,1219.90000,1222.90000,15271
2010-12-08 00:00:00+00:00,1223.10000,1233.80000,1218.10000,1233.50000,15460
2010-12-09 00:00:00+00:00,1233.80000,1238.70000,1227.20000,1235.90000,11588
2010-12-10 00:00:00+00:00,1236.20000,1242.10000,1232.90000,1241.40000,6911
2010-12-12 00:00:00+00:00,1242.40000,1242.40000,1238.40000,1239.20000,155
2010-12-13 00:00:00+00:00,1239.40000,1247.30000,1237.70000,1240.60000,4667
2010-12-14 00:00:00+00:00,1240.30000,1247.50000,1238.30000,1241.00000,3376
2010-12-15 00:00:00+00:00,1240.70000,1244.40000,1234.20000,1235.60000,3471
2010-12-16 00:00:00+00:00,1235.90000,1244.60000,1232.80000,1243.30000,2616
2010-12-17 00:00:00+00:00,1243.50000,1245.80000,1239.50000,1242.70000,8869
2010-12-19 00:00:00+00:00,1244.60000,1245.10000,1243.90000,1244.90000,91
2010-12-20 00:00:00+00:00,1244.60000,1250.40000,1238.60000,1245.80000,11815
2010-12-21 00:00:00+00:00,1245.60000,1255.80000,1245.60000,1254.10000,8966
2010-12-22 00:00:00+00:00,1253.80000,1259.50000,1253.50000,1258.80000,8155
2010-12-23 00:00:00+00:00,1259.00000,1260.30000,1253.70000,1257.20000,7153
2010-12-26 00:00:00+00:00,1253.80000,1254.00000,1249.80000,1251.50000,300
2010-12-27 00:00:00+00:00,1251.30000,1258.50000,1249.80000,1258.00000,7353
2010-12-28 00:00:00+00:00,1257.80000,1260.80000,1255.70000,1257.70000,6548
2010-12-29 00:00:00+00:00,1258.00000,1262.70000,1257.70000,1260.70000,7035
2010-12-30 00:00:00+00:00,1260.40000,1261.70000,1255.60000,1258.40000,8322
2010-12-31 00:00:00+00:00,1258.60000,1261.80000,1253.60000,1261.80000,6480
2011-01-02 00:00:00+00:00,1260.00000,1261.70000,1259.20000,1260.70000,184
2011-01-03 00:00:00+00:00,1261.00000,1276.20000,1259.70000,1269.70000,12807
2011-01-04 00:00:00+00:00,1269.40000,1273.90000,1262.10000,1268.60000,14245
2011-01-05 00:00:00+00:00,1268.90000,1277.60000,1259.60000,1275.80000,15036
2011-01-06 00:00:00+00:00,1275.60000,1280.80000,1270.00000,1273.00000,14220
2011-01-07 00:00:00+00:00,1273.30000,1277.80000,1261.50000,1271.00000,15330
2011-01-09 00:00:00+00:00,1269.90000,1270.40000,1268.10000,1268.40000,170
2011-01-10 00:00:00+00:00,1268.60000,1271.60000,1261.50000,1269.80000,12784
2011-01-11 00:00:00+00:00,1270.10000,1277.30000,1267.50000,1273.80000,12961
2011-01-12 00:00:00+00:00,1274.00000,1287.80000,1272.80000,1286.00000,12665
2011-01-13 00:00:00+00:00,1286.20000,1288.00000,1279.70000,1286.20000,12517
2011-01-14 00:00:00+00:00,1286.40000,1293.40000,1277.60000,1293.40000,12319
2011-01-16 00:00:00+00:00,1292.80000,1294.80000,1291.80000,1292.00000,350
2011-01-17 00:00:00+00:00,1291.80000,1292.30000,1286.00000,1288.20000,3431
2011-01-18 00:00:00+00:00,1288.50000,1299.50000,1287.50000,1296.20000,12505
2011-01-19 00:00:00+00:00,1296.50000,1299.40000,1278.30000,1281.10000,15115
2011-01-20 00:00:00+00:00,1280.80000,1284.60000,1270.50000,1279.00000,16900
2011-01-21 00:00:00+00:00,1278.80000,1291.00000,1276.30000,1283.00000,15019
2011-01-23 00:00:00+00:00,1282.40000,1283.20000,1280.60000,1282.10000,201
2011-01-24 00:00:00+00:00,1282.40000,1292.60000,1280.90000,1290.60000,12285
2011-01-25 00:00:00+00:00,1290.40000,1294.30000,1280.00000,1289.00000,15065
2011-01-26 00:00:00+00:00,1289.30000,1299.50000,1288.80000,1295.80000,13519
2011-01-27 00:00:00+00:00,1295.50000,1301.00000,1292.00000,1297.20000,13189
2011-01-28 00:00:00+00:00,1297.00000,1302.20000,1273.10000,1273.40000,17636
2011-01-30 00:00:00+00:00,1272.00000,1273.50000,1264.70000,1268.00000,809
2011-01-31 00:00:00+00:00,1268.20000,1286.20000,1267.70000,1285.50000,15889
2011-02-01 00:00:00+00:00,1285.20000,1308.20000,1285.20000,1304.50000,16287
2011-02-02 00:00:00+00:00,1304.70000,1307.90000,1300.40000,1302.90000,12050
2011-02-03 00:00:00+00:00,1302.60000,1308.10000,1293.80000,1305.80000,12958
2011-02-04 00:00:00+00:00,1306.10000,1310.50000,1300.30000,1309.80000,11697
2011-02-06 00:00:00+00:00,1309.40000,1309.70000,1308.20000,1308.40000,123
2011-02-07 00:00:00+00:00,1308.20000,1322.20000,1308.20000,1317.90000,13739
2011-02-08 00:00:00+00:00,1318.10000,1324.30000,1315.10000,1323.60000,11711
2011-02-09 00:00:00+00:00,1323.80000,1324.10000,1313.80000,1319.50000,14550
2011-02-10 00:00:00+00:00,1319.30000,1322.50000,1310.50000,1317.00000,14468
2011-02-11 00:00:00+00:00,1317.20000,1330.70000,1311.90000,1329.40000,15125
2011-02-13 00:00:00+00:00,1327.80000,1330.60000,1327.80000,1329.80000,220
2011-02-14 00:00:00+00:00,1330.10000,1333.00000,1326.30000,1328.00000,11610
2011-02-15 00:00:00+00:00,1327.80000,1331.00000,1324.00000,1328.70000,12167
2011-02-16 00:00:00+00:00,1329.00000,1337.70000,1328.20000,1334.20000,13568
2011-02-17 00:00:00+00:00,1333.90000,1341.60000,1330.10000,1338.90000,11650
2011-02-18 00:00:00+00:00,1339.10000,1344.30000,1336.60000,1344.30000,11140
2011-02-20 00:00:00+00:00,1343.70000,1344.00000,1342.20000,1342.20000,154
2011-02-21 00:00:00+00:00,1342.50000,1343.90000,1328.10000,1328.10000,4498
2011-02-22 00:00:00+00:00,1328.40000,1335.80000,1311.60000,1316.80000,19552
2011-02-23 00:00:00+00:00,1317.10000,1321.80000,1298.80000,1309.50000,19636
2011-02-24 00:00:00+00:00,1309.80000,1312.00000,1293.90000,1307.40000,20800
2011-02-25 00:00:00+00:00,1307.20000,1321.20000,1305.40000,1319.70000,14853
2011-02-27 00:00:00+00:00,1319.30000,1319.50000,1315.30000,1316.00000,352
2011-02-28 00:00:00+00:00,1316.30000,1330.00000,1314.00000,1329.00000,15714
2011-03-01 00:00:00+00:00,1329.20000,1337.50000,1297.70000,1301.90000,19618
2011-03-02 00:00:00+00:00,1301.70000,1314.60000,1297.20000,1306.90000,18899
2011-03-03 00:00:00+00:00,1307.10000,1333.80000,1306.60000,1332.60000,16443
2011-03-04 00:00:00+00:00,1332.80000,1335.30000,1312.00000,1320.80000,17461
2011-03-06 00:00:00+00:00,1320.90000,1324.20000,1319.90000,1321.90000,442
2011-03-07 00:00:00+00:00,1321.70000,1327.90000,1303.30000,1312.60000,18491
2011-03-08 00:00:00+00:00,1312.30000,1326.30000,1306.80000,1321.80000,16671
2011-03-09 00:00:00+00:00,1321.50000,1325.50000,1312.00000,1315.70000,15487
2011-03-10 00:00:00+00:00,1315.50000,1316.50000,1292.90000,1297.70000,15870
2011-03-11 00:00:00+00:00,1297.90000,1309.10000,1283.90000,1306.90000,13046
2011-03-13 00:00:00+00:00,1302.50000,1305.80000,1294.00000,1297.00000,785
2011-03-14 00:00:00+00:00,1297.30000,1304.00000,1286.20000,1291.20000,8748
2011-03-15 00:00:00+00:00,1291.50000,1293.50000,1256.20000,1280.90000,12781
2011-03-16 00:00:00+00:00,1280.60000,1288.40000,1246.60000,1256.80000,10237
2011-03-17 00:00:00+00:00,1256.30000,1279.30000,1252.60000,1272.30000,6541
2011-03-18 00:00:00+00:00,1272.50000,1293.30000,1272.30000,1280.90000,13366
2011-03-20 00:00:00+00:00,1282.50000,1287.30000,1281.00000,1287.10000,932
2011-03-21 00:00:00+00:00,1287.30000,1302.60000,1283.80000,1299.00000,15329
2011-03-22 00:00:00+00:00,1298.80000,1302.80000,1293.50000,1293.70000,13365
2011-03-23 00:00:00+00:00,1294.00000,1302.20000,1285.10000,1298.40000,16234
2011-03-24 00:00:00+00:00,1298.70000,1320.20000,1295.40000,1313.90000,15299
2011-03-25 00:00:00+00:00,1314.20000,1320.60000,1311.30000,1316.60000,13279
2011-03-27 00:00:00+00:00,1315.20000,1318.50000,1313.20000,1316.90000,626
2011-03-28 00:00:00+00:00,1317.20000,1321.20000,1307.60000,1307.80000,12129
2011-03-29 00:00:00+00:00,1307.60000,1324.30000,1306.00000,1321.30000,13003
2011-03-30 00:00:00+00:00,1321.60000,1333.60000,1320.80000,1329.00000,13502
2011-03-31 00:00:00+00:00,1328.80000,1331.50000,1326.20000,1329.00000,12187
2011-04-01 00:00:00+00:00,1328.70000,1339.50000,1326.70000,1332.90000,14473
2011-04-03 00:00:00+00:00,1332.50000,1335.00000,1332.30000,1333.80000,223
2011-04-04 00:00:00+00:00,1334.00000,1338.20000,1330.00000,1334.90000,11565
2011-04-05 00:00:00+00:00,1334.70000,1339.70000,1328.40000,1332.80000,12841
2011-04-06 00:00:00+00:00,1333.10000,1341.80000,1332.10000,1334.30000,14152
2011-04-07 00:00:00+00:00,1334.50000,1340.50000,1327.70000,1334.20000,14124
2011-04-08 00:00:00+00:00,1334.00000,1341.00000,1323.90000,1329.40000,14433
2011-04-10 00:00:00+00:00,1330.70000,1334.70000,1330.70000,1333.50000,518
2011-04-11 00:00:00+00:00,1333.70000,1335.00000,1321.10000,1321.90000,13314
2011-04-12 00:00:00+00:00,1322.10000,1322.40000,1310.30000,1316.50000,16320
2011-04-13 00:00:00+00:00,1316.80000,1323.50000,1310.00000,1312.20000,15414
2011-04-14 00:00:00+00:00,1311.90000,1317.90000,1302.90000,1317.60000,16573
2011-04-15 00:00:00+00:00,1317.40000,1323.90000,1310.30000,1323.30000,13092
2011-04-17 00:00:00+00:00,1322.70000,1323.20000,1320.20000,1320.90000,282
2011-04-18 00:00:00+00:00,1321.20000,1322.20000,1294.80000,1302.50000,17361
2011-04-19 00:00:00+00:00,1302.80000,1318.30000,1298.30000,1317.50000,14622
2011-04-20 00:00:00+00:00,1317.30000,1339.80000,1315.80000,1338.80000,15609
2011-04-21 00:00:00+00:00,1338.50000,1341.80000,1333.00000,1334.70000,11957
2011-04-24 00:00:00+00:00,1334.50000,1337.00000,1333.70000,1337.00000,214
2011-04-25 00:00:00+00:00,1337.20000,1339.20000,1331.20000,1336.60000,8859
2011-04-26 00:00:00+00:00,1336.90000,1349.90000,1331.90000,1347.10000,14068
2011-04-27 00:00:00+00:00,1346.80000,1358.10000,1344.30000,1354.80000,12893
2011-04-28 00:00:00+00:00,1355.00000,1362.30000,1350.50000,1359.50000,13397
2011-04-29 00:00:00+00:00,1359.20000,1367.40000,1356.50000,1367.20000,10941
2011-05-01 00:00:00+00:00,1366.80000,1369.00000,1364.50000,1366.30000,544
2011-05-02 00:00:00+00:00,1366.00000,1376.50000,1358.20000,1360.20000,13994
2011-05-03 00:00:00+00:00,1359.90000,1360.70000,1349.10000,1354.80000,15192
2011-05-04 00:00:00+00:00,1355.10000,1358.30000,1340.80000,1348.30000,16339
2011-05-05 00:00:00+00:00,1348.50000,1352.00000,1328.40000,1336.90000,18441
2011-05-06 00:00:00+00:00,1337.20000,1354.40000,1335.10000,1337.80000,17898
2011-05-08 00:00:00+00:00,1340.20000,1345.50000,1340.20000,1344.50000,559
2011-05-09 00:00:00+00:00,1344.70000,1349.20000,1337.40000,1346.40000,12852
2011-05-10 00:00:00+00:00,1346.60000,1359.30000,1341.80000,1358.10000,12746
2011-05-11 00:00:00+00:00,1358.30000,1361.10000,1335.70000,1338.70000,16178
2011-05-12 00:00:00+00:00,1339.00000,1351.40000,1331.70000,1349.90000,16611
2011-05-13 00:00:00+00:00,1349.70000,1355.20000,1333.30000,1336.80000,15599
2011-05-15 00:00:00+00:00,1334.40000,1334.40000,1329.20000,1330.20000,566
2011-05-16 00:00:00+00:00,1329.90000,1343.60000,1323.60000,1324.30000,15604
2011-05-17 00:00:00+00:00,1324.60000,1334.30000,1318.50000,1329.80000,17071
2011-05-18 00:00:00+00:00,1329.50000,1342.70000,1326.70000,1342.00000,13940
2011-05-19 00:00:00+00:00,1341.70000,1347.70000,1336.70000,1343.60000,13867
2011-05-20 00:00:00+00:00,1343.90000,1346.10000,1329.00000,1330.50000,14634
2011-05-22 00:00:00+00:00,1327.90000,1328.90000,1323.90000,1327.90000,608
2011-05-23 00:00:00+00:00,1328.10000,1328.10000,1312.60000,1315.80000,15936
2011-05-24 00:00:00+00:00,1316.00000,1324.00000,1313.00000,1313.70000,13953
2011-05-25 00:00:00+00:00,1314.00000,1326.20000,1304.20000,1317.90000,15175
2011-05-26 00:00:00+00:00,1317.70000,1329.30000,1314.10000,1328.30000,14914
2011-05-27 00:00:00+00:00,1328.60000,1335.30000,1326.10000,1331.30000,12105
2011-05-29 00:00:00+00:00,1331.10000,1332.40000,1330.10000,1331.10000,153
2011-05-30 00:00:00+00:00,1331.40000,1334.30000,1329.60000,1334.30000,1440
2011-05-31 00:00:00+00:00,1334.00000,1349.00000,1333.80000,1347.00000,14318
2011-06-01 00:00:00+00:00,1346.70000,1348.70000,1310.90000,1313.40000,17681
2011-06-02 00:00:00+00:00,1313.10000,1318.90000,1305.30000,1312.10000,16111
2011-06-03 00:00:00+00:00,1312.30000,1313.80000,1295.50000,1296.70000,16674
2011-06-05 00:00:00+00:00,1299.60000,1299.80000,1295.60000,1299.30000,482
2011-06-06 00:00:00+00:00,1299.60000,1299.80000,1284.00000,1285.80000,14616
2011-06-07 00:00:00+00:00,1285.50000,1296.20000,1283.20000,1287.40000,14266
2011-06-08 00:00:00+00:00,1287.70000,1288.40000,1276.10000,1280.40000,17068
2011-06-09 00:00:00+00:00,1280.60000,1294.60000,1278.60000,1287.80000,11877
2011-06-10 00:00:00+00:00,1287.50000,1289.30000,1267.70000,1270.70000,11558
2011-06-12 00:00:00+00:00,1270.30000,1271.60000,1268.60000,1269.30000,237
2011-06-13 00:00:00+00:00,1269.10000,1277.50000,1265.30000,1273.30000,6269
2011-06-14 00:00:00+00:00,1273.80000,1292.70000,1270.80000,1287.90000,5304
2011-06-15 00:00:00+00:00,1288.20000,1288.20000,1261.40000,1266.60000,5114
2011-06-16 00:00:00+00:00,1266.10000,1274.60000,1258.10000,1272.80000,4309
2011-06-17 00:00:00+00:00,1273.00000,1282.50000,1264.30000,1272.20000,12289
2011-06-19 00:00:00+00:00,1271.00000,1271.00000,1266.30000,1268.50000,524
2011-06-20 00:00:00+00:00,1268.30000,1282.00000,1262.20000,1281.30000,14352
2011-06-21 00:00:00+00:00,1281.00000,1298.80000,1277.70000,1294.80000,15834
2011-06-22 00:00:00+00:00,1294.50000,1299.70000,1280.40000,1281.90000,14191
2011-06-23 00:00:00+00:00,1281.60000,1289.90000,1262.80000,1286.60000,19838
2011-06-24 00:00:00+00:00,1286.80000,1291.80000,1266.90000,1269.70000,17017
2011-06-26 00:00:00+00:00,1270.60000,1272.60000,1262.50000,1266.00000,816
2011-06-27 00:00:00+00:00,1265.80000,1285.60000,1263.00000,1284.30000,14789
2011-06-28 00:00:00+00:00,1284.50000,1300.60000,1277.20000,1299.30000,14585
2011-06-29 00:00:00+00:00,1299.50000,1311.00000,1297.00000,1310.00000,16818
2011-06-30 00:00:00+00:00,1309.80000,1323.00000,1307.80000,1319.50000,13937
2011-07-01 00:00:00+00:00,1319.50000,1342.00000,1318.00000,1340.80000,23706
2011-07-03 00:00:00+00:00,1339.90000,1339.90000,1338.60000,1339.40000,175
2011-07-04 00:00:00+00:00,1339.10000,1340.80000,1333.60000,1340.50000,3394
2011-07-05 00:00:00+00:00,1340.30000,1343.00000,1334.50000,1340.70000,18785
2011-07-06 00:00:00+00:00,1340.50000,1346.00000,1331.60000,1343.90000,21308
2011-07-07 00:00:00+00:00,1343.70000,1357.90000,1342.40000,1356.10000,20891
2011-07-08 00:00:00+00:00,1356.40000,1359.60000,1334.30000,1346.80000,29234
2011-07-10 00:00:00+00:00,1344.10000,1344.40000,1337.10000,1339.60000,805
2011-07-11 00:00:00+00:00,1339.90000,1341.40000,1316.50000,1322.00000,27398
2011-07-12 00:00:00+00:00,1322.20000,1327.90000,1299.90000,1314.60000,35652
2011-07-13 00:00:00+00:00,1314.90000,1332.40000,1306.80000,1312.80000,30252
2011-07-14 00:00:00+00:00,1312.50000,1327.80000,1305.00000,1308.70000,33921
2011-07-15 00:00:00+00:00,1308.50000,1319.90000,1306.90000,1318.90000,26943
2011-07-17 00:00:00+00:00,1318.80000,1319.00000,1315.30000,1315.80000,460
2011-07-18 00:00:00+00:00,1316.00000,1316.00000,1295.40000,1306.90000,27451
2011-07-19 00:00:00+00:00,1306.70000,1328.90000,1305.90000,1328.20000,26570
2011-07-20 00:00:00+00:00,1327.90000,1333.90000,1319.80000,1328.10000,22010
2011-07-21 00:00:00+00:00,1328.40000,1348.60000,1319.00000,1348.30000,30997
2011-07-22 00:00:00+00:00,1348.60000,1351.80000,1336.80000,1344.80000,18488
2011-07-24 00:00:00+00:00,1333.80000,1334.80000,1325.80000,1334.30000,1930
2011-07-25 00:00:00+00:00,1334.10000,1344.10000,1329.10000,1335.80000,20171
2011-07-26 00:00:00+00:00,1335.50000,1343.50000,1328.70000,1329.90000,21405
2011-07-27 00:00:00+00:00,1329.70000,1332.20000,1301.50000,1302.00000,31572
2011-07-28 00:00:00+00:00,1302.30000,1316.50000,1295.70000,1299.50000,29072
2011-07-29 00:00:00+00:00,1299.20000,1304.20000,1281.90000,1295.90000,38749
2011-07-31 00:00:00+00:00,1309.30000,1311.80000,1305.00000,1308.00000,2120
2011-08-01 00:00:00+00:00,1308.30000,1313.00000,1273.40000,1284.90000,40855
2011-08-02 00:00:00+00:00,1285.20000,1285.90000,1247.20000,1249.00000,41709
2011-08-03 00:00:00+00:00,1248.70000,1262.20000,1233.20000,1261.70000,51126
2011-08-04 00:00:00+00:00,1262.00000,1267.20000,1196.00000,1198.20000,74493
2011-08-05 00:00:00+00:00,1198.00000,1221.80000,1165.90000,1200.20000,116263
2011-08-07 00:00:00+00:00,1169.70000,1180.00000,1164.00000,1173.80000,7281
2011-08-08 00:00:00+00:00,1173.50000,1191.50000,1102.30000,1107.30000,122484
2011-08-09 00:00:00+00:00,1107.00000,1181.10000,1079.20000,1177.90000,153300
2011-08-10 00:00:00+00:00,1178.10000,1179.90000,1116.00000,1125.70000,117631
2011-08-11 00:00:00+00:00,1125.50000,1186.30000,1105.10000,1168.50000,104010
2011-08-12 00:00:00+00:00,1168.70000,1189.00000,1148.90000,1179.20000,63575
2011-08-14 00:00:00+00:00,1181.80000,1187.10000,1178.30000,1185.80000,923
2011-08-15 00:00:00+00:00,1186.10000,1203.80000,1180.50000,1198.00000,34798
2011-08-16 00:00:00+00:00,1197.80000,1203.50000,1179.50000,1189.70000,48714
2011-08-17 00:00:00+00:00,1190.00000,1208.70000,1183.40000,1190.10000,38986
2011-08-18 00:00:00+00:00,1189.90000,1190.10000,1130.00000,1138.50000,74638
2011-08-19 00:00:00+00:00,1138.80000,1155.00000,1119.20000,1125.40000,68143
2011-08-21 00:00:00+00:00,1123.50000,1124.30000,1112.80000,1120.00000,1779
2011-08-22 00:00:00+00:00,1119.80000,1148.00000,1117.00000,1123.20000,52666
2011-08-23 00:00:00+00:00,1123.50000,1163.20000,1120.00000,1157.50000,56187
2011-08-24 00:00:00+00:00,1157.20000,1178.20000,1143.90000,1169.70000,51387
2011-08-25 00:00:00+00:00,1169.90000,1189.90000,1154.30000,1162.60000,57688
2011-08-26 00:00:00+00:00,1162.30000,1181.10000,1134.00000,1176.80000,61804
2011-08-28 00:00:00+00:00,1176.70000,1180.70000,1173.40000,1178.40000,749
2011-08-29 00:00:00+00:00,1178.70000,1209.90000,1176.70000,1208.60000,32559
2011-08-30 00:00:00+00:00,1208.40000,1219.80000,1194.60000,1204.10000,42899
2011-08-31 00:00:00+00:00,1204.30000,1230.80000,1203.60000,1218.30000,44879
2011-09-01 00:00:00+00:00,1218.30000,1229.50000,1200.00000,1200.70000,46600
2011-09-02 00:00:00+00:00,1200.90000,1204.20000,1169.40000,1170.60000,45430
2011-09-04 00:00:00+00:00,1165.70000,1167.20000,1161.00000,1166.70000,801
2011-09-05 00:00:00+00:00,1167.00000,1167.50000,1136.90000,1139.70000,12076
2011-09-06 00:00:00+00:00,1139.90000,1168.80000,1136.60000,1167.30000,55293
2011-09-07 00:00:00+00:00,1167.10000,1202.80000,1166.60000,1202.10000,37531
2011-09-08 00:00:00+00:00,1202.30000,1204.30000,1178.70000,1183.20000,34880
2011-09-09 00:00:00+00:00,1183.50000,1194.50000,1147.20000,1158.70000,30959
2011-09-11 00:00:00+00:00,1143.80000,1149.80000,1141.30000,1148.30000,694
2011-09-12 00:00:00+00:00,1148.50000,1172.00000,1129.80000,1165.50000,20244
2011-09-13 00:00:00+00:00,1165.70000,1176.90000,1145.20000,1167.20000,16068
2011-09-14 00:00:00+00:00,1167.40000,1202.60000,1154.40000,1189.10000,12298
2011-09-15 00:00:00+00:00,1189.30000,1215.00000,1182.30000,1210.00000,8606
2011-09-16 00:00:00+00:00,1210.50000,1221.50000,1201.80000,1219.00000,34348
2011-09-18 00:00:00+00:00,1206.30000,1206.50000,1201.50000,1203.20000,1598
2011-09-19 00:00:00+00:00,1203.50000,1210.70000,1188.40000,1196.90000,45010
2011-09-20 00:00:00+00:00,1197.10000,1221.50000,1192.10000,1204.80000,44578
2011-09-21 00:00:00+00:00,1204.60000,1210.60000,1161.00000,1163.50000,61404
2011-09-22 00:00:00+00:00,1163.80000,1165.50000,1112.90000,1136.30000,87423
2011-09-23 00:00:00+00:00,1136.60000,1144.80000,1108.10000,1137.00000,68580
2011-09-25 00:00:00+00:00,1128.00000,1150.70000,1128.00000,1148.90000,2853
2011-09-26 00:00:00+00:00,1149.20000,1165.20000,1121.00000,1161.90000,61015
2011-09-27 00:00:00+00:00,1161.60000,1196.30000,1161.10000,1174.10000,53814
2011-09-28 00:00:00+00:00,1174.40000,1187.90000,1149.40000,1150.90000,57783
2011-09-29 00:00:00+00:00,1151.20000,1176.80000,1139.30000,1162.90000,61760
2011-09-30 00:00:00+00:00,1163.20000,1163.40000,1127.20000,1127.90000,55492
2011-10-02 00:00:00+00:00,1128.50000,1132.50000,1125.00000,1131.50000,1391
2011-10-03 00:00:00+00:00,1131.30000,1139.00000,1089.30000,1092.50000,70910
2011-10-04 00:00:00+00:00,1092.30000,1125.10000,1073.10000,1121.10000,85291
2011-10-05 00:00:00+00:00,1121.30000,1146.70000,1112.00000,1137.30000,62800
2011-10-06 00:00:00+00:00,1137.10000,1165.90000,1134.30000,1163.10000,57592
2011-10-07 00:00:00+00:00,1162.90000,1179.20000,1150.00000,1161.10000,59360
2011-10-09 00:00:00+00:00,1162.90000,1168.90000,1161.70000,1168.20000,930
2011-10-10 00:00:00+00:00,1168.40000,1197.50000,1167.90000,1194.20000,37117
2011-10-11 00:00:00+00:00,1194.50000,1200.00000,1185.90000,1190.60000,38597
2011-10-12 00:00:00+00:00,1190.40000,1221.20000,1185.80000,1203.80000,44191
2011-10-13 00:00:00+00:00,1203.60000,1209.30000,1190.30000,1201.50000,42067
2011-10-14 00:00:00+00:00,1201.80000,1226.50000,1198.00000,1224.80000,36736
2011-10-16 00:00:00+00:00,1223.10000,1227.90000,1223.10000,1226.40000,876
2011-10-17 00:00:00+00:00,1226.60000,1235.60000,1191.90000,1196.40000,43055
2011-10-18 00:00:00+00:00,1196.20000,1234.50000,1190.10000,1221.50000,58777
2011-10-19 00:00:00+00:00,1221.20000,1232.00000,1206.10000,1214.10000,44904
2011-10-20 00:00:00+00:00,1213.80000,1220.80000,1197.00000,1214.80000,53961
2011-10-21 00:00:00+00:00,1215.00000,1240.30000,1214.00000,1239.50000,37706
2011-10-23 00:00:00+00:00,1234.10000,1238.60000,1231.10000,1238.10000,974
2011-10-24 00:00:00+00:00,1237.90000,1256.90000,1233.60000,1250.60000,32402
2011-10-25 00:00:00+00:00,1250.30000,1258.80000,1226.40000,1228.70000,47971
2011-10-26 00:00:00+00:00,1228.40000,1248.70000,1220.60000,1244.40000,48978
2011-10-27 00:00:00+00:00,1244.60000,1293.50000,1241.90000,1287.90000,57775
2011-10-28 00:00:00+00:00,1287.70000,1288.50000,1276.90000,1286.40000,32813
2011-10-30 00:00:00+00:00,1283.90000,1284.70000,1277.70000,1277.90000,597
2011-10-31 00:00:00+00:00,1278.20000,1282.20000,1245.20000,1247.50000,37608
2011-11-01 00:00:00+00:00,1247.20000,1251.80000,1212.10000,1222.80000,69449
2011-11-02 00:00:00+00:00,1222.60000,1242.30000,1222.10000,1230.30000,45260
2011-11-03 00:00:00+00:00,1230.00000,1263.30000,1217.00000,1259.50000,53235
2011-11-04 00:00:00+00:00,1259.30000,1262.20000,1237.90000,1254.20000,40402
2011-11-06 00:00:00+00:00,1256.50000,1262.80000,1254.80000,1257.00000,969
2011-11-07 00:00:00+00:00,1256.80000,1267.20000,1235.20000,1261.70000,39348
2011-11-08 00:00:00+00:00,1261.50000,1278.40000,1251.70000,1275.90000,40114
2011-11-09 00:00:00+00:00,1275.70000,1277.20000,1225.50000,1226.00000,61196
2011-11-10 00:00:00+00:00,1225.70000,1248.00000,1221.20000,1240.40000,51266
2011-11-11 00:00:00+00:00,1240.70000,1267.70000,1236.60000,1264.60000,32971
2011-11-13 00:00:00+00:00,1267.00000,1273.50000,1267.00000,1271.70000,927
2011-11-14 00:00:00+00:00,1271.50000,1273.20000,1246.10000,1254.60000,33963
2011-11-15 00:00:00+00:00,1254.30000,1264.80000,1236.50000,1255.30000,39708
2011-11-16 00:00:00+00:00,1255.50000,1261.30000,1229.90000,1232.20000,47490
2011-11-17 00:00:00+00:00,1231.90000,1244.10000,1208.80000,1213.00000,63548
2011-11-18 00:00:00+00:00,1212.80000,1232.00000,1211.00000,1215.70000,38927
2011-11-20 00:00:00+00:00,1210.00000,1211.00000,1203.00000,1209.00000,1069
2011-11-21 00:00:00+00:00,1209.30000,1210.50000,1182.40000,1191.70000,45218
2011-11-22 00:00:00+00:00,1191.90000,1200.90000,1181.10000,1186.10000,42078
2011-11-23 00:00:00+00:00,1185.80000,1186.10000,1160.20000,1162.70000,42921
2011-11-24 00:00:00+00:00,1163.00000,1175.50000,1154.60000,1159.20000,11131
2011-11-25 00:00:00+00:00,1159.40000,1172.90000,1149.10000,1155.10000,24898
2011-11-27 00:00:00+00:00,1173.40000,1177.70000,1170.70000,1172.70000,1753
2011-11-28 00:00:00+00:00,1172.90000,1197.70000,1171.90000,1191.40000,41570
2011-11-29 00:00:00+00:00,1191.10000,1207.40000,1187.60000,1191.30000,41655
2011-11-30 00:00:00+00:00,1191.50000,1248.00000,1184.30000,1244.50000,56313
2011-12-01 00:00:00+00:00,1244.30000,1252.20000,1237.00000,1245.00000,34906
2011-12-02 00:00:00+00:00,1245.20000,1263.90000,1243.10000,1245.10000,37711
2011-12-04 00:00:00+00:00,1249.00000,1255.70000,1249.00000,1253.00000,962
2011-12-05 00:00:00+00:00,1253.20000,1267.20000,1249.60000,1253.40000,35410
2011-12-06 00:00:00+00:00,1253.10000,1266.60000,1246.10000,1258.30000,32070
2011-12-07 00:00:00+00:00,1258.00000,1268.80000,1244.70000,1264.00000,38326
2011-12-08 00:00:00+00:00,1263.70000,1272.70000,1231.40000,1236.40000,36287
2011-12-09 00:00:00+00:00,1236.60000,1261.10000,1229.10000,1260.30000,21687
2011-12-11 00:00:00+00:00,1256.40000,1258.40000,1255.60000,1257.10000,156
2011-12-12 00:00:00+00:00,1257.40000,1260.90000,1226.30000,1236.30000,12243
2011-12-13 00:00:00+00:00,1236.50000,1250.00000,1218.70000,1226.50000,11466
2011-12-14 00:00:00+00:00,1226.70000,1232.70000,1209.10000,1212.90000,8632
2011-12-15 00:00:00+00:00,1212.60000,1227.10000,1204.60000,1220.50000,5470
2011-12-16 00:00:00+00:00,1220.30000,1231.80000,1214.90000,1216.70000,25939
2011-12-18 00:00:00+00:00,1218.50000,1220.60000,1217.00000,1217.80000,507
2011-12-19 00:00:00+00:00,1218.00000,1226.30000,1201.90000,1209.70000,31675
2011-12-20 00:00:00+00:00,1209.90000,1244.30000,1209.20000,1242.30000,32064
2011-12-21 00:00:00+00:00,1242.50000,1255.60000,1229.40000,1242.50000,34856
2011-12-22 00:00:00+00:00,1242.70000,1260.00000,1238.70000,1259.50000,24259
2011-12-23 00:00:00+00:00,1259.70000,1267.20000,1256.10000,1265.90000,15016
2011-12-27 00:00:00+00:00,1266.70000,1270.20000,1262.10000,1264.60000,10493
2011-12-28 00:00:00+00:00,1264.30000,1270.60000,1249.00000,1253.20000,19395
2011-12-29 00:00:00+00:00,1253.00000,1264.50000,1250.20000,1262.90000,16339
2011-12-30 00:00:00+00:00,1262.70000,1266.40000,1256.60000,1258.90000,13357
2012-01-03 00:00:00+00:00,1280.40000,1285.70000,1275.90000,1278.10000,24412
2012-01-04 00:00:00+00:00,1278.40000,1280.30000,1268.30000,1278.00000,24541
2012-01-05 00:00:00+00:00,1277.80000,1283.50000,1265.20000,1279.00000,30478
2012-01-06 00:00:00+00:00,1278.70000,1287.50000,1272.20000,1279.40000,27171
2012-01-08 00:00:00+00:00,1280.00000,1280.00000,1272.70000,1274.70000,485
2012-01-09 00:00:00+00:00,1275.00000,1283.00000,1272.50000,1282.40000,19697
2012-01-10 00:00:00+00:00,1282.20000,1297.20000,1282.20000,1289.60000,23643
2012-01-11 00:00:00+00:00,1289.40000,1294.60000,1284.30000,1292.80000,21363
2012-01-12 00:00:00+00:00,1292.60000,1302.60000,1285.70000,1297.00000,26371
2012-01-13 00:00:00+00:00,1297.30000,1300.00000,1277.60000,1294.40000,30040
2012-01-15 00:00:00+00:00,1290.00000,1292.50000,1289.50000,1291.00000,358
2012-01-16 00:00:00+00:00,1291.30000,1297.00000,1286.00000,1295.70000,5054
2012-01-17 00:00:00+00:00,1295.40000,1307.20000,1290.60000,1296.10000,25517
2012-01-18 00:00:00+00:00,1295.90000,1308.80000,1291.00000,1307.60000,27240
2012-01-19 00:00:00+00:00,1307.80000,1316.00000,1303.80000,1314.30000,24969
2012-01-20 00:00:00+00:00,1314.00000,1316.20000,1309.20000,1315.70000,19507
2012-01-22 00:00:00+00:00,1311.80000,1312.30000,1309.80000,1310.30000,369
2012-01-23 00:00:00+00:00,1310.00000,1322.50000,1309.20000,1315.20000,21971
2012-01-24 00:00:00+00:00,1315.50000,1320.60000,1305.60000,1318.40000,20821
2012-01-25 00:00:00+00:00,1318.10000,1328.80000,1307.00000,1322.60000,28511
2012-01-26 00:00:00+00:00,1322.80000,1333.80000,1313.20000,1318.50000,28853
2012-01-27 00:00:00+00:00,1318.70000,1323.20000,1310.90000,1316.60000,26610
2012-01-29 00:00:00+00:00,1317.70000,1318.20000,1314.70000,1315.50000,267
2012-01-30 00:00:00+00:00,1315.20000,1315.50000,1299.60000,1313.60000,26122
2012-01-31 00:00:00+00:00,1313.40000,1321.10000,1305.80000,1309.80000,29868
2012-02-01 00:00:00+00:00,1309.80000,1330.50000,1307.30000,1324.50000,29305
2012-02-02 00:00:00+00:00,1324.30000,1329.50000,1320.50000,1325.90000,23115
2012-02-03 00:00:00+00:00,1326.20000,1345.40000,1323.40000,1342.90000,27832
2012-02-05 00:00:00+00:00,1339.70000,1340.50000,1338.00000,1340.00000,403
2012-02-06 00:00:00+00:00,1340.20000,1344.20000,1333.40000,1343.20000,17741
2012-02-07 00:00:00+00:00,1343.40000,1348.80000,1334.80000,1346.10000,24376
2012-02-08 00:00:00+00:00,1345.80000,1351.30000,1341.30000,1347.00000,20263
2012-02-09 00:00:00+00:00,1347.20000,1355.70000,1343.70000,1349.40000,24728
2012-02-10 00:00:00+00:00,1349.70000,1349.90000,1336.60000,1343.10000,24946
2012-02-12 00:00:00+00:00,1349.90000,1350.40000,1347.20000,1348.90000,793
2012-02-13 00:00:00+00:00,1349.20000,1354.90000,1345.40000,1348.60000,20524
2012-02-14 00:00:00+00:00,1348.80000,1354.60000,1340.30000,1350.30000,25541
2012-02-15 00:00:00+00:00,1350.00000,1360.50000,1340.40000,1341.40000,34414
2012-02-16 00:00:00+00:00,1341.20000,1359.60000,1336.60000,1357.10000,28367
2012-02-17 00:00:00+00:00,1356.90000,1363.60000,1355.30000,1362.30000,18443
2012-02-19 00:00:00+00:00,1368.90000,1371.60000,1368.60000,1370.40000,678
2012-02-20 00:00:00+00:00,1370.60000,1370.90000,1363.80000,1364.50000,4768
2012-02-21 00:00:00+00:00,1364.80000,1369.80000,1357.70000,1361.70000,19781
2012-02-22 00:00:00+00:00,1361.40000,1365.90000,1354.90000,1357.40000,20409
2012-02-23 00:00:00+00:00,1357.10000,1367.60000,1352.10000,1366.80000,22531
2012-02-24 00:00:00+00:00,1367.00000,1370.30000,1363.20000,1364.50000,16670
2012-02-26 00:00:00+00:00,1364.80000,1366.60000,1364.80000,1365.30000,191
2012-02-27 00:00:00+00:00,1365.50000,1372.20000,1354.50000,1368.70000,21899
2012-02-28 00:00:00+00:00,1369.00000,1375.20000,1365.90000,1372.90000,21961
2012-02-29 00:00:00+00:00,1372.50000,1378.40000,1358.10000,1363.40000,8198
2012-03-01 00:00:00+00:00,1362.60000,1377.80000,1360.10000,1377.80000,6217
2012-03-02 00:00:00+00:00,1378.10000,1378.10000,1366.20000,1369.70000,4562
2012-03-03 00:00:00+00:00,1369.70000,1369.70000,1369.70000,1369.70000,1
2012-03-04 00:00:00+00:00,1369.70000,1369.70000,1369.70000,1369.70000,1
2012-03-05 00:00:00+00:00,1365.30000,1368.00000,1359.20000,1365.50000,2287
2012-03-06 00:00:00+00:00,1366.00000,1366.30000,1339.40000,1345.40000,5409
2012-03-07 00:00:00+00:00,1345.20000,1354.80000,1344.60000,1352.50000,5505
2012-03-08 00:00:00+00:00,1352.00000,1369.00000,1351.50000,1366.30000,3380
2012-03-09 00:00:00+00:00,1366.00000,1375.20000,1363.90000,1372.90000,4767
2012-03-11 00:00:00+00:00,1372.50000,1372.80000,1371.20000,1372.30000,56
2012-03-12 00:00:00+00:00,1372.00000,1373.70000,1366.40000,1373.40000,2859
2012-03-13 00:00:00+00:00,1373.70000,1399.20000,1373.40000,1396.20000,6724
2012-03-14 00:00:00+00:00,1395.70000,1400.00000,1390.40000,1393.10000,4803
2012-03-15 00:00:00+00:00,1393.40000,1403.40000,1393.10000,1401.40000,3677
2012-03-16 00:00:00+00:00,1401.10000,1406.40000,1400.10000,1404.10000,1543
2012-03-18 00:00:00+00:00,1403.10000,1405.20000,1403.00000,1405.20000,131
2012-03-19 00:00:00+00:00,1405.40000,1413.60000,1399.40000,1409.60000,1307
2012-03-20 00:00:00+00:00,1409.40000,1410.20000,1397.80000,1405.60000,1351
2012-03-21 00:00:00+00:00,1405.40000,1411.20000,1400.00000,1404.20000,1633
2012-03-22 00:00:00+00:00,1404.00000,1406.20000,1388.40000,1395.20000,4405
2012-03-23 00:00:00+00:00,1395.60000,1400.60000,1386.00000,1399.00000,3265
2012-03-25 00:00:00+00:00,1399.40000,1403.20000,1399.40000,1403.00000,129
2012-03-26 00:00:00+00:00,1402.80000,1421.40000,1398.00000,1421.00000,1995
2012-03-27 00:00:00+00:00,1420.80000,1425.00000,1410.40000,1412.60000,1803
2012-03-28 00:00:00+00:00,1413.00000,1417.20000,1397.20000,1406.40000,2070
2012-03-29 00:00:00+00:00,1406.60000,1409.00000,1391.40000,1402.80000,3469
2012-03-30 00:00:00+00:00,1402.40000,1411.00000,1401.00000,1409.40000,3441
2012-04-01 00:00:00+00:00,1409.40000,1414.80000,1409.40000,1413.60000,122
2012-04-02 00:00:00+00:00,1413.40000,1422.60000,1404.00000,1417.00000,2573
2012-04-03 00:00:00+00:00,1417.20000,1419.00000,1404.40000,1411.60000,5738
2012-04-04 00:00:00+00:00,1412.00000,1412.00000,1393.40000,1397.80000,5492
2012-04-05 00:00:00+00:00,1397.60000,1402.20000,1388.80000,1396.20000,5364
2012-04-06 00:00:00+00:00,1396.40000,1399.20000,1376.60000,1379.10000,1392
2012-04-08 00:00:00+00:00,1378.60000,1380.20000,1376.50000,1378.50000,158
2012-04-09 00:00:00+00:00,1379.00000,1387.00000,1376.20000,1380.20000,3233
2012-04-10 00:00:00+00:00,1380.40000,1385.00000,1356.80000,1364.40000,6071
2012-04-11 00:00:00+00:00,1364.60000,1374.60000,1363.60000,1369.60000,6155
2012-04-12 00:00:00+00:00,1369.40000,1390.20000,1367.40000,1389.60000,6664
2012-04-13 00:00:00+00:00,1389.80000,1392.60000,1368.80000,1370.40000,7869
2012-04-15 00:00:00+00:00,1369.60000,1369.60000,1366.40000,1367.80000,143
2012-04-16 00:00:00+00:00,1368.20000,1379.20000,1364.40000,1368.40000,4583
2012-04-17 00:00:00+00:00,1368.20000,1392.40000,1363.20000,1388.60000,5848
2012-04-18 00:00:00+00:00,1389.00000,1390.40000,1381.80000,1383.00000,4254
2012-04-19 00:00:00+00:00,1382.80000,1393.60000,1369.40000,1378.60000,10400
2012-04-20 00:00:00+00:00,1378.40000,1386.80000,1375.00000,1378.80000,7741
2012-04-22 00:00:00+00:00,1375.60000,1377.60000,1375.00000,1376.00000,242
2012-04-23 00:00:00+00:00,1376.40000,1378.00000,1357.40000,1366.80000,6829
2012-04-24 00:00:00+00:00,1366.40000,1380.70000,1364.40000,1379.40000,7007
2012-04-25 00:00:00+00:00,1379.60000,1391.20000,1376.60000,1390.70000,7740
2012-04-26 00:00:00+00:00,1390.40000,1402.20000,1384.60000,1393.60000,3636
2012-04-27 00:00:00+00:00,1393.40000,1406.00000,1389.80000,1402.10000,6367
2012-04-28 00:00:00+00:00,1402.10000,1402.10000,1402.10000,1402.10000,1
2012-04-29 00:00:00+00:00,1403.40000,1405.40000,1402.70000,1403.20000,89
2012-04-30 00:00:00+00:00,1403.40000,1405.40000,1392.80000,1398.40000,3660
2012-05-01 00:00:00+00:00,1398.00000,1414.60000,1394.40000,1404.80000,2990
2012-05-02 00:00:00+00:00,1404.60000,1407.40000,1392.20000,1400.40000,6085
2012-05-03 00:00:00+00:00,1400.20000,1405.40000,1387.40000,1389.40000,5332
2012-05-04 00:00:00+00:00,1388.80000,1391.60000,1366.00000,1366.20000,5379
2012-05-06 00:00:00+00:00,1356.20000,1356.80000,1344.80000,1351.40000,457
2012-05-07 00:00:00+00:00,1351.00000,1372.60000,1348.40000,1369.80000,2838
2012-05-08 00:00:00+00:00,1370.00000,1370.00000,1346.20000,1359.80000,7855
2012-05-09 00:00:00+00:00,1360.00000,1363.00000,1341.40000,1351.60000,13069
2012-05-10 00:00:00+00:00,1351.40000,1366.00000,1346.40000,1349.80000,9626
2012-05-11 00:00:00+00:00,1350.20000,1365.20000,1347.60000,1352.40000,7719
2012-05-14 00:00:00+00:00,1352.40000,1352.80000,1334.40000,1339.20000,5260
2012-05-15 00:00:00+00:00,1339.40000,1348.80000,1327.60000,1333.20000,9894
2012-05-16 00:00:00+00:00,1333.00000,1341.60000,1323.00000,1327.60000,9809
2012-05-17 00:00:00+00:00,1327.80000,1332.40000,1301.60000,1306.20000,11182
2012-05-18 00:00:00+00:00,1305.80000,1312.00000,1291.60000,1293.60000,12127
2012-05-20 00:00:00+00:00,1293.00000,1296.40000,1289.00000,1296.00000,545
2012-05-21 00:00:00+00:00,1296.20000,1317.20000,1295.40000,1316.60000,7407
2012-05-22 00:00:00+00:00,1317.00000,1328.20000,1309.00000,1312.60000,7394
2012-05-23 00:00:00+00:00,1312.80000,1320.20000,1295.60000,1310.80000,14121
2012-05-24 00:00:00+00:00,1311.00000,1325.80000,1307.40000,1323.00000,14394
2012-05-25 00:00:00+00:00,1323.20000,1331.00000,1313.40000,1315.90000,9686
2012-05-27 00:00:00+00:00,1322.40000,1325.00000,1321.50000,1325.00000,286
2012-05-28 00:00:00+00:00,1324.80000,1329.60000,1320.50000,1321.00000,4644
2012-05-29 00:00:00+00:00,1320.70000,1335.20000,1318.80000,1330.80000,11119
2012-05-30 00:00:00+00:00,1331.00000,1331.80000,1307.60000,1309.60000,9416
2012-05-31 00:00:00+00:00,1309.80000,1319.80000,1298.30000,1307.80000,13137
2012-06-01 00:00:00+00:00,1308.00000,1308.30000,1275.20000,1275.90000,18830
2012-06-03 00:00:00+00:00,1275.90000,1278.10000,1262.80000,1264.60000,1094
2012-06-04 00:00:00+00:00,1264.30000,1282.00000,1264.30000,1275.80000,10666
2012-06-05 00:00:00+00:00,1275.50000,1291.00000,1268.40000,1288.20000,11510
2012-06-06 00:00:00+00:00,1288.40000,1318.70000,1287.00000,1317.90000,12904
2012-06-07 00:00:00+00:00,1318.20000,1329.60000,1312.40000,1317.00000,8553
2012-06-08 00:00:00+00:00,1316.80000,1328.00000,1306.00000,1327.80000,10257
2012-06-10 00:00:00+00:00,1344.60000,1349.20000,1342.20000,1344.40000,459
2012-06-11 00:00:00+00:00,1344.20000,1346.80000,1304.00000,1307.80000,7534
2012-06-12 00:00:00+00:00,1307.50000,1326.60000,1306.00000,1324.80000,12492
2012-06-13 00:00:00+00:00,1325.00000,1328.00000,1310.40000,1316.20000,13552
2012-06-14 00:00:00+00:00,1316.00000,1334.50000,1312.20000,1332.20000,12936
2012-06-15 00:00:00+00:00,1332.40000,1343.60000,1331.40000,1343.60000,10569
2012-06-17 00:00:00+00:00,1343.60000,1354.40000,1343.60000,1350.60000,940
2012-06-18 00:00:00+00:00,1350.80000,1353.80000,1334.10000,1348.00000,7544
2012-06-19 00:00:00+00:00,1347.70000,1363.60000,1343.20000,1356.60000,6700
2012-06-20 00:00:00+00:00,1356.80000,1361.90000,1345.40000,1356.20000,11553
2012-06-21 00:00:00+00:00,1355.80000,1359.60000,1324.00000,1327.20000,10896
2012-06-22 00:00:00+00:00,1327.40000,1338.00000,1324.60000,1333.20000,7967
2012-06-24 00:00:00+00:00,1331.80000,1332.60000,1328.70000,1329.20000,130
2012-06-25 00:00:00+00:00,1329.50000,1329.50000,1308.60000,1314.20000,6257
2012-06-26 00:00:00+00:00,1314.60000,1323.80000,1309.20000,1320.00000,9504
2012-06-27 00:00:00+00:00,1319.80000,1334.40000,1318.00000,1330.20000,8512
2012-06-28 00:00:00+00:00,1330.00000,1333.50000,1312.60000,1323.70000,11146
2012-06-29 00:00:00+00:00,1323.40000,1365.40000,1322.20000,1364.40000,11769
2012-07-01 00:00:00+00:00,1364.40000,1365.60000,1363.60000,1364.00000,207
2012-07-02 00:00:00+00:00,1364.20000,1367.80000,1355.40000,1363.10000,7557
2012-07-03 00:00:00+00:00,1362.80000,1375.00000,1360.80000,1373.80000,5145
2012-07-04 00:00:00+00:00,1373.60000,1375.60000,1369.40000,1370.80000,3636
2012-07-05 00:00:00+00:00,1371.00000,1380.40000,1362.80000,1368.20000,10510
2012-07-06 00:00:00+00:00,1368.60000,1369.20000,1347.80000,1357.00000,8833
2012-07-08 00:00:00+00:00,1357.00000,1357.00000,1353.10000,1353.40000,397
2012-07-09 00:00:00+00:00,1353.10000,1355.40000,1346.20000,1352.60000,7800
2012-07-10 00:00:00+00:00,1353.00000,1361.60000,1335.60000,1340.70000,7122
2012-07-11 00:00:00+00:00,1340.40000,1347.40000,1332.80000,1343.40000,6414
2012-07-12 00:00:00+00:00,1343.60000,1343.60000,1324.80000,1334.20000,9065
2012-07-13 00:00:00+00:00,1334.00000,1358.00000,1333.80000,1356.80000,7660
2012-07-15 00:00:00+00:00,1356.80000,1356.80000,1354.40000,1355.10000,140
2012-07-16 00:00:00+00:00,1354.90000,1357.00000,1347.80000,1351.40000,6547
2012-07-17 00:00:00+00:00,1351.60000,1365.00000,1344.00000,1362.60000,9699
2012-07-18 00:00:00+00:00,1362.20000,1376.20000,1357.20000,1374.20000,8348
2012-07-19 00:00:00+00:00,1374.40000,1380.40000,1370.60000,1375.40000,8462
2012-07-20 00:00:00+00:00,1375.20000,1375.70000,1361.60000,1362.80000,8537
2012-07-22 00:00:00+00:00,1360.20000,1361.00000,1356.60000,1357.20000,318
2012-07-23 00:00:00+00:00,1357.40000,1358.40000,1336.20000,1345.00000,10815
2012-07-24 00:00:00+00:00,1345.20000,1350.60000,1325.20000,1327.60000,10765
2012-07-25 00:00:00+00:00,1327.40000,1344.00000,1325.60000,1337.60000,11184
2012-07-26 00:00:00+00:00,1337.90000,1362.60000,1331.80000,1358.70000,12904
2012-07-27 00:00:00+00:00,1358.90000,1388.80000,1356.80000,1386.60000,12361
2012-07-29 00:00:00+00:00,1386.60000,1386.60000,1382.40000,1382.60000,321
2012-07-30 00:00:00+00:00,1382.40000,1391.20000,1379.60000,1383.40000,8351
2012-07-31 00:00:00+00:00,1383.60000,1390.40000,1374.80000,1376.10000,10132
2012-08-01 00:00:00+00:00,1376.30000,1385.00000,1371.60000,1376.10000,9723
2012-08-02 00:00:00+00:00,1375.90000,1386.50000,1352.80000,1364.40000,16814
2012-08-03 00:00:00+00:00,1364.60000,1394.00000,1363.60000,1391.40000,9414
2012-08-05 00:00:00+00:00,1394.20000,1394.60000,1391.40000,1393.80000,324
2012-08-06 00:00:00+00:00,1393.60000,1399.00000,1390.80000,1392.20000,7159
2012-08-07 00:00:00+00:00,1392.40000,1406.60000,1391.00000,1399.20000,7011
2012-08-08 00:00:00+00:00,1398.80000,1403.40000,1393.80000,1400.40000,5926
2012-08-09 00:00:00+00:00,1400.20000,1407.00000,1397.00000,1401.90000,5438
2012-08-10 00:00:00+00:00,1401.70000,1406.00000,1395.00000,1405.20000,6181
2012-08-12 00:00:00+00:00,1405.20000,1405.20000,1403.00000,1403.30000,98
2012-08-13 00:00:00+00:00,1403.10000,1406.70000,1397.00000,1404.20000,4678
2012-08-14 00:00:00+00:00,1404.40000,1412.20000,1400.20000,1403.10000,5401
2012-08-15 00:00:00+00:00,1402.90000,1408.40000,1399.80000,1406.60000,4562
2012-08-16 00:00:00+00:00,1406.40000,1418.20000,1404.60000,1416.20000,5057
2012-08-17 00:00:00+00:00,1416.40000,1419.20000,1413.50000,1418.00000,3999
2012-08-19 00:00:00+00:00,1417.60000,1419.80000,1417.20000,1417.60000,105
2012-08-20 00:00:00+00:00,1417.20000,1420.20000,1412.00000,1417.80000,4588
2012-08-21 00:00:00+00:00,1417.60000,1427.00000,1410.40000,1413.10000,5269
2012-08-22 00:00:00+00:00,1412.90000,1416.40000,1406.60000,1415.10000,7157
2012-08-23 00:00:00+00:00,1415.30000,1420.00000,1400.20000,1403.50000,7146
2012-08-24 00:00:00+00:00,1403.30000,1414.00000,1397.40000,1411.60000,4447
2012-08-26 00:00:00+00:00,1412.00000,1415.00000,1411.80000,1412.60000,115
2012-08-27 00:00:00+00:00,1412.20000,1417.80000,1408.90000,1410.90000,3824
2012-08-28 00:00:00+00:00,1410.70000,1413.60000,1405.20000,1410.60000,5806
2012-08-29 00:00:00+00:00,1410.40000,1414.40000,1406.60000,1408.60000,4832
2012-08-30 00:00:00+00:00,1408.20000,1408.60000,1397.00000,1397.70000,4438
2012-08-31 00:00:00+00:00,1397.90000,1413.70000,1397.90000,1407.40000,8601
2012-09-02 00:00:00+00:00,1407.00000,1407.20000,1402.00000,1402.00000,180
2012-09-03 00:00:00+00:00,1402.20000,1410.60000,1398.00000,1407.70000,3276
2012-09-04 00:00:00+00:00,1407.40000,1410.40000,1395.90000,1404.60000,5183
2012-09-05 00:00:00+00:00,1404.30000,1409.20000,1398.60000,1405.40000,7282
2012-09-06 00:00:00+00:00,1405.60000,1434.00000,1404.60000,1432.80000,7548
2012-09-07 00:00:00+00:00,1433.00000,1439.40000,1431.80000,1439.00000,7617
2012-09-08 00:00:00+00:00,1439.00000,1439.00000,1439.00000,1439.00000,1
2012-09-09 00:00:00+00:00,1437.80000,1438.20000,1436.40000,1437.00000,118
2012-09-10 00:00:00+00:00,1436.80000,1438.60000,1425.20000,1426.70000,4465
2012-09-11 00:00:00+00:00,1426.40000,1438.20000,1422.40000,1430.50000,4567
2012-09-12 00:00:00+00:00,1430.30000,1440.30000,1429.80000,1439.00000,8147
2012-09-13 00:00:00+00:00,1438.80000,1464.70000,1435.70000,1460.00000,9825
2012-09-14 00:00:00+00:00,1459.70000,1475.20000,1459.70000,1466.20000,5145
2012-09-16 00:00:00+00:00,1466.10000,1466.10000,1462.50000,1462.90000,69
2012-09-17 00:00:00+00:00,1463.20000,1465.80000,1457.60000,1461.40000,3399
2012-09-18 00:00:00+00:00,1461.60000,1463.30000,1456.30000,1461.30000,4687
2012-09-19 00:00:00+00:00,1461.50000,1465.90000,1457.70000,1459.20000,3699
2012-09-20 00:00:00+00:00,1458.90000,1462.60000,1449.80000,1461.80000,4162
2012-09-21 00:00:00+00:00,1462.00000,1468.40000,1456.80000,1457.80000,6334
2012-09-22 00:00:00+00:00,1457.80000,1457.80000,1457.80000,1457.80000,2
2012-09-23 00:00:00+00:00,1457.80000,1459.60000,1456.90000,1458.80000,105
2012-09-24 00:00:00+00:00,1458.60000,1460.40000,1450.80000,1458.30000,4827
2012-09-25 00:00:00+00:00,1458.10000,1462.60000,1441.00000,1443.50000,5980
2012-09-26 00:00:00+00:00,1443.70000,1445.40000,1429.80000,1435.30000,5579
2012-09-27 00:00:00+00:00,1435.10000,1450.00000,1435.10000,1448.10000,6718
2012-09-28 00:00:00+00:00,1448.30000,1449.10000,1434.80000,1440.80000,6586
2012-09-30 00:00:00+00:00,1440.80000,1440.80000,1434.30000,1435.60000,298
2012-10-01 00:00:00+00:00,1436.10000,1456.80000,1433.30000,1442.50000,7442
2012-10-02 00:00:00+00:00,1442.30000,1451.30000,1437.80000,1445.10000,6173
2012-10-03 00:00:00+00:00,1445.30000,1454.60000,1440.80000,1452.60000,6142
2012-10-04 00:00:00+00:00,1453.00000,1463.00000,1450.40000,1461.80000,6294
2012-10-05 00:00:00+00:00,1462.00000,1471.20000,1456.60000,1460.60000,5574
2012-10-07 00:00:00+00:00,1461.60000,1462.20000,1457.40000,1459.40000,340
2012-10-08 00:00:00+00:00,1459.20000,1459.90000,1452.70000,1456.40000,4455
2012-10-09 00:00:00+00:00,1456.60000,1459.40000,1436.20000,1437.20000,6791
2012-10-10 00:00:00+00:00,1437.40000,1442.40000,1426.20000,1427.40000,6347
2012-10-11 00:00:00+00:00,1427.60000,1443.80000,1427.60000,1435.60000,5469
2012-10-12 00:00:00+00:00,1435.80000,1439.40000,1424.80000,1426.80000,6265
2012-10-14 00:00:00+00:00,1426.80000,1428.40000,1424.60000,1424.60000,99
2012-10-15 00:00:00+00:00,1425.20000,1442.40000,1421.00000,1442.20000,4665
2012-10-16 00:00:00+00:00,1442.00000,1456.60000,1439.00000,1455.40000,4826
2012-10-17 00:00:00+00:00,1455.00000,1462.50000,1450.80000,1460.80000,5042
2012-10-18 00:00:00+00:00,1460.50000,1464.00000,1452.20000,1456.80000,6879
2012-10-19 00:00:00+00:00,1456.60000,1457.60000,1428.80000,1429.50000,6047
2012-10-21 00:00:00+00:00,1429.50000,1429.80000,1424.80000,1426.60000,145
2012-10-22 00:00:00+00:00,1426.80000,1437.20000,1420.80000,1436.80000,5849
2012-10-23 00:00:00+00:00,1436.60000,1436.80000,1406.00000,1413.00000,8213
2012-10-24 00:00:00+00:00,1413.20000,1418.80000,1405.60000,1408.90000,6503
2012-10-25 00:00:00+00:00,1409.10000,1420.40000,1400.80000,1410.30000,7361
2012-10-26 00:00:00+00:00,1410.10000,1416.10000,1398.30000,1410.90000,7596
2012-10-28 00:00:00+00:00,1409.70000,1410.40000,1405.00000,1406.70000,215
2012-10-29 00:00:00+00:00,1407.00000,1410.00000,1400.10000,1403.10000,2586
2012-10-30 00:00:00+00:00,1403.30000,1415.60000,1396.50000,1414.30000,2005
2012-10-31 00:00:00+00:00,1414.50000,1421.50000,1403.90000,1405.60000,6582
2012-11-01 00:00:00+00:00,1405.60000,1428.70000,1402.00000,1426.90000,5944
2012-11-02 00:00:00+00:00,1427.20000,1434.60000,1408.60000,1409.10000,6674
2012-11-04 00:00:00+00:00,1406.40000,1408.60000,1406.00000,1406.80000,182
2012-11-05 00:00:00+00:00,1407.00000,1418.40000,1405.80000,1413.80000,4796
2012-11-06 00:00:00+00:00,1413.40000,1432.10000,1412.80000,1426.60000,3664
2012-11-07 00:00:00+00:00,1426.40000,1434.60000,1387.00000,1396.20000,12623
2012-11-08 00:00:00+00:00,1396.00000,1400.20000,1375.40000,1379.40000,7228
2012-11-09 00:00:00+00:00,1379.10000,1390.60000,1366.50000,1379.80000,6420
2012-11-11 00:00:00+00:00,1379.80000,1379.80000,1379.80000,1379.80000,1
2012-11-12 00:00:00+00:00,1379.80000,1384.20000,1375.40000,1377.60000,3042
2012-11-13 00:00:00+00:00,1377.80000,1388.60000,1368.40000,1375.20000,6543
2012-11-14 00:00:00+00:00,1375.00000,1384.00000,1352.00000,1356.60000,6848
2012-11-15 00:00:00+00:00,1356.40000,1361.20000,1347.60000,1352.40000,6801
2012-11-16 00:00:00+00:00,1352.20000,1362.30000,1342.60000,1362.30000,7405
2012-11-18 00:00:00+00:00,1363.60000,1366.40000,1363.40000,1366.40000,83
2012-11-19 00:00:00+00:00,1366.60000,1387.60000,1364.00000,1382.60000,4590
2012-11-20 00:00:00+00:00,1383.00000,1389.40000,1376.00000,1387.60000,4794
2012-11-21 00:00:00+00:00,1387.80000,1394.20000,1379.40000,1393.00000,4230
2012-11-22 00:00:00+00:00,1392.80000,1395.80000,1392.00000,1393.60000,1192
2012-11-23 00:00:00+00:00,1393.80000,1409.20000,1389.00000,1408.10000,2260
2012-11-25 00:00:00+00:00,1403.60000,1405.00000,1403.20000,1403.40000,129
2012-11-26 00:00:00+00:00,1403.20000,1406.40000,1396.70000,1406.20000,3344
2012-11-27 00:00:00+00:00,1406.40000,1409.20000,1396.80000,1397.00000,4327
2012-11-28 00:00:00+00:00,1397.20000,1410.10000,1384.70000,1406.40000,5109
2012-11-29 00:00:00+00:00,1406.60000,1419.70000,1406.40000,1413.20000,4017
2012-11-30 00:00:00+00:00,1413.00000,1420.80000,1411.40000,1415.40000,4779
2012-12-02 00:00:00+00:00,1415.40000,1415.60000,1414.20000,1414.60000,78
2012-12-03 00:00:00+00:00,1414.40000,1425.10000,1405.80000,1407.20000,6182
2012-12-04 00:00:00+00:00,1407.00000,1412.80000,1402.80000,1404.40000,5351
2012-12-05 00:00:00+00:00,1404.20000,1415.60000,1398.00000,1409.40000,8360
2012-12-06 00:00:00+00:00,1409.60000,1414.60000,1405.20000,1414.60000,8328
2012-12-07 00:00:00+00:00,1414.40000,1423.10000,1409.50000,1417.20000,7232
2012-12-09 00:00:00+00:00,1417.40000,1419.20000,1417.20000,1417.60000,80
2012-12-10 00:00:00+00:00,1417.80000,1421.80000,1411.60000,1417.00000,5023
2012-12-11 00:00:00+00:00,1416.80000,1434.60000,1415.80000,1431.60000,4361
2012-12-12 00:00:00+00:00,1431.70000,1439.20000,1426.60000,1428.60000,5792
2012-12-13 00:00:00+00:00,1428.80000,1432.00000,1416.40000,1422.60000,5503
2012-12-14 00:00:00+00:00,1422.40000,1425.80000,1412.00000,1415.40000,5067
2012-12-16 00:00:00+00:00,1421.60000,1423.20000,1420.00000,1422.40000,162
2012-12-17 00:00:00+00:00,1422.20000,1435.00000,1415.40000,1433.80000,5294
2012-12-18 00:00:00+00:00,1434.00000,1449.40000,1431.40000,1447.00000,4833
2012-12-19 00:00:00+00:00,1447.20000,1452.00000,1433.60000,1435.00000,3868
2012-12-20 00:00:00+00:00,1434.80000,1447.20000,1433.40000,1445.80000,6331
2012-12-21 00:00:00+00:00,1445.60000,1445.90000,1389.80000,1432.20000,10762
2012-12-23 00:00:00+00:00,1429.40000,1430.20000,1427.00000,1427.40000,156
2012-12-24 00:00:00+00:00,1427.60000,1429.40000,1423.40000,1426.20000,1545
2012-12-26 00:00:00+00:00,1426.20000,1430.20000,1416.40000,1419.20000,2517
2012-12-27 00:00:00+00:00,1419.00000,1423.80000,1401.40000,1420.00000,8644
2012-12-28 00:00:00+00:00,1419.80000,1420.00000,1391.80000,1392.80000,6775
2012-12-30 00:00:00+00:00,1392.00000,1397.20000,1388.40000,1394.80000,417
2012-12-31 00:00:00+00:00,1395.00000,1416.60000,1389.60000,1411.60000,4938
2013-01-02 00:00:00+00:00,1411.60000,1463.00000,1411.60000,1459.60000,4958
2013-01-03 00:00:00+00:00,1459.40000,1465.40000,1455.20000,1458.20000,4532
2013-01-04 00:00:00+00:00,1458.00000,1468.00000,1456.60000,1463.60000,4988
2013-01-06 00:00:00+00:00,1465.00000,1465.20000,1463.40000,1464.00000,120
2013-01-07 00:00:00+00:00,1463.80000,1464.20000,1455.60000,1460.40000,3860
2013-01-08 00:00:00+00:00,1460.20000,1461.70000,1450.80000,1457.40000,4555
2013-01-09 00:00:00+00:00,1457.40000,1464.00000,1456.60000,1459.80000,3751
2013-01-10 00:00:00+00:00,1460.00000,1475.60000,1459.50000,1474.40000,5067
2013-01-11 00:00:00+00:00,1474.20000,1474.30000,1467.00000,1471.40000,4746
2013-01-12 00:00:00+00:00,1471.40000,1471.40000,1471.40000,1471.40000,1
2013-01-13 00:00:00+00:00,1471.20000,1471.60000,1470.00000,1471.60000,126
2013-01-14 00:00:00+00:00,1471.40000,1475.50000,1464.60000,1469.00000,5019
2013-01-15 00:00:00+00:00,1468.80000,1472.40000,1461.00000,1471.40000,5599
2013-01-16 00:00:00+00:00,1471.20000,1473.00000,1464.40000,1467.80000,4751
2013-01-17 00:00:00+00:00,1468.00000,1484.60000,1464.80000,1478.80000,4499
2013-01-18 00:00:00+00:00,1478.60000,1485.00000,1474.60000,1483.00000,4895
2013-01-20 00:00:00+00:00,1482.20000,1485.20000,1482.00000,1484.80000,94
2013-01-21 00:00:00+00:00,1484.60000,1487.40000,1482.40000,1486.40000,1380
2013-01-22 00:00:00+00:00,1486.20000,1495.00000,1479.00000,1493.20000,5410
2013-01-23 00:00:00+00:00,1493.00000,1494.60000,1486.60000,1488.40000,4527
2013-01-24 00:00:00+00:00,1488.00000,1501.40000,1487.00000,1492.20000,5986
2013-01-25 00:00:00+00:00,1492.40000,1502.80000,1490.50000,1499.00000,5003
2013-01-27 00:00:00+00:00,1499.00000,1499.40000,1498.00000,1498.60000,52
2013-01-28 00:00:00+00:00,1498.40000,1503.20000,1494.80000,1498.40000,3046
2013-01-29 00:00:00+00:00,1498.60000,1509.00000,1494.60000,1507.40000,4689
2013-01-30 00:00:00+00:00,1507.60000,1509.20000,1497.00000,1497.80000,6116
2013-01-31 00:00:00+00:00,1497.60000,1503.00000,1494.80000,1500.60000,4538
2013-02-01 00:00:00+00:00,1500.40000,1513.20000,1499.00000,1510.00000,5583
2013-02-03 00:00:00+00:00,1510.60000,1510.60000,1509.40000,1509.80000,79
2013-02-04 00:00:00+00:00,1510.00000,1511.30000,1493.20000,1496.40000,4589
2013-02-05 00:00:00+00:00,1496.80000,1513.60000,1496.60000,1509.40000,5990
2013-02-06 00:00:00+00:00,1509.20000,1512.80000,1501.80000,1509.00000,7449
2013-02-07 00:00:00+00:00,1508.80000,1513.40000,1497.20000,1507.20000,6141
2013-02-08 00:00:00+00:00,1507.00000,1517.40000,1506.40000,1515.80000,3790
2013-02-10 00:00:00+00:00,1515.40000,1517.00000,1515.00000,1516.60000,83
2013-02-11 00:00:00+00:00,1516.80000,1519.20000,1512.40000,1515.00000,4023
2013-02-12 00:00:00+00:00,1515.20000,1521.20000,1511.00000,1520.20000,5440
2013-02-13 00:00:00+00:00,1520.00000,1524.20000,1515.40000,1518.40000,4923
2013-02-14 00:00:00+00:00,1518.00000,1522.60000,1512.20000,1520.60000,4888
2013-02-15 00:00:00+00:00,1520.80000,1523.80000,1513.60000,1519.60000,5059
2013-02-17 00:00:00+00:00,1518.20000,1519.60000,1517.80000,1519.00000,60
2013-02-18 00:00:00+00:00,1518.80000,1520.70000,1517.70000,1518.80000,1248
2013-02-19 00:00:00+00:00,1518.40000,1530.60000,1517.20000,1530.40000,5330
2013-02-20 00:00:00+00:00,1530.40000,1531.60000,1508.60000,1510.40000,6943
2013-02-21 00:00:00+00:00,1510.20000,1511.30000,1496.80000,1504.20000,8850
2013-02-22 00:00:00+00:00,1504.40000,1516.40000,1503.70000,1515.60000,8853
2013-02-24 00:00:00+00:00,1516.20000,1517.60000,1516.00000,1517.60000,94
2013-02-25 00:00:00+00:00,1517.40000,1525.80000,1483.20000,1489.20000,12329
2013-02-26 00:00:00+00:00,1489.40000,1498.80000,1484.20000,1494.00000,12811
2013-02-27 00:00:00+00:00,1493.80000,1520.40000,1491.40000,1517.60000,12690
2013-02-28 00:00:00+00:00,1517.40000,1525.40000,1508.60000,1510.60000,7488
2013-03-01 00:00:00+00:00,1510.00000,1520.00000,1500.60000,1517.40000,11100
2013-03-03 00:00:00+00:00,1515.40000,1516.20000,1514.80000,1515.40000,87
2013-03-04 00:00:00+00:00,1515.60000,1528.20000,1508.00000,1527.60000,8363
2013-03-05 00:00:00+00:00,1527.60000,1543.40000,1525.50000,1540.00000,8648
2013-03-06 00:00:00+00:00,1539.80000,1545.40000,1537.80000,1540.00000,6692
2013-03-07 00:00:00+00:00,1539.80000,1545.60000,1538.00000,1542.20000,5288
2013-03-08 00:00:00+00:00,1542.00000,1552.90000,1540.50000,1549.40000,10329
2013-03-10 00:00:00+00:00,1547.80000,1549.00000,1547.40000,1548.40000,103
2013-03-11 00:00:00+00:00,1548.00000,1556.60000,1545.80000,1555.60000,4223
2013-03-12 00:00:00+00:00,1555.80000,1556.00000,1547.20000,1552.40000,4783
2013-03-13 00:00:00+00:00,1552.60000,1556.20000,1547.60000,1554.80000,4045
2013-03-14 00:00:00+00:00,1554.90000,1562.20000,1554.20000,1561.00000,4232
2013-03-15 00:00:00+00:00,1560.60000,1563.70000,1554.20000,1558.80000,5005
2013-03-17 00:00:00+00:00,1547.00000,1547.00000,1541.00000,1541.20000,657
2013-03-18 00:00:00+00:00,1541.40000,1557.20000,1534.40000,1552.40000,8391
2013-03-19 00:00:00+00:00,1552.20000,1556.00000,1536.60000,1543.40000,12790
2013-03-20 00:00:00+00:00,1543.60000,1560.40000,1541.40000,1554.00000,9709
2013-03-21 00:00:00+00:00,1553.80000,1555.40000,1541.20000,1543.60000,8235
2013-03-22 00:00:00+00:00,1543.40000,1556.60000,1539.80000,1556.20000,8365
2013-03-24 00:00:00+00:00,1553.40000,1562.60000,1553.40000,1561.00000,365
2013-03-25 00:00:00+00:00,1560.80000,1564.80000,1543.60000,1552.80000,10986
2013-03-26 00:00:00+00:00,1552.60000,1563.40000,1552.40000,1562.40000,7592
2013-03-27 00:00:00+00:00,1562.00000,1564.70000,1550.40000,1559.80000,6034
2013-03-28 00:00:00+00:00,1560.00000,1568.80000,1554.40000,1568.20000,5516
2013-03-31 00:00:00+00:00,1567.60000,1568.00000,1566.00000,1567.80000,65
2013-04-01 00:00:00+00:00,1567.20000,1569.00000,1556.80000,1560.60000,3592
2013-04-02 00:00:00+00:00,1560.40000,1572.00000,1558.50000,1569.40000,6812
2013-04-03 00:00:00+00:00,1569.20000,1572.00000,1548.20000,1552.80000,9583
2013-04-04 00:00:00+00:00,1552.60000,1561.40000,1550.80000,1557.80000,12211
2013-04-05 00:00:00+00:00,1558.00000,1558.40000,1537.40000,1550.20000,9022
2013-04-07 00:00:00+00:00,1549.80000,1552.40000,1549.20000,1551.80000,171
2013-04-08 00:00:00+00:00,1551.60000,1566.40000,1546.80000,1563.80000,7194
2013-04-09 00:00:00+00:00,1564.00000,1572.60000,1559.40000,1566.00000,7549
2013-04-10 00:00:00+00:00,1566.20000,1588.20000,1564.90000,1585.80000,7671
2013-04-11 00:00:00+00:00,1585.60000,1596.40000,1584.70000,1591.60000,6878
2013-04-12 00:00:00+00:00,1591.80000,1591.80000,1578.40000,1585.60000,7821
2013-04-13 00:00:00+00:00,1585.60000,1585.60000,1585.60000,1585.60000,2
2013-04-14 00:00:00+00:00,1586.00000,1586.20000,1582.40000,1584.20000,122
2013-04-15 00:00:00+00:00,1584.00000,1586.40000,1542.20000,1551.20000,14830
2013-04-16 00:00:00+00:00,1551.00000,1573.80000,1549.50000,1569.60000,9259
2013-04-17 00:00:00+00:00,1569.80000,1571.50000,1541.60000,1551.20000,17047
2013-04-18 00:00:00+00:00,1551.00000,1556.60000,1534.00000,1542.00000,17832
2013-04-19 00:00:00+00:00,1541.80000,1553.80000,1539.60000,1550.60000,13601
2013-04-21 00:00:00+00:00,1551.80000,1555.00000,1551.80000,1553.60000,131
2013-04-22 00:00:00+00:00,1553.40000,1564.00000,1545.60000,1558.40000,11930
2013-04-23 00:00:00+00:00,1558.60000,1580.00000,1551.60000,1575.00000,18727
2013-04-24 00:00:00+00:00,1575.20000,1581.80000,1573.80000,1576.00000,10892
2013-04-25 00:00:00+00:00,1576.20000,1591.00000,1574.00000,1582.60000,9627
2013-04-26 00:00:00+00:00,1582.80000,1585.30000,1575.80000,1579.20000,8087
2013-04-28 00:00:00+00:00,1579.20000,1579.60000,1577.60000,1578.20000,99
2013-04-29 00:00:00+00:00,1577.80000,1594.80000,1576.80000,1590.00000,8629
2013-04-30 00:00:00+00:00,1589.80000,1596.80000,1584.00000,1595.60000,8842
2013-05-01 00:00:00+00:00,1595.40000,1598.00000,1578.80000,1581.80000,6128
2013-05-02 00:00:00+00:00,1582.00000,1596.80000,1581.80000,1594.60000,8263
2013-05-03 00:00:00+00:00,1594.80000,1616.80000,1592.20000,1611.40000,7042
2013-05-05 00:00:00+00:00,1610.80000,1613.00000,1610.60000,1611.60000,82
2013-05-06 00:00:00+00:00,1611.80000,1617.60000,1609.80000,1613.20000,4359
2013-05-07 00:00:00+00:00,1613.00000,1624.00000,1611.80000,1621.20000,5790
2013-05-08 00:00:00+00:00,1621.00000,1631.80000,1619.40000,1630.20000,4813
2013-05-09 00:00:00+00:00,1630.00000,1634.40000,1622.20000,1629.00000,6797
2013-05-10 00:00:00+00:00,1628.80000,1633.20000,1622.60000,1631.60000,9378
2013-05-12 00:00:00+00:00,1627.60000,1628.20000,1623.80000,1624.80000,313
2013-05-13 00:00:00+00:00,1624.60000,1635.20000,1624.20000,1634.60000,4741
2013-05-14 00:00:00+00:00,1634.40000,1650.60000,1628.60000,1649.00000,7112
2013-05-15 00:00:00+00:00,1648.80000,1661.60000,1644.80000,1656.80000,8762
2013-05-16 00:00:00+00:00,1657.00000,1660.40000,1648.00000,1651.60000,8455
2013-05-17 00:00:00+00:00,1651.80000,1667.60000,1651.20000,1665.00000,5536
2013-05-19 00:00:00+00:00,1664.20000,1665.60000,1663.20000,1664.60000,155
2013-05-20 00:00:00+00:00,1664.40000,1672.60000,1661.60000,1665.60000,6035
2013-05-21 00:00:00+00:00,1665.40000,1674.80000,1661.80000,1667.80000,8915
2013-05-22 00:00:00+00:00,1668.00000,1687.40000,1648.40000,1658.80000,27415
2013-05-23 00:00:00+00:00,1659.00000,1660.00000,1634.40000,1655.00000,33810
2013-05-24 00:00:00+00:00,1655.20000,1656.70000,1636.00000,1651.40000,14755
2013-05-26 00:00:00+00:00,1652.20000,1656.80000,1651.80000,1653.40000,244
2013-05-27 00:00:00+00:00,1653.20000,1655.20000,1645.80000,1653.80000,2637
2013-05-28 00:00:00+00:00,1654.00000,1674.00000,1653.60000,1656.60000,13263
2013-05-29 00:00:00+00:00,1657.00000,1657.90000,1639.40000,1647.20000,20709
2013-05-30 00:00:00+00:00,1647.40000,1661.80000,1642.50000,1654.20000,18118
2013-05-31 00:00:00+00:00,1654.40000,1659.00000,1627.60000,1630.40000,15659
2013-06-02 00:00:00+00:00,1631.20000,1633.60000,1627.60000,1631.80000,460
2013-06-03 00:00:00+00:00,1631.60000,1639.80000,1621.80000,1635.40000,24260
2013-06-04 00:00:00+00:00,1635.20000,1646.40000,1622.60000,1630.80000,16194
2013-06-05 00:00:00+00:00,1631.00000,1633.00000,1606.40000,1610.80000,23967
2013-06-06 00:00:00+00:00,1611.00000,1625.00000,1597.60000,1622.60000,26096
2013-06-07 00:00:00+00:00,1622.40000,1644.60000,1619.00000,1640.40000,26234
2013-06-09 00:00:00+00:00,1637.40000,1639.00000,1635.20000,1638.80000,197
2013-06-10 00:00:00+00:00,1638.40000,1649.00000,1638.20000,1642.20000,13474
2013-06-11 00:00:00+00:00,1642.00000,1642.70000,1622.20000,1628.60000,17073
2013-06-12 00:00:00+00:00,1628.80000,1638.60000,1610.20000,1610.80000,15131
2013-06-13 00:00:00+00:00,1611.00000,1640.40000,1598.00000,1638.60000,14199
2013-06-14 00:00:00+00:00,1638.40000,1641.00000,1623.60000,1624.60000,12823
2013-06-16 00:00:00+00:00,1625.40000,1628.40000,1624.00000,1628.20000,157
2013-06-17 00:00:00+00:00,1628.00000,1646.80000,1627.40000,1640.00000,13606
2013-06-18 00:00:00+00:00,1639.80000,1654.40000,1638.10000,1651.60000,10954
2013-06-19 00:00:00+00:00,1651.40000,1654.80000,1626.20000,1627.20000,28520
2013-06-20 00:00:00+00:00,1627.40000,1627.80000,1582.80000,1590.60000,33653
2013-06-21 00:00:00+00:00,1590.80000,1602.80000,1576.20000,1590.40000,27456
2013-06-23 00:00:00+00:00,1588.80000,1591.80000,1583.80000,1590.00000,445
2013-06-24 00:00:00+00:00,1590.20000,1590.20000,1558.40000,1575.40000,31380
2013-06-25 00:00:00+00:00,1575.20000,1593.00000,1563.70000,1582.20000,22074
2013-06-26 00:00:00+00:00,1582.40000,1606.40000,1578.40000,1600.20000,16731
2013-06-27 00:00:00+00:00,1600.40000,1619.40000,1600.10000,1611.00000,16215
2013-06-28 00:00:00+00:00,1611.20000,1619.60000,1599.20000,1604.00000,15258
2013-06-30 00:00:00+00:00,1606.40000,1606.40000,1602.20000,1603.80000,190
2013-07-01 00:00:00+00:00,1603.60000,1625.40000,1598.40000,1613.00000,15030
2013-07-02 00:00:00+00:00,1613.20000,1623.40000,1605.20000,1612.60000,13740
2013-07-03 00:00:00+00:00,1612.40000,1617.60000,1599.00000,1615.00000,11578
2013-07-04 00:00:00+00:00,1614.80000,1629.20000,1614.00000,1627.00000,5622
2013-07-05 00:00:00+00:00,1627.20000,1635.40000,1612.80000,1632.20000,16137
2013-07-07 00:00:00+00:00,1633.20000,1635.60000,1632.80000,1635.20000,120
2013-07-08 00:00:00+00:00,1635.00000,1644.00000,1630.80000,1642.20000,10333
2013-07-09 00:00:00+00:00,1642.00000,1653.40000,1640.50000,1651.20000,8155
2013-07-10 00:00:00+00:00,1651.40000,1668.00000,1646.00000,1666.40000,18225
2013-07-11 00:00:00+00:00,1666.20000,1676.20000,1665.20000,1672.40000,12629
2013-07-12 00:00:00+00:00,1672.20000,1678.60000,1670.90000,1674.80000,10368
2013-07-14 00:00:00+00:00,1674.40000,1676.20000,1674.40000,1676.20000,178
2013-07-15 00:00:00+00:00,1676.00000,1684.00000,1675.20000,1681.20000,7606
2013-07-16 00:00:00+00:00,1681.40000,1683.60000,1670.60000,1676.00000,7628
2013-07-17 00:00:00+00:00,1676.00000,1684.40000,1670.00000,1678.00000,13549
2013-07-18 00:00:00+00:00,1678.20000,1692.60000,1676.00000,1684.20000,7874
2013-07-19 00:00:00+00:00,1684.00000,1693.20000,1679.50000,1693.20000,10744
2013-07-21 00:00:00+00:00,1694.40000,1696.60000,1694.40000,1695.40000,215
2013-07-22 00:00:00+00:00,1695.20000,1698.10000,1689.60000,1695.40000,5565
2013-07-23 00:00:00+00:00,1695.20000,1699.40000,1690.00000,1693.00000,6826
2013-07-24 00:00:00+00:00,1692.80000,1699.00000,1681.00000,1686.20000,10869
2013-07-25 00:00:00+00:00,1686.00000,1690.20000,1675.60000,1689.60000,9268
2013-07-26 00:00:00+00:00,1689.40000,1692.60000,1674.40000,1690.40000,7250
2013-07-28 00:00:00+00:00,1689.60000,1691.40000,1689.60000,1690.00000,72
2013-07-29 00:00:00+00:00,1689.80000,1690.80000,1680.00000,1686.60000,7918
2013-07-30 00:00:00+00:00,1686.40000,1691.60000,1680.80000,1687.60000,6421
2013-07-31 00:00:00+00:00,1687.40000,1697.20000,1684.60000,1688.60000,12354
2013-08-01 00:00:00+00:00,1688.80000,1706.80000,1688.40000,1704.80000,11620
2013-08-02 00:00:00+00:00,1704.60000,1708.00000,1699.00000,1707.60000,9837
2013-08-04 00:00:00+00:00,1705.40000,1706.60000,1704.60000,1705.60000,121
2013-08-05 00:00:00+00:00,1705.40000,1707.80000,1701.80000,1703.00000,6461
2013-08-06 00:00:00+00:00,1703.20000,1706.40000,1691.60000,1694.80000,7051
2013-08-07 00:00:00+00:00,1695.00000,1695.00000,1683.60000,1692.40000,7825
2013-08-08 00:00:00+00:00,1692.60000,1699.60000,1687.60000,1695.40000,7530
2013-08-09 00:00:00+00:00,1695.60000,1698.80000,1685.40000,1689.40000,9381
2013-08-11 00:00:00+00:00,1687.80000,1687.80000,1685.20000,1685.80000,222
2013-08-12 00:00:00+00:00,1685.60000,1690.80000,1677.80000,1689.60000,9712
2013-08-13 00:00:00+00:00,1689.40000,1696.80000,1681.80000,1693.00000,10421
2013-08-14 00:00:00+00:00,1693.40000,1695.60000,1679.40000,1680.20000,9726
2013-08-15 00:00:00+00:00,1680.40000,1684.30000,1656.80000,1659.80000,17698
2013-08-16 00:00:00+00:00,1660.00000,1664.20000,1651.80000,1653.60000,12079
2013-08-18 00:00:00+00:00,1652.80000,1654.80000,1651.60000,1654.60000,217
2013-08-19 00:00:00+00:00,1654.80000,1659.00000,1644.40000,1646.60000,10143
2013-08-20 00:00:00+00:00,1646.80000,1658.40000,1643.10000,1653.00000,9808
2013-08-21 00:00:00+00:00,1653.00000,1656.60000,1634.00000,1634.40000,13970
2013-08-22 00:00:00+00:00,1634.80000,1659.40000,1633.30000,1658.40000,10477
2013-08-23 00:00:00+00:00,1658.20000,1664.40000,1652.60000,1663.40000,9810
2013-08-25 00:00:00+00:00,1662.20000,1664.00000,1662.20000,1662.40000,105
2013-08-26 00:00:00+00:00,1662.40000,1669.20000,1652.40000,1654.20000,6707
2013-08-27 00:00:00+00:00,1654.00000,1656.20000,1627.80000,1628.80000,16887
2013-08-28 00:00:00+00:00,1628.60000,1640.40000,1626.40000,1631.80000,11294
2013-08-29 00:00:00+00:00,1632.00000,1646.00000,1629.40000,1640.00000,9098
2013-08-30 00:00:00+00:00,1640.20000,1646.10000,1627.00000,1634.60000,14744
2013-09-01 00:00:00+00:00,1641.00000,1643.00000,1640.20000,1641.60000,336
2013-09-02 00:00:00+00:00,1641.20000,1649.60000,1641.00000,1646.60000,3187
2013-09-03 00:00:00+00:00,1646.80000,1651.00000,1632.00000,1638.40000,16529
2013-09-04 00:00:00+00:00,1638.60000,1656.20000,1636.20000,1655.60000,10289
2013-09-05 00:00:00+00:00,1655.40000,1659.00000,1651.40000,1654.60000,9354
2013-09-06 00:00:00+00:00,1654.40000,1664.80000,1639.80000,1654.40000,15635
2013-09-08 00:00:00+00:00,1652.80000,1658.60000,1652.80000,1657.40000,252
2013-09-09 00:00:00+00:00,1657.60000,1672.80000,1655.40000,1672.40000,8253
2013-09-10 00:00:00+00:00,1672.20000,1683.80000,1669.80000,1682.00000,9348
2013-09-11 00:00:00+00:00,1681.80000,1691.00000,1678.40000,1689.20000,9044
2013-09-12 00:00:00+00:00,1689.20000,1690.50000,1681.80000,1686.20000,9737
2013-09-13 00:00:00+00:00,1686.40000,1689.40000,1681.10000,1689.00000,3869
2013-09-15 00:00:00+00:00,1701.40000,1710.60000,1701.00000,1706.60000,1095
2013-09-16 00:00:00+00:00,1706.80000,1709.40000,1695.20000,1695.60000,6673
2013-09-17 00:00:00+00:00,1695.40000,1706.60000,1694.80000,1706.00000,5963
2013-09-18 00:00:00+00:00,1705.80000,1730.20000,1700.20000,1726.40000,13266
2013-09-19 00:00:00+00:00,1726.60000,1733.80000,1720.20000,1722.80000,9232
2013-09-20 00:00:00+00:00,1722.60000,1726.20000,1708.20000,1709.60000,9720
2013-09-22 00:00:00+00:00,1712.40000,1713.20000,1708.20000,1708.40000,236
2013-09-23 00:00:00+00:00,1708.20000,1714.00000,1696.20000,1699.20000,8710
2013-09-24 00:00:00+00:00,1699.40000,1707.40000,1694.00000,1697.60000,9343
2013-09-25 00:00:00+00:00,1697.80000,1701.20000,1691.00000,1693.60000,10072
2013-09-26 00:00:00+00:00,1693.40000,1703.80000,1692.20000,1700.60000,8248
2013-09-27 00:00:00+00:00,1700.40000,1700.40000,1686.40000,1692.60000,9498
2013-09-29 00:00:00+00:00,1681.20000,1682.20000,1678.20000,1680.60000,511
2013-09-30 00:00:00+00:00,1680.40000,1686.80000,1672.80000,1683.40000,14322
2013-10-01 00:00:00+00:00,1683.60000,1698.00000,1681.20000,1695.00000,11355
2013-10-02 00:00:00+00:00,1695.20000,1695.60000,1679.20000,1682.60000,12225
2013-10-03 00:00:00+00:00,1682.80000,1690.40000,1669.00000,1675.40000,18512
2013-10-04 00:00:00+00:00,1675.50000,1691.40000,1673.30000,1690.20000,9502
2013-10-06 00:00:00+00:00,1680.40000,1683.60000,1679.00000,1682.20000,383
2013-10-07 00:00:00+00:00,1681.80000,1685.00000,1670.00000,1673.00000,11418
2013-10-08 00:00:00+00:00,1672.80000,1676.80000,1651.60000,1659.80000,16610
2013-10-09 00:00:00+00:00,1660.00000,1663.40000,1645.40000,1657.20000,17541
2013-10-10 00:00:00+00:00,1657.00000,1692.80000,1656.80000,1687.40000,17502
2013-10-11 00:00:00+00:00,1687.60000,1704.40000,1686.70000,1703.60000,10690
2013-10-13 00:00:00+00:00,1689.60000,1692.80000,1685.80000,1692.80000,674
2013-10-14 00:00:00+00:00,1692.60000,1714.60000,1688.60000,1713.80000,11012
2013-10-15 00:00:00+00:00,1713.60000,1713.80000,1694.60000,1708.80000,19289
2013-10-16 00:00:00+00:00,1708.60000,1721.80000,1701.60000,1719.20000,13242
2013-10-17 00:00:00+00:00,1719.40000,1738.20000,1711.20000,1736.40000,10266
2013-10-18 00:00:00+00:00,1736.20000,1745.00000,1733.60000,1741.60000,8817
2013-10-20 00:00:00+00:00,1742.00000,1743.40000,1741.00000,1743.40000,207
2013-10-21 00:00:00+00:00,1743.20000,1747.00000,1739.60000,1742.60000,6102
2013-10-22 00:00:00+00:00,1742.40000,1759.00000,1740.60000,1752.80000,11736
2013-10-23 00:00:00+00:00,1753.00000,1753.60000,1739.00000,1747.00000,11090
2013-10-24 00:00:00+00:00,1747.20000,1756.10000,1744.40000,1753.20000,9208
2013-10-25 00:00:00+00:00,1753.00000,1760.00000,1747.20000,1758.40000,9632
2013-10-27 00:00:00+00:00,1758.00000,1763.20000,1757.00000,1762.60000,311
2013-10-28 00:00:00+00:00,1762.40000,1766.30000,1755.80000,1760.80000,7103
2013-10-29 00:00:00+00:00,1761.00000,1772.40000,1758.70000,1770.80000,9407
2013-10-30 00:00:00+00:00,1770.60000,1777.20000,1755.80000,1758.40000,14111
2013-10-31 00:00:00+00:00,1758.60000,1767.80000,1754.20000,1757.80000,9965
2013-11-01 00:00:00+00:00,1757.60000,1765.00000,1750.80000,1758.40000,12021
2013-11-03 00:00:00+00:00,1757.40000,1759.00000,1757.00000,1758.40000,88
2013-11-04 00:00:00+00:00,1758.40000,1767.40000,1758.20000,1766.60000,6579
2013-11-05 00:00:00+00:00,1767.00000,1767.40000,1754.00000,1760.00000,8642
2013-11-06 00:00:00+00:00,1760.20000,1773.20000,1760.20000,1766.00000,8282
2013-11-07 00:00:00+00:00,1765.80000,1777.80000,1745.60000,1748.80000,17433
2013-11-08 00:00:00+00:00,1749.00000,1771.20000,1739.60000,1769.40000,18101
2013-11-10 00:00:00+00:00,1769.80000,1770.20000,1766.60000,1768.60000,305
2013-11-11 00:00:00+00:00,1768.60000,1773.20000,1765.90000,1770.60000,7277
2013-11-12 00:00:00+00:00,1770.80000,1772.60000,1761.20000,1767.40000,12745
2013-11-13 00:00:00+00:00,1767.20000,1786.20000,1757.20000,1785.60000,10574
2013-11-14 00:00:00+00:00,1785.40000,1791.60000,1780.20000,1790.00000,14745
2013-11-15 00:00:00+00:00,1789.80000,1798.60000,1789.40000,1796.40000,13266
2013-11-17 00:00:00+00:00,1796.40000,1797.20000,1795.60000,1795.60000,102
2013-11-18 00:00:00+00:00,1795.60000,1802.20000,1787.40000,1791.40000,11877
2013-11-19 00:00:00+00:00,1791.20000,1796.00000,1784.60000,1790.60000,14806
2013-11-20 00:00:00+00:00,1790.20000,1796.40000,1777.00000,1782.40000,23725
2013-11-21 00:00:00+00:00,1782.20000,1797.60000,1778.00000,1797.40000,13774
2013-11-22 00:00:00+00:00,1797.20000,1805.40000,1794.40000,1803.40000,13264
2013-11-24 00:00:00+00:00,1803.80000,1811.00000,1803.20000,1808.60000,480
2013-11-25 00:00:00+00:00,1809.00000,1811.20000,1800.60000,1804.20000,7457
2013-11-26 00:00:00+00:00,1804.40000,1808.60000,1800.80000,1803.40000,5759
2013-11-27 00:00:00+00:00,1803.50000,1809.20000,1803.20000,1808.00000,7749
2013-11-28 00:00:00+00:00,1808.20000,1811.60000,1807.20000,1809.40000,3626
2013-11-29 00:00:00+00:00,1809.20000,1814.00000,1804.60000,1805.80000,4093
2013-12-01 00:00:00+00:00,1808.20000,1809.20000,1807.00000,1807.00000,169
2013-12-02 00:00:00+00:00,1806.80000,1810.20000,1798.60000,1802.00000,8748
2013-12-03 00:00:00+00:00,1802.20000,1803.00000,1787.60000,1793.20000,12806
2013-12-04 00:00:00+00:00,1793.40000,1800.60000,1779.20000,1793.20000,18490
2013-12-05 00:00:00+00:00,1793.30000,1795.60000,1783.20000,1785.80000,16169
2013-12-06 00:00:00+00:00,1786.00000,1807.00000,1785.80000,1805.80000,19842
2013-12-08 00:00:00+00:00,1807.80000,1810.00000,1807.60000,1808.20000,135
2013-12-09 00:00:00+00:00,1808.00000,1812.40000,1805.80000,1810.40000,6114
2013-12-10 00:00:00+00:00,1810.20000,1812.40000,1801.80000,1806.00000,6898
2013-12-11 00:00:00+00:00,1806.20000,1808.90000,1780.60000,1782.40000,14818
2013-12-12 00:00:00+00:00,1782.20000,1784.80000,1772.60000,1775.00000,9568
2013-12-13 00:00:00+00:00,1774.80000,1783.60000,1772.60000,1774.40000,8836
2013-12-15 00:00:00+00:00,1775.60000,1776.80000,1774.60000,1776.60000,192
2013-12-16 00:00:00+00:00,1776.60000,1792.80000,1760.90000,1785.40000,11829
2013-12-17 00:00:00+00:00,1785.50000,1789.20000,1777.00000,1780.40000,6999
2013-12-18 00:00:00+00:00,1780.20000,1813.20000,1767.60000,1811.60000,28205
2013-12-19 00:00:00+00:00,1811.20000,1811.60000,1801.60000,1809.20000,8927
2013-12-20 00:00:00+00:00,1809.40000,1824.20000,1809.00000,1821.00000,8316
2013-12-22 00:00:00+00:00,1823.60000,1825.60000,1823.20000,1825.60000,127
2013-12-23 00:00:00+00:00,1825.60000,1830.60000,1824.80000,1829.00000,4856
2013-12-24 00:00:00+00:00,1828.80000,1834.40000,1827.00000,1834.00000,2135
2013-12-26 00:00:00+00:00,1835.40000,1843.80000,1835.40000,1841.60000,2857
2013-12-27 00:00:00+00:00,1841.20000,1846.00000,1839.40000,1842.40000,3622
2013-12-29 00:00:00+00:00,1841.00000,1842.40000,1841.00000,1842.40000,124
2013-12-30 00:00:00+00:00,1842.00000,1844.40000,1839.60000,1841.00000,3242
2013-12-31 00:00:00+00:00,1841.00000,1849.20000,1840.30000,1847.20000,858
2014-01-02 00:00:00+00:00,1843.40000,1846.40000,1827.60000,1833.60000,9019
2014-01-03 00:00:00+00:00,1833.80000,1838.40000,1826.30000,1831.00000,6436
2014-01-05 00:00:00+00:00,1829.40000,1833.20000,1829.40000,1832.60000,68
2014-01-06 00:00:00+00:00,1832.60000,1837.80000,1822.80000,1825.80000,7789
2014-01-07 00:00:00+00:00,1826.00000,1840.00000,1825.60000,1835.80000,8244
2014-01-08 00:00:00+00:00,1836.00000,1840.20000,1830.80000,1835.80000,10812
2014-01-09 00:00:00+00:00,1836.00000,1844.00000,1829.60000,1838.20000,9987
2014-01-10 00:00:00+00:00,1838.20000,1847.60000,1831.60000,1842.80000,12271
2014-01-12 00:00:00+00:00,1842.80000,1843.40000,1842.00000,1843.00000,79
2014-01-13 00:00:00+00:00,1843.00000,1843.00000,1814.60000,1820.60000,8607
2014-01-14 00:00:00+00:00,1820.40000,1839.00000,1817.40000,1838.00000,8755
2014-01-15 00:00:00+00:00,1837.80000,1850.40000,1836.40000,1847.20000,9031
2014-01-16 00:00:00+00:00,1847.10000,1848.40000,1839.20000,1840.80000,7099
2014-01-17 00:00:00+00:00,1841.00000,1847.20000,1834.00000,1838.20000,7120
2014-01-19 00:00:00+00:00,1839.00000,1839.00000,1836.80000,1839.00000,65
2014-01-20 00:00:00+00:00,1838.80000,1838.90000,1834.70000,1838.20000,1695
2014-01-21 00:00:00+00:00,1838.40000,1848.20000,1830.60000,1840.80000,8813
2014-01-22 00:00:00+00:00,1840.80000,1848.00000,1839.20000,1847.60000,9310
2014-01-23 00:00:00+00:00,1847.40000,1847.60000,1818.00000,1827.80000,10597
2014-01-24 00:00:00+00:00,1828.00000,1832.00000,1786.60000,1787.40000,22362
2014-01-26 00:00:00+00:00,1785.00000,1786.60000,1780.20000,1784.40000,898
2014-01-27 00:00:00+00:00,1784.40000,1795.60000,1770.80000,1779.20000,28701
2014-01-28 00:00:00+00:00,1779.00000,1804.80000,1778.40000,1799.00000,17892
2014-01-29 00:00:00+00:00,1799.40000,1803.40000,1767.60000,1778.60000,47289
2014-01-30 00:00:00+00:00,1778.80000,1797.20000,1771.40000,1787.20000,25623
2014-01-31 00:00:00+00:00,1787.00000,1791.60000,1764.60000,1782.80000,33836
2014-02-02 00:00:00+00:00,1781.40000,1786.90000,1781.20000,1786.00000,345
2014-02-03 00:00:00+00:00,1785.90000,1787.00000,1736.20000,1742.60000,37357
2014-02-04 00:00:00+00:00,1742.50000,1756.40000,1737.20000,1749.00000,27610
2014-02-05 00:00:00+00:00,1748.90000,1753.60000,1735.20000,1748.60000,29488
2014-02-06 00:00:00+00:00,1748.60000,1772.60000,1747.20000,1771.00000,19841
2014-02-07 00:00:00+00:00,1771.10000,1796.60000,1761.40000,1795.80000,26422
2014-02-09 00:00:00+00:00,1796.50000,1797.20000,1794.40000,1794.60000,225
2014-02-10 00:00:00+00:00,1794.60000,1798.60000,1789.20000,1797.40000,10360
2014-02-11 00:00:00+00:00,1797.40000,1822.20000,1797.40000,1815.60000,12511
2014-02-12 00:00:00+00:00,1815.80000,1825.80000,1814.00000,1818.00000,12812
2014-02-13 00:00:00+00:00,1818.10000,1829.40000,1805.00000,1826.20000,12731
2014-02-14 00:00:00+00:00,1826.00000,1841.00000,1818.60000,1837.80000,10852
2014-02-16 00:00:00+00:00,1836.60000,1839.20000,1836.60000,1837.60000,298
2014-02-17 00:00:00+00:00,1837.70000,1842.40000,1834.20000,1839.00000,3671
2014-02-18 00:00:00+00:00,1839.00000,1842.20000,1833.80000,1836.60000,8560
2014-02-19 00:00:00+00:00,1836.70000,1846.60000,1825.60000,1829.20000,14587
2014-02-20 00:00:00+00:00,1829.30000,1842.20000,1819.40000,1838.40000,18660
2014-02-21 00:00:00+00:00,1838.60000,1846.00000,1834.80000,1835.80000,11764
2014-02-23 00:00:00+00:00,1837.80000,1837.80000,1836.40000,1836.60000,119
2014-02-24 00:00:00+00:00,1836.70000,1858.40000,1831.20000,1847.00000,12628
2014-02-25 00:00:00+00:00,1847.00000,1852.60000,1839.20000,1849.00000,10362
2014-02-26 00:00:00+00:00,1849.20000,1855.00000,1839.80000,1845.00000,16344
2014-02-27 00:00:00+00:00,1845.10000,1857.20000,1834.60000,1854.60000,12777
2014-02-28 00:00:00+00:00,1854.60000,1868.00000,1846.80000,1861.40000,19639
2014-03-02 00:00:00+00:00,1847.80000,1848.20000,1841.40000,1843.40000,2621
2014-03-03 00:00:00+00:00,1843.20000,1850.60000,1833.40000,1846.00000,29683
2014-03-04 00:00:00+00:00,1845.80000,1875.80000,1845.40000,1870.90000,24658
2014-03-05 00:00:00+00:00,1871.00000,1876.60000,1869.00000,1873.60000,15005
2014-03-06 00:00:00+00:00,1873.40000,1882.00000,1872.80000,1878.80000,14122
2014-03-07 00:00:00+00:00,1879.00000,1888.70000,1870.40000,1879.10000,29105
2014-03-09 00:00:00+00:00,1875.90000,1877.00000,1874.70000,1875.10000,403
2014-03-10 00:00:00+00:00,1875.20000,1879.70000,1866.60000,1877.00000,24357
2014-03-11 00:00:00+00:00,1877.40000,1883.00000,1863.20000,1864.70000,19928
2014-03-12 00:00:00+00:00,1864.60000,1870.80000,1854.70000,1870.60000,25982
2014-03-13 00:00:00+00:00,1870.70000,1875.70000,1842.30000,1848.60000,21705
2014-03-14 00:00:00+00:00,1848.50000,1853.70000,1839.80000,1840.00000,25671
2014-03-16 00:00:00+00:00,1840.60000,1841.60000,1831.20000,1838.00000,1044
2014-03-17 00:00:00+00:00,1838.00000,1863.10000,1837.20000,1858.80000,16501
2014-03-18 00:00:00+00:00,1858.60000,1874.40000,1853.00000,1872.20000,15239
2014-03-19 00:00:00+00:00,1872.20000,1874.80000,1849.40000,1860.70000,25111
2014-03-20 00:00:00+00:00,1860.60000,1873.70000,1852.10000,1871.60000,19281
2014-03-21 00:00:00+00:00,1871.60000,1883.90000,1862.80000,1864.30000,20036
2014-03-23 00:00:00+00:00,1862.40000,1866.10000,1862.40000,1864.60000,326
2014-03-24 00:00:00+00:00,1864.70000,1873.10000,1848.30000,1858.20000,22509
2014-03-25 00:00:00+00:00,1858.20000,1871.30000,1855.00000,1869.00000,17618
2014-03-26 00:00:00+00:00,1869.00000,1875.50000,1848.30000,1851.70000,22432
2014-03-27 00:00:00+00:00,1851.90000,1855.20000,1840.60000,1849.40000,25051
2014-03-28 00:00:00+00:00,1849.40000,1866.00000,1848.20000,1857.00000,14758
2014-03-30 00:00:00+00:00,1862.00000,1864.30000,1861.60000,1864.10000,652
2014-03-31 00:00:00+00:00,1864.30000,1874.20000,1861.50000,1870.30000,13056
2014-04-01 00:00:00+00:00,1870.20000,1885.00000,1868.80000,1884.20000,11606
2014-04-02 00:00:00+00:00,1884.20000,1892.40000,1882.70000,1887.90000,15400
2014-04-03 00:00:00+00:00,1887.80000,1893.60000,1881.60000,1890.80000,17946
2014-04-04 00:00:00+00:00,1890.80000,1898.60000,1861.90000,1866.40000,29591
2014-04-06 00:00:00+00:00,1866.90000,1867.30000,1863.60000,1864.30000,547
2014-04-07 00:00:00+00:00,1864.00000,1866.00000,1840.40000,1846.90000,28065
2014-04-08 00:00:00+00:00,1846.90000,1854.50000,1836.60000,1851.50000,22148
2014-04-09 00:00:00+00:00,1851.30000,1873.10000,1849.60000,1872.50000,14844
2014-04-10 00:00:00+00:00,1872.50000,1873.00000,1829.40000,1833.40000,29147
2014-04-11 00:00:00+00:00,1833.20000,1837.30000,1812.70000,1817.00000,35993
2014-04-13 00:00:00+00:00,1811.70000,1813.30000,1808.60000,1812.70000,1083
2014-04-14 00:00:00+00:00,1812.60000,1833.10000,1811.50000,1830.00000,29088
2014-04-15 00:00:00+00:00,1830.00000,1849.00000,1814.40000,1846.10000,32619
2014-04-16 00:00:00+00:00,1845.90000,1862.00000,1845.80000,1854.40000,26902
2014-04-17 00:00:00+00:00,1854.50000,1868.70000,1852.40000,1863.30000,17658
2014-04-20 00:00:00+00:00,1864.40000,1867.40000,1863.40000,1866.80000,488
2014-04-21 00:00:00+00:00,1866.40000,1870.40000,1861.40000,1869.60000,5598
2014-04-22 00:00:00+00:00,1869.50000,1883.30000,1865.60000,1878.00000,12638
2014-04-23 00:00:00+00:00,1878.10000,1885.20000,1872.20000,1883.50000,14814
2014-04-24 00:00:00+00:00,1883.40000,1886.90000,1868.30000,1876.90000,20346
2014-04-25 00:00:00+00:00,1877.10000,1878.10000,1857.50000,1863.90000,22656
2014-04-27 00:00:00+00:00,1865.90000,1867.10000,1864.40000,1864.80000,289
2014-04-28 00:00:00+00:00,1865.20000,1875.70000,1848.30000,1871.20000,25823
2014-04-29 00:00:00+00:00,1871.40000,1879.30000,1869.50000,1873.70000,21637
2014-04-30 00:00:00+00:00,1873.50000,1884.20000,1870.40000,1883.40000,25547
2014-05-01 00:00:00+00:00,1883.30000,1886.60000,1875.60000,1882.60000,8293
2014-05-02 00:00:00+00:00,1882.50000,1889.60000,1876.00000,1878.30000,28209
2014-05-04 00:00:00+00:00,1878.30000,1879.50000,1876.80000,1878.60000,311
2014-05-05 00:00:00+00:00,1878.70000,1883.40000,1864.30000,1880.90000,14612
2014-05-06 00:00:00+00:00,1880.90000,1885.00000,1865.40000,1867.20000,20836
2014-05-07 00:00:00+00:00,1867.30000,1879.10000,1858.10000,1876.50000,30538
2014-05-08 00:00:00+00:00,1876.50000,1888.10000,1868.50000,1872.80000,28398
2014-05-09 00:00:00+00:00,1872.80000,1878.20000,1865.90000,1876.90000,23648
2014-05-11 00:00:00+00:00,1877.40000,1880.80000,1877.40000,1879.60000,193
2014-05-12 00:00:00+00:00,1879.30000,1897.20000,1878.80000,1896.90000,11600
2014-05-13 00:00:00+00:00,1897.00000,1901.40000,1895.30000,1897.10000,15584
2014-05-14 00:00:00+00:00,1896.90000,1900.10000,1885.30000,1887.60000,16168
2014-05-15 00:00:00+00:00,1887.60000,1891.30000,1861.70000,1870.40000,24013
2014-05-16 00:00:00+00:00,1870.30000,1878.40000,1864.10000,1877.90000,24574
2014-05-18 00:00:00+00:00,1879.00000,1880.00000,1878.70000,1878.70000,214
2014-05-19 00:00:00+00:00,1878.80000,1885.50000,1868.20000,1883.10000,16014
2014-05-20 00:00:00+00:00,1882.90000,1887.00000,1867.30000,1869.70000,23562
2014-05-21 00:00:00+00:00,1869.90000,1888.90000,1869.00000,1886.80000,20270
2014-05-22 00:00:00+00:00,1886.90000,1896.20000,1885.20000,1892.70000,17084
2014-05-23 00:00:00+00:00,1892.70000,1901.40000,1891.90000,1899.20000,11194
2014-05-25 00:00:00+00:00,1899.60000,1901.60000,1899.60000,1900.00000,300
2014-05-26 00:00:00+00:00,1899.80000,1906.60000,1899.20000,1904.40000,1599
2014-05-27 00:00:00+00:00,1904.40000,1911.80000,1904.00000,1911.00000,10770
2014-05-28 00:00:00+00:00,1910.80000,1915.80000,1906.40000,1910.40000,9849
2014-05-29 00:00:00+00:00,1910.40000,1919.80000,1909.20000,1918.40000,11830
2014-05-30 00:00:00+00:00,1918.40000,1923.80000,1916.00000,1922.00000,12418
2014-06-01 00:00:00+00:00,1923.20000,1923.60000,1921.60000,1922.20000,132
2014-06-02 00:00:00+00:00,1922.40000,1925.80000,1915.00000,1922.20000,12312
2014-06-03 00:00:00+00:00,1922.20000,1925.00000,1917.60000,1923.80000,13542
2014-06-04 00:00:00+00:00,1923.60000,1928.20000,1917.40000,1926.80000,11352
2014-06-05 00:00:00+00:00,1926.60000,1941.80000,1922.40000,1940.40000,27188
2014-06-06 00:00:00+00:00,1940.00000,1950.60000,1939.60000,1950.60000,13160
2014-06-08 00:00:00+00:00,1950.40000,1950.60000,1949.40000,1949.60000,107
2014-06-09 00:00:00+00:00,1949.60000,1955.60000,1946.80000,1950.20000,5755
2014-06-10 00:00:00+00:00,1950.20000,1952.40000,1944.00000,1950.00000,9310
2014-06-11 00:00:00+00:00,1950.20000,1950.20000,1939.40000,1945.00000,10848
2014-06-12 00:00:00+00:00,1944.80000,1948.40000,1925.60000,1929.40000,12265
2014-06-13 00:00:00+00:00,1929.60000,1937.40000,1927.00000,1936.00000,7114
2014-06-15 00:00:00+00:00,1935.60000,1936.00000,1929.40000,1930.40000,373
2014-06-16 00:00:00+00:00,1930.60000,1941.20000,1927.00000,1937.40000,11670
2014-06-17 00:00:00+00:00,1937.40000,1943.20000,1931.60000,1941.40000,11596
2014-06-18 00:00:00+00:00,1941.00000,1957.80000,1937.80000,1956.20000,13208
2014-06-19 00:00:00+00:00,1956.00000,1959.80000,1951.80000,1956.80000,9607
2014-06-20 00:00:00+00:00,1957.00000,1964.20000,1956.00000,1961.20000,9222
2014-06-22 00:00:00+00:00,1960.00000,1961.40000,1960.00000,1961.40000,49
2014-06-23 00:00:00+00:00,1961.60000,1967.00000,1957.60000,1958.80000,9752
2014-06-24 00:00:00+00:00,1958.80000,1967.20000,1947.00000,1949.60000,11028
2014-06-25 00:00:00+00:00,1949.20000,1960.20000,1944.60000,1956.60000,15386
2014-06-26 00:00:00+00:00,1956.60000,1959.60000,1943.40000,1955.60000,17148
2014-06-27 00:00:00+00:00,1955.60000,1960.80000,1949.60000,1958.20000,14003
2014-06-29 00:00:00+00:00,1958.20000,1960.40000,1957.80000,1960.20000,124
2014-06-30 00:00:00+00:00,1960.00000,1963.40000,1954.80000,1961.40000,11253
2014-07-01 00:00:00+00:00,1961.40000,1978.40000,1960.40000,1973.00000,11605
2014-07-02 00:00:00+00:00,1973.20000,1976.40000,1971.20000,1973.60000,7775
2014-07-03 00:00:00+00:00,1973.60000,1984.60000,1972.60000,1983.40000,9687
2014-07-04 00:00:00+00:00,1983.40000,1983.40000,1981.20000,1982.00000,758
2014-07-06 00:00:00+00:00,1981.80000,1983.20000,1981.80000,1983.20000,62
2014-07-07 00:00:00+00:00,1983.00000,1983.60000,1973.60000,1976.20000,9185
2014-07-08 00:00:00+00:00,1976.20000,1976.60000,1959.00000,1966.40000,18263
2014-07-09 00:00:00+00:00,1966.40000,1974.20000,1964.40000,1973.20000,12903
2014-07-10 00:00:00+00:00,1973.20000,1973.80000,1951.40000,1963.40000,19848
2014-07-11 00:00:00+00:00,1963.40000,1969.40000,1959.00000,1968.00000,14473
2014-07-13 00:00:00+00:00,1968.60000,1970.60000,1968.20000,1969.60000,129
2014-07-14 00:00:00+00:00,1969.60000,1979.40000,1969.60000,1976.40000,8421
2014-07-15 00:00:00+00:00,1976.80000,1982.00000,1964.40000,1973.60000,21801
2014-07-16 00:00:00+00:00,1973.40000,1983.20000,1972.60000,1977.40000,14930
2014-07-17 00:00:00+00:00,1977.40000,1981.40000,1948.00000,1954.20000,20553
2014-07-18 00:00:00+00:00,1954.20000,1979.60000,1953.20000,1977.00000,17392
2014-07-20 00:00:00+00:00,1975.60000,1976.60000,1975.00000,1976.40000,182
2014-07-21 00:00:00+00:00,1976.20000,1976.60000,1964.20000,1970.80000,17158
2014-07-22 00:00:00+00:00,1971.00000,1985.40000,1970.80000,1978.80000,13868
2014-07-23 00:00:00+00:00,1978.60000,1988.40000,1978.60000,1986.00000,10443
2014-07-24 00:00:00+00:00,1986.00000,1990.60000,1981.80000,1983.60000,14137
2014-07-25 00:00:00+00:00,1983.80000,1985.40000,1973.00000,1976.40000,14720
2014-07-27 00:00:00+00:00,1976.00000,1976.80000,1971.40000,1972.80000,211
2014-07-28 00:00:00+00:00,1972.80000,1980.40000,1965.40000,1977.60000,19749
2014-07-29 00:00:00+00:00,1977.60000,1983.80000,1966.60000,1969.00000,20321
2014-07-30 00:00:00+00:00,1968.80000,1978.60000,1961.00000,1968.20000,21314
2014-07-31 00:00:00+00:00,1968.20000,1968.60000,1927.80000,1932.60000,33762
2014-08-01 00:00:00+00:00,1932.60000,1936.20000,1914.60000,1923.00000,40993
2014-08-03 00:00:00+00:00,1923.60000,1926.60000,1923.20000,1924.60000,372
2014-08-04 00:00:00+00:00,1924.80000,1941.40000,1918.60000,1935.20000,20778
2014-08-05 00:00:00+00:00,1935.20000,1936.80000,1911.20000,1919.00000,26193
2014-08-06 00:00:00+00:00,1919.20000,1927.00000,1906.80000,1919.60000,23430
2014-08-07 00:00:00+00:00,1919.80000,1929.20000,1903.40000,1909.40000,34869
2014-08-08 00:00:00+00:00,1909.40000,1931.60000,1893.80000,1927.00000,36421
2014-08-10 00:00:00+00:00,1927.20000,1932.60000,1927.20000,1930.80000,859
2014-08-11 00:00:00+00:00,1930.60000,1944.00000,1927.40000,1937.00000,15172
2014-08-12 00:00:00+00:00,1936.80000,1941.80000,1926.80000,1935.00000,15198
2014-08-13 00:00:00+00:00,1934.80000,1949.40000,1934.00000,1947.20000,15732
2014-08-14 00:00:00+00:00,1947.40000,1957.80000,1945.20000,1955.40000,13153
2014-08-15 00:00:00+00:00,1955.40000,1963.80000,1940.40000,1955.00000,20980
2014-08-17 00:00:00+00:00,1961.20000,1963.80000,1960.80000,1961.80000,524
2014-08-18 00:00:00+00:00,1961.60000,1972.20000,1959.60000,1971.60000,8899
2014-08-19 00:00:00+00:00,1971.60000,1982.40000,1971.60000,1979.20000,7316
2014-08-20 00:00:00+00:00,1979.20000,1988.40000,1975.80000,1987.20000,11839
2014-08-21 00:00:00+00:00,1987.00000,1994.40000,1983.00000,1992.60000,12492
2014-08-22 00:00:00+00:00,1992.40000,1994.00000,1984.00000,1989.40000,14632
2014-08-25 00:00:00+00:00,1990.00000,2001.80000,1990.00000,1997.40000,6761
2014-08-26 00:00:00+00:00,1997.40000,2004.60000,1994.40000,2000.60000,8123
2014-08-27 00:00:00+00:00,2000.80000,2002.40000,1995.60000,1998.60000,7608
2014-08-28 00:00:00+00:00,1998.80000,2001.20000,1989.40000,2000.00000,14027
2014-08-29 00:00:00+00:00,2000.00000,2005.40000,1994.20000,2001.80000,9955
2014-08-31 00:00:00+00:00,2000.80000,2001.80000,2000.60000,2001.60000,97
2014-09-01 00:00:00+00:00,2001.60000,2003.00000,1998.60000,2002.40000,2094
2014-09-02 00:00:00+00:00,2002.60000,2007.80000,1994.20000,2001.80000,6188
2014-09-03 00:00:00+00:00,2002.00000,2012.20000,1997.80000,2000.00000,11286
2014-09-04 00:00:00+00:00,1999.80000,2011.20000,1992.00000,1999.80000,14524
2014-09-05 00:00:00+00:00,1999.40000,2007.20000,1989.60000,2007.00000,14129
2014-09-07 00:00:00+00:00,2006.60000,2007.00000,2005.40000,2007.00000,89
2014-09-08 00:00:00+00:00,2007.00000,2007.00000,1995.00000,2001.00000,5859
2014-09-09 00:00:00+00:00,2000.80000,2003.60000,1984.20000,1988.40000,10074
2014-09-10 00:00:00+00:00,1988.60000,1996.80000,1982.40000,1995.00000,8467
2014-09-11 00:00:00+00:00,1994.80000,1999.80000,1985.80000,1998.00000,8495
2014-09-12 00:00:00+00:00,1997.60000,1999.00000,1980.20000,1985.60000,7165
2014-09-14 00:00:00+00:00,1971.80000,1980.70000,1971.80000,1977.60000,882
2014-09-15 00:00:00+00:00,1978.00000,1987.40000,1977.60000,1985.00000,11436
2014-09-16 00:00:00+00:00,1985.00000,2003.00000,1979.00000,2000.00000,9215
2014-09-17 00:00:00+00:00,2000.20000,2011.20000,1992.10000,2002.40000,11562
2014-09-18 00:00:00+00:00,2002.30000,2017.80000,2001.60000,2015.60000,5937
2014-09-19 00:00:00+00:00,2015.60000,2022.80000,2006.80000,2013.00000,9146
2014-09-21 00:00:00+00:00,2010.40000,2011.00000,2008.40000,2010.80000,180
2014-09-22 00:00:00+00:00,2010.80000,2010.80000,1990.60000,1992.80000,9887
2014-09-23 00:00:00+00:00,1992.80000,1995.80000,1976.20000,1980.80000,10794
2014-09-24 00:00:00+00:00,1980.80000,2000.20000,1978.20000,1999.20000,8964
2014-09-25 00:00:00+00:00,1999.20000,1999.20000,1965.40000,1971.20000,12565
2014-09-26 00:00:00+00:00,1971.20000,1986.60000,1964.20000,1983.60000,16581
2014-09-28 00:00:00+00:00,1982.40000,1982.40000,1979.00000,1979.20000,164
2014-09-29 00:00:00+00:00,1979.60000,1984.40000,1963.00000,1976.80000,8655
2014-09-30 00:00:00+00:00,1976.40000,1985.20000,1967.40000,1968.60000,9052
2014-10-01 00:00:00+00:00,1968.60000,1973.80000,1941.00000,1948.00000,11177
2014-10-02 00:00:00+00:00,1948.20000,1952.60000,1925.20000,1946.20000,14534
2014-10-03 00:00:00+00:00,1946.40000,1971.20000,1946.20000,1966.80000,8915
2014-10-05 00:00:00+00:00,1966.80000,1971.00000,1966.60000,1970.20000,194
2014-10-06 00:00:00+00:00,1969.80000,1977.60000,1957.20000,1961.00000,14115
2014-10-07 00:00:00+00:00,1961.20000,1962.60000,1930.80000,1934.60000,14540
2014-10-08 00:00:00+00:00,1935.00000,1970.40000,1924.40000,1966.20000,29192
2014-10-09 00:00:00+00:00,1966.20000,1974.80000,1920.60000,1923.80000,39241
2014-10-10 00:00:00+00:00,1923.80000,1937.20000,1901.20000,1904.60000,45860
2014-10-12 00:00:00+00:00,1897.80000,1898.00000,1886.40000,1891.80000,1530
2014-10-13 00:00:00+00:00,1891.80000,1911.80000,1869.50000,1877.00000,25632
2014-10-14 00:00:00+00:00,1877.00000,1898.40000,1870.40000,1887.20000,26616
2014-10-15 00:00:00+00:00,1887.40000,1888.00000,1818.60000,1852.40000,45955
2014-10-16 00:00:00+00:00,1852.40000,1875.00000,1820.80000,1862.00000,53900
2014-10-17 00:00:00+00:00,1861.80000,1897.00000,1856.40000,1883.20000,29317
2014-10-19 00:00:00+00:00,1889.80000,1898.80000,1889.80000,1895.00000,1184
2014-10-20 00:00:00+00:00,1895.00000,1909.40000,1877.40000,1903.60000,41005
2014-10-21 00:00:00+00:00,1903.20000,1944.80000,1891.00000,1941.80000,40212
2014-10-22 00:00:00+00:00,1941.60000,1948.80000,1925.40000,1931.20000,43300
2014-10-23 00:00:00+00:00,1931.00000,1961.00000,1927.40000,1951.60000,41150
2014-10-24 00:00:00+00:00,1951.60000,1964.40000,1936.80000,1964.20000,46510
2014-10-26 00:00:00+00:00,1965.00000,1967.60000,1964.80000,1967.00000,327
2014-10-27 00:00:00+00:00,1967.00000,1970.60000,1949.40000,1962.60000,16964
2014-10-28 00:00:00+00:00,1962.80000,1984.80000,1961.60000,1980.00000,14893
2014-10-29 00:00:00+00:00,1979.80000,1990.20000,1966.60000,1975.00000,17912
2014-10-30 00:00:00+00:00,1975.40000,1998.60000,1963.60000,1994.20000,20014
2014-10-31 00:00:00+00:00,1993.80000,2021.20000,1991.80000,2014.60000,17394
2014-11-02 00:00:00+00:00,2015.60000,2016.60000,2013.40000,2015.40000,386
2014-11-03 00:00:00+00:00,2015.40000,2023.40000,2011.40000,2013.20000,12490
2014-11-04 00:00:00+00:00,2013.40000,2018.00000,1999.40000,2008.40000,13987
2014-11-05 00:00:00+00:00,2008.60000,2024.40000,2008.20000,2021.60000,14047
2014-11-06 00:00:00+00:00,2021.80000,2033.00000,2015.00000,2032.40000,13296
2014-11-07 00:00:00+00:00,2032.60000,2037.00000,2024.60000,2030.40000,9359
2014-11-09 00:00:00+00:00,2029.20000,2030.80000,2027.60000,2030.60000,142
2014-11-10 00:00:00+00:00,2030.40000,2038.60000,2024.40000,2035.80000,7103
2014-11-11 00:00:00+00:00,2035.80000,2042.40000,2034.80000,2038.80000,4922
2014-11-12 00:00:00+00:00,2039.20000,2040.60000,2030.20000,2037.60000,7504
2014-11-13 00:00:00+00:00,2037.60000,2046.80000,2030.20000,2038.20000,10149
2014-11-14 00:00:00+00:00,2038.20000,2042.60000,2035.40000,2041.40000,8320
2014-11-16 00:00:00+00:00,2041.30000,2041.40000,2038.00000,2038.40000,158
2014-11-17 00:00:00+00:00,2038.20000,2043.40000,2028.40000,2041.80000,8331
2014-11-18 00:00:00+00:00,2041.60000,2057.00000,2038.80000,2050.20000,5305
2014-11-19 00:00:00+00:00,2050.60000,2053.20000,2040.80000,2050.40000,6558
2014-11-20 00:00:00+00:00,2050.60000,2055.40000,2038.00000,2053.20000,6424
2014-11-21 00:00:00+00:00,2053.40000,2074.80000,2052.60000,2064.00000,7527
2014-11-23 00:00:00+00:00,2064.40000,2066.60000,2064.00000,2064.60000,151
2014-11-24 00:00:00+00:00,2064.40000,2071.20000,2063.20000,2070.60000,4387
2014-11-25 00:00:00+00:00,2070.40000,2075.20000,2065.20000,2070.60000,4969
2014-11-26 00:00:00+00:00,2070.80000,2077.30000,2067.30000,2075.20000,3457
2014-11-27 00:00:00+00:00,2074.70000,2076.70000,2070.50000,2072.90000,1110
2014-11-28 00:00:00+00:00,2073.00000,2075.20000,2065.80000,2068.60000,2596
2014-11-30 00:00:00+00:00,2065.00000,2065.60000,2057.20000,2059.10000,1093
2014-12-01 00:00:00+00:00,2060.20000,2064.00000,2050.20000,2053.00000,8159
2014-12-02 00:00:00+00:00,2053.20000,2069.60000,2052.80000,2068.20000,5893
2014-12-03 00:00:00+00:00,2068.40000,2077.20000,2064.80000,2074.20000,5220
2014-12-04 00:00:00+00:00,2074.20000,2078.60000,2062.60000,2073.20000,7404
2014-12-05 00:00:00+00:00,2073.20000,2080.00000,2070.00000,2077.40000,5136
2014-12-07 00:00:00+00:00,2077.20000,2078.40000,2076.20000,2077.00000,81
2014-12-08 00:00:00+00:00,2077.20000,2078.40000,2055.00000,2062.40000,6455
2014-12-09 00:00:00+00:00,2062.40000,2063.20000,2034.20000,2059.00000,9716
2014-12-10 00:00:00+00:00,2059.20000,2060.80000,2024.40000,2026.60000,16202
2014-12-11 00:00:00+00:00,2026.80000,2057.20000,2024.60000,2030.00000,11336
2014-12-12 00:00:00+00:00,2030.10000,2033.00000,1997.40000,1999.20000,17955
2014-12-14 00:00:00+00:00,1999.40000,2000.80000,1995.20000,1997.80000,492
2014-12-15 00:00:00+00:00,1997.60000,2019.20000,1982.20000,1993.60000,39679
2014-12-16 00:00:00+00:00,1993.60000,2018.20000,1968.80000,1975.60000,48115
2014-12-17 00:00:00+00:00,1975.80000,2018.00000,1973.20000,2014.00000,42501
2014-12-18 00:00:00+00:00,2014.00000,2069.80000,2011.60000,2066.20000,23417
2014-12-19 00:00:00+00:00,2066.60000,2083.20000,2064.00000,2075.00000,16448
2014-12-21 00:00:00+00:00,2073.10000,2075.40000,2072.40000,2074.40000,218
2014-12-22 00:00:00+00:00,2074.00000,2082.60000,2072.20000,2080.00000,8275
2014-12-23 00:00:00+00:00,2079.80000,2091.20000,2078.20000,2085.80000,5484
2014-12-24 00:00:00+00:00,2085.80000,2090.10000,2083.90000,2085.40000,1898
2014-12-25 00:00:00+00:00,2086.00000,2088.80000,2086.00000,2088.80000,106
2014-12-26 00:00:00+00:00,2088.80000,2095.20000,2088.00000,2090.80000,1534
2014-12-28 00:00:00+00:00,2092.00000,2092.00000,2090.10000,2091.40000,162
2014-12-29 00:00:00+00:00,2091.50000,2095.20000,2082.40000,2093.80000,8323
2014-12-30 00:00:00+00:00,2094.00000,2094.80000,2079.40000,2084.80000,8388
2014-12-31 00:00:00+00:00,2084.40000,2089.00000,2073.60000,2074.80000,4072
2015-01-01 00:00:00+00:00,2058.00000,2065.20000,2058.00000,2065.20000,289
2015-01-02 00:00:00+00:00,2065.20000,2073.20000,2044.80000,2052.40000,25072
2015-01-04 00:00:00+00:00,2051.20000,2051.20000,2045.00000,2046.20000,636
2015-01-05 00:00:00+00:00,2045.80000,2054.20000,2015.20000,2026.00000,28919
2015-01-06 00:00:00+00:00,2026.00000,2029.20000,1989.80000,2002.20000,41769
2015-01-07 00:00:00+00:00,2002.40000,2029.20000,2002.40000,2026.60000,35307
2015-01-08 00:00:00+00:00,2026.60000,2063.80000,2025.80000,2059.20000,22159
2015-01-09 00:00:00+00:00,2059.60000,2067.40000,2036.80000,2041.20000,27046
2015-01-11 00:00:00+00:00,2041.20000,2043.80000,2037.60000,2038.40000,226
2015-01-12 00:00:00+00:00,2038.60000,2053.40000,2020.40000,2029.40000,14219
2015-01-13 00:00:00+00:00,2029.40000,2056.80000,2006.20000,2021.60000,18556
2015-01-14 00:00:00+00:00,2021.80000,2024.60000,1986.20000,2014.80000,31681
2015-01-15 00:00:00+00:00,2014.60000,2032.00000,1983.20000,1984.00000,44170
2015-01-16 00:00:00+00:00,1983.80000,2019.20000,1975.20000,2016.60000,21519
2015-01-18 00:00:00+00:00,2018.20000,2018.20000,2013.00000,2015.20000,475
2015-01-19 00:00:00+00:00,2015.00000,2028.30000,2007.80000,2014.40000,13058
2015-01-20 00:00:00+00:00,2014.20000,2030.80000,2002.00000,2021.60000,23933
2015-01-21 00:00:00+00:00,2021.00000,2036.80000,2009.80000,2031.20000,29410
2015-01-22 00:00:00+00:00,2031.40000,2063.60000,2023.80000,2060.20000,41432
2015-01-23 00:00:00+00:00,2060.20000,2066.80000,2048.40000,2048.80000,13202
2015-01-25 00:00:00+00:00,2039.40000,2039.60000,2029.80000,2030.60000,1631
2015-01-26 00:00:00+00:00,2030.60000,2059.00000,2030.40000,2057.80000,17485
2015-01-27 00:00:00+00:00,2058.00000,2058.60000,2017.00000,2039.00000,25460
2015-01-28 00:00:00+00:00,2039.20000,2050.60000,1995.20000,2000.20000,43100
2015-01-29 00:00:00+00:00,2000.40000,2024.20000,1986.00000,2021.40000,34850
2015-01-30 00:00:00+00:00,2021.40000,2021.80000,1990.00000,1993.80000,40252
2015-02-01 00:00:00+00:00,1994.60000,1996.80000,1987.60000,1990.80000,938
2015-02-02 00:00:00+00:00,1991.20000,2021.60000,1977.40000,2018.20000,23086
2015-02-03 00:00:00+00:00,2018.20000,2047.40000,2010.40000,2042.60000,16684
2015-02-04 00:00:00+00:00,2042.80000,2052.60000,2025.20000,2025.40000,18002
2015-02-05 00:00:00+00:00,2025.60000,2062.00000,2024.20000,2058.20000,16881
2015-02-06 00:00:00+00:00,2058.00000,2071.00000,2048.00000,2056.60000,15764
2015-02-08 00:00:00+00:00,2051.20000,2052.20000,2045.00000,2047.20000,1160
2015-02-09 00:00:00+00:00,2047.60000,2054.80000,2039.40000,2047.80000,34409
2015-02-10 00:00:00+00:00,2048.00000,2069.40000,2043.60000,2065.40000,31685
2015-02-11 00:00:00+00:00,2065.40000,2082.20000,2056.20000,2069.00000,31201
2015-02-12 00:00:00+00:00,2068.80000,2088.20000,2061.40000,2085.40000,29661
2015-02-13 00:00:00+00:00,2085.40000,2097.20000,2084.40000,2096.00000,19835
2015-02-15 00:00:00+00:00,2094.60000,2096.00000,2092.20000,2092.40000,221
2015-02-16 00:00:00+00:00,2092.00000,2096.20000,2084.20000,2086.60000,4067
2015-02-17 00:00:00+00:00,2086.40000,2101.00000,2083.40000,2099.20000,16156
2015-02-18 00:00:00+00:00,2099.40000,2100.80000,2091.00000,2097.00000,13017
2015-02-19 00:00:00+00:00,2097.00000,2101.60000,2089.60000,2097.00000,13233
2015-02-20 00:00:00+00:00,2097.20000,2110.80000,2084.60000,2109.00000,21421
2015-02-22 00:00:00+00:00,2109.40000,2110.00000,2108.00000,2109.00000,142
2015-02-23 00:00:00+00:00,2109.00000,2110.00000,2101.80000,2107.80000,6221
2015-02-24 00:00:00+00:00,2107.80000,2117.60000,2104.80000,2115.60000,7129
2015-02-25 00:00:00+00:00,2115.40000,2119.40000,2109.40000,2111.80000,5489
2015-02-26 00:00:00+00:00,2112.20000,2116.60000,2103.40000,2109.40000,5701
2015-02-27 00:00:00+00:00,2109.40000,2112.60000,2102.80000,2106.20000,5336
2015-03-01 00:00:00+00:00,2105.80000,2109.20000,2105.60000,2108.40000,89
2015-03-02 00:00:00+00:00,2108.20000,2116.80000,2102.00000,2115.60000,4773
2015-03-03 00:00:00+00:00,2115.20000,2115.60000,2097.00000,2105.00000,5395
2015-03-04 00:00:00+00:00,2104.80000,2105.40000,2086.80000,2096.60000,7901
2015-03-05 00:00:00+00:00,2096.80000,2104.60000,2094.60000,2100.80000,6334
2015-03-06 00:00:00+00:00,2101.00000,2104.40000,2066.60000,2072.00000,10836
2015-03-08 00:00:00+00:00,2074.80000,2074.80000,2069.60000,2070.80000,234
2015-03-09 00:00:00+00:00,2070.40000,2083.20000,2067.00000,2077.40000,5692
2015-03-10 00:00:00+00:00,2077.40000,2078.00000,2042.20000,2047.00000,9987
2015-03-11 00:00:00+00:00,2047.40000,2052.80000,2039.20000,2040.80000,8550
2015-03-12 00:00:00+00:00,2040.80000,2066.80000,2039.20000,2066.80000,8583
2015-03-13 00:00:00+00:00,2066.40000,2069.20000,2040.80000,2050.40000,12818
2015-03-15 00:00:00+00:00,2051.60000,2052.00000,2046.80000,2047.00000,342
2015-03-16 00:00:00+00:00,2047.00000,2082.00000,2045.20000,2075.40000,14110
2015-03-17 00:00:00+00:00,2075.20000,2078.40000,2064.40000,2075.00000,13815
2015-03-18 00:00:00+00:00,2074.80000,2107.80000,2060.40000,2103.20000,23684
2015-03-19 00:00:00+00:00,2103.40000,2107.40000,2084.40000,2088.60000,11287
2015-03-20 00:00:00+00:00,2088.40000,2114.60000,2088.00000,2106.80000,7379
2015-03-22 00:00:00+00:00,2106.60000,2113.80000,2106.40000,2110.60000,232
2015-03-23 00:00:00+00:00,2110.40000,2114.80000,2101.40000,2103.60000,6053
2015-03-24 00:00:00+00:00,2103.80000,2108.40000,2091.00000,2093.40000,8265
2015-03-25 00:00:00+00:00,2093.40000,2097.00000,2059.80000,2063.20000,10636
2015-03-26 00:00:00+00:00,2063.60000,2066.20000,2040.60000,2057.00000,15950
2015-03-27 00:00:00+00:00,2056.80000,2065.00000,2048.40000,2058.80000,12937
2015-03-29 00:00:00+00:00,2059.60000,2062.60000,2056.80000,2058.40000,188
2015-03-30 00:00:00+00:00,2058.60000,2088.60000,2054.40000,2082.80000,18862
2015-03-31 00:00:00+00:00,2082.60000,2083.60000,2063.20000,2066.40000,21306
2015-04-01 00:00:00+00:00,2065.80000,2067.40000,2040.40000,2059.20000,36794
2015-04-02 00:00:00+00:00,2059.20000,2071.40000,2050.80000,2065.60000,22745
2015-04-03 00:00:00+00:00,2065.20000,2070.40000,2045.00000,2046.00000,3868
2015-04-05 00:00:00+00:00,2049.60000,2052.00000,2045.20000,2050.00000,937
2015-04-06 00:00:00+00:00,2050.00000,2086.40000,2049.40000,2077.80000,8764
2015-04-07 00:00:00+00:00,2078.00000,2089.20000,2072.40000,2074.00000,8188
2015-04-08 00:00:00+00:00,2074.20000,2086.40000,2071.00000,2082.60000,10855
2015-04-09 00:00:00+00:00,2082.40000,2093.00000,2073.00000,2091.60000,9392
2015-04-10 00:00:00+00:00,2091.40000,2102.00000,2089.20000,2101.40000,5962
2015-04-12 00:00:00+00:00,2101.40000,2103.60000,2100.80000,2102.20000,107
2015-04-13 00:00:00+00:00,2102.00000,2107.00000,2091.00000,2092.60000,6869
2015-04-14 00:00:00+00:00,2092.80000,2098.60000,2081.60000,2095.60000,8762
2015-04-15 00:00:00+00:00,2095.40000,2111.00000,2093.00000,2106.40000,8491
2015-04-16 00:00:00+00:00,2106.40000,2110.20000,2094.80000,2106.80000,6717
2015-04-17 00:00:00+00:00,2106.40000,2106.80000,2069.80000,2081.00000,12959
2015-04-19 00:00:00+00:00,2086.00000,2087.00000,2084.20000,2086.60000,307
2015-04-20 00:00:00+00:00,2086.60000,2102.60000,2084.60000,2097.60000,7900
2015-04-21 00:00:00+00:00,2097.40000,2110.40000,2092.60000,2098.20000,8931
2015-04-22 00:00:00+00:00,2098.60000,2108.60000,2085.20000,2105.20000,11284
2015-04-23 00:00:00+00:00,2105.00000,2119.40000,2092.60000,2111.60000,10920
2015-04-24 00:00:00+00:00,2111.40000,2119.40000,2108.00000,2116.40000,9642
2015-04-26 00:00:00+00:00,2117.60000,2117.80000,2116.20000,2117.20000,201
2015-04-27 00:00:00+00:00,2117.00000,2124.40000,2105.00000,2109.60000,9803
2015-04-28 00:00:00+00:00,2109.40000,2116.80000,2092.60000,2115.00000,12224
2015-04-29 00:00:00+00:00,2115.40000,2117.00000,2095.00000,2101.60000,17876
2015-04-30 00:00:00+00:00,2101.60000,2106.40000,2074.60000,2085.40000,35523
2015-05-01 00:00:00+00:00,2085.60000,2106.60000,2085.40000,2105.40000,9394
2015-05-03 00:00:00+00:00,2106.40000,2106.40000,2104.00000,2104.20000,147
2015-05-04 00:00:00+00:00,2104.00000,2119.00000,2102.20000,2113.20000,7220
2015-05-05 00:00:00+00:00,2113.20000,2115.60000,2085.60000,2090.60000,13576
2015-05-06 00:00:00+00:00,2090.80000,2097.50000,2065.20000,2076.80000,13826
2015-05-07 00:00:00+00:00,2076.70000,2091.60000,2061.00000,2088.80000,14207
2015-05-08 00:00:00+00:00,2088.80000,2117.00000,2088.00000,2112.00000,10828
2015-05-10 00:00:00+00:00,2113.40000,2114.00000,2112.20000,2113.20000,167
2015-05-11 00:00:00+00:00,2113.00000,2117.00000,2099.60000,2100.40000,12645
2015-05-12 00:00:00+00:00,2100.40000,2104.40000,2082.80000,2101.60000,16899
2015-05-13 00:00:00+00:00,2101.60000,2109.80000,2095.00000,2099.60000,10716
2015-05-14 00:00:00+00:00,2099.20000,2121.40000,2095.20000,2120.20000,12223
2015-05-15 00:00:00+00:00,2119.80000,2125.80000,2116.20000,2121.60000,13304
2015-05-17 00:00:00+00:00,2122.60000,2122.60000,2120.20000,2120.80000,86
2015-05-18 00:00:00+00:00,2120.60000,2131.40000,2115.20000,2129.40000,7499
2015-05-19 00:00:00+00:00,2129.60000,2136.40000,2124.20000,2126.80000,6531
2015-05-20 00:00:00+00:00,2126.80000,2134.80000,2117.80000,2120.00000,9430
2015-05-21 00:00:00+00:00,2120.20000,2134.40000,2119.20000,2130.40000,5867
2015-05-22 00:00:00+00:00,2130.00000,2133.60000,2125.50000,2126.80000,5515
2015-05-24 00:00:00+00:00,2126.80000,2128.50000,2126.00000,2127.30000,123
2015-05-25 00:00:00+00:00,2127.00000,2129.20000,2121.00000,2124.60000,896
2015-05-26 00:00:00+00:00,2124.40000,2126.80000,2098.60000,2105.80000,8215
2015-05-27 00:00:00+00:00,2106.20000,2126.40000,2103.60000,2122.40000,6670
2015-05-28 00:00:00+00:00,2122.20000,2124.60000,2112.50000,2123.50000,7684
2015-05-29 00:00:00+00:00,2123.70000,2124.70000,2104.20000,2108.50000,8909
2015-05-31 00:00:00+00:00,2108.40000,2111.80000,2107.20000,2109.20000,268
2015-06-01 00:00:00+00:00,2108.90000,2119.20000,2102.00000,2112.40000,9660
2015-06-02 00:00:00+00:00,2112.80000,2117.40000,2096.00000,2109.60000,14344
2015-06-03 00:00:00+00:00,2109.40000,2122.00000,2108.00000,2117.00000,11503
2015-06-04 00:00:00+00:00,2116.80000,2116.80000,2092.80000,2100.00000,15611
2015-06-05 00:00:00+00:00,2099.80000,2104.20000,2085.20000,2093.20000,15779
2015-06-07 00:00:00+00:00,2092.80000,2094.20000,2091.40000,2093.00000,138
2015-06-08 00:00:00+00:00,2092.60000,2094.40000,2077.60000,2081.40000,16416
2015-06-09 00:00:00+00:00,2081.40000,2085.40000,2069.80000,2082.40000,19265
2015-06-10 00:00:00+00:00,2082.60000,2108.40000,2081.00000,2104.80000,17755
2015-06-11 00:00:00+00:00,2104.80000,2115.10000,2104.20000,2108.00000,15958
2015-06-12 00:00:00+00:00,2107.90000,2109.60000,2090.80000,2094.00000,12507
2015-06-14 00:00:00+00:00,2084.20000,2086.80000,2080.80000,2085.80000,630
2015-06-15 00:00:00+00:00,2085.80000,2090.20000,2071.80000,2082.60000,12779
2015-06-16 00:00:00+00:00,2082.60000,2099.50000,2070.70000,2098.50000,12338
2015-06-17 00:00:00+00:00,2098.60000,2107.40000,2087.80000,2098.20000,15970
2015-06-18 00:00:00+00:00,2097.80000,2127.70000,2091.00000,2121.90000,16607
2015-06-19 00:00:00+00:00,2122.00000,2126.40000,2106.20000,2106.70000,8724
2015-06-21 00:00:00+00:00,2112.40000,2117.10000,2112.10000,2115.30000,580
2015-06-22 00:00:00+00:00,2115.00000,2130.40000,2114.50000,2124.80000,19413
2015-06-23 00:00:00+00:00,2124.80000,2128.60000,2119.70000,2125.90000,12803
2015-06-24 00:00:00+00:00,2125.90000,2126.00000,2107.00000,2110.20000,25905
2015-06-25 00:00:00+00:00,2110.40000,2120.80000,2100.10000,2102.60000,20309
2015-06-26 00:00:00+00:00,2102.30000,2108.60000,2094.20000,2102.80000,10982
2015-06-28 00:00:00+00:00,2066.20000,2075.40000,2063.20000,2068.70000,1678
2015-06-29 00:00:00+00:00,2069.00000,2090.80000,2055.00000,2061.60000,19802
2015-06-30 00:00:00+00:00,2062.00000,2076.20000,2054.40000,2062.60000,20631
2015-07-01 00:00:00+00:00,2063.60000,2085.00000,2063.20000,2077.20000,13624
2015-07-02 00:00:00+00:00,2077.00000,2086.30000,2069.60000,2075.50000,8533
2015-07-03 00:00:00+00:00,2075.10000,2079.10000,2070.60000,2073.00000,3800
2015-07-05 00:00:00+00:00,2044.40000,2050.20000,2041.40000,2048.80000,1265
2015-07-06 00:00:00+00:00,2048.80000,2079.50000,2047.20000,2075.60000,14418
2015-07-07 00:00:00+00:00,2075.30000,2084.80000,2041.80000,2076.20000,19300
2015-07-08 00:00:00+00:00,2076.50000,2076.70000,2043.10000,2051.10000,23052
2015-07-09 00:00:00+00:00,2051.00000,2074.50000,2044.60000,2063.60000,17191
2015-07-10 00:00:00+00:00,2063.60000,2081.20000,2059.90000,2074.50000,11126
2015-07-12 00:00:00+00:00,2061.70000,2070.20000,2061.20000,2066.40000,161
2015-07-13 00:00:00+00:00,2066.00000,2100.70000,2064.90000,2099.90000,8455
2015-07-14 00:00:00+00:00,2100.10000,2111.50000,2097.00000,2106.00000,3838
2015-07-15 00:00:00+00:00,2106.10000,2114.90000,2101.50000,2113.00000,5300
2015-07-16 00:00:00+00:00,2112.80000,2124.60000,2111.90000,2123.60000,4515
2015-07-17 00:00:00+00:00,2123.30000,2126.00000,2118.90000,2124.90000,3536
2015-07-19 00:00:00+00:00,2123.80000,2124.80000,2123.80000,2124.30000,67
2015-07-20 00:00:00+00:00,2124.60000,2132.00000,2122.40000,2126.90000,3191
2015-07-21 00:00:00+00:00,2126.80000,2130.70000,2112.60000,2112.80000,3305
2015-07-22 00:00:00+00:00,2112.70000,2117.50000,2108.20000,2116.20000,4660
2015-07-23 00:00:00+00:00,2115.90000,2119.30000,2096.80000,2105.20000,4806
2015-07-24 00:00:00+00:00,2105.10000,2109.30000,2075.40000,2082.50000,6532
2015-07-26 00:00:00+00:00,2083.00000,2083.30000,2081.00000,2081.80000,262
2015-07-27 00:00:00+00:00,2082.10000,2085.80000,2061.60000,2070.80000,8452
2015-07-28 00:00:00+00:00,2070.60000,2093.80000,2066.90000,2093.10000,6983
2015-07-29 00:00:00+00:00,2093.00000,2109.00000,2089.20000,2103.40000,7623
2015-07-30 00:00:00+00:00,2103.30000,2108.60000,2092.50000,2106.80000,4491
2015-07-31 00:00:00+00:00,2107.00000,2113.80000,2100.00000,2104.30000,6394
2015-08-02 00:00:00+00:00,2103.60000,2105.30000,2102.80000,2104.50000,240
2015-08-03 00:00:00+00:00,2104.40000,2106.80000,2084.40000,2091.90000,8725
2015-08-04 00:00:00+00:00,2092.20000,2100.20000,2085.60000,2087.80000,8661
2015-08-05 00:00:00+00:00,2087.60000,2111.10000,2087.60000,2097.20000,7143
2015-08-06 00:00:00+00:00,2096.90000,2103.10000,2074.40000,2083.10000,6558
2015-08-07 00:00:00+00:00,2083.10000,2086.60000,2066.00000,2077.50000,9551
2015-08-09 00:00:00+00:00,2076.60000,2078.50000,2075.60000,2077.50000,260
2015-08-10 00:00:00+00:00,2077.60000,2105.30000,2077.30000,2104.10000,5145
2015-08-11 00:00:00+00:00,2104.10000,2104.30000,2074.40000,2086.90000,10414
2015-08-12 00:00:00+00:00,2086.50000,2088.70000,2050.00000,2085.60000,15915
2015-08-13 00:00:00+00:00,2085.90000,2096.30000,2076.70000,2082.20000,9618
2015-08-14 00:00:00+00:00,2082.10000,2092.00000,2077.00000,2092.00000,12138
2015-08-16 00:00:00+00:00,2092.80000,2094.40000,2091.80000,2092.80000,210
2015-08-17 00:00:00+00:00,2092.80000,2103.30000,2077.70000,2102.40000,10356
2015-08-18 00:00:00+00:00,2102.20000,2106.60000,2093.40000,2096.40000,12057
2015-08-19 00:00:00+00:00,2096.40000,2100.90000,2069.50000,2077.40000,21538
2015-08-20 00:00:00+00:00,2077.70000,2080.50000,2027.90000,2030.30000,29911
2015-08-21 00:00:00+00:00,2030.70000,2031.60000,1970.60000,1976.80000,50074
2015-08-23 00:00:00+00:00,1965.60000,1965.80000,1952.90000,1960.80000,4586
2015-08-24 00:00:00+00:00,1961.00000,1964.60000,1833.00000,1891.60000,229005
2015-08-25 00:00:00+00:00,1891.60000,1950.60000,1852.40000,1852.40000,195836
2015-08-26 00:00:00+00:00,1852.60000,1944.80000,1852.60000,1944.00000,178113
2015-08-27 00:00:00+00:00,1944.00000,1991.70000,1936.60000,1990.90000,86470
2015-08-28 00:00:00+00:00,1990.60000,1994.60000,1969.20000,1991.40000,59256
2015-08-30 00:00:00+00:00,1987.40000,1988.00000,1961.00000,1969.00000,5780
2015-08-31 00:00:00+00:00,1969.00000,1985.00000,1955.00000,1956.20000,53765
2015-09-01 00:00:00+00:00,1956.60000,1958.20000,1900.40000,1920.60000,109207
2015-09-02 00:00:00+00:00,1920.40000,1958.80000,1917.80000,1953.70000,81499
2015-09-03 00:00:00+00:00,1953.70000,1974.70000,1943.20000,1950.20000,62495
2015-09-04 00:00:00+00:00,1949.70000,1949.90000,1909.00000,1923.00000,80885
2015-09-06 00:00:00+00:00,1918.20000,1929.60000,1918.20000,1926.60000,1335
2015-09-07 00:00:00+00:00,1926.40000,1945.20000,1920.40000,1939.90000,26886
2015-09-08 00:00:00+00:00,1939.70000,1969.70000,1931.80000,1968.70000,28723
2015-09-09 00:00:00+00:00,1968.60000,1992.80000,1933.80000,1937.40000,43075
2015-09-10 00:00:00+00:00,1937.60000,1968.00000,1929.30000,1949.00000,66677
2015-09-11 00:00:00+00:00,1949.20000,1962.30000,1938.00000,1961.10000,19902
2015-09-13 00:00:00+00:00,1963.00000,1974.50000,1960.80000,1974.30000,1649
2015-09-14 00:00:00+00:00,1974.00000,1974.00000,1947.10000,1956.20000,30498
2015-09-15 00:00:00+00:00,1956.10000,1983.30000,1945.60000,1980.00000,24403
2015-09-16 00:00:00+00:00,1980.00000,1998.80000,1973.40000,1995.40000,33341
2015-09-17 00:00:00+00:00,1995.30000,2022.00000,1982.20000,1986.80000,73325
2015-09-18 00:00:00+00:00,1986.80000,1993.10000,1951.30000,1961.30000,28680
2015-09-20 00:00:00+00:00,1959.90000,1961.90000,1956.20000,1958.00000,726
2015-09-21 00:00:00+00:00,1957.70000,1978.70000,1948.30000,1973.50000,35600
2015-09-22 00:00:00+00:00,1973.40000,1973.40000,1927.10000,1936.80000,24291
2015-09-23 00:00:00+00:00,1937.10000,1951.00000,1919.90000,1938.70000,31643
2015-09-24 00:00:00+00:00,1938.70000,1945.60000,1906.40000,1934.00000,50817
2015-09-25 00:00:00+00:00,1934.00000,1959.80000,1919.60000,1924.40000,32723
2015-09-27 00:00:00+00:00,1922.60000,1925.20000,1914.40000,1919.40000,890
2015-09-28 00:00:00+00:00,1919.80000,1938.50000,1877.50000,1886.30000,47042
2015-09-29 00:00:00+00:00,1886.30000,1898.20000,1869.50000,1884.00000,59438
2015-09-30 00:00:00+00:00,1884.20000,1919.10000,1879.80000,1912.60000,45658
2015-10-01 00:00:00+00:00,1912.60000,1938.00000,1898.70000,1924.50000,51866
2015-10-02 00:00:00+00:00,1924.50000,1952.00000,1891.30000,1951.30000,58767
2015-10-04 00:00:00+00:00,1949.00000,1950.50000,1945.50000,1950.30000,921
2015-10-05 00:00:00+00:00,1950.00000,1988.20000,1945.70000,1981.20000,38045
2015-10-06 00:00:00+00:00,1981.00000,1990.40000,1967.70000,1972.60000,35485
2015-10-07 00:00:00+00:00,1972.60000,1999.20000,1970.50000,1994.70000,41016
2015-10-08 00:00:00+00:00,1994.60000,2016.80000,1979.20000,2012.60000,42549
2015-10-09 00:00:00+00:00,2012.30000,2021.80000,2006.80000,2014.60000,27427
2015-10-11 00:00:00+00:00,2011.60000,2012.00000,2009.80000,2010.40000,358
2015-10-12 00:00:00+00:00,2010.20000,2021.40000,2009.40000,2018.20000,18126
2015-10-13 00:00:00+00:00,2018.10000,2022.00000,1998.00000,2000.30000,21871
2015-10-14 00:00:00+00:00,2000.80000,2008.90000,1989.80000,1995.00000,30637
2015-10-15 00:00:00+00:00,1994.90000,2030.10000,1994.40000,2029.20000,30584
2015-10-16 00:00:00+00:00,2029.00000,2033.60000,2019.60000,2033.60000,23550
2015-10-18 00:00:00+00:00,2031.50000,2032.50000,2030.10000,2030.40000,222
2015-10-19 00:00:00+00:00,2030.20000,2034.80000,2021.20000,2032.40000,18672
2015-10-20 00:00:00+00:00,2032.40000,2038.20000,2022.60000,2025.60000,20830
2015-10-21 00:00:00+00:00,2025.60000,2040.80000,2014.10000,2016.60000,25847
2015-10-22 00:00:00+00:00,2016.70000,2068.10000,2016.60000,2065.60000,28448
2015-10-23 00:00:00+00:00,2065.60000,2081.00000,2060.00000,2071.50000,29666
2015-10-25 00:00:00+00:00,2071.20000,2072.10000,2069.30000,2070.00000,278
2015-10-26 00:00:00+00:00,2070.00000,2074.00000,2063.80000,2069.00000,18842
2015-10-27 00:00:00+00:00,2069.20000,2070.40000,2057.40000,2066.60000,21142
2015-10-28 00:00:00+00:00,2066.40000,2091.00000,2061.40000,2086.80000,32802
2015-10-29 00:00:00+00:00,2086.80000,2092.20000,2079.20000,2090.60000,20591
2015-10-30 00:00:00+00:00,2090.60000,2100.40000,2075.60000,2079.60000,24900
2015-11-01 00:00:00+00:00,2077.80000,2078.40000,2071.40000,2074.00000,428
2015-11-02 00:00:00+00:00,2074.20000,2105.30000,2069.80000,2099.80000,15710
2015-11-03 00:00:00+00:00,2099.70000,2115.20000,2094.40000,2107.00000,12945
2015-11-04 00:00:00+00:00,2106.80000,2114.80000,2095.90000,2098.70000,14392
2015-11-05 00:00:00+00:00,2098.60000,2109.40000,2089.20000,2097.20000,11022
2015-11-06 00:00:00+00:00,2096.80000,2103.40000,2082.60000,2098.20000,15458
2015-11-08 00:00:00+00:00,2096.80000,2098.20000,2095.60000,2097.60000,750
2015-11-09 00:00:00+00:00,2097.60000,2102.20000,2066.80000,2076.80000,10568
2015-11-10 00:00:00+00:00,2077.00000,2083.60000,2069.00000,2079.80000,11424
2015-11-11 00:00:00+00:00,2079.80000,2091.40000,2072.20000,2073.40000,9426
2015-11-12 00:00:00+00:00,2073.60000,2081.60000,2042.40000,2046.80000,16944
2015-11-13 00:00:00+00:00,2046.80000,2050.00000,2015.50000,2016.30000,18812
2015-11-15 00:00:00+00:00,2010.20000,2011.40000,2002.40000,2008.90000,976
2015-11-16 00:00:00+00:00,2008.80000,2054.30000,2008.80000,2050.90000,17768
2015-11-17 00:00:00+00:00,2051.00000,2066.80000,2045.20000,2051.20000,15125
2015-11-18 00:00:00+00:00,2051.20000,2085.80000,2046.60000,2084.80000,14383
2015-11-19 00:00:00+00:00,2084.40000,2092.60000,2078.60000,2080.20000,11261
2015-11-20 00:00:00+00:00,2080.00000,2097.80000,2079.20000,2092.20000,9229
2015-11-22 00:00:00+00:00,2092.40000,2095.40000,2091.80000,2094.20000,335
2015-11-23 00:00:00+00:00,2094.00000,2096.00000,2081.20000,2087.80000,9622
2015-11-24 00:00:00+00:00,2088.00000,2094.00000,2068.40000,2088.80000,12708
2015-11-25 00:00:00+00:00,2088.60000,2095.40000,2085.20000,2092.00000,6753
2015-11-26 00:00:00+00:00,2092.20000,2100.80000,2091.00000,2098.20000,2983
2015-11-27 00:00:00+00:00,2098.00000,2098.40000,2084.20000,2092.50000,7745
2015-11-29 00:00:00+00:00,2091.80000,2091.80000,2087.80000,2088.60000,233
2015-11-30 00:00:00+00:00,2089.10000,2097.00000,2080.60000,2089.40000,7628
2015-12-01 00:00:00+00:00,2089.00000,2103.20000,2085.80000,2100.00000,8603
2015-12-02 00:00:00+00:00,2100.40000,2106.60000,2077.00000,2083.80000,11753
2015-12-03 00:00:00+00:00,2083.60000,2097.00000,2041.80000,2055.00000,27362
2015-12-04 00:00:00+00:00,2055.00000,2094.50000,2048.60000,2090.00000,19005
2015-12-06 00:00:00+00:00,2092.90000,2093.70000,2088.00000,2089.90000,321
2015-12-07 00:00:00+00:00,2089.90000,2096.60000,2065.80000,2079.80000,14858
2015-12-08 00:00:00+00:00,2079.80000,2080.40000,2051.40000,2064.30000,16158
2015-12-09 00:00:00+00:00,2064.00000,2080.60000,2035.40000,2048.40000,17272
2015-12-10 00:00:00+00:00,2048.40000,2068.00000,2044.80000,2051.80000,19389
2015-12-11 00:00:00+00:00,2051.80000,2056.80000,2005.80000,2008.00000,22219
2015-12-13 00:00:00+00:00,2011.80000,2014.50000,2008.50000,2012.90000,604
2015-12-14 00:00:00+00:00,2012.50000,2028.60000,1992.30000,2026.00000,46468
2015-12-15 00:00:00+00:00,2026.30000,2054.80000,2019.10000,2045.80000,25714
2015-12-16 00:00:00+00:00,2045.40000,2078.00000,2041.20000,2072.40000,39337
2015-12-17 00:00:00+00:00,2072.20000,2082.20000,2031.20000,2033.00000,22034
2015-12-18 00:00:00+00:00,2033.20000,2038.40000,1999.80000,2003.80000,29075
2015-12-20 00:00:00+00:00,2005.60000,2009.20000,2004.40000,2006.60000,708
2015-12-21 00:00:00+00:00,2006.60000,2027.60000,2003.80000,2026.40000,18106
2015-12-22 00:00:00+00:00,2026.60000,2044.80000,2015.80000,2042.60000,18119
2015-12-23 00:00:00+00:00,2042.40000,2066.00000,2039.40000,2062.00000,13294
2015-12-24 00:00:00+00:00,2062.00000,2068.20000,2057.60000,2059.80000,5048
2015-12-27 00:00:00+00:00,2060.20000,2062.60000,2059.40000,2060.20000,279
2015-12-28 00:00:00+00:00,2059.80000,2061.20000,2043.20000,2056.80000,9376
2015-12-29 00:00:00+00:00,2057.00000,2082.40000,2055.20000,2079.20000,9277
2015-12-30 00:00:00+00:00,2079.40000,2082.80000,2061.40000,2064.60000,9333
2015-12-31 00:00:00+00:00,2064.60000,2065.40000,2044.80000,2057.60000,7235
2016-01-01 00:00:00+00:00,2043.40000,2043.40000,2043.40000,2043.40000,1
2016-01-03 00:00:00+00:00,2043.00000,2050.60000,2043.00000,2047.40000,462
2016-01-04 00:00:00+00:00,2047.80000,2050.20000,1987.40000,2019.20000,20928
2016-01-05 00:00:00+00:00,2019.40000,2024.00000,1999.40000,2017.80000,23280
2016-01-06 00:00:00+00:00,2017.80000,2020.20000,1977.40000,1996.00000,23526
2016-01-07 00:00:00+00:00,1995.80000,1997.80000,1935.20000,1942.60000,45736
2016-01-08 00:00:00+00:00,1942.60000,1971.20000,1916.60000,1919.40000,49216
2016-01-10 00:00:00+00:00,1915.80000,1918.20000,1900.80000,1903.20000,2049
2016-01-11 00:00:00+00:00,1903.20000,1934.80000,1898.60000,1925.00000,41891
2016-01-12 00:00:00+00:00,1925.20000,1946.20000,1905.20000,1933.20000,38132
2016-01-13 00:00:00+00:00,1933.40000,1952.60000,1883.80000,1888.20000,31079
2016-01-14 00:00:00+00:00,1888.80000,1933.20000,1877.00000,1923.80000,48254
2016-01-15 00:00:00+00:00,1924.00000,1926.80000,1855.00000,1882.20000,43017
2016-01-17 00:00:00+00:00,1875.50000,1878.40000,1865.20000,1874.40000,1750
2016-01-18 00:00:00+00:00,1874.40000,1895.40000,1870.80000,1879.60000,23550
2016-01-19 00:00:00+00:00,1880.00000,1912.80000,1861.80000,1881.40000,42500
2016-01-20 00:00:00+00:00,1881.00000,1881.60000,1809.40000,1865.60000,67734
2016-01-21 00:00:00+00:00,1866.00000,1888.20000,1841.40000,1869.60000,76018
2016-01-22 00:00:00+00:00,1869.40000,1907.20000,1860.80000,1904.20000,29119
2016-01-24 00:00:00+00:00,1904.60000,1909.00000,1903.80000,1905.00000,826
2016-01-25 00:00:00+00:00,1904.80000,1907.40000,1870.40000,1871.80000,32371
2016-01-26 00:00:00+00:00,1872.00000,1904.40000,1855.80000,1891.60000,33064
2016-01-27 00:00:00+00:00,1891.20000,1914.60000,1869.20000,1877.40000,41822
2016-01-28 00:00:00+00:00,1877.20000,1907.00000,1870.40000,1886.00000,39108
2016-01-29 00:00:00+00:00,1885.80000,1936.60000,1881.40000,1935.60000,36279
2016-01-31 00:00:00+00:00,1933.20000,1936.80000,1932.20000,1933.00000,817
2016-02-01 00:00:00+00:00,1933.20000,1944.40000,1916.80000,1927.80000,29204
2016-02-02 00:00:00+00:00,1928.00000,1931.60000,1893.20000,1898.00000,28907
2016-02-03 00:00:00+00:00,1898.00000,1916.20000,1869.00000,1912.60000,51964
2016-02-04 00:00:00+00:00,1912.40000,1926.20000,1894.20000,1907.20000,52304
2016-02-05 00:00:00+00:00,1907.20000,1918.00000,1869.80000,1877.80000,37281
2016-02-07 00:00:00+00:00,1879.40000,1881.20000,1877.60000,1879.00000,513
2016-02-08 00:00:00+00:00,1879.80000,1888.00000,1825.20000,1849.20000,49382
2016-02-09 00:00:00+00:00,1849.20000,1867.00000,1829.20000,1856.20000,58874
2016-02-10 00:00:00+00:00,1856.00000,1880.60000,1841.80000,1842.00000,58110
2016-02-11 00:00:00+00:00,1842.40000,1845.80000,1806.20000,1832.80000,69800
2016-02-12 00:00:00+00:00,1833.00000,1863.80000,1826.20000,1862.80000,42842
2016-02-14 00:00:00+00:00,1868.20000,1873.60000,1868.20000,1872.00000,83
2016-02-15 00:00:00+00:00,1872.60000,1892.60000,1871.00000,1885.80000,13095
2016-02-16 00:00:00+00:00,1886.00000,1895.40000,1873.20000,1891.80000,35424
2016-02-17 00:00:00+00:00,1892.00000,1930.20000,1884.40000,1929.40000,31444
2016-02-18 00:00:00+00:00,1929.80000,1936.20000,1914.20000,1919.60000,29874
2016-02-19 00:00:00+00:00,1919.60000,1925.40000,1901.00000,1917.00000,31825
2016-02-21 00:00:00+00:00,1913.00000,1913.20000,1910.80000,1912.20000,312
2016-02-22 00:00:00+00:00,1912.60000,1946.00000,1912.40000,1935.60000,23420
2016-02-23 00:00:00+00:00,1935.60000,1940.20000,1915.60000,1916.40000,27297
2016-02-24 00:00:00+00:00,1916.40000,1938.40000,1889.00000,1938.00000,35826
2016-02-25 00:00:00+00:00,1938.20000,1953.40000,1922.40000,1952.60000,33573
2016-02-26 00:00:00+00:00,1952.60000,1970.60000,1943.60000,1943.60000,27585
2016-02-28 00:00:00+00:00,1943.80000,1943.80000,1939.80000,1941.20000,387
2016-02-29 00:00:00+00:00,1941.60000,1957.80000,1928.20000,1933.20000,31528
2016-03-01 00:00:00+00:00,1932.80000,1980.00000,1922.40000,1977.40000,31603
2016-03-02 00:00:00+00:00,1977.00000,1986.20000,1967.80000,1981.20000,24556
2016-03-03 00:00:00+00:00,1981.20000,1993.80000,1976.20000,1991.00000,24947
2016-03-04 00:00:00+00:00,1991.40000,2008.80000,1985.40000,1996.20000,27995
2016-03-06 00:00:00+00:00,1995.60000,1995.80000,1992.80000,1993.20000,405
2016-03-07 00:00:00+00:00,1993.40000,2005.40000,1985.60000,2000.80000,25911
2016-03-08 00:00:00+00:00,2000.80000,2000.80000,1977.20000,1982.60000,25594
2016-03-09 00:00:00+00:00,1982.60000,1994.80000,1979.20000,1989.60000,28933
2016-03-10 00:00:00+00:00,1989.80000,2011.00000,1968.40000,1989.80000,48513
2016-03-11 00:00:00+00:00,1990.20000,2022.80000,1989.40000,2021.60000,15070
2016-03-13 00:00:00+00:00,2019.60000,2021.40000,2017.40000,2019.40000,417
2016-03-14 00:00:00+00:00,2019.20000,2025.20000,2012.40000,2019.60000,16190
2016-03-15 00:00:00+00:00,2019.60000,2019.80000,2005.00000,2019.00000,16681
2016-03-16 00:00:00+00:00,2019.00000,2032.60000,2007.20000,2029.80000,25377
2016-03-17 00:00:00+00:00,2029.40000,2046.60000,2015.60000,2043.00000,26198
2016-03-18 00:00:00+00:00,2043.00000,2052.40000,2036.80000,2048.60000,15447
2016-03-20 00:00:00+00:00,2046.20000,2046.80000,2044.80000,2046.20000,154
2016-03-21 00:00:00+00:00,2046.00000,2053.80000,2040.40000,2051.60000,17276
2016-03-22 00:00:00+00:00,2051.40000,2057.00000,2038.20000,2051.20000,22792
2016-03-23 00:00:00+00:00,2051.40000,2054.40000,2034.40000,2037.20000,20551
2016-03-24 00:00:00+00:00,2037.00000,2038.80000,2021.40000,2038.80000,18755
2016-03-27 00:00:00+00:00,2039.20000,2041.60000,2039.20000,2041.60000,336
2016-03-28 00:00:00+00:00,2041.80000,2048.20000,2030.80000,2036.00000,8172
2016-03-29 00:00:00+00:00,2036.20000,2060.40000,2027.60000,2059.20000,24614
2016-03-30 00:00:00+00:00,2059.00000,2073.00000,2056.20000,2062.80000,19497
2016-03-31 00:00:00+00:00,2062.60000,2068.00000,2055.80000,2061.20000,17636
2016-04-01 00:00:00+00:00,2061.00000,2075.20000,2043.60000,2073.20000,21805
2016-04-03 00:00:00+00:00,2072.00000,2072.00000,2069.40000,2069.40000,195
2016-04-04 00:00:00+00:00,2069.60000,2079.40000,2060.80000,2061.20000,15683
2016-04-05 00:00:00+00:00,2061.20000,2062.20000,2042.00000,2050.80000,22460
2016-04-06 00:00:00+00:00,2050.80000,2068.00000,2042.80000,2066.40000,20205
2016-04-07 00:00:00+00:00,2066.40000,2069.60000,2033.40000,2037.80000,20315
2016-04-08 00:00:00+00:00,2038.00000,2061.60000,2037.80000,2049.20000,20774
2016-04-10 00:00:00+00:00,2048.00000,2050.40000,2046.00000,2049.00000,391
2016-04-11 00:00:00+00:00,2049.00000,2063.60000,2036.60000,2039.20000,23821
2016-04-12 00:00:00+00:00,2039.40000,2065.40000,2038.60000,2062.80000,13721
2016-04-13 00:00:00+00:00,2063.20000,2083.80000,2061.80000,2083.40000,11898
2016-04-14 00:00:00+00:00,2083.00000,2088.60000,2075.60000,2083.20000,10465
2016-04-15 00:00:00+00:00,2082.80000,2086.80000,2076.20000,2082.00000,10636
2016-04-17 00:00:00+00:00,2071.00000,2073.00000,2068.60000,2069.60000,671
2016-04-18 00:00:00+00:00,2069.80000,2095.20000,2065.00000,2094.20000,10800
2016-04-19 00:00:00+00:00,2093.80000,2104.80000,2091.60000,2097.60000,14822
2016-04-20 00:00:00+00:00,2097.20000,2111.40000,2092.00000,2104.00000,14824
2016-04-21 00:00:00+00:00,2103.80000,2110.20000,2084.00000,2087.00000,16853
2016-04-22 00:00:00+00:00,2086.80000,2095.00000,2081.20000,2092.20000,15844
2016-04-24 00:00:00+00:00,2097.10000,2097.20000,2093.20000,2093.40000,249
2016-04-25 00:00:00+00:00,2093.20000,2093.60000,2076.80000,2089.40000,10931
2016-04-26 00:00:00+00:00,2089.00000,2097.00000,2085.20000,2089.20000,12369
2016-04-27 00:00:00+00:00,2089.00000,2099.70000,2081.90000,2097.90000,13625
2016-04-28 00:00:00+00:00,2097.80000,2099.90000,2070.40000,2079.20000,17647
2016-04-29 00:00:00+00:00,2079.60000,2081.40000,2051.00000,2065.60000,20449
2016-05-01 00:00:00+00:00,2065.40000,2066.20000,2060.80000,2062.20000,334
2016-05-02 00:00:00+00:00,2062.20000,2082.40000,2060.40000,2079.00000,13598
2016-05-03 00:00:00+00:00,2078.80000,2080.80000,2052.60000,2064.20000,18977
2016-05-04 00:00:00+00:00,2064.40000,2065.00000,2043.80000,2053.20000,15708
2016-05-05 00:00:00+00:00,2053.00000,2064.60000,2043.00000,2048.40000,11695
2016-05-06 00:00:00+00:00,2048.80000,2058.60000,2035.20000,2058.60000,17471
2016-05-08 00:00:00+00:00,2057.40000,2061.60000,2056.60000,2061.60000,288
2016-05-09 00:00:00+00:00,2061.40000,2064.00000,2052.40000,2055.20000,16861
2016-05-10 00:00:00+00:00,2055.60000,2083.80000,2055.00000,2081.20000,11533
2016-05-11 00:00:00+00:00,2080.90000,2082.70000,2061.60000,2063.80000,10645
2016-05-12 00:00:00+00:00,2064.00000,2076.60000,2052.40000,2064.20000,12307
2016-05-13 00:00:00+00:00,2064.20000,2067.00000,2042.20000,2046.40000,16665
2016-05-15 00:00:00+00:00,2043.80000,2044.40000,2038.60000,2044.00000,384
2016-05-16 00:00:00+00:00,2044.00000,2071.60000,2043.80000,2064.60000,7859
2016-05-17 00:00:00+00:00,2064.20000,2072.60000,2040.10000,2047.40000,12608
2016-05-18 00:00:00+00:00,2047.50000,2060.80000,2034.20000,2046.80000,23294
2016-05-19 00:00:00+00:00,2047.00000,2047.20000,2025.20000,2041.20000,16632
2016-05-20 00:00:00+00:00,2041.20000,2058.60000,2041.20000,2052.80000,9813
2016-05-22 00:00:00+00:00,2055.80000,2055.80000,2052.80000,2053.20000,265
2016-05-23 00:00:00+00:00,2052.80000,2058.60000,2046.00000,2048.40000,10284
2016-05-24 00:00:00+00:00,2048.20000,2082.00000,2043.80000,2080.60000,7912
2016-05-25 00:00:00+00:00,2081.00000,2094.80000,2078.60000,2088.60000,7146
2016-05-26 00:00:00+00:00,2088.20000,2094.20000,2085.00000,2093.80000,4869
2016-05-27 00:00:00+00:00,2093.40000,2100.80000,2090.20000,2100.80000,4615
2016-05-29 00:00:00+00:00,2101.60000,2105.00000,2101.40000,2103.60000,280
2016-05-30 00:00:00+00:00,2103.20000,2105.60000,2101.60000,2103.00000,1674
2016-05-31 00:00:00+00:00,2102.80000,2104.60000,2088.00000,2097.00000,6282
2016-06-01 00:00:00+00:00,2097.20000,2101.00000,2085.20000,2099.40000,6304
2016-06-02 00:00:00+00:00,2099.20000,2106.40000,2088.60000,2106.20000,5666
2016-06-03 00:00:00+00:00,2106.20000,2107.20000,2084.60000,2098.80000,5837
2016-06-05 00:00:00+00:00,2099.20000,2100.60000,2095.40000,2096.40000,189
2016-06-06 00:00:00+00:00,2095.80000,2113.20000,2095.80000,2108.00000,5736
2016-06-07 00:00:00+00:00,2108.20000,2119.00000,2108.00000,2110.60000,4269
2016-06-08 00:00:00+00:00,2110.40000,2120.60000,2107.60000,2118.00000,3722
2016-06-09 00:00:00+00:00,2118.00000,2119.40000,2107.40000,2114.20000,4624
2016-06-10 00:00:00+00:00,2113.80000,2114.40000,2089.40000,2096.80000,5063
2016-06-12 00:00:00+00:00,2091.60000,2094.00000,2090.40000,2091.80000,369
2016-06-13 00:00:00+00:00,2091.60000,2098.80000,2073.40000,2075.80000,14034
2016-06-14 00:00:00+00:00,2075.80000,2081.80000,2063.60000,2071.40000,13802
2016-06-15 00:00:00+00:00,2071.80000,2086.40000,2069.20000,2072.60000,21193
2016-06-16 00:00:00+00:00,2073.00000,2081.60000,2050.40000,2081.60000,17730
2016-06-17 00:00:00+00:00,2081.20000,2083.20000,2061.80000,2068.40000,10951
2016-06-19 00:00:00+00:00,2079.80000,2087.20000,2079.60000,2084.80000,656
2016-06-20 00:00:00+00:00,2085.20000,2100.80000,2079.60000,2086.20000,8600
2016-06-21 00:00:00+00:00,2086.40000,2094.40000,2077.80000,2086.80000,7306
2016-06-22 00:00:00+00:00,2086.40000,2099.60000,2084.00000,2094.60000,9253
2016-06-23 00:00:00+00:00,2094.60000,2127.40000,2093.00000,2105.20000,15759
2016-06-24 00:00:00+00:00,2105.20000,2107.40000,2006.80000,2026.20000,95822
2016-06-26 00:00:00+00:00,2022.40000,2022.80000,2009.60000,2015.20000,1812
2016-06-27 00:00:00+00:00,2015.20000,2030.20000,1989.40000,1997.80000,22605
2016-06-28 00:00:00+00:00,1997.40000,2037.60000,1996.20000,2034.80000,8176
2016-06-29 00:00:00+00:00,2034.60000,2081.20000,2030.80000,2076.20000,7330
2016-06-30 00:00:00+00:00,2075.80000,2098.80000,2064.60000,2093.00000,13989
2016-07-01 00:00:00+00:00,2093.40000,2108.20000,2089.20000,2103.60000,6489
2016-07-03 00:00:00+00:00,2106.20000,2107.20000,2101.80000,2101.80000,111
2016-07-04 00:00:00+00:00,2102.40000,2112.20000,2101.80000,2104.20000,2031
2016-07-05 00:00:00+00:00,2104.40000,2104.40000,2079.80000,2087.40000,10817
2016-07-06 00:00:00+00:00,2087.40000,2101.20000,2073.40000,2098.60000,17632
2016-07-07 00:00:00+00:00,2098.80000,2108.80000,2088.80000,2098.60000,11441
2016-07-08 00:00:00+00:00,2098.40000,2131.60000,2094.40000,2127.20000,8096
2016-07-10 00:00:00+00:00,2126.60000,2128.80000,2126.60000,2128.60000,90
2016-07-11 00:00:00+00:00,2128.60000,2143.20000,2128.60000,2136.20000,8847
2016-07-12 00:00:00+00:00,2136.20000,2155.60000,2135.20000,2151.80000,6729
2016-07-13 00:00:00+00:00,2151.60000,2158.60000,2146.40000,2150.60000,7201
2016-07-14 00:00:00+00:00,2150.20000,2174.40000,2149.60000,2160.20000,9074
2016-07-15 00:00:00+00:00,2159.80000,2170.80000,2149.60000,2152.00000,5850
2016-07-17 00:00:00+00:00,2160.20000,2166.80000,2160.20000,2162.60000,294
2016-07-18 00:00:00+00:00,2162.40000,2169.40000,2159.00000,2166.40000,3840
2016-07-19 00:00:00+00:00,2166.40000,2166.60000,2157.60000,2164.00000,5474
2016-07-20 00:00:00+00:00,2164.40000,2175.40000,2161.40000,2173.00000,4388
2016-07-21 00:00:00+00:00,2172.60000,2176.00000,2159.20000,2164.40000,3853
2016-07-22 00:00:00+00:00,2164.20000,2175.00000,2161.60000,2173.00000,4068
2016-07-24 00:00:00+00:00,2173.60000,2173.60000,2172.40000,2173.20000,96
2016-07-25 00:00:00+00:00,2173.40000,2178.20000,2161.80000,2167.60000,5004
2016-07-26 00:00:00+00:00,2168.00000,2173.40000,2159.80000,2172.20000,5533
2016-07-27 00:00:00+00:00,2172.00000,2175.00000,2158.20000,2167.40000,9075
2016-07-28 00:00:00+00:00,2167.80000,2174.00000,2159.60000,2171.60000,6849
2016-07-29 00:00:00+00:00,2172.00000,2177.60000,2163.20000,2177.00000,10224
2016-07-31 00:00:00+00:00,2179.80000,2180.00000,2176.60000,2177.00000,130
2016-08-01 00:00:00+00:00,2176.60000,2183.40000,2165.80000,2171.40000,5413
2016-08-02 00:00:00+00:00,2171.60000,2176.60000,2147.40000,2157.60000,6802
2016-08-03 00:00:00+00:00,2158.00000,2164.00000,2151.20000,2164.00000,7329
2016-08-04 00:00:00+00:00,2163.60000,2170.00000,2159.60000,2166.60000,7373
2016-08-05 00:00:00+00:00,2166.60000,2182.80000,2165.80000,2182.00000,5407
2016-08-07 00:00:00+00:00,2181.40000,2183.40000,2181.20000,2181.80000,69
2016-08-08 00:00:00+00:00,2182.00000,2187.40000,2177.80000,2179.60000,3208
2016-08-09 00:00:00+00:00,2180.00000,2187.20000,2177.80000,2179.80000,3387
2016-08-10 00:00:00+00:00,2179.80000,2185.40000,2171.80000,2175.40000,3659
2016-08-11 00:00:00+00:00,2175.00000,2189.20000,2174.80000,2186.60000,2259
2016-08-12 00:00:00+00:00,2186.60000,2187.80000,2179.20000,2184.60000,2124
2016-08-14 00:00:00+00:00,2184.40000,2185.60000,2184.20000,2185.60000,49
2016-08-15 00:00:00+00:00,2185.60000,2193.80000,2184.80000,2188.20000,2404
2016-08-16 00:00:00+00:00,2187.80000,2188.80000,2178.60000,2181.40000,3279
2016-08-17 00:00:00+00:00,2181.60000,2184.80000,2168.80000,2182.80000,3700
2016-08-18 00:00:00+00:00,2183.00000,2187.00000,2178.80000,2186.40000,3708
2016-08-19 00:00:00+00:00,2186.20000,2186.40000,2175.60000,2184.80000,3957
2016-08-21 00:00:00+00:00,2184.60000,2185.00000,2184.00000,2184.20000,158
2016-08-22 00:00:00+00:00,2184.00000,2187.00000,2176.00000,2182.20000,6352
2016-08-23 00:00:00+00:00,2182.60000,2193.80000,2181.80000,2188.20000,3994
2016-08-24 00:00:00+00:00,2188.40000,2190.00000,2171.20000,2176.80000,3682
2016-08-25 00:00:00+00:00,2176.80000,2179.40000,2169.80000,2176.60000,5478
2016-08-26 00:00:00+00:00,2176.20000,2188.80000,2159.60000,2169.40000,7017
2016-08-28 00:00:00+00:00,2169.00000,2169.80000,2166.80000,2169.80000,172
2016-08-29 00:00:00+00:00,2169.60000,2183.80000,2166.80000,2182.00000,2479
2016-08-30 00:00:00+00:00,2181.60000,2182.80000,2170.40000,2176.60000,4909
2016-08-31 00:00:00+00:00,2176.20000,2177.80000,2161.00000,2170.40000,5641
2016-09-01 00:00:00+00:00,2170.40000,2178.40000,2156.20000,2168.60000,6946
2016-09-02 00:00:00+00:00,2168.40000,2184.80000,2165.40000,2180.20000,7242
2016-09-04 00:00:00+00:00,2180.20000,2182.80000,2179.40000,2181.80000,126
2016-09-05 00:00:00+00:00,2181.80000,2183.20000,2176.40000,2179.20000,3635
2016-09-06 00:00:00+00:00,2179.40000,2187.20000,2174.40000,2185.60000,3788
2016-09-07 00:00:00+00:00,2185.60000,2187.80000,2178.60000,2185.00000,4826
2016-09-08 00:00:00+00:00,2185.40000,2190.20000,2177.00000,2178.80000,7749
2016-09-09 00:00:00+00:00,2178.60000,2179.00000,2120.60000,2122.20000,13280
2016-09-11 00:00:00+00:00,2123.00000,2124.20000,2116.20000,2120.60000,607
2016-09-12 00:00:00+00:00,2120.60000,2163.40000,2108.00000,2156.60000,18061
2016-09-13 00:00:00+00:00,2157.00000,2157.40000,2119.20000,2129.20000,27753
2016-09-14 00:00:00+00:00,2129.40000,2140.40000,2118.20000,2123.60000,18454
2016-09-15 00:00:00+00:00,2123.40000,2150.40000,2113.80000,2139.80000,16627
2016-09-16 00:00:00+00:00,2139.60000,2142.20000,2129.00000,2138.60000,10799
2016-09-18 00:00:00+00:00,2138.20000,2146.80000,2137.40000,2144.20000,284
2016-09-19 00:00:00+00:00,2144.40000,2152.60000,2133.80000,2137.40000,7219
2016-09-20 00:00:00+00:00,2137.80000,2149.40000,2135.20000,2137.60000,5439
2016-09-21 00:00:00+00:00,2137.60000,2162.80000,2132.40000,2159.60000,16034
2016-09-22 00:00:00+00:00,2160.00000,2178.20000,2158.40000,2172.80000,6006
2016-09-23 00:00:00+00:00,2172.80000,2174.80000,2161.80000,2163.00000,6477
2016-09-25 00:00:00+00:00,2161.40000,2164.60000,2161.40000,2164.20000,125
2016-09-26 00:00:00+00:00,2163.80000,2165.20000,2142.60000,2144.40000,7284
2016-09-27 00:00:00+00:00,2144.20000,2159.40000,2138.60000,2156.80000,9424
2016-09-28 00:00:00+00:00,2157.20000,2170.80000,2149.60000,2169.40000,9196
2016-09-29 00:00:00+00:00,2169.20000,2172.40000,2142.80000,2150.60000,14124
2016-09-30 00:00:00+00:00,2150.40000,2173.80000,2141.40000,2162.40000,10647
2016-10-02 00:00:00+00:00,2164.20000,2167.40000,2163.60000,2167.20000,182
2016-10-03 00:00:00+00:00,2167.00000,2169.40000,2152.40000,2160.40000,6723
2016-10-04 00:00:00+00:00,2160.00000,2165.20000,2141.20000,2147.60000,12816
2016-10-05 00:00:00+00:00,2147.60000,2162.80000,2146.20000,2158.40000,7502
2016-10-06 00:00:00+00:00,2158.20000,2162.20000,2148.40000,2157.40000,8507
2016-10-07 00:00:00+00:00,2157.20000,2166.40000,2142.80000,2150.60000,8727
2016-10-09 00:00:00+00:00,2156.20000,2158.20000,2154.80000,2155.60000,311
2016-10-10 00:00:00+00:00,2155.40000,2168.20000,2153.40000,2164.60000,6500
2016-10-11 00:00:00+00:00,2164.40000,2164.80000,2126.40000,2139.60000,9103
2016-10-12 00:00:00+00:00,2139.40000,2145.20000,2130.80000,2133.80000,9738
2016-10-13 00:00:00+00:00,2134.20000,2136.20000,2112.40000,2129.60000,8762
2016-10-14 00:00:00+00:00,2129.60000,2147.60000,2126.60000,2130.80000,6448
2016-10-16 00:00:00+00:00,2131.80000,2133.00000,2123.20000,2127.20000,368
2016-10-17 00:00:00+00:00,2127.60000,2134.20000,2121.80000,2128.40000,9629
2016-10-18 00:00:00+00:00,2128.80000,2144.00000,2128.60000,2136.40000,7048
2016-10-19 00:00:00+00:00,2136.40000,2147.00000,2131.00000,2143.40000,5588
2016-10-20 00:00:00+00:00,2143.20000,2148.40000,2131.00000,2141.40000,7833
2016-10-21 00:00:00+00:00,2141.80000,2141.80000,2127.60000,2140.00000,8450
2016-10-23 00:00:00+00:00,2141.00000,2143.60000,2139.60000,2141.60000,211
2016-10-24 00:00:00+00:00,2141.40000,2153.00000,2139.00000,2148.60000,5336
2016-10-25 00:00:00+00:00,2148.80000,2153.80000,2136.80000,2138.20000,6198
2016-10-26 00:00:00+00:00,2138.00000,2144.20000,2129.00000,2137.80000,8460
2016-10-27 00:00:00+00:00,2138.00000,2147.60000,2126.80000,2132.20000,8450
2016-10-28 00:00:00+00:00,2132.00000,2139.20000,2116.80000,2127.80000,15708
2016-10-30 00:00:00+00:00,2123.40000,2125.80000,2120.40000,2124.40000,237
2016-10-31 00:00:00+00:00,2124.00000,2134.40000,2122.80000,2126.60000,3843
2016-11-01 00:00:00+00:00,2126.80000,2133.20000,2095.20000,2105.60000,9603
2016-11-02 00:00:00+00:00,2105.20000,2110.00000,2091.40000,2096.00000,12746
2016-11-03 00:00:00+00:00,2096.00000,2102.40000,2083.60000,2088.60000,9096
2016-11-04 00:00:00+00:00,2088.60000,2097.40000,2082.00000,2084.80000,8676
2016-11-06 00:00:00+00:00,2108.40000,2113.80000,2107.00000,2108.80000,901
2016-11-07 00:00:00+00:00,2108.60000,2133.80000,2106.20000,2131.40000,3632
2016-11-08 00:00:00+00:00,2131.00000,2147.20000,2122.40000,2145.40000,8352
2016-11-09 00:00:00+00:00,2145.20000,2169.60000,2031.40000,2160.10000,105847
2016-11-10 00:00:00+00:00,2160.50000,2183.20000,2150.80000,2168.20000,30015
2016-11-11 00:00:00+00:00,2168.00000,2172.80000,2151.00000,2162.40000,20440
2016-11-13 00:00:00+00:00,2166.80000,2170.40000,2165.60000,2170.00000,217
2016-11-14 00:00:00+00:00,2169.60000,2176.60000,2154.60000,2163.20000,18978
2016-11-15 00:00:00+00:00,2163.40000,2182.00000,2161.60000,2181.40000,12464
2016-11-16 00:00:00+00:00,2181.40000,2187.00000,2171.00000,2175.00000,8641
2016-11-17 00:00:00+00:00,2174.80000,2187.00000,2174.20000,2184.80000,6631
2016-11-18 00:00:00+00:00,2184.60000,2188.80000,2178.40000,2182.00000,7919
2016-11-20 00:00:00+00:00,2182.00000,2183.00000,2181.20000,2182.40000,125
2016-11-21 00:00:00+00:00,2182.20000,2197.60000,2180.40000,2195.20000,4296
2016-11-22 00:00:00+00:00,2195.40000,2204.20000,2193.20000,2201.20000,6849
2016-11-23 00:00:00+00:00,2201.60000,2204.60000,2193.60000,2201.00000,4210
2016-11-24 00:00:00+00:00,2200.60000,2208.20000,2199.20000,2206.60000,1792
2016-11-25 00:00:00+00:00,2206.80000,2212.40000,2204.00000,2212.00000,2940
2016-11-27 00:00:00+00:00,2209.60000,2209.60000,2207.60000,2208.60000,78
2016-11-28 00:00:00+00:00,2208.60000,2210.40000,2199.80000,2200.60000,5192
2016-11-29 00:00:00+00:00,2200.80000,2210.00000,2197.60000,2204.20000,5800
2016-11-30 00:00:00+00:00,2204.40000,2214.20000,2197.40000,2200.40000,8489
2016-12-01 00:00:00+00:00,2200.00000,2203.60000,2186.80000,2190.20000,6886
2016-12-02 00:00:00+00:00,2190.80000,2197.60000,2185.00000,2191.40000,6974
2016-12-04 00:00:00+00:00,2183.00000,2186.20000,2179.80000,2184.20000,525
2016-12-05 00:00:00+00:00,2184.20000,2209.20000,2183.00000,2205.40000,8486
2016-12-06 00:00:00+00:00,2205.80000,2212.20000,2200.60000,2211.20000,6420
2016-12-07 00:00:00+00:00,2211.20000,2241.40000,2207.20000,2237.20000,7376
2016-12-08 00:00:00+00:00,2237.40000,2251.80000,2233.30000,2247.40000,6861
2016-12-09 00:00:00+00:00,2247.40000,2261.20000,2245.60000,2261.00000,6291
2016-12-11 00:00:00+00:00,2260.60000,2270.40000,2260.40000,2265.40000,349
2016-12-12 00:00:00+00:00,2265.40000,2266.00000,2252.40000,2254.40000,8585
2016-12-13 00:00:00+00:00,2254.80000,2278.40000,2254.40000,2272.60000,4896
2016-12-14 00:00:00+00:00,2272.80000,2277.40000,2248.20000,2257.40000,15835
2016-12-15 00:00:00+00:00,2257.60000,2272.80000,2252.40000,2264.80000,13202
2016-12-16 00:00:00+00:00,2265.20000,2268.80000,2254.60000,2260.60000,5649
2016-12-18 00:00:00+00:00,2261.20000,2264.20000,2261.20000,2263.60000,130
2016-12-19 00:00:00+00:00,2263.80000,2268.60000,2258.80000,2266.00000,3228
2016-12-20 00:00:00+00:00,2266.00000,2274.20000,2265.20000,2271.60000,2551
2016-12-21 00:00:00+00:00,2271.40000,2272.80000,2263.00000,2264.00000,2152
2016-12-22 00:00:00+00:00,2264.20000,2264.80000,2255.60000,2262.20000,2405
2016-12-23 00:00:00+00:00,2262.20000,2264.80000,2258.40000,2264.20000,1524
2016-12-26 00:00:00+00:00,2263.40000,2264.20000,2262.40000,2263.20000,42
2016-12-27 00:00:00+00:00,2263.20000,2273.40000,2261.80000,2265.60000,1340
2016-12-28 00:00:00+00:00,2265.60000,2271.60000,2247.80000,2250.80000,2934
2016-12-29 00:00:00+00:00,2250.60000,2253.60000,2243.60000,2249.80000,3289
2016-12-30 00:00:00+00:00,2250.20000,2256.60000,2232.20000,2238.60000,5180
2017-01-02 00:00:00+00:00,2245.60000,2248.80000,2245.60000,2247.40000,212
2017-01-03 00:00:00+00:00,2247.00000,2263.20000,2243.40000,2256.20000,6210
2017-01-04 00:00:00+00:00,2256.00000,2271.20000,2255.40000,2267.80000,2815
2017-01-05 00:00:00+00:00,2267.40000,2269.20000,2258.20000,2267.60000,5391
2017-01-06 00:00:00+00:00,2267.40000,2280.80000,2262.40000,2275.00000,3277
2017-01-08 00:00:00+00:00,2274.80000,2277.00000,2274.60000,2277.00000,57
2017-01-09 00:00:00+00:00,2276.60000,2279.20000,2265.80000,2266.40000,3848
2017-01-10 00:00:00+00:00,2266.60000,2277.80000,2263.60000,2268.20000,4027
2017-01-11 00:00:00+00:00,2268.00000,2275.60000,2259.20000,2273.80000,5154
2017-01-12 00:00:00+00:00,2274.00000,2274.00000,2252.60000,2269.00000,3558
2017-01-13 00:00:00+00:00,2268.80000,2277.00000,2266.60000,2274.60000,4250
2017-01-15 00:00:00+00:00,2274.00000,2274.00000,2272.00000,2272.40000,104
2017-01-16 00:00:00+00:00,2272.40000,2272.80000,2268.80000,2270.00000,827
2017-01-17 00:00:00+00:00,2269.60000,2270.80000,2261.00000,2266.60000,4852
2017-01-18 00:00:00+00:00,2266.80000,2272.40000,2262.40000,2270.40000,3947
2017-01-19 00:00:00+00:00,2270.40000,2273.00000,2257.00000,2266.40000,4299
2017-01-20 00:00:00+00:00,2266.60000,2276.40000,2263.60000,2270.40000,6907
2017-01-22 00:00:00+00:00,2270.00000,2270.00000,2263.40000,2263.60000,128
2017-01-23 00:00:00+00:00,2263.80000,2271.00000,2255.80000,2265.00000,2657
2017-01-24 00:00:00+00:00,2265.20000,2284.00000,2263.40000,2280.40000,3316
2017-01-25 00:00:00+00:00,2280.40000,2298.80000,2278.80000,2297.00000,2146
2017-01-26 00:00:00+00:00,2296.60000,2302.80000,2293.00000,2296.20000,2993
2017-01-27 00:00:00+00:00,2296.00000,2300.00000,2290.60000,2293.00000,1709
2017-01-29 00:00:00+00:00,2286.20000,2287.80000,2285.20000,2285.80000,105
2017-01-30 00:00:00+00:00,2286.00000,2289.20000,2266.80000,2279.20000,3868
2017-01-31 00:00:00+00:00,2279.60000,2281.60000,2265.80000,2279.40000,4730
2017-02-01 00:00:00+00:00,2279.60000,2288.00000,2271.80000,2275.80000,7077
2017-02-02 00:00:00+00:00,2276.00000,2283.00000,2268.20000,2277.80000,4327
2017-02-03 00:00:00+00:00,2277.60000,2297.20000,2274.20000,2295.00000,3841
2017-02-05 00:00:00+00:00,2296.60000,2296.60000,2293.20000,2293.40000,63
2017-02-06 00:00:00+00:00,2293.20000,2297.40000,2287.00000,2290.20000,3484
2017-02-07 00:00:00+00:00,2290.00000,2298.20000,2287.00000,2288.40000,4058
2017-02-08 00:00:00+00:00,2288.60000,2294.40000,2283.80000,2293.20000,3582
2017-02-09 00:00:00+00:00,2293.00000,2310.20000,2290.40000,2306.20000,1632
2017-02-10 00:00:00+00:00,2305.80000,2318.00000,2305.60000,2315.40000,2440
2017-02-12 00:00:00+00:00,2316.20000,2317.60000,2315.60000,2317.40000,104
2017-02-13 00:00:00+00:00,2317.20000,2331.20000,2316.00000,2329.20000,2550
2017-02-14 00:00:00+00:00,2329.00000,2339.60000,2321.80000,2336.80000,3406
2017-02-15 00:00:00+00:00,2336.60000,2353.20000,2333.40000,2351.40000,3145
2017-02-16 00:00:00+00:00,2351.60000,2351.60000,2338.20000,2345.20000,3027
2017-02-17 00:00:00+00:00,2345.40000,2350.00000,2338.20000,2349.80000,3375
2017-02-19 00:00:00+00:00,2348.00000,2349.00000,2347.80000,2348.60000,108
2017-02-20 00:00:00+00:00,2348.60000,2358.00000,2347.60000,2354.80000,1124
2017-02-21 00:00:00+00:00,2355.00000,2366.20000,2350.40000,2361.00000,3250
2017-02-22 00:00:00+00:00,2361.20000,2365.00000,2356.60000,2362.60000,2614
2017-02-23 00:00:00+00:00,2362.20000,2368.60000,2354.60000,2361.60000,3901
2017-02-24 00:00:00+00:00,2361.20000,2366.60000,2351.00000,2365.60000,4177
2017-02-26 00:00:00+00:00,2365.60000,2369.60000,2365.60000,2368.40000,113
2017-02-27 00:00:00+00:00,2368.60000,2371.80000,2362.40000,2367.00000,5318
2017-02-28 00:00:00+00:00,2367.00000,2369.80000,2358.60000,2365.80000,4017
2017-03-01 00:00:00+00:00,2366.00000,2401.60000,2365.60000,2394.00000,8133
2017-03-02 00:00:00+00:00,2394.20000,2395.20000,2378.80000,2380.20000,5668
2017-03-03 00:00:00+00:00,2380.20000,2383.60000,2374.40000,2381.00000,5427
2017-03-05 00:00:00+00:00,2379.80000,2379.80000,2371.40000,2371.60000,403
2017-03-06 00:00:00+00:00,2371.40000,2378.60000,2367.80000,2372.60000,4683
2017-03-07 00:00:00+00:00,2372.40000,2376.20000,2363.80000,2364.20000,3657
2017-03-08 00:00:00+00:00,2364.40000,2373.40000,2360.40000,2365.00000,4930
2017-03-09 00:00:00+00:00,2364.60000,2370.40000,2354.60000,2370.00000,6108
2017-03-10 00:00:00+00:00,2369.80000,2379.80000,2362.40000,2371.60000,8712
2017-03-12 00:00:00+00:00,2371.60000,2372.40000,2368.20000,2368.60000,171
2017-03-13 00:00:00+00:00,2368.80000,2375.20000,2368.60000,2373.60000,5371
2017-03-14 00:00:00+00:00,2373.40000,2374.20000,2358.20000,2367.40000,8247
2017-03-15 00:00:00+00:00,2367.80000,2390.60000,2366.60000,2385.60000,11249
2017-03-16 00:00:00+00:00,2385.20000,2392.00000,2377.00000,2381.80000,3400
2017-03-17 00:00:00+00:00,2382.20000,2385.40000,2376.20000,2378.60000,2238
2017-03-19 00:00:00+00:00,2377.20000,2378.00000,2375.00000,2376.40000,135
2017-03-20 00:00:00+00:00,2376.00000,2379.20000,2369.00000,2372.40000,2159
2017-03-21 00:00:00+00:00,2372.00000,2382.00000,2340.00000,2341.80000,12126
2017-03-22 00:00:00+00:00,2341.80000,2352.00000,2335.80000,2351.40000,9974
2017-03-23 00:00:00+00:00,2351.40000,2359.20000,2341.60000,2346.40000,9118
2017-03-24 00:00:00+00:00,2346.60000,2356.00000,2335.00000,2345.80000,10200
2017-03-26 00:00:00+00:00,2340.00000,2340.60000,2330.80000,2334.40000,641
2017-03-27 00:00:00+00:00,2334.00000,2345.60000,2321.40000,2344.40000,9981
2017-03-28 00:00:00+00:00,2344.00000,2363.40000,2336.80000,2356.80000,6983
2017-03-29 00:00:00+00:00,2356.60000,2362.60000,2352.00000,2360.80000,5499
2017-03-30 00:00:00+00:00,2360.80000,2369.80000,2356.60000,2366.40000,4879
2017-03-31 00:00:00+00:00,2366.20000,2369.80000,2360.00000,2360.80000,4677
2017-04-02 00:00:00+00:00,2361.00000,2363.80000,2360.80000,2362.40000,163
2017-04-03 00:00:00+00:00,2362.80000,2366.40000,2343.20000,2357.40000,7040
2017-04-04 00:00:00+00:00,2357.20000,2362.60000,2347.80000,2361.80000,5309
2017-04-05 00:00:00+00:00,2361.60000,2378.00000,2346.80000,2347.40000,7579
2017-04-06 00:00:00+00:00,2347.00000,2364.00000,2341.20000,2357.20000,7881
2017-04-07 00:00:00+00:00,2357.40000,2363.40000,2339.60000,2355.40000,10661
2017-04-09 00:00:00+00:00,2355.00000,2356.60000,2353.60000,2355.80000,75
2017-04-10 00:00:00+00:00,2355.60000,2365.80000,2350.40000,2355.40000,5499
2017-04-11 00:00:00+00:00,2355.80000,2356.60000,2336.00000,2352.20000,10323
2017-04-12 00:00:00+00:00,2352.00000,2359.00000,2340.40000,2342.60000,8301
2017-04-13 00:00:00+00:00,2342.80000,2347.40000,2326.40000,2330.00000,8477
2017-04-16 00:00:00+00:00,2327.80000,2329.20000,2326.80000,2327.60000,359
2017-04-17 00:00:00+00:00,2328.00000,2348.40000,2325.20000,2346.80000,3606
2017-04-18 00:00:00+00:00,2347.00000,2349.20000,2333.00000,2341.40000,6993
2017-04-19 00:00:00+00:00,2341.40000,2351.80000,2334.00000,2337.20000,5455
2017-04-20 00:00:00+00:00,2337.40000,2360.80000,2336.20000,2355.20000,5459
2017-04-21 00:00:00+00:00,2355.40000,2358.80000,2343.20000,2348.00000,5671
2017-04-23 00:00:00+00:00,2370.20000,2375.00000,2368.80000,2370.00000,807
2017-04-24 00:00:00+00:00,2370.20000,2379.20000,2368.00000,2371.20000,5759
2017-04-25 00:00:00+00:00,2371.00000,2391.60000,2371.00000,2385.60000,4543
2017-04-26 00:00:00+00:00,2385.80000,2397.00000,2383.80000,2385.80000,4448
2017-04-27 00:00:00+00:00,2386.00000,2391.00000,2381.00000,2387.40000,4808
2017-04-28 00:00:00+00:00,2387.80000,2390.80000,2380.80000,2383.00000,3955
2017-04-30 00:00:00+00:00,2383.20000,2383.60000,2379.60000,2380.60000,183
2017-05-01 00:00:00+00:00,2380.80000,2393.00000,2380.80000,2388.60000,3236
2017-05-02 00:00:00+00:00,2388.60000,2391.00000,2384.20000,2387.20000,3426
2017-05-03 00:00:00+00:00,2386.80000,2389.00000,2378.20000,2387.80000,4526
2017-05-04 00:00:00+00:00,2387.60000,2393.00000,2378.60000,2387.60000,5076
2017-05-05 00:00:00+00:00,2387.40000,2401.20000,2381.40000,2401.00000,4096
2017-05-07 00:00:00+00:00,2404.60000,2405.80000,2398.20000,2399.20000,280
2017-05-08 00:00:00+00:00,2398.80000,2399.80000,2392.00000,2396.80000,3653
2017-05-09 00:00:00+00:00,2396.40000,2402.20000,2390.00000,2390.20000,3123
2017-05-10 00:00:00+00:00,2390.00000,2398.60000,2389.80000,2397.20000,3369
2017-05-11 00:00:00+00:00,2396.80000,2397.20000,2380.80000,2392.40000,3479
2017-05-12 00:00:00+00:00,2392.20000,2393.00000,2386.20000,2390.40000,3368
2017-05-14 00:00:00+00:00,2391.00000,2392.20000,2389.80000,2390.80000,130
2017-05-15 00:00:00+00:00,2390.60000,2403.80000,2390.20000,2400.60000,2460
2017-05-16 00:00:00+00:00,2401.00000,2406.00000,2387.00000,2387.60000,3752
2017-05-17 00:00:00+00:00,2387.80000,2390.40000,2356.20000,2362.20000,10495
2017-05-18 00:00:00+00:00,2362.20000,2375.80000,2346.20000,2366.00000,14053
2017-05-19 00:00:00+00:00,2366.40000,2389.00000,2362.60000,2383.40000,4809
2017-05-21 00:00:00+00:00,2383.00000,2385.00000,2382.40000,2383.80000,167
2017-05-22 00:00:00+00:00,2383.60000,2395.60000,2379.60000,2388.60000,3101
2017-05-23 00:00:00+00:00,2388.60000,2400.60000,2388.60000,2398.00000,3550
2017-05-24 00:00:00+00:00,2397.80000,2405.20000,2396.20000,2404.20000,3131
2017-05-25 00:00:00+00:00,2404.60000,2418.80000,2404.00000,2414.00000,3962
2017-05-26 00:00:00+00:00,2414.20000,2416.80000,2409.20000,2415.60000,2999
2017-05-28 00:00:00+00:00,2415.60000,2417.80000,2415.20000,2416.60000,165
2017-05-29 00:00:00+00:00,2416.20000,2417.80000,2414.60000,2415.40000,873
2017-05-30 00:00:00+00:00,2415.40000,2415.40000,2408.60000,2411.80000,2596
2017-05-31 00:00:00+00:00,2412.00000,2417.40000,2403.40000,2413.00000,4346
2017-06-01 00:00:00+00:00,2412.80000,2431.80000,2411.40000,2430.60000,3522
2017-06-02 00:00:00+00:00,2430.60000,2440.00000,2427.80000,2438.00000,4540
2017-06-04 00:00:00+00:00,2436.40000,2437.20000,2434.20000,2434.80000,156
2017-06-05 00:00:00+00:00,2435.00000,2439.20000,2433.60000,2435.40000,2261
2017-06-06 00:00:00+00:00,2435.00000,2436.20000,2427.00000,2431.20000,3575
2017-06-07 00:00:00+00:00,2431.20000,2435.40000,2424.60000,2432.40000,4916
2017-06-08 00:00:00+00:00,2432.60000,2439.00000,2426.20000,2428.00000,5639
2017-06-09 00:00:00+00:00,2428.20000,2446.00000,2415.20000,2430.80000,12422
2017-06-11 00:00:00+00:00,2430.20000,2431.20000,2426.80000,2428.20000,256
2017-06-12 00:00:00+00:00,2428.40000,2430.40000,2419.60000,2429.20000,10213
2017-06-13 00:00:00+00:00,2429.40000,2441.40000,2429.40000,2440.00000,6716
2017-06-14 00:00:00+00:00,2440.00000,2445.80000,2428.40000,2432.20000,12620
2017-06-15 00:00:00+00:00,2432.60000,2435.20000,2418.80000,2433.80000,7055
2017-06-16 00:00:00+00:00,2434.00000,2438.80000,2422.80000,2436.60000,4477
2017-06-18 00:00:00+00:00,2436.20000,2436.60000,2435.00000,2435.80000,180
2017-06-19 00:00:00+00:00,2435.60000,2453.20000,2435.60000,2450.80000,2975
2017-06-20 00:00:00+00:00,2451.20000,2452.80000,2436.00000,2438.40000,3479
2017-06-21 00:00:00+00:00,2438.60000,2441.60000,2430.00000,2432.40000,6330
2017-06-22 00:00:00+00:00,2432.60000,2440.80000,2430.40000,2435.20000,3848
2017-06-23 00:00:00+00:00,2434.80000,2440.60000,2430.40000,2434.20000,3170
2017-06-25 00:00:00+00:00,2434.40000,2434.60000,2432.00000,2434.20000,73
2017-06-26 00:00:00+00:00,2434.60000,2449.20000,2433.80000,2438.40000,3411
2017-06-27 00:00:00+00:00,2438.40000,2439.20000,2418.80000,2419.80000,5348
2017-06-28 00:00:00+00:00,2420.20000,2446.20000,2416.00000,2445.20000,5110
2017-06-29 00:00:00+00:00,2445.20000,2446.60000,2404.40000,2422.00000,10510
2017-06-30 00:00:00+00:00,2421.60000,2431.80000,2417.40000,2423.60000,6935
2017-07-02 00:00:00+00:00,2424.60000,2429.20000,2424.40000,2426.40000,196
2017-07-03 00:00:00+00:00,2426.60000,2438.60000,2423.60000,2429.00000,4697
2017-07-04 00:00:00+00:00,2428.80000,2433.20000,2423.40000,2425.60000,2049
2017-07-05 00:00:00+00:00,2425.80000,2434.20000,2421.20000,2431.60000,5836
2017-07-06 00:00:00+00:00,2431.60000,2431.80000,2407.40000,2411.40000,7075
2017-07-07 00:00:00+00:00,2411.40000,2426.60000,2409.60000,2424.80000,4983
2017-07-09 00:00:00+00:00,2425.00000,2427.60000,2424.60000,2427.00000,96
2017-07-10 00:00:00+00:00,2427.40000,2431.40000,2421.00000,2426.00000,2513
2017-07-11 00:00:00+00:00,2426.00000,2429.20000,2412.00000,2426.40000,3567
2017-07-12 00:00:00+00:00,2426.40000,2445.20000,2424.20000,2443.20000,3426
2017-07-13 00:00:00+00:00,2443.00000,2448.40000,2440.80000,2447.40000,2932
2017-07-14 00:00:00+00:00,2447.20000,2462.80000,2443.80000,2459.00000,2692
2017-07-16 00:00:00+00:00,2459.00000,2460.40000,2458.80000,2459.20000,58
2017-07-17 00:00:00+00:00,2459.00000,2462.00000,2455.80000,2460.40000,2557
2017-07-18 00:00:00+00:00,2460.20000,2462.40000,2449.40000,2460.00000,3199
2017-07-19 00:00:00+00:00,2460.20000,2473.40000,2459.80000,2472.20000,2159
2017-07-20 00:00:00+00:00,2472.00000,2477.80000,2467.40000,2473.20000,3618
2017-07-21 00:00:00+00:00,2473.60000,2476.60000,2464.40000,2471.20000,3233
2017-07-23 00:00:00+00:00,2471.20000,2471.80000,2470.00000,2470.20000,38
2017-07-24 00:00:00+00:00,2469.80000,2472.00000,2465.20000,2469.20000,2295
2017-07-25 00:00:00+00:00,2469.60000,2480.20000,2468.40000,2476.60000,2327
2017-07-26 00:00:00+00:00,2476.40000,2481.20000,2473.20000,2478.40000,3083
2017-07-27 00:00:00+00:00,2478.20000,2481.80000,2458.60000,2470.00000,5512
2017-07-28 00:00:00+00:00,2470.00000,2472.60000,2462.80000,2472.00000,3730
2017-07-30 00:00:00+00:00,2472.20000,2472.20000,2469.20000,2469.60000,105
2017-07-31 00:00:00+00:00,2469.20000,2476.20000,2467.00000,2469.20000,2625
2017-08-01 00:00:00+00:00,2469.60000,2478.60000,2469.20000,2476.60000,2477
2017-08-02 00:00:00+00:00,2476.20000,2477.20000,2464.80000,2473.80000,3136
2017-08-03 00:00:00+00:00,2473.40000,2475.60000,2467.60000,2470.20000,2778
2017-08-04 00:00:00+00:00,2469.80000,2479.00000,2469.20000,2473.20000,2359
2017-08-06 00:00:00+00:00,2474.20000,2474.80000,2473.40000,2474.40000,106
2017-08-07 00:00:00+00:00,2474.60000,2479.40000,2474.40000,2477.80000,1219
2017-08-08 00:00:00+00:00,2478.00000,2489.40000,2467.40000,2468.40000,2408
2017-08-09 00:00:00+00:00,2468.60000,2475.40000,2460.40000,2472.80000,4482
2017-08-10 00:00:00+00:00,2473.00000,2473.40000,2434.00000,2437.60000,7368
2017-08-11 00:00:00+00:00,2437.60000,2447.20000,2431.60000,2441.60000,6233
2017-08-13 00:00:00+00:00,2443.60000,2448.00000,2443.40000,2448.00000,161
2017-08-14 00:00:00+00:00,2448.00000,2469.20000,2447.60000,2468.80000,3140
2017-08-15 00:00:00+00:00,2468.40000,2474.00000,2461.00000,2463.40000,2993
2017-08-16 00:00:00+00:00,2463.80000,2474.40000,2462.60000,2464.40000,3845
2017-08-17 00:00:00+00:00,2464.60000,2469.00000,2424.40000,2427.40000,8381
2017-08-18 00:00:00+00:00,2427.80000,2439.80000,2420.20000,2426.00000,7698
2017-08-20 00:00:00+00:00,2429.60000,2431.80000,2428.20000,2429.60000,149
2017-08-21 00:00:00+00:00,2429.20000,2430.20000,2416.40000,2429.80000,5368
2017-08-22 00:00:00+00:00,2430.20000,2455.20000,2430.00000,2453.20000,2976
2017-08-23 00:00:00+00:00,2453.60000,2453.60000,2435.80000,2437.20000,4666
2017-08-24 00:00:00+00:00,2437.60000,2449.20000,2435.20000,2442.40000,5723
2017-08-25 00:00:00+00:00,2442.00000,2453.60000,2438.00000,2443.00000,4984
2017-08-27 00:00:00+00:00,2439.40000,2443.80000,2438.20000,2442.40000,240
2017-08-28 00:00:00+00:00,2442.60000,2449.60000,2423.60000,2431.60000,4263
2017-08-29 00:00:00+00:00,2431.40000,2449.80000,2421.80000,2449.20000,7168
2017-08-30 00:00:00+00:00,2449.20000,2460.00000,2443.20000,2457.80000,3379
2017-08-31 00:00:00+00:00,2458.00000,2474.20000,2457.20000,2472.80000,3828
2017-09-01 00:00:00+00:00,2472.20000,2479.80000,2470.80000,2474.00000,3519
2017-09-03 00:00:00+00:00,2463.80000,2466.60000,2460.80000,2465.20000,612
2017-09-04 00:00:00+00:00,2465.20000,2470.80000,2462.40000,2470.00000,1956
2017-09-05 00:00:00+00:00,2469.80000,2471.40000,2446.00000,2458.20000,7109
2017-09-06 00:00:00+00:00,2458.60000,2469.00000,2456.80000,2461.40000,5731
2017-09-07 00:00:00+00:00,2461.40000,2468.80000,2459.80000,2463.40000,5326
2017-09-08 00:00:00+00:00,2463.20000,2466.40000,2457.00000,2462.40000,5215
2017-09-10 00:00:00+00:00,2471.20000,2472.80000,2469.60000,2469.80000,335
2017-09-11 00:00:00+00:00,2470.20000,2488.80000,2469.80000,2488.60000,3701
2017-09-12 00:00:00+00:00,2488.40000,2497.20000,2487.00000,2496.40000,5006
2017-09-13 00:00:00+00:00,2496.20000,2497.00000,2491.00000,2494.20000,3068
2017-09-14 00:00:00+00:00,2494.20000,2497.80000,2488.80000,2489.60000,4868
2017-09-15 00:00:00+00:00,2489.60000,2501.60000,2489.40000,2501.60000,3704
2017-09-17 00:00:00+00:00,2500.80000,2502.80000,2500.40000,2502.40000,109
2017-09-18 00:00:00+00:00,2502.00000,2507.60000,2499.40000,2504.60000,2305
2017-09-19 00:00:00+00:00,2504.40000,2507.60000,2502.80000,2504.60000,2426
2017-09-20 00:00:00+00:00,2504.80000,2508.80000,2496.00000,2507.00000,4194
2017-09-21 00:00:00+00:00,2507.40000,2507.40000,2498.40000,2501.40000,2653
2017-09-22 00:00:00+00:00,2501.00000,2502.40000,2493.80000,2501.60000,2959
2017-09-24 00:00:00+00:00,2499.80000,2505.80000,2499.40000,2505.20000,299
2017-09-25 00:00:00+00:00,2505.20000,2505.60000,2487.00000,2498.40000,4148
2017-09-26 00:00:00+00:00,2498.00000,2502.80000,2494.00000,2497.40000,3813
2017-09-27 00:00:00+00:00,2497.60000,2511.00000,2495.00000,2504.60000,3469
2017-09-28 00:00:00+00:00,2504.80000,2509.80000,2500.80000,2507.60000,3626
2017-09-29 00:00:00+00:00,2507.60000,2519.40000,2506.80000,2519.40000,2532
2017-10-01 00:00:00+00:00,2519.40000,2525.00000,2519.00000,2522.00000,427
2017-10-02 00:00:00+00:00,2522.40000,2529.60000,2519.20000,2527.60000,2711
2017-10-03 00:00:00+00:00,2527.40000,2534.80000,2527.00000,2533.20000,1794
2017-10-04 00:00:00+00:00,2532.80000,2539.60000,2531.00000,2537.00000,2084
2017-10-05 00:00:00+00:00,2537.40000,2552.20000,2536.40000,2550.60000,1829
2017-10-06 00:00:00+00:00,2550.40000,2551.40000,2543.40000,2546.60000,2437
2017-10-08 00:00:00+00:00,2546.00000,2548.40000,2546.00000,2548.00000,157
2017-10-09 00:00:00+00:00,2548.40000,2552.00000,2541.00000,2545.40000,1822
2017-10-10 00:00:00+00:00,2545.00000,2554.80000,2544.60000,2550.40000,2414
2017-10-11 00:00:00+00:00,2550.40000,2555.00000,2546.00000,2553.40000,1700
2017-10-12 00:00:00+00:00,2553.00000,2555.00000,2548.00000,2549.40000,1401
2017-10-13 00:00:00+00:00,2549.00000,2557.20000,2548.80000,2554.20000,1674
2017-10-15 00:00:00+00:00,2553.80000,2556.80000,2553.80000,2555.80000,181
2017-10-16 00:00:00+00:00,2555.80000,2559.20000,2552.40000,2557.40000,1447
2017-10-17 00:00:00+00:00,2557.40000,2560.00000,2554.20000,2559.80000,1258
2017-10-18 00:00:00+00:00,2559.40000,2563.80000,2558.40000,2561.40000,1383
2017-10-19 00:00:00+00:00,2561.80000,2562.80000,2544.40000,2562.00000,4777
2017-10-20 00:00:00+00:00,2562.00000,2575.80000,2561.40000,2575.10000,2965
2017-10-22 00:00:00+00:00,2575.00000,2578.80000,2575.00000,2577.80000,208
2017-10-23 00:00:00+00:00,2577.40000,2578.60000,2563.40000,2565.80000,2388
2017-10-24 00:00:00+00:00,2565.60000,2571.60000,2564.20000,2566.40000,2555
2017-10-25 00:00:00+00:00,2566.00000,2567.60000,2543.20000,2559.40000,5147
2017-10-26 00:00:00+00:00,2559.00000,2566.40000,2557.20000,2563.20000,4810
2017-10-27 00:00:00+00:00,2562.80000,2582.20000,2558.80000,2578.60000,4273
2017-10-29 00:00:00+00:00,2577.20000,2579.60000,2575.80000,2575.80000,179
2017-10-30 00:00:00+00:00,2575.60000,2578.80000,2566.80000,2568.60000,3689
2017-10-31 00:00:00+00:00,2568.60000,2576.80000,2568.40000,2574.40000,2175
2017-11-01 00:00:00+00:00,2574.40000,2586.80000,2573.40000,2575.20000,4136
2017-11-02 00:00:00+00:00,2574.80000,2580.20000,2563.80000,2580.20000,5328
2017-11-03 00:00:00+00:00,2580.40000,2586.60000,2575.40000,2583.20000,2942
2017-11-05 00:00:00+00:00,2582.20000,2585.80000,2582.20000,2584.60000,72
2017-11-06 00:00:00+00:00,2584.40000,2591.00000,2577.40000,2589.60000,3202
2017-11-07 00:00:00+00:00,2589.40000,2594.80000,2581.20000,2582.00000,4081
2017-11-08 00:00:00+00:00,2582.00000,2593.40000,2581.40000,2592.40000,3273
2017-11-09 00:00:00+00:00,2592.20000,2595.60000,2564.40000,2582.80000,9579
2017-11-10 00:00:00+00:00,2582.60000,2586.60000,2572.40000,2579.60000,5568
2017-11-12 00:00:00+00:00,2581.80000,2584.80000,2580.80000,2584.60000,184
2017-11-13 00:00:00+00:00,2584.80000,2586.00000,2571.20000,2580.60000,4115
2017-11-14 00:00:00+00:00,2580.20000,2583.00000,2565.40000,2575.60000,4836
2017-11-15 00:00:00+00:00,2575.80000,2576.20000,2556.80000,2564.60000,7769
2017-11-16 00:00:00+00:00,2564.40000,2590.00000,2564.00000,2586.00000,4549
2017-11-17 00:00:00+00:00,2585.80000,2586.20000,2575.60000,2576.40000,5370
2017-11-19 00:00:00+00:00,2577.20000,2579.00000,2574.20000,2577.00000,276
2017-11-20 00:00:00+00:00,2576.80000,2584.20000,2568.20000,2581.40000,5389
2017-11-21 00:00:00+00:00,2581.20000,2600.80000,2580.00000,2597.00000,4260
2017-11-22 00:00:00+00:00,2596.80000,2600.40000,2593.40000,2594.80000,3710
2017-11-23 00:00:00+00:00,2594.40000,2598.40000,2590.00000,2595.80000,2173
2017-11-24 00:00:00+00:00,2596.00000,2603.40000,2595.40000,2601.40000,2811
2017-11-26 00:00:00+00:00,2601.80000,2603.80000,2601.60000,2602.80000,122
2017-11-27 00:00:00+00:00,2602.60000,2605.60000,2597.20000,2600.20000,3837
2017-11-28 00:00:00+00:00,2600.40000,2627.40000,2598.00000,2625.00000,5241
2017-11-29 00:00:00+00:00,2625.00000,2634.60000,2620.00000,2624.40000,7590
2017-11-30 00:00:00+00:00,2624.60000,2658.40000,2622.20000,2641.80000,3544
2017-12-01 00:00:00+00:00,2642.40000,2650.60000,2605.40000,2642.80000,13148
2017-12-03 00:00:00+00:00,2658.60000,2663.20000,2656.00000,2658.80000,309
2017-12-04 00:00:00+00:00,2659.20000,2665.40000,2634.20000,2638.40000,8891
2017-12-05 00:00:00+00:00,2638.00000,2648.80000,2627.80000,2629.80000,10487
2017-12-06 00:00:00+00:00,2630.00000,2634.60000,2620.60000,2632.00000,10158
2017-12-07 00:00:00+00:00,2632.40000,2641.40000,2626.80000,2641.20000,6408
2017-12-08 00:00:00+00:00,2641.00000,2652.60000,2638.00000,2652.00000,4368
2017-12-10 00:00:00+00:00,2652.80000,2654.60000,2651.80000,2653.40000,150
2017-12-11 00:00:00+00:00,2653.40000,2664.60000,2649.40000,2662.40000,4137
2017-12-12 00:00:00+00:00,2662.60000,2670.40000,2660.40000,2662.00000,4235
2017-12-13 00:00:00+00:00,2662.40000,2672.60000,2656.60000,2666.60000,5424
2017-12-14 00:00:00+00:00,2666.80000,2670.60000,2649.00000,2651.60000,5130
2017-12-15 00:00:00+00:00,2651.20000,2680.20000,2650.40000,2680.00000,5095
2017-12-17 00:00:00+00:00,2679.80000,2683.80000,2679.80000,2683.40000,177
2017-12-18 00:00:00+00:00,2683.60000,2695.40000,2681.80000,2693.00000,4147
2017-12-19 00:00:00+00:00,2693.20000,2695.60000,2680.40000,2685.40000,3876
2017-12-20 00:00:00+00:00,2685.60000,2692.80000,2677.00000,2680.60000,4781
2017-12-21 00:00:00+00:00,2680.80000,2693.60000,2678.60000,2687.00000,3727
2017-12-22 00:00:00+00:00,2687.40000,2689.00000,2680.00000,2683.80000,2528
2017-12-25 00:00:00+00:00,2684.60000,2687.00000,2684.60000,2686.00000,172
2017-12-26 00:00:00+00:00,2686.20000,2686.40000,2681.40000,2685.60000,1736
2017-12-27 00:00:00+00:00,2685.40000,2688.60000,2679.40000,2683.60000,2399
2017-12-28 00:00:00+00:00,2683.40000,2686.40000,2680.80000,2684.00000,1536
2017-12-29 00:00:00+00:00,2684.40000,2695.80000,2665.60000,2666.00000,3143
2018-01-01 00:00:00+00:00,2672.60000,2678.40000,2672.60000,2678.40000,125
2018-01-02 00:00:00+00:00,2678.60000,2693.60000,2673.20000,2691.40000,3918
2018-01-03 00:00:00+00:00,2691.40000,2712.20000,2691.40000,2708.40000,2763
2018-01-04 00:00:00+00:00,2708.60000,2726.80000,2706.80000,2723.60000,2996
2018-01-05 00:00:00+00:00,2723.60000,2741.20000,2721.80000,2740.20000,3444
2018-01-07 00:00:00+00:00,2740.20000,2745.60000,2740.20000,2743.80000,192
2018-01-08 00:00:00+00:00,2743.60000,2746.40000,2734.80000,2746.00000,2697
2018-01-09 00:00:00+00:00,2745.60000,2757.80000,2741.00000,2749.40000,3307
2018-01-10 00:00:00+00:00,2749.20000,2749.80000,2734.60000,2748.60000,5706
2018-01-11 00:00:00+00:00,2748.40000,2768.60000,2745.80000,2767.00000,2990
2018-01-12 00:00:00+00:00,2766.60000,2788.00000,2765.40000,2787.60000,3984
2018-01-14 00:00:00+00:00,2790.00000,2794.00000,2789.80000,2794.00000,218
2018-01-15 00:00:00+00:00,2793.60000,2795.60000,2789.20000,2792.20000,1938
2018-01-16 00:00:00+00:00,2792.40000,2807.00000,2767.80000,2779.40000,7153
2018-01-17 00:00:00+00:00,2779.80000,2807.60000,2778.60000,2804.60000,6638
2018-01-18 00:00:00+00:00,2804.40000,2806.20000,2792.40000,2797.20000,7221
2018-01-19 00:00:00+00:00,2797.00000,2813.20000,2790.20000,2811.20000,5166
2018-01-21 00:00:00+00:00,2803.40000,2807.40000,2800.40000,2805.80000,385
2018-01-22 00:00:00+00:00,2806.00000,2836.40000,2804.20000,2833.20000,3869
2018-01-23 00:00:00+00:00,2833.00000,2843.00000,2827.20000,2837.20000,5749
2018-01-24 00:00:00+00:00,2837.00000,2853.40000,2824.00000,2835.60000,8982
2018-01-25 00:00:00+00:00,2835.40000,2852.00000,2829.40000,2841.60000,8388
2018-01-26 00:00:00+00:00,2841.80000,2874.20000,2840.60000,2873.00000,5628
2018-01-28 00:00:00+00:00,2872.40000,2875.40000,2872.00000,2875.00000,252
2018-01-29 00:00:00+00:00,2875.20000,2876.60000,2850.00000,2855.20000,11061
2018-01-30 00:00:00+00:00,2855.20000,2856.00000,2817.00000,2822.60000,21844
2018-01-31 00:00:00+00:00,2823.00000,2838.20000,2811.60000,2830.00000,19603
2018-02-01 00:00:00+00:00,2830.40000,2835.80000,2808.20000,2826.00000,21776
2018-02-02 00:00:00+00:00,2826.00000,2827.00000,2753.80000,2755.80000,37496
2018-02-04 00:00:00+00:00,2755.00000,2755.00000,2731.60000,2739.40000,5350
2018-02-05 00:00:00+00:00,2739.20000,2761.40000,2594.40000,2618.80000,149883
2018-02-06 00:00:00+00:00,2618.80000,2698.20000,2528.20000,2686.40000,409853
2018-02-07 00:00:00+00:00,2686.20000,2725.40000,2644.20000,2646.00000,150418
2018-02-08 00:00:00+00:00,2645.80000,2685.00000,2575.80000,2587.20000,197417
2018-02-09 00:00:00+00:00,2587.20000,2636.40000,2529.20000,2620.40000,258505
2018-02-11 00:00:00+00:00,2624.00000,2633.20000,2622.00000,2633.00000,2965
2018-02-12 00:00:00+00:00,2633.20000,2670.60000,2619.20000,2651.00000,95644
2018-02-13 00:00:00+00:00,2651.00000,2666.40000,2633.80000,2663.80000,61249
2018-02-14 00:00:00+00:00,2663.80000,2700.60000,2626.20000,2694.60000,75841
2018-02-15 00:00:00+00:00,2694.40000,2736.80000,2687.80000,2735.80000,49442
2018-02-16 00:00:00+00:00,2735.40000,2753.80000,2721.40000,2735.60000,52893
2018-02-18 00:00:00+00:00,2735.00000,2740.00000,2735.00000,2739.60000,843
2018-02-19 00:00:00+00:00,2739.40000,2746.80000,2719.00000,2730.20000,14366
2018-02-20 00:00:00+00:00,2730.20000,2737.00000,2705.20000,2718.20000,53723
2018-02-21 00:00:00+00:00,2718.20000,2747.00000,2689.60000,2690.80000,54351
2018-02-22 00:00:00+00:00,2690.60000,2730.20000,2681.60000,2712.40000,52636
2018-02-23 00:00:00+00:00,2712.20000,2749.60000,2709.40000,2745.40000,41599
2018-02-25 00:00:00+00:00,2751.00000,2754.20000,2749.00000,2751.60000,717
2018-02-26 00:00:00+00:00,2751.80000,2785.20000,2742.20000,2783.40000,26962
2018-02-27 00:00:00+00:00,2783.20000,2789.00000,2741.60000,2752.20000,56277
2018-02-28 00:00:00+00:00,2752.20000,2761.20000,2711.80000,2718.60000,59015
2018-03-01 00:00:00+00:00,2718.40000,2730.40000,2658.20000,2680.40000,126724
2018-03-02 00:00:00+00:00,2680.60000,2695.60000,2647.00000,2690.00000,99072
2018-03-04 00:00:00+00:00,2683.20000,2684.60000,2674.40000,2680.80000,1932
2018-03-05 00:00:00+00:00,2681.20000,2727.40000,2663.60000,2718.00000,61742
2018-03-06 00:00:00+00:00,2717.60000,2734.20000,2690.20000,2692.80000,52510
2018-03-07 00:00:00+00:00,2692.80000,2730.00000,2681.20000,2722.20000,45544
2018-03-08 00:00:00+00:00,2722.00000,2742.40000,2720.00000,2738.60000,34271
2018-03-09 00:00:00+00:00,2738.20000,2786.80000,2730.50000,2783.40000,34017
2018-03-11 00:00:00+00:00,2784.60000,2793.40000,2784.40000,2790.80000,885
2018-03-12 00:00:00+00:00,2791.00000,2800.40000,2778.80000,2782.60000,24761
2018-03-13 00:00:00+00:00,2782.60000,2802.40000,2758.20000,2763.80000,47962
2018-03-14 00:00:00+00:00,2764.20000,2779.40000,2743.40000,2751.60000,44433
2018-03-15 00:00:00+00:00,2751.40000,2762.40000,2740.20000,2753.60000,37311
2018-03-16 00:00:00+00:00,2753.80000,2761.20000,2745.40000,2750.60000,26008
2018-03-18 00:00:00+00:00,2749.40000,2749.60000,2746.20000,2748.60000,1252
2018-03-19 00:00:00+00:00,2748.80000,2750.80000,2692.40000,2713.40000,47185
2018-03-20 00:00:00+00:00,2713.80000,2724.40000,2708.40000,2717.40000,30841
2018-03-21 00:00:00+00:00,2717.60000,2738.80000,2707.80000,2713.80000,45060
2018-03-22 00:00:00+00:00,2713.80000,2721.60000,2622.00000,2624.20000,80483
2018-03-23 00:00:00+00:00,2623.80000,2654.00000,2581.40000,2591.80000,105217
2018-03-25 00:00:00+00:00,2590.40000,2601.20000,2586.40000,2599.80000,4447
2018-03-26 00:00:00+00:00,2599.40000,2658.60000,2597.20000,2657.80000,71513
2018-03-27 00:00:00+00:00,2658.00000,2675.00000,2591.60000,2611.20000,81672
2018-03-28 00:00:00+00:00,2611.20000,2629.00000,2588.60000,2607.00000,146547
2018-03-29 00:00:00+00:00,2607.00000,2655.00000,2596.60000,2632.20000,70503
2018-04-01 00:00:00+00:00,2629.00000,2637.00000,2627.00000,2631.60000,2280
2018-04-02 00:00:00+00:00,2631.60000,2637.00000,2547.60000,2579.20000,109422
2018-04-03 00:00:00+00:00,2579.20000,2614.20000,2569.20000,2604.60000,82153
2018-04-04 00:00:00+00:00,2604.80000,2648.40000,2555.20000,2647.40000,104687
2018-04-05 00:00:00+00:00,2647.40000,2668.00000,2615.60000,2627.00000,69305
2018-04-06 00:00:00+00:00,2626.80000,2652.40000,2580.40000,2600.60000,118784
2018-04-08 00:00:00+00:00,2607.20000,2612.60000,2605.20000,2610.20000,2488
2018-04-09 00:00:00+00:00,2610.00000,2649.80000,2605.80000,2611.80000,59873
2018-04-10 00:00:00+00:00,2611.80000,2662.20000,2608.60000,2644.60000,95608
2018-04-11 00:00:00+00:00,2644.60000,2657.20000,2622.20000,2643.20000,61913
2018-04-12 00:00:00+00:00,2643.00000,2671.20000,2635.80000,2653.00000,47439
2018-04-13 00:00:00+00:00,2652.80000,2676.40000,2641.00000,2655.40000,36705
2018-04-15 00:00:00+00:00,2670.80000,2673.60000,2668.00000,2670.20000,2666
2018-04-16 00:00:00+00:00,2669.80000,2683.40000,2657.00000,2677.60000,34970
2018-04-17 00:00:00+00:00,2677.60000,2710.20000,2677.40000,2703.60000,29350
2018-04-18 00:00:00+00:00,2703.60000,2714.80000,2700.40000,2709.20000,20892
2018-04-19 00:00:00+00:00,2709.20000,2709.60000,2678.40000,2689.40000,25971
2018-04-20 00:00:00+00:00,2689.60000,2694.60000,2656.40000,2667.40000,33969
2018-04-22 00:00:00+00:00,2677.00000,2679.80000,2669.60000,2674.00000,1849
2018-04-23 00:00:00+00:00,2674.00000,2679.60000,2654.00000,2672.00000,30007
2018-04-24 00:00:00+00:00,2671.80000,2685.40000,2612.80000,2634.80000,52014
2018-04-25 00:00:00+00:00,2634.40000,2651.00000,2608.00000,2647.20000,54487
2018-04-26 00:00:00+00:00,2647.60000,2674.20000,2636.20000,2668.40000,28348
2018-04-27 00:00:00+00:00,2668.60000,2672.80000,2654.60000,2668.20000,32224
2018-04-29 00:00:00+00:00,2667.20000,2675.80000,2666.80000,2669.80000,1406
2018-04-30 00:00:00+00:00,2669.80000,2678.80000,2638.20000,2645.20000,25961
2018-05-01 00:00:00+00:00,2644.90000,2654.60000,2619.80000,2652.80000,31365
2018-05-02 00:00:00+00:00,2652.80000,2655.40000,2621.00000,2625.20000,35851
2018-05-03 00:00:00+00:00,2625.00000,2632.80000,2588.00000,2623.40000,51368
2018-05-04 00:00:00+00:00,2623.80000,2666.20000,2609.20000,2660.00000,32943
2018-05-06 00:00:00+00:00,2659.20000,2669.80000,2658.20000,2666.20000,1215
2018-05-07 00:00:00+00:00,2666.20000,2678.20000,2659.20000,2664.00000,22724
2018-05-08 00:00:00+00:00,2664.20000,2671.40000,2649.40000,2665.00000,31851
2018-05-09 00:00:00+00:00,2664.80000,2697.20000,2663.80000,2693.00000,22864
2018-05-10 00:00:00+00:00,2693.20000,2722.00000,2691.80000,2717.60000,20314
2018-05-11 00:00:00+00:00,2717.60000,2729.80000,2714.00000,2725.80000,19010
2018-05-13 00:00:00+00:00,2728.40000,2734.20000,2727.80000,2733.60000,867
2018-05-14 00:00:00+00:00,2733.60000,2738.60000,2722.00000,2727.40000,13605
2018-05-15 00:00:00+00:00,2727.60000,2728.60000,2698.40000,2704.40000,34606
2018-05-16 00:00:00+00:00,2704.40000,2725.60000,2702.40000,2722.60000,17428
2018-05-17 00:00:00+00:00,2722.40000,2730.40000,2709.00000,2720.60000,19435
2018-05-18 00:00:00+00:00,2720.80000,2725.00000,2707.40000,2710.80000,20089
2018-05-20 00:00:00+00:00,2729.60000,2734.60000,2727.00000,2728.60000,1754
2018-05-21 00:00:00+00:00,2728.60000,2737.60000,2723.00000,2729.80000,13011
2018-05-22 00:00:00+00:00,2729.80000,2740.20000,2720.20000,2723.00000,11715
2018-05-23 00:00:00+00:00,2723.00000,2731.40000,2703.20000,2726.80000,23485
2018-05-24 00:00:00+00:00,2726.60000,2732.00000,2704.40000,2728.20000,19479
2018-05-25 00:00:00+00:00,2728.40000,2736.00000,2712.40000,2719.80000,17616
2018-05-27 00:00:00+00:00,2728.00000,2728.60000,2725.00000,2728.20000,995
2018-05-28 00:00:00+00:00,2728.20000,2730.60000,2717.20000,2721.00000,10347
2018-05-29 00:00:00+00:00,2720.80000,2721.60000,2674.20000,2687.00000,40269
2018-05-30 00:00:00+00:00,2686.80000,2728.20000,2684.80000,2719.20000,21576
2018-05-31 00:00:00+00:00,2719.60000,2727.40000,2698.80000,2707.20000,25658
2018-06-01 00:00:00+00:00,2707.80000,2736.00000,2706.40000,2734.00000,16402
2018-06-03 00:00:00+00:00,2729.00000,2733.20000,2728.40000,2733.20000,741
2018-06-04 00:00:00+00:00,2733.20000,2748.60000,2732.60000,2745.20000,12477
2018-06-05 00:00:00+00:00,2745.20000,2752.60000,2738.60000,2750.80000,10475
2018-06-06 00:00:00+00:00,2751.00000,2774.20000,2747.80000,2770.80000,9622
2018-06-07 00:00:00+00:00,2771.00000,2779.20000,2759.80000,2772.20000,13877
2018-06-08 00:00:00+00:00,2772.60000,2779.60000,2751.80000,2779.00000,24787
2018-06-10 00:00:00+00:00,2771.80000,2774.00000,2770.60000,2773.40000,607
2018-06-11 00:00:00+00:00,2773.60000,2790.40000,2773.60000,2785.40000,15155
2018-06-12 00:00:00+00:00,2785.20000,2789.80000,2778.40000,2788.60000,24221
2018-06-13 00:00:00+00:00,2788.40000,2791.60000,2774.60000,2776.80000,13557
2018-06-14 00:00:00+00:00,2776.80000,2789.80000,2768.00000,2783.60000,11320
2018-06-15 00:00:00+00:00,2783.60000,2784.40000,2761.80000,2777.20000,15530
2018-06-17 00:00:00+00:00,2775.80000,2783.00000,2775.60000,2779.40000,933
2018-06-18 00:00:00+00:00,2779.40000,2779.40000,2757.80000,2761.40000,11535
2018-06-19 00:00:00+00:00,2761.80000,2765.20000,2732.40000,2763.80000,23113
2018-06-20 00:00:00+00:00,2763.80000,2774.80000,2753.60000,2770.60000,14020
2018-06-21 00:00:00+00:00,2770.20000,2781.60000,2743.60000,2748.80000,19491
2018-06-22 00:00:00+00:00,2749.00000,2764.80000,2748.60000,2753.40000,6740
2018-06-24 00:00:00+00:00,2753.40000,2754.40000,2749.20000,2754.40000,1172
2018-06-25 00:00:00+00:00,2754.20000,2754.20000,2697.20000,2717.20000,31646
2018-06-26 00:00:00+00:00,2717.40000,2731.80000,2711.40000,2725.40000,23002
2018-06-27 00:00:00+00:00,2725.80000,2744.40000,2697.60000,2705.60000,38541
2018-06-28 00:00:00+00:00,2705.80000,2722.80000,2690.00000,2718.00000,53929
2018-06-29 00:00:00+00:00,2718.40000,2742.00000,2713.60000,2717.60000,29749
2018-07-01 00:00:00+00:00,2720.40000,2721.80000,2709.40000,2719.40000,2063
2018-07-02 00:00:00+00:00,2719.60000,2725.00000,2695.40000,2724.00000,27470
2018-07-03 00:00:00+00:00,2724.00000,2738.00000,2707.60000,2709.60000,25552
2018-07-04 00:00:00+00:00,2709.80000,2721.00000,2709.00000,2716.40000,10265
2018-07-05 00:00:00+00:00,2716.80000,2736.40000,2709.40000,2730.20000,27948
2018-07-06 00:00:00+00:00,2730.00000,2763.40000,2728.00000,2759.80000,23564
2018-07-08 00:00:00+00:00,2760.40000,2763.80000,2760.40000,2762.80000,798
2018-07-09 00:00:00+00:00,2762.60000,2788.80000,2762.40000,2788.20000,12030
2018-07-10 00:00:00+00:00,2787.80000,2795.00000,2770.00000,2772.40000,17739
2018-07-11 00:00:00+00:00,2772.40000,2785.00000,2763.20000,2775.00000,25492
2018-07-12 00:00:00+00:00,2775.20000,2800.40000,2773.20000,2799.60000,14850
2018-07-13 00:00:00+00:00,2799.80000,2804.60000,2790.60000,2801.40000,10832
2018-07-15 00:00:00+00:00,2804.60000,2806.20000,2803.00000,2804.40000,731
2018-07-16 00:00:00+00:00,2804.60000,2806.20000,2791.60000,2795.20000,9734
2018-07-17 00:00:00+00:00,2795.00000,2813.20000,2787.20000,2812.20000,9991
2018-07-18 00:00:00+00:00,2812.00000,2815.40000,2804.20000,2813.40000,7505
2018-07-19 00:00:00+00:00,2813.20000,2815.20000,2797.80000,2803.80000,12011
2018-07-20 00:00:00+00:00,2803.80000,2808.00000,2790.40000,2800.80000,16296
2018-07-22 00:00:00+00:00,2803.00000,2803.00000,2800.10000,2800.10000,25
2018-07-23 00:00:00+00:00,2799.50000,2814.20000,2790.20000,2813.60000,11039
2018-07-24 00:00:00+00:00,2813.40000,2828.60000,2808.80000,2816.40000,11280
2018-07-25 00:00:00+00:00,2816.20000,2846.80000,2811.60000,2834.60000,12179
2018-07-26 00:00:00+00:00,2834.40000,2844.00000,2830.80000,2839.60000,10739
2018-07-27 00:00:00+00:00,2839.80000,2844.40000,2806.40000,2815.00000,15489
2018-07-29 00:00:00+00:00,2814.40000,2815.20000,2810.60000,2813.00000,498
2018-07-30 00:00:00+00:00,2813.20000,2819.20000,2796.20000,2803.60000,11541
2018-07-31 00:00:00+00:00,2803.60000,2825.20000,2800.40000,2815.60000,16421
2018-08-01 00:00:00+00:00,2816.20000,2823.20000,2803.40000,2811.40000,11574
2018-08-02 00:00:00+00:00,2811.40000,2828.80000,2788.80000,2826.80000,10364
2018-08-03 00:00:00+00:00,2826.40000,2839.00000,2822.40000,2838.60000,8770
2018-08-05 00:00:00+00:00,2839.80000,2839.80000,2837.40000,2837.80000,193
2018-08-06 00:00:00+00:00,2837.60000,2850.80000,2832.80000,2847.40000,6673
2018-08-07 00:00:00+00:00,2847.00000,2861.40000,2846.80000,2857.00000,5279
2018-08-08 00:00:00+00:00,2856.80000,2860.20000,2850.60000,2852.80000,4606
2018-08-09 00:00:00+00:00,2852.80000,2860.60000,2847.60000,2849.80000,4884
2018-08-10 00:00:00+00:00,2850.20000,2850.40000,2824.20000,2837.40000,12522
2018-08-12 00:00:00+00:00,2831.60000,2831.80000,2826.20000,2829.80000,1062
2018-08-13 00:00:00+00:00,2829.60000,2842.40000,2818.60000,2825.60000,15633
2018-08-14 00:00:00+00:00,2825.40000,2842.20000,2825.20000,2840.40000,11423
2018-08-15 00:00:00+00:00,2840.40000,2841.20000,2801.80000,2819.00000,18371
2018-08-16 00:00:00+00:00,2819.40000,2850.40000,2815.80000,2841.20000,11390
2018-08-17 00:00:00+00:00,2841.40000,2856.00000,2834.00000,2852.20000,12269
2018-08-19 00:00:00+00:00,2852.00000,2854.00000,2851.40000,2851.80000,186
2018-08-20 00:00:00+00:00,2852.20000,2859.80000,2849.20000,2855.20000,3726
2018-08-21 00:00:00+00:00,2854.80000,2873.00000,2845.80000,2846.40000,3825
2018-08-22 00:00:00+00:00,2846.80000,2867.20000,2845.40000,2861.60000,4249
2018-08-23 00:00:00+00:00,2861.20000,2868.80000,2854.00000,2856.20000,4318
2018-08-24 00:00:00+00:00,2856.00000,2876.60000,2855.40000,2875.80000,3896
2018-08-26 00:00:00+00:00,2877.00000,2881.60000,2876.40000,2881.40000,109
2018-08-27 00:00:00+00:00,2881.40000,2900.20000,2880.60000,2900.00000,3143
2018-08-28 00:00:00+00:00,2900.00000,2905.40000,2893.60000,2901.00000,3517
2018-08-29 00:00:00+00:00,2900.60000,2916.60000,2897.20000,2914.20000,4029
2018-08-30 00:00:00+00:00,2913.60000,2914.40000,2895.20000,2897.00000,5942
2018-08-31 00:00:00+00:00,2897.20000,2906.60000,2891.20000,2905.80000,5792
2018-09-02 00:00:00+00:00,2905.80000,2906.40000,2904.40000,2906.00000,142
2018-09-03 00:00:00+00:00,2905.60000,2911.40000,2901.60000,2906.20000,1647
2018-09-04 00:00:00+00:00,2905.80000,2911.20000,2885.60000,2897.20000,7534
2018-09-05 00:00:00+00:00,2897.20000,2900.00000,2877.40000,2885.60000,9590
2018-09-06 00:00:00+00:00,2886.00000,2892.60000,2867.60000,2877.20000,14815
2018-09-07 00:00:00+00:00,2877.60000,2884.80000,2865.00000,2872.80000,20314
2018-09-09 00:00:00+00:00,2873.80000,2876.80000,2873.20000,2875.00000,567
2018-09-10 00:00:00+00:00,2875.20000,2888.20000,2875.00000,2880.80000,10572
2018-09-11 00:00:00+00:00,2880.60000,2892.80000,2867.40000,2890.60000,11956
2018-09-12 00:00:00+00:00,2890.60000,2895.20000,2879.80000,2887.40000,13946
2018-09-13 00:00:00+00:00,2887.20000,2907.00000,2884.60000,2905.20000,11178
2018-09-14 00:00:00+00:00,2905.40000,2912.20000,2896.80000,2906.20000,18984
2018-09-16 00:00:00+00:00,2902.80000,2903.20000,2899.20000,2900.40000,609
2018-09-17 00:00:00+00:00,2900.20000,2906.20000,2878.40000,2879.60000,12472
2018-09-18 00:00:00+00:00,2879.40000,2912.60000,2879.40000,2907.60000,14860
2018-09-19 00:00:00+00:00,2907.40000,2913.80000,2901.00000,2912.80000,6722
2018-09-20 00:00:00+00:00,2912.60000,2936.20000,2908.60000,2935.80000,6904
2018-09-21 00:00:00+00:00,2935.60000,2942.00000,2927.20000,2927.40000,6720
2018-09-23 00:00:00+00:00,2925.00000,2925.00000,2920.00000,2923.20000,737
2018-09-24 00:00:00+00:00,2923.20000,2925.40000,2912.80000,2920.80000,6956
2018-09-25 00:00:00+00:00,2920.40000,2929.20000,2913.60000,2918.60000,5303
2018-09-26 00:00:00+00:00,2918.80000,2931.00000,2902.80000,2909.00000,6941
2018-09-27 00:00:00+00:00,2908.80000,2927.20000,2902.80000,2916.80000,6597
2018-09-28 00:00:00+00:00,2917.20000,2920.80000,2903.40000,2916.80000,7853
2018-09-30 00:00:00+00:00,2919.40000,2925.20000,2919.20000,2923.60000,736
2018-10-01 00:00:00+00:00,2923.80000,2937.40000,2918.40000,2924.80000,5887
2018-10-02 00:00:00+00:00,2924.60000,2931.40000,2913.20000,2924.00000,8454
2018-10-03 00:00:00+00:00,2924.00000,2940.20000,2919.20000,2920.20000,9066
2018-10-04 00:00:00+00:00,2920.60000,2921.00000,2883.40000,2905.80000,16389
2018-10-05 00:00:00+00:00,2906.00000,2911.20000,2869.00000,2890.80000,23122
2018-10-07 00:00:00+00:00,2893.20000,2893.80000,2884.00000,2887.00000,1685
2018-10-08 00:00:00+00:00,2886.60000,2893.20000,2861.80000,2886.80000,23560
2018-10-09 00:00:00+00:00,2886.60000,2895.80000,2870.40000,2885.00000,20929
2018-10-10 00:00:00+00:00,2885.20000,2887.40000,2767.80000,2773.60000,45292
2018-10-11 00:00:00+00:00,2773.20000,2794.60000,2708.80000,2753.80000,134291
2018-10-12 00:00:00+00:00,2753.60000,2781.00000,2728.60000,2768.60000,76617
2018-10-14 00:00:00+00:00,2765.40000,2765.80000,2752.80000,2763.80000,3999
2018-10-15 00:00:00+00:00,2763.60000,2774.80000,2741.60000,2751.60000,52988
2018-10-16 00:00:00+00:00,2751.60000,2814.60000,2749.40000,2813.00000,28604
2018-10-17 00:00:00+00:00,2812.80000,2820.60000,2779.60000,2803.80000,36648
2018-10-18 00:00:00+00:00,2803.80000,2809.00000,2753.00000,2768.20000,47564
2018-10-19 00:00:00+00:00,2768.60000,2796.40000,2758.80000,2764.20000,47161
2018-10-21 00:00:00+00:00,2754.00000,2758.80000,2749.80000,2754.80000,2918
2018-10-22 00:00:00+00:00,2754.80000,2778.40000,2746.20000,2748.60000,38517
2018-10-23 00:00:00+00:00,2748.80000,2751.20000,2688.80000,2742.80000,73090
2018-10-24 00:00:00+00:00,2742.60000,2746.40000,2648.80000,2660.40000,84981
2018-10-25 00:00:00+00:00,2660.60000,2720.00000,2660.20000,2673.20000,78405
2018-10-26 00:00:00+00:00,2673.20000,2688.80000,2624.00000,2659.20000,128967
2018-10-28 00:00:00+00:00,2664.20000,2678.60000,2663.00000,2670.80000,369
2018-10-29 00:00:00+00:00,2670.40000,2703.40000,2599.80000,2638.40000,81706
2018-10-30 00:00:00+00:00,2638.60000,2686.80000,2630.00000,2683.80000,109203
2018-10-31 00:00:00+00:00,2683.80000,2733.80000,2678.40000,2710.20000,59773
2018-11-01 00:00:00+00:00,2709.60000,2737.80000,2704.00000,2729.60000,52518
2018-11-02 00:00:00+00:00,2729.80000,2762.80000,2696.40000,2719.20000,80769
2018-11-04 00:00:00+00:00,2718.20000,2719.40000,2711.60000,2712.60000,1077
2018-11-05 00:00:00+00:00,2712.40000,2740.80000,2709.60000,2737.20000,45785
2018-11-06 00:00:00+00:00,2737.20000,2757.80000,2726.60000,2749.80000,35299
2018-11-07 00:00:00+00:00,2749.60000,2814.80000,2741.80000,2811.40000,52465
2018-11-08 00:00:00+00:00,2811.20000,2815.20000,2792.20000,2803.20000,30055
2018-11-09 00:00:00+00:00,2802.80000,2808.40000,2762.00000,2776.00000,43220
2018-11-11 00:00:00+00:00,2775.40000,2777.00000,2771.20000,2775.60000,1166
2018-11-12 00:00:00+00:00,2776.00000,2792.60000,2720.00000,2726.60000,41099
2018-11-13 00:00:00+00:00,2726.40000,2753.20000,2712.40000,2733.40000,58515
2018-11-14 00:00:00+00:00,2733.20000,2746.00000,2684.20000,2694.80000,82840
2018-11-15 00:00:00+00:00,2694.80000,2734.60000,2669.20000,2724.20000,99513
2018-11-16 00:00:00+00:00,2724.40000,2747.00000,2706.60000,2740.40000,66551
2018-11-18 00:00:00+00:00,2731.40000,2733.00000,2727.00000,2731.80000,997
2018-11-19 00:00:00+00:00,2731.60000,2746.40000,2680.00000,2690.20000,64044
2018-11-20 00:00:00+00:00,2690.00000,2692.60000,2630.20000,2635.00000,107885
2018-11-21 00:00:00+00:00,2635.20000,2669.60000,2634.60000,2650.00000,57572
2018-11-22 00:00:00+00:00,2649.80000,2654.60000,2625.60000,2639.80000,24049
2018-11-23 00:00:00+00:00,2639.80000,2645.80000,2624.80000,2627.80000,40995
2018-11-25 00:00:00+00:00,2630.60000,2637.60000,2630.20000,2636.60000,1241
2018-11-26 00:00:00+00:00,2636.60000,2674.40000,2634.60000,2660.00000,36973
2018-11-27 00:00:00+00:00,2660.00000,2687.20000,2653.80000,2684.20000,52633
2018-11-28 00:00:00+00:00,2683.80000,2743.20000,2679.60000,2738.00000,43957
2018-11-29 00:00:00+00:00,2738.20000,2753.40000,2722.00000,2739.00000,43758
2018-11-30 00:00:00+00:00,2738.80000,2763.60000,2727.80000,2762.80000,29075
2018-12-02 00:00:00+00:00,2795.00000,2808.40000,2794.80000,2802.20000,4565
2018-12-03 00:00:00+00:00,2802.20000,2812.60000,2772.60000,2785.20000,40641
2018-12-04 00:00:00+00:00,2785.20000,2786.40000,2695.00000,2708.00000,73957
2018-12-05 00:00:00+00:00,2708.20000,2719.60000,2649.00000,2683.20000,26419
2018-12-06 00:00:00+00:00,2683.20000,2698.00000,2620.40000,2694.80000,124123
2018-12-07 00:00:00+00:00,2694.40000,2709.00000,2622.80000,2636.00000,103767
2018-12-09 00:00:00+00:00,2627.20000,2629.00000,2609.80000,2614.00000,5114
2018-12-10 00:00:00+00:00,2614.20000,2647.80000,2582.60000,2636.60000,113790
2018-12-11 00:00:00+00:00,2637.00000,2677.40000,2620.80000,2638.40000,79847
2018-12-12 00:00:00+00:00,2638.40000,2685.80000,2633.80000,2657.80000,56611
2018-12-13 00:00:00+00:00,2658.20000,2670.40000,2636.80000,2645.60000,55351
2018-12-14 00:00:00+00:00,2645.60000,2648.20000,2594.00000,2596.40000,49033
2018-12-16 00:00:00+00:00,2593.40000,2605.40000,2593.40000,2604.60000,1222
2018-12-17 00:00:00+00:00,2604.60000,2613.40000,2530.80000,2559.60000,46108
2018-12-18 00:00:00+00:00,2559.60000,2574.80000,2528.20000,2540.80000,49725
2018-12-19 00:00:00+00:00,2541.20000,2587.40000,2488.40000,2509.20000,145749
2018-12-20 00:00:00+00:00,2509.20000,2516.60000,2443.00000,2481.40000,150371
2018-12-21 00:00:00+00:00,2481.20000,2506.40000,2408.20000,2419.80000,114565
2018-12-23 00:00:00+00:00,2404.60000,2420.80000,2400.20000,2415.80000,4340
2018-12-24 00:00:00+00:00,2415.80000,2433.00000,2339.40000,2340.60000,106881
2018-12-25 00:00:00+00:00,2347.00000,2347.80000,2315.60000,2344.40000,8716
2018-12-26 00:00:00+00:00,2344.60000,2476.40000,2323.80000,2461.00000,131219
2018-12-27 00:00:00+00:00,2461.20000,2497.00000,2396.00000,2481.60000,147472
2018-12-28 00:00:00+00:00,2481.40000,2521.00000,2471.60000,2486.40000,123261
2018-12-30 00:00:00+00:00,2501.00000,2506.00000,2496.70000,2499.40000,2348
2018-12-31 00:00:00+00:00,2499.60000,2511.60000,2481.60000,2507.00000,61591
2019-01-01 00:00:00+00:00,2505.60000,2519.60000,2505.60000,2515.80000,1350
2019-01-02 00:00:00+00:00,2516.00000,2519.80000,2451.40000,2473.60000,123889
2019-01-03 00:00:00+00:00,2473.80000,2492.00000,2442.20000,2448.40000,84048
2019-01-04 00:00:00+00:00,2448.20000,2538.00000,2437.40000,2528.60000,79767
2019-01-06 00:00:00+00:00,2533.20000,2537.80000,2531.60000,2537.00000,2007
2019-01-07 00:00:00+00:00,2537.00000,2566.20000,2522.80000,2549.80000,47876
2019-01-08 00:00:00+00:00,2550.00000,2579.80000,2546.60000,2576.00000,42248
2019-01-09 00:00:00+00:00,2576.00000,2595.60000,2568.20000,2576.60000,42934
2019-01-10 00:00:00+00:00,2576.80000,2598.20000,2559.60000,2589.80000,41272
2019-01-11 00:00:00+00:00,2590.00000,2596.60000,2576.40000,2594.40000,24205
2019-01-13 00:00:00+00:00,2590.20000,2590.20000,2582.20000,2582.40000,1820
2019-01-14 00:00:00+00:00,2582.60000,2588.60000,2566.60000,2582.20000,23780
2019-01-15 00:00:00+00:00,2581.80000,2612.60000,2579.40000,2609.80000,31386
2019-01-16 00:00:00+00:00,2610.20000,2625.20000,2601.80000,2610.80000,22628
2019-01-17 00:00:00+00:00,2610.60000,2644.40000,2595.40000,2632.60000,30427
2019-01-18 00:00:00+00:00,2632.60000,2676.40000,2631.80000,2675.60000,29139
2019-01-20 00:00:00+00:00,2672.00000,2672.00000,2666.60000,2667.40000,1023
2019-01-21 00:00:00+00:00,2667.00000,2668.40000,2655.00000,2662.20000,10655
2019-01-22 00:00:00+00:00,2662.40000,2665.20000,2615.80000,2629.80000,35781
2019-01-23 00:00:00+00:00,2629.80000,2652.80000,2612.00000,2632.40000,33803
2019-01-24 00:00:00+00:00,2632.20000,2646.40000,2625.20000,2637.00000,33842
2019-01-25 00:00:00+00:00,2637.20000,2671.40000,2635.20000,2664.80000,29902
2019-01-27 00:00:00+00:00,2660.20000,2662.40000,2657.00000,2658.00000,960
2019-01-28 00:00:00+00:00,2657.80000,2660.20000,2621.40000,2634.80000,33467
2019-01-29 00:00:00+00:00,2634.40000,2649.40000,2627.60000,2643.80000,25846
2019-01-30 00:00:00+00:00,2643.40000,2688.80000,2635.60000,2686.80000,30928
2019-01-31 00:00:00+00:00,2686.40000,2712.00000,2675.20000,2703.20000,29132
2019-02-01 00:00:00+00:00,2703.80000,2714.80000,2694.40000,2703.80000,30178
2019-02-03 00:00:00+00:00,2698.20000,2703.20000,2697.20000,2702.00000,936
2019-02-04 00:00:00+00:00,2702.20000,2724.00000,2696.00000,2718.80000,17498
2019-02-05 00:00:00+00:00,2718.60000,2736.80000,2715.60000,2731.00000,13971
2019-02-06 00:00:00+00:00,2730.60000,2735.60000,2721.60000,2727.60000,16374
2019-02-07 00:00:00+00:00,2728.00000,2728.40000,2684.80000,2696.80000,31109
2019-02-08 00:00:00+00:00,2696.80000,2708.20000,2680.20000,2707.40000,23880
2019-02-10 00:00:00+00:00,2711.00000,2711.80000,2705.60000,2705.60000,606
2019-02-11 00:00:00+00:00,2705.80000,2721.00000,2700.00000,2708.00000,19140
2019-02-12 00:00:00+00:00,2708.00000,2747.20000,2707.60000,2746.20000,15772
2019-02-13 00:00:00+00:00,2746.20000,2761.00000,2745.60000,2750.00000,15835
2019-02-14 00:00:00+00:00,2750.00000,2762.20000,2730.00000,2742.40000,26004
2019-02-15 00:00:00+00:00,2742.40000,2777.60000,2728.20000,2777.00000,22738
2019-02-17 00:00:00+00:00,2781.00000,2781.00000,2775.80000,2778.20000,858
2019-02-18 00:00:00+00:00,2777.80000,2779.60000,2772.80000,2775.20000,10761
2019-02-19 00:00:00+00:00,2775.40000,2786.60000,2765.60000,2778.20000,11794
2019-02-20 00:00:00+00:00,2777.80000,2790.20000,2772.80000,2785.40000,14304
2019-02-21 00:00:00+00:00,2785.60000,2797.40000,2763.80000,2774.20000,17705
2019-02-22 00:00:00+00:00,2774.00000,2795.00000,2770.40000,2795.00000,12354
2019-02-24 00:00:00+00:00,2799.00000,2802.80000,2797.40000,2800.20000,1010
2019-02-25 00:00:00+00:00,2800.20000,2813.20000,2791.60000,2793.80000,13303
2019-02-26 00:00:00+00:00,2794.00000,2803.00000,2783.00000,2788.60000,13723
2019-02-27 00:00:00+00:00,2788.80000,2796.60000,2774.80000,2794.20000,12788
2019-02-28 00:00:00+00:00,2793.80000,2794.00000,2781.60000,2785.00000,15001
2019-03-01 00:00:00+00:00,2785.00000,2808.00000,2784.80000,2806.40000,10960
2019-03-03 00:00:00+00:00,2813.00000,2819.20000,2811.60000,2817.00000,1004
2019-03-04 00:00:00+00:00,2817.00000,2818.00000,2767.00000,2790.40000,18644
2019-03-05 00:00:00+00:00,2790.60000,2798.40000,2783.20000,2786.20000,14713
2019-03-06 00:00:00+00:00,2786.40000,2792.20000,2766.40000,2768.00000,14189
2019-03-07 00:00:00+00:00,2767.60000,2776.00000,2738.60000,2751.00000,22216
2019-03-08 00:00:00+00:00,2751.20000,2751.20000,2722.00000,2748.60000,29246
2019-03-10 00:00:00+00:00,2743.60000,2748.00000,2742.60000,2743.60000,958
2019-03-11 00:00:00+00:00,2743.20000,2793.80000,2737.00000,2791.80000,11033
2019-03-12 00:00:00+00:00,2791.40000,2798.20000,2780.60000,2790.60000,14074
2019-03-13 00:00:00+00:00,2791.00000,2821.40000,2783.40000,2814.80000,13396
2019-03-14 00:00:00+00:00,2815.00000,2820.20000,2804.00000,2809.40000,13459
2019-03-15 00:00:00+00:00,2809.80000,2831.80000,2809.40000,2825.40000,12516
2019-03-17 00:00:00+00:00,2823.60000,2824.20000,2820.80000,2822.20000,450
2019-03-18 00:00:00+00:00,2822.40000,2838.60000,2819.60000,2837.20000,7064
2019-03-19 00:00:00+00:00,2836.80000,2854.20000,2824.40000,2830.60000,10072
2019-03-20 00:00:00+00:00,2830.20000,2844.80000,2813.00000,2824.20000,17584
2019-03-21 00:00:00+00:00,2824.60000,2861.40000,2809.40000,2857.40000,13668
2019-03-22 00:00:00+00:00,2857.80000,2860.20000,2801.00000,2803.00000,25928
2019-03-24 00:00:00+00:00,2809.80000,2813.80000,2804.80000,2806.60000,1565
2019-03-25 00:00:00+00:00,2807.00000,2810.80000,2785.40000,2806.00000,28348
2019-03-26 00:00:00+00:00,2805.80000,2830.60000,2804.40000,2818.40000,17509
2019-03-27 00:00:00+00:00,2818.80000,2827.40000,2787.80000,2802.20000,23843
2019-03-28 00:00:00+00:00,2802.00000,2824.40000,2791.00000,2822.60000,20774
2019-03-29 00:00:00+00:00,2822.80000,2836.80000,2818.00000,2835.60000,14010
2019-03-31 00:00:00+00:00,2842.20000,2849.20000,2841.80000,2848.20000,1355
2019-04-01 00:00:00+00:00,2848.40000,2869.20000,2848.00000,2867.60000,14013
2019-04-02 00:00:00+00:00,2867.80000,2869.60000,2858.40000,2862.80000,8873
2019-04-03 00:00:00+00:00,2862.80000,2885.20000,2861.60000,2874.40000,12070
2019-04-04 00:00:00+00:00,2874.60000,2881.80000,2867.20000,2877.40000,12483
2019-04-05 00:00:00+00:00,2877.20000,2894.20000,2876.80000,2894.00000,12136
2019-04-07 00:00:00+00:00,2894.20000,2895.60000,2892.40000,2894.00000,593
2019-04-08 00:00:00+00:00,2894.20000,2895.80000,2880.60000,2894.20000,10788
2019-04-09 00:00:00+00:00,2894.00000,2896.20000,2873.60000,2878.00000,8842
2019-04-10 00:00:00+00:00,2877.60000,2895.00000,2874.60000,2893.80000,9659
2019-04-11 00:00:00+00:00,2893.60000,2896.20000,2882.00000,2891.20000,9103
2019-04-12 00:00:00+00:00,2891.60000,2911.20000,2888.20000,2908.40000,8902
2019-04-14 00:00:00+00:00,2909.20000,2910.20000,2907.00000,2907.80000,867
2019-04-15 00:00:00+00:00,2907.80000,2911.00000,2897.40000,2906.80000,6346
2019-04-16 00:00:00+00:00,2907.20000,2917.60000,2901.60000,2906.80000,8121
2019-04-17 00:00:00+00:00,2907.00000,2920.00000,2895.40000,2900.20000,9561
2019-04-18 00:00:00+00:00,2899.80000,2908.40000,2886.40000,2907.60000,10830
2019-04-21 00:00:00+00:00,2905.00000,2912.40000,2905.00000,2908.80000,1124
2019-04-22 00:00:00+00:00,2908.40000,2911.80000,2895.80000,2909.60000,6972
2019-04-23 00:00:00+00:00,2909.60000,2936.60000,2905.00000,2935.80000,7319
2019-04-24 00:00:00+00:00,2936.00000,2936.60000,2924.80000,2929.00000,8900
2019-04-25 00:00:00+00:00,2928.80000,2932.60000,2911.40000,2920.00000,8839
2019-04-26 00:00:00+00:00,2920.20000,2939.60000,2914.60000,2936.20000,10492
2019-04-28 00:00:00+00:00,2936.80000,2939.20000,2936.60000,2937.40000,463
2019-04-29 00:00:00+00:00,2937.60000,2948.40000,2934.80000,2938.20000,5881
2019-04-30 00:00:00+00:00,2938.40000,2953.40000,2923.20000,2951.80000,9212
2019-05-01 00:00:00+00:00,2951.80000,2958.20000,2912.80000,2917.80000,14574
2019-05-02 00:00:00+00:00,2918.00000,2929.80000,2898.20000,2916.40000,15165
2019-05-03 00:00:00+00:00,2916.40000,2946.60000,2913.40000,2946.40000,9968
2019-05-05 00:00:00+00:00,2904.40000,2907.20000,2890.20000,2892.40000,3327
2019-05-06 00:00:00+00:00,2892.80000,2935.60000,2881.20000,2915.60000,14200
2019-05-07 00:00:00+00:00,2916.00000,2928.00000,2860.00000,2882.00000,19560
2019-05-08 00:00:00+00:00,2882.60000,2896.60000,2866.20000,2878.80000,21278
2019-05-09 00:00:00+00:00,2879.00000,2881.00000,2834.00000,2871.40000,22470
2019-05-10 00:00:00+00:00,2871.60000,2890.40000,2823.80000,2884.80000,35548
2019-05-12 00:00:00+00:00,2858.60000,2866.40000,2854.40000,2854.80000,1817
2019-05-13 00:00:00+00:00,2854.40000,2858.80000,2797.80000,2801.80000,27872
2019-05-14 00:00:00+00:00,2801.60000,2851.80000,2801.20000,2840.00000,14595
2019-05-15 00:00:00+00:00,2840.00000,2858.00000,2813.20000,2850.20000,18145
2019-05-16 00:00:00+00:00,2849.80000,2892.40000,2838.40000,2880.00000,12875
2019-05-17 00:00:00+00:00,2879.80000,2885.80000,2850.80000,2859.80000,20081
2019-05-19 00:00:00+00:00,2861.20000,2871.40000,2861.20000,2869.20000,577
2019-05-20 00:00:00+00:00,2869.80000,2875.20000,2831.40000,2848.20000,18533
2019-05-21 00:00:00+00:00,2848.80000,2869.40000,2845.00000,2866.00000,11419
2019-05-22 00:00:00+00:00,2865.60000,2868.40000,2847.00000,2853.00000,10704
2019-05-23 00:00:00+00:00,2853.40000,2854.00000,2804.60000,2822.20000,18018
2019-05-24 00:00:00+00:00,2822.40000,2840.60000,2819.80000,2830.00000,11004
2019-05-26 00:00:00+00:00,2830.40000,2833.60000,2828.00000,2829.60000,346
2019-05-27 00:00:00+00:00,2829.40000,2837.40000,2825.20000,2832.20000,5509
2019-05-28 00:00:00+00:00,2832.20000,2840.20000,2799.60000,2803.60000,26760
2019-05-29 00:00:00+00:00,2803.80000,2804.60000,2765.40000,2780.80000,30681
2019-05-30 00:00:00+00:00,2780.80000,2797.80000,2764.00000,2765.40000,22249
2019-05-31 00:00:00+00:00,2765.00000,2774.80000,2749.80000,2752.20000,33417
2019-06-02 00:00:00+00:00,2742.80000,2743.60000,2731.80000,2735.60000,3463
2019-06-03 00:00:00+00:00,2735.60000,2763.20000,2728.40000,2750.60000,45566
2019-06-04 00:00:00+00:00,2751.00000,2812.80000,2743.60000,2811.80000,30145
2019-06-05 00:00:00+00:00,2811.40000,2828.80000,2801.00000,2822.20000,23051
2019-06-06 00:00:00+00:00,2822.00000,2852.80000,2821.40000,2844.20000,12876
2019-06-07 00:00:00+00:00,2844.00000,2886.00000,2841.40000,2877.20000,11224
2019-06-09 00:00:00+00:00,2894.20000,2896.00000,2887.20000,2887.20000,938
2019-06-10 00:00:00+00:00,2886.80000,2905.60000,2880.60000,2886.80000,9360
2019-06-11 00:00:00+00:00,2886.60000,2911.40000,2879.40000,2885.60000,8964
2019-06-12 00:00:00+00:00,2885.20000,2890.80000,2875.60000,2885.40000,8518
2019-06-13 00:00:00+00:00,2885.60000,2896.40000,2867.40000,2891.20000,11466
2019-06-14 00:00:00+00:00,2891.40000,2898.60000,2880.40000,2891.80000,10410
2019-06-16 00:00:00+00:00,2891.40000,2897.60000,2891.00000,2895.60000,258
2019-06-17 00:00:00+00:00,2895.20000,2900.60000,2887.80000,2891.80000,5192
2019-06-18 00:00:00+00:00,2892.20000,2931.60000,2884.60000,2923.80000,12932
2019-06-19 00:00:00+00:00,2923.60000,2938.00000,2910.40000,2936.20000,12326
2019-06-20 00:00:00+00:00,2936.00000,2959.20000,2931.00000,2952.80000,10032
2019-06-21 00:00:00+00:00,2952.40000,2964.60000,2943.00000,2943.60000,10539
2019-06-23 00:00:00+00:00,2944.80000,2951.60000,2944.60000,2950.60000,399
2019-06-24 00:00:00+00:00,2950.80000,2956.80000,2944.20000,2947.60000,7475
2019-06-25 00:00:00+00:00,2947.80000,2953.40000,2912.60000,2916.00000,10584
2019-06-26 00:00:00+00:00,2915.60000,2934.20000,2909.60000,2914.00000,8377
2019-06-27 00:00:00+00:00,2914.40000,2932.40000,2913.00000,2931.00000,8023
2019-06-28 00:00:00+00:00,2931.40000,2950.60000,2925.40000,2949.00000,6108
2019-06-30 00:00:00+00:00,2965.20000,2972.80000,2964.00000,2966.80000,685
2019-07-01 00:00:00+00:00,2966.80000,2977.00000,2951.40000,2959.40000,7648
2019-07-02 00:00:00+00:00,2959.60000,2975.20000,2954.20000,2973.20000,6582
2019-07-03 00:00:00+00:00,2973.40000,2998.60000,2969.40000,2995.20000,4795
2019-07-04 00:00:00+00:00,2994.80000,2999.40000,2992.80000,2998.40000,2000
2019-07-05 00:00:00+00:00,2998.20000,2999.80000,2967.20000,2987.60000,9443
2019-07-07 00:00:00+00:00,2989.60000,2990.00000,2984.40000,2984.60000,207
2019-07-08 00:00:00+00:00,2984.40000,2985.00000,2969.20000,2971.60000,5926
2019-07-09 00:00:00+00:00,2971.40000,2982.00000,2959.40000,2977.80000,5797
2019-07-10 00:00:00+00:00,2977.80000,3003.80000,2967.20000,2993.40000,8252
2019-07-11 00:00:00+00:00,2993.00000,3002.80000,2988.40000,3001.40000,6618
2019-07-12 00:00:00+00:00,3001.80000,3013.80000,3001.00000,3010.20000,4702
2019-07-14 00:00:00+00:00,3010.60000,3012.80000,3009.00000,3009.20000,249
2019-07-15 00:00:00+00:00,3009.00000,3019.80000,3007.00000,3015.80000,4204
2019-07-16 00:00:00+00:00,3015.80000,3017.80000,3000.40000,3003.00000,4801
2019-07-17 00:00:00+00:00,3002.60000,3008.80000,2976.80000,2978.40000,5068
2019-07-18 00:00:00+00:00,2978.00000,3005.40000,2971.00000,2996.60000,7464
2019-07-19 00:00:00+00:00,2997.00000,3006.00000,2966.00000,2967.00000,8232
2019-07-21 00:00:00+00:00,2971.00000,2976.80000,2969.00000,2975.60000,326
2019-07-22 00:00:00+00:00,2975.80000,2989.60000,2970.60000,2985.80000,6645
2019-07-23 00:00:00+00:00,2986.00000,3004.80000,2984.20000,3002.00000,5576
2019-07-24 00:00:00+00:00,3001.60000,3018.60000,2992.80000,3017.60000,5264
2019-07-25 00:00:00+00:00,3017.40000,3024.20000,2994.60000,3005.20000,8572
2019-07-26 00:00:00+00:00,3005.40000,3025.60000,3004.40000,3019.60000,4477
2019-07-28 00:00:00+00:00,3020.20000,3022.40000,3019.60000,3020.00000,163
2019-07-29 00:00:00+00:00,3019.80000,3023.80000,3011.80000,3021.00000,4606
2019-07-30 00:00:00+00:00,3021.00000,3023.80000,2998.00000,3012.40000,9872
2019-07-31 00:00:00+00:00,3012.20000,3017.20000,2954.80000,2970.80000,19712
2019-08-01 00:00:00+00:00,2970.00000,3010.80000,2939.00000,2942.40000,29572
2019-08-02 00:00:00+00:00,2942.80000,2957.80000,2910.00000,2931.20000,29164
2019-08-04 00:00:00+00:00,2924.00000,2928.20000,2922.00000,2923.80000,662
2019-08-05 00:00:00+00:00,2923.40000,2930.00000,2772.80000,2778.40000,34996
2019-08-06 00:00:00+00:00,2778.60000,2880.40000,2776.40000,2866.00000,37595
2019-08-07 00:00:00+00:00,2866.40000,2888.00000,2820.00000,2871.20000,37682
2019-08-08 00:00:00+00:00,2871.40000,2937.40000,2867.40000,2931.00000,18745
2019-08-09 00:00:00+00:00,2931.20000,2932.40000,2896.40000,2920.60000,18843
2019-08-11 00:00:00+00:00,2920.00000,2923.60000,2910.60000,2911.40000,834
2019-08-12 00:00:00+00:00,2911.80000,2928.00000,2870.40000,2884.20000,18067
2019-08-13 00:00:00+00:00,2884.60000,2941.80000,2864.40000,2930.20000,30921
2019-08-14 00:00:00+00:00,2930.60000,2934.00000,2831.60000,2844.20000,31732
2019-08-15 00:00:00+00:00,2844.60000,2868.60000,2815.40000,2852.00000,44210
2019-08-16 00:00:00+00:00,2852.00000,2892.80000,2847.80000,2889.80000,15308
2019-08-18 00:00:00+00:00,2895.20000,2905.20000,2893.60000,2904.20000,954
2019-08-19 00:00:00+00:00,2903.80000,2930.40000,2899.00000,2916.80000,10377
2019-08-20 00:00:00+00:00,2916.60000,2930.40000,2891.40000,2897.20000,12133
2019-08-21 00:00:00+00:00,2897.40000,2937.00000,2897.20000,2933.40000,10164
2019-08-22 00:00:00+00:00,2933.20000,2938.00000,2902.60000,2920.40000,13753
2019-08-23 00:00:00+00:00,2920.20000,2935.00000,2832.60000,2849.60000,41614
2019-08-25 00:00:00+00:00,2826.60000,2826.60000,2808.80000,2822.80000,3300
2019-08-26 00:00:00+00:00,2823.00000,2886.60000,2820.00000,2874.80000,28329
2019-08-27 00:00:00+00:00,2874.80000,2897.80000,2859.00000,2872.80000,18530
2019-08-28 00:00:00+00:00,2872.40000,2889.00000,2850.40000,2883.20000,17386
2019-08-29 00:00:00+00:00,2883.20000,2929.20000,2874.20000,2922.20000,14372
2019-08-30 00:00:00+00:00,2922.40000,2945.20000,2912.00000,2922.20000,12400
2019-09-01 00:00:00+00:00,2893.70000,2908.60000,2893.70000,2907.80000,1168
2019-09-02 00:00:00+00:00,2907.80000,2925.00000,2888.00000,2901.60000,8301
2019-09-03 00:00:00+00:00,2901.80000,2914.20000,2889.80000,2901.60000,21166
2019-09-04 00:00:00+00:00,2901.80000,2938.40000,2901.80000,2937.40000,9706
2019-09-05 00:00:00+00:00,2937.00000,2985.60000,2936.80000,2976.40000,13101
2019-09-06 00:00:00+00:00,2976.20000,2987.20000,2971.40000,2982.20000,10307
2019-09-08 00:00:00+00:00,2982.00000,2984.60000,2981.00000,2981.00000,302
2019-09-09 00:00:00+00:00,2981.40000,2991.20000,2968.80000,2981.80000,7197
2019-09-10 00:00:00+00:00,2982.20000,2984.20000,2956.80000,2976.80000,10949
2019-09-11 00:00:00+00:00,2976.60000,3019.40000,2971.60000,3017.80000,10176
2019-09-12 00:00:00+00:00,3018.20000,3021.20000,3001.00000,3014.20000,16812
2019-09-13 00:00:00+00:00,3014.00000,3023.20000,3003.80000,3007.20000,7545
2019-09-15 00:00:00+00:00,2987.00000,2997.60000,2985.20000,2989.60000,1079
2019-09-16 00:00:00+00:00,2990.00000,3004.60000,2981.20000,3001.40000,9208
2019-09-17 00:00:00+00:00,3001.60000,3006.40000,2991.40000,3004.40000,7236
2019-09-18 00:00:00+00:00,3004.60000,3009.80000,2978.60000,3004.20000,10642
2019-09-19 00:00:00+00:00,3004.60000,3021.80000,2988.80000,3007.80000,7374
2019-09-20 00:00:00+00:00,3007.40000,3015.20000,2982.80000,2986.80000,10322
2019-09-22 00:00:00+00:00,2999.60000,3005.60000,2996.20000,3000.20000,745
2019-09-23 00:00:00+00:00,3000.20000,3009.80000,2979.60000,3005.20000,8608
2019-09-24 00:00:00+00:00,3005.80000,3007.20000,2956.20000,2973.20000,16471
2019-09-25 00:00:00+00:00,2973.60000,2989.20000,2951.40000,2982.80000,13037
2019-09-26 00:00:00+00:00,2982.40000,2992.80000,2962.20000,2976.00000,11278
2019-09-27 00:00:00+00:00,2975.40000,2990.20000,2944.00000,2966.00000,16188
2019-09-29 00:00:00+00:00,2975.80000,2977.80000,2963.60000,2968.80000,469
2019-09-30 00:00:00+00:00,2968.40000,2984.60000,2962.60000,2981.00000,9223
2019-10-01 00:00:00+00:00,2980.80000,2991.80000,2935.00000,2943.40000,14981
2019-10-02 00:00:00+00:00,2943.80000,2946.40000,2871.80000,2883.60000,18935
2019-10-03 00:00:00+00:00,2884.00000,2910.00000,2853.00000,2904.80000,23119
2019-10-04 00:00:00+00:00,2904.80000,2951.00000,2896.00000,2948.80000,14035
2019-10-06 00:00:00+00:00,2929.20000,2940.60000,2928.20000,2937.40000,654
2019-10-07 00:00:00+00:00,2937.80000,2957.20000,2931.80000,2934.80000,12748
2019-10-08 00:00:00+00:00,2934.40000,2947.60000,2886.20000,2889.80000,23256
2019-10-09 00:00:00+00:00,2890.00000,2932.40000,2879.80000,2897.60000,20786
2019-10-10 00:00:00+00:00,2897.40000,2955.40000,2884.80000,2944.80000,26861
2019-10-11 00:00:00+00:00,2944.60000,2992.00000,2940.00000,2969.00000,20243
2019-10-13 00:00:00+00:00,2967.20000,2979.80000,2966.80000,2979.80000,633
2019-10-14 00:00:00+00:00,2980.20000,2980.40000,2952.20000,2971.00000,10201
2019-10-15 00:00:00+00:00,2970.40000,3001.20000,2965.80000,2992.80000,9371
2019-10-16 00:00:00+00:00,2992.40000,2995.40000,2983.00000,2986.20000,10798
2019-10-17 00:00:00+00:00,2985.80000,3005.80000,2983.40000,2994.80000,10384
2019-10-18 00:00:00+00:00,2995.20000,2999.20000,2973.60000,2987.80000,9552
2019-10-20 00:00:00+00:00,2988.20000,2989.80000,2988.20000,2989.80000,9
2019-10-21 00:00:00+00:00,2990.00000,3005.80000,2988.00000,3003.60000,6237
2019-10-22 00:00:00+00:00,3003.40000,3012.00000,2986.60000,2988.80000,7629
2019-10-23 00:00:00+00:00,2989.00000,3007.80000,2980.40000,3004.60000,8460
2019-10-24 00:00:00+00:00,3004.40000,3013.40000,2997.20000,3000.00000,8174
2019-10-25 00:00:00+00:00,2999.60000,3024.60000,2998.60000,3018.40000,5763
2019-10-27 00:00:00+00:00,3022.40000,3024.00000,3021.00000,3022.60000,287
2019-10-28 00:00:00+00:00,3022.40000,3041.00000,3021.20000,3037.20000,5467
2019-10-29 00:00:00+00:00,3036.80000,3044.40000,3028.20000,3034.20000,6270
2019-10-30 00:00:00+00:00,3034.40000,3053.20000,3021.60000,3046.80000,9316
2019-10-31 00:00:00+00:00,3046.60000,3049.60000,3018.60000,3033.00000,12055
2019-11-01 00:00:00+00:00,3032.80000,3063.20000,3032.60000,3061.80000,7157
2019-11-03 00:00:00+00:00,3064.60000,3067.00000,3063.20000,3066.20000,239
2019-11-04 00:00:00+00:00,3066.00000,3083.80000,3065.20000,3081.00000,6330
2019-11-05 00:00:00+00:00,3080.80000,3083.20000,3068.20000,3070.80000,7423
2019-11-06 00:00:00+00:00,3070.20000,3076.40000,3061.60000,3072.80000,7034
2019-11-07 00:00:00+00:00,3072.40000,3095.40000,3068.80000,3085.20000,8429
2019-11-08 00:00:00+00:00,3085.60000,3090.80000,3071.40000,3090.40000,7229
2019-11-10 00:00:00+00:00,3090.00000,3090.80000,3087.60000,3087.60000,135
2019-11-11 00:00:00+00:00,3087.20000,3087.80000,3073.20000,3083.80000,6118
2019-11-12 00:00:00+00:00,3084.00000,3100.60000,3080.00000,3087.40000,8351
2019-11-13 00:00:00+00:00,3087.60000,3095.60000,3074.60000,3093.40000,10584
2019-11-14 00:00:00+00:00,3093.40000,3098.40000,3080.80000,3097.60000,10835
2019-11-15 00:00:00+00:00,3097.80000,3118.40000,3096.00000,3118.20000,8224
2019-11-17 00:00:00+00:00,3116.80000,3116.80000,3112.80000,3113.60000,403
2019-11-18 00:00:00+00:00,3113.60000,3126.60000,3110.40000,3118.60000,8321
2019-11-19 00:00:00+00:00,3119.00000,3131.40000,3109.80000,3110.80000,8438
2019-11-20 00:00:00+00:00,3111.00000,3117.60000,3090.00000,3100.80000,14118
2019-11-21 00:00:00+00:00,3101.20000,3113.60000,3090.40000,3100.60000,15612
2019-11-22 00:00:00+00:00,3100.80000,3113.60000,3097.00000,3111.00000,8809
2019-11-24 00:00:00+00:00,3118.00000,3119.00000,3116.00000,3118.40000,473
2019-11-25 00:00:00+00:00,3118.00000,3132.40000,3116.20000,3131.40000,5616
2019-11-26 00:00:00+00:00,3131.00000,3144.00000,3127.40000,3142.40000,8504
2019-11-27 00:00:00+00:00,3142.40000,3154.20000,3141.20000,3143.80000,5677
2019-11-28 00:00:00+00:00,3143.80000,3151.00000,3140.60000,3150.40000,3322
2019-11-29 00:00:00+00:00,3150.20000,3150.60000,3139.00000,3143.00000,5098
2019-12-01 00:00:00+00:00,3147.20000,3147.80000,3144.40000,3147.60000,344
2019-12-02 00:00:00+00:00,3147.40000,3157.80000,3109.00000,3112.40000,11633
2019-12-03 00:00:00+00:00,3112.40000,3122.00000,3069.80000,3094.40000,15850
2019-12-04 00:00:00+00:00,3095.00000,3119.40000,3082.00000,3109.00000,12493
2019-12-05 00:00:00+00:00,3109.20000,3124.00000,3102.80000,3118.00000,11289
2019-12-06 00:00:00+00:00,3118.60000,3150.40000,3118.60000,3145.80000,7211
2019-12-08 00:00:00+00:00,3147.10000,3147.20000,3146.20000,3146.20000,53
2019-12-09 00:00:00+00:00,3146.00000,3149.40000,3131.40000,3135.00000,5673
2019-12-10 00:00:00+00:00,3134.80000,3143.00000,3116.60000,3134.40000,10208
2019-12-11 00:00:00+00:00,3134.20000,3146.20000,3130.00000,3146.20000,8207
2019-12-12 00:00:00+00:00,3146.30000,3182.00000,3137.40000,3180.40000,15581
2019-12-13 00:00:00+00:00,3180.00000,3184.80000,3156.40000,3172.00000,17377
2019-12-15 00:00:00+00:00,3176.00000,3176.80000,3173.80000,3175.40000,432
2019-12-16 00:00:00+00:00,3175.30000,3198.60000,3175.30000,3190.80000,6802
2019-12-17 00:00:00+00:00,3191.00000,3199.20000,3188.00000,3194.40000,7806
2019-12-18 00:00:00+00:00,3194.60000,3203.00000,3192.40000,3199.00000,3846
2019-12-19 00:00:00+00:00,3198.80000,3214.00000,3194.60000,3212.80000,3620
2019-12-20 00:00:00+00:00,3212.80000,3229.20000,3208.40000,3224.40000,5223
2019-12-22 00:00:00+00:00,3225.60000,3229.40000,3225.60000,3228.60000,216
2019-12-23 00:00:00+00:00,3228.80000,3234.40000,3225.00000,3228.60000,3094
2019-12-24 00:00:00+00:00,3228.80000,3231.40000,3222.80000,3226.20000,1804
2019-12-25 00:00:00+00:00,3227.80000,3228.40000,3227.00000,3227.60000,135
2019-12-26 00:00:00+00:00,3227.80000,3244.80000,3227.40000,3243.40000,2259
2019-12-27 00:00:00+00:00,3243.60000,3253.80000,3235.60000,3236.30000,4860
2019-12-29 00:00:00+00:00,3239.40000,3241.60000,3238.60000,3241.40000,164
2019-12-30 00:00:00+00:00,3241.60000,3244.60000,3217.60000,3225.20000,7674
2019-12-31 00:00:00+00:00,3225.20000,3236.40000,3213.60000,3236.40000,6208
2020-01-01 00:00:00+00:00,3236.60000,3240.90000,3235.00000,3238.00000,378
2020-01-02 00:00:00+00:00,3238.20000,3263.40000,3236.00000,3261.40000,7535
2020-01-03 00:00:00+00:00,3261.20000,3262.80000,3207.20000,3235.60000,15838
2020-01-05 00:00:00+00:00,3221.20000,3224.80000,3217.60000,3224.60000,1006
2020-01-06 00:00:00+00:00,3224.80000,3250.40000,3209.80000,3243.40000,11420
2020-01-07 00:00:00+00:00,3243.40000,3255.00000,3197.00000,3204.20000,13489
2020-01-08 00:00:00+00:00,3204.40000,3268.20000,3182.00000,3262.00000,21295
2020-01-09 00:00:00+00:00,3262.40000,3279.80000,3258.20000,3279.60000,7383
2020-01-10 00:00:00+00:00,3279.40000,3288.00000,3262.00000,3264.80000,7788
2020-01-13 00:00:00+00:00,3275.00000,3295.60000,3270.00000,3295.40000,5733
2020-01-14 00:00:00+00:00,3295.20000,3297.80000,3276.80000,3280.40000,10999
2020-01-15 00:00:00+00:00,3280.60000,3301.00000,3279.40000,3298.40000,9151
2020-01-16 00:00:00+00:00,3298.60000,3324.90000,3296.20000,3321.20000,6789
2020-01-17 00:00:00+00:00,3321.20000,3331.80000,3318.40000,3325.20000,5182
2020-01-19 00:00:00+00:00,3326.20000,3330.00000,3325.20000,3330.00000,170
2020-01-20 00:00:00+00:00,3330.10000,3330.60000,3320.80000,3325.20000,1843
2020-01-21 00:00:00+00:00,3325.40000,3332.20000,3310.00000,3323.20000,7585
2020-01-22 00:00:00+00:00,3323.10000,3339.80000,3316.60000,3317.20000,4691
2020-01-23 00:00:00+00:00,3316.80000,3334.60000,3304.20000,3333.00000,6049
2020-01-24 00:00:00+00:00,3332.80000,3339.40000,3283.20000,3293.60000,6979
2020-01-26 00:00:00+00:00,3269.00000,3271.30000,3255.70000,3262.30000,2002
2020-01-27 00:00:00+00:00,3262.00000,3272.10000,3236.30000,3250.60000,15900
2020-01-28 00:00:00+00:00,3250.60000,3288.20000,3245.80000,3278.70000,11220
2020-01-29 00:00:00+00:00,3278.40000,3295.80000,3268.90000,3276.80000,10570
2020-01-30 00:00:00+00:00,3276.70000,3298.10000,3243.20000,3292.30000,19723
2020-01-31 00:00:00+00:00,3292.40000,3300.50000,3216.00000,3231.00000,17808
2020-02-02 00:00:00+00:00,3230.00000,3239.00000,3227.60000,3234.80000,1402
2020-02-03 00:00:00+00:00,3234.60000,3270.00000,3232.80000,3244.40000,13062
2020-02-04 00:00:00+00:00,3245.00000,3308.20000,3244.20000,3297.20000,8524
2020-02-05 00:00:00+00:00,3296.60000,3341.80000,3291.40000,3337.00000,11089
2020-02-06 00:00:00+00:00,3337.20000,3360.00000,3335.00000,3351.20000,8105
2020-02-07 00:00:00+00:00,3350.80000,3351.60000,3322.80000,3324.80000,9382
2020-02-09 00:00:00+00:00,3324.00000,3331.20000,3305.80000,3313.20000,1133
2020-02-10 00:00:00+00:00,3313.80000,3355.20000,3313.40000,3353.40000,7854
2020-02-11 00:00:00+00:00,3353.80000,3376.40000,3351.60000,3363.00000,5499
2020-02-12 00:00:00+00:00,3363.40000,3383.60000,3358.00000,3368.80000,5491
2020-02-13 00:00:00+00:00,3369.20000,3385.60000,3349.80000,3375.00000,7783
2020-02-14 00:00:00+00:00,3375.20000,3389.20000,3366.20000,3383.00000,4741
2020-02-16 00:00:00+00:00,3384.90000,3390.80000,3384.90000,3389.30000,408
2020-02-17 00:00:00+00:00,3389.00000,3393.80000,3373.50000,3377.20000,2889
2020-02-18 00:00:00+00:00,3377.40000,3378.80000,3356.40000,3378.80000,6335
2020-02-19 00:00:00+00:00,3379.10000,3394.40000,3373.40000,3392.60000,4082
2020-02-20 00:00:00+00:00,3392.60000,3398.20000,3340.20000,3356.90000,11271
2020-02-21 00:00:00+00:00,3356.80000,3366.40000,3329.40000,3339.10000,12152
2020-02-23 00:00:00+00:00,3308.20000,3312.70000,3290.90000,3299.20000,2055
2020-02-24 00:00:00+00:00,3299.70000,3304.70000,3215.00000,3241.00000,23330
2020-02-25 00:00:00+00:00,3240.80000,3260.70000,3119.00000,3153.20000,33347
2020-02-26 00:00:00+00:00,3153.00000,3183.40000,3092.70000,3104.60000,52233
2020-02-27 00:00:00+00:00,3104.40000,3108.60000,2936.60000,2968.20000,71915
2020-02-28 00:00:00+00:00,2968.80000,2996.70000,2854.60000,2989.40000,122031
2020-03-01 00:00:00+00:00,2915.40000,2929.40000,2891.40000,2920.70000,6008
2020-03-02 00:00:00+00:00,2920.80000,3094.60000,2905.70000,3086.40000,105727
2020-03-03 00:00:00+00:00,3086.20000,3138.30000,2975.10000,2992.60000,135060
2020-03-04 00:00:00+00:00,2992.30000,3130.40000,2991.20000,3108.60000,71611
2020-03-05 00:00:00+00:00,3108.60000,3109.80000,2998.60000,3027.70000,61160
2020-03-06 00:00:00+00:00,3028.00000,3038.30000,2899.90000,2964.40000,101396
2020-03-08 00:00:00+00:00,2915.00000,2915.00000,2820.70000,2824.20000,6212
2020-03-09 00:00:00+00:00,2824.00000,2840.50000,2697.10000,2798.00000,101770
2020-03-10 00:00:00+00:00,2797.40000,2886.20000,2730.80000,2828.40000,149964
2020-03-11 00:00:00+00:00,2828.80000,2840.70000,2704.60000,2734.20000,152227
2020-03-12 00:00:00+00:00,2734.50000,2743.80000,2419.50000,2440.80000,190049
2020-03-13 00:00:00+00:00,2440.80000,2707.30000,2394.60000,2663.80000,173018
2020-03-15 00:00:00+00:00,2640.40000,2652.40000,2564.20000,2567.40000,4368
2020-03-16 00:00:00+00:00,2380.00000,2562.40000,2362.60000,2443.80000,127941
2020-03-17 00:00:00+00:00,2444.40000,2554.60000,2365.60000,2419.70000,182778
2020-03-18 00:00:00+00:00,2419.80000,2467.90000,2271.00000,2452.00000,158003
2020-03-19 00:00:00+00:00,2451.60000,2465.00000,2283.40000,2363.00000,204995
2020-03-20 00:00:00+00:00,2362.60000,2506.00000,2267.20000,2274.50000,186016
2020-03-22 00:00:00+00:00,2224.60000,2225.40000,2181.10000,2181.10000,493
2020-03-23 00:00:00+00:00,2194.60000,2392.30000,2179.30000,2259.60000,197417
2020-03-24 00:00:00+00:00,2259.00000,2476.60000,2248.10000,2428.70000,149819
2020-03-25 00:00:00+00:00,2428.40000,2567.00000,2393.80000,2475.80000,187889
2020-03-26 00:00:00+00:00,2475.40000,2638.70000,2409.60000,2635.80000,166072
2020-03-27 00:00:00+00:00,2635.40000,2638.70000,2512.40000,2525.80000,134983
2020-03-29 00:00:00+00:00,2472.40000,2503.80000,2464.90000,2492.60000,12078
2020-03-30 00:00:00+00:00,2492.40000,2628.60000,2487.60000,2621.80000,115879
2020-03-31 00:00:00+00:00,2622.20000,2641.10000,2542.40000,2543.90000,89730
2020-04-01 00:00:00+00:00,2544.60000,2552.70000,2440.00000,2476.30000,91938
2020-04-02 00:00:00+00:00,2477.00000,2530.60000,2430.50000,2510.20000,91436
2020-04-03 00:00:00+00:00,2509.70000,2534.80000,2455.00000,2485.70000,67505
2020-04-05 00:00:00+00:00,2504.70000,2529.30000,2504.70000,2524.50000,6149
2020-04-06 00:00:00+00:00,2524.60000,2674.20000,2523.60000,2669.20000,61304
2020-04-07 00:00:00+00:00,2669.40000,2753.20000,2629.20000,2655.80000,86749
2020-04-08 00:00:00+00:00,2655.70000,2757.20000,2626.20000,2752.20000,78900
2020-04-09 00:00:00+00:00,2752.50000,2814.20000,2706.70000,2789.50000,77624
2020-04-12 00:00:00+00:00,2812.00000,2813.20000,2725.40000,2749.40000,10636
2020-04-13 00:00:00+00:00,2749.60000,2784.70000,2716.80000,2773.20000,53467
2020-04-14 00:00:00+00:00,2773.50000,2850.40000,2758.00000,2837.50000,51917
2020-04-15 00:00:00+00:00,2837.40000,2840.00000,2756.60000,2759.60000,54519
2020-04-16 00:00:00+00:00,2759.70000,2890.60000,2753.40000,2875.40000,67190
2020-04-17 00:00:00+00:00,2875.10000,2889.60000,2826.80000,2873.90000,61434
2020-04-19 00:00:00+00:00,2864.20000,2866.70000,2848.20000,2854.20000,4739
2020-04-20 00:00:00+00:00,2854.40000,2881.00000,2811.00000,2823.40000,51674
2020-04-21 00:00:00+00:00,2823.10000,2839.00000,2723.40000,2748.00000,76759
2020-04-22 00:00:00+00:00,2747.80000,2813.30000,2724.30000,2785.40000,56236
2020-04-23 00:00:00+00:00,2785.40000,2842.60000,2770.70000,2776.50000,54350
2020-04-24 00:00:00+00:00,2776.60000,2841.00000,2761.60000,2834.80000,42338
2020-04-26 00:00:00+00:00,2844.80000,2848.80000,2820.10000,2826.10000,3490
2020-04-27 00:00:00+00:00,2826.60000,2887.80000,2821.40000,2874.60000,33110
2020-04-28 00:00:00+00:00,2874.50000,2920.50000,2858.20000,2879.00000,37532
2020-04-29 00:00:00+00:00,2878.80000,2965.80000,2878.40000,2953.40000,42206
2020-04-30 00:00:00+00:00,2953.40000,2972.40000,2861.00000,2882.20000,52206
2020-05-01 00:00:00+00:00,2882.00000,2887.50000,2820.00000,2827.00000,36849
2020-05-03 00:00:00+00:00,2793.70000,2804.90000,2781.20000,2785.20000,5616
2020-05-04 00:00:00+00:00,2785.70000,2843.60000,2779.20000,2839.30000,37178
2020-05-05 00:00:00+00:00,2839.60000,2897.60000,2839.50000,2874.50000,28996
2020-05-06 00:00:00+00:00,2874.80000,2894.20000,2830.30000,2840.60000,31948
2020-05-07 00:00:00+00:00,2841.00000,2901.80000,2841.00000,2899.30000,28619
2020-05-08 00:00:00+00:00,2899.60000,2939.30000,2899.60000,2937.00000,22482
2020-05-10 00:00:00+00:00,2926.20000,2945.50000,2922.80000,2944.60000,2432
2020-05-11 00:00:00+00:00,2944.60000,2953.40000,2896.60000,2922.50000,24623
2020-05-12 00:00:00+00:00,2922.20000,2945.80000,2833.30000,2835.60000,31595
2020-05-13 00:00:00+00:00,2835.80000,2882.60000,2792.60000,2822.60000,40499
2020-05-14 00:00:00+00:00,2822.60000,2825.60000,2802.00000,2815.10000,12925
