time,open,high,low,close,volume
2005-01-04 00:00:00+00:00,4818.40000,4845.40000,4811.90000,4828.40000,3474
2005-01-05 00:00:00+00:00,4810.90000,4817.40000,4798.90000,4812.90000,2837
2005-01-06 00:00:00+00:00,4801.40000,4825.90000,4801.40000,4821.90000,2273
2005-01-07 00:00:00+00:00,4813.40000,4853.40000,4809.90000,4843.90000,3383
2005-01-10 00:00:00+00:00,4831.00000,4852.00000,4824.50000,4831.50000,2715
2005-01-11 00:00:00+00:00,4826.00000,4834.00000,4795.50000,4800.00000,3665
2005-01-12 00:00:00+00:00,4804.60000,4812.60000,4753.10000,4779.60000,3127
2005-01-13 00:00:00+00:00,4795.60000,4796.60000,4770.60000,4787.60000,2955
2005-01-14 00:00:00+00:00,4769.60000,4820.10000,4767.60000,4812.60000,2862
2005-01-17 00:00:00+00:00,4814.20000,4834.70000,4813.20000,4826.20000,1535
2005-01-18 00:00:00+00:00,4820.70000,4824.20000,4785.70000,4816.70000,3613
2005-01-19 00:00:00+00:00,4821.20000,4830.70000,4796.70000,4800.70000,2760
2005-01-20 00:00:00+00:00,4780.70000,4790.20000,4766.20000,4785.20000,2937
2005-01-21 00:00:00+00:00,4782.30000,4796.80000,4765.30000,4783.80000,3283
2005-01-24 00:00:00+00:00,4764.80000,4795.30000,4748.80000,4785.80000,4005
2005-01-25 00:00:00+00:00,4782.80000,4832.30000,4781.90000,4820.80000,2999
2005-01-26 00:00:00+00:00,4819.90000,4836.90000,4816.90000,4819.90000,3178
2005-01-27 00:00:00+00:00,4824.40000,4839.90000,4811.40000,4835.40000,3228
2005-01-28 00:00:00+00:00,4836.90000,4838.40000,4802.40000,4813.40000,2937
2005-01-31 00:00:00+00:00,4843.00000,4858.50000,4824.50000,4838.50000,3140
2005-02-01 00:00:00+00:00,4831.00000,4883.00000,4826.00000,4880.50000,3958
2005-02-02 00:00:00+00:00,4880.50000,4892.50000,4871.50000,4879.50000,2730
2005-02-03 00:00:00+00:00,4889.00000,4899.00000,4871.00000,4885.50000,2304
2005-02-04 00:00:00+00:00,4899.00000,4921.60000,4891.10000,4912.60000,2619
2005-02-07 00:00:00+00:00,4928.10000,4954.10000,4926.60000,4945.10000,2343
2005-02-08 00:00:00+00:00,4951.10000,4968.10000,4939.10000,4956.60000,2915
2005-02-09 00:00:00+00:00,4964.10000,4979.10000,4950.10000,4964.70000,2554
2005-02-10 00:00:00+00:00,4960.20000,4991.70000,4955.70000,4976.70000,3045
2005-02-11 00:00:00+00:00,4983.20000,5021.20000,4979.20000,5016.20000,2790
2005-02-14 00:00:00+00:00,5016.30000,5026.80000,5004.80000,5022.80000,1965
2005-02-15 00:00:00+00:00,5021.80000,5040.80000,5010.80000,5031.30000,2862
2005-02-16 00:00:00+00:00,5031.30000,5038.30000,5014.80000,5025.30000,2981
2005-02-17 00:00:00+00:00,5033.30000,5057.30000,5031.80000,5034.80000,2723
2005-02-18 00:00:00+00:00,5034.30000,5044.40000,5024.40000,5035.90000,2950
2005-02-21 00:00:00+00:00,5043.40000,5053.90000,5024.40000,5047.40000,2083
2005-02-22 00:00:00+00:00,5039.40000,5045.90000,4989.90000,4997.40000,4052
2005-02-23 00:00:00+00:00,4985.50000,4994.00000,4951.50000,4974.50000,5786
2005-02-24 00:00:00+00:00,4986.00000,4986.00000,4950.50000,4955.00000,3475
2005-02-25 00:00:00+00:00,4979.50000,4993.50000,4966.00000,4989.50000,3352
2005-02-28 00:00:00+00:00,4995.10000,5012.60000,4940.10000,4940.60000,4447
2005-03-01 00:00:00+00:00,4953.10000,4986.60000,4947.10000,4979.60000,3367
2005-03-02 00:00:00+00:00,4972.60000,4976.10000,4947.60000,4969.60000,3175
2005-03-03 00:00:00+00:00,4963.60000,5003.70000,4962.60000,4982.70000,3320
2005-03-04 00:00:00+00:00,4991.70000,5023.20000,4986.20000,5010.70000,3201
2005-03-07 00:00:00+00:00,5018.20000,5022.20000,4993.30000,5004.80000,2256
2005-03-08 00:00:00+00:00,4991.30000,5002.80000,4978.80000,4992.30000,2791
2005-03-09 00:00:00+00:00,4996.80000,5025.30000,4967.30000,4969.80000,4128
2005-03-10 00:00:00+00:00,4959.80000,4969.80000,4943.80000,4948.30000,3347
2005-03-11 00:00:00+00:00,4967.80000,4977.30000,4956.80000,4966.40000,2964
2005-03-14 00:00:00+00:00,4959.40000,4978.40000,4929.90000,4963.40000,3101
2005-03-15 00:00:00+00:00,4965.90000,4991.40000,4962.90000,4969.40000,3414
2005-03-16 00:00:00+00:00,4965.90000,4975.40000,4928.50000,4946.00000,3455
2005-03-17 00:00:00+00:00,4941.00000,4949.00000,4920.00000,4929.00000,2618
2005-03-18 00:00:00+00:00,4935.50000,4948.90000,4882.80000,4914.10000,2988
2005-03-21 00:00:00+00:00,4918.20000,4954.10000,4916.70000,4943.70000,3017
2005-03-22 00:00:00+00:00,4926.90000,4938.50000,4903.10000,4935.50000,3054
2005-03-23 00:00:00+00:00,4896.30000,4913.80000,4881.90000,4900.90000,3939
2005-03-24 00:00:00+00:00,4909.00000,4931.40000,4900.00000,4924.00000,3120
2005-03-29 00:00:00+00:00,4897.60000,4920.60000,4889.20000,4912.70000,2705
2005-03-30 00:00:00+00:00,4891.90000,4911.40000,4886.50000,4906.90000,2572
2005-03-31 00:00:00+00:00,4921.00000,4930.50000,4881.30000,4885.70000,2940
2005-04-01 00:00:00+00:00,4892.40000,4936.30000,4889.90000,4904.90000,4445
2005-04-04 00:00:00+00:00,4892.50000,4905.10000,4872.10000,4901.60000,3844
2005-04-05 00:00:00+00:00,4918.20000,4945.20000,4905.80000,4943.20000,3276
2005-04-06 00:00:00+00:00,4943.30000,4948.80000,4931.90000,4947.40000,2916
2005-04-07 00:00:00+00:00,4966.50000,4981.50000,4948.60000,4973.10000,2340
2005-04-08 00:00:00+00:00,4987.60000,4990.10000,4969.30000,4976.80000,2146
2005-04-11 00:00:00+00:00,4964.90000,4973.90000,4958.90000,4971.50000,2071
2005-04-12 00:00:00+00:00,4972.10000,4972.10000,4937.30000,4948.80000,2555
2005-04-13 00:00:00+00:00,4970.40000,4972.40000,4944.50000,4958.50000,2472
2005-04-14 00:00:00+00:00,4935.20000,4953.70000,4929.30000,4934.30000,2752
2005-04-15 00:00:00+00:00,4905.50000,4917.00000,4874.70000,4875.70000,4849
2005-04-18 00:00:00+00:00,4816.50000,4833.00000,4783.60000,4804.60000,7310
2005-04-19 00:00:00+00:00,4823.70000,4856.60000,4823.70000,4839.70000,5087
2005-04-20 00:00:00+00:00,4857.30000,4865.30000,4809.00000,4816.50000,4128
2005-04-21 00:00:00+00:00,4806.20000,4833.10000,4802.30000,4824.70000,4113
2005-04-22 00:00:00+00:00,4842.30000,4848.90000,4828.90000,4837.40000,2562
2005-04-25 00:00:00+00:00,4838.00000,4862.00000,4833.50000,4856.00000,2332
2005-04-26 00:00:00+00:00,4863.10000,4863.60000,4822.30000,4841.80000,3655
2005-04-27 00:00:00+00:00,4830.40000,4830.90000,4772.20000,4787.60000,4420
2005-04-28 00:00:00+00:00,4803.70000,4811.70000,4766.40000,4770.90000,4790
2005-04-29 00:00:00+00:00,4767.10000,4816.50000,4762.10000,4782.60000,5010
2005-05-03 00:00:00+00:00,4822.30000,4854.30000,4818.30000,4852.40000,3561
2005-05-04 00:00:00+00:00,4860.00000,4881.50000,4836.60000,4874.50000,3552
2005-05-05 00:00:00+00:00,4889.10000,4906.10000,4878.70000,4894.70000,3589
2005-05-06 00:00:00+00:00,4890.90000,4917.40000,4882.90000,4899.90000,3702
2005-05-09 00:00:00+00:00,4905.50000,4907.60000,4883.60000,4907.10000,2513
2005-05-10 00:00:00+00:00,4907.30000,4918.30000,4868.90000,4877.40000,3511
2005-05-11 00:00:00+00:00,4881.00000,4895.50000,4853.70000,4868.10000,4302
2005-05-12 00:00:00+00:00,4893.70000,4905.70000,4880.80000,4891.80000,3279
2005-05-13 00:00:00+00:00,4872.00000,4891.60000,4849.60000,4888.60000,3462
2005-05-16 00:00:00+00:00,4869.70000,4884.30000,4868.20000,4882.80000,2620
2005-05-17 00:00:00+00:00,4886.40000,4901.40000,4874.40000,4899.50000,2765
2005-05-18 00:00:00+00:00,4921.10000,4962.60000,4910.60000,4961.10000,3248
2005-05-19 00:00:00+00:00,4959.80000,4972.80000,4951.80000,4965.30000,3140
2005-05-20 00:00:00+00:00,4970.00000,4982.50000,4963.50000,4982.00000,2487
2005-05-23 00:00:00+00:00,4987.10000,4999.20000,4972.20000,4995.20000,2219
2005-05-24 00:00:00+00:00,4985.90000,4989.40000,4975.00000,4980.00000,2638
2005-05-25 00:00:00+00:00,4984.10000,4984.60000,4961.20000,4972.20000,2590
2005-05-26 00:00:00+00:00,4970.40000,5003.30000,4965.40000,4995.90000,3150
2005-05-27 00:00:00+00:00,5001.10000,5003.10000,4972.10000,4983.20000,2532
2005-05-31 00:00:00+00:00,4997.50000,5001.50000,4958.60000,4971.10000,3261
2005-06-01 00:00:00+00:00,4973.80000,5017.30000,4967.30000,5010.30000,3263
2005-06-02 00:00:00+00:00,5003.50000,5016.50000,4997.50000,5014.60000,2270
2005-06-03 00:00:00+00:00,5021.70000,5021.70000,4988.30000,4992.30000,2457
2005-06-06 00:00:00+00:00,5006.40000,5008.40000,4976.50000,4990.00000,2332
2005-06-07 00:00:00+00:00,4994.60000,5030.20000,4991.20000,5028.20000,2453
2005-06-08 00:00:00+00:00,5008.90000,5015.90000,4996.90000,5013.40000,2619
2005-06-09 00:00:00+00:00,5001.60000,5027.70000,4986.60000,5027.70000,2708
2005-06-10 00:00:00+00:00,5025.30000,5049.90000,5023.90000,5029.90000,2801
2005-06-13 00:00:00+00:00,5042.00000,5057.10000,5029.10000,5048.10000,2262
2005-06-14 00:00:00+00:00,5039.30000,5056.80000,5038.30000,5045.90000,2551
2005-06-15 00:00:00+00:00,5055.00000,5056.50000,5013.60000,5017.10000,3810
2005-06-16 00:00:00+00:00,5034.20000,5047.30000,5030.30000,5043.80000,2162
2005-06-17 00:00:00+00:00,5053.50000,5161.10000,5048.50000,5137.90000,4077
2005-06-20 00:00:00+00:00,5132.50000,5142.90000,5115.80000,5141.40000,2644
2005-06-21 00:00:00+00:00,5148.10000,5150.00000,5132.40000,5140.90000,3373
2005-06-22 00:00:00+00:00,5142.10000,5168.20000,5134.00000,5156.50000,2864
2005-06-23 00:00:00+00:00,5158.70000,5176.80000,5150.10000,5168.10000,2969
2005-06-24 00:00:00+00:00,5133.50000,5150.10000,5121.80000,5132.30000,2970
2005-06-27 00:00:00+00:00,5112.80000,5117.40000,5086.50000,5096.00000,3219
2005-06-28 00:00:00+00:00,5099.20000,5142.40000,5099.20000,5140.40000,2491
2005-06-29 00:00:00+00:00,5142.60000,5168.60000,5135.50000,5156.00000,2480
2005-06-30 00:00:00+00:00,5151.10000,5183.80000,5148.60000,5161.50000,4110
2005-07-01 00:00:00+00:00,5143.10000,5209.90000,5143.10000,5201.30000,3546
2005-07-04 00:00:00+00:00,5206.00000,5231.00000,5199.40000,5229.00000,2306
2005-07-05 00:00:00+00:00,5223.60000,5238.50000,5215.40000,5238.00000,3787
2005-07-06 00:00:00+00:00,5242.70000,5280.90000,5237.20000,5266.20000,3668
2005-07-07 00:00:00+00:00,5258.30000,5259.90000,5055.80000,5214.30000,11212
2005-07-08 00:00:00+00:00,5236.20000,5283.80000,5227.10000,5279.80000,4429
2005-07-11 00:00:00+00:00,5279.40000,5291.50000,5270.20000,5277.70000,2719
2005-07-12 00:00:00+00:00,5276.90000,5288.40000,5253.50000,5262.60000,3384
2005-07-13 00:00:00+00:00,5266.80000,5286.30000,5264.30000,5282.70000,3109
2005-07-14 00:00:00+00:00,5286.90000,5318.50000,5285.90000,5288.20000,3441
2005-07-15 00:00:00+00:00,5289.90000,5291.90000,5253.00000,5262.00000,3465
2005-07-18 00:00:00+00:00,5266.70000,5290.30000,5241.90000,5250.90000,3545
2005-07-19 00:00:00+00:00,5256.10000,5259.60000,5218.20000,5243.40000,6041
2005-07-20 00:00:00+00:00,5250.10000,5276.20000,5218.80000,5242.80000,4779
2005-07-21 00:00:00+00:00,5259.60000,5283.70000,5201.70000,5244.30000,7304
2005-07-22 00:00:00+00:00,5238.50000,5271.00000,5224.80000,5267.90000,4078
2005-07-25 00:00:00+00:00,5280.20000,5301.60000,5270.10000,5297.50000,3227
2005-07-26 00:00:00+00:00,5287.70000,5300.10000,5273.40000,5277.90000,3287
2005-07-27 00:00:00+00:00,5280.60000,5291.60000,5268.90000,5282.40000,3034
2005-07-28 00:00:00+00:00,5294.20000,5299.10000,5276.40000,5287.90000,3222
2005-07-29 00:00:00+00:00,5299.70000,5322.20000,5292.40000,5298.50000,3559
2005-08-01 00:00:00+00:00,5293.10000,5313.10000,5291.10000,5308.40000,2624
2005-08-02 00:00:00+00:00,5296.60000,5345.10000,5296.60000,5340.10000,3088
2005-08-03 00:00:00+00:00,5342.80000,5354.60000,5323.60000,5351.60000,2333
2005-08-04 00:00:00+00:00,5343.70000,5346.70000,5314.90000,5317.90000,3260
2005-08-05 00:00:00+00:00,5323.10000,5360.70000,5319.60000,5329.90000,3664
2005-08-08 00:00:00+00:00,5336.10000,5366.10000,5332.60000,5361.00000,2799
2005-08-09 00:00:00+00:00,5351.10000,5378.50000,5351.10000,5373.50000,2783
2005-08-10 00:00:00+00:00,5375.70000,5411.80000,5375.70000,5398.10000,3161
2005-08-11 00:00:00+00:00,5386.20000,5403.60000,5381.20000,5393.10000,2921
2005-08-12 00:00:00+00:00,5397.70000,5399.20000,5356.40000,5361.90000,3063
2005-08-15 00:00:00+00:00,5370.00000,5390.10000,5363.00000,5377.30000,2520
2005-08-16 00:00:00+00:00,5380.50000,5383.50000,5337.70000,5344.20000,3298
2005-08-17 00:00:00+00:00,5336.90000,5344.90000,5311.20000,5325.60000,3717
2005-08-18 00:00:00+00:00,5322.80000,5335.30000,5289.70000,5294.50000,3798
2005-08-19 00:00:00+00:00,5303.20000,5339.80000,5302.20000,5332.60000,3087
2005-08-22 00:00:00+00:00,5339.30000,5353.20000,5330.50000,5333.50000,2438
2005-08-23 00:00:00+00:00,5335.70000,5336.70000,5306.90000,5308.90000,3141
2005-08-24 00:00:00+00:00,5314.60000,5323.10000,5289.90000,5297.40000,3310
2005-08-25 00:00:00+00:00,5275.00000,5292.40000,5267.00000,5270.30000,3420
2005-08-26 00:00:00+00:00,5279.00000,5301.50000,5243.30000,5251.80000,3658
2005-08-30 00:00:00+00:00,5262.90000,5286.90000,5261.40000,5276.70000,3754
2005-08-31 00:00:00+00:00,5267.90000,5316.90000,5267.90000,5305.30000,4520
2005-09-01 00:00:00+00:00,5319.90000,5355.40000,5319.90000,5344.30000,3385
2005-09-02 00:00:00+00:00,5327.40000,5348.40000,5327.40000,5338.20000,3661
2005-09-05 00:00:00+00:00,5335.90000,5357.70000,5328.90000,5351.20000,2278
2005-09-06 00:00:00+00:00,5352.40000,5376.20000,5346.90000,5366.70000,2884
2005-09-07 00:00:00+00:00,5371.90000,5381.90000,5362.20000,5374.10000,2561
2005-09-08 00:00:00+00:00,5365.30000,5372.30000,5345.60000,5350.10000,2613
2005-09-09 00:00:00+00:00,5353.80000,5369.60000,5349.60000,5367.10000,2139
2005-09-12 00:00:00+00:00,5375.20000,5382.00000,5361.10000,5378.50000,2645
2005-09-13 00:00:00+00:00,5376.20000,5380.70000,5330.50000,5344.40000,3268
2005-09-14 00:00:00+00:00,5345.10000,5355.40000,5327.50000,5351.40000,2922
2005-09-15 00:00:00+00:00,5340.60000,5388.50000,5340.10000,5378.90000,3078
2005-09-16 00:00:00+00:00,5381.10000,5426.00000,5374.60000,5408.60000,3098
2005-09-19 00:00:00+00:00,5401.80000,5442.70000,5388.90000,5434.80000,3264
2005-09-20 00:00:00+00:00,5442.90000,5450.40000,5411.60000,5415.10000,3552
2005-09-21 00:00:00+00:00,5400.40000,5417.30000,5363.60000,5367.10000,3652
2005-09-22 00:00:00+00:00,5368.80000,5399.20000,5359.30000,5378.80000,3148
2005-09-23 00:00:00+00:00,5391.90000,5425.90000,5384.00000,5417.90000,2974
2005-09-26 00:00:00+00:00,5446.50000,5460.90000,5435.10000,5457.10000,2908
2005-09-27 00:00:00+00:00,5453.20000,5475.20000,5445.40000,5450.90000,3420
2005-09-28 00:00:00+00:00,5468.40000,5496.90000,5467.90000,5482.50000,3051
2005-09-29 00:00:00+00:00,5502.60000,5511.10000,5469.30000,5490.70000,3610
2005-09-30 00:00:00+00:00,5499.40000,5504.80000,5463.60000,5474.10000,3811
2005-10-03 00:00:00+00:00,5482.20000,5516.20000,5475.30000,5498.80000,3248
2005-10-04 00:00:00+00:00,5499.40000,5502.00000,5477.00000,5495.60000,2885
2005-10-05 00:00:00+00:00,5467.30000,5468.30000,5419.10000,5423.60000,3287
2005-10-06 00:00:00+00:00,5379.90000,5387.90000,5356.00000,5357.10000,4197
2005-10-07 00:00:00+00:00,5355.20000,5396.10000,5352.80000,5355.80000,4554
2005-10-10 00:00:00+00:00,5369.50000,5394.40000,5368.10000,5373.10000,3493
2005-10-11 00:00:00+00:00,5370.70000,5404.60000,5364.80000,5367.30000,3481
2005-10-12 00:00:00+00:00,5346.60000,5368.60000,5311.80000,5317.80000,3687
2005-10-13 00:00:00+00:00,5328.40000,5332.90000,5234.80000,5238.30000,5716
2005-10-14 00:00:00+00:00,5255.90000,5288.80000,5239.40000,5277.40000,5989
2005-10-17 00:00:00+00:00,5282.60000,5290.00000,5267.10000,5280.70000,3437
2005-10-18 00:00:00+00:00,5290.80000,5297.80000,5254.50000,5260.00000,4225
2005-10-19 00:00:00+00:00,5237.20000,5237.20000,5151.50000,5164.50000,6403
2005-10-20 00:00:00+00:00,5208.50000,5226.50000,5140.80000,5155.30000,5421
2005-10-21 00:00:00+00:00,5136.00000,5158.40000,5118.60000,5129.60000,5422
2005-10-24 00:00:00+00:00,5131.70000,5209.60000,5128.80000,5209.60000,5319
2005-10-25 00:00:00+00:00,5212.30000,5214.30000,5170.50000,5174.00000,4280
2005-10-26 00:00:00+00:00,5193.10000,5229.50000,5185.10000,5214.10000,4705
2005-10-27 00:00:00+00:00,5193.30000,5206.80000,5158.90000,5182.50000,5168
2005-10-28 00:00:00+00:00,5168.10000,5231.60000,5149.70000,5217.60000,5443
2005-10-31 00:00:00+00:00,5245.30000,5312.70000,5242.30000,5304.20000,4918
2005-11-01 00:00:00+00:00,5304.40000,5341.90000,5293.40000,5333.40000,5681
2005-11-02 00:00:00+00:00,5333.60000,5363.50000,5309.20000,5356.60000,5406
2005-11-03 00:00:00+00:00,5363.80000,5441.70000,5363.80000,5440.20000,5478
2005-11-04 00:00:00+00:00,5429.90000,5443.90000,5412.00000,5423.50000,4689
2005-11-07 00:00:00+00:00,5432.70000,5471.20000,5412.80000,5456.70000,4676
2005-11-08 00:00:00+00:00,5466.40000,5479.90000,5446.00000,5465.50000,4426
2005-11-09 00:00:00+00:00,5471.10000,5473.60000,5436.30000,5461.30000,3895
2005-11-10 00:00:00+00:00,5467.40000,5467.90000,5418.60000,5424.10000,4350
2005-11-11 00:00:00+00:00,5467.70000,5472.70000,5441.70000,5467.30000,3307
2005-11-14 00:00:00+00:00,5462.50000,5488.00000,5450.00000,5471.10000,3713
2005-11-15 00:00:00+00:00,5453.80000,5466.30000,5423.40000,5451.90000,4769
2005-11-16 00:00:00+00:00,5438.10000,5445.00000,5390.10000,5434.20000,4890
2005-11-17 00:00:00+00:00,5451.80000,5480.80000,5450.30000,5469.90000,3271
2005-11-18 00:00:00+00:00,5490.50000,5532.00000,5486.60000,5490.10000,4671
2005-11-21 00:00:00+00:00,5507.30000,5510.40000,5483.30000,5501.40000,3461
2005-11-22 00:00:00+00:00,5508.60000,5523.10000,5502.60000,5522.10000,2859
2005-11-23 00:00:00+00:00,5531.80000,5545.90000,5513.80000,5543.40000,2891
2005-11-24 00:00:00+00:00,5552.50000,5552.50000,5504.70000,5516.70000,2296
2005-11-25 00:00:00+00:00,5528.30000,5538.90000,5521.80000,5535.90000,2730
2005-11-28 00:00:00+00:00,5555.10000,5563.10000,5478.80000,5482.80000,4061
2005-11-29 00:00:00+00:00,5483.40000,5515.00000,5459.00000,5495.00000,3914
2005-11-30 00:00:00+00:00,5482.70000,5483.20000,5423.90000,5427.40000,5388
2005-12-01 00:00:00+00:00,5446.00000,5500.60000,5445.00000,5493.10000,4019
2005-12-02 00:00:00+00:00,5501.20000,5537.30000,5488.30000,5530.30000,4129
2005-12-05 00:00:00+00:00,5540.00000,5540.00000,5503.10000,5513.60000,3373
2005-12-06 00:00:00+00:00,5523.80000,5561.40000,5507.80000,5559.40000,3448
2005-12-07 00:00:00+00:00,5546.60000,5578.10000,5519.20000,5524.70000,4925
2005-12-08 00:00:00+00:00,5497.80000,5537.40000,5493.30000,5531.40000,4944
2005-12-09 00:00:00+00:00,5507.10000,5532.20000,5507.10000,5517.70000,4048
2005-12-12 00:00:00+00:00,5530.40000,5552.40000,5495.00000,5504.50000,4431
2005-12-13 00:00:00+00:00,5509.20000,5530.70000,5502.70000,5509.30000,4192
2005-12-14 00:00:00+00:00,5517.90000,5536.00000,5502.40000,5535.00000,3838
2005-12-15 00:00:00+00:00,5529.70000,5533.20000,5487.30000,5495.30000,4093
2005-12-16 00:00:00+00:00,5498.50000,5555.00000,5498.50000,5524.10000,3640
2005-12-19 00:00:00+00:00,5536.30000,5548.80000,5527.30000,5539.40000,2595
2005-12-20 00:00:00+00:00,5532.40000,5559.40000,5522.00000,5556.40000,3067
2005-12-21 00:00:00+00:00,5568.00000,5588.50000,5562.00000,5581.00000,2416
2005-12-22 00:00:00+00:00,5585.60000,5596.60000,5581.60000,5592.60000,2605
2005-12-23 00:00:00+00:00,5596.70000,5605.60000,5584.20000,5589.70000,876
2005-12-28 00:00:00+00:00,5600.70000,5622.70000,5587.70000,5622.70000,1764
2005-12-29 00:00:00+00:00,5620.80000,5639.30000,5620.80000,5635.30000,1621
2005-12-30 00:00:00+00:00,5626.40000,5637.40000,5587.00000,5607.90000,1958
2006-01-03 00:00:00+00:00,5638.80000,5687.30000,5628.30000,5684.30000,3963
2006-01-04 00:00:00+00:00,5694.40000,5717.90000,5681.40000,5710.40000,3686
2006-01-05 00:00:00+00:00,5711.90000,5716.90000,5677.00000,5693.00000,3793
2006-01-06 00:00:00+00:00,5696.10000,5733.10000,5685.10000,5731.60000,3942
2006-01-09 00:00:00+00:00,5728.40000,5744.40000,5715.40000,5724.90000,3529
2006-01-10 00:00:00+00:00,5719.50000,5719.50000,5677.60000,5683.10000,3632
2006-01-11 00:00:00+00:00,5705.60000,5727.60000,5696.10000,5723.10000,3827
2006-01-12 00:00:00+00:00,5718.70000,5732.80000,5712.80000,5728.80000,3147
2006-01-13 00:00:00+00:00,5718.80000,5718.80000,5677.90000,5697.40000,3675
2006-01-16 00:00:00+00:00,5698.70000,5736.20000,5698.20000,5735.20000,2007
2006-01-17 00:00:00+00:00,5704.80000,5705.80000,5678.90000,5681.40000,3414
2006-01-18 00:00:00+00:00,5640.50000,5667.00000,5618.50000,5643.50000,4437
2006-01-19 00:00:00+00:00,5670.60000,5695.10000,5668.10000,5683.10000,3788
2006-01-20 00:00:00+00:00,5687.70000,5714.60000,5635.30000,5643.80000,4811
2006-01-23 00:00:00+00:00,5620.60000,5651.10000,5605.10000,5628.10000,3999
2006-01-24 00:00:00+00:00,5646.20000,5658.60000,5610.20000,5620.70000,3848
2006-01-25 00:00:00+00:00,5644.30000,5687.80000,5640.30000,5686.30000,4745
2006-01-26 00:00:00+00:00,5703.80000,5727.30000,5688.40000,5715.40000,5313
2006-01-27 00:00:00+00:00,5739.40000,5771.90000,5737.90000,5769.40000,4519
2006-01-30 00:00:00+00:00,5770.70000,5777.20000,5751.80000,5768.30000,3432
2006-01-31 00:00:00+00:00,5761.40000,5773.80000,5723.90000,5730.90000,4356
2006-02-01 00:00:00+00:00,5724.50000,5793.00000,5719.50000,5781.50000,4616
2006-02-02 00:00:00+00:00,5774.10000,5789.60000,5710.20000,5725.10000,4645
2006-02-03 00:00:00+00:00,5737.70000,5748.70000,5700.30000,5734.80000,5045
2006-02-06 00:00:00+00:00,5746.50000,5763.10000,5740.10000,5752.10000,3357
2006-02-07 00:00:00+00:00,5751.20000,5758.60000,5706.20000,5721.70000,4781
2006-02-08 00:00:00+00:00,5675.80000,5727.80000,5658.80000,5710.80000,5243
2006-02-09 00:00:00+00:00,5728.90000,5795.40000,5727.40000,5790.40000,4508
2006-02-10 00:00:00+00:00,5779.00000,5786.00000,5738.60000,5751.50000,4467
2006-02-13 00:00:00+00:00,5745.30000,5782.40000,5734.90000,5779.40000,4309
2006-02-14 00:00:00+00:00,5795.40000,5804.40000,5749.50000,5784.00000,4799
2006-02-15 00:00:00+00:00,5788.60000,5793.10000,5759.10000,5762.60000,4536
2006-02-16 00:00:00+00:00,5789.20000,5818.20000,5770.70000,5812.70000,3720
2006-02-17 00:00:00+00:00,5805.80000,5840.30000,5797.30000,5836.30000,4063
2006-02-20 00:00:00+00:00,5831.10000,5849.10000,5813.60000,5846.60000,2132
2006-02-21 00:00:00+00:00,5853.70000,5866.20000,5816.80000,5823.30000,3676
2006-02-22 00:00:00+00:00,5823.80000,5862.90000,5818.40000,5850.90000,3737
2006-02-23 00:00:00+00:00,5857.40000,5860.40000,5809.00000,5816.00000,4222
2006-02-24 00:00:00+00:00,5836.60000,5847.60000,5822.10000,5846.10000,3977
2006-02-27 00:00:00+00:00,5847.90000,5871.40000,5841.90000,5853.90000,3321
2006-02-28 00:00:00+00:00,5847.00000,5853.00000,5757.60000,5758.60000,5480
2006-03-01 00:00:00+00:00,5772.20000,5836.20000,5770.70000,5831.20000,3873
2006-03-02 00:00:00+00:00,5828.30000,5864.30000,5784.80000,5804.80000,5748
2006-03-03 00:00:00+00:00,5825.40000,5859.40000,5783.40000,5857.40000,5580
2006-03-06 00:00:00+00:00,5876.70000,5907.20000,5866.20000,5878.80000,4794
2006-03-07 00:00:00+00:00,5852.80000,5854.30000,5808.40000,5826.40000,4927
2006-03-08 00:00:00+00:00,5838.90000,5840.90000,5792.00000,5805.50000,5383
2006-03-09 00:00:00+00:00,5844.60000,5860.60000,5838.10000,5859.60000,4049
2006-03-10 00:00:00+00:00,5844.20000,5912.70000,5839.70000,5909.70000,4176
2006-03-13 00:00:00+00:00,5921.50000,5956.10000,5921.50000,5937.60000,3566
2006-03-14 00:00:00+00:00,5939.60000,5977.10000,5936.60000,5953.20000,5122
2006-03-15 00:00:00+00:00,5967.80000,5980.80000,5957.30000,5967.30000,3742
2006-03-16 00:00:00+00:00,5981.40000,6002.90000,5950.40000,6001.40000,3288
2006-03-17 00:00:00+00:00,6007.00000,6049.00000,5992.10000,5998.60000,4213
2006-03-20 00:00:00+00:00,6022.80000,6039.80000,5983.40000,5988.40000,4105
2006-03-21 00:00:00+00:00,5990.50000,6004.00000,5957.00000,6003.50000,4315
2006-03-22 00:00:00+00:00,5973.10000,6020.60000,5963.60000,6007.60000,4666
2006-03-23 00:00:00+00:00,6037.60000,6038.60000,5980.70000,5988.70000,4182
2006-03-24 00:00:00+00:00,6005.70000,6045.20000,6001.30000,6035.70000,3986
2006-03-27 00:00:00+00:00,6053.00000,6053.00000,5958.10000,5960.10000,3457
2006-03-28 00:00:00+00:00,5975.70000,6012.10000,5922.30000,5927.30000,4822
2006-03-29 00:00:00+00:00,5938.80000,5984.80000,5930.80000,5964.80000,4365
2006-03-30 00:00:00+00:00,5987.90000,6044.30000,5986.90000,6007.40000,4072
2006-03-31 00:00:00+00:00,6009.90000,6021.90000,5959.00000,5962.50000,5937
2006-04-03 00:00:00+00:00,5989.70000,6036.70000,5989.70000,6021.20000,4419
2006-04-04 00:00:00+00:00,6011.80000,6022.80000,5986.40000,6021.30000,4132
2006-04-05 00:00:00+00:00,6025.90000,6052.90000,5986.90000,6051.90000,5146
2006-04-06 00:00:00+00:00,6062.40000,6078.90000,6038.50000,6041.00000,4459
2006-04-07 00:00:00+00:00,6056.10000,6079.10000,6018.60000,6026.60000,5365
2006-04-10 00:00:00+00:00,6033.40000,6073.40000,6023.90000,6069.40000,6073
2006-04-11 00:00:00+00:00,6077.40000,6087.90000,6006.00000,6006.50000,5403
2006-04-12 00:00:00+00:00,6010.60000,6018.60000,5971.60000,5995.10000,4949
2006-04-13 00:00:00+00:00,6012.70000,6034.70000,5983.70000,6029.20000,3960
2006-04-18 00:00:00+00:00,6044.20000,6066.70000,6033.20000,6063.70000,4136
2006-04-19 00:00:00+00:00,6094.20000,6103.70000,6067.80000,6096.20000,4011
2006-04-20 00:00:00+00:00,6095.30000,6113.80000,6071.90000,6077.90000,5010
2006-04-21 00:00:00+00:00,6091.40000,6141.40000,6082.40000,6140.90000,4184
2006-04-24 00:00:00+00:00,6125.20000,6138.70000,6096.20000,6107.20000,4163
2006-04-25 00:00:00+00:00,6112.80000,6130.30000,6077.90000,6090.90000,4500
2006-04-26 00:00:00+00:00,6110.40000,6127.40000,6095.40000,6096.90000,3880
2006-04-27 00:00:00+00:00,6105.50000,6106.50000,6023.10000,6073.60000,6334
2006-04-28 00:00:00+00:00,6055.60000,6057.20000,6016.70000,6030.70000,6070
2006-05-02 00:00:00+00:00,6018.10000,6089.50000,6018.10000,6076.10000,4422
2006-05-03 00:00:00+00:00,6084.60000,6095.60000,6004.70000,6010.70000,5639
2006-05-04 00:00:00+00:00,6010.80000,6042.80000,5993.30000,6021.30000,4902
2006-05-05 00:00:00+00:00,6030.90000,6102.80000,6023.90000,6100.80000,4489
2006-05-08 00:00:00+00:00,6129.60000,6133.60000,6054.20000,6059.20000,4033
2006-05-09 00:00:00+00:00,6065.70000,6109.20000,6048.70000,6105.20000,4160
2006-05-10 00:00:00+00:00,6097.80000,6116.30000,6080.30000,6086.30000,4369
2006-05-11 00:00:00+00:00,6089.40000,6120.40000,6025.50000,6026.00000,4984
2006-05-12 00:00:00+00:00,6025.50000,6027.50000,5907.10000,5908.10000,7597
2006-05-15 00:00:00+00:00,5883.40000,5904.40000,5753.00000,5841.50000,10954
2006-05-16 00:00:00+00:00,5826.50000,5887.50000,5808.10000,5842.10000,8076
2006-05-17 00:00:00+00:00,5857.10000,5875.60000,5670.70000,5708.70000,9223
2006-05-18 00:00:00+00:00,5693.30000,5728.30000,5623.30000,5666.30000,12638
2006-05-19 00:00:00+00:00,5642.40000,5718.90000,5634.40000,5647.40000,8599
2006-05-22 00:00:00+00:00,5618.20000,5637.70000,5504.30000,5517.30000,11563
2006-05-23 00:00:00+00:00,5547.80000,5710.80000,5545.80000,5672.30000,10365
2006-05-24 00:00:00+00:00,5622.40000,5658.40000,5562.40000,5578.40000,11806
2006-05-25 00:00:00+00:00,5588.00000,5705.00000,5561.00000,5699.00000,9300
2006-05-26 00:00:00+00:00,5724.00000,5798.00000,5702.00000,5786.50000,8070
2006-05-30 00:00:00+00:00,5774.90000,5786.90000,5636.40000,5679.90000,9844
2006-05-31 00:00:00+00:00,5616.50000,5739.50000,5589.50000,5723.50000,10384
2006-06-01 00:00:00+00:00,5700.60000,5749.60000,5675.10000,5743.60000,9429
2006-06-02 00:00:00+00:00,5795.20000,5798.70000,5739.70000,5757.20000,8060
2006-06-05 00:00:00+00:00,5778.40000,5788.90000,5730.00000,5754.00000,6531
2006-06-06 00:00:00+00:00,5701.10000,5710.10000,5651.10000,5660.60000,9017
2006-06-07 00:00:00+00:00,5679.60000,5732.20000,5639.20000,5724.20000,8336
2006-06-08 00:00:00+00:00,5589.30000,5647.80000,5533.80000,5553.30000,11256
2006-06-09 00:00:00+00:00,5634.30000,5678.90000,5616.90000,5628.90000,7225
2006-06-12 00:00:00+00:00,5649.60000,5673.10000,5614.10000,5625.20000,6805
2006-06-13 00:00:00+00:00,5542.70000,5556.70000,5468.20000,5520.30000,10948
2006-06-14 00:00:00+00:00,5526.80000,5546.80000,5474.80000,5492.80000,9464
2006-06-15 00:00:00+00:00,5539.40000,5639.40000,5538.40000,5625.40000,7599
2006-06-16 00:00:00+00:00,5690.00000,5703.50000,5590.60000,5616.10000,8313
2006-06-19 00:00:00+00:00,5649.40000,5669.40000,5616.50000,5632.50000,6828
2006-06-20 00:00:00+00:00,5604.60000,5680.50000,5585.70000,5667.10000,7163
2006-06-21 00:00:00+00:00,5680.60000,5695.60000,5609.30000,5683.70000,7329
2006-06-22 00:00:00+00:00,5725.70000,5737.10000,5654.90000,5692.30000,6876
2006-06-23 00:00:00+00:00,5675.90000,5717.80000,5664.50000,5701.90000,5925
2006-06-26 00:00:00+00:00,5711.80000,5718.30000,5674.90000,5681.90000,4984
2006-06-27 00:00:00+00:00,5723.40000,5726.40000,5641.10000,5645.60000,5843
2006-06-28 00:00:00+00:00,5638.20000,5702.60000,5628.70000,5695.20000,5892
2006-06-29 00:00:00+00:00,5713.70000,5790.60000,5706.20000,5781.60000,6450
2006-06-30 00:00:00+00:00,5845.60000,5865.60000,5809.70000,5835.70000,7913
2006-07-03 00:00:00+00:00,5852.00000,5886.00000,5833.10000,5877.50000,4739
2006-07-04 00:00:00+00:00,5875.10000,5885.20000,5847.20000,5879.20000,2498
2006-07-05 00:00:00+00:00,5852.80000,5864.30000,5811.40000,5837.40000,5123
2006-07-06 00:00:00+00:00,5832.00000,5896.90000,5828.00000,5866.50000,5830
2006-07-07 00:00:00+00:00,5872.60000,5905.60000,5851.60000,5891.10000,6501
2006-07-10 00:00:00+00:00,5880.00000,5898.50000,5851.10000,5892.60000,4813
2006-07-11 00:00:00+00:00,5875.70000,5886.20000,5836.30000,5863.80000,6086
2006-07-12 00:00:00+00:00,5875.30000,5894.30000,5833.90000,5841.40000,6122
2006-07-13 00:00:00+00:00,5826.60000,5828.10000,5741.20000,5773.70000,7433
2006-07-14 00:00:00+00:00,5717.90000,5755.80000,5682.50000,5687.00000,7304
2006-07-17 00:00:00+00:00,5704.30000,5709.40000,5641.90000,5686.40000,8761
2006-07-18 00:00:00+00:00,5663.50000,5703.00000,5644.60000,5665.10000,7317
2006-07-19 00:00:00+00:00,5693.60000,5776.60000,5664.70000,5772.60000,8323
2006-07-20 00:00:00+00:00,5786.60000,5804.60000,5740.80000,5759.70000,6598
2006-07-21 00:00:00+00:00,5743.40000,5746.40000,5684.50000,5720.90000,6620
2006-07-24 00:00:00+00:00,5717.30000,5832.20000,5715.30000,5824.20000,6344
2006-07-25 00:00:00+00:00,5827.80000,5860.80000,5807.90000,5840.40000,6860
2006-07-26 00:00:00+00:00,5844.40000,5882.90000,5839.00000,5879.00000,5924
2006-07-27 00:00:00+00:00,5897.00000,5922.00000,5883.60000,5903.10000,6541
2006-07-28 00:00:00+00:00,5895.20000,5970.60000,5888.70000,5964.10000,6472
2006-07-31 00:00:00+00:00,5967.00000,5968.00000,5907.70000,5918.70000,5183
2006-08-01 00:00:00+00:00,5913.30000,5934.70000,5848.40000,5865.40000,5751
2006-08-02 00:00:00+00:00,5889.90000,5937.90000,5879.50000,5936.40000,5320
2006-08-03 00:00:00+00:00,5930.50000,5931.00000,5815.70000,5827.20000,7738
2006-08-04 00:00:00+00:00,5853.80000,5884.80000,5823.80000,5853.80000,5858
2006-08-07 00:00:00+00:00,5820.20000,5845.80000,5807.30000,5834.30000,4634
2006-08-08 00:00:00+00:00,5852.90000,5855.90000,5798.50000,5805.50000,4152
2006-08-09 00:00:00+00:00,5821.50000,5872.50000,5774.60000,5852.60000,6026
2006-08-10 00:00:00+00:00,5797.70000,5836.70000,5747.80000,5834.70000,7297
2006-08-11 00:00:00+00:00,5828.80000,5847.80000,5793.90000,5824.40000,5137
2006-08-14 00:00:00+00:00,5849.80000,5878.30000,5839.30000,5872.30000,3981
2006-08-15 00:00:00+00:00,5851.90000,5901.90000,5839.90000,5888.90000,5000
2006-08-16 00:00:00+00:00,5896.00000,5914.60000,5856.60000,5914.60000,5973
2006-08-17 00:00:00+00:00,5913.10000,5924.60000,5896.70000,5919.70000,3881
2006-08-18 00:00:00+00:00,5921.80000,5944.80000,5908.30000,5918.40000,4689
2006-08-21 00:00:00+00:00,5908.30000,5947.80000,5891.30000,5912.30000,3990
2006-08-22 00:00:00+00:00,5935.40000,5944.90000,5883.90000,5915.90000,4853
2006-08-23 00:00:00+00:00,5914.50000,5919.00000,5860.60000,5883.60000,3744
2006-08-24 00:00:00+00:00,5876.70000,5902.20000,5838.20000,5865.80000,4415
2006-08-25 00:00:00+00:00,5883.40000,5902.90000,5863.90000,5889.90000,3975
2006-08-29 00:00:00+00:00,5931.40000,5935.90000,5885.50000,5888.50000,4724
2006-08-30 00:00:00+00:00,5906.60000,5953.60000,5897.10000,5932.60000,4784
2006-08-31 00:00:00+00:00,5945.70000,5946.20000,5898.30000,5914.30000,5019
2006-09-01 00:00:00+00:00,5920.90000,5973.40000,5917.90000,5943.40000,4825
2006-09-04 00:00:00+00:00,5951.30000,5996.40000,5948.30000,5992.40000,3029
2006-09-05 00:00:00+00:00,5988.00000,5997.00000,5960.00000,5996.50000,4929
2006-09-06 00:00:00+00:00,5987.10000,5988.60000,5927.70000,5931.20000,5157
2006-09-07 00:00:00+00:00,5910.80000,5916.80000,5853.90000,5875.40000,5221
2006-09-08 00:00:00+00:00,5875.40000,5900.90000,5870.40000,5880.50000,3941
2006-09-11 00:00:00+00:00,5855.90000,5874.90000,5819.90000,5873.90000,4961
2006-09-12 00:00:00+00:00,5853.00000,5904.60000,5823.50000,5896.60000,4857
2006-09-13 00:00:00+00:00,5911.70000,5915.70000,5875.70000,5896.20000,4578
2006-09-14 00:00:00+00:00,5906.30000,5946.80000,5868.90000,5875.90000,4751
2006-09-15 00:00:00+00:00,5878.00000,5901.00000,5861.30000,5868.70000,4760
2006-09-18 00:00:00+00:00,5872.30000,5913.60000,5867.90000,5899.30000,4047
2006-09-19 00:00:00+00:00,5887.20000,5896.60000,5802.40000,5802.40000,5724
2006-09-20 00:00:00+00:00,5826.50000,5881.30000,5817.50000,5868.90000,4955
2006-09-21 00:00:00+00:00,5870.60000,5903.10000,5845.80000,5874.30000,5767
2006-09-22 00:00:00+00:00,5854.10000,5870.10000,5816.50000,5825.00000,5216
2006-09-25 00:00:00+00:00,5832.60000,5847.50000,5771.10000,5805.90000,5406
2006-09-26 00:00:00+00:00,5818.10000,5877.90000,5817.10000,5870.40000,5572
2006-09-27 00:00:00+00:00,5888.10000,5942.30000,5887.10000,5914.10000,6291
2006-09-28 00:00:00+00:00,5929.30000,5977.10000,5925.80000,5963.80000,4834
2006-09-29 00:00:00+00:00,5975.90000,6001.80000,5944.30000,5964.20000,5587
2006-10-02 00:00:00+00:00,5969.80000,5984.30000,5945.10000,5948.10000,4093
2006-10-03 00:00:00+00:00,5938.40000,5960.90000,5893.30000,5958.50000,5663
2006-10-04 00:00:00+00:00,5940.30000,5965.80000,5915.90000,5959.90000,5359
2006-10-05 00:00:00+00:00,5997.50000,6012.90000,5976.60000,5998.60000,5335
2006-10-06 00:00:00+00:00,5999.90000,6008.90000,5971.10000,5989.10000,4344
2006-10-09 00:00:00+00:00,5980.80000,6038.10000,5980.80000,6028.20000,3931
2006-10-10 00:00:00+00:00,6034.50000,6072.40000,6020.50000,6059.50000,4536
2006-10-11 00:00:00+00:00,6066.30000,6083.40000,6037.00000,6079.40000,4077
2006-10-12 00:00:00+00:00,6076.60000,6118.60000,6062.20000,6099.20000,3948
2006-10-13 00:00:00+00:00,6116.90000,6164.80000,6097.00000,6151.90000,4076
2006-10-16 00:00:00+00:00,6155.10000,6180.10000,6144.10000,6176.20000,3719
2006-10-17 00:00:00+00:00,6162.50000,6167.50000,6097.90000,6109.40000,4921
2006-10-18 00:00:00+00:00,6131.10000,6161.10000,6114.20000,6141.70000,4645
2006-10-19 00:00:00+00:00,6125.10000,6177.00000,6099.70000,6149.60000,4661
2006-10-20 00:00:00+00:00,6166.80000,6190.80000,6125.60000,6157.00000,4598
2006-10-23 00:00:00+00:00,6172.60000,6175.30000,6120.50000,6171.30000,4299
2006-10-24 00:00:00+00:00,6158.20000,6183.70000,6151.80000,6177.80000,4170
2006-10-25 00:00:00+00:00,6176.00000,6210.10000,6168.10000,6205.10000,3363
2006-10-26 00:00:00+00:00,6217.80000,6236.30000,6169.70000,6187.60000,4862
2006-10-27 00:00:00+00:00,6191.90000,6201.90000,6122.80000,6165.60000,4801
2006-10-30 00:00:00+00:00,6119.50000,6133.10000,6101.20000,6104.20000,4478
2006-10-31 00:00:00+00:00,6108.50000,6142.90000,6099.00000,6114.60000,4713
2006-11-01 00:00:00+00:00,6120.90000,6178.80000,6120.90000,6126.00000,4794
2006-11-02 00:00:00+00:00,6128.80000,6167.80000,6108.00000,6136.50000,6466
2006-11-03 00:00:00+00:00,6157.20000,6174.20000,6127.90000,6144.40000,5785
2006-11-06 00:00:00+00:00,6162.50000,6230.50000,6158.50000,6214.50000,4729
2006-11-07 00:00:00+00:00,6220.80000,6243.40000,6213.80000,6231.90000,4390
2006-11-08 00:00:00+00:00,6221.70000,6244.30000,6203.80000,6233.40000,5051
2006-11-09 00:00:00+00:00,6246.10000,6247.60000,6201.90000,6228.30000,4614
2006-11-10 00:00:00+00:00,6220.10000,6231.70000,6196.90000,6211.80000,4311
2006-11-13 00:00:00+00:00,6222.50000,6239.50000,6171.20000,6196.70000,4491
2006-11-14 00:00:00+00:00,6215.00000,6224.90000,6165.70000,6189.20000,4948
2006-11-15 00:00:00+00:00,6223.90000,6233.50000,6200.00000,6222.10000,3964
2006-11-16 00:00:00+00:00,6222.40000,6257.40000,6210.90000,6247.50000,4343
2006-11-17 00:00:00+00:00,6247.30000,6251.20000,6175.50000,6189.60000,4767
2006-11-20 00:00:00+00:00,6160.30000,6219.30000,6145.30000,6197.40000,4701
2006-11-21 00:00:00+00:00,6205.60000,6225.20000,6196.80000,6210.30000,4242
2006-11-22 00:00:00+00:00,6221.60000,6238.50000,6151.30000,6166.80000,4770
2006-11-23 00:00:00+00:00,6181.10000,6183.60000,6119.80000,6139.30000,3743
2006-11-24 00:00:00+00:00,6135.60000,6143.60000,6072.30000,6114.80000,5662
2006-11-27 00:00:00+00:00,6118.00000,6136.50000,6055.70000,6060.70000,6286
2006-11-28 00:00:00+00:00,6056.50000,6069.50000,6016.70000,6038.20000,7623
2006-11-29 00:00:00+00:00,6058.90000,6103.00000,6048.40000,6078.10000,5727
2006-11-30 00:00:00+00:00,6104.30000,6114.90000,6044.50000,6060.50000,6462
2006-12-01 00:00:00+00:00,6072.80000,6093.30000,5986.00000,6028.50000,6732
2006-12-04 00:00:00+00:00,6035.10000,6063.80000,6022.20000,6034.30000,5105
2006-12-05 00:00:00+00:00,6062.10000,6102.20000,6050.60000,6078.70000,7429
2006-12-06 00:00:00+00:00,6090.50000,6107.50000,6069.60000,6086.70000,4915
2006-12-07 00:00:00+00:00,6090.40000,6148.00000,6088.90000,6136.60000,5144
2006-12-08 00:00:00+00:00,6119.90000,6174.50000,6107.40000,6162.00000,5483
2006-12-11 00:00:00+00:00,6176.70000,6187.70000,6148.30000,6160.90000,4502
2006-12-12 00:00:00+00:00,6158.60000,6166.30000,6131.80000,6137.30000,4778
2006-12-13 00:00:00+00:00,6151.60000,6200.20000,6147.10000,6190.70000,4905
2006-12-14 00:00:00+00:00,6212.00000,6232.20000,6199.10000,6227.70000,3935
2006-12-15 00:00:00+00:00,6246.00000,6277.00000,6233.00000,6239.60000,4632
2006-12-18 00:00:00+00:00,6244.60000,6271.60000,6235.70000,6244.70000,3539
2006-12-19 00:00:00+00:00,6223.40000,6231.40000,6191.10000,6196.00000,5215
2006-12-20 00:00:00+00:00,6228.10000,6239.10000,6188.80000,6191.30000,3859
2006-12-21 00:00:00+00:00,6186.40000,6200.40000,6160.00000,6162.50000,3444
2006-12-22 00:00:00+00:00,6165.60000,6186.10000,6165.60000,6177.10000,1322
2006-12-27 00:00:00+00:00,6202.50000,6255.90000,6196.50000,6245.50000,2800
2006-12-28 00:00:00+00:00,6259.60000,6260.60000,6227.20000,6239.20000,2355
2006-12-29 00:00:00+00:00,6237.80000,6244.80000,6196.00000,6198.00000,2879
2007-01-02 00:00:00+00:00,6251.60000,6316.00000,6236.10000,6307.50000,2942
2007-01-03 00:00:00+00:00,6305.10000,6317.20000,6288.70000,6305.20000,4208
2007-01-04 00:00:00+00:00,6264.40000,6294.90000,6252.00000,6273.00000,4883
2007-01-05 00:00:00+00:00,6244.20000,6274.60000,6197.90000,6208.80000,5700
2007-01-08 00:00:00+00:00,6222.30000,6235.80000,6167.00000,6171.00000,6588
2007-01-09 00:00:00+00:00,6204.60000,6208.60000,6147.80000,6153.20000,5035
2007-01-10 00:00:00+00:00,6151.40000,6166.40000,6125.90000,6146.40000,5504
2007-01-11 00:00:00+00:00,6158.10000,6237.00000,6115.20000,6230.00000,6808
2007-01-12 00:00:00+00:00,6209.60000,6236.70000,6188.70000,6234.20000,5128
2007-01-15 00:00:00+00:00,6253.10000,6263.60000,6239.30000,6240.80000,2937
2007-01-16 00:00:00+00:00,6242.40000,6253.80000,6190.50000,6202.50000,5557
2007-01-17 00:00:00+00:00,6202.10000,6211.10000,6146.80000,6201.70000,5743
2007-01-18 00:00:00+00:00,6201.80000,6243.30000,6187.40000,6199.90000,5960
2007-01-19 00:00:00+00:00,6190.50000,6228.60000,6158.60000,6215.10000,6517
2007-01-22 00:00:00+00:00,6235.10000,6253.60000,6187.70000,6191.70000,5031
2007-01-23 00:00:00+00:00,6212.80000,6224.30000,6168.90000,6210.90000,5968
2007-01-24 00:00:00+00:00,6233.40000,6303.90000,6230.00000,6297.90000,6020
2007-01-25 00:00:00+00:00,6301.50000,6317.00000,6230.20000,6233.20000,6005
2007-01-26 00:00:00+00:00,6218.40000,6251.40000,6193.50000,6207.00000,6827
2007-01-29 00:00:00+00:00,6211.00000,6232.50000,6191.50000,6221.00000,4992
2007-01-30 00:00:00+00:00,6211.20000,6229.20000,6187.20000,6211.20000,4929
2007-01-31 00:00:00+00:00,6219.40000,6231.80000,6170.50000,6177.50000,6406
2007-02-01 00:00:00+00:00,6224.50000,6277.50000,6217.60000,6259.10000,5590
2007-02-02 00:00:00+00:00,6257.20000,6303.70000,6255.70000,6292.20000,5296
2007-02-05 00:00:00+00:00,6275.30000,6303.30000,6263.80000,6288.30000,4087
2007-02-06 00:00:00+00:00,6297.40000,6343.90000,6295.40000,6307.00000,4851
2007-02-07 00:00:00+00:00,6325.10000,6362.10000,6318.60000,6361.60000,4723
2007-02-08 00:00:00+00:00,6346.80000,6349.80000,6306.90000,6337.40000,5223
2007-02-09 00:00:00+00:00,6358.00000,6372.90000,6350.50000,6361.00000,3753
2007-02-12 00:00:00+00:00,6338.60000,6351.60000,6320.60000,6340.20000,4257
2007-02-13 00:00:00+00:00,6349.80000,6365.80000,6333.30000,6365.80000,4102
2007-02-14 00:00:00+00:00,6375.40000,6399.50000,6355.00000,6386.50000,3900
2007-02-15 00:00:00+00:00,6400.10000,6415.20000,6372.70000,6401.20000,4393
2007-02-16 00:00:00+00:00,6401.30000,6419.30000,6382.40000,6400.90000,4121
2007-02-19 00:00:00+00:00,6412.40000,6428.40000,6403.40000,6419.50000,2561
2007-02-20 00:00:00+00:00,6420.10000,6423.10000,6366.20000,6400.70000,4596
2007-02-21 00:00:00+00:00,6405.80000,6409.80000,6328.50000,6345.50000,5345
2007-02-22 00:00:00+00:00,6383.60000,6394.60000,6349.10000,6369.60000,4564
2007-02-23 00:00:00+00:00,6381.30000,6384.30000,6330.80000,6379.80000,4675
2007-02-26 00:00:00+00:00,6398.90000,6424.90000,6390.90000,6410.90000,3749
2007-02-27 00:00:00+00:00,6414.50000,6425.00000,6237.70000,6243.20000,9259
2007-02-28 00:00:00+00:00,6182.90000,6216.40000,6120.50000,6128.00000,12560
2007-03-01 00:00:00+00:00,6140.60000,6202.10000,6007.20000,6075.20000,14939
2007-03-02 00:00:00+00:00,6107.30000,6135.30000,6056.90000,6065.90000,11731
2007-03-05 00:00:00+00:00,5996.90000,6059.90000,5961.40000,6009.50000,10631
2007-03-06 00:00:00+00:00,6064.10000,6122.60000,6039.60000,6115.60000,8025
2007-03-07 00:00:00+00:00,6119.80000,6167.30000,6104.80000,6152.30000,6290
2007-03-08 00:00:00+00:00,6178.40000,6237.00000,6176.40000,6221.50000,6541
2007-03-09 00:00:00+00:00,6218.60000,6254.20000,6187.10000,6250.70000,7063
2007-03-12 00:00:00+00:00,6267.20000,6277.20000,6214.80000,6230.80000,6790
2007-03-13 00:00:00+00:00,6223.40000,6235.40000,6145.00000,6158.00000,8455
2007-03-14 00:00:00+00:00,6077.60000,6085.60000,5969.70000,6027.20000,10971
2007-03-15 00:00:00+00:00,6087.80000,6143.90000,6068.30000,6124.90000,7791
2007-03-16 00:00:00+00:00,6119.50000,6146.90000,6092.10000,6133.50000,7648
2007-03-19 00:00:00+00:00,6177.80000,6204.30000,6141.40000,6174.90000,5913
2007-03-20 00:00:00+00:00,6196.90000,6222.90000,6157.60000,6213.50000,6163
2007-03-21 00:00:00+00:00,6215.60000,6300.90000,6210.60000,6286.00000,6201
2007-03-22 00:00:00+00:00,6344.40000,6347.90000,6293.10000,6313.60000,7990
2007-03-23 00:00:00+00:00,6329.60000,6362.10000,6304.70000,6341.70000,7055
2007-03-26 00:00:00+00:00,6349.60000,6365.60000,6281.30000,6324.70000,6530
2007-03-27 00:00:00+00:00,6338.80000,6346.30000,6287.90000,6311.40000,6096
2007-03-28 00:00:00+00:00,6281.60000,6314.00000,6256.20000,6290.10000,7440
2007-03-29 00:00:00+00:00,6292.70000,6345.20000,6289.80000,6312.80000,5491
2007-03-30 00:00:00+00:00,6333.80000,6338.90000,6294.00000,6316.40000,6884
2007-04-02 00:00:00+00:00,6310.40000,6351.30000,6298.50000,6318.90000,6398
2007-04-03 00:00:00+00:00,6356.50000,6380.00000,6338.60000,6370.00000,5130
2007-04-04 00:00:00+00:00,6388.10000,6388.60000,6350.70000,6372.70000,5054
2007-04-05 00:00:00+00:00,6377.30000,6414.80000,6352.30000,6413.30000,4058
2007-04-10 00:00:00+00:00,6409.10000,6434.60000,6394.10000,6421.60000,3964
2007-04-11 00:00:00+00:00,6420.70000,6449.70000,6403.80000,6414.30000,4428
2007-04-12 00:00:00+00:00,6411.90000,6438.90000,6377.50000,6436.90000,5648
2007-04-13 00:00:00+00:00,6429.10000,6472.00000,6423.10000,6460.10000,4926
2007-04-16 00:00:00+00:00,6485.50000,6523.50000,6479.50000,6508.50000,4667
2007-04-17 00:00:00+00:00,6503.60000,6512.20000,6456.70000,6498.70000,6013
2007-04-18 00:00:00+00:00,6490.30000,6492.80000,6442.40000,6459.90000,5971
2007-04-19 00:00:00+00:00,6406.10000,6465.10000,6388.20000,6460.60000,7428
2007-04-20 00:00:00+00:00,6473.20000,6512.70000,6468.70000,6476.80000,5782
2007-04-23 00:00:00+00:00,6499.20000,6504.70000,6465.80000,6479.30000,4634
2007-04-24 00:00:00+00:00,6484.90000,6494.40000,6408.60000,6446.00000,7079
2007-04-25 00:00:00+00:00,6459.10000,6483.60000,6441.70000,6464.20000,5927
2007-04-26 00:00:00+00:00,6498.20000,6515.20000,6445.80000,6477.30000,6087
2007-04-27 00:00:00+00:00,6463.40000,6469.90000,6411.10000,6430.60000,6044
2007-04-30 00:00:00+00:00,6402.50000,6478.00000,6402.00000,6466.00000,6250
2007-05-01 00:00:00+00:00,6437.70000,6439.70000,6392.70000,6405.30000,3409
2007-05-02 00:00:00+00:00,6456.30000,6490.80000,6443.40000,6484.90000,5546
2007-05-03 00:00:00+00:00,6496.40000,6544.40000,6493.50000,6528.50000,6613
2007-05-04 00:00:00+00:00,6542.60000,6615.00000,6539.60000,6592.60000,6706
2007-05-08 00:00:00+00:00,6597.70000,6602.70000,6536.80000,6548.30000,6389
2007-05-09 00:00:00+00:00,6586.40000,6596.40000,6535.00000,6550.00000,5306
2007-05-10 00:00:00+00:00,6553.60000,6572.70000,6496.20000,6503.70000,6982
2007-05-11 00:00:00+00:00,6500.80000,6584.30000,6453.90000,6573.80000,8522
2007-05-14 00:00:00+00:00,6594.30000,6594.80000,6534.40000,6562.40000,5438
2007-05-15 00:00:00+00:00,6544.50000,6583.50000,6535.50000,6575.10000,7250
2007-05-16 00:00:00+00:00,6555.70000,6586.70000,6545.20000,6567.70000,5844
2007-05-17 00:00:00+00:00,6588.80000,6593.90000,6558.40000,6577.40000,4169
2007-05-18 00:00:00+00:00,6582.50000,6662.00000,6581.00000,6656.50000,6330
2007-05-21 00:00:00+00:00,6661.50000,6679.00000,6623.00000,6651.60000,5613
2007-05-22 00:00:00+00:00,6643.70000,6647.70000,6597.30000,6608.80000,5490
2007-05-23 00:00:00+00:00,6613.90000,6643.90000,6611.40000,6623.40000,4859
2007-05-24 00:00:00+00:00,6588.10000,6621.10000,6557.20000,6563.60000,6965
2007-05-25 00:00:00+00:00,6546.30000,6579.80000,6532.30000,6552.80000,5696
2007-05-29 00:00:00+00:00,6598.90000,6615.00000,6570.50000,6584.00000,4947
2007-05-30 00:00:00+00:00,6552.10000,6616.70000,6532.20000,6615.20000,6352
2007-05-31 00:00:00+00:00,6638.80000,6647.30000,6603.90000,6627.40000,6035
2007-06-01 00:00:00+00:00,6617.50000,6677.50000,6617.50000,6660.50000,6126
2007-06-04 00:00:00+00:00,6652.00000,6670.10000,6639.60000,6663.10000,3031
2007-06-05 00:00:00+00:00,6670.20000,6682.20000,6584.80000,6586.80000,6643
2007-06-06 00:00:00+00:00,6634.40000,6641.40000,6515.00000,6534.50000,8695
2007-06-07 00:00:00+00:00,6572.60000,6574.10000,6479.60000,6510.10000,10850
2007-06-08 00:00:00+00:00,6479.80000,6524.30000,6453.80000,6509.80000,10910
2007-06-11 00:00:00+00:00,6520.30000,6595.30000,6520.30000,6587.80000,6106
2007-06-12 00:00:00+00:00,6557.40000,6590.50000,6516.50000,6533.50000,7488
2007-06-13 00:00:00+00:00,6506.10000,6569.70000,6485.10000,6556.20000,8268
2007-06-14 00:00:00+00:00,6599.80000,6657.40000,6593.30000,6656.40000,6685
2007-06-15 00:00:00+00:00,6667.50000,6738.40000,6662.00000,6716.00000,7299
2007-06-18 00:00:00+00:00,6744.00000,6754.90000,6692.40000,6693.40000,5684
2007-06-19 00:00:00+00:00,6706.10000,6723.50000,6647.10000,6663.00000,5919
2007-06-20 00:00:00+00:00,6680.70000,6693.70000,6635.10000,6650.00000,5931
2007-06-21 00:00:00+00:00,6629.40000,6633.40000,6562.90000,6592.80000,8578
2007-06-22 00:00:00+00:00,6615.40000,6615.40000,6523.10000,6529.10000,6059
2007-06-25 00:00:00+00:00,6542.60000,6614.30000,6521.20000,6604.90000,6589
2007-06-26 00:00:00+00:00,6558.90000,6593.30000,6539.50000,6580.90000,7922
2007-06-27 00:00:00+00:00,6532.50000,6539.10000,6494.80000,6531.10000,7639
2007-06-28 00:00:00+00:00,6569.70000,6589.70000,6550.80000,6582.30000,5853
2007-06-29 00:00:00+00:00,6585.50000,6613.00000,6516.40000,6583.70000,7774
2007-07-02 00:00:00+00:00,6580.80000,6612.30000,6567.40000,6588.90000,6650
2007-07-03 00:00:00+00:00,6616.50000,6645.50000,6612.50000,6644.00000,4785
2007-07-04 00:00:00+00:00,6645.30000,6680.30000,6641.30000,6664.90000,3132
2007-07-05 00:00:00+00:00,6679.50000,6691.10000,6617.50000,6620.50000,6750
2007-07-06 00:00:00+00:00,6634.70000,6690.60000,6630.20000,6676.60000,5870
2007-07-09 00:00:00+00:00,6700.10000,6720.10000,6693.70000,6711.30000,4043
2007-07-10 00:00:00+00:00,6707.00000,6727.90000,6613.10000,6613.60000,7839
2007-07-11 00:00:00+00:00,6582.50000,6624.00000,6566.70000,6595.10000,8453
2007-07-12 00:00:00+00:00,6627.20000,6703.10000,6586.40000,6700.60000,6928
2007-07-13 00:00:00+00:00,6734.20000,6742.10000,6699.40000,6699.50000,6418
2007-07-16 00:00:00+00:00,6713.60000,6731.00000,6672.80000,6693.30000,5668
2007-07-17 00:00:00+00:00,6682.10000,6683.10000,6619.90000,6642.90000,6577
2007-07-18 00:00:00+00:00,6586.90000,6622.90000,6527.80000,6537.80000,8598
2007-07-19 00:00:00+00:00,6592.30000,6649.20000,6587.80000,6629.80000,6162
2007-07-20 00:00:00+00:00,6633.60000,6664.40000,6536.10000,6557.00000,6880
2007-07-23 00:00:00+00:00,6583.50000,6618.50000,6571.10000,6607.10000,6587
2007-07-24 00:00:00+00:00,6595.40000,6603.90000,6480.50000,6503.40000,7659
2007-07-25 00:00:00+00:00,6464.30000,6517.20000,6419.10000,6443.50000,9283
2007-07-26 00:00:00+00:00,6446.80000,6455.70000,6211.30000,6213.80000,13147
2007-07-27 00:00:00+00:00,6167.10000,6297.70000,6162.80000,6183.80000,16587
2007-07-30 00:00:00+00:00,6194.20000,6241.70000,6166.40000,6183.40000,11391
2007-07-31 00:00:00+00:00,6244.50000,6355.30000,6236.00000,6353.30000,10107
2007-08-01 00:00:00+00:00,6229.90000,6302.30000,6174.10000,6278.40000,12639
2007-08-02 00:00:00+00:00,6274.10000,6308.70000,6256.80000,6295.20000,9468
2007-08-03 00:00:00+00:00,6310.40000,6310.40000,6196.40000,6216.90000,8952
2007-08-06 00:00:00+00:00,6150.60000,6234.90000,6146.10000,6188.60000,8928
2007-08-07 00:00:00+00:00,6222.30000,6340.60000,6216.90000,6329.60000,7862
2007-08-08 00:00:00+00:00,6350.30000,6407.30000,6316.90000,6367.40000,8106
2007-08-09 00:00:00+00:00,6362.70000,6367.20000,6224.70000,6270.10000,13146
2007-08-10 00:00:00+00:00,6183.10000,6190.10000,6029.10000,6100.40000,16300
2007-08-13 00:00:00+00:00,6107.90000,6238.20000,6098.90000,6183.90000,9443
2007-08-14 00:00:00+00:00,6169.20000,6265.50000,6128.40000,6158.80000,9597
2007-08-15 00:00:00+00:00,6085.80000,6132.80000,6047.90000,6096.90000,10783
2007-08-16 00:00:00+00:00,5989.40000,6014.30000,5828.90000,5850.30000,14444
2007-08-17 00:00:00+00:00,5874.50000,6148.50000,5827.20000,6060.70000,18082
2007-08-20 00:00:00+00:00,6088.70000,6173.50000,6061.40000,6072.90000,10545
2007-08-21 00:00:00+00:00,6136.40000,6136.40000,6039.20000,6106.70000,11253
2007-08-22 00:00:00+00:00,6118.40000,6217.30000,6118.40000,6195.90000,8236
2007-08-23 00:00:00+00:00,6259.50000,6300.90000,6183.80000,6196.30000,8457
2007-08-24 00:00:00+00:00,6206.00000,6254.10000,6192.10000,6246.60000,7448
2007-08-28 00:00:00+00:00,6223.50000,6229.50000,6092.40000,6122.80000,7676
2007-08-29 00:00:00+00:00,6091.10000,6157.20000,6061.70000,6149.70000,9451
2007-08-30 00:00:00+00:00,6179.40000,6234.40000,6126.60000,6196.50000,8282
2007-08-31 00:00:00+00:00,6264.60000,6330.70000,6221.70000,6323.70000,9038
2007-09-03 00:00:00+00:00,6335.80000,6342.30000,6311.30000,6323.40000,3405
2007-09-04 00:00:00+00:00,6314.70000,6390.70000,6279.20000,6387.30000,7629
2007-09-05 00:00:00+00:00,6368.50000,6396.50000,6266.80000,6298.80000,9726
2007-09-06 00:00:00+00:00,6328.00000,6341.60000,6219.60000,6338.10000,10373
2007-09-07 00:00:00+00:00,6310.40000,6345.90000,6179.60000,6231.60000,9906
2007-09-10 00:00:00+00:00,6221.60000,6234.70000,6121.80000,6144.30000,10039
2007-09-11 00:00:00+00:00,6199.00000,6285.60000,6180.60000,6274.60000,8322
2007-09-12 00:00:00+00:00,6283.40000,6322.50000,6233.50000,6302.00000,7668
2007-09-13 00:00:00+00:00,6295.30000,6377.40000,6283.30000,6355.40000,7821
2007-09-14 00:00:00+00:00,6312.20000,6335.70000,6209.30000,6285.30000,10894
2007-09-17 00:00:00+00:00,6259.40000,6263.40000,6145.00000,6161.10000,10205
2007-09-18 00:00:00+00:00,6164.30000,6301.40000,6158.80000,6288.90000,10031
2007-09-19 00:00:00+00:00,6416.60000,6515.80000,6399.20000,6468.80000,10753
2007-09-20 00:00:00+00:00,6446.00000,6455.00000,6397.10000,6432.70000,9607
2007-09-21 00:00:00+00:00,6410.90000,6490.90000,6410.40000,6480.10000,7146
2007-09-24 00:00:00+00:00,6446.60000,6501.30000,6446.10000,6464.70000,5520
2007-09-25 00:00:00+00:00,6441.30000,6447.80000,6371.10000,6396.00000,8646
2007-09-26 00:00:00+00:00,6442.50000,6491.70000,6423.80000,6439.20000,8310
2007-09-27 00:00:00+00:00,6480.80000,6513.70000,6470.90000,6480.50000,10559
2007-09-28 00:00:00+00:00,6495.30000,6508.70000,6413.20000,6451.90000,9731
2007-10-01 00:00:00+00:00,6420.90000,6523.80000,6414.90000,6518.80000,9851
2007-10-02 00:00:00+00:00,6539.60000,6571.80000,6493.20000,6500.10000,8911
2007-10-03 00:00:00+00:00,6527.30000,6549.90000,6500.60000,6541.00000,8217
2007-10-04 00:00:00+00:00,6528.00000,6596.00000,6516.10000,6557.50000,9735
2007-10-05 00:00:00+00:00,6582.20000,6611.10000,6556.00000,6594.40000,7141
2007-10-08 00:00:00+00:00,6605.50000,6609.50000,6530.80000,6538.80000,4611
2007-10-09 00:00:00+00:00,6545.60000,6630.20000,6528.70000,6608.40000,6966
2007-10-10 00:00:00+00:00,6627.20000,6641.30000,6590.50000,6628.40000,7536
2007-10-11 00:00:00+00:00,6652.20000,6738.80000,6646.20000,6737.80000,8541
2007-10-12 00:00:00+00:00,6692.10000,6744.90000,6663.80000,6735.00000,7142
2007-10-15 00:00:00+00:00,6724.90000,6756.70000,6632.70000,6646.10000,6439
2007-10-16 00:00:00+00:00,6641.10000,6641.10000,6600.90000,6620.00000,7602
2007-10-17 00:00:00+00:00,6619.40000,6693.20000,6594.10000,6664.40000,8459
2007-10-18 00:00:00+00:00,6693.10000,6726.40000,6584.40000,6620.80000,9257
2007-10-19 00:00:00+00:00,6593.40000,6617.80000,6520.10000,6542.00000,7869
2007-10-22 00:00:00+00:00,6406.00000,6493.20000,6401.50000,6466.40000,9772
2007-10-23 00:00:00+00:00,6487.60000,6563.80000,6487.60000,6518.70000,7990
2007-10-24 00:00:00+00:00,6519.10000,6551.10000,6456.70000,6494.50000,8752
2007-10-25 00:00:00+00:00,6542.10000,6585.50000,6520.30000,6564.80000,8379
2007-10-26 00:00:00+00:00,6581.10000,6681.70000,6563.20000,6660.90000,8390
2007-10-29 00:00:00+00:00,6717.40000,6718.90000,6669.80000,6702.70000,5902
2007-10-30 00:00:00+00:00,6680.70000,6692.20000,6650.60000,6672.50000,5641
2007-10-31 00:00:00+00:00,6663.50000,6726.40000,6638.10000,6718.00000,6871
2007-11-01 00:00:00+00:00,6707.40000,6725.30000,6549.90000,6574.90000,10949
2007-11-02 00:00:00+00:00,6539.90000,6567.00000,6482.40000,6545.60000,11977
2007-11-05 00:00:00+00:00,6495.60000,6502.60000,6418.60000,6479.40000,9882
2007-11-06 00:00:00+00:00,6510.70000,6513.20000,6456.60000,6484.60000,7565
2007-11-07 00:00:00+00:00,6510.30000,6524.80000,6373.60000,6386.10000,10582
2007-11-08 00:00:00+00:00,6307.90000,6433.40000,6288.40000,6373.80000,12411
2007-11-09 00:00:00+00:00,6393.60000,6444.90000,6271.30000,6327.10000,12480
2007-11-12 00:00:00+00:00,6278.00000,6368.20000,6269.60000,6336.50000,9433
2007-11-13 00:00:00+00:00,6299.50000,6391.90000,6279.60000,6364.00000,9448
2007-11-14 00:00:00+00:00,6428.20000,6463.10000,6383.00000,6454.90000,10249
2007-11-15 00:00:00+00:00,6435.30000,6465.20000,6333.40000,6334.40000,10850
2007-11-16 00:00:00+00:00,6323.80000,6357.40000,6281.70000,6304.70000,10929
2007-11-19 00:00:00+00:00,6299.80000,6331.70000,6112.60000,6139.10000,11504
2007-11-20 00:00:00+00:00,6153.40000,6238.90000,6078.70000,6203.00000,12994
2007-11-21 00:00:00+00:00,6165.50000,6180.00000,6047.50000,6087.50000,12510
2007-11-22 00:00:00+00:00,6105.80000,6174.30000,6032.50000,6172.30000,5557
2007-11-23 00:00:00+00:00,6161.70000,6275.60000,6157.70000,6269.70000,7835
2007-11-26 00:00:00+00:00,6315.20000,6316.20000,6181.70000,6205.20000,9860
2007-11-27 00:00:00+00:00,6161.20000,6208.60000,6069.60000,6150.50000,12222
2007-11-28 00:00:00+00:00,6185.80000,6336.10000,6117.90000,6334.10000,11479
2007-11-29 00:00:00+00:00,6364.00000,6374.20000,6283.20000,6362.20000,10506
2007-11-30 00:00:00+00:00,6360.60000,6467.10000,6342.20000,6441.20000,11215
2007-12-03 00:00:00+00:00,6433.90000,6466.80000,6389.20000,6407.20000,8744
2007-12-04 00:00:00+00:00,6404.60000,6411.10000,6297.40000,6346.40000,9786
2007-12-05 00:00:00+00:00,6367.80000,6513.30000,6363.80000,6509.30000,8986
2007-12-06 00:00:00+00:00,6535.70000,6610.20000,6445.00000,6504.00000,11768
2007-12-07 00:00:00+00:00,6535.80000,6584.90000,6526.30000,6570.00000,8788
2007-12-10 00:00:00+00:00,6535.80000,6605.90000,6535.30000,6571.50000,8925
2007-12-11 00:00:00+00:00,6601.40000,6601.40000,6521.50000,6553.20000,7262
2007-12-12 00:00:00+00:00,6478.10000,6617.70000,6431.20000,6567.80000,11916
2007-12-13 00:00:00+00:00,6495.80000,6510.80000,6361.10000,6383.60000,12644
2007-12-14 00:00:00+00:00,6409.50000,6432.20000,6339.20000,6381.70000,9741
2007-12-17 00:00:00+00:00,6325.40000,6340.90000,6266.60000,6275.20000,10340
2007-12-18 00:00:00+00:00,6257.10000,6352.20000,6237.30000,6266.30000,10676
2007-12-19 00:00:00+00:00,6298.70000,6324.40000,6251.80000,6296.40000,9164
2007-12-20 00:00:00+00:00,6304.80000,6370.00000,6291.80000,6359.10000,7542
2007-12-21 00:00:00+00:00,6410.90000,6457.50000,6398.90000,6435.10000,6858
2007-12-24 00:00:00+00:00,6459.60000,6490.10000,6450.70000,6477.60000,1099
2007-12-27 00:00:00+00:00,6478.40000,6509.80000,6472.50000,6472.50000,4485
2007-12-28 00:00:00+00:00,6454.20000,6490.60000,6430.80000,6472.70000,4543
2007-12-31 00:00:00+00:00,6464.40000,6466.90000,6427.10000,6436.60000,2022
2008-01-02 00:00:00+00:00,6429.00000,6508.40000,6385.30000,6399.20000,8090
2008-01-03 00:00:00+00:00,6402.40000,6489.70000,6385.40000,6489.20000,10058
2008-01-04 00:00:00+00:00,6490.40000,6527.30000,6320.90000,6332.90000,10702
2008-01-07 00:00:00+00:00,6328.10000,6364.50000,6258.90000,6334.70000,10535
2008-01-08 00:00:00+00:00,6347.30000,6387.20000,6319.90000,6326.90000,9297
2008-01-09 00:00:00+00:00,6288.20000,6290.70000,6223.40000,6252.90000,11653
2008-01-10 00:00:00+00:00,6268.00000,6296.90000,6185.30000,6244.20000,11869
2008-01-11 00:00:00+00:00,6223.90000,6231.90000,6127.20000,6159.60000,12294
2008-01-14 00:00:00+00:00,6149.80000,6229.60000,6146.80000,6179.30000,8516
2008-01-15 00:00:00+00:00,6161.00000,6178.00000,5984.60000,6038.40000,12081
2008-01-16 00:00:00+00:00,5986.20000,6009.20000,5880.50000,5941.40000,14882
2008-01-17 00:00:00+00:00,5967.00000,6003.90000,5842.40000,5846.40000,15043
2008-01-18 00:00:00+00:00,5875.40000,6005.70000,5832.10000,5874.50000,17057
2008-01-21 00:00:00+00:00,5761.40000,5793.90000,5531.50000,5547.50000,19846
2008-01-22 00:00:00+00:00,5375.00000,5768.70000,5293.70000,5768.70000,21105
2008-01-23 00:00:00+00:00,5780.80000,5821.20000,5483.00000,5580.40000,20229
2008-01-24 00:00:00+00:00,5772.10000,5870.40000,5706.20000,5824.00000,17356
2008-01-25 00:00:00+00:00,5972.90000,5972.90000,5814.80000,5856.70000,13450
2008-01-28 00:00:00+00:00,5805.40000,5812.90000,5672.20000,5740.10000,12854
2008-01-29 00:00:00+00:00,5802.10000,5865.10000,5768.80000,5837.10000,11520
2008-01-30 00:00:00+00:00,5822.30000,5839.80000,5776.00000,5781.00000,9087
2008-01-31 00:00:00+00:00,5793.60000,5881.00000,5653.40000,5846.10000,16250
2008-02-01 00:00:00+00:00,5923.60000,6014.50000,5910.10000,5989.10000,14257
2008-02-04 00:00:00+00:00,6018.60000,6035.10000,5962.80000,5968.80000,8734
2008-02-05 00:00:00+00:00,5982.90000,5983.40000,5812.30000,5843.30000,12329
2008-02-06 00:00:00+00:00,5800.50000,5867.90000,5785.60000,5842.00000,12302
2008-02-07 00:00:00+00:00,5824.60000,5829.10000,5672.00000,5703.90000,14177
2008-02-08 00:00:00+00:00,5740.00000,5770.50000,5669.20000,5730.60000,12172
2008-02-11 00:00:00+00:00,5694.30000,5757.20000,5645.40000,5682.90000,10991
2008-02-12 00:00:00+00:00,5739.90000,5877.80000,5672.50000,5840.40000,12848
2008-02-13 00:00:00+00:00,5814.00000,5884.00000,5779.10000,5857.10000,11566
2008-02-14 00:00:00+00:00,5882.70000,5903.10000,5823.30000,5851.30000,11081
2008-02-15 00:00:00+00:00,5852.90000,5881.90000,5724.70000,5762.10000,12536
2008-02-18 00:00:00+00:00,5810.70000,5918.60000,5798.20000,5892.70000,7289
2008-02-19 00:00:00+00:00,5872.80000,5998.70000,5845.40000,5944.80000,12708
2008-02-20 00:00:00+00:00,5865.10000,5908.60000,5814.20000,5889.10000,12660
2008-02-21 00:00:00+00:00,5905.30000,5974.20000,5880.80000,5899.40000,10667
2008-02-22 00:00:00+00:00,5864.50000,5938.50000,5828.10000,5847.60000,10634
2008-02-25 00:00:00+00:00,5919.70000,5980.10000,5887.80000,5929.80000,9471
2008-02-26 00:00:00+00:00,5986.80000,6084.30000,5957.40000,6077.90000,11516
2008-02-27 00:00:00+00:00,6081.50000,6081.50000,5953.20000,6041.10000,11174
2008-02-28 00:00:00+00:00,6017.30000,6055.80000,5922.40000,5948.40000,11606
2008-02-29 00:00:00+00:00,5903.60000,5949.60000,5819.80000,5865.70000,13883
2008-03-03 00:00:00+00:00,5761.90000,5827.90000,5731.50000,5813.50000,11310
2008-03-04 00:00:00+00:00,5781.60000,5836.10000,5680.80000,5748.70000,13622
2008-03-05 00:00:00+00:00,5786.40000,5856.90000,5753.40000,5834.40000,11311
2008-03-06 00:00:00+00:00,5852.00000,5852.00000,5726.70000,5743.70000,12497
2008-03-07 00:00:00+00:00,5691.90000,5748.90000,5640.90000,5671.90000,13479
2008-03-10 00:00:00+00:00,5665.50000,5708.60000,5604.10000,5633.10000,12012
2008-03-11 00:00:00+00:00,5646.80000,5776.30000,5632.30000,5689.30000,14518
2008-03-12 00:00:00+00:00,5760.40000,5810.40000,5736.00000,5762.00000,12560
2008-03-13 00:00:00+00:00,5664.20000,5732.30000,5621.80000,5729.30000,15051
2008-03-14 00:00:00+00:00,5686.90000,5778.40000,5587.50000,5600.50000,15836
2008-03-17 00:00:00+00:00,5503.60000,5533.20000,5409.70000,5433.70000,18422
2008-03-18 00:00:00+00:00,5492.30000,5601.90000,5480.30000,5590.40000,12962
2008-03-19 00:00:00+00:00,5631.50000,5655.00000,5507.10000,5507.10000,16078
2008-03-20 00:00:00+00:00,5500.80000,5550.00000,5463.10000,5514.10000,12613
2008-03-25 00:00:00+00:00,5694.30000,5714.70000,5629.40000,5689.30000,11712
2008-03-26 00:00:00+00:00,5661.90000,5694.40000,5647.90000,5658.00000,9795
2008-03-27 00:00:00+00:00,5664.50000,5749.40000,5659.50000,5723.50000,11398
2008-03-28 00:00:00+00:00,5750.50000,5756.50000,5682.60000,5691.10000,9625
2008-03-31 00:00:00+00:00,5665.00000,5726.40000,5589.10000,5712.40000,12214
2008-04-01 00:00:00+00:00,5671.10000,5878.80000,5671.10000,5872.30000,11649
2008-04-02 00:00:00+00:00,5879.40000,5935.80000,5835.40000,5926.30000,10655
2008-04-03 00:00:00+00:00,5938.90000,5939.40000,5872.50000,5903.00000,9624
2008-04-04 00:00:00+00:00,5920.00000,5968.00000,5896.10000,5967.50000,9118
2008-04-07 00:00:00+00:00,5981.30000,6039.30000,5970.80000,6031.30000,7931
2008-04-08 00:00:00+00:00,5996.40000,5999.90000,5946.00000,5987.90000,8007
2008-04-09 00:00:00+00:00,5962.10000,6023.50000,5953.60000,5984.60000,8003
2008-04-10 00:00:00+00:00,5993.60000,6010.10000,5882.30000,5964.70000,10954
2008-04-11 00:00:00+00:00,6007.20000,6021.70000,5865.90000,5871.90000,11339
2008-04-14 00:00:00+00:00,5851.80000,5876.80000,5824.40000,5861.80000,8424
2008-04-15 00:00:00+00:00,5875.90000,5946.80000,5863.90000,5922.40000,9731
2008-04-16 00:00:00+00:00,5950.90000,6059.30000,5933.90000,6058.30000,8955
2008-04-17 00:00:00+00:00,6062.40000,6087.80000,5964.50000,5978.00000,10430
2008-04-18 00:00:00+00:00,5995.60000,6073.50000,5977.10000,6071.00000,10547
2008-04-21 00:00:00+00:00,6075.80000,6089.80000,6023.40000,6060.40000,7713
2008-04-22 00:00:00+00:00,6020.50000,6075.50000,6006.10000,6017.10000,9349
2008-04-23 00:00:00+00:00,6053.10000,6097.10000,5980.70000,6066.10000,11504
2008-04-24 00:00:00+00:00,6072.20000,6092.20000,5953.80000,6080.20000,11976
2008-04-25 00:00:00+00:00,6093.30000,6116.80000,6050.30000,6109.30000,9623
2008-04-28 00:00:00+00:00,6126.60000,6141.10000,6089.70000,6108.20000,6995
2008-04-29 00:00:00+00:00,6092.80000,6137.70000,6049.30000,6084.80000,8297
2008-04-30 00:00:00+00:00,6088.90000,6124.90000,6035.40000,6076.40000,9585
2008-05-01 00:00:00+00:00,6092.50000,6121.00000,6062.50000,6096.50000,4176
2008-05-02 00:00:00+00:00,6134.10000,6230.00000,6117.60000,6191.10000,9255
2008-05-06 00:00:00+00:00,6201.50000,6237.00000,6151.10000,6229.00000,8924
2008-05-07 00:00:00+00:00,6227.10000,6271.60000,6209.60000,6247.10000,7905
2008-05-08 00:00:00+00:00,6221.70000,6272.70000,6215.20000,6256.80000,8523
2008-05-09 00:00:00+00:00,6242.30000,6246.30000,6161.90000,6188.40000,8769
2008-05-12 00:00:00+00:00,6210.20000,6250.70000,6177.80000,6238.30000,6168
2008-05-13 00:00:00+00:00,6255.80000,6265.80000,6134.90000,6214.90000,10087
2008-05-14 00:00:00+00:00,6239.90000,6259.00000,6168.50000,6217.50000,9705
2008-05-15 00:00:00+00:00,6209.10000,6263.60000,6173.10000,6263.10000,9090
2008-05-16 00:00:00+00:00,6283.70000,6355.10000,6268.70000,6310.70000,9514
2008-05-19 00:00:00+00:00,6326.00000,6391.50000,6302.50000,6384.00000,7073
2008-05-20 00:00:00+00:00,6358.10000,6358.10000,6181.80000,6203.30000,10872
2008-05-21 00:00:00+00:00,6219.30000,6261.80000,6185.90000,6208.90000,10893
2008-05-22 00:00:00+00:00,6170.00000,6228.40000,6154.00000,6181.50000,12091
2008-05-23 00:00:00+00:00,6195.60000,6195.60000,6080.70000,6104.20000,9506
2008-05-27 00:00:00+00:00,6120.10000,6141.10000,6047.20000,6068.70000,8418
2008-05-28 00:00:00+00:00,6078.20000,6125.20000,6050.80000,6073.30000,8570
2008-05-29 00:00:00+00:00,6111.80000,6132.30000,6039.40000,6088.40000,8528
2008-05-30 00:00:00+00:00,6070.00000,6114.00000,6031.50000,6046.00000,8633
2008-06-02 00:00:00+00:00,6040.90000,6046.90000,5973.40000,6002.40000,8930
2008-06-03 00:00:00+00:00,5998.00000,6065.50000,5989.50000,6026.00000,9092
2008-06-04 00:00:00+00:00,6035.60000,6035.60000,5943.20000,5959.20000,10088
2008-06-05 00:00:00+00:00,5986.20000,6034.30000,5948.30000,6033.30000,10233
2008-06-06 00:00:00+00:00,6043.30000,6085.80000,5861.40000,5864.90000,12577
2008-06-09 00:00:00+00:00,5898.70000,5949.20000,5839.30000,5878.80000,12472
2008-06-10 00:00:00+00:00,5860.30000,5881.40000,5820.40000,5848.40000,11300
2008-06-11 00:00:00+00:00,5852.90000,5861.40000,5711.50000,5721.00000,12122
2008-06-12 00:00:00+00:00,5735.10000,5803.10000,5724.10000,5767.10000,11040
2008-06-13 00:00:00+00:00,5785.20000,5824.20000,5722.70000,5812.80000,10940
2008-06-16 00:00:00+00:00,5818.50000,5832.50000,5760.10000,5805.60000,10225
2008-06-17 00:00:00+00:00,5809.60000,5933.70000,5803.60000,5839.70000,9920
2008-06-18 00:00:00+00:00,5839.80000,5839.80000,5735.30000,5771.30000,9951
2008-06-19 00:00:00+00:00,5746.90000,5787.90000,5698.90000,5736.40000,10493
2008-06-20 00:00:00+00:00,5712.50000,5730.50000,5590.20000,5618.60000,10384
2008-06-23 00:00:00+00:00,5621.40000,5690.20000,5599.10000,5666.40000,10496
2008-06-24 00:00:00+00:00,5671.50000,5687.90000,5577.50000,5623.90000,12372
2008-06-25 00:00:00+00:00,5641.00000,5683.90000,5629.60000,5636.20000,10392
2008-06-26 00:00:00+00:00,5631.40000,5640.30000,5473.40000,5480.30000,12285
2008-06-27 00:00:00+00:00,5505.90000,5551.70000,5462.10000,5496.60000,14798
2008-06-30 00:00:00+00:00,5528.70000,5632.90000,5512.30000,5602.10000,13149
2008-07-01 00:00:00+00:00,5575.30000,5596.70000,5414.70000,5497.90000,15284
2008-07-02 00:00:00+00:00,5477.10000,5560.30000,5358.90000,5363.80000,12767
2008-07-03 00:00:00+00:00,5369.00000,5484.50000,5351.10000,5462.20000,15804
2008-07-04 00:00:00+00:00,5465.80000,5469.30000,5381.30000,5415.70000,5506
2008-07-07 00:00:00+00:00,5464.30000,5509.20000,5377.40000,5415.70000,12168
2008-07-08 00:00:00+00:00,5374.10000,5513.10000,5346.70000,5513.10000,14554
2008-07-09 00:00:00+00:00,5485.90000,5528.30000,5416.90000,5426.30000,10133
2008-07-10 00:00:00+00:00,5432.90000,5471.30000,5370.40000,5427.10000,12317
2008-07-11 00:00:00+00:00,5419.80000,5449.70000,5234.70000,5293.00000,14813
2008-07-14 00:00:00+00:00,5308.70000,5363.60000,5252.60000,5270.60000,11483
2008-07-15 00:00:00+00:00,5254.30000,5254.30000,5105.40000,5155.80000,15324
2008-07-16 00:00:00+00:00,5176.90000,5210.90000,5053.90000,5208.90000,15129
2008-07-17 00:00:00+00:00,5195.10000,5324.80000,5186.20000,5306.90000,14644
2008-07-18 00:00:00+00:00,5231.80000,5364.90000,5202.40000,5362.00000,13593
2008-07-21 00:00:00+00:00,5352.80000,5430.60000,5314.90000,5374.90000,11140
2008-07-22 00:00:00+00:00,5328.20000,5406.10000,5264.50000,5406.10000,10269
2008-07-23 00:00:00+00:00,5415.70000,5460.10000,5366.90000,5416.40000,10747
2008-07-24 00:00:00+00:00,5452.40000,5457.40000,5303.10000,5309.60000,12117
2008-07-25 00:00:00+00:00,5301.30000,5357.20000,5272.90000,5334.30000,11177
2008-07-28 00:00:00+00:00,5341.10000,5347.10000,5239.60000,5245.10000,8524
2008-07-29 00:00:00+00:00,5243.70000,5340.60000,5241.20000,5337.60000,10731
2008-07-30 00:00:00+00:00,5359.20000,5431.10000,5350.70000,5429.60000,10539
2008-07-31 00:00:00+00:00,5428.30000,5438.80000,5348.70000,5357.20000,11160
2008-08-01 00:00:00+00:00,5350.30000,5391.30000,5293.10000,5335.50000,9637
2008-08-04 00:00:00+00:00,5333.80000,5396.70000,5283.60000,5297.10000,10584
2008-08-05 00:00:00+00:00,5308.70000,5480.40000,5275.30000,5478.90000,11065
2008-08-06 00:00:00+00:00,5456.60000,5515.60000,5430.30000,5506.70000,10646
2008-08-07 00:00:00+00:00,5460.50000,5529.30000,5419.20000,5436.20000,10243
2008-08-08 00:00:00+00:00,5442.30000,5517.80000,5397.50000,5506.40000,10872
2008-08-11 00:00:00+00:00,5504.70000,5542.70000,5465.30000,5518.30000,7891
2008-08-12 00:00:00+00:00,5509.50000,5558.40000,5479.10000,5519.10000,10159
2008-08-13 00:00:00+00:00,5507.80000,5514.30000,5425.60000,5480.10000,10985
2008-08-14 00:00:00+00:00,5492.20000,5534.10000,5436.90000,5486.90000,10206
2008-08-15 00:00:00+00:00,5517.40000,5534.40000,5422.20000,5442.80000,10564
2008-08-18 00:00:00+00:00,5430.10000,5493.10000,5377.40000,5399.80000,9182
2008-08-19 00:00:00+00:00,5386.00000,5393.50000,5297.30000,5326.80000,9859
2008-08-20 00:00:00+00:00,5342.40000,5391.40000,5327.50000,5376.00000,9870
2008-08-21 00:00:00+00:00,5330.80000,5413.70000,5311.80000,5396.80000,9847
2008-08-22 00:00:00+00:00,5395.00000,5515.40000,5369.50000,5492.50000,10145
2008-08-26 00:00:00+00:00,5442.20000,5499.70000,5370.80000,5469.30000,10678
2008-08-27 00:00:00+00:00,5465.00000,5566.50000,5436.50000,5546.50000,10076
2008-08-28 00:00:00+00:00,5523.70000,5639.20000,5496.30000,5621.80000,9975
2008-08-29 00:00:00+00:00,5624.90000,5651.50000,5587.00000,5626.10000,8202
2008-09-01 00:00:00+00:00,5598.90000,5626.00000,5573.00000,5610.60000,5051
2008-09-02 00:00:00+00:00,5594.80000,5650.30000,5549.00000,5564.00000,11286
2008-09-03 00:00:00+00:00,5568.10000,5585.60000,5477.40000,5509.90000,12014
2008-09-04 00:00:00+00:00,5512.50000,5544.60000,5312.90000,5326.40000,12409
2008-09-05 00:00:00+00:00,5330.50000,5362.00000,5227.70000,5321.70000,14852
2008-09-08 00:00:00+00:00,5417.40000,5538.40000,5412.40000,5494.00000,15055
2008-09-09 00:00:00+00:00,5458.70000,5531.70000,5340.90000,5340.90000,14686
2008-09-10 00:00:00+00:00,5393.60000,5431.20000,5328.20000,5385.20000,13555
2008-09-11 00:00:00+00:00,5362.40000,5405.10000,5260.00000,5398.60000,12402
2008-09-12 00:00:00+00:00,5383.20000,5430.30000,5320.30000,5418.90000,11815
2008-09-15 00:00:00+00:00,5283.20000,5284.20000,5108.90000,5114.90000,16986
2008-09-16 00:00:00+00:00,5114.10000,5144.10000,4959.70000,5069.70000,19929
2008-09-17 00:00:00+00:00,5064.90000,5121.90000,4863.50000,4864.50000,18865
2008-09-18 00:00:00+00:00,4921.70000,5130.30000,4804.30000,5079.30000,20430
2008-09-19 00:00:00+00:00,5193.00000,5435.20000,5161.00000,5399.80000,17769
2008-09-22 00:00:00+00:00,5349.20000,5362.20000,5171.60000,5187.60000,14155
2008-09-23 00:00:00+00:00,5234.50000,5253.50000,5084.90000,5105.90000,14353
2008-09-24 00:00:00+00:00,5171.30000,5184.30000,5097.50000,5126.90000,11734
2008-09-25 00:00:00+00:00,5121.00000,5273.80000,5079.10000,5237.30000,12816
2008-09-26 00:00:00+00:00,5162.50000,5175.10000,5079.20000,5174.60000,13237
2008-09-29 00:00:00+00:00,5055.10000,5076.60000,4553.60000,4635.40000,18470
2008-09-30 00:00:00+00:00,4733.30000,5066.20000,4696.90000,5055.80000,19714
2008-10-01 00:00:00+00:00,5014.90000,5090.80000,4919.10000,5061.90000,15824
2008-10-02 00:00:00+00:00,5004.50000,5077.90000,4853.90000,4879.30000,15258
2008-10-03 00:00:00+00:00,4916.80000,5048.10000,4823.00000,4838.00000,15521
2008-10-06 00:00:00+00:00,4761.90000,4806.30000,4450.00000,4631.20000,19072
2008-10-07 00:00:00+00:00,4679.10000,4765.00000,4424.60000,4424.60000,22607
2008-10-08 00:00:00+00:00,4449.60000,4692.30000,4241.50000,4346.90000,28164
2008-10-09 00:00:00+00:00,4447.70000,4516.10000,4092.90000,4141.80000,20151
2008-10-10 00:00:00+00:00,3963.60000,4156.80000,3828.90000,4061.50000,28401
2008-10-13 00:00:00+00:00,4178.10000,4477.70000,4054.80000,4477.20000,21052
2008-10-14 00:00:00+00:00,4456.70000,4548.10000,4258.60000,4360.90000,20449
2008-10-15 00:00:00+00:00,4391.40000,4391.40000,3900.20000,3904.20000,19477
2008-10-16 00:00:00+00:00,3898.30000,4073.60000,3805.90000,4064.10000,22719
2008-10-17 00:00:00+00:00,4058.60000,4229.90000,3858.90000,4061.70000,19647
2008-10-20 00:00:00+00:00,4154.80000,4371.50000,4065.90000,4369.50000,17584
2008-10-21 00:00:00+00:00,4349.10000,4357.10000,4157.40000,4212.80000,17049
2008-10-22 00:00:00+00:00,4124.50000,4205.40000,3849.90000,3959.80000,17529
2008-10-23 00:00:00+00:00,4041.70000,4110.60000,3855.00000,4056.70000,20734
2008-10-24 00:00:00+00:00,3877.00000,3931.90000,3699.30000,3847.60000,20800
2008-10-27 00:00:00+00:00,3689.50000,3935.20000,3648.60000,3728.50000,20703
2008-10-28 00:00:00+00:00,3924.80000,4232.00000,3830.90000,4225.00000,20835
2008-10-29 00:00:00+00:00,4174.10000,4331.00000,4044.80000,4191.60000,19361
2008-10-30 00:00:00+00:00,4325.00000,4347.00000,4191.20000,4304.60000,19406
2008-10-31 00:00:00+00:00,4279.20000,4428.60000,4186.80000,4419.10000,16022
2008-11-03 00:00:00+00:00,4440.30000,4466.30000,4343.40000,4430.90000,15452
2008-11-04 00:00:00+00:00,4425.40000,4682.70000,4394.90000,4678.20000,17022
2008-11-05 00:00:00+00:00,4630.80000,4632.30000,4402.60000,4425.60000,15996
2008-11-06 00:00:00+00:00,4373.20000,4470.10000,4147.40000,4188.40000,21989
2008-11-07 00:00:00+00:00,4310.30000,4432.30000,4249.90000,4430.80000,17868
2008-11-10 00:00:00+00:00,4545.90000,4545.90000,4281.70000,4338.70000,14216
2008-11-11 00:00:00+00:00,4318.70000,4361.70000,4217.30000,4301.80000,16411
2008-11-12 00:00:00+00:00,4342.30000,4342.80000,4102.10000,4119.10000,18537
2008-11-13 00:00:00+00:00,4073.60000,4425.90000,4025.20000,4423.40000,20503
2008-11-14 00:00:00+00:00,4336.50000,4342.10000,4154.20000,4183.20000,18559
2008-11-17 00:00:00+00:00,4183.90000,4243.40000,4101.00000,4111.00000,16592
2008-11-18 00:00:00+00:00,4124.10000,4248.00000,4021.10000,4221.00000,17791
2008-11-19 00:00:00+00:00,4202.10000,4214.10000,3915.30000,3921.80000,17630
2008-11-20 00:00:00+00:00,3878.40000,3979.40000,3689.60000,3716.60000,21479
2008-11-21 00:00:00+00:00,3872.50000,3954.00000,3700.70000,3922.50000,20685
2008-11-24 00:00:00+00:00,3882.30000,4231.60000,3830.80000,4172.10000,19349
2008-11-25 00:00:00+00:00,4115.20000,4276.70000,4064.80000,4154.80000,20786
2008-11-26 00:00:00+00:00,4095.30000,4256.80000,4052.40000,4236.80000,17134
2008-11-27 00:00:00+00:00,4211.90000,4252.90000,4173.40000,4242.90000,6824
2008-11-28 00:00:00+00:00,4255.40000,4320.40000,4192.50000,4309.50000,11697
2008-12-01 00:00:00+00:00,4259.20000,4284.20000,3953.40000,3967.90000,15243
2008-12-02 00:00:00+00:00,3998.40000,4169.90000,3970.90000,4160.90000,18589
2008-12-03 00:00:00+00:00,4121.00000,4232.50000,4041.50000,4225.00000,17024
2008-12-04 00:00:00+00:00,4176.60000,4269.00000,4015.20000,4068.60000,18093
2008-12-05 00:00:00+00:00,4125.20000,4221.20000,4002.20000,4196.20000,18675
2008-12-08 00:00:00+00:00,4323.90000,4348.90000,4204.90000,4311.00000,16249
2008-12-09 00:00:00+00:00,4263.50000,4424.00000,4236.50000,4333.60000,16780
2008-12-10 00:00:00+00:00,4365.10000,4417.60000,4330.60000,4392.10000,14545
2008-12-11 00:00:00+00:00,4361.20000,4438.70000,4309.30000,4334.80000,13724
2008-12-12 00:00:00+00:00,4199.30000,4359.30000,4198.80000,4339.40000,16545
2008-12-15 00:00:00+00:00,4327.60000,4347.10000,4238.60000,4289.10000,13265
2008-12-16 00:00:00+00:00,4267.20000,4424.70000,4248.20000,4397.20000,14573
2008-12-17 00:00:00+00:00,4360.30000,4388.30000,4227.30000,4331.90000,14901
2008-12-18 00:00:00+00:00,4326.40000,4360.40000,4229.40000,4272.40000,12800
2008-12-19 00:00:00+00:00,4282.00000,4337.00000,4199.30000,4277.10000,11728
2008-12-22 00:00:00+00:00,4253.80000,4311.60000,4185.30000,4242.10000,8369
2008-12-23 00:00:00+00:00,4262.60000,4314.30000,4218.80000,4252.90000,6875
2008-12-24 00:00:00+00:00,4282.40000,4282.40000,4199.00000,4215.50000,1321
2008-12-29 00:00:00+00:00,4227.80000,4327.20000,4227.80000,4327.20000,6453
2008-12-30 00:00:00+00:00,4342.10000,4449.50000,4335.00000,4447.50000,5537
2008-12-31 00:00:00+00:00,4449.40000,4449.40000,4404.60000,4410.10000,2055
2009-01-02 00:00:00+00:00,4421.70000,4620.50000,4415.60000,4601.40000,6577
2009-01-05 00:00:00+00:00,4611.70000,4611.70000,4507.20000,4572.40000,10367
2009-01-06 00:00:00+00:00,4595.90000,4669.60000,4550.10000,4633.90000,12237
2009-01-07 00:00:00+00:00,4621.20000,4621.20000,4451.30000,4471.90000,13200
2009-01-08 00:00:00+00:00,4450.60000,4525.80000,4396.80000,4521.30000,12579
2009-01-09 00:00:00+00:00,4508.60000,4527.60000,4411.50000,4421.60000,11527
2009-01-12 00:00:00+00:00,4423.90000,4462.00000,4350.90000,4378.00000,10899
2009-01-13 00:00:00+00:00,4378.40000,4398.40000,4303.10000,4385.30000,13562
2009-01-14 00:00:00+00:00,4402.70000,4405.70000,4094.40000,4145.00000,15535
2009-01-15 00:00:00+00:00,4148.90000,4194.50000,4068.50000,4168.40000,17146
2009-01-16 00:00:00+00:00,4183.80000,4237.00000,4067.20000,4162.10000,14694
2009-01-19 00:00:00+00:00,4206.60000,4237.20000,4014.30000,4092.50000,10179
2009-01-20 00:00:00+00:00,4081.30000,4167.60000,3975.80000,4002.90000,16466
2009-01-21 00:00:00+00:00,4030.40000,4141.70000,3980.70000,4128.60000,17691
2009-01-22 00:00:00+00:00,4116.50000,4133.50000,3993.40000,4063.10000,17002
2009-01-23 00:00:00+00:00,4019.80000,4093.50000,3930.50000,4051.80000,15895
2009-01-26 00:00:00+00:00,4013.60000,4201.60000,4008.50000,4122.80000,14740
2009-01-27 00:00:00+00:00,4168.80000,4190.80000,4103.60000,4154.60000,13252
2009-01-28 00:00:00+00:00,4209.70000,4309.40000,4205.70000,4304.40000,13197
2009-01-29 00:00:00+00:00,4236.00000,4248.00000,4112.00000,4130.00000,13554
2009-01-30 00:00:00+00:00,4166.00000,4203.60000,4087.60000,4102.70000,14745
2009-02-02 00:00:00+00:00,4069.40000,4088.50000,4006.20000,4054.80000,13098
2009-02-03 00:00:00+00:00,4067.70000,4195.90000,4013.50000,4171.30000,13513
2009-02-04 00:00:00+00:00,4163.20000,4251.40000,4137.50000,4153.50000,12191
2009-02-05 00:00:00+00:00,4131.30000,4274.60000,4114.20000,4247.00000,14921
2009-02-06 00:00:00+00:00,4247.40000,4323.50000,4208.80000,4302.40000,12609
2009-02-09 00:00:00+00:00,4260.60000,4320.20000,4227.00000,4294.00000,9206
2009-02-10 00:00:00+00:00,4246.30000,4293.30000,4125.40000,4153.90000,14256
2009-02-11 00:00:00+00:00,4187.40000,4231.40000,4160.20000,4203.30000,12533
2009-02-12 00:00:00+00:00,4174.60000,4246.10000,4113.40000,4242.10000,14478
2009-02-13 00:00:00+00:00,4238.50000,4278.10000,4141.10000,4141.10000,12703
2009-02-16 00:00:00+00:00,4142.50000,4170.50000,4106.30000,4116.30000,5473
2009-02-17 00:00:00+00:00,4077.10000,4091.60000,3971.30000,4009.30000,14248
2009-02-18 00:00:00+00:00,4044.80000,4049.30000,3924.40000,3995.00000,13395
2009-02-19 00:00:00+00:00,4027.50000,4036.90000,3954.70000,3963.20000,12332
2009-02-20 00:00:00+00:00,3943.60000,3959.60000,3828.80000,3887.80000,15052
2009-02-23 00:00:00+00:00,3936.30000,3950.80000,3760.90000,3766.40000,12629
2009-02-24 00:00:00+00:00,3820.90000,3892.30000,3757.20000,3874.30000,14086
2009-02-25 00:00:00+00:00,3849.70000,3910.10000,3793.00000,3859.50000,14230
2009-02-26 00:00:00+00:00,3878.00000,3939.00000,3809.20000,3813.70000,15559
2009-02-27 00:00:00+00:00,3840.70000,3866.10000,3745.00000,3781.40000,15559
2009-03-02 00:00:00+00:00,3719.30000,3734.80000,3569.00000,3580.50000,14749
2009-03-03 00:00:00+00:00,3634.00000,3667.50000,3468.20000,3505.20000,17318
2009-03-04 00:00:00+00:00,3546.10000,3683.20000,3538.60000,3628.60000,14454
2009-03-05 00:00:00+00:00,3607.00000,3616.00000,3459.70000,3496.70000,14219
2009-03-06 00:00:00+00:00,3516.20000,3582.70000,3460.50000,3537.60000,14963
2009-03-09 00:00:00+00:00,3523.00000,3553.40000,3445.90000,3479.30000,16228
2009-03-10 00:00:00+00:00,3520.30000,3732.30000,3501.80000,3722.80000,15075
2009-03-11 00:00:00+00:00,3703.20000,3765.70000,3650.10000,3681.50000,15193
2009-03-12 00:00:00+00:00,3670.90000,3777.80000,3610.80000,3766.80000,14783
2009-03-13 00:00:00+00:00,3778.20000,3816.20000,3732.60000,3791.60000,13304
2009-03-16 00:00:00+00:00,3816.00000,3890.90000,3782.50000,3814.40000,12422
2009-03-17 00:00:00+00:00,3840.80000,3911.20000,3788.70000,3911.20000,11971
2009-03-18 00:00:00+00:00,3895.00000,3905.50000,3767.40000,3858.90000,14501
2009-03-19 00:00:00+00:00,3825.30000,3913.70000,3790.60000,3800.60000,15440
2009-03-20 00:00:00+00:00,3785.00000,3856.40000,3773.00000,3784.90000,11493
2009-03-23 00:00:00+00:00,3928.30000,4025.20000,3838.70000,4025.20000,14333
2009-03-24 00:00:00+00:00,4008.30000,4014.80000,3873.40000,3879.40000,13476
2009-03-25 00:00:00+00:00,3892.80000,3945.30000,3801.00000,3880.90000,13770
2009-03-26 00:00:00+00:00,3921.70000,3964.40000,3876.50000,3948.20000,11784
2009-03-27 00:00:00+00:00,3925.20000,3953.50000,3867.80000,3884.90000,11024
2009-03-30 00:00:00+00:00,3842.70000,3845.20000,3740.30000,3765.50000,12877
2009-03-31 00:00:00+00:00,3800.20000,3957.10000,3794.60000,3909.60000,14377
2009-04-01 00:00:00+00:00,3907.30000,4003.60000,3830.50000,3987.90000,13528
2009-04-02 00:00:00+00:00,4041.20000,4163.20000,4033.60000,4112.20000,16460
2009-04-03 00:00:00+00:00,4123.00000,4133.60000,4009.20000,4082.30000,13968
2009-04-06 00:00:00+00:00,4086.50000,4095.00000,3953.00000,4011.90000,11209
2009-04-07 00:00:00+00:00,4024.30000,4036.40000,3892.70000,3901.80000,11918
2009-04-08 00:00:00+00:00,3888.40000,3944.70000,3866.20000,3921.90000,11140
2009-04-09 00:00:00+00:00,3959.60000,4006.20000,3900.50000,4006.20000,11576
2009-04-14 00:00:00+00:00,4006.30000,4031.50000,3925.90000,3939.40000,12150
2009-04-15 00:00:00+00:00,3945.20000,4013.30000,3927.90000,4003.90000,11535
2009-04-16 00:00:00+00:00,3995.10000,4092.70000,3949.20000,4071.50000,11812
2009-04-17 00:00:00+00:00,4057.10000,4112.30000,4028.30000,4092.10000,11328
2009-04-20 00:00:00+00:00,4068.00000,4101.80000,3939.20000,3948.80000,11994
2009-04-21 00:00:00+00:00,3980.80000,4025.30000,3876.30000,4015.20000,13881
2009-04-22 00:00:00+00:00,3963.10000,4043.40000,3933.70000,3977.40000,15724
2009-04-23 00:00:00+00:00,4001.30000,4076.30000,3983.70000,4056.50000,12512
2009-04-24 00:00:00+00:00,4023.00000,4163.70000,4021.90000,4146.10000,12112
2009-04-27 00:00:00+00:00,4098.90000,4167.70000,4075.70000,4128.80000,11329
2009-04-28 00:00:00+00:00,4085.20000,4113.10000,4040.70000,4087.90000,12279
2009-04-29 00:00:00+00:00,4095.70000,4206.20000,4078.10000,4166.40000,11253
2009-04-30 00:00:00+00:00,4212.50000,4285.40000,4170.90000,4186.00000,14087
2009-05-01 00:00:00+00:00,4228.50000,4242.30000,4197.60000,4238.80000,4064
2009-05-05 00:00:00+00:00,4345.40000,4360.40000,4302.90000,4328.00000,11879
2009-05-06 00:00:00+00:00,4315.10000,4440.60000,4312.10000,4440.10000,13205
2009-05-07 00:00:00+00:00,4426.20000,4521.60000,4371.10000,4395.70000,16292
2009-05-08 00:00:00+00:00,4437.60000,4507.80000,4414.50000,4490.60000,13802
2009-05-11 00:00:00+00:00,4466.00000,4466.50000,4395.90000,4413.90000,10839
2009-05-12 00:00:00+00:00,4403.00000,4456.00000,4389.40000,4441.40000,11338
2009-05-13 00:00:00+00:00,4449.70000,4451.20000,4305.10000,4317.20000,11573
2009-05-14 00:00:00+00:00,4327.50000,4385.00000,4293.30000,4360.80000,12913
2009-05-15 00:00:00+00:00,4387.20000,4407.20000,4300.40000,4323.00000,11456
2009-05-18 00:00:00+00:00,4313.00000,4468.40000,4298.50000,4468.40000,10546
2009-05-19 00:00:00+00:00,4465.60000,4503.70000,4433.30000,4460.70000,11766
2009-05-20 00:00:00+00:00,4468.50000,4509.60000,4408.40000,4415.40000,10667
2009-05-21 00:00:00+00:00,4405.60000,4413.10000,4314.50000,4351.10000,10624
2009-05-22 00:00:00+00:00,4361.90000,4395.30000,4332.10000,4340.90000,8769
2009-05-26 00:00:00+00:00,4343.90000,4433.90000,4289.60000,4418.80000,10712
2009-05-27 00:00:00+00:00,4438.60000,4439.10000,4340.50000,4351.50000,9167
2009-05-28 00:00:00+00:00,4362.80000,4417.10000,4335.50000,4408.60000,10726
2009-05-29 00:00:00+00:00,4422.80000,4467.30000,4395.50000,4456.10000,10143
2009-06-01 00:00:00+00:00,4491.20000,4515.10000,4462.10000,4485.90000,9728
2009-06-02 00:00:00+00:00,4465.50000,4489.80000,4426.80000,4481.70000,10793
2009-06-03 00:00:00+00:00,4479.40000,4483.40000,4357.90000,4394.90000,10878
2009-06-04 00:00:00+00:00,4402.70000,4446.20000,4366.00000,4417.40000,9941
2009-06-05 00:00:00+00:00,4436.60000,4505.60000,4419.30000,4430.30000,10997
2009-06-08 00:00:00+00:00,4423.80000,4455.00000,4372.20000,4437.00000,10235
2009-06-09 00:00:00+00:00,4428.20000,4453.20000,4389.40000,4416.30000,10247
2009-06-10 00:00:00+00:00,4452.60000,4511.60000,4397.80000,4434.20000,10285
2009-06-11 00:00:00+00:00,4424.90000,4491.80000,4409.90000,4453.60000,10005
2009-06-12 00:00:00+00:00,4460.90000,4472.90000,4426.20000,4462.60000,7677
2009-06-15 00:00:00+00:00,4413.00000,4419.00000,4317.80000,4344.10000,10278
2009-06-16 00:00:00+00:00,4338.90000,4373.80000,4282.60000,4286.00000,10512
2009-06-17 00:00:00+00:00,4311.30000,4329.80000,4254.10000,4276.90000,12067
2009-06-18 00:00:00+00:00,4290.70000,4314.40000,4237.50000,4288.90000,9061
2009-06-19 00:00:00+00:00,4293.10000,4373.60000,4278.60000,4339.20000,8094
2009-06-22 00:00:00+00:00,4346.80000,4354.40000,4212.60000,4212.60000,10053
2009-06-23 00:00:00+00:00,4215.90000,4264.70000,4215.90000,4233.40000,9152
2009-06-24 00:00:00+00:00,4250.80000,4292.00000,4215.50000,4242.60000,8583
2009-06-25 00:00:00+00:00,4268.60000,4297.10000,4210.10000,4294.10000,9567
2009-06-26 00:00:00+00:00,4281.30000,4308.50000,4212.70000,4237.80000,8393
2009-06-29 00:00:00+00:00,4226.30000,4303.70000,4226.30000,4280.50000,9111
2009-06-30 00:00:00+00:00,4306.50000,4307.00000,4226.30000,4261.90000,10820
2009-07-01 00:00:00+00:00,4261.80000,4355.80000,4260.80000,4306.40000,9283
2009-07-02 00:00:00+00:00,4316.80000,4319.30000,4204.30000,4213.40000,10484
2009-07-03 00:00:00+00:00,4239.90000,4261.90000,4214.20000,4241.70000,5752
2009-07-06 00:00:00+00:00,4198.50000,4226.50000,4164.20000,4226.50000,9169
2009-07-07 00:00:00+00:00,4207.70000,4236.80000,4148.10000,4154.60000,9441
2009-07-08 00:00:00+00:00,4160.00000,4188.60000,4110.00000,4136.70000,9738
2009-07-09 00:00:00+00:00,4136.00000,4179.70000,4130.40000,4146.90000,7839
2009-07-10 00:00:00+00:00,4125.60000,4154.10000,4112.90000,4138.90000,8811
2009-07-13 00:00:00+00:00,4109.40000,4222.40000,4085.20000,4214.30000,9158
2009-07-14 00:00:00+00:00,4198.00000,4250.30000,4186.50000,4230.00000,9423
2009-07-15 00:00:00+00:00,4252.50000,4366.40000,4244.90000,4357.40000,8428
2009-07-16 00:00:00+00:00,4340.10000,4412.30000,4319.90000,4393.20000,9794
2009-07-17 00:00:00+00:00,4386.50000,4403.90000,4358.20000,4391.30000,8397
2009-07-20 00:00:00+00:00,4408.40000,4455.60000,4385.30000,4453.40000,8134
2009-07-21 00:00:00+00:00,4434.20000,4492.40000,4426.60000,4479.20000,9279
2009-07-22 00:00:00+00:00,4476.00000,4495.90000,4438.30000,4472.30000,8308
2009-07-23 00:00:00+00:00,4488.70000,4570.90000,4463.00000,4560.30000,9249
2009-07-24 00:00:00+00:00,4549.10000,4598.60000,4527.50000,4595.60000,8420
2009-07-27 00:00:00+00:00,4606.60000,4611.70000,4540.70000,4590.90000,8644
2009-07-28 00:00:00+00:00,4587.10000,4606.20000,4504.60000,4553.80000,9511
2009-07-29 00:00:00+00:00,4514.40000,4575.60000,4508.40000,4548.90000,10963
2009-07-30 00:00:00+00:00,4568.80000,4639.40000,4551.70000,4598.20000,9300
2009-07-31 00:00:00+00:00,4605.00000,4639.60000,4577.20000,4589.70000,10535
2009-08-03 00:00:00+00:00,4593.70000,4700.00000,4582.20000,4673.30000,9616
2009-08-04 00:00:00+00:00,4669.60000,4681.00000,4611.80000,4676.40000,10542
2009-08-05 00:00:00+00:00,4654.20000,4694.20000,4625.90000,4667.00000,9186
2009-08-06 00:00:00+00:00,4662.30000,4726.40000,4655.10000,4676.10000,9454
2009-08-07 00:00:00+00:00,4661.90000,4741.50000,4625.70000,4716.90000,10137
2009-08-10 00:00:00+00:00,4707.30000,4723.20000,4683.70000,4714.10000,6869
2009-08-11 00:00:00+00:00,4732.00000,4738.50000,4650.60000,4673.50000,8604
2009-08-12 00:00:00+00:00,4665.80000,4743.40000,4633.20000,4714.30000,9527
2009-08-13 00:00:00+00:00,4728.60000,4793.30000,4717.10000,4775.00000,9750
2009-08-14 00:00:00+00:00,4769.30000,4790.90000,4698.00000,4745.50000,8814
2009-08-17 00:00:00+00:00,4692.30000,4698.40000,4607.50000,4644.50000,10916
2009-08-18 00:00:00+00:00,4674.40000,4703.30000,4646.20000,4689.70000,8732
2009-08-19 00:00:00+00:00,4658.90000,4734.50000,4634.80000,4721.90000,8814
2009-08-20 00:00:00+00:00,4747.20000,4777.70000,4736.10000,4766.60000,8796
2009-08-21 00:00:00+00:00,4744.30000,4879.90000,4739.80000,4870.40000,10785
2009-08-24 00:00:00+00:00,4900.90000,4918.90000,4860.10000,4872.60000,8415
2009-08-25 00:00:00+00:00,4878.40000,4937.40000,4869.40000,4907.80000,8130
2009-08-26 00:00:00+00:00,4916.60000,4935.10000,4878.40000,4898.30000,8290
2009-08-27 00:00:00+00:00,4884.60000,4926.40000,4858.40000,4910.40000,8386
2009-08-28 00:00:00+00:00,4915.20000,4950.10000,4893.10000,4925.50000,9132
2009-09-01 00:00:00+00:00,4916.50000,4923.50000,4793.60000,4803.10000,12592
2009-09-02 00:00:00+00:00,4814.90000,4828.90000,4779.20000,4800.60000,10549
2009-09-03 00:00:00+00:00,4831.50000,4848.40000,4791.80000,4831.70000,8431
2009-09-04 00:00:00+00:00,4827.00000,4895.90000,4824.50000,4888.40000,8504
2009-09-07 00:00:00+00:00,4891.80000,4945.20000,4885.80000,4938.70000,4600
2009-09-08 00:00:00+00:00,4954.40000,4972.90000,4926.80000,4957.20000,7880
2009-09-09 00:00:00+00:00,4930.00000,5020.40000,4930.00000,5004.80000,9996
2009-09-10 00:00:00+00:00,5041.60000,5046.10000,4960.40000,5024.90000,9629
2009-09-11 00:00:00+00:00,5020.70000,5046.10000,4990.00000,5001.90000,8463
2009-09-14 00:00:00+00:00,4966.80000,5039.60000,4953.80000,5032.10000,8502
2009-09-15 00:00:00+00:00,5027.90000,5070.70000,4997.90000,5056.70000,9469
2009-09-16 00:00:00+00:00,5065.50000,5156.30000,5061.00000,5150.70000,8889
2009-09-17 00:00:00+00:00,5163.50000,5175.40000,5128.80000,5158.30000,8265
2009-09-18 00:00:00+00:00,5148.60000,5204.60000,5141.50000,5197.50000,7961
2009-09-21 00:00:00+00:00,5183.40000,5183.90000,5109.80000,5147.50000,8589
2009-09-22 00:00:00+00:00,5159.90000,5194.60000,5140.60000,5159.10000,7902
2009-09-23 00:00:00+00:00,5157.50000,5182.10000,5110.40000,5115.50000,9334
2009-09-24 00:00:00+00:00,5125.90000,5173.10000,5069.80000,5090.90000,11548
2009-09-25 00:00:00+00:00,5109.90000,5126.40000,5066.40000,5087.50000,10180
2009-09-28 00:00:00+00:00,5096.10000,5179.90000,5050.30000,5169.80000,9777
2009-09-29 00:00:00+00:00,5170.60000,5188.60000,5137.90000,5164.40000,8823
2009-09-30 00:00:00+00:00,5166.20000,5192.30000,5091.10000,5134.80000,11867
2009-10-01 00:00:00+00:00,5133.10000,5167.30000,5020.70000,5020.70000,11501
2009-10-02 00:00:00+00:00,5010.50000,5031.60000,4952.00000,4995.70000,13193
2009-10-05 00:00:00+00:00,5003.80000,5050.40000,4972.50000,5038.30000,9270
2009-10-06 00:00:00+00:00,5046.10000,5150.60000,5030.00000,5122.40000,10100
2009-10-07 00:00:00+00:00,5119.20000,5154.80000,5092.90000,5121.50000,9122
2009-10-08 00:00:00+00:00,5166.00000,5169.00000,5114.60000,5138.10000,9018
2009-10-09 00:00:00+00:00,5126.40000,5173.90000,5123.90000,5170.90000,8890
2009-10-12 00:00:00+00:00,5177.00000,5230.20000,5172.40000,5197.40000,7755
2009-10-13 00:00:00+00:00,5212.30000,5218.70000,5147.80000,5166.30000,9692
2009-10-14 00:00:00+00:00,5211.90000,5269.40000,5202.30000,5262.90000,10184
2009-10-15 00:00:00+00:00,5271.20000,5271.20000,5217.40000,5258.00000,9247
2009-10-16 00:00:00+00:00,5249.20000,5270.80000,5169.20000,5201.80000,10765
2009-10-19 00:00:00+00:00,5206.80000,5280.00000,5206.80000,5269.90000,7959
2009-10-20 00:00:00+00:00,5297.30000,5297.30000,5213.80000,5237.80000,9222
2009-10-21 00:00:00+00:00,5267.30000,5267.30000,5169.30000,5190.20000,10585
2009-10-22 00:00:00+00:00,5183.50000,5248.60000,5159.40000,5232.50000,10495
2009-10-23 00:00:00+00:00,5239.30000,5295.00000,5217.00000,5237.60000,9815
2009-10-26 00:00:00+00:00,5249.60000,5278.20000,5157.60000,5190.20000,9666
2009-10-27 00:00:00+00:00,5205.10000,5225.00000,5170.70000,5173.70000,10157
2009-10-28 00:00:00+00:00,5178.10000,5179.10000,5033.30000,5039.80000,11415
2009-10-29 00:00:00+00:00,5047.60000,5160.90000,5036.60000,5157.90000,9763
2009-10-30 00:00:00+00:00,5130.10000,5162.20000,4990.30000,4993.90000,11788
2009-11-02 00:00:00+00:00,5009.40000,5106.70000,5007.90000,5063.90000,11568
2009-11-03 00:00:00+00:00,5054.70000,5062.00000,4971.90000,5058.50000,11402
2009-11-04 00:00:00+00:00,5058.80000,5120.40000,5056.30000,5067.60000,9557
2009-11-05 00:00:00+00:00,5056.90000,5154.10000,5033.30000,5135.50000,9344
2009-11-06 00:00:00+00:00,5124.30000,5157.70000,5072.00000,5157.60000,9664
2009-11-09 00:00:00+00:00,5185.30000,5257.80000,5180.70000,5257.80000,7093
2009-11-10 00:00:00+00:00,5240.00000,5262.10000,5216.30000,5245.30000,7925
2009-11-11 00:00:00+00:00,5268.70000,5305.30000,5253.50000,5275.00000,7937
2009-11-12 00:00:00+00:00,5266.80000,5308.80000,5250.50000,5261.00000,8788
2009-11-13 00:00:00+00:00,5282.90000,5307.80000,5251.20000,5300.20000,7232
2009-11-16 00:00:00+00:00,5332.80000,5399.30000,5328.80000,5366.20000,8004
2009-11-17 00:00:00+00:00,5363.50000,5374.80000,5337.80000,5373.80000,7162
2009-11-18 00:00:00+00:00,5378.60000,5385.00000,5341.90000,5364.80000,7182
2009-11-19 00:00:00+00:00,5342.10000,5354.10000,5263.30000,5304.80000,8326
2009-11-20 00:00:00+00:00,5298.60000,5321.10000,5232.40000,5282.30000,8234
2009-11-23 00:00:00+00:00,5304.90000,5390.40000,5304.90000,5347.70000,6630
2009-11-24 00:00:00+00:00,5322.50000,5385.00000,5314.90000,5348.30000,7698
2009-11-25 00:00:00+00:00,5371.10000,5382.60000,5336.00000,5376.40000,6673
2009-11-26 00:00:00+00:00,5345.20000,5348.20000,5191.30000,5208.30000,7513
2009-11-27 00:00:00+00:00,5109.40000,5280.00000,5091.90000,5241.90000,10238
2009-11-30 00:00:00+00:00,5261.40000,5262.90000,5188.60000,5225.10000,10286
2009-12-01 00:00:00+00:00,5245.00000,5331.40000,5236.50000,5314.30000,7798
2009-12-02 00:00:00+00:00,5316.60000,5357.60000,5289.60000,5340.00000,7588
2009-12-03 00:00:00+00:00,5369.30000,5378.80000,5286.50000,5291.50000,8426
2009-12-04 00:00:00+00:00,5304.80000,5381.80000,5278.70000,5316.60000,9653
2009-12-07 00:00:00+00:00,5310.10000,5335.50000,5254.50000,5302.90000,7424
2009-12-08 00:00:00+00:00,5289.10000,5329.10000,5208.90000,5225.90000,10310
2009-12-09 00:00:00+00:00,5213.20000,5250.10000,5178.10000,5224.50000,8959
2009-12-10 00:00:00+00:00,5201.30000,5258.70000,5196.30000,5235.60000,7392
2009-12-11 00:00:00+00:00,5256.90000,5316.90000,5254.30000,5266.20000,7633
2009-12-14 00:00:00+00:00,5332.20000,5335.20000,5299.60000,5314.50000,6234
2009-12-15 00:00:00+00:00,5323.30000,5330.80000,5251.20000,5275.10000,7257
2009-12-16 00:00:00+00:00,5286.40000,5337.80000,5284.30000,5312.60000,6490
2009-12-17 00:00:00+00:00,5282.90000,5305.90000,5193.80000,5205.70000,6974
2009-12-18 00:00:00+00:00,5232.00000,5289.10000,5180.10000,5223.40000,7964
2009-12-21 00:00:00+00:00,5211.20000,5319.40000,5204.10000,5290.00000,6746
2009-12-22 00:00:00+00:00,5299.90000,5360.70000,5297.40000,5353.10000,6018
2009-12-23 00:00:00+00:00,5364.90000,5385.50000,5344.80000,5381.80000,4556
2009-12-24 00:00:00+00:00,5375.10000,5390.60000,5367.50000,5390.10000,865
2009-12-29 00:00:00+00:00,5445.80000,5449.80000,5412.00000,5431.40000,3531
2009-12-30 00:00:00+00:00,5424.20000,5438.30000,5381.20000,5399.80000,3960
2009-12-31 00:00:00+00:00,5435.30000,5435.80000,5393.00000,5402.50000,1611
2010-01-04 00:00:00+00:00,5402.80000,5500.20000,5399.70000,5480.00000,6397
2010-01-05 00:00:00+00:00,5485.30000,5529.00000,5472.20000,5521.80000,6323
2010-01-06 00:00:00+00:00,5521.60000,5528.90000,5489.80000,5527.90000,6099
2010-01-07 00:00:00+00:00,5507.50000,5543.10000,5489.90000,5536.40000,6057
2010-01-08 00:00:00+00:00,5529.70000,5539.80000,5483.80000,5528.40000,6362
2010-01-11 00:00:00+00:00,5551.90000,5591.10000,5516.10000,5545.10000,6153
2010-01-12 00:00:00+00:00,5528.30000,5537.40000,5446.80000,5483.30000,7957
2010-01-13 00:00:00+00:00,5463.00000,5505.00000,5437.70000,5496.90000,7340
2010-01-14 00:00:00+00:00,5499.20000,5507.80000,5460.90000,5499.50000,6464
2010-01-15 00:00:00+00:00,5489.70000,5537.90000,5428.70000,5454.30000,9822
2010-01-18 00:00:00+00:00,5471.30000,5490.20000,5439.10000,5477.10000,4411
2010-01-19 00:00:00+00:00,5458.70000,5523.80000,5413.50000,5520.80000,8335
2010-01-20 00:00:00+00:00,5477.90000,5496.90000,5386.80000,5432.40000,10213
2010-01-21 00:00:00+00:00,5440.20000,5453.30000,5272.80000,5292.80000,12769
2010-01-22 00:00:00+00:00,5299.10000,5326.70000,5171.80000,5178.30000,13592
2010-01-25 00:00:00+00:00,5239.00000,5312.80000,5229.30000,5240.80000,10281
2010-01-26 00:00:00+00:00,5216.90000,5273.00000,5195.40000,5228.30000,9510
2010-01-27 00:00:00+00:00,5212.50000,5247.40000,5171.70000,5241.40000,12377
2010-01-28 00:00:00+00:00,5259.20000,5263.80000,5114.00000,5143.00000,12267
2010-01-29 00:00:00+00:00,5141.80000,5210.00000,5100.90000,5117.50000,12481
2010-02-01 00:00:00+00:00,5136.50000,5227.70000,5134.50000,5208.00000,10075
2010-02-02 00:00:00+00:00,5219.90000,5288.40000,5182.70000,5277.90000,9933
2010-02-03 00:00:00+00:00,5256.60000,5288.10000,5218.30000,5247.80000,9664
2010-02-04 00:00:00+00:00,5237.60000,5239.10000,5080.30000,5082.80000,12470
2010-02-05 00:00:00+00:00,5089.60000,5102.10000,4992.60000,5076.80000,17728
2010-02-08 00:00:00+00:00,5055.20000,5098.30000,5012.30000,5012.30000,11648
2010-02-09 00:00:00+00:00,5072.30000,5168.50000,5060.30000,5132.30000,11865
2010-02-10 00:00:00+00:00,5119.50000,5170.60000,5092.80000,5132.90000,11760
2010-02-11 00:00:00+00:00,5160.70000,5198.70000,5100.40000,5194.60000,12891
2010-02-12 00:00:00+00:00,5176.40000,5196.40000,5104.00000,5153.50000,12162
2010-02-15 00:00:00+00:00,5158.50000,5182.00000,5142.80000,5152.30000,5143
2010-02-16 00:00:00+00:00,5193.10000,5253.60000,5166.00000,5244.50000,10079
2010-02-17 00:00:00+00:00,5270.40000,5299.30000,5257.90000,5283.20000,9033
2010-02-18 00:00:00+00:00,5267.90000,5346.90000,5254.90000,5340.90000,8903
2010-02-19 00:00:00+00:00,5291.60000,5361.10000,5279.00000,5342.90000,8830
2010-02-22 00:00:00+00:00,5373.90000,5375.40000,5336.10000,5342.60000,6935
2010-02-23 00:00:00+00:00,5365.90000,5386.50000,5286.10000,5305.60000,8926
2010-02-24 00:00:00+00:00,5319.40000,5353.30000,5291.80000,5348.20000,8260
2010-02-25 00:00:00+00:00,5308.90000,5365.00000,5251.20000,5327.20000,11480
2010-02-26 00:00:00+00:00,5320.00000,5366.30000,5296.80000,5355.80000,9943
2010-03-01 00:00:00+00:00,5399.80000,5407.10000,5348.60000,5399.00000,10178
2010-03-02 00:00:00+00:00,5416.80000,5478.80000,5395.80000,5461.60000,9071
2010-03-03 00:00:00+00:00,5468.40000,5537.40000,5458.90000,5509.20000,8756
2010-03-04 00:00:00+00:00,5510.50000,5540.00000,5496.50000,5527.80000,8424
2010-03-05 00:00:00+00:00,5545.10000,5618.00000,5533.10000,5612.40000,7385
2010-03-08 00:00:00+00:00,5608.30000,5614.60000,5571.20000,5600.00000,7696
2010-03-09 00:00:00+00:00,5604.80000,5619.60000,5555.20000,5597.00000,7704
2010-03-10 00:00:00+00:00,5589.80000,5645.70000,5584.80000,5631.60000,8334
2010-03-11 00:00:00+00:00,5626.40000,5642.30000,5592.70000,5633.10000,8301
2010-03-12 00:00:00+00:00,5629.40000,5646.30000,5611.70000,5623.10000,7496
2010-03-15 00:00:00+00:00,5618.90000,5624.90000,5584.30000,5617.20000,6645
2010-03-16 00:00:00+00:00,5619.50000,5634.80000,5593.90000,5629.70000,7296
2010-03-17 00:00:00+00:00,5639.00000,5659.90000,5629.50000,5639.30000,6563
2010-03-18 00:00:00+00:00,5615.00000,5662.90000,5615.00000,5649.30000,5842
2010-03-19 00:00:00+00:00,5657.50000,5708.50000,5641.70000,5664.30000,7267
2010-03-22 00:00:00+00:00,5642.50000,5669.00000,5589.90000,5665.40000,7864
2010-03-23 00:00:00+00:00,5663.60000,5709.70000,5654.50000,5705.20000,8105
2010-03-24 00:00:00+00:00,5700.30000,5707.40000,5643.70000,5684.90000,8950
2010-03-25 00:00:00+00:00,5693.10000,5747.90000,5686.00000,5702.40000,9006
2010-03-26 00:00:00+00:00,5718.20000,5732.80000,5690.20000,5709.30000,7704
2010-03-29 00:00:00+00:00,5731.40000,5741.50000,5688.90000,5713.40000,6843
2010-03-30 00:00:00+00:00,5738.40000,5746.40000,5665.50000,5691.60000,7553
2010-03-31 00:00:00+00:00,5668.60000,5703.30000,5648.80000,5676.30000,7796
2010-04-01 00:00:00+00:00,5698.70000,5754.50000,5698.70000,5749.30000,8019
2010-04-06 00:00:00+00:00,5756.50000,5789.70000,5745.40000,5780.80000,6412
2010-04-07 00:00:00+00:00,5774.00000,5785.00000,5728.30000,5749.90000,6418
2010-04-08 00:00:00+00:00,5740.60000,5747.80000,5683.00000,5740.20000,7682
2010-04-09 00:00:00+00:00,5753.50000,5778.40000,5747.40000,5772.30000,6049
2010-04-12 00:00:00+00:00,5796.40000,5799.40000,5753.40000,5776.90000,5631
2010-04-13 00:00:00+00:00,5767.60000,5777.10000,5738.60000,5768.70000,6043
2010-04-14 00:00:00+00:00,5783.50000,5818.40000,5781.00000,5815.40000,5720
2010-04-15 00:00:00+00:00,5810.10000,5838.40000,5776.20000,5830.40000,5772
2010-04-16 00:00:00+00:00,5792.30000,5836.50000,5723.10000,5754.70000,9799
2010-04-19 00:00:00+00:00,5723.90000,5743.10000,5691.50000,5737.60000,9046
2010-04-20 00:00:00+00:00,5743.90000,5793.00000,5727.20000,5779.20000,8330
2010-04-21 00:00:00+00:00,5790.50000,5793.00000,5702.60000,5724.20000,8196
2010-04-22 00:00:00+00:00,5704.80000,5756.10000,5644.70000,5703.90000,10655
2010-04-23 00:00:00+00:00,5685.00000,5756.10000,5657.40000,5756.10000,9319
2010-04-26 00:00:00+00:00,5772.10000,5795.30000,5720.00000,5722.00000,7428
2010-04-27 00:00:00+00:00,5738.80000,5750.40000,5545.80000,5560.40000,11174
2010-04-28 00:00:00+00:00,5575.20000,5634.40000,5526.90000,5584.90000,15797
2010-04-29 00:00:00+00:00,5595.20000,5634.80000,5571.50000,5611.40000,10896
2010-04-30 00:00:00+00:00,5613.10000,5638.30000,5483.60000,5488.10000,11624
2010-05-04 00:00:00+00:00,5535.20000,5540.30000,5385.20000,5416.30000,15195
2010-05-05 00:00:00+00:00,5425.10000,5435.60000,5311.30000,5330.30000,16074
2010-05-06 00:00:00+00:00,5275.70000,5378.70000,4832.80000,5119.10000,19546
2010-05-07 00:00:00+00:00,5133.40000,5269.40000,5048.90000,5092.90000,24800
2010-05-10 00:00:00+00:00,5284.40000,5414.20000,5263.80000,5387.00000,18928
2010-05-11 00:00:00+00:00,5297.80000,5386.40000,5256.50000,5317.10000,15127
2010-05-12 00:00:00+00:00,5302.30000,5419.90000,5284.20000,5406.90000,13695
2010-05-13 00:00:00+00:00,5432.20000,5454.00000,5382.90000,5394.20000,11247
2010-05-14 00:00:00+00:00,5409.00000,5412.50000,5236.60000,5265.10000,14785
2010-05-17 00:00:00+00:00,5226.00000,5328.80000,5210.70000,5300.90000,15314
2010-05-18 00:00:00+00:00,5310.70000,5340.60000,5204.50000,5231.10000,14090
2010-05-19 00:00:00+00:00,5222.80000,5270.40000,5139.30000,5189.90000,18197
2010-05-20 00:00:00+00:00,5179.10000,5233.70000,4998.20000,4998.20000,19629
2010-05-21 00:00:00+00:00,5046.10000,5102.50000,4956.70000,5084.40000,20978
2010-05-24 00:00:00+00:00,5080.40000,5109.50000,5016.00000,5022.50000,13126
2010-05-25 00:00:00+00:00,4933.50000,5019.40000,4896.80000,5017.40000,16682
2010-05-26 00:00:00+00:00,5007.60000,5097.20000,4976.20000,4985.20000,14707
2010-05-27 00:00:00+00:00,5078.20000,5231.80000,5070.70000,5228.80000,13774
2010-05-28 00:00:00+00:00,5224.50000,5240.90000,5154.10000,5182.10000,13584
2010-06-01 00:00:00+00:00,5163.00000,5175.00000,5058.80000,5079.00000,14229
2010-06-02 00:00:00+00:00,5091.80000,5223.20000,5080.20000,5223.20000,12565
2010-06-03 00:00:00+00:00,5245.50000,5271.50000,5177.10000,5226.10000,11213
2010-06-04 00:00:00+00:00,5224.90000,5271.40000,5050.80000,5071.30000,14036
2010-06-07 00:00:00+00:00,5046.40000,5129.30000,5022.00000,5026.50000,12758
2010-06-08 00:00:00+00:00,5082.30000,5087.80000,4989.50000,5072.00000,13688
2010-06-09 00:00:00+00:00,5062.20000,5098.10000,4974.80000,4997.40000,12316
2010-06-10 00:00:00+00:00,5020.60000,5155.60000,5020.60000,5148.40000,13230
2010-06-11 00:00:00+00:00,5139.60000,5204.90000,5119.00000,5204.90000,11399
2010-06-14 00:00:00+00:00,5213.90000,5219.90000,5144.10000,5148.60000,10382
2010-06-15 00:00:00+00:00,5146.80000,5280.60000,5146.80000,5275.10000,11324
2010-06-16 00:00:00+00:00,5259.80000,5284.00000,5211.60000,5274.90000,10750
2010-06-17 00:00:00+00:00,5240.70000,5296.60000,5236.00000,5268.40000,9895
2010-06-18 00:00:00+00:00,5261.60000,5297.00000,5238.10000,5254.10000,8967
2010-06-21 00:00:00+00:00,5340.70000,5344.70000,5225.20000,5244.40000,8657
2010-06-22 00:00:00+00:00,5245.20000,5279.90000,5163.40000,5181.60000,11729
2010-06-23 00:00:00+00:00,5199.00000,5248.70000,5165.20000,5187.70000,11032
2010-06-24 00:00:00+00:00,5206.20000,5207.70000,5088.80000,5108.30000,11489
2010-06-25 00:00:00+00:00,5111.20000,5131.30000,5029.50000,5070.20000,11054
2010-06-28 00:00:00+00:00,5073.80000,5084.30000,5021.90000,5033.90000,9325
2010-06-29 00:00:00+00:00,5004.50000,5012.10000,4869.50000,4890.60000,11545
2010-06-30 00:00:00+00:00,4929.20000,4958.30000,4840.00000,4847.50000,12376
2010-07-01 00:00:00+00:00,4848.40000,4886.50000,4784.90000,4836.10000,13439
2010-07-02 00:00:00+00:00,4828.90000,4878.60000,4795.50000,4828.70000,10816
2010-07-05 00:00:00+00:00,4853.40000,4856.90000,4803.00000,4806.50000,4474
2010-07-06 00:00:00+00:00,4844.00000,4968.10000,4836.50000,4922.20000,9508
2010-07-07 00:00:00+00:00,4901.00000,5077.20000,4883.80000,5073.20000,9967
2010-07-08 00:00:00+00:00,5061.90000,5135.10000,5056.90000,5133.60000,9390
2010-07-09 00:00:00+00:00,5122.90000,5169.90000,5094.20000,5165.90000,7559
2010-07-12 00:00:00+00:00,5135.80000,5189.90000,5121.20000,5181.30000,6529
2010-07-13 00:00:00+00:00,5170.60000,5280.90000,5169.60000,5269.90000,9301
2010-07-14 00:00:00+00:00,5284.80000,5286.80000,5197.70000,5239.80000,9283
2010-07-15 00:00:00+00:00,5226.10000,5262.20000,5179.30000,5237.90000,9456
2010-07-16 00:00:00+00:00,5227.20000,5267.30000,5111.50000,5119.50000,10486
2010-07-19 00:00:00+00:00,5128.10000,5189.30000,5103.50000,5164.60000,9003
2010-07-20 00:00:00+00:00,5166.90000,5194.80000,5078.90000,5188.30000,10181
2010-07-21 00:00:00+00:00,5174.00000,5236.70000,5154.30000,5169.80000,10048
2010-07-22 00:00:00+00:00,5178.20000,5316.50000,5168.10000,5309.00000,9489
2010-07-23 00:00:00+00:00,5297.30000,5344.30000,5263.00000,5333.70000,10982
2010-07-26 00:00:00+00:00,5343.30000,5351.10000,5290.00000,5344.60000,7796
2010-07-27 00:00:00+00:00,5353.90000,5402.00000,5340.70000,5359.20000,8608
2010-07-28 00:00:00+00:00,5380.60000,5393.10000,5287.10000,5294.10000,8534
2010-07-29 00:00:00+00:00,5324.50000,5368.60000,5260.10000,5291.20000,8701
2010-07-30 00:00:00+00:00,5285.40000,5315.10000,5230.60000,5271.20000,11665
2010-08-02 00:00:00+00:00,5295.30000,5402.50000,5290.30000,5387.90000,7978
2010-08-03 00:00:00+00:00,5363.10000,5394.60000,5342.40000,5377.00000,6970
2010-08-04 00:00:00+00:00,5377.30000,5409.80000,5319.60000,5401.60000,8774
2010-08-05 00:00:00+00:00,5386.90000,5418.90000,5356.70000,5382.20000,6927
2010-08-06 00:00:00+00:00,5394.50000,5410.10000,5306.10000,5378.30000,8857
2010-08-09 00:00:00+00:00,5395.80000,5430.20000,5386.80000,5421.70000,7190
2010-08-10 00:00:00+00:00,5392.90000,5415.80000,5345.70000,5401.70000,8402
2010-08-11 00:00:00+00:00,5339.40000,5346.90000,5219.80000,5232.40000,9519
2010-08-12 00:00:00+00:00,5229.70000,5281.10000,5211.50000,5273.10000,9937
2010-08-13 00:00:00+00:00,5305.50000,5312.00000,5227.70000,5281.20000,9327
2010-08-16 00:00:00+00:00,5291.80000,5306.80000,5227.50000,5284.50000,8367
2010-08-17 00:00:00+00:00,5282.30000,5371.40000,5274.80000,5346.80000,8686
2010-08-18 00:00:00+00:00,5338.10000,5346.90000,5304.50000,5322.30000,8060
2010-08-19 00:00:00+00:00,5343.20000,5347.20000,5186.20000,5218.70000,11622
2010-08-20 00:00:00+00:00,5218.00000,5240.60000,5166.30000,5209.80000,9643
2010-08-23 00:00:00+00:00,5225.90000,5276.30000,5191.30000,5230.10000,8433
2010-08-24 00:00:00+00:00,5200.90000,5206.90000,5113.60000,5153.10000,10541
2010-08-25 00:00:00+00:00,5153.90000,5174.00000,5074.20000,5144.70000,10430
2010-08-26 00:00:00+00:00,5150.60000,5173.50000,5115.30000,5130.30000,9049
2010-08-27 00:00:00+00:00,5142.60000,5239.10000,5122.50000,5236.10000,10068
2010-08-31 00:00:00+00:00,5142.60000,5243.10000,5130.10000,5218.00000,10612
2010-09-01 00:00:00+00:00,5249.40000,5374.40000,5226.80000,5359.30000,10320
2010-09-02 00:00:00+00:00,5347.10000,5399.90000,5344.60000,5397.90000,8148
2010-09-03 00:00:00+00:00,5387.70000,5457.20000,5374.20000,5447.60000,9186
2010-09-06 00:00:00+00:00,5457.10000,5462.10000,5431.90000,5443.90000,3297
2010-09-07 00:00:00+00:00,5430.10000,5430.10000,5380.00000,5387.40000,8354
2010-09-08 00:00:00+00:00,5388.20000,5450.60000,5364.10000,5420.00000,9182
2010-09-09 00:00:00+00:00,5420.30000,5509.30000,5414.30000,5478.60000,8152
2010-09-10 00:00:00+00:00,5487.90000,5515.80000,5478.90000,5503.70000,6741
2010-09-13 00:00:00+00:00,5548.20000,5574.60000,5532.20000,5568.00000,7606
2010-09-14 00:00:00+00:00,5567.30000,5585.70000,5542.20000,5557.10000,8408
2010-09-15 00:00:00+00:00,5571.40000,5580.40000,5535.80000,5568.70000,7779
2010-09-16 00:00:00+00:00,5555.00000,5567.30000,5533.40000,5560.30000,7102
2010-09-17 00:00:00+00:00,5590.10000,5619.00000,5492.50000,5518.60000,9476
2010-09-20 00:00:00+00:00,5542.60000,5637.30000,5535.60000,5625.80000,8509
2010-09-21 00:00:00+00:00,5592.00000,5636.60000,5564.80000,5581.90000,8815
2010-09-22 00:00:00+00:00,5597.30000,5598.80000,5515.50000,5558.00000,10628
2010-09-23 00:00:00+00:00,5583.50000,5590.60000,5468.60000,5513.60000,10844
2010-09-24 00:00:00+00:00,5528.60000,5616.80000,5515.00000,5606.30000,9346
2010-09-27 00:00:00+00:00,5606.20000,5614.70000,5564.40000,5571.90000,7655
2010-09-28 00:00:00+00:00,5562.30000,5597.80000,5501.10000,5592.80000,12258
2010-09-29 00:00:00+00:00,5604.70000,5624.80000,5541.00000,5568.90000,10858
2010-09-30 00:00:00+00:00,5549.80000,5651.00000,5524.60000,5548.60000,11821
2010-10-01 00:00:00+00:00,5577.60000,5613.20000,5556.10000,5604.10000,11631
2010-10-04 00:00:00+00:00,5597.60000,5616.60000,5530.70000,5556.20000,10061
2010-10-05 00:00:00+00:00,5562.20000,5664.30000,5544.60000,5649.30000,11457
2010-10-06 00:00:00+00:00,5653.30000,5691.80000,5644.70000,5677.10000,8572
2010-10-07 00:00:00+00:00,5680.10000,5705.00000,5628.80000,5661.30000,9518
2010-10-08 00:00:00+00:00,5661.80000,5672.60000,5598.00000,5664.10000,10392
2010-10-11 00:00:00+00:00,5672.10000,5681.00000,5649.50000,5672.40000,5721
2010-10-12 00:00:00+00:00,5666.40000,5691.70000,5589.60000,5683.20000,9763
2010-10-13 00:00:00+00:00,5676.60000,5757.70000,5669.60000,5739.10000,8925
2010-10-14 00:00:00+00:00,5745.60000,5767.10000,5698.30000,5721.80000,9338
2010-10-15 00:00:00+00:00,5721.80000,5744.80000,5659.00000,5714.10000,10369
2010-10-18 00:00:00+00:00,5697.50000,5763.00000,5663.30000,5753.40000,7884
2010-10-19 00:00:00+00:00,5741.40000,5757.30000,5654.50000,5679.50000,11245
2010-10-20 00:00:00+00:00,5666.50000,5738.50000,5655.90000,5721.90000,9011
2010-10-21 00:00:00+00:00,5725.40000,5783.90000,5692.20000,5736.70000,10504
2010-10-22 00:00:00+00:00,5733.10000,5752.00000,5717.50000,5743.50000,7197
2010-10-25 00:00:00+00:00,5748.90000,5787.00000,5723.70000,5731.20000,8618
2010-10-26 00:00:00+00:00,5738.70000,5741.60000,5668.40000,5706.90000,8758
2010-10-27 00:00:00+00:00,5711.40000,5711.90000,5624.60000,5670.60000,10025
2010-10-28 00:00:00+00:00,5670.60000,5709.00000,5648.90000,5682.40000,10025
2010-10-29 00:00:00+00:00,5667.80000,5696.20000,5641.20000,5672.60000,9515
2010-11-01 00:00:00+00:00,5696.10000,5730.10000,5646.90000,5679.90000,10272
2010-11-02 00:00:00+00:00,5680.90000,5766.90000,5678.30000,5755.30000,8260
2010-11-03 00:00:00+00:00,5767.80000,5782.10000,5728.60000,5780.60000,8884
2010-11-04 00:00:00+00:00,5779.60000,5886.10000,5779.00000,5885.10000,10286
2010-11-05 00:00:00+00:00,5882.00000,5898.50000,5832.30000,5888.80000,9768
2010-11-08 00:00:00+00:00,5869.30000,5881.70000,5839.00000,5862.00000,7019
2010-11-09 00:00:00+00:00,5848.90000,5901.40000,5835.40000,5856.80000,8094
2010-11-10 00:00:00+00:00,5852.20000,5871.30000,5793.00000,5838.50000,9339
2010-11-11 00:00:00+00:00,5818.90000,5843.30000,5789.20000,5836.80000,8370
2010-11-12 00:00:00+00:00,5826.70000,5830.10000,5708.90000,5790.40000,12336
2010-11-15 00:00:00+00:00,5798.40000,5835.30000,5750.80000,5798.70000,9019
2010-11-16 00:00:00+00:00,5781.60000,5804.60000,5653.80000,5674.80000,11012
2010-11-17 00:00:00+00:00,5683.30000,5711.20000,5658.70000,5694.10000,8379
2010-11-18 00:00:00+00:00,5704.10000,5791.50000,5704.10000,5771.90000,8405
2010-11-19 00:00:00+00:00,5781.40000,5787.40000,5688.70000,5759.70000,9448
2010-11-22 00:00:00+00:00,5774.20000,5799.20000,5651.40000,5698.90000,10207
2010-11-23 00:00:00+00:00,5683.80000,5683.80000,5581.60000,5601.10000,10484
2010-11-24 00:00:00+00:00,5613.50000,5681.90000,5576.90000,5678.90000,9214
2010-11-25 00:00:00+00:00,5678.90000,5713.70000,5657.30000,5695.20000,4766
2010-11-26 00:00:00+00:00,5679.10000,5700.00000,5600.90000,5664.90000,9807
2010-11-29 00:00:00+00:00,5673.90000,5727.90000,5537.10000,5599.10000,13875
2010-11-30 00:00:00+00:00,5602.60000,5602.60000,5520.90000,5546.90000,12452
2010-12-01 00:00:00+00:00,5538.80000,5675.70000,5525.80000,5673.70000,11001
2010-12-02 00:00:00+00:00,5669.70000,5788.60000,5653.10000,5787.10000,11894
2010-12-03 00:00:00+00:00,5780.50000,5790.40000,5723.30000,5768.80000,8753
2010-12-06 00:00:00+00:00,5756.80000,5791.60000,5730.70000,5780.60000,8403
2010-12-07 00:00:00+00:00,5784.50000,5854.40000,5770.50000,5799.30000,9309
2010-12-08 00:00:00+00:00,5794.80000,5831.20000,5768.70000,5810.10000,8404
2010-12-09 00:00:00+00:00,5830.10000,5843.00000,5800.40000,5817.90000,7654
2010-12-10 00:00:00+00:00,5816.80000,5845.10000,5795.70000,5839.60000,6906
2010-12-13 00:00:00+00:00,5836.10000,5876.00000,5829.10000,5852.90000,7296
2010-12-14 00:00:00+00:00,5856.30000,5902.70000,5847.80000,5883.60000,6676
2010-12-15 00:00:00+00:00,5870.10000,5899.90000,5857.50000,5878.90000,7460
2010-12-16 00:00:00+00:00,5863.80000,5908.80000,5861.70000,5881.10000,6944
2010-12-17 00:00:00+00:00,5878.60000,5906.00000,5858.40000,5882.80000,6563
2010-12-20 00:00:00+00:00,5874.40000,5917.90000,5862.80000,5902.20000,6944
2010-12-21 00:00:00+00:00,5896.60000,5955.60000,5894.60000,5950.10000,4925
2010-12-22 00:00:00+00:00,5946.50000,5997.50000,5932.80000,5992.50000,4527
2010-12-23 00:00:00+00:00,5994.40000,6002.40000,5979.20000,5998.10000,4295
2010-12-24 00:00:00+00:00,5972.90000,5998.90000,5972.40000,5989.30000,565
2010-12-29 00:00:00+00:00,5975.30000,6015.90000,5969.60000,5980.00000,4757
2010-12-30 00:00:00+00:00,5967.90000,6003.90000,5948.00000,5966.00000,5142
2010-12-31 00:00:00+00:00,5954.90000,5978.40000,5906.90000,5923.50000,2725
2011-01-04 00:00:00+00:00,5938.60000,6040.90000,5938.60000,6015.70000,9416
2011-01-05 00:00:00+00:00,6005.10000,6040.90000,5952.20000,6037.40000,9406
2011-01-06 00:00:00+00:00,6029.80000,6079.30000,5983.30000,6007.80000,8716
2011-01-07 00:00:00+00:00,5999.20000,6010.60000,5941.10000,5981.30000,10491
2011-01-10 00:00:00+00:00,5968.30000,5976.40000,5925.50000,5967.50000,8724
2011-01-11 00:00:00+00:00,5964.90000,6024.50000,5963.90000,5993.70000,8589
2011-01-12 00:00:00+00:00,5993.10000,6043.10000,5992.00000,6037.00000,8065
2011-01-13 00:00:00+00:00,6030.30000,6043.30000,5981.30000,5997.90000,9338
2011-01-14 00:00:00+00:00,5999.30000,6022.10000,5931.80000,6018.60000,9543
2011-01-17 00:00:00+00:00,6005.10000,6007.60000,5957.60000,5968.10000,5003
2011-01-18 00:00:00+00:00,5974.10000,6057.60000,5974.10000,6053.00000,8566
2011-01-19 00:00:00+00:00,6055.00000,6066.40000,5942.70000,5958.70000,8738
2011-01-20 00:00:00+00:00,5964.20000,5968.20000,5847.00000,5872.00000,11132
2011-01-21 00:00:00+00:00,5863.40000,5925.40000,5855.80000,5875.10000,10825
2011-01-24 00:00:00+00:00,5884.70000,5944.60000,5869.60000,5943.60000,8379
2011-01-25 00:00:00+00:00,5948.60000,5954.50000,5886.20000,5919.60000,8884
2011-01-26 00:00:00+00:00,5909.50000,5987.60000,5909.50000,5964.90000,8342
2011-01-27 00:00:00+00:00,5959.80000,5981.60000,5930.60000,5958.40000,8288
2011-01-28 00:00:00+00:00,5950.40000,5950.80000,5820.60000,5829.60000,11904
2011-01-31 00:00:00+00:00,5818.70000,5865.60000,5796.00000,5860.00000,10490
2011-02-01 00:00:00+00:00,5869.40000,5962.90000,5852.30000,5958.40000,9378
2011-02-02 00:00:00+00:00,5960.80000,6007.30000,5953.20000,5985.10000,8153
2011-02-03 00:00:00+00:00,5982.50000,5992.20000,5935.60000,5991.70000,8234
2011-02-04 00:00:00+00:00,5982.60000,6010.40000,5970.30000,6001.80000,6973
2011-02-07 00:00:00+00:00,6001.40000,6039.70000,5979.70000,6032.60000,7519
2011-02-08 00:00:00+00:00,6038.60000,6092.90000,6015.40000,6092.40000,7184
2011-02-09 00:00:00+00:00,6091.30000,6091.30000,6040.80000,6056.30000,7169
2011-02-10 00:00:00+00:00,6057.30000,6064.70000,5980.80000,6030.40000,9561
2011-02-11 00:00:00+00:00,6018.80000,6074.10000,5967.50000,6071.50000,8383
2011-02-14 00:00:00+00:00,6065.60000,6086.50000,6035.30000,6063.30000,7144
2011-02-15 00:00:00+00:00,6051.20000,6067.00000,6013.80000,6022.30000,6895
2011-02-16 00:00:00+00:00,6027.20000,6087.60000,6027.20000,6084.00000,7684
2011-02-17 00:00:00+00:00,6085.90000,6092.30000,6058.60000,6080.00000,7025
2011-02-18 00:00:00+00:00,6072.40000,6088.90000,6039.20000,6066.60000,7037
2011-02-21 00:00:00+00:00,6055.60000,6097.10000,5988.80000,5999.30000,6363
2011-02-22 00:00:00+00:00,5985.10000,6017.90000,5912.40000,5931.70000,10958
2011-02-23 00:00:00+00:00,5945.10000,5974.10000,5861.70000,5896.70000,10017
2011-02-24 00:00:00+00:00,5897.10000,5928.40000,5846.90000,5901.80000,10461
2011-02-25 00:00:00+00:00,5908.80000,6008.10000,5894.10000,6003.60000,8894
2011-02-28 00:00:00+00:00,5986.60000,6011.90000,5950.40000,5994.80000,8682
2011-03-01 00:00:00+00:00,5997.20000,6029.60000,5873.70000,5875.70000,10530
2011-03-02 00:00:00+00:00,5864.20000,5932.50000,5854.00000,5900.90000,10957
2011-03-03 00:00:00+00:00,5895.80000,6027.10000,5895.30000,6016.60000,10361
2011-03-04 00:00:00+00:00,6012.00000,6043.40000,5939.60000,5981.60000,9605
2011-03-07 00:00:00+00:00,5974.70000,6033.00000,5921.90000,5935.30000,10073
2011-03-08 00:00:00+00:00,5944.30000,5988.20000,5897.50000,5972.50000,10304
2011-03-09 00:00:00+00:00,5971.40000,5975.30000,5920.10000,5940.50000,9769
2011-03-10 00:00:00+00:00,5935.40000,5935.40000,5819.10000,5835.10000,11180
2011-03-11 00:00:00+00:00,5844.50000,5858.70000,5783.40000,5842.60000,9604
2011-03-14 00:00:00+00:00,5832.30000,5838.60000,5763.50000,5790.90000,10597
2011-03-15 00:00:00+00:00,5765.40000,5765.40000,5585.70000,5712.50000,15918
2011-03-16 00:00:00+00:00,5727.90000,5730.80000,5507.60000,5556.10000,15302
2011-03-17 00:00:00+00:00,5570.50000,5708.30000,5563.50000,5672.70000,12142
2011-03-18 00:00:00+00:00,5700.10000,5765.90000,5699.60000,5713.70000,9625
2011-03-21 00:00:00+00:00,5738.70000,5804.50000,5737.70000,5789.70000,8195
2011-03-22 00:00:00+00:00,5775.00000,5817.10000,5744.40000,5751.30000,8204
2011-03-23 00:00:00+00:00,5744.10000,5818.80000,5733.90000,5812.80000,9646
2011-03-24 00:00:00+00:00,5803.10000,5910.50000,5782.20000,5902.40000,8300
2011-03-25 00:00:00+00:00,5911.90000,5939.10000,5881.30000,5898.80000,7539
2011-03-28 00:00:00+00:00,5897.60000,5927.60000,5890.40000,5895.60000,5897
2011-03-29 00:00:00+00:00,5882.90000,5945.40000,5880.00000,5942.80000,6595
2011-03-30 00:00:00+00:00,5942.70000,5977.90000,5942.70000,5958.40000,6132
2011-03-31 00:00:00+00:00,5959.80000,5978.80000,5907.00000,5927.60000,8156
2011-04-01 00:00:00+00:00,5932.00000,6020.80000,5926.80000,5995.50000,8130
2011-04-04 00:00:00+00:00,6007.30000,6038.20000,5988.00000,6025.90000,6523
2011-04-05 00:00:00+00:00,6021.30000,6028.70000,5989.70000,6019.30000,6788
2011-04-06 00:00:00+00:00,6014.60000,6059.00000,6009.40000,6058.00000,6793
2011-04-07 00:00:00+00:00,6037.70000,6055.50000,6001.60000,6034.20000,7838
2011-04-08 00:00:00+00:00,6040.10000,6068.00000,6014.50000,6039.10000,6883
2011-04-11 00:00:00+00:00,6053.90000,6069.70000,6028.80000,6046.40000,7116
2011-04-12 00:00:00+00:00,6033.70000,6033.70000,5954.30000,5972.80000,8073
2011-04-13 00:00:00+00:00,5968.70000,6046.90000,5968.70000,5999.90000,8274
2011-04-14 00:00:00+00:00,6002.30000,6002.30000,5939.60000,5987.20000,8408
2011-04-15 00:00:00+00:00,5982.60000,6008.30000,5958.70000,6001.20000,7390
2011-04-18 00:00:00+00:00,6001.90000,6001.90000,5850.70000,5897.80000,9724
2011-04-19 00:00:00+00:00,5886.20000,5918.40000,5868.50000,5911.30000,6508
2011-04-20 00:00:00+00:00,5930.40000,6032.70000,5928.80000,6025.90000,7878
2011-04-21 00:00:00+00:00,6034.40000,6059.40000,6000.80000,6019.80000,6416
2011-04-26 00:00:00+00:00,6013.30000,6070.60000,5997.00000,6063.00000,6105
2011-04-27 00:00:00+00:00,6069.40000,6109.20000,6043.10000,6097.60000,6884
2011-04-28 00:00:00+00:00,6097.50000,6107.50000,6047.90000,6087.40000,7012
2011-05-03 00:00:00+00:00,6078.90000,6098.30000,6021.20000,6043.20000,8929
2011-05-04 00:00:00+00:00,6043.60000,6073.10000,5969.90000,5990.40000,9667
2011-05-05 00:00:00+00:00,6004.40000,6018.30000,5870.30000,5900.40000,10211
2011-05-06 00:00:00+00:00,5904.90000,5982.80000,5865.50000,5915.40000,10641
2011-05-09 00:00:00+00:00,5932.20000,5994.80000,5914.30000,5949.80000,9125
2011-05-10 00:00:00+00:00,5949.20000,6039.60000,5936.50000,6035.50000,7852
2011-05-11 00:00:00+00:00,6033.40000,6046.20000,5925.10000,5957.60000,8839
2011-05-12 00:00:00+00:00,5952.00000,5984.20000,5884.50000,5973.10000,9371
2011-05-13 00:00:00+00:00,5965.00000,6005.40000,5890.30000,5928.90000,9550
2011-05-16 00:00:00+00:00,5899.00000,5937.70000,5861.10000,5889.00000,9552
2011-05-17 00:00:00+00:00,5865.30000,5942.80000,5849.40000,5899.40000,10253
2011-05-18 00:00:00+00:00,5908.30000,5965.60000,5890.50000,5959.50000,8242
2011-05-19 00:00:00+00:00,5966.40000,6008.20000,5939.70000,5983.50000,9270
2011-05-20 00:00:00+00:00,5981.40000,6022.30000,5928.40000,5950.30000,9708
2011-05-23 00:00:00+00:00,5935.00000,5940.50000,5818.80000,5840.80000,9363
2011-05-24 00:00:00+00:00,5833.10000,5883.40000,5829.10000,5845.70000,8558
2011-05-25 00:00:00+00:00,5845.60000,5898.30000,5791.30000,5871.70000,8661
2011-05-26 00:00:00+00:00,5868.60000,5925.70000,5864.20000,5912.70000,9594
2011-05-27 00:00:00+00:00,5911.60000,5950.30000,5909.60000,5935.60000,7825
2011-05-31 00:00:00+00:00,5944.30000,6006.70000,5944.30000,6005.40000,8092
2011-06-01 00:00:00+00:00,6005.80000,6005.80000,5875.10000,5877.10000,9004
2011-06-02 00:00:00+00:00,5882.50000,5902.20000,5852.10000,5887.50000,8937
2011-06-03 00:00:00+00:00,5886.90000,5888.40000,5810.50000,5856.90000,9494
2011-06-06 00:00:00+00:00,5856.60000,5890.40000,5828.10000,5835.10000,8524
2011-06-07 00:00:00+00:00,5836.10000,5897.90000,5836.10000,5850.10000,8146
2011-06-08 00:00:00+00:00,5856.50000,5867.80000,5784.90000,5799.40000,9658
2011-06-09 00:00:00+00:00,5802.40000,5890.00000,5798.40000,5875.90000,7551
2011-06-10 00:00:00+00:00,5865.30000,5873.10000,5744.30000,5768.80000,9409
2011-06-13 00:00:00+00:00,5773.50000,5797.80000,5743.10000,5756.10000,7196
2011-06-14 00:00:00+00:00,5765.00000,5827.60000,5757.90000,5813.50000,8044
2011-06-15 00:00:00+00:00,5814.90000,5814.90000,5694.90000,5707.90000,8641
2011-06-16 00:00:00+00:00,5715.80000,5731.80000,5643.40000,5670.80000,10134
2011-06-17 00:00:00+00:00,5679.70000,5736.40000,5644.60000,5707.50000,10062
2011-06-20 00:00:00+00:00,5699.50000,5714.10000,5649.00000,5705.20000,7485
2011-06-21 00:00:00+00:00,5705.10000,5793.40000,5692.00000,5787.30000,7608
2011-06-22 00:00:00+00:00,5766.10000,5792.00000,5743.20000,5764.20000,7732
2011-06-23 00:00:00+00:00,5749.00000,5751.90000,5663.20000,5725.50000,9946
2011-06-24 00:00:00+00:00,5732.90000,5770.50000,5679.70000,5692.30000,10127
2011-06-27 00:00:00+00:00,5678.30000,5756.40000,5663.10000,5742.80000,7951
2011-06-28 00:00:00+00:00,5758.80000,5800.70000,5729.50000,5798.20000,8228
2011-06-29 00:00:00+00:00,5798.10000,5869.20000,5791.50000,5861.10000,9510
2011-06-30 00:00:00+00:00,5862.60000,5961.30000,5861.60000,5957.80000,8260
2011-07-01 00:00:00+00:00,5949.10000,6019.20000,5935.90000,6009.10000,10744
2011-07-04 00:00:00+00:00,6000.00000,6030.40000,5983.30000,6021.80000,5184
2011-07-05 00:00:00+00:00,6023.20000,6036.90000,6007.00000,6018.30000,8422
2011-07-06 00:00:00+00:00,6022.20000,6043.30000,5970.20000,6011.80000,11194
2011-07-07 00:00:00+00:00,6020.70000,6082.70000,6003.00000,6069.60000,10046
2011-07-08 00:00:00+00:00,6063.00000,6081.90000,5977.20000,6009.80000,14270
2011-07-11 00:00:00+00:00,5992.20000,6004.30000,5892.80000,5904.90000,14422
2011-07-12 00:00:00+00:00,5915.80000,5919.90000,5784.00000,5838.60000,22740
2011-07-13 00:00:00+00:00,5847.00000,5905.00000,5837.40000,5852.20000,13516
2011-07-14 00:00:00+00:00,5835.00000,5888.50000,5796.00000,5811.00000,15230
2011-07-15 00:00:00+00:00,5815.90000,5854.90000,5796.20000,5834.70000,13448
2011-07-18 00:00:00+00:00,5827.60000,5827.60000,5723.90000,5754.90000,12985
2011-07-19 00:00:00+00:00,5760.90000,5804.70000,5751.20000,5794.10000,13002
2011-07-20 00:00:00+00:00,5797.60000,5846.10000,5793.40000,5836.40000,12318
2011-07-21 00:00:00+00:00,5841.80000,5923.90000,5784.90000,5910.30000,18351
2011-07-22 00:00:00+00:00,5913.20000,5957.20000,5891.30000,5926.90000,11502
2011-07-25 00:00:00+00:00,5898.70000,5926.70000,5868.50000,5892.80000,10926
2011-07-26 00:00:00+00:00,5892.80000,5937.30000,5878.70000,5908.90000,12115
2011-07-27 00:00:00+00:00,5904.80000,5919.70000,5784.00000,5790.50000,13482
2011-07-28 00:00:00+00:00,5789.40000,5869.40000,5766.70000,5815.10000,13603
2011-07-29 00:00:00+00:00,5818.60000,5838.50000,5756.10000,5771.50000,18346
2011-08-01 00:00:00+00:00,5826.20000,5899.30000,5732.60000,5781.70000,19947
2011-08-02 00:00:00+00:00,5770.10000,5791.60000,5634.70000,5636.70000,18838
2011-08-03 00:00:00+00:00,5635.70000,5680.10000,5543.00000,5618.20000,26512
2011-08-04 00:00:00+00:00,5622.70000,5641.20000,5262.10000,5283.70000,25956
2011-08-05 00:00:00+00:00,5296.10000,5386.20000,5138.40000,5292.80000,50250
2011-08-08 00:00:00+00:00,5204.60000,5293.80000,4866.80000,4889.80000,47050
2011-08-09 00:00:00+00:00,4862.70000,5254.00000,4715.70000,5254.00000,59037
2011-08-10 00:00:00+00:00,5268.00000,5273.40000,4973.30000,4977.80000,44802
2011-08-11 00:00:00+00:00,4978.80000,5291.30000,4940.40000,5238.60000,41963
2011-08-12 00:00:00+00:00,5236.10000,5363.10000,5097.60000,5320.50000,29514
2011-08-15 00:00:00+00:00,5348.60000,5398.40000,5317.90000,5397.40000,14364
2011-08-16 00:00:00+00:00,5385.30000,5392.50000,5263.40000,5329.80000,18294
2011-08-17 00:00:00+00:00,5322.70000,5380.60000,5287.50000,5326.40000,16064
2011-08-18 00:00:00+00:00,5312.80000,5312.80000,5040.30000,5083.90000,30202
2011-08-19 00:00:00+00:00,5063.30000,5115.70000,4932.40000,5002.90000,33479
2011-08-22 00:00:00+00:00,5000.00000,5190.10000,4966.80000,5077.80000,23947
2011-08-23 00:00:00+00:00,5072.70000,5216.70000,5072.70000,5210.70000,21625
2011-08-24 00:00:00+00:00,5204.60000,5257.40000,5102.30000,5251.30000,20574
2011-08-25 00:00:00+00:00,5239.20000,5256.60000,5094.10000,5101.20000,24193
2011-08-26 00:00:00+00:00,5124.10000,5173.40000,5015.20000,5150.30000,13092
2011-08-30 00:00:00+00:00,5268.20000,5307.30000,5205.90000,5280.40000,11286
2011-08-31 00:00:00+00:00,5260.80000,5413.70000,5253.80000,5381.60000,12221
2011-09-01 00:00:00+00:00,5381.50000,5451.40000,5346.30000,5354.60000,11959
2011-09-02 00:00:00+00:00,5348.10000,5375.50000,5242.60000,5259.60000,11325
2011-09-05 00:00:00+00:00,5229.70000,5232.20000,5062.30000,5073.80000,9768
2011-09-06 00:00:00+00:00,5092.20000,5218.90000,5046.10000,5214.90000,14964
2011-09-07 00:00:00+00:00,5207.40000,5363.60000,5207.40000,5361.10000,11444
2011-09-08 00:00:00+00:00,5375.60000,5375.60000,5271.80000,5291.20000,12071
2011-09-09 00:00:00+00:00,5296.10000,5356.00000,5166.70000,5186.70000,13886
2011-09-12 00:00:00+00:00,5161.80000,5188.50000,5058.60000,5186.50000,14271
2011-09-13 00:00:00+00:00,5203.90000,5235.10000,5067.70000,5215.10000,29222
2011-09-14 00:00:00+00:00,5205.00000,5328.70000,5114.40000,5297.20000,24524
2011-09-15 00:00:00+00:00,5290.60000,5388.30000,5260.00000,5386.30000,19233
2011-09-16 00:00:00+00:00,5382.20000,5411.10000,5340.00000,5389.40000,13976
2011-09-19 00:00:00+00:00,5345.10000,5345.10000,5228.90000,5281.50000,16409
2011-09-20 00:00:00+00:00,5254.40000,5378.30000,5213.60000,5327.00000,19575
2011-09-21 00:00:00+00:00,5324.90000,5373.10000,5190.00000,5200.10000,20669
2011-09-22 00:00:00+00:00,5189.00000,5194.00000,4984.80000,5052.10000,29830
2011-09-23 00:00:00+00:00,5068.10000,5102.20000,4920.90000,5062.90000,29856
2011-09-26 00:00:00+00:00,5074.40000,5161.00000,4944.70000,5153.50000,29719
2011-09-27 00:00:00+00:00,5145.90000,5313.90000,5145.90000,5240.60000,23187
2011-09-28 00:00:00+00:00,5237.00000,5313.70000,5141.90000,5143.40000,22495
2011-09-29 00:00:00+00:00,5144.30000,5249.10000,5117.50000,5191.30000,22146
2011-09-30 00:00:00+00:00,5185.20000,5201.80000,5027.90000,5039.90000,21753
2011-10-03 00:00:00+00:00,5039.30000,5083.30000,4963.90000,4983.90000,27254
2011-10-04 00:00:00+00:00,4972.80000,5059.90000,4859.20000,5051.90000,31245
2011-10-05 00:00:00+00:00,5047.80000,5145.90000,4989.00000,5133.90000,24800
2011-10-06 00:00:00+00:00,5124.30000,5319.30000,5107.30000,5315.80000,30844
2011-10-07 00:00:00+00:00,5313.30000,5368.80000,5255.40000,5272.90000,24322
2011-10-10 00:00:00+00:00,5285.30000,5408.60000,5285.30000,5407.50000,15954
2011-10-11 00:00:00+00:00,5400.40000,5402.20000,5324.00000,5389.10000,16730
2011-10-12 00:00:00+00:00,5368.50000,5461.60000,5341.30000,5415.40000,19402
2011-10-13 00:00:00+00:00,5411.90000,5451.90000,5362.50000,5424.20000,20183
2011-10-14 00:00:00+00:00,5423.10000,5497.20000,5389.90000,5491.10000,17498
2011-10-17 00:00:00+00:00,5497.00000,5539.00000,5387.40000,5395.90000,17578
2011-10-18 00:00:00+00:00,5384.30000,5505.50000,5340.60000,5475.90000,20531
2011-10-19 00:00:00+00:00,5462.30000,5479.20000,5369.80000,5379.80000,18911
2011-10-20 00:00:00+00:00,5398.80000,5429.30000,5349.90000,5407.60000,25671
2011-10-21 00:00:00+00:00,5404.00000,5495.10000,5381.40000,5487.00000,18724
2011-10-24 00:00:00+00:00,5483.90000,5551.80000,5472.80000,5542.80000,15972
2011-10-25 00:00:00+00:00,5532.70000,5565.20000,5454.80000,5487.80000,21755
2011-10-26 00:00:00+00:00,5480.30000,5599.90000,5480.30000,5586.80000,19419
2011-10-27 00:00:00+00:00,5588.30000,5777.50000,5576.20000,5753.50000,21149
2011-10-28 00:00:00+00:00,5756.40000,5759.90000,5671.50000,5693.50000,17482
2011-10-31 00:00:00+00:00,5678.30000,5679.30000,5501.60000,5501.60000,19105
2011-11-01 00:00:00+00:00,5512.10000,5512.10000,5325.40000,5406.10000,30996
2011-11-02 00:00:00+00:00,5445.60000,5509.10000,5384.30000,5488.00000,25114
2011-11-03 00:00:00+00:00,5446.30000,5593.40000,5387.10000,5581.90000,28422
2011-11-04 00:00:00+00:00,5563.80000,5605.20000,5494.40000,5558.50000,22428
2011-11-07 00:00:00+00:00,5571.40000,5572.40000,5429.50000,5548.60000,21412
2011-11-08 00:00:00+00:00,5544.50000,5650.50000,5512.40000,5638.00000,16803
2011-11-09 00:00:00+00:00,5629.90000,5642.40000,5371.20000,5378.60000,28273
2011-11-10 00:00:00+00:00,5378.60000,5498.20000,5337.40000,5462.00000,26315
2011-11-11 00:00:00+00:00,5459.50000,5553.90000,5437.80000,5538.90000,15714
2011-11-14 00:00:00+00:00,5556.80000,5586.20000,5476.40000,5496.40000,17907
2011-11-15 00:00:00+00:00,5510.40000,5572.30000,5424.60000,5547.20000,21100
2011-11-16 00:00:00+00:00,5540.60000,5569.60000,5452.40000,5462.80000,21572
2011-11-17 00:00:00+00:00,5448.20000,5508.70000,5345.80000,5368.30000,25953
2011-11-18 00:00:00+00:00,5371.80000,5422.20000,5341.10000,5356.50000,18231
2011-11-21 00:00:00+00:00,5329.80000,5338.80000,5207.00000,5252.50000,18913
2011-11-22 00:00:00+00:00,5255.40000,5283.40000,5199.70000,5225.20000,16074
2011-11-23 00:00:00+00:00,5223.60000,5228.60000,5124.80000,5125.80000,18145
2011-11-24 00:00:00+00:00,5134.20000,5190.20000,5102.00000,5114.50000,12253
2011-11-25 00:00:00+00:00,5115.90000,5205.90000,5077.80000,5141.80000,14277
2011-11-28 00:00:00+00:00,5209.70000,5332.10000,5198.60000,5323.10000,16198
2011-11-29 00:00:00+00:00,5297.00000,5348.40000,5273.90000,5324.80000,15934
2011-11-30 00:00:00+00:00,5320.20000,5546.70000,5279.60000,5540.70000,26241
2011-12-01 00:00:00+00:00,5532.60000,5562.60000,5487.40000,5500.80000,18708
2011-12-02 00:00:00+00:00,5509.30000,5602.70000,5507.30000,5522.60000,16740
2011-12-05 00:00:00+00:00,5542.40000,5608.30000,5526.20000,5552.70000,13748
2011-12-06 00:00:00+00:00,5533.10000,5612.40000,5509.50000,5586.40000,14273
2011-12-07 00:00:00+00:00,5593.30000,5636.30000,5499.60000,5578.10000,17897
2011-12-08 00:00:00+00:00,5590.50000,5609.90000,5443.70000,5456.70000,21475
2011-12-09 00:00:00+00:00,5476.20000,5562.00000,5418.10000,5551.50000,18369
2011-12-12 00:00:00+00:00,5547.30000,5549.30000,5407.10000,5442.60000,17236
2011-12-13 00:00:00+00:00,5442.50000,5528.30000,5413.90000,5440.30000,19200
2011-12-14 00:00:00+00:00,5442.20000,5472.60000,5366.00000,5382.40000,17323
2011-12-15 00:00:00+00:00,5376.40000,5435.80000,5355.30000,5397.20000,13953
2011-12-16 00:00:00+00:00,5425.60000,5453.70000,5348.30000,5364.40000,14400
2011-12-19 00:00:00+00:00,5356.40000,5410.10000,5316.80000,5322.90000,13016
2011-12-20 00:00:00+00:00,5347.50000,5442.80000,5324.20000,5435.70000,12623
2011-12-21 00:00:00+00:00,5443.70000,5477.80000,5362.90000,5411.60000,16295
2011-12-22 00:00:00+00:00,5404.00000,5479.70000,5380.30000,5473.10000,10343
2011-12-23 00:00:00+00:00,5479.10000,5514.10000,5469.90000,5511.10000,3317
2011-12-28 00:00:00+00:00,5511.20000,5563.30000,5482.40000,5492.30000,7872
2011-12-29 00:00:00+00:00,5497.70000,5589.90000,5487.00000,5578.40000,7898
2011-12-30 00:00:00+00:00,5575.80000,5584.70000,5524.30000,5568.00000,4415
2012-01-03 00:00:00+00:00,5632.40000,5694.90000,5602.10000,5683.30000,12431
2012-01-04 00:00:00+00:00,5680.20000,5711.80000,5636.20000,5680.90000,11854
2012-01-05 00:00:00+00:00,5678.80000,5681.20000,5604.70000,5634.70000,14853
2012-01-06 00:00:00+00:00,5624.10000,5674.60000,5599.90000,5632.30000,13018
2012-01-09 00:00:00+00:00,5616.30000,5663.40000,5589.90000,5621.40000,12512
2012-01-10 00:00:00+00:00,5628.40000,5700.50000,5628.40000,5678.80000,14226
2012-01-11 00:00:00+00:00,5672.70000,5687.10000,5629.80000,5674.30000,12230
2012-01-12 00:00:00+00:00,5665.70000,5686.20000,5623.30000,5676.40000,13652
2012-01-13 00:00:00+00:00,5682.40000,5694.30000,5565.60000,5618.70000,15683
2012-01-16 00:00:00+00:00,5605.70000,5646.10000,5585.00000,5644.10000,8752
2012-01-17 00:00:00+00:00,5648.00000,5709.60000,5644.10000,5651.10000,12288
2012-01-18 00:00:00+00:00,5658.10000,5702.40000,5629.90000,5697.90000,14351
2012-01-19 00:00:00+00:00,5699.40000,5731.20000,5676.10000,5727.10000,11929
2012-01-20 00:00:00+00:00,5722.50000,5737.20000,5703.30000,5736.70000,12078
2012-01-23 00:00:00+00:00,5723.20000,5772.70000,5705.00000,5766.00000,11954
2012-01-24 00:00:00+00:00,5762.90000,5768.50000,5698.50000,5730.00000,11627
2012-01-25 00:00:00+00:00,5742.40000,5760.40000,5672.40000,5734.50000,12428
2012-01-26 00:00:00+00:00,5739.50000,5788.40000,5718.30000,5757.70000,12392
2012-01-27 00:00:00+00:00,5748.60000,5773.50000,5703.10000,5712.60000,13168
2012-01-30 00:00:00+00:00,5703.10000,5706.10000,5629.10000,5661.10000,10791
2012-01-31 00:00:00+00:00,5672.60000,5708.50000,5657.30000,5680.20000,13477
2012-02-01 00:00:00+00:00,5686.20000,5779.70000,5662.00000,5757.10000,12049
2012-02-02 00:00:00+00:00,5764.00000,5790.50000,5740.80000,5774.20000,10713
2012-02-03 00:00:00+00:00,5780.60000,5897.10000,5759.40000,5894.10000,12955
2012-02-06 00:00:00+00:00,5879.10000,5880.10000,5836.80000,5869.70000,10554
2012-02-07 00:00:00+00:00,5875.10000,5880.00000,5823.20000,5859.20000,10422
2012-02-08 00:00:00+00:00,5865.70000,5888.60000,5842.80000,5874.30000,8577
2012-02-09 00:00:00+00:00,5859.20000,5888.10000,5842.50000,5881.90000,12115
2012-02-10 00:00:00+00:00,5868.80000,5873.30000,5809.40000,5830.80000,10752
2012-02-13 00:00:00+00:00,5833.90000,5890.80000,5833.90000,5881.60000,8880
2012-02-14 00:00:00+00:00,5877.00000,5889.90000,5845.20000,5878.20000,10159
2012-02-15 00:00:00+00:00,5873.60000,5914.60000,5844.10000,5852.20000,11442
2012-02-16 00:00:00+00:00,5846.60000,5904.40000,5818.40000,5897.80000,11286
2012-02-17 00:00:00+00:00,5900.80000,5915.90000,5885.10000,5908.90000,8642
2012-02-20 00:00:00+00:00,5941.50000,5951.50000,5917.30000,5930.10000,5895
2012-02-21 00:00:00+00:00,5925.50000,5946.00000,5894.60000,5902.60000,9508
2012-02-22 00:00:00+00:00,5908.00000,5926.90000,5881.80000,5902.60000,9563
2012-02-23 00:00:00+00:00,5894.00000,5942.50000,5887.30000,5932.70000,11820
2012-02-24 00:00:00+00:00,5939.70000,5953.60000,5909.30000,5917.80000,8388
2012-02-27 00:00:00+00:00,5908.30000,5916.30000,5850.90000,5897.90000,10834
2012-02-28 00:00:00+00:00,5904.30000,5922.00000,5883.60000,5917.50000,9512
2012-02-29 00:00:00+00:00,5919.40000,5938.30000,5853.60000,5859.50000,45594
2012-03-01 00:00:00+00:00,5869.60000,5935.20000,5843.20000,5932.60000,44281
2012-03-02 00:00:00+00:00,5932.60000,5932.60000,5883.20000,5900.80000,26554
2012-03-03 00:00:00+00:00,5900.80000,5900.80000,5900.80000,5900.80000,1
2012-03-05 00:00:00+00:00,5900.80000,5900.80000,5852.80000,5875.80000,19551
2012-03-06 00:00:00+00:00,5875.80000,5875.80000,5725.20000,5737.40000,26594
2012-03-07 00:00:00+00:00,5737.40000,5800.40000,5737.40000,5787.00000,17332
2012-03-08 00:00:00+00:00,5787.00000,5873.40000,5787.00000,5861.20000,27214
2012-03-09 00:00:00+00:00,5856.20000,5897.60000,5839.80000,5882.00000,28546
2012-03-12 00:00:00+00:00,5882.80000,5903.20000,5862.80000,5894.40000,11265
2012-03-13 00:00:00+00:00,5915.80000,5996.80000,5910.40000,5991.20000,23066
2012-03-14 00:00:00+00:00,5985.80000,5990.20000,5932.80000,5938.20000,23622
2012-03-15 00:00:00+00:00,5941.80000,5960.00000,5919.60000,5943.40000,24489
2012-03-16 00:00:00+00:00,5950.40000,5973.80000,5941.80000,5961.60000,10996
2012-03-19 00:00:00+00:00,5958.60000,5968.30000,5924.20000,5955.60000,7762
2012-03-20 00:00:00+00:00,5933.60000,5936.20000,5872.30000,5891.40000,8694
2012-03-21 00:00:00+00:00,5900.80000,5920.80000,5878.20000,5881.40000,12630
2012-03-22 00:00:00+00:00,5869.10000,5879.70000,5822.00000,5854.00000,20174
2012-03-23 00:00:00+00:00,5852.70000,5874.10000,5796.60000,5868.30000,18411
2012-03-26 00:00:00+00:00,5874.50000,5908.50000,5850.30000,5906.70000,10469
2012-03-27 00:00:00+00:00,5917.10000,5937.70000,5850.70000,5853.80000,8539
2012-03-28 00:00:00+00:00,5854.10000,5875.60000,5767.70000,5787.80000,13779
2012-03-29 00:00:00+00:00,5793.60000,5807.70000,5719.40000,5760.30000,22777
2012-03-30 00:00:00+00:00,5760.30000,5775.30000,5746.10000,5768.40000,19086
2012-04-02 00:00:00+00:00,5780.40000,5897.90000,5739.80000,5881.30000,24709
2012-04-03 00:00:00+00:00,5874.50000,5882.00000,5799.00000,5824.40000,25870
2012-04-04 00:00:00+00:00,5814.30000,5823.10000,5673.50000,5698.30000,30527
2012-04-05 00:00:00+00:00,5697.50000,5719.20000,5650.40000,5707.30000,24780
2012-04-06 00:00:00+00:00,5707.30000,5707.30000,5707.30000,5707.30000,2
2012-04-10 00:00:00+00:00,5661.70000,5675.00000,5526.10000,5527.10000,29457
2012-04-11 00:00:00+00:00,5527.10000,5641.20000,5527.10000,5603.30000,26054
2012-04-12 00:00:00+00:00,5623.20000,5713.60000,5585.90000,5704.20000,25744
2012-04-13 00:00:00+00:00,5686.60000,5696.10000,5623.00000,5629.20000,31290
2012-04-16 00:00:00+00:00,5620.40000,5690.40000,5620.10000,5655.80000,31619
2012-04-17 00:00:00+00:00,5641.70000,5761.70000,5636.20000,5754.60000,29342
2012-04-18 00:00:00+00:00,5746.30000,5771.10000,5717.00000,5736.50000,32200
2012-04-19 00:00:00+00:00,5760.10000,5779.10000,5690.70000,5721.60000,40199
2012-04-20 00:00:00+00:00,5721.60000,5766.60000,5709.00000,5747.00000,40012
2012-04-23 00:00:00+00:00,5721.00000,5724.10000,5620.40000,5661.70000,27957
2012-04-24 00:00:00+00:00,5668.80000,5700.20000,5641.50000,5685.60000,19303
2012-04-25 00:00:00+00:00,5685.60000,5736.30000,5685.60000,5714.70000,30911
2012-04-26 00:00:00+00:00,5727.50000,5763.20000,5680.90000,5753.30000,26764
2012-04-27 00:00:00+00:00,5716.40000,5780.10000,5696.90000,5770.40000,31546
2012-04-28 00:00:00+00:00,5770.40000,5770.40000,5770.40000,5770.40000,1
2012-04-30 00:00:00+00:00,5777.40000,5779.60000,5713.30000,5736.70000,22784
2012-05-01 00:00:00+00:00,5735.90000,5808.50000,5730.40000,5792.90000,6485
2012-05-02 00:00:00+00:00,5799.70000,5809.40000,5723.40000,5772.50000,25780
2012-05-03 00:00:00+00:00,5769.80000,5791.10000,5724.60000,5736.80000,27692
2012-05-04 00:00:00+00:00,5734.80000,5750.70000,5624.70000,5640.50000,37681
2012-05-08 00:00:00+00:00,5632.90000,5652.90000,5532.40000,5585.50000,35476
2012-05-09 00:00:00+00:00,5560.90000,5571.20000,5460.60000,5523.50000,47641
2012-05-10 00:00:00+00:00,5523.50000,5564.50000,5487.30000,5539.80000,38700
2012-05-11 00:00:00+00:00,5524.00000,5583.80000,5496.30000,5530.00000,31566
2012-05-14 00:00:00+00:00,5524.00000,5529.50000,5430.60000,5438.00000,33571
2012-05-15 00:00:00+00:00,5471.80000,5502.40000,5394.10000,5401.60000,37747
2012-05-16 00:00:00+00:00,5375.60000,5449.10000,5352.70000,5382.80000,41034
2012-05-17 00:00:00+00:00,5405.70000,5407.70000,5293.60000,5296.40000,40333
2012-05-18 00:00:00+00:00,5282.10000,5313.10000,5224.40000,5231.00000,40599
2012-05-21 00:00:00+00:00,5253.30000,5346.30000,5248.80000,5345.30000,32623
2012-05-22 00:00:00+00:00,5347.10000,5405.00000,5324.00000,5358.10000,32177
2012-05-23 00:00:00+00:00,5339.00000,5348.10000,5243.90000,5321.50000,41705
2012-05-24 00:00:00+00:00,5313.00000,5367.50000,5261.10000,5343.80000,39289
2012-05-25 00:00:00+00:00,5355.90000,5380.10000,5304.90000,5329.80000,39425
2012-05-28 00:00:00+00:00,5382.60000,5407.60000,5332.40000,5354.40000,16700
2012-05-29 00:00:00+00:00,5375.70000,5397.70000,5332.50000,5381.40000,29073
2012-05-30 00:00:00+00:00,5346.40000,5348.20000,5277.80000,5284.60000,50126
2012-05-31 00:00:00+00:00,5307.40000,5357.00000,5265.60000,5334.20000,42382
2012-06-01 00:00:00+00:00,5328.80000,5349.60000,5221.60000,5249.80000,59201
2012-06-03 00:00:00+00:00,5249.80000,5249.80000,5249.80000,5249.80000,1
2012-06-04 00:00:00+00:00,5249.80000,5249.80000,5249.80000,5249.80000,1
2012-06-05 00:00:00+00:00,5249.80000,5249.80000,5249.80000,5249.80000,6
2012-06-06 00:00:00+00:00,5249.80000,5418.80000,5249.80000,5409.70000,32711
2012-06-07 00:00:00+00:00,5415.30000,5500.20000,5396.00000,5449.80000,34193
2012-06-08 00:00:00+00:00,5424.30000,5465.50000,5384.50000,5459.50000,34208
2012-06-11 00:00:00+00:00,5459.50000,5540.80000,5405.80000,5405.80000,39668
2012-06-12 00:00:00+00:00,5430.50000,5497.30000,5414.60000,5495.50000,38966
2012-06-13 00:00:00+00:00,5495.50000,5509.80000,5436.10000,5446.60000,27825
2012-06-14 00:00:00+00:00,5461.50000,5489.80000,5422.90000,5470.40000,31630
2012-06-15 00:00:00+00:00,5497.10000,5530.60000,5462.00000,5496.10000,36489
2012-06-17 00:00:00+00:00,5496.10000,5496.10000,5496.10000,5496.10000,4
2012-06-18 00:00:00+00:00,5496.10000,5553.40000,5455.20000,5494.50000,33530
2012-06-19 00:00:00+00:00,5494.50000,5602.20000,5494.50000,5581.00000,28195
2012-06-20 00:00:00+00:00,5582.30000,5646.60000,5565.10000,5622.30000,33654
2012-06-21 00:00:00+00:00,5595.40000,5610.00000,5498.50000,5499.50000,32441
2012-06-22 00:00:00+00:00,5518.90000,5542.60000,5495.70000,5537.30000,24341
2012-06-25 00:00:00+00:00,5537.30000,5537.30000,5429.80000,5440.30000,24672
2012-06-26 00:00:00+00:00,5454.40000,5478.40000,5430.90000,5469.00000,22013
2012-06-27 00:00:00+00:00,5469.30000,5537.60000,5446.60000,5528.50000,17486
2012-06-28 00:00:00+00:00,5525.30000,5529.80000,5429.90000,5522.50000,30754
2012-06-29 00:00:00+00:00,5522.50000,5617.30000,5522.50000,5587.40000,30158
2012-07-02 00:00:00+00:00,5572.00000,5656.90000,5565.70000,5652.50000,26462
2012-07-03 00:00:00+00:00,5637.20000,5693.60000,5630.20000,5683.00000,16752
2012-07-04 00:00:00+00:00,5676.80000,5696.00000,5662.10000,5687.30000,11131
2012-07-05 00:00:00+00:00,5682.90000,5721.30000,5654.80000,5677.80000,30835
2012-07-06 00:00:00+00:00,5669.60000,5687.60000,5637.70000,5674.10000,24004
2012-07-09 00:00:00+00:00,5659.10000,5661.60000,5599.60000,5637.20000,20438
2012-07-10 00:00:00+00:00,5636.50000,5679.10000,5610.80000,5630.70000,22514
2012-07-11 00:00:00+00:00,5631.00000,5664.90000,5611.40000,5655.70000,24406
2012-07-12 00:00:00+00:00,5617.00000,5640.10000,5575.80000,5616.20000,25907
2012-07-13 00:00:00+00:00,5620.50000,5673.60000,5612.20000,5665.50000,16981
2012-07-16 00:00:00+00:00,5647.60000,5658.00000,5626.30000,5640.30000,15951
2012-07-17 00:00:00+00:00,5661.70000,5663.20000,5605.50000,5638.50000,25154
2012-07-18 00:00:00+00:00,5641.10000,5683.40000,5609.80000,5672.00000,17921
2012-07-19 00:00:00+00:00,5677.30000,5715.10000,5671.00000,5702.70000,16842
2012-07-20 00:00:00+00:00,5688.70000,5694.20000,5628.70000,5632.10000,28018
2012-07-23 00:00:00+00:00,5632.10000,5632.10000,5492.50000,5535.30000,31230
2012-07-24 00:00:00+00:00,5530.60000,5538.40000,5436.90000,5469.80000,31232
2012-07-25 00:00:00+00:00,5464.30000,5508.70000,5459.80000,5481.10000,41898
2012-07-26 00:00:00+00:00,5481.70000,5578.20000,5458.50000,5569.60000,45466
2012-07-27 00:00:00+00:00,5578.90000,5653.30000,5531.20000,5634.90000,36847
2012-07-29 00:00:00+00:00,5634.90000,5634.90000,5634.90000,5634.90000,1
2012-07-30 00:00:00+00:00,5634.90000,5689.20000,5605.20000,5666.90000,31543
2012-07-31 00:00:00+00:00,5666.50000,5678.00000,5600.90000,5606.00000,30329
2012-08-01 00:00:00+00:00,5628.80000,5713.00000,5621.80000,5696.90000,35849
2012-08-02 00:00:00+00:00,5695.40000,5756.30000,5606.90000,5639.60000,59194
2012-08-03 00:00:00+00:00,5647.80000,5775.40000,5647.00000,5756.70000,34907
2012-08-06 00:00:00+00:00,5757.00000,5817.60000,5745.50000,5785.60000,20512
2012-08-07 00:00:00+00:00,5790.20000,5833.10000,5763.00000,5816.00000,26246
2012-08-08 00:00:00+00:00,5810.60000,5853.30000,5803.20000,5843.90000,25605
2012-08-09 00:00:00+00:00,5859.00000,5863.00000,5829.50000,5846.90000,21393
2012-08-10 00:00:00+00:00,5838.20000,5864.80000,5830.30000,5862.00000,19444
2012-08-12 00:00:00+00:00,5862.00000,5862.00000,5862.00000,5862.00000,1
2012-08-13 00:00:00+00:00,5848.80000,5854.20000,5813.70000,5839.70000,17569
2012-08-14 00:00:00+00:00,5861.60000,5878.10000,5844.40000,5858.80000,19653
2012-08-15 00:00:00+00:00,5853.00000,5866.00000,5833.40000,5853.80000,16801
2012-08-16 00:00:00+00:00,5857.90000,5868.20000,5820.40000,5858.40000,15930
2012-08-17 00:00:00+00:00,5866.40000,5869.40000,5844.60000,5866.40000,15911
2012-08-20 00:00:00+00:00,5862.20000,5866.20000,5809.90000,5846.60000,15481
2012-08-21 00:00:00+00:00,5854.20000,5881.60000,5824.90000,5837.40000,17135
2012-08-22 00:00:00+00:00,5829.60000,5831.00000,5777.60000,5797.10000,23082
2012-08-23 00:00:00+00:00,5818.90000,5819.70000,5760.80000,5774.00000,18694
2012-08-24 00:00:00+00:00,5776.40000,5798.50000,5744.40000,5771.80000,16104
2012-08-27 00:00:00+00:00,5771.80000,5771.80000,5771.80000,5771.80000,2
2012-08-28 00:00:00+00:00,5778.90000,5788.50000,5753.00000,5769.90000,20733
2012-08-29 00:00:00+00:00,5775.00000,5777.70000,5743.10000,5751.60000,17241
2012-08-30 00:00:00+00:00,5726.20000,5747.50000,5709.00000,5720.40000,12243
2012-08-31 00:00:00+00:00,5720.70000,5768.70000,5697.40000,5718.70000,25967
2012-09-03 00:00:00+00:00,5705.70000,5767.60000,5702.70000,5757.10000,10837
2012-09-04 00:00:00+00:00,5756.10000,5756.60000,5658.30000,5686.00000,16209
2012-09-05 00:00:00+00:00,5661.50000,5683.70000,5641.40000,5665.80000,22589
2012-09-06 00:00:00+00:00,5680.10000,5793.30000,5675.00000,5784.70000,22127
2012-09-07 00:00:00+00:00,5793.00000,5814.00000,5777.90000,5799.20000,22729
2012-09-08 00:00:00+00:00,5799.20000,5799.20000,5799.20000,5799.20000,1
2012-09-10 00:00:00+00:00,5781.00000,5811.90000,5773.00000,5777.00000,13419
2012-09-11 00:00:00+00:00,5778.60000,5801.20000,5767.70000,5791.40000,14415
2012-09-12 00:00:00+00:00,5799.60000,5826.40000,5759.90000,5785.80000,22783
2012-09-13 00:00:00+00:00,5785.40000,5903.70000,5773.00000,5883.90000,21563
2012-09-14 00:00:00+00:00,5884.00000,5936.60000,5882.20000,5903.70000,23205
2012-09-16 00:00:00+00:00,5903.60000,5903.60000,5903.60000,5903.60000,1
2012-09-17 00:00:00+00:00,5895.80000,5913.20000,5867.00000,5873.20000,15150
2012-09-18 00:00:00+00:00,5867.20000,5886.60000,5839.20000,5870.80000,20596
2012-09-19 00:00:00+00:00,5873.80000,5901.70000,5861.00000,5896.10000,14867
2012-09-20 00:00:00+00:00,5896.10000,5896.10000,5823.80000,5864.20000,10721
2012-09-21 00:00:00+00:00,5880.10000,5889.90000,5842.50000,5843.30000,14285
2012-09-22 00:00:00+00:00,5843.30000,5843.30000,5843.30000,5843.30000,2
2012-09-23 00:00:00+00:00,5843.20000,5843.20000,5843.20000,5843.20000,1
2012-09-24 00:00:00+00:00,5821.20000,5853.20000,5806.00000,5843.60000,15826
2012-09-25 00:00:00+00:00,5838.90000,5868.50000,5807.00000,5810.40000,15472
2012-09-26 00:00:00+00:00,5810.70000,5818.80000,5749.60000,5765.60000,16754
2012-09-27 00:00:00+00:00,5796.00000,5811.90000,5760.60000,5799.60000,15729
2012-09-28 00:00:00+00:00,5800.20000,5807.40000,5737.20000,5746.20000,22179
2012-10-01 00:00:00+00:00,5735.40000,5842.10000,5733.70000,5789.70000,21004
2012-10-02 00:00:00+00:00,5790.10000,5837.70000,5777.00000,5803.70000,23582
2012-10-03 00:00:00+00:00,5785.50000,5830.60000,5779.70000,5813.80000,18145
2012-10-04 00:00:00+00:00,5831.60000,5851.20000,5798.00000,5840.50000,18226
2012-10-05 00:00:00+00:00,5840.10000,5882.00000,5830.80000,5838.00000,21001
2012-10-08 00:00:00+00:00,5831.40000,5847.10000,5812.90000,5842.00000,16487
2012-10-09 00:00:00+00:00,5848.60000,5851.00000,5786.90000,5791.00000,21911
2012-10-10 00:00:00+00:00,5791.10000,5802.70000,5758.40000,5771.00000,13843
2012-10-11 00:00:00+00:00,5760.20000,5842.00000,5759.80000,5810.80000,17822
2012-10-12 00:00:00+00:00,5810.40000,5822.20000,5774.40000,5786.90000,20875
2012-10-15 00:00:00+00:00,5779.90000,5828.60000,5778.60000,5826.60000,16382
2012-10-16 00:00:00+00:00,5826.60000,5877.50000,5817.40000,5875.00000,15553
2012-10-17 00:00:00+00:00,5865.60000,5916.90000,5862.20000,5912.20000,14781
2012-10-18 00:00:00+00:00,5912.30000,5922.60000,5885.40000,5901.40000,19680
2012-10-19 00:00:00+00:00,5894.00000,5915.60000,5855.50000,5860.00000,18761
2012-10-21 00:00:00+00:00,5860.00000,5860.00000,5860.00000,5860.00000,3
2012-10-22 00:00:00+00:00,5860.00000,5903.30000,5855.80000,5888.70000,18068
2012-10-23 00:00:00+00:00,5884.30000,5886.80000,5778.90000,5794.10000,24787
2012-10-24 00:00:00+00:00,5794.10000,5819.40000,5771.80000,5788.50000,26588
2012-10-25 00:00:00+00:00,5808.40000,5837.70000,5788.90000,5802.20000,18215
2012-10-26 00:00:00+00:00,5768.70000,5820.20000,5747.60000,5804.60000,21294
2012-10-29 00:00:00+00:00,5786.20000,5807.80000,5756.80000,5784.40000,11157
2012-10-30 00:00:00+00:00,5784.40000,5847.00000,5784.40000,5833.00000,6617
2012-10-31 00:00:00+00:00,5839.40000,5862.80000,5768.60000,5777.30000,20182
2012-11-01 00:00:00+00:00,5782.00000,5861.10000,5769.90000,5855.20000,17372
2012-11-02 00:00:00+00:00,5851.00000,5883.90000,5820.10000,5830.40000,25840
2012-11-05 00:00:00+00:00,5834.40000,5843.50000,5816.30000,5836.70000,13569
2012-11-06 00:00:00+00:00,5840.80000,5901.10000,5833.60000,5892.50000,12561
2012-11-07 00:00:00+00:00,5902.40000,5919.90000,5785.00000,5810.30000,25772
2012-11-08 00:00:00+00:00,5809.40000,5821.20000,5756.90000,5756.90000,18838
2012-11-09 00:00:00+00:00,5774.50000,5783.30000,5708.30000,5757.60000,23803
2012-11-12 00:00:00+00:00,5757.60000,5789.60000,5755.60000,5768.20000,14224
2012-11-13 00:00:00+00:00,5740.70000,5785.00000,5703.90000,5750.80000,21848
2012-11-14 00:00:00+00:00,5770.20000,5773.20000,5672.10000,5676.60000,23573
2012-11-15 00:00:00+00:00,5689.00000,5710.00000,5659.30000,5677.10000,23224
2012-11-16 00:00:00+00:00,5677.20000,5686.00000,5601.00000,5640.20000,29094
2012-11-19 00:00:00+00:00,5653.20000,5744.10000,5647.80000,5738.00000,17094
2012-11-20 00:00:00+00:00,5717.80000,5762.00000,5709.10000,5753.70000,19694
2012-11-21 00:00:00+00:00,5741.30000,5769.80000,5736.80000,5768.20000,19443
2012-11-22 00:00:00+00:00,5784.40000,5807.40000,5776.60000,5795.40000,6746
2012-11-23 00:00:00+00:00,5804.80000,5846.20000,5788.00000,5828.70000,14757
2012-11-26 00:00:00+00:00,5816.60000,5822.70000,5779.30000,5810.00000,14960
2012-11-27 00:00:00+00:00,5817.60000,5831.90000,5794.50000,5797.90000,13933
2012-11-28 00:00:00+00:00,5790.00000,5834.40000,5762.50000,5830.00000,17770
2012-11-29 00:00:00+00:00,5831.60000,5892.50000,5827.60000,5875.30000,18887
2012-11-30 00:00:00+00:00,5871.80000,5912.70000,5867.60000,5888.80000,13090
2012-12-02 00:00:00+00:00,5888.80000,5888.80000,5888.80000,5888.80000,1
2012-12-03 00:00:00+00:00,5890.00000,5910.20000,5863.30000,5867.90000,13326
2012-12-04 00:00:00+00:00,5864.60000,5892.60000,5859.00000,5876.90000,13980
2012-12-05 00:00:00+00:00,5894.50000,5921.90000,5875.10000,5902.80000,17692
2012-12-06 00:00:00+00:00,5904.60000,5931.30000,5895.90000,5917.90000,17923
2012-12-07 00:00:00+00:00,5907.90000,5930.10000,5895.30000,5922.00000,16694
2012-12-09 00:00:00+00:00,5922.00000,5922.00000,5922.00000,5922.00000,2
2012-12-10 00:00:00+00:00,5911.70000,5931.50000,5896.40000,5924.90000,13755
2012-12-11 00:00:00+00:00,5921.60000,5942.60000,5913.10000,5928.00000,13010
2012-12-12 00:00:00+00:00,5933.10000,5967.50000,5920.60000,5940.40000,11226
2012-12-13 00:00:00+00:00,5947.20000,5950.80000,5914.10000,5926.90000,12510
2012-12-14 00:00:00+00:00,5939.50000,5948.30000,5912.30000,5913.00000,13992
2012-12-17 00:00:00+00:00,5920.00000,5922.80000,5882.30000,5920.60000,10876
2012-12-18 00:00:00+00:00,5927.30000,5959.60000,5925.80000,5957.30000,8809
2012-12-19 00:00:00+00:00,5957.60000,5983.80000,5948.50000,5962.60000,9117
2012-12-20 00:00:00+00:00,5961.60000,5982.10000,5956.60000,5973.80000,7947
2012-12-21 00:00:00+00:00,5935.40000,5962.50000,5899.30000,5953.90000,20072
2012-12-24 00:00:00+00:00,5940.40000,5960.10000,5935.30000,5953.40000,4212
2012-12-26 00:00:00+00:00,5953.40000,5953.40000,5953.40000,5953.40000,2
2012-12-27 00:00:00+00:00,5944.90000,6000.10000,5940.90000,5975.40000,18694
2012-12-28 00:00:00+00:00,5975.70000,5978.10000,5891.50000,5898.00000,10862
2012-12-31 00:00:00+00:00,5882.40000,5916.00000,5864.00000,5881.00000,3768
2013-01-02 00:00:00+00:00,5920.90000,6041.00000,5911.90000,6040.00000,19239
2013-01-03 00:00:00+00:00,6031.10000,6045.60000,6007.50000,6030.40000,10965
2013-01-04 00:00:00+00:00,6035.40000,6096.10000,6024.30000,6087.00000,11842
2013-01-07 00:00:00+00:00,6084.50000,6088.50000,6043.50000,6061.40000,12338
2013-01-08 00:00:00+00:00,6042.50000,6078.40000,6038.40000,6052.90000,11332
2013-01-09 00:00:00+00:00,6056.10000,6100.60000,6054.40000,6076.80000,11377
2013-01-10 00:00:00+00:00,6086.10000,6106.60000,6077.40000,6103.70000,14717
2013-01-11 00:00:00+00:00,6099.90000,6112.10000,6083.20000,6107.80000,11241
2013-01-12 00:00:00+00:00,6107.80000,6107.80000,6107.80000,6107.80000,1
2013-01-14 00:00:00+00:00,6113.20000,6119.60000,6083.00000,6097.30000,13793
2013-01-15 00:00:00+00:00,6087.90000,6115.10000,6070.70000,6112.40000,14649
2013-01-16 00:00:00+00:00,6087.90000,6102.20000,6063.10000,6090.60000,13762
2013-01-17 00:00:00+00:00,6084.00000,6130.60000,6074.40000,6122.40000,12573
2013-01-18 00:00:00+00:00,6126.30000,6160.90000,6121.40000,6159.60000,13557
2013-01-21 00:00:00+00:00,6156.10000,6170.70000,6146.60000,6169.40000,4636
2013-01-22 00:00:00+00:00,6162.10000,6185.00000,6132.20000,6184.10000,13726
2013-01-23 00:00:00+00:00,6176.40000,6195.10000,6166.20000,6194.60000,8935
2013-01-24 00:00:00+00:00,6174.60000,6257.30000,6169.70000,6237.90000,14002
2013-01-25 00:00:00+00:00,6237.90000,6276.70000,6230.50000,6274.90000,12695
2013-01-28 00:00:00+00:00,6263.60000,6295.60000,6259.10000,6289.20000,10208
2013-01-29 00:00:00+00:00,6283.60000,6331.70000,6267.60000,6326.20000,12856
2013-01-30 00:00:00+00:00,6320.50000,6337.40000,6292.50000,6294.60000,14316
2013-01-31 00:00:00+00:00,6287.00000,6296.10000,6255.40000,6263.40000,14085
2013-02-01 00:00:00+00:00,6274.30000,6343.60000,6273.90000,6342.10000,16547
2013-02-04 00:00:00+00:00,6321.20000,6321.20000,6214.00000,6225.00000,15445
2013-02-05 00:00:00+00:00,6219.90000,6276.00000,6218.50000,6260.60000,13964
2013-02-06 00:00:00+00:00,6268.80000,6299.80000,6241.50000,6280.20000,17495
2013-02-07 00:00:00+00:00,6264.70000,6290.50000,6191.90000,6221.80000,22029
2013-02-08 00:00:00+00:00,6230.00000,6255.00000,6221.00000,6236.80000,11361
2013-02-11 00:00:00+00:00,6232.20000,6270.40000,6226.60000,6251.10000,11310
2013-02-12 00:00:00+00:00,6243.30000,6319.60000,6233.10000,6300.30000,14765
2013-02-13 00:00:00+00:00,6314.60000,6377.20000,6301.70000,6350.50000,11928
2013-02-14 00:00:00+00:00,6347.40000,6352.40000,6291.70000,6328.10000,14546
2013-02-15 00:00:00+00:00,6316.20000,6342.10000,6293.50000,6308.50000,13194
2013-02-18 00:00:00+00:00,6311.70000,6316.30000,6293.90000,6308.50000,6767
2013-02-19 00:00:00+00:00,6291.90000,6376.00000,6290.50000,6368.90000,10942
2013-02-20 00:00:00+00:00,6369.80000,6408.40000,6361.00000,6362.10000,13854
2013-02-21 00:00:00+00:00,6349.60000,6356.90000,6270.10000,6290.50000,23082
2013-02-22 00:00:00+00:00,6304.90000,6359.40000,6304.90000,6359.40000,17050
2013-02-25 00:00:00+00:00,6345.20000,6382.10000,6235.90000,6239.40000,33952
2013-02-26 00:00:00+00:00,6254.00000,6284.90000,6242.80000,6275.20000,26686
2013-02-27 00:00:00+00:00,6282.90000,6363.90000,6260.30000,6352.30000,20077
2013-02-28 00:00:00+00:00,6348.00000,6375.20000,6322.80000,6349.60000,17911
2013-03-01 00:00:00+00:00,6341.20000,6383.50000,6298.20000,6372.10000,24060
2013-03-04 00:00:00+00:00,6342.80000,6359.60000,6320.90000,6359.00000,17070
2013-03-05 00:00:00+00:00,6365.50000,6433.70000,6365.50000,6418.90000,16018
2013-03-06 00:00:00+00:00,6439.40000,6457.20000,6410.70000,6435.20000,14723
2013-03-07 00:00:00+00:00,6428.90000,6454.60000,6426.20000,6447.30000,15018
2013-03-08 00:00:00+00:00,6469.40000,6484.90000,6443.90000,6481.20000,16286
2013-03-11 00:00:00+00:00,6469.30000,6503.40000,6466.90000,6502.90000,10026
2013-03-12 00:00:00+00:00,6486.30000,6528.10000,6477.50000,6489.60000,10522
2013-03-13 00:00:00+00:00,6485.00000,6495.50000,6436.50000,6480.10000,10432
2013-03-14 00:00:00+00:00,6493.50000,6534.80000,6488.10000,6531.40000,7236
2013-03-15 00:00:00+00:00,6534.90000,6535.40000,6466.00000,6472.40000,15713
2013-03-18 00:00:00+00:00,6390.00000,6458.90000,6381.60000,6435.50000,15807
2013-03-19 00:00:00+00:00,6431.80000,6470.20000,6407.70000,6443.70000,17372
2013-03-20 00:00:00+00:00,6473.20000,6482.80000,6426.50000,6431.20000,15402
2013-03-21 00:00:00+00:00,6433.10000,6434.40000,6364.70000,6376.60000,18825
2013-03-22 00:00:00+00:00,6381.40000,6431.20000,6376.40000,6398.30000,14793
2013-03-25 00:00:00+00:00,6427.80000,6461.40000,6359.80000,6390.70000,18685
2013-03-26 00:00:00+00:00,6399.10000,6416.30000,6368.40000,6415.50000,14615
2013-03-27 00:00:00+00:00,6423.90000,6425.10000,6344.10000,6400.50000,18459
2013-03-28 00:00:00+00:00,6393.00000,6450.10000,6381.90000,6419.40000,17371
2013-04-02 00:00:00+00:00,6402.50000,6500.80000,6402.20000,6471.60000,15583
2013-04-03 00:00:00+00:00,6468.70000,6476.60000,6389.90000,6397.80000,14041
2013-04-04 00:00:00+00:00,6419.20000,6425.70000,6331.00000,6354.30000,18130
2013-04-05 00:00:00+00:00,6340.90000,6344.20000,6209.00000,6287.40000,20273
2013-04-08 00:00:00+00:00,6262.70000,6296.10000,6252.30000,6296.00000,11741
2013-04-09 00:00:00+00:00,6304.30000,6326.10000,6282.00000,6312.70000,12220
2013-04-10 00:00:00+00:00,6319.20000,6400.10000,6313.80000,6379.10000,13903
2013-04-11 00:00:00+00:00,6379.10000,6417.10000,6368.90000,6388.70000,10801
2013-04-12 00:00:00+00:00,6386.10000,6402.20000,6358.80000,6395.90000,13810
2013-04-13 00:00:00+00:00,6395.90000,6395.90000,6395.90000,6395.90000,2
2013-04-15 00:00:00+00:00,6363.90000,6375.10000,6283.20000,6289.40000,18256
2013-04-16 00:00:00+00:00,6301.50000,6331.20000,6284.70000,6318.90000,16469
2013-04-17 00:00:00+00:00,6327.90000,6329.70000,6215.70000,6249.00000,25207
2013-04-18 00:00:00+00:00,6251.10000,6268.90000,6215.30000,6233.00000,21435
2013-04-19 00:00:00+00:00,6260.30000,6286.00000,6239.00000,6284.20000,18349
2013-04-22 00:00:00+00:00,6303.20000,6330.90000,6244.20000,6287.30000,15539
2013-04-23 00:00:00+00:00,6271.20000,6407.10000,6267.40000,6402.80000,23425
2013-04-24 00:00:00+00:00,6399.10000,6436.00000,6392.50000,6422.00000,16938
2013-04-25 00:00:00+00:00,6429.90000,6463.10000,6405.80000,6416.60000,16227
2013-04-26 00:00:00+00:00,6419.90000,6434.40000,6392.60000,6418.90000,13524
2013-04-29 00:00:00+00:00,6424.20000,6478.10000,6411.10000,6464.40000,13218
2013-04-30 00:00:00+00:00,6465.40000,6476.10000,6403.80000,6432.00000,15048
2013-05-01 00:00:00+00:00,6433.70000,6470.90000,6408.00000,6417.60000,7339
2013-05-02 00:00:00+00:00,6426.80000,6463.30000,6398.90000,6455.60000,18811
2013-05-03 00:00:00+00:00,6450.90000,6534.50000,6441.90000,6521.80000,14693
2013-05-07 00:00:00+00:00,6527.10000,6562.30000,6508.40000,6560.40000,12120
2013-05-08 00:00:00+00:00,6553.90000,6592.10000,6549.90000,6591.50000,11970
2013-05-09 00:00:00+00:00,6571.70000,6604.10000,6567.90000,6582.70000,11298
2013-05-10 00:00:00+00:00,6591.90000,6635.00000,6589.90000,6634.80000,15085
2013-05-13 00:00:00+00:00,6618.80000,6639.00000,6596.60000,6635.80000,12042
2013-05-14 00:00:00+00:00,6644.70000,6693.40000,6611.10000,6691.60000,14491
2013-05-15 00:00:00+00:00,6676.20000,6712.60000,6672.00000,6708.60000,12883
2013-05-16 00:00:00+00:00,6697.90000,6717.10000,6671.50000,6679.70000,15973
2013-05-17 00:00:00+00:00,6683.60000,6753.10000,6670.00000,6750.30000,16427
2013-05-20 00:00:00+00:00,6727.80000,6759.10000,6708.10000,6748.20000,12253
2013-05-21 00:00:00+00:00,6744.10000,6811.30000,6742.10000,6802.50000,13505
2013-05-22 00:00:00+00:00,6799.20000,6882.20000,6769.90000,6784.10000,24021
2013-05-23 00:00:00+00:00,6720.00000,6749.70000,6660.00000,6711.60000,30914
2013-05-24 00:00:00+00:00,6715.10000,6720.50000,6640.60000,6680.70000,21347
2013-05-28 00:00:00+00:00,6715.00000,6792.30000,6708.40000,6743.10000,20147
2013-05-29 00:00:00+00:00,6722.80000,6725.50000,6619.60000,6648.90000,22747
2013-05-30 00:00:00+00:00,6614.80000,6669.30000,6607.60000,6645.60000,21503
2013-05-31 00:00:00+00:00,6641.50000,6643.10000,6542.00000,6542.80000,25817
2013-06-03 00:00:00+00:00,6542.80000,6574.60000,6507.50000,6550.80000,27244
2013-06-04 00:00:00+00:00,6555.80000,6571.50000,6503.50000,6525.00000,22851
2013-06-05 00:00:00+00:00,6515.20000,6526.70000,6398.60000,6398.90000,27489
2013-06-06 00:00:00+00:00,6413.00000,6432.30000,6280.40000,6344.40000,30861
2013-06-07 00:00:00+00:00,6336.00000,6417.60000,6307.40000,6408.10000,25296
2013-06-10 00:00:00+00:00,6386.40000,6415.10000,6371.10000,6381.20000,21160
2013-06-11 00:00:00+00:00,6367.80000,6368.50000,6271.40000,6297.60000,27881
2013-06-12 00:00:00+00:00,6324.40000,6370.10000,6267.10000,6275.40000,23417
2013-06-13 00:00:00+00:00,6223.60000,6350.60000,6207.90000,6346.70000,24619
2013-06-14 00:00:00+00:00,6337.40000,6347.30000,6275.80000,6293.80000,20057
2013-06-17 00:00:00+00:00,6336.40000,6372.70000,6298.30000,6318.80000,14967
2013-06-18 00:00:00+00:00,6324.00000,6399.90000,6310.40000,6373.70000,15854
2013-06-19 00:00:00+00:00,6382.90000,6384.30000,6312.80000,6319.20000,24012
2013-06-20 00:00:00+00:00,6253.80000,6281.50000,6112.10000,6124.50000,24119
2013-06-21 00:00:00+00:00,6167.60000,6239.90000,6094.50000,6133.90000,33496
2013-06-24 00:00:00+00:00,6093.70000,6130.40000,6014.60000,6047.60000,32905
2013-06-25 00:00:00+00:00,6068.90000,6126.20000,6044.00000,6116.00000,26905
2013-06-26 00:00:00+00:00,6102.30000,6183.70000,6082.00000,6176.10000,23319
2013-06-27 00:00:00+00:00,6170.90000,6266.00000,6162.30000,6222.00000,21509
2013-06-28 00:00:00+00:00,6246.60000,6262.20000,6195.60000,6213.50000,26319
2013-07-01 00:00:00+00:00,6263.50000,6309.90000,6205.60000,6280.10000,25379
2013-07-02 00:00:00+00:00,6287.40000,6302.10000,6245.20000,6273.30000,23317
2013-07-03 00:00:00+00:00,6235.00000,6239.00000,6170.20000,6233.50000,20438
2013-07-04 00:00:00+00:00,6267.10000,6424.20000,6257.40000,6408.90000,21697
2013-07-05 00:00:00+00:00,6431.20000,6491.80000,6353.50000,6418.00000,34499
2013-07-08 00:00:00+00:00,6413.50000,6466.90000,6400.40000,6445.90000,25793
2013-07-09 00:00:00+00:00,6482.40000,6522.10000,6474.30000,6513.40000,19289
2013-07-10 00:00:00+00:00,6493.70000,6526.90000,6460.70000,6513.40000,20430
2013-07-11 00:00:00+00:00,6570.00000,6576.10000,6513.40000,6551.10000,21558
2013-07-12 00:00:00+00:00,6546.70000,6573.30000,6526.40000,6542.20000,15821
2013-07-15 00:00:00+00:00,6551.60000,6594.20000,6546.30000,6577.60000,16468
2013-07-16 00:00:00+00:00,6590.80000,6594.90000,6533.90000,6548.90000,18033
2013-07-17 00:00:00+00:00,6552.30000,6583.70000,6501.40000,6555.40000,22831
2013-07-18 00:00:00+00:00,6541.50000,6645.50000,6541.50000,6622.70000,19147
2013-07-19 00:00:00+00:00,6604.00000,6622.10000,6576.10000,6608.20000,18089
2013-07-22 00:00:00+00:00,6619.20000,6631.10000,6591.40000,6603.00000,16098
2013-07-23 00:00:00+00:00,6631.30000,6643.00000,6576.00000,6594.50000,15872
2013-07-24 00:00:00+00:00,6597.90000,6646.80000,6563.10000,6604.60000,20281
2013-07-25 00:00:00+00:00,6600.50000,6607.10000,6520.50000,6589.50000,20173
2013-07-26 00:00:00+00:00,6592.10000,6613.00000,6514.40000,6567.10000,19044
2013-07-29 00:00:00+00:00,6555.80000,6588.70000,6522.20000,6552.50000,16055
2013-07-30 00:00:00+00:00,6551.40000,6581.90000,6531.20000,6554.00000,16076
2013-07-31 00:00:00+00:00,6542.60000,6641.70000,6534.90000,6606.30000,23581
2013-08-01 00:00:00+00:00,6606.30000,6695.10000,6590.60000,6687.10000,20522
2013-08-02 00:00:00+00:00,6681.10000,6681.10000,6600.50000,6638.00000,18822
2013-08-05 00:00:00+00:00,6639.50000,6664.30000,6564.80000,6592.80000,14136
2013-08-06 00:00:00+00:00,6586.90000,6606.10000,6537.20000,6577.40000,13808
2013-08-07 00:00:00+00:00,6564.50000,6618.60000,6474.70000,6499.30000,18906
2013-08-08 00:00:00+00:00,6505.50000,6549.30000,6493.80000,6540.10000,16648
2013-08-09 00:00:00+00:00,6540.10000,6597.80000,6516.20000,6584.20000,16237
2013-08-12 00:00:00+00:00,6577.10000,6586.40000,6531.60000,6559.30000,18308
2013-08-13 00:00:00+00:00,6565.70000,6627.50000,6553.40000,6624.40000,16598
2013-08-14 00:00:00+00:00,6632.60000,6636.60000,6585.10000,6605.90000,18729
2013-08-15 00:00:00+00:00,6588.00000,6591.90000,6463.40000,6475.10000,23650
2013-08-16 00:00:00+00:00,6483.40000,6513.90000,6455.50000,6502.10000,17375
2013-08-19 00:00:00+00:00,6507.60000,6511.10000,6440.20000,6443.00000,18463
2013-08-20 00:00:00+00:00,6421.30000,6469.10000,6398.40000,6456.00000,21111
2013-08-21 00:00:00+00:00,6453.20000,6457.00000,6379.70000,6396.30000,22895
2013-08-22 00:00:00+00:00,6398.10000,6479.40000,6398.10000,6467.60000,22015
2013-08-23 00:00:00+00:00,6448.60000,6527.00000,6429.40000,6513.30000,19194
2013-08-27 00:00:00+00:00,6482.50000,6496.80000,6399.60000,6401.50000,28198
2013-08-28 00:00:00+00:00,6417.50000,6452.10000,6399.50000,6428.40000,22371
2013-08-29 00:00:00+00:00,6476.10000,6509.90000,6456.50000,6472.70000,19411
2013-08-30 00:00:00+00:00,6505.10000,6511.30000,6396.50000,6409.10000,23107
2013-09-02 00:00:00+00:00,6490.50000,6538.90000,6487.50000,6507.70000,12144
2013-09-03 00:00:00+00:00,6517.60000,6529.60000,6443.90000,6470.90000,27960
2013-09-04 00:00:00+00:00,6488.60000,6499.30000,6430.10000,6488.90000,19964
2013-09-05 00:00:00+00:00,6503.10000,6553.00000,6467.40000,6541.70000,23452
2013-09-06 00:00:00+00:00,6522.60000,6577.50000,6497.30000,6536.70000,29242
2013-09-09 00:00:00+00:00,6560.00000,6563.00000,6511.80000,6556.90000,21058
2013-09-10 00:00:00+00:00,6576.60000,6611.00000,6571.70000,6606.50000,18332
2013-09-11 00:00:00+00:00,6594.30000,6601.00000,6564.40000,6594.40000,15993
2013-09-12 00:00:00+00:00,6591.70000,6612.10000,6562.10000,6588.00000,17478
2013-09-13 00:00:00+00:00,6578.20000,6603.20000,6565.40000,6598.10000,12660
2013-09-16 00:00:00+00:00,6658.60000,6658.60000,6612.20000,6619.60000,15395
2013-09-17 00:00:00+00:00,6613.30000,6617.40000,6568.10000,6586.10000,9019
2013-09-18 00:00:00+00:00,6584.40000,6639.70000,6529.90000,6628.30000,14286
2013-09-19 00:00:00+00:00,6641.20000,6659.00000,6609.90000,6615.90000,11466
2013-09-20 00:00:00+00:00,6605.30000,6633.30000,6573.90000,6573.90000,17301
2013-09-23 00:00:00+00:00,6595.10000,6598.60000,6538.90000,6556.90000,14825
2013-09-24 00:00:00+00:00,6550.90000,6583.80000,6545.60000,6555.40000,13546
2013-09-25 00:00:00+00:00,6555.60000,6588.30000,6522.80000,6537.40000,19808
2013-09-26 00:00:00+00:00,6553.50000,6580.90000,6533.00000,6564.90000,15895
2013-09-27 00:00:00+00:00,6561.50000,6567.20000,6481.70000,6506.10000,18563
2013-09-30 00:00:00+00:00,6437.30000,6471.80000,6432.60000,6445.90000,20839
2013-10-01 00:00:00+00:00,6452.00000,6462.20000,6417.10000,6440.40000,21058
2013-10-02 00:00:00+00:00,6428.90000,6453.10000,6378.40000,6452.90000,18719
2013-10-03 00:00:00+00:00,6429.10000,6466.60000,6413.40000,6424.50000,19800
2013-10-04 00:00:00+00:00,6426.80000,6471.80000,6420.90000,6470.60000,15373
2013-10-07 00:00:00+00:00,6470.60000,6470.60000,6383.20000,6415.40000,10670
2013-10-08 00:00:00+00:00,6419.20000,6424.60000,6320.30000,6322.60000,24222
2013-10-09 00:00:00+00:00,6340.90000,6365.90000,6308.50000,6335.20000,22779
2013-10-10 00:00:00+00:00,6350.70000,6458.40000,6340.50000,6452.80000,24664
2013-10-11 00:00:00+00:00,6446.90000,6510.80000,6426.40000,6510.80000,14802
2013-10-14 00:00:00+00:00,6463.80000,6540.00000,6456.10000,6531.30000,13723
2013-10-15 00:00:00+00:00,6534.70000,6561.40000,6515.90000,6520.60000,21516
2013-10-16 00:00:00+00:00,6523.10000,6576.10000,6494.90000,6568.00000,18313
2013-10-17 00:00:00+00:00,6540.90000,6602.80000,6519.20000,6598.80000,16112
2013-10-18 00:00:00+00:00,6601.20000,6623.90000,6574.50000,6622.90000,14683
2013-10-21 00:00:00+00:00,6626.30000,6651.80000,6605.80000,6651.50000,14329
2013-10-22 00:00:00+00:00,6643.80000,6709.60000,6643.80000,6687.60000,15922
2013-10-23 00:00:00+00:00,6668.90000,6678.90000,6649.10000,6671.40000,20624
2013-10-24 00:00:00+00:00,6671.40000,6723.60000,6671.40000,6721.90000,13491
2013-10-25 00:00:00+00:00,6701.50000,6726.60000,6697.30000,6723.10000,16501
2013-10-28 00:00:00+00:00,6734.40000,6734.40000,6696.70000,6728.10000,11969
2013-10-29 00:00:00+00:00,6725.70000,6781.50000,6724.50000,6778.20000,12730
2013-10-30 00:00:00+00:00,6781.20000,6813.70000,6740.40000,6761.90000,20701
2013-10-31 00:00:00+00:00,6759.10000,6762.10000,6712.40000,6742.00000,20400
2013-11-01 00:00:00+00:00,6746.40000,6752.20000,6707.00000,6744.50000,16572
2013-11-04 00:00:00+00:00,6742.70000,6780.10000,6738.80000,6780.10000,15147
2013-11-05 00:00:00+00:00,6765.10000,6765.10000,6699.20000,6733.90000,16864
2013-11-06 00:00:00+00:00,6759.80000,6766.10000,6730.40000,6740.80000,14526
2013-11-07 00:00:00+00:00,6738.10000,6776.80000,6639.60000,6642.40000,30925
2013-11-08 00:00:00+00:00,6658.20000,6729.90000,6636.20000,6729.90000,23341
2013-11-11 00:00:00+00:00,6719.20000,6739.90000,6695.50000,6723.30000,14962
2013-11-12 00:00:00+00:00,6712.00000,6725.60000,6684.80000,6712.00000,17907
2013-11-13 00:00:00+00:00,6694.80000,6701.30000,6616.70000,6669.30000,22143
2013-11-14 00:00:00+00:00,6692.50000,6702.00000,6644.80000,6680.30000,17824
2013-11-15 00:00:00+00:00,6682.00000,6708.20000,6668.10000,6700.10000,19017
2013-11-18 00:00:00+00:00,6683.90000,6735.00000,6672.20000,6695.10000,16775
2013-11-19 00:00:00+00:00,6700.90000,6710.90000,6677.40000,6681.60000,16974
2013-11-20 00:00:00+00:00,6684.50000,6721.60000,6657.50000,6671.40000,18238
2013-11-21 00:00:00+00:00,6669.80000,6708.70000,6649.70000,6708.20000,15110
2013-11-22 00:00:00+00:00,6702.90000,6719.60000,6666.90000,6693.10000,15046
2013-11-25 00:00:00+00:00,6704.20000,6717.60000,6681.90000,6687.90000,10013
2013-11-26 00:00:00+00:00,6694.60000,6703.80000,6636.30000,6638.00000,12667
2013-11-27 00:00:00+00:00,6638.00000,6670.80000,6638.00000,6652.10000,11218
2013-11-28 00:00:00+00:00,6653.50000,6685.60000,6646.60000,6655.40000,5351
2013-11-29 00:00:00+00:00,6656.20000,6688.10000,6641.10000,6646.10000,7739
2013-12-02 00:00:00+00:00,6661.60000,6662.90000,6582.00000,6582.00000,13017
2013-12-03 00:00:00+00:00,6587.60000,6590.90000,6516.40000,6538.50000,16336
2013-12-04 00:00:00+00:00,6544.40000,6550.00000,6469.00000,6512.70000,19708
2013-12-05 00:00:00+00:00,6499.20000,6523.70000,6484.00000,6492.90000,17930
2013-12-06 00:00:00+00:00,6515.90000,6579.30000,6497.90000,6572.90000,17359
2013-12-09 00:00:00+00:00,6572.90000,6572.90000,6536.60000,6546.50000,11765
2013-12-10 00:00:00+00:00,6546.90000,6574.20000,6517.10000,6525.90000,11865
2013-12-11 00:00:00+00:00,6512.40000,6556.00000,6477.50000,6484.30000,13561
2013-12-12 00:00:00+00:00,6487.50000,6488.60000,6423.40000,6433.90000,16214
2013-12-13 00:00:00+00:00,6435.50000,6461.60000,6428.20000,6445.60000,10198
2013-12-16 00:00:00+00:00,6421.30000,6529.50000,6416.90000,6514.30000,11842
2013-12-17 00:00:00+00:00,6497.10000,6511.20000,6476.90000,6491.90000,11028
2013-12-18 00:00:00+00:00,6504.60000,6563.20000,6440.90000,6562.10000,17599
2013-12-19 00:00:00+00:00,6544.10000,6587.80000,6533.20000,6586.80000,9638
2013-12-20 00:00:00+00:00,6586.80000,6612.40000,6569.50000,6596.90000,16016
2013-12-23 00:00:00+00:00,6613.00000,6678.40000,6611.00000,6663.80000,11983
2013-12-24 00:00:00+00:00,6675.20000,6708.10000,6671.60000,6700.30000,2172
2013-12-27 00:00:00+00:00,6706.40000,6769.10000,6703.30000,6742.00000,12067
2013-12-30 00:00:00+00:00,6747.20000,6760.90000,6708.00000,6734.30000,11755
2013-12-31 00:00:00+00:00,6734.30000,6749.40000,6726.90000,6745.80000,1129
2014-01-02 00:00:00+00:00,6749.00000,6751.00000,6692.20000,6712.70000,16970
2014-01-03 00:00:00+00:00,6704.60000,6738.10000,6685.30000,6724.40000,13126
2014-01-06 00:00:00+00:00,6710.60000,6738.40000,6698.30000,6711.00000,16217
2014-01-07 00:00:00+00:00,6713.80000,6753.80000,6700.90000,6740.10000,13205
2014-01-08 00:00:00+00:00,6737.40000,6737.60000,6695.90000,6707.90000,14196
2014-01-09 00:00:00+00:00,6706.80000,6730.30000,6659.80000,6692.10000,18231
2014-01-10 00:00:00+00:00,6692.10000,6753.30000,6692.10000,6739.60000,22944
2014-01-13 00:00:00+00:00,6731.80000,6746.10000,6682.90000,6689.30000,16241
2014-01-14 00:00:00+00:00,6682.70000,6767.20000,6672.00000,6764.70000,19031
2014-01-15 00:00:00+00:00,6769.30000,6812.90000,6756.90000,6807.40000,17070
2014-01-16 00:00:00+00:00,6804.50000,6818.40000,6790.30000,6817.60000,14929
2014-01-17 00:00:00+00:00,6791.10000,6824.60000,6788.10000,6802.50000,16907
2014-01-20 00:00:00+00:00,6801.90000,6819.90000,6789.50000,6815.50000,6815
2014-01-21 00:00:00+00:00,6820.80000,6846.60000,6798.00000,6826.30000,15527
2014-01-22 00:00:00+00:00,6821.70000,6844.70000,6800.40000,6824.80000,15464
2014-01-23 00:00:00+00:00,6794.80000,6816.50000,6738.60000,6757.40000,19035
2014-01-24 00:00:00+00:00,6752.20000,6764.60000,6597.80000,6598.20000,34322
2014-01-27 00:00:00+00:00,6598.20000,6607.10000,6482.90000,6514.40000,32548
2014-01-28 00:00:00+00:00,6540.90000,6565.80000,6531.20000,6557.90000,24455
2014-01-29 00:00:00+00:00,6596.70000,6618.10000,6452.80000,6484.20000,78526
2014-01-30 00:00:00+00:00,6510.00000,6540.10000,6478.60000,6533.40000,65617
2014-01-31 00:00:00+00:00,6502.00000,6519.60000,6389.00000,6460.60000,87294
2014-02-03 00:00:00+00:00,6461.40000,6507.00000,6366.40000,6373.60000,92941
2014-02-04 00:00:00+00:00,6407.60000,6447.40000,6382.90000,6428.00000,71130
2014-02-05 00:00:00+00:00,6409.60000,6453.60000,6390.60000,6449.70000,76842
2014-02-06 00:00:00+00:00,6460.60000,6542.80000,6427.40000,6542.80000,72847
2014-02-07 00:00:00+00:00,6541.80000,6571.70000,6505.40000,6570.00000,56487
2014-02-10 00:00:00+00:00,6553.20000,6567.20000,6530.20000,6564.10000,37608
2014-02-11 00:00:00+00:00,6586.30000,6670.80000,6578.90000,6659.60000,44123
2014-02-12 00:00:00+00:00,6664.00000,6687.10000,6641.90000,6658.60000,41261
2014-02-13 00:00:00+00:00,6638.00000,6656.30000,6583.30000,6648.50000,45408
2014-02-14 00:00:00+00:00,6633.80000,6655.40000,6621.00000,6649.70000,36451
2014-02-17 00:00:00+00:00,6645.30000,6721.60000,6639.60000,6708.80000,17191
2014-02-18 00:00:00+00:00,6724.40000,6785.20000,6690.10000,6778.20000,38882
2014-02-19 00:00:00+00:00,6769.20000,6800.20000,6739.60000,6744.80000,42321
2014-02-20 00:00:00+00:00,6728.60000,6817.80000,6718.40000,6812.60000,42651
2014-02-21 00:00:00+00:00,6835.80000,6850.00000,6790.10000,6791.00000,40903
2014-02-24 00:00:00+00:00,6807.70000,6871.20000,6780.70000,6847.50000,35896
2014-02-25 00:00:00+00:00,6836.20000,6839.20000,6774.20000,6790.20000,43391
2014-02-26 00:00:00+00:00,6813.90000,6821.20000,6756.60000,6773.30000,42293
2014-02-27 00:00:00+00:00,6778.10000,6809.00000,6716.10000,6805.80000,48641
2014-02-28 00:00:00+00:00,6797.00000,6818.60000,6754.00000,6786.60000,55019
2014-03-03 00:00:00+00:00,6688.20000,6730.00000,6652.60000,6693.80000,82584
2014-03-04 00:00:00+00:00,6756.40000,6813.30000,6752.20000,6807.80000,67939
2014-03-05 00:00:00+00:00,6796.60000,6803.60000,6753.40000,6768.40000,44296
2014-03-06 00:00:00+00:00,6786.80000,6798.10000,6757.30000,6766.20000,45015
2014-03-07 00:00:00+00:00,6778.00000,6788.60000,6690.90000,6724.00000,70209
2014-03-10 00:00:00+00:00,6683.20000,6744.00000,6654.60000,6684.90000,55659
2014-03-11 00:00:00+00:00,6682.10000,6702.40000,6642.00000,6649.10000,46770
2014-03-12 00:00:00+00:00,6643.60000,6655.40000,6598.80000,6629.40000,56350
2014-03-13 00:00:00+00:00,6633.80000,6634.00000,6505.90000,6531.60000,70396
2014-03-14 00:00:00+00:00,6521.40000,6546.40000,6497.70000,6521.80000,84631
2014-03-17 00:00:00+00:00,6529.00000,6590.10000,6523.70000,6567.60000,46580
2014-03-18 00:00:00+00:00,6555.90000,6696.40000,6528.60000,6603.60000,43530
2014-03-19 00:00:00+00:00,6606.40000,6606.40000,6515.80000,6541.40000,39017
2014-03-20 00:00:00+00:00,6537.70000,6549.20000,6484.40000,6532.10000,36726
2014-03-21 00:00:00+00:00,6543.20000,6567.00000,6504.80000,6518.20000,60621
2014-03-24 00:00:00+00:00,6555.20000,6562.30000,6496.00000,6518.90000,70465
2014-03-25 00:00:00+00:00,6525.50000,6619.60000,6525.20000,6598.70000,61441
2014-03-26 00:00:00+00:00,6596.40000,6638.00000,6547.80000,6555.90000,63101
2014-03-27 00:00:00+00:00,6570.20000,6587.20000,6551.70000,6581.60000,70081
2014-03-28 00:00:00+00:00,6600.20000,6624.80000,6576.40000,6594.10000,50389
2014-03-31 00:00:00+00:00,6624.40000,6649.80000,6570.40000,6606.60000,47611
2014-04-01 00:00:00+00:00,6617.80000,6650.40000,6598.00000,6643.40000,13565
2014-04-02 00:00:00+00:00,6641.80000,6667.80000,6630.20000,6664.60000,16558
2014-04-03 00:00:00+00:00,6658.00000,6674.20000,6628.20000,6652.20000,43487
2014-04-04 00:00:00+00:00,6652.90000,6698.90000,6636.80000,6645.40000,61282
2014-04-07 00:00:00+00:00,6636.40000,6663.50000,6573.70000,6588.40000,60740
2014-04-08 00:00:00+00:00,6602.60000,6611.10000,6535.10000,6574.40000,62672
2014-04-09 00:00:00+00:00,6593.60000,6653.40000,6589.40000,6649.60000,46988
2014-04-10 00:00:00+00:00,6646.00000,6677.00000,6553.80000,6567.20000,73166
2014-04-11 00:00:00+00:00,6580.30000,6588.10000,6516.60000,6523.40000,79953
2014-04-14 00:00:00+00:00,6519.80000,6571.00000,6491.50000,6560.20000,63097
2014-04-15 00:00:00+00:00,6563.60000,6580.00000,6489.60000,6551.20000,90378
2014-04-16 00:00:00+00:00,6574.00000,6592.40000,6537.60000,6589.90000,61067
2014-04-17 00:00:00+00:00,6574.00000,6643.00000,6543.90000,6639.20000,23312
2014-04-22 00:00:00+00:00,6644.60000,6692.20000,6639.60000,6674.20000,35132
2014-04-23 00:00:00+00:00,6676.70000,6687.70000,6651.90000,6668.60000,36904
2014-04-24 00:00:00+00:00,6688.60000,6716.10000,6656.80000,6683.60000,57478
2014-04-25 00:00:00+00:00,6679.30000,6685.80000,6645.60000,6677.40000,58681
2014-04-28 00:00:00+00:00,6698.30000,6709.70000,6653.60000,6691.80000,59835
2014-04-29 00:00:00+00:00,6706.30000,6763.20000,6705.30000,6750.10000,51157
2014-04-30 00:00:00+00:00,6748.40000,6795.80000,6741.00000,6785.20000,50174
2014-05-01 00:00:00+00:00,6786.20000,6809.60000,6780.90000,6799.20000,13813
2014-05-02 00:00:00+00:00,6803.20000,6829.80000,6788.80000,6812.80000,50860
2014-05-06 00:00:00+00:00,6816.80000,6817.50000,6773.20000,6783.40000,45829
2014-05-07 00:00:00+00:00,6768.80000,6801.10000,6760.50000,6800.80000,63515
2014-05-08 00:00:00+00:00,6808.30000,6836.20000,6796.60000,6813.50000,59724
2014-05-09 00:00:00+00:00,6829.80000,6830.30000,6798.60000,6818.80000,49630
2014-05-12 00:00:00+00:00,6821.80000,6858.80000,6810.50000,6856.60000,33367
2014-05-13 00:00:00+00:00,6865.40000,6875.70000,6838.40000,6873.40000,33695
2014-05-14 00:00:00+00:00,6873.20000,6892.90000,6859.60000,6874.60000,35733
2014-05-15 00:00:00+00:00,6886.80000,6902.40000,6825.00000,6858.90000,56876
2014-05-16 00:00:00+00:00,6853.10000,6872.10000,6817.10000,6871.10000,51569
2014-05-19 00:00:00+00:00,6834.00000,6856.60000,6805.60000,6856.60000,40861
2014-05-20 00:00:00+00:00,6845.80000,6853.30000,6781.00000,6799.00000,37118
2014-05-21 00:00:00+00:00,6800.70000,6834.60000,6789.60000,6827.00000,34769
2014-05-22 00:00:00+00:00,6847.80000,6853.80000,6815.20000,6824.60000,31760
2014-05-23 00:00:00+00:00,6826.20000,6826.80000,6799.20000,6817.20000,23467
2014-05-27 00:00:00+00:00,6848.40000,6861.40000,6830.60000,6843.80000,22607
2014-05-28 00:00:00+00:00,6846.60000,6858.60000,6834.80000,6842.00000,25154
2014-05-29 00:00:00+00:00,6852.00000,6885.20000,6852.00000,6879.20000,18992
2014-05-30 00:00:00+00:00,6860.20000,6876.60000,6830.80000,6855.00000,25339
2014-06-02 00:00:00+00:00,6868.00000,6874.60000,6847.00000,6863.20000,23346
2014-06-03 00:00:00+00:00,6857.30000,6857.60000,6814.50000,6840.40000,19781
2014-06-04 00:00:00+00:00,6832.30000,6844.00000,6800.80000,6823.60000,25452
2014-06-05 00:00:00+00:00,6822.20000,6850.20000,6795.40000,6821.60000,52322
2014-06-06 00:00:00+00:00,6823.20000,6880.00000,6818.10000,6869.80000,26595
2014-06-09 00:00:00+00:00,6865.00000,6879.20000,6859.60000,6865.00000,14532
2014-06-10 00:00:00+00:00,6861.40000,6879.20000,6832.80000,6872.30000,19773
2014-06-11 00:00:00+00:00,6871.60000,6873.40000,6829.40000,6844.70000,23001
2014-06-12 00:00:00+00:00,6851.90000,6857.60000,6816.80000,6829.60000,20479
2014-06-13 00:00:00+00:00,6822.30000,6828.60000,6760.00000,6782.00000,28367
2014-06-16 00:00:00+00:00,6768.30000,6781.60000,6748.60000,6771.20000,24679
2014-06-17 00:00:00+00:00,6769.40000,6785.80000,6734.00000,6781.20000,23976
2014-06-18 00:00:00+00:00,6786.30000,6811.00000,6775.00000,6807.10000,23183
2014-06-19 00:00:00+00:00,6825.00000,6840.60000,6807.20000,6812.40000,16764
2014-06-20 00:00:00+00:00,6799.80000,6841.60000,6798.00000,6826.40000,23720
2014-06-23 00:00:00+00:00,6827.80000,6829.40000,6782.40000,6815.40000,27944
2014-06-24 00:00:00+00:00,6808.80000,6822.20000,6754.20000,6759.40000,22939
2014-06-25 00:00:00+00:00,6754.20000,6762.80000,6711.20000,6747.80000,30759
2014-06-26 00:00:00+00:00,6750.90000,6752.80000,6696.60000,6752.60000,37130
2014-06-27 00:00:00+00:00,6741.80000,6770.40000,6734.00000,6770.20000,21061
2014-06-30 00:00:00+00:00,6756.90000,6773.40000,6723.20000,6742.00000,28328
2014-07-01 00:00:00+00:00,6753.30000,6804.90000,6747.00000,6789.80000,20516
2014-07-02 00:00:00+00:00,6789.80000,6823.60000,6789.80000,6817.60000,20170
2014-07-03 00:00:00+00:00,6814.20000,6863.00000,6808.80000,6859.70000,25084
2014-07-04 00:00:00+00:00,6858.20000,6869.60000,6849.20000,6863.70000,9484
2014-07-07 00:00:00+00:00,6856.80000,6860.60000,6809.20000,6822.20000,22612
2014-07-08 00:00:00+00:00,6822.40000,6823.40000,6703.60000,6729.30000,35129
2014-07-09 00:00:00+00:00,6725.80000,6728.40000,6681.80000,6722.30000,27209
2014-07-10 00:00:00+00:00,6710.20000,6713.40000,6631.60000,6680.80000,30868
2014-07-11 00:00:00+00:00,6672.30000,6683.00000,6649.80000,6677.20000,28148
2014-07-14 00:00:00+00:00,6693.00000,6747.20000,6687.60000,6721.40000,25530
2014-07-15 00:00:00+00:00,6720.50000,6748.40000,6680.60000,6711.10000,45280
2014-07-16 00:00:00+00:00,6710.90000,6778.80000,6710.90000,6762.60000,32647
2014-07-17 00:00:00+00:00,6746.40000,6761.40000,6689.80000,6696.20000,47875
2014-07-18 00:00:00+00:00,6698.80000,6752.60000,6673.00000,6739.80000,36238
2014-07-21 00:00:00+00:00,6731.20000,6737.70000,6697.20000,6725.20000,39691
2014-07-22 00:00:00+00:00,6736.60000,6784.40000,6735.00000,6764.20000,30180
2014-07-23 00:00:00+00:00,6764.00000,6807.60000,6755.80000,6778.00000,26963
2014-07-24 00:00:00+00:00,6783.10000,6809.40000,6749.00000,6794.60000,34476
2014-07-25 00:00:00+00:00,6787.40000,6815.00000,6763.00000,6784.00000,34142
2014-07-28 00:00:00+00:00,6789.40000,6792.40000,6740.40000,6777.40000,38139
2014-07-29 00:00:00+00:00,6780.50000,6816.80000,6763.60000,6778.00000,37226
2014-07-30 00:00:00+00:00,6788.20000,6797.30000,6737.00000,6770.00000,48885
2014-07-31 00:00:00+00:00,6769.60000,6777.00000,6674.30000,6677.30000,71341
2014-08-01 00:00:00+00:00,6696.30000,6699.40000,6600.00000,6654.70000,72554
2014-08-04 00:00:00+00:00,6673.50000,6691.20000,6641.00000,6674.30000,49038
2014-08-05 00:00:00+00:00,6672.00000,6689.20000,6616.80000,6628.60000,58656
2014-08-06 00:00:00+00:00,6634.60000,6640.60000,6574.40000,6619.60000,60745
2014-08-07 00:00:00+00:00,6625.20000,6636.30000,6556.20000,6569.20000,73337
2014-08-08 00:00:00+00:00,6547.40000,6595.20000,6513.20000,6591.00000,70199
2014-08-11 00:00:00+00:00,6586.00000,6631.40000,6577.00000,6605.50000,37581
2014-08-12 00:00:00+00:00,6615.00000,6627.80000,6594.40000,6620.50000,42227
2014-08-13 00:00:00+00:00,6637.60000,6670.40000,6631.00000,6660.80000,33047
2014-08-14 00:00:00+00:00,6652.40000,6703.00000,6645.40000,6699.70000,34956
2014-08-15 00:00:00+00:00,6706.80000,6748.20000,6668.00000,6706.40000,63716
2014-08-18 00:00:00+00:00,6727.80000,6759.60000,6721.20000,6755.00000,24911
2014-08-19 00:00:00+00:00,6767.00000,6792.60000,6758.40000,6787.20000,20964
2014-08-20 00:00:00+00:00,6784.40000,6785.40000,6750.20000,6776.00000,27755
2014-08-21 00:00:00+00:00,6773.10000,6791.80000,6762.40000,6782.30000,28168
2014-08-22 00:00:00+00:00,6788.40000,6795.80000,6754.40000,6775.80000,41520
2014-08-26 00:00:00+00:00,6824.10000,6837.00000,6788.00000,6818.60000,25695
2014-08-27 00:00:00+00:00,6828.40000,6840.20000,6821.60000,6834.60000,19927
2014-08-28 00:00:00+00:00,6831.60000,6835.40000,6805.20000,6811.20000,37539
2014-08-29 00:00:00+00:00,6822.80000,6838.30000,6788.60000,6823.70000,28478
2014-09-01 00:00:00+00:00,6816.60000,6833.00000,6803.20000,6828.40000,17227
2014-09-02 00:00:00+00:00,6847.20000,6856.20000,6815.00000,6836.40000,28903
2014-09-03 00:00:00+00:00,6849.60000,6909.40000,6849.60000,6885.60000,45884
2014-09-04 00:00:00+00:00,6886.40000,6915.20000,6865.40000,6882.00000,52176
2014-09-05 00:00:00+00:00,6890.40000,6891.60000,6836.00000,6881.10000,40073
2014-09-08 00:00:00+00:00,6838.80000,6846.60000,6778.20000,6829.20000,31390
2014-09-09 00:00:00+00:00,6831.00000,6852.60000,6817.20000,6828.20000,34571
2014-09-10 00:00:00+00:00,6830.00000,6864.60000,6805.40000,6861.80000,35363
2014-09-11 00:00:00+00:00,6861.20000,6863.80000,6768.80000,6818.90000,38017
2014-09-12 00:00:00+00:00,6817.20000,6825.10000,6792.40000,6809.40000,37366
2014-09-15 00:00:00+00:00,6792.40000,6821.60000,6777.80000,6809.90000,33165
2014-09-16 00:00:00+00:00,6803.60000,6821.40000,6748.20000,6821.20000,34890
2014-09-17 00:00:00+00:00,6819.30000,6820.00000,6771.60000,6791.00000,26486
2014-09-18 00:00:00+00:00,6791.40000,6825.60000,6769.60000,6815.30000,18249
2014-09-19 00:00:00+00:00,6882.00000,6885.00000,6833.90000,6839.00000,22436
2014-09-22 00:00:00+00:00,6802.50000,6809.40000,6758.90000,6773.90000,17728
2014-09-23 00:00:00+00:00,6769.20000,6770.50000,6645.50000,6663.60000,23422
2014-09-24 00:00:00+00:00,6667.00000,6720.40000,6650.30000,6717.10000,17228
2014-09-25 00:00:00+00:00,6705.60000,6727.30000,6618.30000,6631.20000,28481
2014-09-26 00:00:00+00:00,6639.00000,6684.20000,6613.10000,6667.60000,33046
2014-09-29 00:00:00+00:00,6641.20000,6650.30000,6605.40000,6640.40000,23599
2014-09-30 00:00:00+00:00,6654.40000,6656.10000,6585.90000,6607.70000,22268
2014-10-01 00:00:00+00:00,6609.50000,6610.60000,6524.60000,6540.70000,21929
2014-10-02 00:00:00+00:00,6540.70000,6554.10000,6419.10000,6478.10000,34482
2014-10-03 00:00:00+00:00,6480.00000,6538.10000,6472.30000,6524.10000,16134
2014-10-06 00:00:00+00:00,6535.20000,6582.00000,6525.40000,6560.40000,29537
2014-10-07 00:00:00+00:00,6551.10000,6551.10000,6445.20000,6445.50000,32379
2014-10-08 00:00:00+00:00,6477.10000,6544.90000,6444.10000,6537.60000,40708
2014-10-09 00:00:00+00:00,6529.60000,6538.00000,6364.90000,6372.40000,48965
2014-10-10 00:00:00+00:00,6373.70000,6402.90000,6309.20000,6310.00000,62766
2014-10-13 00:00:00+00:00,6310.00000,6380.10000,6281.70000,6303.60000,47824
2014-10-14 00:00:00+00:00,6324.70000,6402.70000,6292.90000,6360.20000,51090
2014-10-15 00:00:00+00:00,6364.00000,6364.00000,6141.50000,6245.90000,77692
2014-10-16 00:00:00+00:00,6249.70000,6272.50000,6059.30000,6177.90000,105539
2014-10-17 00:00:00+00:00,6199.60000,6308.60000,6175.80000,6294.10000,53041
2014-10-20 00:00:00+00:00,6298.60000,6309.10000,6224.80000,6271.60000,64842
2014-10-21 00:00:00+00:00,6243.50000,6386.90000,6215.30000,6383.10000,41404
2014-10-22 00:00:00+00:00,6360.30000,6397.30000,6327.00000,6344.50000,51256
2014-10-23 00:00:00+00:00,6367.80000,6425.20000,6307.50000,6396.50000,52472
2014-10-24 00:00:00+00:00,6388.40000,6407.30000,6363.80000,6405.60000,43539
2014-10-27 00:00:00+00:00,6440.80000,6445.00000,6327.90000,6375.00000,32258
2014-10-28 00:00:00+00:00,6394.30000,6429.80000,6369.70000,6425.00000,19230
2014-10-29 00:00:00+00:00,6419.40000,6468.10000,6410.80000,6441.70000,30533
2014-10-30 00:00:00+00:00,6470.60000,6486.00000,6369.20000,6476.50000,32741
2014-10-31 00:00:00+00:00,6531.70000,6552.50000,6499.20000,6536.40000,26927
2014-11-03 00:00:00+00:00,6522.30000,6549.50000,6465.10000,6473.90000,23337
2014-11-04 00:00:00+00:00,6457.60000,6500.60000,6433.10000,6471.90000,29617
2014-11-05 00:00:00+00:00,6479.90000,6535.80000,6464.20000,6525.60000,18191
2014-11-06 00:00:00+00:00,6506.60000,6580.60000,6503.10000,6557.00000,28551
2014-11-07 00:00:00+00:00,6575.20000,6608.30000,6550.70000,6574.20000,29528
2014-11-10 00:00:00+00:00,6581.60000,6615.00000,6567.00000,6611.30000,16021
2014-11-11 00:00:00+00:00,6613.90000,6631.80000,6603.40000,6622.60000,14226
2014-11-12 00:00:00+00:00,6622.60000,6628.40000,6586.70000,6617.80000,23391
2014-11-13 00:00:00+00:00,6623.60000,6652.90000,6601.60000,6649.10000,26688
2014-11-14 00:00:00+00:00,6650.20000,6662.90000,6614.40000,6650.10000,29421
2014-11-17 00:00:00+00:00,6625.90000,6692.80000,6623.00000,6685.50000,9527
2014-11-18 00:00:00+00:00,6689.90000,6733.80000,6677.80000,6723.40000,15303
2014-11-19 00:00:00+00:00,6716.10000,6722.20000,6682.00000,6710.60000,17785
2014-11-20 00:00:00+00:00,6699.30000,6706.30000,6650.60000,6688.60000,17930
2014-11-21 00:00:00+00:00,6711.50000,6784.20000,6699.00000,6753.40000,23424
2014-11-24 00:00:00+00:00,6759.40000,6773.20000,6727.00000,6750.00000,14171
2014-11-25 00:00:00+00:00,6735.90000,6759.30000,6712.40000,6742.70000,16876
2014-11-26 00:00:00+00:00,6743.10000,6774.80000,6725.00000,6746.90000,16541
2014-11-27 00:00:00+00:00,6736.80000,6759.30000,6721.80000,6725.60000,11675
2014-11-28 00:00:00+00:00,6725.60000,6745.20000,6673.90000,6714.80000,17721
2014-12-01 00:00:00+00:00,6674.00000,6689.20000,6643.90000,6665.90000,25161
2014-12-02 00:00:00+00:00,6694.80000,6763.20000,6692.00000,6751.40000,21514
2014-12-03 00:00:00+00:00,6742.00000,6761.50000,6719.40000,6739.80000,17653
2014-12-04 00:00:00+00:00,6738.00000,6741.80000,6676.60000,6698.00000,28882
2014-12-05 00:00:00+00:00,6720.20000,6760.00000,6718.60000,6754.00000,18593
2014-12-08 00:00:00+00:00,6731.00000,6731.00000,6640.30000,6666.80000,17625
2014-12-09 00:00:00+00:00,6636.40000,6640.00000,6519.20000,6565.00000,30128
2014-12-10 00:00:00+00:00,6553.60000,6567.90000,6467.20000,6469.70000,33408
2014-12-11 00:00:00+00:00,6489.80000,6524.10000,6419.90000,6423.90000,27894
2014-12-12 00:00:00+00:00,6418.40000,6439.00000,6240.00000,6240.20000,35195
2014-12-15 00:00:00+00:00,6269.90000,6355.40000,6122.40000,6184.40000,49379
2014-12-16 00:00:00+00:00,6184.40000,6351.00000,6144.00000,6251.20000,74844
2014-12-17 00:00:00+00:00,6260.40000,6399.20000,6234.00000,6395.90000,50751
2014-12-18 00:00:00+00:00,6417.00000,6510.10000,6358.60000,6510.10000,37674
2014-12-19 00:00:00+00:00,6520.60000,6599.00000,6480.20000,6587.80000,42672
2014-12-22 00:00:00+00:00,6591.00000,6632.80000,6571.20000,6623.50000,27954
2014-12-23 00:00:00+00:00,6612.40000,6631.30000,6592.00000,6611.00000,21930
2014-12-24 00:00:00+00:00,6616.40000,6640.70000,6608.20000,6626.80000,3622
2014-12-29 00:00:00+00:00,6658.30000,6667.00000,6592.80000,6614.50000,25958
2014-12-30 00:00:00+00:00,6608.60000,6620.70000,6520.40000,6546.00000,22825
2014-12-31 00:00:00+00:00,6574.90000,6578.00000,6543.90000,6548.20000,3886
2015-01-02 00:00:00+00:00,6603.20000,6607.00000,6501.90000,6537.90000,41528
2015-01-05 00:00:00+00:00,6521.20000,6566.60000,6370.80000,6394.20000,60617
2015-01-06 00:00:00+00:00,6404.10000,6435.70000,6309.50000,6355.50000,69295
2015-01-07 00:00:00+00:00,6385.20000,6443.40000,6347.20000,6430.60000,57754
2015-01-08 00:00:00+00:00,6430.60000,6563.70000,6430.60000,6550.10000,41070
2015-01-09 00:00:00+00:00,6537.80000,6552.30000,6450.60000,6476.00000,53282
2015-01-12 00:00:00+00:00,6505.20000,6524.10000,6424.90000,6446.60000,41978
2015-01-13 00:00:00+00:00,6449.60000,6538.60000,6432.20000,6476.00000,47025
2015-01-14 00:00:00+00:00,6440.40000,6460.80000,6328.40000,6391.80000,65222
2015-01-15 00:00:00+00:00,6428.60000,6487.40000,6274.40000,6448.10000,76218
2015-01-16 00:00:00+00:00,6430.00000,6569.40000,6417.70000,6562.20000,49978
2015-01-19 00:00:00+00:00,6530.80000,6579.80000,6524.80000,6570.60000,26816
2015-01-20 00:00:00+00:00,6587.00000,6627.00000,6572.40000,6611.40000,46017
2015-01-21 00:00:00+00:00,6623.80000,6710.70000,6619.40000,6699.50000,54045
2015-01-22 00:00:00+00:00,6713.60000,6822.80000,6706.00000,6811.40000,63879
2015-01-23 00:00:00+00:00,6806.80000,6826.20000,6774.00000,6789.40000,40231
2015-01-26 00:00:00+00:00,6776.40000,6866.90000,6768.20000,6844.80000,37600
2015-01-27 00:00:00+00:00,6831.90000,6844.20000,6750.20000,6801.70000,46907
2015-01-28 00:00:00+00:00,6833.40000,6839.70000,6729.80000,6734.00000,50002
2015-01-29 00:00:00+00:00,6734.00000,6820.60000,6725.50000,6813.60000,53526
2015-01-30 00:00:00+00:00,6813.60000,6820.20000,6707.40000,6707.40000,59462
2015-02-02 00:00:00+00:00,6748.00000,6782.20000,6704.10000,6773.30000,54541
2015-02-03 00:00:00+00:00,6787.90000,6878.40000,6779.50000,6871.80000,45415
2015-02-04 00:00:00+00:00,6850.60000,6857.20000,6775.20000,6800.40000,47929
2015-02-05 00:00:00+00:00,6797.00000,6843.20000,6780.70000,6831.50000,40346
2015-02-06 00:00:00+00:00,6823.00000,6859.20000,6787.70000,6802.20000,38494
2015-02-09 00:00:00+00:00,6789.80000,6817.10000,6744.90000,6791.00000,48394
2015-02-10 00:00:00+00:00,6810.80000,6817.70000,6755.50000,6807.60000,47890
2015-02-11 00:00:00+00:00,6807.60000,6816.00000,6752.70000,6792.90000,38332
2015-02-12 00:00:00+00:00,6792.20000,6835.70000,6792.20000,6830.60000,42670
2015-02-13 00:00:00+00:00,6835.70000,6866.70000,6829.80000,6865.80000,35415
2015-02-16 00:00:00+00:00,6841.50000,6852.10000,6799.10000,6813.70000,16697
2015-02-17 00:00:00+00:00,6814.00000,6891.00000,6793.00000,6876.70000,32082
2015-02-18 00:00:00+00:00,6892.60000,6896.90000,6851.90000,6873.80000,24298
2015-02-19 00:00:00+00:00,6874.20000,6893.20000,6843.60000,6872.00000,32236
2015-02-20 00:00:00+00:00,6865.90000,6945.40000,6864.50000,6933.80000,39556
2015-02-23 00:00:00+00:00,6923.60000,6940.60000,6868.80000,6888.20000,23039
2015-02-24 00:00:00+00:00,6896.30000,6942.30000,6881.40000,6926.40000,22219
2015-02-25 00:00:00+00:00,6926.70000,6938.30000,6886.20000,6905.90000,18239
2015-02-26 00:00:00+00:00,6915.10000,6941.90000,6902.90000,6932.80000,21629
2015-02-27 00:00:00+00:00,6929.80000,6952.80000,6907.00000,6908.60000,21893
2015-03-02 00:00:00+00:00,6923.50000,6957.00000,6905.70000,6932.60000,19159
2015-03-03 00:00:00+00:00,6922.40000,6945.30000,6856.40000,6887.20000,21290
2015-03-04 00:00:00+00:00,6881.20000,6914.30000,6841.20000,6897.00000,25037
2015-03-05 00:00:00+00:00,6905.40000,6963.00000,6896.90000,6949.60000,20825
2015-03-06 00:00:00+00:00,6953.80000,6955.30000,6870.60000,6877.60000,25773
2015-03-09 00:00:00+00:00,6872.60000,6886.70000,6848.70000,6860.60000,20717
2015-03-10 00:00:00+00:00,6850.20000,6859.50000,6681.60000,6704.00000,31032
2015-03-11 00:00:00+00:00,6706.60000,6727.70000,6682.40000,6720.90000,24435
2015-03-12 00:00:00+00:00,6735.10000,6797.00000,6733.40000,6760.40000,25157
2015-03-13 00:00:00+00:00,6770.00000,6773.50000,6707.00000,6757.60000,23561
2015-03-16 00:00:00+00:00,6766.10000,6813.20000,6752.40000,6792.40000,19079
2015-03-17 00:00:00+00:00,6795.40000,6855.40000,6790.20000,6838.00000,25160
2015-03-18 00:00:00+00:00,6839.20000,6989.50000,6823.80000,6953.60000,26580
2015-03-19 00:00:00+00:00,6960.90000,6986.50000,6931.20000,6963.80000,24455
2015-03-20 00:00:00+00:00,6981.80000,7034.40000,6958.40000,7020.70000,24130
2015-03-23 00:00:00+00:00,7031.80000,7045.80000,6991.30000,7021.20000,24192
2015-03-24 00:00:00+00:00,7023.00000,7066.70000,7004.50000,7010.80000,23444
2015-03-25 00:00:00+00:00,7015.40000,7036.20000,6970.00000,6984.60000,25157
2015-03-26 00:00:00+00:00,6959.40000,6980.30000,6876.70000,6898.00000,43158
2015-03-27 00:00:00+00:00,6898.20000,6912.10000,6836.60000,6867.20000,32125
2015-03-30 00:00:00+00:00,6882.00000,6912.20000,6858.40000,6903.30000,26917
2015-03-31 00:00:00+00:00,6891.80000,6904.30000,6753.80000,6771.70000,37802
2015-04-01 00:00:00+00:00,6735.70000,6849.00000,6734.40000,6801.80000,40940
2015-04-02 00:00:00+00:00,6801.80000,6845.40000,6785.60000,6838.20000,23255
2015-04-07 00:00:00+00:00,6848.00000,6960.00000,6841.40000,6923.40000,23523
2015-04-08 00:00:00+00:00,6924.80000,7005.60000,6921.80000,6956.40000,30204
2015-04-09 00:00:00+00:00,6951.60000,7040.40000,6947.60000,7029.00000,23594
2015-04-10 00:00:00+00:00,7027.80000,7091.10000,7020.40000,7076.90000,21999
2015-04-13 00:00:00+00:00,7071.90000,7076.00000,7033.00000,7037.70000,20972
2015-04-14 00:00:00+00:00,7046.10000,7081.20000,7040.20000,7069.80000,28976
2015-04-15 00:00:00+00:00,7064.80000,7104.10000,7048.00000,7091.00000,24437
2015-04-16 00:00:00+00:00,7100.60000,7123.60000,7044.40000,7071.50000,26060
2015-04-17 00:00:00+00:00,7068.80000,7098.30000,6968.00000,6992.60000,45337
2015-04-20 00:00:00+00:00,7009.90000,7061.60000,7002.30000,7027.60000,22729
2015-04-21 00:00:00+00:00,7027.60000,7097.20000,7020.20000,7058.80000,27523
2015-04-22 00:00:00+00:00,7052.00000,7081.20000,6985.00000,7033.30000,33951
2015-04-23 00:00:00+00:00,7029.10000,7083.80000,6994.00000,7072.90000,32940
2015-04-24 00:00:00+00:00,7054.60000,7102.40000,7048.90000,7058.00000,28924
2015-04-27 00:00:00+00:00,7068.80000,7120.20000,7019.00000,7066.40000,33524
2015-04-28 00:00:00+00:00,7065.60000,7084.20000,6977.30000,7045.20000,33175
2015-04-29 00:00:00+00:00,7034.80000,7056.20000,6922.80000,6975.50000,46159
2015-04-30 00:00:00+00:00,6963.60000,6986.00000,6902.00000,6932.70000,56274
2015-05-01 00:00:00+00:00,6948.10000,7027.60000,6912.00000,7026.90000,19931
2015-05-05 00:00:00+00:00,7035.20000,7048.00000,6914.60000,6931.00000,46711
2015-05-06 00:00:00+00:00,6942.10000,6967.40000,6888.60000,6916.10000,43591
2015-05-07 00:00:00+00:00,6914.40000,6921.40000,6804.80000,6892.90000,51367
2015-05-08 00:00:00+00:00,6967.20000,7060.60000,6967.20000,7042.90000,46737
2015-05-11 00:00:00+00:00,7037.60000,7083.50000,7001.90000,7017.60000,37817
2015-05-12 00:00:00+00:00,7020.60000,7034.70000,6881.10000,6930.60000,48619
2015-05-13 00:00:00+00:00,6940.70000,6987.70000,6914.60000,6930.60000,38525
2015-05-14 00:00:00+00:00,6936.40000,6992.70000,6889.90000,6981.80000,35309
2015-05-15 00:00:00+00:00,6982.80000,7018.60000,6942.20000,6981.70000,37928
2015-05-18 00:00:00+00:00,6976.20000,7025.40000,6934.30000,6980.80000,31202
2015-05-19 00:00:00+00:00,6986.60000,7016.40000,6975.60000,6993.40000,30798
2015-05-20 00:00:00+00:00,7004.90000,7027.00000,6962.00000,7017.20000,25584
2015-05-21 00:00:00+00:00,7006.70000,7036.80000,6999.80000,7023.50000,21104
2015-05-22 00:00:00+00:00,7021.20000,7070.80000,7017.40000,7041.60000,19787
2015-05-26 00:00:00+00:00,7037.60000,7057.40000,6932.50000,6959.60000,33076
2015-05-27 00:00:00+00:00,6965.80000,7059.70000,6950.20000,7043.00000,29231
2015-05-28 00:00:00+00:00,7031.80000,7054.40000,7010.30000,7048.80000,24837
2015-05-29 00:00:00+00:00,7050.70000,7076.00000,6964.20000,7003.80000,39699
2015-06-01 00:00:00+00:00,7020.20000,7041.80000,6939.90000,6964.60000,36660
2015-06-02 00:00:00+00:00,6963.30000,6974.00000,6869.00000,6920.80000,41700
2015-06-03 00:00:00+00:00,6928.80000,6985.40000,6897.00000,6930.10000,36608
2015-06-04 00:00:00+00:00,6925.00000,6928.00000,6809.90000,6839.60000,48607
2015-06-05 00:00:00+00:00,6845.60000,6851.00000,6784.90000,6823.80000,42695
2015-06-08 00:00:00+00:00,6806.40000,6824.20000,6760.70000,6778.00000,40301
2015-06-09 00:00:00+00:00,6784.00000,6801.90000,6723.80000,6734.50000,42166
2015-06-10 00:00:00+00:00,6739.20000,6841.00000,6728.40000,6823.40000,37707
2015-06-11 00:00:00+00:00,6828.20000,6875.50000,6808.80000,6841.50000,37024
2015-06-12 00:00:00+00:00,6835.50000,6838.60000,6762.80000,6788.40000,43143
2015-06-15 00:00:00+00:00,6765.80000,6776.20000,6703.10000,6723.60000,33132
2015-06-16 00:00:00+00:00,6718.20000,6725.90000,6655.40000,6720.40000,25976
2015-06-17 00:00:00+00:00,6716.40000,6731.20000,6655.60000,6676.80000,30233
2015-06-18 00:00:00+00:00,6661.80000,6742.40000,6623.20000,6711.90000,34504
2015-06-19 00:00:00+00:00,6688.70000,6759.40000,6685.50000,6695.20000,28403
2015-06-22 00:00:00+00:00,6731.40000,6825.10000,6728.40000,6798.00000,41036
2015-06-23 00:00:00+00:00,6820.00000,6855.30000,6819.40000,6832.50000,25055
2015-06-24 00:00:00+00:00,6846.20000,6872.20000,6821.20000,6822.60000,34874
2015-06-25 00:00:00+00:00,6831.30000,6868.50000,6786.50000,6793.10000,41437
2015-06-26 00:00:00+00:00,6784.20000,6789.80000,6724.60000,6745.40000,29036
2015-06-29 00:00:00+00:00,6550.60000,6684.50000,6504.10000,6550.00000,48935
2015-06-30 00:00:00+00:00,6562.70000,6594.00000,6484.40000,6526.60000,62487
2015-07-01 00:00:00+00:00,6540.40000,6629.10000,6540.20000,6567.60000,46668
2015-07-02 00:00:00+00:00,6574.00000,6638.20000,6572.60000,6616.80000,28545
2015-07-03 00:00:00+00:00,6624.40000,6624.40000,6560.00000,6575.10000,20579
2015-07-06 00:00:00+00:00,6500.20000,6559.40000,6487.80000,6507.80000,41872
2015-07-07 00:00:00+00:00,6531.80000,6538.30000,6413.20000,6508.50000,46546
2015-07-08 00:00:00+00:00,6448.50000,6501.40000,6418.80000,6450.10000,50777
2015-07-09 00:00:00+00:00,6493.80000,6581.20000,6484.80000,6537.40000,40993
2015-07-10 00:00:00+00:00,6614.80000,6679.60000,6614.80000,6676.30000,44128
2015-07-13 00:00:00+00:00,6642.20000,6757.80000,6612.70000,6720.00000,31114
2015-07-14 00:00:00+00:00,6721.30000,6742.80000,6693.20000,6734.50000,20931
2015-07-15 00:00:00+00:00,6733.20000,6761.00000,6704.50000,6721.70000,20275
2015-07-16 00:00:00+00:00,6750.40000,6789.20000,6735.60000,6772.00000,20381
2015-07-17 00:00:00+00:00,6769.70000,6787.00000,6746.60000,6761.60000,17324
2015-07-20 00:00:00+00:00,6763.40000,6795.60000,6750.50000,6774.20000,16323
2015-07-21 00:00:00+00:00,6783.00000,6783.30000,6729.00000,6742.70000,18853
2015-07-22 00:00:00+00:00,6719.80000,6723.40000,6629.60000,6669.50000,23244
2015-07-23 00:00:00+00:00,6686.00000,6695.00000,6602.60000,6608.20000,27079
2015-07-24 00:00:00+00:00,6622.00000,6664.80000,6517.40000,6524.40000,24701
2015-07-27 00:00:00+00:00,6545.40000,6564.20000,6464.00000,6469.30000,33750
2015-07-28 00:00:00+00:00,6501.40000,6565.40000,6495.60000,6555.60000,26284
2015-07-29 00:00:00+00:00,6560.60000,6621.90000,6548.20000,6611.00000,28537
2015-07-30 00:00:00+00:00,6613.60000,6674.10000,6605.60000,6647.70000,29134
2015-07-31 00:00:00+00:00,6653.00000,6683.60000,6620.30000,6660.70000,27487
2015-08-03 00:00:00+00:00,6648.60000,6684.60000,6606.80000,6637.00000,27060
2015-08-04 00:00:00+00:00,6640.90000,6689.80000,6614.00000,6662.80000,28865
2015-08-05 00:00:00+00:00,6659.40000,6737.40000,6659.00000,6703.10000,25573
2015-08-06 00:00:00+00:00,6693.30000,6743.60000,6683.60000,6725.60000,25187
2015-08-07 00:00:00+00:00,6727.40000,6734.40000,6695.60000,6711.80000,29628
2015-08-10 00:00:00+00:00,6729.20000,6742.10000,6628.40000,6718.00000,27954
2015-08-11 00:00:00+00:00,6696.20000,6696.40000,6626.60000,6645.60000,38024
2015-08-12 00:00:00+00:00,6606.40000,6610.20000,6509.30000,6599.20000,53589
2015-08-13 00:00:00+00:00,6621.00000,6646.60000,6562.20000,6576.40000,39276
2015-08-14 00:00:00+00:00,6576.70000,6613.50000,6551.80000,6593.60000,34033
2015-08-17 00:00:00+00:00,6597.20000,6603.50000,6513.80000,6575.80000,37978
2015-08-18 00:00:00+00:00,6572.20000,6575.80000,6510.30000,6529.50000,35118
2015-08-19 00:00:00+00:00,6514.30000,6518.70000,6394.20000,6419.60000,50238
2015-08-20 00:00:00+00:00,6409.80000,6418.40000,6321.50000,6325.20000,54334
2015-08-21 00:00:00+00:00,6293.60000,6353.40000,6131.40000,6142.10000,77947
2015-08-24 00:00:00+00:00,6021.90000,6074.60000,5773.00000,5881.40000,176934
2015-08-25 00:00:00+00:00,5881.40000,6122.00000,5881.40000,5936.90000,142306
2015-08-26 00:00:00+00:00,6039.20000,6100.70000,5945.00000,6078.20000,133015
2015-08-27 00:00:00+00:00,6093.20000,6237.00000,6075.20000,6211.60000,98654
2015-08-28 00:00:00+00:00,6198.60000,6264.40000,6154.80000,6244.40000,80150
2015-09-01 00:00:00+00:00,6244.50000,6249.00000,5986.40000,6015.20000,112128
2015-09-02 00:00:00+00:00,6062.80000,6165.40000,6019.80000,6126.00000,97005
2015-09-03 00:00:00+00:00,6130.10000,6218.30000,6118.30000,6159.20000,76256
2015-09-04 00:00:00+00:00,6112.00000,6143.50000,6011.70000,6046.20000,79433
2015-09-07 00:00:00+00:00,6076.00000,6126.30000,6056.80000,6070.20000,31310
2015-09-08 00:00:00+00:00,6086.60000,6197.30000,6070.00000,6169.40000,46026
2015-09-09 00:00:00+00:00,6232.80000,6289.00000,6146.60000,6148.60000,62212
2015-09-10 00:00:00+00:00,6176.50000,6222.40000,6129.20000,6174.80000,73142
2015-09-11 00:00:00+00:00,6174.20000,6180.90000,6115.60000,6158.60000,46670
2015-09-14 00:00:00+00:00,6161.70000,6196.10000,6065.60000,6093.20000,48633
2015-09-15 00:00:00+00:00,6096.20000,6178.60000,6018.60000,6174.60000,40697
2015-09-16 00:00:00+00:00,6165.80000,6255.90000,6164.00000,6254.90000,35688
2015-09-17 00:00:00+00:00,6258.60000,6262.00000,6145.10000,6172.80000,43208
2015-09-18 00:00:00+00:00,6179.40000,6185.50000,6059.30000,6094.20000,66394
2015-09-21 00:00:00+00:00,6081.40000,6166.30000,6065.10000,6097.20000,56226
2015-09-22 00:00:00+00:00,6109.70000,6121.40000,5921.70000,5961.40000,62069
2015-09-23 00:00:00+00:00,5912.40000,6063.60000,5894.80000,6020.60000,57683
2015-09-24 00:00:00+00:00,6010.80000,6050.70000,5939.60000,6012.80000,75505
2015-09-25 00:00:00+00:00,6041.20000,6128.20000,6029.60000,6069.40000,64586
2015-09-28 00:00:00+00:00,6061.40000,6094.70000,5903.70000,5925.70000,66824
2015-09-29 00:00:00+00:00,5898.00000,5947.20000,5867.10000,5924.40000,82793
2015-09-30 00:00:00+00:00,5972.60000,6076.20000,5964.90000,6071.70000,64021
2015-10-01 00:00:00+00:00,6059.60000,6170.00000,6029.40000,6092.50000,80074
2015-10-02 00:00:00+00:00,6089.60000,6223.90000,6044.50000,6223.60000,72900
2015-10-05 00:00:00+00:00,6227.40000,6330.80000,6206.30000,6329.40000,54091
2015-10-06 00:00:00+00:00,6332.20000,6339.40000,6248.60000,6308.40000,51660
2015-10-07 00:00:00+00:00,6287.80000,6392.00000,6283.50000,6367.80000,62879
2015-10-08 00:00:00+00:00,6367.20000,6429.20000,6298.80000,6425.60000,59507
2015-10-09 00:00:00+00:00,6420.60000,6451.00000,6383.40000,6407.80000,48934
2015-10-12 00:00:00+00:00,6391.20000,6409.60000,6346.80000,6369.80000,39533
2015-10-13 00:00:00+00:00,6375.70000,6378.20000,6285.80000,6291.40000,51118
2015-10-14 00:00:00+00:00,6284.60000,6310.50000,6250.20000,6253.40000,51850
2015-10-15 00:00:00+00:00,6266.20000,6389.60000,6261.10000,6378.30000,51846
2015-10-16 00:00:00+00:00,6397.30000,6397.30000,6348.60000,6382.20000,46075
2015-10-19 00:00:00+00:00,6384.60000,6400.80000,6322.70000,6347.40000,38352
2015-10-20 00:00:00+00:00,6344.40000,6359.40000,6309.40000,6342.20000,43102
2015-10-21 00:00:00+00:00,6327.60000,6378.80000,6305.20000,6315.40000,49417
2015-10-22 00:00:00+00:00,6308.10000,6407.40000,6301.80000,6391.00000,46419
2015-10-23 00:00:00+00:00,6411.10000,6487.20000,6396.70000,6453.70000,53485
2015-10-26 00:00:00+00:00,6440.80000,6451.10000,6400.80000,6413.00000,34649
2015-10-27 00:00:00+00:00,6408.40000,6414.20000,6353.50000,6373.80000,36927
2015-10-28 00:00:00+00:00,6364.40000,6452.90000,6351.40000,6449.30000,47887
2015-10-29 00:00:00+00:00,6445.00000,6445.30000,6353.40000,6390.60000,48973
2015-10-30 00:00:00+00:00,6399.00000,6414.30000,6331.40000,6334.30000,45244
2015-11-02 00:00:00+00:00,6315.20000,6396.90000,6306.60000,6385.90000,35263
2015-11-03 00:00:00+00:00,6385.80000,6406.60000,6337.00000,6386.00000,35519
2015-11-04 00:00:00+00:00,6384.50000,6454.00000,6384.00000,6401.60000,43467
2015-11-05 00:00:00+00:00,6393.10000,6420.60000,6353.20000,6374.80000,41337
2015-11-06 00:00:00+00:00,6370.40000,6393.60000,6327.90000,6373.00000,47565
2015-11-09 00:00:00+00:00,6366.20000,6378.20000,6273.20000,6310.00000,38755
2015-11-10 00:00:00+00:00,6300.60000,6325.80000,6243.40000,6280.80000,38956
2015-11-11 00:00:00+00:00,6280.80000,6322.80000,6264.80000,6277.20000,32325
2015-11-12 00:00:00+00:00,6275.00000,6307.40000,6131.90000,6150.90000,48069
2015-11-13 00:00:00+00:00,6148.60000,6169.30000,6090.80000,6102.50000,54238
2015-11-16 00:00:00+00:00,6068.20000,6231.80000,6053.10000,6231.20000,52402
2015-11-17 00:00:00+00:00,6223.90000,6282.50000,6210.80000,6250.40000,45368
2015-11-18 00:00:00+00:00,6250.80000,6319.00000,6229.20000,6314.40000,42429
2015-11-19 00:00:00+00:00,6321.80000,6377.00000,6311.80000,6339.30000,33987
2015-11-20 00:00:00+00:00,6338.00000,6371.10000,6314.90000,6316.40000,36572
2015-11-23 00:00:00+00:00,6327.90000,6335.50000,6273.00000,6293.30000,33434
2015-11-24 00:00:00+00:00,6297.50000,6320.20000,6227.00000,6314.00000,44906
2015-11-25 00:00:00+00:00,6300.60000,6355.80000,6295.30000,6346.10000,28051
2015-11-26 00:00:00+00:00,6353.60000,6409.50000,6341.20000,6393.60000,17357
2015-11-27 00:00:00+00:00,6391.30000,6398.70000,6352.70000,6382.50000,25042
2015-11-30 00:00:00+00:00,6372.00000,6396.00000,6336.10000,6361.50000,29725
2015-12-01 00:00:00+00:00,6388.70000,6431.70000,6372.80000,6431.40000,32893
2015-12-02 00:00:00+00:00,6423.80000,6455.40000,6379.60000,6388.60000,37474
2015-12-03 00:00:00+00:00,6401.20000,6452.10000,6204.00000,6225.80000,77324
2015-12-04 00:00:00+00:00,6238.50000,6300.20000,6223.20000,6293.60000,55901
2015-12-07 00:00:00+00:00,6282.70000,6292.50000,6212.20000,6239.20000,42675
2015-12-08 00:00:00+00:00,6248.40000,6251.60000,6122.60000,6146.00000,53542
2015-12-09 00:00:00+00:00,6148.20000,6178.30000,6051.20000,6089.40000,62251
2015-12-10 00:00:00+00:00,6085.00000,6129.50000,6069.80000,6075.00000,48033
2015-12-11 00:00:00+00:00,6083.80000,6089.20000,5920.60000,5930.40000,63813
2015-12-14 00:00:00+00:00,5935.70000,6011.80000,5863.70000,5947.30000,64155
2015-12-15 00:00:00+00:00,5950.60000,6039.20000,5916.00000,6013.40000,30655
2015-12-16 00:00:00+00:00,6013.40000,6152.80000,6013.40000,6136.30000,37709
2015-12-17 00:00:00+00:00,6127.20000,6170.40000,6100.40000,6101.50000,32392
2015-12-18 00:00:00+00:00,6071.70000,6107.90000,6003.20000,6005.00000,52382
2015-12-21 00:00:00+00:00,6007.20000,6113.60000,5993.40000,6050.90000,37909
2015-12-22 00:00:00+00:00,6071.00000,6129.20000,6026.40000,6124.50000,38386
2015-12-23 00:00:00+00:00,6124.50000,6267.00000,6117.60000,6260.80000,27865
2015-12-24 00:00:00+00:00,6260.40000,6266.60000,6232.20000,6259.10000,5506
2015-12-29 00:00:00+00:00,6241.40000,6321.80000,6238.90000,6302.90000,22516
2015-12-30 00:00:00+00:00,6305.00000,6305.60000,6248.20000,6252.50000,21301
2015-12-31 00:00:00+00:00,6252.50000,6263.70000,6226.20000,6249.40000,4729
2016-01-04 00:00:00+00:00,6218.20000,6235.00000,6056.20000,6126.30000,59569
2016-01-05 00:00:00+00:00,6140.00000,6158.80000,6066.10000,6142.60000,47472
2016-01-06 00:00:00+00:00,6140.00000,6140.30000,5998.60000,6036.40000,56857
2016-01-07 00:00:00+00:00,6045.10000,6054.20000,5861.20000,5874.40000,77979
2016-01-08 00:00:00+00:00,5876.80000,5997.80000,5861.80000,5871.20000,76789
2016-01-11 00:00:00+00:00,5838.00000,5924.90000,5823.70000,5888.60000,68548
2016-01-12 00:00:00+00:00,5900.20000,5969.60000,5840.80000,5932.80000,65259
2016-01-13 00:00:00+00:00,5935.40000,5992.40000,5815.10000,5836.40000,62688
2016-01-14 00:00:00+00:00,5827.00000,5982.50000,5806.00000,5952.00000,76827
2016-01-15 00:00:00+00:00,5945.40000,5945.70000,5714.80000,5761.00000,93032
2016-01-18 00:00:00+00:00,5761.00000,5830.30000,5741.30000,5751.80000,48770
2016-01-19 00:00:00+00:00,5780.00000,5892.50000,5768.80000,5823.50000,75704
2016-01-20 00:00:00+00:00,5804.30000,5818.40000,5574.20000,5704.80000,97862
2016-01-21 00:00:00+00:00,5732.40000,5798.90000,5632.20000,5755.10000,108420
2016-01-22 00:00:00+00:00,5753.80000,5929.20000,5734.80000,5905.80000,68134
2016-01-25 00:00:00+00:00,5899.80000,5931.70000,5807.60000,5809.80000,67528
2016-01-26 00:00:00+00:00,5808.40000,5915.80000,5743.20000,5908.70000,67346
2016-01-27 00:00:00+00:00,5890.00000,6001.70000,5843.80000,5903.20000,70642
2016-01-28 00:00:00+00:00,5895.00000,5995.20000,5861.10000,5922.20000,87552
2016-01-29 00:00:00+00:00,5905.50000,6103.00000,5888.20000,6095.90000,74751
2016-02-01 00:00:00+00:00,6083.70000,6094.60000,5963.60000,6033.50000,67498
2016-02-02 00:00:00+00:00,6010.30000,6022.60000,5837.70000,5858.00000,63971
2016-02-03 00:00:00+00:00,5847.20000,5892.70000,5757.80000,5859.00000,89020
2016-02-04 00:00:00+00:00,5868.00000,5918.20000,5801.00000,5879.60000,88553
2016-02-05 00:00:00+00:00,5863.40000,5917.20000,5791.50000,5810.80000,86888
2016-02-08 00:00:00+00:00,5810.80000,5857.90000,5625.30000,5682.80000,94120
2016-02-09 00:00:00+00:00,5667.90000,5708.30000,5561.00000,5621.30000,100381
2016-02-10 00:00:00+00:00,5614.00000,5680.20000,5580.60000,5596.70000,93646
2016-02-11 00:00:00+00:00,5562.50000,5601.60000,5466.00000,5542.00000,104649
2016-02-12 00:00:00+00:00,5550.80000,5700.00000,5530.50000,5698.20000,74462
2016-02-15 00:00:00+00:00,5662.20000,5812.50000,5662.20000,5776.70000,25202
2016-02-16 00:00:00+00:00,5804.70000,5866.50000,5777.90000,5860.20000,81831
2016-02-17 00:00:00+00:00,5884.80000,6021.40000,5830.60000,6001.80000,63353
2016-02-18 00:00:00+00:00,6011.60000,6021.10000,5935.60000,5949.60000,65505
2016-02-19 00:00:00+00:00,5950.00000,5989.90000,5902.50000,5930.50000,66942
2016-02-22 00:00:00+00:00,5938.80000,6051.80000,5938.40000,6018.40000,50068
2016-02-23 00:00:00+00:00,6001.00000,6009.60000,5935.40000,5937.60000,59370
2016-02-24 00:00:00+00:00,5926.80000,5947.50000,5826.60000,5933.80000,77623
2016-02-25 00:00:00+00:00,5948.50000,6037.80000,5902.20000,6036.50000,75080
2016-02-26 00:00:00+00:00,6045.90000,6105.20000,6031.80000,6065.20000,65347
2016-02-29 00:00:00+00:00,6075.30000,6093.50000,6020.00000,6038.00000,72749
2016-03-01 00:00:00+00:00,6031.00000,6170.20000,6019.70000,6158.50000,67552
2016-03-02 00:00:00+00:00,6162.40000,6198.00000,6083.80000,6138.60000,64334
2016-03-03 00:00:00+00:00,6134.00000,6171.20000,6103.60000,6149.70000,49486
2016-03-04 00:00:00+00:00,6150.90000,6216.40000,6145.60000,6180.60000,70127
2016-03-07 00:00:00+00:00,6167.40000,6209.60000,6118.80000,6167.50000,59158
2016-03-08 00:00:00+00:00,6160.20000,6168.80000,6093.50000,6107.60000,69683
2016-03-09 00:00:00+00:00,6118.00000,6169.10000,6110.00000,6139.30000,62745
2016-03-10 00:00:00+00:00,6141.80000,6201.90000,6003.80000,6059.60000,103931
2016-03-11 00:00:00+00:00,6062.20000,6159.90000,6058.20000,6159.60000,69684
2016-03-14 00:00:00+00:00,6146.00000,6194.00000,6135.60000,6166.20000,43247
2016-03-15 00:00:00+00:00,6162.80000,6164.00000,6108.90000,6154.40000,41077
2016-03-16 00:00:00+00:00,6171.40000,6189.80000,6130.40000,6184.90000,43631
2016-03-17 00:00:00+00:00,6206.10000,6233.40000,6127.00000,6206.40000,40094
2016-03-18 00:00:00+00:00,6198.60000,6241.20000,6173.30000,6183.60000,50640
2016-03-21 00:00:00+00:00,6171.20000,6216.30000,6151.20000,6192.00000,46863
2016-03-22 00:00:00+00:00,6188.60000,6199.00000,6107.10000,6186.00000,58723
2016-03-23 00:00:00+00:00,6179.30000,6216.40000,6158.80000,6168.60000,49640
2016-03-24 00:00:00+00:00,6162.90000,6172.00000,6088.80000,6146.40000,45892
2016-03-29 00:00:00+00:00,6122.00000,6156.40000,6065.70000,6140.70000,48729
2016-03-30 00:00:00+00:00,6147.90000,6219.50000,6141.20000,6195.50000,37567
2016-03-31 00:00:00+00:00,6198.40000,6198.80000,6146.90000,6154.40000,39406
2016-04-01 00:00:00+00:00,6154.50000,6165.60000,6071.20000,6153.40000,56175
2016-04-04 00:00:00+00:00,6139.00000,6198.20000,6122.30000,6158.40000,44634
2016-04-05 00:00:00+00:00,6143.20000,6150.20000,6053.30000,6065.10000,54808
2016-04-06 00:00:00+00:00,6085.90000,6179.90000,6085.70000,6177.40000,51958
2016-04-07 00:00:00+00:00,6176.20000,6204.30000,6105.80000,6118.70000,53443
2016-04-08 00:00:00+00:00,6111.80000,6215.70000,6110.00000,6190.80000,45164
2016-04-11 00:00:00+00:00,6194.00000,6227.00000,6159.30000,6173.30000,50874
2016-04-12 00:00:00+00:00,6171.70000,6258.80000,6166.10000,6250.00000,52491
2016-04-13 00:00:00+00:00,6258.80000,6370.40000,6252.80000,6361.90000,46005
2016-04-14 00:00:00+00:00,6368.50000,6376.00000,6334.20000,6359.20000,43696
2016-04-15 00:00:00+00:00,6358.00000,6373.10000,6326.80000,6328.10000,34758
2016-04-18 00:00:00+00:00,6305.90000,6354.00000,6256.60000,6347.80000,42411
2016-04-19 00:00:00+00:00,6344.20000,6413.70000,6333.40000,6402.70000,41345
2016-04-20 00:00:00+00:00,6391.20000,6425.50000,6359.00000,6403.50000,45009
2016-04-21 00:00:00+00:00,6405.60000,6428.60000,6340.90000,6355.20000,57881
2016-04-22 00:00:00+00:00,6339.20000,6364.00000,6280.40000,6312.40000,51002
2016-04-25 00:00:00+00:00,6310.40000,6315.70000,6238.00000,6264.20000,43667
2016-04-26 00:00:00+00:00,6267.20000,6288.00000,6255.60000,6282.20000,43047
2016-04-27 00:00:00+00:00,6276.10000,6332.80000,6242.20000,6316.20000,46804
2016-04-28 00:00:00+00:00,6320.00000,6331.00000,6215.90000,6254.60000,48121
2016-04-29 00:00:00+00:00,6270.60000,6285.30000,6222.50000,6241.80000,56153
2016-05-03 00:00:00+00:00,6286.00000,6287.00000,6146.00000,6177.80000,54291
2016-05-04 00:00:00+00:00,6185.50000,6193.30000,6085.00000,6105.80000,49232
2016-05-05 00:00:00+00:00,6114.30000,6146.00000,6091.00000,6107.40000,39560
2016-05-06 00:00:00+00:00,6111.50000,6149.10000,6044.20000,6140.00000,53318
2016-05-09 00:00:00+00:00,6156.10000,6168.30000,6095.80000,6111.20000,39827
2016-05-10 00:00:00+00:00,6106.40000,6171.00000,6098.80000,6156.00000,43692
2016-05-11 00:00:00+00:00,6153.60000,6161.80000,6118.70000,6132.20000,40656
2016-05-12 00:00:00+00:00,6126.80000,6189.80000,6083.00000,6110.70000,46819
2016-05-13 00:00:00+00:00,6118.80000,6136.20000,6051.60000,6088.20000,57009
2016-05-16 00:00:00+00:00,6079.60000,6168.60000,6079.60000,6162.80000,28094
2016-05-17 00:00:00+00:00,6158.40000,6208.40000,6120.20000,6130.00000,46718
2016-05-18 00:00:00+00:00,6130.60000,6162.20000,6101.00000,6132.60000,58728
2016-05-19 00:00:00+00:00,6135.20000,6141.80000,6052.80000,6090.20000,54970
2016-05-20 00:00:00+00:00,6099.50000,6163.40000,6094.10000,6153.40000,42147
2016-05-23 00:00:00+00:00,6162.20000,6176.00000,6123.60000,6134.00000,42568
2016-05-24 00:00:00+00:00,6139.60000,6244.00000,6109.00000,6236.10000,33710
2016-05-25 00:00:00+00:00,6253.60000,6280.00000,6246.20000,6274.00000,35096
2016-05-26 00:00:00+00:00,6268.90000,6284.10000,6246.20000,6261.70000,32778
2016-05-27 00:00:00+00:00,6271.40000,6278.90000,6251.20000,6267.80000,27200
2016-05-31 00:00:00+00:00,6271.30000,6290.10000,6206.10000,6224.80000,33030
2016-06-01 00:00:00+00:00,6224.80000,6233.40000,6146.80000,6204.60000,38022
2016-06-02 00:00:00+00:00,6204.80000,6223.20000,6173.80000,6219.60000,37204
2016-06-03 00:00:00+00:00,6224.60000,6254.40000,6168.50000,6232.00000,43500
2016-06-06 00:00:00+00:00,6226.40000,6301.60000,6223.20000,6270.60000,36977
2016-06-07 00:00:00+00:00,6266.60000,6322.10000,6262.60000,6264.40000,29774
2016-06-08 00:00:00+00:00,6261.00000,6305.50000,6255.90000,6294.20000,29650
2016-06-09 00:00:00+00:00,6293.20000,6303.60000,6223.00000,6235.00000,36256
2016-06-10 00:00:00+00:00,6230.90000,6236.20000,6081.90000,6104.80000,42754
2016-06-13 00:00:00+00:00,6093.00000,6105.60000,6017.70000,6034.70000,54264
2016-06-14 00:00:00+00:00,6030.70000,6044.40000,5907.00000,5941.80000,53602
2016-06-15 00:00:00+00:00,5930.70000,6008.20000,5924.00000,5947.20000,46037
2016-06-16 00:00:00+00:00,5961.20000,5996.00000,5894.90000,5989.80000,46825
2016-06-17 00:00:00+00:00,5984.30000,6056.30000,5970.30000,6051.60000,45308
2016-06-20 00:00:00+00:00,6124.60000,6238.80000,6124.60000,6160.60000,40600
2016-06-21 00:00:00+00:00,6165.40000,6283.30000,6155.50000,6245.00000,45028
2016-06-22 00:00:00+00:00,6234.40000,6320.80000,6223.30000,6255.30000,49708
2016-06-23 00:00:00+00:00,6312.80000,6389.60000,6277.80000,6347.00000,59332
2016-06-24 00:00:00+00:00,6235.80000,6260.50000,5730.30000,6054.80000,128414
2016-06-27 00:00:00+00:00,5981.00000,6127.00000,5879.80000,6007.30000,37614
2016-06-28 00:00:00+00:00,6016.30000,6198.80000,5978.50000,6197.60000,57327
2016-06-29 00:00:00+00:00,6195.10000,6376.80000,6158.00000,6344.00000,57543
2016-06-30 00:00:00+00:00,6348.20000,6583.30000,6307.80000,6558.60000,73037
2016-07-01 00:00:00+00:00,6552.20000,6616.10000,6499.80000,6585.00000,56994
2016-07-04 00:00:00+00:00,6577.80000,6629.20000,6514.30000,6550.60000,28462
2016-07-05 00:00:00+00:00,6558.80000,6564.80000,6473.50000,6549.80000,55352
2016-07-06 00:00:00+00:00,6542.10000,6581.50000,6430.60000,6544.30000,65861
2016-07-07 00:00:00+00:00,6531.10000,6580.80000,6505.00000,6535.30000,48107
2016-07-08 00:00:00+00:00,6527.30000,6607.30000,6514.00000,6594.60000,46989
2016-07-11 00:00:00+00:00,6599.60000,6697.20000,6592.80000,6668.80000,17626
2016-07-12 00:00:00+00:00,6661.80000,6704.80000,6660.60000,6668.20000,15130
2016-07-13 00:00:00+00:00,6673.60000,6718.20000,6647.80000,6683.20000,16931
2016-07-14 00:00:00+00:00,6682.80000,6744.80000,6647.20000,6661.60000,20415
2016-07-15 00:00:00+00:00,6650.60000,6678.20000,6610.60000,6665.00000,17096
2016-07-18 00:00:00+00:00,6666.60000,6715.60000,6663.20000,6691.80000,38237
2016-07-19 00:00:00+00:00,6692.70000,6710.80000,6658.80000,6703.30000,38950
2016-07-20 00:00:00+00:00,6699.60000,6736.80000,6689.30000,6702.80000,32037
2016-07-21 00:00:00+00:00,6701.20000,6731.00000,6675.80000,6686.30000,39087
2016-07-22 00:00:00+00:00,6688.00000,6736.60000,6661.00000,6728.30000,36868
2016-07-25 00:00:00+00:00,6728.80000,6755.00000,6689.00000,6708.00000,33825
2016-07-26 00:00:00+00:00,6711.60000,6744.00000,6698.60000,6728.40000,33132
2016-07-27 00:00:00+00:00,6737.00000,6777.80000,6727.30000,6733.30000,33175
2016-07-28 00:00:00+00:00,6739.80000,6762.80000,6710.30000,6735.00000,38205
2016-07-29 00:00:00+00:00,6742.30000,6742.80000,6689.80000,6731.80000,40191
2016-08-01 00:00:00+00:00,6736.80000,6769.30000,6664.60000,6672.60000,31851
2016-08-02 00:00:00+00:00,6678.00000,6694.60000,6629.30000,6657.80000,38320
2016-08-03 00:00:00+00:00,6658.80000,6675.10000,6614.60000,6643.60000,35732
2016-08-04 00:00:00+00:00,6655.60000,6758.60000,6615.80000,6758.00000,41031
2016-08-05 00:00:00+00:00,6753.60000,6803.80000,6736.30000,6789.30000,35672
2016-08-08 00:00:00+00:00,6795.80000,6829.80000,6781.60000,6815.00000,21009
2016-08-09 00:00:00+00:00,6817.30000,6863.80000,6808.30000,6833.30000,19412
2016-08-10 00:00:00+00:00,6838.30000,6866.80000,6816.80000,6848.00000,21779
2016-08-11 00:00:00+00:00,6853.00000,6943.80000,6840.80000,6931.30000,27772
2016-08-12 00:00:00+00:00,6930.60000,6953.30000,6917.30000,6930.80000,23600
2016-08-15 00:00:00+00:00,6936.80000,6973.10000,6926.80000,6958.60000,19596
2016-08-16 00:00:00+00:00,6948.60000,6954.80000,6900.30000,6904.80000,25762
2016-08-17 00:00:00+00:00,6909.60000,6931.30000,6856.40000,6899.80000,27297
2016-08-18 00:00:00+00:00,6899.30000,6909.60000,6856.30000,6883.00000,23176
2016-08-19 00:00:00+00:00,6885.30000,6885.30000,6845.30000,6867.60000,25983
2016-08-22 00:00:00+00:00,6873.40000,6889.80000,6815.00000,6844.80000,32632
2016-08-23 00:00:00+00:00,6848.60000,6888.80000,6842.80000,6861.00000,26898
2016-08-24 00:00:00+00:00,6863.60000,6870.30000,6813.90000,6818.80000,31115
2016-08-25 00:00:00+00:00,6826.60000,6832.30000,6781.50000,6812.30000,33600
2016-08-26 00:00:00+00:00,6822.90000,6861.60000,6773.00000,6801.80000,39111
2016-08-30 00:00:00+00:00,6841.90000,6854.60000,6809.30000,6824.00000,27659
2016-08-31 00:00:00+00:00,6825.60000,6833.80000,6764.30000,6790.60000,32660
2016-09-01 00:00:00+00:00,6788.30000,6828.80000,6723.30000,6776.60000,38246
2016-09-02 00:00:00+00:00,6770.30000,6930.80000,6754.80000,6898.80000,43008
2016-09-05 00:00:00+00:00,6891.60000,6925.80000,6867.80000,6884.30000,25247
2016-09-06 00:00:00+00:00,6887.30000,6898.80000,6817.30000,6831.80000,29658
2016-09-07 00:00:00+00:00,6839.30000,6855.30000,6813.50000,6838.00000,30057
2016-09-08 00:00:00+00:00,6840.20000,6890.30000,6818.80000,6861.80000,43531
2016-09-09 00:00:00+00:00,6853.80000,6860.30000,6734.20000,6735.50000,45107
2016-09-12 00:00:00+00:00,6712.00000,6764.30000,6655.00000,6763.30000,56979
2016-09-13 00:00:00+00:00,6754.60000,6757.30000,6646.80000,6665.00000,56865
2016-09-14 00:00:00+00:00,6678.80000,6721.60000,6655.30000,6666.00000,37443
2016-09-15 00:00:00+00:00,6670.00000,6750.80000,6641.60000,6743.80000,36244
2016-09-16 00:00:00+00:00,6725.60000,6748.80000,6693.00000,6740.80000,50176
2016-09-19 00:00:00+00:00,6763.20000,6819.00000,6756.00000,6793.30000,34867
2016-09-20 00:00:00+00:00,6785.60000,6870.80000,6785.60000,6824.80000,35127
2016-09-21 00:00:00+00:00,6826.30000,6880.80000,6818.60000,6869.30000,43284
2016-09-22 00:00:00+00:00,6870.20000,6939.30000,6862.50000,6912.80000,34818
2016-09-23 00:00:00+00:00,6902.00000,6920.30000,6883.80000,6893.80000,32101
2016-09-26 00:00:00+00:00,6902.30000,6906.30000,6803.80000,6819.80000,35272
2016-09-27 00:00:00+00:00,6819.10000,6869.80000,6767.20000,6824.10000,41740
2016-09-28 00:00:00+00:00,6820.80000,6904.30000,6803.30000,6904.30000,45310
2016-09-29 00:00:00+00:00,6900.90000,6941.80000,6850.90000,6865.00000,49861
2016-09-30 00:00:00+00:00,6865.80000,6922.30000,6808.80000,6907.60000,55168
2016-10-03 00:00:00+00:00,6906.80000,6996.80000,6896.50000,6967.30000,28467
2016-10-04 00:00:00+00:00,6971.00000,7127.30000,6968.30000,7051.00000,55124
2016-10-05 00:00:00+00:00,7045.20000,7079.00000,7020.80000,7037.00000,36724
2016-10-06 00:00:00+00:00,7036.00000,7058.00000,6998.00000,7030.60000,39811
2016-10-07 00:00:00+00:00,7040.80000,7078.00000,7011.80000,7059.60000,57858
2016-10-10 00:00:00+00:00,7061.00000,7103.30000,7021.30000,7095.30000,35056
2016-10-11 00:00:00+00:00,7103.00000,7128.60000,7052.30000,7073.80000,41259
2016-10-12 00:00:00+00:00,7079.00000,7083.60000,7012.80000,7040.30000,37931
2016-10-13 00:00:00+00:00,7033.30000,7034.00000,6927.40000,6994.00000,46729
2016-10-14 00:00:00+00:00,6991.30000,7054.80000,6982.60000,7014.80000,39943
2016-10-17 00:00:00+00:00,7007.80000,7014.60000,6934.50000,6949.30000,37172
2016-10-18 00:00:00+00:00,6949.60000,7032.80000,6946.50000,7006.60000,34599
2016-10-19 00:00:00+00:00,7004.60000,7032.80000,6973.80000,7019.30000,27793
2016-10-20 00:00:00+00:00,7022.60000,7051.30000,7003.80000,7036.30000,39620
2016-10-21 00:00:00+00:00,7040.50000,7061.30000,7012.10000,7037.80000,33266
2016-10-24 00:00:00+00:00,7039.80000,7067.80000,6979.80000,6995.80000,28769
2016-10-25 00:00:00+00:00,6998.80000,7066.80000,6997.80000,7009.80000,30534
2016-10-26 00:00:00+00:00,7000.00000,7002.80000,6912.80000,6939.60000,41755
2016-10-27 00:00:00+00:00,6935.30000,7010.30000,6909.20000,6978.60000,47487
2016-10-28 00:00:00+00:00,6977.60000,7006.80000,6923.60000,6957.00000,50492
2016-10-31 00:00:00+00:00,6951.80000,6985.50000,6929.30000,6938.80000,29646
2016-11-01 00:00:00+00:00,6933.80000,6991.80000,6878.50000,6902.00000,46220
2016-11-02 00:00:00+00:00,6905.40000,6906.30000,6824.60000,6839.30000,46514
2016-11-03 00:00:00+00:00,6851.60000,6872.30000,6748.30000,6758.60000,45974
2016-11-04 00:00:00+00:00,6759.00000,6773.20000,6653.60000,6660.60000,43858
2016-11-07 00:00:00+00:00,6709.30000,6809.30000,6709.30000,6809.00000,30389
2016-11-08 00:00:00+00:00,6810.80000,6870.60000,6787.40000,6857.80000,34057
2016-11-09 00:00:00+00:00,6889.20000,6945.60000,6512.60000,6922.00000,133212
2016-11-10 00:00:00+00:00,6927.00000,7006.00000,6803.30000,6838.20000,82809
2016-11-11 00:00:00+00:00,6839.00000,6858.80000,6710.30000,6738.30000,61564
2016-11-14 00:00:00+00:00,6773.30000,6816.30000,6732.30000,6771.80000,61800
2016-11-15 00:00:00+00:00,6774.60000,6821.60000,6765.20000,6821.60000,48177
2016-11-16 00:00:00+00:00,6829.80000,6835.30000,6733.00000,6753.00000,44820
2016-11-17 00:00:00+00:00,6752.60000,6806.30000,6743.80000,6806.30000,36921
2016-11-18 00:00:00+00:00,6801.60000,6812.00000,6738.80000,6768.60000,43383
2016-11-21 00:00:00+00:00,6784.00000,6821.80000,6752.30000,6793.00000,36016
2016-11-22 00:00:00+00:00,6798.00000,6852.30000,6793.60000,6847.30000,31855
2016-11-23 00:00:00+00:00,6852.20000,6881.00000,6777.60000,6831.80000,39498
2016-11-24 00:00:00+00:00,6826.80000,6843.80000,6795.80000,6826.80000,23914
2016-11-25 00:00:00+00:00,6829.70000,6858.80000,6822.80000,6844.60000,20372
2016-11-28 00:00:00+00:00,6833.30000,6848.20000,6771.30000,6786.80000,37745
2016-11-29 00:00:00+00:00,6788.80000,6804.00000,6731.80000,6776.30000,35078
2016-11-30 00:00:00+00:00,6770.20000,6850.30000,6761.30000,6777.80000,52110
2016-12-01 00:00:00+00:00,6779.40000,6795.00000,6690.00000,6731.00000,52822
2016-12-02 00:00:00+00:00,6727.00000,6748.00000,6680.00000,6721.50000,40075
2016-12-05 00:00:00+00:00,6696.60000,6802.00000,6685.20000,6756.40000,57843
2016-12-06 00:00:00+00:00,6748.10000,6815.60000,6723.00000,6808.00000,35088
2016-12-07 00:00:00+00:00,6804.80000,6941.00000,6798.00000,6926.60000,36131
2016-12-08 00:00:00+00:00,6922.00000,6951.80000,6893.00000,6931.60000,48206
2016-12-09 00:00:00+00:00,6933.00000,6979.00000,6929.30000,6976.80000,32041
2016-12-12 00:00:00+00:00,6989.80000,6996.50000,6870.30000,6881.80000,35281
2016-12-13 00:00:00+00:00,6882.00000,6981.80000,6872.80000,6972.30000,27497
2016-12-14 00:00:00+00:00,6966.80000,6988.60000,6928.90000,6939.00000,32643
2016-12-15 00:00:00+00:00,6946.00000,7013.60000,6928.80000,7004.60000,35666
2016-12-16 00:00:00+00:00,7004.60000,7040.30000,6983.60000,7002.60000,33582
2016-12-19 00:00:00+00:00,7013.80000,7032.30000,6983.80000,6999.80000,22765
2016-12-20 00:00:00+00:00,7011.50000,7044.80000,6991.30000,7030.50000,24710
2016-12-21 00:00:00+00:00,7032.80000,7054.20000,7022.20000,7032.80000,20388
2016-12-22 00:00:00+00:00,7026.10000,7060.30000,7015.80000,7037.60000,19295
2016-12-23 00:00:00+00:00,7046.80000,7068.00000,7046.30000,7064.60000,7228
2016-12-28 00:00:00+00:00,7064.80000,7107.30000,7063.80000,7075.60000,19799
2016-12-29 00:00:00+00:00,7075.00000,7122.30000,7072.30000,7097.30000,21802
2016-12-30 00:00:00+00:00,7095.60000,7136.80000,7085.40000,7106.60000,11797
2017-01-03 00:00:00+00:00,7125.80000,7204.00000,7125.80000,7182.30000,34662
2017-01-04 00:00:00+00:00,7188.00000,7197.80000,7163.80000,7196.00000,26588
2017-01-05 00:00:00+00:00,7187.60000,7207.80000,7167.30000,7192.30000,31575
2017-01-06 00:00:00+00:00,7190.60000,7223.30000,7175.60000,7217.60000,26367
2017-01-09 00:00:00+00:00,7223.30000,7239.40000,7201.80000,7232.00000,21895
2017-01-10 00:00:00+00:00,7225.60000,7280.80000,7219.60000,7262.00000,22165
2017-01-11 00:00:00+00:00,7262.30000,7327.30000,7251.40000,7299.00000,38478
2017-01-12 00:00:00+00:00,7296.60000,7329.30000,7262.30000,7325.30000,32027
2017-01-13 00:00:00+00:00,7323.30000,7340.80000,7305.50000,7332.00000,26528
2017-01-16 00:00:00+00:00,7337.80000,7358.30000,7318.80000,7326.80000,19579
2017-01-17 00:00:00+00:00,7315.30000,7323.80000,7216.30000,7227.30000,35601
2017-01-18 00:00:00+00:00,7214.60000,7256.00000,7213.60000,7255.60000,24944
2017-01-19 00:00:00+00:00,7255.60000,7260.80000,7190.80000,7203.60000,29245
2017-01-20 00:00:00+00:00,7217.30000,7223.30000,7178.10000,7197.00000,35339
2017-01-23 00:00:00+00:00,7176.60000,7183.60000,7130.80000,7174.80000,30173
2017-01-24 00:00:00+00:00,7173.00000,7186.60000,7144.50000,7174.60000,28860
2017-01-25 00:00:00+00:00,7175.30000,7206.30000,7152.30000,7175.80000,27325
2017-01-26 00:00:00+00:00,7173.80000,7191.80000,7149.80000,7160.80000,23149
2017-01-27 00:00:00+00:00,7157.40000,7185.80000,7149.80000,7173.80000,22710
2017-01-30 00:00:00+00:00,7154.60000,7158.80000,7103.80000,7137.60000,27104
2017-01-31 00:00:00+00:00,7129.30000,7162.30000,7095.50000,7129.30000,32639
2017-02-01 00:00:00+00:00,7134.30000,7169.30000,7097.50000,7115.30000,30598
2017-02-02 00:00:00+00:00,7105.30000,7161.80000,7089.60000,7154.30000,34058
2017-02-03 00:00:00+00:00,7152.80000,7198.80000,7125.80000,7186.00000,25603
2017-02-06 00:00:00+00:00,7176.20000,7204.80000,7158.80000,7172.60000,27103
2017-02-07 00:00:00+00:00,7166.60000,7221.30000,7156.00000,7174.80000,27101
2017-02-08 00:00:00+00:00,7169.60000,7189.00000,7138.30000,7182.00000,28373
2017-02-09 00:00:00+00:00,7181.60000,7234.30000,7176.00000,7229.00000,25957
2017-02-10 00:00:00+00:00,7227.40000,7266.40000,7226.30000,7257.80000,26276
2017-02-13 00:00:00+00:00,7265.80000,7289.80000,7247.80000,7273.60000,21087
2017-02-14 00:00:00+00:00,7271.80000,7284.20000,7241.20000,7278.00000,23534
2017-02-15 00:00:00+00:00,7278.00000,7314.80000,7276.60000,7311.30000,24174
2017-02-16 00:00:00+00:00,7311.50000,7318.60000,7265.00000,7285.30000,27967
2017-02-17 00:00:00+00:00,7279.60000,7314.20000,7251.30000,7308.80000,32140
2017-02-20 00:00:00+00:00,7309.20000,7321.30000,7279.80000,7297.30000,17388
2017-02-21 00:00:00+00:00,7296.80000,7300.80000,7267.00000,7286.60000,25892
2017-02-22 00:00:00+00:00,7289.60000,7310.60000,7269.50000,7305.30000,29048
2017-02-23 00:00:00+00:00,7304.60000,7319.80000,7271.80000,7282.30000,26473
2017-02-24 00:00:00+00:00,7287.10000,7287.10000,7198.50000,7277.80000,30652
2017-02-27 00:00:00+00:00,7272.60000,7292.60000,7243.30000,7280.00000,25069
2017-02-28 00:00:00+00:00,7276.80000,7288.80000,7249.00000,7276.30000,23783
2017-03-01 00:00:00+00:00,7281.00000,7399.30000,7278.80000,7388.00000,29847
2017-03-02 00:00:00+00:00,7376.60000,7395.80000,7373.30000,7383.60000,23766
2017-03-03 00:00:00+00:00,7376.30000,7385.80000,7351.80000,7370.30000,25538
2017-03-06 00:00:00+00:00,7350.30000,7367.80000,7339.00000,7365.60000,19948
2017-03-07 00:00:00+00:00,7362.60000,7370.30000,7329.00000,7331.30000,17792
2017-03-08 00:00:00+00:00,7323.60000,7351.30000,7310.30000,7314.60000,27092
2017-03-09 00:00:00+00:00,7320.80000,7324.60000,7263.00000,7315.80000,28912
2017-03-10 00:00:00+00:00,7336.80000,7372.30000,7331.00000,7350.80000,30582
2017-03-13 00:00:00+00:00,7339.80000,7375.30000,7337.90000,7372.60000,21332
2017-03-14 00:00:00+00:00,7368.30000,7387.30000,7335.80000,7359.80000,26496
2017-03-15 00:00:00+00:00,7360.30000,7393.10000,7353.00000,7390.10000,31777
2017-03-16 00:00:00+00:00,7394.00000,7444.80000,7392.70000,7416.60000,29325
2017-03-17 00:00:00+00:00,7411.60000,7450.30000,7400.90000,7428.80000,21360
2017-03-20 00:00:00+00:00,7415.80000,7435.30000,7402.80000,7420.30000,18287
2017-03-21 00:00:00+00:00,7422.40000,7441.30000,7343.00000,7350.30000,37959
2017-03-22 00:00:00+00:00,7336.10000,7345.30000,7301.80000,7328.00000,34158
2017-03-23 00:00:00+00:00,7341.00000,7347.00000,7306.80000,7328.80000,30653
2017-03-24 00:00:00+00:00,7353.80000,7354.30000,7309.20000,7334.80000,28921
2017-03-27 00:00:00+00:00,7299.70000,7310.30000,7253.30000,7302.30000,29008
2017-03-28 00:00:00+00:00,7312.80000,7364.60000,7284.00000,7363.60000,22948
2017-03-29 00:00:00+00:00,7356.00000,7380.80000,7309.10000,7376.80000,23877
2017-03-30 00:00:00+00:00,7378.00000,7388.30000,7338.60000,7364.80000,20535
2017-03-31 00:00:00+00:00,7361.30000,7361.30000,7320.30000,7335.80000,20499
2017-04-03 00:00:00+00:00,7335.60000,7352.30000,7260.80000,7311.80000,23346
2017-04-04 00:00:00+00:00,7310.30000,7340.30000,7291.30000,7339.60000,20793
2017-04-05 00:00:00+00:00,7347.30000,7360.80000,7291.60000,7299.80000,27315
2017-04-06 00:00:00+00:00,7281.00000,7323.30000,7260.00000,7305.80000,28340
2017-04-07 00:00:00+00:00,7308.00000,7357.80000,7266.40000,7353.60000,32557
2017-04-10 00:00:00+00:00,7357.40000,7361.80000,7335.00000,7347.80000,21114
2017-04-11 00:00:00+00:00,7344.60000,7407.30000,7329.60000,7382.30000,33833
2017-04-12 00:00:00+00:00,7382.80000,7401.80000,7336.30000,7337.30000,30025
2017-04-13 00:00:00+00:00,7334.00000,7350.00000,7297.00000,7305.80000,26239
2017-04-18 00:00:00+00:00,7342.30000,7344.80000,7110.40000,7131.60000,39398
2017-04-19 00:00:00+00:00,7116.60000,7150.30000,7090.30000,7100.30000,28592
2017-04-20 00:00:00+00:00,7107.30000,7127.80000,7096.80000,7114.80000,27043
2017-04-21 00:00:00+00:00,7120.00000,7135.30000,7103.80000,7115.80000,26209
2017-04-24 00:00:00+00:00,7166.80000,7280.30000,7144.00000,7266.30000,32549
2017-04-25 00:00:00+00:00,7256.90000,7290.30000,7256.30000,7278.00000,20234
2017-04-26 00:00:00+00:00,7268.80000,7300.60000,7258.80000,7261.00000,22658
2017-04-27 00:00:00+00:00,7263.60000,7268.10000,7223.00000,7246.80000,18574
2017-04-28 00:00:00+00:00,7240.80000,7246.80000,7193.60000,7197.30000,19450
2017-05-02 00:00:00+00:00,7217.80000,7262.80000,7210.30000,7254.30000,18121
2017-05-03 00:00:00+00:00,7253.30000,7254.80000,7216.30000,7248.60000,18425
2017-05-04 00:00:00+00:00,7253.80000,7281.20000,7225.00000,7259.60000,21554
2017-05-05 00:00:00+00:00,7257.80000,7313.00000,7225.00000,7312.80000,20856
2017-05-08 00:00:00+00:00,7315.80000,7334.00000,7283.30000,7310.00000,20526
2017-05-09 00:00:00+00:00,7307.20000,7357.80000,7298.30000,7344.60000,17375
2017-05-10 00:00:00+00:00,7318.60000,7392.60000,7317.60000,7383.30000,17276
2017-05-11 00:00:00+00:00,7381.30000,7404.80000,7371.50000,7399.30000,23451
2017-05-12 00:00:00+00:00,7399.80000,7440.80000,7387.30000,7440.30000,18119
2017-05-15 00:00:00+00:00,7438.30000,7464.80000,7434.00000,7464.80000,16938
2017-05-16 00:00:00+00:00,7461.00000,7528.80000,7445.80000,7515.00000,18680
2017-05-17 00:00:00+00:00,7488.80000,7525.80000,7444.40000,7445.60000,29841
2017-05-18 00:00:00+00:00,7452.30000,7493.80000,7397.60000,7475.00000,42975
2017-05-19 00:00:00+00:00,7475.00000,7491.00000,7458.00000,7491.00000,21623
2017-05-22 00:00:00+00:00,7493.80000,7519.30000,7485.50000,7510.60000,18708
2017-05-23 00:00:00+00:00,7495.30000,7523.80000,7480.50000,7507.30000,21018
2017-05-24 00:00:00+00:00,7504.00000,7523.20000,7476.30000,7520.00000,16363
2017-05-25 00:00:00+00:00,7525.80000,7542.60000,7495.50000,7522.80000,22285
2017-05-26 00:00:00+00:00,7517.00000,7553.30000,7508.80000,7545.60000,19067
2017-05-30 00:00:00+00:00,7551.00000,7551.00000,7495.60000,7526.80000,19230
2017-05-31 00:00:00+00:00,7528.90000,7585.80000,7511.80000,7527.30000,25723
2017-06-01 00:00:00+00:00,7533.90000,7574.30000,7533.60000,7572.80000,20824
2017-06-02 00:00:00+00:00,7575.60000,7599.80000,7539.30000,7566.80000,24028
2017-06-05 00:00:00+00:00,7559.80000,7563.80000,7519.30000,7545.80000,11742
2017-06-06 00:00:00+00:00,7540.00000,7540.00000,7502.00000,7523.80000,19189
2017-06-07 00:00:00+00:00,7525.20000,7555.30000,7472.60000,7492.50000,21972
2017-06-08 00:00:00+00:00,7488.50000,7501.30000,7452.20000,7472.80000,24372
2017-06-09 00:00:00+00:00,7421.50000,7549.00000,7411.50000,7511.00000,35397
2017-06-12 00:00:00+00:00,7509.00000,7540.30000,7477.80000,7521.20000,26491
2017-06-13 00:00:00+00:00,7528.20000,7550.80000,7490.00000,7500.50000,19566
2017-06-14 00:00:00+00:00,7497.50000,7545.30000,7460.80000,7490.50000,27636
2017-06-15 00:00:00+00:00,7477.50000,7485.90000,7377.00000,7433.50000,23621
2017-06-16 00:00:00+00:00,7428.20000,7499.60000,7426.80000,7489.00000,22032
2017-06-19 00:00:00+00:00,7496.60000,7539.80000,7492.80000,7531.00000,17775
2017-06-20 00:00:00+00:00,7544.00000,7559.80000,7446.80000,7470.90000,21935
2017-06-21 00:00:00+00:00,7472.00000,7472.50000,7412.80000,7447.80000,27982
2017-06-22 00:00:00+00:00,7437.00000,7460.20000,7395.80000,7426.50000,20145
2017-06-23 00:00:00+00:00,7423.20000,7441.60000,7394.30000,7429.80000,20065
2017-06-26 00:00:00+00:00,7425.50000,7480.80000,7424.20000,7451.80000,19821
2017-06-27 00:00:00+00:00,7460.40000,7460.50000,7402.80000,7406.50000,28628
2017-06-28 00:00:00+00:00,7399.00000,7444.80000,7377.80000,7411.80000,33491
2017-06-29 00:00:00+00:00,7420.40000,7454.20000,7305.50000,7332.50000,34726
2017-06-30 00:00:00+00:00,7341.20000,7377.30000,7292.80000,7326.20000,30281
2017-07-03 00:00:00+00:00,7324.40000,7384.30000,7314.20000,7357.50000,21688
2017-07-04 00:00:00+00:00,7361.50000,7379.80000,7333.30000,7349.80000,17717
2017-07-05 00:00:00+00:00,7344.80000,7383.80000,7339.00000,7376.50000,28369
2017-07-06 00:00:00+00:00,7374.80000,7378.50000,7299.30000,7319.80000,29011
2017-07-07 00:00:00+00:00,7313.20000,7367.80000,7309.80000,7362.20000,23233
2017-07-10 00:00:00+00:00,7369.20000,7388.00000,7340.30000,7369.00000,17184
2017-07-11 00:00:00+00:00,7360.90000,7383.50000,7300.80000,7355.50000,21549
2017-07-12 00:00:00+00:00,7353.50000,7438.80000,7345.20000,7416.00000,25832
2017-07-13 00:00:00+00:00,7413.60000,7428.20000,7401.80000,7420.00000,18262
2017-07-14 00:00:00+00:00,7417.80000,7429.00000,7357.80000,7386.50000,18645
2017-07-17 00:00:00+00:00,7381.60000,7426.60000,7378.20000,7394.60000,17700
2017-07-18 00:00:00+00:00,7400.80000,7415.80000,7352.30000,7399.50000,25183
2017-07-19 00:00:00+00:00,7403.20000,7440.30000,7373.30000,7430.00000,19221
2017-07-20 00:00:00+00:00,7434.60000,7500.30000,7429.80000,7490.80000,28295
2017-07-21 00:00:00+00:00,7487.20000,7511.60000,7427.80000,7449.80000,27336
2017-07-24 00:00:00+00:00,7451.50000,7451.50000,7350.80000,7396.80000,26944
2017-07-25 00:00:00+00:00,7385.80000,7449.60000,7383.20000,7433.20000,26281
2017-07-26 00:00:00+00:00,7439.20000,7482.60000,7429.20000,7438.50000,27808
2017-07-27 00:00:00+00:00,7445.00000,7458.80000,7399.20000,7429.50000,30731
2017-07-28 00:00:00+00:00,7418.00000,7420.20000,7334.80000,7370.00000,29263
2017-07-31 00:00:00+00:00,7358.60000,7419.30000,7350.50000,7376.50000,24692
2017-08-01 00:00:00+00:00,7377.00000,7435.60000,7375.60000,7424.50000,22389
2017-08-02 00:00:00+00:00,7436.50000,7438.20000,7382.80000,7418.50000,23891
2017-08-03 00:00:00+00:00,7415.50000,7485.60000,7382.60000,7462.50000,27221
2017-08-04 00:00:00+00:00,7463.20000,7519.20000,7457.90000,7518.80000,21767
2017-08-07 00:00:00+00:00,7520.80000,7536.60000,7514.00000,7534.20000,15313
2017-08-08 00:00:00+00:00,7534.80000,7548.80000,7501.60000,7510.80000,21586
2017-08-09 00:00:00+00:00,7503.50000,7512.00000,7466.60000,7505.80000,30709
2017-08-10 00:00:00+00:00,7509.50000,7516.00000,7381.60000,7383.20000,43911
2017-08-11 00:00:00+00:00,7377.00000,7385.00000,7319.80000,7321.80000,37760
2017-08-14 00:00:00+00:00,7341.60000,7397.40000,7333.20000,7379.80000,23139
2017-08-15 00:00:00+00:00,7389.10000,7434.50000,7370.50000,7408.00000,25153
2017-08-16 00:00:00+00:00,7407.40000,7460.40000,7402.20000,7437.40000,25999
2017-08-17 00:00:00+00:00,7431.70000,7455.50000,7369.00000,7369.40000,35838
2017-08-18 00:00:00+00:00,7356.70000,7381.10000,7322.00000,7335.40000,36482
2017-08-21 00:00:00+00:00,7343.10000,7349.30000,7311.30000,7338.50000,29535
2017-08-22 00:00:00+00:00,7341.80000,7406.20000,7341.80000,7402.50000,20782
2017-08-23 00:00:00+00:00,7409.80000,7412.80000,7367.80000,7408.00000,25865
2017-08-24 00:00:00+00:00,7408.00000,7450.30000,7390.20000,7412.80000,24884
2017-08-25 00:00:00+00:00,7420.40000,7449.80000,7405.20000,7406.20000,25849
2017-08-29 00:00:00+00:00,7378.10000,7384.00000,7296.30000,7365.80000,31448
2017-08-30 00:00:00+00:00,7371.80000,7384.80000,7351.80000,7379.20000,17747
2017-08-31 00:00:00+00:00,7385.90000,7445.80000,7377.80000,7430.50000,22331
2017-09-01 00:00:00+00:00,7436.20000,7460.80000,7422.50000,7446.80000,20018
2017-09-04 00:00:00+00:00,7420.00000,7434.80000,7398.70000,7424.50000,16617
2017-09-05 00:00:00+00:00,7427.50000,7436.80000,7330.60000,7346.00000,29066
2017-09-06 00:00:00+00:00,7339.50000,7376.20000,7314.90000,7365.20000,26781
2017-09-07 00:00:00+00:00,7354.20000,7413.60000,7347.50000,7396.80000,28799
2017-09-08 00:00:00+00:00,7392.50000,7394.50000,7356.80000,7360.80000,22213
2017-09-11 00:00:00+00:00,7388.20000,7435.60000,7385.20000,7427.80000,18297
2017-09-12 00:00:00+00:00,7431.70000,7436.80000,7386.30000,7401.20000,19318
2017-09-13 00:00:00+00:00,7402.50000,7403.30000,7335.30000,7390.00000,17013
2017-09-14 00:00:00+00:00,7386.50000,7398.80000,7284.80000,7306.50000,15505
2017-09-15 00:00:00+00:00,7291.00000,7293.80000,7193.30000,7213.50000,27313
2017-09-18 00:00:00+00:00,7212.00000,7261.20000,7210.50000,7257.00000,19547
2017-09-19 00:00:00+00:00,7262.00000,7284.30000,7239.80000,7273.80000,20088
2017-09-20 00:00:00+00:00,7270.50000,7294.80000,7246.30000,7291.00000,22436
2017-09-21 00:00:00+00:00,7290.20000,7290.20000,7250.80000,7252.00000,19587
2017-09-22 00:00:00+00:00,7253.50000,7319.80000,7231.20000,7306.80000,24933
2017-09-25 00:00:00+00:00,7307.00000,7319.00000,7268.30000,7296.50000,22923
2017-09-26 00:00:00+00:00,7303.50000,7310.00000,7269.80000,7283.00000,21359
2017-09-27 00:00:00+00:00,7275.80000,7327.20000,7269.80000,7320.00000,21785
2017-09-28 00:00:00+00:00,7319.50000,7328.20000,7286.80000,7323.20000,20231
2017-09-29 00:00:00+00:00,7318.50000,7381.80000,7318.20000,7371.00000,19815
2017-10-02 00:00:00+00:00,7388.60000,7439.80000,7374.80000,7426.20000,18438
2017-10-03 00:00:00+00:00,7430.50000,7468.30000,7423.30000,7463.50000,12899
2017-10-04 00:00:00+00:00,7462.80000,7475.00000,7452.20000,7462.20000,17838
2017-10-05 00:00:00+00:00,7470.20000,7511.60000,7464.10000,7509.50000,19087
2017-10-06 00:00:00+00:00,7510.80000,7527.30000,7510.20000,7523.20000,19955
2017-10-09 00:00:00+00:00,7531.80000,7540.20000,7484.20000,7489.50000,14902
2017-10-10 00:00:00+00:00,7496.80000,7546.80000,7495.80000,7546.50000,20738
2017-10-11 00:00:00+00:00,7549.30000,7550.80000,7515.80000,7531.20000,17100
2017-10-12 00:00:00+00:00,7537.20000,7566.80000,7527.20000,7534.50000,19592
2017-10-13 00:00:00+00:00,7534.00000,7557.30000,7522.50000,7547.20000,21854
2017-10-16 00:00:00+00:00,7557.00000,7560.00000,7520.20000,7541.00000,17545
2017-10-17 00:00:00+00:00,7538.00000,7553.30000,7507.60000,7540.50000,19085
2017-10-18 00:00:00+00:00,7539.00000,7555.80000,7525.30000,7539.00000,14542
2017-10-19 00:00:00+00:00,7543.50000,7543.80000,7485.60000,7529.70000,24098
2017-10-20 00:00:00+00:00,7533.30000,7558.30000,7513.60000,7522.20000,19895
2017-10-23 00:00:00+00:00,7536.00000,7540.60000,7496.20000,7500.30000,16050
2017-10-24 00:00:00+00:00,7508.00000,7534.80000,7503.00000,7521.60000,16595
2017-10-25 00:00:00+00:00,7518.00000,7525.80000,7426.30000,7459.30000,27015
2017-10-26 00:00:00+00:00,7458.30000,7496.30000,7443.30000,7486.80000,24963
2017-10-27 00:00:00+00:00,7490.80000,7520.60000,7483.00000,7497.80000,24292
2017-10-30 00:00:00+00:00,7496.30000,7501.30000,7473.60000,7477.60000,17099
2017-10-31 00:00:00+00:00,7479.80000,7515.30000,7478.60000,7496.30000,15149
2017-11-01 00:00:00+00:00,7499.80000,7531.00000,7464.80000,7468.30000,22053
2017-11-02 00:00:00+00:00,7458.80000,7569.80000,7452.80000,7563.00000,27369
2017-11-03 00:00:00+00:00,7570.30000,7579.30000,7540.80000,7554.60000,16818
2017-11-06 00:00:00+00:00,7567.20000,7573.80000,7525.00000,7565.50000,14779
2017-11-07 00:00:00+00:00,7568.80000,7590.60000,7494.30000,7509.30000,19054
2017-11-08 00:00:00+00:00,7498.00000,7535.30000,7498.00000,7525.80000,17607
2017-11-09 00:00:00+00:00,7535.00000,7546.80000,7462.30000,7500.60000,31966
2017-11-10 00:00:00+00:00,7494.00000,7505.80000,7425.80000,7447.60000,24427
2017-11-13 00:00:00+00:00,7451.30000,7477.80000,7403.80000,7426.00000,22392
2017-11-14 00:00:00+00:00,7425.80000,7439.80000,7394.30000,7411.80000,24912
2017-11-15 00:00:00+00:00,7399.00000,7414.60000,7353.20000,7373.80000,29917
2017-11-16 00:00:00+00:00,7382.00000,7411.00000,7377.80000,7397.50000,23912
2017-11-17 00:00:00+00:00,7404.00000,7412.80000,7363.80000,7392.00000,24758
2017-11-20 00:00:00+00:00,7390.00000,7404.30000,7354.60000,7394.80000,23156
2017-11-21 00:00:00+00:00,7398.40000,7423.80000,7368.00000,7412.80000,23053
2017-11-22 00:00:00+00:00,7408.80000,7459.80000,7404.60000,7421.30000,22151
2017-11-23 00:00:00+00:00,7410.20000,7427.60000,7377.20000,7412.30000,16706
2017-11-24 00:00:00+00:00,7420.60000,7428.80000,7391.80000,7418.00000,19569
2017-11-27 00:00:00+00:00,7422.80000,7440.60000,7382.60000,7390.00000,24343
2017-11-28 00:00:00+00:00,7387.80000,7475.30000,7383.20000,7440.00000,29454
2017-11-29 00:00:00+00:00,7435.60000,7445.30000,7353.60000,7387.00000,34262
2017-11-30 00:00:00+00:00,7376.30000,7418.30000,7310.00000,7322.30000,30138
2017-12-01 00:00:00+00:00,7307.80000,7354.80000,7278.40000,7332.00000,46846
2017-12-04 00:00:00+00:00,7368.60000,7369.00000,7316.80000,7321.80000,35891
2017-12-05 00:00:00+00:00,7318.00000,7373.80000,7308.00000,7312.60000,31307
2017-12-06 00:00:00+00:00,7315.00000,7370.30000,7279.30000,7338.80000,29097
2017-12-07 00:00:00+00:00,7353.60000,7371.80000,7302.80000,7308.60000,28312
2017-12-08 00:00:00+00:00,7320.40000,7413.80000,7308.60000,7407.30000,26548
2017-12-11 00:00:00+00:00,7406.60000,7461.30000,7401.80000,7459.00000,21122
2017-12-12 00:00:00+00:00,7464.30000,7503.30000,7445.80000,7487.00000,23057
2017-12-13 00:00:00+00:00,7482.40000,7511.30000,7471.30000,7479.80000,19290
2017-12-14 00:00:00+00:00,7490.80000,7494.80000,7447.00000,7452.60000,19463
2017-12-15 00:00:00+00:00,7439.60000,7502.30000,7432.30000,7489.60000,26355
2017-12-18 00:00:00+00:00,7515.60000,7545.60000,7488.30000,7539.80000,23816
2017-12-19 00:00:00+00:00,7540.30000,7562.30000,7529.00000,7529.00000,21507
2017-12-20 00:00:00+00:00,7537.00000,7549.30000,7509.00000,7526.80000,22272
2017-12-21 00:00:00+00:00,7524.30000,7608.80000,7515.10000,7581.00000,17695
2017-12-22 00:00:00+00:00,7582.00000,7613.30000,7579.00000,7582.80000,8625
2017-12-27 00:00:00+00:00,7596.30000,7631.80000,7591.00000,7617.60000,17612
2017-12-28 00:00:00+00:00,7620.80000,7639.60000,7610.80000,7627.30000,13985
2017-12-29 00:00:00+00:00,7624.10000,7695.20000,7618.80000,7694.40000,7900
2018-01-02 00:00:00+00:00,7466.80000,7705.30000,7466.80000,7647.80000,23062
2018-01-03 00:00:00+00:00,7652.80000,7693.60000,7642.10000,7693.30000,20829
2018-01-04 00:00:00+00:00,7689.80000,7700.40000,7669.00000,7693.80000,19986
2018-01-05 00:00:00+00:00,7702.60000,7725.80000,7686.60000,7719.60000,18918
2018-01-08 00:00:00+00:00,7724.50000,7728.80000,7686.80000,7711.80000,17190
2018-01-09 00:00:00+00:00,7710.60000,7731.30000,7703.00000,7729.30000,19157
2018-01-10 00:00:00+00:00,7726.30000,7753.80000,7712.80000,7734.80000,23917
2018-01-11 00:00:00+00:00,7742.00000,7770.30000,7731.00000,7770.00000,22006
2018-01-12 00:00:00+00:00,7772.60000,7790.30000,7748.30000,7773.00000,22037
2018-01-15 00:00:00+00:00,7791.80000,7794.00000,7759.80000,7770.00000,15303
2018-01-16 00:00:00+00:00,7765.70000,7789.80000,7712.00000,7718.60000,27602
2018-01-17 00:00:00+00:00,7730.80000,7746.80000,7708.30000,7727.30000,24641
2018-01-18 00:00:00+00:00,7727.80000,7740.80000,7683.80000,7710.60000,24230
2018-01-19 00:00:00+00:00,7699.30000,7733.30000,7687.80000,7732.60000,22835
2018-01-22 00:00:00+00:00,7723.30000,7739.80000,7703.00000,7732.00000,19022
2018-01-23 00:00:00+00:00,7735.60000,7745.00000,7709.00000,7735.60000,23704
2018-01-24 00:00:00+00:00,7734.30000,7734.60000,7617.80000,7646.00000,31123
2018-01-25 00:00:00+00:00,7646.30000,7658.60000,7604.30000,7630.60000,36491
2018-01-26 00:00:00+00:00,7634.30000,7689.60000,7618.80000,7689.60000,26953
2018-01-29 00:00:00+00:00,7707.60000,7707.80000,7645.80000,7651.80000,28236
2018-01-30 00:00:00+00:00,7656.60000,7656.80000,7570.80000,7578.00000,40827
2018-01-31 00:00:00+00:00,7572.30000,7599.60000,7514.30000,7531.00000,34551
2018-02-01 00:00:00+00:00,7540.30000,7558.30000,7466.30000,7483.80000,40966
2018-02-02 00:00:00+00:00,7484.80000,7491.00000,7386.30000,7386.80000,48349
2018-02-05 00:00:00+00:00,7326.00000,7383.10000,7104.00000,7124.30000,65403
2018-02-06 00:00:00+00:00,7055.60000,7294.00000,6910.80000,7258.60000,158317
2018-02-07 00:00:00+00:00,7231.40000,7294.80000,7147.30000,7227.00000,75886
2018-02-08 00:00:00+00:00,7203.00000,7244.00000,7088.60000,7088.80000,81841
2018-02-09 00:00:00+00:00,7128.00000,7153.10000,6963.30000,7111.80000,111855
2018-02-12 00:00:00+00:00,7136.30000,7198.10000,7121.20000,7188.80000,70851
2018-02-13 00:00:00+00:00,7175.60000,7199.30000,7141.30000,7177.80000,52967
2018-02-14 00:00:00+00:00,7184.30000,7233.80000,7119.90000,7231.30000,65751
2018-02-15 00:00:00+00:00,7229.00000,7266.00000,7202.30000,7247.00000,46911
2018-02-16 00:00:00+00:00,7267.00000,7298.30000,7250.00000,7285.60000,45701
2018-02-19 00:00:00+00:00,7321.30000,7321.30000,7230.80000,7242.30000,20953
2018-02-20 00:00:00+00:00,7254.30000,7260.80000,7193.60000,7212.00000,42371
2018-02-21 00:00:00+00:00,7223.60000,7285.00000,7199.60000,7222.30000,44229
2018-02-22 00:00:00+00:00,7204.60000,7266.80000,7188.80000,7226.30000,52936
2018-02-23 00:00:00+00:00,7251.80000,7279.80000,7221.60000,7278.80000,36842
2018-02-26 00:00:00+00:00,7272.80000,7322.80000,7260.60000,7322.00000,30765
2018-02-27 00:00:00+00:00,7329.90000,7336.40000,7242.60000,7249.60000,44713
2018-02-28 00:00:00+00:00,7263.60000,7294.60000,7200.90000,7206.00000,51958
2018-03-01 00:00:00+00:00,7216.30000,7230.80000,7097.00000,7129.80000,76890
2018-03-02 00:00:00+00:00,7136.30000,7162.30000,7062.30000,7128.00000,71044
2018-03-05 00:00:00+00:00,7122.30000,7150.30000,7059.30000,7145.80000,53811
2018-03-06 00:00:00+00:00,7149.80000,7197.00000,7136.00000,7160.80000,47329
2018-03-07 00:00:00+00:00,7099.30000,7179.50000,7081.80000,7157.60000,56274
2018-03-08 00:00:00+00:00,7142.60000,7218.30000,7142.60000,7205.60000,39878
2018-03-09 00:00:00+00:00,7212.00000,7235.60000,7189.80000,7234.80000,36947
2018-03-12 00:00:00+00:00,7241.80000,7255.30000,7189.30000,7201.00000,33441
2018-03-13 00:00:00+00:00,7200.60000,7226.30000,7104.80000,7119.80000,47479
2018-03-14 00:00:00+00:00,7122.30000,7176.60000,7105.30000,7129.60000,54521
2018-03-15 00:00:00+00:00,7108.30000,7166.30000,7107.60000,7143.60000,36183
2018-03-16 00:00:00+00:00,7141.80000,7190.30000,7127.80000,7158.00000,35654
2018-03-19 00:00:00+00:00,7147.30000,7156.60000,7021.60000,7062.60000,45002
2018-03-20 00:00:00+00:00,7053.80000,7079.00000,7039.30000,7067.00000,38171
2018-03-21 00:00:00+00:00,7060.00000,7072.30000,6995.20000,7019.30000,39582
2018-03-22 00:00:00+00:00,7029.80000,7039.00000,6889.30000,6902.30000,60492
2018-03-23 00:00:00+00:00,6867.80000,6952.60000,6851.30000,6866.00000,75839
2018-03-26 00:00:00+00:00,6883.60000,6957.80000,6864.80000,6948.30000,54217
2018-03-27 00:00:00+00:00,6957.30000,7042.80000,6911.80000,6933.00000,56934
2018-03-28 00:00:00+00:00,6936.00000,7061.80000,6921.30000,7025.80000,87303
2018-03-29 00:00:00+00:00,7028.30000,7111.30000,7011.30000,7078.30000,50345
2018-04-03 00:00:00+00:00,6981.30000,7065.00000,6981.30000,7047.30000,53001
2018-04-04 00:00:00+00:00,7040.40000,7105.00000,6971.30000,7104.60000,61855
2018-04-05 00:00:00+00:00,7111.80000,7225.60000,7099.00000,7216.80000,42419
2018-04-06 00:00:00+00:00,7165.80000,7217.30000,7121.00000,7146.30000,60941
2018-04-09 00:00:00+00:00,7167.80000,7222.30000,7147.30000,7174.60000,38597
2018-04-10 00:00:00+00:00,7183.30000,7274.30000,7169.80000,7260.00000,52457
2018-04-11 00:00:00+00:00,7246.00000,7274.80000,7235.60000,7236.80000,41624
2018-04-12 00:00:00+00:00,7247.60000,7273.60000,7233.00000,7265.60000,35962
2018-04-13 00:00:00+00:00,7255.80000,7278.30000,7243.80000,7264.60000,33960
2018-04-16 00:00:00+00:00,7287.50000,7298.80000,7194.60000,7200.80000,32298
2018-04-17 00:00:00+00:00,7203.80000,7249.60000,7192.00000,7238.60000,28135
2018-04-18 00:00:00+00:00,7240.80000,7329.30000,7235.00000,7321.50000,27395
2018-04-19 00:00:00+00:00,7331.80000,7359.00000,7298.60000,7345.60000,39153
2018-04-20 00:00:00+00:00,7347.80000,7378.60000,7343.60000,7367.60000,33461
2018-04-23 00:00:00+00:00,7378.80000,7409.30000,7362.30000,7406.60000,28747
2018-04-24 00:00:00+00:00,7417.60000,7436.30000,7349.40000,7365.80000,38786
2018-04-25 00:00:00+00:00,7381.60000,7404.30000,7332.80000,7382.30000,42668
2018-04-26 00:00:00+00:00,7399.30000,7451.30000,7362.00000,7443.60000,30418
2018-04-27 00:00:00+00:00,7453.70000,7519.60000,7425.00000,7514.60000,30748
2018-04-30 00:00:00+00:00,7523.00000,7547.30000,7493.30000,7499.00000,28213
2018-05-01 00:00:00+00:00,7508.00000,7547.40000,7495.80000,7537.30000,21218
2018-05-02 00:00:00+00:00,7540.80000,7570.30000,7515.80000,7521.80000,32836
2018-05-03 00:00:00+00:00,7523.60000,7555.80000,7491.00000,7544.00000,40174
2018-05-04 00:00:00+00:00,7549.00000,7585.80000,7518.30000,7580.80000,32632
2018-05-08 00:00:00+00:00,7580.80000,7596.80000,7542.20000,7574.60000,32299
2018-05-09 00:00:00+00:00,7575.30000,7703.80000,7564.00000,7698.60000,28970
2018-05-10 00:00:00+00:00,7697.80000,7729.30000,7645.50000,7723.30000,29239
2018-05-11 00:00:00+00:00,7725.00000,7742.80000,7704.30000,7722.00000,28216
2018-05-14 00:00:00+00:00,7740.80000,7744.80000,7696.00000,7712.60000,24955
2018-05-15 00:00:00+00:00,7720.80000,7758.30000,7691.50000,7724.30000,33845
2018-05-16 00:00:00+00:00,7722.30000,7764.60000,7716.00000,7753.30000,25719
2018-05-17 00:00:00+00:00,7759.30000,7806.30000,7722.30000,7788.00000,27568
2018-05-18 00:00:00+00:00,7791.60000,7798.80000,7757.30000,7782.30000,29002
2018-05-21 00:00:00+00:00,7806.00000,7876.60000,7805.60000,7861.60000,20482
2018-05-22 00:00:00+00:00,7864.00000,7904.60000,7850.30000,7863.00000,23389
2018-05-23 00:00:00+00:00,7863.30000,7875.60000,7764.80000,7800.30000,32568
2018-05-24 00:00:00+00:00,7798.60000,7814.80000,7713.10000,7748.00000,32899
2018-05-25 00:00:00+00:00,7753.40000,7772.10000,7703.30000,7717.30000,30160
2018-05-29 00:00:00+00:00,7702.80000,7706.00000,7584.80000,7618.50000,31487
2018-05-30 00:00:00+00:00,7618.50000,7714.30000,7603.30000,7711.80000,24007
2018-05-31 00:00:00+00:00,7702.80000,7724.80000,7645.80000,7687.80000,50677
2018-06-01 00:00:00+00:00,7685.00000,7743.30000,7680.50000,7703.60000,33623
2018-06-04 00:00:00+00:00,7700.00000,7768.80000,7699.30000,7720.00000,25649
2018-06-05 00:00:00+00:00,7728.60000,7738.80000,7663.30000,7668.00000,28702
2018-06-06 00:00:00+00:00,7676.60000,7736.80000,7664.30000,7729.30000,29921
2018-06-07 00:00:00+00:00,7728.60000,7774.80000,7667.60000,7681.30000,38066
2018-06-08 00:00:00+00:00,7688.80000,7717.80000,7639.80000,7697.60000,39488
2018-06-11 00:00:00+00:00,7690.50000,7775.80000,7688.30000,7757.30000,31746
2018-06-12 00:00:00+00:00,7758.60000,7769.30000,7695.60000,7698.60000,32804
2018-06-13 00:00:00+00:00,7699.60000,7745.30000,7675.80000,7690.80000,29716
2018-06-14 00:00:00+00:00,7691.80000,7798.30000,7652.50000,7780.80000,35096
2018-06-15 00:00:00+00:00,7775.30000,7785.60000,7628.50000,7670.00000,41922
2018-06-18 00:00:00+00:00,7662.30000,7666.60000,7600.80000,7654.60000,29074
2018-06-19 00:00:00+00:00,7638.60000,7638.80000,7542.60000,7635.00000,37649
2018-06-20 00:00:00+00:00,7635.60000,7705.80000,7618.00000,7643.80000,31438
2018-06-21 00:00:00+00:00,7660.60000,7685.30000,7548.60000,7557.00000,41307
2018-06-22 00:00:00+00:00,7553.60000,7699.80000,7553.60000,7674.60000,35407
2018-06-25 00:00:00+00:00,7663.30000,7677.20000,7486.30000,7503.30000,43306
2018-06-26 00:00:00+00:00,7495.30000,7581.80000,7491.80000,7566.30000,40557
2018-06-27 00:00:00+00:00,7568.30000,7637.80000,7511.80000,7577.30000,55586
2018-06-28 00:00:00+00:00,7590.60000,7655.80000,7573.30000,7642.00000,56845
2018-06-29 00:00:00+00:00,7652.60000,7706.60000,7613.80000,7619.80000,47458
2018-07-02 00:00:00+00:00,7632.60000,7632.60000,7534.80000,7568.30000,46791
2018-07-03 00:00:00+00:00,7564.80000,7631.80000,7542.50000,7573.80000,46205
2018-07-04 00:00:00+00:00,7574.00000,7586.30000,7557.80000,7579.60000,22543
2018-07-05 00:00:00+00:00,7572.30000,7624.60000,7561.60000,7619.80000,42156
2018-07-06 00:00:00+00:00,7613.30000,7649.00000,7568.00000,7622.30000,39058
2018-07-09 00:00:00+00:00,7626.60000,7712.00000,7622.30000,7698.80000,30799
2018-07-10 00:00:00+00:00,7708.60000,7715.30000,7674.80000,7696.60000,29539
2018-07-11 00:00:00+00:00,7667.60000,7667.60000,7565.30000,7592.60000,39225
2018-07-12 00:00:00+00:00,7586.30000,7673.80000,7585.00000,7669.60000,33559
2018-07-13 00:00:00+00:00,7674.60000,7716.50000,7656.30000,7667.00000,29433
2018-07-16 00:00:00+00:00,7683.80000,7684.60000,7561.80000,7620.00000,28846
2018-07-17 00:00:00+00:00,7608.30000,7681.30000,7578.50000,7654.00000,32772
2018-07-18 00:00:00+00:00,7659.00000,7686.00000,7647.30000,7673.60000,27374
2018-07-19 00:00:00+00:00,7674.00000,7702.30000,7657.60000,7677.80000,32605
2018-07-20 00:00:00+00:00,7684.60000,7703.60000,7628.00000,7668.00000,38779
2018-07-23 00:00:00+00:00,7659.00000,7676.30000,7617.80000,7658.80000,30474
2018-07-24 00:00:00+00:00,7674.00000,7738.80000,7644.50000,7701.00000,35708
2018-07-25 00:00:00+00:00,7704.30000,7713.60000,7636.80000,7688.60000,35383
2018-07-26 00:00:00+00:00,7677.00000,7685.80000,7640.60000,7671.80000,33990
2018-07-27 00:00:00+00:00,7675.60000,7717.80000,7666.80000,7678.60000,33008
2018-07-30 00:00:00+00:00,7671.30000,7716.80000,7651.10000,7684.30000,29398
2018-07-31 00:00:00+00:00,7687.30000,7782.40000,7680.30000,7742.60000,36057
2018-08-01 00:00:00+00:00,7744.60000,7756.30000,7630.00000,7650.60000,37258
2018-08-02 00:00:00+00:00,7639.80000,7654.30000,7534.50000,7623.60000,41648
2018-08-03 00:00:00+00:00,7625.30000,7680.30000,7588.50000,7679.00000,30706
2018-08-06 00:00:00+00:00,7667.30000,7694.00000,7635.30000,7662.30000,28076
2018-08-07 00:00:00+00:00,7671.60000,7748.30000,7661.30000,7715.80000,24504
2018-08-08 00:00:00+00:00,7711.30000,7780.80000,7700.50000,7763.60000,30524
2018-08-09 00:00:00+00:00,7762.00000,7804.40000,7730.80000,7765.00000,26824
2018-08-10 00:00:00+00:00,7769.30000,7769.30000,7672.50000,7679.10000,41161
2018-08-13 00:00:00+00:00,7681.80000,7681.80000,7617.30000,7647.60000,36304
2018-08-14 00:00:00+00:00,7656.00000,7677.30000,7599.80000,7644.00000,32971
2018-08-15 00:00:00+00:00,7642.30000,7650.30000,7474.00000,7517.80000,51812
2018-08-16 00:00:00+00:00,7507.80000,7587.30000,7506.00000,7557.30000,32452
2018-08-17 00:00:00+00:00,7560.80000,7594.80000,7526.30000,7571.00000,33737
2018-08-20 00:00:00+00:00,7577.20000,7630.30000,7562.00000,7602.00000,16788
2018-08-21 00:00:00+00:00,7598.00000,7612.00000,7562.30000,7563.50000,15386
2018-08-22 00:00:00+00:00,7540.50000,7616.30000,7529.30000,7577.00000,18137
2018-08-23 00:00:00+00:00,7580.30000,7614.30000,7547.80000,7553.30000,18928
2018-08-24 00:00:00+00:00,7555.00000,7594.80000,7545.30000,7578.80000,15125
2018-08-28 00:00:00+00:00,7611.80000,7645.30000,7599.80000,7618.50000,16200
2018-08-29 00:00:00+00:00,7628.80000,7650.80000,7545.80000,7568.60000,19171
2018-08-30 00:00:00+00:00,7571.20000,7572.00000,7488.20000,7499.80000,19383
2018-08-31 00:00:00+00:00,7486.80000,7510.30000,7419.00000,7440.80000,23514
2018-09-03 00:00:00+00:00,7449.60000,7516.80000,7428.00000,7490.00000,15692
2018-09-04 00:00:00+00:00,7490.30000,7534.30000,7436.20000,7450.50000,25722
2018-09-05 00:00:00+00:00,7452.00000,7458.00000,7354.80000,7403.30000,30743
2018-09-06 00:00:00+00:00,7390.80000,7402.80000,7312.00000,7343.60000,42881
2018-09-07 00:00:00+00:00,7331.60000,7340.60000,7230.00000,7288.30000,44349
2018-09-10 00:00:00+00:00,7288.30000,7310.80000,7257.30000,7277.80000,31869
2018-09-11 00:00:00+00:00,7277.00000,7295.30000,7221.30000,7274.00000,32965
2018-09-12 00:00:00+00:00,7272.60000,7325.80000,7250.80000,7297.00000,38525
2018-09-13 00:00:00+00:00,7293.20000,7319.80000,7274.80000,7291.60000,36665
2018-09-14 00:00:00+00:00,7296.60000,7324.30000,7281.30000,7310.60000,32094
2018-09-17 00:00:00+00:00,7303.60000,7319.80000,7267.30000,7267.80000,28775
2018-09-18 00:00:00+00:00,7238.00000,7322.30000,7235.00000,7310.60000,33892
2018-09-19 00:00:00+00:00,7308.80000,7346.00000,7278.00000,7338.60000,29104
2018-09-20 00:00:00+00:00,7342.30000,7386.30000,7323.00000,7377.30000,26444
2018-09-21 00:00:00+00:00,7385.60000,7501.30000,7380.30000,7478.30000,34380
2018-09-24 00:00:00+00:00,7459.60000,7485.80000,7448.30000,7450.00000,24483
2018-09-25 00:00:00+00:00,7450.80000,7515.30000,7443.60000,7478.30000,26818
2018-09-26 00:00:00+00:00,7479.00000,7521.80000,7479.00000,7488.00000,29165
2018-09-27 00:00:00+00:00,7495.40000,7559.30000,7486.80000,7542.00000,29904
2018-09-28 00:00:00+00:00,7544.60000,7557.00000,7474.00000,7497.00000,38626
2018-10-01 00:00:00+00:00,7517.80000,7525.80000,7460.80000,7498.00000,31670
2018-10-02 00:00:00+00:00,7496.80000,7498.00000,7444.60000,7481.60000,33131
2018-10-03 00:00:00+00:00,7485.30000,7534.80000,7477.00000,7517.30000,26485
2018-10-04 00:00:00+00:00,7512.60000,7520.30000,7399.40000,7422.00000,48442
2018-10-05 00:00:00+00:00,7423.60000,7450.80000,7297.20000,7318.60000,47292
2018-10-08 00:00:00+00:00,7319.80000,7323.60000,7223.00000,7262.00000,45415
2018-10-09 00:00:00+00:00,7251.30000,7255.30000,7182.30000,7227.80000,49667
2018-10-10 00:00:00+00:00,7217.60000,7239.30000,7090.30000,7092.60000,68427
2018-10-11 00:00:00+00:00,7081.80000,7092.30000,6922.80000,6967.60000,114632
2018-10-12 00:00:00+00:00,6990.40000,7074.30000,6953.80000,7024.80000,80039
2018-10-15 00:00:00+00:00,7015.30000,7043.80000,6960.50000,7026.30000,57640
2018-10-16 00:00:00+00:00,7021.60000,7085.30000,6997.30000,7078.00000,42859
2018-10-17 00:00:00+00:00,7087.60000,7094.80000,7017.80000,7061.30000,47939
2018-10-18 00:00:00+00:00,7055.30000,7079.30000,6981.60000,7008.00000,57290
2018-10-19 00:00:00+00:00,7010.80000,7071.80000,7010.80000,7038.80000,61858
2018-10-22 00:00:00+00:00,7010.30000,7114.80000,7007.30000,7053.80000,53027
2018-10-23 00:00:00+00:00,7035.30000,7036.30000,6927.60000,7006.30000,71489
2018-10-24 00:00:00+00:00,7011.80000,7050.80000,6892.80000,6892.80000,74242
2018-10-25 00:00:00+00:00,6905.60000,7030.00000,6887.80000,6996.60000,74021
2018-10-26 00:00:00+00:00,6949.00000,6981.30000,6851.00000,6943.00000,92449
2018-10-29 00:00:00+00:00,6960.30000,7087.60000,6918.00000,6975.60000,71176
2018-10-30 00:00:00+00:00,6993.00000,7085.80000,6982.00000,7085.80000,74759
2018-10-31 00:00:00+00:00,7083.00000,7162.80000,7077.80000,7110.00000,53514
2018-11-01 00:00:00+00:00,7114.00000,7165.80000,7077.00000,7122.80000,60742
2018-11-02 00:00:00+00:00,7129.50000,7196.60000,7072.30000,7112.80000,62913
2018-11-05 00:00:00+00:00,7097.30000,7142.00000,7077.80000,7104.00000,43727
2018-11-06 00:00:00+00:00,7116.80000,7125.30000,7027.80000,7068.80000,44608
2018-11-07 00:00:00+00:00,7055.00000,7151.80000,7049.30000,7151.60000,44274
2018-11-08 00:00:00+00:00,7156.60000,7177.30000,7119.00000,7132.00000,40938
2018-11-09 00:00:00+00:00,7129.60000,7140.00000,7075.00000,7129.80000,46354
2018-11-12 00:00:00+00:00,7131.60000,7180.60000,7048.80000,7054.30000,46614
2018-11-13 00:00:00+00:00,7043.80000,7108.30000,7016.80000,7043.60000,56042
2018-11-14 00:00:00+00:00,7060.30000,7113.30000,6976.90000,7029.80000,69766
2018-11-15 00:00:00+00:00,7026.30000,7110.60000,6990.60000,7095.30000,82395
2018-11-16 00:00:00+00:00,7098.00000,7105.60000,6977.30000,7045.00000,59174
2018-11-19 00:00:00+00:00,7035.80000,7079.00000,6978.00000,7001.60000,55201
2018-11-20 00:00:00+00:00,6996.80000,7015.60000,6908.80000,6932.30000,80057
2018-11-21 00:00:00+00:00,6933.30000,7070.80000,6929.00000,7056.00000,56280
2018-11-22 00:00:00+00:00,7059.80000,7068.80000,6956.00000,6972.80000,36338
2018-11-23 00:00:00+00:00,6986.00000,6998.80000,6920.60000,6953.80000,39763
2018-11-26 00:00:00+00:00,6966.60000,7059.00000,6962.80000,7058.50000,45473
2018-11-27 00:00:00+00:00,7025.00000,7093.60000,6992.00000,7047.30000,54300
2018-11-28 00:00:00+00:00,7048.80000,7082.80000,6995.60000,7079.90000,47441
2018-11-29 00:00:00+00:00,7075.00000,7089.00000,7026.00000,7057.30000,52378
2018-11-30 00:00:00+00:00,7054.30000,7054.60000,6967.80000,7019.60000,44487
2018-12-03 00:00:00+00:00,7086.30000,7155.30000,7053.00000,7100.60000,52531
2018-12-04 00:00:00+00:00,7087.30000,7106.80000,6933.00000,6942.80000,63003
2018-12-05 00:00:00+00:00,6957.00000,6986.60000,6916.00000,6923.60000,31688
2018-12-06 00:00:00+00:00,6898.30000,6899.60000,6675.00000,6789.80000,114490
2018-12-07 00:00:00+00:00,6795.30000,6874.60000,6738.00000,6765.80000,78206
2018-12-10 00:00:00+00:00,6736.30000,6821.30000,6715.30000,6776.00000,92693
2018-12-11 00:00:00+00:00,6765.30000,6860.60000,6745.20000,6825.30000,68467
2018-12-12 00:00:00+00:00,6847.60000,6904.60000,6827.60000,6858.80000,64723
2018-12-13 00:00:00+00:00,6859.60000,6912.60000,6847.30000,6857.60000,59662
2018-12-14 00:00:00+00:00,6837.80000,6869.60000,6789.30000,6807.60000,52210
2018-12-17 00:00:00+00:00,6822.60000,6855.60000,6693.60000,6722.00000,55756
2018-12-18 00:00:00+00:00,6747.60000,6765.10000,6684.60000,6702.60000,59808
2018-12-19 00:00:00+00:00,6690.30000,6793.60000,6665.50000,6690.60000,63642
2018-12-20 00:00:00+00:00,6697.00000,6764.10000,6632.30000,6662.00000,74168
2018-12-21 00:00:00+00:00,6690.00000,6748.60000,6633.60000,6638.00000,75282
2018-12-24 00:00:00+00:00,6635.80000,6697.60000,6635.80000,6671.30000,11774
2018-12-27 00:00:00+00:00,6695.80000,6758.80000,6539.80000,6661.60000,91356
2018-12-28 00:00:00+00:00,6661.30000,6759.80000,6630.60000,6734.00000,72324
2018-12-31 00:00:00+00:00,6756.60000,6761.00000,6720.60000,6735.00000,10809
2019-01-02 00:00:00+00:00,6752.80000,6763.80000,6599.00000,6747.80000,68506
2019-01-03 00:00:00+00:00,6710.30000,6754.80000,6678.40000,6700.30000,70955
2019-01-04 00:00:00+00:00,6683.80000,6863.30000,6680.30000,6840.30000,66465
2019-01-07 00:00:00+00:00,6854.80000,6873.00000,6775.40000,6821.80000,53305
2019-01-08 00:00:00+00:00,6823.60000,6901.80000,6801.60000,6892.80000,48278
2019-01-09 00:00:00+00:00,6899.60000,6947.60000,6891.30000,6901.00000,49822
2019-01-10 00:00:00+00:00,6887.80000,6971.30000,6860.60000,6965.60000,46546
2019-01-11 00:00:00+00:00,6959.30000,7003.30000,6900.30000,6915.00000,45587
2019-01-14 00:00:00+00:00,6899.30000,6909.00000,6840.80000,6863.30000,35382
2019-01-15 00:00:00+00:00,6878.00000,6941.80000,6848.30000,6881.30000,48603
2019-01-16 00:00:00+00:00,6878.30000,6913.60000,6844.00000,6853.80000,37155
2019-01-17 00:00:00+00:00,6853.80000,6859.60000,6796.30000,6850.30000,40321
2019-01-18 00:00:00+00:00,6859.00000,7001.80000,6858.00000,6992.00000,43540
2019-01-21 00:00:00+00:00,6995.50000,6997.30000,6954.80000,6978.80000,22146
2019-01-22 00:00:00+00:00,6966.30000,6974.30000,6847.40000,6860.60000,44403
2019-01-23 00:00:00+00:00,6866.80000,6897.30000,6809.00000,6839.60000,51675
2019-01-24 00:00:00+00:00,6840.60000,6854.80000,6800.60000,6821.80000,48867
2019-01-25 00:00:00+00:00,6822.30000,6858.80000,6791.30000,6793.60000,43200
2019-01-28 00:00:00+00:00,6787.80000,6812.60000,6731.60000,6772.00000,41573
2019-01-29 00:00:00+00:00,6748.30000,6871.40000,6747.00000,6855.80000,42985
2019-01-30 00:00:00+00:00,6868.00000,6967.30000,6852.00000,6939.00000,42987
2019-01-31 00:00:00+00:00,6934.50000,6993.00000,6934.50000,6975.50000,47317
2019-02-01 00:00:00+00:00,6981.30000,7031.20000,6963.80000,7015.00000,43277
2019-02-04 00:00:00+00:00,7024.00000,7060.40000,6999.30000,7057.00000,33024
2019-02-05 00:00:00+00:00,7053.30000,7183.80000,7049.00000,7167.30000,37957
2019-02-06 00:00:00+00:00,7164.30000,7181.30000,7141.40000,7157.00000,34915
2019-02-07 00:00:00+00:00,7154.00000,7184.80000,7086.30000,7107.50000,56893
2019-02-08 00:00:00+00:00,7108.00000,7112.80000,7060.80000,7107.60000,47644
2019-02-11 00:00:00+00:00,7099.30000,7141.30000,7079.50000,7105.00000,39903
2019-02-12 00:00:00+00:00,7120.00000,7160.30000,7109.00000,7134.80000,33296
2019-02-13 00:00:00+00:00,7148.30000,7191.30000,7133.00000,7175.80000,39963
2019-02-14 00:00:00+00:00,7171.60000,7234.60000,7171.60000,7204.00000,54404
2019-02-15 00:00:00+00:00,7205.00000,7263.60000,7180.50000,7240.60000,49595
2019-02-18 00:00:00+00:00,7244.60000,7249.80000,7207.50000,7214.30000,19205
2019-02-19 00:00:00+00:00,7221.00000,7231.60000,7159.30000,7176.30000,32727
2019-02-20 00:00:00+00:00,7176.60000,7242.00000,7164.60000,7233.00000,38413
2019-02-21 00:00:00+00:00,7229.60000,7257.30000,7157.30000,7184.00000,41775
2019-02-22 00:00:00+00:00,7185.00000,7229.30000,7172.80000,7188.60000,33107
2019-02-25 00:00:00+00:00,7203.80000,7216.00000,7157.80000,7167.00000,29745
2019-02-26 00:00:00+00:00,7156.00000,7173.30000,7093.30000,7146.80000,41488
2019-02-27 00:00:00+00:00,7140.00000,7157.00000,7084.30000,7108.50000,32363
2019-02-28 00:00:00+00:00,7104.60000,7116.80000,7051.80000,7083.60000,33080
2019-03-01 00:00:00+00:00,7098.00000,7135.30000,7098.00000,7129.60000,30358
2019-03-04 00:00:00+00:00,7138.00000,7169.80000,7097.10000,7129.80000,36451
2019-03-05 00:00:00+00:00,7129.80000,7194.30000,7117.60000,7174.00000,30473
2019-03-06 00:00:00+00:00,7167.80000,7212.80000,7165.30000,7175.60000,28961
2019-03-07 00:00:00+00:00,7169.80000,7206.30000,7139.30000,7153.10000,45609
2019-03-08 00:00:00+00:00,7145.30000,7155.30000,7089.60000,7151.30000,41562
2019-03-11 00:00:00+00:00,7145.00000,7186.60000,7111.00000,7139.30000,30043
2019-03-12 00:00:00+00:00,7137.80000,7168.30000,7082.30000,7159.30000,40028
2019-03-13 00:00:00+00:00,7156.00000,7184.80000,7125.30000,7149.20000,33204
2019-03-14 00:00:00+00:00,7146.00000,7220.60000,7136.80000,7183.80000,29948
2019-03-15 00:00:00+00:00,7190.30000,7245.80000,7187.80000,7232.00000,31717
2019-03-18 00:00:00+00:00,7227.60000,7303.30000,7225.60000,7292.60000,24701
2019-03-19 00:00:00+00:00,7287.60000,7349.80000,7284.60000,7294.80000,30523
2019-03-20 00:00:00+00:00,7287.30000,7341.30000,7273.30000,7304.80000,39395
2019-03-21 00:00:00+00:00,7321.30000,7376.30000,7298.60000,7355.00000,38043
2019-03-22 00:00:00+00:00,7356.00000,7357.60000,7190.80000,7192.80000,53916
2019-03-25 00:00:00+00:00,7172.60000,7212.80000,7150.00000,7188.60000,51136
2019-03-26 00:00:00+00:00,7204.80000,7226.80000,7174.60000,7215.60000,38779
2019-03-27 00:00:00+00:00,7209.00000,7232.00000,7159.30000,7204.60000,49722
2019-03-28 00:00:00+00:00,7191.30000,7267.80000,7191.30000,7267.30000,40663
2019-03-29 00:00:00+00:00,7265.30000,7292.00000,7235.50000,7289.60000,43049
2019-04-01 00:00:00+00:00,7308.80000,7351.20000,7293.60000,7334.60000,37100
2019-04-02 00:00:00+00:00,7328.80000,7403.30000,7327.80000,7376.60000,33742
2019-04-03 00:00:00+00:00,7373.20000,7426.60000,7366.80000,7405.60000,35146
2019-04-04 00:00:00+00:00,7404.80000,7427.30000,7376.50000,7419.00000,29000
2019-04-05 00:00:00+00:00,7419.00000,7470.30000,7408.60000,7459.60000,26402
2019-04-08 00:00:00+00:00,7473.60000,7474.60000,7424.80000,7459.00000,21081
2019-04-09 00:00:00+00:00,7464.30000,7481.80000,7415.60000,7423.30000,28594
2019-04-10 00:00:00+00:00,7422.00000,7443.30000,7409.30000,7413.30000,24424
2019-04-11 00:00:00+00:00,7421.00000,7450.80000,7390.50000,7432.80000,25050
2019-04-12 00:00:00+00:00,7439.00000,7463.30000,7422.80000,7454.60000,23745
2019-04-15 00:00:00+00:00,7454.30000,7456.80000,7426.30000,7444.60000,17374
2019-04-16 00:00:00+00:00,7446.00000,7486.30000,7440.80000,7454.30000,18000
2019-04-17 00:00:00+00:00,7454.60000,7478.30000,7445.50000,7477.30000,25047
2019-04-18 00:00:00+00:00,7473.30000,7494.30000,7438.40000,7485.00000,28653
2019-04-23 00:00:00+00:00,7489.60000,7530.80000,7468.30000,7518.80000,19333
2019-04-24 00:00:00+00:00,7524.60000,7525.00000,7455.30000,7478.80000,21678
2019-04-25 00:00:00+00:00,7476.80000,7488.30000,7408.80000,7456.50000,24777
2019-04-26 00:00:00+00:00,7446.60000,7450.60000,7402.00000,7438.80000,27800
2019-04-29 00:00:00+00:00,7439.80000,7460.30000,7404.30000,7456.30000,18715
2019-04-30 00:00:00+00:00,7451.80000,7456.30000,7392.30000,7435.00000,21764
2019-05-01 00:00:00+00:00,7444.80000,7459.00000,7342.60000,7346.60000,12425
2019-05-02 00:00:00+00:00,7338.30000,7395.80000,7331.30000,7345.80000,32126
2019-05-03 00:00:00+00:00,7346.60000,7419.30000,7341.30000,7388.50000,21291
2019-05-07 00:00:00+00:00,7373.30000,7374.10000,7215.30000,7236.30000,34005
2019-05-08 00:00:00+00:00,7236.30000,7282.30000,7219.20000,7265.80000,41135
2019-05-09 00:00:00+00:00,7268.80000,7274.90000,7194.30000,7248.30000,44793
2019-05-10 00:00:00+00:00,7247.30000,7285.80000,7191.50000,7275.50000,46676
2019-05-13 00:00:00+00:00,7233.30000,7233.30000,7148.80000,7160.00000,31773
2019-05-14 00:00:00+00:00,7137.00000,7263.80000,7136.80000,7249.00000,22984
2019-05-15 00:00:00+00:00,7252.60000,7313.30000,7226.00000,7301.80000,30515
2019-05-16 00:00:00+00:00,7300.00000,7379.80000,7270.20000,7352.80000,24682
2019-05-17 00:00:00+00:00,7361.50000,7371.80000,7319.50000,7349.50000,30361
2019-05-20 00:00:00+00:00,7369.00000,7384.60000,7276.80000,7313.80000,26161
2019-05-21 00:00:00+00:00,7324.50000,7376.00000,7317.60000,7363.80000,21156
2019-05-22 00:00:00+00:00,7363.50000,7377.00000,7315.80000,7328.50000,20391
2019-05-23 00:00:00+00:00,7328.50000,7328.50000,7212.20000,7233.80000,31212
2019-05-24 00:00:00+00:00,7229.30000,7304.80000,7228.50000,7277.80000,21147
2019-05-28 00:00:00+00:00,7303.60000,7315.30000,7241.30000,7242.60000,47308
2019-05-29 00:00:00+00:00,7246.60000,7248.60000,7148.80000,7194.80000,50928
2019-05-30 00:00:00+00:00,7189.00000,7241.10000,7182.00000,7229.00000,34160
2019-05-31 00:00:00+00:00,7193.30000,7202.80000,7133.00000,7153.30000,56054
2019-06-03 00:00:00+00:00,7125.00000,7194.20000,7081.20000,7161.20000,30494
2019-06-04 00:00:00+00:00,7171.60000,7228.40000,7138.20000,7227.30000,26153
2019-06-05 00:00:00+00:00,7237.30000,7261.30000,7201.50000,7231.60000,40651
2019-06-06 00:00:00+00:00,7232.80000,7290.80000,7220.50000,7274.40000,29443
2019-06-07 00:00:00+00:00,7275.30000,7352.80000,7269.00000,7344.80000,24374
2019-06-10 00:00:00+00:00,7360.60000,7389.00000,7352.80000,7374.30000,17638
2019-06-11 00:00:00+00:00,7371.00000,7423.80000,7364.60000,7389.20000,21404
2019-06-12 00:00:00+00:00,7386.20000,7395.80000,7328.80000,7359.30000,21740
2019-06-13 00:00:00+00:00,7366.50000,7402.80000,7342.90000,7373.30000,22874
2019-06-14 00:00:00+00:00,7374.80000,7387.80000,7318.50000,7366.30000,22570
2019-06-17 00:00:00+00:00,7373.00000,7377.50000,7325.80000,7364.80000,16810
2019-06-18 00:00:00+00:00,7371.30000,7470.80000,7345.20000,7446.60000,30545
2019-06-19 00:00:00+00:00,7459.60000,7459.60000,7391.00000,7414.80000,21522
2019-06-20 00:00:00+00:00,7428.50000,7462.30000,7414.50000,7432.60000,25153
2019-06-21 00:00:00+00:00,7435.20000,7456.30000,7376.50000,7379.80000,26481
2019-06-24 00:00:00+00:00,7378.00000,7434.80000,7374.80000,7400.20000,16030
2019-06-25 00:00:00+00:00,7405.60000,7428.80000,7368.80000,7395.60000,19767
2019-06-26 00:00:00+00:00,7396.00000,7435.00000,7396.00000,7405.00000,18188
2019-06-27 00:00:00+00:00,7406.00000,7445.30000,7378.80000,7409.50000,20489
2019-06-28 00:00:00+00:00,7409.50000,7443.80000,7399.00000,7435.20000,15317
2019-07-01 00:00:00+00:00,7475.80000,7532.30000,7469.20000,7506.00000,20847
2019-07-02 00:00:00+00:00,7502.30000,7567.80000,7501.80000,7565.30000,17617
2019-07-03 00:00:00+00:00,7567.30000,7624.80000,7561.60000,7623.80000,13991
2019-07-04 00:00:00+00:00,7623.80000,7626.30000,7598.00000,7602.50000,7036
2019-07-05 00:00:00+00:00,7607.30000,7608.30000,7541.00000,7565.00000,16501
2019-07-08 00:00:00+00:00,7565.00000,7572.30000,7532.00000,7554.50000,12910
2019-07-09 00:00:00+00:00,7554.50000,7554.50000,7515.50000,7541.00000,15663
2019-07-10 00:00:00+00:00,7545.50000,7558.80000,7513.80000,7539.50000,22478
2019-07-11 00:00:00+00:00,7545.30000,7558.80000,7499.20000,7527.00000,17320
2019-07-12 00:00:00+00:00,7532.30000,7542.00000,7487.80000,7492.00000,15484
2019-07-15 00:00:00+00:00,7486.00000,7542.80000,7478.80000,7525.80000,16070
2019-07-16 00:00:00+00:00,7528.80000,7584.80000,7521.00000,7551.30000,16682
2019-07-17 00:00:00+00:00,7551.30000,7571.60000,7511.80000,7522.00000,15883
2019-07-18 00:00:00+00:00,7511.30000,7516.80000,7474.20000,7485.80000,20601
2019-07-19 00:00:00+00:00,7485.80000,7540.00000,7466.20000,7499.00000,20392
2019-07-22 00:00:00+00:00,7504.50000,7543.30000,7482.20000,7513.80000,17730
2019-07-23 00:00:00+00:00,7513.80000,7592.80000,7510.30000,7560.80000,20652
2019-07-24 00:00:00+00:00,7560.80000,7562.60000,7469.20000,7511.30000,19609
2019-07-25 00:00:00+00:00,7510.30000,7537.30000,7455.20000,7469.00000,33931
2019-07-26 00:00:00+00:00,7473.80000,7558.30000,7469.80000,7550.30000,18193
2019-07-29 00:00:00+00:00,7551.80000,7705.80000,7542.30000,7684.60000,20014
2019-07-30 00:00:00+00:00,7686.30000,7724.60000,7622.80000,7634.30000,38312
2019-07-31 00:00:00+00:00,7641.20000,7656.30000,7517.00000,7562.80000,33138
2019-08-01 00:00:00+00:00,7562.80000,7602.80000,7477.50000,7501.60000,39382
2019-08-02 00:00:00+00:00,7493.00000,7500.20000,7370.80000,7386.60000,55413
2019-08-05 00:00:00+00:00,7358.30000,7369.80000,7152.50000,7191.60000,51114
2019-08-06 00:00:00+00:00,7080.90000,7229.60000,7077.50000,7195.00000,50594
2019-08-07 00:00:00+00:00,7176.80000,7240.20000,7137.00000,7236.20000,47007
2019-08-08 00:00:00+00:00,7225.60000,7315.20000,7198.50000,7308.30000,33279
2019-08-09 00:00:00+00:00,7300.50000,7317.30000,7248.20000,7300.80000,34692
2019-08-12 00:00:00+00:00,7294.60000,7317.30000,7209.00000,7222.90000,32981
2019-08-13 00:00:00+00:00,7233.80000,7288.30000,7170.80000,7280.60000,47971
2019-08-14 00:00:00+00:00,7289.20000,7290.00000,7106.60000,7106.60000,45579
2019-08-15 00:00:00+00:00,7110.80000,7167.00000,7035.80000,7091.60000,69054
2019-08-16 00:00:00+00:00,7096.80000,7145.00000,7092.00000,7140.00000,31211
2019-08-19 00:00:00+00:00,7162.30000,7226.80000,7146.60000,7191.80000,23036
2019-08-20 00:00:00+00:00,7184.80000,7242.80000,7114.80000,7117.30000,28976
2019-08-21 00:00:00+00:00,7102.60000,7226.80000,7101.80000,7206.60000,21779
2019-08-22 00:00:00+00:00,7219.80000,7221.30000,7115.20000,7145.30000,32303
2019-08-23 00:00:00+00:00,7135.50000,7200.80000,7034.50000,7037.60000,52812
2019-08-27 00:00:00+00:00,7111.60000,7116.80000,7050.50000,7075.00000,34150
2019-08-28 00:00:00+00:00,7081.00000,7137.80000,7053.20000,7115.60000,35350
2019-08-29 00:00:00+00:00,7114.60000,7206.30000,7092.00000,7191.60000,28730
2019-08-30 00:00:00+00:00,7193.00000,7244.30000,7185.00000,7233.30000,25740
2019-09-02 00:00:00+00:00,7213.60000,7317.80000,7207.20000,7278.00000,18599
2019-09-03 00:00:00+00:00,7281.50000,7318.80000,7235.80000,7268.50000,35432
2019-09-04 00:00:00+00:00,7268.50000,7331.80000,7260.80000,7301.50000,24941
2019-09-05 00:00:00+00:00,7301.50000,7358.30000,7256.50000,7264.20000,27802
2019-09-06 00:00:00+00:00,7268.60000,7304.80000,7251.50000,7298.00000,21407
2019-09-09 00:00:00+00:00,7303.80000,7334.30000,7212.80000,7247.00000,22736
2019-09-10 00:00:00+00:00,7251.30000,7292.30000,7207.00000,7285.00000,25680
2019-09-11 00:00:00+00:00,7287.30000,7358.00000,7281.80000,7353.80000,21680
2019-09-12 00:00:00+00:00,7353.80000,7388.50000,7309.50000,7361.80000,36999
2019-09-13 00:00:00+00:00,7369.50000,7384.20000,7323.20000,7335.80000,22534
2019-09-16 00:00:00+00:00,7315.80000,7370.30000,7312.60000,7327.00000,29316
2019-09-17 00:00:00+00:00,7335.30000,7351.30000,7292.50000,7321.60000,25016
2019-09-18 00:00:00+00:00,7313.60000,7351.60000,7299.00000,7318.30000,20646
2019-09-19 00:00:00+00:00,7311.00000,7374.00000,7287.20000,7321.80000,9421
2019-09-20 00:00:00+00:00,7321.80000,7377.00000,7313.30000,7326.80000,10839
2019-09-23 00:00:00+00:00,7346.00000,7362.80000,7282.40000,7336.80000,23149
2019-09-24 00:00:00+00:00,7359.30000,7363.80000,7245.00000,7252.50000,30171
2019-09-25 00:00:00+00:00,7266.00000,7314.20000,7211.50000,7304.00000,28038
2019-09-26 00:00:00+00:00,7307.60000,7389.30000,7274.80000,7377.30000,28383
2019-09-27 00:00:00+00:00,7371.50000,7443.30000,7358.30000,7401.00000,29418
2019-09-30 00:00:00+00:00,7412.20000,7441.80000,7402.80000,7407.80000,21880
2019-10-01 00:00:00+00:00,7417.80000,7435.30000,7308.80000,7320.30000,33554
2019-10-02 00:00:00+00:00,7327.00000,7333.20000,7088.50000,7111.60000,41008
2019-10-03 00:00:00+00:00,7111.60000,7121.60000,7006.30000,7118.20000,45844
2019-10-04 00:00:00+00:00,7118.80000,7175.80000,7081.00000,7174.20000,37726
2019-10-07 00:00:00+00:00,7162.80000,7220.30000,7136.20000,7199.00000,27096
2019-10-08 00:00:00+00:00,7193.00000,7231.30000,7138.00000,7140.20000,42335
2019-10-09 00:00:00+00:00,7142.60000,7199.60000,7140.60000,7185.80000,34786
2019-10-10 00:00:00+00:00,7162.30000,7220.80000,7118.00000,7148.50000,44313
2019-10-11 00:00:00+00:00,7166.30000,7260.60000,7149.20000,7228.50000,49439
2019-10-14 00:00:00+00:00,7248.30000,7265.30000,7200.00000,7229.60000,31360
2019-10-15 00:00:00+00:00,7238.20000,7250.80000,7178.80000,7204.80000,42115
2019-10-16 00:00:00+00:00,7208.30000,7221.80000,7151.00000,7170.30000,41512
2019-10-17 00:00:00+00:00,7167.80000,7243.80000,7163.00000,7185.00000,42282
2019-10-18 00:00:00+00:00,7188.20000,7202.80000,7133.30000,7144.30000,31864
2019-10-21 00:00:00+00:00,7144.20000,7200.00000,7144.00000,7165.50000,25731
2019-10-22 00:00:00+00:00,7174.80000,7230.80000,7147.30000,7202.30000,24910
2019-10-23 00:00:00+00:00,7202.30000,7265.60000,7185.80000,7250.60000,23455
2019-10-24 00:00:00+00:00,7258.20000,7339.80000,7250.30000,7322.80000,24752
2019-10-25 00:00:00+00:00,7315.80000,7336.80000,7277.20000,7324.30000,20241
2019-10-28 00:00:00+00:00,7328.50000,7346.00000,7289.80000,7334.50000,19833
2019-10-29 00:00:00+00:00,7334.50000,7343.50000,7262.50000,7309.60000,21119
2019-10-30 00:00:00+00:00,7300.80000,7341.00000,7274.20000,7335.80000,20070
2019-10-31 00:00:00+00:00,7335.80000,7337.80000,7239.50000,7263.20000,30208
2019-11-01 00:00:00+00:00,7263.20000,7312.80000,7260.50000,7311.80000,21022
2019-11-04 00:00:00+00:00,7320.60000,7392.30000,7312.80000,7372.00000,17858
2019-11-05 00:00:00+00:00,7372.60000,7406.80000,7305.50000,7305.50000,19549
2019-11-06 00:00:00+00:00,7368.80000,7402.20000,7360.80000,7392.00000,18119
2019-11-07 00:00:00+00:00,7393.80000,7436.80000,7389.00000,7405.20000,23216
2019-11-08 00:00:00+00:00,7403.20000,7403.20000,7348.20000,7382.80000,19349
2019-11-11 00:00:00+00:00,7368.30000,7372.60000,7256.60000,7337.60000,18339
2019-11-12 00:00:00+00:00,7337.30000,7390.30000,7322.30000,7354.60000,31262
2019-11-13 00:00:00+00:00,7345.60000,7362.80000,7299.30000,7349.00000,29870
2019-11-14 00:00:00+00:00,7349.30000,7368.30000,7295.80000,7321.80000,32879
2019-11-15 00:00:00+00:00,7339.80000,7352.00000,7254.30000,7324.00000,30036
2019-11-18 00:00:00+00:00,7315.60000,7348.30000,7304.50000,7319.30000,29328
2019-11-19 00:00:00+00:00,7311.80000,7413.80000,7308.10000,7332.30000,31015
2019-11-20 00:00:00+00:00,7330.00000,7330.60000,7224.80000,7255.80000,41159
2019-11-21 00:00:00+00:00,7228.30000,7260.80000,7202.80000,7256.80000,47143
2019-11-22 00:00:00+00:00,7258.30000,7348.60000,7256.00000,7338.00000,34689
2019-11-25 00:00:00+00:00,7355.00000,7403.30000,7348.60000,7401.30000,23609
2019-11-26 00:00:00+00:00,7404.80000,7430.80000,7385.00000,7405.00000,30611
2019-11-27 00:00:00+00:00,7411.80000,7447.30000,7409.00000,7434.50000,24070
2019-11-28 00:00:00+00:00,7415.00000,7426.60000,7392.60000,7420.40000,15311
2019-11-29 00:00:00+00:00,7421.00000,7429.80000,7343.80000,7350.30000,26102
2019-12-02 00:00:00+00:00,7376.80000,7407.60000,7279.80000,7300.60000,32486
2019-12-03 00:00:00+00:00,7312.80000,7314.00000,7138.60000,7193.00000,40676
2019-12-04 00:00:00+00:00,7176.20000,7203.80000,7137.60000,7199.60000,35622
2019-12-05 00:00:00+00:00,7194.80000,7203.80000,7130.20000,7143.60000,28474
2019-12-06 00:00:00+00:00,7161.30000,7246.30000,7148.80000,7232.60000,23581
2019-12-09 00:00:00+00:00,7217.70000,7256.20000,7209.70000,7232.20000,18326
2019-12-10 00:00:00+00:00,7233.90000,7243.90000,7136.40000,7205.90000,32920
2019-12-11 00:00:00+00:00,7213.50000,7253.60000,7194.50000,7218.20000,28480
2019-12-12 00:00:00+00:00,7224.60000,7308.80000,7218.40000,7278.40000,42062
2019-12-13 00:00:00+00:00,7260.70000,7430.70000,7242.00000,7375.20000,48554
2019-12-16 00:00:00+00:00,7386.00000,7554.70000,7373.60000,7524.00000,24145
2019-12-17 00:00:00+00:00,7508.80000,7544.80000,7497.60000,7518.30000,26335
2019-12-18 00:00:00+00:00,7527.40000,7569.10000,7509.40000,7565.10000,15907
2019-12-19 00:00:00+00:00,7573.40000,7601.90000,7540.20000,7584.90000,17374
2019-12-20 00:00:00+00:00,7593.30000,7623.80000,7575.30000,7582.60000,26306
2019-12-23 00:00:00+00:00,7586.60000,7644.10000,7571.10000,7630.10000,19738
2019-12-24 00:00:00+00:00,7631.00000,7647.00000,7618.80000,7646.30000,6492
2019-12-27 00:00:00+00:00,7657.50000,7690.80000,7633.50000,7646.80000,18880
2019-12-30 00:00:00+00:00,7639.40000,7652.10000,7577.20000,7579.80000,16567
2019-12-31 00:00:00+00:00,7581.80000,7586.30000,7540.60000,7550.00000,8813
2020-01-02 00:00:00+00:00,7566.70000,7631.70000,7556.20000,7631.70000,27019
2020-01-03 00:00:00+00:00,7635.60000,7639.60000,7552.40000,7597.60000,35782
2020-01-06 00:00:00+00:00,7582.60000,7602.40000,7529.40000,7589.90000,29541
2020-01-07 00:00:00+00:00,7595.60000,7624.20000,7564.20000,7571.20000,29663
2020-01-08 00:00:00+00:00,7511.30000,7612.00000,7492.80000,7589.20000,42280
2020-01-09 00:00:00+00:00,7599.00000,7620.70000,7584.20000,7619.20000,17565
2020-01-10 00:00:00+00:00,7632.00000,7636.80000,7566.30000,7573.30000,21926
2020-01-13 00:00:00+00:00,7573.30000,7639.90000,7573.30000,7620.90000,21324
2020-01-14 00:00:00+00:00,7640.70000,7655.20000,7590.20000,7629.40000,26319
2020-01-15 00:00:00+00:00,7624.80000,7648.70000,7611.70000,7629.70000,23783
2020-01-16 00:00:00+00:00,7635.40000,7658.40000,7597.40000,7625.40000,22962
2020-01-17 00:00:00+00:00,7634.40000,7693.40000,7623.40000,7687.90000,21263
2020-01-20 00:00:00+00:00,7691.30000,7696.00000,7642.30000,7658.80000,13713
2020-01-21 00:00:00+00:00,7659.60000,7660.60000,7552.10000,7598.60000,28186
2020-01-22 00:00:00+00:00,7604.10000,7642.10000,7564.10000,7569.80000,27385
2020-01-23 00:00:00+00:00,7566.40000,7577.20000,7504.90000,7553.90000,31230
2020-01-24 00:00:00+00:00,7560.00000,7646.40000,7541.60000,7560.40000,33805
2020-01-27 00:00:00+00:00,7517.20000,7522.00000,7396.00000,7408.80000,44702
2020-01-28 00:00:00+00:00,7411.40000,7496.40000,7409.20000,7486.40000,37136
2020-01-29 00:00:00+00:00,7481.00000,7520.60000,7466.80000,7483.00000,32778
2020-01-30 00:00:00+00:00,7475.00000,7475.00000,7362.00000,7437.40000,53015
2020-01-31 00:00:00+00:00,7441.40000,7448.80000,7236.40000,7268.10000,54338
2020-02-03 00:00:00+00:00,7290.50000,7370.30000,7281.50000,7332.80000,47865
2020-02-04 00:00:00+00:00,7337.40000,7448.40000,7337.20000,7429.90000,33455
2020-02-05 00:00:00+00:00,7421.80000,7518.30000,7404.10000,7501.40000,45604
2020-02-06 00:00:00+00:00,7505.00000,7544.40000,7489.70000,7520.20000,33785
2020-02-07 00:00:00+00:00,7511.40000,7518.20000,7446.20000,7459.20000,36424
2020-02-10 00:00:00+00:00,7448.90000,7474.40000,7433.10000,7470.60000,31038
2020-02-11 00:00:00+00:00,7484.50000,7536.70000,7483.20000,7504.70000,29410
2020-02-12 00:00:00+00:00,7503.60000,7562.80000,7503.00000,7561.30000,26867
2020-02-13 00:00:00+00:00,7528.90000,7533.10000,7408.60000,7444.90000,36448
2020-02-14 00:00:00+00:00,7451.20000,7477.40000,7392.20000,7413.20000,28020
2020-02-17 00:00:00+00:00,7416.70000,7454.00000,7409.20000,7431.40000,5088
2020-02-18 00:00:00+00:00,7409.20000,7426.70000,7354.90000,7400.40000,11882
2020-02-19 00:00:00+00:00,7409.00000,7476.10000,7405.80000,7469.10000,9157
2020-02-20 00:00:00+00:00,7474.40000,7484.20000,7425.70000,7461.40000,13894
2020-02-21 00:00:00+00:00,7448.20000,7453.70000,7371.40000,7407.40000,15906
2020-02-24 00:00:00+00:00,7333.10000,7339.70000,7114.60000,7121.90000,24708
2020-02-25 00:00:00+00:00,7165.10000,7203.60000,6911.80000,6934.10000,32899
2020-02-26 00:00:00+00:00,6939.50000,7050.30000,6871.00000,6958.80000,47617
2020-02-27 00:00:00+00:00,6896.90000,6948.20000,6679.90000,6680.40000,54927
2020-02-28 00:00:00+00:00,6679.10000,6685.10000,6447.60000,6629.00000,94606
2020-03-02 00:00:00+00:00,6578.10000,6767.30000,6489.30000,6741.30000,71964
2020-03-03 00:00:00+00:00,6762.90000,6843.80000,6603.60000,6638.80000,88911
2020-03-04 00:00:00+00:00,6682.90000,6888.80000,6671.90000,6879.60000,47514
2020-03-05 00:00:00+00:00,6832.80000,6845.30000,6596.80000,6621.10000,46923
2020-03-06 00:00:00+00:00,6639.80000,6643.50000,6401.80000,6475.30000,67600
2020-03-09 00:00:00+00:00,6229.90000,6238.20000,5807.80000,5812.40000,92708
2020-03-10 00:00:00+00:00,6044.60000,6228.20000,5923.40000,6150.20000,96947
2020-03-11 00:00:00+00:00,6055.50000,6105.20000,5771.70000,5825.20000,91667
2020-03-12 00:00:00+00:00,5798.10000,5816.60000,5198.80000,5287.80000,108748
2020-03-13 00:00:00+00:00,5324.60000,5696.60000,5207.20000,5653.60000,106104
2020-03-16 00:00:00+00:00,5293.20000,5333.00000,4838.80000,5047.80000,93004
2020-03-17 00:00:00+00:00,5154.60000,5374.20000,4982.20000,5261.90000,106304
2020-03-18 00:00:00+00:00,5170.00000,5238.80000,4943.80000,5087.00000,84064
2020-03-19 00:00:00+00:00,5123.20000,5254.30000,4833.50000,5150.80000,70554
2020-03-20 00:00:00+00:00,5133.70000,5396.40000,4977.20000,4990.70000,101529
2020-03-23 00:00:00+00:00,4784.00000,5176.80000,4762.20000,4974.00000,116074
2020-03-24 00:00:00+00:00,5046.60000,5443.60000,5046.60000,5432.90000,82997
2020-03-25 00:00:00+00:00,5380.60000,5735.10000,5343.40000,5596.60000,114805
2020-03-26 00:00:00+00:00,5585.80000,5803.40000,5448.60000,5787.40000,99171
2020-03-27 00:00:00+00:00,5734.20000,5739.40000,5387.90000,5427.90000,80339
2020-03-30 00:00:00+00:00,5386.80000,5590.70000,5342.20000,5581.40000,79387
2020-03-31 00:00:00+00:00,5592.10000,5709.30000,5518.30000,5588.00000,74995
2020-04-01 00:00:00+00:00,5537.00000,5563.80000,5353.10000,5355.40000,64711
2020-04-02 00:00:00+00:00,5368.30000,5541.20000,5357.80000,5483.20000,73091
2020-04-03 00:00:00+00:00,5448.60000,5471.10000,5337.30000,5369.80000,57792
2020-04-06 00:00:00+00:00,5427.90000,5645.60000,5423.20000,5628.40000,43171
2020-04-07 00:00:00+00:00,5643.40000,5765.70000,5555.60000,5607.40000,68695
2020-04-08 00:00:00+00:00,5617.10000,5706.10000,5552.30000,5680.60000,52594
2020-04-09 00:00:00+00:00,5694.20000,5867.60000,5658.10000,5850.10000,56650
2020-04-14 00:00:00+00:00,5811.00000,5928.20000,5758.60000,5779.10000,33744
2020-04-15 00:00:00+00:00,5768.00000,5776.30000,5552.30000,5561.80000,40093
2020-04-16 00:00:00+00:00,5524.10000,5643.60000,5516.90000,5637.40000,42621
2020-04-17 00:00:00+00:00,5739.80000,5817.80000,5716.30000,5805.40000,40839
2020-04-20 00:00:00+00:00,5773.20000,5825.00000,5681.00000,5711.00000,35427
2020-04-21 00:00:00+00:00,5714.00000,5746.50000,5603.80000,5627.30000,45735
2020-04-22 00:00:00+00:00,5641.20000,5767.00000,5608.60000,5756.90000,28106
2020-04-23 00:00:00+00:00,5738.80000,5819.90000,5711.40000,5751.40000,34515
2020-04-24 00:00:00+00:00,5709.70000,5786.20000,5693.20000,5765.80000,26282
2020-04-27 00:00:00+00:00,5758.00000,5852.10000,5752.00000,5846.10000,23144
2020-04-28 00:00:00+00:00,5832.20000,5952.00000,5805.20000,5894.50000,26503
2020-04-29 00:00:00+00:00,5909.30000,6109.20000,5908.30000,6082.60000,28483
2020-04-30 00:00:00+00:00,6102.40000,6182.90000,5820.90000,5857.60000,38329
2020-05-01 00:00:00+00:00,5809.90000,5829.90000,5706.90000,5721.20000,13896
2020-05-04 00:00:00+00:00,5656.70000,5784.90000,5635.80000,5784.90000,28232
2020-05-05 00:00:00+00:00,5773.20000,5841.00000,5760.00000,5793.40000,23506
2020-05-06 00:00:00+00:00,5802.10000,5885.40000,5760.40000,5793.80000,25093
2020-05-07 00:00:00+00:00,5781.40000,5926.40000,5781.40000,5880.60000,20960
2020-05-11 00:00:00+00:00,5880.60000,5978.30000,5874.30000,5941.00000,17759
2020-05-12 00:00:00+00:00,5925.60000,5992.10000,5885.00000,5903.30000,21803
2020-05-13 00:00:00+00:00,5850.00000,5929.50000,5810.70000,5844.00000,29923
2020-05-14 00:00:00+00:00,5834.90000,5837.70000,5775.20000,5778.40000,8407
