time,open,high,low,close,volume
2005-01-02 00:00:00+00:00,653.03200,653.33200,652.83200,653.03200,10
2005-01-03 00:00:00+00:00,653.13200,659.33300,640.72500,644.42600,8868
2005-01-04 00:00:00+00:00,644.52600,646.22500,629.01800,630.51800,11228
2005-01-05 00:00:00+00:00,630.41800,631.11600,617.01000,618.41100,12801
2005-01-06 00:00:00+00:00,618.11000,626.51100,617.70800,620.70900,11190
2005-01-07 00:00:00+00:00,620.40800,624.20800,612.80300,613.10300,12089
2005-01-09 00:00:00+00:00,614.19800,614.49800,613.79700,613.89700,11
2005-01-10 00:00:00+00:00,614.09700,625.19900,612.79500,620.09600,12706
2005-01-11 00:00:00+00:00,620.49700,620.69700,610.49100,614.19200,11084
2005-01-12 00:00:00+00:00,614.09200,615.69000,604.88700,614.78900,12776
2005-01-13 00:00:00+00:00,614.68900,618.08800,609.28500,611.58500,11807
2005-01-14 00:00:00+00:00,611.38500,618.98500,611.38500,617.48400,8201
2005-01-16 00:00:00+00:00,617.97800,618.27800,617.97800,618.07800,5
2005-01-17 00:00:00+00:00,618.27800,619.27700,618.17700,618.87500,38
2005-01-18 00:00:00+00:00,618.57500,627.57500,615.57300,625.17400,10129
2005-01-19 00:00:00+00:00,625.37400,626.37300,611.76800,613.66800,10031
2005-01-20 00:00:00+00:00,613.76800,618.46700,611.46500,613.06500,13266
2005-01-21 00:00:00+00:00,612.96500,618.26400,609.46200,611.86200,11343
2005-01-23 00:00:00+00:00,612.25600,612.85600,612.05600,612.65600,24
2005-01-24 00:00:00+00:00,612.55600,615.65500,604.15200,607.15200,11738
2005-01-25 00:00:00+00:00,607.25200,614.05200,605.24900,608.64900,10199
2005-01-26 00:00:00+00:00,608.74900,617.14900,608.14800,615.44800,9938
2005-01-27 00:00:00+00:00,615.64800,621.94800,613.54600,619.14600,9794
2005-01-28 00:00:00+00:00,618.84600,619.54400,608.14100,616.64300,10990
2005-01-30 00:00:00+00:00,617.33700,620.53800,617.33700,620.13700,23
2005-01-31 00:00:00+00:00,619.83700,625.63600,618.33600,624.03500,9965
2005-02-01 00:00:00+00:00,623.93500,630.03500,623.23300,629.03400,8013
2005-02-02 00:00:00+00:00,628.63300,633.13200,627.43100,630.63100,7532
2005-02-03 00:00:00+00:00,630.73100,632.12900,625.42800,628.72700,8318
2005-02-04 00:00:00+00:00,628.82700,638.42700,626.72500,637.62700,8385
2005-02-06 00:00:00+00:00,637.62000,637.62000,637.62000,637.62000,1
2005-02-07 00:00:00+00:00,637.52000,640.81900,633.91700,637.11700,5998
2005-02-08 00:00:00+00:00,636.91700,640.21600,636.01500,638.01400,6032
2005-02-09 00:00:00+00:00,638.41400,640.61300,624.90900,625.40900,9580
2005-02-10 00:00:00+00:00,625.50900,629.10700,621.70600,625.60600,9216
2005-02-11 00:00:00+00:00,626.00600,636.60500,621.40300,636.40500,10938
2005-02-13 00:00:00+00:00,636.59900,636.89900,636.29900,636.39900,18
2005-02-14 00:00:00+00:00,636.49900,637.29700,631.29600,635.09600,6657
2005-02-15 00:00:00+00:00,634.99500,639.59400,631.99300,635.69300,7870
2005-02-16 00:00:00+00:00,635.89200,641.59100,630.99000,637.59000,8938
2005-02-17 00:00:00+00:00,637.69000,640.78800,631.18600,631.78600,9984
2005-02-18 00:00:00+00:00,632.08600,634.58400,627.28300,629.48300,8783
2005-02-20 00:00:00+00:00,630.27700,630.77700,630.27700,630.57700,5
2005-02-21 00:00:00+00:00,630.37700,630.67600,628.07500,628.97400,35
2005-02-22 00:00:00+00:00,628.87300,630.87200,617.57000,618.36900,11602
2005-02-23 00:00:00+00:00,618.46900,625.16800,617.66800,621.76700,9709
2005-02-24 00:00:00+00:00,621.66700,628.06500,615.96400,627.36400,10308
2005-02-25 00:00:00+00:00,627.06400,637.76300,626.16200,637.76300,7825
2005-02-27 00:00:00+00:00,637.85700,638.45700,637.55700,638.25700,10
2005-02-28 00:00:00+00:00,638.35600,638.95500,628.75300,634.05300,10210
2005-03-01 00:00:00+00:00,634.25300,640.25100,633.25200,637.55000,10342
2005-03-02 00:00:00+00:00,637.45000,643.54900,634.64800,637.14700,10384
2005-03-03 00:00:00+00:00,636.64700,641.84600,633.44500,638.04400,10786
2005-03-04 00:00:00+00:00,638.14400,646.64200,637.94400,645.64200,9294
2005-03-06 00:00:00+00:00,645.93600,646.83600,645.93600,646.83600,10
2005-03-07 00:00:00+00:00,646.73600,648.43400,642.83300,643.33200,8406
2005-03-08 00:00:00+00:00,643.23200,645.53100,637.22900,637.72900,9479
2005-03-09 00:00:00+00:00,638.02900,639.52800,630.60000,630.80100,11780
2005-03-10 00:00:00+00:00,630.80300,632.61200,624.33500,629.02700,7471
2005-03-11 00:00:00+00:00,629.12700,632.52900,623.76000,627.15100,9043
2005-03-13 00:00:00+00:00,627.59100,627.89000,627.09200,627.09300,7
2005-03-14 00:00:00+00:00,627.19300,632.79400,625.61300,631.99800,8073
2005-03-15 00:00:00+00:00,632.09900,635.79900,625.73400,627.53200,9336
2005-03-16 00:00:00+00:00,627.23300,630.03200,620.86900,623.76300,9429
2005-03-17 00:00:00+00:00,623.96200,627.17000,620.28600,623.78200,8296
2005-03-18 00:00:00+00:00,623.68300,624.79200,618.11500,620.11100,9837
2005-03-20 00:00:00+00:00,620.75000,621.34900,620.75000,621.04900,10
2005-03-21 00:00:00+00:00,621.25000,622.65800,616.57600,621.06900,6840
2005-03-22 00:00:00+00:00,620.97100,628.46500,614.30600,616.80100,9487
2005-03-23 00:00:00+00:00,616.80200,617.90900,611.13300,612.33300,8907
2005-03-24 00:00:00+00:00,612.33400,619.82700,611.73700,614.54500,6805
2005-03-27 00:00:00+00:00,615.70200,615.90100,615.30300,615.60300,4
2005-03-28 00:00:00+00:00,615.80200,618.70700,613.42200,615.52200,6082
2005-03-29 00:00:00+00:00,615.62200,619.32600,603.07100,606.46500,9744
2005-03-30 00:00:00+00:00,606.26600,614.86100,606.07800,614.46400,8236
2005-03-31 00:00:00+00:00,614.46600,616.47100,611.18900,613.88500,8187
2005-04-01 00:00:00+00:00,613.98600,621.27900,607.81500,611.80800,11346
2005-04-03 00:00:00+00:00,611.94700,611.94700,611.05000,611.05000,11
2005-04-04 00:00:00+00:00,611.45100,615.65600,605.87500,614.66100,9018
2005-04-05 00:00:00+00:00,614.96100,616.96800,612.38200,615.17900,8389
2005-04-06 00:00:00+00:00,615.38000,621.77800,615.38000,617.09500,8879
2005-04-07 00:00:00+00:00,616.99600,621.49900,613.01600,619.70900,8230
2005-04-08 00:00:00+00:00,619.21000,620.21900,609.34900,609.44900,8546
2005-04-10 00:00:00+00:00,609.38900,609.68900,609.28900,609.49000,9
2005-04-11 00:00:00+00:00,609.29100,611.59700,602.82200,606.31500,7151
2005-04-12 00:00:00+00:00,606.61600,614.41500,600.14400,613.12100,11524
2005-04-13 00:00:00+00:00,612.82200,613.53100,600.96300,601.76400,10943
2005-04-14 00:00:00+00:00,601.96500,604.27000,587.51000,589.20900,13557
2005-04-15 00:00:00+00:00,589.30900,593.21200,578.64600,581.64000,16341
2005-04-17 00:00:00+00:00,582.97600,582.97600,580.38200,580.98100,21
2005-04-18 00:00:00+00:00,580.68200,587.48300,576.29700,586.19000,16427
2005-04-19 00:00:00+00:00,586.68900,598.08600,581.80700,597.48700,11604
2005-04-20 00:00:00+00:00,597.88700,599.28500,584.12700,586.02600,16684
2005-04-21 00:00:00+00:00,585.72800,600.21700,584.63000,599.02200,13222
2005-04-22 00:00:00+00:00,598.92300,599.42700,583.76500,590.75300,14134
2005-04-24 00:00:00+00:00,590.69200,591.79100,590.69200,590.79400,16
2005-04-25 00:00:00+00:00,590.89400,596.79900,590.30000,596.00300,12638
2005-04-26 00:00:00+00:00,596.00500,599.01100,586.53500,587.03800,14686
2005-04-27 00:00:00+00:00,587.13800,590.94500,579.36100,587.35500,14706
2005-04-28 00:00:00+00:00,586.65800,586.96200,571.89600,572.89700,14607
2005-04-29 00:00:00+00:00,572.69800,579.99600,567.81600,578.70400,17354
2005-05-01 00:00:00+00:00,579.54100,579.94000,579.14100,579.64200,21
2005-05-02 00:00:00+00:00,579.24300,585.54900,578.25800,585.05200,11374
2005-05-03 00:00:00+00:00,584.95300,589.36100,581.07300,587.56700,14512
2005-05-04 00:00:00+00:00,587.86800,595.47200,584.98200,593.37800,10584
2005-05-05 00:00:00+00:00,593.47900,598.78200,590.19600,594.29600,14478
2005-05-06 00:00:00+00:00,594.79500,601.89600,593.60900,596.01000,9929
2005-05-08 00:00:00+00:00,596.54800,597.04900,596.25000,596.45000,24
2005-05-09 00:00:00+00:00,596.85000,602.75800,593.26500,601.86200,9036
2005-05-10 00:00:00+00:00,601.76300,602.06600,592.98800,595.48900,10162
2005-05-11 00:00:00+00:00,595.18900,598.99200,587.41100,596.10700,14593
2005-05-12 00:00:00+00:00,595.90800,598.01700,584.63500,586.73700,13518
2005-05-13 00:00:00+00:00,586.83700,588.94700,577.16200,583.15600,14007
2005-05-15 00:00:00+00:00,583.39500,583.39500,582.39600,582.49700,23
2005-05-16 00:00:00+00:00,582.39700,592.80200,582.39700,592.10600,10021
2005-05-17 00:00:00+00:00,591.90600,596.71800,586.92300,596.12000,10800
2005-05-18 00:00:00+00:00,595.92100,608.32600,594.82800,607.52900,10116
2005-05-19 00:00:00+00:00,607.42900,611.63700,606.34500,609.94600,10057
2005-05-20 00:00:00+00:00,609.74700,610.16100,604.76300,608.36400,7472
2005-05-22 00:00:00+00:00,608.60400,608.60400,608.00600,608.20600,5
2005-05-23 00:00:00+00:00,608.40600,615.61500,608.00700,613.52100,8464
2005-05-24 00:00:00+00:00,613.02200,614.23600,609.33600,610.94200,9552
2005-05-25 00:00:00+00:00,611.14300,612.95000,604.35900,606.56500,7600
2005-05-26 00:00:00+00:00,606.46500,614.97500,606.46500,614.37800,6536
2005-05-27 00:00:00+00:00,614.28000,618.39300,611.99200,618.39300,4599
2005-05-29 00:00:00+00:00,618.73300,620.53200,618.23400,618.23400,21
2005-05-30 00:00:00+00:00,618.23600,620.34600,617.54200,618.45500,92
2005-05-31 00:00:00+00:00,618.75500,620.07000,614.57300,616.07500,7381
2005-06-01 00:00:00+00:00,616.37600,625.58600,615.58700,623.89100,9955
2005-06-02 00:00:00+00:00,624.19200,626.40400,621.30400,625.10900,7142
2005-06-03 00:00:00+00:00,625.01300,627.12100,618.52700,620.92900,8462
2005-06-05 00:00:00+00:00,620.97000,620.97000,620.67100,620.67100,6
2005-06-06 00:00:00+00:00,620.77200,623.68700,618.18500,622.79000,5683
2005-06-07 00:00:00+00:00,622.89100,631.80000,622.59200,623.80900,9407
2005-06-08 00:00:00+00:00,623.91000,626.72100,619.02700,620.00000,7192
2005-06-09 00:00:00+00:00,618.41500,627.19700,616.52700,625.40600,7671
2005-06-10 00:00:00+00:00,625.60600,628.50700,623.92600,627.91600,6692
2005-06-12 00:00:00+00:00,627.76100,627.96000,627.56200,627.56200,9
2005-06-13 00:00:00+00:00,627.76300,631.36400,624.38600,629.97600,7644
2005-06-14 00:00:00+00:00,630.07700,635.67700,627.69600,635.28100,8882
2005-06-15 00:00:00+00:00,635.08200,639.78500,629.41300,637.59500,9033
2005-06-16 00:00:00+00:00,638.09400,644.39200,636.21200,642.80100,7720
2005-06-17 00:00:00+00:00,643.10000,649.39300,642.01800,643.21800,8303
2005-06-19 00:00:00+00:00,643.06400,643.26400,642.66500,642.66700,15
2005-06-20 00:00:00+00:00,642.86700,644.77800,640.08900,642.09000,7159
2005-06-21 00:00:00+00:00,641.89200,644.49600,640.01000,643.40800,7522
2005-06-22 00:00:00+00:00,643.40900,646.80700,639.43400,645.02500,8232
2005-06-23 00:00:00+00:00,644.92700,645.62800,632.97900,633.58000,9576
2005-06-24 00:00:00+00:00,633.38100,634.78900,625.32100,627.11700,10015
2005-06-26 00:00:00+00:00,627.85900,627.86000,627.06200,627.26200,18
2005-06-27 00:00:00+00:00,626.76400,630.36800,625.58000,630.07600,7658
2005-06-28 00:00:00+00:00,629.77800,644.45600,629.58000,642.46300,7135
2005-06-29 00:00:00+00:00,642.46400,644.67300,640.68500,643.18400,6600
2005-06-30 00:00:00+00:00,643.28400,647.39000,638.31500,640.41200,8475
2005-07-01 00:00:00+00:00,640.71300,645.01900,638.83200,644.72000,5921
2005-07-03 00:00:00+00:00,644.66600,644.76600,644.66600,644.76600,2
2005-07-04 00:00:00+00:00,644.56900,646.27700,643.77700,644.29000,68
2005-07-05 00:00:00+00:00,644.39100,654.58400,641.90800,654.28700,7564
2005-07-06 00:00:00+00:00,654.18800,655.89700,648.02400,648.32400,8236
2005-07-07 00:00:00+00:00,648.32500,651.73800,631.17600,650.94000,13154
2005-07-08 00:00:00+00:00,651.63900,664.32700,649.65600,663.92800,8715
2005-07-10 00:00:00+00:00,664.27400,664.27400,663.47600,663.97600,15
2005-07-11 00:00:00+00:00,663.97800,673.96900,663.47900,672.37900,9930
2005-07-12 00:00:00+00:00,671.98100,675.89100,668.00400,670.30700,9870
2005-07-13 00:00:00+00:00,670.50800,672.81500,666.13100,669.23300,9421
2005-07-14 00:00:00+00:00,669.23500,675.13300,662.26600,663.56800,10075
2005-07-15 00:00:00+00:00,663.66800,666.08100,658.59200,664.68500,7861
2005-07-17 00:00:00+00:00,664.73100,664.73100,664.13300,664.53300,9
2005-07-18 00:00:00+00:00,664.63400,665.24500,658.16200,661.56200,7995
2005-07-19 00:00:00+00:00,661.26400,670.56300,661.06500,666.87400,8866
2005-07-20 00:00:00+00:00,666.77500,679.36800,665.88900,677.57600,11173
2005-07-21 00:00:00+00:00,677.47600,682.47700,666.01900,667.01900,15698
2005-07-22 00:00:00+00:00,666.72000,678.61600,666.42700,677.91800,10486
2005-07-24 00:00:00+00:00,677.46600,677.46700,676.37000,676.66900,30
2005-07-25 00:00:00+00:00,677.06900,681.07600,670.30000,672.89900,10570
2005-07-26 00:00:00+00:00,673.09900,677.70900,670.12000,674.81800,11995
2005-07-27 00:00:00+00:00,674.82100,677.22700,668.54400,676.14000,11485
2005-07-28 00:00:00+00:00,676.04000,683.84600,674.25700,683.65000,8812
2005-07-29 00:00:00+00:00,683.15100,686.35900,678.47600,682.37200,9241
2005-07-31 00:00:00+00:00,682.12000,683.31800,681.82100,682.02200,46
2005-08-01 00:00:00+00:00,682.12200,686.53300,681.03800,683.14200,9452
2005-08-02 00:00:00+00:00,683.24400,689.05400,683.14500,687.16100,9060
2005-08-03 00:00:00+00:00,687.36100,687.66100,682.48200,684.28800,7460
2005-08-04 00:00:00+00:00,684.38800,684.38800,671.62600,673.22700,7098
2005-08-05 00:00:00+00:00,673.22900,674.23700,660.36100,663.66000,8458
2005-08-07 00:00:00+00:00,664.20600,664.20600,663.30800,664.00800,15
2005-08-08 00:00:00+00:00,663.41000,667.31700,658.83300,660.83500,7694
2005-08-09 00:00:00+00:00,660.73600,664.24800,658.05700,661.55600,7742
2005-08-10 00:00:00+00:00,661.65700,669.46100,655.78200,661.27900,11542
2005-08-11 00:00:00+00:00,661.18000,667.39000,658.79600,665.69600,10580
2005-08-12 00:00:00+00:00,665.79700,666.20100,654.62600,658.32400,10273
2005-08-14 00:00:00+00:00,659.56900,659.56900,658.27100,658.77100,17
2005-08-15 00:00:00+00:00,658.57200,668.27800,655.98800,666.28600,10516
2005-08-16 00:00:00+00:00,666.18700,666.78700,653.91800,655.02100,10027
2005-08-17 00:00:00+00:00,654.72100,659.23300,650.63700,654.04400,10407
2005-08-18 00:00:00+00:00,653.94400,654.75900,647.86300,650.96800,10093
2005-08-19 00:00:00+00:00,650.67000,654.88000,650.18300,654.28500,6517
2005-08-21 00:00:00+00:00,654.03100,654.93100,653.43100,654.03300,32
2005-08-22 00:00:00+00:00,654.23300,658.54800,651.85000,658.45100,10919
2005-08-23 00:00:00+00:00,658.55100,659.26300,651.77200,658.07400,8777
2005-08-24 00:00:00+00:00,657.57500,663.38700,652.09600,654.89900,10998
2005-08-25 00:00:00+00:00,655.19900,659.90900,654.91200,658.91800,8296
2005-08-26 00:00:00+00:00,659.11800,659.62600,647.34100,648.34400,9898
2005-08-28 00:00:00+00:00,647.59000,647.59000,642.19400,643.49500,137
2005-08-29 00:00:00+00:00,643.89500,657.20700,642.09900,656.30900,8804
2005-08-30 00:00:00+00:00,656.20900,656.81500,649.93000,652.03400,12343
2005-08-31 00:00:00+00:00,652.13400,668.04400,651.73800,667.04800,13077
2005-09-01 00:00:00+00:00,666.94800,671.56000,664.76600,667.47000,11021
2005-09-02 00:00:00+00:00,667.17100,670.58200,661.89100,664.89100,8222
2005-09-04 00:00:00+00:00,664.43800,665.43800,664.43800,665.43800,15
2005-09-05 00:00:00+00:00,664.94000,667.35200,664.84500,666.86000,83
2005-09-06 00:00:00+00:00,666.56100,674.87700,665.47400,674.18100,7788
2005-09-07 00:00:00+00:00,674.28100,677.49900,671.49600,676.10400,6795
2005-09-08 00:00:00+00:00,675.70800,676.22300,670.55600,672.95100,5543
2005-09-09 00:00:00+00:00,672.75300,679.24900,672.65400,677.65600,5415
2005-09-11 00:00:00+00:00,678.21900,678.71800,678.01900,678.71800,20
2005-09-12 00:00:00+00:00,678.81900,683.92100,676.14800,679.84500,6670
2005-09-13 00:00:00+00:00,679.74600,679.85500,672.39700,675.49400,8988
2005-09-14 00:00:00+00:00,675.09700,676.40900,666.16100,667.66000,8021
2005-09-15 00:00:00+00:00,667.76000,669.47000,663.69700,665.59800,7813
2005-09-16 00:00:00+00:00,665.50000,673.19300,665.00500,671.99800,7286
2005-09-18 00:00:00+00:00,671.36500,671.86300,670.86800,671.06900,19
2005-09-19 00:00:00+00:00,671.26800,672.97900,666.01400,668.70900,6412
2005-09-20 00:00:00+00:00,668.71000,672.11400,658.47500,659.37700,9411
2005-09-21 00:00:00+00:00,659.57600,660.28300,648.05100,648.45000,10774
2005-09-22 00:00:00+00:00,648.35100,653.85300,643.18800,650.87000,13361
2005-09-23 00:00:00+00:00,651.07000,657.46900,646.70400,656.67400,9373
2005-09-25 00:00:00+00:00,658.52900,660.92100,658.52900,659.92700,44
2005-09-26 00:00:00+00:00,659.72800,663.23500,656.46300,660.75300,10908
2005-09-27 00:00:00+00:00,660.65600,663.46800,654.39900,658.69100,11388
2005-09-28 00:00:00+00:00,659.09100,662.19200,652.13800,657.52600,11650
2005-09-29 00:00:00+00:00,657.62700,666.02100,652.66200,665.02900,11705
2005-09-30 00:00:00+00:00,665.32900,668.94000,662.75600,667.94600,9829
2005-10-02 00:00:00+00:00,668.70700,669.10600,668.30800,668.90800,30
2005-10-03 00:00:00+00:00,669.00800,675.00600,667.82100,672.12800,11556
2005-10-04 00:00:00+00:00,672.22800,675.83800,661.69300,662.19200,11618
2005-10-05 00:00:00+00:00,662.29200,663.00600,644.87500,645.37700,16016
2005-10-06 00:00:00+00:00,645.77700,649.68300,632.84300,640.92100,20846
2005-10-07 00:00:00+00:00,640.82300,646.72700,639.44200,644.63500,13049
2005-10-09 00:00:00+00:00,645.29500,645.89500,644.99600,645.89500,16
2005-10-10 00:00:00+00:00,645.69700,648.60200,637.14600,639.04500,10519
2005-10-11 00:00:00+00:00,638.84700,643.35000,627.40900,627.61000,15878
2005-10-12 00:00:00+00:00,627.70900,632.11300,616.46200,620.85800,21565
2005-10-13 00:00:00+00:00,620.95900,625.07000,614.39700,623.18000,21588
2005-10-14 00:00:00+00:00,623.38000,633.87300,620.70500,632.77700,18095
2005-10-16 00:00:00+00:00,633.03700,633.73500,632.93900,633.43800,14
2005-10-17 00:00:00+00:00,633.03900,636.94500,625.97900,634.26500,14216
2005-10-18 00:00:00+00:00,634.36400,636.16800,624.51800,625.21800,14960
2005-10-19 00:00:00+00:00,624.91900,638.80600,617.35800,638.01300,20523
2005-10-20 00:00:00+00:00,638.11300,639.62600,622.27800,625.97300,23615
2005-10-21 00:00:00+00:00,626.07400,637.36600,625.97400,633.37900,18850
2005-10-23 00:00:00+00:00,633.93800,634.53700,633.93800,634.33900,11
2005-10-24 00:00:00+00:00,633.94200,647.23300,632.84900,646.83800,15897
2005-10-25 00:00:00+00:00,646.93800,647.65400,636.38500,643.27600,15854
2005-10-26 00:00:00+00:00,643.47600,649.18200,636.71600,638.51700,17587
2005-10-27 00:00:00+00:00,638.31800,638.82000,622.97600,624.17900,14745
2005-10-28 00:00:00+00:00,624.57800,636.27600,623.69100,633.88200,16193
2005-10-30 00:00:00+00:00,634.64200,635.24000,634.64200,634.74200,11
2005-10-31 00:00:00+00:00,634.54300,649.43700,634.34400,641.25800,15001
2005-11-01 00:00:00+00:00,641.15800,647.27000,639.87900,645.27900,17078
2005-11-02 00:00:00+00:00,645.48100,657.88300,641.90400,657.08500,15278
2005-11-03 00:00:00+00:00,657.38500,665.18800,655.70500,659.90900,14380
2005-11-04 00:00:00+00:00,659.81100,661.42500,653.24800,658.73900,12721
2005-11-06 00:00:00+00:00,659.00100,659.10100,658.60300,658.80300,10
2005-11-07 00:00:00+00:00,658.50400,664.41800,656.32800,660.42900,12622
2005-11-08 00:00:00+00:00,660.43000,661.14400,654.46000,659.06300,13259
2005-11-09 00:00:00+00:00,659.16300,664.97600,654.98900,660.69000,12463
2005-11-10 00:00:00+00:00,660.89200,666.30600,651.22600,664.31500,14759
2005-11-11 00:00:00+00:00,664.21500,668.83400,663.43500,668.03600,7433
2005-11-13 00:00:00+00:00,668.49900,668.69900,668.10000,668.30000,12
2005-11-14 00:00:00+00:00,668.10100,669.31700,661.63600,664.93600,10738
2005-11-15 00:00:00+00:00,665.03600,666.25600,655.17500,656.17800,15272
2005-11-16 00:00:00+00:00,656.37900,658.59400,649.40800,656.20800,13305
2005-11-17 00:00:00+00:00,656.00900,667.82000,655.21700,666.72500,10734
2005-11-18 00:00:00+00:00,667.02500,674.03500,666.32600,672.04600,10704
2005-11-20 00:00:00+00:00,672.10900,672.21000,672.01000,672.01100,17
2005-11-21 00:00:00+00:00,672.11100,680.12800,668.63400,679.23300,10433
2005-11-22 00:00:00+00:00,678.73400,684.45400,676.25600,681.76200,9675
2005-11-23 00:00:00+00:00,681.66200,686.78200,680.78200,682.89200,6879
2005-11-24 00:00:00+00:00,682.69200,682.90300,675.31100,682.12400,140
2005-11-25 00:00:00+00:00,682.02400,684.74500,681.14500,683.04700,2340
2005-11-27 00:00:00+00:00,682.91600,683.31700,682.51600,683.21700,10
2005-11-28 00:00:00+00:00,682.91800,685.23100,671.35300,673.35600,9698
2005-11-29 00:00:00+00:00,673.15700,678.87100,671.68200,675.28600,11657
2005-11-30 00:00:00+00:00,675.58600,680.80300,672.50300,677.71500,14173
2005-12-01 00:00:00+00:00,678.01500,691.63200,678.01500,689.03800,11296
2005-12-02 00:00:00+00:00,689.13900,691.26500,684.26500,691.06500,10152
2005-12-04 00:00:00+00:00,691.43100,691.43100,690.83100,691.13200,16
2005-12-05 00:00:00+00:00,690.93300,692.04500,682.25800,686.86500,9236
2005-12-06 00:00:00+00:00,686.66600,693.68700,685.67600,688.19700,10917
2005-12-07 00:00:00+00:00,687.99700,689.01100,680.32500,684.20700,13302
2005-12-08 00:00:00+00:00,684.10900,690.69500,679.38500,684.35700,10755
2005-12-09 00:00:00+00:00,684.25900,690.35600,682.00800,688.67200,10603
2005-12-11 00:00:00+00:00,689.17500,689.47400,688.58000,689.07700,18
2005-12-12 00:00:00+00:00,689.27700,692.48500,685.44400,689.92300,10482
2005-12-13 00:00:00+00:00,690.02300,692.64600,685.49600,691.06600,8813
2005-12-14 00:00:00+00:00,691.06800,693.59100,686.13600,689.53000,11141
2005-12-15 00:00:00+00:00,689.43100,690.65100,679.33300,683.22400,13172
2005-12-16 00:00:00+00:00,683.12600,688.22100,679.69400,679.99200,8365
2005-12-18 00:00:00+00:00,680.59400,680.69300,680.19800,680.49600,9
2005-12-19 00:00:00+00:00,680.69500,682.11200,669.91000,671.50600,9047
2005-12-20 00:00:00+00:00,671.60600,676.80800,667.16600,671.25800,10625
2005-12-21 00:00:00+00:00,671.65700,681.52900,671.55900,679.45400,11199
2005-12-22 00:00:00+00:00,679.55500,685.26500,677.89900,684.67400,8682
2005-12-23 00:00:00+00:00,684.37800,686.79200,683.81300,685.51400,4130
2005-12-26 00:00:00+00:00,686.16800,687.56100,686.16800,686.96500,11
2005-12-27 00:00:00+00:00,686.86600,688.68600,673.88900,676.77700,9327
2005-12-28 00:00:00+00:00,676.87800,681.39300,673.82800,679.21400,7195
2005-12-29 00:00:00+00:00,679.21600,681.93900,675.58000,676.18100,7115
2005-12-30 00:00:00+00:00,676.58000,676.68900,668.65600,671.35500,7378
2006-01-02 00:00:00+00:00,673.29800,674.59200,673.29800,673.99600,41
2006-01-03 00:00:00+00:00,673.89700,685.67600,664.48100,684.49000,16151
2006-01-04 00:00:00+00:00,684.68900,690.19600,682.53300,687.62400,14216
2006-01-05 00:00:00+00:00,687.52600,692.64600,686.15200,692.44900,10952
2006-01-06 00:00:00+00:00,692.35200,700.95000,690.99100,700.15600,10383
2006-01-08 00:00:00+00:00,700.16500,700.46400,699.76700,699.86800,25
2006-01-09 00:00:00+00:00,700.06800,708.26900,699.67500,704.10000,10685
2006-01-10 00:00:00+00:00,704.20000,711.21200,701.14500,710.32200,11834
2006-01-11 00:00:00+00:00,710.22300,712.13900,704.59000,710.07600,12495
2006-01-12 00:00:00+00:00,709.97800,712.10600,705.14400,707.93800,9684
2006-01-13 00:00:00+00:00,707.94000,709.47600,704.79400,708.08600,7683
2006-01-15 00:00:00+00:00,707.89700,708.09600,707.30000,707.30100,13
2006-01-16 00:00:00+00:00,707.30200,709.92600,706.71000,709.82700,105
2006-01-17 00:00:00+00:00,709.85400,709.85400,699.13900,699.93900,10194
2006-01-18 00:00:00+00:00,699.84000,704.96300,696.46500,704.37300,13044
2006-01-19 00:00:00+00:00,704.27400,716.46300,703.60100,714.38300,10148
2006-01-20 00:00:00+00:00,714.28400,716.00900,702.87700,706.56300,14256
2006-01-22 00:00:00+00:00,705.97500,706.27400,703.58600,705.18000,109
2006-01-23 00:00:00+00:00,705.37900,710.59600,704.91400,707.92200,12588
2006-01-24 00:00:00+00:00,708.02200,719.52200,708.02200,717.03900,11837
2006-01-25 00:00:00+00:00,717.23900,721.05800,712.59900,718.18900,13680
2006-01-26 00:00:00+00:00,718.09000,731.58900,718.09000,731.19500,9673
2006-01-27 00:00:00+00:00,731.09500,737.40700,727.44200,732.83700,9355
2006-01-29 00:00:00+00:00,732.35200,732.65300,731.55500,732.65300,23
2006-01-30 00:00:00+00:00,732.45400,734.98600,729.81100,730.81400,7767
2006-01-31 00:00:00+00:00,730.71500,734.74800,725.98200,728.27700,11117
2006-02-01 00:00:00+00:00,728.47700,737.19500,727.39900,736.10600,10467
2006-02-02 00:00:00+00:00,736.30600,736.61900,721.49100,724.89600,13803
2006-02-03 00:00:00+00:00,725.19700,729.72400,719.74800,722.55200,13172
2006-02-05 00:00:00+00:00,722.86300,723.36300,722.26500,723.26400,26
2006-02-06 00:00:00+00:00,723.06500,729.99700,719.61000,729.20100,10540
2006-02-07 00:00:00+00:00,729.10200,730.53100,716.08100,718.38600,14979
2006-02-08 00:00:00+00:00,718.18700,722.72100,713.03700,720.63300,11549
2006-02-09 00:00:00+00:00,720.53400,727.95400,717.08900,718.09400,11719
2006-02-10 00:00:00+00:00,717.59500,719.31600,708.15500,715.74800,13238
2006-02-12 00:00:00+00:00,716.05800,716.35700,715.85800,715.96000,20
2006-02-13 00:00:00+00:00,715.76100,715.86100,708.02400,712.02200,11313
2006-02-14 00:00:00+00:00,712.12300,722.54200,707.56600,719.35900,12822
2006-02-15 00:00:00+00:00,719.45900,725.89400,716.09900,725.79800,12993
2006-02-16 00:00:00+00:00,725.70000,732.73200,725.33500,732.13900,10771
2006-02-17 00:00:00+00:00,732.23900,733.48200,727.28400,730.49100,7901
2006-02-19 00:00:00+00:00,730.30400,730.30600,729.90500,730.20600,10
2006-02-20 00:00:00+00:00,730.20900,730.95800,729.72700,730.16100,78
2006-02-21 00:00:00+00:00,730.26400,733.88800,722.71900,727.82000,10294
2006-02-22 00:00:00+00:00,727.92000,734.45500,723.76100,732.46600,11028
2006-02-23 00:00:00+00:00,732.16700,737.10400,727.80800,732.12100,10141
2006-02-24 00:00:00+00:00,731.72200,737.96100,728.66000,737.76100,11061
2006-02-26 00:00:00+00:00,737.57500,738.47600,737.47600,738.47600,23
2006-02-27 00:00:00+00:00,738.57600,743.40800,737.61100,740.12900,9583
2006-02-28 00:00:00+00:00,740.03000,740.65800,727.09400,730.09600,13929
2006-03-01 00:00:00+00:00,730.09800,743.33000,729.90100,742.83600,10135
2006-03-02 00:00:00+00:00,742.93700,743.74800,735.08600,740.99300,12902
2006-03-03 00:00:00+00:00,741.09400,745.63200,734.73300,735.84800,14699
2006-03-05 00:00:00+00:00,736.36100,737.06200,735.76200,736.76300,50
2006-03-06 00:00:00+00:00,736.86300,738.99900,728.51500,730.12300,13714
2006-03-07 00:00:00+00:00,730.22300,730.52400,718.47600,720.08500,13057
2006-03-08 00:00:00+00:00,719.98500,724.12700,712.72700,722.70500,15581
2006-03-09 00:00:00+00:00,722.21100,727.10700,716.30000,716.50400,10119
2006-03-10 00:00:00+00:00,716.60300,727.86900,714.05400,727.57100,13183
2006-03-12 00:00:00+00:00,726.68900,727.68200,726.68900,727.38600,33
2006-03-13 00:00:00+00:00,727.18800,735.36500,726.14000,728.53200,12620
2006-03-14 00:00:00+00:00,728.43300,737.81500,724.19700,736.72900,14505
2006-03-15 00:00:00+00:00,736.82900,744.22600,734.68100,743.43800,12385
2006-03-16 00:00:00+00:00,743.63700,749.63600,742.39400,743.09500,12557
2006-03-17 00:00:00+00:00,742.79700,747.80400,741.43800,745.03100,10374
2006-03-19 00:00:00+00:00,745.44200,745.44200,744.64800,745.14600,21
2006-03-20 00:00:00+00:00,745.34500,748.07500,741.20800,745.10100,11698
2006-03-21 00:00:00+00:00,745.20100,750.70400,733.52800,734.22600,15397
2006-03-22 00:00:00+00:00,734.42400,746.69400,732.86700,745.60800,15210
2006-03-23 00:00:00+00:00,745.31000,748.94000,741.86700,748.84300,13392
2006-03-24 00:00:00+00:00,748.54500,755.35200,746.88900,755.35200,10596
2006-03-26 00:00:00+00:00,755.36700,755.76600,755.07100,755.27000,19
2006-03-27 00:00:00+00:00,755.37000,756.59400,750.23800,754.92800,8912
2006-03-28 00:00:00+00:00,754.82900,759.24300,749.20900,751.80200,11290
2006-03-29 00:00:00+00:00,751.90100,765.86900,751.80200,764.78200,10869
2006-03-30 00:00:00+00:00,764.88200,768.49700,759.35200,764.04300,13042
2006-03-31 00:00:00+00:00,763.74500,766.47900,759.01500,765.98200,11897
2006-04-02 00:00:00+00:00,766.79200,766.99600,765.79800,766.59800,76
2006-04-03 00:00:00+00:00,766.79700,770.81000,758.98900,759.39300,12599
2006-04-04 00:00:00+00:00,759.29400,766.59300,757.03800,763.72600,14264
2006-04-05 00:00:00+00:00,763.92800,768.34700,758.59000,766.46700,13601
2006-04-06 00:00:00+00:00,766.86700,768.90300,761.53300,768.31400,11450
2006-04-07 00:00:00+00:00,768.21600,775.01000,754.72500,755.82700,16743
2006-04-09 00:00:00+00:00,756.04100,756.04200,754.15400,754.25500,49
2006-04-10 00:00:00+00:00,754.45400,760.66100,750.91500,755.30400,11649
2006-04-11 00:00:00+00:00,755.10700,756.73000,740.02400,741.92500,12872
2006-04-12 00:00:00+00:00,741.82600,752.22300,740.55700,750.04100,12592
2006-04-13 00:00:00+00:00,749.74300,755.35300,743.20500,751.58100,12122
2006-04-16 00:00:00+00:00,752.14800,752.45000,751.55100,752.35200,22
2006-04-17 00:00:00+00:00,752.15300,755.37200,744.72700,750.71500,12297
2006-04-18 00:00:00+00:00,750.61500,774.16200,750.61500,772.67500,15222
2006-04-19 00:00:00+00:00,772.37700,779.69800,768.52800,778.60700,15081
2006-04-20 00:00:00+00:00,778.70700,780.23100,768.08800,774.68000,15658
2006-04-21 00:00:00+00:00,774.88100,779.69300,768.35100,772.43800,13896
2006-04-23 00:00:00+00:00,772.55600,773.05700,772.25700,772.85800,28
2006-04-24 00:00:00+00:00,772.76000,772.78900,763.13300,766.64000,10779
2006-04-25 00:00:00+00:00,766.54100,768.06600,760.40100,766.89500,16374
2006-04-26 00:00:00+00:00,767.09700,773.10600,763.45400,766.35400,14131
2006-04-27 00:00:00+00:00,766.55400,772.37100,754.33000,758.73800,27517
2006-04-28 00:00:00+00:00,759.03800,769.03400,756.27800,766.65700,15920
2006-04-30 00:00:00+00:00,766.77300,767.37100,766.37500,766.67700,24
2006-05-01 00:00:00+00:00,766.67800,772.09200,757.85600,759.15900,17846
2006-05-02 00:00:00+00:00,758.86100,768.97600,758.66300,768.48500,14011
2006-05-03 00:00:00+00:00,768.28600,770.42600,762.04900,766.84700,15463
2006-05-04 00:00:00+00:00,767.04800,776.46400,765.68000,776.17400,12569
2006-05-05 00:00:00+00:00,775.97500,785.78900,775.87600,781.10700,11867
2006-05-07 00:00:00+00:00,781.22600,781.72500,781.22600,781.53000,22
2006-05-08 00:00:00+00:00,781.43100,783.56900,778.57500,781.08800,8631
2006-05-09 00:00:00+00:00,780.79100,783.42000,778.82800,780.14600,6528
2006-05-10 00:00:00+00:00,780.25100,780.85600,772.11500,776.01600,12586
2006-05-11 00:00:00+00:00,776.12000,778.83400,756.91500,758.42000,15680
2006-05-12 00:00:00+00:00,758.22100,758.32200,739.61500,739.91400,20759
2006-05-14 00:00:00+00:00,739.72700,739.82700,736.73500,737.73700,74
2006-05-15 00:00:00+00:00,738.13600,741.86000,729.49700,737.59100,22756
2006-05-16 00:00:00+00:00,737.49200,743.20900,734.11700,737.84500,14550
2006-05-17 00:00:00+00:00,737.84600,741.05400,723.31200,724.82700,26254
2006-05-18 00:00:00+00:00,725.02700,733.24000,715.49600,716.79700,19813
2006-05-19 00:00:00+00:00,716.99800,726.31700,710.14400,723.92700,28993
2006-05-21 00:00:00+00:00,724.33700,725.93600,724.33700,725.83800,34
2006-05-22 00:00:00+00:00,725.63900,726.03900,705.21100,716.00900,31338
2006-05-23 00:00:00+00:00,716.10900,728.42000,700.98100,701.88600,23650
2006-05-24 00:00:00+00:00,702.08600,717.99000,695.03600,712.22100,43494
2006-05-25 00:00:00+00:00,711.62200,727.64800,709.64300,727.14900,23612
2006-05-26 00:00:00+00:00,727.34900,731.87000,724.48700,730.98900,15010
2006-05-28 00:00:00+00:00,730.30100,731.20100,729.20300,730.90400,18
2006-05-29 00:00:00+00:00,730.80500,731.62400,729.14100,729.85900,70
2006-05-30 00:00:00+00:00,729.56000,730.16800,709.13300,710.43600,19449
2006-05-31 00:00:00+00:00,710.33700,723.37300,705.45900,722.87500,23690
2006-06-01 00:00:00+00:00,723.27400,738.00300,718.30100,736.81300,17084
2006-06-02 00:00:00+00:00,736.91400,743.23600,731.25400,737.45800,19794
2006-06-04 00:00:00+00:00,737.17000,737.37300,736.87200,737.07400,15
2006-06-05 00:00:00+00:00,737.17500,737.17500,712.63900,715.54600,21439
2006-06-06 00:00:00+00:00,715.44600,717.76300,702.09000,713.89900,31480
2006-06-07 00:00:00+00:00,713.60000,722.12900,703.42500,704.72000,28583
2006-06-08 00:00:00+00:00,703.73200,707.55100,683.46300,705.77800,36913
2006-06-09 00:00:00+00:00,705.67900,714.43900,697.21300,698.10500,26650
2006-06-11 00:00:00+00:00,698.43800,698.83700,697.74500,698.04600,32
2006-06-12 00:00:00+00:00,698.24500,703.02200,682.14300,683.83800,30631
2006-06-13 00:00:00+00:00,683.93800,692.30100,669.71700,670.02400,41035
2006-06-14 00:00:00+00:00,669.82600,679.87600,667.57900,678.71100,37469
2006-06-15 00:00:00+00:00,678.91000,703.55100,678.61300,701.48000,24085
2006-06-16 00:00:00+00:00,701.57900,702.19300,689.02800,691.71900,21925
2006-06-18 00:00:00+00:00,692.34900,692.85000,691.45700,692.85000,22
2006-06-19 00:00:00+00:00,692.65200,696.32300,678.02300,679.12700,25358
2006-06-20 00:00:00+00:00,678.92900,686.60800,675.09400,676.71100,24878
2006-06-21 00:00:00+00:00,677.01000,694.02200,673.36900,690.86100,22238
2006-06-22 00:00:00+00:00,690.76200,691.67400,682.37800,686.56000,21556
2006-06-23 00:00:00+00:00,686.56100,694.84000,681.33800,691.47600,17527
2006-06-25 00:00:00+00:00,691.11400,691.81100,690.91600,691.71400,26
2006-06-26 00:00:00+00:00,691.81400,700.20700,691.81400,699.52100,12805
2006-06-27 00:00:00+00:00,699.22300,703.13200,684.68600,687.37700,18554
2006-06-28 00:00:00+00:00,687.57700,690.61700,679.27900,690.12100,16682
2006-06-29 00:00:00+00:00,690.02200,717.38400,690.02200,716.19700,23581
2006-06-30 00:00:00+00:00,716.09800,722.50900,709.58500,722.50900,17554
2006-07-02 00:00:00+00:00,723.24400,723.64100,721.95400,722.45500,45
2006-07-03 00:00:00+00:00,722.35600,731.74000,721.68400,730.56600,5586
2006-07-04 00:00:00+00:00,730.46900,731.20700,728.64700,729.14600,108
2006-07-05 00:00:00+00:00,729.74200,730.43800,714.58700,719.28000,15007
2006-07-06 00:00:00+00:00,719.18100,726.67200,716.45300,720.73800,14536
2006-07-07 00:00:00+00:00,720.34200,727.52900,707.77800,709.86600,18534
2006-07-09 00:00:00+00:00,709.01000,710.10500,708.91100,709.51200,34
2006-07-10 00:00:00+00:00,709.31600,717.30500,706.38500,708.28400,16356
2006-07-11 00:00:00+00:00,708.38600,717.09100,700.57600,715.90500,17435
2006-07-12 00:00:00+00:00,715.90700,716.82600,700.45600,701.55900,17916
2006-07-13 00:00:00+00:00,701.56100,702.26100,681.44400,682.14200,23965
2006-07-14 00:00:00+00:00,681.74400,686.45200,673.83200,679.11300,24745
2006-07-16 00:00:00+00:00,679.24500,680.04200,678.85100,679.54800,42
2006-07-17 00:00:00+00:00,679.25000,685.84900,672.71000,678.12000,21293
2006-07-18 00:00:00+00:00,678.22100,686.51000,670.21100,681.26600,27146
2006-07-19 00:00:00+00:00,681.36700,704.59100,678.81500,701.32200,25437
2006-07-20 00:00:00+00:00,701.22300,706.33300,680.38900,683.58200,23920
2006-07-21 00:00:00+00:00,683.38600,685.89000,667.70300,671.40000,25828
2006-07-23 00:00:00+00:00,671.03200,671.62900,670.53800,671.33500,43
2006-07-24 00:00:00+00:00,670.73900,693.88100,670.34400,692.69400,19741
2006-07-25 00:00:00+00:00,692.59500,702.08600,687.75500,693.85300,25277
2006-07-26 00:00:00+00:00,693.95300,700.27400,685.03500,692.62400,25220
2006-07-27 00:00:00+00:00,692.52500,702.91300,683.51900,686.01800,25603
2006-07-28 00:00:00+00:00,686.12000,701.40200,684.95800,700.80600,22058
2006-07-30 00:00:00+00:00,700.64400,700.64400,699.55000,700.05100,28
2006-07-31 00:00:00+00:00,700.35000,702.59400,694.72100,701.11200,16383
2006-08-01 00:00:00+00:00,700.81400,701.32000,685.81600,690.12200,17726
2006-08-02 00:00:00+00:00,690.52200,701.22800,689.62800,698.15600,16871
2006-08-03 00:00:00+00:00,698.25600,707.17200,688.93000,706.28900,19655
2006-08-04 00:00:00+00:00,706.38900,717.08500,693.49200,700.66700,26640
2006-08-06 00:00:00+00:00,700.50300,700.70300,700.10500,700.60800,16
2006-08-07 00:00:00+00:00,700.50900,700.51800,691.28400,696.78700,16239
2006-08-08 00:00:00+00:00,696.78900,703.91200,685.38100,689.67800,24886
2006-08-09 00:00:00+00:00,689.77800,696.49100,679.46700,680.47400,21818
2006-08-10 00:00:00+00:00,680.67400,689.49200,672.72900,686.91600,23661
2006-08-11 00:00:00+00:00,687.11600,688.04600,675.60000,679.59500,16106
2006-08-13 00:00:00+00:00,680.52400,683.01700,680.42400,682.72200,73
2006-08-14 00:00:00+00:00,682.52300,692.03700,680.08100,683.08500,14908
2006-08-15 00:00:00+00:00,683.18500,698.29500,682.69400,697.10900,18152
2006-08-16 00:00:00+00:00,697.20900,708.83000,696.53600,707.74400,15694
2006-08-17 00:00:00+00:00,707.54500,714.47500,704.79000,709.00700,15515
2006-08-18 00:00:00+00:00,709.20700,713.03400,703.66100,712.75400,12407
2006-08-20 00:00:00+00:00,712.89200,712.89200,711.30100,711.50100,32
2006-08-21 00:00:00+00:00,711.70000,711.80000,702.06700,706.17900,10835
2006-08-22 00:00:00+00:00,706.38000,710.01400,703.22300,707.94000,13151
2006-08-23 00:00:00+00:00,708.24100,711.77100,695.22200,699.22500,14956
2006-08-24 00:00:00+00:00,699.12700,702.25800,692.58400,697.19300,14901
2006-08-25 00:00:00+00:00,697.59500,704.42000,695.63600,699.04700,13161
2006-08-27 00:00:00+00:00,698.48400,698.98700,698.38400,698.98700,17
2006-08-28 00:00:00+00:00,698.78800,708.42700,696.31800,707.63900,11502
2006-08-29 00:00:00+00:00,707.44000,715.98200,702.29100,715.59200,16585
2006-08-30 00:00:00+00:00,715.49400,722.73200,713.93400,721.55100,13986
2006-08-31 00:00:00+00:00,721.65200,725.78500,719.11100,720.41000,11303
2006-09-01 00:00:00+00:00,721.03300,725.36200,717.86400,721.27600,10650
2006-09-03 00:00:00+00:00,721.71500,722.01800,721.51600,721.62000,14
2006-09-04 00:00:00+00:00,721.42100,726.25900,721.42100,725.38500,194
2006-09-05 00:00:00+00:00,725.28500,728.72700,720.32200,727.05000,12666
2006-09-06 00:00:00+00:00,726.95100,727.46900,711.72000,713.10600,15301
2006-09-07 00:00:00+00:00,713.10900,715.42900,704.80100,708.79300,12145
2006-09-08 00:00:00+00:00,708.99100,710.91800,705.64800,709.83100,12046
2006-09-10 00:00:00+00:00,709.94200,710.04100,709.45000,709.45000,21
2006-09-11 00:00:00+00:00,709.64900,712.76600,700.74600,708.01400,16440
2006-09-12 00:00:00+00:00,708.80900,727.61700,706.64300,726.13900,16428
2006-09-13 00:00:00+00:00,726.04100,733.23300,724.28400,731.15900,15950
2006-09-14 00:00:00+00:00,731.16000,732.67000,724.34200,728.83100,15838
2006-09-15 00:00:00+00:00,728.73200,734.82100,725.89100,729.67300,16655
2006-09-17 00:00:00+00:00,729.58800,729.88600,728.79600,729.59300,39
2006-09-18 00:00:00+00:00,729.49400,734.89800,725.65100,729.94600,16373
2006-09-19 00:00:00+00:00,730.24500,732.95500,715.48000,727.91500,23738
2006-09-20 00:00:00+00:00,727.61700,739.27500,727.13100,737.20900,19863
2006-09-21 00:00:00+00:00,737.31000,741.60700,724.83500,728.62100,22186
2006-09-22 00:00:00+00:00,728.82000,730.02600,714.25100,718.93000,16810
2006-09-24 00:00:00+00:00,718.94300,720.23700,718.84400,719.84200,29
2006-09-25 00:00:00+00:00,719.44500,730.81800,715.00600,728.34400,20294
2006-09-26 00:00:00+00:00,728.24600,733.94400,725.88100,730.28900,18948
2006-09-27 00:00:00+00:00,730.38800,736.39900,727.23600,735.91000,19171
2006-09-28 00:00:00+00:00,735.81200,739.02400,728.69200,733.18200,16015
2006-09-29 00:00:00+00:00,733.48200,736.29600,725.27500,725.87200,13567
2006-10-01 00:00:00+00:00,726.48300,727.08100,726.08800,726.38900,42
2006-10-02 00:00:00+00:00,726.48800,728.59800,717.18400,718.98500,14737
2006-10-03 00:00:00+00:00,718.98600,724.39400,712.65200,718.64200,18354
2006-10-04 00:00:00+00:00,718.74100,735.80000,716.28300,735.30600,18792
2006-10-05 00:00:00+00:00,735.20700,745.20000,733.74200,744.31400,16496
2006-10-06 00:00:00+00:00,744.41400,745.53700,735.69300,740.38200,17962
2006-10-08 00:00:00+00:00,740.59800,741.09500,740.20000,740.40300,26
2006-10-09 00:00:00+00:00,740.30400,747.81000,736.53200,746.13100,11181
2006-10-10 00:00:00+00:00,745.93200,749.84900,742.68100,746.28700,15178
2006-10-11 00:00:00+00:00,746.18800,749.11400,736.77800,743.75600,20863
2006-10-12 00:00:00+00:00,743.85600,760.32300,743.56800,759.63600,14252
2006-10-13 00:00:00+00:00,759.53700,765.85500,757.37900,765.75600,14698
2006-10-15 00:00:00+00:00,765.87600,766.17400,764.88400,765.08400,28
2006-10-16 00:00:00+00:00,764.88500,772.10000,763.22600,769.82000,11239
2006-10-17 00:00:00+00:00,769.52200,769.52200,759.90300,766.39400,16331
2006-10-18 00:00:00+00:00,766.49400,774.39200,762.15600,764.26200,20415
2006-10-19 00:00:00+00:00,764.16300,770.47000,761.90500,769.39800,15463
2006-10-20 00:00:00+00:00,769.49800,771.60300,760.86900,761.97900,12656
2006-10-22 00:00:00+00:00,762.19800,771.66100,762.19800,763.59700,141
2006-10-23 00:00:00+00:00,763.39800,769.11200,756.95700,763.35600,16397
2006-10-24 00:00:00+00:00,763.25600,765.58100,759.51200,763.91100,12937
2006-10-25 00:00:00+00:00,764.01200,770.93500,760.07100,770.24600,18636
2006-10-26 00:00:00+00:00,770.24700,777.46800,764.50300,776.18100,15699
2006-10-27 00:00:00+00:00,776.08300,776.81500,765.27100,767.06500,17751
2006-10-29 00:00:00+00:00,767.08800,767.28800,766.29200,766.69200,46
2006-10-30 00:00:00+00:00,766.59200,773.01700,761.04800,771.03500,15773
2006-10-31 00:00:00+00:00,770.93600,773.96100,762.70800,767.70500,17361
2006-11-01 00:00:00+00:00,768.00400,771.42900,751.01200,751.71600,19496
2006-11-02 00:00:00+00:00,751.51700,754.24600,746.26800,750.17800,16275
2006-11-03 00:00:00+00:00,750.27800,757.48900,747.02900,753.11900,17751
2006-11-05 00:00:00+00:00,753.13800,753.83600,753.13800,753.43800,12
2006-11-06 00:00:00+00:00,753.73800,766.15000,753.04300,762.17000,15761
2006-11-07 00:00:00+00:00,762.37100,773.67500,761.29800,766.61600,16699
2006-11-08 00:00:00+00:00,766.41700,773.75000,759.07200,772.45800,21861
2006-11-09 00:00:00+00:00,772.25900,773.78700,758.14600,763.54000,19102
2006-11-10 00:00:00+00:00,763.34100,771.07200,761.08300,770.77300,15340
2006-11-12 00:00:00+00:00,770.79400,771.79400,770.09800,771.29500,40
2006-11-13 00:00:00+00:00,771.39500,775.32300,767.24100,772.15200,15946
2006-11-14 00:00:00+00:00,771.95200,786.86900,769.59500,786.47700,18183
2006-11-15 00:00:00+00:00,786.77600,795.60300,784.81700,792.12300,16007
2006-11-16 00:00:00+00:00,792.12500,797.74600,788.97300,790.38700,17694
2006-11-17 00:00:00+00:00,790.58800,791.43800,783.54300,790.84000,12929
2006-11-19 00:00:00+00:00,790.56500,790.96600,790.36500,790.76700,23
2006-11-20 00:00:00+00:00,790.86700,793.70200,785.90000,791.42500,15746
2006-11-21 00:00:00+00:00,791.42600,794.97500,787.97300,794.57900,12101
2006-11-22 00:00:00+00:00,794.38000,796.11400,790.32600,793.64100,9097
2006-11-23 00:00:00+00:00,793.94100,794.68000,793.27300,793.70100,121
2006-11-24 00:00:00+00:00,793.70200,795.24000,787.14900,790.15300,6091
2006-11-26 00:00:00+00:00,790.58400,790.88400,789.48700,789.68800,61
2006-11-27 00:00:00+00:00,789.58800,793.00500,771.66200,772.37000,17839
2006-11-28 00:00:00+00:00,772.27100,776.30600,767.61300,775.62500,20259
2006-11-29 00:00:00+00:00,775.72500,786.15200,775.22900,785.17200,17200
2006-11-30 00:00:00+00:00,785.07300,790.51600,779.61700,785.13100,20101
2006-12-01 00:00:00+00:00,785.13200,788.06500,772.69200,782.48700,23921
2006-12-03 00:00:00+00:00,782.11100,783.80900,781.71100,782.01300,35
2006-12-04 00:00:00+00:00,781.71400,798.35500,781.63000,797.46000,18138
2006-12-05 00:00:00+00:00,797.56000,802.09500,795.09900,797.52000,18587
2006-12-06 00:00:00+00:00,797.62000,799.16500,792.16200,796.19700,14583
2006-12-07 00:00:00+00:00,795.41100,799.81500,790.81500,791.31600,12693
2006-12-08 00:00:00+00:00,791.21700,797.90700,786.30300,792.07200,18212
2006-12-10 00:00:00+00:00,792.51300,793.01200,792.01800,792.91300,33
2006-12-11 00:00:00+00:00,792.81400,796.62700,790.17900,795.26300,12195
2006-12-12 00:00:00+00:00,795.16500,795.40200,783.71600,789.97700,17451
2006-12-13 00:00:00+00:00,789.87900,794.78100,786.06400,791.03900,15632
2006-12-14 00:00:00+00:00,791.13900,800.70500,789.98300,795.17600,14333
2006-12-15 00:00:00+00:00,795.27500,799.58700,792.55100,793.55100,12652
2006-12-17 00:00:00+00:00,793.69600,794.19300,793.59600,793.59800,10
2006-12-18 00:00:00+00:00,793.89700,797.01400,780.65900,783.34800,14337
2006-12-19 00:00:00+00:00,783.25000,785.49100,775.15400,783.71500,15847
2006-12-20 00:00:00+00:00,783.81500,789.91500,783.06200,787.15800,11113
2006-12-21 00:00:00+00:00,787.15900,791.25400,780.26600,784.05100,14158
2006-12-22 00:00:00+00:00,784.15100,784.48500,777.54200,778.35500,10529
2006-12-26 00:00:00+00:00,779.49300,790.04900,778.99700,789.85800,6028
2006-12-27 00:00:00+00:00,789.95800,799.45300,789.76100,798.36700,8910
2006-12-28 00:00:00+00:00,798.36900,800.39800,793.94700,795.16000,10255
2006-12-29 00:00:00+00:00,794.96300,797.39200,786.97800,787.77400,9300
2007-01-02 00:00:00+00:00,791.00200,796.10100,791.00200,794.41800,257
2007-01-03 00:00:00+00:00,794.31900,798.83500,779.17300,788.92300,21242
2007-01-04 00:00:00+00:00,788.82400,793.35500,779.72400,791.07800,21766
2007-01-05 00:00:00+00:00,790.98000,791.08100,773.84700,773.84700,21542
2007-01-07 00:00:00+00:00,774.68400,775.48100,774.28700,774.88500,41
2007-01-08 00:00:00+00:00,774.98500,780.11200,769.26200,777.14000,22062
2007-01-09 00:00:00+00:00,777.24100,780.38200,768.73900,778.20300,20236
2007-01-10 00:00:00+00:00,778.50200,782.04800,772.37900,781.55300,17795
2007-01-11 00:00:00+00:00,781.45400,792.24000,779.00600,788.58200,16674
2007-01-12 00:00:00+00:00,788.58300,797.59500,787.22900,797.59500,13598
2007-01-14 00:00:00+00:00,797.04400,797.54200,796.74700,797.14600,22
2007-01-15 00:00:00+00:00,797.24600,802.86400,797.05700,800.89600,346
2007-01-16 00:00:00+00:00,800.79700,801.32800,789.32700,789.32700,14766
2007-01-17 00:00:00+00:00,789.62600,794.65500,785.81200,786.61100,14683
2007-01-18 00:00:00+00:00,786.51100,790.02000,776.51900,777.32600,18056
2007-01-19 00:00:00+00:00,777.02800,786.34200,774.88100,783.95500,14840
2007-01-21 00:00:00+00:00,784.39600,787.68100,783.79900,786.19100,76
2007-01-22 00:00:00+00:00,786.29000,786.82500,775.48700,779.39100,15139
2007-01-23 00:00:00+00:00,779.29200,789.79700,775.74700,786.13000,17185
2007-01-24 00:00:00+00:00,786.22900,796.34700,785.67400,795.95500,14015
2007-01-25 00:00:00+00:00,796.05500,796.39600,781.67700,783.77900,16124
2007-01-26 00:00:00+00:00,783.38000,789.51400,777.74800,786.62800,18599
2007-01-28 00:00:00+00:00,786.67100,787.17000,786.37300,786.47500,30
2007-01-29 00:00:00+00:00,786.37600,796.08800,784.40700,793.81400,16554
2007-01-30 00:00:00+00:00,793.91500,799.35200,791.76700,798.46700,14031
2007-01-31 00:00:00+00:00,798.26900,804.30500,792.73300,799.53300,17500
2007-02-01 00:00:00+00:00,799.43400,808.96000,799.43400,808.07100,15870
2007-02-02 00:00:00+00:00,808.17200,811.50100,806.62200,809.82800,12172
2007-02-04 00:00:00+00:00,809.27800,809.77900,808.98000,809.48000,21
2007-02-05 00:00:00+00:00,809.28200,811.31800,805.24100,808.85400,12399
2007-02-06 00:00:00+00:00,808.95500,811.91000,804.22000,811.41600,12506
2007-02-07 00:00:00+00:00,811.51700,818.35800,808.87000,817.46900,12866
2007-02-08 00:00:00+00:00,817.56900,817.87000,812.03100,816.24500,14068
2007-02-09 00:00:00+00:00,816.14600,817.78400,802.94300,809.03100,15360
2007-02-11 00:00:00+00:00,808.97900,808.97900,807.48300,808.28300,43
2007-02-12 00:00:00+00:00,808.38400,810.30200,802.25700,806.95700,12413
2007-02-13 00:00:00+00:00,806.86000,813.50400,806.76100,812.41500,11506
2007-02-14 00:00:00+00:00,812.51500,819.14300,811.26200,813.38400,13946
2007-02-15 00:00:00+00:00,813.28400,817.93000,811.43300,812.75700,11355
2007-02-16 00:00:00+00:00,813.25600,818.70500,809.51000,817.80800,10821
2007-02-18 00:00:00+00:00,817.65800,818.15700,817.26000,817.86100,26
2007-02-19 00:00:00+00:00,817.56100,819.38700,817.36300,818.23100,167
2007-02-20 00:00:00+00:00,818.13300,827.87200,811.69100,825.08900,14599
2007-02-21 00:00:00+00:00,825.28900,827.34900,821.04500,826.46000,14490
2007-02-22 00:00:00+00:00,826.56000,830.29700,822.01800,829.32700,15559
2007-02-23 00:00:00+00:00,829.22700,829.35100,822.38800,825.39900,14028
2007-02-25 00:00:00+00:00,825.74900,826.25100,824.75000,826.05100,35
2007-02-26 00:00:00+00:00,826.25100,829.99000,817.81900,823.72800,14536
2007-02-27 00:00:00+00:00,823.82800,823.92900,783.25300,784.65700,38707
2007-02-28 00:00:00+00:00,784.55700,797.69800,782.70200,792.51500,33117
2007-03-01 00:00:00+00:00,792.71500,796.36800,772.38500,789.28900,39850
2007-03-02 00:00:00+00:00,789.38900,791.71000,772.27100,773.17000,29706
2007-03-04 00:00:00+00:00,773.61100,775.80800,769.91600,770.51700,229
2007-03-05 00:00:00+00:00,770.81600,778.05300,754.59700,758.29600,34922
2007-03-06 00:00:00+00:00,758.39600,782.33200,758.39600,778.34600,25680
2007-03-07 00:00:00+00:00,778.44600,781.29700,772.89700,773.22200,21708
2007-03-08 00:00:00+00:00,773.22300,787.85200,773.22300,784.79200,14870
2007-03-09 00:00:00+00:00,784.49500,789.88800,780.18100,788.02400,20495
2007-03-11 00:00:00+00:00,787.95700,788.65700,787.46400,788.35900,60
2007-03-12 00:00:00+00:00,788.45900,791.18900,783.63500,789.71400,13244
2007-03-13 00:00:00+00:00,789.81400,790.12400,768.13700,768.84200,26775
2007-03-14 00:00:00+00:00,768.74300,780.71000,760.84900,780.02000,33034
2007-03-15 00:00:00+00:00,779.82200,784.54000,774.89300,782.46600,20222
2007-03-16 00:00:00+00:00,782.36700,785.97900,776.35500,778.74900,18401
2007-03-18 00:00:00+00:00,777.79000,777.98900,775.40800,776.80300,94
2007-03-19 00:00:00+00:00,777.10100,790.54600,777.10100,788.18500,14769
2007-03-20 00:00:00+00:00,788.38400,795.09100,785.34300,793.71100,13172
2007-03-21 00:00:00+00:00,793.61200,809.94800,792.75600,808.17400,18322
2007-03-22 00:00:00+00:00,808.27400,812.97700,804.83900,808.53900,13936
2007-03-23 00:00:00+00:00,808.44000,811.37400,807.58600,810.18400,10205
2007-03-25 00:00:00+00:00,809.62800,809.72700,808.83400,809.13600,33
2007-03-26 00:00:00+00:00,809.03800,812.35400,802.12600,807.41500,15068
2007-03-27 00:00:00+00:00,807.51500,808.14800,797.83700,801.22300,13339
2007-03-28 00:00:00+00:00,801.02500,802.16300,792.91800,799.50100,19822
2007-03-29 00:00:00+00:00,799.30200,804.70300,791.70100,800.26200,18184
2007-03-30 00:00:00+00:00,800.16300,806.26200,794.04600,802.00700,19577
2007-04-01 00:00:00+00:00,802.34300,802.84600,801.64800,802.84600,62
2007-04-02 00:00:00+00:00,802.94500,804.69200,798.42100,804.10400,13428
2007-04-03 00:00:00+00:00,804.10700,814.68200,803.80900,812.32200,12286
2007-04-04 00:00:00+00:00,812.42200,813.83100,807.78800,811.99000,10703
2007-04-05 00:00:00+00:00,811.99200,815.12700,810.43900,812.05800,6832
2007-04-06 00:00:00+00:00,811.96000,815.07800,811.86500,814.48200,410
2007-04-08 00:00:00+00:00,815.13800,816.33100,814.24300,814.94400,93
2007-04-09 00:00:00+00:00,815.04500,815.96900,810.21100,813.02200,8367
2007-04-10 00:00:00+00:00,813.12200,817.63900,810.87200,814.78000,10275
2007-04-11 00:00:00+00:00,814.68100,816.11100,804.29000,809.27700,15792
2007-04-12 00:00:00+00:00,809.37700,816.09700,803.14900,814.71600,13835
2007-04-13 00:00:00+00:00,814.61700,820.64200,811.77200,820.34400,11727
2007-04-15 00:00:00+00:00,820.38500,821.08700,820.28500,820.88800,33
2007-04-16 00:00:00+00:00,820.98700,832.68600,820.59000,830.60800,10517
2007-04-17 00:00:00+00:00,830.70800,833.92800,826.27900,828.08900,14519
2007-04-18 00:00:00+00:00,827.79100,828.92700,823.17200,824.37500,14163
2007-04-19 00:00:00+00:00,824.17600,824.82200,814.46100,820.86000,18860
2007-04-20 00:00:00+00:00,820.96000,830.35600,819.88000,830.07500,12515
2007-04-22 00:00:00+00:00,830.21700,830.81500,829.91900,830.22200,22
2007-04-23 00:00:00+00:00,830.32300,831.92500,825.59500,830.39100,11088
2007-04-24 00:00:00+00:00,830.29100,831.60500,820.37500,828.96500,15751
2007-04-25 00:00:00+00:00,828.96600,835.79200,826.11900,832.52000,15034
2007-04-26 00:00:00+00:00,832.61900,836.16000,826.58500,834.58000,13300
2007-04-27 00:00:00+00:00,834.68000,835.08300,826.65500,831.75000,13432
2007-04-29 00:00:00+00:00,831.59300,831.79300,830.49800,830.90100,47
2007-04-30 00:00:00+00:00,830.80200,833.82600,812.73300,813.93400,16949
2007-05-01 00:00:00+00:00,813.63600,817.87200,807.30000,816.79100,19075
2007-05-02 00:00:00+00:00,816.99100,830.59400,815.13500,827.61900,13819
2007-05-03 00:00:00+00:00,827.62000,831.74800,825.66800,827.88700,13539
2007-05-04 00:00:00+00:00,828.08700,834.22400,827.33700,833.92500,13357
2007-05-06 00:00:00+00:00,833.56900,833.67000,832.97400,833.27400,40
2007-05-07 00:00:00+00:00,833.47500,836.10600,830.44900,830.75200,9123
2007-05-08 00:00:00+00:00,830.75300,831.50800,821.32300,827.43100,14758
2007-05-09 00:00:00+00:00,827.53100,838.25200,825.17700,831.98600,17994
2007-05-10 00:00:00+00:00,831.88700,832.19600,817.78500,821.38600,22467
2007-05-11 00:00:00+00:00,821.48600,830.11800,819.61600,829.32100,14908
2007-05-13 00:00:00+00:00,829.46300,830.96500,829.36400,830.96500,50
2007-05-14 00:00:00+00:00,830.76500,832.38100,820.14700,820.56000,17104
2007-05-15 00:00:00+00:00,820.66000,828.48100,813.13600,814.44300,25944
2007-05-16 00:00:00+00:00,814.54400,820.38500,809.79800,819.19900,20926
2007-05-17 00:00:00+00:00,819.00100,820.21400,812.06500,813.28100,17664
2007-05-18 00:00:00+00:00,813.08300,825.90400,811.59700,822.91600,16397
2007-05-20 00:00:00+00:00,822.85700,823.26100,822.45800,822.86200,38
2007-05-21 00:00:00+00:00,822.96300,837.87800,821.90300,833.50900,16982
2007-05-22 00:00:00+00:00,833.31100,842.24800,831.65300,838.76800,18749
2007-05-23 00:00:00+00:00,838.96800,846.49600,835.03200,835.14300,17201
2007-05-24 00:00:00+00:00,835.24400,840.77400,820.52700,824.93100,26490
2007-05-25 00:00:00+00:00,824.73200,832.16100,824.33300,830.27900,14220
2007-05-27 00:00:00+00:00,830.32200,831.82200,830.32200,831.22600,33
2007-05-28 00:00:00+00:00,830.92600,832.26800,830.64700,831.59400,147
2007-05-29 00:00:00+00:00,831.49400,839.22800,830.99600,837.65500,16919
2007-05-30 00:00:00+00:00,837.75500,844.20500,829.50400,843.91600,18928
2007-05-31 00:00:00+00:00,844.01600,849.84900,843.16800,847.48000,15839
2007-06-01 00:00:00+00:00,847.58100,857.11100,847.28400,852.63400,17233
2007-06-03 00:00:00+00:00,853.08000,853.08000,851.88500,852.38600,30
2007-06-04 00:00:00+00:00,852.58600,855.24200,848.63300,853.05600,13010
2007-06-05 00:00:00+00:00,853.15700,854.87500,843.61600,849.82900,19579
2007-06-06 00:00:00+00:00,850.12900,850.65000,836.29000,840.40700,19210
2007-06-07 00:00:00+00:00,840.70600,844.29400,821.87200,822.76500,17546
2007-06-08 00:00:00+00:00,823.16200,836.39400,817.74900,833.92100,20525
2007-06-10 00:00:00+00:00,833.78700,833.88600,832.40100,833.10000,48
2007-06-11 00:00:00+00:00,833.19900,837.81200,828.29500,833.37700,15617
2007-06-12 00:00:00+00:00,833.37900,833.70200,818.09500,818.20100,24462
2007-06-13 00:00:00+00:00,818.39900,834.50800,817.24100,831.45300,22123
2007-06-14 00:00:00+00:00,831.25500,841.70600,830.90000,838.17000,16984
2007-06-15 00:00:00+00:00,838.17100,851.49700,837.68600,848.44200,16564
2007-06-17 00:00:00+00:00,848.60800,848.60800,847.61700,847.62400,25
2007-06-18 00:00:00+00:00,847.72300,852.32300,842.22100,844.13500,14708
2007-06-19 00:00:00+00:00,844.33400,849.95000,839.72300,848.27900,14299
2007-06-20 00:00:00+00:00,847.88400,852.08800,833.97400,834.58000,20583
2007-06-21 00:00:00+00:00,834.48100,840.29000,827.38900,839.12000,24826
2007-06-22 00:00:00+00:00,839.02200,839.63400,827.47700,833.23800,26704
2007-06-24 00:00:00+00:00,833.20300,833.79800,832.21500,832.41600,75
2007-06-25 00:00:00+00:00,832.71400,838.42000,823.35500,829.32000,25804
2007-06-26 00:00:00+00:00,829.32100,832.53900,819.97300,821.26600,26168
2007-06-27 00:00:00+00:00,821.36500,839.59400,817.53700,839.49600,23398
2007-06-28 00:00:00+00:00,839.59500,846.50100,837.55700,838.18600,20201
2007-06-29 00:00:00+00:00,838.38500,846.17000,827.83500,833.68900,24228
2007-07-01 00:00:00+00:00,833.55500,834.65300,832.96000,834.55400,73
2007-07-02 00:00:00+00:00,834.35500,845.62800,834.35500,844.55600,14101
2007-07-03 00:00:00+00:00,844.75500,849.27700,844.36700,847.41500,6974
2007-07-04 00:00:00+00:00,847.01900,851.53600,846.72700,850.77100,234
2007-07-05 00:00:00+00:00,850.87100,851.58800,842.98400,849.36100,12406
2007-07-06 00:00:00+00:00,849.36300,853.79400,844.84200,853.00400,11642
2007-07-08 00:00:00+00:00,853.07100,853.56800,852.67900,852.68100,33
2007-07-09 00:00:00+00:00,852.88000,855.38300,848.66000,853.85400,10712
2007-07-10 00:00:00+00:00,853.75400,853.78100,836.73900,838.14200,22137
2007-07-11 00:00:00+00:00,838.24200,843.78100,833.22300,843.38700,18827
2007-07-12 00:00:00+00:00,843.58600,855.77100,841.22900,853.10200,14625
2007-07-13 00:00:00+00:00,853.00300,856.54600,850.66600,853.66700,12361
2007-07-15 00:00:00+00:00,853.93300,854.23100,852.84500,853.24400,30
2007-07-16 00:00:00+00:00,853.34500,856.08000,846.45400,849.34900,14611
2007-07-17 00:00:00+00:00,849.35100,855.27600,843.95800,844.95800,16307
2007-07-18 00:00:00+00:00,845.15600,849.90200,834.97400,848.41600,24570
2007-07-19 00:00:00+00:00,848.31700,853.63100,848.19200,848.69500,15347
2007-07-20 00:00:00+00:00,848.89400,851.52400,829.66300,836.63500,30702
2007-07-22 00:00:00+00:00,835.90400,836.60000,835.80400,836.00900,45
2007-07-23 00:00:00+00:00,836.11000,842.52900,832.39800,833.00500,16747
2007-07-24 00:00:00+00:00,832.80700,834.82300,808.30800,812.89600,28045
2007-07-25 00:00:00+00:00,813.09600,821.09600,801.71600,812.87300,35265
2007-07-26 00:00:00+00:00,812.57500,813.28500,778.41800,788.87900,63294
2007-07-27 00:00:00+00:00,789.07800,795.09100,767.05700,768.74800,53114
2007-07-29 00:00:00+00:00,770.09300,771.58500,768.50200,769.89900,120
2007-07-30 00:00:00+00:00,769.80000,787.47100,767.44500,781.61400,39664
2007-07-31 00:00:00+00:00,781.51600,794.49500,770.04000,770.54200,41367
2007-08-01 00:00:00+00:00,770.24400,782.12800,761.01500,778.27800,59020
2007-08-02 00:00:00+00:00,778.57800,785.60600,774.61000,785.12000,35635
2007-08-03 00:00:00+00:00,785.22100,786.85100,751.43800,756.51500,42977
2007-08-05 00:00:00+00:00,753.77600,754.17400,751.18800,753.58200,195
2007-08-06 00:00:00+00:00,753.68200,766.88400,741.47600,762.71400,50580
2007-08-07 00:00:00+00:00,762.81400,779.10400,757.09400,775.03500,45073
2007-08-08 00:00:00+00:00,775.13500,803.87200,774.93600,799.10900,49070
2007-08-09 00:00:00+00:00,799.01000,799.30900,776.47600,776.77500,61931
2007-08-10 00:00:00+00:00,776.87400,800.92900,764.36100,784.50600,68788
2007-08-12 00:00:00+00:00,785.45700,787.55100,785.45700,787.35600,59
2007-08-13 00:00:00+00:00,787.05800,802.34300,778.26300,778.56200,36712
2007-08-14 00:00:00+00:00,778.86200,784.98200,762.38200,764.68500,37896
2007-08-15 00:00:00+00:00,764.38700,776.68700,749.99700,752.40000,45455
2007-08-16 00:00:00+00:00,752.50000,775.39400,735.20900,774.29800,88310
2007-08-17 00:00:00+00:00,774.39800,803.54300,758.47200,787.41700,60939
2007-08-19 00:00:00+00:00,787.47100,787.47100,783.58700,784.78500,146
2007-08-20 00:00:00+00:00,784.58600,793.60100,777.75700,787.35100,37706
2007-08-21 00:00:00+00:00,786.85400,793.77700,781.69400,789.52000,34952
2007-08-22 00:00:00+00:00,789.12200,805.34800,789.12200,804.85200,24444
2007-08-23 00:00:00+00:00,804.95200,807.24800,785.45900,787.27600,30363
2007-08-24 00:00:00+00:00,787.07700,799.80600,785.82200,799.60600,20235
2007-08-26 00:00:00+00:00,799.76300,799.76300,798.66800,798.97000,45
2007-08-27 00:00:00+00:00,798.67200,800.08900,787.74600,787.77200,17866
2007-08-28 00:00:00+00:00,787.67300,788.47800,766.38200,767.39200,23618
2007-08-29 00:00:00+00:00,767.59200,788.41800,766.99900,787.52200,21878
2007-08-30 00:00:00+00:00,787.62200,792.26100,777.38500,784.00300,27682
2007-08-31 00:00:00+00:00,783.90400,796.91300,783.50500,790.15400,22800
2007-09-02 00:00:00+00:00,792.20500,793.10600,792.20500,792.91000,20
2007-09-03 00:00:00+00:00,793.01000,793.01500,790.18600,790.38900,180
2007-09-04 00:00:00+00:00,790.29000,806.12500,786.91900,799.05000,17445
2007-09-05 00:00:00+00:00,798.75100,798.87400,786.92700,792.73500,23730
2007-09-06 00:00:00+00:00,792.23600,796.08100,784.59200,791.91100,21185
2007-09-07 00:00:00+00:00,791.71200,792.02200,771.98600,779.39100,28854
2007-09-09 00:00:00+00:00,778.64400,779.04400,776.14800,776.85200,155
2007-09-10 00:00:00+00:00,776.75200,781.88700,758.31900,768.43400,25363
2007-09-11 00:00:00+00:00,768.53400,783.28300,768.23600,782.59300,22496
2007-09-12 00:00:00+00:00,782.79400,784.13900,776.05200,778.01100,20449
2007-09-13 00:00:00+00:00,778.01200,788.48100,774.86100,775.57700,13294
2007-09-14 00:00:00+00:00,775.67700,785.85400,770.33700,784.36400,16952
2007-09-16 00:00:00+00:00,784.07100,784.07100,782.77900,783.27900,40
2007-09-17 00:00:00+00:00,782.78300,783.50700,775.06400,775.67600,16215
2007-09-18 00:00:00+00:00,775.67700,809.91700,772.80700,809.42300,29104
2007-09-19 00:00:00+00:00,809.52300,824.26800,809.03200,818.02400,21112
2007-09-20 00:00:00+00:00,817.62700,818.83300,805.54000,810.72000,22831
2007-09-21 00:00:00+00:00,810.82000,818.80900,809.83600,811.75800,15641
2007-09-23 00:00:00+00:00,811.27000,812.36400,810.97100,811.87000,50
2007-09-24 00:00:00+00:00,811.97100,816.87600,803.65900,804.56400,20128
2007-09-25 00:00:00+00:00,804.46500,805.90400,797.33500,805.51000,19366
2007-09-26 00:00:00+00:00,805.61000,814.09600,804.95300,810.03700,20268
2007-09-27 00:00:00+00:00,809.93900,815.64900,809.93900,813.57000,16162
2007-09-28 00:00:00+00:00,813.67000,816.88300,803.86500,805.55800,18729
2007-09-30 00:00:00+00:00,806.26200,806.76000,805.46700,805.96800,91
2007-10-01 00:00:00+00:00,806.26800,827.39800,803.89400,825.02100,20463
2007-10-02 00:00:00+00:00,824.92200,834.01900,824.62400,830.44700,16335
2007-10-03 00:00:00+00:00,830.24800,832.57100,824.21900,829.00700,17106
2007-10-04 00:00:00+00:00,829.10700,831.92600,824.56100,829.35900,12154
2007-10-05 00:00:00+00:00,829.16100,849.00500,828.57100,845.82300,19038
2007-10-07 00:00:00+00:00,845.93600,845.93600,844.94100,845.44200,34
2007-10-08 00:00:00+00:00,845.34400,846.76900,837.32300,841.51500,11595
2007-10-09 00:00:00+00:00,841.41600,848.42700,837.87200,847.14400,15812
2007-10-10 00:00:00+00:00,847.24300,847.38700,839.51900,846.10300,16068
2007-10-11 00:00:00+00:00,846.20300,854.10600,831.21500,835.50600,25757
2007-10-12 00:00:00+00:00,835.10800,845.89400,833.73100,843.51500,20608
2007-10-14 00:00:00+00:00,843.92600,845.12100,843.92600,844.32900,52
2007-10-15 00:00:00+00:00,844.22900,844.33000,824.95600,833.72900,26070
2007-10-16 00:00:00+00:00,833.62900,834.53500,823.60400,829.00200,21888
2007-10-17 00:00:00+00:00,829.20200,834.01200,815.10000,826.76500,26785
2007-10-18 00:00:00+00:00,826.96400,828.57300,818.33100,825.62300,21029
2007-10-19 00:00:00+00:00,825.42400,825.42400,794.39400,795.19100,34142
2007-10-21 00:00:00+00:00,795.09700,795.59600,789.42300,789.82200,271
2007-10-22 00:00:00+00:00,789.72300,814.97300,782.25400,814.18000,36419
2007-10-23 00:00:00+00:00,814.37900,819.40400,805.74500,813.23600,26979
2007-10-24 00:00:00+00:00,813.33600,815.87300,794.83800,813.68600,40769
2007-10-25 00:00:00+00:00,813.58700,818.20100,799.17900,812.64300,38768
2007-10-26 00:00:00+00:00,812.74300,824.24500,808.09400,823.94600,24394
2007-10-28 00:00:00+00:00,823.35800,825.15700,823.06000,825.15700,58
2007-10-29 00:00:00+00:00,825.05700,828.27700,817.51900,822.41900,20692
2007-10-30 00:00:00+00:00,822.31900,823.44600,812.99500,815.99300,21007
2007-10-31 00:00:00+00:00,815.79400,831.58400,808.85700,828.40500,33945
2007-11-01 00:00:00+00:00,828.20600,828.70700,792.27000,793.17100,42810
2007-11-02 00:00:00+00:00,793.27100,806.75700,786.32300,798.49800,46325
2007-11-04 00:00:00+00:00,798.00800,798.00800,793.62200,794.12100,81
2007-11-05 00:00:00+00:00,794.32100,795.66100,783.39500,788.78800,36677
2007-11-06 00:00:00+00:00,788.68800,803.69000,783.33700,802.30000,28299
2007-11-07 00:00:00+00:00,802.00100,802.60100,768.84200,772.23600,39849
2007-11-08 00:00:00+00:00,771.93700,785.22600,761.00500,780.36400,52873
2007-11-09 00:00:00+00:00,780.46300,783.17400,763.74000,771.63100,43664
2007-11-11 00:00:00+00:00,770.53700,771.93400,769.64000,770.14000,75
2007-11-12 00:00:00+00:00,770.04100,783.93900,761.70600,762.90700,35232
2007-11-13 00:00:00+00:00,763.20700,790.48300,762.70900,786.99900,25392
2007-11-14 00:00:00+00:00,786.69900,794.90900,778.56200,783.05800,28948
2007-11-15 00:00:00+00:00,782.85900,785.16900,764.54400,771.23500,37808
2007-11-16 00:00:00+00:00,771.13600,778.24800,757.89700,765.29300,39158
2007-11-18 00:00:00+00:00,765.69400,768.09000,765.69400,767.29300,57
2007-11-19 00:00:00+00:00,767.59200,768.89100,746.07500,750.47600,34582
2007-11-20 00:00:00+00:00,750.77600,757.79400,735.24700,752.22100,42236
2007-11-21 00:00:00+00:00,752.12100,752.12100,735.38600,738.79500,31763
2007-11-22 00:00:00+00:00,738.69500,743.11600,736.91600,741.93600,388
2007-11-23 00:00:00+00:00,742.13700,760.04000,739.75100,753.95200,11002
2007-11-25 00:00:00+00:00,753.25900,755.05800,752.96000,755.05800,79
2007-11-26 00:00:00+00:00,754.75900,761.66500,730.54500,731.04500,29880
2007-11-27 00:00:00+00:00,730.84500,746.45400,728.84900,742.37400,32975
2007-11-28 00:00:00+00:00,742.67400,771.67300,739.59700,770.28200,28008
2007-11-29 00:00:00+00:00,770.58100,773.68300,761.43300,764.83900,26987
2007-11-30 00:00:00+00:00,764.14000,782.24600,763.88200,768.67700,28920
2007-12-02 00:00:00+00:00,768.68000,768.87900,766.98400,767.08400,55
2007-12-03 00:00:00+00:00,766.98400,772.50100,758.33900,758.54200,21841
2007-12-04 00:00:00+00:00,758.44300,760.25700,747.88400,753.49600,21444
2007-12-05 00:00:00+00:00,753.29700,771.62600,752.79800,771.12700,21107
2007-12-06 00:00:00+00:00,771.02800,786.95600,763.26400,785.36300,22553
2007-12-07 00:00:00+00:00,785.06400,790.78700,781.19900,786.80700,18640
2007-12-09 00:00:00+00:00,786.01200,786.01200,784.91400,785.71500,35
2007-12-10 00:00:00+00:00,786.01500,795.25500,781.23600,794.55900,15898
2007-12-11 00:00:00+00:00,794.65900,799.79700,762.82500,766.12800,32415
2007-12-12 00:00:00+00:00,766.02800,790.44400,762.67100,771.90600,37244
2007-12-13 00:00:00+00:00,770.91200,772.10600,758.50700,767.27200,24300
2007-12-14 00:00:00+00:00,767.47100,770.98000,751.88800,751.88800,22520
2007-12-16 00:00:00+00:00,752.27000,752.66800,750.77800,751.87300,61
2007-12-17 00:00:00+00:00,751.77400,752.79900,739.17200,741.76400,22677
2007-12-18 00:00:00+00:00,742.06300,756.32700,735.02600,755.03800,28886
2007-12-19 00:00:00+00:00,754.93800,759.85300,748.90000,759.35600,23904
2007-12-20 00:00:00+00:00,759.25700,771.73200,749.83200,771.14000,24267
2007-12-21 00:00:00+00:00,770.84100,789.09000,770.44400,787.89500,17112
2007-12-23 00:00:00+00:00,787.28500,788.28200,786.68800,787.28700,23
2007-12-24 00:00:00+00:00,788.28300,796.17700,787.20200,793.59000,6065
2007-12-26 00:00:00+00:00,793.66100,801.04300,789.68900,797.76500,10316
2007-12-27 00:00:00+00:00,797.46700,797.49000,773.11400,778.59400,18518
2007-12-28 00:00:00+00:00,778.49500,785.28700,769.57100,769.57100,16128
2007-12-30 00:00:00+00:00,770.55200,771.74700,770.55200,771.05200,33
2007-12-31 00:00:00+00:00,770.85300,772.36200,758.93200,763.62000,13173
2008-01-02 00:00:00+00:00,765.97400,768.66500,749.05600,756.83400,28018
2008-01-03 00:00:00+00:00,756.93400,759.64800,743.52400,747.41400,24669
2008-01-04 00:00:00+00:00,747.31400,750.02000,719.16200,724.14400,37185
2008-01-06 00:00:00+00:00,724.32400,725.32100,723.82600,724.52400,50
2008-01-07 00:00:00+00:00,724.62400,731.82400,713.89100,724.46300,39417
2008-01-08 00:00:00+00:00,724.56300,736.14200,701.08800,701.39100,44172
2008-01-09 00:00:00+00:00,701.78900,713.47800,689.36700,711.09100,45347
2008-01-10 00:00:00+00:00,710.99200,726.26600,701.65000,718.80000,52492
2008-01-11 00:00:00+00:00,718.70100,719.09900,701.99500,705.48400,38748
2008-01-13 00:00:00+00:00,705.46200,709.05000,704.86400,708.95100,68
2008-01-14 00:00:00+00:00,708.75200,714.86200,699.49600,711.18000,24281
2008-01-15 00:00:00+00:00,710.78200,710.78500,690.88600,691.88600,33424
2008-01-16 00:00:00+00:00,691.68700,709.65500,689.61800,699.89500,44403
2008-01-17 00:00:00+00:00,699.79600,705.09100,678.79900,683.88700,49049
2008-01-18 00:00:00+00:00,683.78700,690.58400,664.97600,672.05900,51780
2008-01-20 00:00:00+00:00,673.22900,675.32200,673.22900,675.12400,56
2008-01-21 00:00:00+00:00,674.32700,674.82500,638.06600,647.94600,4467
2008-01-22 00:00:00+00:00,647.84700,683.55800,635.49600,666.32400,78913
2008-01-23 00:00:00+00:00,666.12400,695.96700,646.40500,692.67900,74446
2008-01-24 00:00:00+00:00,692.77800,703.96700,684.53000,696.60400,43087
2008-01-25 00:00:00+00:00,696.50400,704.10400,682.87500,686.46700,36928
2008-01-27 00:00:00+00:00,687.04100,688.43700,685.14700,686.54400,56
2008-01-28 00:00:00+00:00,686.64300,702.83000,673.98900,701.73800,37810
2008-01-29 00:00:00+00:00,702.03700,707.94300,693.48400,703.17100,28141
2008-01-30 00:00:00+00:00,703.27100,716.06800,681.76500,683.46100,47386
2008-01-31 00:00:00+00:00,683.76100,717.60300,680.69000,710.52700,53819
2008-02-01 00:00:00+00:00,710.42700,730.70700,708.04400,730.11000,43102
2008-02-03 00:00:00+00:00,728.39400,729.59200,728.19600,728.89500,38
2008-02-04 00:00:00+00:00,728.69500,731.99500,717.85700,719.25700,22565
2008-02-05 00:00:00+00:00,719.75600,720.56500,700.03600,705.32800,39184
2008-02-06 00:00:00+00:00,705.02900,710.84200,688.00400,689.80200,34144
2008-02-07 00:00:00+00:00,689.70200,706.79200,684.13500,702.80900,44154
2008-02-08 00:00:00+00:00,703.10800,708.12100,691.36400,697.45400,34860
2008-02-10 00:00:00+00:00,697.53100,697.93000,697.23300,697.23300,14
2008-02-11 00:00:00+00:00,697.53300,703.65000,688.57400,697.17000,29551
2008-02-12 00:00:00+00:00,697.47000,712.17000,696.58700,705.09200,32335
2008-02-13 00:00:00+00:00,704.99200,721.49200,703.60100,720.59900,28239
2008-02-14 00:00:00+00:00,720.79900,724.00400,701.46700,702.07200,31343
2008-02-15 00:00:00+00:00,701.77300,706.97700,692.81800,700.00900,24453
2008-02-17 00:00:00+00:00,700.08600,700.08600,697.79000,698.89000,44
2008-02-18 00:00:00+00:00,698.99000,711.69400,698.30500,708.61100,872
2008-02-19 00:00:00+00:00,708.41100,712.92500,697.66000,704.45500,25656
2008-02-20 00:00:00+00:00,704.35600,711.78100,693.19700,711.68100,35604
2008-02-21 00:00:00+00:00,711.48200,719.29300,693.74200,696.04300,31887
2008-02-22 00:00:00+00:00,695.84400,698.45300,681.59100,693.57900,30575
2008-02-24 00:00:00+00:00,693.85600,695.75400,693.55600,695.65500,68
2008-02-25 00:00:00+00:00,695.55500,711.96500,691.58300,709.57300,30341
2008-02-26 00:00:00+00:00,709.37400,724.08400,704.60200,715.40400,32191
2008-02-27 00:00:00+00:00,715.60400,724.21800,708.73500,714.54300,27942
2008-02-28 00:00:00+00:00,714.04400,714.65600,700.29600,700.99700,27580
2008-02-29 00:00:00+00:00,700.79700,702.10900,681.95000,690.14100,29773
2008-03-02 00:00:00+00:00,687.32000,687.42000,684.42300,686.12300,119
2008-03-03 00:00:00+00:00,685.92300,688.64400,673.36500,683.56200,29791
2008-03-04 00:00:00+00:00,683.26200,685.97300,669.00400,680.60100,36844
2008-03-05 00:00:00+00:00,680.50100,688.12000,675.33400,685.33300,32811
2008-03-06 00:00:00+00:00,684.53400,689.43500,659.88500,661.98800,31529
2008-03-07 00:00:00+00:00,661.78800,669.40400,652.61500,660.02000,41938
2008-03-09 00:00:00+00:00,658.99200,659.69200,656.89500,658.59500,91
2008-03-10 00:00:00+00:00,658.49600,665.00800,641.93400,644.43800,31327
2008-03-11 00:00:00+00:00,644.73800,675.35400,644.73800,673.75800,37804
2008-03-12 00:00:00+00:00,673.45800,681.67700,665.09800,666.09800,27988
2008-03-13 00:00:00+00:00,666.39800,682.00800,653.68300,680.60500,33396
2008-03-14 00:00:00+00:00,680.40500,690.91100,654.57700,664.38600,64771
2008-03-16 00:00:00+00:00,663.57300,675.98300,657.66700,658.16700,589
2008-03-17 00:00:00+00:00,657.96700,660.96500,640.65000,654.55800,49208
2008-03-18 00:00:00+00:00,654.45800,683.27800,651.75500,681.37500,47345
2008-03-19 00:00:00+00:00,681.57500,690.37900,659.85100,660.25100,44310
2008-03-20 00:00:00+00:00,660.05100,682.36500,658.04900,676.05900,35275
2008-03-23 00:00:00+00:00,676.44100,678.44200,676.04100,678.44200,80
2008-03-24 00:00:00+00:00,678.24200,705.96000,677.64100,702.65500,26224
2008-03-25 00:00:00+00:00,702.75500,706.75300,695.04500,703.34900,30276
2008-03-26 00:00:00+00:00,703.04900,705.14600,695.94000,699.04000,24686
2008-03-27 00:00:00+00:00,698.93900,705.44100,691.92900,693.92900,28785
2008-03-28 00:00:00+00:00,693.82900,698.03000,681.91500,684.81700,22658
2008-03-30 00:00:00+00:00,685.50500,687.40600,684.20400,687.30600,52
2008-03-31 00:00:00+00:00,687.00500,694.90700,680.39700,685.39900,24909
2008-04-01 00:00:00+00:00,688.39900,711.21100,684.09500,709.50900,24023
2008-04-02 00:00:00+00:00,709.70900,717.71100,705.70400,712.10500,23765
2008-04-03 00:00:00+00:00,712.00500,717.40400,705.79700,715.40100,22055
2008-04-04 00:00:00+00:00,715.50100,721.50000,708.89200,714.49500,25381
2008-04-06 00:00:00+00:00,713.88100,714.98100,713.18000,714.68100,37
2008-04-07 00:00:00+00:00,714.58100,721.08100,709.67200,710.77200,17447
2008-04-08 00:00:00+00:00,710.87200,716.46900,706.26500,715.56800,17325
2008-04-09 00:00:00+00:00,715.76900,717.27000,696.55100,700.35200,20861
2008-04-10 00:00:00+00:00,700.45200,711.55500,695.44600,710.05200,19121
2008-04-11 00:00:00+00:00,709.15100,711.45100,685.93200,689.03300,19826
2008-04-13 00:00:00+00:00,689.02100,689.02100,685.51800,685.51800,83
2008-04-14 00:00:00+00:00,685.61800,694.61900,683.31300,687.61300,17187
2008-04-15 00:00:00+00:00,687.41300,698.41400,684.50700,696.91200,19470
2008-04-16 00:00:00+00:00,697.21200,715.41800,694.40800,713.71600,21177
2008-04-17 00:00:00+00:00,713.91600,715.11600,703.70600,714.11000,19482
2008-04-18 00:00:00+00:00,713.70900,725.31100,711.60600,717.90600,19648
2008-04-20 00:00:00+00:00,718.19300,719.09300,717.79300,719.09300,70
2008-04-21 00:00:00+00:00,718.89300,720.99200,714.38600,715.68500,15152
2008-04-22 00:00:00+00:00,715.78500,717.88300,696.87000,707.07400,22623
2008-04-23 00:00:00+00:00,706.97400,712.27200,700.86700,703.36500,19017
2008-04-24 00:00:00+00:00,703.46500,721.97000,698.35900,711.86300,26269
2008-04-25 00:00:00+00:00,711.76300,724.96500,709.95800,720.26200,20282
2008-04-27 00:00:00+00:00,721.24900,721.34900,718.94800,719.74800,48
2008-04-28 00:00:00+00:00,719.54800,729.34700,717.84300,726.24400,15767
2008-04-29 00:00:00+00:00,726.14400,726.64500,714.73400,720.13500,16346
2008-04-30 00:00:00+00:00,719.83500,728.73400,712.72600,717.32700,24586
2008-05-01 00:00:00+00:00,717.42700,730.52900,714.02200,729.92600,21005
2008-05-02 00:00:00+00:00,729.52600,738.62700,724.01900,727.92000,20702
2008-05-04 00:00:00+00:00,726.50600,726.70600,725.70500,726.20500,35
2008-05-05 00:00:00+00:00,726.00500,728.80200,720.39800,724.69800,15258
2008-05-06 00:00:00+00:00,724.79800,732.59600,718.49200,730.39400,20025
2008-05-07 00:00:00+00:00,730.49400,733.99100,714.58200,718.08200,19447
2008-05-08 00:00:00+00:00,718.28200,720.97900,713.27600,715.97500,19887
2008-05-09 00:00:00+00:00,715.87500,722.47300,711.37100,719.77100,15663
2008-05-11 00:00:00+00:00,718.65700,720.25700,718.35700,720.05700,32
2008-05-12 00:00:00+00:00,719.55700,734.45700,719.45300,733.45500,18396
2008-05-13 00:00:00+00:00,733.25500,738.15200,728.84900,735.84900,18353
2008-05-14 00:00:00+00:00,735.94900,745.24800,734.14300,734.84200,15958
2008-05-15 00:00:00+00:00,734.74200,744.24000,732.43800,741.83800,16689
2008-05-16 00:00:00+00:00,741.73800,746.63600,732.13100,740.33200,17029
2008-05-18 00:00:00+00:00,741.01800,741.01800,740.01800,740.21800,21
2008-05-19 00:00:00+00:00,740.01700,748.71500,735.71100,739.91100,20130
2008-05-20 00:00:00+00:00,739.81100,739.81100,729.00300,737.20300,24017
2008-05-21 00:00:00+00:00,737.40300,743.60100,723.29400,728.79400,29924
2008-05-22 00:00:00+00:00,729.29400,737.09200,727.19100,732.08900,21586
2008-05-23 00:00:00+00:00,731.98900,733.08800,718.38100,725.28200,19769
2008-05-25 00:00:00+00:00,723.26700,724.56800,722.16700,724.56700,28
2008-05-26 00:00:00+00:00,723.96700,725.86400,722.76500,725.16100,162
2008-05-27 00:00:00+00:00,725.06100,735.45900,721.75700,733.15600,19781
2008-05-28 00:00:00+00:00,733.45600,739.45400,730.25100,737.45000,18920
2008-05-29 00:00:00+00:00,737.35000,751.64800,735.44600,744.74500,23331
2008-05-30 00:00:00+00:00,744.54500,748.74000,742.44000,747.94000,11568
2008-06-01 00:00:00+00:00,748.72600,749.12600,747.62600,748.52500,39
2008-06-02 00:00:00+00:00,748.02500,748.22500,732.61800,740.91700,21283
2008-06-03 00:00:00+00:00,741.31700,747.31400,731.21100,738.51000,22768
2008-06-04 00:00:00+00:00,738.61000,750.60800,734.10600,742.90400,26797
2008-06-05 00:00:00+00:00,743.20400,764.80200,742.20400,764.40000,23268
2008-06-06 00:00:00+00:00,764.50000,766.99700,739.79200,740.09200,30981
2008-06-08 00:00:00+00:00,739.47800,740.57700,738.87800,739.57700,62
2008-06-09 00:00:00+00:00,740.07700,744.57400,728.47100,736.97000,30875
2008-06-10 00:00:00+00:00,736.67000,737.16500,727.26700,730.76300,25861
2008-06-11 00:00:00+00:00,730.86300,734.06100,717.80000,719.40000,26044
2008-06-12 00:00:00+00:00,719.10000,731.50200,716.89800,720.59800,15347
2008-06-13 00:00:00+00:00,720.69800,734.90100,718.69700,734.20000,19928
2008-06-15 00:00:00+00:00,733.69600,734.69600,732.89600,734.19600,36
2008-06-16 00:00:00+00:00,734.69600,741.89600,730.19400,738.59500,18105
2008-06-17 00:00:00+00:00,738.69500,744.69600,736.29300,737.69300,16678
2008-06-18 00:00:00+00:00,737.49300,739.19300,725.58800,730.68900,22224
2008-06-19 00:00:00+00:00,731.08900,738.58900,727.58700,737.28900,24766
2008-06-20 00:00:00+00:00,737.08800,738.58800,718.58200,725.78400,29193
2008-06-22 00:00:00+00:00,725.98000,727.78000,725.98000,727.28000,61
2008-06-23 00:00:00+00:00,727.18000,731.68000,715.47500,717.27500,21358
2008-06-24 00:00:00+00:00,716.97500,719.67500,706.07100,706.87100,27365
2008-06-25 00:00:00+00:00,707.37100,721.27300,706.77100,712.27000,28043
2008-06-26 00:00:00+00:00,712.67000,713.77000,695.76500,696.76500,28738
2008-06-27 00:00:00+00:00,697.06500,702.16500,691.06200,699.36400,28134
2008-06-29 00:00:00+00:00,698.85900,699.75900,698.85900,699.25900,40
2008-06-30 00:00:00+00:00,699.75900,702.05900,688.65500,690.75500,24183
2008-07-01 00:00:00+00:00,690.45500,692.05400,675.25100,690.45300,34809
2008-07-02 00:00:00+00:00,690.15300,695.45400,668.34700,669.84700,30166
2008-07-03 00:00:00+00:00,670.14700,674.14700,658.84300,664.74400,22983
2008-07-04 00:00:00+00:00,665.04400,667.44400,661.24200,661.94200,395
2008-07-06 00:00:00+00:00,662.73800,662.73800,661.23800,661.23800,58
2008-07-07 00:00:00+00:00,661.13800,671.63900,650.33400,657.53500,30168
2008-07-08 00:00:00+00:00,657.43500,683.83900,649.23300,683.03800,33896
2008-07-09 00:00:00+00:00,682.83800,684.73800,661.13200,662.83200,29968
2008-07-10 00:00:00+00:00,663.23300,676.13400,660.93100,670.03200,40519
2008-07-11 00:00:00+00:00,670.23200,679.43200,657.72800,673.73100,48668
2008-07-13 00:00:00+00:00,673.82700,680.52900,673.72700,678.82800,170
2008-07-14 00:00:00+00:00,679.42800,684.22800,659.62300,662.42300,38095
2008-07-15 00:00:00+00:00,662.12300,674.62400,646.31900,662.82100,47168
2008-07-16 00:00:00+00:00,663.02100,686.92400,656.11900,684.22300,33619
2008-07-17 00:00:00+00:00,684.02300,697.52400,682.42200,687.02200,32985
2008-07-18 00:00:00+00:00,687.12200,700.42300,685.82100,690.52100,27748
2008-07-20 00:00:00+00:00,690.71700,691.71700,690.41700,691.21700,32
2008-07-21 00:00:00+00:00,691.01700,699.91700,688.41600,692.41500,21390
2008-07-22 00:00:00+00:00,692.51500,718.71800,691.11400,716.71700,29538
2008-07-23 00:00:00+00:00,716.21700,727.21800,713.91600,721.01600,28354
2008-07-24 00:00:00+00:00,720.91600,722.91600,700.41100,705.41100,26950
2008-07-25 00:00:00+00:00,705.21100,716.21200,703.21000,708.61000,25216
2008-07-27 00:00:00+00:00,708.90600,710.10600,707.90600,707.90600,47
2008-07-28 00:00:00+00:00,708.00600,710.40500,693.60200,696.60200,21215
2008-07-29 00:00:00+00:00,696.40200,716.10400,694.90100,714.30300,22966
2008-07-30 00:00:00+00:00,713.80300,722.50300,707.70000,717.70100,24407
2008-07-31 00:00:00+00:00,717.50100,721.70100,708.39900,713.29900,26111
2008-08-01 00:00:00+00:00,713.49900,719.39800,704.59600,717.29800,29229
2008-08-03 00:00:00+00:00,717.19300,718.89400,717.19300,717.99300,61
2008-08-04 00:00:00+00:00,718.19300,718.79300,699.49000,704.89000,22098
2008-08-05 00:00:00+00:00,705.19000,721.89000,703.08900,721.49000,22872
2008-08-06 00:00:00+00:00,721.59000,728.48900,713.48800,723.28800,20669
2008-08-07 00:00:00+00:00,723.08800,726.08800,710.98500,715.38500,21928
2008-08-08 00:00:00+00:00,715.28500,735.48600,711.28300,732.08500,24785
2008-08-10 00:00:00+00:00,732.08100,732.18100,731.18100,731.78100,39
2008-08-11 00:00:00+00:00,731.88100,757.88200,730.58100,749.38100,28716
2008-08-12 00:00:00+00:00,749.28100,753.18000,742.07800,746.87800,23376
2008-08-13 00:00:00+00:00,746.67800,751.17700,736.77600,747.47600,25827
2008-08-14 00:00:00+00:00,747.17600,757.97600,742.07500,755.47500,21771
2008-08-15 00:00:00+00:00,755.77500,764.17500,746.07200,754.87300,22654
2008-08-18 00:00:00+00:00,753.86800,757.66800,736.76500,742.86500,23027
2008-08-19 00:00:00+00:00,743.16600,743.56500,725.66200,730.56200,22507
2008-08-20 00:00:00+00:00,730.26200,739.66200,723.86000,731.26000,26574
2008-08-21 00:00:00+00:00,731.06000,731.06000,721.65800,722.55800,21700
2008-08-22 00:00:00+00:00,722.75800,739.45700,721.45700,738.35700,19084
2008-08-24 00:00:00+00:00,737.85300,738.25300,735.85300,736.25300,48
2008-08-25 00:00:00+00:00,736.55300,738.35200,716.95000,721.95000,20489
2008-08-26 00:00:00+00:00,721.85000,727.04900,715.54800,723.74800,17800
2008-08-27 00:00:00+00:00,723.84800,736.34700,720.04700,730.54600,19319
2008-08-28 00:00:00+00:00,730.74600,747.84500,727.34500,744.44500,20141
2008-08-29 00:00:00+00:00,744.24500,746.14400,736.14300,739.24300,17661
2008-08-31 00:00:00+00:00,738.23800,739.53900,738.03800,738.03800,40
2008-09-01 00:00:00+00:00,738.03800,739.93600,735.43700,739.33600,400
2008-09-02 00:00:00+00:00,739.23600,755.93600,730.63400,738.73400,24946
2008-09-03 00:00:00+00:00,738.83400,748.23300,733.63300,742.03200,24306
2008-09-04 00:00:00+00:00,742.43200,743.53200,713.12900,715.72900,28017
2008-09-05 00:00:00+00:00,715.42900,722.12800,702.22700,718.52800,30798
2008-09-07 00:00:00+00:00,727.92400,735.22400,727.72400,734.12400,458
2008-09-08 00:00:00+00:00,734.02400,745.92300,722.62200,734.02200,36664
2008-09-09 00:00:00+00:00,733.92200,740.52100,706.71900,712.21900,34721
2008-09-10 00:00:00+00:00,712.11900,723.01800,705.31800,715.61700,32890
2008-09-11 00:00:00+00:00,715.81700,724.01600,699.81600,720.41500,31251
2008-09-12 00:00:00+00:00,720.11500,725.41400,711.01400,724.31400,22127
2008-09-15 00:00:00+00:00,724.30000,729.68400,698.50600,701.03300,26711
2008-09-16 00:00:00+00:00,701.12500,726.31400,685.52300,718.08100,47775
2008-09-17 00:00:00+00:00,717.35900,732.38800,679.28600,689.43000,44294
2008-09-18 00:00:00+00:00,690.94400,728.10900,676.14300,725.45800,59435
2008-09-19 00:00:00+00:00,725.65100,777.04900,725.44800,762.79300,30119
2008-09-22 00:00:00+00:00,753.80600,763.88300,726.10700,730.15500,22181
2008-09-23 00:00:00+00:00,731.46400,735.04300,713.71200,720.80400,24091
2008-09-24 00:00:00+00:00,721.30100,723.93900,705.28000,707.40000,23705
2008-09-25 00:00:00+00:00,707.49100,721.40300,705.86300,713.36800,24471
2008-09-26 00:00:00+00:00,714.16900,716.29200,696.66600,716.29200,21617
2008-09-29 00:00:00+00:00,713.00600,717.25900,653.42300,656.65700,43949
2008-09-30 00:00:00+00:00,656.14100,699.82200,656.14100,686.94600,26152
2008-10-01 00:00:00+00:00,688.86000,688.86000,670.24900,683.28600,38049
2008-10-02 00:00:00+00:00,683.27700,685.50000,640.64300,647.01800,45893
2008-10-03 00:00:00+00:00,647.71400,663.95300,621.90200,628.17400,66830
2008-10-06 00:00:00+00:00,613.17800,617.47900,568.96600,600.23100,91268
2008-10-07 00:00:00+00:00,599.81800,610.99600,557.93800,563.69900,99495
2008-10-08 00:00:00+00:00,563.69100,587.22600,534.69900,546.40500,137203
2008-10-09 00:00:00+00:00,545.68900,568.82900,489.96900,502.20500,113475
2008-10-10 00:00:00+00:00,502.40000,535.81300,467.55500,524.68000,182378
2008-10-13 00:00:00+00:00,545.12800,583.16900,537.53400,582.85900,71221
2008-10-14 00:00:00+00:00,582.85000,605.84800,543.85500,563.35400,93586
2008-10-15 00:00:00+00:00,563.34600,568.07400,494.83800,494.83800,46631
2008-10-16 00:00:00+00:00,496.24500,544.78400,486.79500,538.30900,73015
2008-10-17 00:00:00+00:00,537.08900,559.75800,518.54900,523.67200,98410
2008-10-20 00:00:00+00:00,526.52200,555.43200,523.99700,554.01200,60926
2008-10-21 00:00:00+00:00,553.09600,558.14300,532.23400,543.21800,59419
2008-10-22 00:00:00+00:00,543.21100,544.01100,495.58800,514.66000,75308
2008-10-23 00:00:00+00:00,514.65300,522.19400,469.26600,489.84600,113821
2008-10-24 00:00:00+00:00,489.73800,489.73800,443.06700,468.16800,97909
2008-10-27 00:00:00+00:00,470.32500,479.56400,442.31900,442.82100,70950
2008-10-28 00:00:00+00:00,442.81400,492.98000,442.26200,485.61100,76183
2008-10-29 00:00:00+00:00,486.20900,510.95100,478.62900,490.67400,42434
2008-10-30 00:00:00+00:00,492.68300,522.66000,491.07000,521.14200,63447
2008-10-31 00:00:00+00:00,521.13400,544.65500,508.08100,541.52100,58823
2008-11-03 00:00:00+00:00,541.83400,549.33800,536.62700,544.27100,32667
2008-11-04 00:00:00+00:00,541.64300,558.12200,536.33500,546.19700,22838
2008-11-05 00:00:00+00:00,546.08800,550.51100,511.86100,511.86100,50844
2008-11-06 00:00:00+00:00,510.94800,518.86300,496.98000,498.98800,62472
2008-11-07 00:00:00+00:00,498.47700,515.72700,494.88700,511.99500,52484
2008-11-10 00:00:00+00:00,524.09900,527.48700,490.51600,497.75500,40092
2008-11-11 00:00:00+00:00,496.84100,502.66800,481.59100,483.28300,46066
2008-11-12 00:00:00+00:00,482.97500,492.02700,446.78500,448.59600,50107
2008-11-13 00:00:00+00:00,450.90300,497.81600,433.04600,492.27800,94064
2008-11-14 00:00:00+00:00,492.27100,492.27100,448.15200,452.87400,75082
2008-11-17 00:00:00+00:00,446.28400,466.73900,445.04200,452.55000,61913
2008-11-18 00:00:00+00:00,452.54300,460.83600,431.07700,455.89200,66694
2008-11-19 00:00:00+00:00,455.88600,456.57100,412.00900,414.51700,69039
2008-11-20 00:00:00+00:00,415.21400,419.68700,381.29700,386.81900,51861
2008-11-21 00:00:00+00:00,387.31500,408.86100,370.90000,404.33600,90099
2008-11-24 00:00:00+00:00,405.70200,440.79000,398.25000,434.25700,62466
2008-11-25 00:00:00+00:00,434.75300,448.36900,426.56700,437.09700,58646
2008-11-26 00:00:00+00:00,437.09100,470.95700,426.11200,467.54400,50919
2008-11-27 00:00:00+00:00,467.23100,469.18800,460.80200,469.18800,483
2008-11-28 00:00:00+00:00,469.06100,476.63200,461.69200,473.01900,17944
2008-12-01 00:00:00+00:00,468.12700,472.01700,413.60400,420.21800,55237
2008-12-02 00:00:00+00:00,422.11800,444.72200,418.86900,441.00600,65050
2008-12-03 00:00:00+00:00,441.00000,458.80000,429.93000,454.97000,52788
2008-12-04 00:00:00+00:00,454.96300,464.03900,431.54500,440.86100,72639
2008-12-05 00:00:00+00:00,441.55600,462.64400,422.97000,458.42800,84010
2008-12-08 00:00:00+00:00,456.86800,485.35800,456.86800,476.83400,62159
2008-12-09 00:00:00+00:00,477.02800,493.90700,461.84300,470.84600,63337
2008-12-10 00:00:00+00:00,470.74000,484.30900,466.97400,475.27500,53220
2008-12-11 00:00:00+00:00,474.60000,477.11100,438.42200,444.95100,29949
2008-12-12 00:00:00+00:00,443.44200,473.65700,427.77100,472.45000,63519
2008-12-15 00:00:00+00:00,474.11400,476.21900,443.66900,457.02300,49980
2008-12-16 00:00:00+00:00,456.11700,483.51400,455.21300,480.40000,56063
2008-12-17 00:00:00+00:00,480.39800,493.23500,472.95900,483.59100,47298
2008-12-18 00:00:00+00:00,483.59000,494.62100,470.82000,485.47800,45778
2008-12-19 00:00:00+00:00,485.57600,497.91300,479.83500,484.95400,47741
2008-12-22 00:00:00+00:00,490.12900,491.33400,458.79000,477.66100,40256
2008-12-23 00:00:00+00:00,477.55900,481.86300,464.39000,466.69800,31801
2008-12-24 00:00:00+00:00,466.69600,473.20700,463.17000,472.60300,10199
2008-12-26 00:00:00+00:00,473.07000,478.38100,468.74700,475.16800,10004
2008-12-29 00:00:00+00:00,473.01500,477.41900,459.55100,469.68400,20203
2008-12-30 00:00:00+00:00,470.28400,486.62400,468.56600,486.52300,17944
2008-12-31 00:00:00+00:00,486.01900,504.76700,482.69500,495.43400,26243
2009-01-02 00:00:00+00:00,493.79400,508.63500,493.58900,502.01200,24642
2009-01-05 00:00:00+00:00,501.86400,510.18100,494.92800,504.45200,35549
2009-01-06 00:00:00+00:00,504.14900,520.28400,502.93800,511.35200,34593
2009-01-07 00:00:00+00:00,511.35000,513.15500,490.76600,499.39100,38809
2009-01-08 00:00:00+00:00,499.69000,502.48500,491.05100,501.57600,30119
2009-01-09 00:00:00+00:00,501.57400,505.07300,477.38000,478.88300,39279
2009-01-12 00:00:00+00:00,477.53400,481.63500,465.48200,469.09000,25305
2009-01-13 00:00:00+00:00,469.28900,476.69800,462.36000,473.28200,35370
2009-01-14 00:00:00+00:00,473.17900,475.78600,448.89100,449.49200,40449
2009-01-15 00:00:00+00:00,450.59400,465.11900,437.74300,463.81300,52642
2009-01-16 00:00:00+00:00,463.91100,470.82000,449.55700,464.59600,42000
2009-01-19 00:00:00+00:00,471.26900,471.76900,456.51700,460.82800,926
2009-01-20 00:00:00+00:00,456.81000,462.81900,428.01800,433.43000,45581
2009-01-21 00:00:00+00:00,433.83000,459.57900,430.10800,458.67600,41873
2009-01-22 00:00:00+00:00,458.07300,460.17400,433.49700,444.72000,30319
2009-01-23 00:00:00+00:00,444.71900,450.41800,426.66300,440.89100,49658
2009-01-26 00:00:00+00:00,436.03800,458.88100,433.02700,448.85100,42269
2009-01-27 00:00:00+00:00,448.84900,458.55700,447.23400,457.55100,37141
2009-01-28 00:00:00+00:00,456.84800,475.27400,456.74700,472.76500,37295
2009-01-29 00:00:00+00:00,472.76300,472.86100,452.20000,455.60600,33648
2009-01-30 00:00:00+00:00,455.60400,460.00200,440.65500,445.96500,41685
2009-02-02 00:00:00+00:00,444.52000,451.61900,434.99100,448.41000,35517
2009-02-03 00:00:00+00:00,448.40900,455.80700,444.28800,450.59500,38332
2009-02-04 00:00:00+00:00,450.59300,461.30200,444.76300,444.76300,34560
2009-02-05 00:00:00+00:00,444.76200,460.47600,441.94500,452.55800,46155
2009-02-06 00:00:00+00:00,452.85700,471.97800,449.34000,469.97100,39642
2009-02-09 00:00:00+00:00,466.32000,471.21600,462.00100,466.30100,21509
2009-02-10 00:00:00+00:00,466.70000,470.99600,444.04500,447.75000,54447
2009-02-11 00:00:00+00:00,447.74800,451.74300,440.82100,448.73100,32395
2009-02-12 00:00:00+00:00,448.73000,454.42200,434.19100,453.51900,49429
2009-02-13 00:00:00+00:00,453.31700,456.91000,443.08400,445.48800,38461
2009-02-16 00:00:00+00:00,441.74000,443.53600,436.52000,436.82000,451
2009-02-17 00:00:00+00:00,436.81300,438.51500,425.88200,427.28200,49173
2009-02-18 00:00:00+00:00,426.58000,434.78000,418.15300,420.35400,44056
2009-02-19 00:00:00+00:00,420.55300,429.35400,415.83100,416.53100,33638
2009-02-20 00:00:00+00:00,416.52900,416.82900,401.49700,410.20400,46605
2009-02-23 00:00:00+00:00,407.76300,418.67000,394.43400,399.03700,43887
2009-02-24 00:00:00+00:00,398.83600,413.53700,395.62200,410.43100,42635
2009-02-25 00:00:00+00:00,410.43000,411.82400,394.40100,399.20200,49866
2009-02-26 00:00:00+00:00,399.20000,407.20000,391.57900,393.37900,37000
2009-02-27 00:00:00+00:00,393.37700,398.56900,383.75900,386.65500,51727
2009-03-02 00:00:00+00:00,383.41600,384.21600,366.78900,369.89000,42514
2009-03-03 00:00:00+00:00,370.48900,376.58500,353.96300,355.76300,46559
2009-03-04 00:00:00+00:00,355.76200,375.86300,355.76200,368.15600,45234
2009-03-05 00:00:00+00:00,368.05400,369.25500,348.22800,352.42900,38747
2009-03-06 00:00:00+00:00,352.32800,358.12300,342.20900,353.71400,42288
2009-03-09 00:00:00+00:00,356.78400,356.98400,341.76400,343.86300,41103
2009-03-10 00:00:00+00:00,344.06200,369.76000,343.26000,366.55800,40207
2009-03-11 00:00:00+00:00,365.85600,377.15100,362.64200,365.54100,37550
2009-03-12 00:00:00+00:00,365.40000,393.51800,360.03500,391.29600,23665
2009-03-13 00:00:00+00:00,391.39300,397.22800,387.53700,394.79200,33011
2009-03-16 00:00:00+00:00,391.08800,402.15500,385.21100,388.83800,35317
2009-03-17 00:00:00+00:00,389.94400,408.06500,383.87400,406.85200,33303
2009-03-18 00:00:00+00:00,406.54700,422.44900,399.36600,420.02400,48313
2009-03-19 00:00:00+00:00,420.02100,425.54500,411.93100,412.52700,20859
2009-03-20 00:00:00+00:00,412.62400,419.45900,399.48900,400.99900,30634
2009-03-23 00:00:00+00:00,403.54500,438.08200,402.63800,434.25000,37953
2009-03-24 00:00:00+00:00,434.24600,434.24600,416.17400,416.98000,31146
2009-03-25 00:00:00+00:00,419.59700,434.78900,409.69300,429.74000,46285
2009-03-26 00:00:00+00:00,429.23300,448.54500,429.23300,445.62000,53546
2009-03-27 00:00:00+00:00,446.22100,446.22100,429.76800,432.68600,35961
2009-03-30 00:00:00+00:00,431.09500,431.09500,409.01500,418.06800,36403
2009-03-31 00:00:00+00:00,419.47500,434.85400,417.25000,419.84400,38594
2009-04-01 00:00:00+00:00,418.93500,431.29200,412.56900,430.27900,23353
2009-04-02 00:00:00+00:00,430.47800,457.33500,429.67100,453.50000,27433
2009-04-03 00:00:00+00:00,452.79200,460.71200,445.01400,459.50200,18335
2009-04-06 00:00:00+00:00,461.53000,463.84100,441.57200,450.12000,19476
2009-04-07 00:00:00+00:00,449.91500,451.71900,432.36900,434.68100,18507
2009-04-08 00:00:00+00:00,435.38200,443.90400,427.12400,442.59300,19349
2009-04-09 00:00:00+00:00,442.58900,471.53700,441.78400,467.81400,18677
2009-04-13 00:00:00+00:00,465.37000,471.57200,458.00100,467.24300,16553
2009-04-14 00:00:00+00:00,466.83700,469.33100,453.22300,454.12600,21612
2009-04-15 00:00:00+00:00,453.31800,463.14100,450.07700,461.22800,20030
2009-04-16 00:00:00+00:00,460.62000,478.58800,455.88000,472.24800,23913
2009-04-17 00:00:00+00:00,471.74200,484.27900,469.71500,478.34100,16909
2009-04-20 00:00:00+00:00,476.34200,477.03300,453.08500,457.40400,16237
2009-04-21 00:00:00+00:00,458.00400,472.04400,450.84400,468.92300,21000
2009-04-22 00:00:00+00:00,468.92000,483.15900,461.55900,470.99300,26030
2009-04-23 00:00:00+00:00,470.98900,475.89400,460.20200,469.34400,25822
2009-04-24 00:00:00+00:00,469.34000,484.07900,463.70300,480.05400,26444
2009-04-27 00:00:00+00:00,468.70600,478.93300,466.97300,471.08600,21156
2009-04-28 00:00:00+00:00,471.08200,480.99600,463.83600,472.15000,20895
2009-04-29 00:00:00+00:00,472.14600,496.72400,471.14100,492.19800,22844
2009-04-30 00:00:00+00:00,491.79200,503.31500,483.61700,484.52100,22995
2009-05-01 00:00:00+00:00,485.32100,493.72500,484.58300,488.79600,18006
2009-05-04 00:00:00+00:00,490.81500,507.64700,488.89800,506.33900,17372
2009-05-05 00:00:00+00:00,506.23400,507.22000,496.56800,505.59000,17009
2009-05-06 00:00:00+00:00,505.58700,512.48800,495.32000,506.14800,22869
2009-05-07 00:00:00+00:00,506.04400,514.45200,489.14400,497.57100,21926
2009-05-08 00:00:00+00:00,498.67200,512.68700,496.63800,509.57200,24090
2009-05-11 00:00:00+00:00,506.76800,507.96300,497.91200,503.21500,16626
2009-05-12 00:00:00+00:00,503.31200,508.81300,487.12600,498.25400,19407
2009-05-13 00:00:00+00:00,498.25100,500.15000,472.13200,474.83500,19346
2009-05-14 00:00:00+00:00,474.83100,487.74000,470.69400,479.70800,19177
2009-05-15 00:00:00+00:00,480.10600,484.29300,472.75000,477.26000,17823
2009-05-18 00:00:00+00:00,475.26500,495.98800,472.25400,494.28000,17504
2009-05-19 00:00:00+00:00,494.27600,499.57200,488.03400,491.12800,16521
2009-05-20 00:00:00+00:00,491.42500,506.94000,488.27900,488.57800,18707
2009-05-21 00:00:00+00:00,488.27400,489.06300,474.10400,484.42400,19196
2009-05-22 00:00:00+00:00,483.51900,488.01400,475.56300,477.26700,14581
2009-05-25 00:00:00+00:00,477.57700,480.18200,471.96000,479.45400,357
2009-05-26 00:00:00+00:00,479.43900,501.45400,470.60200,499.74300,21025
2009-05-27 00:00:00+00:00,499.23800,503.21600,489.68200,491.18200,16512
2009-05-28 00:00:00+00:00,490.97800,497.06500,480.43200,491.03800,21497
2009-05-29 00:00:00+00:00,490.93400,504.82400,489.72900,503.11700,19275
2009-06-01 00:00:00+00:00,501.52200,523.32600,500.41800,518.80800,16899
2009-06-02 00:00:00+00:00,518.40400,529.68500,515.78700,526.97400,16666
2009-06-03 00:00:00+00:00,526.97100,529.26100,516.82200,525.02500,13541
2009-06-04 00:00:00+00:00,524.52100,532.29200,520.28800,532.08800,14173
2009-06-05 00:00:00+00:00,532.08400,542.57300,526.24100,531.34100,19185
2009-06-08 00:00:00+00:00,528.84000,532.10500,519.59900,526.29500,15843
2009-06-09 00:00:00+00:00,526.79100,531.96000,522.97900,526.04900,14380
2009-06-10 00:00:00+00:00,525.74400,535.93100,515.10100,525.70200,16987
2009-06-11 00:00:00+00:00,525.30000,533.31900,521.87200,523.47000,11889
2009-06-12 00:00:00+00:00,523.46800,526.96500,517.42700,525.05300,12294
2009-06-15 00:00:00+00:00,522.09000,522.29100,506.30400,512.52600,14004
2009-06-16 00:00:00+00:00,512.52400,517.13100,501.55900,502.76100,14746
2009-06-17 00:00:00+00:00,503.06000,512.18200,498.42700,506.05200,17830
2009-06-18 00:00:00+00:00,507.15500,511.55700,501.21600,509.74400,13548
2009-06-19 00:00:00+00:00,510.14400,517.46100,509.12200,511.62900,12945
2009-06-22 00:00:00+00:00,513.38300,514.58600,492.08200,494.38900,14605
2009-06-23 00:00:00+00:00,494.68800,498.19100,487.03900,488.64400,15235
2009-06-24 00:00:00+00:00,488.84200,500.77600,487.33400,495.44800,14017
2009-06-25 00:00:00+00:00,495.24500,509.88300,488.80700,508.07400,15545
2009-06-26 00:00:00+00:00,508.07200,513.77500,503.64200,509.05500,13740
2009-06-29 00:00:00+00:00,508.50400,513.80800,501.96600,510.08900,12803
2009-06-30 00:00:00+00:00,510.38800,514.38900,505.65600,508.05800,14614
2009-07-01 00:00:00+00:00,508.25700,520.58700,506.84600,516.46500,12540
2009-07-02 00:00:00+00:00,516.46300,516.46300,496.57300,499.28200,13648
2009-07-03 00:00:00+00:00,499.07700,501.78000,497.96500,498.56100,428
2009-07-06 00:00:00+00:00,496.19900,497.10100,485.95000,495.17500,12670
2009-07-07 00:00:00+00:00,494.97200,497.17000,482.91300,485.52000,13125
2009-07-08 00:00:00+00:00,484.91600,488.22000,472.15800,479.97900,18025
2009-07-09 00:00:00+00:00,479.77700,485.58400,477.35600,479.15400,13779
2009-07-10 00:00:00+00:00,479.15300,482.45100,472.71800,480.03500,16517
2009-07-13 00:00:00+00:00,480.59100,493.41200,473.65700,493.10900,15533
2009-07-14 00:00:00+00:00,493.10700,502.21500,489.28200,501.01100,15042
2009-07-15 00:00:00+00:00,500.50700,516.03500,500.00400,514.22700,12701
2009-07-16 00:00:00+00:00,514.02400,523.63300,510.10500,519.31800,12178
2009-07-17 00:00:00+00:00,519.31600,522.71300,516.49600,520.59800,9899
2009-07-20 00:00:00+00:00,518.94400,527.44700,518.84300,524.63700,12625
2009-07-21 00:00:00+00:00,524.63500,531.34000,517.39900,527.42100,13898
2009-07-22 00:00:00+00:00,527.31900,531.91400,520.78900,526.59400,12982
2009-07-23 00:00:00+00:00,526.49200,548.13100,525.98900,539.60400,14227
2009-07-24 00:00:00+00:00,539.60200,550.00700,538.79500,549.50500,10804
2009-07-27 00:00:00+00:00,547.74800,553.55700,543.92300,550.63200,12293
2009-07-28 00:00:00+00:00,550.02800,553.02100,543.19500,550.00500,13747
2009-07-29 00:00:00+00:00,549.70200,551.09100,543.58100,549.98000,12981
2009-07-30 00:00:00+00:00,549.97800,564.09500,548.97300,554.76500,14937
2009-07-31 00:00:00+00:00,556.16600,562.66200,552.64500,555.64200,14775
2009-08-03 00:00:00+00:00,556.19000,565.88900,554.68500,565.18500,13794
2009-08-04 00:00:00+00:00,564.98300,572.98100,558.76000,572.47500,13412
2009-08-05 00:00:00+00:00,572.27200,572.76000,559.62800,563.73100,15642
2009-08-06 00:00:00+00:00,563.72800,570.12700,555.69300,557.59300,15432
2009-08-07 00:00:00+00:00,558.19200,578.21100,555.27600,569.99100,17511
2009-08-10 00:00:00+00:00,569.53100,575.12900,566.41600,572.41700,12750
2009-08-11 00:00:00+00:00,571.51300,574.81000,559.47300,563.67500,13562
2009-08-12 00:00:00+00:00,563.37300,578.27700,558.95700,572.06300,16111
2009-08-13 00:00:00+00:00,573.76400,579.56100,566.83700,577.24600,14678
2009-08-14 00:00:00+00:00,576.94300,578.84500,557.49200,565.40000,16114
2009-08-17 00:00:00+00:00,564.54500,564.54500,546.20100,547.69700,16436
2009-08-18 00:00:00+00:00,548.89600,558.49200,548.29100,556.68400,11645
2009-08-19 00:00:00+00:00,556.08100,562.37300,547.65500,562.16600,12596
2009-08-20 00:00:00+00:00,561.86300,569.25200,558.04400,567.24700,12625
2009-08-21 00:00:00+00:00,567.84600,583.45000,562.73400,581.43900,12783
2009-08-24 00:00:00+00:00,585.48300,587.07500,577.65700,580.15700,11938
2009-08-25 00:00:00+00:00,579.05400,589.14900,577.04500,583.03400,14117
2009-08-26 00:00:00+00:00,581.53000,587.12000,579.71300,584.20800,14080
2009-08-27 00:00:00+00:00,583.60500,586.19400,571.37700,583.18000,16033
2009-08-28 00:00:00+00:00,583.07800,591.27100,575.85300,578.95000,14972
2009-08-31 00:00:00+00:00,578.99400,580.99500,568.36600,571.96400,13961
2009-09-01 00:00:00+00:00,571.76200,580.65300,556.02800,557.22700,24675
2009-09-02 00:00:00+00:00,557.12400,560.41900,553.70600,554.49900,15020
2009-09-03 00:00:00+00:00,555.09700,562.18100,551.17900,561.07800,14598
2009-09-04 00:00:00+00:00,561.07600,570.46300,557.75900,568.45900,16059
2009-09-07 00:00:00+00:00,567.30200,573.88900,567.10100,573.08800,597
2009-09-08 00:00:00+00:00,572.07800,576.97100,569.06100,575.45500,12426
2009-09-09 00:00:00+00:00,575.35300,589.54000,572.04300,585.23300,15430
2009-09-10 00:00:00+00:00,584.93000,594.61100,581.21400,593.50900,11147
2009-09-11 00:00:00+00:00,593.30000,599.61500,590.86300,593.16900,12896
2009-09-14 00:00:00+00:00,591.39000,600.91300,585.95800,598.49800,12091
2009-09-15 00:00:00+00:00,598.39400,607.01200,595.46500,603.99200,13159
2009-09-16 00:00:00+00:00,604.19100,618.13500,603.78500,617.52900,11848
2009-09-17 00:00:00+00:00,618.12900,623.73800,613.27900,617.79600,13498
2009-09-18 00:00:00+00:00,616.98900,620.99100,612.44500,617.56000,12700
2009-09-21 00:00:00+00:00,616.58200,619.46900,610.94000,616.65100,11584
2009-09-22 00:00:00+00:00,617.15100,623.65500,616.92900,621.84200,11007
2009-09-23 00:00:00+00:00,622.24100,627.23800,614.07200,615.07400,14626
2009-09-24 00:00:00+00:00,615.07100,619.77500,598.36500,601.47400,18657
2009-09-25 00:00:00+00:00,601.17000,606.18500,595.92200,600.03400,14949
2009-09-28 00:00:00+00:00,599.56100,617.11600,596.34400,614.09600,12604
2009-09-29 00:00:00+00:00,614.09400,618.79500,609.14100,609.84300,13604
2009-09-30 00:00:00+00:00,610.24200,614.84400,596.36000,604.08300,21639
2009-10-01 00:00:00+00:00,604.17500,606.48000,583.56200,585.76900,20805
2009-10-02 00:00:00+00:00,585.36400,586.65700,575.90400,581.61800,20081
2009-10-05 00:00:00+00:00,582.15200,593.47300,580.92800,591.66100,16097
2009-10-06 00:00:00+00:00,590.85500,605.19300,590.75300,601.26700,16199
2009-10-07 00:00:00+00:00,601.36500,606.35500,598.43500,606.05300,12722
2009-10-08 00:00:00+00:00,606.35100,613.75700,604.22200,609.03000,14364
2009-10-09 00:00:00+00:00,609.12800,615.52500,605.99800,614.92200,10921
2009-10-12 00:00:00+00:00,615.95100,621.15500,611.70800,613.71100,8712
2009-10-13 00:00:00+00:00,613.90900,620.30200,606.36000,618.69500,14139
2009-10-14 00:00:00+00:00,616.78500,625.18700,615.86000,621.97200,12942
2009-10-15 00:00:00+00:00,622.17000,625.05200,617.93700,623.34200,9654
2009-10-16 00:00:00+00:00,623.53900,626.43900,611.67600,615.47900,14374
2009-10-19 00:00:00+00:00,614.40300,625.61800,611.79300,623.20100,13012
2009-10-20 00:00:00+00:00,623.69900,626.59200,609.92900,614.63700,14145
2009-10-21 00:00:00+00:00,614.33300,624.34500,598.85400,603.96800,19570
2009-10-22 00:00:00+00:00,603.96500,616.47700,597.72500,615.57100,17882
2009-10-23 00:00:00+00:00,615.56800,617.75600,599.68900,601.99400,20370
2009-10-26 00:00:00+00:00,602.02300,611.83200,592.06500,595.47200,20316
2009-10-27 00:00:00+00:00,595.16800,599.26400,586.11400,588.11700,23942
2009-10-28 00:00:00+00:00,588.41500,589.01700,565.62300,567.72500,23262
2009-10-29 00:00:00+00:00,568.02400,582.13800,567.02000,578.32300,17128
2009-10-30 00:00:00+00:00,578.22000,578.61500,559.34400,564.15200,27890
2009-11-02 00:00:00+00:00,566.39000,571.08200,552.83100,563.35300,27535
2009-11-03 00:00:00+00:00,564.35300,570.54200,554.41400,569.03500,21183
2009-11-04 00:00:00+00:00,570.43600,576.33100,561.78800,565.19400,25553
2009-11-05 00:00:00+00:00,564.38900,581.40400,560.77000,580.29800,17023
2009-11-06 00:00:00+00:00,579.69400,585.48900,571.95800,580.16500,19801
2009-11-09 00:00:00+00:00,581.40000,592.29800,581.09100,590.38900,12644
2009-11-10 00:00:00+00:00,590.08600,594.57600,583.14800,589.15300,14434
2009-11-11 00:00:00+00:00,589.35100,597.84900,587.32200,592.52700,14009
2009-11-12 00:00:00+00:00,594.22800,596.81200,579.27000,581.47100,16960
2009-11-13 00:00:00+00:00,580.76700,589.06100,575.63800,587.15000,15552
2009-11-16 00:00:00+00:00,589.38500,606.18900,589.38400,601.07500,14915
2009-11-17 00:00:00+00:00,600.87200,604.15200,596.64300,601.14100,11248
2009-11-18 00:00:00+00:00,602.54100,603.32700,595.20400,601.60800,12030
2009-11-19 00:00:00+00:00,600.50300,600.60400,581.05000,584.84700,16046
2009-11-20 00:00:00+00:00,586.24600,587.22900,578.51900,585.31500,11370
2009-11-23 00:00:00+00:00,587.64900,602.25000,586.94700,594.12800,13337
2009-11-24 00:00:00+00:00,593.22400,596.91300,585.29300,592.59200,15455
2009-11-25 00:00:00+00:00,592.79000,598.17900,591.46000,592.55900,9404
2009-11-26 00:00:00+00:00,592.45600,593.65700,571.40800,572.20900,1481
2009-11-27 00:00:00+00:00,572.09700,585.59300,559.47300,573.97600,12851
2009-11-30 00:00:00+00:00,577.60600,581.20900,567.17400,578.57700,17421
2009-12-01 00:00:00+00:00,580.17600,591.26100,578.17300,588.95400,14303
2009-12-02 00:00:00+00:00,589.45200,600.84200,586.53500,597.12800,13659
2009-12-03 00:00:00+00:00,597.72600,602.41100,587.08700,587.98700,13306
2009-12-04 00:00:00+00:00,587.58400,607.67900,587.58400,603.46600,22398
2009-12-07 00:00:00+00:00,604.59500,606.77600,596.87900,605.86500,11345
2009-12-08 00:00:00+00:00,606.36200,606.74900,592.13500,597.62600,15498
2009-12-09 00:00:00+00:00,597.82300,602.71000,591.30100,597.79200,13818
2009-12-10 00:00:00+00:00,599.39000,603.37500,592.06000,597.25800,10258
2009-12-11 00:00:00+00:00,597.00000,602.51300,593.76000,601.29300,11191
2009-12-14 00:00:00+00:00,605.43900,610.34300,598.68900,609.13400,10129
2009-12-15 00:00:00+00:00,610.03600,614.23700,606.79900,608.89900,10132
2009-12-16 00:00:00+00:00,608.29200,615.41000,607.88400,612.08100,11086
2009-12-17 00:00:00+00:00,612.27900,613.68600,600.79600,608.22700,13551
2009-12-18 00:00:00+00:00,607.92200,613.63800,601.86900,612.31400,12758
2009-12-21 00:00:00+00:00,611.84000,619.86000,611.22600,618.34000,8982
2009-12-22 00:00:00+00:00,619.84500,626.14500,618.01600,625.23900,7816
2009-12-23 00:00:00+00:00,625.33700,634.04600,624.51200,633.74500,7914
2009-12-24 00:00:00+00:00,633.13900,636.22900,632.71700,635.72600,2726
2009-12-28 00:00:00+00:00,634.40300,637.50800,630.96000,634.57200,4502
2009-12-29 00:00:00+00:00,635.37200,637.76700,633.13100,633.53100,3920
2009-12-30 00:00:00+00:00,631.82000,636.11900,627.67600,634.19900,6867
2009-12-31 00:00:00+00:00,635.10000,636.78600,623.72000,627.83800,4984
2010-01-04 00:00:00+00:00,630.03600,641.46100,628.42100,639.64300,9788
2010-01-05 00:00:00+00:00,639.74100,642.83100,635.70300,638.40200,9092
2010-01-06 00:00:00+00:00,638.60000,642.19500,635.87600,638.86900,9516
2010-01-07 00:00:00+00:00,639.26700,643.15300,632.21800,641.94500,12294
2010-01-08 00:00:00+00:00,642.14300,646.82900,637.70600,646.62700,9198
2010-01-11 00:00:00+00:00,649.46300,651.36600,640.29700,642.00100,9150
2010-01-12 00:00:00+00:00,642.19900,643.39600,633.14000,637.95000,11961
2010-01-13 00:00:00+00:00,638.65000,645.94700,633.00800,642.83200,11479
2010-01-14 00:00:00+00:00,644.03400,649.42200,641.00200,649.31900,9447
2010-01-15 00:00:00+00:00,647.81100,648.89400,633.13400,639.05000,14679
2010-01-18 00:00:00+00:00,637.56700,643.96600,637.36600,643.86500,870
2010-01-19 00:00:00+00:00,643.75200,649.74200,637.21200,648.03300,11518
2010-01-20 00:00:00+00:00,648.53200,648.93300,632.15600,640.37200,15062
2010-01-21 00:00:00+00:00,640.46900,645.26400,626.29300,626.49200,21487
2010-01-22 00:00:00+00:00,627.69300,631.59400,614.82400,617.73000,24434
2010-01-25 00:00:00+00:00,621.56900,624.36300,613.42200,618.62800,16231
2010-01-26 00:00:00+00:00,618.92600,620.40600,611.29500,611.97400,15421
2010-01-27 00:00:00+00:00,612.67300,619.46500,607.13700,618.85900,22330
2010-01-28 00:00:00+00:00,619.25800,624.56600,602.18700,608.09500,21847
2010-01-29 00:00:00+00:00,606.38700,616.99600,599.74000,600.84100,21791
2010-02-01 00:00:00+00:00,602.17400,609.36600,599.96700,608.05800,13983
2010-02-02 00:00:00+00:00,608.55700,615.74700,605.43800,614.94100,13109
2010-02-03 00:00:00+00:00,613.53500,616.32200,605.79300,614.30500,13761
2010-02-04 00:00:00+00:00,613.30000,613.59700,589.71500,591.21500,21029
2010-02-05 00:00:00+00:00,591.31300,593.90100,579.76100,592.08400,27527
2010-02-08 00:00:00+00:00,589.70400,595.80100,585.67300,586.87300,15248
2010-02-09 00:00:00+00:00,587.97300,598.27200,586.97000,594.65700,21029
2010-02-10 00:00:00+00:00,595.05500,597.43500,586.31700,594.52300,16244
2010-02-11 00:00:00+00:00,595.72300,608.21900,589.39100,606.81400,15342
2010-02-12 00:00:00+00:00,605.80900,612.89500,597.67400,612.79400,16375
2010-02-15 00:00:00+00:00,611.31800,613.19900,610.00600,612.49700,572
2010-02-16 00:00:00+00:00,612.08500,620.77100,610.46200,620.66800,10239
2010-02-17 00:00:00+00:00,620.66500,626.34500,619.44000,625.84200,11076
2010-02-18 00:00:00+00:00,624.83700,629.91600,622.21300,625.10500,11449
2010-02-19 00:00:00+00:00,625.60300,633.69200,621.68700,631.68000,10593
2010-02-22 00:00:00+00:00,632.70200,635.29400,629.88300,632.37500,8004
2010-02-23 00:00:00+00:00,632.47200,636.36600,622.83500,626.33100,13060
2010-02-24 00:00:00+00:00,626.82300,633.21500,623.61300,628.59900,10898
2010-02-25 00:00:00+00:00,624.28500,630.87000,619.26500,630.46600,13985
2010-02-26 00:00:00+00:00,631.16400,633.16500,623.93400,629.73000,13224
2010-03-01 00:00:00+00:00,631.25100,642.83600,630.23900,642.43600,13253
2010-03-02 00:00:00+00:00,642.33300,650.71400,640.81900,648.90600,10384
2010-03-03 00:00:00+00:00,649.40300,654.28500,646.88200,651.07100,9217
2010-03-04 00:00:00+00:00,649.86700,653.64000,647.35600,652.63600,8209
2010-03-05 00:00:00+00:00,653.73400,666.61500,652.73000,665.60900,10920
2010-03-08 00:00:00+00:00,665.03100,668.51200,663.81400,666.49800,9526
2010-03-09 00:00:00+00:00,665.89400,674.17200,663.37600,669.56200,11496
2010-03-10 00:00:00+00:00,669.55900,678.23900,668.14700,674.92700,12779
2010-03-11 00:00:00+00:00,674.60000,676.79100,667.07000,675.98700,6224
2010-03-12 00:00:00+00:00,676.18600,679.48500,670.66100,676.17000,9177
2010-03-15 00:00:00+00:00,675.63100,676.12200,668.00000,673.40900,8690
2010-03-16 00:00:00+00:00,673.40700,679.10700,671.49200,679.00500,8776
2010-03-17 00:00:00+00:00,679.10400,686.91000,678.50200,682.49600,9500
2010-03-18 00:00:00+00:00,683.49600,685.99100,679.47200,679.97100,9033
2010-03-19 00:00:00+00:00,679.46800,683.26700,669.52900,671.63200,11567
2010-03-22 00:00:00+00:00,667.88300,683.20800,665.67300,682.40400,11111
2010-03-23 00:00:00+00:00,682.40200,690.70700,679.18300,689.30200,12025
2010-03-24 00:00:00+00:00,688.59800,689.69500,682.06800,682.66800,11912
2010-03-25 00:00:00+00:00,683.06700,693.27800,677.13700,677.43800,14400
2010-03-26 00:00:00+00:00,677.23600,685.44300,675.31800,678.32200,13486
2010-03-29 00:00:00+00:00,680.58900,683.89000,677.76900,682.17500,9985
2010-03-30 00:00:00+00:00,682.37400,686.97400,678.35400,683.76000,11236
2010-03-31 00:00:00+00:00,682.25600,687.75400,677.02900,679.03200,13504
2010-04-01 00:00:00+00:00,679.43200,686.53600,676.81200,684.22500,11258
2010-04-02 00:00:00+00:00,684.02300,685.61600,681.30800,685.41600,373
2010-04-05 00:00:00+00:00,686.27200,696.87800,683.75700,696.57600,8700
2010-04-06 00:00:00+00:00,695.67300,702.57100,692.45600,700.46500,9083
2010-04-07 00:00:00+00:00,699.86200,702.55400,694.03600,698.74300,12295
2010-04-08 00:00:00+00:00,698.44100,701.63200,691.01600,698.42300,11641
2010-04-09 00:00:00+00:00,698.62200,703.61500,694.40300,703.11300,10268
2010-04-12 00:00:00+00:00,706.08000,706.78000,700.65900,703.95800,9011
2010-04-13 00:00:00+00:00,703.95700,708.64900,698.83600,707.94700,8781
2010-04-14 00:00:00+00:00,707.74500,722.55300,707.04300,722.25200,10240
2010-04-15 00:00:00+00:00,721.44900,725.34400,718.63700,723.03400,10158
2010-04-16 00:00:00+00:00,721.63000,724.42400,709.09600,714.30000,21656
2010-04-19 00:00:00+00:00,712.15700,717.35400,700.82600,712.34000,17231
2010-04-20 00:00:00+00:00,712.83900,723.83900,710.33300,723.63800,11432
2010-04-21 00:00:00+00:00,722.93600,726.72600,718.61400,721.81600,13590
2010-04-22 00:00:00+00:00,722.01500,734.41800,713.99200,730.81100,19102
2010-04-23 00:00:00+00:00,730.00800,741.60900,727.39800,740.70600,13861
2010-04-26 00:00:00+00:00,739.36200,746.06000,737.04100,737.34100,13123
2010-04-27 00:00:00+00:00,737.03900,741.93400,719.59900,720.99900,23913
2010-04-28 00:00:00+00:00,722.29900,727.19500,718.68200,724.38400,21675
2010-04-29 00:00:00+00:00,724.38300,739.38500,722.97600,738.98400,15988
2010-04-30 00:00:00+00:00,737.78100,740.47700,714.73400,717.23600,22233
2010-05-03 00:00:00+00:00,719.89900,732.59900,717.39300,730.79500,14445
2010-05-04 00:00:00+00:00,730.59300,731.79400,704.54600,709.85000,27411
2010-05-05 00:00:00+00:00,709.64800,713.54500,693.31800,700.02000,30702
2010-05-06 00:00:00+00:00,700.71900,703.31400,630.82400,667.16300,67264
2010-05-07 00:00:00+00:00,667.66200,676.16300,645.42700,653.53000,76071
2010-05-10 00:00:00+00:00,664.50500,691.32700,664.10500,689.21500,27513
2010-05-11 00:00:00+00:00,688.21200,704.61500,677.59300,690.79800,27270
2010-05-12 00:00:00+00:00,689.69500,716.40700,685.68700,713.10100,23857
2010-05-13 00:00:00+00:00,712.39900,720.39500,705.07600,709.87900,22329
2010-05-14 00:00:00+00:00,709.77700,712.97600,685.33900,695.64700,33012
2010-05-17 00:00:00+00:00,694.90700,705.00500,676.57900,696.49100,30554
2010-05-18 00:00:00+00:00,695.98900,707.18800,678.05800,679.15900,31401
2010-05-19 00:00:00+00:00,677.65600,687.15300,664.83300,675.23700,39091
2010-05-20 00:00:00+00:00,676.23600,676.93100,634.38800,635.88900,54279
2010-05-21 00:00:00+00:00,636.48800,655.39100,626.47100,651.18300,47423
2010-05-24 00:00:00+00:00,647.54400,652.93700,637.22200,638.12200,27017
2010-05-25 00:00:00+00:00,637.92100,646.11000,615.99700,645.00900,41271
2010-05-26 00:00:00+00:00,644.70800,658.40500,634.68600,635.68600,31904
2010-05-27 00:00:00+00:00,639.38700,670.39100,638.48500,668.88900,24986
2010-05-28 00:00:00+00:00,668.98700,672.28000,656.06600,660.46700,26447
2010-05-30 00:00:00+00:00,660.33000,664.03100,659.93000,663.33100,66
2010-05-31 00:00:00+00:00,664.23100,666.43200,662.91900,663.91900,480
2010-06-01 00:00:00+00:00,663.31300,663.40200,639.18700,639.28600,26256
2010-06-02 00:00:00+00:00,642.28600,660.27700,638.87400,659.57700,20388
2010-06-03 00:00:00+00:00,658.37500,669.66500,657.27400,667.56300,22219
2010-06-04 00:00:00+00:00,667.46100,670.85500,632.23300,637.03300,30187
2010-06-07 00:00:00+00:00,633.09600,640.89000,616.87800,617.97700,26687
2010-06-08 00:00:00+00:00,619.17600,625.87300,605.66100,616.46000,35148
2010-06-09 00:00:00+00:00,615.75800,632.75100,610.55000,616.64300,29735
2010-06-10 00:00:00+00:00,617.54200,639.43300,616.44100,637.23100,16820
2010-06-11 00:00:00+00:00,637.10000,649.23100,630.05100,647.01800,18474
2010-06-13 00:00:00+00:00,648.86500,652.88100,646.45400,652.88100,134
2010-06-14 00:00:00+00:00,652.58000,664.11200,649.86200,653.55500,18100
2010-06-15 00:00:00+00:00,653.55300,670.80400,652.74100,665.77900,17659
2010-06-16 00:00:00+00:00,665.67600,672.78300,659.53200,665.64700,16593
2010-06-17 00:00:00+00:00,664.94100,673.06000,658.59400,667.12100,19266
2010-06-18 00:00:00+00:00,667.52000,672.72300,663.48400,665.78400,14969
2010-06-20 00:00:00+00:00,667.82900,675.35800,667.82900,675.35800,133
2010-06-21 00:00:00+00:00,675.25800,678.86500,656.05100,662.07300,17670
2010-06-22 00:00:00+00:00,662.77300,669.88500,644.46900,644.97100,23779
2010-06-23 00:00:00+00:00,645.57100,651.57100,636.91700,642.22900,24629
2010-06-24 00:00:00+00:00,642.52700,646.13400,632.66800,636.57500,25607
2010-06-25 00:00:00+00:00,636.47200,647.89600,630.43500,645.38000,25370
2010-06-27 00:00:00+00:00,645.21800,647.52700,645.21800,645.71900,41
2010-06-28 00:00:00+00:00,646.01800,651.21800,637.66800,642.27600,18093
2010-06-29 00:00:00+00:00,642.67500,645.58400,612.33400,615.34300,30147
2010-06-30 00:00:00+00:00,616.04300,624.85900,607.38400,607.88500,26098
2010-07-01 00:00:00+00:00,609.18700,612.48300,589.59600,604.84500,33463
2010-07-02 00:00:00+00:00,605.74600,614.26200,594.68600,596.98900,24570
2010-07-04 00:00:00+00:00,597.23100,597.93400,596.32700,597.63000,43
2010-07-05 00:00:00+00:00,597.32900,599.62900,595.40600,596.30700,885
2010-07-06 00:00:00+00:00,594.08900,614.34300,586.74100,592.25700,25092
2010-07-07 00:00:00+00:00,592.35500,615.00900,586.32300,613.80200,20823
2010-07-08 00:00:00+00:00,613.19800,621.90300,610.67000,621.09800,19393
2010-07-09 00:00:00+00:00,620.39300,629.90000,617.56800,627.79000,14128
2010-07-11 00:00:00+00:00,625.62300,627.62900,625.62300,626.32300,36
2010-07-12 00:00:00+00:00,626.52400,632.22500,616.47300,625.69400,16658
2010-07-13 00:00:00+00:00,626.19300,647.53300,622.17100,646.73000,19318
2010-07-14 00:00:00+00:00,646.82800,647.32900,635.06700,640.37900,16983
2010-07-15 00:00:00+00:00,640.37700,645.97800,626.41600,634.93200,21681
2010-07-16 00:00:00+00:00,634.93000,636.12000,608.72700,609.82700,24384
2010-07-18 00:00:00+00:00,609.96900,610.56900,608.16300,610.36800,80
2010-07-19 00:00:00+00:00,610.06700,615.67000,601.62400,608.53600,17433
2010-07-20 00:00:00+00:00,609.13500,627.76200,601.89900,624.95300,20335
2010-07-21 00:00:00+00:00,624.85000,629.94800,611.08800,612.08700,22988
2010-07-22 00:00:00+00:00,613.48900,637.02900,611.17700,633.61600,21314
2010-07-23 00:00:00+00:00,635.01800,653.53900,629.68600,653.53900,24844
2010-07-25 00:00:00+00:00,651.37100,652.97500,651.06900,652.07000,64
2010-07-26 00:00:00+00:00,652.27100,665.47800,649.44600,665.07500,15978
2010-07-27 00:00:00+00:00,664.37000,673.17400,660.23700,662.63700,18111
2010-07-28 00:00:00+00:00,662.73400,666.33400,647.97300,651.57800,18165
2010-07-29 00:00:00+00:00,651.97700,660.27900,639.62600,650.54500,21389
2010-07-30 00:00:00+00:00,649.33900,656.33700,638.39600,651.21500,24684
2010-08-01 00:00:00+00:00,652.25500,654.05900,652.25500,653.95700,38
2010-08-02 00:00:00+00:00,654.05700,665.56300,654.05700,660.24200,16749
2010-08-03 00:00:00+00:00,660.94100,665.53000,651.10100,658.10600,17578
2010-08-04 00:00:00+00:00,657.80200,664.89900,653.38000,663.58600,15694
2010-08-05 00:00:00+00:00,663.48300,665.97400,654.83900,656.33900,15328
2010-08-06 00:00:00+00:00,656.43700,658.72500,638.38100,652.80100,24043
2010-08-08 00:00:00+00:00,652.23700,653.33900,650.03000,650.03000,49
2010-08-09 00:00:00+00:00,649.93000,661.12600,649.52900,659.72000,10572
2010-08-10 00:00:00+00:00,659.81700,660.21800,641.06000,647.46600,22447
2010-08-11 00:00:00+00:00,646.06100,646.06100,611.37300,611.87300,23520
2010-08-12 00:00:00+00:00,613.57300,621.36800,606.94600,616.65200,20376
2010-08-13 00:00:00+00:00,617.35000,622.35100,608.40900,608.40900,17845
2010-08-15 00:00:00+00:00,609.95300,610.35300,607.44700,607.94700,41
2010-08-16 00:00:00+00:00,608.04700,618.94400,603.32400,616.13300,17911
2010-08-17 00:00:00+00:00,614.82900,631.13100,613.82700,625.71800,16859
2010-08-18 00:00:00+00:00,625.51500,633.90500,618.88800,623.48500,18333
2010-08-19 00:00:00+00:00,622.28000,629.77500,608.84200,610.93800,24515
2010-08-20 00:00:00+00:00,611.43600,613.83000,600.70200,611.80900,16350
2010-08-22 00:00:00+00:00,611.45000,614.15300,610.95000,613.25100,52
2010-08-23 00:00:00+00:00,612.85000,618.64000,601.31200,601.81000,16101
2010-08-24 00:00:00+00:00,600.90600,602.59000,587.07400,594.47300,22886
2010-08-25 00:00:00+00:00,595.77200,606.06000,587.34600,605.15600,21344
2010-08-26 00:00:00+00:00,606.05400,612.04300,597.72300,598.32000,19852
2010-08-27 00:00:00+00:00,599.71900,618.21300,594.59700,617.91100,24970
2010-08-29 00:00:00+00:00,616.75000,621.05400,616.75000,619.85100,56
2010-08-30 00:00:00+00:00,619.75100,625.05300,601.00900,601.10800,15184
2010-08-31 00:00:00+00:00,601.80600,608.49000,595.29200,604.38200,23726
2010-09-01 00:00:00+00:00,604.27900,626.67200,604.17000,624.16700,18763
2010-09-02 00:00:00+00:00,624.16500,633.14700,620.85500,632.54300,14037
2010-09-03 00:00:00+00:00,631.54000,644.43200,630.13200,643.22200,17147
2010-09-05 00:00:00+00:00,642.15800,644.05700,642.15800,644.05700,18
2010-09-06 00:00:00+00:00,643.15600,646.74100,642.75500,644.33700,840
2010-09-07 00:00:00+00:00,643.42500,646.32500,627.99300,630.89100,15061
2010-09-08 00:00:00+00:00,630.68900,639.17300,626.87500,635.66300,14280
2010-09-09 00:00:00+00:00,635.26000,644.84700,629.53500,634.13200,11886
2010-09-10 00:00:00+00:00,633.90000,640.00800,632.27800,635.98600,11082
2010-09-12 00:00:00+00:00,638.24700,641.65900,638.24700,641.15600,138
2010-09-13 00:00:00+00:00,641.25600,653.58000,640.55200,652.67400,12930
2010-09-14 00:00:00+00:00,651.36800,654.96400,646.43700,648.23500,14440
2010-09-15 00:00:00+00:00,647.63100,654.33400,641.89800,653.63000,14814
2010-09-16 00:00:00+00:00,652.82500,653.22600,642.37200,650.19400,14957
2010-09-17 00:00:00+00:00,651.09500,656.80600,641.04700,649.36700,19546
2010-09-19 00:00:00+00:00,647.91500,649.82100,647.41200,647.71200,104
2010-09-20 00:00:00+00:00,648.31400,670.56600,647.99900,666.95300,15923
2010-09-21 00:00:00+00:00,667.65300,672.95000,663.71900,664.42000,18169
2010-09-22 00:00:00+00:00,664.51800,668.62700,651.76000,658.87800,18398
2010-09-23 00:00:00+00:00,658.67500,661.87000,646.61800,649.42400,18471
2010-09-24 00:00:00+00:00,648.31900,671.06900,647.81700,669.96400,15463
2010-09-26 00:00:00+00:00,670.01500,674.22700,670.01500,672.82100,165
2010-09-27 00:00:00+00:00,672.72100,673.32200,665.28200,668.98700,12490
2010-09-28 00:00:00+00:00,667.78100,676.58700,657.63700,674.67900,22692
2010-09-29 00:00:00+00:00,674.67700,679.77500,670.75700,677.66300,16260
2010-09-30 00:00:00+00:00,677.26000,685.77000,669.72100,675.43200,24775
2010-10-01 00:00:00+00:00,676.43200,682.83700,672.70600,679.91900,18971
2010-10-03 00:00:00+00:00,681.17300,681.67400,677.36100,677.86200,62
2010-10-04 00:00:00+00:00,678.26300,681.25700,664.81000,670.01800,17086
2010-10-05 00:00:00+00:00,670.51700,690.35000,669.00900,688.94400,18354
2010-10-06 00:00:00+00:00,690.04400,691.83900,682.20300,686.21100,13129
2010-10-07 00:00:00+00:00,685.90800,693.61500,679.17300,686.18600,16361
2010-10-08 00:00:00+00:00,686.68500,696.79000,676.94700,692.77900,17704
2010-10-10 00:00:00+00:00,693.42800,695.83200,693.32800,695.53100,68
2010-10-11 00:00:00+00:00,695.33100,698.62000,691.30500,693.70400,10051
2010-10-12 00:00:00+00:00,693.70100,698.09200,684.06300,695.38200,16854
2010-10-13 00:00:00+00:00,695.27900,711.59900,693.97600,707.38500,15696
2010-10-14 00:00:00+00:00,707.68300,712.18500,698.94200,709.86500,20000
2010-10-15 00:00:00+00:00,707.85800,713.35700,698.82100,705.02700,22005
2010-10-17 00:00:00+00:00,704.77500,704.77500,703.06900,703.16900,63
2010-10-18 00:00:00+00:00,703.26900,710.26300,698.65600,705.55100,13489
2010-10-19 00:00:00+00:00,705.74900,708.54300,689.39200,695.50300,24671
2010-10-20 00:00:00+00:00,694.19800,706.30700,693.39600,703.39400,16652
2010-10-21 00:00:00+00:00,703.49200,710.99300,689.54400,697.85700,22223
2010-10-22 00:00:00+00:00,698.45600,704.24600,696.54200,703.24200,10834
2010-10-24 00:00:00+00:00,703.89200,705.39400,703.08900,704.79100,78
2010-10-25 00:00:00+00:00,704.69100,717.50100,704.69100,707.57300,14049
2010-10-26 00:00:00+00:00,706.86900,711.56000,699.64100,707.14600,13372
2010-10-27 00:00:00+00:00,709.04800,710.04900,695.00500,704.71600,15992
2010-10-28 00:00:00+00:00,705.41500,711.31200,697.18200,698.97900,16050
2010-10-29 00:00:00+00:00,699.27800,706.47100,693.55700,703.26100,14085
2010-10-31 00:00:00+00:00,702.80900,709.91900,702.40800,708.21600,167
2010-11-01 00:00:00+00:00,708.41600,711.40600,692.46800,700.17800,17156
2010-11-02 00:00:00+00:00,700.47700,715.17800,699.97600,714.17600,14872
2010-11-03 00:00:00+00:00,715.97600,717.75700,704.43700,717.25400,21511
2010-11-04 00:00:00+00:00,717.75300,733.75600,716.64500,732.55200,14117
2010-11-05 00:00:00+00:00,732.75000,739.54400,729.13200,737.43200,13705
2010-11-07 00:00:00+00:00,736.07500,736.57500,734.07200,736.47400,70
2010-11-08 00:00:00+00:00,736.57500,738.65700,730.74800,735.14700,10564
2010-11-09 00:00:00+00:00,734.14300,739.93500,722.80500,726.20700,13306
2010-11-10 00:00:00+00:00,727.60700,734.99400,720.58200,727.48200,16044
2010-11-11 00:00:00+00:00,728.78200,734.76900,724.06000,731.96100,13793
2010-11-12 00:00:00+00:00,730.75700,731.25800,718.21800,718.51800,19189
2010-11-14 00:00:00+00:00,718.46400,720.46600,718.46400,719.76500,41
2010-11-15 00:00:00+00:00,720.26500,727.95500,717.15200,718.73800,14750
2010-11-16 00:00:00+00:00,717.83500,720.13300,700.59500,706.89800,24637
2010-11-17 00:00:00+00:00,706.99600,709.78800,703.17700,707.97300,14075
2010-11-18 00:00:00+00:00,709.37300,725.07200,709.17200,722.66300,14055
2010-11-19 00:00:00+00:00,722.16000,725.44100,714.43700,724.73800,12056
2010-11-21 00:00:00+00:00,726.28600,749.70800,726.28600,729.88900,235
2010-11-22 00:00:00+00:00,729.68800,730.38800,716.45600,728.46200,14591
2010-11-23 00:00:00+00:00,726.45700,726.75700,713.92900,718.62600,17711
2010-11-24 00:00:00+00:00,721.92700,737.21700,717.61400,736.71500,13807
2010-11-25 00:00:00+00:00,735.81200,739.29700,734.60300,738.69700,720
2010-11-26 00:00:00+00:00,738.48700,738.68700,727.06600,731.16200,6924
2010-11-28 00:00:00+00:00,733.70400,737.60700,733.10400,733.80300,209
2010-11-29 00:00:00+00:00,733.90300,737.49600,719.07600,731.87600,18998
2010-11-30 00:00:00+00:00,731.77400,734.06400,720.65100,726.04500,18019
2010-12-01 00:00:00+00:00,726.54300,744.93600,724.44100,742.52800,14901
2010-12-02 00:00:00+00:00,742.62600,753.10700,740.91000,752.70600,13478
2010-12-03 00:00:00+00:00,751.50300,757.88400,744.58500,756.88100,12784
2010-12-05 00:00:00+00:00,755.12400,757.32400,755.02400,757.12400,54
2010-12-06 00:00:00+00:00,757.32400,762.30200,750.00800,758.89800,9081
2010-12-07 00:00:00+00:00,758.89500,771.27800,758.69400,762.67100,15675
2010-12-08 00:00:00+00:00,763.26900,768.95500,760.76000,766.64400,11985
2010-12-09 00:00:00+00:00,767.04200,771.73400,763.62300,766.21600,8220
2010-12-10 00:00:00+00:00,766.00000,776.40400,764.69500,774.80100,8663
2010-12-12 00:00:00+00:00,775.38800,775.48800,772.68500,773.18500,76
2010-12-13 00:00:00+00:00,773.48600,778.88600,770.07600,771.77700,8653
2010-12-14 00:00:00+00:00,771.27600,774.37500,768.86800,771.57000,9002
2010-12-15 00:00:00+00:00,770.36800,777.77000,766.35900,769.06100,12065
2010-12-16 00:00:00+00:00,767.35900,776.96200,765.75300,775.55900,12310
2010-12-17 00:00:00+00:00,774.65800,778.85600,770.15000,776.55300,9859
2010-12-19 00:00:00+00:00,777.53900,778.84000,777.53900,778.33900,43
2010-12-20 00:00:00+00:00,778.54000,785.03900,774.13500,779.23300,9538
2010-12-21 00:00:00+00:00,779.63300,789.83600,779.23300,789.63400,6894
2010-12-22 00:00:00+00:00,789.33300,792.23100,787.62800,788.52600,6075
2010-12-23 00:00:00+00:00,789.12600,791.62400,786.61800,787.71900,4626
2010-12-26 00:00:00+00:00,785.59500,785.59500,783.49300,784.49400,68
2010-12-27 00:00:00+00:00,784.59400,791.59300,783.49000,790.39100,4288
2010-12-28 00:00:00+00:00,790.89100,792.38900,785.78300,786.98100,5481
2010-12-29 00:00:00+00:00,787.28100,790.67900,787.28000,788.67500,3840
2010-12-30 00:00:00+00:00,788.07400,792.77300,786.57200,788.16700,4787
2010-12-31 00:00:00+00:00,788.36700,789.46600,781.85600,785.65900,6233
2011-01-02 00:00:00+00:00,785.24300,785.94400,784.34300,785.14300,47
2011-01-03 00:00:00+00:00,785.04300,800.84900,784.04200,795.24300,11438
2011-01-04 00:00:00+00:00,795.84300,799.54100,776.02400,784.02800,15849
2011-01-05 00:00:00+00:00,783.02700,794.02800,777.42000,792.52600,12670
2011-01-06 00:00:00+00:00,791.92500,797.32500,786.71600,791.01800,11653
2011-01-07 00:00:00+00:00,790.81700,794.71600,774.50200,784.90700,18732
2011-01-09 00:00:00+00:00,784.49200,784.49200,782.99100,783.39100,53
2011-01-10 00:00:00+00:00,783.29100,793.49100,776.38200,790.18800,18713
2011-01-11 00:00:00+00:00,789.68700,797.48700,788.58600,794.18300,12049
2011-01-12 00:00:00+00:00,794.58300,801.88300,794.08100,801.28000,10056
2011-01-13 00:00:00+00:00,800.97900,803.47600,795.97000,802.87400,10073
2011-01-14 00:00:00+00:00,801.47200,807.27000,795.66500,806.36900,9593
2011-01-16 00:00:00+00:00,805.95300,807.65400,805.55300,805.95300,60
2011-01-17 00:00:00+00:00,805.45300,805.95300,798.54400,800.14400,1313
2011-01-18 00:00:00+00:00,801.24200,810.34100,799.03700,808.64000,10685
2011-01-19 00:00:00+00:00,808.73900,809.93800,783.92000,784.61900,17695
2011-01-20 00:00:00+00:00,786.12000,787.52000,773.60800,777.40800,20613
2011-01-21 00:00:00+00:00,774.50600,783.50700,771.39900,771.59800,12947
2011-01-23 00:00:00+00:00,772.38400,772.98400,770.88300,771.58300,61
2011-01-24 00:00:00+00:00,771.88400,780.98200,769.77900,777.07900,12985
2011-01-25 00:00:00+00:00,777.57900,779.87800,769.77000,779.17300,13961
2011-01-26 00:00:00+00:00,778.97200,794.17500,777.76800,791.47200,18654
2011-01-27 00:00:00+00:00,791.67100,797.06800,787.66400,792.26500,13687
2011-01-28 00:00:00+00:00,792.36400,794.86100,773.25000,774.04900,21894
2011-01-30 00:00:00+00:00,774.03500,774.03500,767.83200,770.43300,252
2011-01-31 00:00:00+00:00,770.23300,785.23400,770.03300,780.83000,16508
2011-02-01 00:00:00+00:00,781.63000,800.63300,781.63000,797.63000,15219
2011-02-02 00:00:00+00:00,797.52900,801.82700,794.22400,795.72200,12009
2011-02-03 00:00:00+00:00,795.62100,798.91800,785.31300,796.61500,16343
2011-02-04 00:00:00+00:00,796.51400,800.01200,792.70800,799.00800,12890
2011-02-06 00:00:00+00:00,798.49300,798.99300,798.49300,798.49300,18
2011-02-07 00:00:00+00:00,798.59300,812.79300,796.79000,805.78900,13504
2011-02-08 00:00:00+00:00,806.18800,813.08400,803.58300,812.48300,10864
2011-02-09 00:00:00+00:00,811.68300,813.37800,804.37400,808.67500,13543
2011-02-10 00:00:00+00:00,807.77400,813.07100,802.46800,809.76800,14749
2011-02-11 00:00:00+00:00,809.66700,823.16400,805.96300,822.86400,12591
2011-02-13 00:00:00+00:00,821.14800,822.44900,820.74800,822.34900,63
2011-02-14 00:00:00+00:00,822.24800,826.34400,820.34700,822.84100,9507
2011-02-15 00:00:00+00:00,823.04100,825.23900,818.53300,820.23300,10174
2011-02-16 00:00:00+00:00,820.63200,828.53000,820.33200,826.62700,10716
2011-02-17 00:00:00+00:00,825.92600,835.52300,824.32200,832.92100,10014
2011-02-18 00:00:00+00:00,832.62000,838.01600,830.81400,834.71400,8844
2011-02-20 00:00:00+00:00,834.29800,834.59800,833.39800,833.39800,35
2011-02-21 00:00:00+00:00,833.19800,836.29500,828.69100,829.09100,1437
2011-02-22 00:00:00+00:00,827.98800,830.58400,811.17800,811.37800,20281
2011-02-23 00:00:00+00:00,813.67800,819.57500,793.06800,798.46700,24314
2011-02-24 00:00:00+00:00,798.86700,807.36400,789.46300,803.06100,26641
2011-02-25 00:00:00+00:00,804.56100,822.85800,801.96000,822.45700,15668
2011-02-27 00:00:00+00:00,821.34200,822.04200,819.54100,819.64100,86
2011-02-28 00:00:00+00:00,820.24100,829.93900,816.13500,823.53500,15593
2011-03-01 00:00:00+00:00,824.33400,830.33200,801.22400,801.82400,23283
2011-03-02 00:00:00+00:00,803.42300,813.92000,800.72200,809.81700,20485
2011-03-03 00:00:00+00:00,810.71700,830.51400,809.71400,829.51200,16742
2011-03-04 00:00:00+00:00,829.61200,832.00800,816.50400,825.40400,19336
2011-03-06 00:00:00+00:00,825.38900,827.48900,824.88900,825.58900,46
2011-03-07 00:00:00+00:00,825.48900,829.78500,804.08100,810.08000,25426
2011-03-08 00:00:00+00:00,811.27900,828.47600,805.57400,824.27300,20532
2011-03-09 00:00:00+00:00,823.87300,827.87000,817.66800,818.56500,18761
2011-03-10 00:00:00+00:00,818.36500,818.66500,796.75800,798.55600,21259
2011-03-11 00:00:00+00:00,798.50000,805.10000,786.58900,800.29600,20636
2011-03-13 00:00:00+00:00,797.68200,800.18300,790.57700,794.27900,429
2011-03-14 00:00:00+00:00,793.67800,801.18000,787.07000,797.47600,22302
2011-03-15 00:00:00+00:00,793.67200,795.47400,770.75400,786.96200,29765
2011-03-16 00:00:00+00:00,789.16300,794.16300,775.24900,777.34900,43183
2011-03-17 00:00:00+00:00,779.35000,793.15700,776.54800,782.04700,22915
2011-03-18 00:00:00+00:00,781.24600,793.55000,780.54500,793.34900,18304
2011-03-20 00:00:00+00:00,792.53600,796.53900,792.23600,796.03800,160
2011-03-21 00:00:00+00:00,796.23800,812.44400,794.03600,811.94300,15736
2011-03-22 00:00:00+00:00,811.04200,814.64200,804.73300,806.23300,12534
2011-03-23 00:00:00+00:00,805.53200,811.83100,796.32200,807.82800,17461
2011-03-24 00:00:00+00:00,808.82800,818.52900,806.82400,817.52800,15142
2011-03-25 00:00:00+00:00,817.32700,830.53100,815.62300,822.22500,16904
2011-03-27 00:00:00+00:00,820.01100,823.01200,819.71000,822.91200,158
2011-03-28 00:00:00+00:00,822.81200,827.51200,817.30300,817.90300,10835
2011-03-29 00:00:00+00:00,817.50200,829.20400,815.69800,828.70300,12857
2011-03-30 00:00:00+00:00,828.20300,839.90400,827.70200,839.20300,12350
2011-03-31 00:00:00+00:00,839.10300,843.50000,836.49800,842.49900,10806
2011-04-01 00:00:00+00:00,843.49900,850.19900,842.09700,845.79400,12000
2011-04-03 00:00:00+00:00,845.68200,846.98200,844.88100,846.48100,53
2011-04-04 00:00:00+00:00,846.58100,849.47900,844.07900,849.47700,9301
2011-04-05 00:00:00+00:00,848.67600,857.27600,844.97000,850.57100,11823
2011-04-06 00:00:00+00:00,850.47100,858.57100,848.66500,852.26600,12037
2011-04-07 00:00:00+00:00,852.16500,857.46400,845.75700,848.45700,17724
2011-04-08 00:00:00+00:00,848.65700,853.25600,835.64500,838.54500,14728
2011-04-10 00:00:00+00:00,839.53300,842.83500,839.53300,842.33400,154
2011-04-11 00:00:00+00:00,842.23400,842.73400,828.62200,830.62200,13617
2011-04-12 00:00:00+00:00,830.52200,830.52200,818.81000,820.81100,16288
2011-04-13 00:00:00+00:00,821.71100,827.51000,816.20400,820.40500,16234
2011-04-14 00:00:00+00:00,820.60400,827.20200,813.79800,827.20200,17415
2011-04-15 00:00:00+00:00,827.40100,834.89900,821.99500,834.39900,13528
2011-04-17 00:00:00+00:00,834.38600,834.38600,832.98500,833.38500,68
2011-04-18 00:00:00+00:00,833.08500,834.28500,813.77100,820.57300,23285
2011-04-19 00:00:00+00:00,820.07300,826.57200,816.16600,825.06900,13543
2011-04-20 00:00:00+00:00,824.76800,842.27000,824.16800,841.67000,14797
2011-04-21 00:00:00+00:00,841.77000,845.56800,836.86400,841.16400,11045
2011-04-24 00:00:00+00:00,840.94400,844.04500,840.24400,843.84500,109
2011-04-25 00:00:00+00:00,844.04500,846.04300,837.23800,842.63800,8332
2011-04-26 00:00:00+00:00,842.93800,856.33900,839.13500,849.53500,12886
2011-04-27 00:00:00+00:00,849.83400,858.03200,848.12900,857.73100,12016
2011-04-28 00:00:00+00:00,856.93100,867.62900,854.12600,858.82500,12210
2011-04-29 00:00:00+00:00,859.32500,866.52200,857.52200,865.32100,9467
2011-05-01 00:00:00+00:00,865.40800,867.10800,863.90700,864.80700,167
2011-05-02 00:00:00+00:00,865.20700,872.30900,852.39700,852.99700,13684
2011-05-03 00:00:00+00:00,851.89600,854.59300,836.78600,841.48700,17169
2011-05-04 00:00:00+00:00,842.28600,846.08500,826.67700,831.47700,20668
2011-05-05 00:00:00+00:00,832.87700,840.17500,823.37000,830.37000,25069
2011-05-06 00:00:00+00:00,828.96900,842.97000,827.66400,829.46400,23691
2011-05-08 00:00:00+00:00,830.95100,835.45300,830.85100,834.35200,130
2011-05-09 00:00:00+00:00,834.55200,843.24900,828.84700,842.64800,15784
2011-05-10 00:00:00+00:00,842.24800,855.84600,839.54600,854.84600,14031
2011-05-11 00:00:00+00:00,855.54500,857.94300,834.73500,836.53400,18758
2011-05-12 00:00:00+00:00,836.83300,848.93200,829.02800,847.33000,22717
2011-05-13 00:00:00+00:00,846.83000,852.32800,832.12100,832.72000,20864
2011-05-15 00:00:00+00:00,832.40700,832.40700,827.90600,828.90600,171
2011-05-16 00:00:00+00:00,828.80600,838.40400,817.09700,819.19800,21281
2011-05-17 00:00:00+00:00,818.19700,824.49600,813.29200,821.49200,22452
2011-05-18 00:00:00+00:00,821.29100,834.48900,819.18800,833.88900,15408
2011-05-19 00:00:00+00:00,834.08800,839.28600,826.68200,834.68200,17671
2011-05-20 00:00:00+00:00,834.88200,837.78000,822.47500,825.87400,18074
2011-05-22 00:00:00+00:00,824.96100,825.96200,821.26100,824.86100,238
2011-05-23 00:00:00+00:00,824.76100,824.96100,811.55300,812.25300,16796
2011-05-24 00:00:00+00:00,812.15200,819.05000,807.64600,808.64600,15591
2011-05-25 00:00:00+00:00,808.24500,822.44300,800.64300,817.64100,17437
2011-05-26 00:00:00+00:00,817.94100,832.53800,815.93700,832.33700,17475
2011-05-27 00:00:00+00:00,832.53700,839.03400,830.13400,837.03200,12442
2011-05-29 00:00:00+00:00,837.01900,837.11900,836.01900,836.61800,41
2011-05-30 00:00:00+00:00,837.01900,839.21700,835.21400,837.11400,667
2011-05-31 00:00:00+00:00,838.61200,850.50900,837.40800,849.70800,16651
2011-06-01 00:00:00+00:00,851.50700,852.10700,819.69800,819.99800,22040
2011-06-02 00:00:00+00:00,820.39600,826.09400,815.39300,820.69200,21031
2011-06-03 00:00:00+00:00,818.49000,819.99000,806.18600,807.78400,20409
2011-06-06 00:00:00+00:00,807.17000,810.06800,794.16500,795.06500,18583
2011-06-07 00:00:00+00:00,796.96300,803.66000,795.35900,798.75900,15425
2011-06-08 00:00:00+00:00,794.95700,797.75600,784.75200,786.45200,20589
2011-06-09 00:00:00+00:00,788.35000,796.74700,786.84800,790.84600,12355
2011-06-10 00:00:00+00:00,790.80000,795.12100,778.66700,782.18400,15967
2011-06-13 00:00:00+00:00,781.94000,788.46500,775.65700,780.48200,17143
2011-06-14 00:00:00+00:00,784.69800,798.97100,784.27700,797.64900,13614
2011-06-15 00:00:00+00:00,794.91200,796.22100,778.85100,782.37000,22264
2011-06-16 00:00:00+00:00,784.47000,790.68300,774.15400,785.02700,24375
2011-06-17 00:00:00+00:00,785.71600,794.86300,779.93300,783.85500,19506
2011-06-20 00:00:00+00:00,780.58900,793.74900,776.25100,791.82100,14807
2011-06-21 00:00:00+00:00,791.30200,809.38900,790.89900,807.26600,16678
2011-06-22 00:00:00+00:00,804.43000,812.75700,799.14600,799.95000,15632
2011-06-23 00:00:00+00:00,797.71800,806.73900,784.40100,804.92000,29167
2011-06-24 00:00:00+00:00,807.92400,810.93000,796.10400,799.21600,22435
2011-06-27 00:00:00+00:00,799.27100,808.98700,795.72200,808.78500,15879
2011-06-28 00:00:00+00:00,808.66800,822.20600,804.21900,821.90400,14750
2011-06-29 00:00:00+00:00,820.47800,828.91300,816.02200,824.05100,19469
2011-06-30 00:00:00+00:00,824.24700,832.34800,823.03500,829.41900,13680
2011-07-01 00:00:00+00:00,829.71500,844.25200,827.96600,841.53200,13348
2011-07-03 00:00:00+00:00,841.69200,844.10300,840.98800,842.49200,62
2011-07-04 00:00:00+00:00,842.39000,844.76100,840.06000,844.05600,734
2011-07-05 00:00:00+00:00,844.53500,846.28800,839.46200,846.08200,11911
2011-07-06 00:00:00+00:00,846.07600,851.34400,840.00000,851.34400,14618
2011-07-07 00:00:00+00:00,851.33800,863.85900,850.10900,861.93600,13576
2011-07-08 00:00:00+00:00,861.62800,864.91100,847.10200,856.53600,17275
2011-07-10 00:00:00+00:00,855.29000,855.29000,850.56000,851.86600,184
2011-07-11 00:00:00+00:00,852.06700,852.97200,834.41400,835.71500,16301
2011-07-12 00:00:00+00:00,836.81600,841.19500,819.80200,832.33000,21263
2011-07-13 00:00:00+00:00,832.12300,848.36500,831.41900,833.36800,18604
2011-07-14 00:00:00+00:00,835.17200,845.18400,823.76400,828.17400,25568
2011-07-15 00:00:00+00:00,826.56000,833.43900,824.73000,832.73000,18890
2011-07-17 00:00:00+00:00,832.09200,832.59400,830.88200,831.38300,101
2011-07-18 00:00:00+00:00,831.28200,831.28200,812.54600,819.06200,18308
2011-07-19 00:00:00+00:00,819.76000,837.18900,819.15600,835.07200,16080
2011-07-20 00:00:00+00:00,835.87000,839.85600,829.19800,830.88400,13495
2011-07-21 00:00:00+00:00,834.79700,846.00700,827.63500,844.37900,18404
2011-07-22 00:00:00+00:00,844.97600,847.26200,836.79800,842.40200,11466
2011-07-24 00:00:00+00:00,837.04200,837.04200,830.51400,834.22500,264
2011-07-25 00:00:00+00:00,834.12400,840.21000,829.96800,835.06600,14233
2011-07-26 00:00:00+00:00,834.35700,839.45900,824.45600,825.55900,15459
2011-07-27 00:00:00+00:00,825.55300,827.23400,800.59300,801.49300,20129
2011-07-28 00:00:00+00:00,800.88500,811.88600,797.54300,799.92200,18090
2011-07-29 00:00:00+00:00,799.91600,803.79100,783.31300,800.35900,29015
2011-07-31 00:00:00+00:00,807.55600,811.07000,806.65100,808.55500,315
2011-08-01 00:00:00+00:00,808.55500,811.83000,786.42300,791.93300,28320
2011-08-02 00:00:00+00:00,793.43300,798.61500,765.17500,766.47700,27929
2011-08-03 00:00:00+00:00,766.27100,775.15600,750.17600,772.53600,36744
2011-08-04 00:00:00+00:00,773.83500,776.44100,725.61600,726.51400,48676
2011-08-05 00:00:00+00:00,726.50900,741.83100,697.67200,718.02700,84701
2011-08-07 00:00:00+00:00,702.26000,704.26200,692.93000,700.24800,967
2011-08-08 00:00:00+00:00,699.94700,709.86100,640.81000,643.71900,91284
2011-08-09 00:00:00+00:00,641.00600,700.84200,625.65300,699.73800,97816
2011-08-10 00:00:00+00:00,697.72700,698.72600,659.16500,664.27600,87737
2011-08-11 00:00:00+00:00,663.67000,705.04500,650.20200,691.60100,67777
2011-08-12 00:00:00+00:00,691.49600,706.70800,676.93700,698.06300,41872
2011-08-14 00:00:00+00:00,701.76000,703.05900,698.55100,701.65500,132
2011-08-15 00:00:00+00:00,701.85500,718.95200,699.61900,716.14100,23296
2011-08-16 00:00:00+00:00,715.63400,715.63400,697.04600,706.85900,36046
2011-08-17 00:00:00+00:00,705.75100,715.94200,697.99000,702.29000,24141
2011-08-18 00:00:00+00:00,702.48600,703.28800,658.33600,665.94900,46728
2011-08-19 00:00:00+00:00,662.73700,674.23100,648.97600,654.87000,41819
2011-08-21 00:00:00+00:00,655.26500,655.26500,647.04700,651.15200,196
2011-08-22 00:00:00+00:00,651.25200,671.96400,645.60500,652.30600,31594
2011-08-23 00:00:00+00:00,650.39700,684.21600,648.09200,683.41200,36193
2011-08-24 00:00:00+00:00,681.50400,696.29900,672.16800,690.16900,30731
2011-08-25 00:00:00+00:00,688.76200,703.05600,672.29400,674.48600,39152
2011-08-26 00:00:00+00:00,676.98600,693.17200,660.22500,690.45800,46207
2011-08-28 00:00:00+00:00,690.54600,693.34900,688.54200,692.04300,76
2011-08-29 00:00:00+00:00,691.94300,725.34500,690.54000,723.23700,18348
2011-08-30 00:00:00+00:00,722.23000,732.59600,711.28100,721.87600,27058
2011-08-31 00:00:00+00:00,722.27200,738.95800,718.72100,727.32400,27685
2011-09-01 00:00:00+00:00,727.11900,735.99500,706.44600,709.54400,31258
2011-09-02 00:00:00+00:00,708.33800,710.23600,680.36100,681.05900,27716
2011-09-04 00:00:00+00:00,678.14200,680.44400,674.63800,678.43700,116
2011-09-05 00:00:00+00:00,678.13700,678.43700,660.98900,664.89000,2029
2011-09-06 00:00:00+00:00,661.56800,682.94000,658.23500,681.43400,33759
2011-09-07 00:00:00+00:00,681.73000,709.80200,681.32900,709.69900,22117
2011-09-08 00:00:00+00:00,711.29500,713.17300,690.83600,695.93300,22823
2011-09-09 00:00:00+00:00,695.50000,704.57200,667.82100,676.08200,31842
2011-09-11 00:00:00+00:00,670.52100,671.32400,665.07600,670.81800,138
2011-09-12 00:00:00+00:00,670.21300,685.48600,658.69000,685.08200,37896
2011-09-13 00:00:00+00:00,683.56400,695.21300,671.24400,690.87000,35756
2011-09-14 00:00:00+00:00,687.43700,714.90800,677.34200,700.89000,34184
2011-09-15 00:00:00+00:00,703.10300,719.17500,698.85200,718.87200,29050
2011-09-16 00:00:00+00:00,716.75000,721.55200,709.65000,718.60900,23717
2011-09-18 00:00:00+00:00,712.23700,712.64000,706.18900,707.19300,182
2011-09-19 00:00:00+00:00,707.39500,710.97200,694.96500,701.29300,25671
2011-09-20 00:00:00+00:00,697.56000,713.64300,690.15400,690.75400,26107
2011-09-21 00:00:00+00:00,691.25300,696.96100,662.08800,663.59500,37117
2011-09-22 00:00:00+00:00,664.29500,665.70100,634.33000,651.24800,53051
2011-09-23 00:00:00+00:00,650.94100,657.25100,632.68000,652.40000,41133
2011-09-25 00:00:00+00:00,649.36700,664.06900,647.25200,661.74900,217
2011-09-26 00:00:00+00:00,662.35300,667.34000,641.99500,665.72500,36587
2011-09-27 00:00:00+00:00,664.71300,696.89100,664.20900,680.26800,32570
2011-09-28 00:00:00+00:00,679.75900,690.10500,653.13000,655.03800,34972
2011-09-29 00:00:00+00:00,653.02000,672.31700,645.62800,667.56600,37963
2011-09-30 00:00:00+00:00,666.45400,667.25700,642.34600,643.24800,37256
2011-10-02 00:00:00+00:00,643.94200,646.65700,641.62700,646.05100,112
2011-10-03 00:00:00+00:00,645.14500,651.35200,605.64800,607.45500,47649
2011-10-04 00:00:00+00:00,608.05500,650.47700,600.88300,645.54100,57141
2011-10-05 00:00:00+00:00,646.04000,663.20100,639.48100,656.45300,41106
2011-10-06 00:00:00+00:00,654.73800,675.21600,652.41500,673.90300,34412
2011-10-07 00:00:00+00:00,673.79800,680.91000,653.93700,660.16700,39264
2011-10-09 00:00:00+00:00,660.14900,666.28000,660.14900,666.07900,71
2011-10-10 00:00:00+00:00,665.57600,688.86200,665.57600,686.94700,21624
2011-10-11 00:00:00+00:00,686.84100,693.43000,677.35400,685.88200,28386
2011-10-12 00:00:00+00:00,685.37400,707.75300,681.74900,698.19100,30821
2011-10-13 00:00:00+00:00,698.58800,704.60200,687.69000,699.13700,29013
2011-10-14 00:00:00+00:00,697.52300,715.77200,694.20200,714.76100,22031
2011-10-16 00:00:00+00:00,713.53100,717.34800,712.72700,716.94500,80
2011-10-17 00:00:00+00:00,716.44200,720.54000,685.83000,687.73800,25310
2011-10-18 00:00:00+00:00,689.14000,715.02400,680.26000,705.66900,37355
2011-10-19 00:00:00+00:00,705.96600,713.46500,692.34800,698.87500,30907
2011-10-20 00:00:00+00:00,699.27200,703.77000,678.93100,696.10100,39675
2011-10-21 00:00:00+00:00,696.19600,715.23300,694.87200,714.93200,21808
2011-10-23 00:00:00+00:00,711.59300,714.10000,709.08000,713.79800,78
2011-10-24 00:00:00+00:00,713.19500,737.76200,710.27900,733.63200,21632
2011-10-25 00:00:00+00:00,732.32100,741.33100,713.18300,716.19100,32096
2011-10-26 00:00:00+00:00,715.78400,732.10500,706.80700,728.58400,32916
2011-10-27 00:00:00+00:00,727.97600,771.71300,725.86300,766.88500,31928
2011-10-28 00:00:00+00:00,767.28100,771.05400,759.49600,760.99400,22462
2011-10-30 00:00:00+00:00,759.85800,760.25900,756.54000,756.54000,41
2011-10-31 00:00:00+00:00,756.44000,760.05000,735.09800,737.10400,23717
2011-11-01 00:00:00+00:00,740.91200,740.91200,708.95500,721.98200,48973
2011-11-02 00:00:00+00:00,718.26100,734.57300,717.73500,733.96500,28864
2011-11-03 00:00:00+00:00,725.62700,753.58100,717.78000,748.75600,34391
2011-11-04 00:00:00+00:00,747.94700,752.33000,736.76800,748.39100,26014
2011-11-06 00:00:00+00:00,749.96400,752.97400,747.55400,749.56100,84
2011-11-07 00:00:00+00:00,749.76100,750.00200,730.04800,748.89600,27373
2011-11-08 00:00:00+00:00,744.56900,757.76600,735.60600,754.75100,26219
2011-11-09 00:00:00+00:00,755.14700,755.64400,717.07100,718.87300,34543
2011-11-10 00:00:00+00:00,717.76400,733.07700,712.43100,723.52500,29088
2011-11-11 00:00:00+00:00,722.81700,746.34900,721.91500,744.52500,17848
2011-11-13 00:00:00+00:00,747.10400,751.61600,747.10400,749.60900,120
2011-11-14 00:00:00+00:00,749.30800,750.40100,728.09600,735.20800,19427
2011-11-15 00:00:00+00:00,736.10500,747.18200,721.93800,742.06200,23196
2011-11-16 00:00:00+00:00,740.85400,749.42800,727.36400,728.66400,26452
2011-11-17 00:00:00+00:00,727.15500,736.56000,715.77500,719.78000,33878
2011-11-18 00:00:00+00:00,718.47100,731.47200,714.82000,720.11800,21379
2011-11-20 00:00:00+00:00,716.58600,717.08700,707.26500,713.97800,288
2011-11-21 00:00:00+00:00,713.87700,714.86100,695.89700,701.29200,23215
2011-11-22 00:00:00+00:00,703.79200,707.87400,692.61800,695.62000,20806
2011-11-23 00:00:00+00:00,695.01300,695.01300,672.41900,674.61900,21800
2011-11-24 00:00:00+00:00,674.51300,681.40500,668.26800,670.66900,1638
2011-11-25 00:00:00+00:00,669.94700,680.23100,662.69300,665.69800,12266
2011-11-27 00:00:00+00:00,676.48900,680.19400,676.28900,677.18800,197
2011-11-28 00:00:00+00:00,677.68800,699.08100,676.57800,697.36200,21844
2011-11-29 00:00:00+00:00,695.75500,708.35000,690.70200,693.99700,22230
2011-11-30 00:00:00+00:00,692.99100,738.49800,687.56800,737.19600,27700
2011-12-01 00:00:00+00:00,736.49000,741.68700,730.34100,731.72500,18203
2011-12-02 00:00:00+00:00,735.22400,746.70500,732.41400,734.76600,19394
2011-12-04 00:00:00+00:00,736.14000,742.04500,736.14000,740.44200,120
2011-12-05 00:00:00+00:00,740.34200,753.60700,738.83600,746.28600,19754
2011-12-06 00:00:00+00:00,745.88000,752.53400,740.26400,745.62100,17485
2011-12-07 00:00:00+00:00,747.71800,753.50500,730.56500,748.45900,23095
2011-12-08 00:00:00+00:00,747.75300,753.82300,719.87700,721.57700,24068
2011-12-09 00:00:00+00:00,721.10000,747.97700,715.57200,744.86300,17533
2011-12-11 00:00:00+00:00,743.40100,744.90600,742.79900,744.40400,50
2011-12-12 00:00:00+00:00,744.30300,746.40900,722.40100,732.23300,16984
2011-12-13 00:00:00+00:00,733.73600,742.35100,712.73800,717.55300,23473
2011-12-14 00:00:00+00:00,718.15300,721.95600,703.18200,706.68700,22257
2011-12-15 00:00:00+00:00,706.68500,718.71200,700.55800,715.99300,19568
2011-12-16 00:00:00+00:00,716.99400,730.62500,714.86800,720.38100,22254
2011-12-18 00:00:00+00:00,722.93500,723.93800,720.62700,722.43200,126
2011-12-19 00:00:00+00:00,722.63300,729.74000,704.74900,707.65700,18656
2011-12-20 00:00:00+00:00,709.86200,737.73100,709.05400,736.52500,19353
2011-12-21 00:00:00+00:00,735.92000,748.55100,724.86500,740.40900,21026
2011-12-22 00:00:00+00:00,739.90500,748.31200,737.09100,745.89900,14958
2011-12-23 00:00:00+00:00,746.90000,750.30300,742.16800,745.77200,7478
2011-12-27 00:00:00+00:00,746.17200,753.08400,742.05600,748.76600,7917
2011-12-28 00:00:00+00:00,748.36300,752.35900,733.79500,736.60100,12337
2011-12-29 00:00:00+00:00,737.50200,745.80300,735.58600,743.49400,9023
2011-12-30 00:00:00+00:00,743.79200,746.48200,738.15200,738.85400,7453
2012-01-03 00:00:00+00:00,751.68900,761.11600,748.87300,752.07600,15533
2012-01-04 00:00:00+00:00,751.07100,753.86800,741.82800,748.13700,12158
2012-01-05 00:00:00+00:00,748.03400,754.73100,734.58100,747.50700,16934
2012-01-06 00:00:00+00:00,747.90600,755.00600,743.28800,749.38400,14595
2012-01-08 00:00:00+00:00,749.52700,750.63000,744.71400,745.91600,74
2012-01-09 00:00:00+00:00,745.81600,754.21400,744.51000,753.30800,13453
2012-01-10 00:00:00+00:00,754.10800,765.71800,753.80700,762.50200,12456
2012-01-11 00:00:00+00:00,761.39700,768.09000,758.47700,767.18500,11768
2012-01-12 00:00:00+00:00,765.87900,772.88200,760.44800,769.96200,12250
2012-01-13 00:00:00+00:00,770.66200,771.85600,757.01100,766.12600,15180
2012-01-15 00:00:00+00:00,763.35900,764.46100,762.55800,763.55900,53
2012-01-16 00:00:00+00:00,763.45800,771.45700,760.24300,769.55200,1650
2012-01-17 00:00:00+00:00,768.44000,776.74700,762.30200,764.80500,11360
2012-01-18 00:00:00+00:00,764.40100,778.40800,762.48800,777.80400,13347
2012-01-19 00:00:00+00:00,778.00200,784.69700,774.68600,782.38400,11138
2012-01-20 00:00:00+00:00,782.28200,786.16500,778.56300,785.26100,9394
2012-01-22 00:00:00+00:00,782.29500,782.39500,780.69100,780.89100,86
2012-01-23 00:00:00+00:00,780.69100,789.49000,776.46100,782.26500,10642
2012-01-24 00:00:00+00:00,782.16300,792.85800,773.72900,791.85400,12106
2012-01-25 00:00:00+00:00,791.35100,796.83900,782.91700,795.63200,16008
2012-01-26 00:00:00+00:00,794.12600,800.22000,788.59100,794.49900,12941
2012-01-27 00:00:00+00:00,792.59300,799.48100,788.26900,797.67500,14078
2012-01-29 00:00:00+00:00,799.81800,799.81800,797.01200,797.01200,52
2012-01-30 00:00:00+00:00,796.51100,796.71100,785.97300,792.87600,13899
2012-01-31 00:00:00+00:00,794.37600,800.37300,786.44300,790.14100,18695
2012-02-01 00:00:00+00:00,790.63900,810.54500,788.42800,810.24400,14682
2012-02-02 00:00:00+00:00,810.74200,816.23200,807.42200,812.51700,11340
2012-02-03 00:00:00+00:00,812.81500,833.32400,810.50600,829.11200,13448
2012-02-05 00:00:00+00:00,826.74600,827.44700,825.44400,827.04500,59
2012-02-06 00:00:00+00:00,827.24500,830.13000,823.02700,826.71400,9235
2012-02-07 00:00:00+00:00,827.41300,830.89700,821.48600,828.28500,11429
2012-02-08 00:00:00+00:00,828.08200,833.07000,820.15000,827.25200,11582
2012-02-09 00:00:00+00:00,826.44800,832.34000,819.11900,824.21700,14216
2012-02-10 00:00:00+00:00,823.81300,823.91400,811.37800,814.57300,12476
2012-02-12 00:00:00+00:00,818.61600,820.21800,817.81400,819.01500,174
2012-02-13 00:00:00+00:00,819.51500,825.09700,816.31000,823.39000,11621
2012-02-14 00:00:00+00:00,823.28800,825.97800,814.15200,820.55600,12931
2012-02-15 00:00:00+00:00,820.55300,829.84900,810.61600,811.91500,19155
2012-02-16 00:00:00+00:00,811.41200,829.80600,807.19700,829.10300,16563
2012-02-17 00:00:00+00:00,828.19900,833.88700,826.97800,828.47300,9168
2012-02-19 00:00:00+00:00,834.41300,836.61500,834.11300,834.71200,97
2012-02-20 00:00:00+00:00,834.61200,836.19800,829.68800,831.98800,1608
2012-02-21 00:00:00+00:00,830.97500,833.37500,818.74000,823.74000,11622
2012-02-22 00:00:00+00:00,822.83700,826.53100,815.40900,816.20200,12627
2012-02-23 00:00:00+00:00,815.39900,829.98300,813.07900,829.88200,14486
2012-02-24 00:00:00+00:00,830.08000,832.67000,825.25600,825.94800,10047
2012-02-26 00:00:00+00:00,826.08500,826.88500,825.98400,826.08400,20
2012-02-27 00:00:00+00:00,825.98300,830.06500,812.65500,826.05400,15161
2012-02-28 00:00:00+00:00,826.15100,831.53900,818.82200,824.32100,15266
2012-02-29 00:00:00+00:00,824.81900,830.10400,805.98100,807.07900,22007
2012-03-01 00:00:00+00:00,808.97800,824.16400,805.96900,817.75500,19261
2012-03-02 00:00:00+00:00,817.65200,818.05100,798.51900,801.51500,16536
2012-03-04 00:00:00+00:00,801.35400,801.95400,799.45300,800.75300,47
2012-03-05 00:00:00+00:00,800.65200,805.92800,794.13000,805.12500,15120
2012-03-06 00:00:00+00:00,805.72300,805.72300,783.99100,787.68800,16949
2012-03-07 00:00:00+00:00,788.68600,795.76300,787.86800,794.16000,12339
2012-03-08 00:00:00+00:00,794.35800,807.03700,793.53900,805.13300,12481
2012-03-09 00:00:00+00:00,804.90000,822.57100,802.96400,819.54100,10481
2012-03-11 00:00:00+00:00,817.83700,819.04200,817.33400,818.13400,78
2012-03-12 00:00:00+00:00,817.93300,820.01700,811.16400,817.28500,9927
2012-03-13 00:00:00+00:00,816.87900,833.22800,816.27500,830.91200,14909
2012-03-14 00:00:00+00:00,831.00900,833.09800,820.61400,822.11500,12474
2012-03-15 00:00:00+00:00,823.21700,832.22600,820.97700,830.51200,14634
2012-03-16 00:00:00+00:00,831.01100,833.80200,827.26100,831.46800,9306
2012-03-18 00:00:00+00:00,830.56500,831.76700,829.96200,831.76700,48
2012-03-19 00:00:00+00:00,831.96800,844.89800,826.11900,838.05500,14743
2012-03-20 00:00:00+00:00,837.85000,838.25100,826.25700,830.16500,12784
2012-03-21 00:00:00+00:00,830.16100,835.68400,826.81500,829.31100,12263
2012-03-22 00:00:00+00:00,830.51300,831.71500,816.41100,823.33200,16591
2012-03-23 00:00:00+00:00,823.22800,833.03500,815.25900,831.72500,12886
2012-03-25 00:00:00+00:00,832.12900,835.44200,832.12900,835.03900,96
2012-03-26 00:00:00+00:00,834.63700,849.76800,833.11300,848.65900,12792
2012-03-27 00:00:00+00:00,849.05600,854.66400,839.96700,840.06800,10601
2012-03-28 00:00:00+00:00,841.57100,846.97900,828.87400,834.99500,14724
2012-03-29 00:00:00+00:00,835.09100,839.09300,822.80200,834.34200,15723
2012-03-30 00:00:00+00:00,833.83600,839.84300,827.87800,830.47500,13848
2012-04-01 00:00:00+00:00,833.69100,835.70000,833.59100,834.59100,92
2012-04-02 00:00:00+00:00,834.69100,841.68100,826.12900,840.57200,13417
2012-04-03 00:00:00+00:00,840.86900,842.84900,831.69100,834.79700,15155
2012-04-04 00:00:00+00:00,833.78900,834.29100,816.68000,818.47800,17439
2012-04-05 00:00:00+00:00,819.98100,822.67900,812.83000,817.02400,11723
2012-04-06 00:00:00+00:00,817.32100,819.20600,800.32400,802.43200,1622
2012-04-08 00:00:00+00:00,803.22300,803.92600,801.11200,802.51700,113
2012-04-09 00:00:00+00:00,802.41600,807.70000,800.27700,802.47300,10632
2012-04-10 00:00:00+00:00,802.26800,805.56200,783.05500,788.37000,19956
2012-04-11 00:00:00+00:00,788.26600,797.45900,786.84500,797.25800,14437
2012-04-12 00:00:00+00:00,797.25400,812.37100,794.61900,808.85400,15115
2012-04-13 00:00:00+00:00,809.85400,811.95900,795.25900,796.66100,15565
2012-04-15 00:00:00+00:00,796.36600,796.36600,793.25100,793.95300,144
2012-04-16 00:00:00+00:00,794.35500,803.85300,790.41200,797.92400,16684
2012-04-17 00:00:00+00:00,797.82000,817.55200,794.29400,807.81100,13269
2012-04-18 00:00:00+00:00,808.81100,810.50100,799.84400,802.14400,13717
2012-04-19 00:00:00+00:00,801.83900,811.64300,793.87500,798.78500,24761
2012-04-20 00:00:00+00:00,800.48700,811.39400,797.26200,803.45300,14181
2012-04-22 00:00:00+00:00,800.95000,803.15500,800.54900,801.74900,70
2012-04-23 00:00:00+00:00,801.94900,803.45400,784.16500,792.07500,16436
2012-04-24 00:00:00+00:00,791.26800,805.17000,789.53800,804.26500,14073
2012-04-25 00:00:00+00:00,804.66300,815.26700,802.65300,812.94400,16152
2012-04-26 00:00:00+00:00,812.73900,820.42300,808.10000,815.30200,13163
2012-04-27 00:00:00+00:00,814.99800,827.09400,811.57300,826.68700,14726
2012-04-29 00:00:00+00:00,827.29100,829.19500,826.48700,827.58800,87
2012-04-30 00:00:00+00:00,827.08600,829.48000,815.71400,817.61500,11260
2012-05-01 00:00:00+00:00,817.11000,831.21600,813.55800,814.15800,13288
2012-05-02 00:00:00+00:00,814.75500,819.43100,806.60500,817.21700,14406
2012-05-03 00:00:00+00:00,817.91500,820.59700,802.73900,806.24100,16341
2012-05-04 00:00:00+00:00,806.33700,811.82900,787.34700,787.34700,19293
2012-05-06 00:00:00+00:00,783.84500,783.84500,774.62200,779.73200,469
2012-05-07 00:00:00+00:00,779.53100,796.73700,777.62200,794.92400,14357
2012-05-08 00:00:00+00:00,795.42100,795.92200,780.35700,793.37300,18993
2012-05-09 00:00:00+00:00,791.86600,793.33400,780.31200,784.40700,23248
2012-05-10 00:00:00+00:00,785.70600,796.20200,784.46200,785.36200,17970
2012-05-11 00:00:00+00:00,785.55900,796.35300,783.84300,789.52400,17230
2012-05-13 00:00:00+00:00,786.92600,787.02200,784.42000,787.02200,121
2012-05-14 00:00:00+00:00,787.12200,792.53100,775.56000,777.36100,16367
2012-05-15 00:00:00+00:00,778.55900,786.15800,775.01600,778.41700,20386
2012-05-16 00:00:00+00:00,778.51300,784.49500,770.15600,770.15600,18813
2012-05-17 00:00:00+00:00,772.95700,777.35500,752.08300,755.38500,23200
2012-05-18 00:00:00+00:00,755.68200,759.86800,744.72500,745.02300,21186
2012-05-20 00:00:00+00:00,748.34000,749.13800,743.43100,748.73700,163
2012-05-21 00:00:00+00:00,748.53700,764.52300,744.30400,762.81700,16754
2012-05-22 00:00:00+00:00,763.21400,770.49700,754.86400,758.36500,17151
2012-05-23 00:00:00+00:00,756.85900,766.63600,746.91600,764.12800,22638
2012-05-24 00:00:00+00:00,760.21900,770.39300,755.47900,769.99000,21115
2012-05-25 00:00:00+00:00,768.78500,774.37600,762.75000,766.24300,13472
2012-05-27 00:00:00+00:00,769.05200,771.85500,768.24800,770.04900,140
2012-05-28 00:00:00+00:00,770.35000,774.24000,767.52100,770.72000,1363
2012-05-29 00:00:00+00:00,769.80300,779.18500,766.70000,777.46900,17094
2012-05-30 00:00:00+00:00,776.56400,777.94400,759.90800,760.30700,18497
2012-05-31 00:00:00+00:00,761.20400,766.39100,750.36700,757.65900,20053
2012-06-01 00:00:00+00:00,758.25600,758.75600,736.01400,736.89800,23865
2012-06-03 00:00:00+00:00,739.21200,739.41200,729.30200,729.90200,368
2012-06-04 00:00:00+00:00,729.70100,742.98500,728.96900,733.16400,17623
2012-06-05 00:00:00+00:00,734.56100,746.33300,729.43800,745.82800,17242
2012-06-06 00:00:00+00:00,747.42500,767.09500,747.12200,766.69400,17924
2012-06-07 00:00:00+00:00,766.69000,777.06900,759.24900,761.34600,18668
2012-06-08 00:00:00+00:00,761.00000,770.71800,752.43500,770.71600,13011
2012-06-10 00:00:00+00:00,781.19300,785.01200,779.58200,781.19000,301
2012-06-11 00:00:00+00:00,781.29000,783.29100,747.89400,749.09700,19176
2012-06-12 00:00:00+00:00,749.49600,764.53900,746.35800,762.42600,20728
2012-06-13 00:00:00+00:00,762.42300,765.62600,748.52500,752.64200,19930
2012-06-14 00:00:00+00:00,753.44200,763.86300,748.70000,762.65300,20850
2012-06-15 00:00:00+00:00,762.34800,772.46500,760.01600,771.35700,14073
2012-06-17 00:00:00+00:00,774.59800,779.62100,772.38600,774.99600,340
2012-06-18 00:00:00+00:00,775.29800,777.20600,762.21600,772.95300,16779
2012-06-19 00:00:00+00:00,773.25100,789.79900,769.52100,784.26700,15461
2012-06-20 00:00:00+00:00,784.26300,789.76100,778.81300,784.22800,23008
2012-06-21 00:00:00+00:00,782.51800,786.01500,763.30100,767.11400,20123
2012-06-22 00:00:00+00:00,766.40800,776.12000,764.68900,772.50100,13889
2012-06-24 00:00:00+00:00,771.62200,772.52600,769.30900,769.40900,67
2012-06-25 00:00:00+00:00,769.61000,769.71100,758.23800,760.53800,14185
2012-06-26 00:00:00+00:00,761.23700,768.13800,756.39400,765.12000,15211
2012-06-27 00:00:00+00:00,764.81600,777.23700,762.49300,776.53000,13713
2012-06-28 00:00:00+00:00,776.32600,778.03100,763.24300,773.58100,18432
2012-06-29 00:00:00+00:00,771.87000,801.76100,771.16700,801.15500,17595
2012-07-01 00:00:00+00:00,798.76800,801.78000,798.76800,800.57200,83
2012-07-02 00:00:00+00:00,800.67200,808.57100,795.42900,807.36300,13940
2012-07-03 00:00:00+00:00,806.25500,819.47800,805.85200,819.27800,7608
2012-07-04 00:00:00+00:00,818.06200,820.54600,815.93500,819.94300,1236
2012-07-05 00:00:00+00:00,817.92200,823.62500,812.77900,817.78500,14573
2012-07-06 00:00:00+00:00,817.78100,818.68500,803.99900,808.61100,13734
2012-07-08 00:00:00+00:00,806.52500,806.52500,804.71500,804.71500,55
2012-07-09 00:00:00+00:00,805.11700,807.80400,800.97800,805.28100,10715
2012-07-10 00:00:00+00:00,805.68000,811.98000,791.79800,795.60800,13949
2012-07-11 00:00:00+00:00,795.40400,800.70500,787.44700,792.65900,13886
2012-07-12 00:00:00+00:00,792.65600,793.02600,777.48000,789.51000,14549
2012-07-13 00:00:00+00:00,789.80800,803.22300,788.70300,800.10800,10770
2012-07-15 00:00:00+00:00,800.03000,800.53100,798.62300,799.02300,53
2012-07-16 00:00:00+00:00,799.32400,800.90500,793.08100,796.47900,9856
2012-07-17 00:00:00+00:00,796.57700,803.57700,788.22600,799.95200,14324
2012-07-18 00:00:00+00:00,799.74800,809.15100,796.62200,807.23600,11365
2012-07-19 00:00:00+00:00,806.02900,810.12400,799.67700,800.57600,12039
2012-07-20 00:00:00+00:00,800.77400,800.77400,789.61300,791.00800,12821
2012-07-22 00:00:00+00:00,789.32600,789.52700,787.02000,787.31700,95
2012-07-23 00:00:00+00:00,787.81900,788.52000,773.15400,774.44500,12713
2012-07-24 00:00:00+00:00,776.14700,781.24000,761.37200,762.97500,15676
2012-07-25 00:00:00+00:00,763.67400,775.08500,761.36600,768.85400,13668
2012-07-26 00:00:00+00:00,768.55000,785.37900,763.92300,775.23400,16246
2012-07-27 00:00:00+00:00,774.63000,799.26500,772.91000,797.45700,17254
2012-07-29 00:00:00+00:00,795.77500,797.47900,795.67500,795.87200,67
2012-07-30 00:00:00+00:00,795.97200,800.56200,788.82800,790.92400,11098
2012-07-31 00:00:00+00:00,790.72000,796.31300,784.27200,785.27200,14450
2012-08-01 00:00:00+00:00,785.46900,791.36200,770.80100,772.10100,17793
2012-08-02 00:00:00+00:00,773.20100,780.39800,763.25000,769.65800,22279
2012-08-03 00:00:00+00:00,769.35400,791.67800,768.45100,787.96300,14279
2012-08-05 00:00:00+00:00,788.78900,790.09200,787.98500,789.58800,82
2012-08-06 00:00:00+00:00,789.78800,797.77800,787.16000,792.45900,8991
2012-08-07 00:00:00+00:00,792.05500,807.06100,791.45100,800.43800,10398
2012-08-08 00:00:00+00:00,800.23400,803.21500,796.30400,799.89700,9267
2012-08-09 00:00:00+00:00,798.99200,805.08000,796.86900,803.36600,8139
2012-08-10 00:00:00+00:00,803.06200,803.06200,795.82300,800.12000,8959
2012-08-12 00:00:00+00:00,799.14100,800.34100,798.74000,799.13700,51
2012-08-13 00:00:00+00:00,798.93700,801.32300,789.79500,799.60300,8883
2012-08-14 00:00:00+00:00,798.99800,805.99100,793.65600,797.15900,10120
2012-08-15 00:00:00+00:00,796.95600,805.83600,792.72800,805.43500,8865
2012-08-16 00:00:00+00:00,805.23200,814.11500,799.19800,811.80700,10359
2012-08-17 00:00:00+00:00,811.70400,819.78500,810.18200,818.37900,8316
2012-08-19 00:00:00+00:00,817.79800,819.50100,817.69800,818.19600,60
2012-08-20 00:00:00+00:00,817.59500,819.98300,810.86000,817.05800,7522
2012-08-21 00:00:00+00:00,816.55300,828.04600,812.81600,815.61600,9228
2012-08-22 00:00:00+00:00,814.91100,816.09000,808.77400,811.47000,10865
2012-08-23 00:00:00+00:00,811.76700,818.36000,802.62600,806.32300,11466
2012-08-24 00:00:00+00:00,805.92000,811.40200,801.79100,808.08800,8721
2012-08-26 00:00:00+00:00,807.90800,810.40900,807.60700,808.60500,101
2012-08-27 00:00:00+00:00,809.10600,815.39400,806.28000,810.57200,7871
2012-08-28 00:00:00+00:00,810.56800,815.75100,807.26000,814.73700,8985
2012-08-29 00:00:00+00:00,814.73400,820.41100,812.00600,814.99800,7902
2012-08-30 00:00:00+00:00,813.79200,813.79200,806.25100,806.75000,7848
2012-08-31 00:00:00+00:00,806.14600,818.03700,803.72000,811.31800,14054
2012-09-02 00:00:00+00:00,811.23600,811.33600,808.33000,808.53000,65
2012-09-03 00:00:00+00:00,808.63000,816.91200,805.82700,816.51200,901
2012-09-04 00:00:00+00:00,814.89600,824.37200,805.76400,821.66500,12497
2012-09-05 00:00:00+00:00,821.46200,825.44100,817.44400,822.42600,9605
2012-09-06 00:00:00+00:00,821.72200,840.00800,821.42200,837.69700,12026
2012-09-07 00:00:00+00:00,837.49300,844.47300,836.59000,843.16000,9509
2012-09-09 00:00:00+00:00,842.57700,842.87800,841.77400,841.97400,26
2012-09-10 00:00:00+00:00,842.07400,844.94500,836.13500,836.83400,6464
2012-09-11 00:00:00+00:00,837.03000,846.00800,834.72300,840.09400,7157
2012-09-12 00:00:00+00:00,839.59100,847.46000,839.26500,847.05600,9254
2012-09-13 00:00:00+00:00,846.35300,862.02700,842.32600,856.61900,13528
2012-09-14 00:00:00+00:00,856.30000,869.03100,856.28900,864.09900,10929
2012-09-16 00:00:00+00:00,865.02900,865.02900,862.31600,862.31600,79
2012-09-17 00:00:00+00:00,862.51600,862.51600,854.95600,859.16900,7919
2012-09-18 00:00:00+00:00,859.36700,860.56800,852.81400,858.32900,8128
2012-09-19 00:00:00+00:00,857.92400,860.52800,853.48500,854.37700,7856
2012-09-20 00:00:00+00:00,854.87600,855.47600,845.51800,853.83800,9407
2012-09-21 00:00:00+00:00,853.83500,860.44100,853.83500,854.80600,10118
2012-09-23 00:00:00+00:00,853.52800,856.03600,853.32700,856.03500,67
2012-09-24 00:00:00+00:00,855.83400,857.21600,848.58000,853.49200,9133
2012-09-25 00:00:00+00:00,853.48900,858.38800,838.50300,841.71200,13596
2012-09-26 00:00:00+00:00,841.70900,843.80200,830.94000,833.94800,11999
2012-09-27 00:00:00+00:00,833.94500,846.16300,833.12100,844.24900,10833
2012-09-28 00:00:00+00:00,845.04900,845.15000,835.09200,837.38900,11864
2012-09-30 00:00:00+00:00,836.11300,837.11700,834.10400,835.00600,101
2012-10-01 00:00:00+00:00,835.30700,848.23100,833.39700,839.69000,13848
2012-10-02 00:00:00+00:00,840.28900,845.89200,836.05100,840.55700,10541
2012-10-03 00:00:00+00:00,840.05200,844.64300,833.91100,839.31700,11156
2012-10-04 00:00:00+00:00,839.01300,846.00600,834.17400,844.29800,12226
2012-10-05 00:00:00+00:00,844.79600,854.90800,840.55400,841.95700,10953
2012-10-07 00:00:00+00:00,842.78500,842.88500,839.57200,841.37800,58
2012-10-08 00:00:00+00:00,840.97600,841.56800,836.14100,838.73700,7301
2012-10-09 00:00:00+00:00,839.63600,842.14000,826.37200,827.56600,13083
2012-10-10 00:00:00+00:00,825.95800,830.45100,823.62000,824.32100,10270
2012-10-11 00:00:00+00:00,825.02000,836.53300,824.21800,830.60500,8881
2012-10-12 00:00:00+00:00,831.50500,833.29200,820.94700,822.74600,10094
2012-10-14 00:00:00+00:00,823.47800,823.57800,820.86800,820.96800,54
2012-10-15 00:00:00+00:00,821.16800,829.76100,818.15900,829.36000,9085
2012-10-16 00:00:00+00:00,830.36000,837.04600,828.55200,835.94300,8627
2012-10-17 00:00:00+00:00,836.14000,844.13200,833.42500,843.02700,9387
2012-10-18 00:00:00+00:00,842.12100,843.91700,833.86800,834.66800,11219
2012-10-19 00:00:00+00:00,835.56800,836.46900,816.28600,817.98800,15265
2012-10-21 00:00:00+00:00,818.82000,818.82000,813.40400,815.00800,138
2012-10-22 00:00:00+00:00,815.10800,823.80000,815.10800,823.59800,10516
2012-10-23 00:00:00+00:00,824.29700,824.39700,805.72800,816.74500,13627
2012-10-24 00:00:00+00:00,816.64200,820.54600,810.59900,815.50800,10710
2012-10-25 00:00:00+00:00,815.00300,823.00300,810.06800,815.17200,12231
2012-10-26 00:00:00+00:00,815.67000,820.56200,805.92400,813.03200,13746
2012-10-28 00:00:00+00:00,811.66000,813.36300,809.65300,811.05500,82
2012-10-29 00:00:00+00:00,811.15600,812.05700,803.52000,806.52600,1092
2012-10-30 00:00:00+00:00,804.20500,810.40000,800.79300,810.30000,1301
2012-10-31 00:00:00+00:00,810.48500,817.97200,809.17200,813.66000,11203
2012-11-01 00:00:00+00:00,813.95800,828.76900,812.25200,826.75300,13164
2012-11-02 00:00:00+00:00,826.75000,831.54100,810.78700,812.18800,12730
2012-11-04 00:00:00+00:00,810.61400,811.21500,809.51200,810.01200,76
2012-11-05 00:00:00+00:00,810.91300,819.70200,809.99300,817.99400,9147
2012-11-06 00:00:00+00:00,817.79000,827.18500,817.27900,824.47100,9211
2012-11-07 00:00:00+00:00,822.16400,828.26600,800.00000,802.89600,18780
2012-11-08 00:00:00+00:00,804.99700,806.07900,791.44400,792.64300,13755
2012-11-09 00:00:00+00:00,793.04100,800.73100,785.91100,794.71300,12704
2012-11-11 00:00:00+00:00,794.54500,796.24800,793.14100,794.14300,101
2012-11-12 00:00:00+00:00,794.04200,797.92900,791.11400,793.00800,6475
2012-11-13 00:00:00+00:00,791.10200,796.49000,786.57600,790.27000,12117
2012-11-14 00:00:00+00:00,790.06700,794.16100,771.31000,774.31100,14623
2012-11-15 00:00:00+00:00,773.10700,775.59200,763.46900,768.26900,13824
2012-11-16 00:00:00+00:00,767.16500,777.35300,761.63500,776.84900,15406
2012-11-18 00:00:00+00:00,777.08300,778.88500,776.18200,778.78400,65
2012-11-19 00:00:00+00:00,778.88400,794.07400,777.27400,790.86900,10884
2012-11-20 00:00:00+00:00,791.76700,795.64200,787.04100,795.04000,10128
2012-11-21 00:00:00+00:00,795.33800,798.01300,789.22500,797.71000,8458
2012-11-22 00:00:00+00:00,798.00700,800.29400,797.19900,798.08500,517
2012-11-23 00:00:00+00:00,797.87300,808.36100,795.35900,807.46000,5958
2012-11-25 00:00:00+00:00,805.78200,805.78200,804.18100,804.88000,154
2012-11-26 00:00:00+00:00,804.78000,810.15600,801.45300,809.75200,10042
2012-11-27 00:00:00+00:00,810.35000,813.13300,806.42600,807.31500,10778
2012-11-28 00:00:00+00:00,806.51200,814.39000,796.98200,813.88700,15233
2012-11-29 00:00:00+00:00,813.78400,825.27900,813.08300,821.25900,13563
2012-11-30 00:00:00+00:00,820.95600,828.84800,818.03100,823.52600,9939
2012-12-02 00:00:00+00:00,821.95500,822.75500,821.35400,822.15300,52
2012-12-03 00:00:00+00:00,822.25300,829.74000,818.02300,819.71800,10070
2012-12-04 00:00:00+00:00,818.91400,823.89700,815.08700,820.68400,10769
2012-12-05 00:00:00+00:00,820.88100,828.06800,814.45500,820.14800,13146
2012-12-06 00:00:00+00:00,820.24500,823.72400,816.72200,821.81400,9301
2012-12-07 00:00:00+00:00,822.01100,827.49600,818.58700,821.67900,10316
2012-12-09 00:00:00+00:00,822.00900,823.60900,821.90900,823.60800,68
2012-12-10 00:00:00+00:00,823.70800,827.47900,821.69200,826.07600,7767
2012-12-11 00:00:00+00:00,825.77300,837.24800,824.57200,836.44500,10208
2012-12-12 00:00:00+00:00,835.64100,838.72500,828.10900,828.70600,10204
2012-12-13 00:00:00+00:00,829.40300,832.48300,821.37400,822.36900,8313
2012-12-14 00:00:00+00:00,822.10000,827.99900,820.47500,825.68200,7263
2012-12-16 00:00:00+00:00,828.82600,830.03000,827.92200,829.02500,134
2012-12-17 00:00:00+00:00,829.32600,836.52100,824.59400,835.51600,7926
2012-12-18 00:00:00+00:00,836.41600,848.52900,834.49000,848.32700,9614
2012-12-19 00:00:00+00:00,848.62600,853.31700,845.19300,846.88700,9519
2012-12-20 00:00:00+00:00,846.88400,857.08900,845.67300,856.58600,9043
2012-12-21 00:00:00+00:00,854.27500,854.27500,837.69800,849.02500,12630
2012-12-23 00:00:00+00:00,850.05900,850.05900,847.24900,848.85300,70
2012-12-24 00:00:00+00:00,848.75300,850.64000,842.20900,844.61300,3498
2012-12-26 00:00:00+00:00,845.75700,847.76100,837.21300,837.31300,5490
2012-12-27 00:00:00+00:00,837.81100,841.50700,827.05200,837.57900,11296
2012-12-28 00:00:00+00:00,837.57600,840.36400,825.90900,827.71300,9304
2012-12-30 00:00:00+00:00,826.74200,829.45000,825.63900,828.94800,87
2012-12-31 00:00:00+00:00,828.84700,853.09100,827.44000,850.28100,14393
2013-01-02 00:00:00+00:00,859.25400,876.08800,859.15300,875.08300,14561
2013-01-03 00:00:00+00:00,873.27400,879.46600,870.23600,874.54500,9441
2013-01-04 00:00:00+00:00,874.44200,881.23200,872.51800,877.31700,8834
2013-01-06 00:00:00+00:00,877.34500,877.44500,875.94100,876.44200,48
2013-01-07 00:00:00+00:00,876.34100,877.22000,872.70200,876.70700,7069
2013-01-08 00:00:00+00:00,876.40300,877.70700,870.46400,876.17000,7147
2013-01-09 00:00:00+00:00,876.36700,881.34800,875.95100,881.14700,6378
2013-01-10 00:00:00+00:00,880.44200,884.83400,876.30800,882.51400,8570
2013-01-11 00:00:00+00:00,882.11000,882.39000,876.77300,879.87100,6269
2013-01-13 00:00:00+00:00,879.99900,880.19900,879.09600,879.79700,32
2013-01-14 00:00:00+00:00,880.09700,883.39900,877.26700,879.86200,6952
2013-01-15 00:00:00+00:00,879.25800,885.64300,872.92500,884.83800,8646
2013-01-16 00:00:00+00:00,884.73500,884.93500,878.80800,881.39300,6460
2013-01-17 00:00:00+00:00,882.59300,891.68700,878.57800,889.47600,7748
2013-01-18 00:00:00+00:00,889.37300,893.74900,887.74500,893.74900,6051
2013-01-20 00:00:00+00:00,893.07400,894.57600,892.37200,894.07500,34
2013-01-21 00:00:00+00:00,893.67300,895.95400,892.04800,894.75100,534
2013-01-22 00:00:00+00:00,894.53700,901.31900,890.30600,901.01700,6816
2013-01-23 00:00:00+00:00,900.21300,900.71400,893.16500,893.36400,5851
2013-01-24 00:00:00+00:00,892.86000,904.96100,892.86000,899.64000,9511
2013-01-25 00:00:00+00:00,899.83800,906.52000,898.43300,905.61500,9452
2013-01-27 00:00:00+00:00,905.24000,905.84100,903.83700,904.63700,74
2013-01-28 00:00:00+00:00,904.53700,908.91400,900.30500,905.80400,9197
2013-01-29 00:00:00+00:00,905.60000,909.07200,902.97300,908.57100,7982
2013-01-30 00:00:00+00:00,908.46800,908.95900,893.31000,893.60700,10315
2013-01-31 00:00:00+00:00,894.90600,904.19100,892.68300,903.98800,10408
2013-02-01 00:00:00+00:00,904.58600,913.57100,904.08500,910.56200,9848
2013-02-03 00:00:00+00:00,910.98800,910.98800,909.08400,909.08400,19
2013-02-04 00:00:00+00:00,909.58400,909.98400,897.53200,899.43200,9271
2013-02-05 00:00:00+00:00,900.73100,910.01600,899.72700,908.10900,7507
2013-02-06 00:00:00+00:00,907.30400,911.58000,900.97500,910.57500,8761
2013-02-07 00:00:00+00:00,910.57200,912.15800,901.53500,907.53300,9220
2013-02-08 00:00:00+00:00,907.53000,914.91500,906.60900,913.70400,7002
2013-02-10 00:00:00+00:00,914.23000,914.23000,913.22800,914.22900,21
2013-02-11 00:00:00+00:00,914.32800,914.90900,908.69700,913.19100,5745
2013-02-12 00:00:00+00:00,913.18700,918.56700,910.17700,917.75900,6367
2013-02-13 00:00:00+00:00,917.65500,921.73700,915.92400,920.52400,6669
2013-02-14 00:00:00+00:00,920.42100,924.99600,916.50000,922.88900,6539
2013-02-15 00:00:00+00:00,922.28500,926.36200,920.57000,923.85300,7476
2013-02-17 00:00:00+00:00,923.37500,923.77600,922.57500,923.47500,18
2013-02-18 00:00:00+00:00,922.97300,924.26000,921.54900,922.14600,421
2013-02-19 00:00:00+00:00,921.53200,933.71000,920.92100,933.40900,6475
2013-02-20 00:00:00+00:00,933.20600,934.10100,912.55400,913.45200,9812
2013-02-21 00:00:00+00:00,913.74900,914.74900,899.30700,906.30800,13011
2013-02-22 00:00:00+00:00,906.60500,916.48200,905.59400,915.77900,9258
2013-02-24 00:00:00+00:00,915.80300,916.90400,915.60300,916.70200,41
2013-02-25 00:00:00+00:00,916.80200,921.18500,893.85100,895.35100,14305
2013-02-26 00:00:00+00:00,898.65000,903.23100,893.22200,896.81500,14563
2013-02-27 00:00:00+00:00,896.51100,914.19300,895.50400,910.08600,12008
2013-02-28 00:00:00+00:00,909.68300,916.05800,906.84800,908.94800,10381
2013-03-01 00:00:00+00:00,906.84300,915.91800,897.31700,914.81400,14434
2013-03-03 00:00:00+00:00,914.23800,914.33800,912.83700,913.13600,49
2013-03-04 00:00:00+00:00,913.33600,918.00300,907.10500,917.60200,9849
2013-03-05 00:00:00+00:00,917.34900,928.83000,916.09100,927.21800,32018
2013-03-06 00:00:00+00:00,926.61500,931.39400,926.20800,928.93000,27630
2013-03-07 00:00:00+00:00,928.17700,935.79600,927.01900,934.79400,29416
2013-03-08 00:00:00+00:00,933.84000,943.22300,933.54000,940.55700,24426
2013-03-10 00:00:00+00:00,937.58000,940.28100,937.58000,939.67700,292
2013-03-11 00:00:00+00:00,939.57700,942.79900,937.40800,942.14200,13448
2013-03-12 00:00:00+00:00,942.38900,942.71400,936.78900,941.79900,38541
2013-03-13 00:00:00+00:00,941.14300,945.05600,937.35900,944.17200,42176
2013-03-14 00:00:00+00:00,943.51700,952.97100,943.31200,952.31700,33487
2013-03-15 00:00:00+00:00,952.94100,954.54500,948.63000,951.58000,22759
2013-03-17 00:00:00+00:00,946.64000,946.64000,939.71500,941.01700,2845
2013-03-18 00:00:00+00:00,940.99300,950.92500,936.89400,948.76200,70518
2013-03-19 00:00:00+00:00,948.56200,951.69900,934.88600,940.89900,80938
2013-03-20 00:00:00+00:00,941.01300,951.85500,939.64100,948.13900,65315
2013-03-21 00:00:00+00:00,948.11200,949.42000,939.78100,942.78500,57804
2013-03-22 00:00:00+00:00,942.88300,947.98000,940.58800,947.01600,49257
2013-03-24 00:00:00+00:00,945.23800,952.10800,945.08700,950.40200,2071
2013-03-25 00:00:00+00:00,950.27300,954.39400,939.64100,947.51000,70744
2013-03-26 00:00:00+00:00,947.50700,951.75000,944.52300,950.63500,57821
2013-03-27 00:00:00+00:00,950.45700,951.44800,939.27400,950.59900,57574
2013-03-28 00:00:00+00:00,949.64300,953.67600,945.67500,950.61400,49912
2013-03-31 00:00:00+00:00,950.60700,951.25700,949.55300,950.80400,678
2013-04-01 00:00:00+00:00,950.55700,951.43600,933.37700,937.58200,40738
2013-04-02 00:00:00+00:00,943.07500,944.78000,931.43200,935.29000,37406
2013-04-05 00:00:00+00:00,918.90200,923.70500,909.87500,922.40000,61780
2013-04-07 00:00:00+00:00,921.92800,924.43200,921.67700,924.38200,1309
2013-04-08 00:00:00+00:00,924.40600,934.12800,919.19700,933.67600,53862
2013-04-09 00:00:00+00:00,933.81800,935.61500,926.63100,928.17600,53595
2013-04-10 00:00:00+00:00,927.27000,947.49600,926.66700,945.73800,53085
2013-04-11 00:00:00+00:00,944.63200,952.38000,944.06100,948.36000,52794
2013-04-12 00:00:00+00:00,947.90500,948.65600,935.55100,941.25700,67922
2013-04-13 00:00:00+00:00,941.25700,941.25700,941.25700,941.25700,2
2013-04-14 00:00:00+00:00,940.96000,941.28500,939.07800,940.28000,776
2013-04-15 00:00:00+00:00,940.25600,942.13200,897.69300,901.90200,117505
2013-04-16 00:00:00+00:00,906.46000,923.69900,905.40700,923.47100,78395
2013-04-17 00:00:00+00:00,920.81200,922.70700,897.53300,905.39300,116909
2013-04-18 00:00:00+00:00,907.64500,911.04000,896.39100,902.30100,111952
2013-04-19 00:00:00+00:00,903.30100,912.29400,897.26700,909.13500,81956
2013-04-21 00:00:00+00:00,909.80100,911.62100,909.61700,911.01700,861
2013-04-22 00:00:00+00:00,911.06400,916.61500,896.96500,915.44600,93640
2013-04-23 00:00:00+00:00,913.48900,930.49600,908.86600,929.29200,92370
2013-04-24 00:00:00+00:00,927.76200,934.57100,925.15900,932.61400,67403
2013-04-25 00:00:00+00:00,932.26100,944.66200,931.35700,940.19600,61154
2013-04-26 00:00:00+00:00,938.68600,940.83400,930.39900,935.00100,60967
2013-04-28 00:00:00+00:00,934.42800,934.62900,933.17300,933.72400,424
2013-04-29 00:00:00+00:00,933.70000,943.26600,932.41700,941.40700,44006
2013-04-30 00:00:00+00:00,940.40200,949.18800,937.22500,949.03700,46859
2013-05-01 00:00:00+00:00,948.38200,948.38200,922.20300,924.05400,65568
2013-05-02 00:00:00+00:00,924.17700,940.20600,923.73700,938.34600,60618
2013-05-03 00:00:00+00:00,937.74200,960.41200,936.37500,953.13900,60530
2013-05-05 00:00:00+00:00,952.46500,954.61800,952.46500,953.81400,468
2013-05-06 00:00:00+00:00,953.83900,960.49900,952.69200,959.84200,29801
2013-05-07 00:00:00+00:00,958.38600,967.37200,956.86200,966.56700,44058
2013-05-08 00:00:00+00:00,964.93700,971.04100,962.52900,970.38700,41280
2013-05-09 00:00:00+00:00,969.90900,970.93300,963.30100,968.39800,51817
2013-05-10 00:00:00+00:00,968.71200,974.97500,966.27100,974.67300,50496
2013-05-12 00:00:00+00:00,971.74400,972.39500,969.44000,970.84000,1978
2013-05-13 00:00:00+00:00,970.81500,976.57300,969.76700,973.66000,42848
2013-05-14 00:00:00+00:00,974.40800,985.94500,970.48700,985.24000,52747
2013-05-15 00:00:00+00:00,984.53600,992.32100,982.41300,987.90700,58754
2013-05-16 00:00:00+00:00,987.85400,991.28500,982.76600,986.71800,63766
2013-05-17 00:00:00+00:00,985.91800,996.54800,985.65100,995.79500,55239
2013-05-19 00:00:00+00:00,994.17000,994.76600,993.11500,993.71300,812
2013-05-20 00:00:00+00:00,993.68900,1001.39700,990.73900,996.83300,52605
2013-05-21 00:00:00+00:00,996.83300,1001.00600,993.80800,998.04700,52824
2013-05-22 00:00:00+00:00,998.29400,1009.48400,976.48900,986.34600,144198
2013-05-23 00:00:00+00:00,985.94300,986.59300,969.11100,985.40800,136329
2013-05-24 00:00:00+00:00,987.35700,988.10800,972.17000,985.27300,82288
2013-05-26 00:00:00+00:00,985.29700,989.50000,985.24700,986.99600,952
2013-05-27 00:00:00+00:00,986.97200,988.17300,981.17500,986.72200,14101
2013-05-28 00:00:00+00:00,986.85900,1006.45400,986.83900,994.83200,76994
2013-05-29 00:00:00+00:00,994.67900,995.67200,978.89200,987.98900,98984
2013-05-30 00:00:00+00:00,987.93600,996.51400,984.37200,993.75700,80849
2013-05-31 00:00:00+00:00,993.25300,995.38100,980.96100,981.11100,104493
2013-06-02 00:00:00+00:00,983.53800,985.78700,981.18500,984.43500,1647
2013-06-03 00:00:00+00:00,984.38900,993.61900,975.20500,990.20500,126845
2013-06-04 00:00:00+00:00,989.12600,996.78500,973.81400,982.46300,101904
2013-06-05 00:00:00+00:00,982.46300,983.60500,966.02200,968.66800,141081
2013-06-06 00:00:00+00:00,969.66200,980.99100,961.88700,980.38800,147002
2013-06-07 00:00:00+00:00,979.86100,989.35900,977.56300,984.70500,115678
2013-06-09 00:00:00+00:00,982.42900,983.42600,981.17800,983.32600,1151
2013-06-10 00:00:00+00:00,983.30200,992.84900,982.60500,992.04600,91163
2013-06-11 00:00:00+00:00,991.84300,992.09100,972.91500,980.68400,110583
2013-06-12 00:00:00+00:00,982.38700,989.26600,969.46100,970.26200,114585
2013-06-13 00:00:00+00:00,970.23300,991.45500,961.56800,989.14300,81107
2013-06-14 00:00:00+00:00,990.49500,990.63200,978.07600,979.77700,88826
2013-06-16 00:00:00+00:00,979.85600,982.41200,979.65500,982.21100,905
2013-06-17 00:00:00+00:00,982.16400,992.72600,981.48000,990.00500,85567
2013-06-18 00:00:00+00:00,988.97400,1002.21600,988.19200,1001.10700,65044
2013-06-19 00:00:00+00:00,1000.47700,1002.24800,982.61100,983.11100,129971
2013-06-20 00:00:00+00:00,983.66200,984.21200,955.99100,958.29500,178949
2013-06-21 00:00:00+00:00,959.54700,964.98600,949.49100,960.06800,153277
2013-06-23 00:00:00+00:00,960.09800,961.65000,956.78600,960.54600,1446
2013-06-24 00:00:00+00:00,960.59300,960.79700,941.01100,950.88400,208129
2013-06-25 00:00:00+00:00,952.79100,961.43600,945.10600,960.07900,123874
2013-06-26 00:00:00+00:00,957.39200,969.43600,954.90600,963.80600,86226
2013-06-27 00:00:00+00:00,962.33200,981.02700,962.29800,979.77000,80748
2013-06-28 00:00:00+00:00,978.99200,985.06900,966.69900,973.46800,96064
2013-06-30 00:00:00+00:00,976.55500,977.75900,976.05200,976.70300,1136
2013-07-01 00:00:00+00:00,976.77900,994.55300,973.24200,989.20700,86202
2013-07-02 00:00:00+00:00,989.90600,996.60200,982.25700,989.92400,94697
2013-07-03 00:00:00+00:00,989.67000,995.91200,980.53200,995.91200,80424
2013-07-04 00:00:00+00:00,992.66900,1005.73500,992.49300,1004.70400,25951
2013-07-05 00:00:00+00:00,1003.06100,1007.05300,991.08200,1006.46500,95175
2013-07-07 00:00:00+00:00,1006.24000,1007.89300,1005.93900,1007.49100,457
2013-07-08 00:00:00+00:00,1007.44100,1012.53200,1005.17500,1009.31200,54528
2013-07-09 00:00:00+00:00,1010.31200,1020.11200,1009.05800,1019.55300,64461
2013-07-10 00:00:00+00:00,1019.40000,1026.48600,1015.37600,1026.13300,90699
2013-07-11 00:00:00+00:00,1029.79000,1034.17000,1027.35900,1031.76100,73188
2013-07-12 00:00:00+00:00,1030.55800,1039.40400,1029.72800,1035.28400,63103
2013-07-14 00:00:00+00:00,1034.25600,1035.70900,1034.20600,1035.60600,556
2013-07-15 00:00:00+00:00,1035.58200,1045.25100,1035.05500,1044.89500,49824
2013-07-16 00:00:00+00:00,1044.49100,1045.78300,1036.49400,1040.09600,52239
2013-07-17 00:00:00+00:00,1039.79200,1047.68800,1036.77100,1044.36900,73039
2013-07-18 00:00:00+00:00,1042.01000,1054.26500,1040.85500,1048.04000,59115
2013-07-19 00:00:00+00:00,1047.95000,1052.51500,1045.02700,1052.01300,58684
2013-07-21 00:00:00+00:00,1052.73700,1054.49100,1052.68700,1054.03700,455
2013-07-22 00:00:00+00:00,1054.01300,1055.81600,1049.40500,1055.40500,45744
2013-07-23 00:00:00+00:00,1055.85300,1059.10400,1050.76900,1054.66800,48311
2013-07-24 00:00:00+00:00,1054.06200,1058.85300,1042.51000,1046.41100,62766
2013-07-25 00:00:00+00:00,1046.15800,1054.99200,1037.92500,1054.49000,64030
2013-07-26 00:00:00+00:00,1054.03600,1056.38400,1041.63800,1049.44400,54934
2013-07-28 00:00:00+00:00,1048.91600,1049.26700,1048.26500,1048.41200,449
2013-07-29 00:00:00+00:00,1048.38800,1050.64500,1037.81800,1041.31400,54189
2013-07-30 00:00:00+00:00,1041.81400,1046.70000,1038.87900,1045.38500,52733
2013-07-31 00:00:00+00:00,1045.20700,1054.66900,1043.86700,1046.09900,71312
2013-08-01 00:00:00+00:00,1046.34600,1061.38800,1045.74300,1058.58300,66140
2013-08-02 00:00:00+00:00,1058.83100,1060.40200,1053.50000,1058.94800,58031
2013-08-04 00:00:00+00:00,1058.41900,1058.71900,1057.41700,1058.21600,324
2013-08-05 00:00:00+00:00,1058.24000,1063.80200,1056.39100,1062.53800,42863
2013-08-06 00:00:00+00:00,1061.40900,1062.97100,1048.76500,1051.83300,51560
2013-08-07 00:00:00+00:00,1051.12900,1051.37400,1042.16800,1046.48700,61461
2013-08-08 00:00:00+00:00,1047.43500,1053.44700,1043.15600,1048.95300,57141
2013-08-09 00:00:00+00:00,1047.94900,1052.93400,1042.41600,1047.31500,72553
2013-08-11 00:00:00+00:00,1046.73700,1046.83700,1044.88300,1045.43200,1128
2013-08-12 00:00:00+00:00,1045.40800,1054.66100,1037.50600,1054.41000,61344
2013-08-13 00:00:00+00:00,1053.53200,1058.44900,1044.77100,1051.36900,63627
2013-08-14 00:00:00+00:00,1051.39000,1053.64700,1046.02400,1046.12400,65784
2013-08-15 00:00:00+00:00,1043.62100,1045.81700,1024.61000,1025.11000,94712
2013-08-16 00:00:00+00:00,1026.85900,1030.53900,1021.12000,1021.32000,68344
2013-08-18 00:00:00+00:00,1021.74600,1022.89700,1020.34300,1022.34300,885
2013-08-19 00:00:00+00:00,1022.31900,1025.22500,1012.40100,1013.35000,73204
2013-08-20 00:00:00+00:00,1013.59700,1029.79000,1009.38300,1027.47900,66854
2013-08-21 00:00:00+00:00,1027.47900,1031.25100,1016.23600,1017.38100,103827
2013-08-22 00:00:00+00:00,1015.17600,1036.71800,1014.57500,1035.61300,74444
2013-08-23 00:00:00+00:00,1036.31100,1039.64000,1030.68400,1039.03100,59216
2013-08-25 00:00:00+00:00,1038.45500,1039.30500,1038.05400,1038.40200,507
2013-08-26 00:00:00+00:00,1038.37700,1044.50400,1033.94300,1038.21700,64660
2013-08-27 00:00:00+00:00,1036.63900,1038.15300,1011.41100,1013.00900,106547
2013-08-28 00:00:00+00:00,1012.10300,1019.68500,1010.88300,1015.07700,74073
2013-08-29 00:00:00+00:00,1014.06700,1029.65800,1012.84900,1024.94800,88359
2013-08-30 00:00:00+00:00,1025.79000,1029.61200,1007.89900,1012.70200,91101
2013-09-01 00:00:00+00:00,1017.73000,1018.73000,1016.22900,1017.12700,1557
2013-09-02 00:00:00+00:00,1017.08000,1025.40900,1017.03400,1024.75800,17227
2013-09-03 00:00:00+00:00,1022.60600,1029.27700,1006.75600,1016.25900,134054
2013-09-04 00:00:00+00:00,1016.45400,1026.52900,1013.13100,1026.22800,77607
2013-09-05 00:00:00+00:00,1027.17000,1031.24600,1024.39900,1027.19200,73216
2013-09-06 00:00:00+00:00,1028.68400,1034.91100,1012.95800,1028.15600,114405
2013-09-08 00:00:00+00:00,1027.87900,1031.48000,1027.87900,1031.22800,423
2013-09-09 00:00:00+00:00,1031.17800,1046.05300,1029.87600,1044.25100,52445
2013-09-10 00:00:00+00:00,1045.57000,1055.61800,1044.04300,1054.61800,74966
2013-09-11 00:00:00+00:00,1054.39100,1058.28500,1051.38800,1055.78000,64758
2013-09-12 00:00:00+00:00,1056.15000,1056.82200,1048.14100,1050.24100,59041
2013-09-13 00:00:00+00:00,1051.05900,1054.65400,1047.01200,1054.10400,36318
2013-09-15 00:00:00+00:00,1064.02700,1069.87700,1064.02700,1068.07500,1970
2013-09-16 00:00:00+00:00,1068.05100,1070.06200,1054.28200,1055.78700,58545
2013-09-17 00:00:00+00:00,1053.97400,1067.23800,1053.40700,1067.18800,43195
2013-09-18 00:00:00+00:00,1068.33500,1082.10200,1058.11900,1076.07800,85671
2013-09-19 00:00:00+00:00,1077.57700,1082.72700,1072.22900,1078.19400,64248
2013-09-20 00:00:00+00:00,1076.93200,1079.41700,1071.97900,1073.38400,62212
2013-09-22 00:00:00+00:00,1075.10300,1075.40400,1072.28900,1072.84100,1053
2013-09-23 00:00:00+00:00,1072.75400,1076.89100,1064.46100,1072.45400,64877
2013-09-24 00:00:00+00:00,1071.87100,1083.55400,1067.00400,1076.22500,58271
2013-09-25 00:00:00+00:00,1075.16500,1083.86600,1072.38100,1073.57400,70754
2013-09-26 00:00:00+00:00,1074.12000,1083.67600,1072.23600,1080.10300,61116
2013-09-27 00:00:00+00:00,1081.35100,1081.50100,1070.79200,1075.68700,60490
2013-09-29 00:00:00+00:00,1067.58300,1068.43500,1065.17400,1066.97700,1690
2013-09-30 00:00:00+00:00,1067.02400,1077.37800,1060.86000,1076.72300,86323
2013-10-01 00:00:00+00:00,1075.91400,1090.17300,1073.33200,1087.96600,80082
2013-10-02 00:00:00+00:00,1087.60800,1088.18400,1077.05300,1080.09900,81269
2013-10-03 00:00:00+00:00,1074.77600,1081.87300,1063.81400,1069.82500,118238
2013-10-04 00:00:00+00:00,1070.11900,1081.54500,1068.20300,1079.11100,71442
2013-10-06 00:00:00+00:00,1073.30600,1074.81000,1071.25000,1073.60300,1646
2013-10-07 00:00:00+00:00,1073.62800,1074.48000,1064.24000,1065.04300,71662
2013-10-08 00:00:00+00:00,1064.55900,1068.02000,1046.55000,1048.50300,124511
2013-10-09 00:00:00+00:00,1052.10700,1053.94600,1037.69000,1043.69900,123896
2013-10-10 00:00:00+00:00,1046.24900,1071.26000,1045.79800,1068.62700,100467
2013-10-11 00:00:00+00:00,1068.14500,1085.83300,1066.19000,1085.48100,81571
2013-10-13 00:00:00+00:00,1076.36900,1079.27300,1074.21100,1079.27300,2513
2013-10-14 00:00:00+00:00,1079.29700,1091.62100,1076.41400,1090.21600,83059
2013-10-15 00:00:00+00:00,1092.74100,1092.81600,1076.84100,1080.74800,128002
2013-10-16 00:00:00+00:00,1089.31400,1094.14500,1082.52700,1091.53300,102647
2013-10-17 00:00:00+00:00,1093.08100,1103.52100,1085.58800,1103.42000,78964
2013-10-18 00:00:00+00:00,1106.27100,1116.00900,1104.15200,1114.30400,75384
2013-10-20 00:00:00+00:00,1115.01500,1116.01400,1114.26300,1115.81300,444
2013-10-21 00:00:00+00:00,1115.76300,1118.79400,1110.46400,1111.96700,75486
2013-10-22 00:00:00+00:00,1111.81000,1123.06000,1110.25200,1115.03000,118059
2013-10-23 00:00:00+00:00,1114.07100,1114.22100,1105.67600,1111.97900,124285
2013-10-24 00:00:00+00:00,1112.62400,1120.75500,1111.19600,1119.65300,92476
2013-10-25 00:00:00+00:00,1119.54600,1122.50100,1113.70300,1117.90500,84427
2013-10-27 00:00:00+00:00,1117.51300,1121.36700,1117.16200,1120.86600,707
2013-10-28 00:00:00+00:00,1120.84200,1123.56900,1112.17000,1119.22600,73794
2013-10-29 00:00:00+00:00,1118.01600,1124.05400,1113.12400,1121.03500,81622
2013-10-30 00:00:00+00:00,1120.55300,1125.31900,1102.60700,1108.66700,128969
2013-10-31 00:00:00+00:00,1104.42500,1109.47800,1096.40900,1101.20800,105665
2013-11-01 00:00:00+00:00,1100.55000,1103.78100,1086.74400,1094.30200,98902
2013-11-03 00:00:00+00:00,1093.00800,1094.35900,1092.15700,1094.00800,510
2013-11-04 00:00:00+00:00,1094.07600,1109.14800,1093.95800,1106.99400,70296
2013-11-05 00:00:00+00:00,1106.53600,1107.52700,1095.89200,1102.94300,82210
2013-11-06 00:00:00+00:00,1104.73900,1111.58000,1096.34700,1098.84200,90003
2013-11-07 00:00:00+00:00,1096.95800,1106.27700,1078.56500,1080.26800,139019
2013-11-08 00:00:00+00:00,1081.76400,1102.01400,1076.38400,1098.55500,130637
2013-11-10 00:00:00+00:00,1099.51700,1099.86800,1097.16200,1098.31400,664
2013-11-11 00:00:00+00:00,1098.28900,1103.13400,1093.43000,1100.12800,82077
2013-11-12 00:00:00+00:00,1101.12300,1102.08800,1093.58200,1101.58700,100438
2013-11-13 00:00:00+00:00,1101.68000,1112.56000,1092.34400,1111.65800,103340
2013-11-14 00:00:00+00:00,1113.85400,1115.44200,1104.01500,1110.91300,104781
2013-11-15 00:00:00+00:00,1110.35300,1116.67900,1108.27700,1115.72600,70439
2013-11-17 00:00:00+00:00,1115.68700,1116.28500,1114.88200,1114.88200,264
2013-11-18 00:00:00+00:00,1114.83500,1121.03800,1104.05700,1106.93300,90032
2013-11-19 00:00:00+00:00,1108.07800,1113.65700,1096.48000,1100.88200,113814
2013-11-20 00:00:00+00:00,1101.17600,1108.55900,1095.23400,1100.58900,143859
2013-11-21 00:00:00+00:00,1101.03300,1120.52100,1097.79200,1119.71700,90714
2013-11-22 00:00:00+00:00,1120.06100,1126.68200,1117.63300,1124.97900,79170
2013-11-24 00:00:00+00:00,1125.53400,1129.74100,1124.63700,1128.23800,1217
2013-11-25 00:00:00+00:00,1128.28500,1130.03900,1123.04500,1127.04800,74131
2013-11-26 00:00:00+00:00,1127.74200,1137.21500,1125.81400,1134.91100,58804
2013-11-27 00:00:00+00:00,1134.40300,1142.67400,1133.37700,1141.57200,59744
2013-11-28 00:00:00+00:00,1142.51600,1146.24100,1141.58600,1141.58600,18881
2013-11-29 00:00:00+00:00,1145.02300,1148.49900,1140.28700,1142.83900,39366
2013-12-01 00:00:00+00:00,1142.79000,1144.14000,1142.08900,1142.63800,635
2013-12-02 00:00:00+00:00,1142.59100,1144.16200,1126.83800,1130.23900,88777
2013-12-03 00:00:00+00:00,1131.43300,1132.40800,1118.99100,1123.19000,94454
2013-12-04 00:00:00+00:00,1124.23400,1130.36100,1109.64200,1121.39500,116401
2013-12-05 00:00:00+00:00,1122.23800,1126.13400,1117.36000,1121.40100,118283
2013-12-06 00:00:00+00:00,1122.59400,1137.17200,1122.17100,1129.96100,118663
2013-12-08 00:00:00+00:00,1131.77000,1133.27000,1131.56800,1131.81800,495
2013-12-09 00:00:00+00:00,1131.76800,1134.73600,1124.80400,1130.86500,78731
2013-12-10 00:00:00+00:00,1132.21300,1133.75700,1118.04200,1120.64700,86406
2013-12-11 00:00:00+00:00,1123.40000,1123.85100,1098.54300,1101.80200,110766
2013-12-12 00:00:00+00:00,1104.60600,1107.58800,1098.56600,1102.42000,118418
2013-12-13 00:00:00+00:00,1102.46400,1110.76500,1099.18300,1105.19400,85177
2013-12-15 00:00:00+00:00,1105.52300,1106.32500,1104.47000,1106.12300,585
2013-12-16 00:00:00+00:00,1106.09900,1121.29000,1095.38600,1119.18100,98129
2013-12-17 00:00:00+00:00,1119.27600,1121.76700,1111.23000,1118.14300,75119
2013-12-18 00:00:00+00:00,1118.53900,1134.75600,1108.58300,1134.45600,137111
2013-12-19 00:00:00+00:00,1134.65000,1136.63900,1123.79000,1124.74200,86653
2013-12-20 00:00:00+00:00,1125.38800,1147.92300,1124.82600,1147.22100,66894
2013-12-22 00:00:00+00:00,1147.64700,1149.85200,1147.54700,1149.50100,673
2013-12-23 00:00:00+00:00,1149.52500,1157.79200,1149.02800,1156.63900,51116
2013-12-24 00:00:00+00:00,1155.32900,1164.33000,1154.97800,1161.92200,17733
2013-12-26 00:00:00+00:00,1164.72900,1169.57400,1160.74600,1163.04700,21896
2013-12-27 00:00:00+00:00,1161.91400,1167.23100,1157.78000,1161.90700,39221
2013-12-29 00:00:00+00:00,1160.52800,1161.12900,1160.17700,1160.87800,227
2013-12-30 00:00:00+00:00,1160.94600,1164.05600,1158.59800,1159.89300,33888
2013-12-31 00:00:00+00:00,1159.73600,1167.18000,1159.28300,1165.57500,14974
2014-01-02 00:00:00+00:00,1159.49800,1161.12100,1145.75200,1152.01400,79945
2014-01-03 00:00:00+00:00,1153.31200,1158.34400,1148.54100,1156.38800,63724
2014-01-05 00:00:00+00:00,1155.66100,1158.61800,1155.66100,1157.96500,526
2014-01-06 00:00:00+00:00,1157.99000,1161.85300,1145.90600,1147.60900,42918
2014-01-07 00:00:00+00:00,1146.55100,1160.81200,1146.50100,1155.69200,80206
2014-01-08 00:00:00+00:00,1154.58300,1159.77300,1149.45100,1157.66000,79173
2014-01-09 00:00:00+00:00,1156.95200,1163.35200,1150.31500,1156.77100,116671
2014-01-10 00:00:00+00:00,1157.86800,1164.71400,1152.88600,1163.90100,71295
2014-01-12 00:00:00+00:00,1164.12500,1164.32600,1163.37300,1163.92300,239
2014-01-13 00:00:00+00:00,1163.87600,1163.92300,1141.04400,1149.56100,91716
2014-01-14 00:00:00+00:00,1150.00600,1164.05600,1147.84100,1161.65000,87019
2014-01-15 00:00:00+00:00,1161.89400,1171.78300,1160.94100,1171.13200,75884
2014-01-16 00:00:00+00:00,1172.47900,1172.59900,1167.17100,1169.99300,79444
2014-01-17 00:00:00+00:00,1171.14000,1175.08300,1165.54900,1168.55400,80604
2014-01-19 00:00:00+00:00,1168.42700,1169.07700,1167.17400,1168.72600,355
2014-01-20 00:00:00+00:00,1168.67900,1169.47900,1165.66900,1169.35200,17674
2014-01-21 00:00:00+00:00,1171.09300,1177.38300,1166.21000,1174.31800,81983
2014-01-22 00:00:00+00:00,1173.81100,1182.14400,1171.39100,1180.69200,78563
2014-01-23 00:00:00+00:00,1182.84000,1183.39000,1164.63000,1173.19200,114238
2014-01-24 00:00:00+00:00,1173.73700,1176.43900,1140.04900,1141.24900,147217
2014-01-26 00:00:00+00:00,1141.17400,1142.27600,1137.76800,1140.97300,2243
2014-01-27 00:00:00+00:00,1140.99700,1150.11900,1119.31100,1127.61900,186762
2014-01-28 00:00:00+00:00,1128.01400,1138.60100,1125.64000,1137.70000,122113
2014-01-29 00:00:00+00:00,1145.93300,1147.37300,1117.53400,1123.64200,233623
2014-01-30 00:00:00+00:00,1124.78800,1144.36400,1119.92800,1131.11800,149086
2014-01-31 00:00:00+00:00,1133.61600,1137.39400,1117.37200,1130.28000,175759
2014-02-02 00:00:00+00:00,1129.35600,1133.41000,1128.80600,1132.91000,731
2014-02-03 00:00:00+00:00,1132.95700,1133.41000,1088.21800,1092.42000,196226
2014-02-04 00:00:00+00:00,1095.87000,1106.51000,1090.74200,1096.24000,168450
2014-02-05 00:00:00+00:00,1097.58800,1098.16800,1079.54200,1090.54800,175804
2014-02-06 00:00:00+00:00,1093.74800,1106.56800,1090.64200,1099.22600,141425
2014-02-07 00:00:00+00:00,1099.59600,1115.14200,1091.31800,1114.49200,187617
2014-02-09 00:00:00+00:00,1114.36600,1115.27000,1113.26600,1113.51600,714
2014-02-10 00:00:00+00:00,1113.47000,1117.61100,1106.15600,1115.80800,115044
2014-02-11 00:00:00+00:00,1118.05500,1130.19400,1115.18000,1125.78500,124413
2014-02-12 00:00:00+00:00,1125.88200,1136.97200,1124.58500,1131.65600,107544
2014-02-13 00:00:00+00:00,1130.44900,1147.89200,1120.56800,1145.08600,118450
2014-02-14 00:00:00+00:00,1144.88000,1149.15600,1138.35200,1147.20200,95009
2014-02-16 00:00:00+00:00,1146.47600,1148.52700,1146.47600,1147.42600,532
2014-02-17 00:00:00+00:00,1147.40200,1150.83400,1144.77200,1149.00300,19886
2014-02-18 00:00:00+00:00,1148.43900,1161.87200,1144.29700,1159.21900,89589
2014-02-19 00:00:00+00:00,1157.71200,1163.74500,1146.82200,1147.82200,116507
2014-02-20 00:00:00+00:00,1150.16900,1162.60100,1142.10900,1160.59700,133395
2014-02-21 00:00:00+00:00,1161.99300,1168.17500,1160.67200,1164.06400,110023
2014-02-23 00:00:00+00:00,1165.11400,1165.53900,1164.28800,1164.78700,378
2014-02-24 00:00:00+00:00,1164.74000,1180.42100,1160.55200,1172.96100,108272
2014-02-25 00:00:00+00:00,1173.60600,1179.63600,1169.13100,1175.22600,113307
2014-02-26 00:00:00+00:00,1175.89500,1188.40200,1171.29600,1179.59200,123480
2014-02-27 00:00:00+00:00,1180.78700,1188.06100,1172.06500,1187.56000,80646
2014-02-28 00:00:00+00:00,1186.85400,1194.43700,1175.06800,1183.42000,133408
2014-03-02 00:00:00+00:00,1171.88600,1174.28800,1167.58400,1169.28300,3124
2014-03-03 00:00:00+00:00,1169.33000,1179.80900,1162.80300,1175.80400,184802
2014-03-04 00:00:00+00:00,1177.49900,1213.14200,1176.49500,1205.38300,151276
2014-03-05 00:00:00+00:00,1205.17700,1208.26000,1201.54500,1204.79500,99140
2014-03-06 00:00:00+00:00,1205.08900,1209.41900,1201.20900,1204.40600,97766
2014-03-07 00:00:00+00:00,1205.45100,1213.28400,1197.17300,1203.96800,140060
2014-03-09 00:00:00+00:00,1201.69100,1202.29100,1200.03700,1200.03700,316
2014-03-10 00:00:00+00:00,1200.08700,1203.07300,1191.83300,1200.95600,92300
2014-03-11 00:00:00+00:00,1199.69600,1204.98800,1181.69800,1185.51000,129260
2014-03-12 00:00:00+00:00,1185.74900,1192.49200,1175.92200,1192.14200,112501
2014-03-13 00:00:00+00:00,1193.23800,1196.94600,1170.27400,1175.89200,109171
2014-03-14 00:00:00+00:00,1175.83600,1185.44500,1169.39200,1180.71800,163663
2014-03-16 00:00:00+00:00,1180.08000,1180.58200,1173.10500,1178.52100,2577
2014-03-17 00:00:00+00:00,1178.54500,1197.86100,1178.01800,1185.71000,123482
2014-03-18 00:00:00+00:00,1186.40600,1205.73700,1181.67000,1203.07600,113098
2014-03-19 00:00:00+00:00,1204.32300,1205.90600,1186.93200,1195.96000,132869
2014-03-20 00:00:00+00:00,1195.96500,1201.42000,1187.55200,1199.32900,119492
2014-03-21 00:00:00+00:00,1198.21800,1208.62400,1190.35800,1191.16000,125222
2014-03-23 00:00:00+00:00,1188.66600,1192.37500,1188.66600,1191.02000,1270
2014-03-24 00:00:00+00:00,1191.04400,1197.46600,1166.56700,1176.59000,134852
2014-03-25 00:00:00+00:00,1177.88700,1191.50400,1169.33200,1177.40000,142749
2014-03-26 00:00:00+00:00,1179.90200,1187.85500,1151.98200,1153.93800,158487
2014-03-27 00:00:00+00:00,1156.59000,1161.53000,1144.67700,1149.78500,171519
2014-03-28 00:00:00+00:00,1152.24000,1168.10800,1147.44100,1150.49600,121969
2014-03-30 00:00:00+00:00,1155.02600,1156.87800,1154.17300,1156.67800,1093
2014-03-31 00:00:00+00:00,1156.65200,1174.99600,1153.55100,1169.27900,106125
2014-04-01 00:00:00+00:00,1169.74800,1190.72200,1168.62000,1189.14400,88013
2014-04-02 00:00:00+00:00,1189.21800,1193.66500,1185.45200,1192.46100,90530
2014-04-03 00:00:00+00:00,1191.53000,1194.39400,1175.07400,1181.68900,109415
2014-04-04 00:00:00+00:00,1182.58600,1189.58100,1147.90800,1153.62200,198566
2014-04-06 00:00:00+00:00,1154.08900,1154.44000,1150.72600,1151.02800,1315
2014-04-07 00:00:00+00:00,1150.94000,1152.18000,1128.18700,1137.15400,188565
2014-04-08 00:00:00+00:00,1138.25400,1149.40300,1129.20600,1142.57800,169941
2014-04-09 00:00:00+00:00,1143.27600,1159.98500,1141.41200,1159.23000,129836
2014-04-10 00:00:00+00:00,1159.67800,1160.46700,1120.94800,1127.41000,186340
2014-04-11 00:00:00+00:00,1126.18400,1129.13500,1105.47100,1110.22900,221145
2014-04-13 00:00:00+00:00,1106.64400,1108.14400,1104.23400,1107.49000,2012
2014-04-14 00:00:00+00:00,1107.51400,1126.51000,1103.59900,1114.47000,166812
2014-04-15 00:00:00+00:00,1114.24800,1123.96600,1093.29000,1122.19800,313981
2014-04-16 00:00:00+00:00,1120.74200,1131.13300,1119.11400,1126.16800,204346
2014-04-17 00:00:00+00:00,1124.16000,1141.14100,1122.49000,1136.60200,145964
2014-04-20 00:00:00+00:00,1137.33400,1139.93800,1137.03200,1139.48400,626
2014-04-21 00:00:00+00:00,1139.51000,1142.06700,1129.53900,1141.35200,56256
2014-04-22 00:00:00+00:00,1141.39900,1157.35200,1138.38100,1153.03600,97642
2014-04-23 00:00:00+00:00,1152.98200,1154.91100,1144.83400,1153.59600,118250
2014-04-24 00:00:00+00:00,1153.09200,1155.87600,1133.52900,1143.38600,166062
2014-04-25 00:00:00+00:00,1142.98200,1143.92300,1118.55200,1122.55600,169551
2014-04-27 00:00:00+00:00,1123.92700,1124.97800,1122.47100,1122.62200,829
2014-04-28 00:00:00+00:00,1122.72700,1131.86500,1099.52600,1117.87700,201380
2014-04-29 00:00:00+00:00,1118.69900,1126.51600,1115.59500,1117.23600,145724
2014-04-30 00:00:00+00:00,1116.73200,1128.67000,1105.63900,1126.86400,155313
2014-05-01 00:00:00+00:00,1126.94200,1134.44700,1111.71000,1125.72200,87325
2014-05-02 00:00:00+00:00,1125.21800,1138.01600,1123.29200,1126.48500,181713
2014-05-04 00:00:00+00:00,1127.08800,1128.40600,1125.95300,1127.60200,658
2014-05-05 00:00:00+00:00,1127.62800,1129.20500,1111.35400,1122.70900,117862
2014-05-06 00:00:00+00:00,1122.65500,1125.94800,1105.79900,1106.54300,142810
2014-05-07 00:00:00+00:00,1106.29000,1111.67800,1090.14200,1108.40800,177766
2014-05-08 00:00:00+00:00,1107.35600,1118.54600,1092.79900,1094.49700,182210
2014-05-09 00:00:00+00:00,1094.24400,1107.33000,1088.76300,1106.77800,160858
2014-05-11 00:00:00+00:00,1106.69800,1108.80100,1106.64800,1108.04800,505
2014-05-12 00:00:00+00:00,1107.98000,1136.70500,1107.48500,1131.34300,103285
2014-05-13 00:00:00+00:00,1131.59000,1134.88000,1119.03900,1119.38700,134003
2014-05-14 00:00:00+00:00,1119.13400,1121.53000,1100.07700,1103.97800,135591
2014-05-15 00:00:00+00:00,1102.97300,1105.26400,1080.09700,1093.77600,175016
2014-05-16 00:00:00+00:00,1093.97400,1102.00100,1086.09000,1101.49900,157047
2014-05-18 00:00:00+00:00,1102.92100,1103.77000,1102.81800,1102.81800,318
2014-05-19 00:00:00+00:00,1102.86500,1116.45800,1094.89500,1114.49500,113375
2014-05-20 00:00:00+00:00,1113.26900,1115.41900,1089.78600,1095.08500,150682
2014-05-21 00:00:00+00:00,1094.23000,1107.27200,1091.25200,1102.30400,123599
2014-05-22 00:00:00+00:00,1102.45000,1116.49000,1101.44900,1112.12500,98911
2014-05-23 00:00:00+00:00,1112.32200,1126.35300,1110.84900,1125.95100,65473
2014-05-25 00:00:00+00:00,1126.52300,1128.07100,1126.37000,1126.81700,528
2014-05-26 00:00:00+00:00,1126.77000,1133.59800,1126.36000,1133.44700,5145
2014-05-27 00:00:00+00:00,1131.23100,1144.51800,1130.83000,1141.70300,71667
2014-05-28 00:00:00+00:00,1141.42500,1146.04200,1131.16600,1136.35900,94457
2014-05-29 00:00:00+00:00,1135.85500,1142.03400,1133.08200,1140.52200,80408
2014-05-30 00:00:00+00:00,1139.81900,1140.89900,1129.33000,1132.97800,87626
2014-06-01 00:00:00+00:00,1134.89700,1135.59800,1133.09300,1133.24300,954
2014-06-02 00:00:00+00:00,1133.26700,1137.17800,1119.25900,1127.00200,80427
2014-06-03 00:00:00+00:00,1126.12400,1129.42700,1116.71700,1124.71100,76412
2014-06-04 00:00:00+00:00,1124.30700,1131.38200,1117.28100,1130.47500,66825
2014-06-05 00:00:00+00:00,1130.27100,1154.75300,1126.64500,1154.39700,116533
2014-06-06 00:00:00+00:00,1154.51800,1168.42500,1153.39100,1167.31400,80524
2014-06-08 00:00:00+00:00,1167.03000,1167.23000,1166.22700,1166.32600,349
2014-06-09 00:00:00+00:00,1166.25800,1180.80400,1162.60200,1174.89200,67565
2014-06-10 00:00:00+00:00,1174.52600,1174.53700,1165.45700,1172.90000,75188
2014-06-11 00:00:00+00:00,1171.69600,1172.43400,1160.01100,1165.90600,77999
2014-06-12 00:00:00+00:00,1166.60300,1169.50000,1154.91900,1161.21400,95962
2014-06-13 00:00:00+00:00,1160.68800,1165.03500,1152.43400,1162.22500,55757
2014-06-15 00:00:00+00:00,1161.44100,1162.19000,1156.43700,1157.68700,615
2014-06-16 00:00:00+00:00,1157.71100,1168.16600,1154.58500,1168.11600,87496
2014-06-17 00:00:00+00:00,1168.08600,1180.17300,1163.40800,1174.38800,105015
2014-06-18 00:00:00+00:00,1174.25800,1184.93000,1170.02100,1184.72700,105033
2014-06-19 00:00:00+00:00,1184.47100,1187.90500,1176.14300,1182.31000,82208
2014-06-20 00:00:00+00:00,1182.35500,1188.83600,1181.01500,1188.63300,69583
2014-06-22 00:00:00+00:00,1187.51200,1188.61200,1187.36100,1188.61200,189
2014-06-23 00:00:00+00:00,1188.65900,1192.92600,1181.84100,1183.23700,77344
2014-06-24 00:00:00+00:00,1183.15700,1194.44300,1171.48600,1171.73200,101213
2014-06-25 00:00:00+00:00,1171.82800,1183.32800,1161.24400,1182.11900,117542
2014-06-26 00:00:00+00:00,1182.46600,1184.09000,1170.96100,1180.90600,113915
2014-06-27 00:00:00+00:00,1181.00200,1190.24300,1174.70200,1185.97200,89438
2014-06-29 00:00:00+00:00,1186.10800,1187.91400,1185.90600,1187.35800,713
2014-06-30 00:00:00+00:00,1187.38200,1194.58300,1181.50800,1194.33200,81273
2014-07-01 00:00:00+00:00,1194.02600,1215.31600,1193.52200,1206.57200,90842
2014-07-02 00:00:00+00:00,1206.58800,1209.49600,1198.58900,1201.64500,78900
2014-07-03 00:00:00+00:00,1201.01200,1209.13000,1199.10000,1207.97300,62251
2014-07-04 00:00:00+00:00,1207.35400,1208.12900,1204.97800,1205.96200,5555
2014-07-06 00:00:00+00:00,1206.93400,1207.28400,1206.37800,1206.77800,284
2014-07-07 00:00:00+00:00,1206.65500,1206.92600,1186.25700,1186.40200,97734
2014-07-08 00:00:00+00:00,1186.54900,1186.73200,1166.04000,1175.40800,134070
2014-07-09 00:00:00+00:00,1175.77800,1180.03700,1169.39800,1174.89900,115994
2014-07-10 00:00:00+00:00,1174.24200,1175.19300,1144.51400,1159.79200,157916
2014-07-11 00:00:00+00:00,1159.73600,1169.09900,1153.83000,1159.53700,103863
2014-07-13 00:00:00+00:00,1159.32300,1161.63000,1159.32300,1160.52200,560
2014-07-14 00:00:00+00:00,1160.56900,1174.03400,1160.56900,1165.58800,78454
2014-07-15 00:00:00+00:00,1165.43200,1168.61000,1146.98600,1155.39900,151679
2014-07-16 00:00:00+00:00,1155.34100,1161.68500,1146.61200,1148.52200,111663
2014-07-17 00:00:00+00:00,1148.94400,1151.19200,1127.20400,1128.25400,175057
2014-07-18 00:00:00+00:00,1128.45400,1153.08800,1127.54800,1149.71800,113824
2014-07-20 00:00:00+00:00,1148.40200,1149.05300,1147.89600,1149.04800,530
2014-07-21 00:00:00+00:00,1148.89600,1148.99600,1138.13300,1144.38400,121813
2014-07-22 00:00:00+00:00,1144.78400,1160.78800,1144.78400,1152.90400,96014
2014-07-23 00:00:00+00:00,1152.57200,1162.69200,1152.50000,1156.86000,95734
2014-07-24 00:00:00+00:00,1156.83000,1164.74400,1151.09000,1151.84000,101730
2014-07-25 00:00:00+00:00,1151.73200,1152.68400,1139.12600,1143.51400,100513
2014-07-27 00:00:00+00:00,1144.05400,1144.30400,1139.64000,1141.14200,851
2014-07-28 00:00:00+00:00,1141.16600,1147.77900,1130.03000,1137.93400,115934
2014-07-29 00:00:00+00:00,1138.63000,1149.02300,1133.09700,1142.33900,116945
2014-07-30 00:00:00+00:00,1142.58800,1152.08000,1140.89700,1146.19400,162649
2014-07-31 00:00:00+00:00,1145.83800,1146.27300,1117.64800,1119.82600,192779
2014-08-01 00:00:00+00:00,1121.79900,1124.92300,1105.65200,1114.36200,188279
2014-08-03 00:00:00+00:00,1115.15400,1117.25800,1113.85100,1115.65000,799
2014-08-04 00:00:00+00:00,1115.69800,1125.32800,1105.89500,1122.76700,136346
2014-08-05 00:00:00+00:00,1123.01300,1129.69300,1112.85000,1120.65800,193427
2014-08-06 00:00:00+00:00,1121.35600,1132.24200,1110.00800,1123.71100,150975
2014-08-07 00:00:00+00:00,1125.00900,1132.56700,1114.84400,1118.39600,197313
2014-08-08 00:00:00+00:00,1118.99300,1131.52600,1107.46400,1128.56500,165226
2014-08-10 00:00:00+00:00,1129.05400,1132.91200,1129.05400,1132.20600,997
2014-08-11 00:00:00+00:00,1132.18200,1149.80400,1130.70000,1140.42200,92857
2014-08-12 00:00:00+00:00,1140.86800,1142.64800,1127.50100,1133.10400,122815
2014-08-13 00:00:00+00:00,1132.74800,1143.88300,1132.49800,1142.31500,90198
2014-08-14 00:00:00+00:00,1141.81000,1145.96700,1138.05700,1145.96700,79402
2014-08-15 00:00:00+00:00,1145.06100,1154.35600,1129.74800,1143.25900,165794
2014-08-17 00:00:00+00:00,1147.05200,1150.00800,1147.05200,1149.40200,965
2014-08-18 00:00:00+00:00,1149.42600,1158.92900,1148.11800,1156.76200,65830
2014-08-19 00:00:00+00:00,1156.50800,1164.78700,1154.98000,1161.46400,65368
2014-08-20 00:00:00+00:00,1160.55800,1160.78200,1151.20200,1155.70000,77641
2014-08-21 00:00:00+00:00,1156.52200,1161.30800,1145.34800,1158.44800,77468
2014-08-22 00:00:00+00:00,1158.49300,1163.60500,1152.83700,1160.89800,112101
2014-08-24 00:00:00+00:00,1161.18400,1161.88500,1161.18400,1161.78000,83
2014-08-25 00:00:00+00:00,1161.73200,1171.56000,1160.23800,1164.43200,67105
2014-08-26 00:00:00+00:00,1164.72800,1176.54000,1161.91700,1176.54000,70411
2014-08-27 00:00:00+00:00,1175.67800,1178.73900,1170.03300,1172.62800,55390
2014-08-28 00:00:00+00:00,1172.52400,1172.96900,1162.08100,1169.01900,78305
2014-08-29 00:00:00+00:00,1168.76400,1175.24800,1163.55100,1173.06900,65810
2014-08-31 00:00:00+00:00,1173.22200,1173.82900,1173.07800,1173.52500,86
2014-09-01 00:00:00+00:00,1173.47500,1175.68700,1171.80200,1175.49000,5841
2014-09-02 00:00:00+00:00,1174.79400,1182.11400,1171.92700,1179.07000,37865
2014-09-03 00:00:00+00:00,1179.07000,1188.82800,1169.55700,1170.49900,46063
2014-09-04 00:00:00+00:00,1171.24800,1181.82200,1164.07200,1167.74200,52683
2014-09-05 00:00:00+00:00,1167.74200,1172.39800,1158.32800,1171.94800,57540
2014-09-07 00:00:00+00:00,1170.70700,1170.88100,1169.63000,1170.70100,221
2014-09-08 00:00:00+00:00,1170.70200,1174.67100,1164.80800,1173.32800,39113
2014-09-09 00:00:00+00:00,1172.49700,1174.99600,1156.41900,1158.41300,80789
2014-09-10 00:00:00+00:00,1158.13400,1165.77100,1153.54700,1164.96000,55568
2014-09-11 00:00:00+00:00,1164.65900,1175.06100,1156.62300,1174.90700,60751
2014-09-12 00:00:00+00:00,1173.58900,1175.36200,1155.83400,1160.25000,35943
2014-09-14 00:00:00+00:00,1155.35900,1156.59600,1154.03300,1154.62900,812
2014-09-15 00:00:00+00:00,1154.82200,1160.64900,1142.98500,1147.17700,50989
2014-09-16 00:00:00+00:00,1147.14700,1153.41400,1139.87900,1150.03700,54535
2014-09-17 00:00:00+00:00,1150.08100,1160.56200,1147.08800,1155.35300,58451
2014-09-18 00:00:00+00:00,1154.46900,1162.65600,1153.14500,1161.57400,40549
2014-09-19 00:00:00+00:00,1161.74400,1166.93600,1141.58200,1142.87800,52571
2014-09-21 00:00:00+00:00,1143.66100,1144.58600,1142.15400,1144.13400,364
2014-09-22 00:00:00+00:00,1144.08400,1144.36000,1124.24200,1124.89200,63678
2014-09-23 00:00:00+00:00,1126.26200,1131.20600,1114.06400,1114.58900,70405
2014-09-24 00:00:00+00:00,1116.88000,1129.54700,1113.82000,1129.37200,53968
2014-09-25 00:00:00+00:00,1128.98900,1129.54200,1104.89900,1111.58400,100638
2014-09-26 00:00:00+00:00,1112.38000,1119.97200,1109.69000,1118.26000,64055
2014-09-28 00:00:00+00:00,1117.26200,1117.36300,1114.54600,1114.67300,321
2014-09-29 00:00:00+00:00,1114.69700,1121.21000,1104.17200,1116.82800,42827
2014-09-30 00:00:00+00:00,1117.15000,1122.14800,1098.67200,1099.04600,42589
2014-10-01 00:00:00+00:00,1099.77000,1102.89000,1081.55100,1085.56200,49178
2014-10-02 00:00:00+00:00,1085.56200,1100.17100,1076.40900,1094.89300,57708
2014-10-03 00:00:00+00:00,1095.49000,1110.56500,1095.03600,1103.90600,26100
2014-10-05 00:00:00+00:00,1104.38400,1107.24300,1104.08400,1106.48800,374
2014-10-06 00:00:00+00:00,1106.29400,1110.73900,1091.43200,1092.13200,86179
2014-10-07 00:00:00+00:00,1092.55400,1094.37800,1073.50600,1073.90600,100011
2014-10-08 00:00:00+00:00,1076.93800,1098.09400,1064.35600,1095.73200,115789
2014-10-09 00:00:00+00:00,1095.15000,1105.24100,1063.61200,1064.76200,148129
2014-10-10 00:00:00+00:00,1064.76200,1076.03600,1050.46000,1050.68400,167083
2014-10-12 00:00:00+00:00,1049.57000,1049.82100,1042.19200,1045.40000,1791
2014-10-13 00:00:00+00:00,1045.58000,1068.14200,1043.13400,1049.96700,118776
2014-10-14 00:00:00+00:00,1052.87200,1076.96800,1052.62800,1066.72000,118284
2014-10-15 00:00:00+00:00,1069.07400,1077.15500,1042.35200,1068.54600,176351
2014-10-16 00:00:00+00:00,1068.54600,1092.90600,1050.23400,1086.95000,153512
2014-10-17 00:00:00+00:00,1088.47600,1099.33000,1077.44800,1082.43400,98166
2014-10-19 00:00:00+00:00,1084.87600,1088.18500,1084.20200,1085.19800,1160
2014-10-20 00:00:00+00:00,1085.14800,1099.01300,1073.90600,1098.96400,110837
2014-10-21 00:00:00+00:00,1095.52400,1114.73300,1089.68900,1114.10300,106906
2014-10-22 00:00:00+00:00,1112.46800,1117.99900,1095.72100,1097.59600,126323
2014-10-23 00:00:00+00:00,1098.11800,1123.34900,1095.47400,1116.64600,119706
2014-10-24 00:00:00+00:00,1116.64600,1120.46900,1108.21600,1119.77500,101751
2014-10-26 00:00:00+00:00,1119.77500,1121.85800,1119.48200,1121.55700,213
2014-10-27 00:00:00+00:00,1121.70700,1122.44000,1102.17000,1119.67200,59027
2014-10-28 00:00:00+00:00,1119.44200,1151.93100,1118.74000,1146.63800,46341
2014-10-29 00:00:00+00:00,1144.50200,1156.65000,1137.23800,1143.39600,73118
2014-10-30 00:00:00+00:00,1142.99000,1161.34200,1134.61500,1156.79400,66581
2014-10-31 00:00:00+00:00,1157.86800,1178.86200,1156.31300,1171.70000,60495
2014-11-02 00:00:00+00:00,1172.67700,1173.78000,1172.22400,1172.47400,208
2014-11-03 00:00:00+00:00,1172.37400,1181.30700,1166.70800,1168.30600,45431
2014-11-04 00:00:00+00:00,1165.89600,1172.67600,1160.54500,1165.08900,53656
2014-11-05 00:00:00+00:00,1165.78500,1175.52400,1162.98400,1169.08800,52220
2014-11-06 00:00:00+00:00,1167.10400,1174.69000,1163.13300,1174.18800,55792
2014-11-07 00:00:00+00:00,1174.55800,1178.32800,1164.57600,1172.28800,42091
2014-11-09 00:00:00+00:00,1171.30400,1173.85400,1171.30400,1173.65300,143
2014-11-10 00:00:00+00:00,1173.50200,1180.91400,1171.72900,1179.70700,33845
2014-11-11 00:00:00+00:00,1179.10000,1184.15000,1176.16000,1181.55000,28393
2014-11-12 00:00:00+00:00,1180.66800,1188.40700,1171.50600,1186.29700,35866
2014-11-13 00:00:00+00:00,1186.94300,1192.78900,1173.41800,1174.99000,36059
2014-11-14 00:00:00+00:00,1176.18600,1179.28200,1170.91800,1174.75700,34984
2014-11-16 00:00:00+00:00,1174.38200,1174.68200,1173.63000,1174.18000,197
2014-11-17 00:00:00+00:00,1174.13000,1176.39600,1163.78500,1166.25800,39618
2014-11-18 00:00:00+00:00,1166.35300,1178.33700,1165.25700,1169.30300,28965
2014-11-19 00:00:00+00:00,1168.99700,1169.61400,1150.03000,1159.72800,36930
2014-11-20 00:00:00+00:00,1160.02300,1171.46500,1151.02600,1170.68400,27433
2014-11-21 00:00:00+00:00,1169.77800,1190.17400,1168.22900,1172.32800,40008
2014-11-23 00:00:00+00:00,1171.90200,1173.20500,1171.60400,1171.80200,236
2014-11-24 00:00:00+00:00,1171.75100,1187.26800,1170.39400,1186.41200,19823
2014-11-25 00:00:00+00:00,1185.70600,1194.43200,1181.91200,1187.30200,27966
2014-11-26 00:00:00+00:00,1187.71600,1193.70100,1185.05900,1192.84700,22091
2014-11-27 00:00:00+00:00,1191.64000,1196.53500,1190.41400,1196.00200,3840
2014-11-28 00:00:00+00:00,1195.25900,1195.33300,1171.81400,1173.99100,21495
2014-11-30 00:00:00+00:00,1171.88000,1171.88000,1165.32400,1167.07400,1095
2014-12-01 00:00:00+00:00,1168.34800,1172.52200,1152.95500,1154.45400,44183
2014-12-02 00:00:00+00:00,1154.39900,1172.70100,1153.84400,1168.80600,36832
2014-12-03 00:00:00+00:00,1169.94900,1183.52500,1166.34100,1180.15500,29054
2014-12-04 00:00:00+00:00,1180.25000,1182.35200,1168.25300,1175.24000,37109
2014-12-05 00:00:00+00:00,1175.48500,1185.90200,1172.85200,1184.08800,31695
2014-12-07 00:00:00+00:00,1184.16300,1185.46200,1183.56300,1184.26100,204
2014-12-08 00:00:00+00:00,1184.31100,1189.59800,1164.00000,1168.34400,36993
2014-12-09 00:00:00+00:00,1169.08900,1188.89800,1152.84600,1185.09100,47837
2014-12-10 00:00:00+00:00,1185.81100,1187.40200,1160.69600,1161.28800,100767
2014-12-11 00:00:00+00:00,1162.61500,1182.51100,1158.01100,1161.71000,57545
2014-12-12 00:00:00+00:00,1161.60400,1165.23700,1146.69900,1148.64700,43231
2014-12-14 00:00:00+00:00,1148.72600,1149.22500,1145.67500,1147.22300,156
2014-12-15 00:00:00+00:00,1147.48000,1162.44000,1136.67900,1141.91600,64325
2014-12-16 00:00:00+00:00,1143.81100,1158.85400,1133.23100,1137.55000,108699
2014-12-17 00:00:00+00:00,1140.15700,1176.51600,1136.86400,1175.55800,113544
2014-12-18 00:00:00+00:00,1174.82600,1197.09600,1174.71600,1195.83800,65875
2014-12-19 00:00:00+00:00,1194.42800,1202.64200,1187.41800,1197.54400,53221
2014-12-21 00:00:00+00:00,1197.68400,1199.54000,1197.68400,1198.96200,201
2014-12-22 00:00:00+00:00,1198.68600,1205.64000,1195.00800,1204.20600,35883
2014-12-23 00:00:00+00:00,1205.00400,1213.10800,1200.74400,1204.95400,30764
2014-12-24 00:00:00+00:00,1205.35200,1211.96800,1203.96600,1210.58300,8082
2014-12-26 00:00:00+00:00,1212.09400,1219.65400,1210.93700,1218.34600,7620
2014-12-28 00:00:00+00:00,1218.03200,1220.14000,1218.03200,1219.93700,249
2014-12-29 00:00:00+00:00,1220.08800,1224.59400,1213.96600,1222.29200,36600
2014-12-30 00:00:00+00:00,1222.64000,1223.30800,1212.38400,1214.40900,37119
2014-12-31 00:00:00+00:00,1215.05800,1224.60700,1214.20200,1215.84400,17796
2015-01-02 00:00:00+00:00,1208.49900,1215.16700,1186.96400,1196.98700,87679
2015-01-04 00:00:00+00:00,1196.67600,1196.72600,1192.21000,1193.11200,688
2015-01-05 00:00:00+00:00,1193.08800,1198.41800,1176.38800,1185.68600,108515
2015-01-06 00:00:00+00:00,1183.65000,1186.78500,1151.53600,1161.15200,128204
2015-01-07 00:00:00+00:00,1163.00400,1176.52600,1162.25800,1176.50000,103228
2015-01-08 00:00:00+00:00,1177.09600,1197.42800,1176.84600,1195.50800,68624
2015-01-09 00:00:00+00:00,1194.72400,1198.96000,1181.49900,1184.12000,100909
2015-01-11 00:00:00+00:00,1184.76000,1185.46400,1181.85200,1182.40400,255
2015-01-12 00:00:00+00:00,1182.50000,1190.45300,1170.28300,1182.20200,66174
2015-01-13 00:00:00+00:00,1181.29500,1203.00200,1166.10900,1181.99800,79263
2015-01-14 00:00:00+00:00,1181.11600,1184.83100,1163.57000,1178.95600,93077
2015-01-15 00:00:00+00:00,1178.25000,1190.12100,1146.34100,1147.99400,109285
2015-01-16 00:00:00+00:00,1145.68200,1177.75500,1142.62100,1175.47200,70355
2015-01-18 00:00:00+00:00,1175.26400,1175.26400,1171.75200,1173.00400,353
2015-01-19 00:00:00+00:00,1172.95400,1181.42600,1168.26800,1170.08600,36535
2015-01-20 00:00:00+00:00,1171.09500,1181.94800,1159.35400,1169.49200,103919
2015-01-21 00:00:00+00:00,1169.18600,1176.49700,1160.70100,1165.63000,106200
2015-01-22 00:00:00+00:00,1165.37400,1192.42200,1158.62700,1191.59300,106397
2015-01-23 00:00:00+00:00,1190.68600,1197.72800,1183.58600,1187.38200,52540
2015-01-25 00:00:00+00:00,1181.85800,1182.16000,1176.49400,1177.24600,176
2015-01-26 00:00:00+00:00,1177.04400,1202.95600,1177.04400,1202.75400,3669
2015-01-27 00:00:00+00:00,1201.64800,1203.79000,1184.07400,1200.84600,4630
2015-01-28 00:00:00+00:00,1200.64200,1208.44400,1170.72800,1173.07800,6391
2015-01-29 00:00:00+00:00,1174.42800,1194.42400,1168.38400,1194.22400,5743
2015-01-30 00:00:00+00:00,1191.51200,1192.90200,1163.30600,1165.00800,5868
2015-02-01 00:00:00+00:00,1165.80200,1166.10200,1160.28800,1161.89200,838
2015-02-02 00:00:00+00:00,1162.22600,1177.15100,1150.93600,1174.51700,87851
2015-02-03 00:00:00+00:00,1172.65900,1197.91600,1170.62100,1196.25800,72985
2015-02-04 00:00:00+00:00,1196.55400,1200.22600,1184.03300,1186.38400,77986
2015-02-05 00:00:00+00:00,1186.53000,1210.43300,1182.47000,1204.91700,57293
2015-02-06 00:00:00+00:00,1203.91000,1215.94800,1201.01100,1206.26700,64585
2015-02-08 00:00:00+00:00,1201.87400,1204.25200,1200.49600,1202.39800,1043
2015-02-09 00:00:00+00:00,1202.44800,1209.75000,1194.26200,1196.83500,85508
2015-02-10 00:00:00+00:00,1197.83200,1206.19600,1187.98300,1201.36500,78282
2015-02-11 00:00:00+00:00,1201.43500,1211.00100,1193.23200,1207.39500,73227
2015-02-12 00:00:00+00:00,1203.93500,1216.51000,1199.02500,1213.50000,74520
2015-02-13 00:00:00+00:00,1213.17000,1224.31800,1212.59200,1222.96300,52554
2015-02-15 00:00:00+00:00,1222.29900,1222.85000,1220.57000,1220.74400,265
2015-02-16 00:00:00+00:00,1220.64400,1227.61600,1220.64400,1222.80600,8583
2015-02-17 00:00:00+00:00,1220.11000,1227.85800,1219.34300,1225.14300,59258
2015-02-18 00:00:00+00:00,1224.43800,1227.69500,1218.39600,1227.49100,50209
2015-02-19 00:00:00+00:00,1226.73800,1231.04900,1222.37300,1229.58800,50188
2015-02-20 00:00:00+00:00,1228.33200,1232.69300,1215.88300,1229.98500,72549
2015-02-22 00:00:00+00:00,1229.77200,1230.07200,1228.87000,1229.21900,146
2015-02-23 00:00:00+00:00,1229.16800,1233.52500,1219.42300,1232.16900,24146
2015-02-24 00:00:00+00:00,1231.51300,1237.56100,1228.86800,1233.71500,28107
2015-02-25 00:00:00+00:00,1233.31000,1237.42300,1229.26200,1234.96000,27197
2015-02-26 00:00:00+00:00,1235.25600,1240.07100,1230.21900,1238.65800,31556
2015-02-27 00:00:00+00:00,1236.50200,1240.51800,1232.22700,1234.90100,27271
2015-03-01 00:00:00+00:00,1233.48600,1235.38700,1233.18600,1234.88500,195
2015-03-02 00:00:00+00:00,1234.76000,1244.60700,1231.04900,1240.03600,22904
2015-03-03 00:00:00+00:00,1239.73100,1240.10800,1229.14000,1232.82400,28000
2015-03-04 00:00:00+00:00,1231.11800,1232.32900,1222.63000,1229.56700,35034
2015-03-05 00:00:00+00:00,1229.56200,1235.55600,1225.37700,1233.16300,29126
2015-03-06 00:00:00+00:00,1233.00900,1235.30500,1214.87700,1219.80200,46361
2015-03-08 00:00:00+00:00,1220.84200,1221.04200,1217.98800,1218.63600,575
2015-03-09 00:00:00+00:00,1218.58600,1225.24400,1216.41000,1223.38800,36445
2015-03-10 00:00:00+00:00,1222.73300,1223.63400,1204.09200,1209.62700,50070
2015-03-11 00:00:00+00:00,1210.67300,1219.22900,1204.63700,1218.47600,47456
2015-03-12 00:00:00+00:00,1217.12100,1238.88000,1216.21900,1238.67800,35923
2015-03-13 00:00:00+00:00,1239.37300,1240.83800,1218.03000,1232.47200,30834
2015-03-15 00:00:00+00:00,1232.55900,1232.70800,1230.25400,1230.25400,254
2015-03-16 00:00:00+00:00,1230.20300,1242.16300,1228.65200,1237.50400,21686
2015-03-17 00:00:00+00:00,1237.79900,1244.30500,1233.81900,1243.49800,34386
2015-03-18 00:00:00+00:00,1243.79400,1257.86000,1234.66000,1254.53800,49698
2015-03-19 00:00:00+00:00,1254.88400,1257.39400,1247.39400,1256.28600,35594
2015-03-20 00:00:00+00:00,1256.28600,1268.84400,1256.28600,1266.82400,28437
2015-03-22 00:00:00+00:00,1266.69900,1270.51400,1266.34800,1268.80400,434
2015-03-23 00:00:00+00:00,1268.72800,1269.91500,1262.70100,1264.68000,23780
2015-03-24 00:00:00+00:00,1265.93000,1269.88200,1262.96000,1266.87800,25741
2015-03-25 00:00:00+00:00,1267.12400,1267.75200,1233.48600,1237.84800,36514
2015-03-26 00:00:00+00:00,1237.84800,1238.85100,1225.05500,1232.61800,48228
2015-03-27 00:00:00+00:00,1232.61800,1241.95100,1228.07000,1239.58800,33118
2015-03-29 00:00:00+00:00,1240.11900,1241.62500,1238.20900,1238.91000,45
2015-03-30 00:00:00+00:00,1239.21100,1260.09300,1237.40300,1255.77100,2116
2015-03-31 00:00:00+00:00,1256.51800,1256.88100,1248.35900,1251.54400,2768
2015-04-01 00:00:00+00:00,1253.24600,1255.90500,1236.07700,1254.54600,4748
2015-04-02 00:00:00+00:00,1252.83400,1262.68500,1248.14500,1256.34200,2393
2015-04-03 00:00:00+00:00,1255.53400,1259.62200,1240.34400,1240.79600,813
2015-04-05 00:00:00+00:00,1242.86200,1244.76900,1241.30400,1243.91100,176
2015-04-06 00:00:00+00:00,1243.71000,1264.84300,1243.00400,1260.21500,1691
2015-04-07 00:00:00+00:00,1260.21500,1264.95800,1251.20200,1252.07600,24318
2015-04-08 00:00:00+00:00,1252.07600,1266.47400,1249.55600,1265.16000,40537
2015-04-09 00:00:00+00:00,1264.20200,1267.17800,1246.95400,1262.49000,34752
2015-04-10 00:00:00+00:00,1262.18400,1267.71300,1261.12300,1266.79700,22908
2015-04-12 00:00:00+00:00,1265.92000,1266.87200,1265.61800,1266.69200,134
2015-04-13 00:00:00+00:00,1266.66800,1273.57400,1262.65800,1266.96200,24299
2015-04-14 00:00:00+00:00,1266.25400,1270.58400,1257.24000,1267.57800,28861
2015-04-15 00:00:00+00:00,1266.49400,1281.14600,1264.59600,1276.67000,25748
2015-04-16 00:00:00+00:00,1275.91400,1279.71000,1271.44000,1274.05200,26506
2015-04-17 00:00:00+00:00,1274.05200,1274.26600,1247.21800,1252.92900,42134
2015-04-19 00:00:00+00:00,1256.66600,1257.72000,1255.61000,1257.16300,476
2015-04-20 00:00:00+00:00,1257.01600,1268.80800,1255.80900,1264.73000,25032
2015-04-21 00:00:00+00:00,1265.80200,1273.12800,1263.17000,1263.51600,29795
2015-04-22 00:00:00+00:00,1264.81600,1268.02600,1252.68000,1265.81100,32209
2015-04-23 00:00:00+00:00,1266.15700,1274.53100,1258.08800,1271.96800,29243
2015-04-24 00:00:00+00:00,1270.65800,1274.47100,1265.94700,1267.09600,25752
2015-04-26 00:00:00+00:00,1267.77300,1267.82400,1266.66800,1267.31600,277
2015-04-27 00:00:00+00:00,1267.16600,1278.13400,1248.82600,1254.42800,27195
2015-04-28 00:00:00+00:00,1254.42800,1262.89300,1240.85300,1261.98600,38029
2015-04-29 00:00:00+00:00,1261.68000,1263.43800,1241.92900,1242.32800,52364
2015-04-30 00:00:00+00:00,1241.27000,1244.37400,1214.40800,1222.82200,80333
2015-05-01 00:00:00+00:00,1222.82200,1229.44700,1216.81300,1228.17800,40859
2015-05-03 00:00:00+00:00,1228.05800,1228.60800,1226.39800,1226.54900,426
2015-05-04 00:00:00+00:00,1226.49900,1241.49600,1223.67500,1230.45400,31212
2015-05-05 00:00:00+00:00,1230.45400,1233.82200,1210.15800,1216.96600,44038
2015-05-06 00:00:00+00:00,1217.70500,1222.53900,1209.80000,1220.21400,47939
2015-05-07 00:00:00+00:00,1218.40400,1229.68700,1210.31500,1227.52000,48538
2015-05-08 00:00:00+00:00,1227.52000,1240.05100,1226.44800,1232.17300,29077
2015-05-10 00:00:00+00:00,1233.00400,1233.40200,1232.30200,1232.99800,230
2015-05-11 00:00:00+00:00,1232.94800,1244.02900,1230.08800,1234.34600,45911
2015-05-12 00:00:00+00:00,1233.91600,1236.54900,1215.49800,1234.83800,48843
2015-05-13 00:00:00+00:00,1236.13500,1240.22300,1226.93200,1232.82700,34534
2015-05-14 00:00:00+00:00,1233.52100,1246.02700,1229.72200,1244.08500,42508
2015-05-15 00:00:00+00:00,1243.54200,1249.47300,1236.78300,1243.37600,39309
2015-05-17 00:00:00+00:00,1243.30400,1245.25400,1242.90400,1244.15100,353
2015-05-18 00:00:00+00:00,1244.05000,1258.97800,1238.50800,1258.16700,21298
2015-05-19 00:00:00+00:00,1258.16700,1262.14900,1250.16600,1256.85500,22703
2015-05-20 00:00:00+00:00,1256.80000,1261.80700,1250.45500,1257.39500,29990
2015-05-21 00:00:00+00:00,1254.63600,1262.00900,1251.83700,1257.88600,19880
2015-05-22 00:00:00+00:00,1256.42800,1259.64500,1246.97600,1251.11800,20186
2015-05-24 00:00:00+00:00,1250.74400,1252.79400,1250.59400,1251.14000,256
2015-05-25 00:00:00+00:00,1251.04000,1255.75800,1248.61200,1253.70100,2011
2015-05-26 00:00:00+00:00,1253.38300,1254.56600,1231.59500,1240.76300,35550
2015-05-27 00:00:00+00:00,1239.05600,1255.62500,1234.24200,1254.56900,26274
2015-05-28 00:00:00+00:00,1254.26300,1255.55800,1244.31700,1254.25800,31046
2015-05-29 00:00:00+00:00,1253.95200,1256.12800,1239.40000,1246.24200,36712
2015-05-31 00:00:00+00:00,1246.69400,1248.37000,1245.31800,1246.86500,492
2015-06-01 00:00:00+00:00,1246.68300,1255.74300,1236.29600,1249.91200,34818
2015-06-02 00:00:00+00:00,1249.91200,1259.58300,1236.87300,1251.65400,40894
2015-06-03 00:00:00+00:00,1251.65400,1266.20500,1250.46300,1265.90400,33722
2015-06-04 00:00:00+00:00,1265.49900,1265.49900,1246.88900,1252.23300,45611
2015-06-05 00:00:00+00:00,1252.23300,1261.65700,1239.18500,1260.75100,40145
2015-06-07 00:00:00+00:00,1260.62700,1260.77700,1258.97500,1259.97200,360
2015-06-08 00:00:00+00:00,1259.97200,1262.43800,1251.95500,1254.34300,44959
2015-06-09 00:00:00+00:00,1254.34300,1256.16200,1240.94500,1252.43200,49689
2015-06-10 00:00:00+00:00,1252.77700,1271.14500,1251.86100,1267.02800,43234
2015-06-11 00:00:00+00:00,1265.12200,1271.73900,1264.87200,1269.06800,39773
2015-06-12 00:00:00+00:00,1267.51200,1269.51000,1260.32500,1266.03300,35105
2015-06-14 00:00:00+00:00,1259.15600,1261.23200,1257.63000,1260.40300,760
2015-06-15 00:00:00+00:00,1260.37800,1264.06200,1244.83900,1259.90200,32324
2015-06-16 00:00:00+00:00,1259.39600,1272.45900,1250.83800,1271.54500,35306
2015-06-17 00:00:00+00:00,1271.54500,1275.82500,1265.56800,1267.36800,40705
2015-06-18 00:00:00+00:00,1267.38600,1288.93800,1263.45600,1287.04300,35108
2015-06-19 00:00:00+00:00,1286.08300,1289.07400,1282.06400,1283.21800,23862
2015-06-21 00:00:00+00:00,1286.35800,1287.91500,1286.20800,1286.90600,640
2015-06-22 00:00:00+00:00,1286.90600,1294.52600,1286.27800,1294.08000,44542
2015-06-23 00:00:00+00:00,1294.97800,1297.53700,1290.14700,1296.98200,33532
2015-06-24 00:00:00+00:00,1296.98200,1297.61000,1283.44800,1286.73000,58788
2015-06-25 00:00:00+00:00,1287.47800,1292.92800,1278.49400,1286.41800,44786
2015-06-26 00:00:00+00:00,1286.66400,1289.66400,1274.24600,1282.69600,42937
2015-06-28 00:00:00+00:00,1276.14700,1276.14700,1262.64600,1264.94900,2131
2015-06-29 00:00:00+00:00,1264.68000,1276.78400,1246.38000,1251.64400,60504
2015-06-30 00:00:00+00:00,1252.74400,1258.93400,1248.03500,1255.40000,73929
2015-07-01 00:00:00+00:00,1257.17500,1268.09400,1250.48500,1256.54600,44132
2015-07-02 00:00:00+00:00,1255.98800,1260.79800,1243.80200,1250.16300,36043
2015-07-03 00:00:00+00:00,1249.75600,1251.60000,1243.04800,1246.80400,7900
2015-07-05 00:00:00+00:00,1230.81900,1234.42800,1228.96200,1233.47300,1269
2015-07-06 00:00:00+00:00,1233.54800,1255.11300,1233.21000,1252.23600,54623
2015-07-07 00:00:00+00:00,1252.58200,1257.73600,1224.94900,1247.91200,71613
2015-07-08 00:00:00+00:00,1245.65000,1246.30100,1222.17400,1230.94600,83372
2015-07-09 00:00:00+00:00,1233.50000,1245.68200,1228.98400,1233.94800,59046
2015-07-10 00:00:00+00:00,1241.97000,1253.45900,1237.75400,1248.54100,37947
2015-07-12 00:00:00+00:00,1238.94000,1244.15600,1238.58900,1242.74800,261
2015-07-13 00:00:00+00:00,1242.54700,1266.72500,1241.49300,1265.81600,38426
2015-07-14 00:00:00+00:00,1265.21000,1275.44400,1263.97400,1273.38000,22547
2015-07-15 00:00:00+00:00,1270.86800,1276.02800,1263.04600,1267.35200,28518
2015-07-16 00:00:00+00:00,1268.50000,1277.89500,1267.84800,1274.46400,24208
2015-07-17 00:00:00+00:00,1274.46400,1276.18200,1263.71000,1266.78400,23040
2015-07-19 00:00:00+00:00,1266.24200,1266.61200,1265.95600,1266.20600,99
2015-07-20 00:00:00+00:00,1266.10800,1270.03600,1257.34600,1260.83600,22290
2015-07-21 00:00:00+00:00,1260.63000,1267.74000,1250.60100,1251.35200,28189
2015-07-22 00:00:00+00:00,1251.09600,1261.92400,1247.76800,1261.11800,30782
2015-07-23 00:00:00+00:00,1261.86600,1264.25500,1242.24200,1247.22200,38158
2015-07-24 00:00:00+00:00,1246.81600,1249.00200,1223.86100,1227.66500,40781
2015-07-26 00:00:00+00:00,1226.64500,1226.64500,1224.33500,1225.08600,443
2015-07-27 00:00:00+00:00,1225.28400,1228.42900,1211.46900,1214.95800,47264
2015-07-28 00:00:00+00:00,1215.40700,1226.71300,1201.71400,1224.52500,45605
2015-07-29 00:00:00+00:00,1224.52500,1231.86400,1218.17100,1225.56900,39417
2015-07-30 00:00:00+00:00,1225.26400,1233.04100,1218.61500,1230.32400,37289
2015-07-31 00:00:00+00:00,1230.32400,1245.66400,1227.03000,1238.58700,36837
2015-08-02 00:00:00+00:00,1236.81400,1238.66300,1236.51600,1238.51300,541
2015-08-03 00:00:00+00:00,1238.20600,1240.20800,1223.08800,1231.59500,45299
2015-08-04 00:00:00+00:00,1229.98600,1238.14400,1224.63100,1226.07600,45882
2015-08-05 00:00:00+00:00,1226.62200,1244.22300,1225.81800,1232.23000,37541
2015-08-06 00:00:00+00:00,1231.52400,1235.22700,1205.98200,1214.43600,47807
2015-08-07 00:00:00+00:00,1213.93100,1216.22700,1198.65700,1205.28800,56914
2015-08-09 00:00:00+00:00,1205.19800,1206.24900,1204.59400,1205.64400,57
2015-08-10 00:00:00+00:00,1205.84400,1223.39400,1205.47400,1221.27100,2543
2015-08-11 00:00:00+00:00,1220.41400,1220.86300,1204.29200,1210.79500,4129
2015-08-12 00:00:00+00:00,1212.69300,1214.19500,1187.41400,1207.13100,5512
2015-08-13 00:00:00+00:00,1206.77600,1214.51200,1201.58400,1202.26700,3915
2015-08-14 00:00:00+00:00,1201.71100,1212.80700,1197.91900,1212.25400,51726
2015-08-16 00:00:00+00:00,1212.51200,1213.58800,1211.51000,1212.15800,336
2015-08-17 00:00:00+00:00,1212.13300,1225.05300,1203.58700,1223.92300,47999
2015-08-18 00:00:00+00:00,1224.26800,1226.51900,1212.79900,1213.05000,50861
2015-08-19 00:00:00+00:00,1213.34600,1215.49600,1194.83100,1199.92400,98521
2015-08-20 00:00:00+00:00,1200.42000,1202.11100,1165.65200,1169.37600,113348
2015-08-21 00:00:00+00:00,1170.52300,1174.01100,1150.83800,1156.55800,192964
2015-08-23 00:00:00+00:00,1154.19400,1154.44400,1147.10700,1151.76000,4341
2015-08-24 00:00:00+00:00,1151.92800,1154.43700,1076.01600,1103.28000,336871
2015-08-25 00:00:00+00:00,1111.93600,1155.85900,1101.40600,1110.23600,318570
2015-08-26 00:00:00+00:00,1099.77000,1134.23800,1099.09400,1132.15600,323341
2015-08-27 00:00:00+00:00,1133.00400,1158.01600,1128.03400,1154.72600,206557
2015-08-28 00:00:00+00:00,1154.07200,1165.78700,1144.33600,1164.50900,139472
2015-08-30 00:00:00+00:00,1164.12200,1164.14600,1151.05900,1154.60800,3926
2015-08-31 00:00:00+00:00,1154.55800,1166.53300,1151.09600,1157.61200,113942
2015-09-01 00:00:00+00:00,1151.45200,1151.82600,1122.40900,1129.73500,202860
2015-09-02 00:00:00+00:00,1134.13400,1147.29900,1127.09300,1145.59400,173254
2015-09-03 00:00:00+00:00,1148.49100,1158.06400,1141.99400,1144.33900,166989
2015-09-04 00:00:00+00:00,1144.93500,1145.03500,1126.51900,1135.90600,168644
2015-09-06 00:00:00+00:00,1133.57100,1142.00000,1133.57100,1139.12000,651
2015-09-07 00:00:00+00:00,1138.89600,1147.59600,1135.91700,1140.13300,39712
2015-09-08 00:00:00+00:00,1145.97000,1161.98300,1143.11000,1160.02700,64304
2015-09-09 00:00:00+00:00,1160.02700,1172.23500,1145.74700,1148.36700,118525
2015-09-10 00:00:00+00:00,1145.56200,1159.25900,1139.85600,1151.61500,143586
2015-09-11 00:00:00+00:00,1150.66000,1161.71600,1142.67500,1161.54100,47690
2015-09-13 00:00:00+00:00,1161.40400,1167.90100,1160.75200,1167.49800,836
2015-09-14 00:00:00+00:00,1167.27900,1167.67300,1150.50800,1152.64800,63050
2015-09-15 00:00:00+00:00,1154.44100,1168.91200,1147.97200,1167.45000,48693
2015-09-16 00:00:00+00:00,1167.32000,1178.29200,1164.26600,1177.99000,55907
2015-09-17 00:00:00+00:00,1176.67600,1196.35200,1173.44600,1179.83000,114503
2015-09-18 00:00:00+00:00,1179.62400,1182.74200,1160.11200,1166.44200,80443
2015-09-20 00:00:00+00:00,1167.45800,1168.46200,1165.47200,1166.94900,909
2015-09-21 00:00:00+00:00,1166.87400,1179.72400,1157.07400,1165.83000,85434
2015-09-22 00:00:00+00:00,1165.83000,1165.92200,1136.39800,1145.60800,74547
2015-09-23 00:00:00+00:00,1143.34000,1151.60000,1134.96800,1141.37000,81187
2015-09-24 00:00:00+00:00,1140.40800,1144.02800,1124.78800,1136.57800,116132
2015-09-25 00:00:00+00:00,1141.69800,1154.68200,1118.43000,1119.32800,86203
2015-09-27 00:00:00+00:00,1118.74200,1120.70000,1115.42400,1118.13300,1173
2015-09-28 00:00:00+00:00,1118.20800,1125.95000,1087.48600,1091.99800,123592
2015-09-29 00:00:00+00:00,1093.45000,1099.61400,1078.32700,1083.99600,136593
2015-09-30 00:00:00+00:00,1084.24200,1102.72600,1081.73000,1099.80600,105680
2015-10-01 00:00:00+00:00,1100.30200,1113.61800,1082.52800,1101.14800,138276
2015-10-02 00:00:00+00:00,1100.18800,1119.09200,1079.25400,1117.96200,130780
2015-10-04 00:00:00+00:00,1115.96800,1118.27300,1114.86000,1118.07200,1267
2015-10-05 00:00:00+00:00,1117.85200,1143.32700,1115.95800,1138.77600,80498
2015-10-06 00:00:00+00:00,1137.94200,1145.41100,1126.09500,1126.53200,90416
2015-10-07 00:00:00+00:00,1128.93700,1155.79100,1127.47100,1154.98600,103767
2015-10-08 00:00:00+00:00,1154.07700,1166.49800,1146.27400,1163.15200,100102
2015-10-09 00:00:00+00:00,1162.79400,1170.45700,1161.43900,1165.52000,71678
2015-10-11 00:00:00+00:00,1163.93100,1164.15100,1162.59200,1163.01700,341
2015-10-12 00:00:00+00:00,1162.80200,1168.80000,1159.58600,1167.34500,45536
2015-10-13 00:00:00+00:00,1166.58600,1171.91400,1146.49600,1146.69600,64356
2015-10-14 00:00:00+00:00,1147.94600,1156.23600,1134.71200,1135.88800,92580
2015-10-15 00:00:00+00:00,1138.24000,1167.23900,1134.83300,1166.78600,82153
2015-10-16 00:00:00+00:00,1168.43700,1168.59600,1152.92700,1160.57300,66760
2015-10-18 00:00:00+00:00,1159.65400,1160.20600,1158.44400,1158.54400,540
2015-10-19 00:00:00+00:00,1158.47000,1170.64200,1154.64400,1163.95100,65131
2015-10-20 00:00:00+00:00,1163.69500,1171.40400,1158.52800,1159.96900,65521
2015-10-21 00:00:00+00:00,1159.58800,1169.17800,1144.07700,1146.05400,88340
2015-10-22 00:00:00+00:00,1146.05400,1162.64200,1145.21900,1161.93800,88039
2015-10-23 00:00:00+00:00,1163.99000,1170.22600,1155.26500,1165.36000,93078
2015-10-25 00:00:00+00:00,1165.14300,1165.74500,1163.33300,1163.48200,475
2015-10-26 00:00:00+00:00,1163.50600,1166.82900,1157.07200,1160.56000,64027
2015-10-27 00:00:00+00:00,1160.10400,1161.40100,1138.36200,1145.89700,75135
2015-10-28 00:00:00+00:00,1145.18900,1179.78700,1144.83800,1177.57400,99734
2015-10-29 00:00:00+00:00,1177.11800,1179.15800,1163.22600,1165.97100,68851
2015-10-30 00:00:00+00:00,1165.97100,1171.91800,1158.18800,1160.91600,70402
2015-11-01 00:00:00+00:00,1160.04600,1160.09600,1155.90800,1156.53400,483
2015-11-02 00:00:00+00:00,1156.58400,1188.33600,1154.94000,1182.18700,51539
2015-11-03 00:00:00+00:00,1183.93600,1197.81900,1180.89500,1190.58900,44977
2015-11-04 00:00:00+00:00,1189.25600,1197.45900,1184.36600,1190.66900,56697
2015-11-05 00:00:00+00:00,1188.30800,1193.93600,1178.18800,1190.39800,60588
2015-11-06 00:00:00+00:00,1188.81400,1202.21200,1180.07600,1201.90900,67705
2015-11-08 00:00:00+00:00,1200.51200,1202.21300,1200.31100,1202.11200,427
2015-11-09 00:00:00+00:00,1202.16200,1204.01100,1179.61000,1181.74800,61296
2015-11-10 00:00:00+00:00,1182.79400,1190.31600,1176.33800,1189.54500,53764
2015-11-11 00:00:00+00:00,1188.91400,1194.34000,1176.70100,1176.94800,43764
2015-11-12 00:00:00+00:00,1178.04400,1181.12900,1153.53500,1155.98400,58248
2015-11-13 00:00:00+00:00,1157.38200,1159.79000,1142.71000,1142.74200,69238
2015-11-15 00:00:00+00:00,1138.79600,1139.49600,1133.53800,1137.69200,1155
2015-11-16 00:00:00+00:00,1137.69200,1157.11900,1137.63200,1153.65700,60067
2015-11-17 00:00:00+00:00,1153.55100,1167.78100,1150.45600,1153.28800,55466
2015-11-18 00:00:00+00:00,1152.48100,1172.98500,1149.32500,1171.90200,50842
2015-11-19 00:00:00+00:00,1173.75000,1176.42400,1163.48000,1164.72100,42423
2015-11-20 00:00:00+00:00,1164.11500,1180.09700,1163.51200,1174.72200,34837
2015-11-22 00:00:00+00:00,1175.23100,1177.03300,1174.83000,1176.48000,380
2015-11-23 00:00:00+00:00,1176.43000,1185.16500,1170.13700,1181.02000,35190
2015-11-24 00:00:00+00:00,1181.02000,1190.49500,1170.75200,1188.21100,45300
2015-11-25 00:00:00+00:00,1187.85400,1199.51300,1187.14700,1198.85500,30585
2015-11-26 00:00:00+00:00,1199.75000,1206.31200,1198.37700,1204.83100,6730
2015-11-27 00:00:00+00:00,1204.43500,1205.24000,1195.00800,1203.88300,22536
2015-11-29 00:00:00+00:00,1203.57600,1203.72700,1202.12300,1202.47200,367
2015-11-30 00:00:00+00:00,1202.54700,1209.26600,1196.33100,1200.70200,36462
2015-12-01 00:00:00+00:00,1203.09900,1205.51600,1194.74400,1204.48500,37980
2015-12-02 00:00:00+00:00,1205.53000,1207.88500,1190.20700,1195.10500,43508
2015-12-03 00:00:00+00:00,1194.32400,1201.32700,1166.66900,1173.41600,81620
2015-12-04 00:00:00+00:00,1175.13600,1184.86400,1167.44300,1184.55800,65220
2015-12-06 00:00:00+00:00,1186.71700,1187.01700,1183.26300,1184.56300,439
2015-12-07 00:00:00+00:00,1184.36200,1188.03600,1160.04200,1166.33400,64724
2015-12-08 00:00:00+00:00,1166.17800,1166.62800,1149.42700,1157.06000,72545
2015-12-09 00:00:00+00:00,1161.70700,1166.66800,1140.82400,1144.23500,92914
2015-12-10 00:00:00+00:00,1146.08000,1155.58200,1141.14000,1148.66900,68722
2015-12-11 00:00:00+00:00,1151.46500,1151.86400,1119.82200,1123.14400,59192
2015-12-13 00:00:00+00:00,1124.60900,1126.50900,1123.12100,1124.90600,406
2015-12-14 00:00:00+00:00,1124.80600,1130.73400,1107.30600,1114.50200,95638
2015-12-15 00:00:00+00:00,1115.87800,1134.64800,1112.69400,1134.29100,67002
2015-12-16 00:00:00+00:00,1134.29100,1152.02400,1133.24200,1149.80800,82399
2015-12-17 00:00:00+00:00,1148.74800,1156.40800,1130.80400,1131.40400,73252
2015-12-18 00:00:00+00:00,1126.97800,1135.26000,1118.43400,1119.63800,84884
2015-12-20 00:00:00+00:00,1120.77000,1123.08000,1120.46800,1122.22500,526
2015-12-21 00:00:00+00:00,1122.37600,1130.95200,1119.32000,1129.09900,58226
2015-12-22 00:00:00+00:00,1129.69700,1142.10400,1122.22600,1138.88400,55694
2015-12-23 00:00:00+00:00,1138.43000,1154.75400,1137.47200,1151.68200,35785
2015-12-24 00:00:00+00:00,1152.38000,1161.47900,1149.91400,1151.73200,15944
2015-12-27 00:00:00+00:00,1151.48300,1152.58600,1150.72900,1151.98200,442
2015-12-28 00:00:00+00:00,1151.93200,1152.33300,1138.68200,1149.16000,34233
2015-12-29 00:00:00+00:00,1149.35600,1164.94600,1148.27400,1163.61100,30731
2015-12-30 00:00:00+00:00,1163.65600,1164.85900,1147.33300,1147.88000,31959
2015-12-31 00:00:00+00:00,1148.88000,1148.88000,1138.40200,1147.62800,26758
2016-01-03 00:00:00+00:00,1137.03900,1140.20200,1137.03900,1139.29600,400
2016-01-04 00:00:00+00:00,1139.39600,1140.77400,1098.91800,1110.92400,88587
2016-01-05 00:00:00+00:00,1113.47800,1116.08400,1103.41600,1112.31900,74353
2016-01-06 00:00:00+00:00,1113.06800,1113.31800,1087.87200,1095.49400,90607
2016-01-07 00:00:00+00:00,1095.99100,1096.99400,1060.90600,1063.31200,124155
2016-01-08 00:00:00+00:00,1063.25600,1078.20800,1043.83600,1045.49000,132904
2016-01-10 00:00:00+00:00,1044.67100,1045.77600,1035.53600,1037.14200,2125
2016-01-11 00:00:00+00:00,1037.28900,1055.24700,1030.37300,1040.55000,127207
2016-01-12 00:00:00+00:00,1043.80800,1057.32300,1026.40200,1038.38600,110571
2016-01-13 00:00:00+00:00,1046.21000,1051.42000,1003.26500,1010.98400,128083
2016-01-14 00:00:00+00:00,1012.73600,1034.31700,998.80600,1023.17200,146439
2016-01-15 00:00:00+00:00,1023.72000,1024.62200,981.58700,1010.67600,173154
2016-01-17 00:00:00+00:00,1007.00300,1008.05600,1000.93200,1005.94700,1215
2016-01-18 00:00:00+00:00,1005.99800,1015.23200,1000.44600,1008.86600,49148
2016-01-19 00:00:00+00:00,1013.56600,1024.72700,983.77700,992.29700,112708
2016-01-20 00:00:00+00:00,991.91800,1010.35600,956.72100,999.06500,172280
2016-01-21 00:00:00+00:00,1006.28300,1016.07600,988.46200,993.89500,186299
2016-01-22 00:00:00+00:00,997.60200,1022.99800,991.90400,1017.51500,114447
2016-01-24 00:00:00+00:00,1017.67700,1020.61100,1017.30200,1017.85100,1001
2016-01-25 00:00:00+00:00,1017.82600,1019.14400,994.81300,998.04200,104463
2016-01-26 00:00:00+00:00,995.58000,1020.71200,986.08800,1010.17200,105562
2016-01-27 00:00:00+00:00,1011.22000,1022.38800,996.78700,1005.10400,131453
2016-01-28 00:00:00+00:00,1000.73600,1015.77200,998.57400,1000.28600,146522
2016-01-29 00:00:00+00:00,999.88000,1036.80800,998.37600,1036.68000,100985
2016-01-31 00:00:00+00:00,1035.23800,1036.91600,1034.45800,1034.75800,913
2016-02-01 00:00:00+00:00,1034.75800,1037.36800,1018.88400,1027.63700,100730
2016-02-02 00:00:00+00:00,1025.47700,1027.50300,1003.88100,1009.18700,91734
2016-02-03 00:00:00+00:00,1008.68100,1018.95000,987.39800,1009.78400,137234
2016-02-04 00:00:00+00:00,1009.10400,1026.15800,999.90300,1010.78200,145073
2016-02-05 00:00:00+00:00,1009.80100,1016.67100,985.47500,988.12800,128106
2016-02-07 00:00:00+00:00,988.62000,989.82200,987.61800,988.26700,619
2016-02-08 00:00:00+00:00,988.35200,993.51300,954.95400,970.02800,147996
2016-02-09 00:00:00+00:00,968.12000,976.85700,955.24100,962.81100,147898
2016-02-10 00:00:00+00:00,962.60600,984.94400,957.21900,960.60400,136083
2016-02-11 00:00:00+00:00,955.08900,960.47000,938.18200,953.48800,175435
2016-02-12 00:00:00+00:00,955.88800,973.28000,951.46800,970.67200,100515
2016-02-14 00:00:00+00:00,972.91800,975.17000,972.91800,974.97000,71
2016-02-15 00:00:00+00:00,974.76900,987.81500,973.96700,983.74600,25385
2016-02-16 00:00:00+00:00,986.78500,996.35600,977.28700,992.44600,78707
2016-02-17 00:00:00+00:00,995.99700,1016.39600,988.06800,1014.07600,69455
2016-02-18 00:00:00+00:00,1012.06800,1018.15400,1000.61000,1006.66000,73553
2016-02-19 00:00:00+00:00,1004.45200,1010.92600,996.18300,1010.01300,65639
2016-02-21 00:00:00+00:00,1007.74800,1008.04800,1006.59600,1007.64600,323
2016-02-22 00:00:00+00:00,1007.69600,1025.28600,1007.69600,1016.00400,51902
2016-02-23 00:00:00+00:00,1015.24900,1019.97300,1008.99300,1009.74100,60290
2016-02-24 00:00:00+00:00,1009.66200,1024.50700,994.38600,1024.20400,74080
2016-02-25 00:00:00+00:00,1025.07500,1031.73700,1017.52400,1030.65600,63810
2016-02-26 00:00:00+00:00,1031.85300,1041.66800,1030.54900,1036.05900,63968
2016-02-28 00:00:00+00:00,1035.41900,1035.69400,1033.19100,1034.29000,481
2016-02-29 00:00:00+00:00,1034.38800,1045.46200,1027.08800,1033.78600,64914
2016-03-01 00:00:00+00:00,1032.28000,1056.00400,1029.67500,1055.55000,60864
2016-03-02 00:00:00+00:00,1055.09500,1066.05600,1050.85800,1065.50100,63187
2016-03-03 00:00:00+00:00,1064.44500,1076.60700,1064.31300,1075.25100,48054
2016-03-04 00:00:00+00:00,1073.96900,1088.36200,1071.56000,1081.04900,64756
2016-03-06 00:00:00+00:00,1081.18000,1081.18000,1079.62900,1079.97700,509
2016-03-07 00:00:00+00:00,1079.92700,1095.93200,1075.56500,1095.68000,55913
2016-03-08 00:00:00+00:00,1093.17300,1093.37300,1066.11000,1069.05600,66876
2016-03-09 00:00:00+00:00,1067.70100,1076.60200,1065.18900,1073.95100,58372
2016-03-10 00:00:00+00:00,1073.44600,1085.07200,1052.54500,1063.18800,98604
2016-03-11 00:00:00+00:00,1063.53400,1088.24400,1062.85800,1086.69100,47826
2016-03-13 00:00:00+00:00,1085.62300,1086.72300,1084.26900,1084.71800,548
2016-03-14 00:00:00+00:00,1084.66800,1087.72300,1078.50300,1083.86400,44192
2016-03-15 00:00:00+00:00,1083.04100,1083.30700,1064.54600,1066.50000,45695
2016-03-16 00:00:00+00:00,1067.85200,1077.93200,1059.92600,1072.32000,51426
2016-03-17 00:00:00+00:00,1074.17400,1096.19000,1065.45200,1090.85600,56311
2016-03-18 00:00:00+00:00,1092.05700,1104.78000,1088.46600,1102.65700,50604
2016-03-20 00:00:00+00:00,1100.97000,1101.57300,1099.96300,1100.86500,418
2016-03-21 00:00:00+00:00,1100.96600,1105.16200,1095.34400,1099.20000,44323
2016-03-22 00:00:00+00:00,1098.23900,1101.58400,1089.18200,1097.27700,46216
2016-03-23 00:00:00+00:00,1096.41800,1097.94400,1075.31200,1077.31700,51601
2016-03-24 00:00:00+00:00,1077.21200,1080.62200,1064.69000,1080.47100,48036
2016-03-27 00:00:00+00:00,1080.78800,1083.29800,1080.78800,1083.29400,503
2016-03-28 00:00:00+00:00,1083.31800,1087.19200,1072.73200,1079.06800,26510
2016-03-29 00:00:00+00:00,1078.98600,1113.01500,1075.01600,1112.91100,50248
2016-03-30 00:00:00+00:00,1112.30200,1119.60700,1108.34300,1110.83800,44327
2016-03-31 00:00:00+00:00,1111.23800,1119.72800,1107.37200,1113.48600,37973
2016-04-01 00:00:00+00:00,1113.78200,1120.05800,1102.14600,1119.15000,51379
2016-04-03 00:00:00+00:00,1118.36600,1118.41600,1116.10200,1116.15200,291
2016-04-04 00:00:00+00:00,1116.10200,1121.49900,1108.24200,1108.61200,35369
2016-04-05 00:00:00+00:00,1107.07600,1107.75400,1095.35000,1099.00900,56090
2016-04-06 00:00:00+00:00,1099.45000,1109.89600,1092.64200,1107.43000,52304
2016-04-07 00:00:00+00:00,1107.07400,1110.20700,1087.94700,1094.71600,52088
2016-04-08 00:00:00+00:00,1092.15100,1107.82400,1092.00000,1098.97400,49218
2016-04-10 00:00:00+00:00,1098.44400,1100.12000,1096.98800,1099.31800,446
2016-04-11 00:00:00+00:00,1099.31700,1112.70600,1091.20700,1091.45400,55524
2016-04-12 00:00:00+00:00,1091.45000,1108.81500,1090.86000,1105.99600,56966
2016-04-13 00:00:00+00:00,1106.49400,1132.23500,1105.68700,1132.13000,46505
2016-04-14 00:00:00+00:00,1131.47200,1134.21400,1125.96200,1128.90400,39747
2016-04-15 00:00:00+00:00,1128.12200,1133.31200,1124.90100,1131.55200,31578
2016-04-17 00:00:00+00:00,1124.62000,1126.85200,1124.54600,1125.24300,885
2016-04-18 00:00:00+00:00,1125.17400,1141.04600,1121.41100,1139.93400,39739
2016-04-19 00:00:00+00:00,1140.23000,1148.46800,1135.99600,1142.02600,41776
2016-04-20 00:00:00+00:00,1139.73800,1149.24300,1136.15700,1142.68800,40601
2016-04-21 00:00:00+00:00,1142.25600,1146.17800,1133.42700,1134.12000,50271
2016-04-22 00:00:00+00:00,1134.41600,1149.69600,1133.84000,1149.50700,48524
2016-04-24 00:00:00+00:00,1151.88000,1152.38200,1149.66800,1149.71800,591
2016-04-25 00:00:00+00:00,1149.66800,1149.81800,1134.62200,1139.42800,41458
2016-04-26 00:00:00+00:00,1139.22200,1153.35800,1138.25900,1151.14800,39876
2016-04-27 00:00:00+00:00,1151.71800,1157.28000,1145.48500,1156.84800,51684
2016-04-28 00:00:00+00:00,1156.49200,1157.68800,1138.21000,1143.94600,50942
2016-04-29 00:00:00+00:00,1144.04000,1145.21600,1123.25800,1133.30300,60321
2016-05-01 00:00:00+00:00,1132.72000,1133.22000,1130.15800,1130.65800,675
2016-05-02 00:00:00+00:00,1130.75900,1141.68000,1127.81400,1141.17700,51261
2016-05-03 00:00:00+00:00,1140.06800,1141.30400,1114.98800,1120.95800,54716
2016-05-04 00:00:00+00:00,1122.28200,1125.77900,1109.23000,1113.32800,54540
2016-05-05 00:00:00+00:00,1114.67200,1121.41900,1106.32600,1106.69700,50851
2016-05-06 00:00:00+00:00,1107.16800,1117.61300,1100.21900,1117.61300,59998
2016-05-08 00:00:00+00:00,1116.78000,1119.93200,1116.48000,1119.83200,763
2016-05-09 00:00:00+00:00,1120.03300,1124.64200,1111.62300,1117.01800,44033
2016-05-10 00:00:00+00:00,1115.86000,1129.69600,1115.30700,1127.72600,35160
2016-05-11 00:00:00+00:00,1127.72600,1128.91800,1112.38500,1112.58100,39874
2016-05-12 00:00:00+00:00,1113.30100,1120.32900,1100.10300,1107.35600,46719
2016-05-13 00:00:00+00:00,1107.37600,1114.87500,1098.86000,1103.13700,63928
2016-05-15 00:00:00+00:00,1101.58200,1101.70600,1098.09900,1101.15000,722
2016-05-16 00:00:00+00:00,1101.10000,1120.58500,1101.10000,1114.81800,34938
2016-05-17 00:00:00+00:00,1114.86200,1120.62600,1092.44900,1098.32400,55594
2016-05-18 00:00:00+00:00,1098.82000,1111.74600,1090.72200,1103.47000,77105
2016-05-19 00:00:00+00:00,1103.99200,1104.19000,1084.54200,1095.09400,68636
2016-05-20 00:00:00+00:00,1095.38800,1113.91500,1094.73700,1113.91300,45685
2016-05-22 00:00:00+00:00,1115.63600,1115.88600,1114.03000,1114.27600,460
2016-05-23 00:00:00+00:00,1114.27900,1118.74700,1109.31800,1109.56400,46879
2016-05-24 00:00:00+00:00,1110.20900,1137.24500,1107.68700,1135.63600,37211
2016-05-25 00:00:00+00:00,1137.48300,1143.95100,1135.71900,1141.47800,40056
2016-05-26 00:00:00+00:00,1140.32100,1144.99000,1137.27600,1141.06200,34365
2016-05-27 00:00:00+00:00,1141.40700,1151.94000,1138.98500,1151.51200,28341
2016-05-29 00:00:00+00:00,1152.60400,1154.02500,1152.27800,1153.12400,185
2016-05-30 00:00:00+00:00,1152.99000,1155.03000,1151.59900,1154.67900,4016
2016-05-31 00:00:00+00:00,1153.70900,1160.16700,1149.45200,1154.49900,34539
2016-06-01 00:00:00+00:00,1155.45000,1164.29900,1148.75000,1161.86400,35401
2016-06-02 00:00:00+00:00,1162.05300,1172.78600,1158.04400,1172.38200,38700
2016-06-03 00:00:00+00:00,1173.05100,1173.64300,1154.37200,1162.23400,45319
2016-06-05 00:00:00+00:00,1162.52400,1163.47400,1160.31800,1161.01800,582
2016-06-06 00:00:00+00:00,1160.91800,1180.15200,1160.61600,1176.86700,31720
2016-06-07 00:00:00+00:00,1176.23600,1184.21300,1173.87000,1180.50100,25252
2016-06-08 00:00:00+00:00,1179.60700,1190.87100,1177.28800,1187.93800,26058
2016-06-09 00:00:00+00:00,1187.58200,1188.78000,1177.18100,1179.14200,29919
2016-06-10 00:00:00+00:00,1179.11000,1179.21000,1161.04900,1164.07700,31029
2016-06-12 00:00:00+00:00,1161.83500,1162.25500,1160.30700,1161.65300,217
2016-06-13 00:00:00+00:00,1161.80300,1165.81400,1147.29100,1148.04000,44222
2016-06-14 00:00:00+00:00,1147.71000,1154.79800,1140.54100,1147.22400,38182
2016-06-15 00:00:00+00:00,1146.36800,1159.27000,1145.89000,1147.20500,42361
2016-06-16 00:00:00+00:00,1146.80300,1150.91200,1132.36200,1149.55200,60772
2016-06-17 00:00:00+00:00,1152.30600,1153.56200,1139.89000,1143.77200,51430
2016-06-19 00:00:00+00:00,1151.16400,1154.95600,1150.83900,1153.49600,1114
2016-06-20 00:00:00+00:00,1153.64600,1168.47200,1153.52400,1157.86300,40263
2016-06-21 00:00:00+00:00,1157.33200,1162.50300,1146.62300,1152.93600,48468
2016-06-22 00:00:00+00:00,1151.45000,1162.43500,1147.56100,1152.47700,43994
2016-06-23 00:00:00+00:00,1154.93000,1183.04800,1153.98800,1182.74600,55796
2016-06-24 00:00:00+00:00,1169.79100,1171.04200,1085.47900,1121.34000,160075
2016-06-26 00:00:00+00:00,1117.76400,1118.71700,1105.88800,1110.73000,3054
2016-06-27 00:00:00+00:00,1110.83100,1119.02200,1080.91600,1082.16800,99441
2016-06-28 00:00:00+00:00,1086.53100,1111.23600,1084.82400,1108.76900,61244
2016-06-29 00:00:00+00:00,1109.14100,1137.22800,1106.30400,1134.96400,47260
2016-06-30 00:00:00+00:00,1133.35800,1153.73600,1125.98600,1152.67800,62226
2016-07-01 00:00:00+00:00,1151.89600,1162.62700,1148.63400,1157.81800,40124
2016-07-03 00:00:00+00:00,1158.72800,1158.72800,1157.17500,1157.67300,57
2016-07-04 00:00:00+00:00,1157.52200,1163.67800,1155.62800,1161.04500,9409
2016-07-05 00:00:00+00:00,1157.41600,1158.21800,1132.98600,1140.10200,44485
2016-07-06 00:00:00+00:00,1137.36400,1148.83200,1129.71000,1145.92000,70188
2016-07-07 00:00:00+00:00,1145.86200,1158.72100,1142.51000,1150.52600,49852
2016-07-08 00:00:00+00:00,1150.42400,1180.00400,1148.35400,1176.01000,48730
2016-07-10 00:00:00+00:00,1175.69100,1176.99200,1175.18600,1176.74200,267
2016-07-11 00:00:00+00:00,1176.56500,1193.44800,1176.56500,1192.13800,37919
2016-07-12 00:00:00+00:00,1191.50600,1213.68000,1190.45200,1206.17400,34804
2016-07-13 00:00:00+00:00,1205.99400,1213.20800,1198.55700,1202.35300,42611
2016-07-14 00:00:00+00:00,1201.29800,1216.26800,1200.13800,1203.29700,43041
2016-07-15 00:00:00+00:00,1200.51000,1209.50200,1198.97800,1200.38200,37625
2016-07-17 00:00:00+00:00,1206.73100,1209.33800,1205.77400,1206.82700,571
2016-07-18 00:00:00+00:00,1206.47600,1212.70800,1202.28000,1208.52800,25777
2016-07-19 00:00:00+00:00,1208.44800,1208.63900,1198.20000,1203.30300,27292
2016-07-20 00:00:00+00:00,1202.24600,1213.40600,1198.32600,1211.81600,23236
2016-07-21 00:00:00+00:00,1210.76100,1214.98600,1201.08700,1203.18600,28191
2016-07-22 00:00:00+00:00,1202.52800,1215.49400,1201.21200,1213.25700,24613
2016-07-24 00:00:00+00:00,1212.81600,1213.53300,1211.93100,1213.08000,274
2016-07-25 00:00:00+00:00,1212.98000,1216.48600,1206.17500,1211.47200,27608
2016-07-26 00:00:00+00:00,1210.30700,1219.73600,1207.45400,1218.98200,30762
2016-07-27 00:00:00+00:00,1218.98200,1223.50200,1212.11400,1219.37200,37621
2016-07-28 00:00:00+00:00,1218.74200,1222.93200,1213.82000,1217.35800,33666
2016-07-29 00:00:00+00:00,1217.12800,1226.58500,1208.94800,1222.91500,34514
2016-07-31 00:00:00+00:00,1224.67100,1224.99800,1222.83800,1222.93800,219
2016-08-01 00:00:00+00:00,1222.98400,1227.59100,1212.83100,1221.78000,33631
2016-08-02 00:00:00+00:00,1221.07600,1224.47600,1198.98200,1202.42800,48300
2016-08-03 00:00:00+00:00,1202.57300,1213.94700,1198.57100,1213.39300,39845
2016-08-04 00:00:00+00:00,1214.44000,1220.19300,1210.13700,1212.53200,37514
2016-08-05 00:00:00+00:00,1213.67900,1234.35300,1213.10000,1230.66200,30880
2016-08-07 00:00:00+00:00,1230.38800,1231.83900,1230.33800,1231.18600,234
2016-08-08 00:00:00+00:00,1231.08400,1236.71100,1228.53300,1230.82900,23395
2016-08-09 00:00:00+00:00,1230.02200,1234.54500,1229.43600,1231.72000,21551
2016-08-10 00:00:00+00:00,1230.56600,1234.27100,1219.48000,1223.44600,22491
2016-08-11 00:00:00+00:00,1222.23800,1232.21000,1221.98500,1229.19600,25036
2016-08-12 00:00:00+00:00,1229.89200,1232.78300,1224.13900,1229.43800,25344
2016-08-14 00:00:00+00:00,1229.66600,1230.11200,1229.06400,1230.08600,116
2016-08-15 00:00:00+00:00,1230.06200,1244.96400,1229.76000,1241.92500,19576
2016-08-16 00:00:00+00:00,1241.16800,1242.62100,1230.22700,1232.70000,28268
2016-08-17 00:00:00+00:00,1232.99500,1234.98100,1220.73800,1229.13500,35061
2016-08-18 00:00:00+00:00,1228.17800,1237.79100,1225.54300,1237.43600,27546
2016-08-19 00:00:00+00:00,1237.48100,1238.37000,1230.36300,1235.92600,27538
2016-08-21 00:00:00+00:00,1235.47700,1236.00200,1235.25000,1235.59700,216
2016-08-22 00:00:00+00:00,1235.54700,1241.04100,1230.65600,1238.94600,35401
2016-08-23 00:00:00+00:00,1238.66600,1252.31900,1238.13900,1248.47000,27254
2016-08-24 00:00:00+00:00,1248.99100,1250.05800,1235.07600,1237.64900,32395
2016-08-25 00:00:00+00:00,1237.11700,1244.48600,1233.20400,1241.36600,35968
2016-08-26 00:00:00+00:00,1241.29200,1251.70900,1230.25300,1238.95600,57351
2016-08-28 00:00:00+00:00,1238.78100,1238.88200,1236.77900,1238.42600,447
2016-08-29 00:00:00+00:00,1238.45000,1249.09000,1235.90400,1246.52800,23860
2016-08-30 00:00:00+00:00,1246.52200,1249.13700,1240.87100,1247.16700,28110
2016-08-31 00:00:00+00:00,1246.17200,1247.89300,1232.50800,1240.15100,34999
2016-09-01 00:00:00+00:00,1240.47000,1246.75700,1226.94800,1238.23800,41076
2016-09-02 00:00:00+00:00,1239.68400,1253.19100,1237.46400,1252.89000,45884
2016-09-04 00:00:00+00:00,1252.66500,1254.51500,1251.96400,1253.61000,281
2016-09-05 00:00:00+00:00,1253.46000,1254.99200,1249.12100,1251.11500,7588
2016-09-06 00:00:00+00:00,1250.59700,1256.66600,1246.48400,1254.14300,31574
2016-09-07 00:00:00+00:00,1253.68700,1261.98700,1251.60200,1261.88500,25227
2016-09-08 00:00:00+00:00,1261.25500,1264.01100,1254.34000,1256.27100,41671
2016-09-09 00:00:00+00:00,1255.81900,1257.60700,1212.64800,1212.84700,41462
2016-09-11 00:00:00+00:00,1214.17600,1215.42700,1209.17300,1212.57100,1087
2016-09-12 00:00:00+00:00,1212.52400,1236.97600,1203.31300,1236.12100,54687
2016-09-13 00:00:00+00:00,1235.16600,1235.41500,1204.66800,1214.55800,64562
2016-09-14 00:00:00+00:00,1213.22800,1220.45500,1208.19900,1210.05200,70994
2016-09-15 00:00:00+00:00,1212.30600,1228.12700,1205.47800,1224.40600,65235
2016-09-16 00:00:00+00:00,1222.49800,1225.76700,1216.54700,1224.46100,52611
2016-09-18 00:00:00+00:00,1223.93800,1230.43200,1223.28600,1228.57400,773
2016-09-19 00:00:00+00:00,1228.60000,1241.89300,1225.70600,1233.74900,38130
2016-09-20 00:00:00+00:00,1232.19000,1239.18800,1225.37500,1226.37600,41137
2016-09-21 00:00:00+00:00,1227.07500,1247.40100,1222.75200,1246.44600,56218
2016-09-22 00:00:00+00:00,1245.08600,1264.51100,1244.93400,1263.90500,32539
2016-09-23 00:00:00+00:00,1262.94800,1265.45200,1253.52400,1253.52400,34183
2016-09-25 00:00:00+00:00,1252.62000,1254.97600,1252.52200,1254.47400,476
2016-09-26 00:00:00+00:00,1254.57400,1255.42500,1240.23800,1240.88600,39900
2016-09-27 00:00:00+00:00,1240.33100,1251.55100,1236.66800,1246.40600,45074
2016-09-28 00:00:00+00:00,1245.90200,1257.24400,1239.90000,1256.28800,45191
2016-09-29 00:00:00+00:00,1257.28600,1258.93400,1236.03800,1238.38400,70333
2016-09-30 00:00:00+00:00,1237.57800,1257.19700,1231.12000,1248.77000,49220
2016-10-02 00:00:00+00:00,1249.72400,1251.87700,1249.22200,1251.77600,463
2016-10-03 00:00:00+00:00,1251.72800,1253.37700,1239.90800,1247.87000,35098
2016-10-04 00:00:00+00:00,1248.06600,1251.97200,1234.94100,1240.65200,67908
2016-10-05 00:00:00+00:00,1239.44400,1255.80800,1238.55200,1247.62200,36397
2016-10-06 00:00:00+00:00,1247.76800,1249.56000,1236.45700,1247.24800,41468
2016-10-07 00:00:00+00:00,1245.11400,1251.80400,1230.29100,1234.36800,64730
2016-10-09 00:00:00+00:00,1238.40400,1239.65800,1237.09800,1237.14800,615
2016-10-10 00:00:00+00:00,1237.27100,1256.31900,1236.02800,1253.49600,29075
2016-10-11 00:00:00+00:00,1253.54200,1254.04200,1221.27200,1228.43400,49811
2016-10-12 00:00:00+00:00,1230.35800,1234.43800,1223.32200,1223.67400,50212
2016-10-13 00:00:00+00:00,1224.97200,1225.57400,1209.00500,1217.41000,57744
2016-10-14 00:00:00+00:00,1216.58000,1226.35000,1210.30000,1212.80400,58158
2016-10-16 00:00:00+00:00,1212.85800,1214.51200,1207.24400,1209.77200,640
2016-10-17 00:00:00+00:00,1209.82200,1216.48100,1206.28600,1212.76100,50906
2016-10-18 00:00:00+00:00,1213.60600,1223.85600,1213.30800,1215.97100,34900
2016-10-19 00:00:00+00:00,1216.06800,1227.48200,1212.38100,1221.56200,31303
2016-10-20 00:00:00+00:00,1222.25800,1226.28700,1211.58100,1220.53700,41378
2016-10-21 00:00:00+00:00,1221.16000,1221.30300,1208.25500,1219.59000,34810
2016-10-23 00:00:00+00:00,1220.14400,1222.14700,1219.19200,1220.69200,507
2016-10-24 00:00:00+00:00,1220.59200,1233.76500,1218.65900,1226.16000,28084
2016-10-25 00:00:00+00:00,1225.95400,1229.24300,1213.14700,1215.86500,33587
2016-10-26 00:00:00+00:00,1214.88400,1217.13400,1201.42300,1204.17100,44726
2016-10-27 00:00:00+00:00,1204.14000,1210.20300,1185.74200,1188.31800,49558
2016-10-28 00:00:00+00:00,1189.29200,1197.02400,1180.45800,1187.84800,68438
2016-10-30 00:00:00+00:00,1184.84600,1187.20200,1182.94500,1186.14800,681
2016-10-31 00:00:00+00:00,1186.04600,1194.07100,1184.49200,1193.41800,32479
2016-11-01 00:00:00+00:00,1193.41400,1197.54000,1168.88600,1173.98800,48079
2016-11-02 00:00:00+00:00,1174.08400,1176.31700,1157.31400,1157.51400,65871
2016-11-03 00:00:00+00:00,1161.16600,1168.30300,1154.56800,1156.46800,47259
2016-11-04 00:00:00+00:00,1157.91600,1174.78600,1153.76200,1164.01300,51448
2016-11-06 00:00:00+00:00,1180.36800,1186.17600,1180.31800,1182.97000,1124
2016-11-07 00:00:00+00:00,1182.92000,1194.25400,1180.31500,1192.44000,30952
2016-11-08 00:00:00+00:00,1191.03400,1200.64000,1182.79500,1195.49800,45059
2016-11-09 00:00:00+00:00,1204.08800,1234.81300,1125.18400,1230.60200,204832
2016-11-10 00:00:00+00:00,1231.85000,1260.45500,1228.74300,1255.63800,120911
2016-11-11 00:00:00+00:00,1256.11000,1285.58300,1252.05200,1282.42800,81785
2016-11-13 00:00:00+00:00,1285.65600,1286.70500,1283.32800,1286.18000,375
2016-11-14 00:00:00+00:00,1286.13200,1309.70100,1283.05100,1299.69800,78832
2016-11-15 00:00:00+00:00,1299.39400,1305.91000,1289.95300,1301.55000,51956
2016-11-16 00:00:00+00:00,1303.12200,1307.09600,1295.08900,1303.90200,42830
2016-11-17 00:00:00+00:00,1303.87200,1315.35000,1303.84800,1311.61000,46186
2016-11-18 00:00:00+00:00,1308.95200,1317.99500,1307.25900,1315.99200,36549
2016-11-20 00:00:00+00:00,1315.96100,1317.06200,1315.91100,1316.38500,200
2016-11-21 00:00:00+00:00,1316.26000,1327.13900,1313.02300,1324.11800,34821
2016-11-22 00:00:00+00:00,1325.91600,1337.08300,1323.78400,1336.67800,31299
2016-11-23 00:00:00+00:00,1335.22200,1343.86100,1328.01400,1343.48200,36017
2016-11-24 00:00:00+00:00,1342.42700,1349.07500,1340.42500,1347.04400,5458
2016-11-25 00:00:00+00:00,1345.77800,1349.14300,1342.34500,1348.24200,20076
2016-11-27 00:00:00+00:00,1346.77600,1346.92600,1345.17300,1345.47300,192
2016-11-28 00:00:00+00:00,1345.32200,1346.79300,1328.06500,1330.31200,36923
2016-11-29 00:00:00+00:00,1329.65800,1337.38100,1327.40200,1329.76000,38394
2016-11-30 00:00:00+00:00,1329.35600,1337.18100,1320.91000,1325.30600,45426
2016-12-01 00:00:00+00:00,1325.35000,1331.42500,1308.70000,1315.29900,59878
2016-12-02 00:00:00+00:00,1315.69500,1320.56500,1310.72400,1314.64900,42063
2016-12-04 00:00:00+00:00,1308.04200,1313.54300,1307.82300,1312.19200,945
2016-12-05 00:00:00+00:00,1312.29200,1341.30600,1310.62600,1340.65500,36088
2016-12-06 00:00:00+00:00,1339.40000,1354.96500,1333.01400,1350.00600,30227
2016-12-07 00:00:00+00:00,1349.60200,1367.61500,1347.42000,1365.20900,37727
2016-12-08 00:00:00+00:00,1365.70500,1390.56300,1361.55200,1389.46300,52562
2016-12-09 00:00:00+00:00,1387.35800,1394.17600,1383.41800,1388.26100,26891
2016-12-11 00:00:00+00:00,1388.35100,1396.35200,1388.30100,1391.24900,645
2016-12-12 00:00:00+00:00,1391.29900,1391.56600,1370.90700,1374.24500,33546
2016-12-13 00:00:00+00:00,1374.06600,1386.55000,1368.30600,1375.05900,39597
2016-12-14 00:00:00+00:00,1374.20600,1379.55400,1353.72400,1361.08000,72566
2016-12-15 00:00:00+00:00,1360.70400,1377.83600,1355.34000,1371.67500,69672
2016-12-16 00:00:00+00:00,1370.67300,1381.62500,1362.10200,1365.17900,42672
2016-12-18 00:00:00+00:00,1366.52600,1369.47800,1366.27600,1368.77600,370
2016-12-19 00:00:00+00:00,1368.72600,1377.97400,1364.86400,1375.06900,30826
2016-12-20 00:00:00+00:00,1374.36700,1388.04500,1373.71400,1384.16200,24450
2016-12-21 00:00:00+00:00,1384.11000,1387.60600,1373.43800,1374.53800,23059
2016-12-22 00:00:00+00:00,1374.76100,1378.53300,1358.59300,1364.31400,25258
2016-12-23 00:00:00+00:00,1364.41200,1371.90700,1362.10300,1369.53000,18797
2016-12-27 00:00:00+00:00,1368.55600,1383.36000,1367.90000,1374.39800,15878
2016-12-28 00:00:00+00:00,1374.54700,1380.04300,1358.04600,1362.47200,27156
2016-12-29 00:00:00+00:00,1363.12200,1372.87200,1356.90600,1363.75900,31821
2016-12-30 00:00:00+00:00,1363.34800,1369.70900,1354.01200,1357.36300,36362
2017-01-03 00:00:00+00:00,1364.14800,1378.75100,1354.83000,1367.23700,44766
2017-01-04 00:00:00+00:00,1367.73600,1389.79100,1367.53600,1386.98700,37546
2017-01-05 00:00:00+00:00,1385.23400,1387.77800,1364.60900,1370.81000,37669
2017-01-06 00:00:00+00:00,1370.75800,1376.85400,1364.69000,1364.74100,36554
2017-01-08 00:00:00+00:00,1364.76000,1366.03500,1363.91000,1365.81000,363
2017-01-09 00:00:00+00:00,1365.71000,1367.96000,1354.01800,1356.08900,36417
2017-01-10 00:00:00+00:00,1353.18500,1373.09000,1352.33300,1369.78400,36065
2017-01-11 00:00:00+00:00,1370.10800,1377.32800,1363.49200,1375.17300,60783
2017-01-12 00:00:00+00:00,1373.47000,1373.77000,1344.59000,1359.64700,53350
2017-01-13 00:00:00+00:00,1359.99600,1379.30100,1359.44500,1374.04200,38927
2017-01-15 00:00:00+00:00,1372.61100,1373.11100,1371.76000,1372.36000,234
2017-01-16 00:00:00+00:00,1372.31000,1373.90200,1369.15200,1371.34800,7281
2017-01-17 00:00:00+00:00,1371.09300,1372.91700,1350.19400,1353.91900,46968
2017-01-18 00:00:00+00:00,1353.99200,1359.36300,1348.50600,1357.50600,39477
2017-01-19 00:00:00+00:00,1359.13000,1363.70000,1340.28300,1345.88400,41122
2017-01-20 00:00:00+00:00,1348.88500,1357.78200,1347.02300,1353.55000,49130
2017-01-22 00:00:00+00:00,1352.59600,1353.09400,1346.18900,1346.69000,466
2017-01-23 00:00:00+00:00,1346.64000,1355.63600,1339.77500,1347.42600,42053
2017-01-24 00:00:00+00:00,1347.97500,1371.92800,1346.21900,1368.07300,35771
2017-01-25 00:00:00+00:00,1368.37200,1384.42200,1367.62100,1383.26600,38273
2017-01-26 00:00:00+00:00,1382.94100,1387.83800,1372.89900,1375.89700,38674
2017-01-27 00:00:00+00:00,1374.59500,1379.18900,1364.90500,1368.97900,34165
2017-01-29 00:00:00+00:00,1363.19600,1364.19600,1361.19400,1361.24400,499
2017-01-30 00:00:00+00:00,1361.04400,1364.29000,1340.39900,1350.07400,46352
2017-01-31 00:00:00+00:00,1350.42300,1364.01800,1342.91100,1362.31500,51383
2017-02-01 00:00:00+00:00,1362.10500,1377.38700,1355.35000,1359.64900,54133
2017-02-02 00:00:00+00:00,1356.19600,1365.29100,1351.94100,1354.83200,49864
2017-02-03 00:00:00+00:00,1355.28100,1378.57900,1350.77700,1378.07800,40878
2017-02-05 00:00:00+00:00,1379.29800,1379.79800,1376.14600,1376.82200,440
2017-02-06 00:00:00+00:00,1376.34600,1380.04200,1362.20400,1364.62700,41221
2017-02-07 00:00:00+00:00,1363.32500,1372.79400,1355.46100,1358.60900,38922
2017-02-08 00:00:00+00:00,1358.85800,1363.00600,1346.69500,1357.89400,37980
2017-02-09 00:00:00+00:00,1357.09300,1380.69200,1355.19200,1377.53700,30025
2017-02-10 00:00:00+00:00,1376.58500,1391.95400,1376.28500,1388.55100,31420
2017-02-12 00:00:00+00:00,1389.49600,1391.84700,1389.34600,1391.44600,313
2017-02-13 00:00:00+00:00,1391.47100,1400.34000,1389.03200,1391.03100,31895
2017-02-14 00:00:00+00:00,1390.75600,1399.22000,1384.26900,1398.01900,38609
2017-02-15 00:00:00+00:00,1397.26700,1407.00700,1387.00500,1405.60600,37176
2017-02-16 00:00:00+00:00,1403.57600,1406.27100,1389.99000,1398.13800,48352
2017-02-17 00:00:00+00:00,1396.98600,1400.07400,1385.82500,1398.89800,44401
2017-02-19 00:00:00+00:00,1397.04200,1397.69200,1396.54100,1396.99100,78
2017-02-20 00:00:00+00:00,1396.89100,1405.31300,1396.29000,1401.23100,10435
2017-02-21 00:00:00+00:00,1401.12600,1411.02000,1397.22000,1407.98900,34257
2017-02-22 00:00:00+00:00,1407.91300,1410.70900,1399.89900,1404.09800,36418
2017-02-23 00:00:00+00:00,1401.62100,1407.88900,1384.18200,1393.73000,44382
2017-02-24 00:00:00+00:00,1393.47800,1394.26600,1380.11700,1393.21500,42601
2017-02-26 00:00:00+00:00,1393.13400,1397.28500,1393.13400,1396.13400,456
2017-02-27 00:00:00+00:00,1396.08400,1407.14700,1389.27300,1403.34500,39881
2017-02-28 00:00:00+00:00,1403.51900,1406.01800,1381.70200,1384.20200,35002
2017-03-01 00:00:00+00:00,1386.45100,1416.09600,1385.59900,1412.09100,44741
2017-03-02 00:00:00+00:00,1411.99000,1413.38200,1392.32300,1392.67300,40851
2017-03-03 00:00:00+00:00,1391.49700,1401.26400,1385.76000,1391.10800,47098
2017-03-05 00:00:00+00:00,1389.77700,1389.77700,1381.82500,1381.92500,801
2017-03-06 00:00:00+00:00,1381.94900,1387.91800,1376.51400,1380.91000,39663
2017-03-07 00:00:00+00:00,1382.30900,1384.83200,1372.69600,1372.84400,37040
2017-03-08 00:00:00+00:00,1370.94300,1382.68500,1363.42900,1364.17900,46651
2017-03-09 00:00:00+00:00,1364.77700,1371.09400,1355.16500,1358.98800,44724
2017-03-10 00:00:00+00:00,1363.46200,1372.00500,1354.75100,1362.04900,40869
2017-03-12 00:00:00+00:00,1362.26900,1364.26900,1359.11800,1360.01800,437
2017-03-13 00:00:00+00:00,1359.76800,1374.25900,1359.51800,1369.85500,22403
2017-03-14 00:00:00+00:00,1369.25300,1370.29900,1351.69400,1364.14000,27927
2017-03-15 00:00:00+00:00,1364.78800,1386.39600,1363.88700,1381.92500,33786
2017-03-16 00:00:00+00:00,1384.12400,1391.51500,1381.78500,1387.26100,37439
2017-03-17 00:00:00+00:00,1386.18400,1394.90500,1379.09100,1392.27600,34672
2017-03-19 00:00:00+00:00,1390.36900,1391.16800,1388.76500,1390.48400,395
2017-03-20 00:00:00+00:00,1390.41500,1391.20700,1379.64200,1383.99400,32959
2017-03-21 00:00:00+00:00,1383.99200,1392.21700,1344.79000,1346.24100,88759
2017-03-22 00:00:00+00:00,1344.53800,1348.48300,1333.06500,1343.07200,77224
2017-03-23 00:00:00+00:00,1347.57500,1362.77900,1341.86100,1352.86600,67460
2017-03-24 00:00:00+00:00,1354.66700,1364.56600,1348.07300,1354.75300,70566
2017-03-26 00:00:00+00:00,1350.54300,1351.51800,1341.35800,1343.83600,1478
2017-03-27 00:00:00+00:00,1343.90200,1360.68700,1333.49100,1359.11000,64361
2017-03-28 00:00:00+00:00,1359.88400,1369.00600,1350.84200,1366.00000,53759
2017-03-29 00:00:00+00:00,1367.35000,1374.89500,1362.23800,1373.09100,38700
2017-03-30 00:00:00+00:00,1373.39000,1383.58600,1369.62900,1382.73400,35360
2017-03-31 00:00:00+00:00,1381.48200,1391.77900,1376.72300,1384.77100,34240
2017-04-02 00:00:00+00:00,1384.53800,1386.94000,1384.48800,1385.83800,337
2017-04-03 00:00:00+00:00,1385.78800,1390.93300,1365.51000,1369.40900,51848
2017-04-04 00:00:00+00:00,1369.10800,1375.00400,1362.34400,1371.09500,45477
2017-04-05 00:00:00+00:00,1370.99300,1383.84500,1345.95900,1347.46000,58484
2017-04-06 00:00:00+00:00,1345.15600,1367.01000,1339.80000,1366.91000,64996
2017-04-07 00:00:00+00:00,1366.00800,1369.60100,1350.89500,1363.24200,58838
2017-04-09 00:00:00+00:00,1362.30900,1364.36000,1361.80900,1363.45900,375
2017-04-10 00:00:00+00:00,1363.35000,1377.78500,1360.34600,1366.94700,43979
2017-04-11 00:00:00+00:00,1365.69300,1380.29300,1359.60600,1379.89100,69371
2017-04-12 00:00:00+00:00,1377.78800,1383.73800,1356.20800,1356.30800,62956
2017-04-13 00:00:00+00:00,1356.98100,1362.35200,1342.93400,1345.08400,62253
2017-04-16 00:00:00+00:00,1344.68700,1345.28800,1342.73500,1343.38500,614
2017-04-17 00:00:00+00:00,1343.48500,1363.98600,1341.93500,1362.98500,30821
2017-04-18 00:00:00+00:00,1362.58300,1364.73400,1349.76400,1360.26700,55674
2017-04-19 00:00:00+00:00,1361.09100,1377.96700,1361.06500,1365.05500,41471
2017-04-20 00:00:00+00:00,1366.75400,1384.95300,1364.95300,1382.35000,47780
2017-04-21 00:00:00+00:00,1382.59900,1385.39700,1375.13400,1379.93300,41977
2017-04-23 00:00:00+00:00,1398.41200,1400.51300,1394.88500,1397.21000,1670
2017-04-24 00:00:00+00:00,1397.16000,1404.35600,1393.29800,1397.99600,43111
2017-04-25 00:00:00+00:00,1397.19400,1417.62100,1397.04400,1411.48800,30768
2017-04-26 00:00:00+00:00,1410.88600,1427.13300,1408.40200,1417.27500,55206
2017-04-27 00:00:00+00:00,1418.87500,1426.77000,1413.66100,1420.86100,44207
2017-04-28 00:00:00+00:00,1419.35900,1421.75300,1398.58300,1398.90700,38711
2017-04-30 00:00:00+00:00,1399.47500,1399.50000,1396.04800,1396.69800,473
2017-05-01 00:00:00+00:00,1396.95400,1411.09300,1395.86300,1408.68900,27115
2017-05-02 00:00:00+00:00,1408.58800,1411.58000,1392.81400,1395.71600,32204
2017-05-03 00:00:00+00:00,1397.16600,1397.51600,1384.44700,1388.99700,35101
2017-05-04 00:00:00+00:00,1391.44700,1397.26600,1378.45500,1389.78100,44040
2017-05-05 00:00:00+00:00,1389.83000,1398.09500,1382.69200,1397.49500,37267
2017-05-07 00:00:00+00:00,1402.73900,1403.65900,1395.93500,1396.83500,904
2017-05-08 00:00:00+00:00,1396.73500,1397.38200,1384.76900,1391.31800,36121
2017-05-09 00:00:00+00:00,1391.36700,1395.71000,1384.85100,1389.05100,32312
2017-05-10 00:00:00+00:00,1385.29800,1400.54200,1383.36700,1397.98900,34272
2017-05-11 00:00:00+00:00,1397.78800,1398.63400,1376.56900,1387.66900,42457
2017-05-12 00:00:00+00:00,1387.66900,1387.84200,1378.30400,1382.60100,32469
2017-05-14 00:00:00+00:00,1383.91900,1384.36900,1382.26900,1383.66800,472
2017-05-15 00:00:00+00:00,1383.71800,1399.76400,1382.86800,1393.95700,29652
2017-05-16 00:00:00+00:00,1393.50600,1397.42300,1382.99200,1393.59100,33389
2017-05-17 00:00:00+00:00,1383.53600,1384.49600,1353.31200,1354.11200,76665
2017-05-18 00:00:00+00:00,1358.41200,1365.47600,1344.67600,1359.54800,89638
2017-05-19 00:00:00+00:00,1360.49700,1374.08900,1356.39400,1366.68500,44542
2017-05-21 00:00:00+00:00,1366.02800,1368.60300,1365.75300,1367.07700,545
2017-05-22 00:00:00+00:00,1367.12600,1378.69200,1362.87000,1376.54000,36355
2017-05-23 00:00:00+00:00,1371.99000,1383.58000,1369.87800,1380.07500,36757
2017-05-24 00:00:00+00:00,1379.27400,1386.91600,1374.61100,1380.86000,35962
2017-05-25 00:00:00+00:00,1381.43300,1392.60200,1378.22100,1381.24400,42370
2017-05-26 00:00:00+00:00,1380.84200,1384.10600,1373.85700,1380.45300,34975
2017-05-28 00:00:00+00:00,1380.19600,1382.64600,1379.64600,1381.69500,202
2017-05-29 00:00:00+00:00,1381.67000,1383.04400,1378.48300,1378.63300,5085
2017-05-30 00:00:00+00:00,1379.37900,1380.57000,1368.11700,1371.11200,34589
2017-05-31 00:00:00+00:00,1371.46100,1376.80400,1352.09800,1371.49700,51991
2017-06-01 00:00:00+00:00,1370.44500,1398.48700,1367.78700,1397.98500,44668
2017-06-02 00:00:00+00:00,1398.28400,1416.82600,1396.50100,1406.32100,50394
2017-06-04 00:00:00+00:00,1404.58800,1405.63800,1402.83700,1403.48700,521
2017-06-05 00:00:00+00:00,1403.46200,1407.28100,1392.32000,1392.32000,30117
2017-06-06 00:00:00+00:00,1393.13900,1402.55800,1383.43700,1393.70500,42028
2017-06-07 00:00:00+00:00,1394.70300,1401.39400,1390.69100,1394.78900,44968
2017-06-08 00:00:00+00:00,1394.96200,1420.67800,1393.27800,1411.57400,42318
2017-06-09 00:00:00+00:00,1409.64800,1435.31400,1409.17200,1421.15900,84212
2017-06-11 00:00:00+00:00,1421.57600,1423.07600,1420.47500,1421.67500,552
2017-06-12 00:00:00+00:00,1421.72500,1427.61500,1415.11500,1421.56000,73126
2017-06-13 00:00:00+00:00,1421.43400,1429.14800,1420.49900,1427.69300,44356
2017-06-14 00:00:00+00:00,1427.29400,1430.08400,1410.35500,1415.63100,78545
2017-06-15 00:00:00+00:00,1412.22900,1415.77800,1400.57400,1412.37500,71560
2017-06-16 00:00:00+00:00,1412.97500,1417.39900,1397.86800,1411.17000,47474
2017-06-18 00:00:00+00:00,1411.17000,1411.76100,1409.96100,1410.56000,310
2017-06-19 00:00:00+00:00,1410.51000,1421.76000,1410.26000,1417.60800,40601
2017-06-20 00:00:00+00:00,1418.70600,1419.93200,1402.25000,1403.65000,40727
2017-06-21 00:00:00+00:00,1404.17400,1413.84900,1396.54600,1398.69400,53150
2017-06-22 00:00:00+00:00,1397.19300,1409.74300,1393.84000,1405.51600,41707
2017-06-23 00:00:00+00:00,1406.24100,1416.34000,1400.73600,1412.11300,38176
2017-06-25 00:00:00+00:00,1412.02600,1412.57900,1410.57800,1412.07800,186
2017-06-26 00:00:00+00:00,1412.22800,1420.22800,1407.02400,1414.62500,45438
2017-06-27 00:00:00+00:00,1415.42500,1421.27300,1402.61700,1404.41700,59627
2017-06-28 00:00:00+00:00,1404.41700,1431.32000,1401.41600,1430.57000,51778
2017-06-29 00:00:00+00:00,1431.64400,1432.61800,1401.30800,1417.86200,81051
2017-06-30 00:00:00+00:00,1417.46100,1421.68300,1411.85600,1413.20600,52280
2017-07-02 00:00:00+00:00,1413.39700,1416.22100,1412.94900,1414.44600,323
2017-07-03 00:00:00+00:00,1414.49600,1430.14700,1413.82200,1424.34600,31823
2017-07-04 00:00:00+00:00,1425.64500,1427.29300,1412.78800,1414.78900,11881
2017-07-05 00:00:00+00:00,1414.18700,1423.18700,1411.38300,1418.93400,56692
2017-07-06 00:00:00+00:00,1419.25800,1420.03400,1398.50000,1400.32500,57735
2017-07-07 00:00:00+00:00,1401.07500,1417.34900,1399.77300,1411.92300,42574
2017-07-09 00:00:00+00:00,1413.46400,1414.96400,1412.91400,1414.86400,319
2017-07-10 00:00:00+00:00,1414.61400,1419.71100,1403.95900,1409.13300,35700
2017-07-11 00:00:00+00:00,1409.05800,1414.45600,1400.25600,1413.73000,41197
2017-07-12 00:00:00+00:00,1414.22900,1433.25600,1411.95400,1422.05200,39691
2017-07-13 00:00:00+00:00,1422.75200,1427.02500,1414.04700,1425.94800,34844
2017-07-14 00:00:00+00:00,1424.79800,1433.74600,1421.04400,1428.69400,27633
2017-07-16 00:00:00+00:00,1428.48500,1429.58300,1428.43500,1428.78400,90
2017-07-17 00:00:00+00:00,1428.73400,1434.85700,1422.70600,1431.68100,27748
2017-07-18 00:00:00+00:00,1431.53000,1431.97900,1420.42500,1427.42500,37245
2017-07-19 00:00:00+00:00,1426.37400,1443.12400,1425.62200,1441.59700,28572
2017-07-20 00:00:00+00:00,1441.32300,1445.72000,1438.61900,1442.96900,37252
2017-07-21 00:00:00+00:00,1442.71800,1445.06700,1432.51200,1434.66200,32370
2017-07-23 00:00:00+00:00,1434.95300,1435.87700,1433.45200,1433.90200,147
2017-07-24 00:00:00+00:00,1433.85200,1438.29900,1428.12500,1435.94800,26496
2017-07-25 00:00:00+00:00,1436.62300,1452.54800,1435.89700,1450.04600,31281
2017-07-26 00:00:00+00:00,1449.74600,1452.49400,1440.09000,1442.79000,31881
2017-07-27 00:00:00+00:00,1444.39000,1447.38900,1424.88300,1433.13400,55701
2017-07-28 00:00:00+00:00,1430.35700,1433.23100,1424.23000,1429.25400,40618
2017-07-30 00:00:00+00:00,1429.96900,1429.96900,1428.01800,1428.06800,241
2017-07-31 00:00:00+00:00,1428.16800,1433.51700,1419.11400,1424.01400,31334
2017-08-01 00:00:00+00:00,1423.98900,1432.26200,1419.16000,1427.60900,32068
2017-08-02 00:00:00+00:00,1428.65900,1429.65800,1406.30300,1411.95200,40133
2017-08-03 00:00:00+00:00,1411.20400,1414.40000,1400.44700,1405.39700,29122
2017-08-04 00:00:00+00:00,1404.24600,1412.79400,1402.94600,1411.19300,28359
2017-08-06 00:00:00+00:00,1411.93400,1413.13400,1411.33400,1412.83400,294
2017-08-07 00:00:00+00:00,1412.96100,1417.73100,1406.18000,1413.83000,22516
2017-08-08 00:00:00+00:00,1413.13100,1426.95200,1405.82400,1409.82400,35048
2017-08-09 00:00:00+00:00,1406.17400,1406.57400,1391.11800,1398.86800,48657
2017-08-10 00:00:00+00:00,1397.76800,1398.41800,1365.86000,1366.21000,61184
2017-08-11 00:00:00+00:00,1369.16000,1375.50800,1363.80800,1372.35600,50899
2017-08-13 00:00:00+00:00,1374.04700,1378.09700,1373.79700,1378.09700,403
2017-08-14 00:00:00+00:00,1378.14700,1394.79500,1377.74700,1394.44500,31472
2017-08-15 00:00:00+00:00,1395.74700,1400.41900,1381.28900,1382.08900,31347
2017-08-16 00:00:00+00:00,1380.98900,1392.08700,1380.08800,1381.53500,39071
2017-08-17 00:00:00+00:00,1379.73400,1385.08200,1351.52700,1352.92700,65042
2017-08-18 00:00:00+00:00,1353.52700,1362.17500,1348.77400,1357.12300,54683
2017-08-20 00:00:00+00:00,1359.66500,1361.09100,1358.26400,1359.26700,321
2017-08-21 00:00:00+00:00,1359.09500,1359.91200,1348.98600,1355.61000,36074
2017-08-22 00:00:00+00:00,1357.33400,1372.13200,1356.70800,1370.60600,26611
2017-08-23 00:00:00+00:00,1370.60600,1373.45300,1359.50300,1366.45200,36143
2017-08-24 00:00:00+00:00,1366.45200,1377.22400,1363.85100,1373.69800,39207
2017-08-25 00:00:00+00:00,1373.49700,1380.79300,1369.87100,1375.69400,32208
2017-08-27 00:00:00+00:00,1373.78400,1376.43400,1372.83400,1375.93400,426
2017-08-28 00:00:00+00:00,1375.83400,1383.80600,1367.87900,1371.98000,27584
2017-08-29 00:00:00+00:00,1374.70500,1386.22700,1368.42700,1382.97600,46888
2017-08-30 00:00:00+00:00,1384.22500,1392.79600,1379.12300,1389.87100,29231
2017-08-31 00:00:00+00:00,1391.54600,1407.29300,1390.62100,1404.46800,29441
2017-09-01 00:00:00+00:00,1406.24300,1414.51400,1404.21600,1412.46400,27305
2017-09-03 00:00:00+00:00,1403.80400,1408.00400,1403.50400,1407.70300,880
2017-09-04 00:00:00+00:00,1407.45600,1420.05100,1404.80200,1417.20100,8836
2017-09-05 00:00:00+00:00,1417.34900,1419.54800,1393.54500,1400.24400,53063
2017-09-06 00:00:00+00:00,1399.24400,1407.84200,1398.04400,1400.49000,41453
2017-09-07 00:00:00+00:00,1398.96500,1404.58700,1393.38600,1398.53500,39872
2017-09-08 00:00:00+00:00,1396.38500,1405.38200,1393.13300,1402.98100,27136
2017-09-10 00:00:00+00:00,1409.24600,1410.27200,1408.37100,1408.37100,450
2017-09-11 00:00:00+00:00,1408.42100,1417.06800,1408.42100,1415.61700,20822
2017-09-12 00:00:00+00:00,1416.16700,1425.05200,1415.81600,1424.50000,36542
2017-09-13 00:00:00+00:00,1424.17400,1430.19600,1420.69300,1427.09100,28047
2017-09-14 00:00:00+00:00,1426.39000,1429.36000,1421.98100,1426.38100,27538
2017-09-15 00:00:00+00:00,1422.60300,1434.67700,1422.32700,1434.50100,27421
2017-09-17 00:00:00+00:00,1433.40200,1435.25500,1433.25500,1434.90500,188
2017-09-18 00:00:00+00:00,1434.85500,1445.85400,1432.44800,1442.50000,26018
2017-09-19 00:00:00+00:00,1442.64900,1445.34700,1438.44000,1441.28900,23697
2017-09-20 00:00:00+00:00,1440.88800,1448.58400,1440.23700,1447.18200,31270
2017-09-21 00:00:00+00:00,1447.65600,1450.80100,1442.62300,1445.22100,28372
2017-09-22 00:00:00+00:00,1444.69500,1454.54100,1439.46600,1451.91500,28523
2017-09-24 00:00:00+00:00,1450.94300,1455.19500,1450.84300,1454.79500,238
2017-09-25 00:00:00+00:00,1454.84500,1457.39000,1444.70800,1455.63600,42345
2017-09-26 00:00:00+00:00,1454.88500,1462.88100,1452.08300,1458.37700,30277
2017-09-27 00:00:00+00:00,1459.22700,1490.38600,1457.92500,1486.98300,40541
2017-09-28 00:00:00+00:00,1486.73200,1493.50100,1479.42100,1492.02500,36082
2017-09-29 00:00:00+00:00,1491.12300,1496.06900,1489.36700,1494.01600,26519
2017-10-01 00:00:00+00:00,1493.39400,1497.44600,1493.39400,1495.89400,301
2017-10-02 00:00:00+00:00,1495.64400,1514.09400,1492.43600,1513.49400,36050
2017-10-03 00:00:00+00:00,1512.43200,1516.78500,1504.93100,1516.28400,22262
2017-10-04 00:00:00+00:00,1514.78300,1517.92700,1505.67000,1510.82100,27323
2017-10-05 00:00:00+00:00,1510.14500,1518.11600,1510.06900,1515.01200,23971
2017-10-06 00:00:00+00:00,1515.01200,1515.40600,1507.40000,1511.40000,30934
2017-10-08 00:00:00+00:00,1511.22800,1513.27900,1511.22800,1513.02800,157
2017-10-09 00:00:00+00:00,1513.12800,1518.74900,1503.51500,1508.31600,22072
2017-10-10 00:00:00+00:00,1508.01600,1514.58600,1505.83100,1509.70600,26158
2017-10-11 00:00:00+00:00,1510.48000,1513.75000,1506.34500,1508.64500,19617
2017-10-12 00:00:00+00:00,1508.49600,1511.98800,1501.78400,1508.28400,20736
2017-10-13 00:00:00+00:00,1507.40700,1512.57900,1503.70000,1506.32200,20551
2017-10-15 00:00:00+00:00,1507.25100,1510.25200,1507.17600,1509.25100,269
2017-10-16 00:00:00+00:00,1509.30100,1515.09700,1501.79000,1505.44000,22421
2017-10-17 00:00:00+00:00,1505.68900,1509.18300,1496.27600,1499.97700,21502
2017-10-18 00:00:00+00:00,1501.22600,1510.87200,1500.42600,1507.16900,22554
2017-10-19 00:00:00+00:00,1507.16900,1508.06700,1492.40800,1504.60700,38852
2017-10-20 00:00:00+00:00,1504.30600,1514.75400,1503.25500,1510.59900,27394
2017-10-22 00:00:00+00:00,1509.82700,1513.27700,1509.82700,1512.77700,233
2017-10-23 00:00:00+00:00,1512.72700,1513.62200,1496.91200,1498.91200,22360
2017-10-24 00:00:00+00:00,1499.80900,1508.60800,1497.78200,1500.60200,28101
2017-10-25 00:00:00+00:00,1499.97600,1501.05000,1482.43800,1498.99100,45506
2017-10-26 00:00:00+00:00,1497.13900,1503.95900,1495.38100,1499.98000,36568
2017-10-27 00:00:00+00:00,1499.47900,1509.87400,1492.97100,1508.67100,36970
2017-10-29 00:00:00+00:00,1507.15100,1509.57600,1506.10000,1506.50000,281
2017-10-30 00:00:00+00:00,1506.45000,1507.72400,1483.83400,1491.93500,37894
2017-10-31 00:00:00+00:00,1491.23400,1508.48100,1491.03400,1503.75300,25448
2017-11-01 00:00:00+00:00,1503.52700,1516.90000,1484.11400,1489.01300,44539
2017-11-02 00:00:00+00:00,1491.16300,1502.13300,1482.93500,1496.45500,44409
2017-11-03 00:00:00+00:00,1496.47800,1499.29800,1490.04600,1494.34400,28717
2017-11-05 00:00:00+00:00,1493.67100,1497.07200,1493.57100,1496.27200,250
2017-11-06 00:00:00+00:00,1496.22400,1503.56600,1489.81900,1497.66200,29154
2017-11-07 00:00:00+00:00,1497.96100,1501.15900,1474.64800,1477.02100,37431
2017-11-08 00:00:00+00:00,1475.54400,1483.43800,1467.38600,1482.68700,34681
2017-11-09 00:00:00+00:00,1484.03600,1485.71000,1461.87300,1477.02500,72403
2017-11-10 00:00:00+00:00,1476.79900,1480.27300,1470.71900,1473.26400,43134
2017-11-12 00:00:00+00:00,1475.04300,1477.69300,1474.49300,1477.44300,198
2017-11-13 00:00:00+00:00,1477.64300,1478.04100,1463.48500,1473.03200,32973
2017-11-14 00:00:00+00:00,1473.27200,1474.75300,1464.57200,1470.07100,34956
2017-11-15 00:00:00+00:00,1467.56900,1471.01300,1453.36000,1463.85900,44362
2017-11-16 00:00:00+00:00,1466.00800,1492.83100,1465.45800,1485.80300,35611
2017-11-17 00:00:00+00:00,1486.25000,1499.09700,1480.44500,1492.99400,33970
2017-11-19 00:00:00+00:00,1493.24700,1494.82300,1490.07200,1491.72200,400
2017-11-20 00:00:00+00:00,1491.77200,1504.63900,1486.51900,1504.01400,30661
2017-11-21 00:00:00+00:00,1502.88800,1521.70900,1502.06200,1519.00600,30343
2017-11-22 00:00:00+00:00,1517.13000,1526.50000,1495.54200,1512.64400,27730
2017-11-23 00:00:00+00:00,1514.49300,1521.48700,1510.54000,1520.83700,7950
2017-11-24 00:00:00+00:00,1519.98300,1524.67900,1516.27500,1519.67500,18394
2017-11-26 00:00:00+00:00,1518.65200,1520.90200,1518.65200,1520.50100,121
2017-11-27 00:00:00+00:00,1520.35100,1524.72000,1512.94100,1514.79000,32270
2017-11-28 00:00:00+00:00,1511.98900,1538.23300,1511.98800,1536.23200,42296
2017-11-29 00:00:00+00:00,1535.60700,1550.70100,1534.68000,1541.47200,59833
2017-11-30 00:00:00+00:00,1540.37100,1554.11500,1538.92000,1543.21100,39415
2017-12-01 00:00:00+00:00,1540.31000,1546.10400,1495.34800,1537.95000,95220
2017-12-03 00:00:00+00:00,1549.87800,1553.02800,1547.73000,1552.82800,868
2017-12-04 00:00:00+00:00,1552.87800,1562.07200,1529.21700,1531.91600,64530
2017-12-05 00:00:00+00:00,1534.41500,1539.45800,1515.45500,1516.40400,53626
2017-12-06 00:00:00+00:00,1519.32900,1519.80300,1506.79500,1509.99300,55078
2017-12-07 00:00:00+00:00,1513.09200,1526.18600,1507.33600,1520.73300,45216
2017-12-08 00:00:00+00:00,1521.83200,1529.74900,1519.97300,1521.42200,26745
2017-12-10 00:00:00+00:00,1522.45000,1524.47000,1520.00000,1523.45000,328
2017-12-11 00:00:00+00:00,1523.50000,1528.29400,1517.30000,1523.69000,26661
2017-12-12 00:00:00+00:00,1523.39300,1526.50800,1515.16200,1516.78700,32519
2017-12-13 00:00:00+00:00,1514.89400,1534.35100,1509.60800,1525.25200,37685
2017-12-14 00:00:00+00:00,1527.40200,1528.91900,1502.30300,1507.52200,41139
2017-12-15 00:00:00+00:00,1508.02400,1539.68800,1507.42700,1533.45200,39122
2017-12-17 00:00:00+00:00,1533.12200,1535.76800,1533.12200,1535.24400,376
2017-12-18 00:00:00+00:00,1535.36800,1554.15400,1534.92200,1549.27400,33961
2017-12-19 00:00:00+00:00,1548.08000,1553.91200,1533.78600,1536.38300,33144
2017-12-20 00:00:00+00:00,1540.02800,1545.81800,1534.80900,1536.96600,30979
2017-12-21 00:00:00+00:00,1538.41600,1552.81600,1536.18000,1547.38000,27616
2017-12-22 00:00:00+00:00,1549.22900,1550.98800,1540.21600,1541.92200,22333
2017-12-26 00:00:00+00:00,1542.97600,1547.54100,1540.68100,1545.72600,17046
2017-12-27 00:00:00+00:00,1546.40400,1551.61800,1538.64200,1542.94200,16984
2017-12-28 00:00:00+00:00,1543.76800,1547.71400,1540.36900,1546.42000,12148
2017-12-29 00:00:00+00:00,1547.92000,1554.37500,1527.13300,1530.62800,19614
2018-01-02 00:00:00+00:00,1540.71700,1550.62900,1531.07100,1546.78800,25448
2018-01-03 00:00:00+00:00,1547.69000,1555.29800,1545.51600,1552.21400,20794
2018-01-04 00:00:00+00:00,1551.61700,1561.67100,1550.52100,1554.89400,24520
2018-01-05 00:00:00+00:00,1554.94600,1560.15700,1549.40400,1559.66900,22087
2018-01-07 00:00:00+00:00,1559.14000,1563.63300,1559.14000,1562.63600,290
2018-01-08 00:00:00+00:00,1562.58600,1563.28700,1544.78300,1559.77200,23284
2018-01-09 00:00:00+00:00,1560.37500,1565.49300,1556.51000,1556.81100,23466
2018-01-10 00:00:00+00:00,1556.74400,1561.88200,1546.39300,1558.94200,32727
2018-01-11 00:00:00+00:00,1560.84200,1587.53300,1556.95100,1584.59100,27782
2018-01-12 00:00:00+00:00,1584.49400,1599.69600,1583.09000,1593.38800,29686
2018-01-14 00:00:00+00:00,1594.48200,1597.33000,1594.48200,1597.33000,305
2018-01-15 00:00:00+00:00,1597.45400,1599.12700,1587.56800,1590.36500,7068
2018-01-16 00:00:00+00:00,1592.47300,1605.02700,1568.63100,1575.67600,44286
2018-01-17 00:00:00+00:00,1576.37800,1591.33700,1573.85100,1587.94600,35693
2018-01-18 00:00:00+00:00,1588.79800,1590.14500,1572.29700,1574.59700,33893
2018-01-19 00:00:00+00:00,1575.14900,1599.64800,1570.50800,1597.35200,29213
2018-01-21 00:00:00+00:00,1590.53200,1594.62700,1589.33300,1592.78000,572
2018-01-22 00:00:00+00:00,1592.83000,1607.04400,1591.83200,1604.55000,22415
2018-01-23 00:00:00+00:00,1604.75100,1614.37000,1598.05700,1610.13000,28351
2018-01-24 00:00:00+00:00,1611.13100,1617.39500,1594.70000,1599.70000,40880
2018-01-25 00:00:00+00:00,1599.67800,1610.53600,1592.91400,1602.70800,33991
2018-01-26 00:00:00+00:00,1602.86100,1608.17300,1598.28600,1607.18700,24376
2018-01-28 00:00:00+00:00,1606.96000,1609.70700,1606.88400,1609.45800,661
2018-01-29 00:00:00+00:00,1609.48200,1611.18300,1595.37900,1597.10400,56758
2018-01-30 00:00:00+00:00,1597.33200,1597.78300,1577.85100,1584.95000,91658
2018-01-31 00:00:00+00:00,1585.00400,1595.06400,1569.29600,1576.74400,66511
2018-02-01 00:00:00+00:00,1578.79400,1583.42600,1564.10200,1581.82400,76848
2018-02-02 00:00:00+00:00,1578.82900,1578.87900,1541.46700,1543.04100,121664
2018-02-04 00:00:00+00:00,1543.23500,1543.41000,1527.72500,1532.39700,3619
2018-02-05 00:00:00+00:00,1532.22600,1546.98100,1446.87400,1469.10700,193753
2018-02-06 00:00:00+00:00,1464.58900,1512.45100,1409.96400,1504.48600,241196
2018-02-07 00:00:00+00:00,1503.48800,1516.65500,1486.58400,1495.75000,183845
2018-02-08 00:00:00+00:00,1495.50200,1510.93400,1460.88300,1465.35700,174962
2018-02-09 00:00:00+00:00,1468.50600,1488.19300,1432.78200,1475.48400,234256
2018-02-11 00:00:00+00:00,1480.99200,1484.44000,1479.24400,1484.38800,1498
2018-02-12 00:00:00+00:00,1484.41600,1497.43400,1462.82700,1488.01900,123778
2018-02-13 00:00:00+00:00,1484.32500,1496.59500,1474.87100,1495.34700,93719
2018-02-14 00:00:00+00:00,1497.52400,1523.70900,1469.31000,1520.71400,124955
2018-02-15 00:00:00+00:00,1521.66600,1541.35700,1513.76700,1537.43600,87233
2018-02-16 00:00:00+00:00,1539.91300,1551.32900,1532.88700,1543.11500,86628
2018-02-18 00:00:00+00:00,1543.85800,1544.98000,1543.08400,1544.71000,377
2018-02-19 00:00:00+00:00,1544.68400,1550.04000,1529.34100,1534.89100,16860
2018-02-20 00:00:00+00:00,1538.92400,1546.58900,1525.03300,1530.55800,87268
2018-02-21 00:00:00+00:00,1534.33400,1556.67400,1523.19300,1527.49400,86117
2018-02-22 00:00:00+00:00,1522.99900,1548.83300,1515.87800,1535.67300,87540
2018-02-23 00:00:00+00:00,1539.07400,1551.24800,1529.69900,1548.89800,69137
2018-02-25 00:00:00+00:00,1551.21800,1553.36700,1551.07000,1551.86900,1941
2018-02-26 00:00:00+00:00,1551.81900,1562.44500,1542.74400,1559.59900,59831
2018-02-27 00:00:00+00:00,1560.40100,1566.94300,1534.53900,1537.74100,100083
2018-02-28 00:00:00+00:00,1540.81700,1544.01000,1507.78200,1511.85800,111351
2018-03-01 00:00:00+00:00,1513.53500,1523.50400,1491.14300,1505.06800,182920
2018-03-02 00:00:00+00:00,1508.47000,1535.26400,1489.74200,1528.44200,146780
2018-03-04 00:00:00+00:00,1525.83600,1525.88700,1518.76500,1521.41500,1513
2018-03-05 00:00:00+00:00,1521.46200,1550.38700,1514.32700,1542.99100,121172
2018-03-06 00:00:00+00:00,1545.51900,1562.19300,1535.46700,1543.27500,112757
2018-03-07 00:00:00+00:00,1539.95300,1577.69900,1539.22900,1572.77800,113624
2018-03-08 00:00:00+00:00,1572.08300,1582.47400,1562.73400,1572.93800,85748
2018-03-09 00:00:00+00:00,1574.34200,1598.09000,1569.77200,1596.39200,63097
2018-03-11 00:00:00+00:00,1598.53700,1601.68900,1596.88800,1600.26500,1251
2018-03-12 00:00:00+00:00,1600.26500,1606.45100,1593.16300,1601.04700,67213
2018-03-13 00:00:00+00:00,1601.15000,1611.51900,1589.80500,1591.55700,89989
2018-03-14 00:00:00+00:00,1594.26100,1604.77500,1582.22400,1585.27700,127452
2018-03-15 00:00:00+00:00,1586.45200,1589.59200,1571.51700,1578.88000,117568
2018-03-16 00:00:00+00:00,1581.92600,1591.25800,1575.51300,1586.77500,92992
2018-03-18 00:00:00+00:00,1586.10600,1586.60600,1584.08700,1585.43600,3079
2018-03-19 00:00:00+00:00,1585.43600,1587.35600,1551.68800,1574.09700,134892
2018-03-20 00:00:00+00:00,1571.73000,1578.83400,1565.29800,1572.31900,101920
2018-03-21 00:00:00+00:00,1571.92000,1590.85800,1567.54700,1579.98800,122811
2018-03-22 00:00:00+00:00,1580.44400,1586.42900,1539.15900,1544.67400,210883
2018-03-23 00:00:00+00:00,1534.99800,1551.86000,1509.93100,1516.39400,265872
2018-03-25 00:00:00+00:00,1514.52400,1522.28700,1513.22800,1521.44200,6717
2018-03-26 00:00:00+00:00,1521.44000,1544.92700,1514.25300,1542.93100,173226
2018-03-27 00:00:00+00:00,1545.05400,1554.45200,1506.46300,1514.12500,207015
2018-03-28 00:00:00+00:00,1512.78200,1523.82900,1503.34800,1518.30500,279009
2018-03-29 00:00:00+00:00,1517.23400,1540.59500,1511.45100,1528.42300,162212
2018-04-01 00:00:00+00:00,1523.12200,1526.41000,1519.15600,1521.82600,4296
2018-04-02 00:00:00+00:00,1521.95200,1529.90800,1479.85700,1491.24100,215772
2018-04-03 00:00:00+00:00,1493.66600,1514.83200,1491.49200,1510.89200,194355
2018-04-04 00:00:00+00:00,1509.85000,1534.61000,1481.73900,1530.59600,171533
2018-04-05 00:00:00+00:00,1534.19200,1544.97300,1529.97800,1543.61100,125768
2018-04-06 00:00:00+00:00,1528.56400,1542.88700,1499.84500,1514.71900,193185
2018-04-08 00:00:00+00:00,1517.96600,1521.33800,1517.29400,1519.99200,2154
2018-04-09 00:00:00+00:00,1519.99200,1534.92100,1510.96400,1515.60900,135586
2018-04-10 00:00:00+00:00,1514.41400,1548.88800,1511.84400,1542.15400,167016
2018-04-11 00:00:00+00:00,1539.08800,1552.26600,1527.92300,1546.93400,136436
2018-04-12 00:00:00+00:00,1550.23200,1563.16700,1546.67700,1556.68100,110671
2018-04-13 00:00:00+00:00,1553.24100,1562.07200,1544.03600,1551.30000,87959
2018-04-15 00:00:00+00:00,1557.75000,1560.49100,1556.97200,1558.79800,1431
2018-04-16 00:00:00+00:00,1558.74800,1568.01400,1550.48100,1564.42400,93586
2018-04-17 00:00:00+00:00,1563.77800,1584.72900,1563.47900,1580.13600,92737
2018-04-18 00:00:00+00:00,1582.26600,1593.65200,1581.21500,1585.64600,77393
2018-04-19 00:00:00+00:00,1588.12000,1588.67500,1567.95200,1571.95400,120234
2018-04-20 00:00:00+00:00,1573.03000,1576.47500,1560.42900,1564.50200,129475
2018-04-22 00:00:00+00:00,1569.94800,1571.09700,1565.78100,1567.80400,1696
2018-04-23 00:00:00+00:00,1567.75400,1572.27300,1554.72700,1563.22100,99036
2018-04-24 00:00:00+00:00,1565.04600,1575.83100,1540.95700,1551.72400,200336
2018-04-25 00:00:00+00:00,1556.44500,1557.87100,1538.51600,1555.30800,183488
2018-04-26 00:00:00+00:00,1555.33600,1563.65800,1548.14200,1560.02000,106820
2018-04-27 00:00:00+00:00,1558.54500,1562.76200,1546.58400,1556.03200,105761
2018-04-29 00:00:00+00:00,1556.41000,1560.38100,1555.58800,1556.98800,1444
2018-04-30 00:00:00+00:00,1556.98800,1565.62300,1540.01400,1542.06400,102228
2018-05-01 00:00:00+00:00,1542.74300,1553.18800,1525.48500,1551.51800,112137
2018-05-02 00:00:00+00:00,1551.97000,1566.50800,1544.94900,1550.84200,121318
2018-05-03 00:00:00+00:00,1551.50900,1556.54300,1529.43100,1546.47400,178411
2018-05-04 00:00:00+00:00,1547.07700,1573.57900,1535.98500,1565.71800,119883
2018-05-06 00:00:00+00:00,1564.67300,1571.59100,1564.49600,1569.74400,6208
2018-05-07 00:00:00+00:00,1569.69400,1587.23200,1565.95000,1579.19500,93328
2018-05-08 00:00:00+00:00,1578.07400,1588.54900,1573.64700,1587.72600,126621
2018-05-09 00:00:00+00:00,1587.00500,1599.39900,1582.03500,1597.05800,96016
2018-05-10 00:00:00+00:00,1596.50900,1609.95200,1594.83100,1602.59400,85141
2018-05-11 00:00:00+00:00,1604.91800,1609.58900,1598.47900,1606.80100,81886
2018-05-13 00:00:00+00:00,1607.90600,1611.08100,1607.58200,1610.83200,883
2018-05-14 00:00:00+00:00,1610.83200,1615.15200,1597.25100,1602.35000,73805
2018-05-15 00:00:00+00:00,1602.42800,1604.32800,1589.91100,1600.79000,108918
2018-05-16 00:00:00+00:00,1598.97100,1621.55900,1598.89500,1617.71800,79622
2018-05-17 00:00:00+00:00,1619.39500,1628.39500,1615.18800,1624.25400,84467
2018-05-18 00:00:00+00:00,1627.10500,1631.40600,1622.55400,1625.21500,74586
2018-05-20 00:00:00+00:00,1635.79000,1638.63900,1633.14400,1633.89500,3257
2018-05-21 00:00:00+00:00,1633.87100,1640.61800,1629.91000,1639.70400,70247
2018-05-22 00:00:00+00:00,1638.78300,1642.77300,1624.50400,1624.55400,71488
2018-05-23 00:00:00+00:00,1624.78100,1631.15400,1617.15200,1628.49100,105405
2018-05-24 00:00:00+00:00,1627.84300,1631.57100,1613.87700,1628.93100,110909
2018-05-25 00:00:00+00:00,1630.83300,1635.45800,1622.33600,1625.29600,83423
2018-05-27 00:00:00+00:00,1630.13100,1630.14900,1627.97800,1629.62900,722
2018-05-28 00:00:00+00:00,1629.62900,1631.16600,1622.31000,1623.76000,18970
2018-05-29 00:00:00+00:00,1624.24700,1630.24300,1606.41900,1624.93200,157807
2018-05-30 00:00:00+00:00,1622.28800,1652.13300,1620.54300,1647.58000,101552
2018-05-31 00:00:00+00:00,1646.81800,1653.63700,1631.00600,1637.30800,110465
2018-06-01 00:00:00+00:00,1637.48800,1651.63600,1637.08800,1649.91800,83505
2018-06-03 00:00:00+00:00,1647.32700,1649.45500,1646.92900,1649.33000,971
2018-06-04 00:00:00+00:00,1649.35500,1655.71900,1640.78200,1653.81600,66306
2018-06-05 00:00:00+00:00,1653.91900,1667.22600,1650.97100,1666.10400,63765
2018-06-06 00:00:00+00:00,1664.93200,1679.06500,1663.48100,1677.09300,64473
2018-06-07 00:00:00+00:00,1676.02100,1680.62900,1659.60600,1671.78500,90878
2018-06-08 00:00:00+00:00,1669.98900,1673.34500,1660.68300,1670.67300,39393
2018-06-10 00:00:00+00:00,1667.43400,1668.10400,1666.33500,1667.73700,667
2018-06-11 00:00:00+00:00,1667.68800,1678.56900,1667.39800,1677.24900,26966
2018-06-12 00:00:00+00:00,1676.05300,1686.70400,1671.99600,1679.09000,38572
2018-06-13 00:00:00+00:00,1683.31900,1686.06900,1673.56200,1676.26200,50570
2018-06-14 00:00:00+00:00,1676.51600,1687.00400,1670.84800,1684.48800,63129
2018-06-15 00:00:00+00:00,1685.46600,1686.65400,1671.63700,1683.06600,95238
2018-06-17 00:00:00+00:00,1682.52400,1685.71400,1682.47200,1683.49800,962
2018-06-18 00:00:00+00:00,1683.44800,1694.88400,1672.42800,1687.31200,70855
2018-06-19 00:00:00+00:00,1687.36200,1695.41600,1670.92800,1695.14200,122319
2018-06-20 00:00:00+00:00,1695.11600,1709.07000,1690.15900,1708.93000,80269
2018-06-21 00:00:00+00:00,1709.00400,1715.89000,1684.66400,1690.68200,114918
2018-06-22 00:00:00+00:00,1690.73200,1698.36400,1679.77800,1685.93600,91799
2018-06-24 00:00:00+00:00,1685.27000,1686.16700,1682.13100,1685.15000,1123
2018-06-25 00:00:00+00:00,1685.12400,1685.27000,1647.78300,1658.99400,169129
2018-06-26 00:00:00+00:00,1659.09400,1673.36800,1653.10700,1669.41600,109555
2018-06-27 00:00:00+00:00,1669.49200,1671.51700,1638.79400,1642.48800,156899
2018-06-28 00:00:00+00:00,1642.48800,1648.03800,1628.37900,1647.17400,149393
2018-06-29 00:00:00+00:00,1647.25000,1656.45800,1641.98000,1642.20600,99253
2018-07-01 00:00:00+00:00,1643.77800,1645.37400,1637.44500,1642.53600,1645
2018-07-02 00:00:00+00:00,1642.53600,1656.79200,1629.35800,1655.90200,99328
2018-07-03 00:00:00+00:00,1655.95200,1669.07600,1651.49500,1662.53600,77925
2018-07-04 00:00:00+00:00,1662.46200,1669.84200,1662.21400,1666.15300,20737
2018-07-05 00:00:00+00:00,1666.20400,1681.31000,1660.14700,1676.77800,97372
2018-07-06 00:00:00+00:00,1676.75400,1697.79900,1674.80800,1697.65400,82163
2018-07-08 00:00:00+00:00,1698.05300,1699.25400,1697.53200,1698.55600,788
2018-07-09 00:00:00+00:00,1698.55700,1708.08600,1696.26700,1707.78800,50361
2018-07-10 00:00:00+00:00,1707.83600,1711.18400,1683.78800,1684.98800,68392
2018-07-11 00:00:00+00:00,1684.98800,1698.49000,1680.05200,1685.39200,91381
2018-07-12 00:00:00+00:00,1685.41400,1694.30500,1678.03400,1690.77800,69734
2018-07-13 00:00:00+00:00,1690.80400,1699.16800,1685.31200,1688.45100,59398
2018-07-15 00:00:00+00:00,1688.88100,1691.37600,1688.88000,1690.58100,549
2018-07-16 00:00:00+00:00,1690.58200,1692.10700,1671.08600,1680.45400,53674
2018-07-17 00:00:00+00:00,1680.45200,1691.96000,1676.92600,1687.93900,51029
2018-07-18 00:00:00+00:00,1687.88900,1691.84900,1676.86700,1691.38300,46274
2018-07-19 00:00:00+00:00,1691.38300,1703.94700,1683.80200,1701.61200,59472
2018-07-20 00:00:00+00:00,1701.66400,1704.29600,1694.37100,1696.14400,65390
2018-07-22 00:00:00+00:00,1697.59600,1697.67200,1695.83000,1695.85500,627
2018-07-23 00:00:00+00:00,1695.78000,1702.60400,1688.92200,1701.82000,49222
2018-07-24 00:00:00+00:00,1701.86800,1708.68700,1673.11000,1678.36200,69124
2018-07-25 00:00:00+00:00,1678.21400,1687.93900,1672.02900,1685.95000,66303
2018-07-26 00:00:00+00:00,1685.95000,1704.69900,1685.41800,1697.12700,65392
2018-07-27 00:00:00+00:00,1697.23100,1700.44000,1658.38300,1659.16500,81743
2018-07-29 00:00:00+00:00,1658.94200,1659.31800,1656.99600,1657.72600,686
2018-07-30 00:00:00+00:00,1657.65000,1670.68400,1650.75200,1653.10700,79398
2018-07-31 00:00:00+00:00,1653.10600,1677.02800,1650.75200,1671.12800,77849
2018-08-01 00:00:00+00:00,1671.37800,1673.08000,1655.11300,1667.93400,69948
2018-08-02 00:00:00+00:00,1667.85800,1683.12900,1654.37600,1682.18700,74650
2018-08-03 00:00:00+00:00,1682.13700,1687.03400,1665.79700,1674.66700,65373
2018-08-05 00:00:00+00:00,1674.62100,1674.84400,1673.35300,1673.47700,492
2018-08-06 00:00:00+00:00,1673.52600,1685.19700,1668.73700,1684.16700,55624
2018-08-07 00:00:00+00:00,1684.21200,1695.05500,1683.76400,1688.25700,50556
2018-08-08 00:00:00+00:00,1688.25800,1689.89500,1674.45700,1684.51400,47355
2018-08-09 00:00:00+00:00,1684.43900,1696.97800,1682.85600,1689.28300,45339
2018-08-10 00:00:00+00:00,1689.50700,1696.28500,1678.45000,1685.58400,83216
2018-08-12 00:00:00+00:00,1682.21500,1682.61800,1679.04400,1681.42500,1354
2018-08-13 00:00:00+00:00,1681.29700,1689.89000,1668.02200,1677.02600,83316
2018-08-14 00:00:00+00:00,1676.97900,1695.81200,1676.90100,1694.65700,69252
2018-08-15 00:00:00+00:00,1694.65700,1695.45700,1660.62700,1671.53300,111193
2018-08-16 00:00:00+00:00,1671.53300,1691.12200,1669.21200,1685.91800,72184
2018-08-17 00:00:00+00:00,1685.96800,1695.54800,1678.55500,1695.37800,72127
2018-08-19 00:00:00+00:00,1695.03300,1696.63300,1695.03300,1695.08700,149
2018-08-20 00:00:00+00:00,1695.28700,1701.19400,1687.65100,1696.31200,10937
2018-08-21 00:00:00+00:00,1696.08700,1723.20000,1694.39200,1708.37700,8928
2018-08-22 00:00:00+00:00,1708.25200,1724.19200,1707.07900,1722.29100,10230
2018-08-23 00:00:00+00:00,1722.19500,1724.72000,1711.18500,1717.02200,10710
2018-08-24 00:00:00+00:00,1716.79800,1727.17000,1716.52300,1725.21100,9156
2018-08-26 00:00:00+00:00,1726.39100,1729.31800,1726.21600,1729.06800,137
2018-08-27 00:00:00+00:00,1729.26800,1738.81700,1725.56300,1731.09400,9565
2018-08-28 00:00:00+00:00,1731.09400,1734.22100,1720.36300,1729.62200,9441
2018-08-29 00:00:00+00:00,1729.57200,1737.03400,1723.78300,1735.67000,9273
2018-08-30 00:00:00+00:00,1735.47000,1741.58000,1727.16000,1731.57700,12858
2018-08-31 00:00:00+00:00,1731.60000,1742.83600,1726.78200,1742.58900,11218
2018-09-02 00:00:00+00:00,1741.35000,1742.35100,1740.87300,1742.07700,150
2018-09-03 00:00:00+00:00,1741.82600,1744.17500,1738.88900,1741.72900,2337
2018-09-04 00:00:00+00:00,1741.52900,1745.26700,1719.67600,1733.46000,12342
2018-09-05 00:00:00+00:00,1733.43500,1735.33800,1712.22700,1726.44000,12104
2018-09-06 00:00:00+00:00,1726.54100,1733.46800,1712.70900,1713.92300,113275
2018-09-07 00:00:00+00:00,1713.92300,1722.95100,1705.05600,1714.21800,121803
2018-09-09 00:00:00+00:00,1714.82300,1716.57600,1714.72400,1715.77700,1003
2018-09-10 00:00:00+00:00,1715.77700,1725.45700,1712.39000,1719.60300,89697
2018-09-11 00:00:00+00:00,1719.55300,1724.73600,1708.38800,1721.00400,82439
2018-09-12 00:00:00+00:00,1721.05400,1722.12200,1701.69100,1715.40800,105214
2018-09-13 00:00:00+00:00,1715.30800,1724.13500,1710.75100,1714.70900,82379
2018-09-14 00:00:00+00:00,1714.70900,1727.81400,1712.24000,1722.30300,80791
2018-09-16 00:00:00+00:00,1720.18400,1721.35900,1718.76300,1719.76400,780
2018-09-17 00:00:00+00:00,1719.73900,1723.71700,1697.49100,1698.44300,86267
2018-09-18 00:00:00+00:00,1698.46800,1715.43000,1698.19300,1713.53800,79676
2018-09-19 00:00:00+00:00,1713.46200,1719.40100,1698.59100,1706.85800,58658
2018-09-20 00:00:00+00:00,1706.80800,1724.35400,1704.40100,1723.63800,75391
2018-09-21 00:00:00+00:00,1723.66300,1726.44800,1709.86900,1712.06400,84380
2018-09-23 00:00:00+00:00,1710.50000,1710.55000,1707.48600,1708.85900,1721
2018-09-24 00:00:00+00:00,1708.85800,1712.70400,1695.25300,1705.52000,83702
2018-09-25 00:00:00+00:00,1705.51900,1713.18900,1703.97800,1711.20600,61462
2018-09-26 00:00:00+00:00,1711.13200,1714.90800,1688.70800,1692.95500,77086
2018-09-27 00:00:00+00:00,1693.00400,1698.77400,1689.10600,1693.15500,70604
2018-09-28 00:00:00+00:00,1693.10600,1701.79000,1682.58300,1699.60800,72631
2018-09-30 00:00:00+00:00,1701.26000,1705.15300,1701.26000,1703.65800,1972
2018-10-01 00:00:00+00:00,1703.73200,1707.65400,1668.48600,1675.62700,71904
2018-10-02 00:00:00+00:00,1675.47800,1676.20500,1652.67400,1657.47200,78733
2018-10-03 00:00:00+00:00,1657.52200,1678.26100,1655.17800,1670.19200,84351
2018-10-04 00:00:00+00:00,1670.24100,1670.59100,1641.59300,1649.98900,119852
2018-10-05 00:00:00+00:00,1650.13900,1653.65900,1616.70300,1636.36400,143747
2018-10-07 00:00:00+00:00,1638.06200,1638.63400,1631.97900,1634.02500,2577
2018-10-08 00:00:00+00:00,1633.95000,1638.16800,1615.67700,1629.13500,130459
2018-10-09 00:00:00+00:00,1629.06000,1637.74600,1619.92100,1624.64400,126151
2018-10-10 00:00:00+00:00,1624.69400,1625.89400,1562.62600,1564.97200,187054
2018-10-11 00:00:00+00:00,1564.92200,1582.61100,1541.06200,1557.41000,293798
2018-10-12 00:00:00+00:00,1557.36000,1572.41600,1527.53100,1549.19400,225934
2018-10-14 00:00:00+00:00,1547.84200,1548.09100,1540.95600,1546.64800,5046
2018-10-15 00:00:00+00:00,1546.57400,1561.85200,1532.56900,1550.96000,163235
2018-10-16 00:00:00+00:00,1551.01000,1598.48000,1549.26600,1596.14300,129532
2018-10-17 00:00:00+00:00,1596.11800,1599.00100,1567.77900,1586.61000,163460
2018-10-18 00:00:00+00:00,1586.53600,1590.26900,1552.46100,1559.21000,185761
2018-10-19 00:00:00+00:00,1559.28500,1572.46300,1536.24200,1540.63700,167794
2018-10-21 00:00:00+00:00,1535.19200,1537.48700,1531.84900,1535.09600,3618
2018-10-22 00:00:00+00:00,1535.14600,1553.64100,1530.10500,1536.49000,158700
2018-10-23 00:00:00+00:00,1536.46500,1537.97400,1497.63700,1529.54800,206260
2018-10-24 00:00:00+00:00,1529.47400,1531.60100,1465.34800,1469.99800,219569
2018-10-25 00:00:00+00:00,1470.07200,1506.32000,1468.11000,1486.01400,199613
2018-10-26 00:00:00+00:00,1485.99000,1502.36900,1454.94500,1484.25700,287826
2018-10-28 00:00:00+00:00,1487.49200,1495.73100,1486.72000,1492.16500,5320
2018-10-29 00:00:00+00:00,1492.21400,1514.53100,1458.55500,1477.10800,242680
2018-10-30 00:00:00+00:00,1476.98800,1511.69300,1472.44000,1509.27700,262833
2018-10-31 00:00:00+00:00,1509.48100,1527.00300,1506.20800,1512.64300,200522
2018-11-01 00:00:00+00:00,1512.64300,1545.82900,1510.58700,1539.37300,176896
2018-11-02 00:00:00+00:00,1539.59800,1557.24500,1532.41700,1547.12800,218720
2018-11-04 00:00:00+00:00,1546.47600,1546.47600,1541.26000,1541.98400,1727
2018-11-05 00:00:00+00:00,1542.03400,1554.79500,1531.43300,1548.27200,150049
2018-11-06 00:00:00+00:00,1548.44600,1560.24700,1541.60100,1552.96200,141980
2018-11-07 00:00:00+00:00,1552.86300,1583.63800,1548.29600,1581.22200,176617
2018-11-08 00:00:00+00:00,1581.27200,1587.19900,1571.52400,1578.87300,149637
2018-11-09 00:00:00+00:00,1578.94700,1580.92200,1537.18900,1549.20400,175669
2018-11-11 00:00:00+00:00,1549.24900,1550.34800,1546.17900,1548.75200,1627
2018-11-12 00:00:00+00:00,1548.60200,1559.99500,1516.43100,1519.33300,199178
2018-11-13 00:00:00+00:00,1519.28300,1538.99100,1510.83000,1521.27600,254683
2018-11-14 00:00:00+00:00,1521.22600,1532.74200,1492.29500,1496.15000,268877
2018-11-15 00:00:00+00:00,1496.20000,1526.65700,1488.53700,1520.81800,270188
2018-11-16 00:00:00+00:00,1520.86800,1530.74900,1507.78900,1528.95200,204445
2018-11-18 00:00:00+00:00,1524.55000,1525.60100,1522.10300,1524.20300,1593
2018-11-19 00:00:00+00:00,1524.17800,1531.96200,1490.67100,1496.97400,219339
2018-11-20 00:00:00+00:00,1496.90000,1498.97600,1462.30000,1463.95000,318744
2018-11-21 00:00:00+00:00,1464.00000,1500.54800,1463.30100,1487.14800,173904
2018-11-22 00:00:00+00:00,1487.09900,1491.34600,1474.04000,1481.62300,53244
2018-11-23 00:00:00+00:00,1481.69800,1499.78800,1471.20700,1484.95400,116688
2018-11-25 00:00:00+00:00,1485.30200,1489.85000,1485.15300,1489.55100,1675
2018-11-26 00:00:00+00:00,1489.62500,1511.06500,1487.65400,1497.29000,135099
2018-11-27 00:00:00+00:00,1497.24000,1509.94500,1489.53000,1493.68800,187761
2018-11-28 00:00:00+00:00,1493.63800,1531.10100,1483.42400,1525.01100,175107
2018-11-29 00:00:00+00:00,1524.96200,1534.24400,1511.15100,1523.80800,161055
2018-11-30 00:00:00+00:00,1523.88300,1535.59100,1517.09000,1534.39400,123314
2018-12-02 00:00:00+00:00,1551.15900,1558.61300,1551.15900,1556.70300,4438
2018-12-03 00:00:00+00:00,1556.79800,1561.54000,1526.75200,1543.95600,180174
2018-12-04 00:00:00+00:00,1543.95600,1548.45700,1477.43000,1486.40500,290058
2018-12-05 00:00:00+00:00,1486.43100,1493.65400,1455.56400,1474.65500,44701
2018-12-06 00:00:00+00:00,1474.78100,1479.94200,1440.05300,1477.87500,322717
2018-12-07 00:00:00+00:00,1477.80200,1488.42300,1438.25400,1449.50200,313273
2018-12-09 00:00:00+00:00,1444.84300,1446.04300,1435.04800,1437.59800,4672
2018-12-10 00:00:00+00:00,1437.72200,1455.96500,1420.06300,1444.08900,309543
2018-12-11 00:00:00+00:00,1444.13900,1468.01000,1429.62700,1441.35900,254097
2018-12-12 00:00:00+00:00,1441.38300,1473.75800,1438.88400,1456.92200,206160
2018-12-13 00:00:00+00:00,1456.97200,1464.46000,1430.71500,1433.72200,207402
2018-12-14 00:00:00+00:00,1433.67200,1437.69800,1406.19000,1411.36700,113748
2018-12-16 00:00:00+00:00,1410.60300,1415.05400,1410.50300,1415.00400,785
2018-12-17 00:00:00+00:00,1415.05400,1419.80800,1371.54600,1390.79900,157024
2018-12-18 00:00:00+00:00,1390.87300,1402.04900,1368.03800,1376.24200,136590
2018-12-19 00:00:00+00:00,1376.33200,1397.48600,1341.03700,1348.75300,231359
2018-12-20 00:00:00+00:00,1348.90200,1360.79700,1312.14700,1334.39500,312013
2018-12-21 00:00:00+00:00,1334.34600,1339.67500,1289.45100,1299.41400,258853
2018-12-23 00:00:00+00:00,1286.47400,1297.91000,1286.47400,1295.01400,4393
2018-12-24 00:00:00+00:00,1294.96600,1303.18100,1262.02400,1262.67300,181957
2018-12-25 00:00:00+00:00,1265.04500,1265.94400,1250.90300,1263.09800,5261
2018-12-26 00:00:00+00:00,1263.14800,1331.62800,1252.61600,1325.08900,253647
2018-12-27 00:00:00+00:00,1325.13900,1335.44500,1287.30500,1328.35600,288777
2018-12-28 00:00:00+00:00,1328.28700,1358.70800,1324.52600,1339.46200,228555
2018-12-30 00:00:00+00:00,1347.59700,1350.69400,1346.12600,1347.34900,1391
2018-12-31 00:00:00+00:00,1347.39900,1353.21100,1326.43900,1351.81400,153334
2019-01-01 00:00:00+00:00,1350.33800,1357.57800,1350.23900,1353.16000,1284
2019-01-02 00:00:00+00:00,1353.28600,1360.84200,1322.13300,1337.82600,221310
2019-01-03 00:00:00+00:00,1337.87600,1355.52100,1324.95500,1330.10700,257346
2019-01-04 00:00:00+00:00,1329.95800,1385.68600,1323.71500,1379.62000,224987
2019-01-06 00:00:00+00:00,1382.91400,1385.81100,1382.11400,1385.36200,1876
2019-01-07 00:00:00+00:00,1385.41200,1412.99900,1374.33500,1404.36400,212098
2019-01-08 00:00:00+00:00,1404.38800,1427.75900,1403.13000,1426.86200,208089
2019-01-09 00:00:00+00:00,1426.83800,1443.56500,1425.55400,1432.58000,200745
2019-01-10 00:00:00+00:00,1432.60400,1447.13500,1422.85500,1443.04200,190616
2019-01-11 00:00:00+00:00,1443.09200,1449.35400,1435.86600,1446.36000,135727
2019-01-13 00:00:00+00:00,1443.81200,1444.65900,1439.86700,1440.01700,1692
2019-01-14 00:00:00+00:00,1440.11700,1444.03100,1429.94300,1434.24600,117643
2019-01-15 00:00:00+00:00,1434.29600,1446.15300,1430.46500,1444.31000,146750
2019-01-16 00:00:00+00:00,1444.21200,1462.15800,1439.54200,1450.47800,119792
2019-01-17 00:00:00+00:00,1450.52800,1472.37700,1444.04200,1465.98700,142017
2019-01-18 00:00:00+00:00,1465.93700,1488.28400,1465.43800,1484.49200,138826
2019-01-20 00:00:00+00:00,1482.29400,1482.39400,1479.07300,1479.67200,1024
2019-01-21 00:00:00+00:00,1479.54800,1480.19800,1471.39500,1475.95100,32640
2019-01-22 00:00:00+00:00,1475.97500,1477.94800,1449.41800,1457.96500,156825
2019-01-23 00:00:00+00:00,1457.91500,1470.71900,1443.24400,1450.59500,164988
2019-01-24 00:00:00+00:00,1450.64500,1466.39900,1449.24600,1462.20900,153665
2019-01-25 00:00:00+00:00,1462.18500,1485.36100,1461.11100,1482.96400,129991
2019-01-27 00:00:00+00:00,1480.21600,1481.41600,1477.81900,1478.61900,1164
2019-01-28 00:00:00+00:00,1478.52100,1480.26800,1462.14800,1469.99900,151564
2019-01-29 00:00:00+00:00,1469.94900,1477.78200,1466.10300,1473.12100,120473
2019-01-30 00:00:00+00:00,1473.04700,1492.32800,1465.09200,1489.63400,156639
2019-01-31 00:00:00+00:00,1489.65800,1503.57100,1483.37800,1500.20100,144660
2019-02-01 00:00:00+00:00,1500.17600,1505.61400,1494.32500,1502.37200,140451
2019-02-03 00:00:00+00:00,1499.72400,1502.19800,1498.72500,1501.42400,833
2019-02-04 00:00:00+00:00,1501.47400,1518.50900,1497.29200,1516.58900,92163
2019-02-05 00:00:00+00:00,1516.63900,1524.70000,1511.06200,1517.66300,93175
2019-02-06 00:00:00+00:00,1517.61300,1522.32600,1509.58400,1516.93900,94637
2019-02-07 00:00:00+00:00,1516.88900,1517.28800,1492.09600,1500.47300,170428
2019-02-08 00:00:00+00:00,1500.42300,1509.04100,1493.17000,1508.89100,134346
2019-02-10 00:00:00+00:00,1510.84100,1511.36500,1507.39300,1507.49300,802
2019-02-11 00:00:00+00:00,1507.54300,1519.90800,1503.99700,1519.43800,101210
2019-02-12 00:00:00+00:00,1519.46200,1540.66800,1518.81200,1539.22700,81292
2019-02-13 00:00:00+00:00,1539.30100,1545.99500,1535.19700,1541.75100,83298
2019-02-14 00:00:00+00:00,1541.80100,1551.71800,1531.82100,1543.47600,128398
2019-02-15 00:00:00+00:00,1543.35100,1571.98600,1536.43700,1571.13600,108806
2019-02-17 00:00:00+00:00,1571.91300,1572.03900,1568.54100,1569.99100,1215
2019-02-18 00:00:00+00:00,1569.94100,1570.64400,1566.15800,1568.16700,23433
2019-02-19 00:00:00+00:00,1568.11700,1579.33400,1562.13200,1574.59000,70534
2019-02-20 00:00:00+00:00,1574.54000,1584.05900,1571.10300,1582.21300,100036
2019-02-21 00:00:00+00:00,1582.28800,1590.23900,1568.49000,1576.69100,110368
2019-02-22 00:00:00+00:00,1576.74100,1591.81000,1574.54400,1591.71000,77276
2019-02-24 00:00:00+00:00,1594.66300,1595.56200,1593.36300,1594.56400,1601
2019-02-25 00:00:00+00:00,1594.51400,1603.07900,1586.94200,1588.14200,74750
2019-02-26 00:00:00+00:00,1588.09200,1590.00500,1573.47100,1574.52200,86735
2019-02-27 00:00:00+00:00,1574.57200,1583.04300,1568.84000,1580.89600,78096
2019-02-28 00:00:00+00:00,1580.82100,1582.16600,1570.86500,1575.72300,77761
2019-03-01 00:00:00+00:00,1575.57300,1590.59200,1574.49200,1590.09400,72863
2019-03-03 00:00:00+00:00,1593.94600,1597.74600,1592.94600,1595.84700,136
2019-03-04 00:00:00+00:00,1595.64700,1596.15100,1562.82400,1573.67700,122157
2019-03-05 00:00:00+00:00,1573.85100,1578.98600,1565.60300,1565.85400,95821
2019-03-06 00:00:00+00:00,1565.90400,1569.01900,1534.36000,1535.13400,111678
2019-03-07 00:00:00+00:00,1535.20900,1541.64800,1519.98300,1524.96100,123823
2019-03-08 00:00:00+00:00,1524.91100,1526.48300,1512.52700,1525.83300,84088
2019-03-10 00:00:00+00:00,1523.08400,1526.18500,1522.78400,1523.28600,1307
2019-03-11 00:00:00+00:00,1523.23600,1554.00400,1519.26300,1552.66000,52460
2019-03-12 00:00:00+00:00,1552.63600,1555.98400,1544.17100,1547.72800,63235
2019-03-13 00:00:00+00:00,1547.75200,1563.31000,1542.94900,1558.14500,63134
2019-03-14 00:00:00+00:00,1558.19400,1560.85700,1546.32600,1549.17600,75339
2019-03-15 00:00:00+00:00,1549.22500,1564.61200,1548.76900,1555.05200,78731
2019-03-17 00:00:00+00:00,1552.96200,1553.95900,1551.74400,1552.86700,1456
2019-03-18 00:00:00+00:00,1552.91600,1570.64300,1550.40800,1565.03000,76759
2019-03-19 00:00:00+00:00,1564.98000,1572.78000,1551.27200,1552.47000,86133
2019-03-20 00:00:00+00:00,1552.44600,1564.37400,1533.83800,1542.45200,132698
2019-03-21 00:00:00+00:00,1542.47600,1570.90000,1534.18000,1563.63900,110731
2019-03-22 00:00:00+00:00,1563.59000,1565.13500,1504.19500,1504.26200,174778
2019-03-24 00:00:00+00:00,1508.35000,1511.41600,1505.51000,1507.20800,2680
2019-03-25 00:00:00+00:00,1507.25800,1522.44600,1493.12800,1517.17900,166572
2019-03-26 00:00:00+00:00,1517.15400,1538.00000,1515.95200,1527.10100,115674
2019-03-27 00:00:00+00:00,1527.07600,1532.50000,1503.85000,1520.22000,149139
2019-03-28 00:00:00+00:00,1520.07100,1541.21100,1513.34200,1539.51600,125442
2019-03-29 00:00:00+00:00,1539.56700,1549.07000,1530.33000,1540.75800,100481
2019-03-31 00:00:00+00:00,1544.50200,1548.29500,1544.35200,1547.84600,2474
2019-04-01 00:00:00+00:00,1547.94600,1558.39900,1546.08700,1556.97400,108573
2019-04-02 00:00:00+00:00,1556.99800,1558.69600,1543.99000,1549.74400,79074
2019-04-03 00:00:00+00:00,1549.79400,1570.77100,1548.69700,1561.51400,101907
2019-04-04 00:00:00+00:00,1561.56400,1569.76000,1557.36000,1566.35300,91640
2019-04-05 00:00:00+00:00,1566.30400,1584.15100,1566.00400,1583.60500,80758
2019-04-07 00:00:00+00:00,1584.06000,1584.41300,1582.24200,1582.86800,1108
2019-04-08 00:00:00+00:00,1583.01700,1583.06700,1569.73000,1579.62800,76011
2019-04-09 00:00:00+00:00,1579.67800,1581.07500,1557.92300,1560.57500,69322
2019-04-10 00:00:00+00:00,1560.62500,1584.57000,1558.43400,1583.67200,68503
2019-04-11 00:00:00+00:00,1583.72200,1585.79900,1577.17100,1579.73300,70496
2019-04-12 00:00:00+00:00,1579.68400,1590.53500,1577.39000,1585.56600,70113
2019-04-14 00:00:00+00:00,1587.06900,1587.51800,1584.42600,1585.37700,945
2019-04-15 00:00:00+00:00,1585.32800,1589.94600,1573.88800,1580.34000,52134
2019-04-16 00:00:00+00:00,1580.29000,1587.87800,1578.62600,1582.58700,62956
2019-04-17 00:00:00+00:00,1582.51300,1590.15000,1560.22500,1569.06800,75957
2019-04-18 00:00:00+00:00,1569.11800,1572.50800,1554.97900,1565.62100,81875
2019-04-21 00:00:00+00:00,1564.73000,1568.72300,1564.73000,1566.68000,1552
2019-04-22 00:00:00+00:00,1566.60600,1568.32800,1553.69600,1560.84300,54404
2019-04-23 00:00:00+00:00,1560.89300,1589.37700,1558.00100,1587.34300,66450
2019-04-24 00:00:00+00:00,1587.29300,1595.71000,1581.42200,1586.39700,67918
2019-04-25 00:00:00+00:00,1586.44700,1587.75800,1562.72300,1573.37300,89030
2019-04-26 00:00:00+00:00,1573.52300,1593.32900,1569.60800,1589.73800,79837
2019-04-28 00:00:00+00:00,1591.19400,1593.24000,1590.74400,1591.54700,821
2019-04-29 00:00:00+00:00,1591.59700,1604.76100,1590.02400,1599.03600,65186
2019-04-30 00:00:00+00:00,1599.08600,1602.35700,1577.85600,1593.89800,84584
2019-05-01 00:00:00+00:00,1594.04700,1597.86000,1570.03600,1572.78500,99061
2019-05-02 00:00:00+00:00,1572.71100,1589.33900,1564.38300,1584.16800,132517
2019-05-03 00:00:00+00:00,1584.11800,1616.01200,1582.17500,1615.96300,87635
2019-05-05 00:00:00+00:00,1591.36000,1594.22500,1579.12900,1581.65000,3626
2019-05-06 00:00:00+00:00,1581.72800,1619.41400,1575.19300,1607.14200,43006
2019-05-07 00:00:00+00:00,1607.19200,1613.24800,1570.26500,1584.02900,51995
2019-05-08 00:00:00+00:00,1584.27700,1591.78600,1573.95000,1575.56900,55821
2019-05-09 00:00:00+00:00,1575.34400,1576.86600,1544.61900,1571.30100,64478
2019-05-10 00:00:00+00:00,1571.12700,1580.51400,1543.64900,1576.83800,71516
2019-05-12 00:00:00+00:00,1561.94000,1566.70800,1558.19800,1558.32300,1398
2019-05-13 00:00:00+00:00,1558.22500,1560.22200,1514.92500,1516.07800,53909
2019-05-14 00:00:00+00:00,1515.95400,1548.72600,1515.88000,1545.26700,24788
2019-05-15 00:00:00+00:00,1545.04200,1551.06900,1527.64400,1547.19000,30439
2019-05-16 00:00:00+00:00,1547.09300,1568.57300,1540.90100,1559.12600,20575
2019-05-17 00:00:00+00:00,1559.02700,1559.82800,1532.99900,1535.55000,39881
2019-05-19 00:00:00+00:00,1536.60200,1543.62200,1536.60200,1542.39900,496
2019-05-20 00:00:00+00:00,1542.64900,1545.52200,1520.55100,1528.36400,36716
2019-05-21 00:00:00+00:00,1528.61400,1547.20100,1526.08200,1545.04800,25398
2019-05-22 00:00:00+00:00,1544.92300,1546.52600,1526.55200,1530.11300,23279
2019-05-23 00:00:00+00:00,1530.23800,1530.91200,1491.59000,1502.89100,39596
2019-05-24 00:00:00+00:00,1503.13700,1517.05500,1502.91500,1515.07100,23722
2019-05-26 00:00:00+00:00,1515.92200,1518.52300,1515.17300,1515.87600,303
2019-05-27 00:00:00+00:00,1515.82600,1520.48800,1513.50000,1516.47600,6527
2019-05-28 00:00:00+00:00,1516.52600,1522.64900,1501.67900,1504.63500,144403
2019-05-29 00:00:00+00:00,1504.68500,1505.23400,1479.43700,1489.04600,188878
2019-05-30 00:00:00+00:00,1489.09600,1501.36500,1470.63300,1471.00800,130669
2019-05-31 00:00:00+00:00,1471.05800,1476.06200,1458.44400,1464.95400,155971
2019-06-02 00:00:00+00:00,1459.85500,1460.72900,1453.56000,1456.71100,7352
2019-06-03 00:00:00+00:00,1456.66100,1477.37900,1454.90400,1473.99900,227147
2019-06-04 00:00:00+00:00,1473.92500,1510.62300,1470.40600,1509.97800,163127
2019-06-05 00:00:00+00:00,1509.92800,1515.74700,1491.56900,1501.48300,55476
2019-06-06 00:00:00+00:00,1501.65600,1512.20100,1488.14700,1500.88200,28092
2019-06-07 00:00:00+00:00,1501.00600,1520.35400,1500.10800,1513.46900,22924
2019-06-09 00:00:00+00:00,1523.31700,1523.51700,1518.77300,1518.79800,543
2019-06-10 00:00:00+00:00,1518.72500,1536.80000,1514.77000,1522.77100,18815
2019-06-11 00:00:00+00:00,1522.52200,1537.74500,1510.98400,1516.69900,21025
2019-06-12 00:00:00+00:00,1516.47400,1524.32000,1511.35700,1524.09600,16030
2019-06-13 00:00:00+00:00,1523.92300,1536.90300,1514.23100,1533.91700,20167
2019-06-14 00:00:00+00:00,1534.06700,1539.20200,1522.03900,1524.66500,13960
2019-06-16 00:00:00+00:00,1526.11700,1528.22000,1525.36800,1526.89700,185
2019-06-17 00:00:00+00:00,1526.67100,1539.45800,1524.21200,1533.82000,12099
2019-06-18 00:00:00+00:00,1533.94100,1562.12700,1529.68700,1551.96800,18970
2019-06-19 00:00:00+00:00,1551.72000,1561.38800,1545.21800,1560.71300,16057
2019-06-20 00:00:00+00:00,1560.44000,1571.91000,1554.18600,1561.28200,20353
2019-06-21 00:00:00+00:00,1561.40100,1563.04100,1545.69500,1547.60300,18668
2019-06-23 00:00:00+00:00,1547.98800,1551.78200,1547.19000,1551.01000,309
2019-06-24 00:00:00+00:00,1551.23400,1555.28700,1530.02100,1532.92100,14088
2019-06-25 00:00:00+00:00,1533.17000,1536.71300,1518.19900,1520.34300,16899
2019-06-26 00:00:00+00:00,1520.59200,1531.98800,1516.36700,1518.18900,15769
2019-06-27 00:00:00+00:00,1518.16600,1550.25100,1517.23500,1548.86000,14134
2019-06-28 00:00:00+00:00,1549.10900,1571.54500,1544.92400,1570.59700,14213
2019-06-30 00:00:00+00:00,1578.21800,1584.57900,1577.91900,1580.26700,633
2019-07-01 00:00:00+00:00,1580.36700,1589.67000,1561.39200,1569.08600,16803
2019-07-02 00:00:00+00:00,1568.88600,1573.63400,1551.30800,1562.24300,13322
2019-07-03 00:00:00+00:00,1562.19300,1576.25300,1559.15300,1574.06100,8305
2019-07-04 00:00:00+00:00,1573.86300,1578.07900,1571.73100,1575.55100,1848
2019-07-05 00:00:00+00:00,1575.80000,1576.84600,1557.26600,1576.73600,14940
2019-07-07 00:00:00+00:00,1577.62400,1578.12200,1574.48200,1574.68300,199
2019-07-08 00:00:00+00:00,1574.63400,1575.29600,1557.75000,1558.70800,11026
2019-07-09 00:00:00+00:00,1558.60800,1563.63300,1552.51100,1561.49500,10721
2019-07-10 00:00:00+00:00,1561.74400,1574.79300,1557.07100,1564.78100,15761
2019-07-11 00:00:00+00:00,1564.53200,1570.27700,1550.68500,1557.88700,13516
2019-07-12 00:00:00+00:00,1558.08700,1575.53900,1557.28800,1568.95400,11285
2019-07-14 00:00:00+00:00,1569.29100,1570.48900,1567.44800,1567.67100,170
2019-07-15 00:00:00+00:00,1567.62300,1576.05500,1557.22000,1563.19900,10418
2019-07-16 00:00:00+00:00,1562.99900,1570.68700,1555.36200,1561.89400,11132
2019-07-17 00:00:00+00:00,1561.69400,1565.65500,1545.57500,1547.96100,11836
2019-07-18 00:00:00+00:00,1547.91200,1561.37700,1543.99500,1556.88800,16037
2019-07-19 00:00:00+00:00,1557.08800,1562.50400,1542.62800,1543.29800,17212
2019-07-21 00:00:00+00:00,1545.03200,1548.80500,1543.48500,1548.03100,307
2019-07-22 00:00:00+00:00,1548.15500,1555.26800,1542.01800,1545.85300,13008
2019-07-23 00:00:00+00:00,1545.62700,1555.54800,1543.40800,1554.63100,11801
2019-07-24 00:00:00+00:00,1554.75500,1583.42000,1548.20800,1582.48000,12257
2019-07-25 00:00:00+00:00,1582.33000,1586.32100,1559.07700,1561.58000,18721
2019-07-26 00:00:00+00:00,1561.82900,1582.58300,1560.45600,1578.29200,11587
2019-07-28 00:00:00+00:00,1578.90400,1580.07800,1578.33400,1578.70800,167
2019-07-29 00:00:00+00:00,1578.78300,1582.00300,1564.23100,1571.38700,16512
2019-07-30 00:00:00+00:00,1571.43700,1587.20000,1555.18600,1584.53600,75806
2019-07-31 00:00:00+00:00,1584.51200,1601.16700,1563.87400,1572.04700,50648
2019-08-01 00:00:00+00:00,1571.62500,1589.85100,1543.25200,1546.00100,56549
2019-08-02 00:00:00+00:00,1546.30000,1549.84300,1520.06200,1534.60400,49862
2019-08-04 00:00:00+00:00,1530.19400,1533.26600,1529.24900,1530.12400,881
2019-08-05 00:00:00+00:00,1530.12300,1533.77000,1448.94100,1451.78800,55713
2019-08-06 00:00:00+00:00,1451.85800,1503.54700,1451.03900,1492.98000,54646
2019-08-07 00:00:00+00:00,1493.22700,1506.55200,1473.02500,1493.52000,57992
2019-08-08 00:00:00+00:00,1493.32000,1533.40500,1491.29800,1529.21900,28603
2019-08-09 00:00:00+00:00,1529.29100,1530.41600,1506.57000,1514.72000,29387
2019-08-11 00:00:00+00:00,1514.45600,1516.40300,1508.96400,1509.71400,519
2019-08-12 00:00:00+00:00,1509.96400,1519.34100,1489.51800,1495.56800,29570
2019-08-13 00:00:00+00:00,1495.77000,1524.19000,1482.73200,1512.41800,47198
2019-08-14 00:00:00+00:00,1512.51800,1514.34400,1463.02300,1470.32700,51463
2019-08-15 00:00:00+00:00,1470.52700,1483.07700,1453.70000,1465.27300,61841
2019-08-16 00:00:00+00:00,1465.07300,1494.92600,1462.87700,1492.80600,23911
2019-08-18 00:00:00+00:00,1495.66300,1500.55800,1494.51500,1499.26300,773
2019-08-19 00:00:00+00:00,1499.08800,1515.02900,1496.26700,1503.30000,14273
2019-08-20 00:00:00+00:00,1503.30000,1511.55700,1493.04600,1496.09800,17153
2019-08-21 00:00:00+00:00,1496.14800,1517.11900,1496.12300,1515.07300,14323
2019-08-22 00:00:00+00:00,1514.97500,1516.62000,1497.18800,1505.52200,19298
2019-08-23 00:00:00+00:00,1505.47200,1512.93100,1454.74500,1461.56700,62197
2019-08-25 00:00:00+00:00,1447.58300,1448.83200,1439.49200,1446.68900,2489
2019-08-26 00:00:00+00:00,1446.88700,1483.42800,1445.51500,1476.15700,43621
2019-08-27 00:00:00+00:00,1476.15700,1486.82200,1451.73200,1458.05900,23935
2019-08-28 00:00:00+00:00,1458.25900,1479.34700,1446.88600,1469.34200,22554
2019-08-29 00:00:00+00:00,1469.46600,1498.55600,1464.44800,1495.26800,17062
2019-08-30 00:00:00+00:00,1495.39100,1507.37900,1485.57400,1491.93000,12843
2019-09-01 00:00:00+00:00,1479.24400,1486.14100,1476.11000,1484.04600,754
2019-09-02 00:00:00+00:00,1484.17000,1495.05800,1470.15500,1478.43900,7163
2019-09-03 00:00:00+00:00,1478.63900,1488.45800,1464.97500,1468.10900,29360
2019-09-04 00:00:00+00:00,1468.20900,1488.79800,1467.93600,1482.86800,12104
2019-09-05 00:00:00+00:00,1482.74400,1524.62600,1482.69400,1510.74800,18856
2019-09-06 00:00:00+00:00,1510.72300,1517.89500,1503.68500,1505.68600,13899
2019-09-08 00:00:00+00:00,1505.46800,1507.22000,1505.02300,1505.32300,302
2019-09-09 00:00:00+00:00,1505.34800,1528.01900,1504.67400,1523.85900,13555
2019-09-10 00:00:00+00:00,1523.81100,1546.23900,1514.26100,1544.37100,19957
2019-09-11 00:00:00+00:00,1544.14600,1586.29700,1541.07000,1585.55500,22115
2019-09-12 00:00:00+00:00,1585.60000,1585.97800,1561.26100,1580.79700,31153
2019-09-13 00:00:00+00:00,1580.89700,1594.89500,1577.20200,1580.61100,19576
2019-09-15 00:00:00+00:00,1569.42500,1576.20100,1568.88000,1570.85400,612
2019-09-16 00:00:00+00:00,1570.87800,1593.32900,1566.60500,1586.49500,18525
2019-09-17 00:00:00+00:00,1586.69500,1587.04700,1569.82300,1581.16600,15908
2019-09-18 00:00:00+00:00,1580.88900,1581.90400,1555.94900,1568.68300,18258
2019-09-19 00:00:00+00:00,1568.88300,1583.58100,1560.42500,1563.17500,16217
2019-09-20 00:00:00+00:00,1562.95000,1571.65500,1549.39200,1559.28000,20538
2019-09-22 00:00:00+00:00,1566.17600,1569.12000,1564.50900,1566.58000,649
2019-09-23 00:00:00+00:00,1566.47800,1568.22700,1549.94500,1565.48300,13700
2019-09-24 00:00:00+00:00,1565.53200,1566.85600,1528.08600,1537.02900,26134
2019-09-25 00:00:00+00:00,1537.05400,1554.07600,1527.18100,1550.18900,19562
2019-09-26 00:00:00+00:00,1549.98700,1556.28500,1529.43800,1533.86300,16520
2019-09-27 00:00:00+00:00,1533.71500,1541.99200,1514.36600,1523.97800,23790
2019-09-29 00:00:00+00:00,1529.62500,1530.32400,1523.13500,1525.80800,510
2019-09-30 00:00:00+00:00,1525.78400,1531.89500,1517.26200,1525.61000,14861
2019-10-01 00:00:00+00:00,1525.56000,1542.70100,1489.15800,1496.07900,24840
2019-10-02 00:00:00+00:00,1496.27900,1497.62700,1466.58900,1477.93600,29355
2019-10-03 00:00:00+00:00,1477.76100,1487.08900,1457.02600,1481.90100,29886
2019-10-04 00:00:00+00:00,1482.15200,1500.29900,1477.32300,1498.35300,18512
2019-10-06 00:00:00+00:00,1487.67200,1493.71500,1486.82200,1491.94300,585
2019-10-07 00:00:00+00:00,1492.06600,1508.61400,1489.06200,1496.99000,17367
2019-10-08 00:00:00+00:00,1496.86800,1503.46100,1468.64000,1472.27200,32118
2019-10-09 00:00:00+00:00,1472.49400,1488.93600,1460.98500,1470.27400,23435
2019-10-10 00:00:00+00:00,1470.25200,1495.76800,1463.53400,1490.02600,28619
2019-10-11 00:00:00+00:00,1490.05100,1527.99400,1487.43000,1510.97400,27074
2019-10-13 00:00:00+00:00,1510.68000,1517.92200,1510.68000,1517.77300,401
2019-10-14 00:00:00+00:00,1517.97300,1517.97300,1499.16100,1508.58500,12139
2019-10-15 00:00:00+00:00,1508.41300,1529.58000,1505.66500,1522.52100,11096
2019-10-16 00:00:00+00:00,1522.52100,1530.75300,1515.54000,1520.65100,13929
2019-10-17 00:00:00+00:00,1520.40100,1543.19700,1519.40200,1539.93100,14328
2019-10-18 00:00:00+00:00,1540.02600,1542.94300,1522.34400,1535.85900,14234
2019-10-20 00:00:00+00:00,1536.74200,1537.69100,1536.74200,1537.59100,17
2019-10-21 00:00:00+00:00,1537.79100,1558.28400,1537.05000,1549.55500,11559
2019-10-22 00:00:00+00:00,1549.60600,1558.86700,1545.57600,1548.68400,12728
2019-10-23 00:00:00+00:00,1548.48400,1556.35200,1543.55500,1554.40600,12153
2019-10-24 00:00:00+00:00,1554.18100,1558.39200,1542.48700,1548.38700,12293
2019-10-25 00:00:00+00:00,1548.36500,1563.19300,1546.10700,1557.35500,8997
2019-10-27 00:00:00+00:00,1559.06000,1560.13300,1558.56000,1558.91000,132
2019-10-28 00:00:00+00:00,1559.11200,1577.98800,1557.89100,1573.02700,8747
2019-10-29 00:00:00+00:00,1573.10100,1581.49000,1566.64800,1576.25200,9176
2019-10-30 00:00:00+00:00,1576.45200,1578.01500,1560.48300,1572.33300,13401
2019-10-31 00:00:00+00:00,1572.18400,1574.43200,1549.74600,1561.57200,17491
2019-11-01 00:00:00+00:00,1561.62100,1589.62100,1561.22200,1588.32200,12155
2019-11-03 00:00:00+00:00,1590.70400,1591.85300,1589.83000,1591.08000,128
2019-11-04 00:00:00+00:00,1590.95500,1604.53600,1590.43200,1599.57900,11235
2019-11-05 00:00:00+00:00,1599.35100,1612.20900,1596.35600,1597.65700,15109
2019-11-06 00:00:00+00:00,1597.60700,1601.04500,1585.66200,1590.76500,11862
2019-11-07 00:00:00+00:00,1590.59100,1609.31800,1588.39500,1594.44100,12703
2019-11-08 00:00:00+00:00,1594.66100,1600.15500,1586.91500,1599.56300,10350
2019-11-10 00:00:00+00:00,1599.14800,1599.37100,1597.82300,1597.82300,86
2019-11-11 00:00:00+00:00,1597.77300,1597.87400,1586.14900,1594.45400,20339
2019-11-12 00:00:00+00:00,1594.50400,1606.13900,1592.07900,1592.93400,63707
2019-11-13 00:00:00+00:00,1592.98400,1593.18300,1578.71000,1591.66300,75502
2019-11-14 00:00:00+00:00,1591.76100,1595.92900,1584.83400,1589.89200,71507
2019-11-15 00:00:00+00:00,1589.94200,1599.75300,1588.64400,1596.96400,50814
2019-11-17 00:00:00+00:00,1596.02200,1596.07200,1593.12500,1593.47500,632
2019-11-18 00:00:00+00:00,1593.52500,1600.15400,1586.04900,1590.10500,60078
2019-11-19 00:00:00+00:00,1590.18000,1603.97100,1587.75800,1593.43200,65250
2019-11-20 00:00:00+00:00,1593.38200,1602.89600,1579.31100,1590.66200,99048
2019-11-21 00:00:00+00:00,1590.71200,1598.17200,1578.63600,1582.09400,107311
2019-11-22 00:00:00+00:00,1582.14400,1591.95700,1579.86500,1590.91600,67617
2019-11-24 00:00:00+00:00,1594.92200,1595.42300,1593.84800,1595.27300,746
2019-11-25 00:00:00+00:00,1595.22300,1624.83400,1593.43900,1622.88900,44573
2019-11-26 00:00:00+00:00,1622.83900,1631.85400,1619.15900,1626.61700,61050
2019-11-27 00:00:00+00:00,1626.56700,1635.48600,1625.27500,1629.31900,48783
2019-11-28 00:00:00+00:00,1629.39400,1633.35800,1626.94700,1629.57300,14405
2019-11-29 00:00:00+00:00,1629.54900,1634.04100,1622.34800,1624.24700,41515
2019-12-01 00:00:00+00:00,1626.43000,1627.78000,1625.48000,1627.08000,729
2019-12-02 00:00:00+00:00,1627.10500,1635.28000,1605.54600,1607.98000,57913
2019-12-03 00:00:00+00:00,1608.05500,1614.60600,1587.55500,1605.81500,73368
2019-12-04 00:00:00+00:00,1605.85500,1618.66600,1599.26500,1613.32500,56194
2019-12-05 00:00:00+00:00,1613.32000,1622.67600,1610.82500,1617.57500,55629
2019-12-06 00:00:00+00:00,1617.59000,1640.32500,1617.42400,1636.32500,38465
2019-12-08 00:00:00+00:00,1636.42600,1636.62600,1636.02500,1636.12500,224
2019-12-09 00:00:00+00:00,1636.07500,1637.92500,1628.92500,1630.82500,30313
2019-12-10 00:00:00+00:00,1630.94000,1636.27500,1619.27500,1632.89500,46671
2019-12-11 00:00:00+00:00,1632.92000,1637.89000,1626.14500,1635.94500,38901
2019-12-12 00:00:00+00:00,1635.86000,1657.09600,1628.39500,1654.20500,60946
2019-12-13 00:00:00+00:00,1654.15500,1657.00500,1631.30600,1640.80500,47511
2019-12-15 00:00:00+00:00,1642.48600,1643.48500,1641.83500,1642.23600,585
2019-12-16 00:00:00+00:00,1642.16500,1660.68600,1642.13600,1650.55600,27693
2019-12-17 00:00:00+00:00,1650.60500,1658.90500,1647.15500,1658.14500,31110
2019-12-18 00:00:00+00:00,1658.19500,1666.94500,1656.34500,1665.31500,26512
2019-12-19 00:00:00+00:00,1665.36500,1671.96600,1662.66500,1671.31500,28694
2019-12-20 00:00:00+00:00,1671.26500,1677.32400,1669.11500,1670.36500,30561
2019-12-22 00:00:00+00:00,1671.45500,1673.30500,1671.15500,1673.05500,732
2019-12-23 00:00:00+00:00,1673.00500,1675.70500,1665.70500,1675.08500,23854
2019-12-24 00:00:00+00:00,1675.03500,1678.88600,1672.08500,1678.08500,15364
2019-12-25 00:00:00+00:00,1679.48500,1679.58600,1678.08500,1678.28500,522
2019-12-26 00:00:00+00:00,1678.30000,1682.13600,1675.83500,1680.18500,17677
2019-12-27 00:00:00+00:00,1680.13500,1685.52000,1666.23600,1666.73500,32038
2019-12-29 00:00:00+00:00,1667.95600,1669.85500,1667.55500,1669.55600,747
2019-12-30 00:00:00+00:00,1669.60500,1673.15500,1656.75500,1666.33500,44307
2019-12-31 00:00:00+00:00,1666.48500,1674.28500,1658.08500,1672.13000,40060
2020-01-01 00:00:00+00:00,1672.25500,1674.65500,1671.30500,1673.05500,1312
2020-01-02 00:00:00+00:00,1673.14500,1682.20500,1652.15000,1670.30000,48831
2020-01-03 00:00:00+00:00,1670.27600,1671.21500,1637.21500,1658.81500,80453
2020-01-05 00:00:00+00:00,1651.22600,1653.47500,1649.07500,1653.22500,2760
2020-01-06 00:00:00+00:00,1653.27500,1665.81500,1644.42500,1660.48500,66453
2020-01-07 00:00:00+00:00,1660.38500,1667.28400,1633.50000,1638.27500,72620
2020-01-08 00:00:00+00:00,1638.18000,1670.32600,1625.32500,1667.30500,95949
2020-01-09 00:00:00+00:00,1667.32000,1674.65600,1662.36500,1666.62500,46564
2020-01-10 00:00:00+00:00,1666.76400,1670.08600,1651.52500,1656.17500,43640
2020-01-13 00:00:00+00:00,1660.73500,1671.25500,1650.38500,1671.05500,37165
2020-01-14 00:00:00+00:00,1671.10500,1685.75600,1659.35500,1671.33500,61047
2020-01-15 00:00:00+00:00,1671.34000,1689.48600,1669.48500,1687.64500,55078
2020-01-16 00:00:00+00:00,1687.66000,1709.61600,1685.89500,1707.36500,43155
2020-01-17 00:00:00+00:00,1707.34000,1713.61600,1696.61500,1697.61500,37888
2020-01-19 00:00:00+00:00,1698.21500,1700.86500,1697.26500,1700.76500,1047
2020-01-20 00:00:00+00:00,1700.78000,1702.00600,1694.56500,1699.65600,15188
2020-01-21 00:00:00+00:00,1699.75500,1700.49000,1682.15600,1685.90500,55974
2020-01-22 00:00:00+00:00,1685.99000,1696.05600,1679.46500,1680.71500,50304
2020-01-23 00:00:00+00:00,1680.76500,1689.41600,1663.96500,1686.92500,65807
2020-01-24 00:00:00+00:00,1687.01400,1693.42600,1651.52500,1661.92500,72191
2020-01-26 00:00:00+00:00,1648.47500,1651.42500,1640.42600,1643.56000,2928
2020-01-27 00:00:00+00:00,1643.32500,1654.42500,1633.62500,1647.26500,6125
2020-01-28 00:00:00+00:00,1647.46500,1663.81500,1646.26500,1656.91500,5307
2020-01-29 00:00:00+00:00,1656.67000,1665.23000,1645.86500,1649.32500,4921
2020-01-30 00:00:00+00:00,1649.52500,1651.08500,1628.53500,1647.05500,13524
2020-01-31 00:00:00+00:00,1647.25500,1652.45500,1608.80500,1617.00000,9743
2020-02-02 00:00:00+00:00,1616.37500,1620.87600,1615.92500,1619.12500,2205
2020-02-03 00:00:00+00:00,1619.07500,1638.72500,1617.55000,1630.38500,15845
2020-02-04 00:00:00+00:00,1630.33500,1662.33500,1629.78500,1657.47500,9243
2020-02-05 00:00:00+00:00,1657.22500,1685.61000,1654.51000,1683.24500,9992
2020-02-06 00:00:00+00:00,1683.48000,1694.99500,1676.79500,1681.55500,6132
2020-02-07 00:00:00+00:00,1681.75500,1681.90500,1652.71500,1656.75500,7031
2020-02-09 00:00:00+00:00,1655.97500,1659.87500,1646.62500,1650.17500,2353
2020-02-10 00:00:00+00:00,1650.31000,1669.67500,1650.27600,1668.79500,8358
2020-02-11 00:00:00+00:00,1668.59000,1688.46500,1667.91500,1679.68500,3384
2020-02-12 00:00:00+00:00,1679.93500,1691.94500,1677.53500,1683.61500,4338
2020-02-13 00:00:00+00:00,1683.66500,1697.81500,1673.01500,1694.06500,5021
2020-02-14 00:00:00+00:00,1694.28500,1702.80000,1681.66500,1687.51500,2808
2020-02-16 00:00:00+00:00,1688.43600,1691.78500,1688.33500,1690.68500,317
2020-02-17 00:00:00+00:00,1690.34500,1693.83500,1681.70400,1684.72000,1906
2020-02-18 00:00:00+00:00,1684.65500,1689.15500,1672.75500,1687.98000,3520
2020-02-19 00:00:00+00:00,1688.21500,1699.61500,1685.06500,1695.92500,2609
2020-02-20 00:00:00+00:00,1696.14000,1698.92500,1673.77500,1687.74500,6799
2020-02-21 00:00:00+00:00,1687.70000,1693.24500,1671.29500,1678.44500,6038
2020-02-23 00:00:00+00:00,1666.24500,1666.59500,1650.94500,1655.44500,3529
2020-02-24 00:00:00+00:00,1655.59500,1657.99500,1618.51000,1634.12500,20752
2020-02-25 00:00:00+00:00,1633.90000,1645.98500,1567.02500,1583.56500,29834
2020-02-26 00:00:00+00:00,1583.58000,1592.21500,1542.41500,1547.45600,104240
2020-02-27 00:00:00+00:00,1547.48500,1557.06000,1475.56000,1492.15500,152077
2020-02-28 00:00:00+00:00,1492.13500,1500.35600,1444.40500,1494.55500,252713
2020-03-01 00:00:00+00:00,1456.68500,1462.78600,1446.93600,1457.28400,6679
2020-03-02 00:00:00+00:00,1457.28600,1520.53500,1451.73600,1513.66500,182747
2020-03-03 00:00:00+00:00,1513.73000,1548.71000,1469.06500,1478.06500,258137
2020-03-04 00:00:00+00:00,1478.04000,1530.71500,1477.21500,1521.33000,132925
2020-03-05 00:00:00+00:00,1521.42500,1521.62500,1460.37600,1481.48500,134357
2020-03-06 00:00:00+00:00,1481.58500,1486.08600,1415.06000,1444.43600,207532
2020-03-08 00:00:00+00:00,1406.92500,1408.12600,1376.87500,1376.87500,7555
2020-03-09 00:00:00+00:00,1377.13000,1388.22500,1290.41600,1338.16500,100730
2020-03-10 00:00:00+00:00,1338.24500,1374.41600,1284.56500,1323.98500,201310
2020-03-11 00:00:00+00:00,1323.98000,1329.58600,1245.45000,1260.18600,193324
2020-03-12 00:00:00+00:00,1260.23400,1263.88600,1084.61500,1095.36500,200414
2020-03-13 00:00:00+00:00,1095.31500,1217.41600,1071.46500,1197.56500,90197
2020-03-15 00:00:00+00:00,1174.42000,1187.67000,1137.17000,1137.17000,1607
2020-03-16 00:00:00+00:00,1043.12000,1113.67000,973.02000,1043.19500,69825
2020-03-17 00:00:00+00:00,1043.59500,1107.49600,1006.99600,1052.35600,87004
2020-03-18 00:00:00+00:00,1052.50500,1070.10500,964.35600,1031.22500,110195
2020-03-19 00:00:00+00:00,1031.24000,1073.57600,953.77500,1023.63500,207512
2020-03-20 00:00:00+00:00,1023.62000,1099.08500,999.38500,1002.08500,196168
2020-03-22 00:00:00+00:00,967.30000,970.06600,966.51500,970.05600,128
2020-03-23 00:00:00+00:00,969.90500,1070.56500,963.62000,1018.44500,163223
2020-03-24 00:00:00+00:00,1018.34000,1113.85600,1012.84500,1090.35600,179789
2020-03-25 00:00:00+00:00,1090.26000,1149.21000,1067.51400,1101.42500,215226
2020-03-26 00:00:00+00:00,1101.39500,1184.17500,1072.72500,1173.01500,206228
2020-03-27 00:00:00+00:00,1172.91500,1175.56600,1115.36500,1123.49000,162724
2020-03-29 00:00:00+00:00,1101.98600,1120.37600,1099.53500,1115.88600,8071
2020-03-30 00:00:00+00:00,1115.89000,1161.04600,1114.23500,1157.99500,155210
2020-03-31 00:00:00+00:00,1158.29500,1169.31600,1121.12500,1121.42600,153880
2020-04-01 00:00:00+00:00,1121.36000,1128.02600,1061.92600,1078.11500,114742
2020-04-02 00:00:00+00:00,1078.19600,1110.79600,1052.44400,1076.89500,156998
2020-04-03 00:00:00+00:00,1076.64500,1087.14500,1032.59500,1051.39600,132305
2020-04-05 00:00:00+00:00,1061.84500,1073.89600,1061.84500,1067.09500,5210
2020-04-06 00:00:00+00:00,1067.14500,1140.84600,1066.59500,1134.14500,101125
2020-04-07 00:00:00+00:00,1134.25000,1192.94500,1113.69600,1132.16500,178268
2020-04-08 00:00:00+00:00,1132.10000,1198.71500,1119.96500,1192.13600,141370
2020-04-09 00:00:00+00:00,1192.18500,1253.23500,1170.13500,1249.28500,142878
2020-04-12 00:00:00+00:00,1260.70600,1260.70600,1215.60500,1224.95500,7399
2020-04-13 00:00:00+00:00,1225.10500,1242.15600,1197.92000,1223.27500,102667
2020-04-14 00:00:00+00:00,1223.22000,1256.27600,1216.12500,1234.14500,96808
2020-04-15 00:00:00+00:00,1234.04600,1234.19600,1171.93500,1172.23500,104297
2020-04-16 00:00:00+00:00,1172.24000,1235.68600,1151.18500,1235.68600,117609
2020-04-17 00:00:00+00:00,1233.83600,1237.18500,1207.08500,1224.98500,68815
2020-04-19 00:00:00+00:00,1221.43500,1221.43500,1209.66000,1214.19500,5140
2020-04-20 00:00:00+00:00,1214.24400,1235.39500,1193.34500,1216.66500,104313
2020-04-21 00:00:00+00:00,1216.74000,1225.11600,1167.11500,1193.27500,147475
2020-04-22 00:00:00+00:00,1193.37600,1216.62500,1176.92400,1191.64400,92867
2020-04-23 00:00:00+00:00,1191.69500,1235.69600,1188.04500,1201.02500,112085
2020-04-24 00:00:00+00:00,1200.99000,1239.82500,1191.57500,1227.77500,80359
2020-04-26 00:00:00+00:00,1231.63500,1232.88600,1220.53500,1225.43500,4788
2020-04-27 00:00:00+00:00,1225.52000,1291.53500,1223.18600,1280.65500,67073
2020-04-28 00:00:00+00:00,1280.75500,1323.35600,1267.55500,1305.87500,97969
2020-04-29 00:00:00+00:00,1305.87600,1376.52500,1305.42400,1365.75600,94346
2020-04-30 00:00:00+00:00,1365.70600,1373.25500,1286.04500,1294.99500,118813
2020-05-01 00:00:00+00:00,1295.53500,1298.74500,1239.53000,1256.44600,76934
2020-05-03 00:00:00+00:00,1239.03400,1242.68600,1223.18500,1225.68500,7418
2020-05-04 00:00:00+00:00,1225.93500,1266.27500,1224.88600,1263.92500,85663
2020-05-05 00:00:00+00:00,1264.07500,1306.51500,1263.62500,1278.73500,71704
2020-05-06 00:00:00+00:00,1278.83000,1289.53400,1248.37000,1256.01500,84673
2020-05-07 00:00:00+00:00,1256.06600,1294.92000,1255.96500,1294.73500,67084
2020-05-08 00:00:00+00:00,1294.78500,1333.33500,1293.10000,1332.43500,45899
2020-05-10 00:00:00+00:00,1324.10500,1338.80500,1321.45400,1337.75500,3538
2020-05-11 00:00:00+00:00,1337.30500,1344.20500,1300.00500,1314.91500,61226
2020-05-12 00:00:00+00:00,1314.99000,1334.71500,1252.67500,1253.62500,78075
2020-05-13 00:00:00+00:00,1253.70500,1281.82500,1210.62500,1238.11500,131846
2020-05-14 00:00:00+00:00,1238.08500,1238.11500,1219.23000,1227.61500,26109
