time,open,high,low,close,volume
2005-01-03 00:00:00+00:00,112.37800,112.43700,111.99800,112.32600,2239
2005-01-04 00:00:00+00:00,112.34100,112.44800,111.59900,111.78700,3681
2005-01-05 00:00:00+00:00,111.78500,112.01800,111.64200,111.79700,2278
2005-01-06 00:00:00+00:00,111.78100,111.99600,111.69900,111.96400,2191
2005-01-07 00:00:00+00:00,111.94800,112.98000,111.14500,111.84900,6119
2005-01-10 00:00:00+00:00,111.83700,111.89700,111.66000,111.83200,1929
2005-01-11 00:00:00+00:00,111.80000,112.01500,111.60900,111.98300,2027
2005-01-12 00:00:00+00:00,111.96700,112.13500,111.83800,112.02500,2107
2005-01-13 00:00:00+00:00,112.00800,112.53600,111.94400,112.52100,2617
2005-01-14 00:00:00+00:00,112.50400,112.62700,112.06200,112.20200,2713
2005-01-18 00:00:00+00:00,112.18400,112.30500,111.96100,112.28900,1977
2005-01-19 00:00:00+00:00,112.27200,112.47300,112.06500,112.36200,3331
2005-01-20 00:00:00+00:00,112.34500,112.51300,112.09100,112.41900,2938
2005-01-21 00:00:00+00:00,112.38700,112.68000,112.30600,112.61700,2299
2005-01-24 00:00:00+00:00,112.58900,112.72700,112.47600,112.69400,2030
2005-01-25 00:00:00+00:00,112.64600,112.67800,112.11000,112.20300,3262
2005-01-26 00:00:00+00:00,112.23300,112.38600,112.05800,112.15000,2016
2005-01-27 00:00:00+00:00,112.13400,112.14800,111.80200,112.00300,2777
2005-01-28 00:00:00+00:00,111.94000,112.62600,111.92400,112.54600,3350
2005-01-31 00:00:00+00:00,112.45600,112.60800,112.31200,112.54500,2316
2005-02-01 00:00:00+00:00,112.56000,112.69800,112.43100,112.53900,2541
2005-02-02 00:00:00+00:00,112.49200,112.64400,112.36300,112.47100,2644
2005-02-03 00:00:00+00:00,112.45500,112.47000,112.12300,112.26200,2568
2005-02-04 00:00:00+00:00,112.24600,113.11900,112.24300,112.89800,4983
2005-02-07 00:00:00+00:00,112.82400,113.10100,112.76000,113.00700,1787
2005-02-08 00:00:00+00:00,112.97500,113.22100,112.83100,113.15800,2673
2005-02-09 00:00:00+00:00,113.17300,113.62200,112.91900,113.55900,3787
2005-02-10 00:00:00+00:00,113.54300,113.60500,112.97400,112.99000,3576
2005-02-11 00:00:00+00:00,112.97400,113.12700,112.70300,112.87500,2346
2005-02-14 00:00:00+00:00,112.83100,112.99900,112.68800,112.92000,1743
2005-02-15 00:00:00+00:00,112.90400,112.94800,112.69600,112.74300,2034
2005-02-16 00:00:00+00:00,112.72600,112.94200,112.22100,112.29900,4226
2005-02-17 00:00:00+00:00,112.31400,112.37400,112.01300,112.19900,2584
2005-02-18 00:00:00+00:00,112.18300,112.24500,111.58500,111.63100,3468
2005-02-22 00:00:00+00:00,111.58200,111.70300,111.45300,111.46700,2559
2005-02-23 00:00:00+00:00,111.48200,111.93300,111.27500,111.61800,3743
2005-02-24 00:00:00+00:00,111.60200,111.83300,111.37800,111.39300,2584
2005-02-25 00:00:00+00:00,111.40800,111.65600,111.34300,111.57600,2248
2005-02-28 00:00:00+00:00,111.43800,111.57500,110.64200,110.75200,2836
2005-03-01 00:00:00+00:00,110.76600,110.95000,110.68300,110.85300,2426
2005-03-02 00:00:00+00:00,110.85200,110.91000,110.59500,110.79700,2496
2005-03-03 00:00:00+00:00,110.79600,110.96400,110.66300,110.74100,2214
2005-03-04 00:00:00+00:00,110.75500,111.23700,110.34100,111.12600,4686
2005-03-07 00:00:00+00:00,111.07500,111.30900,111.05900,111.13000,1539
2005-03-08 00:00:00+00:00,111.11400,111.17400,110.55500,110.60200,2380
2005-03-09 00:00:00+00:00,110.60000,110.69200,109.77300,109.77300,4225
2005-03-10 00:00:00+00:00,109.78800,110.22200,109.47200,110.03200,4780
2005-03-11 00:00:00+00:00,110.03100,110.09000,109.50400,109.56700,3210
2005-03-14 00:00:00+00:00,109.54600,109.79300,109.24600,109.74500,2546
2005-03-15 00:00:00+00:00,109.74400,110.00700,109.48500,109.53100,3183
2005-03-16 00:00:00+00:00,109.53000,110.20200,109.41600,109.82200,4275
2005-03-17 00:00:00+00:00,109.83600,110.31900,109.83600,110.11200,3246
2005-03-18 00:00:00+00:00,110.11100,110.14200,109.83800,109.91400,1908
2005-03-21 00:00:00+00:00,109.89500,109.92100,109.70200,109.84000,1503
2005-03-22 00:00:00+00:00,109.85500,110.30500,109.01400,109.06000,6285
2005-03-23 00:00:00+00:00,109.09100,109.28800,108.61400,109.27200,5147
2005-03-24 00:00:00+00:00,109.23900,109.42300,109.14100,109.21700,2203
2005-03-28 00:00:00+00:00,109.18800,109.18800,108.86600,108.89700,1274
2005-03-29 00:00:00+00:00,108.92800,109.34500,108.86400,109.31300,1964
2005-03-30 00:00:00+00:00,109.31200,109.55700,109.19700,109.54100,2271
2005-03-31 00:00:00+00:00,109.52400,110.03600,109.48800,110.01900,3685
2005-04-01 00:00:00+00:00,110.00200,110.78400,109.55700,110.24600,6902
2005-04-04 00:00:00+00:00,110.18100,110.48900,109.98900,110.22000,2218
2005-04-05 00:00:00+00:00,110.23500,110.33800,110.03900,110.13300,2019
2005-04-06 00:00:00+00:00,110.14700,110.45600,110.13000,110.43800,1900
2005-04-07 00:00:00+00:00,110.43700,110.66700,110.03700,110.08300,3063
2005-04-08 00:00:00+00:00,110.08200,110.14300,109.77800,110.10600,2366
2005-04-11 00:00:00+00:00,110.05600,110.37900,109.94100,110.36200,1885
2005-04-12 00:00:00+00:00,110.33000,110.96700,110.08700,110.88800,4131
2005-04-13 00:00:00+00:00,110.85500,111.14900,110.67600,110.91000,3368
2005-04-14 00:00:00+00:00,110.90900,111.27800,110.84000,111.26300,3160
2005-04-15 00:00:00+00:00,111.26100,111.81900,111.16200,111.75600,4872
2005-04-18 00:00:00+00:00,111.70600,112.06400,111.49400,111.50900,3562
2005-04-19 00:00:00+00:00,111.47700,112.14500,111.31500,111.97200,3894
2005-04-20 00:00:00+00:00,111.97000,112.12000,111.30600,112.12000,5112
2005-04-21 00:00:00+00:00,112.11800,112.13400,111.20100,111.32500,4819
2005-04-22 00:00:00+00:00,111.32400,111.69400,111.32400,111.59900,2082
2005-04-25 00:00:00+00:00,111.54900,111.70100,111.41800,111.50900,1651
2005-04-26 00:00:00+00:00,111.50800,111.72300,111.23500,111.45300,2669
2005-04-27 00:00:00+00:00,111.46800,111.91800,111.27500,111.75800,3550
2005-04-28 00:00:00+00:00,111.72600,112.37700,111.67400,112.34500,3461
2005-04-29 00:00:00+00:00,112.34400,112.34400,111.82000,111.88100,4161
2005-05-02 00:00:00+00:00,111.83100,112.06100,111.71500,111.98000,2224
2005-05-03 00:00:00+00:00,111.96300,112.17600,111.68900,112.03400,3607
2005-05-04 00:00:00+00:00,112.03200,112.15700,111.57300,112.02500,5129
2005-05-05 00:00:00+00:00,111.99200,112.47200,111.82900,112.28200,3637
2005-05-06 00:00:00+00:00,112.29700,112.34200,111.33400,111.44200,5471
2005-05-09 00:00:00+00:00,111.42300,111.42300,111.18300,111.29000,1599
2005-05-10 00:00:00+00:00,111.27300,111.84500,111.25700,111.82900,2133
2005-05-11 00:00:00+00:00,111.82800,112.21400,111.57400,111.88300,4241
2005-05-12 00:00:00+00:00,111.85100,112.14100,111.51500,112.10900,3498
2005-05-13 00:00:00+00:00,112.09200,112.43000,111.88400,112.32000,3123
2005-05-16 00:00:00+00:00,112.30000,112.46800,112.10800,112.27700,2001
2005-05-17 00:00:00+00:00,112.24400,112.55100,112.05200,112.40900,2630
2005-05-18 00:00:00+00:00,112.40800,112.90400,112.29500,112.63500,3313
2005-05-19 00:00:00+00:00,112.61800,112.75300,112.37500,112.40600,2431
2005-05-20 00:00:00+00:00,112.42100,112.44700,112.28900,112.35000,1449
2005-05-23 00:00:00+00:00,112.25300,112.95100,112.17200,112.87100,2345
2005-05-24 00:00:00+00:00,112.83900,113.48900,112.80700,113.39500,3394
2005-05-25 00:00:00+00:00,113.36200,113.67000,112.80800,112.86900,4160
2005-05-26 00:00:00+00:00,112.88300,113.06700,112.59600,112.81300,2489
2005-05-27 00:00:00+00:00,112.84300,112.91800,112.63400,112.85200,1287
2005-05-31 00:00:00+00:00,112.62500,113.21900,112.62500,113.18800,2069
2005-06-01 00:00:00+00:00,113.17300,113.90700,113.11000,113.86100,4243
2005-06-02 00:00:00+00:00,113.81400,113.90900,113.58100,113.80000,2144
2005-06-03 00:00:00+00:00,113.75300,114.45600,113.10000,113.17800,6330
2005-06-06 00:00:00+00:00,113.15000,113.49500,113.12000,113.41700,2038
2005-06-07 00:00:00+00:00,113.38600,113.88600,113.34000,113.79300,2821
2005-06-08 00:00:00+00:00,113.76200,113.87200,113.49900,113.54600,1977
2005-06-09 00:00:00+00:00,113.56100,113.57700,113.00100,113.50100,3868
2005-06-10 00:00:00+00:00,113.48500,113.48500,112.73800,112.75400,2434
2005-06-13 00:00:00+00:00,112.78900,112.85200,112.38400,112.46300,2962
2005-06-14 00:00:00+00:00,112.47800,112.79100,112.19900,112.34000,3130
2005-06-15 00:00:00+00:00,112.37100,112.52800,111.99800,112.24800,3810
2005-06-16 00:00:00+00:00,112.26400,112.63900,112.01500,112.54600,2868
2005-06-17 00:00:00+00:00,112.56200,112.62500,112.25100,112.43800,2248
2005-06-20 00:00:00+00:00,112.42700,112.52100,111.94400,112.19400,2220
2005-06-21 00:00:00+00:00,112.14800,112.75800,112.03900,112.69500,2511
2005-06-22 00:00:00+00:00,112.71100,113.52400,112.63400,113.44600,3142
2005-06-23 00:00:00+00:00,113.43100,113.47700,113.13500,113.35400,2399
2005-06-24 00:00:00+00:00,113.37000,113.77700,113.37000,113.60600,2450
2005-06-27 00:00:00+00:00,113.60900,113.84500,113.59400,113.75100,1649
2005-06-28 00:00:00+00:00,113.76700,113.76700,113.20700,113.25400,2041
2005-06-29 00:00:00+00:00,113.27000,113.58300,112.97500,113.17800,2390
2005-06-30 00:00:00+00:00,113.19300,113.55400,113.00800,113.52300,4190
2005-07-01 00:00:00+00:00,113.50700,113.52300,112.47900,112.55700,3177
2005-07-05 00:00:00+00:00,112.51600,112.57900,112.00200,112.03400,2473
2005-07-06 00:00:00+00:00,112.06500,112.31600,112.03500,112.26900,1918
2005-07-07 00:00:00+00:00,112.28500,113.41000,112.20800,112.34900,5629
2005-07-08 00:00:00+00:00,112.36500,112.67800,111.91400,112.07000,3741
2005-07-11 00:00:00+00:00,112.04300,112.12100,111.57600,112.01300,3177
2005-07-12 00:00:00+00:00,111.99800,112.10700,111.70300,111.71800,2390
2005-07-13 00:00:00+00:00,111.75000,111.75100,111.51600,111.65800,2294
2005-07-14 00:00:00+00:00,111.64200,111.90800,111.40900,111.50300,3308
2005-07-15 00:00:00+00:00,111.51900,111.70700,111.31700,111.63000,2521
2005-07-18 00:00:00+00:00,111.60200,111.69700,111.32300,111.35400,1751
2005-07-19 00:00:00+00:00,111.38600,111.74600,111.23000,111.68400,2682
2005-07-20 00:00:00+00:00,111.66800,111.92000,111.17000,111.79500,4075
2005-07-21 00:00:00+00:00,111.76400,111.87400,110.90700,110.95400,6978
2005-07-22 00:00:00+00:00,110.98500,111.45500,110.89200,111.37700,2807
2005-07-25 00:00:00+00:00,111.33400,111.42900,111.11700,111.13200,2129
2005-07-26 00:00:00+00:00,111.14800,111.30600,111.14800,111.27500,1930
2005-07-27 00:00:00+00:00,111.29100,111.38500,110.99500,111.07400,2426
2005-07-28 00:00:00+00:00,111.10500,111.59000,110.98100,111.57500,2461
2005-07-29 00:00:00+00:00,111.55900,111.59200,110.78000,110.90500,3312
2005-08-01 00:00:00+00:00,110.84700,110.87800,110.41100,110.63000,2809
2005-08-02 00:00:00+00:00,110.59900,110.75600,110.39700,110.49100,2423
2005-08-03 00:00:00+00:00,110.47500,110.82000,110.47500,110.75800,2186
2005-08-04 00:00:00+00:00,110.74300,110.85300,110.51000,110.60400,1622
2005-08-05 00:00:00+00:00,110.58800,110.69800,109.98100,110.02800,4121
2005-08-08 00:00:00+00:00,110.01600,110.12600,109.78300,109.83000,1761
2005-08-09 00:00:00+00:00,109.84600,110.16000,109.73800,110.12800,2580
2005-08-10 00:00:00+00:00,110.14400,110.33300,109.95800,110.09900,2020
2005-08-11 00:00:00+00:00,110.08300,110.61600,109.99000,110.61600,2538
2005-08-12 00:00:00+00:00,110.58500,111.13300,110.50700,111.05500,2441
2005-08-15 00:00:00+00:00,111.07400,111.10500,110.74800,110.76300,1727
2005-08-16 00:00:00+00:00,110.77900,111.43600,110.76400,111.39000,2758
2005-08-17 00:00:00+00:00,111.37400,111.40600,110.84500,110.90800,2336
2005-08-18 00:00:00+00:00,110.92300,111.59600,110.92300,111.55000,2397
2005-08-19 00:00:00+00:00,111.56500,111.59700,111.25400,111.52000,1472
2005-08-22 00:00:00+00:00,111.52400,111.66600,111.13400,111.52500,1865
2005-08-23 00:00:00+00:00,111.49400,111.79200,111.35500,111.68300,1971
2005-08-24 00:00:00+00:00,111.69900,111.93400,111.51300,111.76300,2358
2005-08-25 00:00:00+00:00,111.71700,111.89000,111.60800,111.81200,1757
2005-08-26 00:00:00+00:00,111.79600,111.92200,111.45400,111.56400,2141
2005-08-29 00:00:00+00:00,111.81700,111.97400,111.63100,111.72500,1653
2005-08-30 00:00:00+00:00,111.71000,112.46100,111.60100,112.32100,3001
2005-08-31 00:00:00+00:00,112.35900,113.09500,112.28000,112.98200,3305
2005-09-01 00:00:00+00:00,112.95000,113.33900,112.72600,113.02200,5038
2005-09-02 00:00:00+00:00,112.95800,113.47400,112.85900,113.04700,3661
2005-09-06 00:00:00+00:00,112.88000,113.00200,112.59100,112.62200,2388
2005-09-07 00:00:00+00:00,112.63600,112.68300,112.09500,112.28300,3101
2005-09-08 00:00:00+00:00,112.29800,112.57700,112.22900,112.24400,2351
2005-09-09 00:00:00+00:00,112.27500,112.56900,112.25700,112.39400,1542
2005-09-12 00:00:00+00:00,112.33100,112.40700,111.77500,111.93100,2459
2005-09-13 00:00:00+00:00,111.94500,112.41300,111.78500,112.26900,2439
2005-09-14 00:00:00+00:00,112.25200,112.48400,111.97900,112.02500,2442
2005-09-15 00:00:00+00:00,112.04000,112.30400,111.53100,111.64000,3762
2005-09-16 00:00:00+00:00,111.67100,111.74900,111.20900,111.24000,2681
2005-09-19 00:00:00+00:00,111.22300,111.58000,111.20700,111.46800,1847
2005-09-20 00:00:00+00:00,111.45200,111.51200,110.94300,111.39800,3731
2005-09-21 00:00:00+00:00,111.36500,111.95600,111.33400,111.94100,2667
2005-09-22 00:00:00+00:00,111.97100,112.25100,111.79400,111.90200,2681
2005-09-23 00:00:00+00:00,111.88500,111.90000,111.29700,111.34400,2552
2005-09-26 00:00:00+00:00,111.17000,111.20100,110.85200,110.97500,2334
2005-09-27 00:00:00+00:00,111.00600,111.20600,110.73400,111.04600,3241
2005-09-28 00:00:00+00:00,111.03000,111.19700,110.63500,111.08600,3121
2005-09-29 00:00:00+00:00,111.06900,111.22200,110.75100,110.82700,2860
2005-09-30 00:00:00+00:00,110.84200,110.98100,110.45900,110.53600,2759
2005-10-03 00:00:00+00:00,110.48900,110.67600,110.06000,110.13700,2604
2005-10-04 00:00:00+00:00,110.18300,110.38300,109.97700,110.22400,2021
2005-10-05 00:00:00+00:00,110.23800,110.51700,110.17500,110.37300,2349
2005-10-06 00:00:00+00:00,110.35700,110.48000,110.05200,110.08300,1922
2005-10-07 00:00:00+00:00,110.11300,110.37500,109.70100,110.35900,3358
2005-10-10 00:00:00+00:00,110.27300,110.28800,110.16200,110.27200,65
2005-10-11 00:00:00+00:00,110.25600,110.36500,109.95300,110.04500,2081
2005-10-12 00:00:00+00:00,110.06000,110.12000,109.64600,109.67600,2491
2005-10-13 00:00:00+00:00,109.69200,109.73800,109.31100,109.55900,2822
2005-10-14 00:00:00+00:00,109.54300,109.86900,109.20800,109.44200,3918
2005-10-16 00:00:00+00:00,109.41100,109.42700,109.36400,109.39500,32
2005-10-17 00:00:00+00:00,109.41100,109.59500,109.27800,109.29300,1805
2005-10-18 00:00:00+00:00,109.30900,109.56900,109.21100,109.55300,2270
2005-10-19 00:00:00+00:00,109.56800,109.80200,109.55300,109.57700,2262
2005-10-20 00:00:00+00:00,109.59200,109.80500,109.27500,109.74200,2257
2005-10-21 00:00:00+00:00,109.75700,110.17600,109.61300,110.04900,2129
2005-10-23 00:00:00+00:00,109.98600,109.98600,109.89200,109.90800,38
2005-10-24 00:00:00+00:00,109.92300,110.00000,109.47900,109.60200,2386
2005-10-25 00:00:00+00:00,109.61800,109.70900,108.95200,109.03000,3049
2005-10-26 00:00:00+00:00,109.01400,109.04600,108.54000,108.69300,3701
2005-10-27 00:00:00+00:00,108.70900,109.00200,108.67200,108.98400,2784
2005-10-28 00:00:00+00:00,108.99900,109.09100,108.57000,108.78900,2738
2005-10-31 00:00:00+00:00,108.69500,109.03500,108.56500,108.82900,1999
2005-11-01 00:00:00+00:00,108.86000,109.05800,108.65100,108.75900,2876
2005-11-02 00:00:00+00:00,108.77400,108.83700,108.39400,108.48500,2595
2005-11-03 00:00:00+00:00,108.50000,108.68400,108.05500,108.08600,3103
2005-11-04 00:00:00+00:00,108.07000,108.42600,107.83000,108.01600,4107
2005-11-07 00:00:00+00:00,107.98500,108.29400,107.95300,108.21300,1667
2005-11-08 00:00:00+00:00,108.22800,108.75600,108.22800,108.67600,2456
2005-11-09 00:00:00+00:00,108.69100,108.75100,108.08900,108.13600,2504
2005-11-10 00:00:00+00:00,108.11900,108.64700,108.11800,108.55300,2100
2005-11-14 00:00:00+00:00,108.62300,108.76100,108.13200,108.22400,2604
2005-11-15 00:00:00+00:00,108.23900,108.72000,108.15700,108.57700,2973
2005-11-16 00:00:00+00:00,108.59200,109.24300,108.51300,109.19600,3315
2005-11-17 00:00:00+00:00,109.18000,109.44000,108.86200,109.23600,3319
2005-11-18 00:00:00+00:00,109.21900,109.34200,108.93200,109.02500,2377
2005-11-21 00:00:00+00:00,108.99400,109.34900,108.93000,109.22200,1736
2005-11-22 00:00:00+00:00,109.20500,109.54300,109.09200,109.48000,2156
2005-11-23 00:00:00+00:00,109.49500,109.55700,109.09800,109.19200,1751
2005-11-25 00:00:00+00:00,109.35500,109.54000,109.30800,109.49000,1255
2005-11-28 00:00:00+00:00,109.50500,109.70300,109.17300,109.57600,2181
2005-11-29 00:00:00+00:00,109.56000,109.69700,109.00600,109.06800,2987
2005-11-30 00:00:00+00:00,108.90600,109.10900,108.65400,108.82600,2258
2005-12-01 00:00:00+00:00,108.84200,109.02800,108.40200,108.57400,2728
2005-12-02 00:00:00+00:00,108.60500,108.68200,108.38500,108.60300,2566
2005-12-05 00:00:00+00:00,108.56800,108.59900,108.12800,108.23700,1871
2005-12-06 00:00:00+00:00,108.22100,108.92400,108.22100,108.83000,2469
2005-12-07 00:00:00+00:00,108.79900,108.81400,108.54700,108.67200,1771
2005-12-08 00:00:00+00:00,108.65600,109.17100,108.60900,109.10800,2058
2005-12-09 00:00:00+00:00,109.09200,109.18500,108.52700,108.60500,2423
2005-12-12 00:00:00+00:00,108.58600,108.72500,108.31800,108.42700,1545
2005-12-13 00:00:00+00:00,108.44300,108.78600,108.41000,108.64400,2352
2005-12-14 00:00:00+00:00,108.66000,109.34700,108.66000,109.09600,2661
2005-12-15 00:00:00+00:00,109.08100,109.31400,108.73500,109.07900,2591
2005-12-16 00:00:00+00:00,109.09400,109.40600,109.07900,109.29600,1740
2005-12-19 00:00:00+00:00,109.26100,109.41600,109.04000,109.27500,1423
2005-12-20 00:00:00+00:00,109.25900,109.30600,108.97600,109.10000,1810
2005-12-21 00:00:00+00:00,109.11600,109.17800,108.84800,108.92600,1394
2005-12-22 00:00:00+00:00,108.94200,109.37800,108.89400,109.36300,1483
2005-12-23 00:00:00+00:00,109.37800,109.83000,109.18900,109.78300,1568
2005-12-27 00:00:00+00:00,109.76100,110.04100,109.55700,109.99400,1249
2005-12-28 00:00:00+00:00,109.96300,110.01000,109.71100,109.77300,1383
2005-12-29 00:00:00+00:00,109.75800,109.83400,109.60000,109.80300,1043
2005-12-30 00:00:00+00:00,109.78700,110.03600,109.53500,109.59800,1040
2006-01-03 00:00:00+00:00,109.54400,109.95000,109.32400,109.85500,2794
2006-01-04 00:00:00+00:00,109.84000,110.04200,109.61900,109.96300,2591
2006-01-05 00:00:00+00:00,109.97900,110.05600,109.74300,109.91400,2002
2006-01-06 00:00:00+00:00,109.93000,110.30400,109.64700,109.74000,3493
2006-01-09 00:00:00+00:00,109.70500,109.84500,109.62500,109.78100,1711
2006-01-10 00:00:00+00:00,109.76500,109.81200,109.32600,109.37200,2291
2006-01-11 00:00:00+00:00,109.35700,109.48100,109.08900,109.13600,1878
2006-01-12 00:00:00+00:00,109.15100,109.50900,109.13500,109.49400,2216
2006-01-13 00:00:00+00:00,109.47800,109.94600,109.28900,109.86700,2446
2006-01-17 00:00:00+00:00,109.78300,110.00000,109.68900,109.98500,1914
2006-01-18 00:00:00+00:00,110.00000,110.32700,109.73200,109.95100,2880
2006-01-19 00:00:00+00:00,109.92000,109.92000,109.54300,109.63600,2746
2006-01-20 00:00:00+00:00,109.62100,109.83900,109.52500,109.77500,2134
2006-01-23 00:00:00+00:00,109.75600,109.84800,109.39500,109.75400,2217
2006-01-24 00:00:00+00:00,109.73800,109.76900,109.45500,109.51700,2127
2006-01-25 00:00:00+00:00,109.53300,109.54800,108.89000,108.93700,2871
2006-01-26 00:00:00+00:00,108.92100,109.04600,108.57500,108.73100,3190
2006-01-27 00:00:00+00:00,108.71500,108.99600,108.49500,108.69800,3407
2006-01-30 00:00:00+00:00,108.69400,108.71000,108.41100,108.59800,2034
2006-01-31 00:00:00+00:00,108.58300,108.73700,108.37800,108.62800,2862
2006-02-01 00:00:00+00:00,108.59600,108.68900,108.18800,108.26600,2594
2006-02-02 00:00:00+00:00,108.25000,108.45200,108.14000,108.28000,2095
2006-02-03 00:00:00+00:00,108.26400,108.52900,107.87200,108.48100,4187
2006-02-06 00:00:00+00:00,108.46200,108.50800,108.24100,108.33500,1710
2006-02-07 00:00:00+00:00,108.31900,108.50500,108.14500,108.23900,2476
2006-02-08 00:00:00+00:00,108.25400,108.34800,108.01800,108.08100,2206
2006-02-09 00:00:00+00:00,108.09600,108.39200,107.95400,108.11000,3326
2006-02-10 00:00:00+00:00,108.09400,108.42100,107.73300,107.84200,2587
2006-02-13 00:00:00+00:00,107.85400,107.97800,107.72800,107.94600,1697
2006-02-14 00:00:00+00:00,107.93000,107.97700,107.61600,107.77200,2134
2006-02-15 00:00:00+00:00,107.78700,108.00500,107.59800,107.78600,2927
2006-02-16 00:00:00+00:00,107.80100,107.90900,107.70600,107.87800,1704
2006-02-17 00:00:00+00:00,107.86200,108.26700,107.86200,108.17300,2249
2006-02-21 00:00:00+00:00,108.15100,108.21300,107.94600,107.96200,2264
2006-02-22 00:00:00+00:00,107.97700,108.25700,107.75700,108.22600,1999
2006-02-23 00:00:00+00:00,108.21000,108.25600,107.83300,107.92700,2269
2006-02-24 00:00:00+00:00,107.94200,108.12900,107.76800,107.78400,2178
2006-02-27 00:00:00+00:00,107.76400,107.92000,107.63800,107.68400,1712
2006-02-28 00:00:00+00:00,107.64100,108.09300,107.64100,108.03100,1739
2006-03-01 00:00:00+00:00,108.01500,108.09200,107.74800,107.84200,2308
2006-03-02 00:00:00+00:00,107.85700,107.90400,107.29300,107.52800,2589
2006-03-03 00:00:00+00:00,107.49700,107.52800,107.12000,107.19800,2256
2006-03-06 00:00:00+00:00,107.19600,107.21100,106.80400,106.82000,1961
2006-03-07 00:00:00+00:00,106.83500,107.00600,106.50600,106.97500,3145
2006-03-08 00:00:00+00:00,106.99100,107.10000,106.77100,107.00500,3062
2006-03-09 00:00:00+00:00,107.02100,107.08200,106.83200,107.03500,1828
2006-03-10 00:00:00+00:00,107.02000,107.17500,106.62800,106.89300,2967
2006-03-13 00:00:00+00:00,106.87600,106.87600,106.64000,106.84300,1642
2006-03-14 00:00:00+00:00,106.82800,107.43700,106.79600,107.40500,2588
2006-03-15 00:00:00+00:00,107.42100,107.42100,107.02900,107.17000,2480
2006-03-16 00:00:00+00:00,107.18500,107.90400,107.05900,107.81000,3510
2006-03-17 00:00:00+00:00,107.79400,107.87200,107.57400,107.65200,1850
2006-03-20 00:00:00+00:00,107.63400,107.88400,107.57100,107.75800,1586
2006-03-21 00:00:00+00:00,107.74300,107.83600,107.24100,107.30400,2771
2006-03-22 00:00:00+00:00,107.28800,107.52200,107.24000,107.38100,1966
2006-03-23 00:00:00+00:00,107.39600,107.50500,107.05100,107.06700,2406
2006-03-24 00:00:00+00:00,107.08200,107.70700,107.06600,107.61300,2404
2006-03-27 00:00:00+00:00,107.58000,107.62600,107.31300,107.39100,1519
2006-03-28 00:00:00+00:00,107.37500,107.42200,106.70200,106.81100,3107
2006-03-29 00:00:00+00:00,106.79600,106.88900,106.59100,106.73200,2310
2006-03-30 00:00:00+00:00,106.74800,106.84100,106.21500,106.37100,3051
2006-03-31 00:00:00+00:00,106.35500,106.63600,106.26100,106.49500,2754
2006-04-02 00:00:00+00:00,106.47700,106.55600,106.47700,106.54000,35
2006-04-03 00:00:00+00:00,106.55600,106.55600,106.10100,106.39800,2455
2006-04-04 00:00:00+00:00,106.41400,106.55400,106.28800,106.41300,1843
2006-04-05 00:00:00+00:00,106.39700,106.61500,106.39700,106.55200,2022
2006-04-06 00:00:00+00:00,106.53700,106.56800,106.19200,106.30100,2205
2006-04-07 00:00:00+00:00,106.28500,106.48800,105.76800,105.78400,4086
2006-04-09 00:00:00+00:00,105.76600,105.79700,105.71900,105.76600,36
2006-04-10 00:00:00+00:00,105.75000,106.03100,105.73400,106.01500,1833
2006-04-11 00:00:00+00:00,106.03100,106.18700,105.96800,106.15500,1543
2006-04-12 00:00:00+00:00,106.17000,106.31100,105.74700,105.82500,2483
2006-04-13 00:00:00+00:00,105.81000,105.85700,105.38700,105.38700,2466
2006-04-17 00:00:00+00:00,105.49300,105.78900,105.43000,105.71100,1656
2006-04-18 00:00:00+00:00,105.69500,106.16300,105.64800,105.94400,2965
2006-04-19 00:00:00+00:00,105.92800,106.22500,105.53700,105.75500,3244
2006-04-20 00:00:00+00:00,105.74000,105.81700,105.58200,105.69200,2254
2006-04-21 00:00:00+00:00,105.70700,105.94100,105.56600,105.80000,2018
2006-04-23 00:00:00+00:00,105.73500,105.73500,105.65700,105.68800,47
2006-04-24 00:00:00+00:00,105.70400,106.12500,105.68800,105.98400,1947
2006-04-25 00:00:00+00:00,106.00000,106.06200,105.24900,105.42000,3208
2006-04-26 00:00:00+00:00,105.43600,105.46700,105.09200,105.21600,2684
2006-04-27 00:00:00+00:00,105.20000,105.68400,104.98100,105.60600,3733
2006-04-28 00:00:00+00:00,105.59000,105.68300,105.27700,105.66700,2530
2006-04-30 00:00:00+00:00,105.65000,105.65000,105.58700,105.61800,25
2006-05-01 00:00:00+00:00,105.63400,105.75900,104.97600,105.03900,1979
2006-05-02 00:00:00+00:00,105.05400,105.36600,105.05400,105.25700,2039
2006-05-03 00:00:00+00:00,105.24100,105.33400,104.92800,105.09900,2310
2006-05-04 00:00:00+00:00,105.08400,105.14500,104.86400,104.98900,2228
2006-05-05 00:00:00+00:00,104.97300,105.44100,104.94100,105.34700,2859
2006-05-07 00:00:00+00:00,105.31400,105.36100,105.31400,105.32900,14
2006-05-08 00:00:00+00:00,105.34500,105.36000,105.14100,105.25000,1211
2006-05-09 00:00:00+00:00,105.26600,105.28100,105.06200,105.15500,1274
2006-05-10 00:00:00+00:00,105.17100,105.54500,104.98200,105.15400,2972
2006-05-11 00:00:00+00:00,105.17000,105.26300,104.87200,105.02800,2491
2006-05-12 00:00:00+00:00,105.01200,105.09000,104.65200,104.68300,2543
2006-05-14 00:00:00+00:00,104.65000,104.68100,104.63400,104.68100,35
2006-05-15 00:00:00+00:00,104.69700,105.11800,104.61800,104.94600,2060
2006-05-16 00:00:00+00:00,104.96100,105.35100,104.91400,105.32000,2434
2006-05-17 00:00:00+00:00,105.30400,105.35100,104.75600,105.06900,3042
2006-05-18 00:00:00+00:00,105.08400,105.69300,104.99000,105.59900,3272
2006-05-19 00:00:00+00:00,105.58300,105.84800,105.41100,105.59800,2289
2006-05-21 00:00:00+00:00,105.58000,105.64300,105.58000,105.62700,24
2006-05-22 00:00:00+00:00,105.61100,106.04800,105.61100,105.76600,2457
2006-05-23 00:00:00+00:00,105.78200,105.92200,105.45300,105.90600,2087
2006-05-24 00:00:00+00:00,105.92200,106.14000,105.67100,105.73300,3409
2006-05-25 00:00:00+00:00,105.74900,105.84200,105.46700,105.51300,2255
2006-05-26 00:00:00+00:00,105.49800,105.71600,105.34100,105.65300,1939
2006-05-29 00:00:00+00:00,105.58700,105.60300,105.54000,105.58700,47
2006-05-30 00:00:00+00:00,105.57100,105.66500,105.36700,105.45300,1863
2006-05-31 00:00:00+00:00,105.43800,105.57800,104.96600,104.99800,2356
2006-06-01 00:00:00+00:00,105.01300,105.23200,104.87200,105.20000,2019
2006-06-02 00:00:00+00:00,105.18400,106.05900,105.16800,106.02800,3560
2006-06-04 00:00:00+00:00,106.02500,106.04000,105.99300,105.99300,24
2006-06-05 00:00:00+00:00,105.97800,106.07100,105.75700,105.80400,2110
2006-06-06 00:00:00+00:00,105.82000,105.94400,105.60000,105.88100,2041
2006-06-07 00:00:00+00:00,105.86500,105.97400,105.59800,105.77000,1981
2006-06-08 00:00:00+00:00,105.78500,106.26900,105.75400,105.87800,3205
2006-06-09 00:00:00+00:00,105.89300,106.09600,105.79900,106.01700,1860
2006-06-11 00:00:00+00:00,106.01400,106.01400,105.98300,105.99800,12
2006-06-12 00:00:00+00:00,106.01400,106.02900,105.82500,105.99700,1320
2006-06-13 00:00:00+00:00,105.98100,106.26200,105.93300,106.13600,2293
2006-06-14 00:00:00+00:00,106.12000,106.15200,105.38400,105.43000,3230
2006-06-15 00:00:00+00:00,105.44600,105.49200,105.08500,105.10000,2660
2006-06-16 00:00:00+00:00,105.11600,105.36500,104.95800,104.97400,1682
2006-06-18 00:00:00+00:00,104.97000,105.01700,104.97000,104.97000,13
2006-06-19 00:00:00+00:00,104.98600,105.00200,104.79700,104.90600,1428
2006-06-20 00:00:00+00:00,104.89100,105.03100,104.68600,104.79500,1875
2006-06-21 00:00:00+00:00,104.78000,104.87300,104.71600,104.77800,1316
2006-06-22 00:00:00+00:00,104.79400,104.80900,104.35400,104.38500,1786
2006-06-23 00:00:00+00:00,104.37000,104.61900,104.21200,104.25900,1831
2006-06-25 00:00:00+00:00,104.24000,104.27100,104.22500,104.25600,12
2006-06-26 00:00:00+00:00,104.27100,104.34900,104.17600,104.27000,1380
2006-06-27 00:00:00+00:00,104.28600,104.53500,104.23800,104.44100,1761
2006-06-28 00:00:00+00:00,104.42500,104.50200,104.15800,104.22000,1481
2006-06-29 00:00:00+00:00,104.20400,104.65700,104.17200,104.62500,2255
2006-06-30 00:00:00+00:00,104.64100,105.01500,104.37400,104.98400,2579
2006-07-02 00:00:00+00:00,104.96500,104.98100,104.91800,104.91800,12
2006-07-03 00:00:00+00:00,104.90200,104.93300,104.74500,104.91700,1004
2006-07-04 00:00:00+00:00,104.89900,104.99300,104.89900,104.97700,40
2006-07-05 00:00:00+00:00,104.99300,104.99300,104.27200,104.39700,2016
2006-07-06 00:00:00+00:00,104.41300,104.66200,104.31800,104.59900,1652
2006-07-07 00:00:00+00:00,104.61500,105.08300,104.58300,104.95700,2764
2006-07-09 00:00:00+00:00,104.97000,105.00100,104.97000,105.00100,11
2006-07-10 00:00:00+00:00,104.98500,105.06200,104.79700,105.03100,1039
2006-07-11 00:00:00+00:00,105.01500,105.32700,104.95200,105.13900,1528
2006-07-12 00:00:00+00:00,105.12300,105.20000,104.87200,105.15300,1337
2006-07-13 00:00:00+00:00,105.13700,105.48000,105.10600,105.44900,1802
2006-07-14 00:00:00+00:00,105.43300,105.62000,105.32300,105.43200,1892
2006-07-16 00:00:00+00:00,105.46000,105.52200,105.46000,105.50700,16
2006-07-17 00:00:00+00:00,105.52200,105.55300,105.22400,105.41100,1568
2006-07-18 00:00:00+00:00,105.42700,105.42700,104.89400,104.97200,1908
2006-07-19 00:00:00+00:00,104.98700,105.54900,104.61100,105.47100,3979
2006-07-20 00:00:00+00:00,105.45500,105.78200,105.34500,105.67200,2150
2006-07-21 00:00:00+00:00,105.68800,105.90600,105.59300,105.67100,1811
2006-07-23 00:00:00+00:00,105.68400,105.68400,105.60500,105.62100,19
2006-07-24 00:00:00+00:00,105.60500,105.76100,105.47900,105.60400,1253
2006-07-25 00:00:00+00:00,105.58800,105.80600,105.44600,105.52400,1762
2006-07-26 00:00:00+00:00,105.50800,105.83600,105.36700,105.74100,1801
2006-07-27 00:00:00+00:00,105.72600,105.91300,105.61600,105.74000,2179
2006-07-28 00:00:00+00:00,105.75600,106.14600,105.63000,106.05100,2052
2006-07-30 00:00:00+00:00,106.06400,106.07900,106.04800,106.06400,12
2006-07-31 00:00:00+00:00,106.04800,106.14100,105.92200,106.12500,1198
2006-08-01 00:00:00+00:00,106.10900,106.17000,105.87400,106.13900,1952
2006-08-02 00:00:00+00:00,106.12300,106.29400,105.98200,106.26200,1818
2006-08-03 00:00:00+00:00,106.24700,106.34000,106.02700,106.21400,1729
2006-08-04 00:00:00+00:00,106.19800,106.79200,106.13500,106.63500,2779
2006-08-06 00:00:00+00:00,106.63200,106.63200,106.60000,106.61600,14
2006-08-07 00:00:00+00:00,106.63100,106.66200,106.39600,106.44200,1283
2006-08-08 00:00:00+00:00,106.45800,106.69100,106.31600,106.48800,1935
2006-08-09 00:00:00+00:00,106.47200,106.50300,106.25200,106.39200,1436
2006-08-10 00:00:00+00:00,106.40800,106.57900,106.15700,106.40600,1839
2006-08-11 00:00:00+00:00,106.39100,106.43800,106.07700,106.09200,1722
2006-08-13 00:00:00+00:00,106.05800,106.05800,105.99500,106.02700,27
2006-08-14 00:00:00+00:00,106.04200,106.05800,105.82200,105.83700,1186
2006-08-15 00:00:00+00:00,105.85300,106.44600,105.80600,106.35200,2320
2006-08-16 00:00:00+00:00,106.33600,106.83500,106.28900,106.75700,2265
2006-08-17 00:00:00+00:00,106.77200,107.00600,106.64600,106.70800,1808
2006-08-18 00:00:00+00:00,106.69300,106.94200,106.64500,106.86300,1390
2006-08-20 00:00:00+00:00,106.89100,106.90700,106.86000,106.86000,11
2006-08-21 00:00:00+00:00,106.87600,107.03100,106.82800,106.98400,1072
2006-08-22 00:00:00+00:00,106.99900,107.12300,106.87300,106.98200,1706
2006-08-23 00:00:00+00:00,106.96600,107.02800,106.76200,106.94900,1751
2006-08-24 00:00:00+00:00,106.96500,107.08900,106.85500,106.99400,1725
2006-08-25 00:00:00+00:00,107.01000,107.13400,106.88400,107.10300,1397
2006-08-27 00:00:00+00:00,107.08400,107.09900,107.05200,107.06800,22
2006-08-28 00:00:00+00:00,107.05200,107.11500,106.86400,106.97300,1072
2006-08-29 00:00:00+00:00,106.95700,107.06500,106.53400,106.98700,2251
2006-08-30 00:00:00+00:00,107.00200,107.26700,106.92400,107.21900,1504
2006-08-31 00:00:00+00:00,107.23400,107.48400,107.12500,107.43700,1657
2006-09-01 00:00:00+00:00,107.45300,107.48400,107.10900,107.43700,2459
2006-09-04 00:00:00+00:00,107.37400,107.38900,107.29500,107.31100,52
2006-09-05 00:00:00+00:00,107.32700,107.37400,107.07600,107.07600,1358
2006-09-06 00:00:00+00:00,107.09200,107.15400,106.77900,106.99800,1997
2006-09-07 00:00:00+00:00,107.01400,107.17000,106.77900,107.04500,1920
2006-09-08 00:00:00+00:00,107.06000,107.32600,106.99800,107.18500,1632
2006-09-10 00:00:00+00:00,107.15300,107.16900,107.09100,107.10600,30
2006-09-11 00:00:00+00:00,107.09100,107.24700,106.87200,106.99700,1493
2006-09-12 00:00:00+00:00,107.01200,107.23100,106.82500,107.19900,1918
2006-09-13 00:00:00+00:00,107.18400,107.40200,107.15300,107.26200,1534
2006-09-14 00:00:00+00:00,107.27700,107.52700,106.99600,107.02700,2611
2006-09-15 00:00:00+00:00,107.04300,107.33900,106.93300,107.02700,2632
2006-09-17 00:00:00+00:00,107.01100,107.01100,106.99500,106.99500,14
2006-09-18 00:00:00+00:00,106.97900,107.02600,106.57300,106.83800,2154
2006-09-19 00:00:00+00:00,106.85400,107.46300,106.72900,107.41600,2646
2006-09-20 00:00:00+00:00,107.40100,107.60400,107.33800,107.43200,2142
2006-09-21 00:00:00+00:00,107.41600,108.10300,107.33800,108.04100,2803
2006-09-22 00:00:00+00:00,108.02500,108.41600,108.01000,108.40000,2247
2006-09-24 00:00:00+00:00,108.38400,108.40000,108.36800,108.40000,20
2006-09-25 00:00:00+00:00,108.38400,108.77400,108.32100,108.63400,2606
2006-09-26 00:00:00+00:00,108.64900,108.72700,108.33700,108.39900,2383
2006-09-27 00:00:00+00:00,108.38300,108.72700,108.27400,108.32100,2768
2006-09-28 00:00:00+00:00,108.30500,108.41400,108.11700,108.30500,2074
2006-09-29 00:00:00+00:00,108.32000,108.41400,107.89800,108.10100,2534
2006-10-01 00:00:00+00:00,108.08500,108.08500,108.02200,108.03800,20
2006-10-02 00:00:00+00:00,108.02200,108.39700,107.92900,108.27200,2035
2006-10-03 00:00:00+00:00,108.25700,108.39700,108.11600,108.20900,1784
2006-10-04 00:00:00+00:00,108.22500,108.69400,108.13100,108.55300,2466
2006-10-05 00:00:00+00:00,108.56900,108.58400,108.19300,108.28700,2419
2006-10-06 00:00:00+00:00,108.30300,108.66200,107.59900,107.63000,3331
2006-10-09 00:00:00+00:00,107.61400,107.61400,107.56700,107.58300,37
2006-10-10 00:00:00+00:00,107.56700,107.63000,107.16000,107.22300,2466
2006-10-11 00:00:00+00:00,107.20700,107.45700,106.92600,107.06600,2762
2006-10-12 00:00:00+00:00,107.08200,107.26900,107.01900,107.12900,1890
2006-10-13 00:00:00+00:00,107.11300,107.31600,106.81600,106.91000,2923
2006-10-15 00:00:00+00:00,106.89300,106.89300,106.87800,106.89300,9
2006-10-16 00:00:00+00:00,106.90900,107.12700,106.86200,107.09600,1373
2006-10-17 00:00:00+00:00,107.08100,107.45500,107.00200,107.15800,2752
2006-10-18 00:00:00+00:00,107.14300,107.25200,106.94000,107.18900,2273
2006-10-19 00:00:00+00:00,107.20500,107.22100,106.89200,107.08000,2191
2006-10-20 00:00:00+00:00,107.09500,107.15800,106.95500,107.00100,1160
2006-10-22 00:00:00+00:00,106.98500,107.00100,106.97000,106.98500,20
2006-10-23 00:00:00+00:00,107.00100,107.01600,106.61000,106.75000,1985
2006-10-24 00:00:00+00:00,106.76600,106.81300,106.68800,106.78100,1252
2006-10-25 00:00:00+00:00,106.76600,107.18700,106.67200,107.17200,2295
2006-10-26 00:00:00+00:00,107.15600,107.53100,107.09400,107.46800,2627
2006-10-27 00:00:00+00:00,107.48400,107.82800,107.40600,107.76500,2279
2006-10-30 00:00:00+00:00,107.78000,107.90500,107.68600,107.79600,1551
2006-10-31 00:00:00+00:00,107.81100,108.26400,107.71700,108.24800,2424
2006-11-01 00:00:00+00:00,108.23300,108.62300,108.10800,108.51400,2643
2006-11-02 00:00:00+00:00,108.49800,108.51400,108.23200,108.31000,1953
2006-11-03 00:00:00+00:00,108.32600,108.51300,107.40400,107.46600,3915
2006-11-06 00:00:00+00:00,107.45000,107.59000,107.32500,107.59000,1464
2006-11-07 00:00:00+00:00,107.57500,108.09000,107.54300,107.88700,1877
2006-11-08 00:00:00+00:00,107.87100,108.19900,107.82400,108.04300,2222
2006-11-09 00:00:00+00:00,108.02700,108.16800,107.90200,108.09000,2028
2006-11-10 00:00:00+00:00,108.10500,108.38600,108.05800,108.27700,1638
2006-11-13 00:00:00+00:00,108.26100,108.44800,107.94800,108.13500,1798
2006-11-14 00:00:00+00:00,108.10400,108.58800,107.94800,108.37000,2952
2006-11-15 00:00:00+00:00,108.38500,108.47900,107.96300,107.99400,2360
2006-11-16 00:00:00+00:00,108.01000,108.46300,107.65000,107.71300,4082
2006-11-17 00:00:00+00:00,107.69700,108.33700,107.68100,108.19700,2816
2006-11-20 00:00:00+00:00,108.18100,108.33700,108.10200,108.21200,1603
2006-11-21 00:00:00+00:00,108.22700,108.39900,108.10200,108.38300,1490
2006-11-22 00:00:00+00:00,108.36700,108.49200,108.27400,108.43000,1235
2006-11-24 00:00:00+00:00,108.41400,108.71100,108.36700,108.49200,1359
2006-11-27 00:00:00+00:00,108.47500,108.64700,108.16300,108.61600,2357
2006-11-28 00:00:00+00:00,108.63100,108.97500,108.50600,108.83400,3207
2006-11-29 00:00:00+00:00,108.81900,108.97500,108.67800,108.70900,2145
2006-11-30 00:00:00+00:00,108.70300,109.15600,108.67200,109.12500,2431
2006-12-01 00:00:00+00:00,109.14100,109.59400,108.95400,109.37600,3425
2006-12-04 00:00:00+00:00,109.37700,109.44000,109.19000,109.40900,1870
2006-12-05 00:00:00+00:00,109.42400,109.58100,109.14400,109.31500,2196
2006-12-06 00:00:00+00:00,109.33100,109.34700,109.00400,109.03500,1802
2006-12-07 00:00:00+00:00,109.05100,109.23800,108.92600,109.06700,1805
2006-12-08 00:00:00+00:00,109.05100,109.09800,108.50500,108.56800,3059
2006-12-11 00:00:00+00:00,108.55300,108.85000,108.50700,108.77200,1771
2006-12-12 00:00:00+00:00,108.72500,109.08500,108.69500,109.02300,1984
2006-12-13 00:00:00+00:00,109.00700,109.16400,108.33600,108.36700,3191
2006-12-14 00:00:00+00:00,108.38300,108.53900,108.21200,108.25900,2172
2006-12-15 00:00:00+00:00,108.27400,108.94600,108.16500,108.29000,3432
2006-12-18 00:00:00+00:00,108.27600,108.43200,108.19800,108.33900,1406
2006-12-19 00:00:00+00:00,108.35500,108.54200,108.01100,108.29300,2669
2006-12-20 00:00:00+00:00,108.30800,108.41800,108.21500,108.27800,1109
2006-12-21 00:00:00+00:00,108.26200,108.66800,108.23100,108.63700,1869
2006-12-22 00:00:00+00:00,108.59000,108.63700,108.02900,108.09100,2090
2006-12-26 00:00:00+00:00,108.12400,108.32800,108.06200,108.21800,834
2006-12-27 00:00:00+00:00,108.23400,108.28100,107.75000,107.81300,1638
2006-12-28 00:00:00+00:00,107.82900,107.98500,107.34500,107.56400,2092
2006-12-29 00:00:00+00:00,107.54800,107.67300,107.31400,107.45500,1209
2007-01-02 00:00:00+00:00,107.44100,107.73800,107.42500,107.53500,1120
2007-01-03 00:00:00+00:00,107.56600,107.92600,107.48900,107.72300,2726
2007-01-04 00:00:00+00:00,107.70700,108.13000,107.66100,108.11400,2331
2007-01-05 00:00:00+00:00,108.09900,108.28600,107.42700,107.83300,3407
2007-01-08 00:00:00+00:00,107.83500,107.88200,107.63200,107.80400,1516
2007-01-09 00:00:00+00:00,107.78800,107.86700,107.63200,107.75800,1428
2007-01-10 00:00:00+00:00,107.74200,107.85200,107.47700,107.58600,2014
2007-01-11 00:00:00+00:00,107.61800,107.63300,107.14900,107.29000,2445
2007-01-12 00:00:00+00:00,107.27500,107.33700,106.99400,107.02500,1867
2007-01-16 00:00:00+00:00,107.04200,107.32400,107.04200,107.21500,1504
2007-01-17 00:00:00+00:00,107.23000,107.34000,106.91900,106.96500,2795
2007-01-18 00:00:00+00:00,106.98100,107.20000,106.70000,107.18500,2895
2007-01-19 00:00:00+00:00,107.16900,107.24700,106.90400,106.96700,1727
2007-01-22 00:00:00+00:00,106.96800,107.18700,106.89000,107.09300,1183
2007-01-23 00:00:00+00:00,107.07800,107.17200,106.79700,106.81300,1749
2007-01-24 00:00:00+00:00,106.82800,106.96900,106.75000,106.81300,1740
2007-01-25 00:00:00+00:00,106.82900,106.90700,106.37600,106.40700,2545
2007-01-26 00:00:00+00:00,106.39200,106.56400,106.17400,106.42400,3015
2007-01-29 00:00:00+00:00,106.40900,106.55000,106.25300,106.30000,1541
2007-01-30 00:00:00+00:00,106.28500,106.47300,106.28500,106.44100,1257
2007-01-31 00:00:00+00:00,106.45700,106.84800,106.25400,106.81700,3099
2007-02-01 00:00:00+00:00,106.78600,107.11400,106.58300,106.61400,3244
2007-02-02 00:00:00+00:00,106.63000,106.94300,106.53700,106.72400,3088
2007-02-05 00:00:00+00:00,106.69400,106.91300,106.67900,106.82000,1029
2007-02-06 00:00:00+00:00,106.83500,107.14800,106.69500,107.11700,1936
2007-02-07 00:00:00+00:00,107.10100,107.32100,107.00800,107.25800,1981
2007-02-08 00:00:00+00:00,107.27400,107.39900,107.13400,107.29000,1939
2007-02-09 00:00:00+00:00,107.27400,107.29000,106.86900,106.96200,2144
2007-02-12 00:00:00+00:00,106.97900,107.01000,106.76100,106.82400,1516
2007-02-13 00:00:00+00:00,106.80800,106.94900,106.69900,106.79300,1410
2007-02-14 00:00:00+00:00,106.77700,107.38700,106.76200,107.27800,2973
2007-02-15 00:00:00+00:00,107.26200,107.63700,107.18400,107.46600,2783
2007-02-16 00:00:00+00:00,107.48100,107.79400,107.45000,107.59100,2112
2007-02-20 00:00:00+00:00,107.56200,107.68700,107.40600,107.65600,1439
2007-02-21 00:00:00+00:00,107.64000,107.76600,107.37500,107.57800,2317
2007-02-22 00:00:00+00:00,107.56300,107.56300,107.22000,107.29800,2032
2007-02-23 00:00:00+00:00,107.28200,107.78200,107.23500,107.72000,2232
2007-02-26 00:00:00+00:00,107.69000,108.01900,107.69000,107.98700,1822
2007-02-27 00:00:00+00:00,108.00300,109.22200,107.95600,108.81600,3347
2007-02-28 00:00:00+00:00,108.82800,108.84400,108.34400,108.43800,3280
2007-03-01 00:00:00+00:00,108.45400,108.98500,108.36000,108.56300,4080
2007-03-02 00:00:00+00:00,108.54800,108.95400,108.43900,108.95400,2714
2007-03-05 00:00:00+00:00,108.97100,109.31400,108.72100,108.92400,3153
2007-03-06 00:00:00+00:00,108.90900,108.92400,108.61200,108.69000,2677
2007-03-07 00:00:00+00:00,108.67500,109.01900,108.62800,108.97200,2087
2007-03-08 00:00:00+00:00,108.98800,109.00300,108.66000,108.84700,1766
2007-03-09 00:00:00+00:00,108.86300,108.86300,108.17600,108.30100,3129
2007-03-11 00:00:00+00:00,108.28600,108.30200,108.24000,108.28600,19
2007-03-12 00:00:00+00:00,108.27100,108.69300,108.17700,108.55200,1847
2007-03-13 00:00:00+00:00,108.56800,109.14600,108.52100,109.11500,2731
2007-03-14 00:00:00+00:00,109.09900,109.24000,108.75600,108.75600,3176
2007-03-15 00:00:00+00:00,108.77200,108.86600,108.61600,108.78800,2193
2007-03-16 00:00:00+00:00,108.77200,108.86600,108.47600,108.71000,2323
2007-03-18 00:00:00+00:00,108.75800,108.82000,108.72700,108.80500,32
2007-03-19 00:00:00+00:00,108.82000,108.82000,108.46100,108.50800,1196
2007-03-20 00:00:00+00:00,108.52400,108.80500,108.49300,108.63400,1597
2007-03-21 00:00:00+00:00,108.64900,109.04000,108.27500,108.79000,3361
2007-03-22 00:00:00+00:00,108.80600,108.88400,108.41600,108.51000,2347
2007-03-23 00:00:00+00:00,108.52500,108.69700,108.27600,108.29100,2032
2007-03-25 00:00:00+00:00,108.32300,108.35500,108.30800,108.35500,13
2007-03-26 00:00:00+00:00,108.33900,108.68300,108.16700,108.41800,2134
2007-03-27 00:00:00+00:00,108.40200,108.51200,108.29300,108.41800,1645
2007-03-28 00:00:00+00:00,108.40200,108.74600,108.23100,108.32500,2852
2007-03-29 00:00:00+00:00,108.34000,108.37200,108.07500,108.12200,1939
2007-03-30 00:00:00+00:00,108.13800,108.68500,107.85700,108.09100,4482
2007-04-01 00:00:00+00:00,108.10800,108.15500,108.09200,108.13900,21
2007-04-02 00:00:00+00:00,108.12300,108.23300,108.04600,108.10800,1744
2007-04-03 00:00:00+00:00,108.12400,108.15500,107.92100,107.95200,1501
2007-04-04 00:00:00+00:00,107.96800,108.24900,107.90500,108.10900,1863
2007-04-05 00:00:00+00:00,108.12500,108.15600,107.87500,107.89100,1400
2007-04-06 00:00:00+00:00,107.90600,107.92200,107.31300,107.36000,1501
2007-04-08 00:00:00+00:00,107.34500,107.37600,107.33000,107.36100,16
2007-04-09 00:00:00+00:00,107.37600,107.47000,107.34500,107.40800,781
2007-04-10 00:00:00+00:00,107.42400,107.65800,107.42400,107.58000,1450
2007-04-11 00:00:00+00:00,107.56500,107.70600,107.39300,107.50300,1818
2007-04-12 00:00:00+00:00,107.51800,107.64300,107.40900,107.44100,1525
2007-04-13 00:00:00+00:00,107.42500,107.58100,107.22200,107.26900,2054
2007-04-15 00:00:00+00:00,107.25400,107.28600,107.23900,107.27000,10
2007-04-16 00:00:00+00:00,107.28600,107.47300,107.14500,107.44200,2069
2007-04-17 00:00:00+00:00,107.42700,107.81700,107.28600,107.80200,2510
2007-04-18 00:00:00+00:00,107.78600,108.06800,107.74000,108.00500,1784
2007-04-19 00:00:00+00:00,108.02100,108.22400,107.86500,107.95900,2048
2007-04-20 00:00:00+00:00,107.97500,108.03700,107.80300,107.95900,1375
2007-04-22 00:00:00+00:00,107.94500,107.94500,107.92900,107.94500,13
2007-04-23 00:00:00+00:00,107.92900,108.19500,107.83500,108.14800,1604
2007-04-24 00:00:00+00:00,108.16400,108.41400,108.11700,108.32000,2256
2007-04-25 00:00:00+00:00,108.33600,108.38300,108.05500,108.10200,2214
2007-04-26 00:00:00+00:00,108.11800,108.14900,107.77400,107.83700,1829
2007-04-27 00:00:00+00:00,107.85200,108.10300,107.75900,107.83700,2273
2007-04-29 00:00:00+00:00,107.85400,107.88500,107.83800,107.86900,10
2007-04-30 00:00:00+00:00,107.88500,108.35400,107.86900,108.32300,1715
2007-05-01 00:00:00+00:00,108.33800,108.44800,107.99500,108.18300,2352
2007-05-02 00:00:00+00:00,108.19800,108.30800,108.05800,108.16700,1630
2007-05-03 00:00:00+00:00,108.15200,108.35500,107.80800,107.93300,2055
2007-05-04 00:00:00+00:00,107.91800,108.26200,107.54300,108.18400,2848
2007-05-06 00:00:00+00:00,108.20000,108.20000,108.16900,108.18500,8
2007-05-07 00:00:00+00:00,108.16900,108.29400,108.07500,108.26300,1037
2007-05-08 00:00:00+00:00,108.24800,108.40400,108.20100,108.21700,1623
2007-05-09 00:00:00+00:00,108.23200,108.29500,107.92000,107.96700,1742
2007-05-10 00:00:00+00:00,107.95200,108.17100,107.85800,108.15500,1852
2007-05-11 00:00:00+00:00,108.17100,108.48300,107.90500,107.93700,2627
2007-05-13 00:00:00+00:00,107.92200,107.95300,107.89100,107.95300,13
2007-05-14 00:00:00+00:00,107.93800,107.96900,107.76600,107.78200,1339
2007-05-15 00:00:00+00:00,107.79700,107.93800,107.56300,107.73500,2811
2007-05-16 00:00:00+00:00,107.75100,107.86000,107.61100,107.65800,1592
2007-05-17 00:00:00+00:00,107.67300,107.73600,107.33000,107.39200,2174
2007-05-18 00:00:00+00:00,107.40800,107.47100,106.95500,107.01800,2233
2007-05-20 00:00:00+00:00,107.03400,107.08100,107.01900,107.03400,23
2007-05-21 00:00:00+00:00,107.05000,107.16000,106.92500,107.14400,1594
2007-05-22 00:00:00+00:00,107.16000,107.16000,106.83200,106.86300,1609
2007-05-23 00:00:00+00:00,106.87900,106.92600,106.56700,106.78600,2210
2007-05-24 00:00:00+00:00,106.80100,106.84800,106.39500,106.80200,3201
2007-05-25 00:00:00+00:00,106.78600,106.84800,106.55200,106.64600,1462
2007-05-28 00:00:00+00:00,106.61600,106.63100,106.56900,106.58500,19
2007-05-29 00:00:00+00:00,106.57700,106.69400,106.42900,106.47600,1560
2007-05-30 00:00:00+00:00,106.49100,106.75700,106.44500,106.53100,1843
2007-05-31 00:00:00+00:00,106.54700,106.60900,106.18700,106.34400,2108
2007-06-01 00:00:00+00:00,106.35900,106.50000,105.87500,105.93700,3808
2007-06-03 00:00:00+00:00,105.95200,105.95200,105.92100,105.93700,8
2007-06-04 00:00:00+00:00,105.92900,106.10900,105.89000,106.03000,1695
2007-06-05 00:00:00+00:00,106.04600,106.10900,105.64000,105.70200,2395
2007-06-06 00:00:00+00:00,105.68700,105.93600,105.65500,105.89000,1998
2007-06-07 00:00:00+00:00,105.90500,105.90500,104.84200,104.87400,3956
2007-06-08 00:00:00+00:00,104.85800,105.07700,104.13900,104.99900,5176
2007-06-10 00:00:00+00:00,104.95100,104.95100,104.82600,104.88900,49
2007-06-11 00:00:00+00:00,104.87300,105.01400,104.68600,104.71700,2407
2007-06-12 00:00:00+00:00,104.70100,104.79500,103.77900,103.84200,3657
2007-06-13 00:00:00+00:00,103.82600,104.43500,103.65400,104.35700,6233
2007-06-14 00:00:00+00:00,104.34200,104.59100,104.04500,104.26300,3901
2007-06-15 00:00:00+00:00,104.27900,104.76300,104.10700,104.66900,3516
2007-06-17 00:00:00+00:00,104.65400,104.66900,104.56000,104.57500,38
2007-06-18 00:00:00+00:00,104.59100,104.87200,104.46600,104.82500,2426
2007-06-19 00:00:00+00:00,104.84100,105.35600,104.74700,105.29400,2788
2007-06-20 00:00:00+00:00,105.27800,105.43500,104.82500,104.90300,2939
2007-06-21 00:00:00+00:00,104.88700,105.07500,104.57500,104.62200,3041
2007-06-22 00:00:00+00:00,104.60600,105.05900,104.51200,105.02800,2513
2007-06-24 00:00:00+00:00,105.04300,105.16800,105.02800,105.13700,69
2007-06-25 00:00:00+00:00,105.12100,105.46500,105.02800,105.34000,2727
2007-06-26 00:00:00+00:00,105.32400,105.54300,105.18400,105.41800,2565
2007-06-27 00:00:00+00:00,105.43400,105.80900,105.32400,105.40200,2565
2007-06-28 00:00:00+00:00,105.38700,105.43300,105.15200,105.24600,2844
2007-06-29 00:00:00+00:00,105.23000,105.80800,105.18300,105.73000,3014
2007-07-01 00:00:00+00:00,105.69900,105.74500,105.68300,105.71400,18
2007-07-02 00:00:00+00:00,105.69900,106.02700,105.65200,105.94800,2179
2007-07-03 00:00:00+00:00,105.96400,106.04200,105.57300,105.65100,2094
2007-07-04 00:00:00+00:00,105.47900,105.51100,105.38600,105.49500,74
2007-07-05 00:00:00+00:00,105.51100,105.51100,104.88500,104.94800,2350
2007-07-06 00:00:00+00:00,104.93200,105.07300,104.55700,104.69800,2902
2007-07-08 00:00:00+00:00,104.66600,104.68200,104.61900,104.61900,20
2007-07-09 00:00:00+00:00,104.63500,104.96300,104.60400,104.93200,1631
2007-07-10 00:00:00+00:00,104.91600,105.79100,104.86900,105.76000,3949
2007-07-11 00:00:00+00:00,105.74400,106.02500,105.29100,105.33800,4188
2007-07-12 00:00:00+00:00,105.35300,105.65000,104.99400,105.04100,2754
2007-07-13 00:00:00+00:00,105.02500,105.38400,104.94700,105.19700,2585
2007-07-15 00:00:00+00:00,105.21200,105.22800,105.19700,105.22800,12
2007-07-16 00:00:00+00:00,105.24300,105.65000,105.18100,105.60300,2281
2007-07-17 00:00:00+00:00,105.58700,105.72800,105.21200,105.68100,3019
2007-07-18 00:00:00+00:00,105.69600,105.97800,105.39900,105.66500,3584
2007-07-19 00:00:00+00:00,105.64900,105.82100,105.43000,105.77400,2158
2007-07-20 00:00:00+00:00,105.75900,106.47700,105.69600,106.27400,3755
2007-07-22 00:00:00+00:00,106.32100,106.35200,106.30500,106.33600,16
2007-07-23 00:00:00+00:00,106.35200,106.43000,106.10200,106.25800,1793
2007-07-24 00:00:00+00:00,106.27400,106.58600,106.10200,106.55500,2442
2007-07-25 00:00:00+00:00,106.53900,106.69500,106.30500,106.53900,2757
2007-07-26 00:00:00+00:00,106.52300,107.63300,106.46100,107.47600,5334
2007-07-27 00:00:00+00:00,107.46100,107.85100,107.22600,107.58600,5146
2007-07-29 00:00:00+00:00,107.60100,107.67900,107.58500,107.67900,38
2007-07-30 00:00:00+00:00,107.66400,107.69500,107.11700,107.24200,2939
2007-07-31 00:00:00+00:00,107.25700,107.71000,106.82000,107.66300,3794
2007-08-01 00:00:00+00:00,107.67900,107.97600,107.22600,107.33500,4798
2007-08-02 00:00:00+00:00,107.31900,107.53800,107.13200,107.30400,2947
2007-08-03 00:00:00+00:00,107.31900,108.10000,107.28800,108.03800,3634
2007-08-05 00:00:00+00:00,108.05300,108.14700,108.03800,108.05300,68
2007-08-06 00:00:00+00:00,108.03800,108.14700,107.52200,107.63100,3254
2007-08-07 00:00:00+00:00,107.64700,107.94400,107.27200,107.38100,3558
2007-08-08 00:00:00+00:00,107.39700,107.39700,106.64600,106.74000,3452
2007-08-09 00:00:00+00:00,106.72500,107.72500,106.67800,107.58400,4918
2007-08-10 00:00:00+00:00,107.56800,107.95900,107.24000,107.30200,4594
2007-08-12 00:00:00+00:00,107.27100,107.38000,107.27100,107.38000,18
2007-08-13 00:00:00+00:00,107.36500,107.67700,107.09900,107.59900,2698
2007-08-14 00:00:00+00:00,107.58300,108.05200,107.22400,107.97400,3558
2007-08-15 00:00:00+00:00,107.98900,108.34900,107.77100,108.23900,4696
2007-08-16 00:00:00+00:00,108.22400,109.27100,108.16100,108.38000,6125
2007-08-17 00:00:00+00:00,108.36400,109.00500,108.13000,108.47300,5715
2007-08-19 00:00:00+00:00,108.50400,108.59800,108.47300,108.52000,34
2007-08-20 00:00:00+00:00,108.50400,108.97300,108.36400,108.89500,2679
2007-08-21 00:00:00+00:00,108.91000,109.30100,108.73900,109.03500,3346
2007-08-22 00:00:00+00:00,109.05100,109.08200,108.42600,108.42600,3214
2007-08-23 00:00:00+00:00,108.44100,108.89400,108.19100,108.61300,3536
2007-08-24 00:00:00+00:00,108.59800,108.92600,108.56600,108.69100,2661
2007-08-26 00:00:00+00:00,108.62800,108.64400,108.58200,108.59700,33
2007-08-27 00:00:00+00:00,108.61300,109.08100,108.44100,109.03400,1899
2007-08-28 00:00:00+00:00,109.01900,109.83100,108.95600,109.78400,3410
2007-08-29 00:00:00+00:00,109.80000,109.80000,109.22200,109.26900,2895
2007-08-30 00:00:00+00:00,109.25300,109.84700,109.25300,109.75000,2752
2007-08-31 00:00:00+00:00,109.73400,109.78100,109.15200,109.55900,2594
2007-09-03 00:00:00+00:00,109.50100,109.51600,109.40700,109.46900,62
2007-09-04 00:00:00+00:00,109.45400,109.76500,109.23200,109.40300,2575
2007-09-05 00:00:00+00:00,109.38700,110.15300,109.30800,110.08900,3402
2007-09-06 00:00:00+00:00,110.07400,110.16600,109.75700,109.80400,2530
2007-09-07 00:00:00+00:00,109.81900,110.97700,109.80200,110.83500,4063
2007-09-09 00:00:00+00:00,110.89100,110.95300,110.84300,110.84300,35
2007-09-10 00:00:00+00:00,110.85900,111.32700,110.74800,111.09100,2591
2007-09-11 00:00:00+00:00,111.10600,111.10600,110.68000,110.75800,2521
2007-09-12 00:00:00+00:00,110.74200,111.03800,110.41100,110.51900,3024
2007-09-13 00:00:00+00:00,110.50400,110.65900,109.87400,110.21800,3097
2007-09-14 00:00:00+00:00,110.23400,110.59200,109.90200,110.19900,3568
2007-09-16 00:00:00+00:00,110.17600,110.17600,110.08200,110.12900,23
2007-09-17 00:00:00+00:00,110.11300,110.33200,109.89200,110.11000,2324
2007-09-18 00:00:00+00:00,110.12600,110.42100,109.68400,110.13800,4374
2007-09-19 00:00:00+00:00,110.12200,110.18400,109.55600,109.83700,3852
2007-09-20 00:00:00+00:00,109.85200,109.85200,108.70500,108.79900,4595
2007-09-21 00:00:00+00:00,108.78300,109.28200,108.71900,109.26600,3285
2007-09-23 00:00:00+00:00,109.19600,109.22700,109.16400,109.16400,26
2007-09-24 00:00:00+00:00,109.18000,109.28700,108.91200,109.16100,2087
2007-09-25 00:00:00+00:00,109.17700,109.70700,109.17600,109.28300,3111
2007-09-26 00:00:00+00:00,109.26700,109.43800,108.99900,109.29500,2849
2007-09-27 00:00:00+00:00,109.27900,109.71500,109.09000,109.68300,3450
2007-09-28 00:00:00+00:00,109.66800,109.97900,109.41400,109.50800,2887
2007-09-30 00:00:00+00:00,109.50100,109.54700,109.50000,109.51600,26
2007-10-01 00:00:00+00:00,109.50000,109.84300,109.42000,109.66900,2808
2007-10-02 00:00:00+00:00,109.65400,110.07400,109.44900,109.91600,2785
2007-10-03 00:00:00+00:00,109.90100,110.11800,109.52200,109.61500,2788
2007-10-04 00:00:00+00:00,109.63100,109.97200,109.48800,109.95600,2112
2007-10-05 00:00:00+00:00,109.94100,109.95600,108.92000,109.07700,3552
2007-10-08 00:00:00+00:00,109.03400,109.05000,108.92400,108.97100,77
2007-10-09 00:00:00+00:00,108.98700,109.23500,108.79600,108.90500,2164
2007-10-10 00:00:00+00:00,108.88900,109.15300,108.70000,108.90200,1977
2007-10-11 00:00:00+00:00,108.91700,109.08700,108.54000,109.00800,2543
2007-10-12 00:00:00+00:00,108.99200,109.08500,108.61400,108.70700,2869
2007-10-14 00:00:00+00:00,108.63700,108.71600,108.62200,108.66900,32
2007-10-15 00:00:00+00:00,108.65300,108.88500,108.43200,108.71200,2045
2007-10-16 00:00:00+00:00,108.69600,109.14800,108.69600,108.99000,2645
2007-10-17 00:00:00+00:00,108.97500,109.91200,108.97500,109.77000,3497
2007-10-18 00:00:00+00:00,109.75400,110.17500,109.62800,110.14200,2856
2007-10-19 00:00:00+00:00,110.12600,110.98500,110.09500,110.84400,3186
2007-10-21 00:00:00+00:00,110.86700,111.05500,110.85200,111.05500,75
2007-10-22 00:00:00+00:00,111.04000,111.10200,110.42600,110.61300,3112
2007-10-23 00:00:00+00:00,110.62900,110.83000,110.39300,110.78200,2353
2007-10-24 00:00:00+00:00,110.76600,111.40500,110.70400,111.09100,3499
2007-10-25 00:00:00+00:00,111.07600,111.27900,110.83800,110.93100,3228
2007-10-26 00:00:00+00:00,110.94700,111.10100,110.61600,110.72500,3133
2007-10-28 00:00:00+00:00,110.78000,110.78000,110.71700,110.73300,22
2007-10-29 00:00:00+00:00,110.71700,110.96500,110.52800,110.83900,1587
2007-10-30 00:00:00+00:00,110.85500,110.90000,110.64900,110.83600,1916
2007-10-31 00:00:00+00:00,110.82000,110.85100,110.01800,110.03400,4279
2007-11-01 00:00:00+00:00,110.01800,111.17400,109.90700,110.98500,4557
2007-11-02 00:00:00+00:00,111.00100,111.60900,110.56100,111.26300,6057
2007-11-05 00:00:00+00:00,111.31900,111.61400,111.06500,111.15900,3161
2007-11-06 00:00:00+00:00,111.20500,111.35900,110.87500,110.90500,3002
2007-11-07 00:00:00+00:00,110.92000,111.44900,110.87300,111.44900,4037
2007-11-08 00:00:00+00:00,111.48000,111.86800,111.27500,111.71100,4247
2007-11-09 00:00:00+00:00,111.68000,112.17800,111.53800,112.13100,3033
2007-11-13 00:00:00+00:00,112.22900,112.29100,111.72500,111.74100,3176
2007-11-14 00:00:00+00:00,111.75600,111.86200,111.39400,111.86200,3268
2007-11-15 00:00:00+00:00,111.84600,112.65600,111.68900,112.64100,3458
2007-11-16 00:00:00+00:00,112.62500,112.74800,112.29400,112.43400,3691
2007-11-19 00:00:00+00:00,112.33200,113.42400,112.30100,113.18900,3373
2007-11-20 00:00:00+00:00,113.11100,113.43600,112.73300,112.98200,4230
2007-11-21 00:00:00+00:00,112.99800,113.84000,112.96600,113.57400,3211
2007-11-23 00:00:00+00:00,113.56900,113.72400,113.28600,113.61300,1471
2007-11-26 00:00:00+00:00,113.46500,115.05600,113.13500,114.83700,4714
2007-11-27 00:00:00+00:00,114.82100,114.82100,113.53600,113.97400,6882
2007-11-28 00:00:00+00:00,113.91100,114.09800,113.31300,113.42300,4212
2007-11-29 00:00:00+00:00,113.43800,114.38900,113.21900,114.15400,4048
2007-11-30 00:00:00+00:00,114.07800,114.23300,113.30400,114.08800,4232
2007-12-03 00:00:00+00:00,114.01200,114.84000,113.91800,114.80800,3744
2007-12-04 00:00:00+00:00,114.76100,114.99300,114.34700,114.56600,3884
2007-12-05 00:00:00+00:00,114.55000,114.78100,114.09100,114.24600,4887
2007-12-06 00:00:00+00:00,114.16700,114.35200,113.81600,113.97300,3806
2007-12-07 00:00:00+00:00,113.98800,114.11200,113.00900,113.22800,5382
2007-12-10 00:00:00+00:00,113.24700,113.59100,112.77100,112.88000,3616
2007-12-11 00:00:00+00:00,112.89500,114.52300,112.89500,114.33400,5238
2007-12-12 00:00:00+00:00,114.31800,114.33400,112.57100,113.44900,7447
2007-12-13 00:00:00+00:00,113.43200,113.77800,112.68900,112.72000,5379
2007-12-14 00:00:00+00:00,112.68800,112.93700,112.32300,112.49400,3834
2007-12-17 00:00:00+00:00,112.43400,113.24500,112.40300,113.16700,2465
2007-12-18 00:00:00+00:00,113.19800,113.60100,112.88000,113.39600,3504
2007-12-19 00:00:00+00:00,113.33300,114.25400,113.06200,114.04900,4012
2007-12-20 00:00:00+00:00,114.09600,114.39000,113.73200,113.93300,3057
2007-12-21 00:00:00+00:00,113.85400,113.93000,112.92200,112.96900,2550
2007-12-24 00:00:00+00:00,112.98800,112.98800,112.54500,112.62200,963
2007-12-26 00:00:00+00:00,112.72200,112.79900,112.01300,112.10700,1268
2007-12-27 00:00:00+00:00,112.07500,112.85600,112.07500,112.74400,1971
2007-12-28 00:00:00+00:00,112.76000,113.80700,112.72800,113.50700,2482
2007-12-31 00:00:00+00:00,113.51000,114.05500,113.46300,113.89800,1144
2008-01-02 00:00:00+00:00,113.92200,114.98400,113.54200,114.77900,3926
2008-01-03 00:00:00+00:00,114.79400,115.05800,114.39800,114.88300,3726
2008-01-04 00:00:00+00:00,114.89800,115.71000,114.72400,115.33100,4926
2008-01-07 00:00:00+00:00,115.30300,115.70500,115.12700,115.61100,3195
2008-01-08 00:00:00+00:00,115.59500,116.15400,115.13600,116.04400,3749
2008-01-09 00:00:00+00:00,116.07500,116.17900,115.56700,115.63000,3373
2008-01-10 00:00:00+00:00,115.64500,115.89200,115.18500,115.24700,4824
2008-01-11 00:00:00+00:00,115.26200,116.07200,115.22800,116.04100,4195
2008-01-14 00:00:00+00:00,115.93300,116.18100,115.74100,116.00600,2803
2008-01-15 00:00:00+00:00,115.99000,116.76800,115.89600,116.75200,4072
2008-01-16 00:00:00+00:00,116.78300,117.11100,116.18200,116.29100,5374
2008-01-17 00:00:00+00:00,116.25900,117.22600,116.13200,117.06900,4861
2008-01-18 00:00:00+00:00,116.73600,117.20500,116.62600,117.14200,2447
2008-01-22 00:00:00+00:00,117.62300,118.89100,117.43100,118.55800,10762
2008-01-23 00:00:00+00:00,118.57200,119.52500,117.09400,117.26600,10196
2008-01-24 00:00:00+00:00,117.28100,118.11000,116.36600,116.47600,8814
2008-01-25 00:00:00+00:00,116.52300,117.58300,116.09600,117.53500,7179
2008-01-27 00:00:00+00:00,117.49100,117.53800,117.47500,117.49100,31
2008-01-28 00:00:00+00:00,117.47500,117.83400,117.07900,117.15500,4327
2008-01-29 00:00:00+00:00,117.17100,117.46800,116.54000,116.66300,4144
2008-01-30 00:00:00+00:00,116.67900,117.23700,116.09400,117.12700,6565
2008-01-31 00:00:00+00:00,117.11100,117.64000,116.82700,117.19900,5884
2008-02-01 00:00:00+00:00,117.21500,117.88400,116.82000,117.38100,7086
2008-02-03 00:00:00+00:00,117.33700,117.33700,117.27400,117.29000,34
2008-02-04 00:00:00+00:00,117.27400,117.30300,116.87900,117.11100,2722
2008-02-05 00:00:00+00:00,117.09500,118.06300,116.98300,117.84100,5245
2008-02-06 00:00:00+00:00,117.82500,118.07400,117.42900,117.80300,3529
2008-02-07 00:00:00+00:00,117.81900,118.08100,116.20100,116.63800,6663
2008-02-08 00:00:00+00:00,116.65400,117.47800,116.55700,117.43100,4440
2008-02-10 00:00:00+00:00,117.37100,117.40200,117.30800,117.40200,25
2008-02-11 00:00:00+00:00,117.38600,117.88300,117.11700,117.63000,3590
2008-02-12 00:00:00+00:00,117.64600,117.69300,116.73400,117.37400,4827
2008-02-13 00:00:00+00:00,117.38900,117.49400,116.85300,116.97600,4237
2008-02-14 00:00:00+00:00,116.96000,117.19200,116.20300,116.59400,6201
2008-02-15 00:00:00+00:00,116.60900,116.95000,116.29400,116.68200,3836
2008-02-17 00:00:00+00:00,116.46500,116.62200,116.46500,116.57500,38
2008-02-18 00:00:00+00:00,116.59000,116.59000,116.07000,116.13000,656
2008-02-19 00:00:00+00:00,116.14600,116.47200,115.51400,115.65500,5070
2008-02-20 00:00:00+00:00,115.67000,116.08900,115.29100,115.66400,6932
2008-02-21 00:00:00+00:00,115.68000,116.91000,115.41200,116.64400,6377
2008-02-22 00:00:00+00:00,116.65900,117.14100,116.40300,116.59100,4728
2008-02-24 00:00:00+00:00,116.51500,116.56200,116.46800,116.51500,45
2008-02-25 00:00:00+00:00,116.49900,116.51500,115.60200,115.75800,4398
2008-02-26 00:00:00+00:00,115.74200,116.25300,115.45700,116.11100,4382
2008-02-27 00:00:00+00:00,116.12700,116.95300,115.82500,116.23000,5274
2008-02-28 00:00:00+00:00,116.24600,117.73700,116.24600,117.67400,4199
2008-02-29 00:00:00+00:00,117.70500,118.73700,117.57500,118.72100,4579
2008-03-02 00:00:00+00:00,118.65000,118.71300,118.53900,118.55500,60
2008-03-03 00:00:00+00:00,118.57100,118.69600,118.04100,118.27400,4237
2008-03-04 00:00:00+00:00,118.25900,118.81800,117.82200,118.01000,5281
2008-03-05 00:00:00+00:00,117.99400,118.46200,117.40200,117.68300,6298
2008-03-06 00:00:00+00:00,117.69800,118.39700,117.53300,118.36600,6059
2008-03-07 00:00:00+00:00,118.38100,119.13300,117.94700,118.84400,8830
2008-03-09 00:00:00+00:00,118.80500,118.91400,118.72600,118.85100,93
2008-03-10 00:00:00+00:00,118.83500,119.58500,118.66100,119.39200,5604
2008-03-11 00:00:00+00:00,119.37600,119.37600,117.81900,117.99100,8118
2008-03-12 00:00:00+00:00,118.00700,119.46500,117.87600,119.22600,5482
2008-03-13 00:00:00+00:00,119.21000,119.86700,118.71200,119.02500,7064
2008-03-14 00:00:00+00:00,119.00900,120.53200,118.88200,120.07100,10539
2008-03-16 00:00:00+00:00,120.18900,120.40900,119.85700,120.39300,428
2008-03-17 00:00:00+00:00,120.37700,121.16500,120.27600,120.91700,7468
2008-03-18 00:00:00+00:00,120.93300,120.93300,119.77100,119.80200,7324
2008-03-19 00:00:00+00:00,119.78600,120.97200,119.75300,120.94100,6699
2008-03-20 00:00:00+00:00,120.92500,121.06000,120.50700,120.74100,3900
2008-03-23 00:00:00+00:00,120.61000,120.61000,120.51400,120.54600,57
2008-03-24 00:00:00+00:00,120.53000,120.53000,118.85000,119.10000,3848
2008-03-25 00:00:00+00:00,119.11500,119.70700,119.08400,119.37200,4249
2008-03-26 00:00:00+00:00,119.35600,119.97500,119.32100,119.84800,4152
2008-03-27 00:00:00+00:00,119.83200,119.95100,119.07000,119.36400,5353
2008-03-28 00:00:00+00:00,119.37900,119.92100,119.02700,119.81000,3330
2008-03-30 00:00:00+00:00,119.81700,119.84800,119.69100,119.75300,49
2008-03-31 00:00:00+00:00,119.76900,120.29800,119.62700,119.86700,3954
2008-04-01 00:00:00+00:00,119.88300,120.03800,118.31700,118.51700,6134
2008-04-02 00:00:00+00:00,118.50100,118.78300,118.03700,118.37900,4797
2008-04-03 00:00:00+00:00,118.39500,118.89200,118.12400,118.35200,4111
2008-04-04 00:00:00+00:00,118.33600,119.43100,118.18800,119.28600,5846
2008-04-06 00:00:00+00:00,119.24600,119.24600,119.10300,119.11900,39
2008-04-07 00:00:00+00:00,119.13500,119.13500,117.86700,118.41500,4096
2008-04-08 00:00:00+00:00,118.39900,118.80200,118.02600,118.12000,3227
2008-04-09 00:00:00+00:00,118.10400,119.27600,118.08800,118.91100,4418
2008-04-10 00:00:00+00:00,118.89500,119.26700,118.14600,118.34800,4391
2008-04-11 00:00:00+00:00,118.33200,119.25400,118.14100,118.99800,4398
2008-04-13 00:00:00+00:00,119.06800,119.16200,119.06800,119.13100,51
2008-04-14 00:00:00+00:00,119.11500,119.43900,118.55500,118.67800,4017
2008-04-15 00:00:00+00:00,118.66300,119.00400,117.89600,117.91200,4859
2008-04-16 00:00:00+00:00,117.92800,118.22100,117.19500,117.41300,5679
2008-04-17 00:00:00+00:00,117.39700,117.53200,116.80700,117.13400,5251
2008-04-18 00:00:00+00:00,117.14900,117.28900,115.96300,117.01300,5316
2008-04-20 00:00:00+00:00,116.91100,116.92700,116.75300,116.76900,69
2008-04-21 00:00:00+00:00,116.78400,117.18800,116.59200,117.07100,4056
2008-04-22 00:00:00+00:00,117.08700,117.22000,116.62600,116.95000,4470
2008-04-23 00:00:00+00:00,116.96600,117.16400,116.48600,116.79700,4021
2008-04-24 00:00:00+00:00,116.78100,116.88600,115.67300,115.92100,7173
2008-04-25 00:00:00+00:00,115.95200,116.07100,115.25700,115.61200,4852
2008-04-27 00:00:00+00:00,115.55700,115.66700,115.51000,115.60400,62
2008-04-28 00:00:00+00:00,115.61900,116.06500,115.44100,115.92200,2738
2008-04-29 00:00:00+00:00,115.93800,116.38600,115.84200,116.00500,3925
2008-04-30 00:00:00+00:00,115.98900,116.60700,115.50900,116.52700,5306
2008-05-01 00:00:00+00:00,116.54300,116.92900,116.07900,116.20200,4579
2008-05-02 00:00:00+00:00,116.21700,116.66700,115.18900,115.37500,6767
2008-05-04 00:00:00+00:00,115.44600,115.46100,115.31900,115.35100,49
2008-05-05 00:00:00+00:00,115.36600,117.45100,115.18700,115.48100,3981
2008-05-06 00:00:00+00:00,115.49600,115.97600,115.11000,115.20200,3934
2008-05-07 00:00:00+00:00,115.21800,116.27400,114.94500,115.72400,4310
2008-05-08 00:00:00+00:00,115.70900,116.73300,115.59300,116.59100,5420
2008-05-09 00:00:00+00:00,116.57600,116.88400,116.33300,116.51900,3716
2008-05-11 00:00:00+00:00,116.55700,116.65100,116.55700,116.60400,34
2008-05-12 00:00:00+00:00,116.58800,116.78500,116.22200,116.31000,3410
2008-05-13 00:00:00+00:00,116.32600,116.63400,115.24800,115.26300,6093
2008-05-14 00:00:00+00:00,115.27900,115.63300,114.72400,115.12600,5780
2008-05-15 00:00:00+00:00,115.14200,115.87000,114.79200,115.77400,4664
2008-05-16 00:00:00+00:00,115.78900,116.19000,115.21900,115.63800,5226
2008-05-18 00:00:00+00:00,115.58300,115.61400,115.50400,115.52000,29
2008-05-19 00:00:00+00:00,115.50400,115.95400,115.32400,115.77500,3590
2008-05-20 00:00:00+00:00,115.79000,116.35900,115.54900,116.35900,5333
2008-05-21 00:00:00+00:00,116.37400,116.40400,115.77000,116.09600,4661
2008-05-22 00:00:00+00:00,116.08100,116.14300,114.80300,115.08200,5885
2008-05-23 00:00:00+00:00,115.09800,115.87300,114.79700,115.74600,4261
2008-05-25 00:00:00+00:00,115.75300,115.83100,115.73700,115.73700,41
2008-05-26 00:00:00+00:00,115.75300,115.78200,115.55600,115.61600,308
2008-05-27 00:00:00+00:00,115.60000,115.64300,114.91700,114.97800,4083
2008-05-28 00:00:00+00:00,114.96200,115.24100,114.17000,114.35600,4827
2008-05-29 00:00:00+00:00,114.34000,114.41800,113.36100,113.84500,5257
2008-05-30 00:00:00+00:00,113.86100,114.21700,113.73400,113.83300,3826
2008-06-01 00:00:00+00:00,113.80400,113.91400,113.77200,113.89800,66
2008-06-02 00:00:00+00:00,113.88200,114.99700,113.75500,114.80200,5249
2008-06-03 00:00:00+00:00,114.78700,115.80500,114.38200,115.64300,7159
2008-06-04 00:00:00+00:00,115.65900,115.98400,115.03000,115.21800,6989
2008-06-05 00:00:00+00:00,115.20200,115.35300,114.46200,114.61800,6034
2008-06-06 00:00:00+00:00,114.63400,115.74700,114.02500,115.63400,7362
2008-06-08 00:00:00+00:00,115.66800,115.70000,115.60400,115.60400,41
2008-06-09 00:00:00+00:00,115.58800,115.90000,114.36000,114.59300,7700
2008-06-10 00:00:00+00:00,114.60900,114.67200,113.45600,113.47200,6893
2008-06-11 00:00:00+00:00,113.45600,114.50700,113.39000,113.96400,6686
2008-06-12 00:00:00+00:00,113.94800,114.07400,112.60800,112.74800,6491
2008-06-13 00:00:00+00:00,112.73200,113.29300,112.36200,112.53000,6966
2008-06-16 00:00:00+00:00,112.61100,112.99900,112.45700,112.53500,4609
2008-06-17 00:00:00+00:00,112.51900,113.30200,112.50300,113.21600,5716
2008-06-18 00:00:00+00:00,113.20000,113.88500,112.92600,113.74000,4778
2008-06-19 00:00:00+00:00,113.72400,114.05100,112.98600,113.18800,5988
2008-06-20 00:00:00+00:00,113.20400,113.92300,113.15300,113.49200,4773
2008-06-22 00:00:00+00:00,113.44800,113.49500,113.38400,113.44700,73
2008-06-23 00:00:00+00:00,113.46300,113.84900,113.34100,113.48000,3416
2008-06-24 00:00:00+00:00,113.49600,114.33800,113.31800,114.20900,4535
2008-06-25 00:00:00+00:00,114.19300,114.24000,113.26600,114.14700,6021
2008-06-26 00:00:00+00:00,114.16300,115.00500,113.84200,114.95400,5842
2008-06-27 00:00:00+00:00,114.97000,115.38600,114.69500,115.14700,5595
2008-06-29 00:00:00+00:00,115.05500,115.18000,115.03900,115.14900,50
2008-06-30 00:00:00+00:00,115.13300,115.31900,114.71600,115.05600,4965
2008-07-01 00:00:00+00:00,115.02400,115.72600,114.83200,114.94700,7945
2008-07-02 00:00:00+00:00,114.96300,115.37900,114.64100,115.28000,5681
2008-07-03 00:00:00+00:00,115.29600,115.66700,114.97200,115.43900,6504
2008-07-04 00:00:00+00:00,115.45500,116.04500,115.34000,115.65000,466
2008-07-06 00:00:00+00:00,115.66600,115.82300,115.65000,115.80700,68
2008-07-07 00:00:00+00:00,115.82300,116.50600,115.21400,116.06100,6844
2008-07-08 00:00:00+00:00,116.04500,116.41200,115.80100,116.10900,5264
2008-07-09 00:00:00+00:00,116.12500,116.79100,115.86500,116.69400,4338
2008-07-10 00:00:00+00:00,116.71000,116.89100,116.32400,116.68000,5618
2008-07-11 00:00:00+00:00,116.69600,116.78300,115.18700,115.31200,8305
2008-07-13 00:00:00+00:00,115.10900,115.14100,114.73100,114.87200,371
2008-07-14 00:00:00+00:00,114.85700,116.34400,114.73900,115.92900,7879
2008-07-15 00:00:00+00:00,115.91400,117.00800,115.89800,116.43500,7486
2008-07-16 00:00:00+00:00,116.41900,116.69600,115.55700,115.69600,6069
2008-07-17 00:00:00+00:00,115.71200,115.91400,114.63000,115.14700,5758
2008-07-18 00:00:00+00:00,115.16200,115.34700,114.31600,114.45700,6180
2008-07-20 00:00:00+00:00,114.44400,114.44400,114.17600,114.23800,59
2008-07-21 00:00:00+00:00,114.25400,114.90300,114.16700,114.83800,4170
2008-07-22 00:00:00+00:00,114.82300,115.11500,114.06900,114.13200,5180
2008-07-23 00:00:00+00:00,114.14700,114.24100,113.65100,113.94500,5007
2008-07-24 00:00:00+00:00,113.96000,115.11100,113.92900,115.09500,6028
2008-07-25 00:00:00+00:00,115.07900,115.29400,114.15600,114.26500,6117
2008-07-27 00:00:00+00:00,114.17300,114.22000,114.14100,114.18800,48
2008-07-28 00:00:00+00:00,114.17200,115.21600,114.17200,115.03800,4737
2008-07-29 00:00:00+00:00,115.02300,115.20500,114.41500,114.85100,5231
2008-07-30 00:00:00+00:00,114.86700,115.12400,114.21500,114.90000,5845
2008-07-31 00:00:00+00:00,114.91600,115.84800,114.67600,115.75100,6440
2008-08-01 00:00:00+00:00,115.71900,115.99500,115.27100,115.84800,6115
2008-08-03 00:00:00+00:00,115.75600,115.83500,115.72400,115.83400,76
2008-08-04 00:00:00+00:00,115.85000,115.96700,115.43300,115.50600,4269
2008-08-05 00:00:00+00:00,115.52100,115.65900,115.14800,115.24000,4720
2008-08-06 00:00:00+00:00,115.25600,115.53200,114.68000,115.14700,5084
2008-08-07 00:00:00+00:00,115.13100,116.36100,115.13100,116.28000,6284
2008-08-08 00:00:00+00:00,116.29500,116.38300,115.86000,116.06300,4173
2008-08-10 00:00:00+00:00,116.01800,116.04900,115.95500,116.03300,36
2008-08-11 00:00:00+00:00,116.04800,116.18900,115.08000,115.46900,4238
2008-08-12 00:00:00+00:00,115.48500,116.36700,115.46700,116.31800,4370
2008-08-13 00:00:00+00:00,116.30300,116.54600,115.77400,116.03700,4313
2008-08-14 00:00:00+00:00,116.05300,116.46600,115.70000,116.32100,3947
2008-08-15 00:00:00+00:00,116.30500,116.95500,116.15900,116.68500,3425
2008-08-17 00:00:00+00:00,116.67100,116.76500,116.62400,116.65500,44
2008-08-18 00:00:00+00:00,116.63900,116.94200,116.47400,116.89100,2998
2008-08-19 00:00:00+00:00,116.90700,117.11900,116.58400,116.78300,4089
2008-08-20 00:00:00+00:00,116.76700,117.27400,116.52800,117.06700,3722
2008-08-21 00:00:00+00:00,117.08200,117.28200,116.54100,116.81700,4511
2008-08-22 00:00:00+00:00,116.80100,116.87900,116.16500,116.39700,4030
2008-08-24 00:00:00+00:00,116.39900,116.52300,116.32000,116.49200,57
2008-08-25 00:00:00+00:00,116.50800,117.40700,116.38200,117.19900,4515
2008-08-26 00:00:00+00:00,117.18300,117.36600,116.86100,117.20000,3117
2008-08-27 00:00:00+00:00,117.21500,117.43900,116.62800,117.37300,4829
2008-08-28 00:00:00+00:00,117.35800,117.35800,116.83100,116.85800,2930
2008-08-29 00:00:00+00:00,116.87400,117.07400,116.17300,116.53400,4172
2008-08-31 00:00:00+00:00,116.60800,116.73400,116.56100,116.70200,59
2008-09-01 00:00:00+00:00,116.71800,116.85700,116.58200,116.59700,468
2008-09-02 00:00:00+00:00,116.58200,117.41000,116.07300,117.25000,6305
2008-09-03 00:00:00+00:00,117.23400,117.74700,117.13900,117.55600,4584
2008-09-04 00:00:00+00:00,117.54000,118.30300,117.36300,118.27100,4216
2008-09-05 00:00:00+00:00,118.25500,118.83300,117.22200,117.26900,6904
2008-09-07 00:00:00+00:00,116.82300,116.83800,115.78200,116.03400,945
2008-09-08 00:00:00+00:00,116.01800,117.60200,115.81100,117.39500,8684
2008-09-09 00:00:00+00:00,117.41100,118.19000,116.87100,118.09500,6486
2008-09-10 00:00:00+00:00,118.07900,118.20000,117.17500,117.64400,7533
2008-09-11 00:00:00+00:00,117.62800,118.34700,117.35000,117.50700,6815
2008-09-12 00:00:00+00:00,117.49200,117.88100,116.77600,117.01000,7566
2008-09-14 00:00:00+00:00,118.29800,118.72300,117.85600,118.25000,1291
2008-09-15 00:00:00+00:00,118.23400,119.70600,118.17100,119.61000,10542
2008-09-16 00:00:00+00:00,119.59500,120.34600,118.16800,118.37100,15133
2008-09-17 00:00:00+00:00,118.35600,120.03500,118.04000,119.55900,12977
2008-09-18 00:00:00+00:00,119.57400,119.94500,118.16200,118.25700,14639
2008-09-19 00:00:00+00:00,118.24100,118.38300,116.04300,116.13800,12920
2008-09-21 00:00:00+00:00,116.18000,116.52700,115.94400,116.30600,617
2008-09-22 00:00:00+00:00,116.32200,116.54100,115.40200,115.91800,6322
2008-09-23 00:00:00+00:00,115.93400,116.37000,115.45200,115.59300,7176
2008-09-24 00:00:00+00:00,115.57800,116.53200,115.57800,115.82000,6336
2008-09-25 00:00:00+00:00,115.83500,116.02100,114.86800,115.49500,7309
2008-09-26 00:00:00+00:00,115.51100,115.93100,115.31300,115.36100,5563
2008-09-28 00:00:00+00:00,115.32500,115.38700,115.10400,115.32400,323
2008-09-29 00:00:00+00:00,115.34000,118.84200,115.26100,117.42300,13136
2008-09-30 00:00:00+00:00,117.40700,117.65000,115.24400,115.57200,7766
2008-10-01 00:00:00+00:00,115.55600,116.79400,115.46200,115.70400,7612
2008-10-02 00:00:00+00:00,115.72000,116.54500,115.64100,116.52800,6548
2008-10-03 00:00:00+00:00,116.54400,117.23100,115.51400,116.94400,10813
2008-10-05 00:00:00+00:00,117.20700,117.75700,117.14400,117.63100,329
2008-10-06 00:00:00+00:00,117.61500,118.81800,117.26400,118.15600,9650
2008-10-07 00:00:00+00:00,118.17100,118.33900,117.30100,118.09800,10546
2008-10-08 00:00:00+00:00,118.11400,118.81900,114.97800,116.07600,18854
2008-10-09 00:00:00+00:00,116.09100,116.12200,114.21300,115.12300,11708
2008-10-10 00:00:00+00:00,115.13800,115.65700,113.34000,114.02900,12107
2008-10-12 00:00:00+00:00,113.82100,113.82100,113.31700,113.41100,329
2008-10-13 00:00:00+00:00,113.39600,113.69200,112.66300,112.66300,2537
2008-10-14 00:00:00+00:00,112.67900,113.50700,112.21500,112.51200,7120
2008-10-15 00:00:00+00:00,112.52800,113.17900,112.14500,113.13100,6999
2008-10-16 00:00:00+00:00,113.14700,113.42300,112.02600,112.79200,7783
2008-10-17 00:00:00+00:00,112.80700,113.52500,112.09300,112.68900,6778
2008-10-19 00:00:00+00:00,112.68500,112.71600,112.40200,112.43300,105
2008-10-20 00:00:00+00:00,112.41700,113.91700,112.19500,113.82200,5941
2008-10-21 00:00:00+00:00,113.80600,115.15000,113.63300,114.89600,6790
2008-10-22 00:00:00+00:00,114.88000,115.94000,114.78000,115.68700,6656
2008-10-23 00:00:00+00:00,115.67100,116.55900,115.27600,115.59900,8762
2008-10-24 00:00:00+00:00,115.61400,117.08600,115.44900,115.90400,10416
2008-10-26 00:00:00+00:00,115.90000,115.94700,115.75800,115.80500,94
2008-10-27 00:00:00+00:00,115.78900,116.50800,115.27900,115.87400,7560
2008-10-28 00:00:00+00:00,115.88900,115.99300,114.62600,114.93800,7760
2008-10-29 00:00:00+00:00,114.92200,115.69900,114.38000,114.80200,7885
2008-10-30 00:00:00+00:00,114.78700,114.78700,113.83900,114.10200,6790
2008-10-31 00:00:00+00:00,114.11800,115.19500,113.52900,113.60700,8125
2008-11-02 00:00:00+00:00,113.58700,113.61800,113.54000,113.60200,27
2008-11-03 00:00:00+00:00,113.61800,114.37800,113.33400,114.20500,4677
2008-11-04 00:00:00+00:00,114.22000,115.90600,113.83900,115.84200,5773
2008-11-05 00:00:00+00:00,115.85800,116.21200,115.17800,115.86400,7004
2008-11-06 00:00:00+00:00,115.87900,116.42400,115.18300,116.05800,6898
2008-11-07 00:00:00+00:00,116.07400,116.39700,115.25200,115.29600,7657
2008-11-09 00:00:00+00:00,115.19700,115.19700,114.85200,114.94600,112
2008-11-10 00:00:00+00:00,114.93100,116.14700,114.80500,115.98700,4668
2008-11-11 00:00:00+00:00,116.00300,116.56100,115.93200,116.16600,2614
2008-11-12 00:00:00+00:00,116.18100,117.28600,115.99200,117.15900,5939
2008-11-13 00:00:00+00:00,117.14300,117.70000,116.30400,116.58500,8399
2008-11-14 00:00:00+00:00,116.56900,117.87900,116.52200,117.53200,7838
2008-11-16 00:00:00+00:00,117.74700,117.76200,117.59000,117.65200,76
2008-11-17 00:00:00+00:00,117.66800,118.03600,117.30400,117.97200,4997
2008-11-18 00:00:00+00:00,117.95500,118.98200,117.90700,118.82300,5739
2008-11-19 00:00:00+00:00,118.83900,119.94200,118.80700,119.83200,7893
2008-11-20 00:00:00+00:00,119.84700,122.12600,119.64300,121.73300,14083
2008-11-21 00:00:00+00:00,121.71700,121.73300,120.22300,120.39200,11082
2008-11-23 00:00:00+00:00,120.34000,120.34000,120.18300,120.32400,114
2008-11-24 00:00:00+00:00,120.33900,120.66500,119.51600,119.79700,5504
2008-11-25 00:00:00+00:00,119.78100,122.02800,119.70300,121.40000,7581
2008-11-26 00:00:00+00:00,121.41500,123.02300,121.22700,122.26400,5582
2008-11-27 00:00:00+00:00,122.31200,122.34400,121.82800,122.26300,507
2008-11-28 00:00:00+00:00,122.24700,123.15500,122.24700,122.88400,2138
2008-11-30 00:00:00+00:00,122.82900,122.92400,122.73400,122.81300,58
2008-12-01 00:00:00+00:00,122.79700,125.25900,122.74800,124.66800,7507
2008-12-02 00:00:00+00:00,124.65200,125.06600,123.94300,124.71300,5634
2008-12-03 00:00:00+00:00,124.69800,125.68200,124.19600,125.55200,6544
2008-12-04 00:00:00+00:00,125.53600,126.50500,125.19100,126.21600,7259
2008-12-05 00:00:00+00:00,126.23200,126.55500,124.50200,124.70800,10613
2008-12-07 00:00:00+00:00,124.68700,124.86100,124.67100,124.79800,40
2008-12-08 00:00:00+00:00,124.78200,125.11900,123.71000,124.60500,7065
2008-12-09 00:00:00+00:00,124.58900,125.52600,124.10500,125.23700,6147
2008-12-10 00:00:00+00:00,125.22100,125.22100,123.86300,124.49000,7857
2008-12-11 00:00:00+00:00,124.50500,126.13600,124.28200,126.05700,9633
2008-12-12 00:00:00+00:00,126.04100,127.22600,124.53900,126.26200,12868
2008-12-14 00:00:00+00:00,126.05000,126.08100,125.79600,125.84300,65
2008-12-15 00:00:00+00:00,125.82700,126.97000,125.76400,126.69600,6470
2008-12-16 00:00:00+00:00,126.71200,128.89700,126.38200,128.65800,8689
2008-12-17 00:00:00+00:00,128.67400,130.15000,128.43600,129.28800,8424
2008-12-18 00:00:00+00:00,129.30400,130.43200,129.02700,129.65000,6627
2008-12-19 00:00:00+00:00,129.61800,129.94400,128.47900,128.63500,7367
2008-12-21 00:00:00+00:00,128.50200,128.59600,128.40700,128.59600,38
2008-12-22 00:00:00+00:00,128.61200,129.09300,128.26300,128.38800,3681
2008-12-23 00:00:00+00:00,128.40300,128.87900,128.17100,128.68600,3231
2008-12-24 00:00:00+00:00,128.70100,128.94500,127.26400,128.16500,1964
2008-12-26 00:00:00+00:00,128.19700,128.93300,128.19700,128.77400,903
2008-12-28 00:00:00+00:00,128.75100,128.83000,128.64000,128.67100,32
2008-12-29 00:00:00+00:00,128.70300,129.82700,128.66600,129.33200,4118
2008-12-30 00:00:00+00:00,129.31700,129.48500,128.37300,129.12400,4233
2008-12-31 00:00:00+00:00,129.07700,129.17100,126.96100,127.36900,3388
2009-01-02 00:00:00+00:00,127.75100,128.19000,125.64200,126.11500,5796
2009-01-04 00:00:00+00:00,125.85600,126.06100,125.82400,125.91900,105
2009-01-05 00:00:00+00:00,125.95000,126.12900,124.96100,125.66400,7931
2009-01-06 00:00:00+00:00,125.64800,126.23100,124.59400,126.04000,8653
2009-01-07 00:00:00+00:00,126.02400,126.18600,125.31600,125.75400,5380
2009-01-08 00:00:00+00:00,125.76900,126.98700,125.55700,126.44600,6946
2009-01-09 00:00:00+00:00,126.43000,127.63100,126.15100,126.96600,8210
2009-01-11 00:00:00+00:00,126.86500,127.00600,126.86500,126.97500,24
2009-01-12 00:00:00+00:00,126.95900,127.59000,126.33300,127.49300,5015
2009-01-13 00:00:00+00:00,127.47700,127.57100,126.96000,127.39500,5114
2009-01-14 00:00:00+00:00,127.41100,128.69100,127.01000,128.35500,6814
2009-01-15 00:00:00+00:00,128.33900,128.70900,127.90200,127.97300,6777
2009-01-16 00:00:00+00:00,127.95800,128.03900,126.55900,127.24700,9177
2009-01-18 00:00:00+00:00,126.94100,127.00400,126.83000,126.97200,93
2009-01-19 00:00:00+00:00,126.95600,127.01900,125.59000,126.27600,2320
2009-01-20 00:00:00+00:00,126.26000,127.50500,125.68200,126.91900,10305
2009-01-21 00:00:00+00:00,126.93500,127.02900,125.57800,125.60900,8460
2009-01-22 00:00:00+00:00,125.62500,126.10300,124.73000,125.10200,9120
2009-01-23 00:00:00+00:00,125.11800,125.78600,124.33300,124.77100,8495
2009-01-25 00:00:00+00:00,124.85900,124.96900,124.81200,124.96900,60
2009-01-26 00:00:00+00:00,124.98500,125.07500,124.12000,124.49500,6949
2009-01-27 00:00:00+00:00,124.47900,125.69200,124.28400,125.40500,6340
2009-01-28 00:00:00+00:00,125.39000,125.86600,124.49300,124.64700,9952
2009-01-29 00:00:00+00:00,124.66300,124.95500,123.23000,123.44900,8207
2009-01-30 00:00:00+00:00,123.46500,124.46100,123.43300,123.54300,8430
2009-02-01 00:00:00+00:00,123.49000,123.67900,123.44300,123.53700,46
2009-02-02 00:00:00+00:00,123.60000,124.74900,123.49000,124.49400,6111
2009-02-03 00:00:00+00:00,124.47800,124.51000,122.90500,123.15500,7093
2009-02-04 00:00:00+00:00,123.17100,123.33400,122.31000,122.85400,7429
2009-02-05 00:00:00+00:00,122.87000,123.51900,122.63600,123.02500,6116
2009-02-06 00:00:00+00:00,123.04100,123.33200,122.31900,122.47400,6659
2009-02-08 00:00:00+00:00,122.51600,122.62600,122.51600,122.61000,51
2009-02-09 00:00:00+00:00,122.59400,122.73100,121.98400,122.38800,4581
2009-02-10 00:00:00+00:00,122.40400,124.11400,122.37200,124.11400,8421
2009-02-11 00:00:00+00:00,124.09800,124.60200,123.74600,124.42600,5940
2009-02-12 00:00:00+00:00,124.41000,124.98000,124.17700,124.43900,7231
2009-02-13 00:00:00+00:00,124.45500,124.48600,123.15300,123.49700,6958
2009-02-15 00:00:00+00:00,123.60100,123.67900,123.55400,123.64700,62
2009-02-16 00:00:00+00:00,123.66300,124.09000,123.20400,123.91200,1520
2009-02-17 00:00:00+00:00,123.89600,125.27500,123.73900,125.19700,7172
2009-02-18 00:00:00+00:00,125.18100,125.32900,123.78400,123.93900,9002
2009-02-19 00:00:00+00:00,123.92300,124.17300,122.76700,123.23100,9627
2009-02-20 00:00:00+00:00,123.24600,124.66000,123.16800,123.65300,8855
2009-02-22 00:00:00+00:00,123.55400,123.82000,123.52200,123.77300,98
2009-02-23 00:00:00+00:00,123.75700,123.86700,122.80600,123.73900,7011
2009-02-24 00:00:00+00:00,123.75500,124.23000,123.14400,123.23500,7230
2009-02-25 00:00:00+00:00,123.22000,123.47700,121.95100,122.16700,6940
2009-02-26 00:00:00+00:00,122.18300,122.44300,121.46800,121.68800,6612
2009-02-27 00:00:00+00:00,121.65700,122.48800,121.39200,121.99100,7437
2009-03-01 00:00:00+00:00,121.89700,122.19800,121.88100,122.08700,87
2009-03-02 00:00:00+00:00,122.07100,123.38900,122.05500,123.25900,6983
2009-03-03 00:00:00+00:00,123.27500,123.35900,122.50200,122.88000,6899
2009-03-04 00:00:00+00:00,122.86400,122.89600,121.63300,122.07300,6737
2009-03-05 00:00:00+00:00,122.08900,123.76900,121.84500,123.53000,8700
2009-03-06 00:00:00+00:00,123.51400,124.07900,123.03000,123.12000,9774
2009-03-08 00:00:00+00:00,123.13700,123.16800,123.02600,123.13600,108
2009-03-09 00:00:00+00:00,123.15200,123.49100,122.58800,123.20000,7114
2009-03-10 00:00:00+00:00,123.21600,123.21600,122.15700,122.21900,6703
2009-03-11 00:00:00+00:00,122.23500,123.15700,121.89200,122.94800,7272
2009-03-12 00:00:00+00:00,122.93200,123.91800,122.83700,123.54900,8345
2009-03-13 00:00:00+00:00,123.53400,123.88700,122.59200,123.48900,8062
2009-03-15 00:00:00+00:00,123.56800,123.72500,123.53600,123.63000,150
2009-03-16 00:00:00+00:00,123.61400,123.64600,122.68900,122.96600,5657
2009-03-17 00:00:00+00:00,122.98200,123.29000,122.16200,122.36600,6719
2009-03-18 00:00:00+00:00,122.38200,127.58700,122.26400,126.42900,18473
2009-03-19 00:00:00+00:00,126.41300,126.94200,125.86300,126.14500,10790
2009-03-20 00:00:00+00:00,126.12900,126.39200,125.78500,125.98900,5144
2009-03-22 00:00:00+00:00,125.87800,125.94100,125.79800,125.87700,86
2009-03-23 00:00:00+00:00,125.86100,126.21500,125.43500,125.65600,4780
2009-03-24 00:00:00+00:00,125.64000,125.70300,124.79100,125.21400,8137
2009-03-25 00:00:00+00:00,125.19800,125.35500,124.12800,124.44000,7807
2009-03-26 00:00:00+00:00,124.45600,125.09100,124.05300,124.83500,5954
2009-03-27 00:00:00+00:00,124.85100,125.24000,124.41300,124.64800,4730
2009-03-29 00:00:00+00:00,124.72700,124.82100,124.58400,124.77300,79
2009-03-30 00:00:00+00:00,124.78900,125.43100,124.69400,125.01000,5746
2009-03-31 00:00:00+00:00,124.99400,125.45400,124.73600,125.27900,4350
2009-04-01 00:00:00+00:00,125.32600,125.64900,125.12700,125.40500,4867
2009-04-02 00:00:00+00:00,125.43700,125.77900,124.35400,124.47500,6563
2009-04-03 00:00:00+00:00,124.49000,124.59900,123.12100,123.34100,8361
2009-04-05 00:00:00+00:00,123.27800,123.27800,123.07200,123.23000,109
2009-04-06 00:00:00+00:00,123.26100,123.56800,122.93900,123.18300,4598
2009-04-07 00:00:00+00:00,123.16700,123.53900,123.12400,123.27800,4135
2009-04-08 00:00:00+00:00,123.29400,123.92800,123.24600,123.65700,4949
2009-04-09 00:00:00+00:00,123.64100,123.83500,123.00100,123.32900,4726
2009-04-12 00:00:00+00:00,123.21800,123.37500,123.21800,123.35900,53
2009-04-13 00:00:00+00:00,123.37500,124.31100,123.25700,124.06900,3814
2009-04-14 00:00:00+00:00,124.05300,124.73400,123.88700,124.54200,5001
2009-04-15 00:00:00+00:00,124.52600,124.86800,124.26300,124.73100,5004
2009-04-16 00:00:00+00:00,124.71500,124.76200,124.01000,124.13300,4349
2009-04-17 00:00:00+00:00,124.11700,124.28400,123.01900,123.12700,5059
2009-04-19 00:00:00+00:00,123.14300,123.22100,123.08000,123.20500,45
2009-04-20 00:00:00+00:00,123.22100,124.12300,123.18500,124.04000,4952
2009-04-21 00:00:00+00:00,124.02400,124.37800,123.20900,123.37900,6275
2009-04-22 00:00:00+00:00,123.36300,123.51700,122.72200,122.97000,5657
2009-04-23 00:00:00+00:00,122.98600,123.06400,122.39400,122.89200,6001
2009-04-24 00:00:00+00:00,122.90800,123.03100,122.25000,122.40700,4802
2009-04-26 00:00:00+00:00,122.51700,122.70500,122.51700,122.68900,106
2009-04-27 00:00:00+00:00,122.67300,123.19300,122.45800,123.09900,5350
2009-04-28 00:00:00+00:00,123.11400,123.49900,122.31500,122.48600,6587
2009-04-29 00:00:00+00:00,122.50100,122.72800,121.26300,121.82600,8257
2009-04-30 00:00:00+00:00,121.84200,122.01200,121.29700,121.74800,5205
2009-05-01 00:00:00+00:00,121.76400,121.85500,121.18800,121.59300,3254
2009-05-03 00:00:00+00:00,121.49900,121.51500,121.35700,121.38800,38
2009-05-04 00:00:00+00:00,121.37300,121.74200,121.22200,121.51500,4295
2009-05-05 00:00:00+00:00,121.53000,121.79000,121.23700,121.56300,4563
2009-05-06 00:00:00+00:00,121.57800,122.10100,121.25600,121.65700,6193
2009-05-07 00:00:00+00:00,121.67300,121.71900,120.51500,120.68400,7336
2009-05-08 00:00:00+00:00,120.70000,121.28700,120.33100,121.04800,5378
2009-05-10 00:00:00+00:00,121.01700,121.12700,121.00100,121.06300,42
2009-05-11 00:00:00+00:00,121.07900,121.96100,121.06300,121.77000,4112
2009-05-12 00:00:00+00:00,121.78600,122.07300,121.43300,121.72400,4273
2009-05-13 00:00:00+00:00,121.70800,122.46800,121.51600,122.22700,5010
2009-05-14 00:00:00+00:00,122.24200,122.61100,122.02900,122.24300,4236
2009-05-15 00:00:00+00:00,122.25900,122.45800,121.71600,121.93200,4397
2009-05-17 00:00:00+00:00,121.94700,122.11900,121.94700,122.04100,43
2009-05-18 00:00:00+00:00,122.05600,122.23700,121.05500,121.22600,5274
2009-05-19 00:00:00+00:00,121.24100,121.24100,120.79500,121.05400,5144
2009-05-20 00:00:00+00:00,121.06900,121.65400,120.82900,121.41500,4845
2009-05-21 00:00:00+00:00,121.39900,121.78300,120.08600,120.30200,7637
2009-05-22 00:00:00+00:00,120.31800,120.53000,119.49200,119.67800,5264
2009-05-24 00:00:00+00:00,119.53800,119.56900,119.33300,119.45800,77
2009-05-25 00:00:00+00:00,119.47400,119.78600,119.43800,119.56900,655
2009-05-26 00:00:00+00:00,119.58400,119.93700,118.64600,118.78600,4862
2009-05-27 00:00:00+00:00,118.77000,119.02900,117.47300,117.72200,8028
2009-05-28 00:00:00+00:00,117.73700,118.35600,117.25700,117.82800,7016
2009-05-29 00:00:00+00:00,117.84400,118.73500,117.64700,118.60800,5458
2009-05-31 00:00:00+00:00,118.35700,118.45200,118.27800,118.34000,58
2009-06-01 00:00:00+00:00,118.35600,118.40300,116.79400,117.20200,7165
2009-06-02 00:00:00+00:00,117.18600,117.52700,116.73400,117.31500,7588
2009-06-03 00:00:00+00:00,117.29900,117.90600,117.01000,117.68100,5922
2009-06-04 00:00:00+00:00,117.69600,117.72800,116.26100,116.54300,5617
2009-06-05 00:00:00+00:00,116.52700,116.57400,114.77500,114.96400,11071
2009-06-07 00:00:00+00:00,114.92000,114.95100,114.82400,114.87200,78
2009-06-08 00:00:00+00:00,114.85600,115.24400,114.40100,114.73100,5581
2009-06-09 00:00:00+00:00,114.74700,115.29300,114.73100,115.01800,5372
2009-06-10 00:00:00+00:00,115.00200,115.10500,114.24900,114.68800,7558
2009-06-11 00:00:00+00:00,114.70400,115.73800,114.17500,115.51300,8367
2009-06-12 00:00:00+00:00,115.52900,116.00900,115.37900,115.64300,5557
2009-06-14 00:00:00+00:00,115.69400,115.85200,115.47200,115.72500,96
2009-06-15 00:00:00+00:00,115.70900,116.25200,115.70500,116.13800,4541
2009-06-16 00:00:00+00:00,116.12200,116.63100,115.62500,116.50300,6787
2009-06-17 00:00:00+00:00,116.48700,117.11000,116.11900,116.33100,5494
2009-06-18 00:00:00+00:00,116.34700,116.58200,115.15100,115.38500,7838
2009-06-19 00:00:00+00:00,115.40100,115.81700,114.87200,115.67300,6072
2009-06-21 00:00:00+00:00,115.69200,115.77100,115.62900,115.67600,79
2009-06-22 00:00:00+00:00,115.66000,116.50400,115.49800,116.42000,5166
2009-06-23 00:00:00+00:00,116.40400,116.83800,116.08100,116.70600,5528
2009-06-24 00:00:00+00:00,116.69000,117.32700,116.20500,116.32900,8308
2009-06-25 00:00:00+00:00,116.34500,117.56500,116.04200,117.40500,6293
2009-06-26 00:00:00+00:00,117.42100,117.72900,117.03700,117.44000,4917
2009-06-28 00:00:00+00:00,117.47400,117.55300,117.44200,117.50500,47
2009-06-29 00:00:00+00:00,117.48900,117.89200,117.28200,117.58600,3474
2009-06-30 00:00:00+00:00,117.60200,117.76500,116.91500,117.43000,5964
2009-07-01 00:00:00+00:00,117.41400,117.52000,116.80600,117.41600,6018
2009-07-02 00:00:00+00:00,117.40000,118.19500,117.28300,118.04900,6143
2009-07-03 00:00:00+00:00,118.03300,118.03300,117.82400,117.96000,540
2009-07-05 00:00:00+00:00,117.97600,118.02300,117.91300,117.97500,51
2009-07-06 00:00:00+00:00,117.99100,118.14700,117.69900,117.89800,4079
2009-07-07 00:00:00+00:00,117.91400,118.45400,117.60800,118.40400,4357
2009-07-08 00:00:00+00:00,118.38900,119.78100,118.34100,119.49400,5887
2009-07-09 00:00:00+00:00,119.47800,119.49400,118.74200,118.95900,6322
2009-07-10 00:00:00+00:00,118.97500,120.03800,118.94300,119.64000,4376
2009-07-12 00:00:00+00:00,119.75300,119.75300,119.59500,119.65800,35
2009-07-13 00:00:00+00:00,119.64200,119.99800,119.18900,119.34400,4095
2009-07-14 00:00:00+00:00,119.36000,119.45400,118.49700,118.60500,6524
2009-07-15 00:00:00+00:00,118.58900,118.71200,117.39600,117.83500,7852
2009-07-16 00:00:00+00:00,117.81900,118.36100,117.60700,117.90000,5626
2009-07-17 00:00:00+00:00,117.88400,118.19200,117.18200,117.36800,6433
2009-07-19 00:00:00+00:00,117.21300,117.30700,117.19700,117.24400,43
2009-07-20 00:00:00+00:00,117.22800,118.00500,116.70200,117.67100,4929
2009-07-21 00:00:00+00:00,117.65500,118.90500,117.31700,118.52200,6726
2009-07-22 00:00:00+00:00,118.50600,118.78300,117.99200,118.20900,5487
2009-07-23 00:00:00+00:00,118.22500,118.32800,116.79700,117.25100,6929
2009-07-24 00:00:00+00:00,117.26700,117.31800,116.83700,117.23900,4311
2009-07-26 00:00:00+00:00,117.21000,117.25700,117.17800,117.19300,38
2009-07-27 00:00:00+00:00,117.17800,117.20800,116.38400,116.81800,5217
2009-07-28 00:00:00+00:00,116.80200,117.48400,116.54600,116.93000,6747
2009-07-29 00:00:00+00:00,116.94500,117.25600,116.22800,116.74300,6047
2009-07-30 00:00:00+00:00,116.72700,117.18700,116.26200,117.05900,6332
2009-07-31 00:00:00+00:00,117.04300,118.17900,116.76900,118.05300,6259
2009-08-02 00:00:00+00:00,118.04000,118.04000,117.83500,117.83500,56
2009-08-03 00:00:00+00:00,117.81900,117.83500,116.52200,116.79900,6196
2009-08-04 00:00:00+00:00,116.78300,117.26300,116.31800,116.59700,5426
2009-08-05 00:00:00+00:00,116.58100,117.12200,116.05500,116.33100,7526
2009-08-06 00:00:00+00:00,116.31600,116.63900,115.96200,116.27100,6188
2009-08-07 00:00:00+00:00,116.28600,116.48500,115.27200,115.59900,7347
2009-08-09 00:00:00+00:00,115.49200,115.50800,115.39700,115.47500,70
2009-08-10 00:00:00+00:00,115.46000,116.28200,115.26800,116.10500,3719
2009-08-11 00:00:00+00:00,116.09000,116.82000,115.92700,116.73500,5835
2009-08-12 00:00:00+00:00,116.72000,117.10800,115.97100,116.62700,8625
2009-08-13 00:00:00+00:00,116.61100,117.70000,116.18000,117.50800,8103
2009-08-14 00:00:00+00:00,117.49200,118.34700,117.31900,117.70000,5402
2009-08-16 00:00:00+00:00,117.73400,117.78000,117.70200,117.78000,30
2009-08-17 00:00:00+00:00,117.76400,118.47700,117.76400,118.20500,4678
2009-08-18 00:00:00+00:00,118.22100,118.35400,117.93300,118.05000,4459
2009-08-19 00:00:00+00:00,118.03400,118.92100,118.00300,118.42800,6088
2009-08-20 00:00:00+00:00,118.41300,118.66700,118.04800,118.50800,4769
2009-08-21 00:00:00+00:00,118.52400,119.02400,117.46100,117.47700,6223
2009-08-23 00:00:00+00:00,117.44800,117.63600,117.44800,117.55700,84
2009-08-24 00:00:00+00:00,117.57200,118.12300,117.22000,118.06000,4323
2009-08-25 00:00:00+00:00,118.04400,118.42200,117.70700,118.39100,4204
2009-08-26 00:00:00+00:00,118.37500,118.52400,118.12000,118.39200,4522
2009-08-27 00:00:00+00:00,118.34500,118.66500,117.83600,118.23700,5400
2009-08-28 00:00:00+00:00,118.22200,118.52600,117.77500,118.44400,3014
2009-08-30 00:00:00+00:00,118.10900,118.10900,117.98300,117.99800,33
2009-08-31 00:00:00+00:00,117.98200,118.52600,117.90300,118.42900,3738
2009-09-01 00:00:00+00:00,118.41400,118.99000,117.99700,118.82900,5796
2009-09-02 00:00:00+00:00,118.84500,119.35700,118.63400,119.21300,4410
2009-09-03 00:00:00+00:00,119.22800,119.22800,118.76100,118.85400,4366
2009-09-04 00:00:00+00:00,118.83900,118.91100,118.12000,118.21400,5682
2009-09-06 00:00:00+00:00,118.20700,118.22200,118.09600,118.17400,51
2009-09-07 00:00:00+00:00,118.15900,118.53100,117.99800,118.21100,918
2009-09-08 00:00:00+00:00,118.19500,118.52300,118.01100,118.07400,4072
2009-09-09 00:00:00+00:00,118.08900,118.27500,117.68700,118.11000,4273
2009-09-10 00:00:00+00:00,118.09400,119.12700,117.91800,118.92000,5775
2009-09-11 00:00:00+00:00,118.93500,119.63800,118.82400,119.06800,5713
2009-09-13 00:00:00+00:00,118.99800,119.01300,118.88700,119.01300,82
2009-09-14 00:00:00+00:00,118.99700,119.23000,118.45100,118.54400,3515
2009-09-15 00:00:00+00:00,118.52900,118.66700,117.97100,118.28100,4584
2009-09-16 00:00:00+00:00,118.26500,118.79600,117.70700,118.01800,6517
2009-09-17 00:00:00+00:00,118.00200,118.56200,117.66600,118.41700,5432
2009-09-18 00:00:00+00:00,118.40100,118.65000,117.74600,117.93500,4429
2009-09-20 00:00:00+00:00,117.88100,117.94400,117.86400,117.86400,51
2009-09-21 00:00:00+00:00,117.88000,118.40900,117.74500,117.90100,4342
2009-09-22 00:00:00+00:00,117.88500,118.19200,117.58200,118.03200,4249
2009-09-23 00:00:00+00:00,118.04700,118.49600,117.61400,118.43000,6397
2009-09-24 00:00:00+00:00,118.44600,118.91100,118.23500,118.78200,5307
2009-09-25 00:00:00+00:00,118.79700,119.10500,118.49100,118.97700,4942
2009-09-27 00:00:00+00:00,118.98600,119.22200,118.97000,119.09500,138
2009-09-28 00:00:00+00:00,119.07900,119.24300,118.79000,119.16300,3302
2009-09-29 00:00:00+00:00,119.14700,119.28200,118.71600,119.19900,4555
2009-09-30 00:00:00+00:00,119.18300,119.42900,118.97300,119.14100,4650
2009-10-01 00:00:00+00:00,119.14100,120.34300,119.12100,120.29500,6318
2009-10-02 00:00:00+00:00,120.27900,120.80900,119.98700,120.09600,6834
2009-10-04 00:00:00+00:00,120.08900,120.19900,120.08900,120.15200,41
2009-10-05 00:00:00+00:00,120.13600,120.41300,119.99100,120.09300,3809
2009-10-06 00:00:00+00:00,120.10900,120.15600,119.75500,119.86200,3646
2009-10-07 00:00:00+00:00,119.87800,120.59300,119.84300,120.51200,3822
2009-10-08 00:00:00+00:00,120.49600,120.58400,119.79300,119.87100,4579
2009-10-09 00:00:00+00:00,119.88700,120.08600,118.90400,119.09100,6139
2009-10-11 00:00:00+00:00,119.00500,119.02100,118.94200,118.95700,41
2009-10-12 00:00:00+00:00,118.97300,119.56200,118.92200,119.29200,2389
2009-10-13 00:00:00+00:00,119.27600,119.80300,119.25700,119.40700,3807
2009-10-14 00:00:00+00:00,119.39100,119.50000,118.75700,118.94000,6016
2009-10-15 00:00:00+00:00,118.92400,119.07500,118.37900,118.39400,6347
2009-10-16 00:00:00+00:00,118.41000,118.96700,118.39400,118.87200,5444
2009-10-18 00:00:00+00:00,118.77100,118.78700,118.70800,118.78600,65
2009-10-19 00:00:00+00:00,118.77000,119.06000,118.52900,118.80600,4012
2009-10-20 00:00:00+00:00,118.79100,119.53800,118.77500,119.31400,4347
2009-10-21 00:00:00+00:00,119.29800,119.42300,118.56900,118.89500,5883
2009-10-22 00:00:00+00:00,118.91000,118.95300,118.37000,118.53800,4597
2009-10-23 00:00:00+00:00,118.52200,118.56900,118.02600,118.04100,4223
2009-10-25 00:00:00+00:00,118.05000,118.12900,118.00300,118.11200,91
2009-10-26 00:00:00+00:00,118.09700,118.18500,117.49300,117.69300,4766
2009-10-27 00:00:00+00:00,117.70900,118.59500,117.65800,118.48300,4714
2009-10-28 00:00:00+00:00,118.46700,119.05600,118.38700,118.84900,4743
2009-10-29 00:00:00+00:00,118.86500,119.00600,118.04100,118.28900,5931
2009-10-30 00:00:00+00:00,118.30400,119.28400,118.28900,119.23700,5589
2009-11-01 00:00:00+00:00,119.32400,119.37100,119.18200,119.18200,51
2009-11-02 00:00:00+00:00,119.19800,119.29900,118.83000,118.96700,4119
2009-11-03 00:00:00+00:00,118.98300,119.43300,118.51900,118.72100,4441
2009-11-04 00:00:00+00:00,118.73600,118.79900,118.06800,118.42700,6508
2009-11-05 00:00:00+00:00,118.41100,118.73700,118.27900,118.57300,3811
2009-11-06 00:00:00+00:00,118.58900,119.19500,118.49200,118.95500,6338
2009-11-08 00:00:00+00:00,118.91700,118.91700,118.80700,118.88500,33
2009-11-09 00:00:00+00:00,118.87000,119.17500,118.69200,118.96900,2879
2009-11-10 00:00:00+00:00,118.98400,119.37000,118.86600,118.98900,3455
2009-11-11 00:00:00+00:00,118.97300,119.57800,118.92100,119.24500,2280
2009-11-12 00:00:00+00:00,119.22900,119.52200,118.68700,119.34300,5232
2009-11-13 00:00:00+00:00,119.32800,119.49700,119.17900,119.44300,2891
2009-11-15 00:00:00+00:00,119.38900,119.40500,119.34200,119.35700,31
2009-11-16 00:00:00+00:00,119.34200,120.11600,119.32200,119.98900,3929
2009-11-17 00:00:00+00:00,120.00500,120.24800,119.70000,120.08800,3364
2009-11-18 00:00:00+00:00,120.07200,120.19100,119.74900,119.85700,3085
2009-11-19 00:00:00+00:00,119.87300,120.27300,119.74300,120.09700,3485
2009-11-20 00:00:00+00:00,120.08100,120.34200,119.80600,119.83600,3121
2009-11-22 00:00:00+00:00,119.84500,119.86000,119.81300,119.82900,24
2009-11-23 00:00:00+00:00,119.84400,120.00600,119.44600,119.95900,3744
2009-11-24 00:00:00+00:00,119.94300,120.56000,119.92700,120.43300,2953
2009-11-25 00:00:00+00:00,120.41700,120.91000,120.20800,120.84500,3539
2009-11-26 00:00:00+00:00,120.82900,121.78900,120.82900,121.55400,1477
2009-11-27 00:00:00+00:00,121.57000,121.95800,121.14000,121.37300,3106
2009-11-29 00:00:00+00:00,121.09400,121.12500,120.99900,121.03000,50
2009-11-30 00:00:00+00:00,121.04600,121.30500,120.91600,121.19200,3038
2009-12-01 00:00:00+00:00,121.17700,121.28500,120.74000,120.78600,3011
2009-12-02 00:00:00+00:00,120.77000,120.90400,120.37900,120.37900,3592
2009-12-03 00:00:00+00:00,120.39500,120.41100,119.70900,119.97300,4807
2009-12-04 00:00:00+00:00,119.95700,120.17400,118.79700,119.09400,7102
2009-12-06 00:00:00+00:00,119.02300,119.03900,118.84900,118.91200,62
2009-12-07 00:00:00+00:00,118.89600,119.58300,118.86400,119.43700,3377
2009-12-08 00:00:00+00:00,119.42100,120.20400,119.37400,120.02500,4727
2009-12-09 00:00:00+00:00,120.01000,120.14500,119.63800,119.74600,3815
2009-12-10 00:00:00+00:00,119.73000,119.85300,118.93200,119.26100,4511
2009-12-11 00:00:00+00:00,119.24500,119.32300,118.57400,118.71400,4278
2009-12-13 00:00:00+00:00,118.72100,118.81600,118.70600,118.81600,23
2009-12-14 00:00:00+00:00,118.80000,119.03500,118.58600,118.67800,2953
2009-12-15 00:00:00+00:00,118.69400,118.78400,118.10200,118.39900,4473
2009-12-16 00:00:00+00:00,118.38300,118.72200,118.17100,118.35600,4893
2009-12-17 00:00:00+00:00,118.37100,119.33800,118.35500,119.27500,4005
2009-12-18 00:00:00+00:00,119.25900,119.29000,118.63400,118.72800,3222
2009-12-20 00:00:00+00:00,118.68800,118.72000,118.67300,118.68800,19
2009-12-21 00:00:00+00:00,118.70400,118.78300,117.55900,117.71500,3450
2009-12-22 00:00:00+00:00,117.69900,117.74700,117.12500,117.20000,3772
2009-12-23 00:00:00+00:00,117.21500,117.53900,116.89900,117.06200,2914
2009-12-24 00:00:00+00:00,117.04600,117.24500,116.64400,116.69100,1210
2009-12-27 00:00:00+00:00,116.70200,116.73300,116.67000,116.67000,25
2009-12-28 00:00:00+00:00,116.68600,116.68600,116.27000,116.39100,2834
2009-12-29 00:00:00+00:00,116.37500,116.69700,116.22700,116.52200,3094
2009-12-30 00:00:00+00:00,116.50600,116.78000,116.49000,116.65200,1919
2009-12-31 00:00:00+00:00,116.66800,116.68300,115.79400,116.15400,2869
2010-01-03 00:00:00+00:00,116.05600,116.16600,116.04100,116.11900,53
2010-01-04 00:00:00+00:00,116.13500,116.60000,115.83200,116.50100,3781
2010-01-05 00:00:00+00:00,116.51700,117.12100,116.45400,116.94700,3522
2010-01-06 00:00:00+00:00,116.96200,117.01900,116.48200,116.63600,3804
2010-01-07 00:00:00+00:00,116.62000,116.88000,116.39400,116.64100,3540
2010-01-08 00:00:00+00:00,116.62500,117.13800,116.41500,116.61500,5321
2010-01-10 00:00:00+00:00,116.62300,116.63800,116.54400,116.56000,51
2010-01-11 00:00:00+00:00,116.57500,116.97700,116.54000,116.86300,2603
2010-01-12 00:00:00+00:00,116.87900,117.62500,116.87800,117.56000,3934
2010-01-13 00:00:00+00:00,117.54400,117.62200,117.01400,117.12400,3783
2010-01-14 00:00:00+00:00,117.10800,117.69700,117.02800,117.47400,3851
2010-01-15 00:00:00+00:00,117.45800,118.18900,117.44200,118.01400,4044
2010-01-17 00:00:00+00:00,118.03700,118.05300,118.00600,118.05300,20
2010-01-18 00:00:00+00:00,118.03700,118.13000,117.97000,118.05700,503
2010-01-19 00:00:00+00:00,118.07300,118.24200,117.64200,117.82600,3656
2010-01-20 00:00:00+00:00,117.84200,118.30500,117.81000,118.16000,3329
2010-01-21 00:00:00+00:00,118.17600,118.63600,117.85500,118.57300,4956
2010-01-22 00:00:00+00:00,118.55700,118.72700,118.39300,118.51500,3605
2010-01-24 00:00:00+00:00,118.41300,118.42900,118.35000,118.39700,40
2010-01-25 00:00:00+00:00,118.41300,118.51600,118.18700,118.37000,2882
2010-01-26 00:00:00+00:00,118.35400,118.85200,118.29100,118.45300,3718
2010-01-27 00:00:00+00:00,118.46900,118.90100,118.12700,118.14300,4938
2010-01-28 00:00:00+00:00,118.12700,118.48000,117.85900,118.46100,5274
2010-01-29 00:00:00+00:00,118.47700,119.03200,117.93700,118.93800,5735
2010-01-31 00:00:00+00:00,118.85100,118.86700,118.72500,118.75700,62
2010-02-01 00:00:00+00:00,118.74100,118.78800,118.27800,118.35300,3462
2010-02-02 00:00:00+00:00,118.33700,118.59700,118.20700,118.49800,2662
2010-02-03 00:00:00+00:00,118.48300,118.51400,118.03400,118.15700,4866
2010-02-04 00:00:00+00:00,118.17300,118.93200,118.04400,118.74200,4325
2010-02-05 00:00:00+00:00,118.72700,119.47100,118.57900,119.25000,7167
2010-02-07 00:00:00+00:00,119.22600,119.25700,119.13100,119.13100,51
2010-02-08 00:00:00+00:00,119.11600,119.25100,118.91800,119.19800,3360
2010-02-09 00:00:00+00:00,119.18300,119.21400,118.57500,118.57500,4542
2010-02-10 00:00:00+00:00,118.59100,118.91400,118.22100,118.36000,4414
2010-02-11 00:00:00+00:00,118.37500,118.49500,117.94300,118.22300,3841
2010-02-12 00:00:00+00:00,118.20700,118.68600,118.19100,118.54200,4354
2010-02-14 00:00:00+00:00,118.48700,118.50200,118.28300,118.34500,61
2010-02-15 00:00:00+00:00,118.33000,118.52900,118.27600,118.47500,576
2010-02-16 00:00:00+00:00,118.49100,118.81100,118.18600,118.60500,3549
2010-02-17 00:00:00+00:00,118.58900,118.62000,117.89000,118.12300,4313
2010-02-18 00:00:00+00:00,118.10700,118.24200,117.34400,117.34400,5974
2010-02-19 00:00:00+00:00,117.35900,117.74500,117.24200,117.61500,4684
2010-02-21 00:00:00+00:00,117.51300,117.56000,117.48200,117.51300,26
2010-02-22 00:00:00+00:00,117.49800,117.61600,117.36800,117.51700,2736
2010-02-23 00:00:00+00:00,117.53300,118.48000,117.43500,118.32100,4885
2010-02-24 00:00:00+00:00,118.33600,118.64200,118.15800,118.35600,3711
2010-02-25 00:00:00+00:00,118.34100,118.96000,118.30900,118.62500,3242
2010-02-26 00:00:00+00:00,118.60900,118.97900,118.52300,118.75600,2632
2010-02-28 00:00:00+00:00,118.61900,118.71400,118.60300,118.66600,58
2010-03-01 00:00:00+00:00,118.65000,118.90900,118.56700,118.74800,2604
2010-03-02 00:00:00+00:00,118.73300,118.86500,118.44100,118.79900,3399
2010-03-03 00:00:00+00:00,118.78300,118.87100,118.49100,118.78600,2837
2010-03-04 00:00:00+00:00,118.80200,119.08400,118.54200,118.91600,3937
2010-03-05 00:00:00+00:00,118.93200,118.99100,118.14900,118.43000,5147
2010-03-07 00:00:00+00:00,118.34100,118.37200,118.27800,118.30900,27
2010-03-08 00:00:00+00:00,118.29300,118.32500,118.03300,118.18600,2609
2010-03-09 00:00:00+00:00,118.17000,118.52600,118.17000,118.33100,2951
2010-03-10 00:00:00+00:00,118.34700,118.43900,117.97500,118.08200,3130
2010-03-11 00:00:00+00:00,118.09700,118.22200,117.83800,117.91100,3713
2010-03-12 00:00:00+00:00,117.92700,118.29700,117.52500,118.15200,4619
2010-03-14 00:00:00+00:00,118.14300,118.14300,118.06300,118.07900,25
2010-03-15 00:00:00+00:00,118.09500,118.21500,117.88200,118.12900,2466
2010-03-16 00:00:00+00:00,118.14500,118.67200,117.96600,118.57500,3996
2010-03-17 00:00:00+00:00,118.55900,118.71000,118.41400,118.54600,3062
2010-03-18 00:00:00+00:00,118.56200,118.74800,118.20400,118.24900,3373
2010-03-19 00:00:00+00:00,118.23400,118.44600,117.94300,118.09600,3346
2010-03-22 00:00:00+00:00,118.14600,118.50200,118.01900,118.40400,3116
2010-03-23 00:00:00+00:00,118.38800,118.60100,118.32900,118.37600,2461
2010-03-24 00:00:00+00:00,118.39100,118.42300,116.99400,117.10100,7138
2010-03-25 00:00:00+00:00,117.11700,117.24100,116.36700,116.90000,6183
2010-03-26 00:00:00+00:00,116.91500,117.12600,116.59300,117.07800,4065
2010-03-28 00:00:00+00:00,116.97300,116.98900,116.80000,116.87800,98
2010-03-29 00:00:00+00:00,116.89400,117.12300,116.73500,116.94400,3929
2010-03-30 00:00:00+00:00,116.96000,117.06400,116.65300,116.99500,5647
2010-03-31 00:00:00+00:00,116.97900,117.39800,116.91000,117.18700,4817
2010-04-01 00:00:00+00:00,117.17200,117.26000,116.81700,117.00200,3453
2010-04-02 00:00:00+00:00,117.01700,117.31000,116.30000,116.31600,2625
2010-04-04 00:00:00+00:00,116.27200,116.38100,116.25600,116.35000,57
2010-04-05 00:00:00+00:00,116.36500,116.36500,115.77300,116.10100,3446
2010-04-06 00:00:00+00:00,116.08500,116.42500,116.00300,116.26200,3928
2010-04-07 00:00:00+00:00,116.27800,116.99200,116.22300,116.91100,4253
2010-04-08 00:00:00+00:00,116.89500,117.20300,116.66500,116.72500,4454
2010-04-09 00:00:00+00:00,116.71000,116.90400,116.48200,116.85600,2695
2010-04-11 00:00:00+00:00,116.70500,116.72000,116.53100,116.56200,96
2010-04-12 00:00:00+00:00,116.54600,117.30800,116.48000,117.13200,3155
2010-04-13 00:00:00+00:00,117.14800,117.55000,117.12800,117.29300,3181
2010-04-14 00:00:00+00:00,117.30900,117.52200,117.03000,117.07600,3113
2010-04-15 00:00:00+00:00,117.06000,117.41400,116.91100,117.34600,3510
2010-04-16 00:00:00+00:00,117.36200,118.09400,117.29200,117.90200,5064
2010-04-18 00:00:00+00:00,117.98600,118.22200,117.95500,118.11100,122
2010-04-19 00:00:00+00:00,118.12700,118.14300,117.56500,117.67400,3048
2010-04-20 00:00:00+00:00,117.65800,117.68900,117.35100,117.55100,2412
2010-04-21 00:00:00+00:00,117.53600,117.96600,117.37500,117.90100,3313
2010-04-22 00:00:00+00:00,117.91600,118.17600,117.48100,117.62100,4194
2010-04-23 00:00:00+00:00,117.63600,117.71100,117.04700,117.23200,3977
2010-04-25 00:00:00+00:00,117.22200,117.23800,117.08000,117.12700,57
2010-04-26 00:00:00+00:00,117.14300,117.51300,117.01300,117.36600,3018
2010-04-27 00:00:00+00:00,117.35100,118.53500,117.31900,118.40700,5600
2010-04-28 00:00:00+00:00,118.39100,118.62200,117.62700,117.84400,6218
2010-04-29 00:00:00+00:00,117.86000,118.14600,117.57100,118.11400,2955
2010-04-30 00:00:00+00:00,118.13000,118.62400,117.91900,118.55900,4001
2010-05-02 00:00:00+00:00,118.43900,118.43900,118.20200,118.24900,78
2010-05-03 00:00:00+00:00,118.23400,118.37300,118.05200,118.15800,2645
2010-05-04 00:00:00+00:00,118.17400,118.92100,118.14200,118.79000,4267
2010-05-05 00:00:00+00:00,118.77400,119.74000,118.66000,119.26400,6427
2010-05-06 00:00:00+00:00,119.24800,121.64000,118.96100,120.41300,13370
2010-05-07 00:00:00+00:00,120.42900,121.25300,119.46400,120.30800,13344
2010-05-09 00:00:00+00:00,119.85700,119.85700,119.60600,119.77800,279
2010-05-10 00:00:00+00:00,119.76200,119.79400,118.90900,119.53000,6390
2010-05-11 00:00:00+00:00,119.54600,120.08900,119.22300,119.67400,4870
2010-05-12 00:00:00+00:00,119.65800,119.92300,119.19300,119.25300,3637
2010-05-13 00:00:00+00:00,119.23800,119.68000,118.97700,119.68000,4457
2010-05-14 00:00:00+00:00,119.69600,120.51900,119.48900,120.15500,5439
2010-05-16 00:00:00+00:00,120.09700,120.23800,120.05000,120.19100,128
2010-05-17 00:00:00+00:00,120.17500,120.72200,119.81900,119.99000,4970
2010-05-18 00:00:00+00:00,120.00500,121.10600,119.74800,121.09000,5226
2010-05-19 00:00:00+00:00,121.07500,121.11700,120.45600,120.59100,5862
2010-05-20 00:00:00+00:00,120.57600,121.91500,120.54000,121.64500,7725
2010-05-21 00:00:00+00:00,121.62900,122.51500,121.34400,121.46100,8506
2010-05-23 00:00:00+00:00,121.43400,121.52800,121.40200,121.46500,78
2010-05-24 00:00:00+00:00,121.44900,121.97600,121.43300,121.81200,4716
2010-05-25 00:00:00+00:00,121.79600,122.81000,121.67400,121.78400,6777
2010-05-26 00:00:00+00:00,121.76800,122.06400,121.10000,121.69200,6429
2010-05-27 00:00:00+00:00,121.70800,121.72300,120.17200,120.26600,5549
2010-05-28 00:00:00+00:00,120.28100,120.76400,120.28000,120.60600,3785
2010-05-30 00:00:00+00:00,120.60700,120.67000,120.51200,120.62200,79
2010-05-31 00:00:00+00:00,120.60700,120.72800,120.36900,120.58400,965
2010-06-01 00:00:00+00:00,120.60000,121.32000,120.56600,120.86000,5849
2010-06-02 00:00:00+00:00,120.84400,120.96700,120.20900,120.30200,4694
2010-06-03 00:00:00+00:00,120.31800,120.38100,119.57500,120.15400,5113
2010-06-04 00:00:00+00:00,120.13800,121.54800,120.02500,121.40600,6827
2010-06-06 00:00:00+00:00,121.62700,121.75300,121.58000,121.68900,198
2010-06-07 00:00:00+00:00,121.67400,121.98200,121.16700,121.77700,4632
2010-06-08 00:00:00+00:00,121.76100,121.94700,121.46100,121.55000,4346
2010-06-09 00:00:00+00:00,121.56500,121.75200,121.18300,121.59000,4014
2010-06-10 00:00:00+00:00,121.57400,121.66800,120.51500,120.60800,4625
2010-06-11 00:00:00+00:00,120.62400,121.38800,120.60500,121.21500,5110
2010-06-13 00:00:00+00:00,121.10600,121.13800,120.98000,121.02700,123
2010-06-14 00:00:00+00:00,121.04300,121.07400,120.42500,120.98900,3911
2010-06-15 00:00:00+00:00,120.97300,121.27000,120.48000,120.54200,4711
2010-06-16 00:00:00+00:00,120.55700,121.13500,120.49400,120.94300,3871
2010-06-17 00:00:00+00:00,120.95900,121.52000,120.61000,121.32900,5057
2010-06-18 00:00:00+00:00,121.31300,121.49900,121.02600,121.10300,3463
2010-06-20 00:00:00+00:00,120.79000,120.79000,120.52300,120.67900,296
2010-06-21 00:00:00+00:00,120.66400,121.02000,120.39400,120.87700,4492
2010-06-22 00:00:00+00:00,120.89200,121.64000,120.71900,121.56100,4196
2010-06-23 00:00:00+00:00,121.54500,122.13800,121.40000,121.94600,5087
2010-06-24 00:00:00+00:00,121.93100,122.41400,121.78400,121.90800,4214
2010-06-25 00:00:00+00:00,121.89200,122.42200,121.73100,122.13700,4381
2010-06-27 00:00:00+00:00,122.21700,122.24800,122.13800,122.21600,75
2010-06-28 00:00:00+00:00,122.23200,122.87000,122.10400,122.74300,3487
2010-06-29 00:00:00+00:00,122.72700,123.30600,122.71100,123.25400,5015
2010-06-30 00:00:00+00:00,123.23800,123.44200,122.84100,123.20000,4402
2010-07-01 00:00:00+00:00,123.18400,123.61900,123.00500,123.09900,5228
2010-07-02 00:00:00+00:00,123.08300,123.36200,122.70200,122.90400,5674
2010-07-04 00:00:00+00:00,122.92100,123.01400,122.90500,122.95200,42
2010-07-05 00:00:00+00:00,122.93600,123.30900,122.85600,123.27400,1022
2010-07-06 00:00:00+00:00,123.29000,123.38400,122.75200,123.22000,3518
2010-07-07 00:00:00+00:00,123.20400,123.40500,122.85200,122.89900,3137
2010-07-08 00:00:00+00:00,122.88300,123.00600,122.36100,122.62500,4160
2010-07-09 00:00:00+00:00,122.60900,122.69900,122.36900,122.46200,2774
2010-07-11 00:00:00+00:00,122.44700,122.52500,122.41600,122.46200,58
2010-07-12 00:00:00+00:00,122.47800,122.85000,122.39800,122.51800,3904
2010-07-13 00:00:00+00:00,122.50200,122.84500,121.94600,121.99300,4014
2010-07-14 00:00:00+00:00,122.00900,122.80300,121.99300,122.77000,4924
2010-07-15 00:00:00+00:00,122.75500,123.37800,122.42100,123.12400,5259
2010-07-16 00:00:00+00:00,123.10800,123.90400,123.02600,123.80800,4478
2010-07-18 00:00:00+00:00,123.84000,123.84000,123.76100,123.82400,68
2010-07-19 00:00:00+00:00,123.84000,123.88400,123.37900,123.53400,2926
2010-07-20 00:00:00+00:00,123.55000,124.00100,123.37600,123.55900,3669
2010-07-21 00:00:00+00:00,123.54300,124.19600,123.44500,123.99100,4031
2010-07-22 00:00:00+00:00,123.97500,124.13100,123.43700,123.45000,3375
2010-07-23 00:00:00+00:00,123.46600,123.71500,123.06800,123.11500,5161
2010-07-25 00:00:00+00:00,123.10000,123.11600,122.99000,123.08400,74
2010-07-26 00:00:00+00:00,123.09900,123.25400,122.78100,123.12400,3611
2010-07-27 00:00:00+00:00,123.10800,123.23200,122.60200,122.77200,4017
2010-07-28 00:00:00+00:00,122.75600,123.33000,122.62800,123.31300,4588
2010-07-29 00:00:00+00:00,123.29700,123.85700,123.15400,123.74500,5193
2010-07-30 00:00:00+00:00,123.76100,124.27400,123.68000,124.17700,4815
2010-08-01 00:00:00+00:00,124.13100,124.14700,124.00500,124.02100,50
2010-08-02 00:00:00+00:00,124.03700,124.07900,123.74800,123.87300,4523
2010-08-03 00:00:00+00:00,123.85700,124.52600,123.84100,124.28900,4311
2010-08-04 00:00:00+00:00,124.30400,124.60100,123.90700,124.01500,4537
2010-08-05 00:00:00+00:00,123.99900,124.38600,123.84000,124.25900,3319
2010-08-06 00:00:00+00:00,124.24300,125.02200,124.11600,124.91000,4830
2010-08-08 00:00:00+00:00,124.89500,124.92700,124.88000,124.92600,19
2010-08-09 00:00:00+00:00,124.91000,125.06500,124.74700,124.76200,3074
2010-08-10 00:00:00+00:00,124.77800,125.53800,124.61600,125.50700,5432
2010-08-11 00:00:00+00:00,125.49100,125.97200,125.44300,125.87500,4601
2010-08-12 00:00:00+00:00,125.89100,126.02800,125.47900,125.53900,5135
2010-08-13 00:00:00+00:00,125.55500,125.92400,125.52200,125.89300,2802
2010-08-15 00:00:00+00:00,125.84700,125.97100,125.81500,125.95600,102
2010-08-16 00:00:00+00:00,125.97100,126.51400,125.84400,126.41800,3763
2010-08-17 00:00:00+00:00,126.40300,126.43400,125.80200,125.92600,4089
2010-08-18 00:00:00+00:00,125.94100,126.29700,125.77900,125.95000,3180
2010-08-19 00:00:00+00:00,125.96500,126.39900,125.44500,126.13000,5583
2010-08-20 00:00:00+00:00,126.11400,126.48700,125.67000,125.73200,4024
2010-08-22 00:00:00+00:00,125.70200,125.76400,125.65500,125.70100,154
2010-08-23 00:00:00+00:00,125.71700,126.02400,125.51000,126.00700,3932
2010-08-24 00:00:00+00:00,125.99100,126.95700,125.99100,126.62600,6098
2010-08-25 00:00:00+00:00,126.61000,127.07500,126.00900,126.24300,6080
2010-08-26 00:00:00+00:00,126.22700,126.61100,126.06600,126.54800,4027
2010-08-27 00:00:00+00:00,126.56400,126.57900,125.26000,125.41500,6838
2010-08-29 00:00:00+00:00,125.27500,125.44700,125.08700,125.33700,281
2010-08-30 00:00:00+00:00,125.35300,126.42600,125.25900,126.12400,3697
2010-08-31 00:00:00+00:00,126.14000,126.63900,126.09200,126.38400,4430
2010-09-01 00:00:00+00:00,126.36900,126.38400,125.18500,125.65400,7275
2010-09-02 00:00:00+00:00,125.67000,125.77800,125.27200,125.37900,3887
2010-09-03 00:00:00+00:00,125.36400,125.72200,124.41700,124.74400,5894
2010-09-05 00:00:00+00:00,124.63500,124.72900,124.58800,124.71400,50
2010-09-06 00:00:00+00:00,124.69800,124.95800,124.53900,124.94200,866
2010-09-07 00:00:00+00:00,124.92600,125.65900,124.76900,125.56400,3381
2010-09-08 00:00:00+00:00,125.58000,125.86100,125.05600,125.19500,4469
2010-09-09 00:00:00+00:00,125.21100,125.46000,124.32500,124.52800,5292
2010-09-10 00:00:00+00:00,124.54400,124.63600,123.91100,124.14500,4328
2010-09-12 00:00:00+00:00,124.05200,124.05200,123.86300,123.87800,119
2010-09-13 00:00:00+00:00,123.89400,124.73700,123.64000,124.51500,4840
2010-09-14 00:00:00+00:00,124.50000,125.20100,124.49800,125.07400,4237
2010-09-15 00:00:00+00:00,125.05800,125.35300,124.70900,124.83100,5520
2010-09-16 00:00:00+00:00,124.84700,125.17300,124.30800,124.60400,6086
2010-09-17 00:00:00+00:00,124.62000,125.04000,124.19300,124.83400,4547
2010-09-19 00:00:00+00:00,124.83500,125.02300,124.81900,124.97600,112
2010-09-20 00:00:00+00:00,124.96000,125.12700,124.68900,125.09400,2827
2010-09-21 00:00:00+00:00,125.11000,126.18700,124.93200,126.17100,6538
2010-09-22 00:00:00+00:00,126.18700,126.60600,126.08500,126.13200,5212
2010-09-23 00:00:00+00:00,126.11700,126.72500,125.99100,126.34500,5022
2010-09-24 00:00:00+00:00,126.36100,126.43600,125.79100,125.85200,4696
2010-09-26 00:00:00+00:00,125.86900,125.93100,125.83700,125.88400,74
2010-09-27 00:00:00+00:00,125.86800,126.64700,125.83700,126.44200,3429
2010-09-28 00:00:00+00:00,126.45800,127.09600,126.34500,126.92200,5064
2010-09-29 00:00:00+00:00,126.90600,127.04300,126.68000,126.82000,4035
2010-09-30 00:00:00+00:00,126.83600,127.02200,125.90500,126.65600,6115
2010-10-01 00:00:00+00:00,126.67200,126.84300,126.16500,126.72800,5449
2010-10-03 00:00:00+00:00,126.76000,126.90100,126.76000,126.83800,90
2010-10-04 00:00:00+00:00,126.85400,127.11800,126.74400,127.05100,3151
2010-10-05 00:00:00+00:00,127.06700,127.37800,127.01800,127.23200,3891
2010-10-06 00:00:00+00:00,127.21600,128.02800,127.21600,127.69600,4972
2010-10-07 00:00:00+00:00,127.71100,127.92700,127.55300,127.79800,4180
2010-10-08 00:00:00+00:00,127.78300,128.20100,127.33900,127.82400,6030
2010-10-10 00:00:00+00:00,127.80800,127.93400,127.80800,127.88600,62
2010-10-11 00:00:00+00:00,127.87100,127.97800,127.82000,127.87900,1715
2010-10-12 00:00:00+00:00,127.89500,128.20500,127.46400,127.55800,4069
2010-10-13 00:00:00+00:00,127.54200,127.77100,127.20800,127.69200,3845
2010-10-14 00:00:00+00:00,127.70800,127.78400,127.02600,127.16700,6787
2010-10-15 00:00:00+00:00,127.15100,127.58700,126.55000,126.73700,8559
2010-10-17 00:00:00+00:00,126.75400,126.89500,126.73800,126.89500,121
2010-10-18 00:00:00+00:00,126.87900,127.42200,126.78100,127.27900,5041
2010-10-19 00:00:00+00:00,127.26400,127.65000,126.85200,127.42900,4790
2010-10-20 00:00:00+00:00,127.44500,127.67500,127.12700,127.35900,4134
2010-10-21 00:00:00+00:00,127.37500,127.49800,126.91400,127.05400,3819
2010-10-22 00:00:00+00:00,127.03800,127.14500,126.73600,126.87500,3207
2010-10-24 00:00:00+00:00,126.86000,126.92300,126.84400,126.84400,54
2010-10-25 00:00:00+00:00,126.86000,127.37300,126.69700,126.82100,4717
2010-10-26 00:00:00+00:00,126.80600,126.85100,126.03200,126.09300,4874
2010-10-27 00:00:00+00:00,126.07700,126.17100,125.44400,125.58400,6372
2010-10-28 00:00:00+00:00,125.60000,126.39400,125.55300,126.23500,5689
2010-10-29 00:00:00+00:00,126.22000,126.79400,126.16900,126.77800,4971
2010-10-31 00:00:00+00:00,126.65300,126.66900,126.59000,126.60600,71
2010-11-01 00:00:00+00:00,126.59000,127.04100,126.44400,126.67700,4742
2010-11-02 00:00:00+00:00,126.69300,126.97000,126.55000,126.82600,3886
2010-11-03 00:00:00+00:00,126.84200,127.54000,126.47600,127.49300,11038
2010-11-04 00:00:00+00:00,127.47700,128.38100,127.38000,128.08100,7404
2010-11-05 00:00:00+00:00,128.09700,128.23500,127.40400,127.77700,7025
2010-11-07 00:00:00+00:00,127.80900,127.88700,127.76200,127.87100,39
2010-11-08 00:00:00+00:00,127.88700,127.98000,127.63100,127.83300,3198
2010-11-09 00:00:00+00:00,127.84800,127.98700,126.71400,126.91700,6874
2010-11-10 00:00:00+00:00,126.93300,127.53600,126.17500,127.45800,8640
2010-11-11 00:00:00+00:00,127.47400,127.48900,126.71600,127.05900,3406
2010-11-12 00:00:00+00:00,127.04300,127.44800,125.86400,126.05000,8457
2010-11-14 00:00:00+00:00,126.16100,126.19200,126.11400,126.14500,78
2010-11-15 00:00:00+00:00,126.16100,126.20800,124.72900,124.85400,9241
2010-11-16 00:00:00+00:00,124.87000,125.38200,124.53600,125.14400,10331
2010-11-17 00:00:00+00:00,125.12900,125.56300,124.90300,125.12200,7089
2010-11-18 00:00:00+00:00,125.10600,125.10600,124.28700,124.75400,6443
2010-11-19 00:00:00+00:00,124.77000,125.05100,124.54700,124.68500,4016
2010-11-21 00:00:00+00:00,124.57700,124.59200,124.46700,124.51400,88
2010-11-22 00:00:00+00:00,124.53000,125.44700,124.41800,125.32100,4617
2010-11-23 00:00:00+00:00,125.33600,126.07000,125.28900,125.58000,6275
2010-11-24 00:00:00+00:00,125.56400,125.73400,124.33800,124.55500,7951
2010-11-25 00:00:00+00:00,124.57100,124.75500,124.24000,124.58000,1647
2010-11-26 00:00:00+00:00,124.59500,125.02900,124.32700,124.77800,3933
2010-11-28 00:00:00+00:00,124.66800,124.68400,124.46500,124.59000,114
2010-11-29 00:00:00+00:00,124.60500,125.13300,124.50900,124.79600,3907
2010-11-30 00:00:00+00:00,124.81200,125.49900,124.79600,124.91400,5778
2010-12-01 00:00:00+00:00,124.91400,125.06900,123.45900,123.81900,8279
2010-12-02 00:00:00+00:00,123.83500,123.89200,123.15400,123.43300,6871
2010-12-03 00:00:00+00:00,123.41800,124.35700,122.95700,123.56700,9467
2010-12-05 00:00:00+00:00,123.61300,123.70800,123.59800,123.69200,60
2010-12-06 00:00:00+00:00,123.70800,124.25100,123.69200,124.07700,4081
2010-12-07 00:00:00+00:00,124.06100,124.12400,122.15000,122.44800,7908
2010-12-08 00:00:00+00:00,122.43200,122.46400,120.96300,121.62200,10714
2010-12-09 00:00:00+00:00,121.60600,122.08800,121.27000,121.67700,8472
2010-12-10 00:00:00+00:00,121.66100,121.97300,120.72500,120.82000,5030
2010-12-12 00:00:00+00:00,120.80300,120.89700,120.78700,120.85000,100
2010-12-13 00:00:00+00:00,120.86600,121.59900,120.13900,121.53400,7444
2010-12-14 00:00:00+00:00,121.51800,121.53400,119.78100,119.90600,10290
2010-12-15 00:00:00+00:00,119.92200,120.64000,119.41200,119.67800,8588
2010-12-16 00:00:00+00:00,119.69300,120.37700,119.29500,120.26700,7850
2010-12-17 00:00:00+00:00,120.28300,121.18800,120.17300,121.03000,5523
2010-12-19 00:00:00+00:00,120.98200,120.98200,120.87200,120.96600,40
2010-12-20 00:00:00+00:00,120.95100,121.55800,120.66100,120.86400,5662
2010-12-21 00:00:00+00:00,120.88000,121.22100,120.59100,121.06000,4776
2010-12-22 00:00:00+00:00,121.04400,121.16500,120.51900,120.61200,4259
2010-12-23 00:00:00+00:00,120.59600,120.76800,120.16600,120.21200,3548
2010-12-26 00:00:00+00:00,120.18700,120.29700,120.18700,120.21800,61
2010-12-27 00:00:00+00:00,120.23400,120.77700,119.68000,120.61900,3461
2010-12-28 00:00:00+00:00,120.63400,121.05600,119.55900,119.76200,4508
2010-12-29 00:00:00+00:00,119.74700,121.02800,119.61600,120.85400,4839
2010-12-30 00:00:00+00:00,120.87000,120.94600,120.23500,120.76700,3982
2010-12-31 00:00:00+00:00,120.75200,121.13800,120.59000,120.99700,2289
2011-01-02 00:00:00+00:00,120.93200,120.96300,120.77500,120.80600,75
2011-01-03 00:00:00+00:00,120.79000,120.94000,120.09400,120.89200,5416
2011-01-04 00:00:00+00:00,120.87600,121.29500,120.62100,120.93100,5402
2011-01-05 00:00:00+00:00,120.94700,121.33600,119.74700,119.99700,8746
2011-01-06 00:00:00+00:00,120.01200,120.60300,119.93100,120.55400,5311
2011-01-07 00:00:00+00:00,120.57000,121.49000,120.12500,121.23700,8545
2011-01-09 00:00:00+00:00,121.34600,121.36200,121.23600,121.23600,69
2011-01-10 00:00:00+00:00,121.25200,121.59000,121.18700,121.55800,4647
2011-01-11 00:00:00+00:00,121.54200,121.69600,120.95600,121.11000,5061
2011-01-12 00:00:00+00:00,121.12600,121.21900,120.57100,121.02300,5254
2011-01-13 00:00:00+00:00,121.00800,121.75500,120.90900,121.64300,6688
2011-01-14 00:00:00+00:00,121.62800,122.03100,121.32500,121.43200,6358
2011-01-16 00:00:00+00:00,121.41500,121.44600,121.35200,121.44600,37
2011-01-17 00:00:00+00:00,121.46200,121.82000,121.31900,121.62600,1144
2011-01-18 00:00:00+00:00,121.61100,121.74700,120.71100,121.02200,6547
2011-01-19 00:00:00+00:00,121.03800,121.36100,120.83000,121.24900,4179
2011-01-20 00:00:00+00:00,121.23400,121.45200,120.17600,120.39400,6996
2011-01-21 00:00:00+00:00,120.41000,120.73200,120.16900,120.66900,4345
2011-01-23 00:00:00+00:00,120.62100,120.63700,120.52700,120.63700,29
2011-01-24 00:00:00+00:00,120.62100,120.92800,120.36700,120.70700,3309
2011-01-25 00:00:00+00:00,120.72200,121.50000,120.56000,121.20100,5818
2011-01-26 00:00:00+00:00,121.18500,121.21600,120.59800,120.81600,5890
2011-01-27 00:00:00+00:00,120.80000,121.17000,120.31000,120.98100,6947
2011-01-28 00:00:00+00:00,120.96500,121.74300,120.61500,121.60000,7052
2011-01-30 00:00:00+00:00,121.72500,121.86600,121.69300,121.78700,221
2011-01-31 00:00:00+00:00,121.75600,121.75600,121.01300,121.27700,5388
2011-02-01 00:00:00+00:00,121.27700,121.27700,120.45700,120.67400,5251
2011-02-02 00:00:00+00:00,120.68900,121.09200,120.08700,120.27400,5991
2011-02-03 00:00:00+00:00,120.28900,120.36600,119.57900,119.74800,6180
2011-02-04 00:00:00+00:00,119.76400,120.07300,118.75500,119.06700,9689
2011-02-06 00:00:00+00:00,118.95700,119.00400,118.92500,118.97200,54
2011-02-07 00:00:00+00:00,118.98800,119.05000,118.56200,119.01100,4298
2011-02-08 00:00:00+00:00,119.02700,119.07100,118.12600,118.12600,4985
2011-02-09 00:00:00+00:00,118.14200,119.01300,118.01500,118.72900,6660
2011-02-10 00:00:00+00:00,118.74500,119.02400,118.33100,118.48600,6322
2011-02-11 00:00:00+00:00,118.50200,119.23300,118.48600,118.83900,5485
2011-02-13 00:00:00+00:00,118.76000,118.82300,118.74400,118.80700,42
2011-02-14 00:00:00+00:00,118.79100,119.05100,118.58300,118.76800,3594
2011-02-15 00:00:00+00:00,118.78300,119.06000,118.49700,118.91600,4534
2011-02-16 00:00:00+00:00,118.90100,119.20800,118.61400,118.79900,6250
2011-02-17 00:00:00+00:00,118.81400,119.49800,118.81400,119.29200,5196
2011-02-18 00:00:00+00:00,119.30800,119.41100,118.91100,119.31600,4132
2011-02-20 00:00:00+00:00,119.25200,119.34600,119.23700,119.33100,54
2011-02-21 00:00:00+00:00,119.34600,119.68300,119.29700,119.66700,1537
2011-02-22 00:00:00+00:00,119.68300,120.38100,119.62000,120.22300,5618
2011-02-23 00:00:00+00:00,120.20700,120.49900,119.96500,120.01100,5164
2011-02-24 00:00:00+00:00,120.02700,120.57100,119.99500,120.09700,4695
2011-02-25 00:00:00+00:00,120.11300,120.46500,119.99900,120.43400,3200
2011-02-27 00:00:00+00:00,120.23400,120.26600,120.20300,120.25000,30
2011-02-28 00:00:00+00:00,120.26600,120.48300,120.03400,120.03400,3931
2011-03-01 00:00:00+00:00,120.05000,120.45000,119.60200,120.37100,5710
2011-03-02 00:00:00+00:00,120.35500,120.57300,119.77800,119.80800,4905
2011-03-03 00:00:00+00:00,119.82400,119.88200,118.94700,119.05600,6135
2011-03-04 00:00:00+00:00,119.04000,119.86700,118.70300,119.74000,7328
2011-03-06 00:00:00+00:00,119.65500,119.65500,119.60800,119.63900,54
2011-03-07 00:00:00+00:00,119.62300,119.97900,119.27000,119.56600,4887
2011-03-08 00:00:00+00:00,119.58100,119.84400,119.32100,119.39700,3596
2011-03-09 00:00:00+00:00,119.41300,120.20900,119.36600,119.98600,4668
2011-03-10 00:00:00+00:00,119.97000,120.97000,119.93800,120.84300,7156
2011-03-11 00:00:00+00:00,120.85800,121.24800,120.56700,120.69100,6493
2011-03-13 00:00:00+00:00,120.87400,121.04800,120.76400,120.88900,309
2011-03-14 00:00:00+00:00,120.90500,121.48200,120.60100,121.28800,5391
2011-03-15 00:00:00+00:00,121.27300,122.51600,121.21000,121.42000,9521
2011-03-16 00:00:00+00:00,121.43500,122.87800,121.13300,122.59100,12673
2011-03-17 00:00:00+00:00,122.60700,122.68500,121.56000,121.79200,7553
2011-03-18 00:00:00+00:00,121.77600,122.13500,121.39200,121.73500,6920
2011-03-20 00:00:00+00:00,121.71300,121.72900,121.38200,121.41300,269
2011-03-21 00:00:00+00:00,121.39700,121.55400,120.82400,121.10300,6802
2011-03-22 00:00:00+00:00,121.11900,121.22900,120.76600,121.01400,4528
2011-03-23 00:00:00+00:00,121.02900,121.42000,120.83200,120.98700,5524
2011-03-24 00:00:00+00:00,120.97100,121.15700,120.33100,120.42500,4628
2011-03-25 00:00:00+00:00,120.44100,120.67100,119.97600,120.13300,4517
2011-03-27 00:00:00+00:00,120.03200,120.06300,119.84300,119.93700,241
2011-03-28 00:00:00+00:00,119.95300,120.16300,119.71200,120.13100,4506
2011-03-29 00:00:00+00:00,120.14700,120.20900,119.55600,119.68000,3919
2011-03-30 00:00:00+00:00,119.66400,120.11100,119.47300,120.04700,4493
2011-03-31 00:00:00+00:00,120.06200,120.34000,119.59600,119.64300,6327
2011-04-01 00:00:00+00:00,119.62700,119.88600,119.13300,119.83800,7218
2011-04-03 00:00:00+00:00,119.83200,119.86300,119.72100,119.81500,70
2011-04-04 00:00:00+00:00,119.83100,120.27900,119.70000,119.88300,3855
2011-04-05 00:00:00+00:00,119.89900,120.22400,119.46600,119.57400,6063
2011-04-06 00:00:00+00:00,119.59000,119.66400,118.99700,119.07600,5050
2011-04-07 00:00:00+00:00,119.09100,119.49400,118.91300,119.22300,6012
2011-04-08 00:00:00+00:00,119.20700,119.25400,118.69800,119.05600,4174
2011-04-10 00:00:00+00:00,118.98700,118.98700,118.81400,118.86100,138
2011-04-11 00:00:00+00:00,118.84500,119.30900,118.82600,119.08600,3478
2011-04-12 00:00:00+00:00,119.10200,120.03700,119.08600,119.76700,5405
2011-04-13 00:00:00+00:00,119.75200,120.15200,119.47900,120.04000,5128
2011-04-14 00:00:00+00:00,120.05500,120.49000,119.76200,119.84000,5234
2011-04-15 00:00:00+00:00,119.85600,120.63500,119.82400,120.49100,5293
2011-04-17 00:00:00+00:00,120.48500,120.56300,120.45400,120.53100,82
2011-04-18 00:00:00+00:00,120.51600,120.93200,120.19600,120.78800,8791
2011-04-19 00:00:00+00:00,120.77200,121.03300,120.53100,120.76200,3837
2011-04-20 00:00:00+00:00,120.77700,120.79300,120.45300,120.48400,4120
2011-04-21 00:00:00+00:00,120.46800,120.88600,120.40100,120.63200,3531
2011-04-24 00:00:00+00:00,120.63000,120.67700,120.55100,120.58300,100
2011-04-25 00:00:00+00:00,120.56700,120.96700,120.56600,120.93300,2284
2011-04-26 00:00:00+00:00,120.91700,121.37900,120.82000,121.28400,4677
2011-04-27 00:00:00+00:00,121.26800,121.28300,120.72700,121.16300,5200
2011-04-28 00:00:00+00:00,121.17900,121.72000,121.16300,121.51300,5388
2011-04-29 00:00:00+00:00,121.49800,121.78700,121.35000,121.72400,3885
2011-05-01 00:00:00+00:00,121.67000,121.68600,121.54400,121.62200,151
2011-05-02 00:00:00+00:00,121.63800,121.99200,121.42900,121.76800,3678
2011-05-03 00:00:00+00:00,121.78400,122.04500,121.74600,121.97700,3202
2011-05-04 00:00:00+00:00,121.96200,122.30000,121.78300,122.24900,4809
2011-05-05 00:00:00+00:00,122.23300,122.72700,122.07400,122.63000,4505
2011-05-06 00:00:00+00:00,122.64600,122.96800,122.02800,122.79400,8518
2011-05-08 00:00:00+00:00,122.64600,122.66100,122.53500,122.55100,97
2011-05-09 00:00:00+00:00,122.56700,122.99900,122.48500,122.79100,3789
2011-05-10 00:00:00+00:00,122.80700,122.88200,122.29400,122.34100,3772
2011-05-11 00:00:00+00:00,122.35700,122.92900,122.17900,122.84800,5967
2011-05-12 00:00:00+00:00,122.86300,123.10900,122.44800,122.57000,5533
2011-05-13 00:00:00+00:00,122.58600,123.39400,122.48800,123.00000,5875
2011-05-15 00:00:00+00:00,123.05600,123.15000,123.02400,123.13300,153
2011-05-16 00:00:00+00:00,123.11800,123.28000,122.79800,123.21700,3575
2011-05-17 00:00:00+00:00,123.23200,123.55400,122.94600,123.26800,5102
2011-05-18 00:00:00+00:00,123.25300,123.54500,122.74100,122.78700,4952
2011-05-19 00:00:00+00:00,122.80300,123.01200,122.31100,122.90200,5630
2011-05-20 00:00:00+00:00,122.91800,123.23700,122.86500,123.22100,3979
2011-05-22 00:00:00+00:00,123.19900,123.30800,123.19900,123.26100,125
2011-05-23 00:00:00+00:00,123.24500,123.72700,123.23700,123.40700,4691
2011-05-24 00:00:00+00:00,123.39100,123.49100,123.05500,123.41100,4623
2011-05-25 00:00:00+00:00,123.39600,123.62800,123.31000,123.41600,5097
2011-05-26 00:00:00+00:00,123.43200,124.14100,123.19300,124.12600,5065
2011-05-27 00:00:00+00:00,124.11000,124.26000,123.80700,124.16300,3468
2011-05-29 00:00:00+00:00,123.89100,124.00100,123.87500,123.96900,49
2011-05-30 00:00:00+00:00,123.98500,124.00500,123.85400,123.90900,544
2011-05-31 00:00:00+00:00,123.92500,124.05800,123.49400,123.81800,4526
2011-06-01 00:00:00+00:00,123.80300,124.88100,123.72000,124.78600,5210
2011-06-02 00:00:00+00:00,124.77000,124.84500,124.22400,124.41000,5045
2011-06-03 00:00:00+00:00,124.39400,125.14600,124.36000,124.70000,6585
2011-06-05 00:00:00+00:00,124.67500,124.72200,124.62700,124.65800,104
2011-06-06 00:00:00+00:00,124.64200,124.78000,124.30400,124.66200,3861
2011-06-07 00:00:00+00:00,124.67800,124.79400,124.18100,124.60200,5094
2011-06-08 00:00:00+00:00,124.58700,125.24100,124.53600,125.01600,4726
2011-06-09 00:00:00+00:00,125.00100,125.27800,124.37600,124.54700,5977
2011-06-10 00:00:00+00:00,124.56200,125.06000,124.53100,124.80400,3887
2011-06-12 00:00:00+00:00,124.76300,124.79500,124.73100,124.76300,44
2011-06-13 00:00:00+00:00,124.74700,124.92800,124.33000,124.60900,3743
2011-06-14 00:00:00+00:00,124.59300,124.67100,123.63700,123.82300,5012
2011-06-15 00:00:00+00:00,123.83900,125.01300,123.72500,124.86800,6968
2011-06-16 00:00:00+00:00,124.85300,125.68200,124.72600,125.03000,9104
2011-06-17 00:00:00+00:00,125.01400,125.29400,124.72400,125.01900,4048
2011-06-19 00:00:00+00:00,124.99400,125.05700,124.94600,125.04100,108
2011-06-20 00:00:00+00:00,125.05600,125.47600,124.78000,124.88600,4464
2011-06-21 00:00:00+00:00,124.87100,125.05900,124.65400,124.73200,4215
2011-06-22 00:00:00+00:00,124.71700,125.24400,124.61200,124.92500,5350
2011-06-23 00:00:00+00:00,124.90900,125.67200,124.83000,125.27600,6247
2011-06-24 00:00:00+00:00,125.26000,126.02300,125.14500,125.92700,5465
2011-06-26 00:00:00+00:00,125.87000,125.96400,125.85400,125.88500,138
2011-06-27 00:00:00+00:00,125.86900,126.08700,125.40300,125.47900,4588
2011-06-28 00:00:00+00:00,125.46300,125.63300,124.25600,124.42700,6018
2011-06-29 00:00:00+00:00,124.44300,124.56800,123.59900,123.92700,8536
2011-06-30 00:00:00+00:00,123.94200,124.07700,122.86400,123.28400,8440
2011-07-01 00:00:00+00:00,123.28400,123.46700,122.67900,122.99100,5808
2011-07-03 00:00:00+00:00,122.95000,122.99700,122.91900,122.96500,54
2011-07-04 00:00:00+00:00,122.98100,123.34000,122.93300,123.06300,1288
2011-07-05 00:00:00+00:00,123.04800,123.71500,123.03200,123.61800,4390
2011-07-06 00:00:00+00:00,123.60200,124.16200,123.37900,123.73200,5239
2011-07-07 00:00:00+00:00,123.74800,123.80700,123.15800,123.42100,6394
2011-07-08 00:00:00+00:00,123.43700,124.83000,123.10000,124.54400,9385
2011-07-10 00:00:00+00:00,124.70700,124.77000,124.66000,124.73800,172
2011-07-11 00:00:00+00:00,124.72200,125.45400,124.48500,125.27700,6120
2011-07-12 00:00:00+00:00,125.26100,126.24800,125.22100,125.70500,8468
2011-07-13 00:00:00+00:00,125.68900,125.78900,125.07000,125.42500,7537
2011-07-14 00:00:00+00:00,125.44100,125.76800,125.14800,125.25600,6575
2011-07-15 00:00:00+00:00,125.24000,125.73400,125.06700,125.65400,6132
2011-07-17 00:00:00+00:00,125.67600,125.69200,125.56500,125.56500,82
2011-07-18 00:00:00+00:00,125.58100,125.97000,125.50900,125.61600,5080
2011-07-19 00:00:00+00:00,125.60000,125.87400,125.21700,125.60400,5644
2011-07-20 00:00:00+00:00,125.62000,125.63500,125.07300,125.12000,4460
2011-07-21 00:00:00+00:00,125.13600,125.49200,124.43500,124.76200,7675
2011-07-22 00:00:00+00:00,124.74600,125.11700,124.66400,125.06600,4184
2011-07-24 00:00:00+00:00,124.83600,124.97800,124.77400,124.94600,349
2011-07-25 00:00:00+00:00,124.93000,125.33100,124.56200,124.87100,5913
2011-07-26 00:00:00+00:00,124.88600,125.33300,124.47400,125.09400,6362
2011-07-27 00:00:00+00:00,125.07800,125.35600,124.70800,125.08200,5715
2011-07-28 00:00:00+00:00,125.09800,125.39000,124.87400,125.03800,5579
2011-07-29 00:00:00+00:00,125.05400,126.59900,125.03800,126.42600,7575
2011-07-31 00:00:00+00:00,126.08600,126.30600,126.07100,126.22700,310
2011-08-01 00:00:00+00:00,126.24300,127.05100,125.92800,126.68600,7513
2011-08-02 00:00:00+00:00,126.67000,127.77300,126.67000,127.74100,6418
2011-08-03 00:00:00+00:00,127.72500,127.97300,127.35900,127.46200,7173
2011-08-04 00:00:00+00:00,127.44600,128.98900,127.23800,128.81500,9300
2011-08-05 00:00:00+00:00,128.79900,129.32900,127.34600,127.64200,14812
2011-08-07 00:00:00+00:00,127.75800,127.96200,127.52200,127.66300,879
2011-08-08 00:00:00+00:00,127.67900,129.56500,127.53700,129.48700,11134
2011-08-09 00:00:00+00:00,129.47100,131.56300,128.36900,129.99200,19031
2011-08-10 00:00:00+00:00,130.00800,131.05000,129.48800,130.65400,14331
2011-08-11 00:00:00+00:00,130.63800,130.88300,129.51400,129.70000,13767
2011-08-12 00:00:00+00:00,129.71600,130.46100,129.65200,130.19100,7162
2011-08-14 00:00:00+00:00,130.19600,130.22700,130.07100,130.13300,178
2011-08-15 00:00:00+00:00,130.11700,130.45400,129.80800,129.88500,4344
2011-08-16 00:00:00+00:00,129.86900,130.70700,129.82200,130.51500,5717
2011-08-17 00:00:00+00:00,130.49900,130.86600,130.22500,130.70600,4421
2011-08-18 00:00:00+00:00,130.72200,132.07800,130.67400,131.39900,7497
2011-08-19 00:00:00+00:00,131.41400,131.63300,130.75000,131.26200,6598
2011-08-21 00:00:00+00:00,131.26700,131.37700,131.23600,131.29800,164
2011-08-22 00:00:00+00:00,131.28200,131.28200,130.63300,131.00300,4302
2011-08-23 00:00:00+00:00,130.98700,131.22800,130.44900,130.55100,6022
2011-08-24 00:00:00+00:00,130.53600,130.90800,129.64800,129.84900,6051
2011-08-25 00:00:00+00:00,129.83400,130.48400,129.64000,130.26000,8858
2011-08-26 00:00:00+00:00,130.27500,131.14500,130.11600,130.57800,6819
2011-08-28 00:00:00+00:00,130.52000,130.56700,130.44200,130.55100,125
2011-08-29 00:00:00+00:00,130.53500,130.55100,129.69800,130.14600,3373
2011-08-30 00:00:00+00:00,130.16200,130.87500,130.06400,130.46900,3319
2011-08-31 00:00:00+00:00,130.45300,130.70000,129.84800,130.00400,6339
2011-09-01 00:00:00+00:00,129.97200,130.68800,129.54200,130.57700,7132
2011-09-02 00:00:00+00:00,130.59300,131.40500,130.22600,131.27800,8057
2011-09-04 00:00:00+00:00,131.30700,131.33800,131.16500,131.32200,90
2011-09-05 00:00:00+00:00,131.30600,131.81700,131.19500,131.77000,1709
2011-09-06 00:00:00+00:00,131.75400,131.91100,131.10000,131.13100,5617
2011-09-07 00:00:00+00:00,131.11600,131.15800,130.64100,130.80800,5168
2011-09-08 00:00:00+00:00,130.82400,131.30700,130.80800,131.19300,4631
2011-09-09 00:00:00+00:00,131.17700,131.94200,130.96800,131.75100,6325
2011-09-11 00:00:00+00:00,131.90600,131.95300,131.70100,131.82700,241
2011-09-12 00:00:00+00:00,131.84300,132.01300,131.25300,131.39300,4379
2011-09-13 00:00:00+00:00,131.40900,131.61000,130.91500,131.02300,5115
2011-09-14 00:00:00+00:00,131.00700,131.37900,130.78000,130.98200,6494
2011-09-15 00:00:00+00:00,130.99800,131.10800,129.90800,130.45500,8048
2011-09-16 00:00:00+00:00,130.47000,130.63600,130.02500,130.62000,4354
2011-09-18 00:00:00+00:00,130.72800,130.86900,130.68000,130.83700,232
2011-09-19 00:00:00+00:00,130.85300,131.55200,130.66100,131.36300,5125
2011-09-20 00:00:00+00:00,131.34700,131.45500,130.98100,131.26000,4724
2011-09-21 00:00:00+00:00,131.24400,131.75700,130.95400,131.66000,9348
2011-09-22 00:00:00+00:00,131.67500,132.65900,131.64400,132.37400,8447
2011-09-23 00:00:00+00:00,132.35800,132.73100,131.53300,131.53300,7305
2011-09-25 00:00:00+00:00,131.38900,131.45200,131.24800,131.35700,365
2011-09-26 00:00:00+00:00,131.34100,131.87300,131.03600,131.16000,7043
2011-09-27 00:00:00+00:00,131.17500,131.25400,130.28800,130.63200,5761
2011-09-28 00:00:00+00:00,130.64800,130.83500,129.93500,130.65500,6431
2011-09-29 00:00:00+00:00,130.67100,130.74300,130.14700,130.45800,6502
2011-09-30 00:00:00+00:00,130.47300,131.17500,130.40800,130.92100,6844
2011-10-02 00:00:00+00:00,130.85600,131.06000,130.85600,130.87100,162
2011-10-03 00:00:00+00:00,130.88700,131.93200,130.85500,131.74200,7188
2011-10-04 00:00:00+00:00,131.75800,132.08200,131.21800,131.26200,7981
2011-10-05 00:00:00+00:00,131.27800,131.41900,130.68900,130.92300,6259
2011-10-06 00:00:00+00:00,130.93900,131.01600,130.09900,130.27100,6882
2011-10-07 00:00:00+00:00,130.28600,130.31700,129.12000,129.46200,8347
2011-10-09 00:00:00+00:00,129.47600,129.53900,129.39700,129.41200,239
2011-10-10 00:00:00+00:00,129.39700,129.41200,128.18100,128.58700,3986
2011-10-11 00:00:00+00:00,128.57100,129.08600,128.55600,128.92400,5928
2011-10-12 00:00:00+00:00,128.90800,129.09600,128.11700,128.64800,6505
2011-10-13 00:00:00+00:00,128.66400,129.42700,128.53600,129.11100,6808
2011-10-14 00:00:00+00:00,129.09500,129.18900,128.36800,128.56900,6049
2011-10-16 00:00:00+00:00,128.56700,128.63000,128.47300,128.55100,150
2011-10-17 00:00:00+00:00,128.53500,129.31300,128.21800,129.24900,5212
2011-10-18 00:00:00+00:00,129.23300,129.85600,128.92800,129.22400,7590
2011-10-19 00:00:00+00:00,129.20800,129.61000,128.85900,129.24700,6758
2011-10-20 00:00:00+00:00,129.23100,129.74300,128.94400,129.16000,8669
2011-10-21 00:00:00+00:00,129.14400,129.36100,128.74700,129.04200,5030
2011-10-23 00:00:00+00:00,129.22900,129.38500,129.14900,129.19600,236
2011-10-24 00:00:00+00:00,129.18100,129.31700,128.78100,128.90500,4347
2011-10-25 00:00:00+00:00,128.89000,129.79200,128.52500,129.69700,6968
2011-10-26 00:00:00+00:00,129.71200,129.71200,128.92100,129.06100,7469
2011-10-27 00:00:00+00:00,129.04500,129.21700,127.65800,127.76600,9324
2011-10-28 00:00:00+00:00,127.75000,128.68500,127.71600,128.46400,7118
2011-10-30 00:00:00+00:00,128.44700,128.60300,128.41500,128.58700,128
2011-10-31 00:00:00+00:00,128.60300,129.99000,128.49200,129.81700,7080
2011-11-01 00:00:00+00:00,129.81700,131.00100,129.67600,130.76400,11251
2011-11-02 00:00:00+00:00,130.74900,130.97500,130.16600,130.97500,7365
2011-11-03 00:00:00+00:00,130.95900,131.33500,130.23300,130.35500,7448
2011-11-04 00:00:00+00:00,130.37100,130.86700,130.02100,130.73900,6885
2011-11-06 00:00:00+00:00,130.56400,130.61100,130.37600,130.51700,156
2011-11-07 00:00:00+00:00,130.50100,131.20000,130.43800,130.75900,5587
2011-11-08 00:00:00+00:00,130.74300,130.96000,130.23400,130.29600,5281
2011-11-09 00:00:00+00:00,130.28000,131.37100,130.26400,131.08600,7679
2011-11-10 00:00:00+00:00,131.07000,131.25600,130.24900,130.70100,6731
2011-11-11 00:00:00+00:00,130.68500,130.71600,130.03600,130.28600,2308
2011-11-13 00:00:00+00:00,130.11100,130.14300,129.93900,130.06400,184
2011-11-14 00:00:00+00:00,130.07900,130.91900,130.03200,130.68200,4891
2011-11-15 00:00:00+00:00,130.66600,131.16300,130.53400,130.76700,5390
2011-11-16 00:00:00+00:00,130.75100,131.07800,130.57500,131.00900,4978
2011-11-17 00:00:00+00:00,131.02400,131.26800,130.56500,131.15600,7813
2011-11-18 00:00:00+00:00,131.14100,131.23200,130.43000,130.56900,5510
2011-11-20 00:00:00+00:00,130.62900,130.80100,130.61400,130.69200,114
2011-11-21 00:00:00+00:00,130.70700,131.01500,130.69000,130.91800,4614
2011-11-22 00:00:00+00:00,130.90200,131.12900,130.58600,131.05000,5692
2011-11-23 00:00:00+00:00,131.03400,131.55000,130.45000,131.27600,7433
2011-11-24 00:00:00+00:00,131.29100,131.33800,130.67800,131.01700,1552
2011-11-25 00:00:00+00:00,131.03200,131.17300,130.72900,130.82200,4001
2011-11-27 00:00:00+00:00,130.47400,130.56800,130.38000,130.42700,281
2011-11-28 00:00:00+00:00,130.41100,130.96700,129.98500,130.77800,6254
2011-11-29 00:00:00+00:00,130.79400,130.88000,130.24000,130.51500,5540
2011-11-30 00:00:00+00:00,130.50000,130.66900,129.58500,130.00600,8025
2011-12-01 00:00:00+00:00,130.00600,130.25500,129.59400,129.98400,5975
2011-12-02 00:00:00+00:00,130.00000,130.48100,129.32100,130.46500,6355
2011-12-04 00:00:00+00:00,130.31100,130.32700,130.10600,130.20100,142
2011-12-05 00:00:00+00:00,130.21600,130.41500,129.78800,130.17900,4590
2011-12-06 00:00:00+00:00,130.16300,130.38100,129.90800,129.99900,4552
2011-12-07 00:00:00+00:00,130.01500,130.70100,129.77700,130.51100,5350
2011-12-08 00:00:00+00:00,130.49600,131.08700,130.05200,130.91300,6137
2011-12-09 00:00:00+00:00,130.92900,131.14800,130.35800,130.38900,5188
2011-12-11 00:00:00+00:00,130.42300,130.42300,130.29700,130.39100,84
2011-12-12 00:00:00+00:00,130.37600,130.98400,130.36000,130.77800,3455
2011-12-13 00:00:00+00:00,130.79300,131.22800,130.49100,131.03800,5427
2011-12-14 00:00:00+00:00,131.02200,131.48900,130.86200,131.34600,5501
2011-12-15 00:00:00+00:00,131.36100,131.68900,131.07500,131.37100,5330
2011-12-16 00:00:00+00:00,131.35500,131.96300,131.16400,131.88300,4093
2011-12-18 00:00:00+00:00,131.77500,131.82300,131.72800,131.76000,30
2011-12-19 00:00:00+00:00,131.74400,132.03600,131.56800,131.87900,3488
2011-12-20 00:00:00+00:00,131.86300,131.86300,131.13400,131.15000,3827
2011-12-21 00:00:00+00:00,131.13400,131.47600,130.87900,131.03400,5056
2011-12-22 00:00:00+00:00,131.05000,131.29700,130.90600,131.05900,3490
2011-12-23 00:00:00+00:00,131.04300,131.05900,130.37900,130.47200,2140
2011-12-27 00:00:00+00:00,130.48100,130.63700,130.32400,130.50900,1690
2011-12-28 00:00:00+00:00,130.49300,131.25700,130.49300,131.11500,2392
2011-12-29 00:00:00+00:00,131.09900,131.45400,130.95400,131.24900,2329
2011-12-30 00:00:00+00:00,131.23400,131.76300,131.12400,131.62000,2668
2012-01-03 00:00:00+00:00,131.11100,131.37600,130.98200,130.99800,3840
2012-01-04 00:00:00+00:00,130.98200,131.22900,130.74200,130.99100,4403
2012-01-05 00:00:00+00:00,130.97500,131.36300,130.69000,130.98500,6741
2012-01-06 00:00:00+00:00,130.96900,131.37200,130.57300,131.24500,6003
2012-01-08 00:00:00+00:00,131.21700,131.37300,131.21700,131.29500,91
2012-01-09 00:00:00+00:00,131.27900,131.58800,131.04000,131.24100,3542
2012-01-10 00:00:00+00:00,131.22600,131.34600,130.90800,131.21900,3967
2012-01-11 00:00:00+00:00,131.20400,131.76300,131.13900,131.60500,5352
2012-01-12 00:00:00+00:00,131.62000,131.75800,131.34900,131.39500,4202
2012-01-13 00:00:00+00:00,131.41000,132.17400,131.33000,131.87500,4682
2012-01-15 00:00:00+00:00,131.98700,132.08100,131.95500,132.04900,98
2012-01-16 00:00:00+00:00,132.06500,132.14300,131.85700,131.90200,832
2012-01-17 00:00:00+00:00,131.91700,132.02300,131.58500,131.92700,3729
2012-01-18 00:00:00+00:00,131.91100,132.11100,131.60800,131.66900,3915
2012-01-19 00:00:00+00:00,131.68500,131.77900,130.89600,131.08300,5773
2012-01-20 00:00:00+00:00,131.09900,131.22100,130.60700,130.70100,4748
2012-01-22 00:00:00+00:00,130.71900,130.81300,130.70400,130.78200,117
2012-01-23 00:00:00+00:00,130.79700,130.93600,130.18200,130.46200,4736
2012-01-24 00:00:00+00:00,130.47800,130.58400,130.22300,130.44000,4527
2012-01-25 00:00:00+00:00,130.42400,131.75100,130.32800,131.31100,8715
2012-01-26 00:00:00+00:00,131.29500,131.87000,131.27900,131.69600,6141
2012-01-27 00:00:00+00:00,131.68000,132.17700,131.55200,132.09800,4674
2012-01-29 00:00:00+00:00,132.05300,132.14700,132.03700,132.13100,76
2012-01-30 00:00:00+00:00,132.11500,132.54900,132.04800,132.29700,4219
2012-01-31 00:00:00+00:00,132.28100,132.66700,132.01200,132.58800,4806
2012-02-01 00:00:00+00:00,132.58800,132.58800,132.23700,132.25300,4284
2012-02-02 00:00:00+00:00,132.26800,132.56100,132.19000,132.51200,4183
2012-02-03 00:00:00+00:00,132.49700,132.63400,131.59900,131.81700,8753
2012-02-05 00:00:00+00:00,131.83500,131.83500,131.75700,131.80400,73
2012-02-06 00:00:00+00:00,131.78800,132.09600,131.64300,131.87600,3686
2012-02-07 00:00:00+00:00,131.89100,131.96600,131.22900,131.44700,4578
2012-02-08 00:00:00+00:00,131.43100,131.49300,131.14700,131.37700,4425
2012-02-09 00:00:00+00:00,131.36200,131.46800,130.82500,131.16700,5734
2012-02-10 00:00:00+00:00,131.18300,131.75700,131.13600,131.47500,4797
2012-02-12 00:00:00+00:00,131.35200,131.41500,131.30500,131.39900,211
2012-02-13 00:00:00+00:00,131.38300,131.64500,131.13000,131.54900,3855
2012-02-14 00:00:00+00:00,131.53300,131.81000,131.32700,131.57400,4552
2012-02-15 00:00:00+00:00,131.58900,131.99100,131.43100,131.84900,4805
2012-02-16 00:00:00+00:00,131.86500,131.95700,131.04600,131.24800,6150
2012-02-17 00:00:00+00:00,131.26300,131.29400,130.80600,131.16400,4468
2012-02-19 00:00:00+00:00,130.99400,131.01000,130.77500,130.80600,172
2012-02-20 00:00:00+00:00,130.79000,130.96000,130.66200,130.90900,1242
2012-02-21 00:00:00+00:00,130.89300,131.03400,130.56000,130.71500,4540
2012-02-22 00:00:00+00:00,130.69900,131.27300,130.55600,131.16200,4674
2012-02-23 00:00:00+00:00,131.17800,131.47000,130.89300,131.25000,5313
2012-02-24 00:00:00+00:00,131.23400,131.44900,131.17000,131.36900,3190
2012-02-26 00:00:00+00:00,131.35600,131.37100,131.30900,131.34000,52
2012-02-27 00:00:00+00:00,131.32400,131.86700,131.30900,131.72500,3633
2012-02-28 00:00:00+00:00,131.70900,132.03300,131.51500,131.53100,3052
2012-02-29 00:00:00+00:00,131.51500,131.71800,130.96600,131.16900,7027
2012-03-01 00:00:00+00:00,131.20000,131.20000,130.55700,130.86900,5948
2012-03-02 00:00:00+00:00,130.85400,131.44700,130.75900,131.39900,4073
2012-03-04 00:00:00+00:00,131.37900,131.37900,131.28500,131.34800,114
2012-03-05 00:00:00+00:00,131.36300,131.51900,131.03300,131.04800,3583
2012-03-06 00:00:00+00:00,131.06400,131.75100,131.04800,131.57800,4589
2012-03-07 00:00:00+00:00,131.59400,131.65500,131.37300,131.43500,3875
2012-03-08 00:00:00+00:00,131.45100,131.49800,131.05800,131.12000,4099
2012-03-09 00:00:00+00:00,131.13500,131.21400,130.75900,131.02400,6346
2012-03-11 00:00:00+00:00,130.97300,131.08200,130.95700,131.05100,88
2012-03-12 00:00:00+00:00,131.03500,131.36200,130.92300,130.97000,3467
2012-03-13 00:00:00+00:00,130.95400,131.01700,130.07600,130.17000,5642
2012-03-14 00:00:00+00:00,130.18500,130.24800,128.83800,129.05600,8293
2012-03-15 00:00:00+00:00,129.04100,129.27400,128.43000,128.99200,8104
2012-03-16 00:00:00+00:00,129.00700,129.10100,128.30200,128.80200,7078
2012-03-18 00:00:00+00:00,128.78200,128.82900,128.75000,128.75000,75
2012-03-19 00:00:00+00:00,128.76600,129.10900,128.02900,128.05900,6529
2012-03-20 00:00:00+00:00,128.04400,128.60600,127.91700,128.29200,5397
2012-03-21 00:00:00+00:00,128.27600,128.83800,128.02600,128.74400,5966
2012-03-22 00:00:00+00:00,128.75900,129.16500,128.60300,128.83500,6073
2012-03-23 00:00:00+00:00,128.82000,129.49100,128.75700,129.24000,4471
2012-03-25 00:00:00+00:00,129.17300,129.18900,129.09500,129.09500,140
2012-03-26 00:00:00+00:00,129.11100,129.37500,128.81200,129.20200,4490
2012-03-27 00:00:00+00:00,129.18700,129.88900,129.12300,129.74800,5170
2012-03-28 00:00:00+00:00,129.76300,130.02800,129.52800,129.63600,5511
2012-03-29 00:00:00+00:00,129.62000,130.15100,129.60500,130.04100,5319
2012-03-30 00:00:00+00:00,130.02500,130.24300,129.44400,129.69500,5365
2012-04-01 00:00:00+00:00,129.61200,129.61200,129.39300,129.50200,252
2012-04-02 00:00:00+00:00,129.51800,130.11100,129.34600,129.95400,5533
2012-04-03 00:00:00+00:00,129.93800,130.23400,128.93500,129.02800,7098
2012-04-04 00:00:00+00:00,129.04400,129.71500,128.96600,129.60500,7036
2012-04-05 00:00:00+00:00,129.62100,130.44900,129.55700,130.10400,5831
2012-04-06 00:00:00+00:00,130.08800,131.26000,129.93000,131.22900,4455
2012-04-08 00:00:00+00:00,131.47400,131.47400,131.27000,131.33300,203
2012-04-09 00:00:00+00:00,131.34900,131.47200,131.05100,131.20500,3721
2012-04-10 00:00:00+00:00,131.22100,131.89200,131.08000,131.67300,6264
2012-04-11 00:00:00+00:00,131.68800,131.70400,131.29600,131.45100,5156
2012-04-12 00:00:00+00:00,131.46700,131.62200,131.15300,131.35500,5506
2012-04-13 00:00:00+00:00,131.34000,131.82300,131.30800,131.74400,4213
2012-04-15 00:00:00+00:00,131.72400,131.78700,131.67700,131.70800,106
2012-04-16 00:00:00+00:00,131.72400,132.05100,131.61300,131.73700,5338
2012-04-17 00:00:00+00:00,131.72200,131.92500,131.45500,131.54800,4001
2012-04-18 00:00:00+00:00,131.56300,131.82800,131.43700,131.70200,4172
2012-04-19 00:00:00+00:00,131.71700,131.95100,131.56000,131.79300,4224
2012-04-20 00:00:00+00:00,131.80900,131.91800,131.58900,131.85400,2876
2012-04-22 00:00:00+00:00,131.84900,131.91200,131.84900,131.88100,53
2012-04-23 00:00:00+00:00,131.89600,132.27000,131.83300,132.09700,3536
2012-04-24 00:00:00+00:00,132.11300,132.23800,131.76700,131.79800,3963
2012-04-25 00:00:00+00:00,131.81400,131.90700,131.31100,131.82700,6894
2012-04-26 00:00:00+00:00,131.81100,132.41900,131.71700,132.37200,5232
2012-04-27 00:00:00+00:00,132.38800,132.65300,132.05800,132.22900,5723
2012-04-29 00:00:00+00:00,132.25600,132.27200,132.22500,132.24000,74
2012-04-30 00:00:00+00:00,132.25600,132.48900,132.13000,132.36300,3798
2012-05-01 00:00:00+00:00,132.34800,132.51800,132.03300,132.11100,4613
2012-05-02 00:00:00+00:00,132.12600,132.51600,131.96900,132.28100,4924
2012-05-03 00:00:00+00:00,132.29600,132.40500,132.02900,132.23100,4187
2012-05-04 00:00:00+00:00,132.24700,132.80800,132.08900,132.74500,7163
2012-05-06 00:00:00+00:00,132.88200,133.08500,132.85000,133.05300,316
2012-05-07 00:00:00+00:00,133.03800,133.16200,132.70700,132.77000,3677
2012-05-08 00:00:00+00:00,132.78500,133.22200,132.69200,132.95500,4026
2012-05-09 00:00:00+00:00,132.93900,133.36000,132.92400,133.06200,4675
2012-05-10 00:00:00+00:00,133.07800,133.15400,132.63900,133.10700,5151
2012-05-11 00:00:00+00:00,133.09100,133.23200,132.96600,133.16800,3095
2012-05-13 00:00:00+00:00,133.21000,133.33500,133.21000,133.25700,143
2012-05-14 00:00:00+00:00,133.24100,133.69300,133.17800,133.58300,3995
2012-05-15 00:00:00+00:00,133.56700,133.69200,133.28500,133.48700,4621
2012-05-16 00:00:00+00:00,133.47100,133.67400,133.09500,133.37500,5297
2012-05-17 00:00:00+00:00,133.39100,133.88900,133.23300,133.82600,5653
2012-05-18 00:00:00+00:00,133.81000,133.91900,133.55900,133.68300,4471
2012-05-20 00:00:00+00:00,133.67900,133.81900,133.66300,133.71000,150
2012-05-21 00:00:00+00:00,133.69400,133.78700,133.42800,133.56700,3522
2012-05-22 00:00:00+00:00,133.55100,133.59800,133.19000,133.54900,5187
2012-05-23 00:00:00+00:00,133.53300,133.95400,133.47100,133.76600,5537
2012-05-24 00:00:00+00:00,133.75000,133.95200,133.40400,133.46600,5276
2012-05-25 00:00:00+00:00,133.45100,133.90200,133.38800,133.87100,3068
2012-05-27 00:00:00+00:00,133.80400,133.81900,133.61600,133.63200,200
2012-05-28 00:00:00+00:00,133.64700,133.83300,133.53700,133.81700,995
2012-05-29 00:00:00+00:00,133.83300,134.11200,133.62900,133.81500,4058
2012-05-30 00:00:00+00:00,133.83000,134.82900,133.81500,134.75000,3627
2012-05-31 00:00:00+00:00,134.73400,135.28000,134.41600,135.00900,6645
2012-06-01 00:00:00+00:00,134.99300,135.91700,134.89600,135.75600,8019
2012-06-03 00:00:00+00:00,135.69100,135.86400,135.69100,135.80100,210
2012-06-04 00:00:00+00:00,135.81700,135.81700,134.99200,135.03700,4634
2012-06-05 00:00:00+00:00,135.02100,135.20700,134.62300,134.77600,5042
2012-06-06 00:00:00+00:00,134.76100,134.92900,134.04700,134.18600,7230
2012-06-07 00:00:00+00:00,134.20100,134.47900,134.05500,134.44400,6157
2012-06-08 00:00:00+00:00,134.42900,135.07000,134.32700,134.35800,5965
2012-06-10 00:00:00+00:00,133.90000,133.91600,133.42800,133.72600,607
2012-06-11 00:00:00+00:00,133.74200,134.81900,133.61600,134.75600,5724
2012-06-12 00:00:00+00:00,134.77100,134.77100,134.01000,134.13400,6524
2012-06-13 00:00:00+00:00,134.14900,134.64600,133.75300,134.48700,7275
2012-06-14 00:00:00+00:00,134.47100,134.67100,134.05500,134.16400,6041
2012-06-15 00:00:00+00:00,134.17900,134.77100,134.16300,134.65900,5574
2012-06-17 00:00:00+00:00,134.09100,134.24800,134.02800,134.21600,474
2012-06-18 00:00:00+00:00,134.20000,134.79400,134.12200,134.63200,4547
2012-06-19 00:00:00+00:00,134.64800,134.77000,134.09100,134.29300,4845
2012-06-20 00:00:00+00:00,134.30900,134.38700,133.62700,133.93900,8403
2012-06-21 00:00:00+00:00,133.92300,134.32600,133.80900,134.13400,5922
2012-06-22 00:00:00+00:00,134.11900,134.21000,133.67400,133.75000,3936
2012-06-24 00:00:00+00:00,133.76300,133.85700,133.74800,133.84100,94
2012-06-25 00:00:00+00:00,133.85700,134.38300,133.82400,134.24100,4014
2012-06-26 00:00:00+00:00,134.22500,134.31700,133.93800,134.18500,4675
2012-06-27 00:00:00+00:00,134.20100,134.30400,133.99100,134.20800,4231
2012-06-28 00:00:00+00:00,134.22400,134.76800,134.14500,134.68600,4944
2012-06-29 00:00:00+00:00,134.67100,134.70200,133.83300,134.17600,7253
2012-07-01 00:00:00+00:00,134.14300,134.15800,133.98600,134.07900,118
2012-07-02 00:00:00+00:00,134.09500,134.92200,134.01300,134.68300,6231
2012-07-03 00:00:00+00:00,134.69900,134.71000,134.25200,134.37600,3869
2012-07-04 00:00:00+00:00,134.36000,134.62200,134.32600,134.50900,1154
2012-07-05 00:00:00+00:00,134.52400,134.75700,134.36200,134.59400,5082
2012-07-06 00:00:00+00:00,134.57800,135.07500,134.57800,134.94800,5061
2012-07-08 00:00:00+00:00,134.99300,135.03900,134.96100,135.02300,95
2012-07-09 00:00:00+00:00,135.00700,135.25500,134.95900,135.09300,3156
2012-07-10 00:00:00+00:00,135.10900,135.25900,134.96300,135.21000,2968
2012-07-11 00:00:00+00:00,135.22600,135.53300,135.02900,135.09100,4648
2012-07-12 00:00:00+00:00,135.10700,135.38700,135.10600,135.33400,3938
2012-07-13 00:00:00+00:00,135.34900,135.36500,134.95200,135.21600,3355
2012-07-15 00:00:00+00:00,135.16700,135.18300,135.13500,135.16600,45
2012-07-16 00:00:00+00:00,135.18200,135.58500,135.11900,135.23600,3767
2012-07-17 00:00:00+00:00,135.25200,135.42200,135.00800,135.05500,4078
2012-07-18 00:00:00+00:00,135.07000,135.36400,135.05400,135.18700,3296
2012-07-19 00:00:00+00:00,135.20300,135.27600,134.97800,135.06900,3703
2012-07-20 00:00:00+00:00,135.08400,135.53300,135.06800,135.46900,3324
2012-07-22 00:00:00+00:00,135.48200,135.57600,135.45100,135.54400,121
2012-07-23 00:00:00+00:00,135.56000,135.88600,135.47500,135.63000,4008
2012-07-24 00:00:00+00:00,135.64500,135.98200,135.32700,135.91900,4275
2012-07-25 00:00:00+00:00,135.93400,135.96400,135.47500,135.65900,4333
2012-07-26 00:00:00+00:00,135.67500,135.81300,135.32100,135.35200,4294
2012-07-27 00:00:00+00:00,135.36800,135.44600,134.29500,134.65500,6676
2012-07-29 00:00:00+00:00,134.66800,134.77800,134.59000,134.66800,331
2012-07-30 00:00:00+00:00,134.68300,135.06800,134.46100,134.98800,4904
2012-07-31 00:00:00+00:00,135.00400,135.31300,134.84500,135.18300,5187
2012-08-01 00:00:00+00:00,135.18300,135.19900,134.54800,134.54800,5611
2012-08-02 00:00:00+00:00,134.56300,135.34100,134.33900,134.99300,7223
2012-08-03 00:00:00+00:00,135.00900,135.11900,134.17200,134.40600,5945
2012-08-05 00:00:00+00:00,134.37300,134.37300,134.24700,134.26200,136
2012-08-06 00:00:00+00:00,134.27800,134.69500,134.26200,134.45700,3247
2012-08-07 00:00:00+00:00,134.47300,134.50200,133.80800,133.94700,4612
2012-08-08 00:00:00+00:00,133.96300,134.14700,133.67500,133.84400,3935
2012-08-09 00:00:00+00:00,133.82900,133.91900,133.50900,133.85100,4713
2012-08-10 00:00:00+00:00,133.83600,134.20700,133.82000,133.96900,3740
2012-08-12 00:00:00+00:00,133.99900,134.10800,133.98300,134.07600,69
2012-08-13 00:00:00+00:00,134.06000,134.18300,133.82100,133.94200,3311
2012-08-14 00:00:00+00:00,133.92700,133.95800,133.35500,133.41700,3918
2012-08-15 00:00:00+00:00,133.43200,133.49400,132.70400,132.76600,5358
2012-08-16 00:00:00+00:00,132.75000,132.99600,132.45100,132.71000,4865
2012-08-17 00:00:00+00:00,132.69500,132.95600,132.59800,132.78100,3243
2012-08-19 00:00:00+00:00,132.77900,132.79500,132.70100,132.79400,80
2012-08-20 00:00:00+00:00,132.77900,132.94600,132.43100,132.84800,2885
2012-08-21 00:00:00+00:00,132.86400,132.95000,132.43600,132.87100,3467
2012-08-22 00:00:00+00:00,132.88700,133.78700,132.88700,133.67700,5062
2012-08-23 00:00:00+00:00,133.66100,134.03100,133.55100,133.74600,4982
2012-08-24 00:00:00+00:00,133.76200,134.18000,133.72300,133.73900,3563
2012-08-26 00:00:00+00:00,133.73700,133.76800,133.65800,133.73600,109
2012-08-27 00:00:00+00:00,133.75200,134.07400,133.70400,133.93100,2402
2012-08-28 00:00:00+00:00,133.94600,134.28400,133.91500,134.07900,2962
2012-08-29 00:00:00+00:00,134.06300,134.21600,133.83800,134.03900,3521
2012-08-30 00:00:00+00:00,134.05400,134.43900,133.97300,134.15600,2352
2012-08-31 00:00:00+00:00,134.14000,134.88800,133.91500,134.87200,4638
2012-09-02 00:00:00+00:00,134.78900,134.86700,134.77300,134.85100,102
2012-09-03 00:00:00+00:00,134.86700,134.86700,134.61200,134.81000,1139
2012-09-04 00:00:00+00:00,134.82600,134.85700,134.36200,134.54900,4653
2012-09-05 00:00:00+00:00,134.53300,134.70300,134.30400,134.31900,3865
2012-09-06 00:00:00+00:00,134.33400,134.39700,133.63200,133.64800,6687
2012-09-07 00:00:00+00:00,133.66400,134.52400,133.23500,133.95500,8846
2012-09-09 00:00:00+00:00,133.96700,134.10800,133.96700,134.06000,138
2012-09-10 00:00:00+00:00,134.07600,134.19900,133.77000,134.00400,4837
2012-09-11 00:00:00+00:00,133.98800,134.14300,133.66700,133.78900,3639
2012-09-12 00:00:00+00:00,133.80500,133.80500,133.21600,133.37100,4937
2012-09-13 00:00:00+00:00,133.35500,133.89900,132.76600,133.81800,9951
2012-09-14 00:00:00+00:00,133.83300,133.83300,132.63200,132.77100,6895
2012-09-16 00:00:00+00:00,132.72000,132.73600,132.62600,132.73500,96
2012-09-17 00:00:00+00:00,132.71900,133.09200,132.65400,132.91400,4670
2012-09-18 00:00:00+00:00,132.93000,133.39700,132.91400,133.15700,3714
2012-09-19 00:00:00+00:00,133.14100,133.43400,132.93400,133.32000,3960
2012-09-20 00:00:00+00:00,133.33600,133.74200,133.20200,133.32600,4655
2012-09-21 00:00:00+00:00,133.31100,133.61700,133.10300,133.55400,4115
2012-09-23 00:00:00+00:00,133.53500,133.56500,133.47200,133.53400,83
2012-09-24 00:00:00+00:00,133.51800,133.87400,133.48600,133.77600,2911
2012-09-25 00:00:00+00:00,133.79200,134.12800,133.55000,134.06500,4158
2012-09-26 00:00:00+00:00,134.04900,134.48100,133.95300,134.35400,4720
2012-09-27 00:00:00+00:00,134.33800,134.39600,134.13000,134.23500,4714
2012-09-28 00:00:00+00:00,134.25000,134.63800,134.18700,134.30500,4967
2012-09-30 00:00:00+00:00,134.23800,134.44200,134.23800,134.41000,122
2012-10-01 00:00:00+00:00,134.41000,134.43500,134.12200,134.32200,4466
2012-10-02 00:00:00+00:00,134.33800,134.44100,134.14400,134.36000,3224
2012-10-03 00:00:00+00:00,134.37500,134.54700,134.26000,134.46000,3592
2012-10-04 00:00:00+00:00,134.47600,134.47600,134.04300,134.12100,3716
2012-10-05 00:00:00+00:00,134.13600,134.21100,133.57900,133.64100,5767
2012-10-07 00:00:00+00:00,133.59000,133.71500,133.59000,133.71500,71
2012-10-08 00:00:00+00:00,133.69900,133.97600,133.68300,133.86300,2515
2012-10-09 00:00:00+00:00,133.87800,134.03200,133.62200,133.83700,3443
2012-10-10 00:00:00+00:00,133.85300,134.04800,133.48600,134.00100,3820
2012-10-11 00:00:00+00:00,133.98500,134.06100,133.49200,133.88100,4330
2012-10-12 00:00:00+00:00,133.86500,134.18900,133.75100,133.98300,3434
2012-10-14 00:00:00+00:00,133.94800,133.99400,133.91500,133.93100,152
2012-10-15 00:00:00+00:00,133.94700,134.04100,133.70600,133.89000,2974
2012-10-16 00:00:00+00:00,133.87400,133.92100,133.26900,133.33100,3460
2012-10-17 00:00:00+00:00,133.31600,133.44000,132.60100,132.71000,4303
2012-10-18 00:00:00+00:00,132.72500,132.89200,132.49700,132.55900,4750
2012-10-19 00:00:00+00:00,132.54300,133.05500,132.54300,132.97400,3916
2012-10-21 00:00:00+00:00,132.93900,132.98600,132.89200,132.97000,105
2012-10-22 00:00:00+00:00,132.95400,132.98600,132.47400,132.50600,3456
2012-10-23 00:00:00+00:00,132.49000,133.00100,132.49000,132.88800,3318
2012-10-24 00:00:00+00:00,132.87300,133.03800,132.69500,132.78500,4127
2012-10-25 00:00:00+00:00,132.80000,132.80000,132.21500,132.36700,5729
2012-10-26 00:00:00+00:00,132.38300,133.13000,132.36700,133.11200,4061
2012-10-28 00:00:00+00:00,133.17100,133.28000,133.12400,133.15500,240
2012-10-29 00:00:00+00:00,133.13900,133.46000,133.04400,133.34900,2530
2012-10-30 00:00:00+00:00,133.36500,133.53600,133.05700,133.07300,2183
2012-10-31 00:00:00+00:00,133.08900,133.53600,132.86500,133.31500,4219
2012-11-01 00:00:00+00:00,133.33000,133.39200,133.10200,133.14800,3592
2012-11-02 00:00:00+00:00,133.13300,133.34900,132.76700,133.31200,4448
2012-11-04 00:00:00+00:00,133.27700,133.30800,133.24600,133.27700,47
2012-11-05 00:00:00+00:00,133.29200,133.66300,133.21400,133.50200,3272
2012-11-06 00:00:00+00:00,133.51800,133.59300,133.03900,133.17900,3950
2012-11-07 00:00:00+00:00,133.19500,134.11400,133.17900,133.85900,5924
2012-11-08 00:00:00+00:00,133.87500,134.36900,133.80700,134.30400,5740
2012-11-09 00:00:00+00:00,134.32000,134.59700,134.07800,134.29600,4090
2012-11-11 00:00:00+00:00,134.27600,134.32300,134.24500,134.30700,51
2012-11-12 00:00:00+00:00,134.29100,134.33200,134.09800,134.21900,1797
2012-11-13 00:00:00+00:00,134.20400,134.52900,134.17200,134.33500,3657
2012-11-14 00:00:00+00:00,134.35100,134.45200,134.03300,134.38800,3554
2012-11-15 00:00:00+00:00,134.37200,134.49100,134.14900,134.33200,3454
2012-11-16 00:00:00+00:00,134.34700,134.68500,134.26300,134.47900,3624
2012-11-18 00:00:00+00:00,134.42900,134.44400,134.30300,134.31900,92
2012-11-19 00:00:00+00:00,134.30300,134.35000,134.07800,134.27800,2534
2012-11-20 00:00:00+00:00,134.26200,134.27500,133.79900,133.84500,3208
2012-11-21 00:00:00+00:00,133.86100,134.00000,133.58800,133.67900,3837
2012-11-22 00:00:00+00:00,133.66400,133.71100,133.55000,133.62300,627
2012-11-23 00:00:00+00:00,133.63800,133.80700,133.55700,133.60000,1583
2012-11-25 00:00:00+00:00,133.54800,133.57900,133.51600,133.56300,110
2012-11-26 00:00:00+00:00,133.57900,133.96300,133.54700,133.75700,3008
2012-11-27 00:00:00+00:00,133.77300,134.04500,133.62900,134.02900,2877
2012-11-28 00:00:00+00:00,134.01400,134.27400,133.96500,134.06700,3041
2012-11-29 00:00:00+00:00,134.05100,134.29400,133.98300,134.19000,2031
2012-11-30 00:00:00+00:00,134.19400,134.38800,134.10900,134.22800,3306
2012-12-02 00:00:00+00:00,134.22800,134.27900,134.21700,134.23200,243
2012-12-03 00:00:00+00:00,134.23600,134.28400,133.93700,134.16800,5648
2012-12-04 00:00:00+00:00,134.17500,134.31800,134.02300,134.26800,6855
2012-12-05 00:00:00+00:00,134.27100,134.54300,134.14100,134.39900,10994
2012-12-06 00:00:00+00:00,134.40600,134.64200,134.38000,134.47500,6179
2012-12-07 00:00:00+00:00,134.46700,134.58700,134.10200,134.22400,9018
2012-12-09 00:00:00+00:00,134.20100,134.23600,134.18900,134.22000,2764
2012-12-10 00:00:00+00:00,134.21200,134.41900,134.15000,134.22600,5008
2012-12-11 00:00:00+00:00,134.23000,134.27300,133.90700,133.96600,5031
2012-12-12 00:00:00+00:00,133.97000,134.13100,133.61400,133.69100,8854
2012-12-13 00:00:00+00:00,133.69800,133.79600,133.26100,133.30600,12341
2012-12-14 00:00:00+00:00,133.31000,133.50700,133.18700,133.44600,5524
2012-12-16 00:00:00+00:00,133.36000,133.36400,133.23100,133.24700,298
2012-12-17 00:00:00+00:00,133.25400,133.38600,132.90100,132.97500,4037
2012-12-18 00:00:00+00:00,132.98200,133.00400,132.42000,132.63800,4704
2012-12-19 00:00:00+00:00,132.64200,132.94800,132.49300,132.83600,4188
2012-12-20 00:00:00+00:00,132.82800,132.97400,132.65600,132.68700,3908
2012-12-21 00:00:00+00:00,132.68000,133.23300,132.67200,132.99500,5462
2012-12-23 00:00:00+00:00,132.95400,132.99700,132.95000,132.98100,142
2012-12-24 00:00:00+00:00,132.98800,133.06000,132.83600,132.89800,771
2012-12-26 00:00:00+00:00,132.89800,133.15100,132.84700,133.08700,833
2012-12-27 00:00:00+00:00,133.08300,133.56700,132.87900,133.29900,4241
2012-12-28 00:00:00+00:00,133.30300,133.62500,133.28300,133.56000,4208
2012-12-30 00:00:00+00:00,133.50600,133.54600,133.45200,133.46800,99
2012-12-31 00:00:00+00:00,133.47500,133.59200,133.10200,133.32500,2928
2013-01-02 00:00:00+00:00,132.46300,132.74300,132.40800,132.67900,3302
2013-01-03 00:00:00+00:00,132.67500,132.75500,131.96600,132.02900,3831
2013-01-04 00:00:00+00:00,132.01300,132.13300,131.61700,132.11700,3107
2013-01-06 00:00:00+00:00,132.03300,132.10300,132.00900,132.10300,128
2013-01-07 00:00:00+00:00,132.11000,132.24300,131.98900,132.15900,3271
2013-01-08 00:00:00+00:00,132.15200,132.39000,132.03100,132.29300,3747
2013-01-09 00:00:00+00:00,132.28900,132.58600,132.15000,132.42800,3528
2013-01-10 00:00:00+00:00,132.43500,132.44300,131.98200,132.01300,4862
2013-01-11 00:00:00+00:00,132.00600,132.46200,131.90800,132.38400,4794
2013-01-12 00:00:00+00:00,132.38400,132.38400,132.38400,132.38400,1
2013-01-13 00:00:00+00:00,132.33800,132.47900,132.33800,132.44800,78
2013-01-14 00:00:00+00:00,132.46400,132.66400,132.29000,132.53500,3934
2013-01-15 00:00:00+00:00,132.53100,132.82900,132.51900,132.62300,4832
2013-01-16 00:00:00+00:00,132.63000,132.88500,132.63000,132.74100,3492
2013-01-17 00:00:00+00:00,132.73400,132.89700,132.17200,132.28000,5597
2013-01-18 00:00:00+00:00,132.28400,132.63600,132.10500,132.57200,3698
2013-01-20 00:00:00+00:00,132.50400,132.51100,132.44800,132.47900,102
2013-01-21 00:00:00+00:00,132.47200,132.54200,132.28600,132.36300,1224
2013-01-22 00:00:00+00:00,132.37000,132.71800,132.25200,132.60700,4588
2013-01-23 00:00:00+00:00,132.60300,132.83800,132.54400,132.77300,3203
2013-01-24 00:00:00+00:00,132.77600,132.91000,132.34500,132.49900,4951
2013-01-25 00:00:00+00:00,132.49200,132.54600,131.70300,131.75700,5593
2013-01-27 00:00:00+00:00,131.69600,131.69600,131.61800,131.68000,103
2013-01-28 00:00:00+00:00,131.69600,131.85000,131.26900,131.65800,2396
2013-01-29 00:00:00+00:00,131.66500,131.81000,131.44800,131.47900,6050
2013-01-30 00:00:00+00:00,131.47200,131.75700,131.27200,131.67600,8949
2013-01-31 00:00:00+00:00,131.66900,131.87700,131.46600,131.48100,5187
2013-02-01 00:00:00+00:00,131.48500,132.13500,131.24100,131.38100,10551
2013-02-03 00:00:00+00:00,131.28200,131.28900,131.08600,131.16400,364
2013-02-04 00:00:00+00:00,131.17100,131.98000,131.02000,131.86200,5508
2013-02-05 00:00:00+00:00,131.85800,131.93800,131.41900,131.55800,5437
2013-02-06 00:00:00+00:00,131.56500,131.92800,131.52400,131.88000,5928
2013-02-07 00:00:00+00:00,131.87600,132.18900,131.65700,131.95200,6110
2013-02-08 00:00:00+00:00,131.95900,132.15300,131.68100,131.99200,4881
2013-02-10 00:00:00+00:00,131.95600,131.96300,131.90000,131.90000,97
2013-02-11 00:00:00+00:00,131.90400,132.02300,131.75600,131.81500,3260
2013-02-12 00:00:00+00:00,131.81100,131.93800,131.62300,131.68300,3705
2013-02-13 00:00:00+00:00,131.69000,131.76000,131.25500,131.34800,5024
2013-02-14 00:00:00+00:00,131.34100,131.81200,131.25100,131.76400,5697
2013-02-15 00:00:00+00:00,131.75700,131.94900,131.49300,131.71100,4964
2013-02-17 00:00:00+00:00,131.70500,131.70500,131.63400,131.65000,84
2013-02-18 00:00:00+00:00,131.64300,131.74100,131.55600,131.70600,2353
2013-02-19 00:00:00+00:00,131.71000,131.85800,131.49700,131.51100,4180
2013-02-20 00:00:00+00:00,131.50800,131.75600,131.33500,131.69300,6078
2013-02-21 00:00:00+00:00,131.70000,132.15700,131.63000,131.95200,5725
2013-02-22 00:00:00+00:00,131.95600,132.13500,131.80800,132.10200,6239
2013-02-24 00:00:00+00:00,131.93200,131.97900,131.90100,131.96300,106
2013-02-25 00:00:00+00:00,131.95600,132.91100,131.80300,132.78500,7853
2013-02-26 00:00:00+00:00,132.78200,133.09600,132.64000,132.77900,8015
2013-02-27 00:00:00+00:00,132.77500,133.11900,132.67900,132.75600,6405
2013-02-28 00:00:00+00:00,132.76400,133.00300,132.72000,132.96900,5887
2013-03-01 00:00:00+00:00,132.94900,133.16800,132.85700,133.15000,5756
2013-03-03 00:00:00+00:00,133.13600,133.15200,133.08200,133.13600,51
2013-03-04 00:00:00+00:00,133.12000,133.25900,132.88000,132.93400,5056
2013-03-05 00:00:00+00:00,132.93800,132.97300,132.65600,132.77100,8479
2013-03-06 00:00:00+00:00,132.77500,132.79400,132.41500,132.49700,6076
2013-03-07 00:00:00+00:00,132.49300,132.57800,131.89300,131.92500,5315
2013-03-08 00:00:00+00:00,131.93200,131.97200,131.24000,131.53500,7225
2013-03-10 00:00:00+00:00,131.51100,131.52700,131.44800,131.47900,118
2013-03-11 00:00:00+00:00,131.48600,131.58400,131.24600,131.32500,3641
2013-03-12 00:00:00+00:00,131.33200,131.75900,131.30700,131.67500,4524
2013-03-13 00:00:00+00:00,131.66800,131.82700,131.41500,131.60000,5828
2013-03-14 00:00:00+00:00,131.59300,131.74900,131.27900,131.65100,5723
2013-03-15 00:00:00+00:00,131.65900,132.11500,131.55100,132.06700,2705
2013-03-17 00:00:00+00:00,132.42000,132.76600,132.40400,132.70300,708
2013-03-18 00:00:00+00:00,132.71000,132.80900,132.23700,132.36000,6749
2013-03-19 00:00:00+00:00,132.35600,132.85500,132.20100,132.77300,8210
2013-03-20 00:00:00+00:00,132.76600,132.85100,132.28900,132.33500,9268
2013-03-21 00:00:00+00:00,132.32800,132.67100,132.25400,132.63900,7521
2013-03-22 00:00:00+00:00,132.63100,132.74400,132.33200,132.51700,6401
2013-03-24 00:00:00+00:00,132.52400,132.54000,132.30300,132.33400,255
2013-03-25 00:00:00+00:00,132.32700,132.78200,132.13900,132.59000,5015
2013-03-26 00:00:00+00:00,132.60600,132.75400,132.34700,132.65600,7541
2013-03-27 00:00:00+00:00,132.64900,133.32600,132.62300,133.18000,8461
2013-03-28 00:00:00+00:00,133.17200,133.34800,132.90200,132.94900,8329
2013-03-31 00:00:00+00:00,132.74300,132.83200,132.69100,132.81600,162
2013-04-01 00:00:00+00:00,132.82500,133.20200,132.71500,133.08700,2665
2013-04-02 00:00:00+00:00,133.09500,133.19500,132.85800,132.93300,5269
2013-04-03 00:00:00+00:00,132.94100,133.45900,132.77000,133.40900,8131
2013-04-04 00:00:00+00:00,133.41300,133.79600,133.26200,133.68000,12466
2013-04-05 00:00:00+00:00,133.68400,134.28700,133.56600,133.92100,10750
2013-04-07 00:00:00+00:00,133.92800,134.05200,133.92700,134.03700,185
2013-04-08 00:00:00+00:00,134.02900,134.03700,133.61600,133.69400,7771
2013-04-09 00:00:00+00:00,133.69000,133.87600,133.54700,133.66600,5558
2013-04-10 00:00:00+00:00,133.66200,133.71300,133.20000,133.24500,8492
2013-04-11 00:00:00+00:00,133.23800,133.49000,133.18200,133.35900,6636
2013-04-12 00:00:00+00:00,133.36600,133.85300,133.36600,133.83500,6957
2013-04-13 00:00:00+00:00,133.83500,133.83500,133.83500,133.83500,2
2013-04-14 00:00:00+00:00,133.79900,133.85700,133.77800,133.79400,118
2013-04-15 00:00:00+00:00,133.79000,134.06600,133.68000,133.95400,8618
2013-04-16 00:00:00+00:00,133.95800,134.00100,133.58600,133.73800,6958
2013-04-17 00:00:00+00:00,133.74500,134.05900,133.60800,133.86700,6983
2013-04-18 00:00:00+00:00,133.88300,133.98600,133.70400,133.83900,8286
2013-04-19 00:00:00+00:00,133.83200,133.86400,133.65900,133.71800,5974
2013-04-21 00:00:00+00:00,133.66200,133.70900,133.66100,133.66100,122
2013-04-22 00:00:00+00:00,133.65400,133.95200,133.48300,133.85300,4822
2013-04-23 00:00:00+00:00,133.85700,134.25300,133.70100,133.74600,10979
2013-04-24 00:00:00+00:00,133.73900,133.87900,133.56900,133.75000,5482
2013-04-25 00:00:00+00:00,133.75400,133.80900,133.56900,133.78500,4736
2013-04-26 00:00:00+00:00,133.78100,134.12200,133.73700,134.07200,3787
2013-04-28 00:00:00+00:00,134.03200,134.11000,134.03200,134.10900,104
2013-04-29 00:00:00+00:00,134.10100,134.17000,133.97800,134.06600,2962
2013-04-30 00:00:00+00:00,134.07300,134.35700,133.89700,133.97500,5512
2013-05-01 00:00:00+00:00,133.98200,134.37400,133.92300,134.27600,3226
2013-05-02 00:00:00+00:00,134.26900,134.31200,134.00300,134.24900,6827
2013-05-03 00:00:00+00:00,134.24100,134.24800,133.34500,133.43700,9525
2013-05-05 00:00:00+00:00,133.47500,133.49000,133.41200,133.47400,183
2013-05-06 00:00:00+00:00,133.47000,133.47400,133.18200,133.32100,3535
2013-05-07 00:00:00+00:00,133.32800,133.41300,133.06300,133.19900,4496
2013-05-08 00:00:00+00:00,133.19200,133.37900,133.05200,133.28100,4133
2013-05-09 00:00:00+00:00,133.27700,133.49400,133.17700,133.19000,5285
2013-05-10 00:00:00+00:00,133.19400,133.20600,132.36700,132.56800,8846
2013-05-12 00:00:00+00:00,132.33200,132.37100,132.19800,132.24400,735
2013-05-13 00:00:00+00:00,132.24800,132.61500,132.24400,132.49900,6794
2013-05-14 00:00:00+00:00,132.50600,132.58600,131.95500,132.00100,7270
2013-05-15 00:00:00+00:00,132.00800,132.44800,131.93600,132.28600,7958
2013-05-16 00:00:00+00:00,132.30200,132.93500,132.14000,132.77600,10186
2013-05-17 00:00:00+00:00,132.76900,132.92700,132.18700,132.23200,6836
2013-05-19 00:00:00+00:00,132.25500,132.27000,132.12900,132.17500,402
2013-05-20 00:00:00+00:00,132.18300,132.46700,132.01100,132.17900,5953
2013-05-21 00:00:00+00:00,132.18300,132.48100,131.85900,132.37100,7640
2013-05-22 00:00:00+00:00,132.37400,132.70800,131.34000,131.35600,38397
2013-05-23 00:00:00+00:00,131.35200,132.07200,131.21500,131.54700,30518
2013-05-24 00:00:00+00:00,131.54000,131.91600,131.48500,131.62300,10316
2013-05-26 00:00:00+00:00,131.55900,131.57400,131.46500,131.55800,283
2013-05-27 00:00:00+00:00,131.56200,131.68000,131.36200,131.48400,3530
2013-05-28 00:00:00+00:00,131.49100,131.49900,130.34400,130.36000,12687
2013-05-29 00:00:00+00:00,130.35600,130.80400,129.85600,130.74000,13457
2013-05-30 00:00:00+00:00,130.75500,130.96500,130.42000,130.78900,11065
2013-05-31 00:00:00+00:00,130.78200,131.19400,129.99200,130.63700,21933
2013-06-02 00:00:00+00:00,130.48800,130.58300,130.36100,130.44000,778
2013-06-03 00:00:00+00:00,130.43600,131.12700,130.10400,130.61800,23068
2013-06-04 00:00:00+00:00,130.62600,130.77500,130.32800,130.43400,11683
2013-06-05 00:00:00+00:00,130.43000,130.93300,130.35500,130.72200,16951
2013-06-06 00:00:00+00:00,130.71500,131.62900,130.48000,130.99500,26288
2013-06-07 00:00:00+00:00,130.98800,131.27300,130.05500,130.08700,33255
2013-06-09 00:00:00+00:00,130.11100,130.12700,130.01600,130.04700,614
2013-06-10 00:00:00+00:00,130.04000,130.26700,129.64600,129.80000,13297
2013-06-11 00:00:00+00:00,129.80400,130.09100,129.18000,129.97000,23193
2013-06-12 00:00:00+00:00,129.97400,130.17600,129.64100,129.73900,15173
2013-06-13 00:00:00+00:00,129.73100,130.54100,129.73100,130.33400,14092
2013-06-14 00:00:00+00:00,130.35000,130.86300,130.33200,130.64000,8482
2013-06-16 00:00:00+00:00,130.60100,130.61700,130.50600,130.52200,315
2013-06-17 00:00:00+00:00,130.52900,130.79900,130.19600,130.25800,11006
2013-06-18 00:00:00+00:00,130.24300,130.34500,129.96900,130.21600,11264
2013-06-19 00:00:00+00:00,130.23200,130.38300,128.26800,128.33100,42677
2013-06-20 00:00:00+00:00,128.33800,128.55100,127.61700,128.21000,38744
2013-06-21 00:00:00+00:00,128.20200,128.34700,126.98800,127.09800,35463
2013-06-23 00:00:00+00:00,127.13900,127.17100,126.98100,127.02800,658
2013-06-24 00:00:00+00:00,127.02400,127.17700,125.95200,127.04900,41399
2013-06-25 00:00:00+00:00,127.05600,127.47000,126.25100,126.39300,31311
2013-06-26 00:00:00+00:00,126.39600,127.34700,126.36100,127.09000,31697
2013-06-27 00:00:00+00:00,127.09400,127.68200,126.97700,127.61400,21904
2013-06-28 00:00:00+00:00,127.61100,127.81500,126.86900,127.35300,25294
2013-06-30 00:00:00+00:00,127.24500,127.34700,127.15700,127.15700,458
2013-07-01 00:00:00+00:00,127.19600,127.54100,126.83800,127.44500,14262
2013-07-02 00:00:00+00:00,127.44100,127.66200,127.28000,127.48200,10893
2013-07-03 00:00:00+00:00,127.48900,127.91800,127.01500,127.09300,14508
2013-07-04 00:00:00+00:00,127.10000,127.43300,126.83500,127.03500,6063
2013-07-05 00:00:00+00:00,127.02700,127.06600,125.29600,125.29600,22288
2013-07-07 00:00:00+00:00,125.35300,125.36900,125.21100,125.22600,405
2013-07-08 00:00:00+00:00,125.21100,126.11400,125.14700,126.06500,7728
2013-07-09 00:00:00+00:00,126.05700,126.37100,125.90300,126.14800,8541
2013-07-10 00:00:00+00:00,126.15500,127.25400,125.91900,127.11200,19870
2013-07-11 00:00:00+00:00,127.10500,127.15700,126.75900,127.08600,15825
2013-07-12 00:00:00+00:00,127.09300,127.53500,126.81000,126.96600,10335
2013-07-14 00:00:00+00:00,126.85000,126.91200,126.81800,126.89600,2861
2013-07-15 00:00:00+00:00,126.89200,127.31100,126.52900,127.29400,8502
2013-07-16 00:00:00+00:00,127.28600,127.52400,127.14900,127.26700,10921
2013-07-17 00:00:00+00:00,127.26000,128.00000,127.04200,127.78300,17116
2013-07-18 00:00:00+00:00,127.77900,127.95900,127.29500,127.49700,9324
2013-07-19 00:00:00+00:00,127.50100,127.82000,127.38200,127.75500,7673
2013-07-21 00:00:00+00:00,127.74800,127.82600,127.71700,127.79400,1187
2013-07-22 00:00:00+00:00,127.81000,127.95000,127.70800,127.79900,5609
2013-07-23 00:00:00+00:00,127.80700,127.84400,127.41600,127.60000,6871
2013-07-24 00:00:00+00:00,127.59300,127.64600,126.72800,126.99300,9484
2013-07-25 00:00:00+00:00,126.99600,127.26600,126.70300,127.21700,13692
2013-07-26 00:00:00+00:00,127.21400,127.40000,127.05600,127.23900,7242
2013-07-28 00:00:00+00:00,127.21700,127.26400,127.20100,127.26400,243
2013-07-29 00:00:00+00:00,127.26000,127.37000,126.94200,127.00100,5727
2013-07-30 00:00:00+00:00,126.99800,127.20000,126.90000,126.97500,6824
2013-07-31 00:00:00+00:00,126.98200,127.10800,126.06700,127.02700,16138
2013-08-01 00:00:00+00:00,127.03100,127.04300,125.87100,125.99600,11631
2013-08-02 00:00:00+00:00,125.98900,127.13300,125.67700,127.11700,15139
2013-08-04 00:00:00+00:00,127.07100,127.12600,127.04700,127.06200,276
2013-08-05 00:00:00+00:00,127.07000,127.10600,126.66400,126.87900,6068
2013-08-06 00:00:00+00:00,126.88300,126.95600,126.67100,126.85300,5626
2013-08-07 00:00:00+00:00,126.86000,127.20500,126.80500,127.12400,7926
2013-08-08 00:00:00+00:00,127.11700,127.35600,127.04000,127.16000,5806
2013-08-09 00:00:00+00:00,127.16400,127.31200,127.09100,127.27600,4135
2013-08-11 00:00:00+00:00,127.23400,127.30000,127.23100,127.28500,559
2013-08-12 00:00:00+00:00,127.28800,127.38800,126.81900,126.85100,4406
2013-08-13 00:00:00+00:00,126.84700,126.88200,125.98000,126.05600,7503
2013-08-14 00:00:00+00:00,126.07200,126.28700,125.95900,126.23400,6979
2013-08-15 00:00:00+00:00,126.23000,126.24600,125.19400,125.83100,15499
2013-08-16 00:00:00+00:00,125.82700,125.83100,125.00800,125.36700,10872
2013-08-18 00:00:00+00:00,125.33000,125.33000,125.17200,125.18800,5837
2013-08-19 00:00:00+00:00,125.18100,125.21900,124.82000,125.03700,8356
2013-08-20 00:00:00+00:00,125.04400,125.61200,124.98900,125.43300,8515
2013-08-21 00:00:00+00:00,125.42600,125.54200,124.62400,124.71800,12484
2013-08-22 00:00:00+00:00,124.72500,124.85200,124.37100,124.58200,11631
2013-08-23 00:00:00+00:00,124.58900,125.32700,124.29500,125.21500,10119
2013-08-25 00:00:00+00:00,125.20800,125.20800,125.08300,125.11400,432
2013-08-26 00:00:00+00:00,125.10600,125.51500,125.06400,125.41600,5030
2013-08-27 00:00:00+00:00,125.42000,126.12800,125.29000,126.06300,7180
2013-08-28 00:00:00+00:00,126.05900,126.07700,125.36600,125.55100,7008
2013-08-29 00:00:00+00:00,125.53600,125.79400,125.06100,125.57200,8668
2013-08-30 00:00:00+00:00,125.57900,125.80100,125.25000,125.25800,8939
2013-09-01 00:00:00+00:00,125.09500,125.13400,124.97000,125.09400,1028
2013-09-02 00:00:00+00:00,125.09000,125.11500,124.75400,124.81000,3378
2013-09-03 00:00:00+00:00,124.81700,125.05500,124.30200,124.72900,12124
2013-09-04 00:00:00+00:00,124.73200,124.84000,124.25900,124.31900,13418
2013-09-05 00:00:00+00:00,124.31500,124.39700,123.54300,123.62000,17284
2013-09-06 00:00:00+00:00,123.62400,124.87400,123.49300,124.26800,18545
2013-09-08 00:00:00+00:00,124.23100,124.24600,124.16800,124.18300,300
2013-09-09 00:00:00+00:00,124.17500,124.70900,124.12000,124.41300,4873
2013-09-10 00:00:00+00:00,124.42000,124.44300,123.99500,124.05400,7319
2013-09-11 00:00:00+00:00,124.06100,124.66000,124.00600,124.56200,8785
2013-09-12 00:00:00+00:00,124.57000,125.01300,124.52400,124.55000,9338
2013-09-13 00:00:00+00:00,124.54600,124.85900,124.12100,124.80800,10856
2013-09-15 00:00:00+00:00,125.43000,125.93400,125.36700,125.66500,2690
2013-09-16 00:00:00+00:00,125.65800,125.87900,125.08700,125.24300,11239
2013-09-17 00:00:00+00:00,125.24700,125.49200,125.14100,125.34100,6315
2013-09-18 00:00:00+00:00,125.34900,127.03400,124.86100,126.82700,24393
2013-09-19 00:00:00+00:00,126.82000,127.09200,126.23200,126.32600,12324
2013-09-20 00:00:00+00:00,126.33300,126.54300,126.03600,126.37900,6130
2013-09-22 00:00:00+00:00,126.35400,126.46300,126.32200,126.46300,128
2013-09-23 00:00:00+00:00,126.45600,126.68900,126.15800,126.64000,4419
2013-09-24 00:00:00+00:00,126.64700,127.10400,126.58900,126.94300,5833
2013-09-25 00:00:00+00:00,126.93900,127.35800,126.86100,127.15100,6495
2013-09-26 00:00:00+00:00,127.15800,127.28800,126.97000,127.07600,6646
2013-09-27 00:00:00+00:00,127.06000,127.50800,126.93300,127.30100,5475
2013-09-29 00:00:00+00:00,127.53600,127.66900,127.52800,127.62200,629
2013-09-30 00:00:00+00:00,127.61800,127.63700,127.09300,127.38900,6670
2013-10-01 00:00:00+00:00,127.39300,127.42000,126.92800,127.01400,9336
2013-10-02 00:00:00+00:00,127.00700,127.62100,126.95500,127.42700,7410
2013-10-03 00:00:00+00:00,127.43400,127.81200,127.12300,127.47800,9241
2013-10-04 00:00:00+00:00,127.48200,127.53700,127.06000,127.12100,5600
2013-10-06 00:00:00+00:00,127.20600,127.28400,127.20600,127.23600,262
2013-10-07 00:00:00+00:00,127.24300,127.47300,127.16300,127.27100,4335
2013-10-08 00:00:00+00:00,127.26300,127.39600,126.99700,127.30600,6538
2013-10-09 00:00:00+00:00,127.31000,127.33200,126.93500,127.02600,7685
2013-10-10 00:00:00+00:00,127.03300,127.15600,126.54800,126.90400,12770
2013-10-11 00:00:00+00:00,126.89700,127.25800,126.80400,126.94000,6826
2013-10-13 00:00:00+00:00,127.12800,127.18200,127.05600,127.05600,353
2013-10-14 00:00:00+00:00,127.06000,127.12300,126.47800,126.52500,2379
2013-10-15 00:00:00+00:00,126.53200,126.87900,126.49700,126.49700,7014
2013-10-16 00:00:00+00:00,126.50000,127.10000,126.31700,127.05000,11472
2013-10-17 00:00:00+00:00,127.04300,127.78000,127.03500,127.62000,10243
2013-10-18 00:00:00+00:00,127.62400,128.13300,127.60100,127.71900,8182
2013-10-20 00:00:00+00:00,127.66200,127.66200,127.61500,127.64600,217
2013-10-21 00:00:00+00:00,127.63300,127.70800,127.36900,127.49200,4250
2013-10-22 00:00:00+00:00,127.48500,128.31300,127.44400,128.29700,8746
2013-10-23 00:00:00+00:00,128.29000,128.50700,128.22700,128.28400,6447
2013-10-24 00:00:00+00:00,128.27600,128.46600,128.05300,128.13100,6451
2013-10-25 00:00:00+00:00,128.13400,128.35900,128.12400,128.23000,6160
2013-10-27 00:00:00+00:00,128.22000,128.26700,128.18800,128.18800,256
2013-10-28 00:00:00+00:00,128.19100,128.30500,128.04300,128.20700,4312
2013-10-29 00:00:00+00:00,128.19900,128.38500,128.09000,128.33600,5468
2013-10-30 00:00:00+00:00,128.33200,128.68700,127.93300,128.02500,9311
2013-10-31 00:00:00+00:00,128.03200,128.37900,127.70300,127.80800,7774
2013-11-01 00:00:00+00:00,127.81200,127.86700,127.29700,127.35800,7441
2013-11-03 00:00:00+00:00,127.28500,127.28500,127.25300,127.25300,153
2013-11-04 00:00:00+00:00,127.26100,127.62200,127.25200,127.52400,2582
2013-11-05 00:00:00+00:00,127.53100,127.60100,126.93400,127.10300,5390
2013-11-06 00:00:00+00:00,127.10700,127.56500,127.05400,127.45200,5945
2013-11-07 00:00:00+00:00,127.45600,127.94700,127.40100,127.70600,9941
2013-11-08 00:00:00+00:00,127.71000,128.21700,126.47500,126.61200,14977
2013-11-10 00:00:00+00:00,126.55600,126.57200,126.49300,126.54000,156
2013-11-11 00:00:00+00:00,126.54400,126.74000,126.48100,126.48100,1660
2013-11-12 00:00:00+00:00,126.48800,126.55800,126.19300,126.35900,6357
2013-11-13 00:00:00+00:00,126.35100,127.22600,126.32700,127.17700,5792
2013-11-14 00:00:00+00:00,127.17000,127.40100,126.87200,127.35300,9976
2013-11-15 00:00:00+00:00,127.34600,127.38400,127.01700,127.23200,4506
2013-11-17 00:00:00+00:00,127.10500,127.12900,127.08100,127.09700,175
2013-11-18 00:00:00+00:00,127.10100,127.54100,127.06400,127.47700,4135
2013-11-19 00:00:00+00:00,127.48400,127.55400,127.09000,127.21300,5657
2013-11-20 00:00:00+00:00,127.20600,127.44100,126.49600,126.54300,12704
2013-11-21 00:00:00+00:00,126.55000,126.81600,126.26900,126.73400,10993
2013-11-22 00:00:00+00:00,126.73800,126.97400,126.63500,126.97400,5205
2013-11-24 00:00:00+00:00,126.89400,126.91800,126.85500,126.87000,175
2013-11-25 00:00:00+00:00,126.86600,127.28100,126.74100,127.17900,5136
2013-11-26 00:00:00+00:00,127.17500,127.36500,126.97600,127.20600,6893
2013-11-27 00:00:00+00:00,127.21400,127.24600,126.69600,126.89600,8097
2013-11-28 00:00:00+00:00,126.88900,126.96600,126.74900,126.91500,2445
2013-11-29 00:00:00+00:00,126.92200,126.94600,126.72000,126.78800,4076
2013-12-01 00:00:00+00:00,126.73000,126.83100,126.72200,126.81600,179
2013-12-02 00:00:00+00:00,126.82300,126.82300,126.22600,126.38000,6397
2013-12-03 00:00:00+00:00,126.38300,126.70200,126.29800,126.52400,5870
2013-12-04 00:00:00+00:00,126.52000,126.58600,125.89900,126.06700,10528
2013-12-05 00:00:00+00:00,126.07400,126.17300,125.67400,125.71300,10066
2013-12-06 00:00:00+00:00,125.71700,126.02800,125.19200,125.80300,17447
2013-12-08 00:00:00+00:00,125.68000,125.71200,125.61700,125.69500,344
2013-12-09 00:00:00+00:00,125.69900,125.98700,125.69500,125.82400,4758
2013-12-10 00:00:00+00:00,125.82700,126.31800,125.79200,126.06200,6368
2013-12-11 00:00:00+00:00,126.05900,126.20200,125.74900,125.76400,5568
2013-12-12 00:00:00+00:00,125.77100,125.90100,125.47000,125.57600,7910
2013-12-13 00:00:00+00:00,125.58000,125.75800,125.47500,125.61100,5161
2013-12-15 00:00:00+00:00,125.59800,125.59800,125.53500,125.56600,79
2013-12-16 00:00:00+00:00,125.57400,125.80100,125.44500,125.55200,5265
2013-12-17 00:00:00+00:00,125.56000,125.88900,125.51300,125.83900,4424
2013-12-18 00:00:00+00:00,125.83100,126.01700,125.05400,125.46200,14740
2013-12-19 00:00:00+00:00,125.46900,125.50900,124.68000,124.83200,9002
2013-12-20 00:00:00+00:00,124.83600,125.12200,124.50900,124.97700,6876
2013-12-22 00:00:00+00:00,124.92500,124.93300,124.87000,124.91700,175
2013-12-23 00:00:00+00:00,124.91300,124.94400,124.60500,124.63500,4786
2013-12-24 00:00:00+00:00,124.64200,124.72800,124.18300,124.23000,3392
2013-12-26 00:00:00+00:00,124.21400,124.23700,124.06100,124.15200,1830
2013-12-27 00:00:00+00:00,124.15600,124.35300,123.95500,124.12400,3422
2013-12-29 00:00:00+00:00,124.12700,124.14300,124.07900,124.09500,231
2013-12-30 00:00:00+00:00,124.10200,124.36800,123.94900,124.28700,3195
2013-12-31 00:00:00+00:00,124.29400,124.36400,124.00900,124.08700,3401
2014-01-02 00:00:00+00:00,123.89000,124.32800,123.87400,124.16600,4711
2014-01-03 00:00:00+00:00,124.17000,124.42300,124.09500,124.18500,4494
2014-01-05 00:00:00+00:00,124.11000,124.11000,123.95200,124.01500,300
2014-01-06 00:00:00+00:00,124.00800,124.58700,123.98300,124.49000,3957
2014-01-07 00:00:00+00:00,124.48600,124.68300,124.41000,124.58600,5460
2014-01-08 00:00:00+00:00,124.57900,124.58600,123.97600,124.10000,8793
2014-01-09 00:00:00+00:00,124.11500,124.31200,123.98000,124.22800,7211
2014-01-10 00:00:00+00:00,124.23500,125.30300,124.20900,125.27000,8031
2014-01-12 00:00:00+00:00,125.21000,125.30400,125.21000,125.30400,99
2014-01-13 00:00:00+00:00,125.31100,125.56100,125.15800,125.43200,3247
2014-01-14 00:00:00+00:00,125.43900,125.47900,125.00900,125.02400,3789
2014-01-15 00:00:00+00:00,125.01700,125.14300,124.63800,124.80600,5468
2014-01-16 00:00:00+00:00,124.80200,125.23700,124.76800,125.17000,5227
2014-01-17 00:00:00+00:00,125.16300,125.34700,125.02000,125.33900,3790
2014-01-19 00:00:00+00:00,125.30200,125.34900,125.30200,125.33300,43
2014-01-20 00:00:00+00:00,125.34000,125.39500,125.19300,125.20900,759
2014-01-21 00:00:00+00:00,125.21300,125.22500,124.80900,125.13200,3875
2014-01-22 00:00:00+00:00,125.12500,125.12500,124.63100,124.64700,4079
2014-01-23 00:00:00+00:00,124.63900,125.67300,124.63100,125.52900,5866
2014-01-24 00:00:00+00:00,125.51700,126.26100,125.44900,126.00400,8859
2014-01-26 00:00:00+00:00,125.95900,126.02200,125.89600,125.95900,596
2014-01-27 00:00:00+00:00,125.96600,125.97500,125.52200,125.63100,8792
2014-01-28 00:00:00+00:00,125.63800,125.84300,125.37400,125.52200,8529
2014-01-29 00:00:00+00:00,125.51500,126.42200,125.42500,126.20000,22213
2014-01-30 00:00:00+00:00,126.20700,126.32400,125.87600,126.13900,12784
2014-01-31 00:00:00+00:00,126.13500,126.56600,126.02800,126.55000,11374
2014-02-02 00:00:00+00:00,126.37200,126.40000,126.34800,126.36400,195
2014-02-03 00:00:00+00:00,126.35700,127.12100,126.24600,126.99400,13280
2014-02-04 00:00:00+00:00,126.99000,127.08400,126.68500,126.71300,8184
2014-02-05 00:00:00+00:00,126.71600,127.06600,126.40400,126.47900,11331
2014-02-06 00:00:00+00:00,126.47500,126.54100,126.10800,126.22900,11687
2014-02-07 00:00:00+00:00,126.23700,126.84900,125.78200,126.46800,16117
2014-02-09 00:00:00+00:00,126.37600,126.45400,126.37600,126.45400,203
2014-02-10 00:00:00+00:00,126.45100,126.63600,126.36800,126.48700,4600
2014-02-11 00:00:00+00:00,126.49500,126.51300,125.97500,126.06600,6902
2014-02-12 00:00:00+00:00,126.05000,126.11200,125.60000,125.78500,5308
2014-02-13 00:00:00+00:00,125.77800,126.29200,125.76900,126.19500,7229
2014-02-14 00:00:00+00:00,126.17900,126.44200,126.04400,126.11200,4328
2014-02-16 00:00:00+00:00,126.09000,126.12100,126.01200,126.10600,230
2014-02-17 00:00:00+00:00,126.10200,126.16800,125.97400,126.02900,1039
2014-02-18 00:00:00+00:00,126.02500,126.47400,125.94700,126.37600,5413
2014-02-19 00:00:00+00:00,126.38300,126.68100,126.06400,126.12600,6012
2014-02-20 00:00:00+00:00,126.13400,126.45100,125.75500,125.90900,7295
2014-02-21 00:00:00+00:00,125.90500,126.00700,125.65000,125.97400,4129
2014-02-23 00:00:00+00:00,125.93000,125.93000,125.89900,125.93000,126
2014-02-24 00:00:00+00:00,125.93700,126.08500,125.70000,125.83700,4350
2014-02-25 00:00:00+00:00,125.83000,126.18800,125.81600,126.10500,3602
2014-02-26 00:00:00+00:00,126.09800,126.46900,126.00300,126.42000,6296
2014-02-27 00:00:00+00:00,126.41300,126.71200,126.35400,126.61000,5315
2014-02-28 00:00:00+00:00,126.60600,126.71700,126.03800,126.45600,7269
2014-03-02 00:00:00+00:00,126.95200,126.96800,126.75600,126.83400,1470
2014-03-03 00:00:00+00:00,126.83000,126.91200,126.49700,126.82000,10289
2014-03-04 00:00:00+00:00,126.81300,126.82000,126.04100,126.14100,10086
2014-03-05 00:00:00+00:00,126.14500,126.26400,125.87400,126.11100,8134
2014-03-06 00:00:00+00:00,126.10100,126.13400,125.68800,125.77500,7152
2014-03-07 00:00:00+00:00,125.76700,125.94000,125.09900,125.33100,7902
2014-03-09 00:00:00+00:00,125.30500,125.34400,125.26400,125.29600,174
2014-03-10 00:00:00+00:00,125.28900,125.46500,125.14500,125.35800,5355
2014-03-11 00:00:00+00:00,125.35100,125.53500,125.20500,125.43600,5773
2014-03-12 00:00:00+00:00,125.44300,125.90100,125.40100,125.70400,5710
2014-03-13 00:00:00+00:00,125.69700,126.40300,125.45700,126.32000,9020
2014-03-14 00:00:00+00:00,126.32400,126.66000,126.13500,126.22600,12427
2014-03-16 00:00:00+00:00,126.20700,126.33200,126.15900,126.31600,368
2014-03-17 00:00:00+00:00,126.31200,126.33100,125.87500,125.90300,5324
2014-03-18 00:00:00+00:00,125.91000,126.18000,125.84600,126.04400,6281
2014-03-19 00:00:00+00:00,126.04800,126.16800,124.71700,125.01400,14125
2014-03-20 00:00:00+00:00,125.02200,125.13800,124.76700,124.96600,9609
2014-03-21 00:00:00+00:00,124.97300,125.06400,124.79800,125.01400,3878
2014-03-23 00:00:00+00:00,124.93200,124.93200,124.83600,124.86700,209
2014-03-24 00:00:00+00:00,124.86000,124.99800,124.55800,124.86600,6782
2014-03-25 00:00:00+00:00,124.86200,125.01800,124.73000,124.83300,9173
2014-03-26 00:00:00+00:00,124.82900,125.35600,124.72900,125.25900,6354
2014-03-27 00:00:00+00:00,125.25200,125.37200,125.01300,125.22600,9087
2014-03-28 00:00:00+00:00,125.21900,125.31500,124.81900,124.84800,4674
2014-03-30 00:00:00+00:00,124.78100,124.81300,124.76500,124.78000,111
2014-03-31 00:00:00+00:00,124.79500,124.89200,124.48600,124.84200,5332
2014-04-01 00:00:00+00:00,124.84500,124.87300,124.62600,124.71400,5304
2014-04-02 00:00:00+00:00,124.71800,124.73000,124.14500,124.17600,5391
2014-04-03 00:00:00+00:00,124.18000,124.38600,124.15100,124.20700,8231
2014-04-04 00:00:00+00:00,124.21400,125.00100,124.04000,124.99700,12418
2014-04-06 00:00:00+00:00,124.93000,124.99300,124.91500,124.96100,250
2014-04-07 00:00:00+00:00,124.96400,125.23300,124.87600,125.00700,4290
2014-04-08 00:00:00+00:00,125.01400,125.30900,124.93400,125.22600,5856
2014-04-09 00:00:00+00:00,125.21900,125.48100,124.93000,125.38300,7030
2014-04-10 00:00:00+00:00,125.39000,126.09600,125.35000,125.79200,9244
2014-04-11 00:00:00+00:00,125.79500,126.11400,125.66000,125.88700,8590
2014-04-13 00:00:00+00:00,125.94600,126.21400,125.94600,126.07100,411
2014-04-14 00:00:00+00:00,126.06400,126.08300,125.58700,125.62800,7854
2014-04-15 00:00:00+00:00,125.62100,125.97900,125.47700,125.70600,12323
2014-04-16 00:00:00+00:00,125.70200,125.72100,125.39400,125.51500,7974
2014-04-17 00:00:00+00:00,125.51100,125.62300,124.69800,124.80700,7264
2014-04-20 00:00:00+00:00,124.73100,124.77100,124.70800,124.72200,235
2014-04-21 00:00:00+00:00,124.72600,124.94800,124.58800,124.73700,2279
2014-04-22 00:00:00+00:00,124.73300,124.87300,124.49000,124.70400,4046
2014-04-23 00:00:00+00:00,124.69700,125.05500,124.63500,124.81300,6260
2014-04-24 00:00:00+00:00,124.80600,125.00800,124.55200,124.89100,9362
2014-04-25 00:00:00+00:00,124.89400,125.24200,124.87300,125.01700,8786
2014-04-27 00:00:00+00:00,124.95100,124.98200,124.93400,124.93400,107
2014-04-28 00:00:00+00:00,124.93700,125.07900,124.64000,124.80700,6125
2014-04-29 00:00:00+00:00,124.81400,124.91800,124.56200,124.85300,7495
2014-04-30 00:00:00+00:00,124.85600,125.29500,124.67100,125.21300,15154
2014-05-01 00:00:00+00:00,125.20900,125.62500,125.14100,125.44800,4236
2014-05-02 00:00:00+00:00,125.44400,125.73600,124.61400,125.54300,17972
2014-05-04 00:00:00+00:00,125.47600,125.47600,125.35000,125.39600,106
2014-05-05 00:00:00+00:00,125.38900,125.65400,125.29100,125.36400,5608
2014-05-06 00:00:00+00:00,125.35600,125.44500,125.19800,125.39300,7304
2014-05-07 00:00:00+00:00,125.39700,125.69600,125.21100,125.54900,11346
2014-05-08 00:00:00+00:00,125.55600,125.86900,125.49300,125.79900,13264
2014-05-09 00:00:00+00:00,125.79600,125.88500,125.61600,125.69000,8748
2014-05-11 00:00:00+00:00,125.63900,125.63900,125.57500,125.59100,106
2014-05-12 00:00:00+00:00,125.58400,125.59100,125.32300,125.35400,5496
2014-05-13 00:00:00+00:00,125.34700,125.76300,125.28200,125.71400,7234
2014-05-14 00:00:00+00:00,125.70600,126.42400,125.66500,126.23000,8483
2014-05-15 00:00:00+00:00,126.23700,126.75400,126.00100,126.55900,14945
2014-05-16 00:00:00+00:00,126.55500,126.60300,126.27700,126.27700,9002
2014-05-18 00:00:00+00:00,126.27300,126.28800,126.22600,126.28700,87
2014-05-19 00:00:00+00:00,126.29100,126.57400,126.19300,126.22300,5471
2014-05-20 00:00:00+00:00,126.21500,126.59800,126.15700,126.50400,6659
2014-05-21 00:00:00+00:00,126.50700,126.60800,126.06700,126.31400,6409
2014-05-22 00:00:00+00:00,126.31000,126.36000,126.05900,126.12400,7253
2014-05-23 00:00:00+00:00,126.11700,126.36400,126.09100,126.26600,3571
2014-05-25 00:00:00+00:00,126.18400,126.18400,126.13600,126.15200,132
2014-05-26 00:00:00+00:00,126.15800,126.25200,126.11300,126.14900,3483
2014-05-27 00:00:00+00:00,126.15300,126.30800,126.01300,126.28900,4603
2014-05-28 00:00:00+00:00,126.29600,126.90300,126.28800,126.78900,9505
2014-05-29 00:00:00+00:00,126.78200,127.12300,126.58600,126.63100,7795
2014-05-30 00:00:00+00:00,126.63800,126.69300,126.38600,126.50600,5259
2014-06-01 00:00:00+00:00,126.45500,126.48600,126.42200,126.42200,219
2014-06-02 00:00:00+00:00,126.41800,126.49500,125.94600,126.05300,6186
2014-06-03 00:00:00+00:00,126.06000,126.12900,125.46000,125.52200,6840
2014-06-04 00:00:00+00:00,125.53800,125.73700,125.31100,125.49600,8601
2014-06-05 00:00:00+00:00,125.50300,125.80600,125.14400,125.67500,16373
2014-06-06 00:00:00+00:00,125.67900,126.06300,125.39900,125.47600,14098
2014-06-08 00:00:00+00:00,125.43900,125.45500,125.39200,125.45400,110
2014-06-09 00:00:00+00:00,125.45000,125.45400,125.13200,125.30200,5864
2014-06-10 00:00:00+00:00,125.30600,125.41000,124.92900,124.94500,5974
2014-06-11 00:00:00+00:00,124.94100,125.28500,124.84700,125.09200,6068
2014-06-12 00:00:00+00:00,125.08500,125.66600,124.94600,125.36500,9548
2014-06-13 00:00:00+00:00,125.35800,125.43600,124.98100,125.32400,7926
2014-06-15 00:00:00+00:00,125.31100,125.31900,125.20800,125.28600,144
2014-06-16 00:00:00+00:00,125.29400,125.50300,125.18400,125.29200,5020
2014-06-17 00:00:00+00:00,125.28800,125.36800,124.76200,124.82500,5938
2014-06-18 00:00:00+00:00,124.81700,125.50800,124.80100,125.47600,19112
2014-06-19 00:00:00+00:00,125.46800,125.70500,125.09000,125.32300,8051
2014-06-20 00:00:00+00:00,125.33000,125.40100,125.03400,125.34600,4231
2014-06-22 00:00:00+00:00,125.29300,125.32400,125.26100,125.29200,39
2014-06-23 00:00:00+00:00,125.28500,125.45900,125.14000,125.21800,3906
2014-06-24 00:00:00+00:00,125.21100,125.55500,125.19600,125.55400,5848
2014-06-25 00:00:00+00:00,125.56100,125.97400,125.45700,125.70100,4927
2014-06-26 00:00:00+00:00,125.69400,126.05600,125.60100,125.94300,5855
2014-06-27 00:00:00+00:00,125.95000,126.17200,125.94900,125.96500,4277
2014-06-29 00:00:00+00:00,125.95900,126.00600,125.95800,125.97400,54
2014-06-30 00:00:00+00:00,125.98900,126.07900,125.81000,125.94800,3967
2014-07-01 00:00:00+00:00,125.95500,126.01000,125.65600,125.67000,3455
2014-07-02 00:00:00+00:00,125.68500,125.80700,125.20400,125.26600,5601
2014-07-03 00:00:00+00:00,125.27000,125.31300,124.63100,125.06700,9357
2014-07-04 00:00:00+00:00,125.05100,125.09500,124.95600,125.04400,3337
2014-07-06 00:00:00+00:00,124.98900,125.00500,124.87800,124.87800,142
2014-07-07 00:00:00+00:00,124.88500,125.18600,124.83000,125.15100,2628
2014-07-08 00:00:00+00:00,125.15400,125.63100,125.10100,125.54900,5638
2014-07-09 00:00:00+00:00,125.54500,125.74500,125.18000,125.68000,4625
2014-07-10 00:00:00+00:00,125.67300,126.22500,125.66300,125.92100,6688
2014-07-11 00:00:00+00:00,125.91400,126.10200,125.77600,125.97500,3662
2014-07-13 00:00:00+00:00,125.93000,125.95300,125.90600,125.92100,68
2014-07-14 00:00:00+00:00,125.90500,125.93300,125.66100,125.69000,2566
2014-07-15 00:00:00+00:00,125.69400,125.93600,125.44800,125.61700,7120
2014-07-16 00:00:00+00:00,125.62400,125.72400,125.43900,125.68500,3429
2014-07-17 00:00:00+00:00,125.68900,126.39800,125.68500,126.24000,7528
2014-07-18 00:00:00+00:00,126.24400,126.28700,125.82400,125.91700,6511
2014-07-20 00:00:00+00:00,125.88000,125.89500,125.86400,125.87900,76
2014-07-21 00:00:00+00:00,125.89400,126.13900,125.82700,125.93100,3061
2014-07-22 00:00:00+00:00,125.92400,126.08200,125.67500,126.03100,5183
2014-07-23 00:00:00+00:00,126.02700,126.15000,125.91700,126.00400,2611
2014-07-24 00:00:00+00:00,126.00000,126.06400,125.55700,125.69600,5128
2014-07-25 00:00:00+00:00,125.70300,125.93900,125.53500,125.90600,3947
2014-07-27 00:00:00+00:00,125.85300,125.86900,125.85200,125.86800,44
2014-07-28 00:00:00+00:00,125.86100,125.87700,125.62500,125.68500,3589
2014-07-29 00:00:00+00:00,125.67800,125.97700,125.58800,125.92500,4941
2014-07-30 00:00:00+00:00,125.91800,125.92500,124.97600,125.14600,13028
2014-07-31 00:00:00+00:00,125.15000,125.29900,124.76400,125.15900,8252
2014-08-01 00:00:00+00:00,125.15500,125.89700,124.92600,125.84800,15410
2014-08-03 00:00:00+00:00,125.74800,125.77900,125.74800,125.77900,41
2014-08-04 00:00:00+00:00,125.77500,126.03900,125.66600,125.87800,3345
2014-08-05 00:00:00+00:00,125.88500,126.01700,125.57400,125.83600,6256
2014-08-06 00:00:00+00:00,125.84300,126.22400,125.78600,125.98200,9025
2014-08-07 00:00:00+00:00,125.98600,126.46000,125.85100,126.39600,8037
2014-08-08 00:00:00+00:00,126.38800,126.98800,126.30800,126.30800,17935
2014-08-10 00:00:00+00:00,126.28600,126.28600,126.22300,126.23800,172
2014-08-11 00:00:00+00:00,126.24200,126.40300,126.15800,126.27500,4347
2014-08-12 00:00:00+00:00,126.27100,126.39400,126.07700,126.10700,5005
2014-08-13 00:00:00+00:00,126.10000,126.60100,125.96200,126.50400,7312
2014-08-14 00:00:00+00:00,126.51200,126.81200,126.40900,126.60400,12554
2014-08-15 00:00:00+00:00,126.61100,127.39600,126.55400,127.03300,22922
2014-08-17 00:00:00+00:00,126.98000,126.99600,126.80700,126.85400,119
2014-08-18 00:00:00+00:00,126.85800,126.93100,126.59400,126.62400,6036
2014-08-19 00:00:00+00:00,126.61700,126.91600,126.53700,126.59800,7933
2014-08-20 00:00:00+00:00,126.59000,126.61000,126.12000,126.19500,9212
2014-08-21 00:00:00+00:00,126.19900,126.42300,126.09700,126.27900,7587
2014-08-22 00:00:00+00:00,126.28600,126.52500,125.91200,126.17600,10835
2014-08-25 00:00:00+00:00,126.13700,126.35200,126.08400,126.28400,4348
2014-08-26 00:00:00+00:00,126.27600,126.45000,126.19800,126.25800,4726
2014-08-27 00:00:00+00:00,126.26500,126.54800,126.26500,126.49800,4100
2014-08-28 00:00:00+00:00,126.49000,126.80600,126.48200,126.61200,6281
2014-08-29 00:00:00+00:00,126.60500,126.70300,126.46500,126.52500,5250
2014-08-31 00:00:00+00:00,126.49600,126.50400,126.45600,126.48700,88
2014-09-01 00:00:00+00:00,126.49400,126.50200,126.37200,126.42200,1430
2014-09-02 00:00:00+00:00,126.42500,126.42900,125.90600,125.99600,6055
2014-09-03 00:00:00+00:00,126.00300,126.03400,125.52300,125.99400,9720
2014-09-04 00:00:00+00:00,125.99000,126.23800,125.49000,125.51400,17034
2014-09-05 00:00:00+00:00,125.51700,126.31800,125.46900,125.67600,13518
2014-09-07 00:00:00+00:00,125.66200,125.73200,125.65400,125.72400,535
2014-09-08 00:00:00+00:00,125.72000,125.93900,125.41000,125.44000,8695
2014-09-09 00:00:00+00:00,125.43600,125.44800,125.15700,125.21800,10057
2014-09-10 00:00:00+00:00,125.21400,125.27200,124.90400,124.96600,12318
2014-09-11 00:00:00+00:00,124.97000,125.20300,124.87800,124.94800,14854
2014-09-12 00:00:00+00:00,124.95200,124.97000,124.52400,124.56300,16848
2014-09-14 00:00:00+00:00,124.58800,124.62800,124.57400,124.61200,311
2014-09-15 00:00:00+00:00,124.60800,124.78500,124.46800,124.75000,8864
2014-09-16 00:00:00+00:00,124.74600,125.06800,124.69300,124.77000,9886
2014-09-17 00:00:00+00:00,124.77400,125.14200,124.26200,124.30900,19497
2014-09-18 00:00:00+00:00,124.30200,124.47600,124.07100,124.24100,8286
2014-09-19 00:00:00+00:00,124.24500,124.59800,124.02000,124.58200,7138
2014-09-21 00:00:00+00:00,124.53900,124.63300,124.53900,124.61700,192
2014-09-22 00:00:00+00:00,124.62100,124.88000,124.59800,124.80000,5441
2014-09-23 00:00:00+00:00,124.80700,125.07800,124.75100,125.04500,4964
2014-09-24 00:00:00+00:00,125.05300,125.07300,124.72700,124.77300,5403
2014-09-25 00:00:00+00:00,124.76900,125.31700,124.75700,125.27000,6238
2014-09-26 00:00:00+00:00,125.27700,125.39300,124.82600,124.98300,11027
2014-09-28 00:00:00+00:00,124.98700,124.98700,124.97100,124.98700,9
2014-09-29 00:00:00+00:00,124.97900,125.32900,124.85900,125.31000,3747
2014-09-30 00:00:00+00:00,125.30300,125.31000,124.96300,125.19500,4014
2014-10-01 00:00:00+00:00,125.18700,126.13100,125.14700,126.08400,6165
2014-10-02 00:00:00+00:00,126.07600,126.15800,125.71800,125.79600,13559
2014-10-03 00:00:00+00:00,125.78900,125.84100,125.25900,125.68100,11728
2014-10-05 00:00:00+00:00,125.62300,125.62300,125.56000,125.60700,146
2014-10-06 00:00:00+00:00,125.59100,125.99500,125.54400,125.85200,5991
2014-10-07 00:00:00+00:00,125.84800,126.53700,125.78800,126.42700,7767
2014-10-08 00:00:00+00:00,126.42300,127.03300,126.21900,126.84400,18095
2014-10-09 00:00:00+00:00,126.83700,127.31200,126.76100,126.94900,18726
2014-10-10 00:00:00+00:00,126.94500,127.18100,126.63300,127.17900,16547
2014-10-12 00:00:00+00:00,127.13200,127.52800,127.12000,127.44900,690
2014-10-13 00:00:00+00:00,127.44500,127.77300,127.25900,127.61600,5199
2014-10-14 00:00:00+00:00,127.60900,128.11500,127.39500,127.83000,23378
2014-10-15 00:00:00+00:00,127.83700,130.91400,127.62400,128.90500,94273
2014-10-16 00:00:00+00:00,128.91300,129.93700,128.16500,128.39800,157917
2014-10-17 00:00:00+00:00,128.40200,128.71000,127.81500,128.03300,74422
2014-10-19 00:00:00+00:00,127.95900,127.97500,127.75500,127.80200,913
2014-10-20 00:00:00+00:00,127.80500,128.33100,127.75400,128.18800,35729
2014-10-21 00:00:00+00:00,128.19500,128.60900,127.79300,127.90000,29508
2014-10-22 00:00:00+00:00,127.90700,128.21200,127.58400,127.89500,21298
2014-10-23 00:00:00+00:00,127.90200,128.02000,127.15400,127.38800,20197
2014-10-24 00:00:00+00:00,127.38000,127.79500,127.33600,127.36700,22343
2014-10-26 00:00:00+00:00,127.26200,127.29300,127.18300,127.20600,257
2014-10-27 00:00:00+00:00,127.21000,127.57100,127.11800,127.41200,11767
2014-10-28 00:00:00+00:00,127.40500,127.52100,127.12600,127.14100,11291
2014-10-29 00:00:00+00:00,127.14400,127.31100,126.49400,126.83700,17442
2014-10-30 00:00:00+00:00,126.83000,127.05300,126.61600,126.92600,13304
2014-10-31 00:00:00+00:00,126.93000,127.01900,126.50100,126.65500,15277
2014-11-02 00:00:00+00:00,126.67400,126.67400,126.59600,126.62700,209
2014-11-03 00:00:00+00:00,126.63100,126.89100,126.23200,126.60600,10720
2014-11-04 00:00:00+00:00,126.61000,126.88500,126.49500,126.61600,8865
2014-11-05 00:00:00+00:00,126.61200,126.67800,126.33100,126.56400,9224
2014-11-06 00:00:00+00:00,126.57100,126.71900,126.16700,126.22900,10522
2014-11-07 00:00:00+00:00,126.22200,126.97600,126.10100,126.97600,11402
2014-11-09 00:00:00+00:00,126.91000,126.93300,126.90200,126.91700,102
2014-11-10 00:00:00+00:00,126.92100,127.24300,126.48900,126.50500,6945
2014-11-11 00:00:00+00:00,126.51200,126.56700,126.29900,126.37400,1758
2014-11-12 00:00:00+00:00,126.36700,126.84000,126.34200,126.44700,7404
2014-11-13 00:00:00+00:00,126.45400,126.75500,126.38200,126.72300,6738
2014-11-14 00:00:00+00:00,126.71600,126.95300,126.39100,126.85900,6036
2014-11-16 00:00:00+00:00,126.80700,126.94100,126.80700,126.94100,190
2014-11-17 00:00:00+00:00,126.93700,127.19100,126.62400,126.71600,5408
2014-11-18 00:00:00+00:00,126.72000,126.93200,126.66700,126.86700,5021
2014-11-19 00:00:00+00:00,126.87400,126.88300,126.44100,126.54100,6114
2014-11-20 00:00:00+00:00,126.53700,126.98300,126.53300,126.69000,9814
2014-11-21 00:00:00+00:00,126.68600,126.88000,126.53700,126.84800,9949
2014-11-23 00:00:00+00:00,126.83700,126.85600,126.80200,126.85600,113
2014-11-24 00:00:00+00:00,126.86700,127.03100,126.67100,126.99800,4027
2014-11-25 00:00:00+00:00,126.99100,127.35400,126.85300,127.33700,4389
2014-11-26 00:00:00+00:00,127.33000,127.63100,127.30600,127.55000,3525
2014-11-27 00:00:00+00:00,127.54300,127.81000,127.50100,127.76300,1572
2014-11-28 00:00:00+00:00,127.75600,127.99300,127.65300,127.99300,3265
2014-11-30 00:00:00+00:00,128.01200,128.07100,127.97700,128.02400,171
2014-12-01 00:00:00+00:00,128.01600,128.28600,127.49800,127.60700,6591
2014-12-02 00:00:00+00:00,127.60400,127.62100,127.06600,127.12800,5480
2014-12-03 00:00:00+00:00,127.12100,127.21800,126.93500,127.12100,5962
2014-12-04 00:00:00+00:00,127.11700,127.41300,126.92800,127.36500,8122
2014-12-05 00:00:00+00:00,127.36900,127.37300,126.51200,126.66700,10898
2014-12-07 00:00:00+00:00,126.58100,126.62000,126.52600,126.60400,132
2014-12-08 00:00:00+00:00,126.61100,127.11700,126.30300,126.92700,5082
2014-12-09 00:00:00+00:00,126.92300,127.61400,126.84800,127.34400,7990
2014-12-10 00:00:00+00:00,127.33700,127.95000,127.24900,127.87100,8692
2014-12-11 00:00:00+00:00,127.87800,128.10300,127.31500,127.67500,12191
2014-12-12 00:00:00+00:00,127.66700,128.51800,127.64300,128.45400,10709
2014-12-14 00:00:00+00:00,128.32800,128.58000,128.32800,128.47000,291
2014-12-15 00:00:00+00:00,128.47300,128.54800,127.89900,128.00600,12800
2014-12-16 00:00:00+00:00,128.00300,129.08700,127.99100,128.47000,31976
2014-12-17 00:00:00+00:00,128.47700,128.53200,127.53600,127.59900,34230
2014-12-18 00:00:00+00:00,127.59500,127.91100,126.99700,127.12000,16079
2014-12-19 00:00:00+00:00,127.11300,127.44500,126.94500,127.36500,10070
2014-12-21 00:00:00+00:00,127.33400,127.35000,127.30200,127.33400,107
2014-12-22 00:00:00+00:00,127.34100,127.48900,127.17300,127.34200,6242
2014-12-23 00:00:00+00:00,127.33500,127.44200,126.55000,126.64400,5491
2014-12-24 00:00:00+00:00,126.63600,126.81400,126.29300,126.62200,4146
2014-12-25 00:00:00+00:00,126.61300,126.61300,126.58200,126.59800,84
2014-12-26 00:00:00+00:00,126.60400,126.71900,126.53000,126.60700,1788
2014-12-28 00:00:00+00:00,126.59100,126.63800,126.57600,126.63800,133
2014-12-29 00:00:00+00:00,126.64500,127.08100,126.57400,127.02300,4691
2014-12-30 00:00:00+00:00,127.02700,127.33300,126.97300,127.17300,4560
2014-12-31 00:00:00+00:00,127.18000,127.38900,127.13900,127.35600,3588
2015-01-01 00:00:00+00:00,127.20600,127.25300,127.15800,127.15800,255
2015-01-02 00:00:00+00:00,127.15100,127.89100,126.96600,127.81100,10315
2015-01-04 00:00:00+00:00,127.74800,127.92100,127.73300,127.90500,399
2015-01-05 00:00:00+00:00,127.89800,128.38500,127.60300,128.30600,9048
2015-01-06 00:00:00+00:00,128.30900,129.65000,128.30600,129.05100,22155
2015-01-07 00:00:00+00:00,129.04400,129.22100,128.56000,128.84000,21501
2015-01-08 00:00:00+00:00,128.84800,128.90000,128.48900,128.64400,12723
2015-01-09 00:00:00+00:00,128.64800,129.36100,128.59300,129.26500,22710
2015-01-11 00:00:00+00:00,129.26900,129.32800,129.23400,129.32800,212
2015-01-12 00:00:00+00:00,129.32000,129.64900,129.04100,129.63400,8481
2015-01-13 00:00:00+00:00,129.64100,130.03900,129.34600,129.70500,18628
2015-01-14 00:00:00+00:00,129.72000,130.72000,129.70500,130.05800,29449
2015-01-15 00:00:00+00:00,130.05000,131.41500,129.69500,131.30500,32029
2015-01-16 00:00:00+00:00,131.29800,131.42600,130.21600,130.24700,24292
2015-01-18 00:00:00+00:00,130.26300,130.29400,130.26300,130.27900,131
2015-01-19 00:00:00+00:00,130.26300,130.63600,130.16900,130.49100,3915
2015-01-20 00:00:00+00:00,130.48300,130.78300,130.11000,130.37300,14805
2015-01-21 00:00:00+00:00,130.36600,130.57200,129.72400,129.78600,19519
2015-01-22 00:00:00+00:00,129.77000,130.26700,129.15400,129.65300,34464
2015-01-23 00:00:00+00:00,129.66800,130.44900,129.66800,130.27300,21762
2015-01-25 00:00:00+00:00,130.37500,130.52300,130.36700,130.49200,581
2015-01-26 00:00:00+00:00,130.48800,130.58500,129.78200,129.93600,13311
2015-01-27 00:00:00+00:00,129.93200,130.55800,129.90400,130.03800,15026
2015-01-28 00:00:00+00:00,130.04600,131.01900,129.89500,130.81400,21565
2015-01-29 00:00:00+00:00,130.80700,130.90600,130.29100,130.50900,15846
2015-01-30 00:00:00+00:00,130.51300,131.53600,130.50900,131.50500,18093
2015-02-01 00:00:00+00:00,131.37900,131.45800,131.36400,131.37900,452
2015-02-02 00:00:00+00:00,131.37500,131.42600,130.92000,131.25400,12523
2015-02-03 00:00:00+00:00,131.25800,131.38600,130.23700,130.33000,13494
2015-02-04 00:00:00+00:00,130.33700,130.85500,129.91800,130.83900,18034
2015-02-05 00:00:00+00:00,130.83200,130.94700,129.98900,130.19000,15722
2015-02-06 00:00:00+00:00,130.18200,130.67100,128.78900,128.83600,18565
2015-02-08 00:00:00+00:00,128.93000,129.02400,128.88300,128.99200,354
2015-02-09 00:00:00+00:00,128.99600,129.39600,128.64100,128.78100,12683
2015-02-10 00:00:00+00:00,128.77400,128.84400,128.41700,128.61700,12847
2015-02-11 00:00:00+00:00,128.61000,128.86500,128.28200,128.51600,9708
2015-02-12 00:00:00+00:00,128.50900,128.85500,128.13600,128.71200,16426
2015-02-13 00:00:00+00:00,128.70500,128.75900,128.31400,128.34500,7940
2015-02-15 00:00:00+00:00,128.29800,128.31400,128.15700,128.17300,319
2015-02-16 00:00:00+00:00,128.16600,128.60400,128.12200,128.57200,2116
2015-02-17 00:00:00+00:00,128.58000,128.66400,127.36100,127.57900,13782
2015-02-18 00:00:00+00:00,127.57600,128.46500,127.29300,128.18200,17039
2015-02-19 00:00:00+00:00,128.18600,128.46100,127.70500,127.76700,12691
2015-02-20 00:00:00+00:00,127.77500,128.43600,127.52700,127.79200,17488
2015-02-22 00:00:00+00:00,127.66700,127.74500,127.65200,127.74500,130
2015-02-23 00:00:00+00:00,127.74900,128.22400,127.61700,128.14500,6388
2015-02-24 00:00:00+00:00,128.16000,128.95100,127.75700,128.84100,13055
2015-02-25 00:00:00+00:00,128.84800,129.05700,128.69500,128.89600,10196
2015-02-26 00:00:00+00:00,128.88900,129.18900,128.26400,128.40400,10770
2015-02-27 00:00:00+00:00,128.41100,128.63700,128.18200,128.59000,10737
2015-03-01 00:00:00+00:00,128.57500,128.57500,128.46500,128.49600,216
2015-03-02 00:00:00+00:00,128.50000,128.65000,127.79800,127.90800,7536
2015-03-03 00:00:00+00:00,127.90000,127.98400,127.52400,127.60200,7899
2015-03-04 00:00:00+00:00,127.59800,127.84900,127.47400,127.76800,8905
2015-03-05 00:00:00+00:00,127.77500,127.92100,127.48100,127.74500,8480
2015-03-06 00:00:00+00:00,127.74900,128.22800,126.65600,126.73300,14163
2015-03-08 00:00:00+00:00,126.75900,126.76600,126.67100,126.68700,261
2015-03-09 00:00:00+00:00,126.68000,127.20000,126.67100,127.08900,7574
2015-03-10 00:00:00+00:00,127.09600,127.77600,126.99400,127.61600,8989
2015-03-11 00:00:00+00:00,127.62300,127.86500,127.32900,127.75000,9185
2015-03-12 00:00:00+00:00,127.74700,128.35900,127.59100,127.74300,14632
2015-03-13 00:00:00+00:00,127.73600,128.05300,127.45800,127.76900,9785
2015-03-15 00:00:00+00:00,127.73400,127.83200,127.72300,127.83200,164
2015-03-16 00:00:00+00:00,127.82800,128.17400,127.78200,127.98200,6870
2015-03-17 00:00:00+00:00,127.97900,128.37100,127.96600,128.14800,7194
2015-03-18 00:00:00+00:00,128.15500,129.60300,128.15500,129.49200,24712
2015-03-19 00:00:00+00:00,129.49900,129.66400,128.73200,128.99800,12509
2015-03-20 00:00:00+00:00,128.99000,129.40000,128.90100,129.32100,6034
2015-03-22 00:00:00+00:00,129.32100,129.38500,129.32100,129.36900,84
2015-03-23 00:00:00+00:00,129.37300,129.55200,129.24100,129.44000,7059
2015-03-24 00:00:00+00:00,129.43300,129.84300,129.36000,129.74700,8516
2015-03-25 00:00:00+00:00,129.75100,129.99500,129.30200,129.36400,8670
2015-03-26 00:00:00+00:00,129.36700,129.65900,128.77700,128.91700,11892
2015-03-27 00:00:00+00:00,128.91300,129.28800,128.85100,129.09900,8672
2015-03-29 00:00:00+00:00,129.14700,129.17900,129.11600,129.16300,194
2015-03-30 00:00:00+00:00,129.17000,129.33100,129.01900,129.25000,7843
2015-03-31 00:00:00+00:00,129.25400,129.54200,129.13600,129.46200,9215
2015-04-01 00:00:00+00:00,129.46600,130.08500,129.31800,130.02000,10840
2015-04-02 00:00:00+00:00,130.02400,130.26800,129.63700,129.68300,9735
2015-04-03 00:00:00+00:00,129.69000,130.68400,129.68000,130.43200,7690
2015-04-05 00:00:00+00:00,130.41600,130.54500,130.41600,130.49400,666
2015-04-06 00:00:00+00:00,130.50100,130.55600,129.87600,129.98500,6659
2015-04-07 00:00:00+00:00,129.98100,130.01400,129.63500,129.93000,5760
2015-04-08 00:00:00+00:00,129.92700,130.06800,129.61100,129.79800,10083
2015-04-09 00:00:00+00:00,129.80500,130.02900,129.25900,129.32000,8322
2015-04-10 00:00:00+00:00,129.32700,129.59900,129.25500,129.36100,8143
2015-04-12 00:00:00+00:00,129.31500,129.34600,129.29900,129.33000,87
2015-04-13 00:00:00+00:00,129.33400,129.59000,129.06100,129.55800,5262
2015-04-14 00:00:00+00:00,129.56200,130.16600,129.52500,129.88100,9059
2015-04-15 00:00:00+00:00,129.87700,130.08000,129.72000,129.93600,7912
2015-04-16 00:00:00+00:00,129.93200,130.19700,129.71200,130.03900,8731
2015-04-17 00:00:00+00:00,130.04600,130.41200,129.84600,130.09500,9722
2015-04-19 00:00:00+00:00,130.04900,130.08000,130.01800,130.06400,317
2015-04-20 00:00:00+00:00,130.05600,130.21700,129.87100,130.01000,5286
2015-04-21 00:00:00+00:00,130.00300,130.14800,129.73800,129.83100,5783
2015-04-22 00:00:00+00:00,129.83500,129.93800,129.12000,129.21200,8155
2015-04-23 00:00:00+00:00,129.22000,129.61400,129.14500,129.44000,10035
2015-04-24 00:00:00+00:00,129.43300,129.87500,129.31200,129.84200,8222
2015-04-26 00:00:00+00:00,129.82700,129.85800,129.81100,129.84200,35
2015-04-27 00:00:00+00:00,129.84900,129.95000,129.50900,129.67800,4956
2015-04-28 00:00:00+00:00,129.68200,129.76900,129.07700,129.15400,7800
2015-04-29 00:00:00+00:00,129.14700,129.27800,128.48800,128.91200,19195
2015-04-30 00:00:00+00:00,128.90500,128.99000,128.17100,128.71700,18098
2015-05-01 00:00:00+00:00,128.71400,128.73300,128.07800,128.14700,7015
2015-05-03 00:00:00+00:00,128.18000,128.18000,128.02300,128.08500,155
2015-05-04 00:00:00+00:00,128.09200,128.41000,127.92500,128.03100,5578
2015-05-05 00:00:00+00:00,128.02800,128.27800,127.57300,127.66400,12112
2015-05-06 00:00:00+00:00,127.65700,127.78500,127.21900,127.35900,18780
2015-05-07 00:00:00+00:00,127.36600,127.80800,126.73000,127.75200,24964
2015-05-08 00:00:00+00:00,127.74800,128.49100,127.53600,128.14500,24980
2015-05-10 00:00:00+00:00,128.07500,128.20800,128.06800,128.19300,126
2015-05-11 00:00:00+00:00,128.20000,128.27100,127.07500,127.13600,11635
2015-05-12 00:00:00+00:00,127.14000,127.47600,126.47500,127.34900,25340
2015-05-13 00:00:00+00:00,127.34500,127.92400,127.13900,127.23200,19861
2015-05-14 00:00:00+00:00,127.23900,127.74300,127.10600,127.71000,18453
2015-05-15 00:00:00+00:00,127.71800,128.37800,127.66300,128.25200,11578
2015-05-17 00:00:00+00:00,128.20700,128.31600,128.19100,128.20600,386
2015-05-18 00:00:00+00:00,128.19900,128.29800,127.49600,127.58900,8286
2015-05-19 00:00:00+00:00,127.58100,127.97800,126.99000,127.12800,14517
2015-05-20 00:00:00+00:00,127.13500,127.66400,127.11200,127.52100,17363
2015-05-21 00:00:00+00:00,127.52400,127.99400,127.41400,127.94600,24952
2015-05-22 00:00:00+00:00,127.95300,128.17900,127.37400,127.70300,14717
2015-05-24 00:00:00+00:00,127.73800,127.73800,127.62400,127.62400,229
2015-05-25 00:00:00+00:00,127.63100,127.82400,127.59200,127.67900,1348
2015-05-26 00:00:00+00:00,127.68300,128.23900,127.56500,128.09600,13245
2015-05-27 00:00:00+00:00,128.10300,128.23100,127.85600,128.16700,9933
2015-05-28 00:00:00+00:00,128.16300,128.36600,128.06800,128.22300,6603
2015-05-29 00:00:00+00:00,128.21500,128.59400,128.17100,128.35700,10994
2015-05-31 00:00:00+00:00,128.34200,128.40400,128.31000,128.32500,253
2015-06-01 00:00:00+00:00,128.31300,128.52600,127.72100,127.81400,12161
2015-06-02 00:00:00+00:00,127.82100,127.87500,127.06900,127.20900,14671
2015-06-03 00:00:00+00:00,127.20500,127.24000,126.18100,126.33600,20120
2015-06-04 00:00:00+00:00,126.34000,126.88100,125.81400,126.70600,23881
2015-06-05 00:00:00+00:00,126.69900,126.70600,125.50700,125.88200,23615
2015-06-07 00:00:00+00:00,125.85000,125.85000,125.78700,125.80300,355
2015-06-08 00:00:00+00:00,125.81000,126.23800,125.80300,126.11000,10212
2015-06-09 00:00:00+00:00,126.10600,126.39100,125.58600,125.75600,12385
2015-06-10 00:00:00+00:00,125.75200,125.75600,125.29700,125.49700,20397
2015-06-11 00:00:00+00:00,125.49300,126.18200,125.22700,126.11800,17875
2015-06-12 00:00:00+00:00,126.11000,126.47500,125.86300,125.98600,17705
2015-06-14 00:00:00+00:00,126.14300,126.54400,126.14300,126.34700,1102
2015-06-15 00:00:00+00:00,126.35100,126.70400,126.18400,126.37100,14529
2015-06-16 00:00:00+00:00,126.37800,126.78800,126.37000,126.72500,12739
2015-06-17 00:00:00+00:00,126.71800,127.00000,125.90200,127.00000,19036
2015-06-18 00:00:00+00:00,126.99300,127.28100,126.28800,126.83500,21528
2015-06-19 00:00:00+00:00,126.83200,127.34900,126.80000,127.34700,12086
2015-06-21 00:00:00+00:00,127.17500,127.17500,126.97000,127.06400,999
2015-06-22 00:00:00+00:00,127.06800,127.12700,126.38200,126.42800,20709
2015-06-23 00:00:00+00:00,126.42100,126.47200,125.96800,126.20000,18275
2015-06-24 00:00:00+00:00,126.20400,126.47600,126.00700,126.46000,17874
2015-06-25 00:00:00+00:00,126.45300,126.45300,125.95200,126.21700,22128
2015-06-26 00:00:00+00:00,126.21300,126.27800,125.55100,125.64500,10763
2015-06-28 00:00:00+00:00,127.08600,127.54500,127.02700,127.10500,3532
2015-06-29 00:00:00+00:00,127.11200,127.21300,126.23700,126.89300,31963
2015-06-30 00:00:00+00:00,126.88900,127.02900,126.44900,126.62000,24480
2015-07-01 00:00:00+00:00,126.59400,126.64800,125.89200,126.03000,19670
2015-07-02 00:00:00+00:00,126.02600,126.71600,125.77500,126.49300,15839
2015-07-03 00:00:00+00:00,126.50100,126.99100,126.49300,126.91200,3790
2015-07-05 00:00:00+00:00,127.69600,127.79000,127.39700,127.47500,2319
2015-07-06 00:00:00+00:00,127.46800,127.50500,126.82700,127.20100,18502
2015-07-07 00:00:00+00:00,127.20500,128.13800,127.05700,127.49200,16611
2015-07-08 00:00:00+00:00,127.49500,128.16400,127.49500,128.01800,24327
2015-07-09 00:00:00+00:00,128.01000,128.14300,126.81700,126.84800,21119
2015-07-10 00:00:00+00:00,126.85600,127.00300,126.24600,126.44900,16885
2015-07-12 00:00:00+00:00,126.81100,126.84200,126.51200,126.52700,805
2015-07-13 00:00:00+00:00,126.53500,126.62200,125.84900,126.00200,18692
2015-07-14 00:00:00+00:00,126.00600,126.57500,125.96700,126.55900,13163
2015-07-15 00:00:00+00:00,126.55200,126.91400,126.13200,126.66200,12637
2015-07-16 00:00:00+00:00,126.65400,126.78200,126.37500,126.63800,13240
2015-07-17 00:00:00+00:00,126.63100,126.82400,126.39900,126.63200,10360
2015-07-19 00:00:00+00:00,126.60100,126.63200,126.52200,126.55300,156
2015-07-20 00:00:00+00:00,126.54600,126.62700,126.18800,126.37300,7956
2015-07-21 00:00:00+00:00,126.36500,126.77300,126.16500,126.72600,8296
2015-07-22 00:00:00+00:00,126.73000,126.95600,126.62900,126.73400,8346
2015-07-23 00:00:00+00:00,126.74100,127.13500,126.57300,127.06400,9247
2015-07-24 00:00:00+00:00,127.07100,127.31700,127.00600,127.20600,9581
2015-07-26 00:00:00+00:00,127.22200,127.26800,127.20600,127.22100,174
2015-07-27 00:00:00+00:00,127.23200,127.70300,127.18900,127.63700,8622
2015-07-28 00:00:00+00:00,127.62900,127.63700,127.24200,127.31500,10258
2015-07-29 00:00:00+00:00,127.32300,127.39300,127.04400,127.05700,12828
2015-07-30 00:00:00+00:00,127.06400,127.30200,126.75500,127.28400,15729
2015-07-31 00:00:00+00:00,127.29200,128.01400,127.04600,127.99900,15211
2015-08-02 00:00:00+00:00,127.96700,127.98300,127.84100,127.84100,285
2015-08-03 00:00:00+00:00,127.84500,128.29000,127.74500,128.21000,9741
2015-08-04 00:00:00+00:00,128.22600,128.22600,127.40300,127.41000,9970
2015-08-05 00:00:00+00:00,127.40700,127.58700,126.91300,127.08200,16757
2015-08-06 00:00:00+00:00,127.07800,127.50000,127.01500,127.41900,11425
2015-08-07 00:00:00+00:00,127.41200,127.88300,127.14900,127.88200,15359
2015-08-09 00:00:00+00:00,127.82000,127.83500,127.77200,127.77200,248
2015-08-10 00:00:00+00:00,127.76500,127.77200,127.26500,127.37300,8402
2015-08-11 00:00:00+00:00,127.37700,128.40200,127.35700,128.08600,13306
2015-08-12 00:00:00+00:00,128.09300,129.00700,128.02300,128.21900,21093
2015-08-13 00:00:00+00:00,128.22300,128.53200,127.71100,127.78800,21880
2015-08-14 00:00:00+00:00,127.79600,127.98800,127.47100,127.60900,13275
2015-08-16 00:00:00+00:00,127.65600,127.71900,127.64100,127.65600,551
2015-08-17 00:00:00+00:00,127.64900,128.09000,127.60900,127.94600,11357
2015-08-18 00:00:00+00:00,127.93800,128.16200,127.64200,127.71900,10390
2015-08-19 00:00:00+00:00,127.71500,128.48000,127.38600,128.33000,20595
2015-08-20 00:00:00+00:00,128.32200,128.72200,128.29000,128.65800,17109
2015-08-21 00:00:00+00:00,128.65100,129.10700,128.59100,128.99600,19625
2015-08-23 00:00:00+00:00,129.07400,129.19900,129.02700,129.08900,973
2015-08-24 00:00:00+00:00,129.08500,130.10200,128.94300,129.25400,64944
2015-08-25 00:00:00+00:00,129.26200,129.33200,128.23000,128.96400,51686
2015-08-26 00:00:00+00:00,128.95700,129.01100,127.97200,128.15800,53970
2015-08-27 00:00:00+00:00,128.15500,128.35900,127.76300,127.97900,35807
2015-08-28 00:00:00+00:00,127.98600,128.53700,127.86400,128.00300,25139
2015-08-30 00:00:00+00:00,127.67600,127.86400,127.58100,127.83200,1472
2015-08-31 00:00:00+00:00,127.84000,128.34700,127.63700,127.70000,13651
2015-09-01 00:00:00+00:00,127.71200,128.23100,127.70000,128.15600,24782
2015-09-02 00:00:00+00:00,128.14900,128.27400,127.81500,127.98500,20865
2015-09-03 00:00:00+00:00,127.99300,128.28000,127.88800,128.16700,17809
2015-09-04 00:00:00+00:00,128.16000,128.77700,128.10100,128.46000,23473
2015-09-06 00:00:00+00:00,128.44700,128.46200,128.27300,128.30500,167
2015-09-07 00:00:00+00:00,128.29700,128.38300,128.11300,128.23500,3584
2015-09-08 00:00:00+00:00,128.21900,128.45400,127.93100,128.00900,9749
2015-09-09 00:00:00+00:00,128.01200,128.16100,127.48700,128.08100,13971
2015-09-10 00:00:00+00:00,128.08800,128.17400,127.68300,127.81400,15802
2015-09-11 00:00:00+00:00,127.80700,128.25800,127.77500,128.13100,10237
2015-09-13 00:00:00+00:00,128.11800,128.14200,128.00700,128.00700,161
2015-09-14 00:00:00+00:00,128.01100,128.33400,128.00700,128.17300,10415
2015-09-15 00:00:00+00:00,128.18200,128.36000,127.22500,127.38100,12335
2015-09-16 00:00:00+00:00,127.38900,127.50600,127.14000,127.18700,15949
2015-09-17 00:00:00+00:00,127.19400,128.15500,127.16600,128.12200,30478
2015-09-18 00:00:00+00:00,128.11500,128.63500,128.09100,128.55600,19119
2015-09-20 00:00:00+00:00,128.51100,128.51100,128.41600,128.43200,229
2015-09-21 00:00:00+00:00,128.42500,128.46200,127.94000,128.06400,9993
2015-09-22 00:00:00+00:00,128.06000,128.78900,128.04700,128.65400,12996
2015-09-23 00:00:00+00:00,128.64700,128.93600,128.38300,128.52200,12122
2015-09-24 00:00:00+00:00,128.51800,129.05200,128.40200,128.45300,24425
2015-09-25 00:00:00+00:00,128.44500,128.56200,128.01000,128.46300,18143
2015-09-27 00:00:00+00:00,128.46500,128.51100,128.43300,128.51100,117
2015-09-28 00:00:00+00:00,128.50300,129.02400,128.38400,128.99100,15600
2015-09-29 00:00:00+00:00,128.99400,129.45700,128.83100,129.26700,21712
2015-09-30 00:00:00+00:00,129.28300,129.46500,128.90300,129.40200,17531
2015-10-01 00:00:00+00:00,129.40600,129.57000,129.13300,129.26900,18474
2015-10-02 00:00:00+00:00,129.26600,130.56800,129.14100,129.82800,26807
2015-10-04 00:00:00+00:00,129.79900,129.90800,129.79900,129.90800,145
2015-10-05 00:00:00+00:00,129.90400,129.98500,129.30700,129.41500,12429
2015-10-06 00:00:00+00:00,129.42000,129.62900,129.20700,129.55000,13101
2015-10-07 00:00:00+00:00,129.54600,129.56500,129.10700,129.27700,14121
2015-10-08 00:00:00+00:00,129.28400,129.55700,128.86300,129.08200,21191
2015-10-09 00:00:00+00:00,129.08600,129.20700,128.67000,129.04500,13967
2015-10-11 00:00:00+00:00,129.00000,129.01500,128.93600,128.99900,120
2015-10-12 00:00:00+00:00,129.00200,129.27600,128.90300,129.16500,2533
2015-10-13 00:00:00+00:00,129.16800,129.47200,129.09800,129.39300,12271
2015-10-14 00:00:00+00:00,129.38600,130.07800,129.36100,130.03000,18284
2015-10-15 00:00:00+00:00,130.03400,130.04500,129.52100,129.53700,15651
2015-10-16 00:00:00+00:00,129.54400,129.75300,129.39000,129.39000,11605
2015-10-18 00:00:00+00:00,129.39000,129.48600,129.39000,129.47000,152
2015-10-19 00:00:00+00:00,129.47400,129.54800,129.13600,129.41600,12078
2015-10-20 00:00:00+00:00,129.42000,129.47700,128.91100,129.06500,13410
2015-10-21 00:00:00+00:00,129.06000,129.40500,128.95300,129.35600,10140
2015-10-22 00:00:00+00:00,129.34900,129.49200,129.08600,129.23900,15692
2015-10-23 00:00:00+00:00,129.23200,129.33200,128.68600,128.76300,13618
2015-10-25 00:00:00+00:00,128.79700,128.81200,128.76500,128.78100,392
2015-10-26 00:00:00+00:00,128.78400,129.04300,128.71500,128.99300,9217
2015-10-27 00:00:00+00:00,128.99800,129.44300,128.94600,129.19100,10445
2015-10-28 00:00:00+00:00,129.18600,129.28100,128.43200,128.54100,18156
2015-10-29 00:00:00+00:00,128.54900,128.61900,127.90900,128.04900,15388
2015-10-30 00:00:00+00:00,128.04200,128.17200,127.79500,128.07500,16582
2015-11-01 00:00:00+00:00,128.10800,128.13900,128.07700,128.12300,594
2015-11-02 00:00:00+00:00,128.13100,128.15400,127.67900,127.78800,10897
2015-11-03 00:00:00+00:00,127.78100,127.83300,127.37500,127.48400,7829
2015-11-04 00:00:00+00:00,127.49100,127.58900,127.11900,127.25800,14480
2015-11-05 00:00:00+00:00,127.26500,127.36400,126.98700,127.23600,14209
2015-11-06 00:00:00+00:00,127.23200,127.29500,126.18200,126.39900,18285
2015-11-08 00:00:00+00:00,126.41700,126.41700,126.35500,126.38600,151
2015-11-09 00:00:00+00:00,126.38200,126.40100,125.99000,126.28500,11785
2015-11-10 00:00:00+00:00,126.27800,126.62500,126.25400,126.42000,8265
2015-11-11 00:00:00+00:00,126.42400,126.51200,126.30500,126.39800,2067
2015-11-12 00:00:00+00:00,126.39000,126.62800,126.28400,126.45400,11846
2015-11-13 00:00:00+00:00,126.46100,126.90200,126.40500,126.90200,10031
2015-11-15 00:00:00+00:00,127.15500,127.18600,127.06000,127.10700,584
2015-11-16 00:00:00+00:00,127.10000,127.15400,126.81900,126.86600,9653
2015-11-17 00:00:00+00:00,126.85900,127.06400,126.54900,126.86000,8612
2015-11-18 00:00:00+00:00,126.86300,126.99900,126.63500,126.82200,9787
2015-11-19 00:00:00+00:00,126.82900,127.09900,126.81900,126.94000,7446
2015-11-20 00:00:00+00:00,126.94400,127.15500,126.85600,126.87200,6047
2015-11-22 00:00:00+00:00,126.82700,126.82700,126.73300,126.76400,98
2015-11-23 00:00:00+00:00,126.75700,127.08800,126.57300,127.03900,6554
2015-11-24 00:00:00+00:00,127.03600,127.36400,126.95900,127.04900,10478
2015-11-25 00:00:00+00:00,127.05600,127.26500,126.98100,127.13600,8168
2015-11-26 00:00:00+00:00,127.12900,127.31900,127.12000,127.25400,1470
2015-11-27 00:00:00+00:00,127.24700,127.39200,127.17500,127.24900,3460
2015-11-29 00:00:00+00:00,127.24900,127.31300,127.24900,127.31300,35
2015-11-30 00:00:00+00:00,127.30900,127.31300,127.01200,127.18100,3529
2015-12-01 00:00:00+00:00,127.17400,127.82100,126.95800,127.67700,7294
2015-12-02 00:00:00+00:00,127.67000,127.72100,127.23200,127.38800,8377
2015-12-03 00:00:00+00:00,127.38100,127.43500,126.04700,126.47000,13305
2015-12-04 00:00:00+00:00,126.46600,126.76400,125.97900,126.66800,16625
2015-12-06 00:00:00+00:00,126.57600,126.59200,126.52900,126.56000,79
2015-12-07 00:00:00+00:00,126.55300,127.18400,126.46500,126.97800,7998
2015-12-08 00:00:00+00:00,126.97400,127.28800,126.86500,127.09700,8673
2015-12-09 00:00:00+00:00,127.09000,127.43800,126.79400,127.26300,10490
2015-12-10 00:00:00+00:00,127.26700,127.37000,126.97400,127.02100,8479
2015-12-11 00:00:00+00:00,127.01400,127.99000,126.95800,127.95800,12361
2015-12-13 00:00:00+00:00,127.79500,127.80300,127.70800,127.74000,224
2015-12-14 00:00:00+00:00,127.73300,127.83100,127.02700,127.10500,12544
2015-12-15 00:00:00+00:00,127.10100,127.24400,126.53600,126.72200,10093
2015-12-16 00:00:00+00:00,126.71800,126.80000,126.02600,126.38500,17796
2015-12-17 00:00:00+00:00,126.38900,126.89800,126.38900,126.86600,10267
2015-12-18 00:00:00+00:00,126.85800,127.28500,126.81800,127.07900,7648
2015-12-20 00:00:00+00:00,127.05000,127.06600,127.03500,127.06600,11
2015-12-21 00:00:00+00:00,127.05900,127.34400,126.87500,127.13800,7268
2015-12-22 00:00:00+00:00,127.14500,127.24500,126.75500,126.75500,7469
2015-12-23 00:00:00+00:00,126.75800,126.80000,126.48300,126.65400,6930
2015-12-24 00:00:00+00:00,126.65800,126.75900,126.54100,126.75900,2899
2015-12-27 00:00:00+00:00,126.64400,126.64400,126.61200,126.63600,104
2015-12-28 00:00:00+00:00,126.64000,126.95300,126.58000,126.81000,6397
2015-12-29 00:00:00+00:00,126.80200,126.87200,126.09800,126.25400,6631
2015-12-30 00:00:00+00:00,126.24700,126.33000,125.98200,126.23200,11478
2015-12-31 00:00:00+00:00,126.22800,126.52500,126.16700,126.46200,5864
2016-01-03 00:00:00+00:00,126.38200,126.39400,126.30000,126.30000,126
2016-01-04 00:00:00+00:00,126.29200,127.06400,126.28400,126.73300,9419
2016-01-05 00:00:00+00:00,126.72500,126.94700,126.52800,126.83600,8143
2016-01-06 00:00:00+00:00,126.83200,127.42600,126.74100,127.30000,13808
2016-01-07 00:00:00+00:00,127.30400,127.79900,127.17000,127.62300,13545
2016-01-08 00:00:00+00:00,127.63000,128.04000,127.07000,127.99300,17749
2016-01-10 00:00:00+00:00,127.99300,128.19200,127.98000,128.16800,431
2016-01-11 00:00:00+00:00,128.16000,128.17100,127.53600,127.69000,11765
2016-01-12 00:00:00+00:00,127.68300,128.45400,127.45200,128.13900,14232
2016-01-13 00:00:00+00:00,128.13100,128.72900,127.88500,128.43000,15845
2016-01-14 00:00:00+00:00,128.42600,128.67800,128.08000,128.28200,15958
2016-01-15 00:00:00+00:00,128.27800,129.34500,128.26700,128.88800,25427
2016-01-17 00:00:00+00:00,128.92100,129.03100,128.90500,128.92100,264
2016-01-18 00:00:00+00:00,128.92800,128.99900,128.66800,128.80500,5184
2016-01-19 00:00:00+00:00,128.79700,128.94000,128.42500,128.68800,16686
2016-01-20 00:00:00+00:00,128.69500,129.65500,128.69500,129.18300,26887
2016-01-21 00:00:00+00:00,129.18700,129.57100,128.91200,128.98800,25671
2016-01-22 00:00:00+00:00,128.98100,129.13600,128.46700,128.71600,16453
2016-01-24 00:00:00+00:00,128.69500,128.70200,128.62400,128.65500,226
2016-01-25 00:00:00+00:00,128.65900,129.08700,128.59000,129.07200,11474
2016-01-26 00:00:00+00:00,129.07900,129.44500,128.87900,129.23000,12201
2016-01-27 00:00:00+00:00,129.23400,129.29800,128.69200,129.29300,13994
2016-01-28 00:00:00+00:00,129.29000,129.46100,128.88200,129.38100,21302
2016-01-29 00:00:00+00:00,129.37300,130.03500,129.33300,129.98600,18617
2016-01-31 00:00:00+00:00,129.93300,129.94400,129.83100,129.87800,273
2016-02-01 00:00:00+00:00,129.87400,130.12600,129.49600,129.71400,12169
2016-02-02 00:00:00+00:00,129.70600,130.53800,129.65100,130.50600,10796
2016-02-03 00:00:00+00:00,130.50300,131.06600,130.14200,130.35900,21485
2016-02-04 00:00:00+00:00,130.36600,130.77500,130.16700,130.72800,21220
2016-02-05 00:00:00+00:00,130.72100,130.95900,130.23800,130.75300,27275
2016-02-07 00:00:00+00:00,130.63800,130.64500,130.59800,130.61400,105
2016-02-08 00:00:00+00:00,130.60700,131.62500,130.47100,131.50000,19567
2016-02-09 00:00:00+00:00,131.50700,132.03100,131.30900,131.52400,28729
2016-02-10 00:00:00+00:00,131.51700,132.03500,131.19200,132.03400,30451
2016-02-11 00:00:00+00:00,132.03000,133.31400,131.95600,132.13700,59582
2016-02-12 00:00:00+00:00,132.14100,132.26200,131.22300,131.28500,35083
2016-02-14 00:00:00+00:00,131.20900,131.28700,131.17800,131.27100,185
2016-02-15 00:00:00+00:00,131.27900,131.39600,130.99800,131.07700,8912
2016-02-16 00:00:00+00:00,131.08400,131.40200,130.85700,131.10100,24257
2016-02-17 00:00:00+00:00,131.09400,131.42800,130.40700,130.71900,20236
2016-02-18 00:00:00+00:00,130.71500,131.33800,130.54300,131.33800,16949
2016-02-19 00:00:00+00:00,131.33100,131.49400,130.86500,131.12800,22067
2016-02-21 00:00:00+00:00,131.06800,131.14600,131.05200,131.11400,221
2016-02-22 00:00:00+00:00,131.11100,131.13000,130.76700,131.02900,13324
2016-02-23 00:00:00+00:00,131.02200,131.36800,130.55600,131.33600,21925
2016-02-24 00:00:00+00:00,131.33200,131.98700,131.07600,131.07600,20602
2016-02-25 00:00:00+00:00,131.07900,131.77800,130.99700,131.40000,18774
2016-02-26 00:00:00+00:00,131.39300,131.44700,130.75300,130.92500,14181
2016-02-28 00:00:00+00:00,130.91600,131.01000,130.91600,130.96300,380
2016-02-29 00:00:00+00:00,130.95900,131.13100,130.80300,131.06800,18703
2016-03-01 00:00:00+00:00,131.06400,131.36500,130.07600,130.21600,17807
2016-03-02 00:00:00+00:00,130.20900,130.29400,129.71100,129.96000,18635
2016-03-03 00:00:00+00:00,129.95700,130.14500,129.72200,129.97100,16174
2016-03-04 00:00:00+00:00,129.97500,130.15700,129.43400,129.63800,19529
2016-03-06 00:00:00+00:00,129.67500,129.67900,129.58100,129.61200,187
2016-03-07 00:00:00+00:00,129.60500,129.62600,129.32600,129.40400,9528
2016-03-08 00:00:00+00:00,129.40800,130.20100,129.40800,130.04200,9673
2016-03-09 00:00:00+00:00,130.03500,130.05800,129.48900,129.67700,12331
2016-03-10 00:00:00+00:00,129.68400,129.86300,128.96800,129.10800,31318
2016-03-11 00:00:00+00:00,129.11500,129.23300,128.68100,128.72700,13811
2016-03-13 00:00:00+00:00,128.81200,128.85900,128.78000,128.79600,301
2016-03-14 00:00:00+00:00,128.79200,129.05900,128.70100,128.88500,9200
2016-03-15 00:00:00+00:00,128.88100,129.27500,128.75500,128.80200,10609
2016-03-16 00:00:00+00:00,128.80600,129.58200,128.50200,129.56600,22572
2016-03-17 00:00:00+00:00,129.56200,129.98700,129.45600,129.56100,13914
2016-03-18 00:00:00+00:00,129.55700,129.91800,129.54500,129.83900,10653
2016-03-20 00:00:00+00:00,129.81400,129.84500,129.76700,129.76700,114
2016-03-21 00:00:00+00:00,129.77400,129.89200,129.37000,129.44900,7013
2016-03-22 00:00:00+00:00,129.45600,129.79200,129.09900,129.10600,10696
2016-03-23 00:00:00+00:00,129.10400,129.76900,129.05200,129.69000,7549
2016-03-24 00:00:00+00:00,129.69400,129.89100,129.37300,129.59200,8208
2016-03-27 00:00:00+00:00,129.53100,129.54600,129.40500,129.40500,136
2016-03-28 00:00:00+00:00,129.41200,129.85600,129.37100,129.73000,3333
2016-03-29 00:00:00+00:00,129.72200,130.47800,129.60400,130.39900,11767
2016-03-30 00:00:00+00:00,130.39500,130.56600,130.09800,130.51900,10206
2016-03-31 00:00:00+00:00,130.51600,130.90700,130.34400,130.78100,9546
2016-04-01 00:00:00+00:00,130.77700,130.87300,130.45000,130.82400,15820
2016-04-03 00:00:00+00:00,130.86100,130.92400,130.81400,130.87700,439
2016-04-04 00:00:00+00:00,130.88400,131.01300,130.68600,130.98200,6862
2016-04-05 00:00:00+00:00,130.97800,131.32400,130.96600,131.16500,8641
2016-04-06 00:00:00+00:00,131.16100,131.25600,130.87900,131.01900,9889
2016-04-07 00:00:00+00:00,131.02300,131.64200,130.92500,131.53200,9565
2016-04-08 00:00:00+00:00,131.52400,131.52400,131.20000,131.41800,8179
2016-04-10 00:00:00+00:00,131.39300,131.44000,131.26700,131.29800,234
2016-04-11 00:00:00+00:00,131.30200,131.54700,131.10700,131.32500,8437
2016-04-12 00:00:00+00:00,131.32900,131.35600,130.83500,130.86600,9882
2016-04-13 00:00:00+00:00,130.87000,131.03500,130.69200,130.86100,10641
2016-04-14 00:00:00+00:00,130.85400,131.01700,130.52900,130.63700,9837
2016-04-15 00:00:00+00:00,130.64400,131.05700,130.52700,130.93100,7076
2016-04-17 00:00:00+00:00,131.11600,131.17100,131.10900,131.15600,437
2016-04-18 00:00:00+00:00,131.16300,131.18700,130.68100,130.68100,7711
2016-04-19 00:00:00+00:00,130.67400,130.77300,130.49000,130.67600,7837
2016-04-20 00:00:00+00:00,130.68000,130.87900,129.99900,130.15500,7452
2016-04-21 00:00:00+00:00,130.16200,130.18600,129.74500,129.93100,13047
2016-04-22 00:00:00+00:00,129.93500,130.07000,129.64600,129.75500,8305
2016-04-24 00:00:00+00:00,129.77700,129.79200,129.69800,129.71400,270
2016-04-25 00:00:00+00:00,129.72100,129.96200,129.55300,129.61500,8085
2016-04-26 00:00:00+00:00,129.62200,129.73900,129.33000,129.48500,8382
2016-04-27 00:00:00+00:00,129.49200,130.27900,129.48500,130.20100,10727
2016-04-28 00:00:00+00:00,130.20400,130.41900,129.91600,130.31400,13485
2016-04-29 00:00:00+00:00,130.31000,130.43000,129.91200,130.17600,12087
2016-05-01 00:00:00+00:00,130.15100,130.26000,130.13500,130.24400,284
2016-05-02 00:00:00+00:00,130.24100,130.38300,129.86500,129.92700,7164
2016-05-03 00:00:00+00:00,129.93400,130.69100,129.92600,130.56400,9997
2016-05-04 00:00:00+00:00,130.56000,130.77900,130.37300,130.76300,10930
2016-05-05 00:00:00+00:00,130.75900,131.08700,130.46400,130.91400,8398
2016-05-06 00:00:00+00:00,130.92200,131.41300,130.66000,130.75400,15538
2016-05-08 00:00:00+00:00,130.73600,130.74400,130.65000,130.66600,263
2016-05-09 00:00:00+00:00,130.67300,131.09900,130.65000,131.02100,6969
2016-05-10 00:00:00+00:00,131.02800,131.08100,130.83100,130.90700,7673
2016-05-11 00:00:00+00:00,130.89900,131.27900,130.85900,131.10500,8052
2016-05-12 00:00:00+00:00,131.10200,131.13500,130.71100,130.80300,9487
2016-05-13 00:00:00+00:00,130.80700,131.17500,130.73800,131.15900,12563
2016-05-15 00:00:00+00:00,131.19600,131.27500,131.16500,131.18000,291
2016-05-16 00:00:00+00:00,131.17700,131.18000,130.62800,130.67500,6762
2016-05-17 00:00:00+00:00,130.68200,130.78200,130.45100,130.46700,8363
2016-05-18 00:00:00+00:00,130.46300,130.52900,129.49300,129.77400,14164
2016-05-19 00:00:00+00:00,129.77800,129.92800,129.47600,129.81600,10986
2016-05-20 00:00:00+00:00,129.80900,129.93800,129.65700,129.90600,5149
2016-05-22 00:00:00+00:00,129.85000,129.94300,129.85000,129.94300,176
2016-05-23 00:00:00+00:00,129.95000,130.06600,129.73700,129.87600,4082
2016-05-24 00:00:00+00:00,129.88400,130.01500,129.52800,129.65200,4153
2016-05-25 00:00:00+00:00,129.65600,129.72700,129.46300,129.64800,4769
2016-05-26 00:00:00+00:00,129.65500,130.01900,129.56700,129.94000,5154
2016-05-27 00:00:00+00:00,129.95600,130.01700,129.59200,129.61100,5263
2016-05-29 00:00:00+00:00,129.61400,129.62200,129.54800,129.60600,259
2016-05-30 00:00:00+00:00,129.61000,129.62200,129.46400,129.60500,1427
2016-05-31 00:00:00+00:00,129.61200,129.91600,129.40000,129.77500,5494
2016-06-01 00:00:00+00:00,129.78300,130.14900,129.71200,129.80400,6932
2016-06-02 00:00:00+00:00,129.80800,130.21000,129.78700,130.10000,7886
2016-06-03 00:00:00+00:00,130.10700,131.27200,130.06800,131.22500,12566
2016-06-05 00:00:00+00:00,131.18900,131.26700,131.15800,131.20500,305
2016-06-06 00:00:00+00:00,131.19800,131.20400,130.84300,130.99900,7643
2016-06-07 00:00:00+00:00,131.00700,131.26400,130.88900,131.13800,4031
2016-06-08 00:00:00+00:00,131.13400,131.27800,131.05900,131.16800,4556
2016-06-09 00:00:00+00:00,131.16400,131.47900,131.10500,131.29100,5460
2016-06-10 00:00:00+00:00,131.29800,131.82200,131.27500,131.71200,5728
2016-06-12 00:00:00+00:00,131.86000,131.88000,131.78600,131.86400,510
2016-06-13 00:00:00+00:00,131.86800,132.08200,131.75300,132.01800,6382
2016-06-14 00:00:00+00:00,132.01100,132.42400,131.87600,131.93800,9112
2016-06-15 00:00:00+00:00,131.94200,132.53100,131.76500,132.53100,15330
2016-06-16 00:00:00+00:00,132.53800,132.88900,132.24700,132.24700,11831
2016-06-17 00:00:00+00:00,132.25400,132.35600,132.01100,132.08900,8425
2016-06-19 00:00:00+00:00,131.73000,131.78800,131.61500,131.70900,1026
2016-06-20 00:00:00+00:00,131.70200,131.81800,131.47300,131.64500,6901
2016-06-21 00:00:00+00:00,131.64800,131.73800,131.31400,131.43900,7563
2016-06-22 00:00:00+00:00,131.44300,131.59400,131.34400,131.39000,6312
2016-06-23 00:00:00+00:00,131.39400,131.76400,130.85600,131.56000,20873
2016-06-24 00:00:00+00:00,131.55300,134.39200,131.37300,132.81000,115738
2016-06-26 00:00:00+00:00,132.90000,133.35400,132.88400,133.27500,686
2016-06-27 00:00:00+00:00,133.28300,133.64900,133.05600,133.61800,12577
2016-06-28 00:00:00+00:00,133.62500,133.74300,133.21000,133.38100,10105
2016-06-29 00:00:00+00:00,133.38500,133.47500,132.86300,132.95700,9001
2016-06-30 00:00:00+00:00,132.94900,133.40900,132.59600,133.28300,13280
2016-07-01 00:00:00+00:00,133.27600,134.09600,133.15700,133.40700,13456
2016-07-03 00:00:00+00:00,133.44900,133.46500,133.29300,133.41800,353
2016-07-04 00:00:00+00:00,133.42200,133.49500,133.16700,133.43100,3496
2016-07-05 00:00:00+00:00,133.43900,134.15000,133.43900,134.07100,8515
2016-07-06 00:00:00+00:00,134.07800,134.38300,133.72500,133.95900,14992
2016-07-07 00:00:00+00:00,133.96700,134.06900,133.48900,133.83200,10185
2016-07-08 00:00:00+00:00,133.82800,134.17600,133.20500,134.00300,16987
2016-07-10 00:00:00+00:00,133.99800,134.03000,133.90400,133.93600,213
2016-07-11 00:00:00+00:00,133.93200,133.95100,133.27700,133.37100,7219
2016-07-12 00:00:00+00:00,133.37400,133.40200,132.49300,132.66500,10818
2016-07-13 00:00:00+00:00,132.67200,133.07000,132.67200,132.92900,9216
2016-07-14 00:00:00+00:00,132.93600,133.03800,132.33300,132.62900,13769
2016-07-15 00:00:00+00:00,132.62200,132.66100,131.92400,132.37700,12348
2016-07-17 00:00:00+00:00,132.09200,132.12300,131.87300,132.07600,441
2016-07-18 00:00:00+00:00,132.06900,132.37200,131.96500,132.23000,6732
2016-07-19 00:00:00+00:00,132.23400,132.52700,132.22900,132.33800,7876
2016-07-20 00:00:00+00:00,132.34200,132.46300,131.99200,132.10100,6902
2016-07-21 00:00:00+00:00,132.10500,132.56800,131.74000,132.52200,13170
2016-07-22 00:00:00+00:00,132.52500,132.63100,132.03600,132.25400,7668
2016-07-24 00:00:00+00:00,132.25000,132.25000,132.17200,132.20300,116
2016-07-25 00:00:00+00:00,132.21000,132.37400,132.01400,132.20100,6246
2016-07-26 00:00:00+00:00,132.20500,132.45000,131.98000,132.23000,9483
2016-07-27 00:00:00+00:00,132.22600,132.77600,131.93300,132.74400,16218
2016-07-28 00:00:00+00:00,132.74000,132.85200,132.46200,132.78900,9008
2016-07-29 00:00:00+00:00,132.79300,133.24100,132.21000,133.22500,20973
2016-07-31 00:00:00+00:00,133.22100,133.23700,133.14300,133.14300,164
2016-08-01 00:00:00+00:00,133.13900,133.14300,132.67200,132.73400,10258
2016-08-02 00:00:00+00:00,132.74100,132.81200,132.29500,132.48200,12322
2016-08-03 00:00:00+00:00,132.47800,132.73100,132.37100,132.68300,11106
2016-08-04 00:00:00+00:00,132.67600,133.18200,132.55700,133.05700,11551
2016-08-05 00:00:00+00:00,133.06400,133.14900,132.14800,132.16300,15031
2016-08-07 00:00:00+00:00,132.14000,132.14400,132.03400,132.12800,260
2016-08-08 00:00:00+00:00,132.12400,132.28300,131.87700,132.09500,7246
2016-08-09 00:00:00+00:00,132.09100,132.50000,132.01600,132.43700,6232
2016-08-10 00:00:00+00:00,132.44400,132.87300,132.43600,132.84100,8157
2016-08-11 00:00:00+00:00,132.83400,132.84100,132.08900,132.18300,8107
2016-08-12 00:00:00+00:00,132.18600,132.97900,132.15100,132.61900,10672
2016-08-14 00:00:00+00:00,132.62200,132.70800,132.62200,132.66100,91
2016-08-15 00:00:00+00:00,132.66500,132.77000,132.25300,132.31500,7159
2016-08-16 00:00:00+00:00,132.30800,132.70500,131.93900,132.15700,11924
2016-08-17 00:00:00+00:00,132.15300,132.45200,131.90600,132.40500,14599
2016-08-18 00:00:00+00:00,132.40100,132.54400,132.15400,132.37200,9909
2016-08-19 00:00:00+00:00,132.37900,132.43400,131.90100,132.01100,8391
2016-08-21 00:00:00+00:00,131.94400,131.96000,131.79600,131.83400,496
2016-08-22 00:00:00+00:00,131.83800,132.36500,131.75600,132.25400,11196
2016-08-23 00:00:00+00:00,132.25100,132.48000,132.11300,132.26800,9815
2016-08-24 00:00:00+00:00,132.26100,132.40800,132.17300,132.21900,8558
2016-08-25 00:00:00+00:00,132.22600,132.34400,132.06200,132.10800,9514
2016-08-26 00:00:00+00:00,132.11500,132.48200,131.41800,131.46500,23625
2016-08-28 00:00:00+00:00,131.41400,131.50800,131.35200,131.50800,757
2016-08-29 00:00:00+00:00,131.51200,132.02200,131.47600,131.91200,8622
2016-08-30 00:00:00+00:00,131.90900,132.08300,131.73900,131.94200,10522
2016-08-31 00:00:00+00:00,131.93400,132.11200,131.73600,131.75200,8043
2016-09-01 00:00:00+00:00,131.75600,132.04800,131.43800,131.90600,14170
2016-09-02 00:00:00+00:00,131.91400,132.32800,131.49900,131.68600,17910
2016-09-04 00:00:00+00:00,131.71200,131.72000,131.64200,131.66600,167
2016-09-05 00:00:00+00:00,131.65900,131.75900,131.59400,131.66400,3786
2016-09-06 00:00:00+00:00,131.66000,132.39700,131.61600,132.31800,10631
2016-09-07 00:00:00+00:00,132.32200,132.52000,132.24800,132.32400,8046
2016-09-08 00:00:00+00:00,132.33200,132.40200,131.64300,131.79000,13376
2016-09-09 00:00:00+00:00,131.79400,131.88400,131.28100,131.32000,12953
2016-09-11 00:00:00+00:00,131.29000,131.39400,131.24600,131.39400,675
2016-09-12 00:00:00+00:00,131.39000,131.57000,131.14900,131.55200,13061
2016-09-13 00:00:00+00:00,131.54500,131.75600,130.77400,131.05500,17525
2016-09-14 00:00:00+00:00,131.05100,131.42600,130.89600,131.31300,12119
2016-09-15 00:00:00+00:00,131.31600,131.78000,131.04000,131.50800,14433
2016-09-16 00:00:00+00:00,131.50000,131.77000,131.31100,131.38900,12701
2016-09-18 00:00:00+00:00,131.41600,131.44700,131.32100,131.35200,287
2016-09-19 00:00:00+00:00,131.34900,131.52100,131.15500,131.21700,7243
2016-09-20 00:00:00+00:00,131.22100,131.57200,131.18500,131.42700,6498
2016-09-21 00:00:00+00:00,131.42000,131.62300,130.96400,131.62200,25572
2016-09-22 00:00:00+00:00,131.61800,131.96200,131.53900,131.78600,7655
2016-09-23 00:00:00+00:00,131.78200,131.93800,131.73300,131.85600,6142
2016-09-25 00:00:00+00:00,131.90600,131.91400,131.85100,131.89800,38
2016-09-26 00:00:00+00:00,131.89100,132.28400,131.84800,132.17100,6175
2016-09-27 00:00:00+00:00,132.17500,132.49600,131.98000,132.31900,9300
2016-09-28 00:00:00+00:00,132.31100,132.45300,132.05700,132.07300,7842
2016-09-29 00:00:00+00:00,132.08000,132.47500,131.98900,132.36200,11149
2016-09-30 00:00:00+00:00,132.36900,132.53200,131.86800,132.00800,12672
2016-10-02 00:00:00+00:00,131.98800,131.98800,131.90800,131.94000,142
2016-10-03 00:00:00+00:00,131.94700,132.01500,131.61600,131.64700,6366
2016-10-04 00:00:00+00:00,131.65100,131.78400,131.19900,131.26000,10974
2016-10-05 00:00:00+00:00,131.25600,131.36700,130.84500,131.03000,10399
2016-10-06 00:00:00+00:00,131.02300,131.12000,130.67700,130.80100,9590
2016-10-07 00:00:00+00:00,130.79700,130.93800,130.45000,130.88700,13714
2016-10-09 00:00:00+00:00,130.80000,130.86600,130.77200,130.86600,185
2016-10-10 00:00:00+00:00,130.86200,130.86600,130.35700,130.46400,2135
2016-10-11 00:00:00+00:00,130.46000,130.70800,130.38100,130.51700,6627
2016-10-12 00:00:00+00:00,130.52100,130.63300,130.21300,130.60100,7695
2016-10-13 00:00:00+00:00,130.58600,130.93000,130.57000,130.78000,9930
2016-10-14 00:00:00+00:00,130.77300,130.86700,130.42600,130.47300,11220
2016-10-16 00:00:00+00:00,130.43400,130.56300,130.40700,130.54700,366
2016-10-17 00:00:00+00:00,130.55400,130.83800,130.34000,130.71000,6646
2016-10-18 00:00:00+00:00,130.71400,130.99900,130.59700,130.93600,8545
2016-10-19 00:00:00+00:00,130.93200,131.05500,130.74200,130.89500,6479
2016-10-20 00:00:00+00:00,130.88800,131.07800,130.73300,130.77500,11637
2016-10-21 00:00:00+00:00,130.78200,130.99000,130.75500,130.94000,5062
2016-10-23 00:00:00+00:00,130.92000,130.92000,130.87200,130.91900,347
2016-10-24 00:00:00+00:00,130.91500,131.03900,130.62900,130.70500,5721
2016-10-25 00:00:00+00:00,130.71200,130.85600,130.49700,130.74300,6160
2016-10-26 00:00:00+00:00,130.75000,130.83400,130.34200,130.38800,8562
2016-10-27 00:00:00+00:00,130.39500,130.43500,129.83300,129.95500,8834
2016-10-28 00:00:00+00:00,129.96200,130.18300,129.73000,130.05600,13412
2016-10-30 00:00:00+00:00,130.09900,130.16200,130.08300,130.09800,337
2016-10-31 00:00:00+00:00,130.10200,130.20300,129.98500,130.08900,5836
2016-11-01 00:00:00+00:00,130.08100,130.37900,129.76200,130.22000,10946
2016-11-02 00:00:00+00:00,130.22400,130.73000,130.22000,130.46200,14890
2016-11-03 00:00:00+00:00,130.46900,130.78900,130.25300,130.53000,12514
2016-11-04 00:00:00+00:00,130.53400,130.82300,130.40000,130.78800,13187
2016-11-06 00:00:00+00:00,130.29400,130.31400,130.18800,130.23500,734
2016-11-07 00:00:00+00:00,130.23900,130.41800,130.22800,130.30400,7249
2016-11-08 00:00:00+00:00,130.30000,130.40900,129.76300,129.88600,7466
2016-11-09 00:00:00+00:00,129.89000,131.40500,128.23300,128.51300,108743
2016-11-10 00:00:00+00:00,128.50900,128.88800,127.69000,127.79800,36481
2016-11-11 00:00:00+00:00,127.80200,128.07500,127.46100,127.63300,11101
2016-11-13 00:00:00+00:00,127.53500,127.55100,127.42500,127.47200,481
2016-11-14 00:00:00+00:00,127.48000,127.50400,126.29300,126.82100,33529
2016-11-15 00:00:00+00:00,126.81700,127.32200,126.67400,126.89000,23260
2016-11-16 00:00:00+00:00,126.88200,127.01400,126.22700,126.97400,22145
2016-11-17 00:00:00+00:00,126.97000,127.09600,125.96200,126.02500,15940
2016-11-18 00:00:00+00:00,126.03200,126.45800,125.62500,125.67200,17713
2016-11-20 00:00:00+00:00,125.67600,125.71600,125.60600,125.68400,415
2016-11-21 00:00:00+00:00,125.69100,126.17600,125.66800,126.14400,15004
2016-11-22 00:00:00+00:00,126.15100,126.23200,125.81300,126.02500,12765
2016-11-23 00:00:00+00:00,126.02200,126.17800,125.12700,125.57800,18338
2016-11-24 00:00:00+00:00,125.58500,125.62100,125.33600,125.36500,3681
2016-11-25 00:00:00+00:00,125.36900,125.61000,125.05100,125.49900,17902
2016-11-27 00:00:00+00:00,125.57200,125.68100,125.54100,125.66600,288
2016-11-28 00:00:00+00:00,125.65900,125.94600,125.58700,125.94600,10413
2016-11-29 00:00:00+00:00,125.93800,126.03300,125.54800,125.96900,7297
2016-11-30 00:00:00+00:00,125.97700,126.01700,125.09700,125.12800,18576
2016-12-01 00:00:00+00:00,125.13700,125.28300,124.41500,124.88500,15912
2016-12-02 00:00:00+00:00,124.88800,125.44600,124.80600,125.36500,16123
2016-12-04 00:00:00+00:00,125.65600,125.86900,125.47600,125.55400,1600
2016-12-05 00:00:00+00:00,125.56100,125.70900,124.81000,125.23200,16889
2016-12-06 00:00:00+00:00,125.22800,125.41800,125.19500,125.25600,8807
2016-12-07 00:00:00+00:00,125.24900,125.65800,125.19300,125.61000,7928
2016-12-08 00:00:00+00:00,125.60300,125.65600,124.99200,125.16200,24887
2016-12-09 00:00:00+00:00,125.15800,125.33100,124.65400,124.71500,15387
2016-12-11 00:00:00+00:00,124.60500,124.62100,124.49500,124.54200,301
2016-12-12 00:00:00+00:00,124.53500,124.95900,124.27200,124.83300,15102
2016-12-13 00:00:00+00:00,124.84100,125.04900,124.56100,124.76300,12750
2016-12-14 00:00:00+00:00,124.77000,125.16700,123.68800,123.81300,29219
2016-12-15 00:00:00+00:00,123.80900,123.82700,123.18000,123.45900,29689
2016-12-16 00:00:00+00:00,123.45500,123.87800,123.36000,123.53100,21255
2016-12-18 00:00:00+00:00,123.51600,123.62600,123.51600,123.62600,142
2016-12-19 00:00:00+00:00,123.63300,124.10700,123.54600,124.01100,13370
2016-12-20 00:00:00+00:00,124.00400,124.00400,123.58400,123.81500,13151
2016-12-21 00:00:00+00:00,123.80800,124.04500,123.69300,124.02700,8341
2016-12-22 00:00:00+00:00,124.03500,124.09000,123.70900,123.92600,8040
2016-12-23 00:00:00+00:00,123.92200,124.12500,123.87800,124.02900,3666
2016-12-26 00:00:00+00:00,123.97500,123.97500,123.91100,123.92700,24
2016-12-27 00:00:00+00:00,123.92300,123.92700,123.73300,123.81000,4104
2016-12-28 00:00:00+00:00,123.81700,124.32200,123.79000,124.25800,6601
2016-12-29 00:00:00+00:00,124.25100,124.70700,124.24200,124.58000,9229
2016-12-30 00:00:00+00:00,124.57600,124.93600,124.46700,124.76200,7713
2017-01-02 00:00:00+00:00,124.69200,124.69200,124.53400,124.62900,195
2017-01-03 00:00:00+00:00,124.63200,124.81500,124.16800,124.66800,13705
2017-01-04 00:00:00+00:00,124.66400,124.85000,124.43100,124.80200,10762
2017-01-05 00:00:00+00:00,124.80900,125.61300,124.68800,125.54800,16781
2017-01-06 00:00:00+00:00,125.55200,125.85800,124.88300,124.92900,14475
2017-01-08 00:00:00+00:00,124.93800,124.94500,124.89800,124.92900,205
2017-01-09 00:00:00+00:00,124.92500,125.39300,124.78500,125.36100,7585
2017-01-10 00:00:00+00:00,125.36400,125.45000,125.16800,125.27500,8684
2017-01-11 00:00:00+00:00,125.28200,125.72400,125.11300,125.39300,12809
2017-01-12 00:00:00+00:00,125.38900,125.84500,125.37700,125.41600,11052
2017-01-13 00:00:00+00:00,125.42400,125.82000,124.86300,125.16600,15392
2017-01-15 00:00:00+00:00,125.22600,125.34700,125.22100,125.33100,314
2017-01-16 00:00:00+00:00,125.32400,125.53300,125.18700,125.30800,4348
2017-01-17 00:00:00+00:00,125.31200,125.91600,125.31200,125.69200,17063
2017-01-18 00:00:00+00:00,125.68500,125.70800,124.76000,124.86900,12996
2017-01-19 00:00:00+00:00,124.86500,124.94600,124.33000,124.50100,15986
2017-01-20 00:00:00+00:00,124.50500,124.75100,124.23100,124.65100,16822
2017-01-22 00:00:00+00:00,124.62400,124.88600,124.62000,124.87000,361
2017-01-23 00:00:00+00:00,124.86700,125.41400,124.60000,125.23900,15148
2017-01-24 00:00:00+00:00,125.23600,125.36400,124.62100,124.75300,10683
2017-01-25 00:00:00+00:00,124.76100,124.82400,124.15300,124.33100,12527
2017-01-26 00:00:00+00:00,124.33800,124.43600,123.98100,124.37000,11709
2017-01-27 00:00:00+00:00,124.36300,124.58300,124.21100,124.53600,9796
2017-01-29 00:00:00+00:00,124.56700,124.63000,124.56700,124.59800,100
2017-01-30 00:00:00+00:00,124.59100,124.75000,124.45300,124.56000,12188
2017-01-31 00:00:00+00:00,124.56700,125.04000,124.44700,124.78700,15665
2017-02-01 00:00:00+00:00,124.77900,124.78700,124.28100,124.65400,17163
2017-02-02 00:00:00+00:00,124.64700,125.05700,124.63600,124.67800,11738
2017-02-03 00:00:00+00:00,124.68200,125.17500,124.45500,124.81200,20412
2017-02-05 00:00:00+00:00,124.76600,124.84400,124.75000,124.76500,368
2017-02-06 00:00:00+00:00,124.76900,125.35500,124.76500,125.32200,10312
2017-02-07 00:00:00+00:00,125.32900,125.62900,125.08200,125.37700,10021
2017-02-08 00:00:00+00:00,125.37300,125.87200,125.31200,125.76100,12160
2017-02-09 00:00:00+00:00,125.76800,125.79200,125.14400,125.15800,10355
2017-02-10 00:00:00+00:00,125.16200,125.20000,124.93400,125.08100,9593
2017-02-12 00:00:00+00:00,125.01100,125.01100,124.90100,124.94800,320
2017-02-13 00:00:00+00:00,124.95500,125.01000,124.70800,124.83000,7976
2017-02-14 00:00:00+00:00,124.83400,124.89100,124.24600,124.43100,11676
2017-02-15 00:00:00+00:00,124.43500,124.52300,124.03600,124.25200,10940
2017-02-16 00:00:00+00:00,124.24500,124.77900,124.23600,124.66700,9906
2017-02-17 00:00:00+00:00,124.66300,125.14800,124.60400,125.00400,7942
2017-02-19 00:00:00+00:00,124.91900,124.97300,124.91100,124.94200,141
2017-02-20 00:00:00+00:00,124.94600,124.95700,124.79900,124.84000,2359
2017-02-21 00:00:00+00:00,124.83700,125.02800,124.62000,124.82100,7081
2017-02-22 00:00:00+00:00,124.82900,125.19500,124.64300,125.00400,8924
2017-02-23 00:00:00+00:00,125.00700,125.35900,124.93900,125.32700,6045
2017-02-24 00:00:00+00:00,125.32000,125.88900,125.28000,125.84000,4508
2017-02-26 00:00:00+00:00,125.85800,125.85800,125.74800,125.76400,127
2017-02-27 00:00:00+00:00,125.76800,125.79500,125.28700,125.34900,4815
2017-02-28 00:00:00+00:00,125.34500,125.53300,124.74500,124.77600,12861
2017-03-01 00:00:00+00:00,124.78000,124.91700,124.33000,124.34600,13597
2017-03-02 00:00:00+00:00,124.35300,124.50300,124.05800,124.29200,10985
2017-03-03 00:00:00+00:00,124.28500,124.36900,123.98900,124.34900,12287
2017-03-05 00:00:00+00:00,124.23400,124.38300,124.21000,124.38300,455
2017-03-06 00:00:00+00:00,124.39000,124.55300,124.18900,124.29800,7864
2017-03-07 00:00:00+00:00,124.30200,124.32900,124.04000,124.05600,6878
2017-03-08 00:00:00+00:00,124.05200,124.18100,123.50600,123.72000,12300
2017-03-09 00:00:00+00:00,123.71600,123.77900,123.35200,123.36800,11937
2017-03-10 00:00:00+00:00,123.37100,123.77300,123.28900,123.69200,16776
2017-03-12 00:00:00+00:00,123.71000,123.74200,123.60000,123.61600,203
2017-03-13 00:00:00+00:00,123.60900,123.86400,123.28000,123.35800,4778
2017-03-14 00:00:00+00:00,123.36200,123.60600,123.27700,123.49300,7670
2017-03-15 00:00:00+00:00,123.48900,124.44600,123.46000,124.42900,13636
2017-03-16 00:00:00+00:00,124.42200,124.49200,123.98300,124.03000,7167
2017-03-17 00:00:00+00:00,124.03700,124.48100,124.03000,124.35400,5820
2017-03-19 00:00:00+00:00,124.34100,124.40300,124.34100,124.40300,139
2017-03-20 00:00:00+00:00,124.40700,124.68000,124.25900,124.64800,4917
2017-03-21 00:00:00+00:00,124.64100,125.06600,124.36200,125.06600,9677
2017-03-22 00:00:00+00:00,125.05800,125.29700,124.93800,124.99600,10351
2017-03-23 00:00:00+00:00,125.00000,125.19700,124.77200,124.94300,11035
2017-03-24 00:00:00+00:00,124.94700,125.17400,124.79900,124.95300,8520
2017-03-26 00:00:00+00:00,125.01800,125.28500,125.01800,125.22200,598
2017-03-27 00:00:00+00:00,125.22900,125.47100,125.15300,125.16800,8114
2017-03-28 00:00:00+00:00,125.17200,125.36900,124.75400,124.76900,7717
2017-03-29 00:00:00+00:00,124.77700,125.18900,124.75400,125.10800,7947
2017-03-30 00:00:00+00:00,125.11200,125.23100,124.80500,124.91400,8141
2017-03-31 00:00:00+00:00,124.91000,125.14300,124.77000,125.12800,8867
2017-04-02 00:00:00+00:00,125.09900,125.09900,125.02000,125.06700,426
2017-04-03 00:00:00+00:00,125.06300,125.73600,125.01800,125.68800,8214
2017-04-04 00:00:00+00:00,125.69500,125.85700,125.39900,125.44600,8874
2017-04-05 00:00:00+00:00,125.44200,125.78600,125.25300,125.70600,9867
2017-04-06 00:00:00+00:00,125.71300,125.78300,125.43500,125.59000,8752
2017-04-07 00:00:00+00:00,125.58300,126.26100,125.20800,125.20800,18893
2017-04-09 00:00:00+00:00,125.22600,125.22600,125.14700,125.22600,329
2017-04-10 00:00:00+00:00,125.22200,125.51900,125.09900,125.47000,5664
2017-04-11 00:00:00+00:00,125.47700,126.01500,125.43800,125.93400,8579
2017-04-12 00:00:00+00:00,125.92700,126.47700,125.82200,126.39800,9719
2017-04-13 00:00:00+00:00,126.39400,126.69300,126.20600,126.45500,9985
2017-04-16 00:00:00+00:00,126.69300,126.82700,126.67000,126.81100,657
2017-04-17 00:00:00+00:00,126.80700,126.81100,126.22600,126.30300,6554
2017-04-18 00:00:00+00:00,126.29600,127.03400,126.24000,126.89200,11169
2017-04-19 00:00:00+00:00,126.88500,126.93900,126.51200,126.66600,8180
2017-04-20 00:00:00+00:00,126.67300,126.74200,126.23800,126.36200,9694
2017-04-21 00:00:00+00:00,126.36500,126.67100,126.31300,126.38700,7595
2017-04-23 00:00:00+00:00,125.81000,125.81000,125.57500,125.77800,1745
2017-04-24 00:00:00+00:00,125.77400,126.24300,125.66700,126.21000,12888
2017-04-25 00:00:00+00:00,126.20300,126.20300,125.64100,125.71800,9478
2017-04-26 00:00:00+00:00,125.72500,125.99500,125.58900,125.90000,14093
2017-04-27 00:00:00+00:00,125.89200,126.13000,125.80400,126.01800,9325
2017-04-28 00:00:00+00:00,126.02600,126.09600,125.63900,126.04400,14323
2017-04-30 00:00:00+00:00,126.06200,126.14000,126.06200,126.07700,205
2017-05-01 00:00:00+00:00,126.07000,126.08900,125.66600,125.88300,8843
2017-05-02 00:00:00+00:00,125.87900,126.12800,125.66100,126.06400,8244
2017-05-03 00:00:00+00:00,126.05700,126.13900,125.69800,125.71300,11983
2017-05-04 00:00:00+00:00,125.72000,125.77400,125.38000,125.45600,8422
2017-05-05 00:00:00+00:00,125.46300,125.64300,125.18600,125.54400,11163
2017-05-07 00:00:00+00:00,125.34300,125.45300,125.32800,125.43700,162
2017-05-08 00:00:00+00:00,125.43300,125.70000,125.22700,125.25800,8636
2017-05-09 00:00:00+00:00,125.25400,125.33600,125.03400,125.26700,6781
2017-05-10 00:00:00+00:00,125.26000,125.43700,125.04300,125.13600,8591
2017-05-11 00:00:00+00:00,125.12800,125.31700,124.99100,125.28600,9591
2017-05-12 00:00:00+00:00,125.27900,125.84500,125.25400,125.80000,8982
2017-05-14 00:00:00+00:00,125.77200,125.89300,125.76700,125.81400,284
2017-05-15 00:00:00+00:00,125.81800,125.84500,125.59000,125.71400,6732
2017-05-16 00:00:00+00:00,125.71000,126.11400,125.52300,126.05200,9767
2017-05-17 00:00:00+00:00,126.04500,126.68800,125.97300,126.51500,18998
2017-05-18 00:00:00+00:00,126.51900,126.93500,126.38800,126.49300,16570
2017-05-19 00:00:00+00:00,126.50000,126.58600,126.27000,126.47100,7208
2017-05-21 00:00:00+00:00,126.44200,126.45800,126.34800,126.34800,154
2017-05-22 00:00:00+00:00,126.35200,126.49800,126.25300,126.48200,5586
2017-05-23 00:00:00+00:00,126.47500,126.52700,126.00800,126.05300,9246
2017-05-24 00:00:00+00:00,126.05700,126.39900,125.94400,126.36700,8428
2017-05-25 00:00:00+00:00,126.35900,126.42800,126.22300,126.34700,3779
2017-05-26 00:00:00+00:00,126.35100,126.54800,126.34400,126.37500,1847
2017-05-28 00:00:00+00:00,126.35100,126.36600,126.31900,126.35000,112
2017-05-29 00:00:00+00:00,126.34300,126.44200,126.22400,126.39300,577
2017-05-30 00:00:00+00:00,126.40000,126.65600,126.32800,126.57700,3409
2017-05-31 00:00:00+00:00,126.57300,126.76200,126.45100,126.65200,9016
2017-06-01 00:00:00+00:00,126.64400,126.69800,126.41400,126.64700,8669
2017-06-02 00:00:00+00:00,126.64000,127.24100,126.58400,127.06700,9322
2017-06-04 00:00:00+00:00,127.10600,127.13700,127.01200,127.07400,216
2017-06-05 00:00:00+00:00,127.08100,127.12100,126.83700,126.92900,4731
2017-06-06 00:00:00+00:00,126.92200,127.33500,126.91300,127.14400,6039
2017-06-07 00:00:00+00:00,127.14800,127.20600,126.92100,126.92100,6243
2017-06-08 00:00:00+00:00,126.91700,127.05800,126.65200,127.05800,8417
2017-06-09 00:00:00+00:00,127.05400,127.10500,126.58500,126.80300,5585
2017-06-11 00:00:00+00:00,126.79500,126.79500,126.71600,126.73200,84
2017-06-12 00:00:00+00:00,126.73900,126.93300,126.62000,126.69700,7762
2017-06-13 00:00:00+00:00,126.70400,126.81900,126.60000,126.77100,4771
2017-06-14 00:00:00+00:00,126.77800,127.64600,126.75500,127.39400,16337
2017-06-15 00:00:00+00:00,127.39800,127.40900,126.99900,127.02900,7405
2017-06-16 00:00:00+00:00,127.02200,127.26200,126.90200,127.18200,5759
2017-06-18 00:00:00+00:00,127.17400,127.20500,127.14200,127.14200,125
2017-06-19 00:00:00+00:00,127.14600,127.28900,126.74600,126.79300,6052
2017-06-20 00:00:00+00:00,126.78900,127.13500,126.76000,127.02400,6162
2017-06-21 00:00:00+00:00,127.02800,127.16400,126.86500,127.00400,5507
2017-06-22 00:00:00+00:00,127.00000,127.17500,126.95500,127.06300,5186
2017-06-23 00:00:00+00:00,127.05600,127.12200,126.93600,127.12200,4155
2017-06-25 00:00:00+00:00,127.08200,127.11400,127.05100,127.09800,61
2017-06-26 00:00:00+00:00,127.10200,127.25200,126.95500,127.09400,4999
2017-06-27 00:00:00+00:00,127.09000,127.20200,126.51100,126.63500,6841
2017-06-28 00:00:00+00:00,126.63900,126.66600,126.22600,126.52100,11346
2017-06-29 00:00:00+00:00,126.52900,126.56800,125.92400,126.17300,12278
2017-06-30 00:00:00+00:00,126.18000,126.23400,125.79300,125.82400,10060
2017-07-02 00:00:00+00:00,125.83200,125.83200,125.73700,125.75300,255
2017-07-03 00:00:00+00:00,125.76000,125.92300,125.35900,125.42000,7698
2017-07-04 00:00:00+00:00,125.42700,125.81100,125.40200,125.54100,3383
2017-07-05 00:00:00+00:00,125.53400,125.63200,125.28900,125.58400,7640
2017-07-06 00:00:00+00:00,125.57700,125.64600,125.11200,125.31400,10844
2017-07-07 00:00:00+00:00,125.32100,125.40600,125.10800,125.20100,12561
2017-07-09 00:00:00+00:00,125.19200,125.22400,125.17700,125.20800,124
2017-07-10 00:00:00+00:00,125.21500,125.42500,125.14400,125.31300,4650
2017-07-11 00:00:00+00:00,125.30600,125.51400,125.17100,125.51300,5239
2017-07-12 00:00:00+00:00,125.50600,126.01200,125.49700,125.82200,7827
2017-07-13 00:00:00+00:00,125.82600,125.94600,125.55300,125.64600,6769
2017-07-14 00:00:00+00:00,125.65000,126.30100,125.61400,125.86100,7595
2017-07-16 00:00:00+00:00,125.86900,125.96200,125.86900,125.94700,50
2017-07-17 00:00:00+00:00,125.95400,126.08400,125.83600,125.99000,5705
2017-07-18 00:00:00+00:00,125.99700,126.42600,125.95700,126.34600,7872
2017-07-19 00:00:00+00:00,126.35300,126.43700,126.21900,126.29500,5077
2017-07-20 00:00:00+00:00,126.30200,126.52700,126.23000,126.32200,9008
2017-07-21 00:00:00+00:00,126.31500,126.61600,126.29000,126.53800,4860
2017-07-23 00:00:00+00:00,126.52200,126.59200,126.49800,126.57600,74
2017-07-24 00:00:00+00:00,126.58000,126.60700,126.32200,126.38400,4159
2017-07-25 00:00:00+00:00,126.37700,126.43000,125.72300,125.75400,6191
2017-07-26 00:00:00+00:00,125.76100,126.29800,125.73800,126.20400,8196
2017-07-27 00:00:00+00:00,126.21100,126.26600,125.88800,126.09000,9918
2017-07-28 00:00:00+00:00,126.09400,126.21200,125.77500,126.14900,9020
2017-07-30 00:00:00+00:00,126.17200,126.20300,126.15600,126.20300,76
2017-07-31 00:00:00+00:00,126.19900,126.26500,126.00400,126.01100,3857
2017-08-01 00:00:00+00:00,126.00200,126.44600,125.88400,126.36700,6301
2017-08-02 00:00:00+00:00,126.36000,126.46500,126.17700,126.28500,7318
2017-08-03 00:00:00+00:00,126.29200,126.65700,126.26700,126.59300,7058
2017-08-04 00:00:00+00:00,126.58600,126.62500,126.09000,126.30800,7670
2017-08-06 00:00:00+00:00,126.28400,126.30000,126.19000,126.23700,113
2017-08-07 00:00:00+00:00,126.23300,126.39000,126.12600,126.34200,4121
2017-08-08 00:00:00+00:00,126.34600,126.40300,126.08900,126.38500,5839
2017-08-09 00:00:00+00:00,126.39200,126.74300,126.35300,126.42800,7879
2017-08-10 00:00:00+00:00,126.42100,126.87800,126.36500,126.87800,6970
2017-08-11 00:00:00+00:00,126.88100,127.03200,126.70300,126.93700,9165
2017-08-13 00:00:00+00:00,126.91300,126.94400,126.85000,126.86500,226
2017-08-14 00:00:00+00:00,126.86900,126.88100,126.59600,126.62700,5417
2017-08-15 00:00:00+00:00,126.61900,126.62700,126.17100,126.29400,5776
2017-08-16 00:00:00+00:00,126.29000,126.71300,126.15200,126.61900,7206
2017-08-17 00:00:00+00:00,126.61100,126.97500,126.47600,126.91200,8313
2017-08-18 00:00:00+00:00,126.90800,127.17500,126.70500,126.87700,8963
2017-08-20 00:00:00+00:00,126.83700,126.83700,126.72700,126.74300,256
2017-08-21 00:00:00+00:00,126.74700,127.02200,126.74300,126.92600,5588
2017-08-22 00:00:00+00:00,126.91900,126.92600,126.64100,126.65600,3270
2017-08-23 00:00:00+00:00,126.66000,127.06000,126.62400,127.01200,4789
2017-08-24 00:00:00+00:00,126.99600,127.01200,126.75800,126.78900,5921
2017-08-25 00:00:00+00:00,126.78900,127.05200,126.72400,126.98900,7764
2017-08-27 00:00:00+00:00,126.98800,126.99600,126.90200,126.91700,320
2017-08-28 00:00:00+00:00,126.91000,127.46100,126.90000,127.35100,4616
2017-08-29 00:00:00+00:00,127.34400,127.67800,127.20900,127.27100,9568
2017-08-30 00:00:00+00:00,127.26800,127.27000,127.06600,127.14300,3709
2017-08-31 00:00:00+00:00,127.13500,127.36000,127.06300,127.28100,5562
2017-09-01 00:00:00+00:00,127.28800,127.56100,126.93400,126.94900,6862
2017-09-03 00:00:00+00:00,127.22800,127.24000,127.14600,127.16200,502
2017-09-04 00:00:00+00:00,127.16900,127.27100,127.08100,127.09600,1551
2017-09-05 00:00:00+00:00,127.10000,127.87700,127.09600,127.81400,7114
2017-09-06 00:00:00+00:00,127.81700,127.86100,127.38800,127.48200,5432
2017-09-07 00:00:00+00:00,127.47800,128.02800,127.46600,127.96400,6710
2017-09-08 00:00:00+00:00,127.97100,128.19900,127.71200,127.85200,5277
2017-09-10 00:00:00+00:00,127.55600,127.57900,127.48500,127.56400,388
2017-09-11 00:00:00+00:00,127.55600,127.60900,127.18500,127.27900,3223
2017-09-12 00:00:00+00:00,127.28600,127.29400,126.86900,126.97800,4634
2017-09-13 00:00:00+00:00,126.97100,127.07100,126.69400,126.81800,3732
2017-09-14 00:00:00+00:00,126.81500,126.84800,126.47200,126.84700,6267
2017-09-15 00:00:00+00:00,126.84200,126.84700,126.50000,126.57800,5344
2017-09-17 00:00:00+00:00,126.54800,126.55600,126.52400,126.52400,79
2017-09-18 00:00:00+00:00,126.52800,126.55500,126.31900,126.41200,2562
2017-09-19 00:00:00+00:00,126.40800,126.48900,126.22100,126.26800,3907
2017-09-20 00:00:00+00:00,126.27500,126.43900,125.81100,125.88900,6728
2017-09-21 00:00:00+00:00,125.88500,126.16900,125.84000,125.93300,4172
2017-09-22 00:00:00+00:00,125.92600,126.19700,125.91700,126.08700,3742
2017-09-24 00:00:00+00:00,126.02600,126.04900,125.97100,125.98700,188
2017-09-25 00:00:00+00:00,125.99400,126.39200,125.98600,126.29700,4194
2017-09-26 00:00:00+00:00,126.30400,126.37500,126.09100,126.16900,3870
2017-09-27 00:00:00+00:00,126.16500,126.16800,125.55600,125.74300,7450
2017-09-28 00:00:00+00:00,125.75000,125.80300,125.31900,125.77100,4980
2017-09-29 00:00:00+00:00,125.76700,125.86300,125.45500,125.48700,5438
2017-10-01 00:00:00+00:00,125.48100,125.48100,125.37100,125.41800,191
2017-10-02 00:00:00+00:00,125.41100,125.63500,125.16600,125.44600,5378
2017-10-03 00:00:00+00:00,125.45300,125.63100,125.28800,125.60000,3165
2017-10-04 00:00:00+00:00,125.59600,125.83300,125.42500,125.56500,4822
2017-10-05 00:00:00+00:00,125.55800,125.65800,125.32800,125.40600,3652
2017-10-06 00:00:00+00:00,125.39900,125.43700,124.93500,125.34100,5697
2017-10-08 00:00:00+00:00,125.25600,125.31900,125.20900,125.27200,110
2017-10-09 00:00:00+00:00,125.27900,125.37900,125.22400,125.31600,808
2017-10-10 00:00:00+00:00,125.32400,125.64200,125.23700,125.34400,3318
2017-10-11 00:00:00+00:00,125.34800,125.56100,125.28100,125.43500,3982
2017-10-12 00:00:00+00:00,125.44200,125.63700,125.41800,125.60400,3084
2017-10-13 00:00:00+00:00,125.59700,125.99400,125.50900,125.96100,4153
2017-10-15 00:00:00+00:00,125.90800,125.90800,125.79900,125.83000,179
2017-10-16 00:00:00+00:00,125.83400,125.92200,125.56100,125.68600,3662
2017-10-17 00:00:00+00:00,125.68200,125.70000,125.41800,125.60500,3286
2017-10-18 00:00:00+00:00,125.61200,125.62000,125.24300,125.30400,3137
2017-10-19 00:00:00+00:00,125.31200,125.67800,125.28800,125.55200,4812
2017-10-20 00:00:00+00:00,125.55600,125.56700,124.97000,125.00100,5713
2017-10-22 00:00:00+00:00,124.96400,124.96400,124.90100,124.91700,216
2017-10-23 00:00:00+00:00,124.92100,125.16500,124.90000,125.14900,3442
2017-10-24 00:00:00+00:00,125.14100,125.18000,124.73900,124.83300,4191
2017-10-25 00:00:00+00:00,124.82600,124.84800,124.36200,124.73600,7280
2017-10-26 00:00:00+00:00,124.74300,124.89200,124.45200,124.51400,9484
2017-10-27 00:00:00+00:00,124.52100,124.90200,124.37200,124.90200,7908
2017-10-29 00:00:00+00:00,124.88100,124.99000,124.88100,124.95900,190
2017-10-30 00:00:00+00:00,124.96600,125.25300,124.88000,125.23700,4174
2017-10-31 00:00:00+00:00,125.23300,125.26800,125.01500,125.03100,5574
2017-11-01 00:00:00+00:00,125.03800,125.27900,124.87300,125.10600,5367
2017-11-02 00:00:00+00:00,125.11300,125.39300,125.04200,125.30700,6500
2017-11-03 00:00:00+00:00,125.30200,125.53200,125.16400,125.39800,6442
2017-11-05 00:00:00+00:00,125.37600,125.37600,125.31300,125.31300,48
2017-11-06 00:00:00+00:00,125.32000,125.54500,125.25000,125.49800,3365
2017-11-07 00:00:00+00:00,125.49400,125.59000,125.32500,125.57300,4285
2017-11-08 00:00:00+00:00,125.58000,125.58900,125.27300,125.32000,4032
2017-11-09 00:00:00+00:00,125.31600,125.44300,125.17700,125.27000,6316
2017-11-10 00:00:00+00:00,125.26600,125.28600,124.78300,124.82900,6035
2017-11-12 00:00:00+00:00,124.79200,124.83900,124.74500,124.82300,72
2017-11-13 00:00:00+00:00,124.81900,125.02500,124.66400,124.72600,3553
2017-11-14 00:00:00+00:00,124.73300,124.92700,124.61600,124.89500,4825
2017-11-15 00:00:00+00:00,124.89900,125.31600,124.88000,125.22100,6911
2017-11-16 00:00:00+00:00,125.22500,125.22800,124.85800,124.92100,4256
2017-11-17 00:00:00+00:00,124.91400,125.16900,124.88900,125.05900,4768
2017-11-19 00:00:00+00:00,125.06800,125.17800,125.05300,125.11500,120
2017-11-20 00:00:00+00:00,125.10800,125.23900,124.78400,124.83100,4694
2017-11-21 00:00:00+00:00,124.83800,125.00100,124.68800,124.84300,5428
2017-11-22 00:00:00+00:00,124.85000,125.21600,124.68600,125.16900,5294
2017-11-23 00:00:00+00:00,125.16500,125.19000,125.07400,125.15000,887
2017-11-24 00:00:00+00:00,125.14600,125.15800,124.95300,125.01500,2202
2017-11-26 00:00:00+00:00,125.04000,125.04000,124.97100,124.99300,72
2017-11-27 00:00:00+00:00,125.00100,125.21000,124.91400,125.14700,2496
2017-11-28 00:00:00+00:00,125.15100,125.30200,125.00400,125.06600,3944
2017-11-29 00:00:00+00:00,125.07300,125.16000,124.57900,124.67200,4841
2017-11-30 00:00:00+00:00,124.67900,124.70300,124.23100,124.40300,6401
2017-12-01 00:00:00+00:00,124.39600,125.15300,124.24400,124.71400,22679
2017-12-03 00:00:00+00:00,124.34800,124.37900,124.25400,124.26900,542
2017-12-04 00:00:00+00:00,124.27300,124.61200,124.26900,124.58000,7133
2017-12-05 00:00:00+00:00,124.57300,124.67200,124.37500,124.64000,6204
2017-12-06 00:00:00+00:00,124.64400,124.99800,124.59300,124.82500,7445
2017-12-07 00:00:00+00:00,124.81800,124.93300,124.55600,124.58700,5734
2017-12-08 00:00:00+00:00,124.58000,124.75800,124.44500,124.58500,6713
2017-12-10 00:00:00+00:00,124.54800,124.56400,124.53200,124.54800,62
2017-12-11 00:00:00+00:00,124.54100,124.81300,124.49800,124.54500,2524
2017-12-12 00:00:00+00:00,124.53800,124.62300,124.27700,124.41700,4282
2017-12-13 00:00:00+00:00,124.42400,124.92300,124.18100,124.86900,7106
2017-12-14 00:00:00+00:00,124.86100,124.86900,124.50700,124.77200,6308
2017-12-15 00:00:00+00:00,124.77600,124.80200,124.48800,124.69100,3755
2017-12-17 00:00:00+00:00,124.63800,124.65400,124.57600,124.57600,102
2017-12-18 00:00:00+00:00,124.56900,124.66800,124.41700,124.43200,2959
2017-12-19 00:00:00+00:00,124.43900,124.49400,123.87400,123.99100,4746
2017-12-20 00:00:00+00:00,123.99500,124.06800,123.66000,123.75300,5464
2017-12-21 00:00:00+00:00,123.75000,123.86200,123.64200,123.75100,3691
2017-12-22 00:00:00+00:00,123.75800,123.78100,123.68700,123.74800,2332
2017-12-25 00:00:00+00:00,123.70900,123.74000,123.66200,123.67700,115
2017-12-26 00:00:00+00:00,123.68400,123.89500,123.65300,123.80000,1769
2017-12-27 00:00:00+00:00,123.79300,124.25100,123.75200,124.14100,2968
2017-12-28 00:00:00+00:00,124.14900,124.17200,123.99800,124.06000,2855
2017-12-29 00:00:00+00:00,124.05300,124.30900,124.02900,124.23000,2601
2018-01-01 00:00:00+00:00,124.23000,124.23000,124.17500,124.20600,6
2018-01-02 00:00:00+00:00,124.19900,124.20600,123.75000,123.90600,2813
2018-01-03 00:00:00+00:00,123.90200,124.10800,123.85800,123.93500,3789
2018-01-04 00:00:00+00:00,123.92700,123.95000,123.63600,123.85400,3979
2018-01-05 00:00:00+00:00,123.84600,124.07100,123.67900,123.67900,4408
2018-01-07 00:00:00+00:00,123.67300,123.68900,123.65800,123.68900,7
2018-01-08 00:00:00+00:00,123.69600,123.82000,123.61000,123.65500,1819
2018-01-09 00:00:00+00:00,123.64800,123.70200,123.16700,123.19800,4240
2018-01-10 00:00:00+00:00,123.19800,123.27600,122.90000,123.18000,5863
2018-01-11 00:00:00+00:00,123.18700,123.33600,123.03800,123.19300,7159
2018-01-12 00:00:00+00:00,123.20000,123.24000,122.81600,123.12800,6124
2018-01-14 00:00:00+00:00,123.10700,123.15400,123.10700,123.13800,53
2018-01-15 00:00:00+00:00,123.13100,123.21500,123.08800,123.10400,1027
2018-01-16 00:00:00+00:00,123.09700,123.33800,123.02400,123.19500,4269
2018-01-17 00:00:00+00:00,123.19900,123.22600,122.72300,122.72300,5170
2018-01-18 00:00:00+00:00,122.72600,122.77000,122.51700,122.56400,6093
2018-01-19 00:00:00+00:00,122.57100,122.65600,122.28000,122.28000,5064
2018-01-21 00:00:00+00:00,122.40000,122.40000,122.19600,122.27400,345
2018-01-22 00:00:00+00:00,122.28100,122.50700,122.22700,122.30300,3713
2018-01-23 00:00:00+00:00,122.29600,122.69100,122.27200,122.69100,5545
2018-01-24 00:00:00+00:00,122.68400,122.68400,122.29800,122.39100,6046
2018-01-25 00:00:00+00:00,122.38400,122.60800,122.12400,122.57700,7653
2018-01-26 00:00:00+00:00,122.56900,122.57600,122.13700,122.21400,6129
2018-01-28 00:00:00+00:00,122.19300,122.24000,122.17700,122.24000,120
2018-01-29 00:00:00+00:00,122.24700,122.25600,121.70700,121.90900,8230
2018-01-30 00:00:00+00:00,121.90200,122.09500,121.67400,121.79700,8042
2018-01-31 00:00:00+00:00,121.78900,121.98300,121.46600,121.70000,12782
2018-02-01 00:00:00+00:00,121.67700,121.69800,121.21300,121.22800,8830
2018-02-02 00:00:00+00:00,121.23500,121.32100,120.78900,120.92900,11243
2018-02-04 00:00:00+00:00,120.90800,120.97000,120.89200,120.92300,379
2018-02-05 00:00:00+00:00,120.91600,122.18800,120.68800,121.92100,36494
2018-02-06 00:00:00+00:00,121.91800,122.70300,121.26200,121.33200,73372
2018-02-07 00:00:00+00:00,121.32800,121.71400,120.97800,121.33700,21861
2018-02-08 00:00:00+00:00,121.33000,121.35300,120.64800,121.17800,32749
2018-02-09 00:00:00+00:00,121.17100,121.69200,120.91100,121.07800,36817
2018-02-11 00:00:00+00:00,121.03000,121.03000,120.93600,120.95100,137
2018-02-12 00:00:00+00:00,120.95900,121.13700,120.73100,120.99600,11016
2018-02-13 00:00:00+00:00,121.00300,121.22900,120.94900,121.11800,8104
2018-02-14 00:00:00+00:00,121.12500,121.32100,120.35000,120.44300,15418
2018-02-15 00:00:00+00:00,120.44000,120.64400,120.12900,120.42500,11658
2018-02-16 00:00:00+00:00,120.43200,120.86100,120.42400,120.65700,7065
2018-02-18 00:00:00+00:00,120.66700,120.73000,120.66700,120.66700,174
2018-02-19 00:00:00+00:00,120.66000,120.66700,120.47800,120.50800,1516
2018-02-20 00:00:00+00:00,120.51200,120.63100,120.24100,120.56800,6847
2018-02-21 00:00:00+00:00,120.56100,120.69100,120.14400,120.23700,8044
2018-02-22 00:00:00+00:00,120.23000,120.54800,120.22100,120.42200,7889
2018-02-23 00:00:00+00:00,120.41500,120.88900,120.32800,120.79500,6762
2018-02-25 00:00:00+00:00,120.75800,120.77400,120.72700,120.75800,262
2018-02-26 00:00:00+00:00,120.76200,121.06900,120.75800,120.86500,5620
2018-02-27 00:00:00+00:00,120.87200,120.94000,120.29500,120.45100,7577
2018-02-28 00:00:00+00:00,120.45400,120.74400,120.30700,120.72800,9509
2018-03-01 00:00:00+00:00,120.73500,121.33600,120.63300,121.14600,18211
2018-03-02 00:00:00+00:00,121.14200,121.31600,120.70200,120.74800,12702
2018-03-04 00:00:00+00:00,120.72100,120.90900,120.72100,120.89400,288
2018-03-05 00:00:00+00:00,120.88600,121.22200,120.49700,120.63700,9504
2018-03-06 00:00:00+00:00,120.64400,121.05500,120.43000,120.92900,10275
2018-03-07 00:00:00+00:00,120.92600,120.94500,120.57800,120.61000,10353
2018-03-08 00:00:00+00:00,120.61400,120.88900,120.54400,120.71400,7412
2018-03-09 00:00:00+00:00,120.71800,120.82100,120.41200,120.59900,8728
2018-03-11 00:00:00+00:00,120.54100,120.54100,120.47800,120.52500,99
2018-03-12 00:00:00+00:00,120.51700,120.80200,120.46000,120.72300,4752
2018-03-13 00:00:00+00:00,120.71900,121.08100,120.64200,120.93700,8057
2018-03-14 00:00:00+00:00,120.93000,121.23200,120.79300,121.10400,8207
2018-03-15 00:00:00+00:00,121.09700,121.26100,120.94300,120.98900,6279
2018-03-16 00:00:00+00:00,120.99600,121.15900,120.81300,120.89000,5184
2018-03-18 00:00:00+00:00,120.86200,120.86200,120.79900,120.79900,694
2018-03-19 00:00:00+00:00,120.79600,121.01500,120.60800,120.82500,5584
2018-03-20 00:00:00+00:00,120.82200,120.85600,120.45900,120.52100,5448
2018-03-21 00:00:00+00:00,120.51800,120.75200,120.20300,120.65700,11352
2018-03-22 00:00:00+00:00,120.65400,121.29600,120.61000,121.24700,14169
2018-03-23 00:00:00+00:00,121.25500,121.37200,120.93100,121.18000,11368
2018-03-25 00:00:00+00:00,121.13700,121.21500,121.12100,121.13600,275
2018-03-26 00:00:00+00:00,121.12900,121.18300,120.83300,120.86400,6058
2018-03-27 00:00:00+00:00,120.87100,121.51800,120.81700,121.45400,11658
2018-03-28 00:00:00+00:00,121.46200,121.75100,121.26200,121.32300,13493
2018-03-29 00:00:00+00:00,121.32800,121.64900,121.27600,121.50700,6909
2018-04-01 00:00:00+00:00,121.48900,121.52000,121.45800,121.47300,193
2018-04-02 00:00:00+00:00,121.47800,121.81400,121.36000,121.65600,6897
2018-04-03 00:00:00+00:00,121.64900,121.67100,121.22800,121.35200,8807
2018-04-04 00:00:00+00:00,121.35600,121.58500,121.11100,121.11100,10067
2018-04-05 00:00:00+00:00,121.11600,121.20000,120.95000,121.13700,5803
2018-04-06 00:00:00+00:00,121.13000,121.47800,121.00900,121.44600,10124
2018-04-08 00:00:00+00:00,121.40300,121.41800,121.30900,121.34000,197
2018-04-09 00:00:00+00:00,121.32800,121.41300,121.13200,121.33400,5229
2018-04-10 00:00:00+00:00,121.33800,121.38100,121.07800,121.14000,6615
2018-04-11 00:00:00+00:00,121.14700,121.51300,121.14000,121.29100,6276
2018-04-12 00:00:00+00:00,121.29600,121.35300,120.80100,120.95700,5302
2018-04-13 00:00:00+00:00,120.94900,121.00300,120.73400,120.87300,4162
2018-04-15 00:00:00+00:00,120.81500,120.81500,120.72000,120.75200,110
2018-04-16 00:00:00+00:00,120.75900,120.85700,120.59200,120.80900,3913
2018-04-17 00:00:00+00:00,120.81600,120.91400,120.68100,120.83400,3865
2018-04-18 00:00:00+00:00,120.83100,120.86400,120.43800,120.48400,4366
2018-04-19 00:00:00+00:00,120.48800,120.56200,120.05700,120.18100,5614
2018-04-20 00:00:00+00:00,120.19200,120.25700,119.81500,119.81500,5481
2018-04-22 00:00:00+00:00,119.82000,119.82000,119.74100,119.75600,132
2018-04-23 00:00:00+00:00,119.76400,119.77200,119.53500,119.64100,5187
2018-04-24 00:00:00+00:00,119.63400,119.76500,119.45000,119.54200,5298
2018-04-25 00:00:00+00:00,119.54900,119.58900,119.28900,119.41100,7333
2018-04-26 00:00:00+00:00,119.40400,119.69000,119.33100,119.64000,5476
2018-04-27 00:00:00+00:00,119.62900,119.84000,119.59000,119.77600,4324
2018-04-29 00:00:00+00:00,119.78800,119.78800,119.73300,119.74900,34
2018-04-30 00:00:00+00:00,119.74100,119.93200,119.66900,119.77500,3249
2018-05-01 00:00:00+00:00,119.76700,119.85000,119.64500,119.70600,3100
2018-05-02 00:00:00+00:00,119.71300,119.82700,119.53200,119.74800,5247
2018-05-03 00:00:00+00:00,119.74400,120.09600,119.71500,119.94600,4433
2018-05-04 00:00:00+00:00,119.93900,120.24000,119.83200,119.92500,4909
2018-05-06 00:00:00+00:00,119.88200,119.89800,119.86600,119.89800,46
2018-05-07 00:00:00+00:00,119.90500,120.00400,119.83200,119.92300,1728
2018-05-08 00:00:00+00:00,119.91600,119.95300,119.62200,119.69900,3579
2018-05-09 00:00:00+00:00,119.69200,119.69900,119.43100,119.47400,3573
2018-05-10 00:00:00+00:00,119.48100,119.89400,119.48100,119.62500,5717
2018-05-11 00:00:00+00:00,119.63200,119.74800,119.54300,119.60400,3137
2018-05-13 00:00:00+00:00,119.57700,119.57700,119.54600,119.57700,46
2018-05-14 00:00:00+00:00,119.57300,119.68500,119.35300,119.38400,2658
2018-05-15 00:00:00+00:00,119.37600,119.41500,118.72200,118.90800,5441
2018-05-16 00:00:00+00:00,118.90100,119.00000,118.63800,118.71500,4854
2018-05-17 00:00:00+00:00,118.70800,118.77500,118.52600,118.64700,5112
2018-05-18 00:00:00+00:00,118.64400,119.08100,118.56800,119.06500,4880
2018-05-20 00:00:00+00:00,118.86600,118.92800,118.83400,118.89600,122
2018-05-21 00:00:00+00:00,118.89200,119.09500,118.84700,119.06300,3192
2018-05-22 00:00:00+00:00,119.06600,119.11000,118.88800,119.07300,4677
2018-05-23 00:00:00+00:00,119.06600,119.60000,119.01000,119.53700,8164
2018-05-24 00:00:00+00:00,119.53300,119.84600,119.42500,119.67200,7181
2018-05-25 00:00:00+00:00,119.67900,120.13700,119.54600,120.13700,7305
2018-05-27 00:00:00+00:00,119.96900,119.98400,119.85900,119.89000,145
2018-05-28 00:00:00+00:00,119.89700,120.43400,119.81000,120.29100,3181
2018-05-29 00:00:00+00:00,120.28400,121.52100,120.22800,121.44300,42609
2018-05-30 00:00:00+00:00,121.43600,121.43600,120.39200,120.71600,38228
2018-05-31 00:00:00+00:00,120.73100,120.90100,120.38500,120.61800,10921
2018-06-01 00:00:00+00:00,120.60600,120.61800,120.03500,120.19100,13730
2018-06-03 00:00:00+00:00,120.19800,120.26100,120.18200,120.18200,111
2018-06-04 00:00:00+00:00,120.17500,120.19600,119.85000,119.91200,6693
2018-06-05 00:00:00+00:00,119.91900,120.27000,119.88000,120.04900,8845
2018-06-06 00:00:00+00:00,120.05600,120.06500,119.65400,119.70000,7042
2018-06-07 00:00:00+00:00,119.69300,120.41800,119.54200,119.94700,10653
2018-06-08 00:00:00+00:00,119.95100,120.35300,119.86800,119.89700,11196
2018-06-10 00:00:00+00:00,119.98300,119.99800,119.85700,119.87300,146
2018-06-11 00:00:00+00:00,119.86500,119.88800,119.74400,119.82200,4552
2018-06-12 00:00:00+00:00,119.82900,119.93100,119.63100,119.78600,5726
2018-06-13 00:00:00+00:00,119.77900,119.84600,119.29700,119.64100,8252
2018-06-14 00:00:00+00:00,119.64800,119.95300,119.57800,119.87300,7651
2018-06-15 00:00:00+00:00,119.87600,120.23100,119.87600,119.96300,7273
2018-06-17 00:00:00+00:00,119.98600,120.04900,119.98600,119.98600,88
2018-06-18 00:00:00+00:00,119.99000,120.21700,119.92000,120.18600,4102
2018-06-19 00:00:00+00:00,120.19300,120.54500,120.13900,120.19800,6720
2018-06-20 00:00:00+00:00,120.19000,120.30500,119.83300,119.89600,4423
2018-06-21 00:00:00+00:00,119.88900,120.28500,119.78600,120.17400,7510
2018-06-22 00:00:00+00:00,120.19000,120.25000,120.00000,120.23300,4484
2018-06-24 00:00:00+00:00,120.22500,120.30300,120.22500,120.25600,151
2018-06-25 00:00:00+00:00,120.24900,120.47400,120.22300,120.29900,7290
2018-06-26 00:00:00+00:00,120.30600,120.43800,120.17300,120.31100,4348
2018-06-27 00:00:00+00:00,120.30700,120.74600,120.27900,120.69900,7218
2018-06-28 00:00:00+00:00,120.69400,120.77500,120.49200,120.55400,6621
2018-06-29 00:00:00+00:00,120.56100,120.61600,120.39400,120.42500,5035
2018-07-01 00:00:00+00:00,120.41700,120.51100,120.40100,120.47900,460
2018-07-02 00:00:00+00:00,120.47200,120.74400,120.31900,120.36600,4023
2018-07-03 00:00:00+00:00,120.35800,120.67600,120.25400,120.65900,5012
2018-07-04 00:00:00+00:00,120.65200,120.65900,120.53100,120.57700,1449
2018-07-05 00:00:00+00:00,120.56100,120.73100,120.40300,120.63600,5619
2018-07-06 00:00:00+00:00,120.64000,120.90400,120.50900,120.67900,4834
2018-07-08 00:00:00+00:00,120.65500,120.67100,120.62400,120.65500,199
2018-07-09 00:00:00+00:00,120.65200,120.65200,120.38500,120.40100,3063
2018-07-10 00:00:00+00:00,120.39600,120.64700,120.27200,120.58500,3594
2018-07-11 00:00:00+00:00,120.57700,120.67800,120.36300,120.45500,6444
2018-07-12 00:00:00+00:00,120.46200,120.53100,120.28900,120.42000,3450
2018-07-13 00:00:00+00:00,120.41300,120.65200,120.40300,120.65100,2636
2018-07-15 00:00:00+00:00,120.62800,120.62800,120.58100,120.59600,99
2018-07-16 00:00:00+00:00,120.58900,120.62700,120.26500,120.40400,2020
2018-07-17 00:00:00+00:00,120.39700,120.49600,120.29400,120.36900,2955
2018-07-18 00:00:00+00:00,120.36200,120.49200,120.20800,120.24000,2796
2018-07-19 00:00:00+00:00,120.24700,120.66000,120.11300,120.53300,5001
2018-07-20 00:00:00+00:00,120.52600,120.61100,120.19400,120.24800,4862
2018-07-22 00:00:00+00:00,120.25500,120.27100,120.17700,120.22400,204
2018-07-23 00:00:00+00:00,120.23100,120.33200,119.68800,119.76600,5516
2018-07-24 00:00:00+00:00,119.75900,119.85800,119.62300,119.79300,4356
2018-07-25 00:00:00+00:00,119.79700,119.91600,119.55500,119.57000,7087
2018-07-26 00:00:00+00:00,119.56600,119.78700,119.48900,119.56600,5509
2018-07-27 00:00:00+00:00,119.55900,119.72100,119.47200,119.70400,5131
2018-07-29 00:00:00+00:00,119.66400,119.69600,119.61700,119.66400,190
2018-07-30 00:00:00+00:00,119.66000,119.68000,119.45800,119.59800,3830
2018-07-31 00:00:00+00:00,119.60200,119.86300,119.55000,119.65600,8515
2018-08-01 00:00:00+00:00,119.66300,119.68700,119.27800,119.33900,4489
2018-08-02 00:00:00+00:00,119.34300,119.57200,119.33800,119.46100,5309
2018-08-03 00:00:00+00:00,119.45300,119.80200,119.41300,119.80100,5051
2018-08-05 00:00:00+00:00,119.77800,119.77800,119.73000,119.74600,103
2018-08-06 00:00:00+00:00,119.73900,120.01000,119.69900,119.88300,2231
2018-08-07 00:00:00+00:00,119.87600,119.92900,119.58200,119.64400,2058
2018-08-08 00:00:00+00:00,119.63700,119.75100,119.56400,119.70300,2737
2018-08-09 00:00:00+00:00,119.71000,119.96600,119.67000,119.90200,3783
2018-08-10 00:00:00+00:00,119.91000,120.55600,119.91000,120.38400,8855
2018-08-12 00:00:00+00:00,120.51700,120.59500,120.40700,120.45400,398
2018-08-13 00:00:00+00:00,120.44700,120.62400,120.27900,120.38700,10620
2018-08-14 00:00:00+00:00,120.38400,120.38400,120.16700,120.22700,4772
2018-08-15 00:00:00+00:00,120.22300,120.69400,120.19600,120.48900,8173
2018-08-16 00:00:00+00:00,120.49600,120.53600,120.25200,120.42200,5037
2018-08-17 00:00:00+00:00,120.43000,120.62400,120.35700,120.45000,5586
2018-08-19 00:00:00+00:00,120.41100,120.44200,120.41000,120.42600,97
2018-08-20 00:00:00+00:00,120.41900,120.81400,120.40900,120.76600,2607
2018-08-21 00:00:00+00:00,120.75100,120.79700,120.51300,120.74700,2759
2018-08-22 00:00:00+00:00,120.76200,120.85400,120.62000,120.75800,3448
2018-08-23 00:00:00+00:00,120.76500,120.80500,120.61400,120.64500,2606
2018-08-24 00:00:00+00:00,120.65200,120.72000,120.45500,120.72000,2555
2018-08-26 00:00:00+00:00,120.66500,120.66500,120.63300,120.64900,71
2018-08-27 00:00:00+00:00,120.66400,120.74100,120.41100,120.44100,1743
2018-08-28 00:00:00+00:00,120.42600,120.48700,120.15700,120.21900,2779
2018-08-29 00:00:00+00:00,120.23400,120.32700,120.09000,120.21400,2121
2018-08-30 00:00:00+00:00,120.20800,120.43200,120.15200,120.40100,2727
2018-08-31 00:00:00+00:00,120.40800,120.60300,120.36800,120.43000,3215
2018-09-02 00:00:00+00:00,120.39500,120.44200,120.37900,120.39500,21
2018-09-03 00:00:00+00:00,120.41000,120.50300,120.36300,120.42400,327
2018-09-04 00:00:00+00:00,120.44000,120.48600,120.11000,120.17100,3000
2018-09-05 00:00:00+00:00,120.15600,120.28000,120.04500,120.20100,3072
2018-09-06 00:00:00+00:00,120.19400,120.44900,120.12200,120.41800,5480
2018-09-07 00:00:00+00:00,120.42500,120.43400,119.79100,119.85300,7816
2018-09-09 00:00:00+00:00,119.81700,119.86400,119.80200,119.84900,67
2018-09-10 00:00:00+00:00,119.84500,119.92600,119.78500,119.89400,3525
2018-09-11 00:00:00+00:00,119.88600,119.88600,119.48500,119.53200,5292
2018-09-12 00:00:00+00:00,119.53600,119.68700,119.53100,119.62400,4308
2018-09-13 00:00:00+00:00,119.61600,119.77900,119.46600,119.55900,5843
2018-09-14 00:00:00+00:00,119.56300,119.60600,119.30700,119.32300,5487
2018-09-16 00:00:00+00:00,119.35000,119.35000,119.30300,119.33400,132
2018-09-17 00:00:00+00:00,119.32700,119.47300,119.17700,119.47300,4105
2018-09-18 00:00:00+00:00,119.48000,119.50400,118.90800,118.92300,5861
2018-09-19 00:00:00+00:00,118.92300,119.01600,118.68700,118.85900,5132
2018-09-20 00:00:00+00:00,118.86600,118.90600,118.62300,118.84100,4660
2018-09-21 00:00:00+00:00,118.83400,118.90400,118.70000,118.87100,3973
2018-09-23 00:00:00+00:00,118.86700,118.88200,118.85100,118.85100,59
2018-09-24 00:00:00+00:00,118.85800,118.86700,118.64600,118.70800,4166
2018-09-25 00:00:00+00:00,118.71500,118.72400,118.51900,118.62800,3639
2018-09-26 00:00:00+00:00,118.63200,119.01700,118.62800,118.97000,4831
2018-09-27 00:00:00+00:00,118.97700,119.14200,118.81200,118.98400,4699
2018-09-28 00:00:00+00:00,118.97700,119.15500,118.90400,118.90400,4655
2018-09-30 00:00:00+00:00,118.85300,118.86900,118.82200,118.85300,87
2018-10-01 00:00:00+00:00,118.85700,118.91400,118.68000,118.78800,3749
2018-10-02 00:00:00+00:00,118.78500,119.06900,118.77300,118.94300,5897
2018-10-03 00:00:00+00:00,118.93600,119.03700,117.97100,117.98700,7878
2018-10-04 00:00:00+00:00,117.99400,118.18900,117.76700,118.04700,9739
2018-10-05 00:00:00+00:00,118.05400,118.10900,117.67000,117.78000,8729
2018-10-07 00:00:00+00:00,117.76000,117.76000,117.56500,117.60300,285
2018-10-08 00:00:00+00:00,117.61000,117.94700,117.61000,117.82000,1706
2018-10-09 00:00:00+00:00,117.82800,117.99100,117.61600,117.91200,6765
2018-10-10 00:00:00+00:00,117.91900,118.41100,117.69200,118.36400,9842
2018-10-11 00:00:00+00:00,118.37100,118.59700,118.09700,118.37800,20948
2018-10-12 00:00:00+00:00,118.37100,118.56400,118.14300,118.28200,8680
2018-10-14 00:00:00+00:00,118.29400,118.34100,118.29400,118.34100,30
2018-10-15 00:00:00+00:00,118.33400,118.46500,118.27600,118.32300,7222
2018-10-16 00:00:00+00:00,118.31600,118.35300,118.18200,118.25900,6144
2018-10-17 00:00:00+00:00,118.25500,118.41400,117.89700,117.97500,6572
2018-10-18 00:00:00+00:00,117.98200,118.39600,117.89600,118.23900,9736
2018-10-19 00:00:00+00:00,118.24600,118.30200,118.01900,118.09700,8736
2018-10-21 00:00:00+00:00,118.10800,118.17100,118.07700,118.12400,113
2018-10-22 00:00:00+00:00,118.11700,118.23200,117.99800,118.12200,7968
2018-10-23 00:00:00+00:00,118.12500,118.76200,118.12500,118.33900,11487
2018-10-24 00:00:00+00:00,118.34600,118.97800,118.34600,118.91600,13227
2018-10-25 00:00:00+00:00,118.91200,118.93100,118.53900,118.86700,10322
2018-10-26 00:00:00+00:00,118.86300,119.28800,118.80400,119.13100,15018
2018-10-28 00:00:00+00:00,119.12700,119.15800,119.08000,119.09500,200
2018-10-29 00:00:00+00:00,119.08800,119.26700,118.81300,119.06200,9881
2018-10-30 00:00:00+00:00,119.06900,119.07800,118.71600,118.76300,10362
2018-10-31 00:00:00+00:00,118.75600,118.76300,118.46500,118.57300,7317
2018-11-01 00:00:00+00:00,118.57700,118.79100,118.44700,118.68100,7865
2018-11-02 00:00:00+00:00,118.67700,118.71200,118.08500,118.16300,11858
2018-11-04 00:00:00+00:00,118.14400,118.19000,118.12800,118.19000,106
2018-11-05 00:00:00+00:00,118.19700,118.33400,118.15700,118.17300,5896
2018-11-06 00:00:00+00:00,118.16600,118.31300,117.98300,118.12400,6067
2018-11-07 00:00:00+00:00,118.12000,118.34200,117.79500,117.91900,15289
2018-11-08 00:00:00+00:00,117.92600,118.07400,117.79200,117.87000,6423
2018-11-09 00:00:00+00:00,117.86300,118.27500,117.85400,118.24300,8243
2018-11-11 00:00:00+00:00,118.25500,118.28600,118.23900,118.25500,113
2018-11-12 00:00:00+00:00,118.25100,118.53500,118.17600,118.50300,2437
2018-11-13 00:00:00+00:00,118.51000,118.64200,118.31500,118.57900,9787
2018-11-14 00:00:00+00:00,118.57200,119.04700,118.45300,118.81200,11761
2018-11-15 00:00:00+00:00,118.80800,119.15500,118.70200,118.95100,11752
2018-11-16 00:00:00+00:00,118.94700,119.30800,118.84000,119.30800,10363
2018-11-18 00:00:00+00:00,119.32000,119.36700,119.32000,119.35100,131
2018-11-19 00:00:00+00:00,119.34400,119.42800,119.08400,119.33400,8440
2018-11-20 00:00:00+00:00,119.33000,119.48900,119.25400,119.28500,13522
2018-11-21 00:00:00+00:00,119.27800,119.29900,119.06500,119.29900,9212
2018-11-22 00:00:00+00:00,119.30600,119.34500,119.18800,119.23400,1491
2018-11-23 00:00:00+00:00,119.22700,119.49900,119.18600,119.37300,4330
2018-11-25 00:00:00+00:00,119.38500,119.40000,119.33800,119.36900,353
2018-11-26 00:00:00+00:00,119.37600,119.38400,119.11700,119.27300,6851
2018-11-27 00:00:00+00:00,119.28000,119.36500,119.16300,119.28700,8434
2018-11-28 00:00:00+00:00,119.28000,119.44200,119.12900,119.42500,9190
2018-11-29 00:00:00+00:00,119.42200,119.78400,119.38700,119.54300,8691
2018-11-30 00:00:00+00:00,119.53600,119.80800,119.51200,119.80800,5045
2018-12-02 00:00:00+00:00,119.47700,119.47700,119.36700,119.39900,636
2018-12-03 00:00:00+00:00,119.40600,119.94500,119.28900,119.86700,6863
2018-12-04 00:00:00+00:00,119.85900,120.41300,119.83500,120.24100,11026
2018-12-05 00:00:00+00:00,120.23200,120.28600,120.14600,120.19200,515
2018-12-06 00:00:00+00:00,120.14600,120.98900,120.14500,120.41000,18396
2018-12-07 00:00:00+00:00,120.40600,120.86300,120.33100,120.86300,14279
2018-12-09 00:00:00+00:00,120.92200,121.06300,120.90700,121.01600,565
2018-12-10 00:00:00+00:00,121.01200,121.03100,120.70200,120.82700,12908
2018-12-11 00:00:00+00:00,120.83100,120.89000,120.46600,120.54400,10223
2018-12-12 00:00:00+00:00,120.53700,120.57600,120.27700,120.34000,10047
2018-12-13 00:00:00+00:00,120.34700,120.48000,120.27700,120.38500,9756
2018-12-14 00:00:00+00:00,120.37800,120.71300,120.37000,120.50900,7959
2018-12-16 00:00:00+00:00,120.50900,120.55300,120.47500,120.50600,79
2018-12-17 00:00:00+00:00,120.49900,120.84900,120.44400,120.75500,5150
2018-12-18 00:00:00+00:00,120.75900,121.06700,120.75500,121.05100,9041
2018-12-19 00:00:00+00:00,121.04700,121.53500,120.80000,121.33100,22225
2018-12-20 00:00:00+00:00,121.32400,121.45600,121.01700,121.11100,19353
2018-12-21 00:00:00+00:00,121.11800,121.25100,121.01700,121.15700,10829
2018-12-23 00:00:00+00:00,121.21700,121.24800,121.15400,121.18500,194
2018-12-24 00:00:00+00:00,121.18200,121.66900,121.12200,121.65400,9351
2018-12-25 00:00:00+00:00,121.58900,121.69000,121.54200,121.54200,593
2018-12-26 00:00:00+00:00,121.55000,121.76100,120.99400,121.10300,14420
2018-12-27 00:00:00+00:00,121.10700,121.69600,121.07200,121.47700,15323
2018-12-28 00:00:00+00:00,121.48100,121.91400,121.38300,121.85100,12384
2018-12-30 00:00:00+00:00,121.75500,121.75500,121.69200,121.72300,114
2018-12-31 00:00:00+00:00,121.73100,122.22300,121.67600,121.98800,7412
2019-01-01 00:00:00+00:00,121.95500,122.03400,121.94000,121.97100,362
2019-01-02 00:00:00+00:00,121.97500,122.81400,121.97100,122.79800,9980
2019-01-03 00:00:00+00:00,122.79400,123.34500,122.32900,123.18800,15886
2019-01-04 00:00:00+00:00,123.18100,123.32900,122.23300,122.28000,19478
2019-01-06 00:00:00+00:00,122.27700,122.34000,122.24600,122.30800,282
2019-01-07 00:00:00+00:00,122.31500,122.57300,121.99400,122.07200,9328
2019-01-08 00:00:00+00:00,122.06500,122.13500,121.71100,121.71100,6632
2019-01-09 00:00:00+00:00,121.71500,121.96100,121.60100,121.89800,9397
2019-01-10 00:00:00+00:00,121.90500,122.19500,121.67800,121.83400,10201
2019-01-11 00:00:00+00:00,121.82700,122.19300,121.75600,122.00500,8565
2019-01-13 00:00:00+00:00,122.03300,122.11100,122.03300,122.11100,110
2019-01-14 00:00:00+00:00,122.10400,122.37600,121.96900,122.04700,6735
2019-01-15 00:00:00+00:00,122.03600,122.28100,121.87400,121.92100,8355
2019-01-16 00:00:00+00:00,121.92800,122.01500,121.70100,121.87300,5061
2019-01-17 00:00:00+00:00,121.87600,122.04400,121.48100,121.62100,7646
2019-01-18 00:00:00+00:00,121.61400,121.62100,121.15100,121.21300,6741
2019-01-20 00:00:00+00:00,121.24200,121.25800,121.24200,121.25800,90
2019-01-21 00:00:00+00:00,121.26500,121.39800,121.25700,121.35000,929
2019-01-22 00:00:00+00:00,121.34300,121.69300,121.30300,121.56800,8462
2019-01-23 00:00:00+00:00,121.57200,121.63000,121.30100,121.56600,8287
2019-01-24 00:00:00+00:00,121.57000,121.92500,121.48800,121.75300,7954
2019-01-25 00:00:00+00:00,121.76000,121.78400,121.39200,121.39200,6424
2019-01-27 00:00:00+00:00,121.42000,121.45200,121.38900,121.43600,93
2019-01-28 00:00:00+00:00,121.44300,121.66900,121.32600,121.59100,7135
2019-01-29 00:00:00+00:00,121.58700,121.87100,121.52800,121.79300,6051
2019-01-30 00:00:00+00:00,121.80000,122.22900,121.63600,122.15100,8845
2019-01-31 00:00:00+00:00,122.14700,122.65000,122.13500,122.44700,7920
2019-02-01 00:00:00+00:00,122.44300,122.58700,121.94500,122.03900,8504
2019-02-03 00:00:00+00:00,122.03600,122.05200,121.97400,121.98900,152
2019-02-04 00:00:00+00:00,121.98600,122.03600,121.69100,121.80000,4661
2019-02-05 00:00:00+00:00,121.80400,122.01800,121.64300,121.89300,6006
2019-02-06 00:00:00+00:00,121.90000,122.17400,121.89300,121.98500,5947
2019-02-07 00:00:00+00:00,121.97800,122.34400,121.97000,122.28100,8563
2019-02-08 00:00:00+00:00,122.27700,122.51500,122.25000,122.38900,6383
2019-02-10 00:00:00+00:00,122.37100,122.40200,122.35500,122.40200,137
2019-02-11 00:00:00+00:00,122.40600,122.44900,122.12000,122.21300,4486
2019-02-12 00:00:00+00:00,122.21700,122.22900,121.91500,121.93000,5046
2019-02-13 00:00:00+00:00,121.92700,122.02400,121.71100,121.86700,4843
2019-02-14 00:00:00+00:00,121.85900,122.33500,121.75700,122.17800,8045
2019-02-15 00:00:00+00:00,122.18200,122.28700,121.95800,122.09900,6025
2019-02-17 00:00:00+00:00,122.08000,122.08000,122.03300,122.04900,41
2019-02-18 00:00:00+00:00,122.05600,122.09600,121.98500,122.03200,571
2019-02-19 00:00:00+00:00,122.02500,122.34400,122.01600,122.31200,5109
2019-02-20 00:00:00+00:00,122.30500,122.40500,122.17000,122.27900,4387
2019-02-21 00:00:00+00:00,122.27200,122.27900,121.84100,121.91800,5720
2019-02-22 00:00:00+00:00,121.92200,122.30800,121.88700,122.16700,4262
2019-02-24 00:00:00+00:00,122.08600,122.08600,122.04000,122.07100,39
2019-02-25 00:00:00+00:00,122.07400,122.14900,121.96100,122.14800,3560
2019-02-26 00:00:00+00:00,122.14000,122.38100,122.10000,122.34600,5471
2019-02-27 00:00:00+00:00,122.35300,122.39400,121.87300,122.03700,3532
2019-02-28 00:00:00+00:00,122.03300,122.16300,121.55600,121.66500,8334
2019-03-01 00:00:00+00:00,121.65800,121.69700,121.26300,121.34100,6799
2019-03-03 00:00:00+00:00,121.25300,121.26800,121.20600,121.25300,98
2019-03-04 00:00:00+00:00,121.26000,121.62900,121.25300,121.56700,5127
2019-03-05 00:00:00+00:00,121.56000,121.64800,121.35100,121.61700,3894
2019-03-06 00:00:00+00:00,121.62400,121.97700,121.60100,121.84500,5311
2019-03-07 00:00:00+00:00,121.93100,122.38500,121.88500,122.27700,8853
2019-03-08 00:00:00+00:00,122.28400,122.66800,122.26100,122.41900,7585
2019-03-10 00:00:00+00:00,122.44000,122.48700,122.44000,122.44100,60
2019-03-11 00:00:00+00:00,122.45200,122.50300,122.14700,122.20900,4352
2019-03-12 00:00:00+00:00,122.21700,122.69500,122.11700,122.60200,5630
2019-03-13 00:00:00+00:00,122.59500,122.63500,122.43200,122.48000,4052
2019-03-14 00:00:00+00:00,122.48700,122.57500,122.32500,122.48200,4050
2019-03-15 00:00:00+00:00,122.47500,122.84300,122.37300,122.71900,4899
2019-03-17 00:00:00+00:00,122.69300,122.72400,122.67800,122.69300,27
2019-03-18 00:00:00+00:00,122.68600,122.78800,122.57000,122.61800,3010
2019-03-19 00:00:00+00:00,122.62500,122.69700,122.38500,122.49600,3570
2019-03-20 00:00:00+00:00,122.48900,123.27800,122.48000,123.16900,5640
2019-03-21 00:00:00+00:00,123.16500,123.45100,123.04600,123.10900,4635
2019-03-22 00:00:00+00:00,123.11700,124.01600,123.10900,123.89100,10687
2019-03-24 00:00:00+00:00,123.80300,123.88200,123.75700,123.80400,312
2019-03-25 00:00:00+00:00,123.79700,124.43000,123.64900,124.13400,10810
2019-03-26 00:00:00+00:00,124.14100,124.27700,123.83900,124.10500,9035
2019-03-27 00:00:00+00:00,124.09800,124.73000,124.04300,124.51400,15923
2019-03-28 00:00:00+00:00,124.52100,124.71700,124.11000,124.20400,11970
2019-03-29 00:00:00+00:00,124.19700,124.22100,123.84700,124.03500,9418
2019-03-31 00:00:00+00:00,123.90000,123.90100,123.82200,123.86900,286
2019-04-01 00:00:00+00:00,123.86200,123.94900,123.31000,123.43500,9706
2019-04-02 00:00:00+00:00,123.44300,123.64100,123.43500,123.61000,7070
2019-04-03 00:00:00+00:00,123.61700,123.64100,123.20500,123.26900,6968
2019-04-04 00:00:00+00:00,123.27600,123.48900,123.23800,123.31900,5536
2019-04-05 00:00:00+00:00,123.31200,123.49200,123.05500,123.41500,8319
2019-04-07 00:00:00+00:00,123.40500,123.40500,123.37300,123.37400,36
2019-04-08 00:00:00+00:00,123.38100,123.49900,123.23500,123.29800,4955
2019-04-09 00:00:00+00:00,123.29500,123.55000,123.20500,123.44100,5214
2019-04-10 00:00:00+00:00,123.43800,123.72400,123.34900,123.63100,6918
2019-04-11 00:00:00+00:00,123.62400,123.63200,123.33700,123.43100,5393
2019-04-12 00:00:00+00:00,123.42400,123.49500,122.85600,122.88800,7212
2019-04-14 00:00:00+00:00,122.86200,122.94000,122.86200,122.94000,82
2019-04-15 00:00:00+00:00,122.93600,123.02000,122.80100,122.97400,6008
2019-04-16 00:00:00+00:00,122.97000,123.02200,122.63300,122.71100,5303
2019-04-17 00:00:00+00:00,122.71900,122.76000,122.47800,122.71400,6843
2019-04-18 00:00:00+00:00,122.72100,123.05900,122.71400,122.96600,7299
2019-04-21 00:00:00+00:00,122.95900,123.00600,122.94300,122.99000,61
2019-04-22 00:00:00+00:00,123.00600,123.00600,122.75800,122.82100,3693
2019-04-23 00:00:00+00:00,122.81400,123.04100,122.76000,122.98000,4549
2019-04-24 00:00:00+00:00,122.97600,123.41900,122.96400,123.35700,4720
2019-04-25 00:00:00+00:00,123.35000,123.42100,123.18800,123.31300,4560
2019-04-26 00:00:00+00:00,123.32000,123.59600,123.14300,123.55000,7832
2019-04-28 00:00:00+00:00,123.53900,123.55500,123.52400,123.54000,22
2019-04-29 00:00:00+00:00,123.53300,123.55700,123.26100,123.40200,3094
2019-04-30 00:00:00+00:00,123.40900,123.59100,123.16900,123.52900,5095
2019-05-01 00:00:00+00:00,123.53300,123.98400,123.34400,123.47000,10450
2019-05-02 00:00:00+00:00,123.46300,123.47000,123.01900,123.11300,6138
2019-05-03 00:00:00+00:00,123.12100,123.34900,122.81800,123.25600,6239
2019-05-05 00:00:00+00:00,123.54600,123.82400,123.54200,123.81600,1030
2019-05-06 00:00:00+00:00,123.82400,123.98000,123.48300,123.68600,4572
2019-05-07 00:00:00+00:00,123.70200,123.92300,123.50000,123.81400,6103
2019-05-08 00:00:00+00:00,123.82100,124.06500,123.55100,123.69200,7155
2019-05-09 00:00:00+00:00,123.68400,124.16200,123.66000,123.88200,7412
2019-05-10 00:00:00+00:00,123.86600,124.10200,123.72800,123.75200,12430
2019-05-12 00:00:00+00:00,123.75200,124.06200,123.75200,124.06200,301
2019-05-13 00:00:00+00:00,124.07700,124.45400,123.96900,124.37700,6858
2019-05-14 00:00:00+00:00,124.36900,124.42300,124.16000,124.30100,4387
2019-05-15 00:00:00+00:00,124.30800,124.74000,124.22300,124.58500,6487
2019-05-16 00:00:00+00:00,124.60100,124.74200,124.22700,124.40000,4923
2019-05-17 00:00:00+00:00,124.41600,124.68300,124.27700,124.41800,4994
2019-05-19 00:00:00+00:00,124.41800,124.44000,124.31500,124.34600,193
2019-05-20 00:00:00+00:00,124.34600,124.50400,124.17600,124.22400,4552
2019-05-21 00:00:00+00:00,124.21700,124.27200,123.96000,124.07000,3757
2019-05-22 00:00:00+00:00,124.07800,124.43200,124.02400,124.41700,3652
2019-05-23 00:00:00+00:00,124.40900,125.15300,124.40100,124.91900,6483
2019-05-24 00:00:00+00:00,124.90300,124.99900,124.77900,124.93700,4506
2019-05-26 00:00:00+00:00,124.93700,124.97400,124.92700,124.94300,50
2019-05-27 00:00:00+00:00,124.95900,125.03800,124.85000,124.96100,566
2019-05-28 00:00:00+00:00,124.96500,125.38500,124.89900,125.35400,9911
2019-05-29 00:00:00+00:00,125.35100,125.77800,125.29400,125.35700,13300
2019-05-30 00:00:00+00:00,125.35300,126.00400,125.13900,126.00400,10969
2019-05-31 00:00:00+00:00,125.99700,126.52100,125.95800,126.47400,18714
2019-06-02 00:00:00+00:00,126.40300,126.65200,126.40300,126.55900,884
2019-06-03 00:00:00+00:00,126.55200,127.12200,126.48100,126.90500,23557
2019-06-04 00:00:00+00:00,126.90900,126.92100,126.36100,126.48700,13539
2019-06-05 00:00:00+00:00,126.49400,127.09700,126.49400,126.66200,13995
2019-06-06 00:00:00+00:00,126.65400,126.91300,126.50800,126.58700,9613
2019-06-07 00:00:00+00:00,126.59400,127.27400,126.54000,126.90200,11162
2019-06-09 00:00:00+00:00,126.42400,126.58100,126.40900,126.56500,656
2019-06-10 00:00:00+00:00,126.55700,126.70700,126.38100,126.47500,4597
2019-06-11 00:00:00+00:00,126.46700,126.50900,126.18000,126.49400,6580
2019-06-12 00:00:00+00:00,126.47800,126.77600,126.44600,126.69900,7333
2019-06-13 00:00:00+00:00,126.71500,127.12300,126.66800,127.12300,6203
2019-06-14 00:00:00+00:00,127.11500,127.34300,126.86000,127.09500,7524
2019-06-16 00:00:00+00:00,127.09500,127.10100,126.97700,126.99200,99
2019-06-17 00:00:00+00:00,127.00800,127.11900,126.80700,126.99500,4597
2019-06-18 00:00:00+00:00,126.98800,127.60500,126.91800,127.18600,14854
2019-06-19 00:00:00+00:00,127.17800,127.64100,126.86000,127.56300,16972
2019-06-20 00:00:00+00:00,127.57100,127.97000,127.39400,127.58200,12462
2019-06-21 00:00:00+00:00,127.59700,127.73800,127.16300,127.33600,8878
2019-06-23 00:00:00+00:00,127.38800,127.41900,127.29500,127.32600,179
2019-06-24 00:00:00+00:00,127.31900,127.73500,127.25700,127.71900,6388
2019-06-25 00:00:00+00:00,127.71100,127.97100,127.61100,127.80000,12861
2019-06-26 00:00:00+00:00,127.78500,127.80000,127.28800,127.36700,8292
2019-06-27 00:00:00+00:00,127.38200,127.68200,127.11800,127.58800,9517
2019-06-28 00:00:00+00:00,127.57300,127.73100,127.43400,127.63800,6175
2019-06-30 00:00:00+00:00,127.33200,127.41000,127.28500,127.31700,469
2019-07-01 00:00:00+00:00,127.30900,127.71000,127.28600,127.57000,7515
2019-07-02 00:00:00+00:00,127.57400,127.96200,127.52400,127.93100,5605
2019-07-03 00:00:00+00:00,127.94700,128.18200,127.90200,128.01200,5625
2019-07-04 00:00:00+00:00,128.02000,128.17000,127.99600,128.06200,618
2019-07-05 00:00:00+00:00,128.07000,128.09400,127.01900,127.30100,7474
2019-07-07 00:00:00+00:00,127.30100,127.30100,127.22900,127.24500,169
2019-07-08 00:00:00+00:00,127.25300,127.49600,127.10700,127.21700,4927
2019-07-09 00:00:00+00:00,127.22400,127.28000,126.93900,127.01800,4691
2019-07-10 00:00:00+00:00,127.00200,127.34700,126.64400,127.28600,8784
2019-07-11 00:00:00+00:00,127.29300,127.41200,126.54000,126.68100,8215
2019-07-12 00:00:00+00:00,126.67300,126.91700,126.57300,126.77700,5571
2019-07-14 00:00:00+00:00,126.77700,126.86100,126.77700,126.81500,151
2019-07-15 00:00:00+00:00,126.81500,127.00500,126.64400,126.99000,3655
2019-07-16 00:00:00+00:00,126.99000,127.03700,126.52400,126.80500,4903
2019-07-17 00:00:00+00:00,126.81300,127.32300,126.77400,127.24500,4482
2019-07-18 00:00:00+00:00,127.23000,127.65400,127.04400,127.42000,7695
2019-07-19 00:00:00+00:00,127.42000,127.46700,127.18900,127.23600,5415
2019-07-21 00:00:00+00:00,127.25800,127.32000,127.19500,127.22700,157
2019-07-22 00:00:00+00:00,127.23500,127.49400,127.16500,127.35500,3163
2019-07-23 00:00:00+00:00,127.37000,127.41900,127.09200,127.12400,3633
2019-07-24 00:00:00+00:00,127.12800,127.48400,127.12400,127.39200,4431
2019-07-25 00:00:00+00:00,127.39900,127.65900,126.91000,127.06800,9231
2019-07-26 00:00:00+00:00,127.05200,127.19300,126.86600,127.13300,3617
2019-07-28 00:00:00+00:00,127.13300,127.18600,127.13300,127.17000,73
2019-07-29 00:00:00+00:00,127.18600,127.32800,127.15600,127.22100,2958
2019-07-30 00:00:00+00:00,127.21700,127.39400,127.06700,127.20800,5118
2019-07-31 00:00:00+00:00,127.21500,127.53800,126.86700,127.27400,14510
2019-08-01 00:00:00+00:00,127.28900,128.65000,126.99400,128.51000,20594
2019-08-02 00:00:00+00:00,128.52500,128.98000,128.30900,128.79400,25443
2019-08-04 00:00:00+00:00,128.79400,128.79400,128.70600,128.72200,202
2019-08-05 00:00:00+00:00,128.73800,130.16100,128.69100,130.14600,20123
2019-08-06 00:00:00+00:00,130.13000,130.19200,129.33500,129.94600,18325
2019-08-07 00:00:00+00:00,129.93000,130.72800,129.57400,129.82400,25682
2019-08-08 00:00:00+00:00,129.80800,130.13900,129.23300,129.93700,18419
2019-08-09 00:00:00+00:00,129.94400,130.04800,129.40800,129.44000,14164
2019-08-11 00:00:00+00:00,129.50900,129.68100,129.49300,129.66500,272
2019-08-12 00:00:00+00:00,129.67200,130.32400,129.53300,130.13700,8388
2019-08-13 00:00:00+00:00,130.14500,130.40300,129.42100,129.65600,20906
2019-08-14 00:00:00+00:00,129.66400,130.57000,129.64000,130.29900,17872
2019-08-15 00:00:00+00:00,130.30700,131.23800,130.20700,130.84900,32066
2019-08-16 00:00:00+00:00,130.86500,130.97400,130.28900,130.72700,15673
2019-08-18 00:00:00+00:00,130.65500,130.67100,130.49900,130.60900,904
2019-08-19 00:00:00+00:00,130.62400,130.62500,130.20400,130.36200,9866
2019-08-20 00:00:00+00:00,130.37800,130.84800,130.31500,130.64600,7548
2019-08-21 00:00:00+00:00,130.63100,130.71100,130.24200,130.36900,8909
2019-08-22 00:00:00+00:00,130.38400,130.63500,130.04200,130.20000,8537
2019-08-23 00:00:00+00:00,130.19300,131.06100,129.78000,130.78100,23271
2019-08-25 00:00:00+00:00,131.40400,131.47400,131.27100,131.35000,1478
2019-08-26 00:00:00+00:00,131.34200,131.53800,130.68100,130.86900,15050
2019-08-27 00:00:00+00:00,130.86200,131.21500,130.79100,131.15300,10875
2019-08-28 00:00:00+00:00,131.13800,131.43700,131.04500,131.31300,12033
2019-08-29 00:00:00+00:00,131.32800,131.46900,130.78700,131.09900,11465
2019-08-30 00:00:00+00:00,131.09100,131.13500,130.72800,131.07400,6397
2019-09-01 00:00:00+00:00,131.25600,131.33400,131.17300,131.21100,333
2019-09-02 00:00:00+00:00,131.19500,131.22700,130.88700,131.06100,2060
2019-09-03 00:00:00+00:00,131.05400,131.73400,130.86000,131.59600,12082
2019-09-04 00:00:00+00:00,131.58800,131.67800,131.22600,131.55600,8168
2019-09-05 00:00:00+00:00,131.56300,131.57100,130.44000,130.66000,10901
2019-09-06 00:00:00+00:00,130.66400,130.85100,130.25900,130.61800,11428
2019-09-08 00:00:00+00:00,130.61800,130.69400,130.61800,130.66300,125
2019-09-09 00:00:00+00:00,130.67000,130.72500,130.00000,130.01600,4845
2019-09-10 00:00:00+00:00,130.03100,130.22000,129.21200,129.30600,6713
2019-09-11 00:00:00+00:00,129.31400,129.48000,129.00100,129.03200,5682
2019-09-12 00:00:00+00:00,129.04000,129.81300,128.78800,128.97600,17157
2019-09-13 00:00:00+00:00,128.99200,129.08500,127.92400,127.98600,8576
2019-09-15 00:00:00+00:00,128.35600,128.41800,128.20000,128.38700,1046
2019-09-16 00:00:00+00:00,128.37200,128.63900,128.18700,128.47100,8318
2019-09-17 00:00:00+00:00,128.45600,128.83300,128.41200,128.77300,8183
2019-09-18 00:00:00+00:00,128.78800,129.29100,128.63700,128.76300,10716
2019-09-19 00:00:00+00:00,128.74800,129.14100,128.56100,128.94000,9117
2019-09-20 00:00:00+00:00,128.95600,129.41200,128.83500,129.36600,6568
2019-09-22 00:00:00+00:00,129.11300,129.19200,129.05100,129.17600,311
2019-09-23 00:00:00+00:00,129.19200,129.88000,129.05400,129.47800,6151
2019-09-24 00:00:00+00:00,129.47000,130.26000,129.43400,130.07500,9867
2019-09-25 00:00:00+00:00,130.06000,130.23100,129.38000,129.49000,12311
2019-09-26 00:00:00+00:00,129.50600,129.86800,129.46100,129.69800,9302
2019-09-27 00:00:00+00:00,129.71400,129.89000,129.43700,129.75000,9945
2019-09-29 00:00:00+00:00,129.70000,129.88700,129.66900,129.79400,219
2019-09-30 00:00:00+00:00,129.77900,129.92400,129.53200,129.84700,5772
2019-10-01 00:00:00+00:00,129.84400,130.42700,129.14900,130.22700,13382
2019-10-02 00:00:00+00:00,130.21100,130.76100,129.96400,130.66900,10173
2019-10-03 00:00:00+00:00,130.68400,131.48200,130.60600,131.25100,12091
2019-10-04 00:00:00+00:00,131.26600,131.50300,131.02000,131.27200,10026
2019-10-06 00:00:00+00:00,131.50200,131.50200,131.33100,131.40900,195
2019-10-07 00:00:00+00:00,131.41600,131.51900,130.94700,131.05700,5186
2019-10-08 00:00:00+00:00,131.04200,131.49800,130.76200,131.32800,11834
2019-10-09 00:00:00+00:00,131.33500,131.34600,130.81800,131.14700,9857
2019-10-10 00:00:00+00:00,131.13200,131.25600,130.15600,130.21900,17302
2019-10-11 00:00:00+00:00,130.23400,130.37700,129.30400,129.63200,19418
2019-10-13 00:00:00+00:00,129.64500,129.67600,129.53600,129.56700,410
2019-10-14 00:00:00+00:00,129.55200,130.17700,129.55200,129.79100,4689
2019-10-15 00:00:00+00:00,129.79900,130.13700,129.31300,129.42400,9859
2019-10-16 00:00:00+00:00,129.41600,129.83100,129.39200,129.71000,11831
2019-10-17 00:00:00+00:00,129.71800,129.80400,129.12100,129.57600,11362
2019-10-18 00:00:00+00:00,129.57200,129.79000,129.37600,129.58100,6103
2019-10-20 00:00:00+00:00,129.58100,129.58100,129.58100,129.58100,1
2019-10-21 00:00:00+00:00,129.72600,129.73400,129.17800,129.21000,5551
2019-10-22 00:00:00+00:00,129.22600,129.55900,129.11700,129.49700,5385
2019-10-23 00:00:00+00:00,129.51300,129.78100,129.42400,129.48700,4556
2019-10-24 00:00:00+00:00,129.50300,129.70900,129.30200,129.57200,6511
2019-10-25 00:00:00+00:00,129.56400,129.62100,129.03000,129.21800,4546
2019-10-27 00:00:00+00:00,129.21800,129.21800,129.16800,129.16900,102
2019-10-28 00:00:00+00:00,129.18400,129.20000,128.72100,128.84700,4924
2019-10-29 00:00:00+00:00,128.83200,129.03800,128.74000,128.94700,5252
2019-10-30 00:00:00+00:00,128.94400,129.42000,128.81000,129.35800,8959
2019-10-31 00:00:00+00:00,129.36600,130.09600,129.21900,130.01900,7238
2019-11-01 00:00:00+00:00,130.00300,130.17800,129.55600,129.82200,7782
2019-11-03 00:00:00+00:00,129.77200,129.77200,129.67800,129.69400,130
2019-11-04 00:00:00+00:00,129.70200,129.71000,129.18600,129.18600,4232
2019-11-05 00:00:00+00:00,129.19300,129.29900,128.59700,128.73900,6351
2019-11-06 00:00:00+00:00,128.74700,129.12600,128.69500,129.02600,4993
2019-11-07 00:00:00+00:00,129.04200,129.12100,127.72100,128.17400,8991
2019-11-08 00:00:00+00:00,128.15900,128.42800,127.86600,128.00800,7445
2019-11-10 00:00:00+00:00,128.00800,128.08400,127.98900,128.08300,146
2019-11-11 00:00:00+00:00,128.06800,128.35000,128.05600,128.19800,1691
2019-11-12 00:00:00+00:00,128.20500,128.36000,127.90400,128.18900,10524
2019-11-13 00:00:00+00:00,128.18500,128.69300,128.17300,128.53800,9540
2019-11-14 00:00:00+00:00,128.54200,129.22800,128.47600,128.98000,10449
2019-11-15 00:00:00+00:00,128.98800,129.09400,128.81000,128.93900,6732
2019-11-17 00:00:00+00:00,128.96700,129.04500,128.96700,129.03000,70
2019-11-18 00:00:00+00:00,129.02600,129.25200,128.78300,129.09800,7046
2019-11-19 00:00:00+00:00,129.10500,129.43200,128.96000,129.41600,7033
2019-11-20 00:00:00+00:00,129.40900,129.77600,129.33800,129.67200,13530
2019-11-21 00:00:00+00:00,129.66500,129.87500,129.22400,129.35000,13981
2019-11-22 00:00:00+00:00,129.34600,129.52500,129.16500,129.27800,9758
2019-11-24 00:00:00+00:00,129.27400,129.32100,129.21200,129.24300,158
2019-11-25 00:00:00+00:00,129.25100,129.43600,129.10600,129.37400,5218
2019-11-26 00:00:00+00:00,129.36700,129.61300,129.21900,129.47400,7664
2019-11-27 00:00:00+00:00,129.48100,129.53900,129.15700,129.31300,5438
2019-11-28 00:00:00+00:00,129.30900,129.37600,129.11100,129.14300,1427
2019-11-29 00:00:00+00:00,129.15100,129.26900,128.99700,129.16100,6188
2019-12-01 00:00:00+00:00,129.00900,129.04100,128.96300,128.97800,252
2019-12-02 00:00:00+00:00,128.97500,128.97500,128.49600,128.82400,10610
2019-12-03 00:00:00+00:00,128.83200,129.90200,128.59100,129.66900,13079
2019-12-04 00:00:00+00:00,129.66200,129.87200,129.17100,129.29700,13684
2019-12-05 00:00:00+00:00,129.28900,129.40600,128.86100,129.01800,9098
2019-12-06 00:00:00+00:00,129.01400,129.20600,128.42600,128.67700,12706
2019-12-08 00:00:00+00:00,128.67700,128.67700,128.63400,128.65000,23
2019-12-09 00:00:00+00:00,128.65700,128.94800,128.65000,128.85500,5035
2019-12-10 00:00:00+00:00,128.84800,128.99600,128.59100,128.67000,8597
2019-12-11 00:00:00+00:00,128.67400,129.12400,128.62300,129.01500,8120
2019-12-12 00:00:00+00:00,129.00800,129.21200,127.70700,127.75400,19152
2019-12-13 00:00:00+00:00,127.75700,128.85500,127.73800,128.78500,24447
2019-12-15 00:00:00+00:00,128.69600,128.72700,128.68000,128.71200,255
2019-12-16 00:00:00+00:00,128.71900,128.74300,128.21400,128.38600,7566
2019-12-17 00:00:00+00:00,128.39300,128.51200,128.23200,128.27900,4843
2019-12-18 00:00:00+00:00,128.28300,128.43600,127.87500,128.04700,5857
2019-12-19 00:00:00+00:00,128.04000,128.20500,127.73600,127.97100,7761
2019-12-20 00:00:00+00:00,127.97500,128.06600,127.78500,128.02000,4836
2019-12-22 00:00:00+00:00,128.02400,128.02400,127.97700,128.00900,96
2019-12-23 00:00:00+00:00,128.01600,128.19700,127.87000,127.96400,4522
2019-12-24 00:00:00+00:00,127.97100,128.21500,127.82500,128.18400,3407
2019-12-25 00:00:00+00:00,128.18600,128.20900,128.17100,128.17100,42
2019-12-26 00:00:00+00:00,128.16400,128.28200,128.03200,128.23500,2552
2019-12-27 00:00:00+00:00,128.23200,128.48700,128.20500,128.44000,3468
2019-12-29 00:00:00+00:00,128.46000,128.49100,128.44500,128.49100,45
2019-12-30 00:00:00+00:00,128.48400,128.50700,127.97800,128.36900,6231
2019-12-31 00:00:00+00:00,128.36500,128.40100,128.08900,128.10500,3942
2020-01-01 00:00:00+00:00,128.10500,128.17000,128.07600,128.12300,145
2020-01-02 00:00:00+00:00,128.11600,128.76400,127.99900,128.48400,5603
2020-01-03 00:00:00+00:00,128.49100,129.26600,128.48400,129.22000,13768
2020-01-05 00:00:00+00:00,129.42000,129.47400,129.38000,129.41100,790
2020-01-06 00:00:00+00:00,129.40400,129.49000,129.00700,129.10100,9119
2020-01-07 00:00:00+00:00,129.09400,129.71200,128.99400,129.55600,12407
2020-01-08 00:00:00+00:00,129.56300,130.02400,128.59000,128.65300,22373
2020-01-09 00:00:00+00:00,128.66000,128.79500,128.40500,128.74900,9792
2020-01-10 00:00:00+00:00,128.74200,129.01600,128.60900,128.95400,6295
2020-01-13 00:00:00+00:00,128.95400,128.95800,128.67900,128.75700,2637
2020-01-14 00:00:00+00:00,128.75000,129.10300,128.64800,129.08700,3269
2020-01-15 00:00:00+00:00,129.07200,129.30700,128.97800,129.21400,2804
2020-01-16 00:00:00+00:00,129.19900,129.29300,128.93500,128.98200,2664
2020-01-17 00:00:00+00:00,128.99800,129.09300,128.78000,129.00000,2598
2020-01-19 00:00:00+00:00,129.00400,129.03500,128.98800,129.02000,50
2020-01-20 00:00:00+00:00,129.00400,129.06800,128.97400,129.02200,406
2020-01-21 00:00:00+00:00,129.03000,129.47600,129.02200,129.33600,3521
2020-01-22 00:00:00+00:00,129.35200,129.49400,129.25800,129.46300,2684
2020-01-23 00:00:00+00:00,129.47900,129.90200,129.44800,129.65300,4128
2020-01-24 00:00:00+00:00,129.63700,130.24800,129.48200,130.12300,4532
2020-01-26 00:00:00+00:00,130.50200,130.79900,130.48600,130.61100,1159
2020-01-27 00:00:00+00:00,130.59600,130.84600,130.42500,130.72300,6147
2020-01-28 00:00:00+00:00,130.73800,131.06700,130.35000,130.45900,5972
2020-01-29 00:00:00+00:00,130.47500,131.03900,130.31900,130.97700,4318
2020-01-30 00:00:00+00:00,130.96100,131.41600,130.90100,131.01000,9310
2020-01-31 00:00:00+00:00,130.99500,131.71500,130.83900,131.66800,5778
2020-02-02 00:00:00+00:00,131.66800,131.75000,131.53200,131.61000,362
2020-02-03 00:00:00+00:00,131.61800,131.64100,131.03400,131.50300,6731
2020-02-04 00:00:00+00:00,131.48700,131.51800,130.64600,130.81800,6149
2020-02-05 00:00:00+00:00,130.80200,131.03700,130.27300,130.46100,8444
2020-02-06 00:00:00+00:00,130.47700,130.55600,130.13400,130.46300,5115
2020-02-07 00:00:00+00:00,130.47900,131.04200,130.43200,130.93300,6559
2020-02-09 00:00:00+00:00,131.03200,131.25000,130.92200,131.15700,429
2020-02-10 00:00:00+00:00,131.14100,131.31400,130.79800,131.08100,5033
2020-02-11 00:00:00+00:00,131.09600,131.09600,130.77100,130.77100,3852
2020-02-12 00:00:00+00:00,130.75500,130.85100,130.53800,130.74100,4581
2020-02-13 00:00:00+00:00,130.75000,131.08600,130.61800,130.75900,5987
2020-02-14 00:00:00+00:00,130.74400,131.04200,130.66600,130.90200,3700
2020-02-16 00:00:00+00:00,130.85900,130.87500,130.78100,130.82800,91
2020-02-17 00:00:00+00:00,130.83600,131.03300,130.76600,130.98600,775
2020-02-18 00:00:00+00:00,131.00200,131.31500,130.97100,131.02000,4271
2020-02-19 00:00:00+00:00,131.00400,131.17700,130.86500,130.94400,4403
2020-02-20 00:00:00+00:00,130.92800,131.52300,130.88100,131.46100,5510
2020-02-21 00:00:00+00:00,131.45400,132.07200,131.38300,131.74500,6705
2020-02-23 00:00:00+00:00,131.74500,132.29600,131.74500,132.15500,781
2020-02-24 00:00:00+00:00,132.13900,132.82800,132.04600,132.53200,11884
2020-02-25 00:00:00+00:00,132.54800,133.28400,132.29800,132.81500,15244
2020-02-26 00:00:00+00:00,132.80000,133.37200,132.64500,133.13800,18626
2020-02-27 00:00:00+00:00,133.12200,133.93400,133.09100,133.59000,18892
2020-02-28 00:00:00+00:00,133.58200,134.99700,133.51200,134.70000,34292
2020-03-01 00:00:00+00:00,135.13600,135.32300,135.10500,135.16700,1897
2020-03-02 00:00:00+00:00,135.16000,135.85500,134.36900,134.54100,36695
2020-03-03 00:00:00+00:00,134.55700,136.80700,134.51000,136.18200,47698
2020-03-04 00:00:00+00:00,136.17400,136.49400,135.47800,135.58700,25455
2020-03-05 00:00:00+00:00,135.60300,136.79000,135.60300,136.60200,20102
2020-03-06 00:00:00+00:00,136.58700,138.44700,136.57100,137.61800,62077
2020-03-08 00:00:00+00:00,138.55500,139.77400,138.53900,139.64900,5604
2020-03-09 00:00:00+00:00,139.64200,140.82100,138.35000,138.47500,78016
2020-03-10 00:00:00+00:00,138.46000,138.94400,137.14600,137.67000,74821
2020-03-11 00:00:00+00:00,137.67800,138.67000,136.83300,137.34000,59691
2020-03-12 00:00:00+00:00,137.34800,139.28700,137.08200,138.09800,77464
2020-03-13 00:00:00+00:00,138.11400,138.56700,135.87000,136.28400,58753
2020-03-15 00:00:00+00:00,138.36900,138.87700,136.76800,138.86200,7285
2020-03-16 00:00:00+00:00,138.84600,139.01800,137.32900,137.92300,42360
2020-03-17 00:00:00+00:00,137.91600,137.95400,135.17100,135.65600,38508
2020-03-18 00:00:00+00:00,135.67100,136.07800,134.09200,134.88900,50177
2020-03-19 00:00:00+00:00,134.87300,136.02900,133.73200,134.95800,50482
2020-03-20 00:00:00+00:00,134.95100,137.52900,134.93500,137.42000,28713
2020-03-22 00:00:00+00:00,137.62200,138.12200,137.60600,137.91900,2585
2020-03-23 00:00:00+00:00,137.92600,138.62200,137.27800,138.24600,42355
2020-03-24 00:00:00+00:00,138.23000,138.24600,136.97900,137.37000,23803
2020-03-25 00:00:00+00:00,137.37800,137.74400,137.10400,137.61900,20609
2020-03-26 00:00:00+00:00,137.62800,138.08800,137.35300,137.52500,20910
2020-03-27 00:00:00+00:00,137.50900,138.80600,137.40000,138.75900,12011
2020-03-29 00:00:00+00:00,138.75900,138.99200,138.75900,138.89800,630
2020-03-30 00:00:00+00:00,138.89000,139.44500,138.44400,138.52200,14922
2020-03-31 00:00:00+00:00,138.50600,139.10000,138.41300,138.97500,18214
2020-04-01 00:00:00+00:00,138.95900,139.50500,138.88100,139.42700,12506
2020-04-02 00:00:00+00:00,139.44300,139.47400,138.84800,139.05100,14811
2020-04-03 00:00:00+00:00,139.03600,139.39500,138.94100,139.06600,8996
2020-04-05 00:00:00+00:00,138.98700,139.08000,138.94000,138.98700,598
2020-04-06 00:00:00+00:00,138.97100,138.97100,138.32900,138.34500,9510
2020-04-07 00:00:00+00:00,138.35200,138.47000,137.56300,138.15700,13893
2020-04-08 00:00:00+00:00,138.16400,138.34400,137.71800,137.74900,11193
2020-04-09 00:00:00+00:00,137.76500,138.43700,137.73400,138.23300,12328
2020-04-12 00:00:00+00:00,138.09800,138.38700,138.07500,138.29300,543
2020-04-13 00:00:00+00:00,138.27800,138.35600,137.94900,138.02700,4696
2020-04-14 00:00:00+00:00,138.04300,138.43300,137.90200,138.29200,7223
2020-04-15 00:00:00+00:00,138.30800,139.32300,138.24500,139.19800,8393
2020-04-16 00:00:00+00:00,139.18200,139.44700,138.66600,138.72800,9151
2020-04-17 00:00:00+00:00,138.73600,139.47800,138.57200,139.00900,8993
2020-04-19 00:00:00+00:00,139.02300,139.11700,138.97600,139.03800,645
2020-04-20 00:00:00+00:00,139.04600,139.27200,138.96000,139.21000,8828
2020-04-21 00:00:00+00:00,139.20200,139.72500,139.11600,139.34900,11797
2020-04-22 00:00:00+00:00,139.35700,139.58400,138.88000,139.13000,10589
2020-04-23 00:00:00+00:00,139.12300,139.20800,138.91100,139.08200,11395
2020-04-24 00:00:00+00:00,139.08900,139.27000,138.94100,139.03500,7544
2020-04-26 00:00:00+00:00,139.03300,139.09600,139.00200,139.03300,237
2020-04-27 00:00:00+00:00,139.04000,139.06400,138.62600,138.64200,7104
2020-04-28 00:00:00+00:00,138.64200,139.14100,138.57900,139.03200,6497
2020-04-29 00:00:00+00:00,139.02400,139.31200,138.87500,139.01500,9056
2020-04-30 00:00:00+00:00,139.02200,139.39000,138.84300,139.03000,9162
2020-05-01 00:00:00+00:00,139.00700,139.29500,138.88900,139.07600,6206
2020-05-03 00:00:00+00:00,139.10600,139.21500,139.07500,139.21500,250
2020-05-04 00:00:00+00:00,139.20800,139.26200,138.84000,138.96400,6984
2020-05-05 00:00:00+00:00,138.94900,139.01100,138.66700,138.77600,6641
2020-05-06 00:00:00+00:00,138.78300,138.82300,138.30700,138.76000,7057
2020-05-07 00:00:00+00:00,138.75300,139.38400,138.54100,139.22800,6923
2020-05-08 00:00:00+00:00,139.22100,139.52400,138.91500,138.93000,8087
2020-05-10 00:00:00+00:00,138.96000,138.99100,138.86600,138.86600,264
2020-05-11 00:00:00+00:00,138.86200,139.08500,138.64700,138.75600,10497
2020-05-12 00:00:00+00:00,138.76000,139.17700,138.61500,139.16200,11320
2020-05-13 00:00:00+00:00,139.15400,139.34900,139.06700,139.28600,11909
2020-05-14 00:00:00+00:00,139.29300,139.45800,139.27000,139.44200,1742
