time,open,high,low,close,volume
2005-01-03 00:00:00+00:00,42.95100,42.95100,41.11300,42.07200,2108
2005-01-04 00:00:00+00:00,42.06200,44.01300,41.71800,43.52600,2294
2005-01-05 00:00:00+00:00,43.56600,43.87000,42.47500,43.25500,2164
2005-01-06 00:00:00+00:00,43.26500,45.62500,42.68000,45.22800,2452
2005-01-07 00:00:00+00:00,45.25800,45.98200,44.63600,45.19500,2009
2005-01-10 00:00:00+00:00,45.50400,47.20700,44.96200,45.28300,2481
2005-01-11 00:00:00+00:00,45.24300,46.06800,44.86600,45.71100,2019
2005-01-12 00:00:00+00:00,45.76100,46.52700,44.92900,46.43900,1956
2005-01-13 00:00:00+00:00,46.47900,48.33300,46.38300,47.92600,1885
2005-01-14 00:00:00+00:00,47.91600,48.59200,47.54200,48.39200,1277
2005-01-18 00:00:00+00:00,48.45000,49.33000,47.64600,48.33500,2016
2005-01-19 00:00:00+00:00,48.34500,48.45700,46.82300,47.06200,2266
2005-01-20 00:00:00+00:00,47.09200,47.66300,46.56700,47.42500,2384
2005-01-21 00:00:00+00:00,47.41500,48.81500,47.13800,48.46600,2346
2005-01-24 00:00:00+00:00,48.75400,49.11500,47.68000,48.74900,1951
2005-01-25 00:00:00+00:00,48.73900,49.63000,48.23300,49.42100,2277
2005-01-26 00:00:00+00:00,49.43100,49.58400,47.78800,48.89700,2442
2005-01-27 00:00:00+00:00,48.91700,49.53800,48.34200,48.47200,2242
2005-01-28 00:00:00+00:00,48.48200,48.74200,46.59900,47.04800,2237
2005-01-31 00:00:00+00:00,46.58800,48.20800,45.92100,48.04900,3064
2005-02-01 00:00:00+00:00,48.03900,48.06900,46.91500,47.00500,2263
2005-02-02 00:00:00+00:00,46.99500,47.46700,46.36900,46.52000,2775
2005-02-03 00:00:00+00:00,46.54000,46.65400,45.67400,46.53400,2331
2005-02-04 00:00:00+00:00,46.55400,47.17600,46.17800,46.37800,1955
2005-02-07 00:00:00+00:00,46.25700,46.40800,45.04100,45.27200,2016
2005-02-08 00:00:00+00:00,45.24200,45.64400,44.72400,45.37600,1713
2005-02-09 00:00:00+00:00,45.36600,46.34700,44.55000,45.59900,2380
2005-02-10 00:00:00+00:00,45.56900,47.25100,45.37000,47.00200,2214
2005-02-11 00:00:00+00:00,47.03200,47.43400,46.70500,47.10500,1661
2005-02-14 00:00:00+00:00,47.01400,47.71600,46.56700,47.36800,2109
2005-02-15 00:00:00+00:00,47.38800,47.77000,47.07100,47.27200,1508
2005-02-16 00:00:00+00:00,47.29200,48.62400,46.92500,48.55000,2202
2005-02-17 00:00:00+00:00,48.54000,48.72600,47.55300,47.80300,1524
2005-02-18 00:00:00+00:00,47.81300,48.75400,47.76400,48.55700,1238
2005-02-22 00:00:00+00:00,48.79500,51.24600,48.72700,50.75300,2675
2005-02-23 00:00:00+00:00,50.77300,51.16200,50.42200,50.74900,2403
2005-02-24 00:00:00+00:00,50.73900,51.62300,50.03600,50.95400,2608
2005-02-25 00:00:00+00:00,50.98300,51.49200,50.54500,51.14500,1806
2005-02-28 00:00:00+00:00,51.42900,51.91200,50.74500,51.44500,2129
2005-03-01 00:00:00+00:00,51.39500,51.50700,50.31300,51.44100,2200
2005-03-02 00:00:00+00:00,51.41100,52.86600,51.12200,52.62000,2387
2005-03-03 00:00:00+00:00,52.61000,54.86800,52.48100,53.16300,2756
2005-03-04 00:00:00+00:00,53.14300,53.69200,52.59700,53.39600,1833
2005-03-07 00:00:00+00:00,53.29300,53.69500,52.64700,53.49900,1934
2005-03-08 00:00:00+00:00,53.51900,54.90600,53.01800,54.29200,2270
2005-03-09 00:00:00+00:00,54.31200,55.44000,53.93500,54.04000,2687
2005-03-10 00:00:00+00:00,54.05000,54.40600,52.69900,53.25000,2216
2005-03-11 00:00:00+00:00,53.19100,54.39900,52.30900,54.21100,2291
2005-03-14 00:00:00+00:00,54.29800,54.91100,53.36100,54.77300,2122
2005-03-15 00:00:00+00:00,54.73400,55.32600,54.12600,54.70100,1974
2005-03-16 00:00:00+00:00,54.69100,56.70900,54.28800,56.61100,2067
2005-03-17 00:00:00+00:00,56.58200,57.56100,55.91400,56.14300,2596
2005-03-18 00:00:00+00:00,56.12400,56.87700,56.03600,56.78100,2109
2005-03-21 00:00:00+00:00,56.62000,57.10700,56.16700,56.89500,2490
2005-03-22 00:00:00+00:00,56.90500,57.09400,54.89900,55.01900,2770
2005-03-23 00:00:00+00:00,54.96900,55.20400,52.94800,53.65700,3646
2005-03-24 00:00:00+00:00,53.64700,54.45400,53.04300,54.35500,2431
2005-03-28 00:00:00+00:00,54.04900,54.27100,53.22600,53.48000,1773
2005-03-29 00:00:00+00:00,53.43000,54.13800,53.08700,53.97300,2181
2005-03-30 00:00:00+00:00,53.98300,54.08600,52.16600,53.82000,2875
2005-03-31 00:00:00+00:00,53.84000,55.76000,53.59800,54.98900,2790
2005-04-01 00:00:00+00:00,54.96900,57.36900,54.83100,56.92200,2189
2005-04-03 00:00:00+00:00,56.85900,57.18800,56.80900,57.14800,83
2005-04-04 00:00:00+00:00,57.17800,57.99300,56.27900,56.42900,2609
2005-04-05 00:00:00+00:00,56.41900,56.93800,55.35000,55.46000,1934
2005-04-06 00:00:00+00:00,55.44100,56.65700,55.01300,55.66600,2537
2005-04-07 00:00:00+00:00,55.61700,56.61000,53.51000,53.81100,2709
2005-04-08 00:00:00+00:00,53.77100,53.90500,52.50700,53.20500,2240
2005-04-10 00:00:00+00:00,53.10100,53.10100,52.78200,52.84200,51
2005-04-11 00:00:00+00:00,52.82200,53.65300,51.95400,53.47600,2308
2005-04-12 00:00:00+00:00,53.48700,53.91300,51.07600,51.35800,2637
2005-04-13 00:00:00+00:00,51.30800,51.38400,49.94200,50.32500,2456
2005-04-14 00:00:00+00:00,50.31500,51.30500,49.65600,51.03900,2058
2005-04-15 00:00:00+00:00,51.04900,51.18900,49.92100,50.42200,1551
2005-04-17 00:00:00+00:00,50.50000,50.50000,49.57800,49.94800,104
2005-04-18 00:00:00+00:00,49.91900,50.96700,49.56200,50.14800,2014
2005-04-19 00:00:00+00:00,50.16800,52.28200,50.16800,52.16800,2187
2005-04-20 00:00:00+00:00,52.17800,53.05300,51.83700,52.43800,2657
2005-04-21 00:00:00+00:00,52.39000,53.10100,51.63800,52.99200,2026
2005-04-22 00:00:00+00:00,52.97200,54.51900,52.83800,53.98400,2196
2005-04-24 00:00:00+00:00,53.89300,54.48100,53.89300,54.36400,73
2005-04-25 00:00:00+00:00,54.38400,54.73800,52.86900,52.97500,2237
2005-04-26 00:00:00+00:00,52.96500,53.24800,52.20300,53.11000,2633
2005-04-27 00:00:00+00:00,53.12000,53.16000,50.11600,50.26700,2468
2005-04-28 00:00:00+00:00,50.27700,51.16700,48.82300,50.87000,3174
2005-04-29 00:00:00+00:00,50.86100,51.29000,48.58000,48.67800,2290
2005-05-01 00:00:00+00:00,48.45800,48.45800,48.26100,48.38100,87
2005-05-02 00:00:00+00:00,48.40100,50.19700,48.22900,49.99900,2374
2005-05-03 00:00:00+00:00,50.03800,50.04800,48.55500,48.69300,2547
2005-05-04 00:00:00+00:00,48.71300,50.22100,48.09900,49.74300,3119
2005-05-05 00:00:00+00:00,49.75200,50.77900,48.83700,50.70400,2413
2005-05-06 00:00:00+00:00,50.65500,51.57200,49.62300,50.36400,2422
2005-05-08 00:00:00+00:00,50.73900,50.94700,50.51200,50.69100,101
2005-05-09 00:00:00+00:00,50.64200,51.92500,50.14900,51.92500,2132
2005-05-10 00:00:00+00:00,51.89500,52.62000,51.18700,51.37600,2234
2005-05-11 00:00:00+00:00,51.38700,51.51000,49.79800,49.80500,2685
2005-05-12 00:00:00+00:00,49.78500,49.81500,47.95200,48.17100,2649
2005-05-13 00:00:00+00:00,48.14100,48.78600,47.44500,48.39300,1988
2005-05-15 00:00:00+00:00,48.45700,48.45700,48.11000,48.14000,76
2005-05-16 00:00:00+00:00,48.13100,48.63100,47.42000,48.58100,1818
2005-05-17 00:00:00+00:00,48.61200,48.99700,47.90900,48.94800,1640
2005-05-18 00:00:00+00:00,48.96800,49.28700,47.19000,47.24700,2080
2005-05-19 00:00:00+00:00,47.27600,48.22500,47.06600,47.47800,2344
2005-05-20 00:00:00+00:00,47.48800,47.82400,46.68100,47.16600,2107
2005-05-22 00:00:00+00:00,46.83200,47.04600,46.80300,46.92100,93
2005-05-23 00:00:00+00:00,46.96000,48.08000,46.66700,47.95000,2258
2005-05-24 00:00:00+00:00,47.94000,48.57000,47.56200,48.46400,2062
2005-05-25 00:00:00+00:00,48.41600,50.23300,48.30600,49.70000,3069
2005-05-26 00:00:00+00:00,49.71000,50.36900,49.34100,49.84700,2280
2005-05-27 00:00:00+00:00,49.84800,50.71100,49.56800,50.51600,1378
2005-05-30 00:00:00+00:00,50.85600,50.85600,50.24100,50.41800,69
2005-05-31 00:00:00+00:00,50.42800,51.19100,49.83200,51.10400,2237
2005-06-01 00:00:00+00:00,51.15400,53.61400,51.12500,53.33200,2458
2005-06-02 00:00:00+00:00,53.36200,54.34700,52.41400,52.49200,2850
2005-06-03 00:00:00+00:00,52.50300,54.11400,52.50300,54.11400,1895
2005-06-05 00:00:00+00:00,54.33100,54.52000,54.26200,54.48100,55
2005-06-06 00:00:00+00:00,54.49100,54.69500,53.09300,53.50000,2218
2005-06-07 00:00:00+00:00,53.49100,53.97600,52.82100,52.87300,2099
2005-06-08 00:00:00+00:00,52.89400,54.27700,51.72200,51.83000,2552
2005-06-09 00:00:00+00:00,51.84000,53.81500,51.56900,53.80900,2401
2005-06-10 00:00:00+00:00,53.76900,54.33800,52.71300,52.91100,1722
2005-06-12 00:00:00+00:00,52.95700,53.06600,52.58100,52.75100,72
2005-06-13 00:00:00+00:00,52.76100,55.35100,52.68900,55.11500,2312
2005-06-14 00:00:00+00:00,55.16500,55.39900,54.44200,54.67300,1883
2005-06-15 00:00:00+00:00,54.69400,56.40300,54.67400,55.06600,2275
2005-06-16 00:00:00+00:00,55.03600,56.61000,55.01700,56.53500,1725
2005-06-17 00:00:00+00:00,56.50500,58.49600,56.50500,58.44700,1582
2005-06-19 00:00:00+00:00,58.25300,59.14200,58.25300,58.93500,114
2005-06-20 00:00:00+00:00,58.94500,59.28000,57.97300,58.79100,2380
2005-06-21 00:00:00+00:00,58.77200,59.23400,58.03100,58.15300,2058
2005-06-22 00:00:00+00:00,58.16400,58.86000,57.18200,57.63300,2968
2005-06-23 00:00:00+00:00,57.66400,59.33200,57.54600,59.10100,2616
2005-06-24 00:00:00+00:00,59.14100,59.34800,58.53400,59.16000,2213
2005-06-26 00:00:00+00:00,59.31200,59.85700,59.31200,59.75900,167
2005-06-27 00:00:00+00:00,59.73900,60.37100,59.51600,59.79300,2136
2005-06-28 00:00:00+00:00,59.78300,59.87400,57.37400,57.68700,2863
2005-06-29 00:00:00+00:00,57.70700,57.83600,56.40300,56.63000,2579
2005-06-30 00:00:00+00:00,56.64000,57.32000,55.43800,56.13800,2544
2005-07-01 00:00:00+00:00,56.14800,58.43600,56.04900,58.43600,1786
2005-07-04 00:00:00+00:00,58.50500,58.76300,58.41500,58.53500,72
2005-07-05 00:00:00+00:00,58.54500,59.72600,58.41700,59.46400,2045
2005-07-06 00:00:00+00:00,59.44400,61.17900,59.28700,61.08900,2166
2005-07-07 00:00:00+00:00,61.10900,61.75500,56.88400,60.19900,3974
2005-07-08 00:00:00+00:00,60.17000,61.58800,59.20400,59.25300,2484
2005-07-10 00:00:00+00:00,59.15700,59.25700,58.67000,58.94900,111
2005-07-11 00:00:00+00:00,58.95900,59.22100,57.78000,59.13300,2672
2005-07-12 00:00:00+00:00,59.10300,61.04300,58.71500,60.60200,2346
2005-07-13 00:00:00+00:00,60.54300,61.10800,59.39000,59.52100,2595
2005-07-14 00:00:00+00:00,59.53100,59.98200,57.10500,58.00900,2675
2005-07-15 00:00:00+00:00,58.02900,58.77200,57.20100,57.97800,2076
2005-07-17 00:00:00+00:00,58.10000,58.84800,58.06100,58.61300,78
2005-07-18 00:00:00+00:00,58.64200,59.03500,56.89600,57.36900,1806
2005-07-19 00:00:00+00:00,57.40800,58.09100,57.06300,57.98600,2092
2005-07-20 00:00:00+00:00,57.96600,58.77000,56.60300,56.87800,2865
2005-07-21 00:00:00+00:00,56.85900,57.22900,55.69300,56.57800,2639
2005-07-22 00:00:00+00:00,56.58800,57.98800,56.44800,57.84000,1819
2005-07-24 00:00:00+00:00,57.99600,58.13400,57.69000,57.80900,84
2005-07-25 00:00:00+00:00,57.82900,58.41300,56.92600,58.27000,2168
2005-07-26 00:00:00+00:00,58.28900,59.15800,57.78600,58.22600,2422
2005-07-27 00:00:00+00:00,58.27600,59.00400,57.91600,58.29200,2186
2005-07-28 00:00:00+00:00,58.28200,59.71200,58.14200,59.71200,2377
2005-07-29 00:00:00+00:00,59.72200,60.39300,59.45400,59.93100,1960
2005-08-01 00:00:00+00:00,60.21300,61.71400,60.16300,60.91900,2472
2005-08-02 00:00:00+00:00,60.92900,61.44700,60.31600,61.36200,2242
2005-08-03 00:00:00+00:00,61.37300,61.96400,60.08600,60.28900,2517
2005-08-04 00:00:00+00:00,60.26000,61.59700,60.23200,61.13000,1986
2005-08-05 00:00:00+00:00,61.17000,62.02400,61.01500,61.92500,1885
2005-08-07 00:00:00+00:00,61.89600,62.27400,61.79700,62.18500,173
2005-08-08 00:00:00+00:00,62.16500,63.87200,62.00700,63.68400,2466
2005-08-09 00:00:00+00:00,63.67400,63.85100,62.63200,62.73800,2111
2005-08-10 00:00:00+00:00,62.74800,64.64900,62.56600,64.60600,2538
2005-08-11 00:00:00+00:00,64.62600,65.72700,64.09100,65.62000,2425
2005-08-12 00:00:00+00:00,65.58000,66.79700,65.29400,66.59800,2002
2005-08-14 00:00:00+00:00,66.61400,66.61400,66.16600,66.23600,64
2005-08-15 00:00:00+00:00,66.24600,66.78200,65.14200,65.79700,1845
2005-08-16 00:00:00+00:00,65.75700,66.66300,65.30200,66.12600,1993
2005-08-17 00:00:00+00:00,66.11600,66.44300,62.87600,62.93700,2043
2005-08-18 00:00:00+00:00,62.99600,63.77700,62.19600,63.63800,2427
2005-08-19 00:00:00+00:00,63.62800,65.38600,63.37500,65.33600,2224
2005-08-21 00:00:00+00:00,65.24600,65.42400,65.09700,65.37500,74
2005-08-22 00:00:00+00:00,65.41500,66.08200,64.85400,64.94600,2325
2005-08-23 00:00:00+00:00,64.95600,65.81600,64.16300,65.69800,2167
2005-08-24 00:00:00+00:00,65.68800,67.51000,64.82500,67.31400,2662
2005-08-25 00:00:00+00:00,67.28400,67.30500,65.93500,66.95500,1932
2005-08-26 00:00:00+00:00,66.97500,67.49300,65.45900,65.75700,1937
2005-08-28 00:00:00+00:00,68.18100,70.36700,68.18100,69.46300,508
2005-08-29 00:00:00+00:00,69.35400,69.72600,65.90900,67.44400,4140
2005-08-30 00:00:00+00:00,67.41400,70.44900,67.14200,69.98800,4307
2005-08-31 00:00:00+00:00,69.90800,70.26400,67.43600,68.39500,4049
2005-09-01 00:00:00+00:00,68.46500,69.30700,67.89900,69.12000,2771
2005-09-02 00:00:00+00:00,69.01100,69.21000,66.97300,67.17300,2563
2005-09-05 00:00:00+00:00,66.33500,66.48400,65.99600,66.13600,222
2005-09-06 00:00:00+00:00,66.17600,67.30100,65.03600,65.34700,3130
2005-09-07 00:00:00+00:00,65.32700,66.26400,63.67600,64.47700,3114
2005-09-08 00:00:00+00:00,64.45800,64.93600,62.89300,64.63400,2739
2005-09-09 00:00:00+00:00,64.64400,65.15200,63.36100,63.91000,2073
2005-09-11 00:00:00+00:00,63.99700,64.04700,63.74800,63.75800,103
2005-09-12 00:00:00+00:00,63.82800,64.26200,62.41300,63.01700,2290
2005-09-13 00:00:00+00:00,63.03700,63.72700,62.53000,63.01400,1915
2005-09-14 00:00:00+00:00,62.99400,65.30600,62.94400,65.11700,2240
2005-09-15 00:00:00+00:00,65.14700,65.56700,63.81200,64.78200,1996
2005-09-16 00:00:00+00:00,64.76200,64.88500,62.89800,63.14700,1483
2005-09-18 00:00:00+00:00,63.08700,63.81400,63.08700,63.62400,89
2005-09-19 00:00:00+00:00,63.59500,67.30500,63.38900,67.16800,2444
2005-09-20 00:00:00+00:00,67.19800,67.36000,64.72500,67.01800,3693
2005-09-21 00:00:00+00:00,67.00800,67.98900,66.27800,67.19700,3472
2005-09-22 00:00:00+00:00,67.23700,67.86900,65.79000,66.29000,2854
2005-09-23 00:00:00+00:00,66.30000,66.32000,63.60700,63.95600,2580
2005-09-25 00:00:00+00:00,62.83000,62.93000,62.74000,62.91000,67
2005-09-26 00:00:00+00:00,62.92000,65.94700,62.68600,65.79900,3339
2005-09-27 00:00:00+00:00,65.80900,65.92900,64.39000,64.86100,2433
2005-09-28 00:00:00+00:00,64.87100,67.19100,64.39600,66.01700,3009
2005-09-29 00:00:00+00:00,66.03700,66.99900,65.32500,66.28500,2482
2005-09-30 00:00:00+00:00,66.30500,66.83800,65.11400,66.06300,2182
2005-10-02 00:00:00+00:00,66.03400,66.36300,66.03400,66.33300,55
2005-10-03 00:00:00+00:00,66.36300,66.45700,64.83400,65.23500,1812
2005-10-04 00:00:00+00:00,65.24500,65.27700,62.85700,63.81700,2252
2005-10-05 00:00:00+00:00,63.80800,64.66100,62.12000,62.17000,2400
2005-10-06 00:00:00+00:00,62.14000,62.50200,60.57800,61.70000,2567
2005-10-07 00:00:00+00:00,61.64000,62.11300,60.98700,61.68600,1528
2005-10-09 00:00:00+00:00,61.69500,61.69500,61.38600,61.52600,65
2005-10-10 00:00:00+00:00,61.50600,62.34800,60.26400,62.01400,2034
2005-10-11 00:00:00+00:00,61.99400,63.86900,61.79700,63.77000,2278
2005-10-12 00:00:00+00:00,63.73000,64.62600,63.32600,64.17900,2212
2005-10-13 00:00:00+00:00,64.19900,64.25200,62.38700,62.86900,1636
2005-10-14 00:00:00+00:00,62.83900,62.85900,61.14600,62.69600,1656
2005-10-16 00:00:00+00:00,62.75000,63.20200,62.60900,63.06100,85
2005-10-17 00:00:00+00:00,63.12200,64.03300,62.94400,63.74600,1722
2005-10-18 00:00:00+00:00,63.76600,63.80600,62.35000,62.46900,1861
2005-10-19 00:00:00+00:00,62.39900,63.12800,60.91500,61.73600,2216
2005-10-20 00:00:00+00:00,61.71600,61.91400,59.61900,60.29000,2557
2005-10-21 00:00:00+00:00,60.26900,60.99600,59.44000,60.94600,1667
2005-10-23 00:00:00+00:00,60.33300,60.56400,60.03200,60.24200,103
2005-10-24 00:00:00+00:00,60.25200,60.76800,59.56400,60.53400,1755
2005-10-25 00:00:00+00:00,60.55400,62.81700,60.23900,62.52400,2429
2005-10-26 00:00:00+00:00,62.48300,63.21000,60.83700,60.84700,2870
2005-10-27 00:00:00+00:00,60.90800,61.74700,60.49000,61.39000,2456
2005-10-28 00:00:00+00:00,61.34000,61.71800,60.78100,61.43300,1619
2005-10-31 00:00:00+00:00,61.41300,61.60300,59.46900,59.88800,2093
2005-11-01 00:00:00+00:00,59.86800,60.49300,59.08900,60.16000,2139
2005-11-02 00:00:00+00:00,60.08000,60.58600,58.92900,60.01100,2314
2005-11-03 00:00:00+00:00,60.03100,62.32900,59.83700,62.14800,2274
2005-11-04 00:00:00+00:00,62.13800,62.17800,60.66600,60.76600,1881
2005-11-07 00:00:00+00:00,60.25500,60.54600,58.73500,59.54400,2420
2005-11-08 00:00:00+00:00,59.58400,59.97800,59.02700,59.64600,1847
2005-11-09 00:00:00+00:00,59.68600,60.52100,58.47500,58.55400,2501
2005-11-10 00:00:00+00:00,58.54400,58.89100,57.50600,57.85400,2405
2005-11-11 00:00:00+00:00,57.88400,58.29900,57.02900,57.54700,1631
2005-11-14 00:00:00+00:00,57.87800,58.27400,57.42100,57.86900,1808
2005-11-15 00:00:00+00:00,57.84900,58.46400,56.95300,56.97300,1662
2005-11-16 00:00:00+00:00,57.03300,58.22400,56.77400,57.66300,1628
2005-11-17 00:00:00+00:00,57.73300,58.49500,56.50100,56.57000,1992
2005-11-18 00:00:00+00:00,56.62000,56.93400,55.82800,56.77200,1700
2005-11-21 00:00:00+00:00,56.92700,57.68800,56.62200,57.20100,2000
2005-11-22 00:00:00+00:00,57.18100,58.67400,57.18100,58.56700,2056
2005-11-23 00:00:00+00:00,58.55700,58.55700,57.49700,57.99400,1539
2005-11-28 00:00:00+00:00,57.72700,57.91600,56.33900,56.84900,2463
2005-11-29 00:00:00+00:00,56.82000,57.39700,55.38400,55.58400,2125
2005-11-30 00:00:00+00:00,55.63300,57.21900,55.58400,57.12100,2191
2005-12-01 00:00:00+00:00,57.13100,58.47700,56.70000,58.22100,2516
2005-12-02 00:00:00+00:00,58.27100,59.23900,57.84000,58.99100,2299
2005-12-05 00:00:00+00:00,59.13800,60.53500,59.13800,59.53300,2336
2005-12-06 00:00:00+00:00,59.52300,60.20400,59.30200,59.78900,1720
2005-12-07 00:00:00+00:00,59.77900,60.44600,58.83000,58.97000,2301
2005-12-08 00:00:00+00:00,58.98000,60.98900,58.85700,60.93000,2176
2005-12-09 00:00:00+00:00,60.97000,61.29400,58.84100,59.21000,2467
2005-12-12 00:00:00+00:00,59.35700,61.35900,59.34700,61.23000,2259
2005-12-13 00:00:00+00:00,61.22000,61.77300,60.62800,61.20800,2108
2005-12-14 00:00:00+00:00,61.18800,61.63900,60.44700,60.50700,1718
2005-12-15 00:00:00+00:00,60.56700,61.10700,59.86100,59.94500,1700
2005-12-16 00:00:00+00:00,59.95500,60.01600,57.91400,58.06100,1710
2005-12-19 00:00:00+00:00,57.97500,58.62900,56.86200,57.42200,1815
2005-12-20 00:00:00+00:00,57.38200,57.82600,57.03500,57.32100,1594
2005-12-21 00:00:00+00:00,57.31100,58.09700,56.71900,58.04800,1900
2005-12-22 00:00:00+00:00,58.05900,58.45700,56.91700,57.50500,1750
2005-12-23 00:00:00+00:00,57.47500,57.71300,56.87200,57.66300,933
2005-12-27 00:00:00+00:00,57.60500,57.60500,56.63600,57.40600,1543
2005-12-28 00:00:00+00:00,57.30700,59.78100,57.11000,59.20400,2049
2005-12-29 00:00:00+00:00,59.19400,60.20500,58.76600,59.66700,1575
2005-12-30 00:00:00+00:00,59.64800,60.62900,59.11800,60.33300,1055
2006-01-03 00:00:00+00:00,60.51600,63.27600,60.28800,62.37000,2610
2006-01-04 00:00:00+00:00,62.38000,63.25200,61.77100,63.00500,2086
2006-01-05 00:00:00+00:00,63.05500,63.24800,62.14200,62.34100,2221
2006-01-06 00:00:00+00:00,62.31100,64.01300,62.27500,63.76600,1979
2006-01-09 00:00:00+00:00,63.78300,64.25700,62.56300,62.92800,2117
2006-01-10 00:00:00+00:00,62.93900,63.87700,62.72800,63.09800,1800
2006-01-11 00:00:00+00:00,63.05800,64.51600,62.32100,64.02400,2502
2006-01-12 00:00:00+00:00,64.00500,64.79200,63.56500,63.69700,2227
2006-01-13 00:00:00+00:00,63.70700,64.09900,62.90700,63.57900,1507
2006-01-17 00:00:00+00:00,64.69800,66.82700,64.47800,66.67000,1933
2006-01-18 00:00:00+00:00,66.65000,66.77900,65.09100,65.65900,1942
2006-01-19 00:00:00+00:00,65.67900,66.95400,65.17600,66.79700,2118
2006-01-20 00:00:00+00:00,66.81700,68.51700,66.71900,67.92200,2390
2006-01-23 00:00:00+00:00,67.86600,68.61100,67.03200,67.19100,2697
2006-01-24 00:00:00+00:00,67.21100,67.55100,66.15900,66.21800,2707
2006-01-25 00:00:00+00:00,66.23800,66.34700,64.80800,64.86800,2852
2006-01-26 00:00:00+00:00,64.82800,66.40100,64.82800,66.29600,2493
2006-01-27 00:00:00+00:00,66.22600,67.46200,66.12100,67.31400,1970
2006-01-30 00:00:00+00:00,67.45600,68.14800,66.82300,67.89200,2268
2006-01-31 00:00:00+00:00,67.92200,68.22700,66.94300,67.32500,2010
2006-02-01 00:00:00+00:00,67.31500,68.60300,65.75100,66.47000,3195
2006-02-02 00:00:00+00:00,66.45000,66.81300,64.04800,64.21100,3365
2006-02-03 00:00:00+00:00,64.25100,65.11100,63.56900,65.06200,2243
2006-02-06 00:00:00+00:00,65.38100,66.31700,64.47400,64.49400,2334
2006-02-07 00:00:00+00:00,64.47400,64.66100,62.50800,62.79900,2511
2006-02-08 00:00:00+00:00,62.74900,63.25000,62.06400,62.31900,2529
2006-02-09 00:00:00+00:00,62.32900,63.47800,62.12100,62.58600,2361
2006-02-10 00:00:00+00:00,62.60600,62.79600,61.00400,61.80300,2156
2006-02-13 00:00:00+00:00,61.94100,62.02100,60.70800,60.96100,2030
2006-02-14 00:00:00+00:00,60.99200,61.16800,59.19200,59.27200,1894
2006-02-15 00:00:00+00:00,59.28200,59.94100,57.21400,57.58900,2102
2006-02-16 00:00:00+00:00,57.57000,58.95900,57.36400,58.84700,1944
2006-02-17 00:00:00+00:00,58.87600,59.50100,58.57200,59.25900,1671
2006-02-21 00:00:00+00:00,60.72500,61.20200,60.17200,60.81500,2561
2006-02-22 00:00:00+00:00,60.82500,60.86400,58.89700,59.23000,2262
2006-02-23 00:00:00+00:00,59.20200,59.56300,58.15300,59.31000,2662
2006-02-24 00:00:00+00:00,59.29000,61.67700,59.24600,61.28900,3128
2006-02-27 00:00:00+00:00,61.37500,61.42300,59.19400,59.28400,2546
2006-02-28 00:00:00+00:00,59.24500,60.64400,59.02800,60.50800,2117
2006-03-01 00:00:00+00:00,60.51900,61.10400,60.19600,60.80400,2356
2006-03-02 00:00:00+00:00,60.82400,62.56000,60.77600,62.42500,2079
2006-03-03 00:00:00+00:00,62.43500,62.65300,61.56300,62.45700,1992
2006-03-06 00:00:00+00:00,62.74100,62.90900,60.86800,61.27700,2472
2006-03-07 00:00:00+00:00,61.28700,61.84300,60.23700,60.79600,2113
2006-03-08 00:00:00+00:00,60.80600,60.82900,58.47200,59.21800,2503
2006-03-09 00:00:00+00:00,59.18900,60.16400,58.82400,60.02900,2154
2006-03-10 00:00:00+00:00,60.00900,60.07000,59.02900,59.23700,1602
2006-03-13 00:00:00+00:00,59.51600,61.65500,59.05100,61.52900,2177
2006-03-14 00:00:00+00:00,61.49000,62.92000,60.80900,62.42500,2214
2006-03-15 00:00:00+00:00,62.43600,62.80500,61.38000,61.58300,1841
2006-03-16 00:00:00+00:00,61.55400,63.61000,61.32500,63.41800,1911
2006-03-17 00:00:00+00:00,63.40800,63.73100,62.46900,62.66400,1465
2006-03-20 00:00:00+00:00,62.76200,63.02000,60.35200,60.73200,1852
2006-03-21 00:00:00+00:00,60.74200,61.42200,59.94700,60.81400,1866
2006-03-22 00:00:00+00:00,60.83400,61.56200,60.34000,60.94600,2285
2006-03-23 00:00:00+00:00,60.95600,63.06300,60.63600,62.85200,2598
2006-03-24 00:00:00+00:00,62.84200,63.50900,62.18700,63.07500,1918
2006-03-27 00:00:00+00:00,63.05500,63.42000,62.36600,63.16800,1996
2006-03-28 00:00:00+00:00,63.14900,65.12200,62.98000,64.96500,2268
2006-03-29 00:00:00+00:00,64.95500,65.66100,64.54400,65.30600,2143
2006-03-30 00:00:00+00:00,65.32600,66.30000,65.04700,65.89400,1901
2006-03-31 00:00:00+00:00,65.90500,65.99000,64.66400,65.75500,1811
2006-04-02 00:00:00+00:00,65.36200,65.76800,65.36200,65.68000,86
2006-04-03 00:00:00+00:00,65.63000,67.07400,65.44500,65.63800,1903
2006-04-04 00:00:00+00:00,65.66700,65.74300,64.82800,65.53600,1829
2006-04-05 00:00:00+00:00,65.46700,66.75000,65.01900,66.74000,2004
2006-04-06 00:00:00+00:00,66.72000,67.51100,66.57500,66.85700,1850
2006-04-07 00:00:00+00:00,66.87700,67.07700,66.02700,66.72500,1505
2006-04-09 00:00:00+00:00,66.81900,67.27700,66.70000,67.13900,108
2006-04-10 00:00:00+00:00,67.15800,68.46900,67.06100,68.15900,1501
2006-04-11 00:00:00+00:00,68.19900,68.98200,67.55500,68.53600,1703
2006-04-12 00:00:00+00:00,68.50600,69.19200,67.66300,67.91800,1715
2006-04-13 00:00:00+00:00,67.88900,69.14900,67.51300,69.05000,1338
2006-04-16 00:00:00+00:00,69.43600,69.68500,69.30600,69.42800,110
2006-04-17 00:00:00+00:00,69.43800,70.55400,69.13800,70.55400,1350
2006-04-18 00:00:00+00:00,70.54500,71.68400,70.21000,71.36100,1948
2006-04-19 00:00:00+00:00,71.42000,72.90400,71.18300,72.44400,2157
2006-04-20 00:00:00+00:00,72.45400,73.04500,71.27600,71.71400,2663
2006-04-21 00:00:00+00:00,71.72400,73.92500,71.33500,73.77900,2175
2006-04-23 00:00:00+00:00,73.74000,73.92700,73.65300,73.69300,114
2006-04-24 00:00:00+00:00,73.68300,73.81100,71.61400,71.74200,2322
2006-04-25 00:00:00+00:00,71.75200,72.71400,70.56100,71.62900,2536
2006-04-26 00:00:00+00:00,71.60000,72.03700,70.46500,70.72800,2557
2006-04-27 00:00:00+00:00,70.74800,70.88000,69.56200,69.81600,2319
2006-04-28 00:00:00+00:00,69.83600,71.58100,69.43900,70.79500,2168
2006-04-30 00:00:00+00:00,70.79200,71.05800,70.74200,70.84300,104
2006-05-01 00:00:00+00:00,70.77400,72.87500,70.75600,72.78200,2000
2006-05-02 00:00:00+00:00,72.79200,74.06000,72.59200,73.99200,2103
2006-05-03 00:00:00+00:00,73.96300,74.08400,71.08800,71.38800,2383
2006-05-04 00:00:00+00:00,71.31900,71.40900,68.53000,69.62200,3075
2006-05-05 00:00:00+00:00,69.58300,69.94900,68.96400,69.44700,1839
2006-05-07 00:00:00+00:00,69.53100,69.85800,69.39200,69.76000,89
2006-05-08 00:00:00+00:00,69.80000,69.92400,67.65400,69.46600,2263
2006-05-09 00:00:00+00:00,69.45600,70.87600,69.04600,70.06400,2294
2006-05-10 00:00:00+00:00,70.08400,71.83800,69.07800,71.63600,2673
2006-05-11 00:00:00+00:00,71.62600,73.34100,71.56700,72.10700,2551
2006-05-12 00:00:00+00:00,72.07700,72.88600,71.20300,71.63400,1879
2006-05-14 00:00:00+00:00,71.69100,71.69100,71.41200,71.44400,96
2006-05-15 00:00:00+00:00,71.42400,71.56400,68.40500,68.51000,2280
2006-05-16 00:00:00+00:00,68.52000,70.43100,68.22300,69.36900,2011
2006-05-17 00:00:00+00:00,69.40000,69.86400,67.98200,68.19500,2113
2006-05-18 00:00:00+00:00,68.23500,69.62800,67.67200,69.53400,1542
2006-05-19 00:00:00+00:00,69.50400,69.87000,67.88800,68.48400,2088
2006-05-21 00:00:00+00:00,68.53600,68.78500,68.14000,68.78500,125
2006-05-22 00:00:00+00:00,68.80400,69.58900,67.47600,69.54100,2230
2006-05-23 00:00:00+00:00,69.46200,71.45000,69.42700,70.55600,2405
2006-05-24 00:00:00+00:00,70.56500,70.98800,68.71500,69.03400,2711
2006-05-25 00:00:00+00:00,69.01500,70.90100,69.00500,70.80300,1978
2006-05-26 00:00:00+00:00,70.81300,71.27500,70.24100,70.78000,1341
2006-05-29 00:00:00+00:00,70.66200,71.05900,70.66200,70.91100,71
2006-05-30 00:00:00+00:00,70.86100,72.21900,70.72000,71.39200,2034
2006-05-31 00:00:00+00:00,71.38200,71.50800,69.56100,70.69200,2236
2006-06-01 00:00:00+00:00,70.73100,71.42300,69.58400,70.14000,2425
2006-06-02 00:00:00+00:00,70.10000,72.04700,70.09100,71.99700,1991
2006-06-04 00:00:00+00:00,72.54900,73.04600,72.53900,72.87800,167
2006-06-05 00:00:00+00:00,72.91800,73.44500,71.72400,72.09700,2308
2006-06-06 00:00:00+00:00,72.10700,72.53500,70.99800,72.18200,2123
2006-06-07 00:00:00+00:00,72.13300,72.23000,70.18000,70.32600,2296
2006-06-08 00:00:00+00:00,70.33600,70.34000,68.80800,70.23000,2431
2006-06-09 00:00:00+00:00,70.21100,71.52200,69.66900,71.42500,1631
2006-06-11 00:00:00+00:00,71.37800,71.46900,71.08900,71.25000,87
2006-06-12 00:00:00+00:00,71.28000,72.13800,69.79700,69.88900,4395
2006-06-13 00:00:00+00:00,69.85900,69.98000,68.09400,68.29700,5160
2006-06-14 00:00:00+00:00,68.26700,69.25300,67.94300,69.13900,3927
2006-06-15 00:00:00+00:00,69.15900,70.12200,69.13900,69.98100,3170
2006-06-16 00:00:00+00:00,69.96200,70.33900,68.69900,69.87300,2734
2006-06-18 00:00:00+00:00,69.97000,70.11000,69.90100,69.90100,44
2006-06-19 00:00:00+00:00,69.89100,69.89100,68.48200,69.18200,2720
2006-06-20 00:00:00+00:00,69.16300,70.00300,68.59100,69.07200,4566
2006-06-21 00:00:00+00:00,69.08200,70.49300,68.54900,70.12600,5047
2006-06-22 00:00:00+00:00,70.09700,70.94700,69.80300,70.88300,3769
2006-06-23 00:00:00+00:00,70.82300,71.06800,70.02000,70.60100,2964
2006-06-25 00:00:00+00:00,70.46000,70.61000,70.46000,70.61000,45
2006-06-26 00:00:00+00:00,70.62000,71.72500,70.18700,71.60600,2906
2006-06-27 00:00:00+00:00,71.55600,72.29000,71.38300,71.84400,3318
2006-06-28 00:00:00+00:00,71.83400,72.56800,71.40200,72.25200,3511
2006-06-29 00:00:00+00:00,72.28200,73.54700,72.10800,73.33800,3236
2006-06-30 00:00:00+00:00,73.38800,73.96300,73.16300,73.66600,2714
2006-07-02 00:00:00+00:00,73.15600,73.15600,72.01900,73.03600,12
2006-07-03 00:00:00+00:00,73.31600,74.31700,73.31600,73.85300,106
2006-07-04 00:00:00+00:00,73.99700,74.03200,73.25000,73.60400,87
2006-07-05 00:00:00+00:00,73.58400,75.20800,73.23600,74.93000,3167
2006-07-06 00:00:00+00:00,74.91100,75.21700,74.16800,74.68000,3020
2006-07-07 00:00:00+00:00,74.67000,75.65300,73.61000,73.74000,3525
2006-07-09 00:00:00+00:00,73.71900,73.74900,73.45900,73.60000,114
2006-07-10 00:00:00+00:00,73.58000,73.85500,72.80700,73.33900,2653
2006-07-11 00:00:00+00:00,73.35900,74.51500,73.25200,74.02800,2844
2006-07-12 00:00:00+00:00,74.01800,75.32500,73.72400,75.24600,4042
2006-07-13 00:00:00+00:00,75.23600,78.11200,75.09700,77.88300,3559
2006-07-14 00:00:00+00:00,77.85300,78.15400,76.62200,76.74200,3178
2006-07-16 00:00:00+00:00,77.21200,77.70200,77.21200,77.53200,199
2006-07-17 00:00:00+00:00,77.51200,77.64600,75.12100,75.40300,3503
2006-07-18 00:00:00+00:00,75.36300,76.52800,73.48100,73.82600,2851
2006-07-19 00:00:00+00:00,73.81700,74.08700,71.75200,73.13600,4231
2006-07-20 00:00:00+00:00,73.15600,73.67300,72.11200,72.37700,3294
2006-07-21 00:00:00+00:00,72.39600,73.51200,72.22300,72.91000,2936
2006-07-23 00:00:00+00:00,73.26900,73.26900,72.51900,72.64700,78
2006-07-24 00:00:00+00:00,72.60800,73.78600,71.99300,73.78600,2893
2006-07-25 00:00:00+00:00,73.76600,74.27300,72.10900,72.31800,3605
2006-07-26 00:00:00+00:00,72.30800,73.38200,72.09900,72.36800,3377
2006-07-27 00:00:00+00:00,72.39900,73.54300,72.36100,73.24400,2933
2006-07-28 00:00:00+00:00,73.25500,73.51700,71.51700,72.08100,3532
2006-07-30 00:00:00+00:00,72.03700,72.27300,71.88200,71.95300,61
2006-07-31 00:00:00+00:00,71.96300,73.64400,71.58800,73.43100,2987
2006-08-01 00:00:00+00:00,73.35200,74.33200,72.90800,74.09400,2609
2006-08-02 00:00:00+00:00,74.12400,75.41900,74.02500,74.79600,2874
2006-08-03 00:00:00+00:00,74.86600,74.93600,73.64400,74.42400,2319
2006-08-04 00:00:00+00:00,74.40500,74.70600,73.20900,73.66200,2049
2006-08-06 00:00:00+00:00,74.13300,74.13300,73.72800,74.00900,41
2006-08-07 00:00:00+00:00,73.99900,76.48000,73.77300,76.05000,3203
2006-08-08 00:00:00+00:00,76.06000,76.67800,75.39700,75.60700,2712
2006-08-09 00:00:00+00:00,75.62800,76.68800,75.35500,75.46300,2849
2006-08-10 00:00:00+00:00,75.48300,75.84500,73.17400,73.57200,3879
2006-08-11 00:00:00+00:00,73.58300,74.21200,73.16700,73.79700,2455
2006-08-13 00:00:00+00:00,73.32600,73.48700,73.13700,73.37000,97
2006-08-14 00:00:00+00:00,73.38000,73.48000,72.17900,73.07400,2600
2006-08-15 00:00:00+00:00,73.06400,73.52300,72.43700,72.59700,2498
2006-08-16 00:00:00+00:00,72.55800,72.82800,71.15500,71.19500,3141
2006-08-17 00:00:00+00:00,71.22500,71.25500,69.74400,70.35800,3188
2006-08-18 00:00:00+00:00,70.38800,70.99400,69.39000,70.89000,2537
2006-08-20 00:00:00+00:00,71.09000,71.40700,71.04100,71.25000,67
2006-08-21 00:00:00+00:00,71.23100,72.31300,71.21200,72.18200,2683
2006-08-22 00:00:00+00:00,72.20200,72.42600,71.56400,71.76400,2823
2006-08-23 00:00:00+00:00,71.81400,71.92200,70.12300,70.76400,3033
2006-08-24 00:00:00+00:00,70.77400,72.09100,70.41100,72.00200,2183
2006-08-25 00:00:00+00:00,71.98300,72.80400,71.44800,71.57000,2541
2006-08-27 00:00:00+00:00,71.35500,71.35500,70.81200,71.07100,151
2006-08-28 00:00:00+00:00,71.04100,71.12200,69.35400,69.74100,2662
2006-08-29 00:00:00+00:00,69.75100,70.14600,68.54500,69.12200,2979
2006-08-30 00:00:00+00:00,69.13300,69.90600,67.93700,69.69100,3330
2006-08-31 00:00:00+00:00,69.72100,70.11400,68.66300,69.55700,3016
2006-09-01 00:00:00+00:00,69.59700,69.98700,68.36400,68.56700,1599
2006-09-03 00:00:00+00:00,68.67500,68.70600,68.58600,68.59800,19
2006-09-04 00:00:00+00:00,68.60900,69.01800,67.23100,67.98700,862
2006-09-05 00:00:00+00:00,67.96700,68.53300,67.43400,68.17900,4620
2006-09-06 00:00:00+00:00,68.22900,68.36900,66.98400,67.19000,5406
2006-09-07 00:00:00+00:00,67.26900,67.53100,66.31900,66.79600,5485
2006-09-08 00:00:00+00:00,66.80600,67.18900,65.60700,65.79100,5565
2006-09-10 00:00:00+00:00,65.68700,65.77700,65.38000,65.60100,163
2006-09-11 00:00:00+00:00,65.58100,66.20100,64.55600,65.49300,7153
2006-09-12 00:00:00+00:00,65.46400,66.16100,63.33900,63.59300,8207
2006-09-13 00:00:00+00:00,63.58300,64.53300,63.24500,64.15200,7035
2006-09-14 00:00:00+00:00,64.12300,64.44300,62.81100,63.16600,6654
2006-09-15 00:00:00+00:00,63.14700,63.43900,61.89000,63.40400,6442
2006-09-17 00:00:00+00:00,63.39700,63.60700,63.30800,63.43000,102
2006-09-18 00:00:00+00:00,63.45000,64.38200,62.78000,63.98000,5434
2006-09-19 00:00:00+00:00,63.93100,64.53700,61.42100,61.53300,8465
2006-09-20 00:00:00+00:00,61.54300,61.77300,60.06100,60.30300,10391
2006-09-21 00:00:00+00:00,60.31300,61.46000,60.15500,61.43100,8127
2006-09-22 00:00:00+00:00,61.44100,61.72600,59.68000,59.80200,9577
2006-09-25 00:00:00+00:00,59.68400,61.67900,59.06300,61.33700,9991
2006-09-26 00:00:00+00:00,61.34700,61.54800,60.15900,60.66000,9652
2006-09-27 00:00:00+00:00,60.67000,62.66100,59.67900,62.44600,12095
2006-09-28 00:00:00+00:00,62.41700,63.57200,61.96900,61.96900,12833
2006-09-29 00:00:00+00:00,61.98900,62.69900,61.05700,62.55200,10128
2006-10-01 00:00:00+00:00,62.58000,62.95900,62.52100,62.95000,107
2006-10-02 00:00:00+00:00,62.91000,62.94300,60.50800,60.57200,8321
2006-10-03 00:00:00+00:00,60.55200,60.82300,58.13000,58.26200,12623
2006-10-04 00:00:00+00:00,58.28200,59.61300,57.46700,59.59300,15705
2006-10-05 00:00:00+00:00,59.54300,60.68600,59.06300,59.69100,13132
2006-10-06 00:00:00+00:00,59.73100,60.01500,58.58700,59.56700,11139
2006-10-08 00:00:00+00:00,59.68400,59.96300,59.63400,59.78500,117
2006-10-09 00:00:00+00:00,59.80500,61.09400,59.52400,59.55400,10492
2006-10-10 00:00:00+00:00,59.59400,60.50600,58.17600,58.33500,10852
2006-10-11 00:00:00+00:00,58.35500,58.93500,57.21400,57.34600,11944
2006-10-12 00:00:00+00:00,57.35600,58.34800,57.07500,58.14100,10433
2006-10-13 00:00:00+00:00,58.16100,59.32900,57.92700,58.47600,9556
2006-10-15 00:00:00+00:00,58.79200,58.96200,58.66200,58.90300,139
2006-10-16 00:00:00+00:00,58.89300,60.17900,57.97300,60.10900,9906
2006-10-17 00:00:00+00:00,60.08900,60.47800,58.57400,59.03000,11009
2006-10-18 00:00:00+00:00,59.02100,59.46000,57.31300,57.81900,10666
2006-10-19 00:00:00+00:00,57.81000,59.61700,57.52100,59.49300,14495
2006-10-20 00:00:00+00:00,59.44400,59.49300,57.48000,57.74800,12639
2006-10-22 00:00:00+00:00,57.90800,57.94800,56.77000,57.33800,324
2006-10-23 00:00:00+00:00,57.31800,57.93700,56.66800,57.15300,12321
2006-10-24 00:00:00+00:00,57.14300,58.26100,56.99700,58.09000,11455
2006-10-25 00:00:00+00:00,58.05200,60.29700,57.83700,60.22200,13598
2006-10-26 00:00:00+00:00,60.21200,60.39700,58.74600,59.13000,13718
2006-10-27 00:00:00+00:00,59.10100,59.68800,58.54500,59.51800,13027
2006-10-29 00:00:00+00:00,59.55600,59.77200,59.50700,59.69500,60
2006-10-30 00:00:00+00:00,59.67600,59.85400,57.11800,57.38200,11588
2006-10-31 00:00:00+00:00,57.41200,57.74700,56.01300,57.56900,15120
2006-11-01 00:00:00+00:00,57.59900,58.40500,56.79800,57.67800,16674
2006-11-02 00:00:00+00:00,57.68800,57.99200,56.64900,56.92100,16106
2006-11-03 00:00:00+00:00,56.93100,58.42400,56.86700,58.30600,11725
2006-11-05 00:00:00+00:00,58.33900,58.33900,58.09400,58.16400,103
2006-11-06 00:00:00+00:00,58.14400,59.77200,57.72100,59.35900,15423
2006-11-07 00:00:00+00:00,59.36900,59.47800,58.17400,58.51100,14724
2006-11-08 00:00:00+00:00,58.50200,59.61600,58.19300,59.33300,15391
2006-11-09 00:00:00+00:00,59.31400,60.69100,59.24000,60.28500,14067
2006-11-10 00:00:00+00:00,60.30500,60.54600,58.88100,58.95700,11221
2006-11-12 00:00:00+00:00,59.14000,59.22000,58.94300,59.02300,97
2006-11-13 00:00:00+00:00,59.00300,59.47900,57.83600,58.37800,11512
2006-11-14 00:00:00+00:00,58.35900,58.74900,57.79300,58.01200,10958
2006-11-15 00:00:00+00:00,58.03200,59.08100,57.97800,58.84000,10640
2006-11-16 00:00:00+00:00,58.85000,59.46600,56.47400,56.72500,14600
2006-11-17 00:00:00+00:00,56.70500,57.23300,56.02500,57.17100,12157
2006-11-19 00:00:00+00:00,57.05600,57.22200,57.02800,57.05900,67
2006-11-20 00:00:00+00:00,57.06800,57.56700,56.35500,57.47200,10667
2006-11-21 00:00:00+00:00,57.51100,58.76100,57.01600,58.46000,10952
2006-11-22 00:00:00+00:00,58.45000,58.77700,56.83100,57.76400,12774
2006-11-23 00:00:00+00:00,57.77500,57.87800,57.17700,57.74000,864
2006-11-24 00:00:00+00:00,57.73000,58.71400,57.53500,58.45500,2952
2006-11-26 00:00:00+00:00,58.56500,58.57500,58.18400,58.18600,110
2006-11-27 00:00:00+00:00,58.20500,59.20800,57.98000,59.18000,10983
2006-11-28 00:00:00+00:00,59.17000,59.94200,58.95000,59.76400,10012
2006-11-29 00:00:00+00:00,59.72500,61.32900,59.71500,61.18300,14381
2006-11-30 00:00:00+00:00,61.19300,62.58300,60.99800,61.77000,13847
2006-12-01 00:00:00+00:00,61.75100,62.57900,61.12200,62.43300,12287
2006-12-03 00:00:00+00:00,62.80700,62.81700,62.26800,62.36700,120
2006-12-04 00:00:00+00:00,62.34700,62.52700,60.96600,61.47900,11475
2006-12-05 00:00:00+00:00,61.45900,62.34700,60.65900,61.56600,15475
2006-12-06 00:00:00+00:00,61.58600,62.18300,61.02200,61.48500,15153
2006-12-07 00:00:00+00:00,61.51500,62.09400,60.79200,62.04700,11826
2006-12-08 00:00:00+00:00,61.99700,62.92600,61.25300,61.33900,11978
2006-12-10 00:00:00+00:00,61.63400,61.67300,61.44800,61.47800,101
2006-12-11 00:00:00+00:00,61.48800,61.65700,60.53300,60.84100,12939
2006-12-12 00:00:00+00:00,60.80100,61.53400,60.19000,60.49000,10094
2006-12-13 00:00:00+00:00,60.48100,61.43300,60.31800,61.17300,11049
2006-12-14 00:00:00+00:00,61.19300,62.38800,61.13100,62.30400,11195
2006-12-15 00:00:00+00:00,62.29500,63.19800,61.97300,62.92600,7509
2006-12-17 00:00:00+00:00,63.22000,63.51800,63.22000,63.36900,53
2006-12-18 00:00:00+00:00,63.38000,63.68200,62.23500,62.39700,9085
2006-12-19 00:00:00+00:00,62.40700,63.61800,61.90600,63.17300,12099
2006-12-20 00:00:00+00:00,63.12300,63.77700,62.80800,63.13400,13141
2006-12-21 00:00:00+00:00,63.11500,63.22900,61.94900,62.27000,10276
2006-12-22 00:00:00+00:00,62.29000,62.74300,61.76100,61.97200,5853
2006-12-25 00:00:00+00:00,62.13500,62.29400,62.12500,62.25400,33
2006-12-26 00:00:00+00:00,62.24500,62.89600,60.21300,60.59300,9502
2006-12-27 00:00:00+00:00,60.58300,61.05500,59.97500,60.17600,9645
2006-12-28 00:00:00+00:00,60.13600,60.58100,59.78400,60.13700,8588
2006-12-29 00:00:00+00:00,60.16600,60.91100,59.69500,60.81400,6721
2007-01-01 00:00:00+00:00,60.75600,60.82600,60.61700,60.61700,52
2007-01-02 00:00:00+00:00,60.65700,61.33100,60.19600,60.70700,5009
2007-01-03 00:00:00+00:00,60.65800,60.75800,57.52700,58.11700,17264
2007-01-04 00:00:00+00:00,58.10700,58.39000,55.13600,55.29600,24634
2007-01-05 00:00:00+00:00,55.28600,56.20100,54.73300,56.13200,19504
2007-01-07 00:00:00+00:00,56.09300,56.34200,56.04300,56.23300,154
2007-01-08 00:00:00+00:00,56.26300,57.57500,54.98300,55.92300,22146
2007-01-09 00:00:00+00:00,55.95300,56.07000,53.75400,55.52400,23533
2007-01-10 00:00:00+00:00,55.51400,55.55500,53.32800,53.57800,22122
2007-01-11 00:00:00+00:00,53.58800,54.62200,51.69900,52.09000,24221
2007-01-12 00:00:00+00:00,52.07000,53.01600,51.46700,52.95700,23986
2007-01-14 00:00:00+00:00,52.86600,53.22600,52.86600,53.21600,80
2007-01-15 00:00:00+00:00,53.17600,53.47900,52.40300,52.81600,2610
2007-01-16 00:00:00+00:00,52.83600,53.13000,50.47600,51.06700,19719
2007-01-17 00:00:00+00:00,51.10700,52.60600,50.23300,52.55700,18179
2007-01-18 00:00:00+00:00,52.53800,52.70200,50.20800,50.75800,18681
2007-01-19 00:00:00+00:00,50.77800,52.59200,50.58300,52.56200,14630
2007-01-21 00:00:00+00:00,52.62900,52.89600,52.62900,52.82700,158
2007-01-22 00:00:00+00:00,52.84700,53.80100,51.26500,51.96900,23407
2007-01-23 00:00:00+00:00,51.96000,54.30700,51.60800,54.15500,20107
2007-01-24 00:00:00+00:00,54.17500,54.65100,52.88300,54.42000,24905
2007-01-25 00:00:00+00:00,54.45000,55.09000,53.35900,53.49300,22061
2007-01-26 00:00:00+00:00,53.48300,54.84100,53.48300,54.76300,15321
2007-01-28 00:00:00+00:00,54.95100,55.18800,54.82200,55.14000,152
2007-01-29 00:00:00+00:00,55.11000,55.28300,53.16700,53.22200,17945
2007-01-30 00:00:00+00:00,53.27100,56.40900,53.22200,56.19700,22034
2007-01-31 00:00:00+00:00,56.20700,57.57700,55.15800,57.23600,26997
2007-02-01 00:00:00+00:00,57.26600,58.26800,56.51500,56.61400,28077
2007-02-02 00:00:00+00:00,56.59400,58.68100,56.54500,58.61300,18867
2007-02-04 00:00:00+00:00,58.74600,58.85600,58.63700,58.81700,104
2007-02-05 00:00:00+00:00,58.80700,59.46200,57.98900,58.40200,21454
2007-02-06 00:00:00+00:00,58.41200,59.51200,58.06000,58.95900,21469
2007-02-07 00:00:00+00:00,58.94900,59.42600,56.85000,57.29200,24685
2007-02-08 00:00:00+00:00,57.27300,60.03500,56.92200,59.81700,22988
2007-02-09 00:00:00+00:00,59.83700,60.43900,58.94000,59.39900,24853
2007-02-11 00:00:00+00:00,59.39400,59.47400,59.21600,59.23600,121
2007-02-12 00:00:00+00:00,59.21700,59.27700,57.13000,57.50600,20831
2007-02-13 00:00:00+00:00,57.52600,59.37300,57.01000,58.73200,18816
2007-02-14 00:00:00+00:00,58.71200,59.06100,57.32000,57.92600,19008
2007-02-15 00:00:00+00:00,57.94600,58.34100,56.46000,57.95100,18953
2007-02-16 00:00:00+00:00,57.93100,59.31200,57.48300,59.08600,12439
2007-02-18 00:00:00+00:00,59.04500,59.21400,58.91600,59.19400,71
2007-02-19 00:00:00+00:00,59.15500,59.30500,58.50300,58.67700,2028
2007-02-20 00:00:00+00:00,58.66800,58.92900,57.27200,58.39800,16316
2007-02-21 00:00:00+00:00,58.41800,60.11900,57.57300,59.50800,21316
2007-02-22 00:00:00+00:00,59.51700,60.75100,59.11800,60.21100,21354
2007-02-23 00:00:00+00:00,60.25000,61.31500,60.05600,60.39700,20504
2007-02-25 00:00:00+00:00,60.44500,60.70400,60.44500,60.68400,85
2007-02-26 00:00:00+00:00,60.67400,61.31300,60.26100,61.02100,17355
2007-02-27 00:00:00+00:00,61.01100,61.82900,59.52900,59.74800,25562
2007-02-28 00:00:00+00:00,59.75800,61.66100,59.71900,61.34700,22358
2007-03-01 00:00:00+00:00,61.39700,62.11100,60.43500,61.41600,23123
2007-03-02 00:00:00+00:00,61.44600,62.04200,60.81700,60.95700,15736
2007-03-04 00:00:00+00:00,60.99500,60.99500,60.74700,60.83700,156
2007-03-05 00:00:00+00:00,60.86700,60.86700,59.26800,59.41300,18265
2007-03-06 00:00:00+00:00,59.42300,60.63600,59.37300,60.60600,15757
2007-03-07 00:00:00+00:00,60.61600,61.79700,60.38400,61.49200,15752
2007-03-08 00:00:00+00:00,61.47200,62.06100,60.96700,61.45100,15394
2007-03-09 00:00:00+00:00,61.44100,61.61100,59.66500,59.81500,15422
2007-03-11 00:00:00+00:00,59.79200,59.79200,59.45300,59.55400,244
2007-03-12 00:00:00+00:00,59.57400,59.80000,58.45900,58.91500,15312
2007-03-13 00:00:00+00:00,58.87500,59.78400,57.64100,58.09500,16382
2007-03-14 00:00:00+00:00,58.10500,58.31600,57.18900,58.23300,16978
2007-03-15 00:00:00+00:00,58.22300,58.54000,57.30900,57.60200,11437
2007-03-16 00:00:00+00:00,57.57300,58.56900,56.51000,57.19000,11380
2007-03-19 00:00:00+00:00,57.55300,58.14700,57.02500,57.71500,16234
2007-03-20 00:00:00+00:00,57.69500,58.03000,57.06200,57.53000,18698
2007-03-21 00:00:00+00:00,57.52100,58.10400,57.17500,57.96400,15122
2007-03-22 00:00:00+00:00,57.94500,60.00500,57.93200,59.83900,16596
2007-03-23 00:00:00+00:00,59.85000,60.63400,59.27100,60.24000,17082
2007-03-25 00:00:00+00:00,60.49800,60.93500,60.49800,60.88200,284
2007-03-26 00:00:00+00:00,60.87200,61.47600,60.59400,60.97200,14908
2007-03-27 00:00:00+00:00,61.01100,66.22700,60.51600,62.13200,14619
2007-03-28 00:00:00+00:00,62.10300,63.22700,61.94200,62.19400,23313
2007-03-29 00:00:00+00:00,62.18400,64.79700,61.86600,64.69400,22429
2007-03-30 00:00:00+00:00,64.71300,65.15000,63.91700,64.15500,21455
2007-04-01 00:00:00+00:00,64.59900,64.87300,64.10600,64.10600,403
2007-04-02 00:00:00+00:00,64.11600,65.30800,63.70100,64.25900,15826
2007-04-03 00:00:00+00:00,64.22900,64.61000,62.69700,63.36200,18954
2007-04-04 00:00:00+00:00,63.37200,63.87300,62.37300,63.16000,25778
2007-04-05 00:00:00+00:00,63.13100,63.80000,62.49700,62.84200,18450
2007-04-09 00:00:00+00:00,62.98100,63.15400,60.57700,60.95900,17630
2007-04-10 00:00:00+00:00,60.94900,61.55200,60.62100,61.19700,13520
2007-04-11 00:00:00+00:00,61.16800,61.89400,60.88400,61.32600,14716
2007-04-12 00:00:00+00:00,61.29800,63.39400,61.23000,63.35000,13945
2007-04-13 00:00:00+00:00,63.36000,64.02100,62.86800,62.95900,13138
2007-04-15 00:00:00+00:00,63.04700,63.25000,62.96800,63.19200,195
2007-04-16 00:00:00+00:00,63.21200,63.88300,62.24200,63.36500,16020
2007-04-17 00:00:00+00:00,63.38500,64.39200,62.82300,63.22300,14063
2007-04-18 00:00:00+00:00,63.20400,63.38300,62.13200,62.91100,15240
2007-04-19 00:00:00+00:00,62.94100,63.47600,61.33300,61.53100,17152
2007-04-20 00:00:00+00:00,61.54100,62.97300,61.48700,62.92800,13450
2007-04-22 00:00:00+00:00,62.90100,62.90100,62.59700,62.68900,130
2007-04-23 00:00:00+00:00,62.67900,64.75100,62.51300,64.58400,13719
2007-04-24 00:00:00+00:00,64.59400,65.11900,62.97200,63.49500,20278
2007-04-25 00:00:00+00:00,63.48500,64.79400,63.39000,64.64600,16943
2007-04-26 00:00:00+00:00,64.65600,65.30500,63.75300,64.30400,17010
2007-04-27 00:00:00+00:00,64.31400,65.59500,63.54800,65.39300,16365
2007-04-29 00:00:00+00:00,65.39900,65.68500,65.21400,65.23500,215
2007-04-30 00:00:00+00:00,65.22500,65.66000,64.13000,64.51700,17932
2007-05-01 00:00:00+00:00,64.51700,65.26300,63.35400,63.69900,21004
2007-05-02 00:00:00+00:00,63.70900,63.82000,62.24500,62.91000,21519
2007-05-03 00:00:00+00:00,62.92000,63.30400,61.97800,62.46600,18309
2007-05-04 00:00:00+00:00,62.42700,62.70500,60.85600,60.95900,18939
2007-05-06 00:00:00+00:00,61.08700,61.29800,61.04800,61.28800,207
2007-05-07 00:00:00+00:00,61.27900,61.45100,60.26400,61.03000,16286
2007-05-08 00:00:00+00:00,61.01000,62.01800,60.65700,61.71300,18184
2007-05-09 00:00:00+00:00,61.70300,61.95100,60.17200,61.15700,18365
2007-05-10 00:00:00+00:00,61.16700,62.01200,60.90800,61.48400,17339
2007-05-11 00:00:00+00:00,61.44400,62.12300,61.22800,62.00500,12920
2007-05-13 00:00:00+00:00,62.07500,62.20500,61.96800,61.99900,113
2007-05-14 00:00:00+00:00,62.00900,62.73000,61.82000,62.18800,13401
2007-05-15 00:00:00+00:00,62.19800,63.01200,61.77900,62.87400,13313
2007-05-16 00:00:00+00:00,62.86500,63.03700,61.65700,62.43600,14983
2007-05-17 00:00:00+00:00,62.41600,64.91000,62.29800,64.79400,13997
2007-05-18 00:00:00+00:00,64.81400,65.46100,64.61700,64.83900,10703
2007-05-20 00:00:00+00:00,65.03600,65.10800,64.83900,65.09800,146
2007-05-21 00:00:00+00:00,65.08800,66.20400,64.40500,66.02500,13897
2007-05-22 00:00:00+00:00,66.03500,66.11800,64.55700,64.67200,15623
2007-05-23 00:00:00+00:00,64.68200,65.32200,64.23500,64.81900,20177
2007-05-24 00:00:00+00:00,64.81000,65.34200,63.05300,63.68200,16325
2007-05-25 00:00:00+00:00,63.67300,64.49500,63.46400,64.36000,10957
2007-05-27 00:00:00+00:00,64.29000,64.54800,64.19100,64.32100,24
2007-05-28 00:00:00+00:00,64.31200,64.33200,63.62700,63.99400,913
2007-05-29 00:00:00+00:00,63.98400,64.13200,61.92600,62.66600,16576
2007-05-30 00:00:00+00:00,62.65600,63.26800,62.28300,62.77300,13495
2007-05-31 00:00:00+00:00,62.75300,63.69900,61.87000,63.57400,17500
2007-06-01 00:00:00+00:00,63.58400,64.69600,63.25100,64.33300,14923
2007-06-03 00:00:00+00:00,64.38100,64.57000,64.32200,64.35400,197
2007-06-04 00:00:00+00:00,64.34400,66.00100,64.05700,65.58400,14890
2007-06-05 00:00:00+00:00,65.55400,65.74100,64.79100,65.24600,15057
2007-06-06 00:00:00+00:00,65.22600,65.85400,64.79700,65.54300,14707
2007-06-07 00:00:00+00:00,65.53300,67.02200,65.47000,66.23900,14931
2007-06-08 00:00:00+00:00,66.24900,66.45100,64.21400,64.42500,17578
2007-06-10 00:00:00+00:00,64.41300,64.58500,64.23400,64.58500,207
2007-06-11 00:00:00+00:00,64.59500,65.80200,64.38400,65.65900,13808
2007-06-12 00:00:00+00:00,65.65000,65.83000,64.63500,64.96100,11008
2007-06-13 00:00:00+00:00,64.97100,66.26700,64.69000,65.79800,13702
2007-06-14 00:00:00+00:00,65.78800,67.70500,65.74800,67.46300,13321
2007-06-15 00:00:00+00:00,67.47300,68.13300,67.07700,68.09800,11302
2007-06-17 00:00:00+00:00,68.04000,68.16200,67.94100,68.07200,113
2007-06-18 00:00:00+00:00,68.08200,69.19000,67.32900,69.06100,10168
2007-06-19 00:00:00+00:00,69.08100,69.56800,68.50200,68.79600,12467
2007-06-20 00:00:00+00:00,68.82600,69.21100,67.27300,68.38100,19746
2007-06-21 00:00:00+00:00,68.42100,69.50200,67.91300,68.15500,19393
2007-06-22 00:00:00+00:00,68.14500,69.13800,67.81200,68.72300,16321
2007-06-24 00:00:00+00:00,68.52000,68.52000,68.19200,68.24200,171
2007-06-25 00:00:00+00:00,68.23200,69.12700,67.23400,68.74300,18457
2007-06-26 00:00:00+00:00,68.75300,68.87400,67.29900,67.45100,17148
2007-06-27 00:00:00+00:00,67.47100,69.06400,66.77900,68.75800,20022
2007-06-28 00:00:00+00:00,68.78800,70.23000,68.63300,69.23900,18068
2007-06-29 00:00:00+00:00,69.22900,70.78300,69.20900,70.32600,14577
2007-07-01 00:00:00+00:00,70.27300,70.43300,70.06500,70.13400,129
2007-07-02 00:00:00+00:00,70.15400,71.10300,69.33500,70.95500,16878
2007-07-03 00:00:00+00:00,70.94500,71.22400,70.47400,71.08700,10874
2007-07-04 00:00:00+00:00,71.10700,71.28700,70.67400,71.22000,1153
2007-07-05 00:00:00+00:00,71.19000,72.13600,70.61000,71.72200,19539
2007-07-06 00:00:00+00:00,71.76200,72.74700,71.36700,72.57200,14778
2007-07-08 00:00:00+00:00,72.58900,72.58900,72.38000,72.41100,102
2007-07-09 00:00:00+00:00,72.40100,72.84800,71.66200,71.99500,15665
2007-07-10 00:00:00+00:00,72.00500,72.94300,71.46100,72.50700,14856
2007-07-11 00:00:00+00:00,72.51700,72.92600,71.95600,72.50100,14930
2007-07-12 00:00:00+00:00,72.51100,73.68700,71.81100,72.63400,17795
2007-07-13 00:00:00+00:00,72.56400,73.91400,72.16000,73.87400,15322
2007-07-15 00:00:00+00:00,73.94200,74.28200,73.79300,73.85300,446
2007-07-16 00:00:00+00:00,73.86300,74.42200,73.57100,74.20700,15727
2007-07-17 00:00:00+00:00,74.19700,75.30400,73.50600,74.06000,18210
2007-07-18 00:00:00+00:00,74.07000,75.24900,73.86600,74.96100,12438
2007-07-19 00:00:00+00:00,74.97100,75.98300,74.69500,75.90400,15089
2007-07-20 00:00:00+00:00,75.91400,76.19600,75.21000,75.55000,14166
2007-07-22 00:00:00+00:00,75.51200,75.51200,75.17300,75.28400,151
2007-07-23 00:00:00+00:00,75.27400,75.47500,74.26900,74.68100,14214
2007-07-24 00:00:00+00:00,74.66100,74.68100,72.74800,73.10000,17726
2007-07-25 00:00:00+00:00,73.12000,76.21900,72.98100,76.05000,17807
2007-07-26 00:00:00+00:00,76.06000,77.07900,74.45700,74.88800,22419
2007-07-27 00:00:00+00:00,74.90800,76.96900,74.55000,76.84900,20788
2007-07-29 00:00:00+00:00,76.78200,76.78200,76.41300,76.53300,226
2007-07-30 00:00:00+00:00,76.54300,77.19500,75.91800,76.59900,17888
2007-07-31 00:00:00+00:00,76.64800,78.15100,76.47100,77.86200,17630
2007-08-01 00:00:00+00:00,77.82300,78.64500,75.97000,76.52100,26535
2007-08-02 00:00:00+00:00,76.53100,77.32400,75.40500,76.79600,22181
2007-08-03 00:00:00+00:00,76.77600,77.24900,74.93400,75.09400,20188
2007-08-05 00:00:00+00:00,74.94600,75.00600,74.47700,74.65700,415
2007-08-06 00:00:00+00:00,74.68700,74.88800,71.51500,71.90600,24526
2007-08-07 00:00:00+00:00,71.87600,72.54000,71.06000,72.30100,23996
2007-08-08 00:00:00+00:00,72.26100,73.09400,71.77400,72.06700,22089
2007-08-09 00:00:00+00:00,72.08700,72.32800,70.43200,71.48300,23371
2007-08-10 00:00:00+00:00,71.49300,71.62800,70.03800,71.61800,18266
2007-08-12 00:00:00+00:00,71.42000,71.70000,71.40000,71.66000,93
2007-08-13 00:00:00+00:00,71.65000,73.14300,71.07500,71.50600,19764
2007-08-14 00:00:00+00:00,71.51600,72.90000,71.32000,72.78100,21529
2007-08-15 00:00:00+00:00,72.76100,74.19400,72.28300,73.02600,22064
2007-08-16 00:00:00+00:00,73.00600,73.04600,70.08100,71.56300,28019
2007-08-17 00:00:00+00:00,71.53300,72.51500,70.97400,71.73800,17075
2007-08-19 00:00:00+00:00,71.76000,71.80000,71.15800,71.26800,265
2007-08-20 00:00:00+00:00,71.25800,71.60600,70.16800,71.12900,16265
2007-08-21 00:00:00+00:00,71.11900,71.78700,69.12700,70.01800,24045
2007-08-22 00:00:00+00:00,70.02800,70.52500,68.85000,69.90000,23094
2007-08-23 00:00:00+00:00,69.87000,70.31400,69.24300,70.24400,16754
2007-08-24 00:00:00+00:00,70.26400,71.56200,69.72900,71.34000,14661
2007-08-26 00:00:00+00:00,71.23400,71.27400,70.95300,71.10300,200
2007-08-27 00:00:00+00:00,71.09300,72.33000,70.38600,72.16800,16049
2007-08-28 00:00:00+00:00,72.17800,72.43800,71.38100,71.65900,17507
2007-08-29 00:00:00+00:00,71.66900,73.85700,71.58600,73.74600,18016
2007-08-30 00:00:00+00:00,73.69600,74.13400,72.91800,73.64800,17197
2007-08-31 00:00:00+00:00,73.63800,74.60500,73.56500,74.00100,14415
2007-09-02 00:00:00+00:00,74.04500,74.04500,73.78500,74.04400,33
2007-09-03 00:00:00+00:00,74.02400,74.74100,73.92400,74.20700,1335
2007-09-04 00:00:00+00:00,74.22700,75.37100,73.61100,75.24000,16707
2007-09-05 00:00:00+00:00,75.25000,76.05400,74.87500,76.02300,15105
2007-09-06 00:00:00+00:00,76.00300,77.55100,75.44600,76.66600,27047
2007-09-07 00:00:00+00:00,76.67600,77.11100,75.73900,76.81900,19433
2007-09-10 00:00:00+00:00,76.62000,78.55600,75.60500,78.11400,20847
2007-09-11 00:00:00+00:00,78.10400,78.44800,76.99800,78.27600,27599
2007-09-12 00:00:00+00:00,78.29600,80.25100,78.08300,79.74900,22637
2007-09-13 00:00:00+00:00,79.75900,80.26400,79.25300,79.93000,20239
2007-09-14 00:00:00+00:00,79.90000,80.41400,78.80300,79.15200,17322
2007-09-17 00:00:00+00:00,78.64200,81.20600,78.28000,81.09600,17556
2007-09-18 00:00:00+00:00,81.07600,82.39900,80.25000,82.14600,18471
2007-09-19 00:00:00+00:00,82.10500,82.46800,81.03300,81.85400,21583
2007-09-20 00:00:00+00:00,81.84300,83.16400,81.49400,82.89100,18682
2007-09-21 00:00:00+00:00,82.90100,83.55900,81.73600,82.49100,21726
2007-09-24 00:00:00+00:00,82.25100,82.67700,81.29800,81.48900,18306
2007-09-25 00:00:00+00:00,81.51000,81.56100,79.97900,80.59000,21201
2007-09-26 00:00:00+00:00,80.57000,81.81600,79.41000,81.55500,27857
2007-09-27 00:00:00+00:00,81.53400,84.12700,81.49100,84.09600,25975
2007-09-28 00:00:00+00:00,84.10700,84.72100,82.31500,82.71600,28718
2007-10-01 00:00:00+00:00,82.45600,82.85300,80.24200,81.05100,26581
2007-10-02 00:00:00+00:00,81.04000,81.29800,79.62000,81.07300,23301
2007-10-03 00:00:00+00:00,81.06300,81.61100,80.28000,80.36900,24779
2007-10-04 00:00:00+00:00,80.35900,82.45000,79.59100,82.09600,23332
2007-10-05 00:00:00+00:00,82.10600,82.35300,81.16300,81.60800,20973
2007-10-07 00:00:00+00:00,81.68200,81.68200,81.43800,81.53800,105
2007-10-08 00:00:00+00:00,81.50700,81.53700,78.87200,79.64700,21480
2007-10-09 00:00:00+00:00,79.63700,81.60200,78.88300,80.50600,25377
2007-10-10 00:00:00+00:00,80.49500,81.95800,80.18100,81.90600,22558
2007-10-11 00:00:00+00:00,81.91600,84.10900,81.85300,83.39500,23950
2007-10-12 00:00:00+00:00,83.36500,84.39300,83.09700,84.16400,18611
2007-10-14 00:00:00+00:00,84.22400,84.26500,83.92000,83.98000,177
2007-10-15 00:00:00+00:00,83.95000,86.99600,83.80400,86.61000,20081
2007-10-16 00:00:00+00:00,86.61900,88.40700,86.38600,87.69200,30729
2007-10-17 00:00:00+00:00,87.67200,89.09800,87.11900,87.40000,32509
2007-10-18 00:00:00+00:00,87.41000,90.01500,87.38000,89.53300,19712
2007-10-19 00:00:00+00:00,89.51200,89.93900,87.70900,88.05800,25948
2007-10-21 00:00:00+00:00,88.10800,88.36200,87.49500,87.58600,467
2007-10-22 00:00:00+00:00,87.55600,88.29400,86.03000,87.00300,30437
2007-10-23 00:00:00+00:00,86.99200,88.07800,86.06600,86.18700,25634
2007-10-24 00:00:00+00:00,86.19700,89.03000,85.90600,88.80900,27377
2007-10-25 00:00:00+00:00,88.79900,92.33200,88.78900,91.97600,26456
2007-10-26 00:00:00+00:00,91.99600,93.45200,91.74900,93.06800,34609
2007-10-28 00:00:00+00:00,92.81900,93.53500,92.61600,93.51300,724
2007-10-29 00:00:00+00:00,93.50300,94.78100,92.72400,94.50600,30902
2007-10-30 00:00:00+00:00,94.49600,94.53600,90.51000,90.79800,34362
2007-10-31 00:00:00+00:00,90.80800,96.79700,89.88100,96.34900,43516
2007-11-01 00:00:00+00:00,96.35900,97.23200,92.98600,94.87500,49938
2007-11-02 00:00:00+00:00,94.88500,96.93300,93.95000,96.64800,31736
2007-11-04 00:00:00+00:00,96.72600,96.72600,95.90700,95.93700,409
2007-11-05 00:00:00+00:00,95.97800,96.88000,94.46700,95.27300,34464
2007-11-06 00:00:00+00:00,95.26300,97.79200,95.21100,97.78200,33244
2007-11-07 00:00:00+00:00,97.77200,99.31300,95.26700,95.73800,55978
2007-11-08 00:00:00+00:00,95.72800,98.31500,95.56700,96.74500,44074
2007-11-09 00:00:00+00:00,96.76500,97.24600,95.09900,96.74900,34983
2007-11-11 00:00:00+00:00,96.46700,96.46700,95.68300,96.14300,362
2007-11-12 00:00:00+00:00,96.11300,96.62400,93.71600,94.16600,32098
2007-11-13 00:00:00+00:00,94.15500,95.07500,90.46300,91.82900,47366
2007-11-14 00:00:00+00:00,91.83900,94.66900,91.53500,93.97800,28856
2007-11-15 00:00:00+00:00,93.88700,94.59100,91.74400,93.15100,28582
2007-11-16 00:00:00+00:00,93.14100,95.61500,93.08000,95.03300,26489
2007-11-18 00:00:00+00:00,95.01900,95.66500,94.99900,95.53400,256
2007-11-19 00:00:00+00:00,95.50300,96.32100,94.29500,95.81000,28983
2007-11-20 00:00:00+00:00,95.83100,99.77500,95.11600,99.64800,32036
2007-11-21 00:00:00+00:00,99.62800,100.44500,97.40200,98.10300,42340
2007-11-22 00:00:00+00:00,98.13300,98.72900,97.42800,97.95300,1681
2007-11-23 00:00:00+00:00,97.96400,99.50900,97.18800,99.33300,12888
2007-11-25 00:00:00+00:00,99.26500,99.69800,99.13300,99.59700,416
2007-11-26 00:00:00+00:00,99.61700,100.05500,97.41100,97.95300,31403
2007-11-27 00:00:00+00:00,97.98300,98.17300,95.05700,95.50400,33879
2007-11-28 00:00:00+00:00,95.53400,96.04700,91.10700,92.09900,46921
2007-11-29 00:00:00+00:00,92.12900,95.96800,91.17200,91.48800,58347
2007-11-30 00:00:00+00:00,91.45800,92.25100,89.14100,89.39000,42220
2007-12-02 00:00:00+00:00,89.34900,90.46600,89.33900,90.22400,501
2007-12-03 00:00:00+00:00,90.19400,90.58700,87.72500,90.18900,40851
2007-12-04 00:00:00+00:00,90.17900,90.56200,87.89200,88.97700,36584
2007-12-05 00:00:00+00:00,88.92700,90.93400,87.32900,87.66500,46650
2007-12-06 00:00:00+00:00,87.65500,91.22700,86.30200,90.76800,37866
2007-12-07 00:00:00+00:00,90.78800,91.15500,87.51400,88.78600,35732
2007-12-10 00:00:00+00:00,88.27600,90.15900,87.43200,88.67300,31633
2007-12-11 00:00:00+00:00,88.66300,90.87100,88.38800,89.69200,29046
2007-12-12 00:00:00+00:00,89.66200,95.14900,89.56100,94.55200,38236
2007-12-13 00:00:00+00:00,94.50000,95.12300,92.11500,92.61800,36445
2007-12-14 00:00:00+00:00,92.64800,93.61600,90.81800,91.79300,30210
2007-12-16 00:00:00+00:00,91.58000,91.93000,91.43000,91.88000,58
2007-12-17 00:00:00+00:00,91.87000,92.22000,89.89900,91.31900,21374
2007-12-18 00:00:00+00:00,91.34900,93.02900,89.17800,90.51800,33519
2007-12-19 00:00:00+00:00,90.50800,92.36800,89.72700,91.36700,32254
2007-12-20 00:00:00+00:00,91.32700,92.27700,90.59700,91.14700,24741
2007-12-21 00:00:00+00:00,91.13700,93.86700,90.85600,93.62700,24325
2007-12-23 00:00:00+00:00,93.60500,93.86500,93.13500,93.13500,82
2007-12-24 00:00:00+00:00,93.18500,94.25400,92.52400,94.02400,8094
2007-12-25 00:00:00+00:00,94.01300,94.23300,94.01300,94.14300,71
2007-12-26 00:00:00+00:00,94.15300,96.56300,94.14300,95.82300,16964
2007-12-27 00:00:00+00:00,95.80300,97.81300,95.24200,96.89200,20487
2007-12-28 00:00:00+00:00,96.88200,97.94200,95.89100,96.29100,18998
2007-12-30 00:00:00+00:00,96.14000,96.47000,96.10000,96.37000,69
2007-12-31 00:00:00+00:00,96.38000,96.79900,94.74900,96.15900,17648
2008-01-01 00:00:00+00:00,96.06800,96.53800,96.06800,96.45800,124
2008-01-02 00:00:00+00:00,96.46800,99.82800,96.26800,99.26800,33880
2008-01-03 00:00:00+00:00,99.27800,100.10700,98.46700,99.24700,34636
2008-01-04 00:00:00+00:00,99.25700,99.42700,97.11600,97.77600,29347
2008-01-06 00:00:00+00:00,97.80400,97.98400,97.57400,97.63400,167
2008-01-07 00:00:00+00:00,97.64400,98.41300,94.48300,95.34300,34868
2008-01-08 00:00:00+00:00,95.35300,97.55200,95.31200,96.23200,31917
2008-01-09 00:00:00+00:00,96.24200,97.98100,95.41100,95.54100,42243
2008-01-10 00:00:00+00:00,95.53100,96.25100,93.27000,94.21000,37041
2008-01-11 00:00:00+00:00,94.25000,94.66000,92.31900,92.86900,31386
2008-01-13 00:00:00+00:00,92.92700,92.95700,92.48700,92.59700,177
2008-01-14 00:00:00+00:00,92.60700,94.43700,92.41700,94.26700,26614
2008-01-15 00:00:00+00:00,94.22700,94.38700,90.98600,91.71600,32935
2008-01-16 00:00:00+00:00,91.68600,91.90600,89.26500,91.26500,34986
2008-01-17 00:00:00+00:00,91.27500,92.19400,89.57400,89.61800,26644
2008-01-18 00:00:00+00:00,89.64800,91.25900,89.55800,90.37000,25592
2008-01-20 00:00:00+00:00,90.34200,90.75300,90.22100,90.75300,59
2008-01-21 00:00:00+00:00,90.71300,90.76300,88.14800,88.37900,7724
2008-01-22 00:00:00+00:00,88.35900,90.03500,85.80300,89.48000,44140
2008-01-23 00:00:00+00:00,89.49000,89.83100,87.02000,88.14100,34720
2008-01-24 00:00:00+00:00,88.17100,90.26700,87.36900,90.21600,37921
2008-01-25 00:00:00+00:00,90.16600,91.74400,89.87500,91.10700,30849
2008-01-27 00:00:00+00:00,90.94900,91.03900,90.49700,90.54700,209
2008-01-28 00:00:00+00:00,90.53700,91.68000,89.09300,91.34600,30291
2008-01-29 00:00:00+00:00,91.30600,93.01800,90.63500,92.85700,26115
2008-01-30 00:00:00+00:00,92.82700,92.91100,91.49900,91.52900,28625
2008-01-31 00:00:00+00:00,91.55900,92.58100,89.85500,91.43500,36416
2008-02-01 00:00:00+00:00,91.44500,92.39000,88.71700,89.05500,37044
2008-02-03 00:00:00+00:00,88.88800,88.96800,88.56700,88.72700,144
2008-02-04 00:00:00+00:00,88.67700,91.05200,88.28900,89.87600,29112
2008-02-05 00:00:00+00:00,89.91600,90.06200,87.73100,88.29900,32137
2008-02-06 00:00:00+00:00,88.33900,89.13400,86.84600,87.18300,35337
2008-02-07 00:00:00+00:00,87.20300,88.57400,86.41400,88.41300,28978
2008-02-08 00:00:00+00:00,88.42300,92.14800,88.22200,91.87600,33735
2008-02-10 00:00:00+00:00,91.89800,92.85000,91.88800,92.66900,610
2008-02-11 00:00:00+00:00,92.65900,94.85200,91.04800,93.64600,39863
2008-02-12 00:00:00+00:00,93.63600,94.26800,92.17700,93.13200,33552
2008-02-13 00:00:00+00:00,93.16200,93.99200,92.01100,93.37800,31636
2008-02-14 00:00:00+00:00,93.36800,95.67800,93.35800,95.19500,27393
2008-02-15 00:00:00+00:00,95.18500,96.74800,94.73400,95.76200,25323
2008-02-17 00:00:00+00:00,95.69000,95.92000,95.57000,95.88000,27
2008-02-18 00:00:00+00:00,95.78000,96.60700,95.34900,96.04300,2879
2008-02-19 00:00:00+00:00,96.06300,100.07700,95.95300,99.37400,29699
2008-02-20 00:00:00+00:00,99.33400,101.08100,98.20600,100.11800,34834
2008-02-21 00:00:00+00:00,100.08800,100.54600,97.07600,97.85500,45205
2008-02-22 00:00:00+00:00,97.84500,99.57500,97.48000,99.26100,35625
2008-02-24 00:00:00+00:00,99.17600,99.87700,99.13600,99.67700,281
2008-02-25 00:00:00+00:00,99.68700,99.88700,97.92900,99.45900,28458
2008-02-26 00:00:00+00:00,99.42900,101.60600,98.63300,101.39500,32968
2008-02-27 00:00:00+00:00,101.36500,102.25300,99.59500,99.86500,36947
2008-02-28 00:00:00+00:00,99.85500,103.13400,99.07100,102.64100,36110
2008-02-29 00:00:00+00:00,102.63100,103.21200,101.51500,101.94300,28998
2008-03-02 00:00:00+00:00,101.76700,102.07800,101.58700,102.01700,198
2008-03-03 00:00:00+00:00,102.00700,104.08500,100.90200,102.22000,38797
2008-03-04 00:00:00+00:00,102.21000,103.45700,98.99000,100.07000,49794
2008-03-05 00:00:00+00:00,100.08000,105.06900,99.66900,104.78800,50445
2008-03-06 00:00:00+00:00,104.81800,106.08500,102.96000,105.58000,53272
2008-03-07 00:00:00+00:00,105.51000,106.64600,104.01400,105.41300,48193
2008-03-09 00:00:00+00:00,105.33700,105.68700,105.02700,105.39600,249
2008-03-10 00:00:00+00:00,105.45600,108.29300,104.16100,107.78000,45614
2008-03-11 00:00:00+00:00,107.76000,109.79800,106.68500,108.50300,50114
2008-03-12 00:00:00+00:00,108.48300,110.26700,107.15700,109.93500,44136
2008-03-13 00:00:00+00:00,109.95500,111.04100,108.81900,109.95700,40747
2008-03-14 00:00:00+00:00,109.96700,110.97300,108.89100,110.20000,37314
2008-03-16 00:00:00+00:00,110.13300,110.29300,109.81300,110.24200,273
2008-03-17 00:00:00+00:00,110.21200,111.83000,103.25500,106.39100,64113
2008-03-18 00:00:00+00:00,106.36000,110.39300,105.68700,108.88300,46666
2008-03-19 00:00:00+00:00,108.91400,109.24400,103.14200,103.63300,67633
2008-03-20 00:00:00+00:00,103.66300,103.88400,99.93500,102.74700,60167
2008-03-23 00:00:00+00:00,102.88900,102.88900,101.77400,101.86400,304
2008-03-24 00:00:00+00:00,101.92500,103.58400,100.97600,101.08600,32196
2008-03-25 00:00:00+00:00,101.07600,102.97400,100.22300,102.54300,45802
2008-03-26 00:00:00+00:00,102.53300,107.48200,102.53300,107.11100,45183
2008-03-27 00:00:00+00:00,107.06000,109.32200,106.10800,108.42300,48526
2008-03-28 00:00:00+00:00,108.43300,108.69900,105.73700,105.97300,37692
2008-03-30 00:00:00+00:00,106.06100,106.14100,105.57600,105.70400,277
2008-03-31 00:00:00+00:00,105.72400,107.70700,101.11400,102.43600,55164
2008-04-01 00:00:00+00:00,102.44600,103.39600,100.37700,101.67000,50913
2008-04-02 00:00:00+00:00,101.60000,105.92300,100.62800,105.62100,49392
2008-04-03 00:00:00+00:00,105.61100,107.23800,103.98600,104.88500,50364
2008-04-04 00:00:00+00:00,104.93600,107.12600,104.77300,106.91400,34714
2008-04-06 00:00:00+00:00,106.77900,107.57100,106.51800,107.47000,415
2008-04-07 00:00:00+00:00,107.42000,110.12800,106.79300,109.36000,34245
2008-04-08 00:00:00+00:00,109.42000,110.26100,108.23600,109.36700,37910
2008-04-09 00:00:00+00:00,109.44800,112.78500,108.51300,111.24500,41939
2008-04-10 00:00:00+00:00,111.25500,112.74400,109.26700,110.20700,45500
2008-04-11 00:00:00+00:00,110.24700,111.31600,109.39400,110.82200,30678
2008-04-13 00:00:00+00:00,110.38300,110.52400,109.99000,110.06900,234
2008-04-14 00:00:00+00:00,110.07900,112.42500,109.93200,112.39300,28710
2008-04-15 00:00:00+00:00,112.38300,114.39200,112.14700,113.82400,29904
2008-04-16 00:00:00+00:00,113.80400,115.47700,112.46100,115.12300,41809
2008-04-17 00:00:00+00:00,115.13200,115.78600,114.36800,115.13800,27348
2008-04-18 00:00:00+00:00,115.11700,117.15200,112.91100,117.15200,29657
2008-04-20 00:00:00+00:00,116.97000,116.97000,116.52800,116.61800,158
2008-04-21 00:00:00+00:00,116.62800,117.44300,115.42400,117.03500,29267
2008-04-22 00:00:00+00:00,117.01500,119.39300,116.34400,118.57600,40436
2008-04-23 00:00:00+00:00,118.53500,118.95600,116.84100,118.36000,40919
2008-04-24 00:00:00+00:00,118.35000,118.66700,114.61800,115.85800,52137
2008-04-25 00:00:00+00:00,115.84800,119.92100,114.87000,119.27600,41780
2008-04-27 00:00:00+00:00,119.28600,120.26900,119.27600,119.72600,518
2008-04-28 00:00:00+00:00,119.74600,120.05300,118.48500,118.91900,31281
2008-04-29 00:00:00+00:00,118.90900,118.93900,115.27000,115.65600,44071
2008-04-30 00:00:00+00:00,115.66600,116.99200,113.58000,114.94100,47892
2008-05-01 00:00:00+00:00,114.95100,115.51100,110.56000,112.46100,42870
2008-05-02 00:00:00+00:00,112.49100,117.05900,112.03500,116.84800,42954
2008-05-04 00:00:00+00:00,116.72900,116.83900,116.27700,116.35700,294
2008-05-05 00:00:00+00:00,116.37700,120.58500,116.27600,119.88900,35807
2008-05-06 00:00:00+00:00,119.87900,122.94400,119.54100,121.98800,43904
2008-05-07 00:00:00+00:00,121.97800,124.12800,120.73700,123.94600,53733
2008-05-08 00:00:00+00:00,123.97600,124.79500,121.76300,124.36200,49809
2008-05-09 00:00:00+00:00,124.38200,126.44100,124.33700,126.17000,41836
2008-05-11 00:00:00+00:00,125.97900,126.32900,125.74800,126.23800,314
2008-05-12 00:00:00+00:00,126.26800,126.52800,123.82100,124.02000,48205
2008-05-13 00:00:00+00:00,124.03000,127.09300,123.21700,126.10700,54264
2008-05-14 00:00:00+00:00,126.07700,126.14100,123.86300,123.94000,47266
2008-05-15 00:00:00+00:00,123.93000,126.72300,120.82700,124.41500,57649
2008-05-16 00:00:00+00:00,124.43500,127.88800,124.10900,126.51200,46956
2008-05-18 00:00:00+00:00,126.45000,126.77000,126.23900,126.73000,196
2008-05-19 00:00:00+00:00,126.74000,127.76800,125.39000,127.11200,38560
2008-05-20 00:00:00+00:00,127.14200,129.58200,126.56700,129.22700,44539
2008-05-21 00:00:00+00:00,129.26700,134.71000,128.88100,134.47900,57222
2008-05-22 00:00:00+00:00,134.48900,135.37700,130.34300,130.78200,78870
2008-05-23 00:00:00+00:00,130.79200,133.98300,130.42500,131.96600,56012
2008-05-25 00:00:00+00:00,131.92700,132.63700,131.83600,132.54700,88
2008-05-26 00:00:00+00:00,132.58700,133.70500,132.58700,133.40900,2774
2008-05-27 00:00:00+00:00,133.39900,133.88700,128.32100,128.40100,59970
2008-05-28 00:00:00+00:00,128.43100,131.79900,126.17200,130.89600,68365
2008-05-29 00:00:00+00:00,130.86600,133.33400,126.31200,126.68000,90335
2008-05-30 00:00:00+00:00,126.67000,128.49800,124.86400,127.90300,60555
2008-06-01 00:00:00+00:00,127.80500,127.80500,127.30300,127.52300,226
2008-06-02 00:00:00+00:00,127.47300,129.52000,125.38600,127.81500,58873
2008-06-03 00:00:00+00:00,127.76400,128.14000,124.02300,124.46100,58204
2008-06-04 00:00:00+00:00,124.49100,125.22700,121.98300,122.33000,63065
2008-06-05 00:00:00+00:00,122.32000,128.51900,121.74900,128.39800,57744
2008-06-06 00:00:00+00:00,128.42800,139.26100,127.94400,138.27900,88287
2008-06-08 00:00:00+00:00,138.08900,138.11900,137.23800,137.88800,476
2008-06-09 00:00:00+00:00,137.95800,138.36500,133.10700,134.99600,72164
2008-06-10 00:00:00+00:00,135.04600,138.08300,130.89600,131.65400,83798
2008-06-11 00:00:00+00:00,131.68400,138.39100,131.44400,136.51700,76423
2008-06-12 00:00:00+00:00,136.53700,137.54100,131.62800,136.73800,77145
2008-06-13 00:00:00+00:00,136.74800,137.15400,133.53000,134.46800,55085
2008-06-15 00:00:00+00:00,134.45800,134.91800,134.29800,134.39700,510
2008-06-16 00:00:00+00:00,134.36700,139.93400,132.88000,134.14800,59380
2008-06-17 00:00:00+00:00,134.13800,135.26200,132.03200,133.38800,49958
2008-06-18 00:00:00+00:00,133.41800,136.90100,131.84100,136.27100,44049
2008-06-19 00:00:00+00:00,136.28100,137.84400,131.60200,131.81300,74278
2008-06-20 00:00:00+00:00,131.87300,137.00300,131.26600,134.22700,56989
2008-06-22 00:00:00+00:00,134.34800,134.90600,133.86000,134.59800,615
2008-06-23 00:00:00+00:00,134.55800,137.68900,133.61000,136.60700,63152
2008-06-24 00:00:00+00:00,136.59700,138.30800,135.47100,136.42300,49675
2008-06-25 00:00:00+00:00,136.44300,137.15600,131.54800,134.09500,64027
2008-06-26 00:00:00+00:00,134.16500,139.98000,133.28200,138.47700,64073
2008-06-27 00:00:00+00:00,138.53700,142.58800,138.44800,140.14700,65304
2008-06-29 00:00:00+00:00,140.23800,141.23700,140.23800,141.10700,417
2008-06-30 00:00:00+00:00,141.09700,143.30900,138.82300,139.68700,59721
2008-07-01 00:00:00+00:00,139.66700,142.98800,139.66700,141.23900,53936
2008-07-02 00:00:00+00:00,141.22900,143.99600,139.69200,143.70900,60419
2008-07-03 00:00:00+00:00,143.69900,145.53200,142.91000,145.02200,46090
2008-07-04 00:00:00+00:00,145.09200,145.37700,143.40600,143.88900,4625
2008-07-06 00:00:00+00:00,144.01200,144.27200,143.64300,143.94300,365
2008-07-07 00:00:00+00:00,143.93300,143.98300,139.28200,140.86500,67168
2008-07-08 00:00:00+00:00,140.91500,142.20600,134.92400,135.82800,72351
2008-07-09 00:00:00+00:00,135.83800,138.07000,135.13900,136.57300,65814
2008-07-10 00:00:00+00:00,136.55300,141.93800,135.24100,141.52100,63160
2008-07-11 00:00:00+00:00,141.54100,147.08300,141.31200,144.23200,76753
2008-07-13 00:00:00+00:00,144.54500,144.90400,142.34800,143.21700,946
2008-07-14 00:00:00+00:00,143.30700,146.23400,142.61400,144.78200,53124
2008-07-15 00:00:00+00:00,144.77200,146.60800,135.80900,138.54300,96515
2008-07-16 00:00:00+00:00,138.56300,139.19700,132.00700,134.93100,71343
2008-07-17 00:00:00+00:00,134.92100,136.66900,128.92600,129.99900,85556
2008-07-18 00:00:00+00:00,130.01900,131.97400,128.17100,128.44200,51167
2008-07-20 00:00:00+00:00,128.50000,129.76100,128.41100,129.38600,336
2008-07-21 00:00:00+00:00,129.35600,131.75300,128.14400,130.53000,55600
2008-07-22 00:00:00+00:00,130.49000,131.92100,125.44800,127.21700,72098
2008-07-23 00:00:00+00:00,127.20700,127.79500,123.25100,123.62400,75598
2008-07-24 00:00:00+00:00,123.61400,125.58300,122.68000,124.85700,63017
2008-07-25 00:00:00+00:00,124.84700,125.67100,121.69600,122.62900,54028
2008-07-27 00:00:00+00:00,122.67200,122.84100,122.20500,122.53500,251
2008-07-28 00:00:00+00:00,122.56500,124.48800,121.91700,124.25600,48613
2008-07-29 00:00:00+00:00,124.23600,125.14300,119.75000,121.22400,59904
2008-07-30 00:00:00+00:00,121.23400,126.70800,120.15800,126.03900,66211
2008-07-31 00:00:00+00:00,125.99000,127.24100,122.09300,123.46400,64301
2008-08-01 00:00:00+00:00,123.42400,127.98100,121.50600,124.70500,59641
2008-08-03 00:00:00+00:00,125.44600,125.77600,124.83900,125.54800,433
2008-08-04 00:00:00+00:00,125.49800,125.82300,119.01500,120.18100,64371
2008-08-05 00:00:00+00:00,120.17100,120.76700,117.54200,117.88000,59241
2008-08-06 00:00:00+00:00,117.87000,120.05000,116.69400,118.43800,54687
2008-08-07 00:00:00+00:00,118.44800,121.37300,117.52300,119.56400,53535
2008-08-08 00:00:00+00:00,119.48400,119.69600,114.27400,114.80500,49500
2008-08-10 00:00:00+00:00,114.91300,116.21200,114.91300,115.70300,765
2008-08-11 00:00:00+00:00,115.72300,116.62100,112.46200,114.53500,49440
2008-08-12 00:00:00+00:00,114.54500,115.70800,112.07900,112.96700,49902
2008-08-13 00:00:00+00:00,112.97700,117.25000,112.66000,116.33900,52429
2008-08-14 00:00:00+00:00,116.38900,117.22800,112.41600,114.44100,44764
2008-08-15 00:00:00+00:00,114.52100,114.58100,111.19300,113.64800,40949
2008-08-17 00:00:00+00:00,113.85500,114.22500,113.16600,114.01800,342
2008-08-18 00:00:00+00:00,113.98800,115.27500,111.93700,113.06000,32102
2008-08-19 00:00:00+00:00,113.07000,116.63900,111.60100,115.14100,39646
2008-08-20 00:00:00+00:00,115.17100,116.94100,112.54300,115.76200,52600
2008-08-21 00:00:00+00:00,115.79200,121.98000,115.78200,121.12100,62826
2008-08-22 00:00:00+00:00,121.14100,121.64200,114.12600,114.72600,55855
2008-08-24 00:00:00+00:00,114.64000,114.85000,114.03000,114.51000,440
2008-08-25 00:00:00+00:00,114.48000,116.01000,113.63100,115.31100,38703
2008-08-26 00:00:00+00:00,115.30100,117.84100,112.31300,116.13300,59960
2008-08-27 00:00:00+00:00,116.15300,119.58200,116.09300,118.29400,50573
2008-08-28 00:00:00+00:00,118.35400,120.45400,114.03600,116.34600,54713
2008-08-29 00:00:00+00:00,116.33600,118.71600,114.95800,115.87800,40271
2008-08-31 00:00:00+00:00,118.13000,118.21000,116.52100,116.94100,1431
2008-09-01 00:00:00+00:00,117.00100,117.21100,110.56400,111.45500,15269
2008-09-02 00:00:00+00:00,111.44500,111.44500,105.42700,109.75700,69550
2008-09-03 00:00:00+00:00,109.71700,109.72700,107.18900,109.43900,46160
2008-09-04 00:00:00+00:00,109.45900,110.56900,106.49100,107.31100,51259
2008-09-05 00:00:00+00:00,107.28100,108.07200,105.10200,106.67300,47562
2008-09-07 00:00:00+00:00,107.72600,108.72500,107.68600,108.20600,785
2008-09-08 00:00:00+00:00,108.11600,109.86600,104.67700,106.20800,50401
2008-09-09 00:00:00+00:00,106.27800,106.37800,101.72000,102.43000,50089
2008-09-10 00:00:00+00:00,102.42000,104.94000,101.34100,102.80100,52570
2008-09-11 00:00:00+00:00,102.83100,103.93100,100.16300,101.38300,51786
2008-09-12 00:00:00+00:00,101.36300,102.87400,100.01500,101.03500,43990
2008-09-14 00:00:00+00:00,100.98700,101.17700,98.44800,99.79800,2986
2008-09-15 00:00:00+00:00,99.80800,100.03800,93.49000,93.63000,53658
2008-09-16 00:00:00+00:00,93.60000,93.95100,90.50200,93.52200,57047
2008-09-17 00:00:00+00:00,93.49200,97.88300,91.35300,97.38300,57409
2008-09-18 00:00:00+00:00,97.39300,102.23300,95.72300,98.72200,50563
2008-09-19 00:00:00+00:00,98.71200,103.70600,97.45600,103.18000,45980
2008-09-21 00:00:00+00:00,102.90000,103.32200,102.39700,102.81800,328
2008-09-22 00:00:00+00:00,102.86900,110.89000,102.81800,109.52100,59240
2008-09-23 00:00:00+00:00,109.51100,110.00400,104.45100,107.21700,58372
2008-09-24 00:00:00+00:00,107.24700,109.91100,105.18900,105.86800,54483
2008-09-25 00:00:00+00:00,105.91800,109.05900,103.59200,107.77000,54442
2008-09-26 00:00:00+00:00,107.87000,108.01100,104.61300,107.32600,35064
2008-09-28 00:00:00+00:00,107.22600,107.24600,106.23200,106.75300,373
2008-09-29 00:00:00+00:00,106.76300,106.98300,95.32700,96.57800,57198
2008-09-30 00:00:00+00:00,96.58800,102.75500,93.63500,102.36100,56336
2008-10-01 00:00:00+00:00,102.33100,103.12800,96.23600,99.92100,56847
2008-10-02 00:00:00+00:00,99.85100,100.64200,93.74200,93.95200,45810
2008-10-03 00:00:00+00:00,93.94200,96.27000,91.52900,93.29900,53923
2008-10-05 00:00:00+00:00,92.70200,92.88200,91.80000,92.11900,325
2008-10-06 00:00:00+00:00,92.09900,92.58000,87.74100,88.69000,59412
2008-10-07 00:00:00+00:00,88.68000,93.20200,88.04000,89.46900,63060
2008-10-08 00:00:00+00:00,89.36900,91.15700,86.20900,88.62600,65824
2008-10-09 00:00:00+00:00,88.63600,89.97300,84.32900,84.70700,40598
2008-10-10 00:00:00+00:00,84.66700,84.83700,77.20700,79.96000,80852
2008-10-12 00:00:00+00:00,80.21800,80.99900,79.99800,80.84800,465
2008-10-13 00:00:00+00:00,80.85800,82.61900,79.54500,82.61900,36969
2008-10-14 00:00:00+00:00,82.64900,84.91600,78.10300,78.37400,54893
2008-10-15 00:00:00+00:00,78.36400,79.07100,73.24000,73.41900,47970
2008-10-16 00:00:00+00:00,73.46900,74.55400,68.61900,72.81800,58024
2008-10-17 00:00:00+00:00,72.76800,74.07000,69.65300,71.49600,34285
2008-10-19 00:00:00+00:00,72.30700,72.99300,71.59100,72.67600,204
2008-10-20 00:00:00+00:00,72.58600,75.83800,71.57900,75.30400,47678
2008-10-21 00:00:00+00:00,75.27400,75.53400,69.95000,70.93900,51871
2008-10-22 00:00:00+00:00,70.91900,70.91900,65.87300,67.22000,53147
2008-10-23 00:00:00+00:00,67.21000,69.14100,65.58400,68.93300,57617
2008-10-24 00:00:00+00:00,68.95300,69.17200,62.36000,64.30500,56507
2008-10-26 00:00:00+00:00,64.50600,64.68500,63.40200,63.49100,406
2008-10-27 00:00:00+00:00,63.46100,65.50100,61.04500,62.27700,53779
2008-10-28 00:00:00+00:00,62.39600,64.94200,61.36800,64.78800,44289
2008-10-29 00:00:00+00:00,64.79800,68.98100,63.40700,67.66800,61633
2008-10-30 00:00:00+00:00,67.67800,70.34100,63.81000,64.95900,54126
2008-10-31 00:00:00+00:00,64.90900,68.36600,62.90100,67.25100,47374
2008-11-02 00:00:00+00:00,67.16500,67.45400,66.47700,66.91600,259
2008-11-03 00:00:00+00:00,66.95600,68.98300,63.44600,63.72700,47368
2008-11-04 00:00:00+00:00,63.74700,71.57300,62.07600,69.61200,63086
2008-11-05 00:00:00+00:00,69.62200,69.81200,64.83400,65.10500,57510
2008-11-06 00:00:00+00:00,65.11500,65.33900,60.01500,60.16800,58732
2008-11-07 00:00:00+00:00,60.23800,62.67700,59.82900,61.19500,44648
2008-11-09 00:00:00+00:00,61.68500,63.08300,61.67500,63.02300,701
2008-11-10 00:00:00+00:00,63.03300,65.44500,58.99800,61.36700,57284
2008-11-11 00:00:00+00:00,61.34700,61.45700,58.22900,58.79100,49022
2008-11-12 00:00:00+00:00,58.81100,59.41300,54.95600,55.32600,46863
2008-11-13 00:00:00+00:00,55.35600,59.88900,54.59900,59.56000,59890
2008-11-14 00:00:00+00:00,59.51000,59.56000,55.63100,56.39300,42990
2008-11-16 00:00:00+00:00,56.70200,56.70200,55.56300,55.87300,335
2008-11-17 00:00:00+00:00,55.86300,58.94700,54.69100,55.06300,46541
2008-11-18 00:00:00+00:00,55.08300,55.95800,53.94100,54.68900,32256
2008-11-19 00:00:00+00:00,54.65000,55.41100,52.97900,53.32800,39165
2008-11-20 00:00:00+00:00,53.28800,53.41700,48.23700,48.46600,54287
2008-11-21 00:00:00+00:00,48.37700,50.82700,47.97000,50.07500,42502
2008-11-23 00:00:00+00:00,50.70000,51.06900,50.29300,50.57200,317
2008-11-24 00:00:00+00:00,50.55200,55.01600,48.54600,54.22200,46904
2008-11-25 00:00:00+00:00,54.23200,54.23200,50.27000,50.72900,48979
2008-11-26 00:00:00+00:00,50.74900,54.70800,49.90700,53.97300,50363
2008-11-27 00:00:00+00:00,53.96300,54.12000,52.37400,53.55500,4397
2008-11-28 00:00:00+00:00,53.62500,53.90400,50.89400,51.52100,14871
2008-11-30 00:00:00+00:00,54.40100,54.40100,53.25600,53.41500,566
2008-12-01 00:00:00+00:00,53.37500,53.53600,48.43300,48.51400,39306
2008-12-02 00:00:00+00:00,48.53400,50.06300,46.64800,47.17800,50585
2008-12-03 00:00:00+00:00,47.15800,47.92600,46.09700,46.83700,41115
2008-12-04 00:00:00+00:00,46.85700,46.98200,43.21700,43.69600,47994
2008-12-05 00:00:00+00:00,43.67600,44.32800,40.37300,41.61000,48161
2008-12-07 00:00:00+00:00,41.52600,41.94500,41.43600,41.73600,312
2008-12-08 00:00:00+00:00,41.77600,44.58300,41.73600,43.78800,42567
2008-12-09 00:00:00+00:00,43.84800,44.46100,41.73000,42.40000,35621
2008-12-10 00:00:00+00:00,42.35000,46.06700,41.79600,43.79400,60662
2008-12-11 00:00:00+00:00,43.73400,49.02000,43.18800,47.20600,53634
2008-12-12 00:00:00+00:00,47.12600,47.31200,43.23800,46.49500,57459
2008-12-14 00:00:00+00:00,46.70200,47.34100,46.57200,47.05200,272
2008-12-15 00:00:00+00:00,47.04200,49.98300,44.04300,44.63300,50489
2008-12-16 00:00:00+00:00,44.60300,46.47600,42.51200,44.10500,45289
2008-12-17 00:00:00+00:00,44.06800,45.47100,41.29200,41.57900,48784
2008-12-18 00:00:00+00:00,41.64400,42.46700,38.69000,39.31100,44391
2008-12-19 00:00:00+00:00,39.35800,40.34500,38.14400,40.05300,40635
2008-12-21 00:00:00+00:00,40.11600,40.37800,39.84700,39.95100,233
2008-12-22 00:00:00+00:00,39.98800,40.73400,37.10800,37.23700,31433
2008-12-23 00:00:00+00:00,37.21800,38.24300,35.56300,37.05300,31081
2008-12-24 00:00:00+00:00,37.06300,37.37500,33.13500,33.57000,18224
2008-12-25 00:00:00+00:00,33.75800,34.15700,33.70200,34.07400,83
2008-12-26 00:00:00+00:00,34.08300,36.03100,33.71000,35.91400,14253
2008-12-28 00:00:00+00:00,36.54700,37.28900,36.54700,36.84500,361
2008-12-29 00:00:00+00:00,36.89300,40.20200,35.77500,38.24100,32097
2008-12-30 00:00:00+00:00,38.23200,38.53300,36.23400,37.45400,24813
2008-12-31 00:00:00+00:00,37.46300,43.60900,35.34900,40.86200,38568
2009-01-01 00:00:00+00:00,41.97000,41.97000,41.29800,41.30200,155
2009-01-02 00:00:00+00:00,41.31200,44.94000,39.44500,44.75100,39452
2009-01-04 00:00:00+00:00,45.45000,47.03900,45.41100,46.93200,713
2009-01-05 00:00:00+00:00,46.92300,47.70200,44.07700,46.93700,51189
2009-01-06 00:00:00+00:00,46.91700,48.92600,46.12800,46.78600,49191
2009-01-07 00:00:00+00:00,46.76600,47.69200,41.07900,41.26500,58026
2009-01-08 00:00:00+00:00,41.29400,42.47800,39.49500,41.19800,52552
2009-01-09 00:00:00+00:00,41.22700,41.64400,38.43700,39.41500,43498
2009-01-11 00:00:00+00:00,39.77400,39.93500,39.38200,39.88600,238
2009-01-12 00:00:00+00:00,39.92500,40.03300,36.83100,37.00300,35565
2009-01-13 00:00:00+00:00,37.03200,38.88500,35.51400,38.64900,48694
2009-01-14 00:00:00+00:00,38.65900,38.89800,35.04500,37.42100,44299
2009-01-15 00:00:00+00:00,37.44600,38.16300,34.52900,36.54900,45773
2009-01-16 00:00:00+00:00,36.55700,37.69200,35.65200,35.87600,46434
2009-01-18 00:00:00+00:00,36.35600,36.47900,36.30500,36.33800,88
2009-01-19 00:00:00+00:00,36.34600,36.58100,34.56900,35.30300,10120
2009-01-20 00:00:00+00:00,35.31200,37.82100,33.73600,35.57200,52752
2009-01-21 00:00:00+00:00,35.59000,38.59700,34.86200,38.07800,50580
2009-01-22 00:00:00+00:00,38.06900,39.27800,35.23400,37.95100,56962
2009-01-23 00:00:00+00:00,37.92500,41.19000,36.25500,40.32600,56661
2009-01-25 00:00:00+00:00,40.77400,41.12900,40.56700,40.64000,290
2009-01-26 00:00:00+00:00,40.60500,43.16600,40.13900,40.67100,55508
2009-01-27 00:00:00+00:00,40.69800,42.32900,36.98500,37.68800,56491
2009-01-28 00:00:00+00:00,37.70700,39.12300,36.40400,37.73100,54763
2009-01-29 00:00:00+00:00,37.78500,38.14000,36.18700,37.50100,43070
2009-01-30 00:00:00+00:00,37.52900,39.30600,37.09000,37.83700,40872
2009-02-01 00:00:00+00:00,38.63200,38.65900,38.42500,38.46300,91
2009-02-02 00:00:00+00:00,38.47200,38.57700,36.55100,36.93300,40925
2009-02-03 00:00:00+00:00,36.95200,37.99300,36.54900,37.84600,35353
2009-02-04 00:00:00+00:00,37.81900,38.83100,36.84900,37.36500,32765
2009-02-05 00:00:00+00:00,37.30900,38.42900,36.73000,38.10900,34488
2009-02-06 00:00:00+00:00,38.14600,39.94300,36.09300,37.49800,53760
2009-02-08 00:00:00+00:00,37.70500,37.97700,37.65800,37.95800,198
2009-02-09 00:00:00+00:00,37.97700,40.24200,37.42900,37.90800,35927
2009-02-10 00:00:00+00:00,37.91800,39.82600,35.64000,36.27300,52773
2009-02-11 00:00:00+00:00,36.26400,36.81900,34.15900,34.61100,38659
2009-02-12 00:00:00+00:00,34.62100,34.82300,32.29900,33.22300,39545
2009-02-13 00:00:00+00:00,33.24200,36.98800,32.65800,36.78300,46157
2009-02-15 00:00:00+00:00,38.01000,38.01000,37.58100,37.59000,85
2009-02-16 00:00:00+00:00,37.58200,38.64300,37.10500,37.53400,3846
2009-02-17 00:00:00+00:00,37.57100,37.69200,34.54200,34.79600,27963
2009-02-18 00:00:00+00:00,34.80600,35.46500,33.90000,34.25700,30000
2009-02-19 00:00:00+00:00,34.23800,36.81100,33.91500,36.21900,46455
2009-02-20 00:00:00+00:00,36.16500,36.79800,34.39800,36.50700,46621
2009-02-22 00:00:00+00:00,36.67200,37.10700,36.58000,36.77800,189
2009-02-23 00:00:00+00:00,36.74100,38.37100,35.04600,35.42900,45178
2009-02-24 00:00:00+00:00,35.37300,37.25400,34.87800,37.06100,36905
2009-02-25 00:00:00+00:00,37.07100,39.88800,36.61900,39.59900,52214
2009-02-26 00:00:00+00:00,39.60800,42.31400,39.59000,41.66500,45405
2009-02-27 00:00:00+00:00,41.65600,42.07900,39.84400,41.35400,44854
2009-03-01 00:00:00+00:00,41.82200,41.96300,41.50100,41.62900,205
2009-03-02 00:00:00+00:00,41.63900,41.67000,37.66300,37.99200,39716
2009-03-03 00:00:00+00:00,37.93500,39.88200,37.32500,39.35300,42180
2009-03-04 00:00:00+00:00,39.37200,43.54300,38.95800,43.11100,51892
2009-03-05 00:00:00+00:00,43.09300,43.52300,40.90900,41.66900,39143
2009-03-06 00:00:00+00:00,41.66000,44.33900,41.58300,43.67500,41409
2009-03-08 00:00:00+00:00,44.09900,45.06400,44.08900,44.96800,469
2009-03-09 00:00:00+00:00,44.97800,47.15600,43.42100,45.73500,55851
2009-03-10 00:00:00+00:00,45.74500,46.80800,43.93600,44.46100,39224
2009-03-11 00:00:00+00:00,44.50000,44.66000,40.91100,41.51400,46668
2009-03-12 00:00:00+00:00,41.50500,46.05100,41.41200,45.48800,44421
2009-03-13 00:00:00+00:00,45.50800,47.05600,44.61700,44.75200,38196
2009-03-15 00:00:00+00:00,44.51100,44.54100,43.18300,43.77400,994
2009-03-16 00:00:00+00:00,43.74500,47.01900,43.01200,46.74600,38962
2009-03-17 00:00:00+00:00,46.75500,49.34200,46.02500,48.93800,34794
2009-03-18 00:00:00+00:00,48.90900,49.75700,46.90900,49.48400,36592
2009-03-19 00:00:00+00:00,49.51300,52.11400,48.73300,50.64000,48300
2009-03-20 00:00:00+00:00,50.59100,51.88500,50.19000,51.18400,33546
2009-03-22 00:00:00+00:00,51.36300,52.12200,51.30400,51.86800,317
2009-03-23 00:00:00+00:00,51.89700,53.27500,50.87700,52.84000,39385
2009-03-24 00:00:00+00:00,52.86000,53.31400,51.72100,52.83600,36094
2009-03-25 00:00:00+00:00,52.82700,53.45500,51.16400,52.12200,47795
2009-03-26 00:00:00+00:00,52.10300,53.95300,52.10300,53.35300,36357
2009-03-27 00:00:00+00:00,53.33300,53.59900,50.99900,51.75600,30456
2009-03-29 00:00:00+00:00,51.66000,51.66000,50.54400,50.74200,410
2009-03-30 00:00:00+00:00,50.76200,51.01000,47.58600,48.18600,32478
2009-03-31 00:00:00+00:00,48.19600,49.41600,47.27000,48.29900,35016
2009-04-01 00:00:00+00:00,48.27900,48.32200,46.79100,48.16400,36751
2009-04-02 00:00:00+00:00,48.14400,52.37200,48.14400,51.66500,47927
2009-04-03 00:00:00+00:00,51.64500,53.40900,50.56200,52.00500,32617
2009-04-05 00:00:00+00:00,51.98800,52.87200,51.78900,52.59500,430
2009-04-06 00:00:00+00:00,52.54600,53.18600,49.43800,50.80500,35992
2009-04-07 00:00:00+00:00,50.82400,51.44800,47.80900,48.08900,29847
2009-04-08 00:00:00+00:00,48.06900,50.96600,47.05600,49.57300,45027
2009-04-09 00:00:00+00:00,49.62300,52.13700,49.40700,51.88100,31133
2009-04-12 00:00:00+00:00,51.77000,51.92000,51.29400,51.31400,289
2009-04-13 00:00:00+00:00,51.35400,51.71400,48.64100,49.60600,35752
2009-04-14 00:00:00+00:00,49.62600,50.93400,48.67800,48.92300,34130
2009-04-15 00:00:00+00:00,48.93300,50.62800,48.75800,49.51600,33348
2009-04-16 00:00:00+00:00,49.53600,50.34700,48.98200,49.95200,21968
2009-04-17 00:00:00+00:00,49.88500,51.08100,49.56300,50.23700,21077
2009-04-19 00:00:00+00:00,50.31400,50.45800,50.30400,50.35800,119
2009-04-20 00:00:00+00:00,50.34800,50.35900,46.45100,46.87200,33571
2009-04-21 00:00:00+00:00,46.90100,47.56100,45.07100,47.02600,37355
2009-04-22 00:00:00+00:00,47.04500,47.42900,46.07200,46.99600,33923
2009-04-23 00:00:00+00:00,47.02500,48.27200,46.75800,48.05100,30584
2009-04-24 00:00:00+00:00,48.04100,50.11200,47.48200,49.87500,31946
2009-04-27 00:00:00+00:00,48.92700,49.72600,46.65700,48.61700,41061
2009-04-28 00:00:00+00:00,48.63700,48.80500,47.23000,48.04400,27039
2009-04-29 00:00:00+00:00,47.96700,50.09600,47.82500,49.29200,31111
2009-04-30 00:00:00+00:00,49.30200,50.64700,48.97500,49.72300,29319
2009-05-01 00:00:00+00:00,49.66500,52.39900,49.24000,51.39900,32764
2009-05-03 00:00:00+00:00,51.53700,52.20600,51.53700,51.87500,368
2009-05-04 00:00:00+00:00,51.86600,53.57600,51.51600,53.39100,27266
2009-05-05 00:00:00+00:00,53.38100,53.80900,52.50900,53.07300,30128
2009-05-06 00:00:00+00:00,53.08300,55.50300,52.61000,55.39900,37896
2009-05-07 00:00:00+00:00,55.39000,57.62200,54.57500,55.95000,47388
2009-05-08 00:00:00+00:00,55.93000,57.89200,55.91000,57.78400,34773
2009-05-10 00:00:00+00:00,57.78000,57.89300,57.40800,57.62800,399
2009-05-11 00:00:00+00:00,57.61800,57.96800,56.13100,57.59900,30420
2009-05-12 00:00:00+00:00,57.61900,59.46800,57.20300,58.88800,34820
2009-05-13 00:00:00+00:00,58.89800,59.35800,56.91100,57.33400,39504
2009-05-14 00:00:00+00:00,57.31400,58.55900,56.10600,58.30800,30610
2009-05-15 00:00:00+00:00,58.26800,58.48300,55.72000,56.12500,27466
2009-05-17 00:00:00+00:00,56.47000,56.76700,56.22300,56.57000,292
2009-05-18 00:00:00+00:00,56.60000,59.15300,56.02000,59.02000,29381
2009-05-19 00:00:00+00:00,59.03000,60.22100,58.19400,59.35800,37506
2009-05-20 00:00:00+00:00,59.33800,61.50900,59.12100,60.75300,39349
2009-05-21 00:00:00+00:00,60.76300,61.13500,59.21500,60.51800,34266
2009-05-22 00:00:00+00:00,60.50800,61.27100,59.80900,60.85300,25897
2009-05-24 00:00:00+00:00,60.85000,61.50400,60.84000,61.34700,182
2009-05-25 00:00:00+00:00,61.30700,61.31700,60.24700,60.54700,2353
2009-05-26 00:00:00+00:00,60.58700,62.33000,58.93200,62.08500,36326
2009-05-27 00:00:00+00:00,62.07500,63.21000,61.58200,62.32500,36516
2009-05-28 00:00:00+00:00,62.33500,64.84000,62.16200,64.20100,39252
2009-05-29 00:00:00+00:00,64.18100,66.05600,64.09500,66.05600,33909
2009-05-31 00:00:00+00:00,65.94600,66.09500,65.71000,65.71000,325
2009-06-01 00:00:00+00:00,65.75000,68.15000,65.70000,67.51100,30288
2009-06-02 00:00:00+00:00,67.49100,68.54200,66.99900,67.67500,34090
2009-06-03 00:00:00+00:00,67.65500,68.45600,64.49600,65.59400,38875
2009-06-04 00:00:00+00:00,65.62400,69.13800,65.46500,68.41000,35931
2009-06-05 00:00:00+00:00,68.38000,69.87400,67.11300,67.95500,42639
2009-06-08 00:00:00+00:00,67.61400,68.59300,66.42500,68.46000,30694
2009-06-09 00:00:00+00:00,68.43100,70.40500,68.08700,70.30700,31162
2009-06-10 00:00:00+00:00,70.31700,71.46700,70.17100,71.15900,37519
2009-06-11 00:00:00+00:00,71.14900,72.93100,71.01800,71.98200,34045
2009-06-12 00:00:00+00:00,72.02200,72.34100,70.53200,71.98500,28184
2009-06-14 00:00:00+00:00,71.98900,72.13900,71.71000,71.81200,357
2009-06-15 00:00:00+00:00,71.86200,71.86200,69.39600,70.03300,32014
2009-06-16 00:00:00+00:00,70.02300,72.60100,69.64300,69.78900,33853
2009-06-17 00:00:00+00:00,69.79900,71.39200,68.86600,71.37200,35096
2009-06-18 00:00:00+00:00,71.40200,71.64200,70.10900,71.54000,24552
2009-06-19 00:00:00+00:00,71.56000,72.30200,68.88300,69.38100,33147
2009-06-22 00:00:00+00:00,69.26900,69.65900,66.21900,66.93800,33664
2009-06-23 00:00:00+00:00,66.94800,69.22500,65.92700,68.24500,39836
2009-06-24 00:00:00+00:00,68.25500,69.41800,67.62000,67.97300,37007
2009-06-25 00:00:00+00:00,67.98300,70.49900,67.92300,69.94700,34734
2009-06-26 00:00:00+00:00,69.95700,70.86800,68.40700,69.03700,27210
2009-06-28 00:00:00+00:00,68.88000,68.98000,68.49400,68.62300,240
2009-06-29 00:00:00+00:00,68.60300,71.55000,67.99800,71.31500,30603
2009-06-30 00:00:00+00:00,71.32500,73.00800,68.56100,70.28700,44482
2009-07-01 00:00:00+00:00,70.26700,71.51100,68.19900,69.32800,43247
2009-07-02 00:00:00+00:00,69.33800,69.35800,65.96700,66.12800,31367
2009-07-03 00:00:00+00:00,66.08900,66.88000,65.12400,65.35300,5307
2009-07-05 00:00:00+00:00,65.29700,65.40600,64.81900,65.05900,527
2009-07-06 00:00:00+00:00,65.08900,65.19100,63.17300,64.19700,31874
2009-07-07 00:00:00+00:00,64.17700,64.69200,61.84900,62.03900,37734
2009-07-08 00:00:00+00:00,61.99900,62.48400,59.82700,60.19900,39341
2009-07-09 00:00:00+00:00,60.18900,61.44300,59.08100,60.59200,39628
2009-07-10 00:00:00+00:00,60.60200,60.68200,58.56500,59.50700,30964
2009-07-12 00:00:00+00:00,59.73500,60.07500,59.48600,59.83600,440
2009-07-13 00:00:00+00:00,59.84600,60.55200,58.20700,60.03000,37595
2009-07-14 00:00:00+00:00,60.01000,61.35500,59.05200,59.65400,36948
2009-07-15 00:00:00+00:00,59.64400,61.92400,59.63400,61.73500,34375
2009-07-16 00:00:00+00:00,61.71500,62.27800,60.21500,61.99900,28061
2009-07-17 00:00:00+00:00,61.98900,63.92800,60.97800,63.36100,24148
2009-07-19 00:00:00+00:00,63.42000,63.61800,63.25300,63.44200,166
2009-07-20 00:00:00+00:00,63.43200,64.94300,63.35400,64.53600,27280
2009-07-21 00:00:00+00:00,64.51700,65.74600,63.61800,64.06300,34389
2009-07-22 00:00:00+00:00,64.05300,64.88100,62.89600,64.18200,40969
2009-07-23 00:00:00+00:00,64.17200,66.61200,63.55700,65.69200,42610
2009-07-24 00:00:00+00:00,65.72200,67.34800,65.60600,67.26000,30538
2009-07-26 00:00:00+00:00,67.26400,67.36300,66.91100,67.01000,309
2009-07-27 00:00:00+00:00,67.00000,68.20500,66.84100,67.27800,32181
2009-07-28 00:00:00+00:00,67.28800,68.11000,65.76500,65.99400,33219
2009-07-29 00:00:00+00:00,66.01400,66.30200,62.05900,62.28300,42912
2009-07-30 00:00:00+00:00,62.30300,66.63300,62.26300,65.84700,44941
2009-07-31 00:00:00+00:00,65.88700,69.09100,64.34800,68.85700,57068
2009-08-02 00:00:00+00:00,68.72300,69.15200,68.51600,68.98400,674
2009-08-03 00:00:00+00:00,68.99400,71.62600,68.85600,70.57400,40384
2009-08-04 00:00:00+00:00,70.58400,71.41600,69.62800,71.25200,39581
2009-08-05 00:00:00+00:00,71.24200,71.59500,69.21600,71.08600,42455
2009-08-06 00:00:00+00:00,71.10600,71.93100,69.71500,71.42700,43640
2009-08-07 00:00:00+00:00,71.43700,72.38900,69.95300,70.14500,47365
2009-08-10 00:00:00+00:00,70.74600,71.22900,69.75400,70.40500,34945
2009-08-11 00:00:00+00:00,70.39600,70.94000,68.41500,69.18300,39057
2009-08-12 00:00:00+00:00,69.21300,70.85600,68.56600,70.32200,35635
2009-08-13 00:00:00+00:00,70.34200,71.96300,69.81300,71.00200,37362
2009-08-14 00:00:00+00:00,70.98200,71.37300,66.93000,67.28200,39554
2009-08-16 00:00:00+00:00,67.51500,67.53500,67.17600,67.27800,386
2009-08-17 00:00:00+00:00,67.26800,67.26800,65.13100,66.80400,31583
2009-08-18 00:00:00+00:00,66.76600,70.04300,65.99000,69.93000,30175
2009-08-19 00:00:00+00:00,69.91100,72.24900,67.83100,71.96200,47726
2009-08-20 00:00:00+00:00,71.95200,72.04900,70.57200,71.18400,33516
2009-08-21 00:00:00+00:00,71.19400,72.75700,70.11300,71.90800,35709
2009-08-24 00:00:00+00:00,72.44400,73.02400,71.80400,72.17100,26868
2009-08-25 00:00:00+00:00,72.18100,73.23200,69.48000,69.99300,46147
2009-08-26 00:00:00+00:00,70.01200,71.00800,69.09700,69.91300,36873
2009-08-27 00:00:00+00:00,69.92300,71.40300,68.33300,71.26300,37667
2009-08-28 00:00:00+00:00,71.24400,72.00200,70.30500,71.37400,34947
2009-08-30 00:00:00+00:00,71.38600,71.98500,71.38600,71.69500,311
2009-08-31 00:00:00+00:00,71.71400,71.82300,67.87600,68.58200,39729
2009-09-01 00:00:00+00:00,68.56200,70.12800,66.82700,66.87900,50349
2009-09-02 00:00:00+00:00,66.88900,67.65100,65.93900,67.22900,44185
2009-09-03 00:00:00+00:00,67.21900,68.29900,66.59500,67.14600,34271
2009-09-04 00:00:00+00:00,67.15600,67.74700,66.11300,66.78900,31611
2009-09-06 00:00:00+00:00,66.98300,66.99200,66.66100,66.68100,175
2009-09-07 00:00:00+00:00,66.70100,68.04000,66.66200,67.27000,5274
2009-09-08 00:00:00+00:00,67.28900,70.95500,67.24400,70.41000,39974
2009-09-09 00:00:00+00:00,70.39000,71.73400,69.88200,70.90300,36900
2009-09-10 00:00:00+00:00,70.89300,71.71200,70.15100,71.22900,38903
2009-09-11 00:00:00+00:00,71.23900,72.22300,68.19100,68.49600,46109
2009-09-13 00:00:00+00:00,68.64100,68.84000,68.02000,68.13900,550
2009-09-14 00:00:00+00:00,68.12900,69.03500,67.53700,68.61300,31221
2009-09-15 00:00:00+00:00,68.60300,70.77300,68.05400,69.90200,36416
2009-09-16 00:00:00+00:00,69.93200,72.19500,69.74400,72.01000,34732
2009-09-17 00:00:00+00:00,72.00000,72.84100,71.34600,72.00900,28405
2009-09-18 00:00:00+00:00,72.01900,72.40100,71.00400,71.61300,21334
2009-09-20 00:00:00+00:00,71.85000,72.08000,71.64100,72.01000,219
2009-09-21 00:00:00+00:00,72.03000,72.28900,68.93400,69.62400,31528
2009-09-22 00:00:00+00:00,69.65400,71.69300,69.62400,71.28800,26235
2009-09-23 00:00:00+00:00,71.27800,71.41100,67.73400,68.07400,39144
2009-09-24 00:00:00+00:00,68.09400,68.46600,65.31500,65.58600,44230
2009-09-25 00:00:00+00:00,65.59600,66.80800,64.77500,65.74500,40387
2009-09-27 00:00:00+00:00,65.89700,66.32600,65.89700,66.31600,381
2009-09-28 00:00:00+00:00,66.29600,67.29000,65.16500,67.03500,28676
2009-09-29 00:00:00+00:00,67.02500,67.06200,65.58600,66.39800,34172
2009-09-30 00:00:00+00:00,66.36800,70.48300,65.99600,69.97700,52420
2009-10-01 00:00:00+00:00,69.78000,71.16000,68.90900,69.97900,46014
2009-10-02 00:00:00+00:00,69.98900,70.09600,68.11100,69.47100,43786
2009-10-04 00:00:00+00:00,69.62400,69.64400,69.09600,69.33600,324
2009-10-05 00:00:00+00:00,69.36600,70.77100,67.87700,70.31500,41015
2009-10-06 00:00:00+00:00,70.29500,71.79900,69.88700,71.24500,34789
2009-10-07 00:00:00+00:00,71.27500,71.59600,68.72900,69.75000,42098
2009-10-08 00:00:00+00:00,69.76000,72.40300,69.02800,71.30900,44261
2009-10-09 00:00:00+00:00,71.28900,72.21700,70.48700,72.15700,37330
2009-10-11 00:00:00+00:00,72.13200,72.45200,72.04200,72.38300,375
2009-10-12 00:00:00+00:00,72.41300,73.73800,71.94400,73.00400,23856
2009-10-13 00:00:00+00:00,72.99400,74.87300,72.73500,74.61400,33696
2009-10-14 00:00:00+00:00,74.59400,75.82600,74.35200,75.78600,29205
2009-10-15 00:00:00+00:00,75.76600,77.93600,74.72300,77.87700,38173
2009-10-16 00:00:00+00:00,77.90600,78.69600,76.76500,78.61800,27769
2009-10-18 00:00:00+00:00,78.67000,79.03900,78.40200,78.90000,382
2009-10-19 00:00:00+00:00,78.89000,79.60600,78.01100,79.45000,27814
2009-10-20 00:00:00+00:00,79.44100,79.96000,77.89800,78.35000,34771
2009-10-21 00:00:00+00:00,78.37000,81.56400,77.23300,80.72200,48392
2009-10-22 00:00:00+00:00,80.71200,81.09300,79.45800,80.99400,39217
2009-10-23 00:00:00+00:00,80.96400,81.37400,79.16500,79.25500,39879
2009-10-25 00:00:00+00:00,79.29300,79.61200,79.24300,79.34400,362
2009-10-26 00:00:00+00:00,79.36400,81.22400,77.63100,78.24200,45722
2009-10-27 00:00:00+00:00,78.25200,79.55800,77.48300,79.37100,48662
2009-10-28 00:00:00+00:00,79.34100,79.45200,76.72500,76.85500,46531
2009-10-29 00:00:00+00:00,76.84500,80.15100,76.74600,79.81700,40003
2009-10-30 00:00:00+00:00,79.84700,79.89000,76.57000,76.71100,46310
2009-11-01 00:00:00+00:00,76.76800,76.79800,76.31000,76.47900,408
2009-11-02 00:00:00+00:00,76.46000,78.41300,76.39000,77.80900,47187
2009-11-03 00:00:00+00:00,77.81900,79.53400,76.32100,79.21800,47359
2009-11-04 00:00:00+00:00,79.23800,80.83200,78.88900,80.00900,44096
2009-11-05 00:00:00+00:00,80.00000,80.30700,79.13200,79.59400,31717
2009-11-06 00:00:00+00:00,79.58400,80.13800,76.52200,77.46200,47906
2009-11-08 00:00:00+00:00,77.70900,77.93900,77.61000,77.75000,390
2009-11-09 00:00:00+00:00,77.74000,80.03500,77.72000,79.28000,33003
2009-11-10 00:00:00+00:00,79.26000,80.36700,77.75300,78.84500,40178
2009-11-11 00:00:00+00:00,78.88500,79.97200,78.44600,79.14800,32564
2009-11-12 00:00:00+00:00,79.12800,79.56800,76.41300,76.89500,41996
2009-11-13 00:00:00+00:00,76.90500,77.57000,75.47500,76.44700,35031
2009-11-15 00:00:00+00:00,76.51400,76.99400,76.28400,76.93400,546
2009-11-16 00:00:00+00:00,76.94400,79.37300,76.57300,78.86600,35176
2009-11-17 00:00:00+00:00,78.85600,79.68700,78.09400,79.40000,28721
2009-11-18 00:00:00+00:00,79.39000,80.29800,78.64000,79.78000,29712
2009-11-19 00:00:00+00:00,79.80000,79.99300,77.22100,77.92200,34693
2009-11-20 00:00:00+00:00,77.94200,78.22300,76.38600,77.31600,30067
2009-11-22 00:00:00+00:00,77.44900,77.78700,77.35900,77.52900,388
2009-11-23 00:00:00+00:00,77.51900,79.56700,76.81200,77.09300,35776
2009-11-24 00:00:00+00:00,77.08300,77.46400,75.27800,75.64000,40438
2009-11-25 00:00:00+00:00,75.63000,77.77200,75.19000,77.43500,35912
2009-11-26 00:00:00+00:00,77.42500,77.43500,75.74900,75.76300,7980
2009-11-27 00:00:00+00:00,75.78300,76.17100,72.11100,75.68200,41392
2009-11-29 00:00:00+00:00,75.78700,76.45500,75.78700,76.17600,725
2009-11-30 00:00:00+00:00,76.18600,77.74000,74.87700,77.14400,45689
2009-12-01 00:00:00+00:00,77.14400,78.78800,76.75900,77.74400,33919
2009-12-02 00:00:00+00:00,77.73400,78.34500,75.98800,76.51900,37966
2009-12-03 00:00:00+00:00,76.50900,77.27100,75.32000,75.76300,39019
2009-12-04 00:00:00+00:00,75.77300,77.68500,74.64500,75.49500,51948
2009-12-06 00:00:00+00:00,75.61700,75.91700,75.44800,75.59800,367
2009-12-07 00:00:00+00:00,75.60800,75.76800,73.53200,74.06300,37241
2009-12-08 00:00:00+00:00,74.03300,74.22300,72.27700,72.97600,40556
2009-12-09 00:00:00+00:00,72.98600,73.72000,69.99100,70.89200,54826
2009-12-10 00:00:00+00:00,70.87200,71.25700,69.68200,70.39300,38776
2009-12-11 00:00:00+00:00,70.40300,71.07800,69.34200,69.44500,32298
2009-12-14 00:00:00+00:00,69.23900,70.13200,68.80300,69.67700,24673
2009-12-15 00:00:00+00:00,69.66700,71.07300,69.23100,70.71600,24675
2009-12-16 00:00:00+00:00,70.73600,73.48200,70.51800,73.02700,29632
2009-12-17 00:00:00+00:00,73.03700,73.28300,71.30100,72.16500,19998
2009-12-18 00:00:00+00:00,72.22400,74.02300,71.97200,72.83500,33553
2009-12-20 00:00:00+00:00,72.90300,73.07000,72.54000,72.99300,252
2009-12-21 00:00:00+00:00,73.00300,73.76600,71.74900,72.25600,23509
2009-12-22 00:00:00+00:00,72.24600,73.50000,71.34500,73.12700,25773
2009-12-23 00:00:00+00:00,73.11800,75.60100,72.86900,75.20800,24280
2009-12-24 00:00:00+00:00,75.19800,76.87600,74.84200,76.38600,14235
2009-12-27 00:00:00+00:00,76.71100,76.84000,76.55500,76.65400,250
2009-12-28 00:00:00+00:00,76.66400,77.92600,76.66400,77.29600,13138
2009-12-29 00:00:00+00:00,77.28600,78.24200,76.89700,77.72100,17561
2009-12-30 00:00:00+00:00,77.73000,78.70800,77.37900,78.31400,18978
2009-12-31 00:00:00+00:00,78.32400,78.95700,78.11300,78.58800,15557
2010-01-03 00:00:00+00:00,78.75400,79.12200,78.75400,79.06200,425
2010-01-04 00:00:00+00:00,79.07200,80.94000,78.89900,80.79600,26438
2010-01-05 00:00:00+00:00,80.78700,81.19700,80.15400,80.83900,26749
2010-01-06 00:00:00+00:00,80.84900,82.75400,80.10100,82.38800,40226
2010-01-07 00:00:00+00:00,82.37800,82.60800,81.54500,81.90700,23352
2010-01-08 00:00:00+00:00,81.89700,82.81000,81.14500,82.29300,32089
2010-01-10 00:00:00+00:00,82.34300,82.92100,82.34300,82.83200,469
2010-01-11 00:00:00+00:00,82.82200,83.43700,81.48000,81.65300,28043
2010-01-12 00:00:00+00:00,81.64300,81.88600,79.49300,79.63700,33376
2010-01-13 00:00:00+00:00,79.64700,80.29500,77.99900,79.28100,38766
2010-01-14 00:00:00+00:00,79.29100,80.01800,78.59900,78.80500,22765
2010-01-15 00:00:00+00:00,78.79500,78.94600,77.44000,77.69400,19858
2010-01-17 00:00:00+00:00,77.95000,77.99000,77.74100,77.97000,139
2010-01-18 00:00:00+00:00,77.99000,78.77200,77.14300,78.46600,4521
2010-01-19 00:00:00+00:00,78.47600,79.22000,76.81500,78.91200,30501
2010-01-20 00:00:00+00:00,78.90200,79.11100,76.89400,77.54300,32096
2010-01-21 00:00:00+00:00,77.53300,78.12600,75.39700,75.51600,35041
2010-01-22 00:00:00+00:00,75.50600,76.27700,73.79800,73.87800,37656
2010-01-24 00:00:00+00:00,74.04100,74.48000,73.91200,74.34100,561
2010-01-25 00:00:00+00:00,74.33100,75.22400,73.86600,74.94600,29428
2010-01-26 00:00:00+00:00,74.93600,75.07600,73.63300,74.48400,26696
2010-01-27 00:00:00+00:00,74.49400,74.90700,72.47400,73.64300,42015
2010-01-28 00:00:00+00:00,73.65300,74.31400,72.76000,73.68000,34975
2010-01-29 00:00:00+00:00,73.69000,74.65200,72.26800,72.47900,38355
2010-01-31 00:00:00+00:00,72.69200,72.71200,72.39300,72.63200,323
2010-02-01 00:00:00+00:00,72.64200,75.11400,72.34400,74.80500,27978
2010-02-02 00:00:00+00:00,74.79500,77.26700,74.25800,76.72800,35456
2010-02-03 00:00:00+00:00,76.73800,77.89900,76.38500,76.95500,42366
2010-02-04 00:00:00+00:00,76.92500,76.98700,72.29900,73.11900,54047
2010-02-05 00:00:00+00:00,73.12900,73.82100,69.38900,71.77700,75591
2010-02-07 00:00:00+00:00,72.01000,72.04000,71.47100,71.54100,434
2010-02-08 00:00:00+00:00,71.57100,72.29300,70.68600,71.40800,38644
2010-02-09 00:00:00+00:00,71.39800,74.05900,71.22800,73.27200,45773
2010-02-10 00:00:00+00:00,73.28200,74.88600,72.51800,74.44800,44135
2010-02-11 00:00:00+00:00,74.46800,75.61200,73.30400,75.16400,43035
2010-02-12 00:00:00+00:00,75.17400,75.25400,72.59100,74.13100,41575
2010-02-14 00:00:00+00:00,73.96500,74.30500,73.83600,74.21600,216
2010-02-15 00:00:00+00:00,74.20600,74.29900,73.66100,74.06200,3829
2010-02-16 00:00:00+00:00,74.05200,77.37700,74.00300,77.02800,30361
2010-02-17 00:00:00+00:00,77.04800,77.78000,76.49300,77.05500,29038
2010-02-18 00:00:00+00:00,77.04500,79.26000,76.29800,78.10200,33540
2010-02-19 00:00:00+00:00,78.09200,79.89500,77.66000,79.87500,31066
2010-02-22 00:00:00+00:00,80.13700,80.24800,79.24800,79.50100,24183
2010-02-23 00:00:00+00:00,79.51100,79.99400,77.83900,78.67000,37736
2010-02-24 00:00:00+00:00,78.83200,80.07600,77.88000,79.89800,32150
2010-02-25 00:00:00+00:00,79.88800,79.90900,76.70300,77.70300,40853
2010-02-26 00:00:00+00:00,77.71200,79.70500,77.51800,79.26900,34430
2010-03-01 00:00:00+00:00,79.88900,80.31000,77.76500,78.42600,35221
2010-03-02 00:00:00+00:00,78.41600,80.65800,77.97300,79.40600,34086
2010-03-03 00:00:00+00:00,79.39600,80.95100,79.15900,80.61700,35156
2010-03-04 00:00:00+00:00,80.60700,80.82300,79.45000,80.36200,30181
2010-03-05 00:00:00+00:00,80.37200,81.81600,80.21300,81.54200,28463
2010-03-07 00:00:00+00:00,81.57100,81.70100,81.48200,81.61200,241
2010-03-08 00:00:00+00:00,81.59200,82.19600,80.54500,81.39700,26127
2010-03-09 00:00:00+00:00,81.38700,81.71700,79.96800,81.10200,27726
2010-03-10 00:00:00+00:00,81.09200,82.84800,80.63400,81.64600,42423
2010-03-11 00:00:00+00:00,81.63600,82.21800,81.16500,82.13000,23151
2010-03-12 00:00:00+00:00,82.12000,83.00700,80.42400,80.93500,33410
2010-03-14 00:00:00+00:00,81.01400,81.12500,80.64600,80.82600,364
2010-03-15 00:00:00+00:00,80.83600,81.20000,79.02800,79.70200,25598
2010-03-16 00:00:00+00:00,79.71200,82.20300,79.22700,82.06300,26655
2010-03-17 00:00:00+00:00,82.05300,83.01400,81.63500,82.68800,25730
2010-03-18 00:00:00+00:00,82.67800,82.69800,81.61900,82.09100,20095
2010-03-19 00:00:00+00:00,82.10100,82.20500,79.88400,80.69300,31895
2010-03-22 00:00:00+00:00,80.14300,81.64400,78.63000,81.51500,35432
2010-03-23 00:00:00+00:00,81.50500,81.96900,80.62200,81.23400,31206
2010-03-24 00:00:00+00:00,81.24400,81.25400,79.66400,80.13500,35072
2010-03-25 00:00:00+00:00,80.12500,81.26800,79.84300,80.09300,29322
2010-03-26 00:00:00+00:00,80.08400,81.25400,79.34100,79.95100,38137
2010-03-28 00:00:00+00:00,80.05700,80.20700,79.99700,80.15700,298
2010-03-29 00:00:00+00:00,80.16700,82.59700,80.07800,82.07100,31584
2010-03-30 00:00:00+00:00,82.06100,82.56200,81.59700,82.27900,25314
2010-03-31 00:00:00+00:00,82.28900,83.68200,82.05100,83.37500,37300
2010-04-01 00:00:00+00:00,83.36500,85.20900,83.04600,85.08900,27487
2010-04-04 00:00:00+00:00,85.17500,85.54400,85.16500,85.41500,503
2010-04-05 00:00:00+00:00,85.43500,86.76800,84.92800,86.50200,23584
2010-04-06 00:00:00+00:00,86.49200,86.96600,86.00600,86.44100,26486
2010-04-07 00:00:00+00:00,86.45100,86.88100,85.38000,85.51000,33719
2010-04-08 00:00:00+00:00,85.52000,85.77600,84.27700,85.56900,32774
2010-04-09 00:00:00+00:00,85.55900,86.27100,84.02700,84.86700,30212
2010-04-11 00:00:00+00:00,85.09400,85.63400,85.09400,85.50400,616
2010-04-12 00:00:00+00:00,85.49400,85.54700,84.01000,84.15400,29904
2010-04-13 00:00:00+00:00,84.16400,84.36000,82.45000,83.78300,37544
2010-04-14 00:00:00+00:00,83.79300,86.33700,83.77300,86.12000,31729
2010-04-15 00:00:00+00:00,86.10000,86.22200,85.22600,85.33300,21106
2010-04-16 00:00:00+00:00,85.35200,85.35300,82.71400,83.22500,31547
2010-04-18 00:00:00+00:00,83.34500,83.34500,82.66600,82.85500,759
2010-04-19 00:00:00+00:00,82.84500,82.92400,80.97500,82.56400,33567
2010-04-20 00:00:00+00:00,82.57400,83.45400,82.21200,82.96400,29572
2010-04-21 00:00:00+00:00,82.98400,83.59600,81.90800,82.43500,38144
2010-04-22 00:00:00+00:00,82.42600,83.07100,80.76500,82.62800,45877
2010-04-23 00:00:00+00:00,82.63800,84.22600,81.97600,84.13200,31573
2010-04-25 00:00:00+00:00,84.33200,84.53200,84.23400,84.30600,440
2010-04-26 00:00:00+00:00,84.29600,84.75200,82.80400,83.15300,28282
2010-04-27 00:00:00+00:00,83.16300,83.51100,80.87700,81.11800,45796
2010-04-28 00:00:00+00:00,81.10800,82.67300,80.52600,82.55900,40941
2010-04-29 00:00:00+00:00,82.51900,84.88300,82.26300,84.70500,31725
2010-04-30 00:00:00+00:00,84.71500,85.77300,84.43800,85.50000,34596
2010-05-02 00:00:00+00:00,85.55300,86.14100,85.55300,86.07200,708
2010-05-03 00:00:00+00:00,86.06200,86.52400,85.20000,85.42300,26287
2010-05-04 00:00:00+00:00,85.40300,85.64200,81.33600,81.56500,46021
2010-05-05 00:00:00+00:00,81.55500,82.29300,78.64200,79.64100,62706
2010-05-06 00:00:00+00:00,79.63100,79.89200,74.15000,76.79200,84823
2010-05-07 00:00:00+00:00,76.78200,77.75100,74.09600,75.00000,87865
2010-05-09 00:00:00+00:00,75.76100,76.13900,75.45200,75.74300,1509
2010-05-10 00:00:00+00:00,75.73400,78.16400,75.61700,76.71100,51870
2010-05-11 00:00:00+00:00,76.72100,77.37900,75.06300,75.66700,50406
2010-05-12 00:00:00+00:00,75.67800,76.73300,74.49500,75.42000,50506
2010-05-13 00:00:00+00:00,75.40000,76.22100,73.39500,73.74700,54103
2010-05-14 00:00:00+00:00,73.76700,73.89300,70.65800,71.86900,50239
2010-05-16 00:00:00+00:00,71.67100,72.01000,71.39300,71.43400,590
2010-05-17 00:00:00+00:00,71.42400,72.14800,69.17700,70.60400,51423
2010-05-18 00:00:00+00:00,70.61400,71.98100,68.58800,68.65900,47004
2010-05-19 00:00:00+00:00,68.66800,70.01400,68.03800,69.79100,67332
2010-05-20 00:00:00+00:00,69.80000,70.17400,65.96500,66.91000,77296
2010-05-21 00:00:00+00:00,66.90000,68.33000,66.18200,67.60000,68354
2010-05-23 00:00:00+00:00,67.94100,67.97000,67.21200,67.57300,727
2010-05-24 00:00:00+00:00,67.55400,68.30300,66.98000,67.16900,41375
2010-05-25 00:00:00+00:00,67.17900,67.64400,64.73800,67.51600,58309
2010-05-26 00:00:00+00:00,67.50700,69.23400,66.77100,68.41500,51705
2010-05-27 00:00:00+00:00,68.40500,72.47700,68.32600,72.35300,47939
2010-05-28 00:00:00+00:00,72.34300,73.26700,70.79700,71.73400,48178
2010-05-30 00:00:00+00:00,71.81000,71.83200,71.69400,71.78900,208
2010-05-31 00:00:00+00:00,71.76900,73.07500,71.74000,72.93100,5302
2010-06-01 00:00:00+00:00,72.88300,73.29000,69.68300,70.30900,58862
2010-06-02 00:00:00+00:00,70.31900,72.02700,69.80800,71.78400,51748
2010-06-03 00:00:00+00:00,71.79400,73.10500,70.55100,72.65800,56109
2010-06-04 00:00:00+00:00,72.66800,73.64000,69.10500,69.28200,60058
2010-06-06 00:00:00+00:00,69.05300,69.15100,68.73300,68.91300,767
2010-06-07 00:00:00+00:00,68.90300,71.08700,68.10200,69.63900,48132
2010-06-08 00:00:00+00:00,69.64900,71.29900,69.46100,71.08500,49201
2010-06-09 00:00:00+00:00,71.10500,73.69000,70.77200,72.77000,44743
2010-06-10 00:00:00+00:00,72.76000,75.09900,72.55800,74.43000,40745
2010-06-11 00:00:00+00:00,74.44900,74.51800,72.21000,73.15400,43125
2010-06-13 00:00:00+00:00,73.20800,73.78900,73.18800,73.77900,505
2010-06-14 00:00:00+00:00,73.78900,75.17700,73.41600,74.07200,33349
2010-06-15 00:00:00+00:00,74.09200,76.50700,73.89300,76.50700,34461
2010-06-16 00:00:00+00:00,76.49700,77.51400,75.43800,76.67600,34305
2010-06-17 00:00:00+00:00,76.64600,77.25700,75.66200,76.42600,31744
2010-06-18 00:00:00+00:00,76.38700,77.28700,75.61700,77.20800,17845
2010-06-20 00:00:00+00:00,77.51400,77.99700,77.43500,77.84200,497
2010-06-21 00:00:00+00:00,77.85200,78.77000,76.59000,77.20100,32035
2010-06-22 00:00:00+00:00,77.19100,77.78800,76.23100,76.44100,35080
2010-06-23 00:00:00+00:00,76.41200,76.75800,74.14600,75.11800,42882
2010-06-24 00:00:00+00:00,75.10800,75.79400,74.33300,75.52100,33225
2010-06-25 00:00:00+00:00,75.53100,78.20100,74.93300,78.20100,37976
2010-06-27 00:00:00+00:00,78.09300,78.09300,77.67800,77.98800,587
2010-06-28 00:00:00+00:00,77.97800,78.47500,76.85400,77.31500,25871
2010-06-29 00:00:00+00:00,77.33500,77.46500,74.41500,74.54300,35704
2010-06-30 00:00:00+00:00,74.59300,76.04400,73.63900,74.62000,43084
2010-07-01 00:00:00+00:00,74.57100,74.65100,71.35600,72.18200,48004
2010-07-02 00:00:00+00:00,72.19200,72.69000,70.96900,71.61800,35134
2010-07-04 00:00:00+00:00,71.48400,71.99100,71.48400,71.87400,284
2010-07-05 00:00:00+00:00,71.91400,72.13200,70.79600,70.93700,4713
2010-07-06 00:00:00+00:00,70.92700,73.33200,70.56200,71.83700,36285
2010-07-07 00:00:00+00:00,71.81700,74.43200,70.95400,74.25800,30903
2010-07-08 00:00:00+00:00,74.23800,75.54100,73.92400,75.32900,32769
2010-07-09 00:00:00+00:00,75.33900,76.04900,74.57300,76.02900,24586
2010-07-11 00:00:00+00:00,75.95700,76.00700,75.78800,75.87000,280
2010-07-12 00:00:00+00:00,75.90000,76.09000,74.21100,74.76300,28491
2010-07-13 00:00:00+00:00,74.75300,77.08900,73.96800,77.00300,31499
2010-07-14 00:00:00+00:00,76.98300,77.90600,76.13700,76.39400,34223
2010-07-15 00:00:00+00:00,76.41400,77.44800,75.13000,76.76100,34374
2010-07-16 00:00:00+00:00,76.78100,76.80300,75.09300,75.64800,27237
2010-07-18 00:00:00+00:00,75.80000,75.93000,75.58100,75.69100,294
2010-07-19 00:00:00+00:00,75.66100,77.82800,75.65100,76.48700,32435
2010-07-20 00:00:00+00:00,76.49600,77.64000,75.74300,77.41200,32713
2010-07-21 00:00:00+00:00,77.38200,78.31300,75.95300,76.31400,38406
2010-07-22 00:00:00+00:00,76.29400,79.17100,75.91700,79.00300,37751
2010-07-23 00:00:00+00:00,78.98400,79.35500,78.16100,78.65200,33735
2010-07-25 00:00:00+00:00,78.75900,78.76900,78.42000,78.60000,370
2010-07-26 00:00:00+00:00,78.63000,79.11400,77.84700,78.73800,26990
2010-07-27 00:00:00+00:00,78.69900,79.48100,76.59000,76.91200,41694
2010-07-28 00:00:00+00:00,76.92200,77.54300,75.71000,76.79000,35096
2010-07-29 00:00:00+00:00,76.81000,78.70100,76.26600,78.04600,40045
2010-07-30 00:00:00+00:00,78.03600,78.87000,76.65300,78.81100,36080
2010-08-01 00:00:00+00:00,78.78900,78.98800,78.66900,78.83900,250
2010-08-02 00:00:00+00:00,78.84900,81.61000,78.80900,81.26300,29173
2010-08-03 00:00:00+00:00,81.25300,82.48800,80.95700,82.11000,32718
2010-08-04 00:00:00+00:00,82.12000,82.82500,81.47500,82.23900,34024
2010-08-05 00:00:00+00:00,82.24900,82.32900,81.42500,81.94800,21485
2010-08-06 00:00:00+00:00,81.93800,82.54000,79.91800,80.75800,41374
2010-08-08 00:00:00+00:00,80.80600,80.84600,80.64600,80.73600,202
2010-08-09 00:00:00+00:00,80.75600,81.65900,80.61200,81.46400,20757
2010-08-10 00:00:00+00:00,81.44400,81.52400,79.11200,80.12500,37292
2010-08-11 00:00:00+00:00,80.11500,80.25500,77.14500,77.48600,34293
2010-08-12 00:00:00+00:00,77.50600,77.89800,75.45400,76.02500,35851
2010-08-13 00:00:00+00:00,76.04500,76.67700,74.95200,75.51300,27661
2010-08-15 00:00:00+00:00,75.55900,75.73900,75.38000,75.40000,278
2010-08-16 00:00:00+00:00,75.41000,75.91200,74.82500,75.10900,21257
2010-08-17 00:00:00+00:00,75.09900,76.60300,75.03900,75.73000,26699
2010-08-18 00:00:00+00:00,75.72000,75.83100,73.89300,75.30000,25213
2010-08-19 00:00:00+00:00,75.32000,76.17100,74.03100,74.46200,27588
2010-08-20 00:00:00+00:00,74.45300,74.70400,73.16300,73.64300,24665
2010-08-22 00:00:00+00:00,73.64100,73.86000,73.50200,73.58200,411
2010-08-23 00:00:00+00:00,73.57200,74.22500,72.50200,72.55400,27219
2010-08-24 00:00:00+00:00,72.57400,72.80400,71.08600,71.32700,32218
2010-08-25 00:00:00+00:00,71.31700,72.73900,70.53400,72.52100,36622
2010-08-26 00:00:00+00:00,72.51100,73.75300,72.31400,72.74900,35161
2010-08-27 00:00:00+00:00,72.71900,75.36900,71.82700,75.34900,43928
2010-08-29 00:00:00+00:00,75.29700,75.37700,75.06800,75.29800,464
2010-08-30 00:00:00+00:00,75.30800,75.34800,73.81900,74.04000,23017
2010-08-31 00:00:00+00:00,74.05000,74.54400,71.35300,71.56500,45925
2010-09-01 00:00:00+00:00,71.61400,74.30300,71.59500,73.71800,36589
2010-09-02 00:00:00+00:00,73.69800,74.97200,72.94400,74.66500,30438
2010-09-03 00:00:00+00:00,74.67500,75.27800,73.04400,74.18300,37523
2010-09-05 00:00:00+00:00,74.16100,74.31100,74.16100,74.16200,125
2010-09-06 00:00:00+00:00,74.19200,74.35700,73.60100,73.90100,4164
2010-09-07 00:00:00+00:00,73.89100,74.50600,72.50900,73.73000,37394
2010-09-08 00:00:00+00:00,73.69000,75.27400,73.25400,75.01700,31626
2010-09-09 00:00:00+00:00,74.99700,75.85100,73.77500,74.69600,31729
2010-09-10 00:00:00+00:00,74.68600,76.63000,74.55700,76.29200,32492
2010-09-12 00:00:00+00:00,76.28000,76.86000,76.28000,76.85000,425
2010-09-13 00:00:00+00:00,76.86000,77.96400,76.76500,77.16900,27465
2010-09-14 00:00:00+00:00,77.17900,77.92400,76.13800,76.26800,35311
2010-09-15 00:00:00+00:00,76.27800,76.47800,74.60500,75.70800,33493
2010-09-16 00:00:00+00:00,75.67800,75.68800,74.06500,74.57200,25097
2010-09-17 00:00:00+00:00,74.60100,75.49300,72.94400,73.62900,21223
2010-09-19 00:00:00+00:00,73.72900,73.93600,73.70900,73.78100,214
2010-09-20 00:00:00+00:00,73.77100,75.67600,73.51400,74.87100,26332
2010-09-21 00:00:00+00:00,74.86100,75.31400,73.63200,73.78200,29798
2010-09-22 00:00:00+00:00,73.80200,74.98500,72.86000,73.80700,33043
2010-09-23 00:00:00+00:00,73.84700,74.64300,72.63100,73.82300,29291
2010-09-24 00:00:00+00:00,73.84200,75.73500,73.79300,75.56200,27907
2010-09-26 00:00:00+00:00,75.60600,75.98300,75.56600,75.92500,372
2010-09-27 00:00:00+00:00,75.93500,76.32100,74.69200,75.38700,26162
2010-09-28 00:00:00+00:00,75.37700,76.31100,74.72800,75.57100,30403
2010-09-29 00:00:00+00:00,75.56200,77.35100,74.84100,77.03300,37768
2010-09-30 00:00:00+00:00,77.02300,79.41900,76.79500,79.13000,39065
2010-10-01 00:00:00+00:00,79.12000,81.01600,79.09100,80.99700,31469
2010-10-03 00:00:00+00:00,81.02500,81.21400,80.80000,80.90000,343
2010-10-04 00:00:00+00:00,80.90900,81.74500,80.14000,80.71000,30335
2010-10-05 00:00:00+00:00,80.72000,82.39600,80.54700,82.06800,29343
2010-10-06 00:00:00+00:00,82.05900,83.52400,81.72900,82.78300,33198
2010-10-07 00:00:00+00:00,82.79300,83.89700,80.49600,80.94400,41478
2010-10-08 00:00:00+00:00,80.95400,82.64900,79.82700,82.36800,43854
2010-10-10 00:00:00+00:00,82.55900,82.95700,82.53900,82.86100,326
2010-10-11 00:00:00+00:00,82.87100,83.11900,81.47100,81.57500,19449
2010-10-12 00:00:00+00:00,81.59500,82.00500,80.55400,81.51500,30370
2010-10-13 00:00:00+00:00,81.53400,83.17800,81.41600,83.13800,24781
2010-10-14 00:00:00+00:00,83.15800,83.85900,81.97000,82.39000,33808
2010-10-15 00:00:00+00:00,82.40000,83.11800,80.55300,81.28700,34381
2010-10-17 00:00:00+00:00,81.48000,81.51000,81.03500,81.03600,222
2010-10-18 00:00:00+00:00,81.09500,83.23300,80.30900,83.00900,23573
2010-10-19 00:00:00+00:00,83.01900,83.17800,79.17900,79.36900,45206
2010-10-20 00:00:00+00:00,79.32000,82.03600,79.26000,81.99800,39442
2010-10-21 00:00:00+00:00,82.01800,82.01800,79.46300,80.21200,39385
2010-10-22 00:00:00+00:00,80.19200,81.44900,79.79200,81.29100,27664
2010-10-24 00:00:00+00:00,81.43100,81.58000,81.15400,81.48200,474
2010-10-25 00:00:00+00:00,81.46200,82.70500,80.89100,81.61100,36900
2010-10-26 00:00:00+00:00,81.64100,82.32900,81.26500,82.01900,27942
2010-10-27 00:00:00+00:00,82.00900,82.14900,80.00400,81.73100,38000
2010-10-28 00:00:00+00:00,81.72100,82.12900,80.99800,81.48200,29590
2010-10-29 00:00:00+00:00,81.49200,81.63200,80.08400,80.97300,30637
2010-10-31 00:00:00+00:00,81.01300,81.46100,80.88400,81.34300,482
2010-11-01 00:00:00+00:00,81.36300,83.42300,81.14400,82.97500,34578
2010-11-02 00:00:00+00:00,82.96500,84.08900,82.61900,84.06000,26323
2010-11-03 00:00:00+00:00,84.05000,84.95800,83.17700,84.66800,45305
2010-11-04 00:00:00+00:00,84.68700,86.44700,84.61800,86.29100,29032
2010-11-05 00:00:00+00:00,86.28100,87.06700,85.59800,87.03700,29417
2010-11-07 00:00:00+00:00,87.07100,87.14200,86.78200,87.12200,375
2010-11-08 00:00:00+00:00,87.13200,87.17200,85.66100,86.24600,28015
2010-11-09 00:00:00+00:00,86.22600,87.90200,85.20800,86.22700,31738
2010-11-10 00:00:00+00:00,86.21700,87.95100,85.83800,87.60400,41390
2010-11-11 00:00:00+00:00,87.62400,88.38200,87.27600,87.37600,26494
2010-11-12 00:00:00+00:00,87.36600,87.39700,84.31000,84.52300,43348
2010-11-14 00:00:00+00:00,84.70500,84.92500,84.57500,84.76600,365
2010-11-15 00:00:00+00:00,84.79600,85.61500,84.25700,84.32700,26744
2010-11-16 00:00:00+00:00,84.29700,84.60100,81.90900,82.47900,34903
2010-11-17 00:00:00+00:00,82.48900,82.60900,80.11800,80.87600,27207
2010-11-18 00:00:00+00:00,80.85600,82.57100,80.81700,82.46200,28166
2010-11-19 00:00:00+00:00,82.48200,82.79600,80.57400,81.35400,32968
2010-11-21 00:00:00+00:00,81.67400,81.88300,81.55500,81.88300,386
2010-11-22 00:00:00+00:00,81.87300,82.39800,80.22400,81.44200,30775
2010-11-23 00:00:00+00:00,81.43200,81.64100,79.83900,80.62200,38196
2010-11-24 00:00:00+00:00,80.64200,83.94000,80.59200,83.82100,35668
2010-11-25 00:00:00+00:00,83.81100,84.10100,83.02100,83.53900,7407
2010-11-26 00:00:00+00:00,83.52900,83.60900,82.37300,83.46200,16762
2010-11-28 00:00:00+00:00,83.52700,83.77600,83.34800,83.59700,436
2010-11-29 00:00:00+00:00,83.61700,85.53500,83.22900,85.24700,35159
2010-11-30 00:00:00+00:00,85.26700,85.47600,83.21000,83.46100,34767
2010-12-01 00:00:00+00:00,83.51000,86.61100,83.37200,86.36600,34485
2010-12-02 00:00:00+00:00,86.35600,87.80400,85.94700,87.56800,32446
2010-12-03 00:00:00+00:00,87.55800,89.17700,86.83100,89.12800,35974
2010-12-05 00:00:00+00:00,89.16300,89.32300,89.09400,89.19400,315
2010-12-06 00:00:00+00:00,89.20400,89.48900,88.29500,88.70300,27399
2010-12-07 00:00:00+00:00,88.69300,90.50800,87.80100,88.14200,39535
2010-12-08 00:00:00+00:00,88.13200,88.76100,87.10600,88.57800,34013
2010-12-09 00:00:00+00:00,88.58800,89.20200,87.50200,88.36500,31477
2010-12-10 00:00:00+00:00,88.35500,88.80300,86.91100,87.63300,29765
2010-12-12 00:00:00+00:00,87.52800,87.78700,87.28900,87.31900,343
2010-12-13 00:00:00+00:00,87.32900,89.34500,87.31900,88.28400,26586
2010-12-14 00:00:00+00:00,88.31400,88.82600,87.61600,88.05200,25047
2010-12-15 00:00:00+00:00,88.07200,88.98200,86.72300,88.17900,32686
2010-12-16 00:00:00+00:00,88.18900,88.55000,87.54300,87.85100,19594
2010-12-17 00:00:00+00:00,87.84100,88.40100,86.92100,87.98100,18646
2010-12-19 00:00:00+00:00,88.03800,88.25700,87.89900,88.25700,198
2010-12-20 00:00:00+00:00,88.24700,88.84100,87.01200,88.53800,22993
2010-12-21 00:00:00+00:00,88.52800,89.39200,88.35300,89.36500,19458
2010-12-22 00:00:00+00:00,89.35500,90.10500,89.14900,89.87500,17129
2010-12-23 00:00:00+00:00,89.89500,90.95400,89.65500,90.74000,13540
2010-12-26 00:00:00+00:00,90.47500,90.61400,90.19700,90.25700,481
2010-12-27 00:00:00+00:00,90.23700,91.28900,89.93500,90.41000,12114
2010-12-28 00:00:00+00:00,90.39000,91.11000,90.33100,90.68200,10895
2010-12-29 00:00:00+00:00,90.67200,90.98800,90.26700,90.62700,10433
2010-12-30 00:00:00+00:00,90.63700,90.88300,88.52500,89.18900,19393
2010-12-31 00:00:00+00:00,89.17900,91.57500,88.57600,90.92000,17768
2011-01-02 00:00:00+00:00,90.88000,91.03000,90.78100,90.86100,277
2011-01-03 00:00:00+00:00,90.87100,92.16100,90.79200,91.17400,21211
2011-01-04 00:00:00+00:00,91.18400,91.67300,87.98500,89.02700,42291
2011-01-05 00:00:00+00:00,89.01700,90.47900,87.74500,90.23600,42299
2011-01-06 00:00:00+00:00,90.22600,90.35600,87.52200,87.88800,38374
2011-01-07 00:00:00+00:00,87.89800,89.16900,86.94900,88.17800,41461
2011-01-09 00:00:00+00:00,88.74400,89.72200,88.54500,89.23400,1473
2011-01-10 00:00:00+00:00,89.24400,89.51800,87.89000,89.29700,41623
2011-01-11 00:00:00+00:00,89.30700,91.17300,88.70800,90.96600,33857
2011-01-12 00:00:00+00:00,90.99600,92.19000,90.58900,91.89800,31501
2011-01-13 00:00:00+00:00,91.88900,92.19500,90.58300,90.90400,29941
2011-01-14 00:00:00+00:00,90.92400,91.54400,89.94800,91.52500,26930
2011-01-16 00:00:00+00:00,91.41500,91.70400,91.37600,91.40600,199
2011-01-17 00:00:00+00:00,91.43600,91.46800,90.74500,91.02100,4225
2011-01-18 00:00:00+00:00,91.01100,91.93300,90.52200,91.16600,20411
2011-01-19 00:00:00+00:00,91.15700,92.09200,90.55000,90.64800,27355
2011-01-20 00:00:00+00:00,90.65800,90.89800,88.04200,88.65400,40301
2011-01-21 00:00:00+00:00,88.63500,89.36800,88.03900,88.27200,28460
2011-01-23 00:00:00+00:00,88.47300,88.52300,88.18600,88.38500,306
2011-01-24 00:00:00+00:00,88.39500,88.85800,86.53000,86.88400,32944
2011-01-25 00:00:00+00:00,86.89400,87.12200,85.41700,85.52000,32366
2011-01-26 00:00:00+00:00,85.51100,87.10000,85.34800,86.87500,31835
2011-01-27 00:00:00+00:00,86.88500,86.97500,84.52800,84.57800,34947
2011-01-28 00:00:00+00:00,84.58800,89.07300,84.47100,88.84000,59640
2011-01-30 00:00:00+00:00,89.36900,89.85700,88.98200,89.82700,1601
2011-01-31 00:00:00+00:00,89.84700,92.24300,87.82600,91.47300,52162
2011-02-01 00:00:00+00:00,91.50300,91.87700,89.77800,90.39700,44686
2011-02-02 00:00:00+00:00,90.38700,91.23800,89.57100,90.52200,36575
2011-02-03 00:00:00+00:00,90.51200,91.52900,89.49500,90.18100,35396
2011-02-04 00:00:00+00:00,90.19100,91.18100,87.98100,88.65300,44285
2011-02-06 00:00:00+00:00,88.64600,89.01500,88.64600,88.94600,501
2011-02-07 00:00:00+00:00,88.95600,89.12700,86.79800,87.02000,30556
2011-02-08 00:00:00+00:00,87.03000,87.74500,85.51800,87.06600,40433
2011-02-09 00:00:00+00:00,87.05600,87.61000,86.03000,86.59300,36193
2011-02-10 00:00:00+00:00,86.57300,87.58700,85.64600,87.34600,43928
2011-02-11 00:00:00+00:00,87.32600,87.40700,84.82200,85.00700,40177
2011-02-13 00:00:00+00:00,85.27700,85.60700,85.27700,85.55700,411
2011-02-14 00:00:00+00:00,85.54700,86.31100,84.38000,84.68400,30097
2011-02-15 00:00:00+00:00,84.67400,85.78600,83.67500,84.35900,28505
2011-02-16 00:00:00+00:00,84.37900,85.79400,83.96700,85.12600,32905
2011-02-17 00:00:00+00:00,85.11700,86.37100,84.49300,86.26600,26526
2011-02-18 00:00:00+00:00,86.25600,88.09800,85.62400,87.11700,39557
2011-02-20 00:00:00+00:00,87.52900,88.47400,87.52000,88.42600,774
2011-02-21 00:00:00+00:00,88.41600,95.69100,88.40600,94.76200,23569
2011-02-22 00:00:00+00:00,94.78100,95.51100,90.91500,92.85200,83836
2011-02-23 00:00:00+00:00,92.86200,97.29200,92.54200,96.53700,74026
2011-02-24 00:00:00+00:00,96.55700,100.71800,93.18100,95.09300,110276
2011-02-25 00:00:00+00:00,95.10300,96.71400,93.78200,95.82500,58499
2011-02-27 00:00:00+00:00,96.28200,97.31200,96.15500,97.27400,1645
2011-02-28 00:00:00+00:00,97.28300,97.71400,94.59500,94.75800,45031
2011-03-01 00:00:00+00:00,94.78700,98.61300,94.29900,98.21100,49379
2011-03-02 00:00:00+00:00,98.24100,100.86800,97.20600,100.72100,70576
2011-03-03 00:00:00+00:00,100.74000,100.92900,98.26400,99.88900,61331
2011-03-04 00:00:00+00:00,99.87900,103.30900,99.87900,103.05500,56090
2011-03-06 00:00:00+00:00,103.00800,103.56300,102.61500,103.53300,2341
2011-03-07 00:00:00+00:00,103.54300,105.33300,102.93400,103.44900,63319
2011-03-08 00:00:00+00:00,103.45900,104.29800,101.84700,103.36500,61295
2011-03-09 00:00:00+00:00,103.35500,104.53000,102.56400,103.22000,48134
2011-03-10 00:00:00+00:00,103.21100,103.75500,99.40500,101.40600,68100
2011-03-11 00:00:00+00:00,101.39600,101.80300,98.08300,99.50100,53146
2011-03-13 00:00:00+00:00,99.42000,100.25300,98.30400,99.06200,3020
2011-03-14 00:00:00+00:00,99.07200,101.08300,97.64100,100.56900,44435
2011-03-15 00:00:00+00:00,100.59900,100.66300,96.00300,97.23300,63117
2011-03-16 00:00:00+00:00,97.24300,98.98200,95.57700,96.76300,56130
2011-03-17 00:00:00+00:00,96.77300,103.42400,96.68300,102.83100,36441
2011-03-18 00:00:00+00:00,102.77100,103.30600,99.95500,101.43400,35949
2011-03-20 00:00:00+00:00,102.01500,103.03500,101.99500,102.83900,2884
2011-03-21 00:00:00+00:00,102.82900,103.25600,101.62100,102.16800,34883
2011-03-22 00:00:00+00:00,102.14900,104.23700,101.15600,103.83600,43507
2011-03-23 00:00:00+00:00,103.84600,105.39500,103.43800,104.52300,37312
2011-03-24 00:00:00+00:00,104.51300,105.76600,103.86300,104.64500,39696
2011-03-25 00:00:00+00:00,104.62500,105.07400,103.63300,104.65500,36120
2011-03-27 00:00:00+00:00,104.63300,104.96000,104.20600,104.60600,1210
2011-03-28 00:00:00+00:00,104.59600,104.80600,102.83700,103.00100,33744
2011-03-29 00:00:00+00:00,102.99100,104.26700,101.97300,103.79800,34025
2011-03-30 00:00:00+00:00,103.78800,104.44600,102.74500,103.66200,32074
2011-03-31 00:00:00+00:00,103.67200,106.97400,103.61300,106.87500,33762
2011-04-01 00:00:00+00:00,106.85500,107.81900,105.65200,107.66000,37324
2011-04-03 00:00:00+00:00,107.71000,108.01800,107.48100,107.86200,763
2011-04-04 00:00:00+00:00,107.83200,108.21300,107.02500,107.67700,29200
2011-04-05 00:00:00+00:00,107.66700,108.07700,106.97500,107.42200,29689
2011-04-06 00:00:00+00:00,107.41200,108.65700,107.30300,108.07400,32488
2011-04-07 00:00:00+00:00,108.08400,109.98100,107.76200,109.76100,35669
2011-04-08 00:00:00+00:00,109.78100,112.78000,109.66200,112.62100,32930
2011-04-10 00:00:00+00:00,112.92300,113.10300,112.64500,112.94600,1143
2011-04-11 00:00:00+00:00,112.92600,112.96600,108.37000,108.77300,44567
2011-04-12 00:00:00+00:00,108.78300,109.94500,105.19700,105.55600,70485
2011-04-13 00:00:00+00:00,105.54600,107.32300,105.07100,107.08600,48318
2011-04-14 00:00:00+00:00,107.09600,108.53700,105.55700,108.46800,40415
2011-04-15 00:00:00+00:00,108.44800,109.91800,107.02900,109.21700,28278
2011-04-17 00:00:00+00:00,109.39000,109.40000,109.04200,109.23300,417
2011-04-18 00:00:00+00:00,109.22300,109.24300,106.47200,107.09500,38525
2011-04-19 00:00:00+00:00,107.10500,108.48100,105.40500,107.64200,45436
2011-04-20 00:00:00+00:00,107.66200,111.05300,107.60200,111.05300,40389
2011-04-21 00:00:00+00:00,111.04300,111.87300,110.40800,111.75700,34117
2011-04-24 00:00:00+00:00,111.80900,112.26800,111.23200,112.26800,705
2011-04-25 00:00:00+00:00,112.27800,112.95700,110.56900,111.26400,30614
2011-04-26 00:00:00+00:00,111.27400,112.14100,110.62000,111.71200,31197
2011-04-27 00:00:00+00:00,111.70200,113.22600,110.24100,113.01700,45874
2011-04-28 00:00:00+00:00,112.99700,113.50800,111.23900,112.39000,43304
2011-04-29 00:00:00+00:00,112.38000,113.74100,111.80900,113.29500,25307
2011-05-01 00:00:00+00:00,113.49700,113.74600,112.61100,113.06000,1450
2011-05-02 00:00:00+00:00,113.05000,114.44800,110.44700,112.61200,47674
2011-05-03 00:00:00+00:00,112.59200,112.85200,109.95600,110.47900,45262
2011-05-04 00:00:00+00:00,110.46900,110.88600,108.11600,108.12600,47964
2011-05-05 00:00:00+00:00,108.13600,109.07000,97.98000,99.17000,111821
2011-05-06 00:00:00+00:00,99.19000,102.11400,94.37900,97.81000,118604
2011-05-08 00:00:00+00:00,97.89600,98.65400,97.20800,98.36600,2670
2011-05-09 00:00:00+00:00,98.38600,103.19000,97.30000,101.64800,70529
2011-05-10 00:00:00+00:00,101.67800,103.92200,99.92600,103.76300,70838
2011-05-11 00:00:00+00:00,103.74300,104.41300,97.33800,98.91000,89654
2011-05-12 00:00:00+00:00,98.92000,100.34100,95.10400,98.68800,96319
2011-05-13 00:00:00+00:00,98.65800,100.56200,96.96200,99.21300,69406
2011-05-15 00:00:00+00:00,99.27000,99.31000,98.41200,98.46200,1157
2011-05-16 00:00:00+00:00,98.47200,99.57300,96.75000,96.92100,49534
2011-05-17 00:00:00+00:00,96.93100,97.94700,94.96400,97.75900,54178
2011-05-18 00:00:00+00:00,97.74900,100.95100,97.53900,100.05000,40187
2011-05-19 00:00:00+00:00,100.06000,100.85200,98.25600,99.06500,48199
2011-05-20 00:00:00+00:00,99.05500,100.05000,95.99300,99.54400,67954
2011-05-22 00:00:00+00:00,99.33800,99.69700,99.04900,99.66800,915
2011-05-23 00:00:00+00:00,99.67800,99.69700,96.04700,96.66900,53858
2011-05-24 00:00:00+00:00,96.64900,99.76600,96.64900,98.88300,54138
2011-05-25 00:00:00+00:00,98.85300,101.31400,97.89000,100.86800,57655
2011-05-26 00:00:00+00:00,100.84800,101.58700,99.31000,99.96300,46548
2011-05-27 00:00:00+00:00,99.95300,100.94600,99.81100,100.46100,30938
2011-05-29 00:00:00+00:00,100.42500,100.53500,100.20500,100.40600,176
2011-05-30 00:00:00+00:00,100.41600,100.43600,99.34200,100.15800,4015
2011-05-31 00:00:00+00:00,100.14800,103.13700,100.13800,102.89300,40181
2011-06-01 00:00:00+00:00,102.87300,103.06600,99.39200,99.73200,54825
2011-06-02 00:00:00+00:00,99.76200,100.71000,98.24300,100.50200,52889
2011-06-03 00:00:00+00:00,100.49200,100.53200,97.91400,100.36200,49977
2011-06-05 00:00:00+00:00,100.23600,100.49600,100.01700,100.32700,581
2011-06-06 00:00:00+00:00,100.31700,100.32700,98.38000,98.55100,39580
2011-06-07 00:00:00+00:00,98.56100,99.63000,97.58000,99.37200,46210
2011-06-08 00:00:00+00:00,99.36200,101.73600,97.86900,100.95100,60691
2011-06-09 00:00:00+00:00,100.96100,102.29600,100.61600,101.81100,38782
2011-06-10 00:00:00+00:00,101.78100,102.01200,98.47400,98.79500,42401
2011-06-12 00:00:00+00:00,98.66800,98.89800,98.59800,98.80900,393
2011-06-13 00:00:00+00:00,98.79900,99.22000,96.04000,96.76200,45661
2011-06-14 00:00:00+00:00,96.74200,99.61000,96.42800,99.33100,41639
2011-06-15 00:00:00+00:00,99.32100,99.87800,93.96400,95.10600,66706
2011-06-16 00:00:00+00:00,95.11600,95.68900,94.23200,95.17700,48756
2011-06-17 00:00:00+00:00,95.18700,95.30700,91.79600,92.86700,38495
2011-06-19 00:00:00+00:00,92.91000,93.23900,92.76000,92.76100,551
2011-06-20 00:00:00+00:00,92.75100,94.06600,91.25800,93.88600,36073
2011-06-21 00:00:00+00:00,93.87600,94.84700,92.63600,93.52600,42601
2011-06-22 00:00:00+00:00,93.50600,95.45700,93.00100,94.02300,40740
2011-06-23 00:00:00+00:00,93.99300,94.16300,89.46900,91.70700,82784
2011-06-24 00:00:00+00:00,91.69700,92.11700,89.60800,91.01600,53910
2011-06-26 00:00:00+00:00,90.96300,91.10300,90.36500,90.48500,763
2011-06-27 00:00:00+00:00,90.47500,91.22100,89.42200,91.04200,41833
2011-06-28 00:00:00+00:00,91.01200,93.21500,90.25600,92.90600,40497
2011-06-29 00:00:00+00:00,92.91600,95.65600,92.47800,95.00100,52642
2011-06-30 00:00:00+00:00,94.98100,95.64500,93.70900,94.85000,41990
2011-07-01 00:00:00+00:00,94.84000,95.22500,93.28700,94.58800,38918
2011-07-03 00:00:00+00:00,94.83500,95.15400,94.60500,95.09500,254
2011-07-04 00:00:00+00:00,95.07500,95.32600,94.71100,95.04400,4443
2011-07-05 00:00:00+00:00,95.01400,97.34700,94.20700,96.87000,36096
2011-07-06 00:00:00+00:00,96.86000,97.66100,95.77500,97.15800,37983
2011-07-07 00:00:00+00:00,97.12800,99.30100,96.88300,98.80500,44003
2011-07-08 00:00:00+00:00,98.81500,99.06900,95.49400,96.37600,47024
2011-07-10 00:00:00+00:00,96.01400,96.66300,95.64400,95.84400,614
2011-07-11 00:00:00+00:00,95.87400,96.00400,94.06100,94.89400,40524
2011-07-12 00:00:00+00:00,94.90400,97.42900,93.47800,96.80100,45919
2011-07-13 00:00:00+00:00,96.81100,99.14600,96.46600,98.13900,43215
2011-07-14 00:00:00+00:00,98.14900,98.82400,94.47700,95.70900,47727
2011-07-15 00:00:00+00:00,95.71900,97.69400,95.16200,97.44600,32625
2011-07-17 00:00:00+00:00,97.34400,97.66400,97.33400,97.54500,328
2011-07-18 00:00:00+00:00,97.52500,97.52500,94.67100,96.12100,25908
2011-07-19 00:00:00+00:00,96.14100,98.67900,95.95300,98.11300,32965
2011-07-20 00:00:00+00:00,98.13300,99.07500,96.64400,98.20200,37759
2011-07-21 00:00:00+00:00,98.23200,99.87200,96.91900,99.19800,41255
2011-07-22 00:00:00+00:00,99.18800,99.91200,98.15600,99.53500,30269
2011-07-24 00:00:00+00:00,99.50300,99.61300,98.76500,98.95500,1082
2011-07-25 00:00:00+00:00,98.94500,99.51900,98.27200,98.79400,27298
2011-07-26 00:00:00+00:00,98.81400,100.37600,97.52300,98.87300,40272
2011-07-27 00:00:00+00:00,98.88300,99.26400,96.28800,96.37700,42928
2011-07-28 00:00:00+00:00,96.38700,97.78900,96.38700,96.88500,34531
2011-07-29 00:00:00+00:00,96.87500,97.17500,94.74400,95.65500,38602
2011-07-31 00:00:00+00:00,96.01200,96.91000,95.99200,96.82100,1069
2011-08-01 00:00:00+00:00,96.79100,98.41300,93.24400,95.18300,56565
2011-08-02 00:00:00+00:00,95.20300,95.50700,92.91400,93.16500,49561
2011-08-03 00:00:00+00:00,93.17500,93.58900,91.06400,92.32500,53148
2011-08-04 00:00:00+00:00,92.31500,92.33500,85.90100,86.30200,76761
2011-08-05 00:00:00+00:00,86.29200,88.18300,82.74000,87.12800,93233
2011-08-07 00:00:00+00:00,85.59600,85.61600,83.56900,84.27800,4427
2011-08-08 00:00:00+00:00,84.28800,84.93000,80.06900,80.20100,89183
2011-08-09 00:00:00+00:00,80.24100,82.95100,75.61700,81.25700,122319
2011-08-10 00:00:00+00:00,81.24700,83.05000,79.44300,81.19400,98768
2011-08-11 00:00:00+00:00,81.17400,85.88500,80.94800,85.32700,84036
2011-08-12 00:00:00+00:00,85.29700,87.29000,83.94100,85.22400,58841
2011-08-14 00:00:00+00:00,85.52900,85.56000,84.85000,85.44000,590
2011-08-15 00:00:00+00:00,85.41000,87.99400,84.34400,87.36600,39391
2011-08-16 00:00:00+00:00,87.34600,87.88100,85.57200,87.13400,50984
2011-08-17 00:00:00+00:00,87.10400,88.95800,86.60500,87.37200,43028
2011-08-18 00:00:00+00:00,87.36200,87.44300,80.89100,80.96100,55575
2011-08-19 00:00:00+00:00,81.05100,83.62900,79.23600,82.67200,66200
2011-08-21 00:00:00+00:00,82.13200,82.65100,81.43400,81.60400,1427
2011-08-22 00:00:00+00:00,81.61400,84.66200,81.04600,84.06400,59945
2011-08-23 00:00:00+00:00,84.07400,86.25400,83.26800,85.43700,60592
2011-08-24 00:00:00+00:00,85.48700,86.45800,84.42000,85.32200,49705
2011-08-25 00:00:00+00:00,85.29200,86.43300,82.88800,85.05700,63254
2011-08-26 00:00:00+00:00,85.06700,85.51900,82.83300,85.43100,54792
2011-08-28 00:00:00+00:00,85.22000,85.61000,85.05100,85.49100,438
2011-08-29 00:00:00+00:00,85.48100,87.61300,85.00100,87.52300,30813
2011-08-30 00:00:00+00:00,87.53300,89.10400,86.35700,88.50700,44386
2011-08-31 00:00:00+00:00,88.52700,89.43900,87.57000,88.62100,41799
2011-09-01 00:00:00+00:00,88.65100,89.80400,88.11500,88.62600,41362
2011-09-02 00:00:00+00:00,88.58600,88.89600,85.33300,86.56300,48142
2011-09-04 00:00:00+00:00,86.38300,86.42300,85.77400,85.89400,423
2011-09-05 00:00:00+00:00,85.91400,85.91400,83.13100,83.41100,9302
2011-09-06 00:00:00+00:00,83.40100,86.53200,83.22200,86.43300,46593
2011-09-07 00:00:00+00:00,86.42300,90.41400,86.08300,89.81500,42233
2011-09-08 00:00:00+00:00,89.82500,90.16800,88.30100,88.42100,47408
2011-09-09 00:00:00+00:00,88.44100,89.44100,85.58600,86.95700,52947
2011-09-11 00:00:00+00:00,86.65700,86.71700,86.12700,86.26700,695
2011-09-12 00:00:00+00:00,86.27700,89.09000,84.95900,88.75100,49463
2011-09-13 00:00:00+00:00,88.74100,90.48400,87.77300,89.92500,49025
2011-09-14 00:00:00+00:00,89.91500,90.21500,88.17900,88.91100,46412
2011-09-15 00:00:00+00:00,88.89100,90.12300,87.98200,89.32600,40328
2011-09-16 00:00:00+00:00,89.27600,89.75600,86.97900,87.88000,30254
2011-09-18 00:00:00+00:00,87.90000,87.90000,87.35900,87.48900,818
2011-09-19 00:00:00+00:00,87.55900,87.64900,84.99400,85.59400,39418
2011-09-20 00:00:00+00:00,85.58400,87.77500,85.57400,86.55200,41090
2011-09-21 00:00:00+00:00,86.56200,88.08200,84.61700,84.67700,54918
2011-09-22 00:00:00+00:00,84.68700,85.06700,79.74000,80.84000,77751
2011-09-23 00:00:00+00:00,80.85000,81.89100,77.62600,80.03700,75238
2011-09-25 00:00:00+00:00,79.71100,80.92200,79.67100,80.74200,1281
2011-09-26 00:00:00+00:00,80.72100,81.63000,77.17800,81.07900,61115
2011-09-27 00:00:00+00:00,81.06900,84.84000,80.98900,83.54800,51791
2011-09-28 00:00:00+00:00,83.53800,84.68800,79.70200,79.81200,54383
2011-09-29 00:00:00+00:00,79.82200,84.04400,79.77200,83.13200,61938
2011-09-30 00:00:00+00:00,83.18200,83.29200,78.58600,78.80600,57910
2011-10-02 00:00:00+00:00,78.97100,78.98100,77.95000,78.52000,1100
2011-10-03 00:00:00+00:00,78.51000,79.68900,75.96600,76.33600,64897
2011-10-04 00:00:00+00:00,76.36600,78.50500,74.99400,77.91400,71175
2011-10-05 00:00:00+00:00,77.93400,79.95300,76.98200,79.63200,58733
2011-10-06 00:00:00+00:00,79.61200,82.94200,79.12000,82.33100,60761
2011-10-07 00:00:00+00:00,82.34100,84.04000,81.39800,82.90800,55204
2011-10-09 00:00:00+00:00,82.78200,83.47200,82.78200,83.44200,468
2011-10-10 00:00:00+00:00,83.41200,86.12100,83.36100,85.40000,34345
2011-10-11 00:00:00+00:00,85.41000,86.66800,83.99800,85.07700,47657
2011-10-12 00:00:00+00:00,85.09700,86.61600,84.54700,84.90400,40368
2011-10-13 00:00:00+00:00,84.91400,85.41300,83.19200,84.16100,47592
2011-10-14 00:00:00+00:00,84.15100,87.43900,83.79000,87.29900,37556
2011-10-16 00:00:00+00:00,87.49200,87.72200,87.17200,87.44200,517
2011-10-17 00:00:00+00:00,87.46200,88.19100,85.89000,86.44000,33136
2011-10-18 00:00:00+00:00,86.46000,89.22000,85.74000,88.28000,35007
2011-10-19 00:00:00+00:00,88.33000,89.68000,86.02100,86.25100,49158
2011-10-20 00:00:00+00:00,86.26100,87.11100,84.21100,86.33100,59718
2011-10-21 00:00:00+00:00,86.30100,88.88100,85.94100,87.52100,40699
2011-10-23 00:00:00+00:00,87.04200,87.49200,86.99200,87.43200,546
2011-10-24 00:00:00+00:00,87.44200,91.87100,87.37200,91.49100,50838
2011-10-25 00:00:00+00:00,91.48100,94.64100,91.09200,92.47200,71561
2011-10-26 00:00:00+00:00,92.52200,93.91200,89.99200,90.93200,61805
2011-10-27 00:00:00+00:00,90.91200,94.24200,90.91200,93.78200,47450
2011-10-28 00:00:00+00:00,93.75200,93.88200,92.00200,93.48200,40412
2011-10-30 00:00:00+00:00,93.52300,93.79300,93.24300,93.24300,379
2011-10-31 00:00:00+00:00,93.25300,93.54300,91.35300,92.58300,37218
2011-11-01 00:00:00+00:00,92.58300,92.87300,89.16400,91.09400,59492
2011-11-02 00:00:00+00:00,91.08400,93.78400,90.96400,92.25400,48518
2011-11-03 00:00:00+00:00,92.21400,94.60400,90.86400,94.00400,49382
2011-11-04 00:00:00+00:00,94.04400,94.92400,92.86500,94.41500,44603
2011-11-06 00:00:00+00:00,94.39500,94.69500,94.37500,94.63500,403
2011-11-07 00:00:00+00:00,94.64500,96.10500,93.22500,95.73500,43539
2011-11-08 00:00:00+00:00,95.74500,97.07600,95.22600,96.86600,39140
2011-11-09 00:00:00+00:00,96.87600,97.83600,94.53600,95.70600,60979
2011-11-10 00:00:00+00:00,95.67600,98.34600,95.19600,97.53600,50384
2011-11-11 00:00:00+00:00,97.54600,99.39600,97.34600,99.21600,30553
2011-11-13 00:00:00+00:00,99.29700,99.68700,98.91700,99.16700,501
2011-11-14 00:00:00+00:00,99.19700,99.28700,97.18700,98.10700,37561
2011-11-15 00:00:00+00:00,98.11700,99.83800,97.50800,99.20800,38566
2011-11-16 00:00:00+00:00,99.19800,102.88800,98.38800,101.83000,48740
2011-11-17 00:00:00+00:00,101.85000,103.38000,98.34900,98.54900,60618
2011-11-18 00:00:00+00:00,98.53900,100.30900,96.70900,97.79900,50210
2011-11-20 00:00:00+00:00,97.54800,97.79800,97.30800,97.71800,449
2011-11-21 00:00:00+00:00,97.70800,97.86800,95.24800,96.90800,45602
2011-11-22 00:00:00+00:00,96.89800,98.70800,96.55800,97.80800,48162
2011-11-23 00:00:00+00:00,97.79800,97.87800,95.35800,95.80700,45075
2011-11-24 00:00:00+00:00,95.82700,97.31700,95.72700,96.71700,6889
2011-11-25 00:00:00+00:00,96.73700,97.55700,94.99700,97.32700,26569
2011-11-27 00:00:00+00:00,97.50600,98.36700,97.50600,98.15700,862
2011-11-28 00:00:00+00:00,98.16700,100.74700,97.13600,97.82600,43574
2011-11-29 00:00:00+00:00,97.80600,100.15600,97.23600,99.31600,45490
2011-11-30 00:00:00+00:00,99.33600,101.75600,98.92600,100.56600,47683
2011-12-01 00:00:00+00:00,100.59600,101.17600,98.87500,99.99500,39487
2011-12-02 00:00:00+00:00,99.98500,101.56500,99.76500,101.13500,37284
2011-12-04 00:00:00+00:00,101.23500,101.73500,101.23500,101.48500,420
2011-12-05 00:00:00+00:00,101.47500,102.44500,100.24400,100.54400,33142
2011-12-06 00:00:00+00:00,100.55400,101.42400,100.20400,101.24400,30457
2011-12-07 00:00:00+00:00,101.25400,101.94400,99.67400,100.37400,37633
2011-12-08 00:00:00+00:00,100.34400,101.73400,97.71300,98.18300,45594
2011-12-09 00:00:00+00:00,98.19300,99.91300,97.36300,99.83300,38154
2011-12-11 00:00:00+00:00,99.58300,99.68300,99.37300,99.64300,234
2011-12-12 00:00:00+00:00,99.60300,99.62300,97.54200,97.77200,33299
2011-12-13 00:00:00+00:00,97.76200,101.25200,97.64200,99.95200,46347
2011-12-14 00:00:00+00:00,99.96200,100.08200,94.21200,95.06200,54543
2011-12-15 00:00:00+00:00,95.04200,95.99100,93.31100,93.61100,36748
2011-12-16 00:00:00+00:00,93.63100,94.79100,92.52100,93.78100,29788
2011-12-18 00:00:00+00:00,93.78000,93.98000,93.65000,93.73000,266
2011-12-19 00:00:00+00:00,93.70000,94.64000,92.78000,94.40000,27544
2011-12-20 00:00:00+00:00,94.41000,97.64000,94.32000,97.56000,31303
2011-12-21 00:00:00+00:00,97.52000,99.26000,96.81000,99.01000,36144
2011-12-22 00:00:00+00:00,99.03000,100.05900,98.51900,99.36900,23411
2011-12-23 00:00:00+00:00,99.38900,100.23900,99.29900,99.86900,13081
2011-12-26 00:00:00+00:00,99.92800,100.13800,99.70800,99.81800,160
2011-12-27 00:00:00+00:00,99.80800,101.77800,99.37800,101.16800,15922
2011-12-28 00:00:00+00:00,101.17800,101.71800,99.11700,99.79700,23756
2011-12-29 00:00:00+00:00,99.80700,99.92700,98.30700,99.68700,23259
2011-12-30 00:00:00+00:00,99.66700,100.16700,98.61700,99.06700,19836
2012-01-02 00:00:00+00:00,99.70600,100.51600,99.65600,100.34600,585
2012-01-03 00:00:00+00:00,100.35600,103.18600,100.21600,103.02600,32438
2012-01-04 00:00:00+00:00,103.00600,103.74500,101.88500,103.15500,37695
2012-01-05 00:00:00+00:00,103.14500,103.73500,101.30500,101.49500,43601
2012-01-06 00:00:00+00:00,101.47500,102.80500,100.88500,101.93500,38144
2012-01-08 00:00:00+00:00,101.92400,102.15400,101.29400,101.47400,674
2012-01-09 00:00:00+00:00,101.49400,102.06400,100.10400,101.43400,36541
2012-01-10 00:00:00+00:00,101.46400,103.41300,101.43400,102.21300,32282
2012-01-11 00:00:00+00:00,102.22300,102.46300,100.55300,101.31300,38740
2012-01-12 00:00:00+00:00,101.30300,102.98300,98.50300,99.33300,46050
2012-01-13 00:00:00+00:00,99.32300,100.19200,97.70200,99.07200,41879
2012-01-15 00:00:00+00:00,98.95200,98.95200,98.63200,98.85200,222
2012-01-16 00:00:00+00:00,98.82200,99.80100,98.60200,99.42100,6616
2012-01-17 00:00:00+00:00,99.41100,101.28100,99.40100,101.26100,29278
2012-01-18 00:00:00+00:00,101.27100,102.06100,99.84100,101.46000,34969
2012-01-19 00:00:00+00:00,101.47000,102.04200,99.92700,100.40800,33935
2012-01-20 00:00:00+00:00,100.41800,100.71900,97.83600,98.20700,36649
2012-01-22 00:00:00+00:00,98.16900,98.21900,97.33000,97.43000,463
2012-01-23 00:00:00+00:00,97.44000,100.07000,97.23100,99.73200,32057
2012-01-24 00:00:00+00:00,99.76200,100.01400,98.08800,99.03900,31793
2012-01-25 00:00:00+00:00,99.01900,100.24200,97.37500,99.72400,44798
2012-01-26 00:00:00+00:00,99.76400,101.23500,99.07900,99.62000,34363
2012-01-27 00:00:00+00:00,99.61000,100.48200,98.98500,99.61500,37344
2012-01-29 00:00:00+00:00,99.86700,99.91600,99.22800,99.38700,355
2012-01-30 00:00:00+00:00,99.37700,99.50100,98.30300,98.95400,30140
2012-01-31 00:00:00+00:00,98.96400,101.16400,97.74000,98.34000,45194
2012-02-01 00:00:00+00:00,98.32000,99.37300,96.95700,97.26700,39160
2012-02-02 00:00:00+00:00,97.27700,97.87800,95.33400,96.56400,39285
2012-02-03 00:00:00+00:00,96.55400,97.92700,95.90700,97.66800,40194
2012-02-05 00:00:00+00:00,97.64900,97.65900,97.48000,97.60000,283
2012-02-06 00:00:00+00:00,97.59000,97.60000,96.29400,97.09600,30169
2012-02-07 00:00:00+00:00,97.11600,99.04800,95.76000,98.62000,43214
2012-02-08 00:00:00+00:00,98.63000,100.01200,98.02500,98.90600,38813
2012-02-09 00:00:00+00:00,98.87600,100.10900,98.58600,99.63100,33509
2012-02-10 00:00:00+00:00,99.62100,99.62100,97.25600,98.98700,32714
2012-02-12 00:00:00+00:00,99.27800,99.47800,99.12800,99.22800,326
2012-02-13 00:00:00+00:00,99.24800,100.90200,99.03900,100.54400,29671
2012-02-14 00:00:00+00:00,100.53400,101.79700,100.23800,100.84900,30907
2012-02-15 00:00:00+00:00,100.83900,102.50200,100.57000,101.81500,30961
2012-02-16 00:00:00+00:00,101.80500,102.65900,100.80800,102.24100,22209
2012-02-17 00:00:00+00:00,102.25100,104.18400,102.25100,104.07400,21772
2012-02-19 00:00:00+00:00,104.45300,105.26100,104.40300,104.86200,1211
2012-02-20 00:00:00+00:00,104.85200,105.50600,104.50700,104.75300,7787
2012-02-21 00:00:00+00:00,104.76300,106.19700,104.33000,105.72000,29603
2012-02-22 00:00:00+00:00,105.71000,106.44600,105.33700,105.67000,28817
2012-02-23 00:00:00+00:00,105.69000,108.47200,105.18800,108.31400,37753
2012-02-24 00:00:00+00:00,108.29400,109.68900,107.69200,109.36100,32503
2012-02-26 00:00:00+00:00,109.43200,109.53200,109.22200,109.34200,400
2012-02-27 00:00:00+00:00,109.33200,109.42300,107.04600,107.73600,35431
2012-02-28 00:00:00+00:00,107.74600,108.57100,105.99000,106.41900,36699
2012-02-29 00:00:00+00:00,106.40900,107.22200,104.63900,106.78800,47265
2012-03-01 00:00:00+00:00,106.80800,110.35100,106.35300,108.73500,53076
2012-03-02 00:00:00+00:00,108.75500,108.83500,105.61800,106.31900,41913
2012-03-04 00:00:00+00:00,106.58900,106.79900,106.34900,106.68900,465
2012-03-05 00:00:00+00:00,106.70900,107.26400,105.34500,107.00900,31730
2012-03-06 00:00:00+00:00,107.01900,107.14900,104.37000,104.79200,40085
2012-03-07 00:00:00+00:00,104.80200,106.41800,104.21900,106.01000,35679
2012-03-08 00:00:00+00:00,105.99000,107.07600,105.71700,106.76000,31170
2012-03-09 00:00:00+00:00,106.75000,108.08500,106.01600,107.30800,34701
2012-03-11 00:00:00+00:00,107.40900,107.46900,106.94000,107.05000,432
2012-03-12 00:00:00+00:00,107.03000,107.08000,105.29700,106.53000,25395
2012-03-13 00:00:00+00:00,106.54000,107.27700,105.59700,106.78000,28570
2012-03-14 00:00:00+00:00,106.77000,106.95600,105.05900,105.58100,32848
2012-03-15 00:00:00+00:00,105.59100,106.12600,103.72900,105.44100,49498
2012-03-16 00:00:00+00:00,105.45100,107.29900,105.08600,107.10900,21082
2012-03-18 00:00:00+00:00,107.15000,107.33000,107.03100,107.22100,359
2012-03-19 00:00:00+00:00,107.23100,108.08100,106.42400,107.57800,23364
2012-03-20 00:00:00+00:00,107.58800,107.70900,105.11600,105.81700,35325
2012-03-21 00:00:00+00:00,105.80700,107.06500,105.48900,106.35300,30069
2012-03-22 00:00:00+00:00,106.36300,106.55400,103.95700,105.11900,37128
2012-03-23 00:00:00+00:00,105.12900,107.70700,104.63200,106.22000,38192
2012-03-25 00:00:00+00:00,106.29800,106.54700,106.16000,106.26000,513
2012-03-26 00:00:00+00:00,106.25000,106.83700,105.70900,106.57700,22799
2012-03-27 00:00:00+00:00,106.59700,107.26500,106.06200,106.41700,27281
2012-03-28 00:00:00+00:00,106.42700,106.48800,104.23900,105.13100,35415
2012-03-29 00:00:00+00:00,105.14100,105.27700,101.72900,102.89900,38247
2012-03-30 00:00:00+00:00,102.91900,103.75900,102.39500,102.54600,28009
2012-04-01 00:00:00+00:00,102.92200,103.23200,102.91200,103.08300,458
2012-04-02 00:00:00+00:00,103.07300,105.15100,101.72800,104.59700,34802
2012-04-03 00:00:00+00:00,104.58700,104.85700,103.27500,103.66800,29430
2012-04-04 00:00:00+00:00,103.68800,103.70900,100.78800,101.79200,35100
2012-04-05 00:00:00+00:00,101.78200,103.12200,101.09400,102.97500,27228
2012-04-08 00:00:00+00:00,102.31200,102.33200,101.81400,101.98400,706
2012-04-09 00:00:00+00:00,101.96400,102.39700,100.60900,102.14200,20763
2012-04-10 00:00:00+00:00,102.13200,102.77100,100.49900,100.75300,35657
2012-04-11 00:00:00+00:00,100.77300,102.96300,100.66400,102.46800,30754
2012-04-12 00:00:00+00:00,102.45800,104.08700,102.23000,103.67400,27393
2012-04-13 00:00:00+00:00,103.69500,103.75500,102.47700,102.71200,21778
2012-04-15 00:00:00+00:00,102.70900,102.73900,102.20100,102.25100,519
2012-04-16 00:00:00+00:00,102.26100,103.29100,101.72200,103.10900,29943
2012-04-17 00:00:00+00:00,103.09900,105.00800,102.59400,104.26600,24288
2012-04-18 00:00:00+00:00,104.25600,104.46300,102.15100,102.79100,22164
2012-04-19 00:00:00+00:00,102.76100,103.22500,101.70500,102.56500,27402
2012-04-20 00:00:00+00:00,102.57500,104.25500,102.43600,103.62200,23212
2012-04-22 00:00:00+00:00,103.42900,103.49000,103.31000,103.45000,261
2012-04-23 00:00:00+00:00,103.48000,103.51100,101.44600,102.72600,24574
2012-04-24 00:00:00+00:00,102.73600,103.73000,102.42000,103.38700,20872
2012-04-25 00:00:00+00:00,103.37700,104.21400,102.75700,103.68900,32829
2012-04-26 00:00:00+00:00,103.69900,104.57400,103.49600,103.75200,21986
2012-04-27 00:00:00+00:00,103.74200,104.66900,103.40700,104.48100,19470
2012-04-29 00:00:00+00:00,104.62700,104.66700,104.35900,104.49900,215
2012-04-30 00:00:00+00:00,104.48900,104.86800,103.58900,104.54200,19345
2012-05-01 00:00:00+00:00,104.57200,106.14700,104.10900,105.57200,22608
2012-05-02 00:00:00+00:00,105.55200,105.77500,104.64300,105.02700,22500
2012-05-03 00:00:00+00:00,105.01700,105.11700,102.11400,102.30700,31121
2012-05-04 00:00:00+00:00,102.31700,102.47800,97.28700,98.36700,52742
2012-05-06 00:00:00+00:00,97.85300,98.04300,95.14900,96.06800,4043
2012-05-07 00:00:00+00:00,96.07800,98.00300,95.92900,97.89700,34823
2012-05-08 00:00:00+00:00,97.88700,97.88700,95.34900,96.93100,35851
2012-05-09 00:00:00+00:00,96.94100,97.03100,95.01100,96.27400,38977
2012-05-10 00:00:00+00:00,96.26400,97.53900,95.92900,96.04600,28818
2012-05-11 00:00:00+00:00,96.03600,97.06300,95.42800,95.43800,25228
2012-05-13 00:00:00+00:00,95.68200,95.72200,95.24300,95.39300,676
2012-05-14 00:00:00+00:00,95.40300,95.68500,93.55000,94.17700,28444
2012-05-15 00:00:00+00:00,94.20700,95.39200,92.93800,93.22900,32637
2012-05-16 00:00:00+00:00,93.21900,94.08600,91.73400,92.87100,40257
2012-05-17 00:00:00+00:00,92.88100,93.81700,92.03000,92.55300,33187
2012-05-18 00:00:00+00:00,92.57300,92.82900,90.88400,91.28400,24125
2012-05-20 00:00:00+00:00,91.33000,91.33000,90.74300,91.19200,754
2012-05-21 00:00:00+00:00,91.18200,92.96500,91.18200,92.83700,21740
2012-05-22 00:00:00+00:00,92.82700,92.93000,90.84500,91.15600,25152
2012-05-23 00:00:00+00:00,91.16600,91.19600,88.94300,89.94300,35278
2012-05-24 00:00:00+00:00,89.96300,91.18600,89.47900,90.49300,29187
2012-05-25 00:00:00+00:00,90.48300,90.99600,89.87700,90.40400,19117
2012-05-27 00:00:00+00:00,90.70800,91.07700,90.65800,91.01800,464
2012-05-28 00:00:00+00:00,91.02800,91.70100,90.76100,90.79100,5001
2012-05-29 00:00:00+00:00,90.78100,91.93500,89.98200,90.45400,28253
2012-05-30 00:00:00+00:00,90.44400,90.54400,87.02400,87.45500,33200
2012-05-31 00:00:00+00:00,87.44500,88.03800,85.62800,86.31000,38416
2012-06-01 00:00:00+00:00,86.33000,86.34900,82.07900,83.04800,54332
2012-06-03 00:00:00+00:00,82.77100,83.19100,82.25400,82.26400,1218
2012-06-04 00:00:00+00:00,82.27400,84.27000,81.03100,84.25000,38389
2012-06-05 00:00:00+00:00,84.23000,84.74100,83.13800,84.23200,30805
2012-06-06 00:00:00+00:00,84.22200,86.10500,84.16200,85.21100,34552
2012-06-07 00:00:00+00:00,85.23100,86.87500,83.28400,83.75500,41104
2012-06-08 00:00:00+00:00,83.78500,84.53300,81.86200,84.20400,33445
2012-06-10 00:00:00+00:00,85.60600,86.52500,85.38600,86.33500,1654
2012-06-11 00:00:00+00:00,86.32600,86.38600,80.97300,81.40300,36629
2012-06-12 00:00:00+00:00,81.38300,83.62700,81.26700,82.99200,36354
2012-06-13 00:00:00+00:00,83.00200,83.92800,82.06900,82.50400,36017
2012-06-14 00:00:00+00:00,82.51400,84.42300,82.19500,84.22400,30787
2012-06-15 00:00:00+00:00,84.23400,84.73500,83.36200,84.12400,20115
2012-06-17 00:00:00+00:00,85.05600,85.56600,84.40700,84.77700,1276
2012-06-18 00:00:00+00:00,84.78700,85.18700,82.01400,83.02100,24529
2012-06-19 00:00:00+00:00,83.03100,84.33200,82.19000,83.90000,27745
2012-06-20 00:00:00+00:00,83.91000,84.31400,80.30000,80.37000,47692
2012-06-21 00:00:00+00:00,80.39000,80.68500,77.57400,78.06300,45681
2012-06-22 00:00:00+00:00,78.05300,80.01400,77.21100,79.79700,34389
2012-06-24 00:00:00+00:00,79.87200,80.35000,79.60400,79.72400,833
2012-06-25 00:00:00+00:00,79.70400,80.04500,77.72000,78.97900,30540
2012-06-26 00:00:00+00:00,78.96900,79.37500,78.06100,79.12100,30803
2012-06-27 00:00:00+00:00,79.11100,80.62300,78.38800,80.12000,29936
2012-06-28 00:00:00+00:00,80.11000,80.55500,77.01100,78.14000,37478
2012-06-29 00:00:00+00:00,78.12000,85.05600,78.04000,84.58900,51138
2012-07-01 00:00:00+00:00,84.39700,84.79600,84.02800,84.29800,909
2012-07-02 00:00:00+00:00,84.30800,84.30800,81.86400,83.10500,39459
2012-07-03 00:00:00+00:00,83.12500,87.80000,83.11500,87.43700,43499
2012-07-04 00:00:00+00:00,87.45700,87.50700,86.27400,86.65200,8376
2012-07-05 00:00:00+00:00,86.66200,88.76400,86.29100,86.71600,46287
2012-07-06 00:00:00+00:00,86.69600,86.92600,83.83300,83.93400,37571
2012-07-08 00:00:00+00:00,84.04100,84.30100,83.84100,84.21200,632
2012-07-09 00:00:00+00:00,84.20200,86.32800,84.09900,85.02400,31430
2012-07-10 00:00:00+00:00,85.03400,85.80900,83.51700,84.18900,36343
2012-07-11 00:00:00+00:00,84.16900,86.36500,83.98900,85.89900,41977
2012-07-12 00:00:00+00:00,85.86900,86.25900,84.10000,85.57300,30844
2012-07-13 00:00:00+00:00,85.58300,87.51200,85.52400,86.97400,27315
2012-07-15 00:00:00+00:00,87.06200,87.28200,86.99300,87.03300,357
2012-07-16 00:00:00+00:00,87.02300,88.42300,86.35000,88.07600,23607
2012-07-17 00:00:00+00:00,88.09600,89.41500,87.36500,88.99900,30795
2012-07-18 00:00:00+00:00,88.98900,90.00800,88.55300,89.78200,23659
2012-07-19 00:00:00+00:00,89.79200,92.85700,89.78200,92.04400,31115
2012-07-20 00:00:00+00:00,92.05400,92.24400,90.54600,91.32700,29216
2012-07-22 00:00:00+00:00,91.26100,91.29100,90.83300,90.90300,534
2012-07-23 00:00:00+00:00,90.89300,91.01300,87.43700,87.66700,37613
2012-07-24 00:00:00+00:00,87.67700,88.77200,87.11500,87.91700,40860
2012-07-25 00:00:00+00:00,87.89700,89.05200,86.53900,88.44700,38828
2012-07-26 00:00:00+00:00,88.45700,90.16700,87.77300,88.86700,34742
2012-07-27 00:00:00+00:00,88.85700,90.16100,88.83700,89.97300,29073
2012-07-29 00:00:00+00:00,89.87700,89.97700,89.73800,89.75800,254
2012-07-30 00:00:00+00:00,89.76800,90.68700,89.07800,89.38100,21944
2012-07-31 00:00:00+00:00,89.39100,90.05500,87.07600,87.49700,34597
2012-08-01 00:00:00+00:00,87.54700,89.24100,87.27800,88.51600,35824
2012-08-02 00:00:00+00:00,88.52600,89.40900,86.70600,87.23000,44470
2012-08-03 00:00:00+00:00,87.22000,91.52700,87.09100,91.18100,41489
2012-08-05 00:00:00+00:00,91.15400,91.28400,90.76600,91.07600,699
2012-08-06 00:00:00+00:00,91.05600,92.15200,90.45100,91.69600,24217
2012-08-07 00:00:00+00:00,91.71600,94.25000,91.60900,93.12500,26978
2012-08-08 00:00:00+00:00,93.13500,94.56000,92.66100,93.15700,31255
2012-08-09 00:00:00+00:00,93.16700,94.06300,92.92200,93.39900,27424
2012-08-10 00:00:00+00:00,93.37900,93.39900,91.57700,93.25900,25521
2012-08-12 00:00:00+00:00,93.14400,93.28400,93.00400,93.13500,271
2012-08-13 00:00:00+00:00,93.12500,94.04000,91.95300,92.49700,31351
2012-08-14 00:00:00+00:00,92.50700,93.83300,92.47700,93.05800,24029
2012-08-15 00:00:00+00:00,93.06800,94.82600,92.60500,94.29900,27509
2012-08-16 00:00:00+00:00,94.27900,95.68800,93.86300,95.24100,23591
2012-08-17 00:00:00+00:00,95.25100,96.22900,94.92400,96.16100,17257
2012-08-19 00:00:00+00:00,96.21000,96.27000,96.00100,96.07200,229
2012-08-20 00:00:00+00:00,96.08200,96.40400,94.90500,95.75700,20306
2012-08-21 00:00:00+00:00,95.76700,97.43700,95.72700,96.44700,24063
2012-08-22 00:00:00+00:00,96.45700,97.14500,95.86700,96.95900,28585
2012-08-23 00:00:00+00:00,96.97800,97.89900,95.37500,95.54800,28444
2012-08-24 00:00:00+00:00,95.55800,96.80100,95.04400,95.73900,23899
2012-08-26 00:00:00+00:00,96.33400,96.73300,96.11500,96.43500,1146
2012-08-27 00:00:00+00:00,96.41500,97.38200,94.09000,95.36200,29734
2012-08-28 00:00:00+00:00,95.37200,96.22600,94.82500,95.86300,27438
2012-08-29 00:00:00+00:00,95.84400,96.07000,94.46600,94.86000,24874
2012-08-30 00:00:00+00:00,94.84000,95.31600,93.67200,94.30500,21784
2012-08-31 00:00:00+00:00,94.31500,96.64800,94.23500,96.29100,30433
2012-09-02 00:00:00+00:00,96.13900,96.29800,95.93000,95.96000,307
2012-09-03 00:00:00+00:00,95.95000,97.06700,95.77100,96.64200,5446
2012-09-04 00:00:00+00:00,96.65200,97.14600,94.75700,95.15900,27907
2012-09-05 00:00:00+00:00,95.16900,95.86000,94.05900,95.58100,29298
2012-09-06 00:00:00+00:00,95.57100,97.51600,94.36600,94.64600,39653
2012-09-07 00:00:00+00:00,94.63700,96.56200,93.90600,96.11600,37265
2012-09-09 00:00:00+00:00,96.09300,96.20300,96.01300,96.14400,226
2012-09-10 00:00:00+00:00,96.15400,96.49400,95.20300,96.12700,22995
2012-09-11 00:00:00+00:00,96.10700,97.18400,95.95100,96.77000,21367
2012-09-12 00:00:00+00:00,96.76000,97.94400,96.19900,96.84300,28215
2012-09-13 00:00:00+00:00,96.83300,98.47900,96.41300,98.06600,39019
2012-09-14 00:00:00+00:00,98.04600,100.32900,98.03600,98.97700,29087
2012-09-16 00:00:00+00:00,99.09500,99.16500,98.77600,98.92600,372
2012-09-17 00:00:00+00:00,98.93600,99.47400,94.60900,96.94100,43585
2012-09-18 00:00:00+00:00,96.93100,97.19300,95.08200,95.43100,25819
2012-09-19 00:00:00+00:00,95.46100,96.17200,91.24200,91.89300,53592
2012-09-20 00:00:00+00:00,91.87300,92.78800,90.65900,92.53000,33761
2012-09-21 00:00:00+00:00,92.54000,93.54200,92.29700,92.66800,25328
2012-09-23 00:00:00+00:00,92.90600,92.90600,92.55700,92.62800,270
2012-09-24 00:00:00+00:00,92.61800,92.61800,90.79900,91.84000,25712
2012-09-25 00:00:00+00:00,91.83000,92.94100,90.32200,90.61200,30865
2012-09-26 00:00:00+00:00,90.62200,91.09200,88.71300,90.06300,34943
2012-09-27 00:00:00+00:00,90.07300,92.15600,89.64500,91.99700,30773
2012-09-28 00:00:00+00:00,92.00700,92.48000,91.17400,91.87600,26555
2012-09-30 00:00:00+00:00,91.94500,91.97500,91.24700,91.31700,726
2012-10-01 00:00:00+00:00,91.30700,93.12800,91.05900,92.24400,27591
2012-10-02 00:00:00+00:00,92.23400,92.74800,91.38500,91.47500,21402
2012-10-03 00:00:00+00:00,91.49500,91.63700,87.53000,88.18100,41638
2012-10-04 00:00:00+00:00,88.17100,91.67100,87.74200,91.30400,35611
2012-10-05 00:00:00+00:00,91.32400,91.54800,88.85500,89.76500,36637
2012-10-07 00:00:00+00:00,89.71400,89.74300,89.46400,89.53500,384
2012-10-08 00:00:00+00:00,89.55500,89.90300,88.08100,89.86300,21643
2012-10-09 00:00:00+00:00,89.85300,92.78600,89.16700,91.77000,41677
2012-10-10 00:00:00+00:00,91.78000,93.54300,90.90800,91.15000,37013
2012-10-11 00:00:00+00:00,91.16000,92.83400,90.98000,92.35800,31857
2012-10-12 00:00:00+00:00,92.38800,92.54300,91.06600,91.54700,26464
2012-10-14 00:00:00+00:00,91.55600,91.62600,90.99700,91.03700,620
2012-10-15 00:00:00+00:00,91.04700,92.13100,89.72400,91.66600,28750
2012-10-16 00:00:00+00:00,91.64600,92.70400,91.24100,92.42500,24608
2012-10-17 00:00:00+00:00,92.41500,92.80000,91.50100,91.94400,22795
2012-10-18 00:00:00+00:00,91.92400,92.55100,90.62000,92.08100,21987
2012-10-19 00:00:00+00:00,92.06100,93.07400,89.79100,90.20100,34060
2012-10-21 00:00:00+00:00,89.67800,89.99700,89.48000,89.55000,848
2012-10-22 00:00:00+00:00,89.53000,90.90000,88.21500,88.88500,37079
2012-10-23 00:00:00+00:00,88.86500,88.88500,85.35600,86.35700,38546
2012-10-24 00:00:00+00:00,86.36700,87.13700,84.62200,85.45200,40127
2012-10-25 00:00:00+00:00,85.44200,86.43500,84.92200,85.87200,28208
2012-10-26 00:00:00+00:00,85.86200,86.07100,84.70000,85.94300,29573
2012-10-28 00:00:00+00:00,86.15600,86.15600,85.50900,85.67900,691
2012-10-29 00:00:00+00:00,85.68900,86.07400,84.40100,85.03200,18913
2012-10-30 00:00:00+00:00,85.04200,85.98600,84.86500,85.46300,14324
2012-10-31 00:00:00+00:00,85.47300,86.94600,85.36400,85.88400,24998
2012-11-01 00:00:00+00:00,85.89400,87.18800,85.68500,86.66400,24603
2012-11-02 00:00:00+00:00,86.67300,87.01900,84.44800,84.57900,33822
2012-11-04 00:00:00+00:00,84.46400,84.71300,84.41400,84.59400,432
2012-11-05 00:00:00+00:00,84.60400,85.72200,84.15900,85.61400,23099
2012-11-06 00:00:00+00:00,85.60400,89.04600,85.24900,88.09100,33221
2012-11-07 00:00:00+00:00,88.07100,88.63400,83.89800,84.52900,49595
2012-11-08 00:00:00+00:00,84.53900,85.55400,84.07800,84.89000,33629
2012-11-09 00:00:00+00:00,84.88000,86.63600,83.99800,86.03900,34189
2012-11-11 00:00:00+00:00,86.08300,86.18400,85.92400,85.99400,284
2012-11-12 00:00:00+00:00,86.00400,86.44100,85.17400,85.32700,25009
2012-11-13 00:00:00+00:00,85.31700,85.86400,84.48500,85.15900,26716
2012-11-14 00:00:00+00:00,85.13900,86.57700,84.85600,86.37100,29934
2012-11-15 00:00:00+00:00,86.34100,86.90400,84.76400,85.43400,31350
2012-11-16 00:00:00+00:00,85.44400,87.05500,85.08000,86.65800,30343
2012-11-18 00:00:00+00:00,86.98700,87.36600,86.79800,87.26600,635
2012-11-19 00:00:00+00:00,87.29600,89.48600,87.13700,88.62100,28308
2012-11-20 00:00:00+00:00,88.61200,88.88200,85.87800,87.04700,35602
2012-11-21 00:00:00+00:00,87.03700,87.60000,86.08700,87.41500,27376
2012-11-22 00:00:00+00:00,87.39500,87.47600,86.66700,86.79700,3972
2012-11-23 00:00:00+00:00,86.78700,88.25900,86.43900,87.99100,12170
2012-11-25 00:00:00+00:00,87.96300,88.04300,87.86300,87.89300,218
2012-11-26 00:00:00+00:00,87.90300,88.04600,87.03200,87.60400,18667
2012-11-27 00:00:00+00:00,87.61400,88.01600,86.60300,86.78600,23825
2012-11-28 00:00:00+00:00,86.79600,87.03700,85.14600,86.41700,27855
2012-11-29 00:00:00+00:00,86.42700,88.47800,86.37700,87.45400,27303
2012-11-30 00:00:00+00:00,87.44900,88.78400,87.37000,88.70800,33196
2012-12-02 00:00:00+00:00,88.70800,88.92500,88.61100,88.81600,706
2012-12-03 00:00:00+00:00,88.82100,90.15000,88.49100,88.89100,37014
2012-12-04 00:00:00+00:00,88.89600,89.01000,87.41200,88.22700,38901
2012-12-05 00:00:00+00:00,88.23200,88.88900,87.31500,87.69800,38448
2012-12-06 00:00:00+00:00,87.69300,88.09200,85.54900,86.24500,41162
2012-12-07 00:00:00+00:00,86.24000,86.78500,85.64900,85.88400,37852
2012-12-09 00:00:00+00:00,85.83900,86.04600,85.81900,86.00600,414
2012-12-10 00:00:00+00:00,86.01200,86.67400,85.23800,85.54000,29976
2012-12-11 00:00:00+00:00,85.53500,86.26900,85.12500,85.75900,30735
2012-12-12 00:00:00+00:00,85.75400,87.59500,85.63900,86.64800,35469
2012-12-13 00:00:00+00:00,86.64300,86.89500,85.74200,86.27000,30950
2012-12-14 00:00:00+00:00,86.27800,86.84800,85.99400,86.81600,31621
2012-12-16 00:00:00+00:00,87.05200,87.07100,86.94600,86.95700,532
2012-12-17 00:00:00+00:00,86.95200,87.66200,86.45100,87.33800,26057
2012-12-18 00:00:00+00:00,87.34300,88.11300,87.17800,87.93400,26135
2012-12-19 00:00:00+00:00,87.92900,89.81700,87.75800,89.14700,29557
2012-12-20 00:00:00+00:00,89.14200,90.04300,88.77700,89.54900,32559
2012-12-21 00:00:00+00:00,89.55400,89.56400,87.49400,88.43400,34949
2012-12-23 00:00:00+00:00,88.34400,88.40900,88.18000,88.18000,379
2012-12-24 00:00:00+00:00,88.18800,88.35100,87.77100,88.13700,11718
2012-12-26 00:00:00+00:00,88.13700,90.88700,88.13700,90.47900,18609
2012-12-27 00:00:00+00:00,90.47400,91.09100,89.66800,90.99200,29661
2012-12-28 00:00:00+00:00,90.98400,91.10700,89.95100,90.33800,25915
2012-12-30 00:00:00+00:00,90.15700,90.37400,90.02500,90.29900,617
2012-12-31 00:00:00+00:00,90.29400,91.31200,89.67400,91.09000,18923
2013-01-02 00:00:00+00:00,91.55500,93.54400,91.51100,92.42700,35443
2013-01-03 00:00:00+00:00,92.43200,93.00100,92.19400,92.48200,30481
2013-01-04 00:00:00+00:00,92.47200,92.87900,91.25700,92.81000,33931
2013-01-06 00:00:00+00:00,92.95600,92.96600,92.73200,92.82200,648
2013-01-07 00:00:00+00:00,92.82700,93.11100,92.21200,93.04400,27642
2013-01-08 00:00:00+00:00,93.05100,93.57300,92.45800,92.97000,32995
2013-01-09 00:00:00+00:00,92.96500,93.43500,92.48300,92.98700,30758
2013-01-10 00:00:00+00:00,92.99200,94.50100,92.88900,93.88100,34180
2013-01-11 00:00:00+00:00,93.88600,93.88600,92.46200,93.53400,31647
2013-01-12 00:00:00+00:00,93.53400,93.53400,93.53400,93.53400,1
2013-01-13 00:00:00+00:00,93.52000,93.70400,93.52000,93.68900,754
2013-01-14 00:00:00+00:00,93.69400,94.14900,92.84400,93.99800,35243
2013-01-15 00:00:00+00:00,94.00300,94.33700,93.11500,93.35200,31556
2013-01-16 00:00:00+00:00,93.35700,94.25700,93.01900,94.02800,25152
2013-01-17 00:00:00+00:00,94.03300,95.96400,93.72800,95.10200,26133
2013-01-18 00:00:00+00:00,95.09400,95.61200,94.85400,95.31000,31645
2013-01-20 00:00:00+00:00,95.29700,95.36700,95.23700,95.36700,352
2013-01-21 00:00:00+00:00,95.36200,95.47900,95.04800,95.35800,11068
2013-01-22 00:00:00+00:00,95.36300,96.43000,95.02000,96.31900,32656
2013-01-23 00:00:00+00:00,96.31400,96.47200,94.52900,95.04500,31434
2013-01-24 00:00:00+00:00,95.04000,96.25100,94.69700,95.54800,33419
2013-01-25 00:00:00+00:00,95.55300,96.14000,95.03300,95.62700,30326
2013-01-27 00:00:00+00:00,95.64900,95.68400,95.52500,95.57000,303
2013-01-28 00:00:00+00:00,95.56500,96.44100,95.11600,96.18300,24564
2013-01-29 00:00:00+00:00,96.17800,97.46500,95.94600,97.04100,31889
2013-01-30 00:00:00+00:00,97.04600,97.89600,97.00600,97.67400,33484
2013-01-31 00:00:00+00:00,97.66900,97.70500,96.52200,97.33100,31905
2013-02-01 00:00:00+00:00,97.33600,97.83800,96.21400,97.28100,38492
2013-02-03 00:00:00+00:00,97.47600,97.47700,97.30300,97.33100,311
2013-02-04 00:00:00+00:00,97.31900,97.37000,95.64600,95.74800,26052
2013-02-05 00:00:00+00:00,95.75300,96.82500,95.66900,96.41700,24863
2013-02-06 00:00:00+00:00,96.42200,96.76200,94.82000,96.60700,27290
2013-02-07 00:00:00+00:00,96.61200,96.99600,95.34200,95.62500,32649
2013-02-08 00:00:00+00:00,95.62000,96.37300,95.08800,95.59400,26686
2013-02-10 00:00:00+00:00,95.65800,95.70100,95.58200,95.60700,252
2013-02-11 00:00:00+00:00,95.60200,96.94200,94.83200,96.79500,25022
2013-02-12 00:00:00+00:00,96.79000,97.65300,96.55100,97.47000,25889
2013-02-13 00:00:00+00:00,97.47500,97.98900,96.53900,97.06000,26236
2013-02-14 00:00:00+00:00,97.05500,97.62900,96.71100,97.27200,21384
2013-02-15 00:00:00+00:00,97.27700,97.40900,95.16100,95.87900,27963
2013-02-17 00:00:00+00:00,95.81200,95.89200,95.41800,95.58900,768
2013-02-18 00:00:00+00:00,95.58400,95.91300,95.19000,95.37400,10431
2013-02-19 00:00:00+00:00,95.37900,96.62900,95.25700,96.53100,21421
2013-02-20 00:00:00+00:00,96.52600,96.94800,93.72700,94.11300,40912
2013-02-21 00:00:00+00:00,94.11800,94.31300,92.15000,92.56000,45139
2013-02-22 00:00:00+00:00,92.55500,92.99500,91.96400,92.87500,40824
2013-02-24 00:00:00+00:00,92.83200,92.90200,92.70300,92.84300,828
2013-02-25 00:00:00+00:00,92.84800,94.02700,91.61600,91.67600,53625
2013-02-26 00:00:00+00:00,91.67100,93.02400,91.67100,92.37100,53092
2013-02-27 00:00:00+00:00,92.37600,92.98900,91.80400,92.62300,39768
2013-02-28 00:00:00+00:00,92.62800,92.80900,91.22100,91.52100,41323
2013-03-01 00:00:00+00:00,91.52600,91.61600,89.70900,90.59500,47321
2013-03-03 00:00:00+00:00,90.47200,90.49700,90.22800,90.28800,763
2013-03-04 00:00:00+00:00,90.28300,90.61700,89.05500,90.01200,41320
2013-03-05 00:00:00+00:00,90.00700,90.71800,89.76300,90.56000,35008
2013-03-06 00:00:00+00:00,90.56500,90.90300,89.31000,90.21700,35714
2013-03-07 00:00:00+00:00,90.21200,91.47700,89.98200,91.21000,34938
2013-03-08 00:00:00+00:00,91.20500,91.79800,90.61300,91.64600,38710
2013-03-10 00:00:00+00:00,91.68400,91.68400,91.41900,91.48900,542
2013-03-11 00:00:00+00:00,91.48400,91.95500,90.70900,91.88200,24987
2013-03-12 00:00:00+00:00,91.87700,93.24600,91.40600,92.38400,31463
2013-03-13 00:00:00+00:00,92.38900,93.14300,91.65000,92.03400,33925
2013-03-14 00:00:00+00:00,92.04200,93.07500,91.75700,93.01100,26352
2013-03-15 00:00:00+00:00,93.00600,93.59100,92.75700,93.33800,30589
2013-03-17 00:00:00+00:00,93.03200,93.03200,92.23800,92.29700,2395
2013-03-18 00:00:00+00:00,92.29200,93.76400,91.60000,93.62500,41460
2013-03-19 00:00:00+00:00,93.63000,93.92400,91.83800,92.01000,46294
2013-03-20 00:00:00+00:00,92.01500,93.07600,91.93100,92.75700,41323
2013-03-21 00:00:00+00:00,92.75200,92.96900,91.34100,92.13100,35907
2013-03-22 00:00:00+00:00,92.12600,93.44700,91.84300,93.37800,34561
2013-03-24 00:00:00+00:00,93.27000,93.50100,93.25100,93.49600,728
2013-03-25 00:00:00+00:00,93.49100,95.20200,93.44100,94.27300,36842
2013-03-26 00:00:00+00:00,94.26800,96.00700,94.22900,95.71200,34654
2013-03-27 00:00:00+00:00,95.70700,96.41100,95.16200,96.24100,40575
2013-03-28 00:00:00+00:00,96.23600,96.93500,95.85600,96.79800,32618
2013-03-31 00:00:00+00:00,97.05200,97.40500,96.74800,96.85400,1728
2013-04-01 00:00:00+00:00,96.85100,96.86100,95.58800,96.52100,28651
2013-04-02 00:00:00+00:00,96.52600,97.10700,95.58800,96.42800,34561
2013-04-03 00:00:00+00:00,96.43300,96.58800,93.88300,94.07900,43562
2013-04-04 00:00:00+00:00,94.08400,94.54300,91.84500,93.15500,61970
2013-04-05 00:00:00+00:00,93.15000,93.25500,91.63700,92.72900,42013
2013-04-07 00:00:00+00:00,92.60100,92.74100,92.47700,92.61700,1340
2013-04-08 00:00:00+00:00,92.62200,93.50300,92.22300,93.23100,32618
2013-04-09 00:00:00+00:00,93.23600,94.23700,92.63700,93.78100,34544
2013-04-10 00:00:00+00:00,93.78600,94.59300,93.19600,94.25600,36505
2013-04-11 00:00:00+00:00,94.25100,94.44000,92.87600,93.29700,35778
2013-04-12 00:00:00+00:00,93.30200,93.31700,90.13400,90.65200,53658
2013-04-13 00:00:00+00:00,90.65200,90.65200,90.65200,90.65200,2
2013-04-14 00:00:00+00:00,90.70100,90.71500,90.34700,90.42700,1542
2013-04-15 00:00:00+00:00,90.42200,90.54700,87.01100,87.18100,79337
2013-04-16 00:00:00+00:00,87.18600,88.94400,85.98300,88.80000,87044
2013-04-17 00:00:00+00:00,88.79500,88.86100,85.94500,86.18900,82820
2013-04-18 00:00:00+00:00,86.19400,88.37500,85.50800,88.06800,82239
2013-04-19 00:00:00+00:00,88.07800,88.66100,87.42900,87.83700,64788
2013-04-21 00:00:00+00:00,87.94800,88.05400,87.80400,87.86500,1270
2013-04-22 00:00:00+00:00,87.87200,89.12000,87.34400,89.03200,70702
2013-04-23 00:00:00+00:00,89.03700,89.29200,87.47300,88.99500,83488
2013-04-24 00:00:00+00:00,89.00000,91.36600,88.88000,91.16900,69287
2013-04-25 00:00:00+00:00,91.17400,93.52200,90.79700,92.94800,66303
2013-04-26 00:00:00+00:00,92.94300,93.24200,91.74300,92.57000,63960
2013-04-28 00:00:00+00:00,92.47700,92.55100,92.27800,92.32400,1063
2013-04-29 00:00:00+00:00,92.32900,94.33500,92.11600,94.03400,50241
2013-04-30 00:00:00+00:00,94.02900,94.27600,92.55200,92.86200,65449
2013-05-01 00:00:00+00:00,92.85700,92.90100,89.79600,90.56500,75876
2013-05-02 00:00:00+00:00,90.55500,93.93400,90.34900,93.57400,77371
2013-05-03 00:00:00+00:00,93.56900,95.70900,93.25900,95.15900,71732
2013-05-05 00:00:00+00:00,95.28100,96.67000,95.28100,96.61000,3942
2013-05-06 00:00:00+00:00,96.61500,96.85400,94.61100,95.42700,60037
2013-05-07 00:00:00+00:00,95.43200,96.00800,94.69200,95.22400,64721
2013-05-08 00:00:00+00:00,95.21900,96.52100,95.00000,96.27700,60687
2013-05-09 00:00:00+00:00,96.27200,96.51700,95.15200,95.92200,52336
2013-05-10 00:00:00+00:00,95.92900,96.03800,93.18700,95.67300,71502
2013-05-12 00:00:00+00:00,95.55100,95.56600,95.35300,95.35800,1281
2013-05-13 00:00:00+00:00,95.36300,95.54700,94.29900,95.06000,59389
2013-05-14 00:00:00+00:00,95.05500,95.49100,93.72400,94.21900,57891
2013-05-15 00:00:00+00:00,94.20900,94.30800,92.02500,94.14000,69274
2013-05-16 00:00:00+00:00,94.13500,95.44700,93.14300,94.96800,62859
2013-05-17 00:00:00+00:00,94.97300,96.36300,94.69200,95.80400,54436
2013-05-19 00:00:00+00:00,95.95300,96.17000,95.44800,95.79700,2278
2013-05-20 00:00:00+00:00,95.80200,97.00100,95.14100,96.46600,65565
2013-05-21 00:00:00+00:00,96.47100,96.88700,95.20100,95.33100,71841
2013-05-22 00:00:00+00:00,95.33600,95.86900,93.57700,93.67700,98958
2013-05-23 00:00:00+00:00,93.68200,94.15500,91.91700,93.83700,101040
2013-05-24 00:00:00+00:00,93.84200,94.04000,92.74600,93.54700,73142
2013-05-26 00:00:00+00:00,93.59700,93.61900,93.22500,93.27100,2173
2013-05-27 00:00:00+00:00,93.26600,93.78900,92.97200,93.58100,18697
2013-05-28 00:00:00+00:00,93.58500,95.66100,93.28400,94.51900,69398
2013-05-29 00:00:00+00:00,94.52400,94.98400,92.53100,92.65100,75240
2013-05-30 00:00:00+00:00,92.65600,93.74600,91.45600,93.17600,76925
2013-05-31 00:00:00+00:00,93.18100,93.60600,91.39100,91.47100,68905
2013-06-02 00:00:00+00:00,91.60700,91.63200,91.12400,91.26900,2335
2013-06-03 00:00:00+00:00,91.27400,93.49500,91.20200,92.96500,79998
2013-06-04 00:00:00+00:00,92.96000,94.23000,92.21800,93.56500,73706
2013-06-05 00:00:00+00:00,93.57000,94.30700,93.24900,93.60300,71481
2013-06-06 00:00:00+00:00,93.59800,95.11700,93.51000,94.59300,64580
2013-06-07 00:00:00+00:00,94.58800,96.22200,93.60600,96.05400,74899
2013-06-09 00:00:00+00:00,96.04600,96.12600,95.93700,96.10200,803
2013-06-10 00:00:00+00:00,96.09700,96.11700,95.08500,95.71100,48451
2013-06-11 00:00:00+00:00,95.70600,95.77200,93.95200,94.77800,57335
2013-06-12 00:00:00+00:00,94.78300,96.31300,94.34200,95.50900,59859
2013-06-13 00:00:00+00:00,95.50400,96.81600,94.92900,96.56400,54627
2013-06-14 00:00:00+00:00,96.55900,98.14800,96.32100,97.77700,56818
2013-06-16 00:00:00+00:00,97.76900,97.77400,97.55600,97.61600,1432
2013-06-17 00:00:00+00:00,97.62000,98.65100,97.31300,97.80300,63747
2013-06-18 00:00:00+00:00,97.79800,98.59400,97.36800,98.43500,48706
2013-06-19 00:00:00+00:00,98.44000,98.92100,97.48100,97.50600,66880
2013-06-20 00:00:00+00:00,97.51500,97.61100,94.37200,94.60800,124399
2013-06-21 00:00:00+00:00,94.60300,95.57300,92.86300,93.63300,107338
2013-06-23 00:00:00+00:00,93.55900,93.62000,93.21500,93.61000,2347
2013-06-24 00:00:00+00:00,93.60500,95.35200,92.44500,94.61600,98608
2013-06-25 00:00:00+00:00,94.62000,95.93700,94.36800,94.83800,79773
2013-06-26 00:00:00+00:00,94.83300,95.47900,93.46700,95.20100,94482
2013-06-27 00:00:00+00:00,95.19600,97.19200,95.14100,96.61600,83937
2013-06-28 00:00:00+00:00,96.62100,97.60700,96.13100,96.25400,86141
2013-06-30 00:00:00+00:00,96.37600,96.39100,96.05200,96.23200,2099
2013-07-01 00:00:00+00:00,96.21700,98.09400,95.89300,97.81300,79797
2013-07-02 00:00:00+00:00,97.80600,100.46100,97.59900,100.36700,83180
2013-07-03 00:00:00+00:00,100.37200,102.01000,100.15200,101.12400,109919
2013-07-04 00:00:00+00:00,101.11900,101.44200,100.54400,101.24800,31945
2013-07-05 00:00:00+00:00,101.24300,103.32200,100.74900,103.30700,99790
2013-07-07 00:00:00+00:00,103.61000,103.84000,103.38100,103.61100,1991
2013-07-08 00:00:00+00:00,103.60600,103.66300,102.00800,102.90000,83034
2013-07-09 00:00:00+00:00,102.90500,104.21000,102.20500,103.87500,73299
2013-07-10 00:00:00+00:00,103.87000,106.13500,103.67000,105.77500,105280
2013-07-11 00:00:00+00:00,105.78000,106.52500,103.73000,103.92000,86282
2013-07-12 00:00:00+00:00,103.92500,105.75000,103.89500,105.68000,68090
2013-07-14 00:00:00+00:00,105.63000,105.67000,105.24800,105.31500,5597
2013-07-15 00:00:00+00:00,105.31000,106.19500,104.27500,106.04000,60606
2013-07-16 00:00:00+00:00,106.03500,106.78500,105.39000,105.49500,65771
2013-07-17 00:00:00+00:00,105.50000,106.46500,104.79500,106.14000,62731
2013-07-18 00:00:00+00:00,106.14500,108.19500,105.93000,107.79500,54621
2013-07-19 00:00:00+00:00,107.79000,108.92500,106.92500,108.21000,87767
2013-07-21 00:00:00+00:00,108.10500,108.29500,107.90500,108.15500,2148
2013-07-22 00:00:00+00:00,108.15000,108.59500,106.49500,107.01000,84514
2013-07-23 00:00:00+00:00,107.01500,107.52000,105.46500,107.45000,75094
2013-07-24 00:00:00+00:00,107.44500,107.49500,104.79500,105.19000,67879
2013-07-25 00:00:00+00:00,105.18500,105.86500,104.08500,105.48000,83408
2013-07-26 00:00:00+00:00,105.48500,105.63500,103.90500,104.62000,62911
2013-07-28 00:00:00+00:00,104.68000,104.89000,104.39000,104.55000,1540
2013-07-29 00:00:00+00:00,104.54500,105.37000,103.87500,104.22900,62593
2013-07-30 00:00:00+00:00,104.23400,104.50600,102.76300,103.17000,54086
2013-07-31 00:00:00+00:00,103.17500,105.21600,102.87600,105.14400,74992
2013-08-01 00:00:00+00:00,105.17500,107.69500,105.09900,107.48100,73855
2013-08-02 00:00:00+00:00,107.48600,108.49600,106.34000,106.77000,68126
2013-08-04 00:00:00+00:00,106.65200,106.85300,106.54100,106.58100,1632
2013-08-05 00:00:00+00:00,106.58600,107.55700,105.55800,106.32100,59224
2013-08-06 00:00:00+00:00,106.32600,107.16400,104.89300,105.54300,68896
2013-08-07 00:00:00+00:00,105.54900,105.75400,104.18500,104.34900,63161
2013-08-08 00:00:00+00:00,104.35400,105.04500,102.36500,103.70800,59089
2013-08-09 00:00:00+00:00,103.70300,105.87900,103.59000,105.87800,61676
2013-08-11 00:00:00+00:00,105.62500,105.69000,105.43300,105.50800,1307
2013-08-12 00:00:00+00:00,105.50300,106.25900,104.80100,106.17800,60690
2013-08-13 00:00:00+00:00,106.18300,107.09800,105.65800,106.57700,69599
2013-08-14 00:00:00+00:00,106.58200,107.27900,105.82200,107.25400,60431
2013-08-15 00:00:00+00:00,107.25900,108.01700,106.74600,107.56000,62152
2013-08-16 00:00:00+00:00,107.56500,108.43000,106.87200,108.01500,54665
2013-08-18 00:00:00+00:00,107.88700,107.99800,107.37400,107.66000,2291
2013-08-19 00:00:00+00:00,107.66500,107.96800,106.72400,107.27000,59998
2013-08-20 00:00:00+00:00,107.27500,107.38200,105.04100,105.41000,80387
2013-08-21 00:00:00+00:00,105.41500,105.70000,103.89400,103.99600,77180
2013-08-22 00:00:00+00:00,103.99100,105.62600,103.94100,105.41900,65844
2013-08-23 00:00:00+00:00,105.42400,107.30600,104.67300,106.73700,71223
2013-08-25 00:00:00+00:00,107.17100,107.69300,107.15100,107.52100,2701
2013-08-26 00:00:00+00:00,107.52600,107.55600,105.88700,106.62000,55391
2013-08-27 00:00:00+00:00,106.62500,110.12800,106.20900,109.96200,93407
2013-08-28 00:00:00+00:00,109.96700,112.56100,109.47900,109.61200,136623
2013-08-29 00:00:00+00:00,109.60700,110.35500,107.05200,107.27200,95199
2013-08-30 00:00:00+00:00,107.27700,109.03400,107.20700,107.95200,94479
2013-09-01 00:00:00+00:00,107.30800,107.30800,104.49700,106.19500,7491
2013-09-02 00:00:00+00:00,106.19000,107.54700,106.08400,106.98800,37156
2013-09-03 00:00:00+00:00,106.99300,109.05800,106.78600,108.62300,88958
2013-09-04 00:00:00+00:00,108.62800,108.66800,106.99000,107.58300,67967
2013-09-05 00:00:00+00:00,107.57800,108.85300,107.34300,108.40600,59234
2013-09-06 00:00:00+00:00,108.41100,110.89000,108.32300,110.43800,67732
2013-09-08 00:00:00+00:00,110.34400,110.34400,109.94400,110.07300,2460
2013-09-09 00:00:00+00:00,110.07800,110.61900,108.31300,108.61900,68700
2013-09-10 00:00:00+00:00,108.62400,109.07700,106.66800,107.35500,86604
2013-09-11 00:00:00+00:00,107.36000,108.20900,106.74700,107.82400,57211
2013-09-12 00:00:00+00:00,107.82900,109.31000,107.46800,108.89800,57494
2013-09-13 00:00:00+00:00,108.89300,108.92300,107.47500,108.88500,44856
2013-09-15 00:00:00+00:00,107.96800,108.01900,107.07000,107.58300,3649
2013-09-16 00:00:00+00:00,107.57800,108.25400,106.26500,106.28000,71998
2013-09-17 00:00:00+00:00,106.27000,106.87300,105.29400,105.60400,56571
2013-09-18 00:00:00+00:00,105.60900,108.67100,105.42700,108.45200,65810
2013-09-19 00:00:00+00:00,108.44500,109.03600,106.27300,106.36400,72901
2013-09-20 00:00:00+00:00,106.35900,106.95900,105.32600,105.68100,64134
2013-09-22 00:00:00+00:00,105.55800,105.58800,105.20000,105.29900,3445
2013-09-23 00:00:00+00:00,105.30400,105.87300,103.86400,104.10500,64118
2013-09-24 00:00:00+00:00,104.11000,104.36900,103.01200,104.11000,65209
2013-09-25 00:00:00+00:00,104.10500,104.65300,102.88000,102.99300,70096
2013-09-26 00:00:00+00:00,102.98700,103.95100,102.87600,103.41000,53132
2013-09-27 00:00:00+00:00,103.41700,104.40800,103.00300,103.46300,62101
2013-09-29 00:00:00+00:00,103.01300,103.01300,102.38100,102.56000,2771
2013-09-30 00:00:00+00:00,102.56500,103.31500,101.60600,102.90200,63747
2013-10-01 00:00:00+00:00,102.90200,103.11200,101.57700,102.14400,64992
2013-10-02 00:00:00+00:00,102.13800,104.73800,101.94500,104.17900,70899
2013-10-03 00:00:00+00:00,104.18400,104.86800,103.35200,103.52500,71233
2013-10-04 00:00:00+00:00,103.52000,104.65000,103.49000,104.10100,55865
2013-10-06 00:00:00+00:00,103.79800,103.97700,103.72300,103.88600,1071
2013-10-07 00:00:00+00:00,103.88100,104.12000,102.24600,103.51500,59637
2013-10-08 00:00:00+00:00,103.52000,104.43800,103.23000,103.97600,54713
2013-10-09 00:00:00+00:00,103.96600,104.09000,101.52500,101.89800,64370
2013-10-10 00:00:00+00:00,101.89300,103.85400,101.49000,103.18300,71212
2013-10-11 00:00:00+00:00,103.18900,103.27100,101.08600,102.29800,69395
2013-10-13 00:00:00+00:00,101.77600,101.98200,101.71600,101.93600,1223
2013-10-14 00:00:00+00:00,101.92600,103.11300,101.57800,102.81300,49706
2013-10-15 00:00:00+00:00,102.81800,102.98000,101.50200,101.81200,57643
2013-10-16 00:00:00+00:00,101.80700,103.57000,101.37300,102.80400,62962
2013-10-17 00:00:00+00:00,102.80900,102.94400,100.62200,101.36600,70795
2013-10-18 00:00:00+00:00,101.37100,102.37400,101.14600,101.54700,47782
2013-10-20 00:00:00+00:00,101.32200,101.45200,101.30200,101.43600,1638
2013-10-21 00:00:00+00:00,101.43100,101.58600,99.67400,99.73300,61899
2013-10-22 00:00:00+00:00,99.72800,100.64000,98.36200,98.42200,73933
2013-10-23 00:00:00+00:00,98.41700,98.61200,96.48400,97.45800,94739
2013-10-24 00:00:00+00:00,97.46300,98.00100,96.26200,97.53200,74981
2013-10-25 00:00:00+00:00,97.52700,98.35500,97.29700,98.17400,59848
2013-10-27 00:00:00+00:00,98.02000,98.02500,97.79800,97.80300,1286
2013-10-28 00:00:00+00:00,97.80800,99.08400,97.63700,98.70900,57614
2013-10-29 00:00:00+00:00,98.70400,98.77800,97.65600,97.82500,52078
2013-10-30 00:00:00+00:00,97.83000,98.07200,96.70100,96.71100,63953
2013-10-31 00:00:00+00:00,96.71600,97.26100,96.26300,96.56500,59065
2013-11-01 00:00:00+00:00,96.56000,96.86700,94.57600,94.83100,60781
2013-11-03 00:00:00+00:00,94.70300,94.84300,94.62800,94.70700,689
2013-11-04 00:00:00+00:00,94.71200,95.25400,94.23600,94.67700,46320
2013-11-05 00:00:00+00:00,94.68200,95.07600,93.27200,93.91200,39846
2013-11-06 00:00:00+00:00,93.93200,95.58700,93.87200,95.07300,43644
2013-11-07 00:00:00+00:00,95.06800,95.48900,94.00200,94.59300,56000
2013-11-08 00:00:00+00:00,94.59700,95.12000,94.09500,94.56600,45808
2013-11-10 00:00:00+00:00,94.65300,94.95300,94.65300,94.92800,708
2013-11-11 00:00:00+00:00,94.92300,95.56400,94.30600,95.19600,32370
2013-11-12 00:00:00+00:00,95.19100,95.40800,93.17200,93.47700,46900
2013-11-13 00:00:00+00:00,93.47200,94.93300,93.30700,94.06500,45620
2013-11-14 00:00:00+00:00,94.06000,94.90600,93.03800,94.46800,49968
2013-11-15 00:00:00+00:00,94.46300,95.01900,94.11100,94.26100,36312
2013-11-17 00:00:00+00:00,94.29600,94.37300,94.23800,94.28300,729
2013-11-18 00:00:00+00:00,94.27800,94.82000,93.27200,93.51300,34937
2013-11-19 00:00:00+00:00,93.51800,94.01500,93.11500,93.86100,53080
2013-11-20 00:00:00+00:00,93.85600,94.36800,93.14900,93.59500,50637
2013-11-21 00:00:00+00:00,93.59000,95.49500,93.36100,95.17200,51358
2013-11-22 00:00:00+00:00,95.16700,95.46300,93.95500,94.72500,59325
2013-11-24 00:00:00+00:00,93.77400,94.02300,93.54900,93.99400,2962
2013-11-25 00:00:00+00:00,93.98900,94.40600,92.98700,94.32200,63833
2013-11-26 00:00:00+00:00,94.31700,94.59800,93.35100,93.46100,43422
2013-11-27 00:00:00+00:00,93.45600,93.50100,91.68500,92.12600,47350
2013-11-28 00:00:00+00:00,92.12100,92.29900,91.98800,92.19900,11556
2013-11-29 00:00:00+00:00,92.19400,93.83000,92.04000,92.70600,31783
2013-12-01 00:00:00+00:00,92.61900,92.75900,92.57900,92.73400,621
2013-12-02 00:00:00+00:00,92.72900,94.12200,92.50100,93.98700,57291
2013-12-03 00:00:00+00:00,93.98200,96.99500,93.60400,96.94500,52826
2013-12-04 00:00:00+00:00,96.94000,97.47300,96.24700,96.97100,58813
2013-12-05 00:00:00+00:00,96.97600,97.88300,96.96600,97.40200,44951
2013-12-06 00:00:00+00:00,97.39700,98.00900,97.01700,97.70200,41331
2013-12-08 00:00:00+00:00,97.66600,97.71600,97.55600,97.63600,532
2013-12-09 00:00:00+00:00,97.64100,97.90300,96.98900,97.24400,35056
2013-12-10 00:00:00+00:00,97.24900,98.63200,97.24400,98.62700,44915
2013-12-11 00:00:00+00:00,98.62200,98.62200,97.16100,97.37700,41078
2013-12-12 00:00:00+00:00,97.38200,98.15900,97.31800,97.41300,30737
2013-12-13 00:00:00+00:00,97.41800,97.61900,96.29600,96.49700,33116
2013-12-15 00:00:00+00:00,96.65300,96.85000,96.65300,96.83000,1070
2013-12-16 00:00:00+00:00,96.83500,97.74300,96.28600,97.30500,29347
2013-12-17 00:00:00+00:00,97.31000,97.90800,97.03400,97.31200,24803
2013-12-18 00:00:00+00:00,97.31700,98.03700,97.05500,97.64300,42762
2013-12-19 00:00:00+00:00,97.63800,99.25900,97.57800,98.56300,41915
2013-12-20 00:00:00+00:00,98.56800,99.17600,98.32700,98.93300,42096
2013-12-22 00:00:00+00:00,98.97400,99.02200,98.96200,98.99700,342
2013-12-23 00:00:00+00:00,99.00200,99.11200,98.34000,98.42500,27539
2013-12-24 00:00:00+00:00,98.43000,99.11400,98.42000,99.02400,10976
2013-12-25 00:00:00+00:00,98.99000,98.99700,98.88200,98.90300,272
2013-12-26 00:00:00+00:00,98.89800,99.58800,98.87600,99.51300,17758
2013-12-27 00:00:00+00:00,99.51800,100.57200,99.19000,99.95400,26789
2013-12-29 00:00:00+00:00,99.98500,100.08800,99.98500,100.08800,201
2013-12-30 00:00:00+00:00,100.08300,100.26900,98.98500,99.19600,26563
2013-12-31 00:00:00+00:00,99.20100,99.23600,98.01200,98.48200,17021
2014-01-01 00:00:00+00:00,98.44300,98.64000,98.44300,98.56500,462
2014-01-02 00:00:00+00:00,98.57000,98.83200,95.22000,95.30100,49418
2014-01-03 00:00:00+00:00,95.29600,95.61100,93.74900,94.09900,43778
2014-01-05 00:00:00+00:00,94.08200,94.16500,93.95200,94.07700,825
2014-01-06 00:00:00+00:00,94.08200,94.48500,93.10900,93.58400,36646
2014-01-07 00:00:00+00:00,93.58900,94.12300,93.26300,93.87500,31244
2014-01-08 00:00:00+00:00,93.86500,94.08700,92.20900,92.48400,37222
2014-01-09 00:00:00+00:00,92.47900,92.89100,91.22700,92.29100,30792
2014-01-10 00:00:00+00:00,92.29600,93.30100,91.97100,92.80000,39298
2014-01-12 00:00:00+00:00,92.83700,92.86200,92.78200,92.79700,322
2014-01-13 00:00:00+00:00,92.79200,92.86200,91.42600,91.66100,25909
2014-01-14 00:00:00+00:00,91.65600,92.86500,91.62100,92.52200,27396
2014-01-15 00:00:00+00:00,92.52700,94.59000,92.40800,94.27200,28316
2014-01-16 00:00:00+00:00,94.26700,94.56600,93.52200,93.97400,25088
2014-01-17 00:00:00+00:00,93.97900,94.85500,93.84500,94.10400,25233
2014-01-19 00:00:00+00:00,94.08600,94.18100,94.02600,94.15100,351
2014-01-20 00:00:00+00:00,94.14700,94.14700,93.46700,93.74800,18191
2014-01-21 00:00:00+00:00,93.75300,95.27900,93.74800,95.00200,43800
2014-01-22 00:00:00+00:00,95.00700,96.70300,94.94200,96.44500,41624
2014-01-23 00:00:00+00:00,96.45200,97.65800,96.23600,97.05000,52441
2014-01-24 00:00:00+00:00,97.05500,97.62200,96.08700,96.71700,50046
2014-01-26 00:00:00+00:00,96.78400,96.99900,96.75200,96.94200,448
2014-01-27 00:00:00+00:00,96.93700,97.02300,95.06200,95.55800,42147
2014-01-28 00:00:00+00:00,95.55300,97.50900,95.50800,96.97200,33918
2014-01-29 00:00:00+00:00,96.96700,97.58600,96.19000,97.45700,51338
2014-01-30 00:00:00+00:00,97.46000,98.45000,97.21000,97.90600,45054
2014-01-31 00:00:00+00:00,97.91000,98.25800,96.97800,97.34200,67084
2014-02-02 00:00:00+00:00,97.34000,97.41000,97.08800,97.09500,617
2014-02-03 00:00:00+00:00,97.09500,97.82600,96.15800,96.53700,81982
2014-02-04 00:00:00+00:00,96.52800,97.71000,96.27100,97.59400,56266
2014-02-05 00:00:00+00:00,97.59600,98.08000,96.78800,97.47600,59054
2014-02-06 00:00:00+00:00,97.46800,98.78800,97.44200,98.06000,48075
2014-02-07 00:00:00+00:00,98.06000,100.26800,97.31400,100.11400,57554
2014-02-09 00:00:00+00:00,100.14000,100.43800,100.09600,100.31800,1166
2014-02-10 00:00:00+00:00,100.31800,100.47600,99.16000,99.93200,44680
2014-02-11 00:00:00+00:00,99.93200,100.54800,99.61600,100.39200,44243
2014-02-12 00:00:00+00:00,100.39600,101.35200,100.18000,100.37400,49324
2014-02-13 00:00:00+00:00,100.36800,100.80000,99.49600,100.46600,40421
2014-02-14 00:00:00+00:00,100.46000,100.78600,99.78400,100.65800,35465
2014-02-16 00:00:00+00:00,100.61400,101.35000,100.55000,101.07000,1041
2014-02-17 00:00:00+00:00,101.07600,101.33000,100.71000,101.06000,17280
2014-02-18 00:00:00+00:00,101.06000,103.12400,100.77200,102.92200,35393
2014-02-19 00:00:00+00:00,102.92600,103.74200,102.42400,103.30800,59275
2014-02-20 00:00:00+00:00,103.30200,103.47200,102.71600,103.20800,65816
2014-02-21 00:00:00+00:00,103.21400,103.26200,102.11600,102.77000,53260
2014-02-23 00:00:00+00:00,102.75600,102.91800,102.74000,102.90000,605
2014-02-24 00:00:00+00:00,102.90600,103.83000,102.35400,103.00600,59054
2014-02-25 00:00:00+00:00,103.00600,103.05800,101.38200,102.34000,62870
2014-02-26 00:00:00+00:00,102.34200,103.24400,101.93400,102.67400,64605
2014-02-27 00:00:00+00:00,102.67600,103.41400,102.19000,102.29200,40162
2014-02-28 00:00:00+00:00,102.28600,103.27000,102.12400,102.97200,51075
2014-03-02 00:00:00+00:00,103.51600,104.84400,103.44600,104.75600,5337
2014-03-03 00:00:00+00:00,104.76800,105.50000,103.94400,104.92400,95075
2014-03-04 00:00:00+00:00,104.91800,105.22400,103.11200,103.57200,74908
2014-03-05 00:00:00+00:00,103.56800,103.77400,101.15400,101.28600,74089
2014-03-06 00:00:00+00:00,101.27800,102.32000,100.52800,102.09200,62460
2014-03-07 00:00:00+00:00,102.09600,103.15600,101.85200,102.89600,53359
2014-03-09 00:00:00+00:00,102.97400,102.97400,102.55200,102.63200,999
2014-03-10 00:00:00+00:00,102.63800,102.76600,101.10000,101.15600,51564
2014-03-11 00:00:00+00:00,101.16000,101.73600,99.63000,99.75000,59411
2014-03-12 00:00:00+00:00,99.74600,99.85000,97.89000,98.45900,74294
2014-03-13 00:00:00+00:00,98.46400,98.96400,98.10700,98.53000,44363
2014-03-14 00:00:00+00:00,98.53500,99.63000,98.43300,99.27200,48055
2014-03-16 00:00:00+00:00,99.55600,99.55600,99.26200,99.32100,1011
2014-03-17 00:00:00+00:00,99.31800,99.40700,97.62400,98.13200,47016
2014-03-18 00:00:00+00:00,98.13600,99.58800,97.89800,99.08800,45793
2014-03-19 00:00:00+00:00,99.09200,99.84600,98.93800,99.74600,57728
2014-03-20 00:00:00+00:00,99.74400,100.03400,98.65800,99.24800,52945
2014-03-21 00:00:00+00:00,99.25400,100.82400,98.82000,100.07400,46193
2014-03-23 00:00:00+00:00,99.87800,100.00800,99.67800,99.73000,1349
2014-03-24 00:00:00+00:00,99.73400,100.81200,99.57200,99.87800,46101
2014-03-25 00:00:00+00:00,99.87200,100.74400,99.29600,99.76800,54145
2014-03-26 00:00:00+00:00,99.76400,100.93400,99.61800,100.64600,53760
2014-03-27 00:00:00+00:00,100.64900,102.16400,100.50100,101.82700,49039
2014-03-28 00:00:00+00:00,101.82100,102.69000,101.76500,102.05200,46661
2014-03-30 00:00:00+00:00,101.99800,102.01500,101.82300,101.82300,1002
2014-03-31 00:00:00+00:00,101.82800,102.36800,101.28500,101.80000,45764
2014-04-01 00:00:00+00:00,101.80300,101.85500,99.64700,99.98100,61562
2014-04-02 00:00:00+00:00,99.98300,100.18900,99.21700,99.66200,69544
2014-04-03 00:00:00+00:00,99.66700,100.82800,99.41500,100.67600,53148
2014-04-04 00:00:00+00:00,100.67800,101.95100,100.62900,101.43500,49768
2014-04-06 00:00:00+00:00,101.22300,101.34700,101.18300,101.32700,1159
2014-04-07 00:00:00+00:00,101.33200,101.58700,100.19100,101.03900,50406
2014-04-08 00:00:00+00:00,101.03600,102.88500,101.01800,102.50900,54907
2014-04-09 00:00:00+00:00,102.51500,103.74400,102.18500,103.31200,52436
2014-04-10 00:00:00+00:00,103.31500,103.75000,103.01800,103.09100,42699
2014-04-11 00:00:00+00:00,103.09600,104.09900,102.88100,103.16200,45197
2014-04-13 00:00:00+00:00,103.31800,103.84100,103.29800,103.79500,1935
2014-04-14 00:00:00+00:00,103.79000,104.29400,103.17000,103.49500,47355
2014-04-15 00:00:00+00:00,103.49000,104.04600,102.96800,103.79800,46342
2014-04-16 00:00:00+00:00,103.80300,104.87400,103.19600,103.88900,56590
2014-04-17 00:00:00+00:00,103.88400,104.66500,103.50000,104.40800,50587
2014-04-20 00:00:00+00:00,104.41700,104.41700,104.03000,104.04800,1147
2014-04-21 00:00:00+00:00,104.04000,104.49500,103.62100,104.14600,31461
2014-04-22 00:00:00+00:00,104.13900,104.21200,102.12700,102.53400,59476
2014-04-23 00:00:00+00:00,102.53900,102.68000,101.80800,102.20000,55282
2014-04-24 00:00:00+00:00,102.19500,102.93800,101.98500,102.44000,52655
2014-04-25 00:00:00+00:00,102.44200,102.62400,101.03700,101.19100,50928
2014-04-27 00:00:00+00:00,101.15900,101.38500,101.14600,101.25500,925
2014-04-28 00:00:00+00:00,101.25700,102.01100,100.81700,101.41400,55477
2014-04-29 00:00:00+00:00,101.40900,102.67700,101.02000,101.03500,47792
2014-04-30 00:00:00+00:00,101.03800,101.05800,99.79000,100.14500,61228
2014-05-01 00:00:00+00:00,100.15200,100.30100,99.15900,99.75400,46788
2014-05-02 00:00:00+00:00,99.75200,100.52800,99.65900,100.30500,48367
2014-05-04 00:00:00+00:00,100.32600,100.35100,100.05200,100.11800,1569
2014-05-05 00:00:00+00:00,100.12600,100.76300,99.25000,99.74800,43588
2014-05-06 00:00:00+00:00,99.74800,100.72500,99.65400,100.10500,45909
2014-05-07 00:00:00+00:00,100.10800,101.27500,100.08200,101.03600,52186
2014-05-08 00:00:00+00:00,101.03900,101.17400,100.14200,100.57300,42393
2014-05-09 00:00:00+00:00,100.57100,101.41800,99.96500,100.30100,48664
2014-05-11 00:00:00+00:00,100.24700,100.27700,100.13200,100.25000,663
2014-05-12 00:00:00+00:00,100.25000,101.09500,100.18000,100.71600,36772
2014-05-13 00:00:00+00:00,100.71900,102.22700,100.56500,102.04300,37658
2014-05-14 00:00:00+00:00,102.04500,102.80000,102.04500,102.23200,39037
2014-05-15 00:00:00+00:00,102.23400,102.53400,101.61800,102.02200,37059
2014-05-16 00:00:00+00:00,102.02200,102.54600,101.75800,102.46000,32665
2014-05-18 00:00:00+00:00,102.40800,102.41800,102.25600,102.32000,853
2014-05-19 00:00:00+00:00,102.31800,103.20800,102.29200,102.78600,40361
2014-05-20 00:00:00+00:00,102.78100,103.70200,102.39000,103.55900,41524
2014-05-21 00:00:00+00:00,103.56100,104.97400,103.47700,104.49500,52882
2014-05-22 00:00:00+00:00,104.50000,104.88200,104.20400,104.33900,35869
2014-05-23 00:00:00+00:00,104.34400,105.13800,104.30100,105.02100,30945
2014-05-25 00:00:00+00:00,104.89400,104.92100,104.78400,104.79100,943
2014-05-26 00:00:00+00:00,104.79400,104.99900,104.50600,104.84100,7495
2014-05-27 00:00:00+00:00,104.83100,105.05700,104.12500,104.64800,37532
2014-05-28 00:00:00+00:00,104.64500,104.93000,103.16300,103.48200,48112
2014-05-29 00:00:00+00:00,103.47700,104.43800,103.11600,103.91900,42168
2014-05-30 00:00:00+00:00,103.92100,103.96900,102.87900,103.33900,38182
2014-06-01 00:00:00+00:00,103.33600,103.48500,103.26000,103.45900,657
2014-06-02 00:00:00+00:00,103.46200,103.76500,102.49900,102.85500,35669
2014-06-03 00:00:00+00:00,102.85000,103.35600,102.62500,103.21400,34804
2014-06-04 00:00:00+00:00,103.21600,104.04800,102.55000,102.59900,43587
2014-06-05 00:00:00+00:00,102.60400,103.01600,101.94500,102.70500,38290
2014-06-06 00:00:00+00:00,102.71000,103.39000,102.59000,103.02400,26900
2014-06-08 00:00:00+00:00,102.92200,102.99500,102.83900,102.91300,1312
2014-06-09 00:00:00+00:00,102.91800,104.66400,102.91800,104.57600,33005
2014-06-10 00:00:00+00:00,104.58100,105.15900,104.03500,104.50400,35542
2014-06-11 00:00:00+00:00,104.49900,104.89300,104.30700,104.55200,30715
2014-06-12 00:00:00+00:00,104.54700,107.74700,104.47600,107.62600,59030
2014-06-13 00:00:00+00:00,107.63100,107.73000,106.52000,106.88000,52772
2014-06-15 00:00:00+00:00,107.03600,107.59000,107.02100,107.46000,2926
2014-06-16 00:00:00+00:00,107.45500,107.61800,106.83700,106.96600,38064
2014-06-17 00:00:00+00:00,106.96100,107.47000,106.25300,106.83800,41422
2014-06-18 00:00:00+00:00,106.84300,107.23600,106.12800,106.63100,51100
2014-06-19 00:00:00+00:00,106.63200,107.13300,105.85600,106.84600,61539
2014-06-20 00:00:00+00:00,106.84100,107.65200,106.54300,107.39200,41307
2014-06-22 00:00:00+00:00,107.86400,108.04000,107.66600,107.77600,2651
2014-06-23 00:00:00+00:00,107.78000,108.03800,105.89800,106.10900,42950
2014-06-24 00:00:00+00:00,106.11400,108.11000,106.11400,107.65000,46905
2014-06-25 00:00:00+00:00,107.64800,107.66600,106.08300,107.36900,55112
2014-06-26 00:00:00+00:00,107.36400,107.37800,105.61700,106.20100,41619
2014-06-27 00:00:00+00:00,106.19600,106.75400,105.89700,106.30400,31617
2014-06-29 00:00:00+00:00,106.23300,106.26100,105.92300,106.00500,1036
2014-06-30 00:00:00+00:00,106.00300,106.24500,105.15600,105.95000,43825
2014-07-01 00:00:00+00:00,105.95500,106.56200,105.07200,105.81700,44336
2014-07-02 00:00:00+00:00,105.82200,105.97700,104.47300,104.50200,53149
2014-07-03 00:00:00+00:00,104.51000,104.68600,104.09700,104.51000,33915
2014-07-04 00:00:00+00:00,104.51300,104.53300,104.04800,104.16300,9333
2014-07-06 00:00:00+00:00,104.07000,104.20300,104.06500,104.11100,573
2014-07-07 00:00:00+00:00,104.11100,104.43200,103.52200,103.73800,32143
2014-07-08 00:00:00+00:00,103.73300,104.52000,103.32300,103.78100,48373
2014-07-09 00:00:00+00:00,103.78100,103.89400,101.99200,102.10200,51149
2014-07-10 00:00:00+00:00,102.10400,103.25800,101.81200,102.98300,46983
2014-07-11 00:00:00+00:00,102.98500,103.17100,100.67800,100.89900,49406
2014-07-13 00:00:00+00:00,100.66300,101.14600,100.66300,101.00700,1771
2014-07-14 00:00:00+00:00,100.99900,101.43600,100.38900,101.23700,42294
2014-07-15 00:00:00+00:00,101.24200,101.25900,99.31900,100.32400,50906
2014-07-16 00:00:00+00:00,100.31900,101.54900,100.31800,101.42600,39748
2014-07-17 00:00:00+00:00,101.42800,103.59400,101.23100,103.38700,57757
2014-07-18 00:00:00+00:00,103.39200,103.48100,102.25000,102.36800,50683
2014-07-20 00:00:00+00:00,102.37800,102.37800,102.15400,102.26400,912
2014-07-21 00:00:00+00:00,102.26600,103.51400,102.03500,103.37700,50141
2014-07-22 00:00:00+00:00,103.37400,103.96400,102.31400,102.37600,46825
2014-07-23 00:00:00+00:00,102.37800,103.84900,102.36800,103.60500,44685
2014-07-24 00:00:00+00:00,103.61000,103.66800,102.37300,102.52000,39078
2014-07-25 00:00:00+00:00,102.52500,103.00000,101.47400,102.44000,56579
2014-07-27 00:00:00+00:00,102.30500,102.44300,102.11500,102.16300,1697
2014-07-28 00:00:00+00:00,102.16100,102.52200,101.30800,101.84600,43868
2014-07-29 00:00:00+00:00,101.84600,102.22800,100.76900,101.46400,49589
2014-07-30 00:00:00+00:00,101.46200,102.04600,99.54100,99.91100,63708
2014-07-31 00:00:00+00:00,99.90800,100.21200,97.95300,98.27800,61221
2014-08-01 00:00:00+00:00,98.27800,98.43400,97.42500,97.95000,60404
2014-08-03 00:00:00+00:00,97.93000,98.07000,97.91200,97.99800,1355
2014-08-04 00:00:00+00:00,98.00100,98.94500,97.71600,98.63300,42301
2014-08-05 00:00:00+00:00,98.63300,98.94200,97.26500,97.86400,44916
2014-08-06 00:00:00+00:00,97.86400,98.37200,96.96000,97.18300,50181
2014-08-07 00:00:00+00:00,97.18800,97.94200,96.78400,97.60200,49860
2014-08-08 00:00:00+00:00,97.60400,98.65800,97.37000,97.74200,56234
2014-08-10 00:00:00+00:00,97.66200,97.90600,97.54700,97.82600,1619
2014-08-11 00:00:00+00:00,97.82800,98.73700,97.62600,98.01400,42947
2014-08-12 00:00:00+00:00,98.01900,98.08800,96.97200,97.38100,53020
2014-08-13 00:00:00+00:00,97.39100,97.91200,96.85400,97.52200,46448
2014-08-14 00:00:00+00:00,97.51700,97.68200,94.82300,95.07700,56558
2014-08-15 00:00:00+00:00,95.07400,96.33500,94.86700,96.03500,46106
2014-08-17 00:00:00+00:00,95.98800,95.98800,95.70400,95.79400,944
2014-08-18 00:00:00+00:00,95.79200,95.85400,94.29300,94.80800,46585
2014-08-19 00:00:00+00:00,94.80500,95.22600,93.46500,93.74600,53916
2014-08-20 00:00:00+00:00,93.74200,94.50000,93.55400,94.35200,47662
2014-08-21 00:00:00+00:00,94.35000,95.24800,93.32400,94.71500,51260
2014-08-22 00:00:00+00:00,94.71000,94.83000,93.69000,94.14000,43401
2014-08-24 00:00:00+00:00,94.17000,94.17400,94.09400,94.11400,52
2014-08-25 00:00:00+00:00,94.16200,94.66000,93.74800,94.17200,38473
2014-08-26 00:00:00+00:00,94.17000,95.02400,94.02600,94.45000,41916
2014-08-27 00:00:00+00:00,94.45800,94.89000,94.01000,94.39200,37524
2014-08-28 00:00:00+00:00,94.38800,95.34600,94.08400,95.15600,54334
2014-08-29 00:00:00+00:00,95.16000,96.60600,95.10400,96.43000,46024
2014-08-31 00:00:00+00:00,96.39000,96.39000,96.26800,96.32000,719
2014-09-01 00:00:00+00:00,96.31800,96.46200,96.05800,96.35200,10379
2014-09-02 00:00:00+00:00,96.35000,96.40000,93.16800,93.68400,71808
2014-09-03 00:00:00+00:00,93.68600,96.30800,93.55200,95.61600,63893
2014-09-04 00:00:00+00:00,95.61600,95.84800,94.60400,95.02000,70669
2014-09-05 00:00:00+00:00,95.01600,95.42200,93.28400,93.84400,70926
2014-09-07 00:00:00+00:00,93.89400,93.98400,93.72200,93.83200,2119
2014-09-08 00:00:00+00:00,93.83400,93.91600,92.14000,93.31000,67589
2014-09-09 00:00:00+00:00,93.31200,94.27600,92.84600,93.31200,60692
2014-09-10 00:00:00+00:00,93.30600,93.33800,91.51600,92.00200,70462
2014-09-11 00:00:00+00:00,91.99600,93.70800,90.70600,93.29200,83956
2014-09-12 00:00:00+00:00,93.29800,93.92400,92.20800,92.48800,76056
2014-09-14 00:00:00+00:00,92.14000,92.48400,90.91800,91.11200,10241
2014-09-15 00:00:00+00:00,91.11200,93.18600,91.05400,92.91200,61998
2014-09-16 00:00:00+00:00,92.91800,95.21000,92.61400,94.73200,47821
2014-09-17 00:00:00+00:00,94.73000,95.09800,93.73800,93.87200,65046
2014-09-18 00:00:00+00:00,93.87600,94.64400,92.85600,93.08200,56033
2014-09-19 00:00:00+00:00,93.07600,93.24600,92.14200,92.69300,57279
2014-09-21 00:00:00+00:00,92.56700,92.64800,92.43500,92.47400,731
2014-09-22 00:00:00+00:00,92.48300,92.82300,91.30200,91.84200,67587
2014-09-23 00:00:00+00:00,91.83400,92.94600,91.62800,92.38200,64998
2014-09-24 00:00:00+00:00,92.38400,94.13400,91.96200,93.74000,76718
2014-09-25 00:00:00+00:00,93.74400,94.36200,92.86200,93.37800,77641
2014-09-26 00:00:00+00:00,93.37400,94.64800,93.02800,94.16800,70539
2014-09-28 00:00:00+00:00,94.07400,94.13000,93.63800,93.66800,1729
2014-09-29 00:00:00+00:00,93.67200,95.33800,93.44600,94.91200,44550
2014-09-30 00:00:00+00:00,94.90800,95.58000,91.50800,92.06600,73521
2014-10-01 00:00:00+00:00,92.07000,93.59600,91.08600,91.54200,78201
2014-10-02 00:00:00+00:00,91.54600,92.13000,88.76000,91.75200,94709
2014-10-03 00:00:00+00:00,91.75600,92.36000,89.91100,90.24900,74534
2014-10-05 00:00:00+00:00,90.20500,90.20500,89.88300,90.08700,3232
2014-10-06 00:00:00+00:00,90.08900,91.19300,89.21900,90.80500,99628
2014-10-07 00:00:00+00:00,90.81000,91.00700,88.79900,89.02000,88343
2014-10-08 00:00:00+00:00,89.01200,89.04400,87.22100,88.12300,116870
2014-10-09 00:00:00+00:00,88.12800,88.31400,84.43300,85.06200,120067
2014-10-10 00:00:00+00:00,85.05700,86.60700,83.92300,85.83000,139911
2014-10-12 00:00:00+00:00,85.58100,85.75100,84.52700,85.07200,6515
2014-10-13 00:00:00+00:00,85.06700,86.10900,84.31700,85.23200,72413
2014-10-14 00:00:00+00:00,85.22900,85.81600,81.51800,82.45400,97622
2014-10-15 00:00:00+00:00,82.46000,82.60800,80.18600,80.78600,129930
2014-10-16 00:00:00+00:00,80.78200,84.96800,79.96000,83.19800,118610
2014-10-17 00:00:00+00:00,83.19200,84.59800,82.59400,83.12400,78337
2014-10-19 00:00:00+00:00,83.25200,83.51800,83.16000,83.46600,2618
2014-10-20 00:00:00+00:00,83.46200,83.46800,81.54400,82.59200,121933
2014-10-21 00:00:00+00:00,82.58600,84.01200,82.31400,83.45200,111481
2014-10-22 00:00:00+00:00,83.44600,83.87200,80.92600,81.05700,127514
2014-10-23 00:00:00+00:00,81.05900,83.06300,80.74600,82.46900,136244
2014-10-24 00:00:00+00:00,82.47200,82.54200,81.01300,81.95600,90681
2014-10-26 00:00:00+00:00,81.84600,81.84900,81.62500,81.65000,1087
2014-10-27 00:00:00+00:00,81.65500,81.85400,80.02500,81.24300,63018
2014-10-28 00:00:00+00:00,81.24800,82.22800,80.93600,82.04400,54569
2014-10-29 00:00:00+00:00,82.04900,83.42800,82.04900,82.50800,69210
2014-10-30 00:00:00+00:00,82.51100,82.62100,81.23600,81.47500,55812
2014-10-31 00:00:00+00:00,81.48000,81.76200,80.03900,81.12200,59150
2014-11-02 00:00:00+00:00,81.08600,81.09400,80.79700,80.97000,2533
2014-11-03 00:00:00+00:00,80.96500,81.39700,78.49300,78.67100,73738
2014-11-04 00:00:00+00:00,78.66700,78.80000,76.28000,77.72400,94059
2014-11-05 00:00:00+00:00,77.72900,79.71200,76.82100,79.20700,93576
2014-11-06 00:00:00+00:00,79.20900,79.30100,77.45500,78.18900,61185
2014-11-07 00:00:00+00:00,78.18700,79.71000,77.78700,78.89400,59973
2014-11-09 00:00:00+00:00,78.71000,79.09200,78.68800,78.99800,1178
2014-11-10 00:00:00+00:00,78.99200,80.09600,77.36600,77.44200,68940
2014-11-11 00:00:00+00:00,77.44600,78.24800,76.65400,77.76600,60705
2014-11-12 00:00:00+00:00,77.76200,78.20800,76.88400,77.19000,58149
2014-11-13 00:00:00+00:00,77.18200,77.36600,74.28800,74.57200,82173
2014-11-14 00:00:00+00:00,74.57600,76.53400,73.48600,76.19400,61978
2014-11-16 00:00:00+00:00,76.15400,76.38800,75.79200,75.85600,1695
2014-11-17 00:00:00+00:00,75.85000,76.08600,74.99600,75.64400,48644
2014-11-18 00:00:00+00:00,75.64800,76.69400,74.40000,74.50800,48985
2014-11-19 00:00:00+00:00,74.50400,75.63800,74.14400,74.53800,65575
2014-11-20 00:00:00+00:00,74.53800,76.94600,74.42400,76.82800,50126
2014-11-21 00:00:00+00:00,76.82200,78.03000,75.83600,76.88800,69816
2014-11-23 00:00:00+00:00,76.90600,77.02800,76.65000,76.76000,949
2014-11-24 00:00:00+00:00,76.76200,77.21200,75.64600,75.86200,48692
2014-11-25 00:00:00+00:00,75.85600,76.76400,73.89800,73.97200,65316
2014-11-26 00:00:00+00:00,73.96500,74.63000,73.48000,73.72000,62980
2014-11-27 00:00:00+00:00,73.71000,73.72200,67.90000,68.70000,91297
2014-11-28 00:00:00+00:00,68.69400,69.76800,65.88800,66.24400,77708
2014-11-30 00:00:00+00:00,66.08600,66.30600,64.28200,64.46500,10222
2014-12-01 00:00:00+00:00,64.41700,69.66800,63.86000,69.16000,130255
2014-12-02 00:00:00+00:00,69.16600,69.29600,66.79600,67.87000,101640
2014-12-03 00:00:00+00:00,67.86800,68.33200,66.92000,67.59200,76844
2014-12-04 00:00:00+00:00,67.59000,68.34000,66.22000,66.74800,63100
2014-12-05 00:00:00+00:00,66.75000,67.00400,65.28200,65.72400,60363
2014-12-07 00:00:00+00:00,65.61200,65.61800,64.73400,64.89800,2301
2014-12-08 00:00:00+00:00,64.90800,65.41600,62.35400,62.97200,59818
2014-12-09 00:00:00+00:00,62.97600,64.26600,62.39600,63.32400,65386
2014-12-10 00:00:00+00:00,63.32800,63.38400,60.51200,61.20400,142707
2014-12-11 00:00:00+00:00,61.19600,61.73600,58.93800,59.23400,80522
2014-12-12 00:00:00+00:00,59.23800,59.61600,57.40200,57.53800,75278
2014-12-14 00:00:00+00:00,56.59800,57.04200,56.27500,56.65400,3505
2014-12-15 00:00:00+00:00,56.66000,58.78800,55.22800,55.87600,75856
2014-12-16 00:00:00+00:00,55.88200,57.23000,53.76700,55.50600,101732
2014-12-17 00:00:00+00:00,55.51400,59.06500,54.42000,56.53100,117901
2014-12-18 00:00:00+00:00,56.54100,58.83600,54.10300,54.94900,118556
2014-12-19 00:00:00+00:00,54.94400,58.22100,54.24800,57.67300,103254
2014-12-21 00:00:00+00:00,57.57400,57.57400,56.58800,57.16600,4638
2014-12-22 00:00:00+00:00,57.16200,58.35000,54.97700,55.18200,78568
2014-12-23 00:00:00+00:00,55.18400,57.38600,54.93400,56.61400,75670
2014-12-24 00:00:00+00:00,56.61000,56.98800,54.92800,55.71800,50412
2014-12-25 00:00:00+00:00,55.73200,55.91200,55.54800,55.76200,889
2014-12-26 00:00:00+00:00,55.76000,56.44900,54.38000,54.96900,38673
2014-12-28 00:00:00+00:00,54.95300,55.24700,54.83100,55.07800,2024
2014-12-29 00:00:00+00:00,55.07800,55.60400,52.79000,53.48200,92608
2014-12-30 00:00:00+00:00,53.47700,54.19600,52.58400,53.60400,96012
2014-12-31 00:00:00+00:00,53.60400,53.77800,52.41000,52.77700,78313
2015-01-01 00:00:00+00:00,53.69000,55.01000,53.51400,54.46600,3034
2015-01-02 00:00:00+00:00,54.46600,54.63200,51.94600,52.54800,124102
2015-01-04 00:00:00+00:00,52.53800,52.59800,52.07800,52.15000,3447
2015-01-05 00:00:00+00:00,52.14600,52.32800,49.60600,49.99900,138426
2015-01-06 00:00:00+00:00,49.99900,50.29700,47.48900,47.86700,154106
2015-01-07 00:00:00+00:00,47.86200,49.24000,46.77600,48.51400,145241
2015-01-08 00:00:00+00:00,48.51600,49.58200,47.68000,49.27000,111631
2015-01-09 00:00:00+00:00,49.27000,49.46600,47.11300,48.14500,119332
2015-01-11 00:00:00+00:00,48.10700,48.12700,47.51100,47.65300,2111
2015-01-12 00:00:00+00:00,47.65800,47.80800,45.63200,45.70300,70864
2015-01-13 00:00:00+00:00,45.69900,46.69900,44.12400,45.98600,82939
2015-01-14 00:00:00+00:00,45.98200,49.29200,44.98800,48.73600,90580
2015-01-15 00:00:00+00:00,48.74000,51.01400,45.77500,46.00200,137696
2015-01-16 00:00:00+00:00,46.00600,48.66600,45.77000,48.25000,81585
2015-01-18 00:00:00+00:00,48.41200,48.44900,48.16800,48.22700,1128
2015-01-19 00:00:00+00:00,48.22300,48.58600,47.04600,47.20200,51362
2015-01-20 00:00:00+00:00,47.20200,47.66700,45.80500,46.19900,100772
2015-01-21 00:00:00+00:00,46.20100,47.63900,46.02000,46.75800,98963
2015-01-22 00:00:00+00:00,46.75300,48.53200,45.36600,46.80600,146547
2015-01-23 00:00:00+00:00,46.80000,46.92400,44.80600,44.80600,75457
2015-01-25 00:00:00+00:00,44.71600,44.75800,43.91400,44.00800,6087
2015-01-26 00:00:00+00:00,44.00800,45.92600,43.99800,44.73400,99592
2015-01-27 00:00:00+00:00,44.73400,46.12600,44.38400,45.06800,90438
2015-01-28 00:00:00+00:00,45.07200,45.32600,43.69600,44.07400,94813
2015-01-29 00:00:00+00:00,44.07400,44.58200,43.21400,44.22000,75334
2015-01-30 00:00:00+00:00,44.22000,47.95600,43.95600,47.35200,116247
2015-02-01 00:00:00+00:00,47.38000,47.45400,46.71400,46.98800,5254
2015-02-02 00:00:00+00:00,46.99200,50.17400,46.32800,50.03000,168445
2015-02-03 00:00:00+00:00,50.03600,53.87600,49.43400,51.53200,124403
2015-02-04 00:00:00+00:00,51.53000,52.23000,47.65400,48.32000,114476
2015-02-05 00:00:00+00:00,48.32400,51.78000,47.09600,50.99800,125206
2015-02-06 00:00:00+00:00,50.99600,52.86600,50.43600,51.87600,113389
2015-02-08 00:00:00+00:00,52.38600,53.08200,52.18200,52.47600,6412
2015-02-09 00:00:00+00:00,52.47800,53.74400,51.42600,52.26400,129981
2015-02-10 00:00:00+00:00,52.27000,52.38200,49.67200,50.55400,127125
2015-02-11 00:00:00+00:00,50.56000,50.63000,47.97800,49.16600,119067
2015-02-12 00:00:00+00:00,49.16200,51.49800,49.12400,51.15000,118252
2015-02-13 00:00:00+00:00,51.15000,53.31800,50.95000,52.50000,105210
2015-02-15 00:00:00+00:00,52.82800,53.48900,52.74800,53.09000,3628
2015-02-16 00:00:00+00:00,53.08200,53.13600,51.98600,52.68200,57462
2015-02-17 00:00:00+00:00,52.68200,53.98000,50.76000,53.02400,105310
2015-02-18 00:00:00+00:00,53.02400,53.30600,50.09600,50.41400,96281
2015-02-19 00:00:00+00:00,50.41800,51.88800,49.02400,51.14400,151628
2015-02-20 00:00:00+00:00,51.14400,51.66000,49.93400,50.00200,103134
2015-02-22 00:00:00+00:00,50.04600,50.04600,49.53800,49.69000,2317
2015-02-23 00:00:00+00:00,49.69200,50.27200,48.01400,48.70600,88279
2015-02-24 00:00:00+00:00,48.69800,49.66200,48.04800,48.57400,69239
2015-02-25 00:00:00+00:00,48.58200,50.63200,47.86400,50.28200,74347
2015-02-26 00:00:00+00:00,50.27800,50.32400,47.23600,48.29200,80019
2015-02-27 00:00:00+00:00,48.29600,49.35000,47.91800,48.84800,68804
2015-03-01 00:00:00+00:00,48.95000,49.00000,48.71800,48.87800,1427
2015-03-02 00:00:00+00:00,48.88000,50.53000,48.22600,49.33000,71356
2015-03-03 00:00:00+00:00,49.32600,50.34000,48.98400,50.00600,67716
2015-03-04 00:00:00+00:00,50.01200,51.53200,49.16800,51.20800,71751
2015-03-05 00:00:00+00:00,51.21200,51.96400,50.23800,50.58300,60268
2015-03-06 00:00:00+00:00,50.57900,50.88800,48.75200,49.47300,55714
2015-03-08 00:00:00+00:00,49.48700,49.59500,49.19400,49.26600,1175
2015-03-09 00:00:00+00:00,49.26200,50.45000,49.12200,49.67200,44049
2015-03-10 00:00:00+00:00,49.66800,50.06800,48.13200,48.64000,46506
2015-03-11 00:00:00+00:00,48.64700,48.93400,47.39600,48.46200,51156
2015-03-12 00:00:00+00:00,48.46600,48.90000,47.16000,47.49400,50027
2015-03-13 00:00:00+00:00,47.48800,47.74100,45.35400,45.64800,51752
2015-03-15 00:00:00+00:00,45.58500,45.69800,44.38700,44.64500,4987
2015-03-16 00:00:00+00:00,44.64000,45.64000,43.65800,44.60800,51118
2015-03-17 00:00:00+00:00,44.60400,44.78800,43.02800,43.23800,46387
2015-03-18 00:00:00+00:00,43.23300,46.05400,42.70800,45.21000,70443
2015-03-19 00:00:00+00:00,45.21400,45.25600,43.46500,44.27600,57338
2015-03-20 00:00:00+00:00,44.28000,46.07000,43.54600,45.14600,55492
2015-03-22 00:00:00+00:00,45.13200,45.21000,44.69600,44.81400,1586
2015-03-23 00:00:00+00:00,44.80900,46.39400,44.15600,46.16000,55073
2015-03-24 00:00:00+00:00,46.15500,47.34200,45.49600,46.21000,60376
2015-03-25 00:00:00+00:00,46.21400,48.26800,45.86200,47.70600,72539
2015-03-26 00:00:00+00:00,47.71600,51.24600,47.67800,49.92800,109439
2015-03-27 00:00:00+00:00,49.93200,49.95200,47.15000,47.39000,66736
2015-03-29 00:00:00+00:00,47.59200,47.60400,46.99700,47.28400,8057
2015-03-30 00:00:00+00:00,47.28000,48.18600,46.68400,47.65800,107944
2015-03-31 00:00:00+00:00,47.65800,47.75000,46.39200,46.74600,118905
2015-04-01 00:00:00+00:00,46.72600,49.55600,46.20200,48.76000,121099
2015-04-02 00:00:00+00:00,48.75800,49.39600,47.30000,48.67200,154778
2015-04-05 00:00:00+00:00,48.90000,49.37100,48.89400,49.29400,7964
2015-04-06 00:00:00+00:00,49.29800,51.53600,49.14000,51.09600,102319
2015-04-07 00:00:00+00:00,51.09800,53.44800,50.52400,52.20400,72819
2015-04-08 00:00:00+00:00,52.20200,52.50400,49.78800,50.35000,73056
2015-04-09 00:00:00+00:00,50.35400,51.50200,49.97400,50.28800,62578
2015-04-10 00:00:00+00:00,50.28400,51.29800,49.58200,51.13600,54184
2015-04-12 00:00:00+00:00,51.39100,51.39400,51.07300,51.12500,1108
2015-04-13 00:00:00+00:00,51.12000,52.54900,51.09600,51.69600,56253
2015-04-14 00:00:00+00:00,51.70100,53.13000,51.64200,52.75400,55801
2015-04-15 00:00:00+00:00,52.76300,55.66800,52.71500,55.12500,68218
2015-04-16 00:00:00+00:00,55.12000,56.60000,54.41200,55.78000,68452
2015-04-17 00:00:00+00:00,55.78400,56.19200,54.77200,55.47800,58569
2015-04-19 00:00:00+00:00,55.76600,55.94900,55.68000,55.94900,1135
2015-04-20 00:00:00+00:00,55.93900,56.65400,54.51100,55.94400,62140
2015-04-21 00:00:00+00:00,55.95200,56.15500,54.30900,54.67600,60333
2015-04-22 00:00:00+00:00,54.67200,55.37800,53.95600,54.56900,55712
2015-04-23 00:00:00+00:00,54.56200,56.64000,54.05800,55.81900,57784
2015-04-24 00:00:00+00:00,55.82400,56.23400,54.85200,55.63600,52093
2015-04-26 00:00:00+00:00,55.85000,55.90600,55.57600,55.74000,1165
2015-04-27 00:00:00+00:00,55.73200,56.37400,55.06800,55.24400,43008
2015-04-28 00:00:00+00:00,55.23600,56.38200,54.65900,55.47600,51939
2015-04-29 00:00:00+00:00,55.48200,57.92200,55.18600,57.13200,61115
2015-04-30 00:00:00+00:00,57.13600,58.55600,57.01600,58.25600,80769
2015-05-01 00:00:00+00:00,58.27400,58.56400,57.05800,57.91800,60854
2015-05-03 00:00:00+00:00,58.17400,58.20900,57.88800,57.95000,1181
2015-05-04 00:00:00+00:00,57.94400,58.62200,57.39600,57.81800,35234
2015-05-05 00:00:00+00:00,57.82400,60.04600,57.62200,59.69800,48884
2015-05-06 00:00:00+00:00,59.70200,61.56800,59.38000,59.45000,60781
2015-05-07 00:00:00+00:00,59.45600,60.38600,57.63400,58.19400,56681
2015-05-08 00:00:00+00:00,58.19600,59.06600,57.34400,58.60400,67199
2015-05-10 00:00:00+00:00,58.70500,58.71600,58.52800,58.64600,984
2015-05-11 00:00:00+00:00,58.64200,59.22800,58.18000,58.67500,67685
2015-05-12 00:00:00+00:00,58.67000,61.15200,58.58400,60.60400,59636
2015-05-13 00:00:00+00:00,60.60800,61.20200,59.36400,59.62600,48211
2015-05-14 00:00:00+00:00,59.62000,60.33000,58.95000,59.34400,62383
2015-05-15 00:00:00+00:00,59.35000,59.40600,57.95600,59.38800,61456
2015-05-17 00:00:00+00:00,59.32300,59.46000,59.27600,59.29200,641
2015-05-18 00:00:00+00:00,59.29600,60.38000,58.58400,58.98600,44757
2015-05-19 00:00:00+00:00,58.99000,59.14400,56.73600,57.26000,47399
2015-05-20 00:00:00+00:00,57.25600,57.85400,56.92400,57.54800,48680
2015-05-21 00:00:00+00:00,57.55200,59.74400,57.55200,59.51600,42625
2015-05-22 00:00:00+00:00,59.52000,59.61000,58.23600,58.75600,38783
2015-05-24 00:00:00+00:00,58.95000,58.95500,58.72800,58.87000,802
2015-05-25 00:00:00+00:00,58.87600,59.20600,58.08400,58.83000,16682
2015-05-26 00:00:00+00:00,58.83400,58.91300,56.76600,57.40400,44873
2015-05-27 00:00:00+00:00,57.41000,57.99800,56.46600,56.79000,46222
2015-05-28 00:00:00+00:00,56.78600,57.44800,55.64400,57.28800,54497
2015-05-29 00:00:00+00:00,57.29200,59.80800,56.87400,59.43200,59836
2015-05-31 00:00:00+00:00,59.49200,59.49200,59.10800,59.13400,1118
2015-06-01 00:00:00+00:00,59.14000,59.85200,58.57000,59.44800,55989
2015-06-02 00:00:00+00:00,59.45400,60.82200,59.33600,60.18000,62406
2015-06-03 00:00:00+00:00,60.18400,60.66700,58.65600,59.00000,68756
2015-06-04 00:00:00+00:00,58.99600,59.26800,57.19800,57.31600,58682
2015-06-05 00:00:00+00:00,57.32000,58.62000,56.24600,58.34600,68801
2015-06-07 00:00:00+00:00,58.32000,58.35000,58.18400,58.18400,900
2015-06-08 00:00:00+00:00,58.18000,58.60000,57.36600,57.84200,82461
2015-06-09 00:00:00+00:00,57.85000,60.19000,57.75600,60.07600,89407
2015-06-10 00:00:00+00:00,60.08200,61.36200,60.03600,60.72600,115467
2015-06-11 00:00:00+00:00,60.72000,61.10200,59.82000,60.18800,78526
2015-06-12 00:00:00+00:00,60.19200,60.20800,59.38600,59.66800,63791
2015-06-14 00:00:00+00:00,59.54600,59.56000,59.35400,59.47800,831
2015-06-15 00:00:00+00:00,59.48400,59.66200,58.47200,59.29600,41143
2015-06-16 00:00:00+00:00,59.29000,60.08200,59.16400,59.75200,39125
2015-06-17 00:00:00+00:00,59.75600,61.09200,58.65400,59.47600,57358
2015-06-18 00:00:00+00:00,59.47000,60.62000,58.99600,60.10400,41273
2015-06-19 00:00:00+00:00,60.10800,60.24400,58.60000,59.12200,46400
2015-06-21 00:00:00+00:00,59.15600,59.19000,58.94200,59.00600,1522
2015-06-22 00:00:00+00:00,59.01000,60.02600,58.68800,59.56600,69507
2015-06-23 00:00:00+00:00,59.56200,60.88600,58.97600,60.60000,94962
2015-06-24 00:00:00+00:00,60.60400,60.99400,59.25600,59.65600,95390
2015-06-25 00:00:00+00:00,59.66200,59.91200,58.89600,59.11200,68497
2015-06-26 00:00:00+00:00,59.11600,59.45400,58.26000,59.13000,39559
2015-06-28 00:00:00+00:00,58.53400,58.55200,58.17800,58.32000,1928
2015-06-29 00:00:00+00:00,58.31400,58.82600,57.60000,57.82200,57786
2015-06-30 00:00:00+00:00,57.81800,59.25800,57.52000,58.63400,50392
2015-07-01 00:00:00+00:00,58.48800,58.54600,56.29800,56.58000,52334
2015-07-02 00:00:00+00:00,56.57000,57.56600,56.05600,56.24400,45080
2015-07-03 00:00:00+00:00,56.24000,56.43200,55.07200,55.15800,20725
2015-07-05 00:00:00+00:00,54.32800,54.84600,54.15000,54.50000,3608
2015-07-06 00:00:00+00:00,54.49400,55.03800,52.14600,52.54800,64993
2015-07-07 00:00:00+00:00,52.54400,53.18000,50.33200,52.52600,83118
2015-07-08 00:00:00+00:00,52.53000,52.61400,50.68600,51.61800,71477
2015-07-09 00:00:00+00:00,51.61400,53.32000,51.31800,52.57600,68152
2015-07-10 00:00:00+00:00,52.58200,53.62800,51.75800,52.64200,51966
2015-07-12 00:00:00+00:00,52.03000,52.12000,51.61800,51.94800,2846
2015-07-13 00:00:00+00:00,51.95200,53.01600,51.12000,51.68200,62414
2015-07-14 00:00:00+00:00,51.68600,53.35400,50.76400,53.03800,65025
2015-07-15 00:00:00+00:00,53.04400,53.25400,51.04200,51.42600,53389
2015-07-16 00:00:00+00:00,51.42200,51.99200,50.64100,50.82800,48604
2015-07-17 00:00:00+00:00,50.82400,51.02700,50.00000,50.62400,45957
2015-07-19 00:00:00+00:00,50.62400,50.84600,50.59800,50.72800,1089
2015-07-20 00:00:00+00:00,50.73400,51.10000,49.70200,49.88200,39259
2015-07-21 00:00:00+00:00,49.87800,50.95000,49.64000,50.14400,36142
2015-07-22 00:00:00+00:00,50.14000,50.16400,48.63000,48.86000,45497
2015-07-23 00:00:00+00:00,48.85000,49.21600,47.80800,48.35400,44266
2015-07-24 00:00:00+00:00,48.34800,48.63900,47.34700,47.69600,39558
2015-07-26 00:00:00+00:00,47.60600,47.77500,47.58600,47.76600,1088
2015-07-27 00:00:00+00:00,47.76100,47.84900,46.59100,46.76700,43801
2015-07-28 00:00:00+00:00,46.76700,48.11600,46.37200,47.44000,46308
2015-07-29 00:00:00+00:00,47.43600,49.19300,47.07800,48.58700,55516
2015-07-30 00:00:00+00:00,48.59200,49.05000,48.04200,48.20400,39299
2015-07-31 00:00:00+00:00,48.19800,48.32600,46.43200,46.52600,46600
2015-08-02 00:00:00+00:00,46.53900,46.59000,46.11700,46.57500,1619
2015-08-03 00:00:00+00:00,46.57000,46.69200,44.86200,45.18000,48009
2015-08-04 00:00:00+00:00,45.19600,46.00600,45.17200,45.65200,33869
2015-08-05 00:00:00+00:00,45.65800,46.48600,44.63600,45.03300,44801
2015-08-06 00:00:00+00:00,45.02900,45.07300,44.01700,44.60300,41504
2015-08-07 00:00:00+00:00,44.59800,44.97000,43.53800,43.61800,42588
2015-08-09 00:00:00+00:00,43.34000,43.47600,43.22600,43.44600,1750
2015-08-10 00:00:00+00:00,43.44600,44.87200,43.41400,44.65000,40833
2015-08-11 00:00:00+00:00,44.65600,45.20800,42.58100,43.33200,55024
2015-08-12 00:00:00+00:00,43.33600,43.76700,42.69600,43.32000,66929
2015-08-13 00:00:00+00:00,43.32500,43.61800,41.38200,42.06600,46219
2015-08-14 00:00:00+00:00,42.06600,42.77400,41.89000,41.98400,49926
2015-08-16 00:00:00+00:00,42.07700,42.09800,41.84800,41.94000,1768
2015-08-17 00:00:00+00:00,41.94600,42.51000,41.56800,41.64000,46482
2015-08-18 00:00:00+00:00,41.64600,42.68800,41.27800,42.15600,48477
2015-08-19 00:00:00+00:00,42.14900,42.51400,40.17900,40.50600,68787
2015-08-20 00:00:00+00:00,40.50100,41.18300,39.89800,40.43100,66339
2015-08-21 00:00:00+00:00,40.43600,40.79200,39.28600,39.64400,77892
2015-08-23 00:00:00+00:00,39.74000,39.92500,39.40600,39.51500,2617
2015-08-24 00:00:00+00:00,39.51000,39.60400,37.25700,37.85000,155951
2015-08-25 00:00:00+00:00,37.84500,39.37400,37.70200,38.79300,112579
2015-08-26 00:00:00+00:00,38.79500,39.36200,38.05300,38.79600,108812
2015-08-27 00:00:00+00:00,38.79100,42.35100,38.60000,42.04200,123619
2015-08-28 00:00:00+00:00,42.04500,45.37200,41.30200,44.73400,178929
2015-08-30 00:00:00+00:00,44.66600,44.79400,44.12200,44.38800,4525
2015-08-31 00:00:00+00:00,44.38600,48.83200,43.16600,47.17800,216217
2015-09-01 00:00:00+00:00,47.20800,48.39000,43.45600,43.66800,216778
2015-09-02 00:00:00+00:00,43.67400,46.34000,42.82000,45.87400,231321
2015-09-03 00:00:00+00:00,45.86800,47.99300,45.25600,46.44000,166863
2015-09-04 00:00:00+00:00,46.44500,46.82200,45.29200,45.30200,137001
2015-09-06 00:00:00+00:00,45.31400,45.53400,45.23600,45.38800,1408
2015-09-07 00:00:00+00:00,45.39400,45.59800,43.85300,44.39600,47635
2015-09-08 00:00:00+00:00,44.40100,46.10600,43.88500,45.36800,84715
2015-09-09 00:00:00+00:00,45.36200,45.96600,43.79500,43.91200,111170
2015-09-10 00:00:00+00:00,43.90700,45.79200,43.11900,45.31700,134017
2015-09-11 00:00:00+00:00,45.31700,45.62500,43.94000,44.54600,64672
2015-09-13 00:00:00+00:00,44.57800,44.78200,44.57800,44.69000,1338
2015-09-14 00:00:00+00:00,44.69400,44.73200,43.42600,44.03800,63214
2015-09-15 00:00:00+00:00,44.04200,44.96100,43.70300,44.74700,45917
2015-09-16 00:00:00+00:00,44.75100,47.24400,44.55200,47.06300,79919
2015-09-17 00:00:00+00:00,47.05800,47.39200,46.05600,46.41200,106767
2015-09-18 00:00:00+00:00,46.41800,46.69200,44.00400,44.65800,60967
2015-09-20 00:00:00+00:00,44.72600,44.78800,44.47000,44.67400,1481
2015-09-21 00:00:00+00:00,44.66800,46.44200,44.53200,45.92200,78993
2015-09-22 00:00:00+00:00,45.92800,46.10700,44.83600,45.82800,54110
2015-09-23 00:00:00+00:00,45.82400,46.61600,43.90000,44.25800,100837
2015-09-24 00:00:00+00:00,44.26200,44.68800,43.23200,44.47400,107607
2015-09-25 00:00:00+00:00,44.47900,45.85600,44.40900,44.89000,58993
2015-09-27 00:00:00+00:00,44.93200,45.04800,44.91000,44.96400,624
2015-09-28 00:00:00+00:00,44.96800,45.05400,43.89400,44.13800,71530
2015-09-29 00:00:00+00:00,44.13800,45.30000,43.95200,44.45000,76500
2015-09-30 00:00:00+00:00,44.45600,45.45400,44.29400,44.95800,93124
2015-10-01 00:00:00+00:00,44.96400,46.70200,44.27600,44.82200,116813
2015-10-02 00:00:00+00:00,44.82000,45.45600,43.64200,45.30200,111262
2015-10-04 00:00:00+00:00,45.23000,45.24000,44.91200,45.16200,1881
2015-10-05 00:00:00+00:00,45.16400,46.61400,45.16200,46.07400,80918
2015-10-06 00:00:00+00:00,46.08000,48.78000,45.45600,48.44800,105825
2015-10-07 00:00:00+00:00,48.45200,49.42200,47.44200,48.00200,132718
2015-10-08 00:00:00+00:00,48.00200,49.79000,47.52000,49.39400,128147
2015-10-09 00:00:00+00:00,49.39400,50.68000,48.94500,49.28300,123857
2015-10-11 00:00:00+00:00,49.34300,49.72000,49.30100,49.67100,1442
2015-10-12 00:00:00+00:00,49.66600,49.95400,46.87400,47.35200,106318
2015-10-13 00:00:00+00:00,47.35700,48.28700,46.31200,46.56200,123506
2015-10-14 00:00:00+00:00,46.56700,46.82300,45.84800,46.17200,99344
2015-10-15 00:00:00+00:00,46.17000,46.90400,45.18800,46.78400,94269
2015-10-16 00:00:00+00:00,46.78800,47.35200,46.04800,47.10000,75929
2015-10-18 00:00:00+00:00,47.10200,47.33400,47.07600,47.19600,795
2015-10-19 00:00:00+00:00,47.19000,47.19600,45.69600,46.00800,79726
2015-10-20 00:00:00+00:00,46.00400,46.39200,45.20800,45.36200,72854
2015-10-21 00:00:00+00:00,45.35600,45.56200,44.37200,44.79400,97773
2015-10-22 00:00:00+00:00,44.80000,45.60600,44.42000,44.97400,80589
2015-10-23 00:00:00+00:00,44.97600,45.27000,43.75000,44.28800,92967
2015-10-25 00:00:00+00:00,44.32600,44.35200,44.15600,44.18600,1140
2015-10-26 00:00:00+00:00,44.19000,44.52000,43.24800,43.47600,67564
2015-10-27 00:00:00+00:00,43.46900,43.51800,42.21000,42.95200,70312
2015-10-28 00:00:00+00:00,42.95600,45.82800,42.70200,45.60200,117559
2015-10-29 00:00:00+00:00,45.60000,46.38600,44.79600,45.39200,102932
2015-10-30 00:00:00+00:00,45.39400,46.67000,45.13400,46.03800,83599
2015-11-01 00:00:00+00:00,46.08800,46.09400,45.90400,45.93000,753
2015-11-02 00:00:00+00:00,45.93000,46.42000,45.26600,46.03600,83295
2015-11-03 00:00:00+00:00,46.03600,48.05400,45.67200,47.50600,79816
2015-11-04 00:00:00+00:00,47.51200,47.98800,45.90400,46.22200,71237
2015-11-05 00:00:00+00:00,46.21600,46.38200,44.86800,45.19800,52820
2015-11-06 00:00:00+00:00,45.20400,45.40000,43.88700,44.32100,49952
2015-11-08 00:00:00+00:00,44.31100,44.31100,44.06800,44.14300,703
2015-11-09 00:00:00+00:00,44.14100,44.92000,43.46600,43.96000,48657
2015-11-10 00:00:00+00:00,43.95400,44.58800,43.41200,43.51000,45514
2015-11-11 00:00:00+00:00,43.51800,43.95600,42.52800,42.92700,47720
2015-11-12 00:00:00+00:00,42.93200,43.14400,41.53600,41.64900,61673
2015-11-13 00:00:00+00:00,41.65200,42.20600,40.29600,40.74100,52784
2015-11-15 00:00:00+00:00,40.91700,41.03400,40.65000,40.94800,1264
2015-11-16 00:00:00+00:00,40.95300,42.03400,40.06600,41.73600,66092
2015-11-17 00:00:00+00:00,41.73400,41.94600,40.50000,40.89600,57329
2015-11-18 00:00:00+00:00,40.90000,41.51400,40.19800,41.07400,51408
2015-11-19 00:00:00+00:00,41.06800,41.26200,40.19400,40.86800,38589
2015-11-20 00:00:00+00:00,40.86900,41.69400,40.33200,40.44400,41132
2015-11-22 00:00:00+00:00,40.56000,40.68200,40.47800,40.55600,464
2015-11-23 00:00:00+00:00,40.55200,41.77600,39.49600,41.15800,67301
2015-11-24 00:00:00+00:00,41.16600,42.50600,40.93600,41.80600,52903
2015-11-25 00:00:00+00:00,41.80200,42.35400,40.84600,42.19000,49937
2015-11-26 00:00:00+00:00,42.18400,42.40000,41.43800,41.73400,21112
2015-11-27 00:00:00+00:00,41.73800,41.89000,40.86400,40.95800,26564
2015-11-29 00:00:00+00:00,41.09400,41.14200,41.04200,41.08000,428
2015-11-30 00:00:00+00:00,41.08600,41.87000,40.78000,40.97200,37614
2015-12-01 00:00:00+00:00,40.96800,41.53400,40.49400,41.00000,43394
2015-12-02 00:00:00+00:00,40.99000,41.31600,39.22400,39.54600,53083
2015-12-03 00:00:00+00:00,39.55000,41.15400,39.46000,40.73000,57963
2015-12-04 00:00:00+00:00,40.73800,41.39800,39.04200,39.57400,63441
2015-12-06 00:00:00+00:00,39.59400,39.64200,38.85400,39.09600,1736
2015-12-07 00:00:00+00:00,39.08600,39.27400,37.06400,37.33000,50017
2015-12-08 00:00:00+00:00,37.33800,38.15800,36.22800,37.60200,64484
2015-12-09 00:00:00+00:00,37.59400,38.58400,36.48800,37.02000,63814
2015-12-10 00:00:00+00:00,37.02400,37.16800,36.05000,36.29000,45567
2015-12-11 00:00:00+00:00,36.28600,36.50400,34.86800,35.03800,43415
2015-12-13 00:00:00+00:00,35.18200,35.43600,35.11800,35.28800,692
2015-12-14 00:00:00+00:00,35.27800,36.31200,34.31000,35.84400,64223
2015-12-15 00:00:00+00:00,35.84800,37.45600,35.72400,36.43400,64454
2015-12-16 00:00:00+00:00,36.43800,36.91800,35.03200,35.40400,65354
2015-12-17 00:00:00+00:00,35.39900,35.54400,34.52000,34.65400,44151
2015-12-18 00:00:00+00:00,34.65800,35.48600,34.28800,34.45700,39395
2015-12-20 00:00:00+00:00,34.56800,34.72600,34.31200,34.44800,873
2015-12-21 00:00:00+00:00,34.44300,34.80800,34.08800,34.59400,32906
2015-12-22 00:00:00+00:00,34.60000,35.30200,34.42200,35.23100,27924
2015-12-23 00:00:00+00:00,35.23600,36.68600,35.04600,36.57400,35415
2015-12-24 00:00:00+00:00,36.57600,37.04200,36.17000,36.88000,21222
2015-12-27 00:00:00+00:00,36.94800,36.99200,36.77800,36.83800,518
2015-12-28 00:00:00+00:00,36.84800,36.88800,35.60900,35.72200,20002
2015-12-29 00:00:00+00:00,35.72600,36.93800,35.68600,36.29400,21123
2015-12-30 00:00:00+00:00,36.28900,36.35200,35.47400,35.81000,22730
2015-12-31 00:00:00+00:00,35.81600,36.87000,35.34600,36.22800,21549
2016-01-01 00:00:00+00:00,36.22800,36.22800,36.22800,36.22800,1
2016-01-03 00:00:00+00:00,36.85000,37.50600,36.85000,37.18000,1651
2016-01-04 00:00:00+00:00,37.17600,37.63800,35.63400,36.17400,44849
2016-01-05 00:00:00+00:00,36.18000,36.39600,35.10200,35.58000,36237
2016-01-06 00:00:00+00:00,35.58400,35.71200,33.20400,33.65600,42553
2016-01-07 00:00:00+00:00,33.65000,33.71200,31.58200,32.80000,69272
2016-01-08 00:00:00+00:00,32.79600,33.79800,32.16800,32.40200,58066
2016-01-10 00:00:00+00:00,32.53000,32.54200,32.07000,32.15400,1376
2016-01-11 00:00:00+00:00,32.15800,32.83200,30.54600,30.98000,49631
2016-01-12 00:00:00+00:00,30.98400,31.88200,29.64400,30.39600,58168
2016-01-13 00:00:00+00:00,30.40000,31.43200,29.84200,30.50000,64454
2016-01-14 00:00:00+00:00,30.50400,31.52600,30.03600,30.83400,52947
2016-01-15 00:00:00+00:00,30.84000,30.91400,28.95400,29.48400,53767
2016-01-17 00:00:00+00:00,29.09000,29.09600,28.26900,28.65400,2532
2016-01-18 00:00:00+00:00,28.66400,29.75800,28.54500,28.94800,29490
2016-01-19 00:00:00+00:00,28.95200,30.23600,28.34800,28.50600,50047
2016-01-20 00:00:00+00:00,28.50100,28.53900,26.61400,27.57800,61844
2016-01-21 00:00:00+00:00,27.58200,29.24400,26.93200,28.87000,66783
2016-01-22 00:00:00+00:00,28.86400,31.31000,28.57000,31.20600,63532
2016-01-24 00:00:00+00:00,31.18600,31.65200,31.01400,31.40000,2913
2016-01-25 00:00:00+00:00,31.39600,31.76800,28.81800,28.91800,64066
2016-01-26 00:00:00+00:00,28.92300,31.49800,28.42400,29.79400,76320
2016-01-27 00:00:00+00:00,29.79800,31.94800,29.32000,31.20800,97457
2016-01-28 00:00:00+00:00,31.21600,33.90500,30.90500,32.67200,103830
2016-01-29 00:00:00+00:00,32.67600,33.54200,31.83800,32.90400,70664
2016-01-31 00:00:00+00:00,32.90600,33.39400,32.68800,32.84800,2143
2016-02-01 00:00:00+00:00,32.88000,32.88200,30.58400,30.63800,68670
2016-02-02 00:00:00+00:00,30.64200,30.74600,28.96200,29.02800,57498
2016-02-03 00:00:00+00:00,29.03800,32.11600,28.80000,31.83400,82971
2016-02-04 00:00:00+00:00,31.83400,32.95800,30.84000,30.98800,81289
2016-02-05 00:00:00+00:00,30.99400,31.84600,30.09200,30.44800,67531
2016-02-07 00:00:00+00:00,30.45900,30.62600,30.33800,30.34800,910
2016-02-08 00:00:00+00:00,30.35200,30.90000,29.13400,29.74800,60666
2016-02-09 00:00:00+00:00,29.74400,30.17400,27.36200,28.00400,67938
2016-02-10 00:00:00+00:00,27.99600,28.83200,26.91000,27.02000,71974
2016-02-11 00:00:00+00:00,27.01600,27.15200,25.75400,26.98400,94473
2016-02-12 00:00:00+00:00,26.97400,29.35200,26.65800,28.75800,83295
2016-02-14 00:00:00+00:00,28.83800,28.94200,28.71400,28.83400,1227
2016-02-15 00:00:00+00:00,28.83000,30.47300,28.72800,30.38000,30592
2016-02-16 00:00:00+00:00,30.39400,31.29400,28.51800,29.06000,94089
2016-02-17 00:00:00+00:00,29.06400,31.59000,28.56600,31.36800,84659
2016-02-18 00:00:00+00:00,31.37300,31.86900,30.25600,30.42300,78645
2016-02-19 00:00:00+00:00,30.43300,30.78300,29.27100,29.88900,53898
2016-02-21 00:00:00+00:00,29.97800,30.04300,29.72000,29.84800,915
2016-02-22 00:00:00+00:00,29.85200,31.79800,29.80300,31.30400,45508
2016-02-23 00:00:00+00:00,31.29900,31.56400,29.42300,29.59400,54591
2016-02-24 00:00:00+00:00,29.58900,30.59700,28.83400,30.40800,60123
2016-02-25 00:00:00+00:00,30.41200,31.68000,29.39100,31.32400,59349
2016-02-26 00:00:00+00:00,31.32800,32.87100,30.97000,31.17200,61059
2016-02-28 00:00:00+00:00,31.19300,31.30200,30.99000,31.03000,857
2016-02-29 00:00:00+00:00,31.02400,32.47100,30.81800,32.22400,54742
2016-03-01 00:00:00+00:00,32.22600,33.23800,31.90000,32.40400,52411
2016-03-02 00:00:00+00:00,32.39600,33.66800,32.13400,33.21200,54615
2016-03-03 00:00:00+00:00,33.20200,33.90200,32.82200,33.36800,43531
2016-03-04 00:00:00+00:00,33.36000,34.97400,33.08400,34.93600,48643
2016-03-06 00:00:00+00:00,35.03400,35.27200,35.02000,35.06200,1003
2016-03-07 00:00:00+00:00,35.06900,36.90000,34.94000,36.70600,50721
2016-03-08 00:00:00+00:00,36.69600,37.24600,35.09100,35.42200,62906
2016-03-09 00:00:00+00:00,35.42700,37.44200,35.28400,37.20200,66832
2016-03-10 00:00:00+00:00,37.19800,37.48000,36.26200,37.08000,68503
2016-03-11 00:00:00+00:00,37.08400,38.09200,37.04800,37.59400,48986
2016-03-13 00:00:00+00:00,37.60900,37.97400,37.51100,37.65800,1514
2016-03-14 00:00:00+00:00,37.66200,37.74600,36.04200,36.67600,46912
2016-03-15 00:00:00+00:00,36.68000,36.78600,35.41800,36.37800,43372
2016-03-16 00:00:00+00:00,36.37400,38.45000,36.10600,38.36400,45804
2016-03-17 00:00:00+00:00,38.35800,40.12200,38.23600,39.70600,60937
2016-03-18 00:00:00+00:00,39.70200,40.82600,38.84700,38.98600,44131
2016-03-20 00:00:00+00:00,38.99000,39.11200,38.86200,38.87800,1560
2016-03-21 00:00:00+00:00,38.87600,39.93800,38.48800,39.73000,43004
2016-03-22 00:00:00+00:00,39.72500,40.07200,39.00600,39.35800,42997
2016-03-23 00:00:00+00:00,39.36400,39.53400,37.82400,37.90400,50942
2016-03-24 00:00:00+00:00,37.90800,38.13200,36.78400,37.99700,45456
2016-03-27 00:00:00+00:00,38.17000,38.45600,38.17000,38.35600,1358
2016-03-28 00:00:00+00:00,38.36000,38.73200,37.52200,37.99800,29118
2016-03-29 00:00:00+00:00,37.99400,38.02800,36.66200,37.39800,42907
2016-03-30 00:00:00+00:00,37.39000,38.58400,36.83000,36.86200,43139
2016-03-31 00:00:00+00:00,36.86800,37.85600,36.43600,37.07200,50115
2016-04-01 00:00:00+00:00,37.06600,37.26000,35.59200,35.63100,47072
2016-04-03 00:00:00+00:00,35.67300,35.76600,35.30800,35.46800,1721
2016-04-04 00:00:00+00:00,35.46300,36.30400,34.55000,34.56600,43683
2016-04-05 00:00:00+00:00,34.56800,35.95000,34.42600,35.87800,46901
2016-04-06 00:00:00+00:00,35.87400,37.20600,35.78000,37.17000,58929
2016-04-07 00:00:00+00:00,37.16200,37.49400,35.97000,36.80200,48731
2016-04-08 00:00:00+00:00,36.81200,39.11400,36.80200,38.91800,61359
2016-04-10 00:00:00+00:00,39.11600,39.86000,39.11200,39.59800,2661
2016-04-11 00:00:00+00:00,39.59400,40.17600,38.69000,39.66800,50424
2016-04-12 00:00:00+00:00,39.67800,41.73000,39.57400,41.22000,68792
2016-04-13 00:00:00+00:00,41.22400,41.95200,40.76400,41.27600,60462
2016-04-14 00:00:00+00:00,41.27800,41.75200,40.43600,41.06400,48288
2016-04-15 00:00:00+00:00,41.07000,41.37000,39.66800,40.12000,48113
2016-04-17 00:00:00+00:00,38.21300,38.32300,37.45200,37.99800,7491
2016-04-18 00:00:00+00:00,37.99200,40.08600,37.87000,39.93000,74541
2016-04-19 00:00:00+00:00,39.92500,41.30800,39.36800,40.31000,58616
2016-04-20 00:00:00+00:00,40.30400,42.69600,39.81400,42.38000,71634
2016-04-21 00:00:00+00:00,42.37000,42.96000,41.57800,41.98600,64438
2016-04-22 00:00:00+00:00,41.98800,42.97200,41.66800,42.29500,55660
2016-04-24 00:00:00+00:00,42.38900,42.38900,42.06800,42.07800,1211
2016-04-25 00:00:00+00:00,42.08800,42.72600,41.33400,41.64600,48476
2016-04-26 00:00:00+00:00,41.65200,43.56000,41.27800,43.28600,51939
2016-04-27 00:00:00+00:00,43.29000,44.37100,42.57000,44.02800,59252
2016-04-28 00:00:00+00:00,44.01800,44.93400,43.75000,44.64400,54533
2016-04-29 00:00:00+00:00,44.64800,45.60200,44.12000,44.88800,62334
2016-05-01 00:00:00+00:00,44.88800,44.92400,44.55000,44.64000,1188
2016-05-02 00:00:00+00:00,44.63000,45.14800,43.59000,43.77000,52414
2016-05-03 00:00:00+00:00,43.77400,44.41600,42.45000,42.97200,61573
2016-05-04 00:00:00+00:00,42.97600,44.01200,42.40000,43.57200,63736
2016-05-05 00:00:00+00:00,43.57600,45.23000,43.17800,43.60600,64062
2016-05-06 00:00:00+00:00,43.61400,44.57800,42.79800,43.86200,68692
2016-05-08 00:00:00+00:00,44.52600,45.28600,44.47200,44.96400,3490
2016-05-09 00:00:00+00:00,44.96000,45.15000,42.64400,42.70800,62923
2016-05-10 00:00:00+00:00,42.69800,44.25800,42.48200,44.15200,57775
2016-05-11 00:00:00+00:00,44.14800,45.85400,43.46800,45.45200,78704
2016-05-12 00:00:00+00:00,45.45600,46.56000,45.16000,45.89200,76310
2016-05-13 00:00:00+00:00,45.88200,46.06800,45.35400,46.00400,61440
2016-05-15 00:00:00+00:00,46.00200,46.17200,45.87200,46.03600,767
2016-05-16 00:00:00+00:00,46.03200,47.74400,45.95000,47.63400,63802
2016-05-17 00:00:00+00:00,47.64000,48.58000,47.33400,48.27800,63148
2016-05-18 00:00:00+00:00,48.28400,48.79400,47.57800,47.83800,84332
2016-05-19 00:00:00+00:00,47.84600,48.34000,46.56000,48.17400,64970
2016-05-20 00:00:00+00:00,48.16400,48.56000,47.26000,47.75400,51784
2016-05-22 00:00:00+00:00,47.83800,47.84000,47.45000,47.60800,862
2016-05-23 00:00:00+00:00,47.60400,47.64000,46.78200,47.45200,41581
2016-05-24 00:00:00+00:00,47.44800,48.66600,47.03400,48.61400,44056
2016-05-25 00:00:00+00:00,48.61200,49.15000,48.06000,48.98600,51584
2016-05-26 00:00:00+00:00,48.98200,49.61200,48.63600,48.80200,45714
2016-05-27 00:00:00+00:00,48.79200,49.02800,48.14200,49.02800,41875
2016-05-29 00:00:00+00:00,49.14400,49.20200,49.02600,49.06200,797
2016-05-30 00:00:00+00:00,49.05600,49.26400,48.58000,49.01800,10871
2016-05-31 00:00:00+00:00,49.02400,49.62600,48.31000,48.45600,37274
2016-06-01 00:00:00+00:00,48.45000,48.81200,47.32000,48.45800,45325
2016-06-02 00:00:00+00:00,48.46800,49.04000,47.55800,48.68800,55674
2016-06-03 00:00:00+00:00,48.67800,48.99400,47.93200,48.45600,50811
2016-06-05 00:00:00+00:00,48.60000,48.60000,48.36800,48.41800,477
2016-06-06 00:00:00+00:00,48.42200,49.55200,48.41800,49.31400,36051
2016-06-07 00:00:00+00:00,49.30800,50.20600,49.11800,50.06000,34837
2016-06-08 00:00:00+00:00,50.06600,51.36600,50.01800,51.29600,45319
2016-06-09 00:00:00+00:00,51.30000,51.35800,49.95600,50.28600,41713
2016-06-10 00:00:00+00:00,50.28000,50.45600,48.56200,48.65800,43047
2016-06-12 00:00:00+00:00,48.68200,48.68200,48.40200,48.46800,1362
2016-06-13 00:00:00+00:00,48.46600,49.09200,47.97400,48.22200,44378
2016-06-14 00:00:00+00:00,48.22000,48.53400,47.57600,47.66400,38275
2016-06-15 00:00:00+00:00,47.66800,48.57800,47.15000,47.33900,58558
2016-06-16 00:00:00+00:00,47.34300,47.62000,45.73400,46.14400,58640
2016-06-17 00:00:00+00:00,46.14800,48.19800,46.12800,48.15400,43992
2016-06-19 00:00:00+00:00,48.18800,48.38400,48.09800,48.21800,981
2016-06-20 00:00:00+00:00,48.22800,49.34000,48.14000,49.18600,37767
2016-06-21 00:00:00+00:00,49.19000,49.81000,48.23200,49.73200,38959
2016-06-22 00:00:00+00:00,49.72600,49.90800,47.81200,48.88000,44154
2016-06-23 00:00:00+00:00,48.87400,49.84800,48.52400,49.21200,42142
2016-06-24 00:00:00+00:00,49.20800,49.29200,46.19200,47.02600,119481
2016-06-26 00:00:00+00:00,47.29400,47.29400,46.43200,46.56600,2498
2016-06-27 00:00:00+00:00,46.57000,47.46200,45.37200,46.28800,59213
2016-06-28 00:00:00+00:00,46.27800,47.90400,46.09200,47.80000,48778
2016-06-29 00:00:00+00:00,47.79200,49.53400,47.58200,49.08400,45643
2016-06-30 00:00:00+00:00,49.07800,49.15000,47.75200,48.00400,47616
2016-07-01 00:00:00+00:00,48.02000,48.86800,47.49800,48.85600,40738
2016-07-03 00:00:00+00:00,48.82400,48.86000,48.57200,48.64400,1621
2016-07-04 00:00:00+00:00,48.64800,48.99200,48.19800,48.30800,18817
2016-07-05 00:00:00+00:00,48.31800,48.34800,46.01800,46.37200,44750
2016-07-06 00:00:00+00:00,46.36600,47.64200,45.64200,47.47600,62150
2016-07-07 00:00:00+00:00,47.47000,47.97400,44.62400,45.12000,69304
2016-07-08 00:00:00+00:00,45.11600,45.71800,44.53400,44.91800,62222
2016-07-10 00:00:00+00:00,44.83800,45.08800,44.69000,44.87000,1831
2016-07-11 00:00:00+00:00,44.88000,45.57800,44.25000,44.44200,51390
2016-07-12 00:00:00+00:00,44.43800,46.75800,44.38200,46.30400,50019
2016-07-13 00:00:00+00:00,46.30800,46.53600,44.42600,44.99000,61714
2016-07-14 00:00:00+00:00,45.00000,45.68000,44.82600,45.17800,50895
2016-07-15 00:00:00+00:00,45.18400,46.19000,44.94000,46.10800,50632
2016-07-17 00:00:00+00:00,46.02000,46.02500,45.58200,45.81800,2066
2016-07-18 00:00:00+00:00,45.82400,46.01000,44.77200,45.10400,45130
2016-07-19 00:00:00+00:00,45.10000,45.62200,44.56300,44.81200,29089
2016-07-20 00:00:00+00:00,44.80600,45.38600,43.84800,45.00000,39302
2016-07-21 00:00:00+00:00,44.99600,45.37000,43.84600,44.02800,38988
2016-07-22 00:00:00+00:00,44.02400,44.29400,43.09800,43.58600,34231
2016-07-24 00:00:00+00:00,43.59600,43.67600,43.41800,43.62800,966
2016-07-25 00:00:00+00:00,43.63200,43.75600,42.38800,42.61200,30678
2016-07-26 00:00:00+00:00,42.60600,42.70600,41.81400,42.12200,33067
2016-07-27 00:00:00+00:00,42.12400,42.65400,41.15600,41.50600,43539
2016-07-28 00:00:00+00:00,41.51200,41.70400,40.46800,40.49000,37383
2016-07-29 00:00:00+00:00,40.50000,41.18600,40.10200,40.96600,36626
2016-07-31 00:00:00+00:00,40.83200,41.01200,40.83200,40.91400,843
2016-08-01 00:00:00+00:00,40.90800,41.44600,39.42400,39.72600,35351
2016-08-02 00:00:00+00:00,39.71600,40.50800,38.87800,39.30800,38478
2016-08-03 00:00:00+00:00,39.29800,40.82400,38.85100,40.79400,52687
2016-08-04 00:00:00+00:00,40.79800,41.71000,40.08000,41.45800,40960
2016-08-05 00:00:00+00:00,41.45400,41.74600,40.71600,41.64400,42108
2016-08-07 00:00:00+00:00,41.66000,41.68600,41.53600,41.66600,700
2016-08-08 00:00:00+00:00,41.66200,43.09200,41.52000,42.60400,35902
2016-08-09 00:00:00+00:00,42.59800,43.23800,42.21000,42.38200,39277
2016-08-10 00:00:00+00:00,42.39200,43.13000,41.17600,41.20000,46021
2016-08-11 00:00:00+00:00,41.19600,43.62000,40.87800,43.48800,44236
2016-08-12 00:00:00+00:00,43.48000,44.56000,43.09000,44.50200,46462
2016-08-14 00:00:00+00:00,44.53000,44.54000,44.36600,44.40600,555
2016-08-15 00:00:00+00:00,44.41200,45.77000,44.22800,45.47400,36041
2016-08-16 00:00:00+00:00,45.46800,46.57400,45.20200,46.17600,48717
2016-08-17 00:00:00+00:00,46.17000,46.86600,45.74600,46.74800,59862
2016-08-18 00:00:00+00:00,46.75800,48.26200,46.51400,48.17000,41090
2016-08-19 00:00:00+00:00,48.17400,48.58800,47.78400,48.29800,35867
2016-08-21 00:00:00+00:00,48.19200,48.23700,47.92600,48.11200,2791
2016-08-22 00:00:00+00:00,48.10600,48.16000,46.50800,46.51800,40922
2016-08-23 00:00:00+00:00,46.52200,47.65600,45.95800,46.96400,44363
2016-08-24 00:00:00+00:00,46.96000,47.09200,45.83400,46.15800,49976
2016-08-25 00:00:00+00:00,46.15400,46.85600,45.83200,46.75400,34092
2016-08-26 00:00:00+00:00,46.74800,47.86400,46.36200,46.74800,44466
2016-08-28 00:00:00+00:00,46.67600,46.69000,46.53400,46.59400,812
2016-08-29 00:00:00+00:00,46.59800,46.75200,46.12200,46.49800,23892
2016-08-30 00:00:00+00:00,46.50200,46.99400,45.31600,45.72800,33041
2016-08-31 00:00:00+00:00,45.71800,45.94000,44.07200,44.41400,34445
2016-09-01 00:00:00+00:00,44.40400,44.64800,42.60800,43.12800,39758
2016-09-02 00:00:00+00:00,43.13200,44.28400,42.76800,43.83000,44669
2016-09-04 00:00:00+00:00,43.78400,44.03200,43.75000,43.76600,587
2016-09-05 00:00:00+00:00,43.77600,46.18600,43.72800,44.73000,55691
2016-09-06 00:00:00+00:00,44.73600,45.28800,43.54000,44.44600,39385
2016-09-07 00:00:00+00:00,44.45400,45.92400,44.25600,45.86600,43827
2016-09-08 00:00:00+00:00,45.87200,47.46400,45.50200,47.04200,54196
2016-09-09 00:00:00+00:00,47.03800,47.04200,45.32200,45.47200,43284
2016-09-11 00:00:00+00:00,45.41200,45.45600,44.89000,45.22000,2091
2016-09-12 00:00:00+00:00,45.21000,46.33000,44.54200,45.89800,54552
2016-09-13 00:00:00+00:00,45.89400,45.94800,44.61800,45.02400,48922
2016-09-14 00:00:00+00:00,45.02200,45.19000,43.29600,43.64000,58293
2016-09-15 00:00:00+00:00,43.63000,44.22400,43.15400,43.47400,52135
2016-09-16 00:00:00+00:00,43.48200,43.60400,42.66800,43.10200,45894
2016-09-18 00:00:00+00:00,43.14000,43.61200,43.08000,43.58400,1487
2016-09-19 00:00:00+00:00,43.59400,44.05000,42.95600,43.10600,32561
2016-09-20 00:00:00+00:00,43.10000,44.49800,42.46200,44.26400,54176
2016-09-21 00:00:00+00:00,44.26000,45.06400,44.09800,44.94600,56763
2016-09-22 00:00:00+00:00,44.95000,45.91200,44.94600,45.38200,38569
2016-09-23 00:00:00+00:00,45.37800,45.95400,43.66000,44.07200,62916
2016-09-25 00:00:00+00:00,44.19800,44.42600,44.06000,44.37800,1364
2016-09-26 00:00:00+00:00,44.38200,45.68600,43.93000,45.20000,45469
2016-09-27 00:00:00+00:00,45.19400,45.45000,43.71000,44.38000,51688
2016-09-28 00:00:00+00:00,44.39000,46.97800,43.89800,46.68800,100664
2016-09-29 00:00:00+00:00,46.69200,47.84000,46.14000,47.34000,64548
2016-09-30 00:00:00+00:00,47.34400,47.84400,46.59800,47.60000,46896
2016-10-02 00:00:00+00:00,47.62000,47.63000,47.38800,47.40800,746
2016-10-03 00:00:00+00:00,47.41200,48.62600,47.39800,48.33400,37665
2016-10-04 00:00:00+00:00,48.34400,48.93200,47.89400,48.78200,46240
2016-10-05 00:00:00+00:00,48.78800,49.61400,48.75600,49.36200,41533
2016-10-06 00:00:00+00:00,49.35200,50.29600,48.99200,50.24000,35697
2016-10-07 00:00:00+00:00,50.23400,50.42600,49.10200,49.26000,51993
2016-10-09 00:00:00+00:00,49.36200,49.49600,48.90000,49.04600,2162
2016-10-10 00:00:00+00:00,49.04000,51.34800,48.94800,51.04000,44407
2016-10-11 00:00:00+00:00,51.05000,51.30600,50.17800,50.57600,52197
2016-10-12 00:00:00+00:00,50.58000,50.97000,49.58200,49.69200,43345
2016-10-13 00:00:00+00:00,49.68400,50.56600,49.19800,50.42800,45168
2016-10-14 00:00:00+00:00,50.43400,50.99000,49.75000,50.17400,38929
2016-10-16 00:00:00+00:00,50.14400,50.16200,49.95000,49.99800,603
2016-10-17 00:00:00+00:00,50.00000,50.49600,49.40000,50.02600,35543
2016-10-18 00:00:00+00:00,50.03000,50.70200,49.64800,50.62400,34243
2016-10-19 00:00:00+00:00,50.63400,51.73200,50.52600,51.26000,31337
2016-10-20 00:00:00+00:00,51.25600,51.34000,49.98400,50.21000,33339
2016-10-21 00:00:00+00:00,50.21600,50.57000,49.76800,50.53600,31231
2016-10-23 00:00:00+00:00,50.47800,50.53400,50.09800,50.17600,1077
2016-10-24 00:00:00+00:00,50.17600,50.57000,49.22600,50.09200,38010
2016-10-25 00:00:00+00:00,50.08800,50.52600,48.83600,48.89600,38787
2016-10-26 00:00:00+00:00,48.90000,49.72800,48.50800,48.91000,47632
2016-10-27 00:00:00+00:00,48.91400,49.69400,48.64600,49.34000,36337
2016-10-28 00:00:00+00:00,49.33800,49.46000,48.08000,48.33000,40657
2016-10-30 00:00:00+00:00,48.03800,48.11800,47.88400,48.03600,1113
2016-10-31 00:00:00+00:00,48.04400,48.43200,46.35000,46.61800,37091
2016-11-01 00:00:00+00:00,46.61800,47.06600,45.93600,46.12800,48651
2016-11-02 00:00:00+00:00,46.12200,46.19800,44.71800,45.42400,42469
2016-11-03 00:00:00+00:00,45.42000,45.65400,44.13000,44.52200,29631
2016-11-04 00:00:00+00:00,44.52600,44.63200,43.35400,43.89000,45648
2016-11-06 00:00:00+00:00,44.29000,44.43400,44.23000,44.34000,1340
2016-11-07 00:00:00+00:00,44.35000,44.81800,43.92000,44.67000,28628
2016-11-08 00:00:00+00:00,44.67600,45.20800,44.24000,44.71200,37194
2016-11-09 00:00:00+00:00,44.70200,45.77800,42.91600,45.10400,122681
2016-11-10 00:00:00+00:00,45.10800,45.47400,44.12800,44.26800,58904
2016-11-11 00:00:00+00:00,44.27800,44.48200,42.91200,42.99400,43364
2016-11-13 00:00:00+00:00,43.12800,43.39800,43.12800,43.38800,531
2016-11-14 00:00:00+00:00,43.38400,43.70800,42.11000,43.59000,44486
2016-11-15 00:00:00+00:00,43.60000,45.99600,43.53000,45.62800,51413
2016-11-16 00:00:00+00:00,45.62200,46.32400,44.96000,45.39000,70446
2016-11-17 00:00:00+00:00,45.38600,46.45400,44.84200,45.01000,56441
2016-11-18 00:00:00+00:00,45.00600,45.82200,44.55600,45.66000,53359
2016-11-20 00:00:00+00:00,45.97700,46.44400,45.87800,46.24600,1385
2016-11-21 00:00:00+00:00,46.24200,48.07200,46.08800,48.06800,42421
2016-11-22 00:00:00+00:00,48.06400,48.60400,46.61400,47.47800,59801
2016-11-23 00:00:00+00:00,47.47000,47.86800,46.85800,47.49000,52221
2016-11-24 00:00:00+00:00,47.48000,47.71800,47.26800,47.45000,15460
2016-11-25 00:00:00+00:00,47.44600,47.49200,45.39800,45.49400,27962
2016-11-27 00:00:00+00:00,45.08800,45.32200,44.70800,44.86600,2535
2016-11-28 00:00:00+00:00,44.86200,47.19800,44.81800,46.41200,68081
2016-11-29 00:00:00+00:00,46.41600,46.54200,44.42800,44.88400,68698
2016-11-30 00:00:00+00:00,44.89400,49.47000,44.89400,48.80300,164028
2016-12-01 00:00:00+00:00,48.76700,51.37400,48.67000,50.80200,83571
2016-12-02 00:00:00+00:00,50.80000,51.32800,49.79400,51.26800,53207
2016-12-04 00:00:00+00:00,51.25200,51.25600,50.81000,51.04400,2062
2016-12-05 00:00:00+00:00,51.03800,52.06600,50.61600,50.89200,48945
2016-12-06 00:00:00+00:00,50.90200,51.27800,49.98000,50.68400,39939
2016-12-07 00:00:00+00:00,50.67400,50.90200,49.44400,49.67600,50266
2016-12-08 00:00:00+00:00,49.68200,50.83400,49.35000,50.79800,56557
2016-12-09 00:00:00+00:00,50.79200,51.40800,50.60600,51.25000,42970
2016-12-11 00:00:00+00:00,52.55000,54.29400,52.52000,53.69600,7888
2016-12-12 00:00:00+00:00,53.70000,54.28200,52.00400,52.39600,67472
2016-12-13 00:00:00+00:00,52.40600,53.23600,52.18200,52.27000,44580
2016-12-14 00:00:00+00:00,52.26600,52.63400,50.54400,50.72600,64309
2016-12-15 00:00:00+00:00,50.72200,51.29000,49.83000,50.93400,54554
2016-12-16 00:00:00+00:00,50.93800,51.93400,50.36600,51.86800,40887
2016-12-18 00:00:00+00:00,52.09000,52.17200,51.85400,51.91000,915
2016-12-19 00:00:00+00:00,51.91400,52.43400,51.46000,51.97400,31677
2016-12-20 00:00:00+00:00,51.97800,52.67400,51.74600,52.46800,26194
2016-12-21 00:00:00+00:00,52.47400,52.70600,51.29000,51.51400,28285
2016-12-22 00:00:00+00:00,51.52400,52.16400,51.08000,51.73600,25793
2016-12-23 00:00:00+00:00,51.73200,52.29000,51.29200,52.26100,21183
2016-12-26 00:00:00+00:00,52.43600,52.46000,52.26400,52.31400,328
2016-12-27 00:00:00+00:00,52.30800,53.23800,52.16800,53.00800,19374
2016-12-28 00:00:00+00:00,52.99800,53.53800,52.65800,52.81600,21356
2016-12-29 00:00:00+00:00,52.81200,53.41200,52.78800,53.17600,25653
2016-12-30 00:00:00+00:00,53.18200,53.31800,52.66600,53.15000,22411
2017-01-02 00:00:00+00:00,53.53800,53.54400,53.36600,53.38800,646
2017-01-03 00:00:00+00:00,53.39600,54.59800,51.54200,52.04000,54455
2017-01-04 00:00:00+00:00,52.03400,52.86000,51.59400,52.76600,45904
2017-01-05 00:00:00+00:00,52.76000,53.57000,52.26400,53.22600,41073
2017-01-06 00:00:00+00:00,53.22400,53.80200,52.82400,53.20400,39832
2017-01-08 00:00:00+00:00,53.34000,53.40000,53.33000,53.36200,336
2017-01-09 00:00:00+00:00,53.36400,53.40400,51.38800,51.57000,32435
2017-01-10 00:00:00+00:00,51.56600,52.00400,50.38000,50.57200,38669
2017-01-11 00:00:00+00:00,50.57600,52.45600,50.43400,51.95600,58644
2017-01-12 00:00:00+00:00,51.94600,53.20000,51.82000,52.74800,51056
2017-01-13 00:00:00+00:00,52.75200,52.89800,52.02400,52.30200,42801
2017-01-15 00:00:00+00:00,52.39800,52.40200,52.21400,52.27600,572
2017-01-16 00:00:00+00:00,52.28000,52.55800,51.96200,52.37800,19426
2017-01-17 00:00:00+00:00,52.37400,53.39800,52.10800,52.44800,43899
2017-01-18 00:00:00+00:00,52.45000,52.71000,50.87200,51.36800,47088
2017-01-19 00:00:00+00:00,51.37200,51.81800,50.97400,51.45200,46025
2017-01-20 00:00:00+00:00,51.44200,52.82800,51.31200,52.36200,37448
2017-01-22 00:00:00+00:00,52.51600,52.68800,52.39400,52.54400,771
2017-01-23 00:00:00+00:00,52.53800,52.56600,51.47400,52.13400,29012
2017-01-24 00:00:00+00:00,52.14000,52.82400,51.95000,52.26800,28951
2017-01-25 00:00:00+00:00,52.26400,52.77000,51.86600,52.32400,37240
2017-01-26 00:00:00+00:00,52.32800,53.36800,52.10800,53.07000,36664
2017-01-27 00:00:00+00:00,53.06600,53.40400,51.94200,52.53000,31878
2017-01-29 00:00:00+00:00,52.53800,52.57400,52.32600,52.38600,709
2017-01-30 00:00:00+00:00,52.37600,52.88200,51.85000,52.08600,27193
2017-01-31 00:00:00+00:00,52.07600,53.01200,51.69800,52.26000,32070
2017-02-01 00:00:00+00:00,52.25400,53.39000,52.11400,53.02800,42243
2017-02-02 00:00:00+00:00,53.02200,53.82200,52.85600,53.36000,33100
2017-02-03 00:00:00+00:00,53.37000,53.73400,52.93000,53.39000,29343
2017-02-05 00:00:00+00:00,53.44200,53.49800,53.38200,53.49800,394
2017-02-06 00:00:00+00:00,53.50600,53.71400,52.52600,52.79000,25984
2017-02-07 00:00:00+00:00,52.78400,52.85000,50.87800,50.92800,35499
2017-02-08 00:00:00+00:00,50.92400,52.32600,50.91800,52.15800,42875
2017-02-09 00:00:00+00:00,52.15200,52.89600,52.12600,52.77800,32129
2017-02-10 00:00:00+00:00,52.77400,53.83000,52.60800,53.54000,28218
2017-02-12 00:00:00+00:00,53.60600,53.71000,53.58000,53.63200,406
2017-02-13 00:00:00+00:00,53.62600,53.66000,52.55400,52.80000,29269
2017-02-14 00:00:00+00:00,52.80600,53.52400,52.67000,52.87600,30000
2017-02-15 00:00:00+00:00,52.88600,53.35200,52.56600,52.88200,32189
2017-02-16 00:00:00+00:00,52.88800,53.44600,52.52600,53.19600,37379
2017-02-17 00:00:00+00:00,53.19200,53.32000,52.70200,53.14800,29032
2017-02-19 00:00:00+00:00,53.41200,53.41800,53.23000,53.24000,309
2017-02-20 00:00:00+00:00,53.23000,53.69200,53.18200,53.43600,11205
2017-02-21 00:00:00+00:00,53.44600,54.49600,53.42600,53.81200,27476
2017-02-22 00:00:00+00:00,53.80600,54.08600,52.87800,53.52200,30083
2017-02-23 00:00:00+00:00,53.51800,54.44600,53.44800,53.88800,37935
2017-02-24 00:00:00+00:00,53.88400,54.03000,53.29400,53.54800,22203
2017-02-26 00:00:00+00:00,53.61000,53.64400,53.57600,53.57800,246
2017-02-27 00:00:00+00:00,53.57200,54.19600,53.52400,53.66000,23435
2017-02-28 00:00:00+00:00,53.66800,53.82600,52.80200,53.53200,33565
2017-03-01 00:00:00+00:00,53.53600,54.06000,53.27200,53.36200,31324
2017-03-02 00:00:00+00:00,53.35800,53.43800,52.21600,52.35000,36626
2017-03-03 00:00:00+00:00,52.35000,53.06800,52.24800,52.90400,25881
2017-03-05 00:00:00+00:00,53.00000,53.08200,52.92000,52.98800,552
2017-03-06 00:00:00+00:00,52.98200,53.28200,52.48600,52.88600,25896
2017-03-07 00:00:00+00:00,52.87600,53.53400,52.47000,52.63600,26232
2017-03-08 00:00:00+00:00,52.63000,52.66600,49.83200,50.13400,45252
2017-03-09 00:00:00+00:00,50.14400,50.61800,48.40600,49.35200,72833
2017-03-10 00:00:00+00:00,49.34400,49.92200,48.13200,48.21400,48620
2017-03-12 00:00:00+00:00,48.29800,48.39600,47.77000,47.90000,2033
2017-03-13 00:00:00+00:00,47.91000,48.53800,47.81000,48.23600,41986
2017-03-14 00:00:00+00:00,48.24600,48.68000,46.97800,48.36200,52692
2017-03-15 00:00:00+00:00,48.37200,48.99800,48.06200,48.94000,45990
2017-03-16 00:00:00+00:00,48.93600,49.45000,48.34000,48.64400,31322
2017-03-17 00:00:00+00:00,48.64800,49.03800,48.44200,48.60600,23606
2017-03-19 00:00:00+00:00,48.66000,48.66400,48.55200,48.55200,266
2017-03-20 00:00:00+00:00,48.55800,48.75200,47.87200,48.37400,26877
2017-03-21 00:00:00+00:00,48.38000,48.88600,47.42400,47.51800,35212
2017-03-22 00:00:00+00:00,47.52200,47.76600,46.52600,47.72000,37857
2017-03-23 00:00:00+00:00,47.71600,47.93600,47.05800,47.25400,23609
2017-03-24 00:00:00+00:00,47.26400,47.68400,47.03800,47.61400,18893
2017-03-26 00:00:00+00:00,47.68800,47.80200,47.50400,47.72400,821
2017-03-27 00:00:00+00:00,47.72000,47.72400,46.63600,47.38600,22028
2017-03-28 00:00:00+00:00,47.39000,48.30000,47.36600,48.06800,20973
2017-03-29 00:00:00+00:00,48.05800,49.19600,47.96000,49.12800,21663
2017-03-30 00:00:00+00:00,49.12400,50.04800,48.86000,49.86400,20809
2017-03-31 00:00:00+00:00,49.87400,50.42400,49.50400,50.39600,21873
2017-04-02 00:00:00+00:00,50.33600,50.39400,50.21800,50.23800,510
2017-04-03 00:00:00+00:00,50.23400,50.48800,49.78400,49.99000,17090
2017-04-04 00:00:00+00:00,49.99400,50.97200,49.56000,50.84600,23636
2017-04-05 00:00:00+00:00,50.84200,51.56400,50.44400,50.59800,29959
2017-04-06 00:00:00+00:00,50.60200,51.52600,50.50800,51.43200,18241
2017-04-07 00:00:00+00:00,51.43600,52.64800,51.22400,52.01800,37183
2017-04-09 00:00:00+00:00,52.11400,52.38800,52.08000,52.24000,478
2017-04-10 00:00:00+00:00,52.24400,52.99200,52.09200,52.94800,23302
2017-04-11 00:00:00+00:00,52.94400,53.25400,52.51200,53.16800,30692
2017-04-12 00:00:00+00:00,53.17200,53.57600,52.54800,52.71000,33733
2017-04-13 00:00:00+00:00,52.71400,53.23200,52.69000,52.75800,25153
2017-04-16 00:00:00+00:00,52.81200,52.99200,52.81200,52.94400,521
2017-04-17 00:00:00+00:00,52.93800,53.13400,52.48000,52.61400,18966
2017-04-18 00:00:00+00:00,52.61000,52.79600,52.04400,52.27600,27566
2017-04-19 00:00:00+00:00,52.27200,52.55800,50.04800,50.61600,39350
2017-04-20 00:00:00+00:00,50.61200,50.93000,50.06200,50.32200,35679
2017-04-21 00:00:00+00:00,50.32000,50.48800,48.78200,49.17600,34704
2017-04-23 00:00:00+00:00,49.30200,49.55000,49.29200,49.44200,857
2017-04-24 00:00:00+00:00,49.44600,49.82600,48.65400,48.91000,23237
2017-04-25 00:00:00+00:00,48.90600,49.45600,48.51200,48.93200,26565
2017-04-26 00:00:00+00:00,48.92600,49.83400,48.59200,48.96600,33258
2017-04-27 00:00:00+00:00,48.97600,49.07600,47.88400,48.83000,32324
2017-04-28 00:00:00+00:00,48.82600,49.42400,48.48200,48.90000,28300
2017-04-30 00:00:00+00:00,48.88000,48.96000,48.85000,48.95600,499
2017-05-01 00:00:00+00:00,48.95800,49.02200,48.30200,48.40800,18120
2017-05-02 00:00:00+00:00,48.41200,49.01000,47.09400,47.82400,37554
2017-05-03 00:00:00+00:00,47.81400,47.96800,47.05600,47.40000,38955
2017-05-04 00:00:00+00:00,47.39600,47.51000,45.07000,45.33400,59306
2017-05-05 00:00:00+00:00,45.32800,46.45600,43.55200,46.28400,68999
2017-05-07 00:00:00+00:00,46.15000,46.76400,46.14600,46.72400,1335
2017-05-08 00:00:00+00:00,46.73200,46.78400,45.54800,46.35800,49870
2017-05-09 00:00:00+00:00,46.34800,46.60200,45.36200,45.96200,37201
2017-05-10 00:00:00+00:00,45.95800,47.61600,45.85600,47.24200,45499
2017-05-11 00:00:00+00:00,47.25000,48.06600,47.23200,47.69200,34589
2017-05-12 00:00:00+00:00,47.69600,47.93600,47.22200,47.71000,27979
2017-05-14 00:00:00+00:00,47.74600,47.77000,47.64200,47.68200,391
2017-05-15 00:00:00+00:00,47.67800,49.55600,47.66200,48.84200,42823
2017-05-16 00:00:00+00:00,48.83800,49.29000,47.98800,48.07800,36356
2017-05-17 00:00:00+00:00,48.07400,49.42400,47.95800,49.01000,48638
2017-05-18 00:00:00+00:00,49.01400,49.51800,47.98800,49.34400,50160
2017-05-19 00:00:00+00:00,49.35400,50.46600,49.31400,50.43000,37394
2017-05-21 00:00:00+00:00,50.60000,50.80000,50.56000,50.72800,1341
2017-05-22 00:00:00+00:00,50.73200,51.05600,50.38000,50.78200,37360
2017-05-23 00:00:00+00:00,50.77800,51.42400,50.22000,51.08000,31597
2017-05-24 00:00:00+00:00,51.08600,51.52400,50.69400,51.18400,40885
2017-05-25 00:00:00+00:00,51.19000,51.65600,48.14400,48.55400,91567
2017-05-26 00:00:00+00:00,48.56000,49.62800,47.87400,49.54800,51185
2017-05-28 00:00:00+00:00,49.64800,49.75200,49.56400,49.65400,858
2017-05-29 00:00:00+00:00,49.65800,50.01000,49.23200,49.69600,13378
2017-05-30 00:00:00+00:00,49.69400,49.78600,48.77800,49.36200,28385
2017-05-31 00:00:00+00:00,49.37000,49.45000,47.49800,48.53600,44797
2017-06-01 00:00:00+00:00,48.54600,48.93200,47.59200,47.71200,46595
2017-06-02 00:00:00+00:00,47.70800,47.97200,46.53200,47.51400,50974
2017-06-04 00:00:00+00:00,47.50200,47.64800,47.48200,47.50800,671
2017-06-05 00:00:00+00:00,47.51200,48.22800,46.69000,47.35000,41132
2017-06-06 00:00:00+00:00,47.34200,48.22800,46.76400,47.90000,47156
2017-06-07 00:00:00+00:00,47.89000,48.06200,45.49800,45.75000,58936
2017-06-08 00:00:00+00:00,45.74200,46.03400,45.06800,45.45200,53327
2017-06-09 00:00:00+00:00,45.45600,46.04800,45.13600,45.78800,39418
2017-06-11 00:00:00+00:00,45.65400,45.97400,45.63400,45.96400,561
2017-06-12 00:00:00+00:00,45.96800,46.61000,45.56800,46.08600,36233
2017-06-13 00:00:00+00:00,46.07600,46.48400,45.48400,45.82200,36429
2017-06-14 00:00:00+00:00,45.82800,46.41400,44.40000,44.49000,62436
2017-06-15 00:00:00+00:00,44.49400,44.74400,44.17800,44.32000,33775
2017-06-16 00:00:00+00:00,44.31600,44.91000,44.29000,44.64400,29612
2017-06-18 00:00:00+00:00,44.62000,44.70000,44.58200,44.61200,446
2017-06-19 00:00:00+00:00,44.60600,45.02200,44.02200,44.26200,32978
2017-06-20 00:00:00+00:00,44.25600,44.44200,42.70400,43.24400,47207
2017-06-21 00:00:00+00:00,43.25400,43.96600,41.83800,42.36000,58199
2017-06-22 00:00:00+00:00,42.36600,43.09800,42.05000,42.63200,37915
2017-06-23 00:00:00+00:00,42.63800,42.99600,42.32800,42.92800,31806
2017-06-25 00:00:00+00:00,42.95200,43.08400,42.92400,43.05400,912
2017-06-26 00:00:00+00:00,43.05000,43.46400,42.44200,43.21000,34815
2017-06-27 00:00:00+00:00,43.20800,44.26200,43.14200,43.63600,40847
2017-06-28 00:00:00+00:00,43.63000,44.72000,43.62600,44.62000,47770
2017-06-29 00:00:00+00:00,44.62600,45.27400,44.48800,44.77800,41409
2017-06-30 00:00:00+00:00,44.76800,46.19000,44.76800,46.16000,38354
2017-07-02 00:00:00+00:00,46.16200,46.21800,46.05800,46.14000,570
2017-07-03 00:00:00+00:00,46.13600,46.98400,45.77200,46.90400,32193
2017-07-04 00:00:00+00:00,46.90800,47.17800,46.60400,47.00200,15897
2017-07-05 00:00:00+00:00,46.99200,47.10400,44.41600,45.47400,61693
2017-07-06 00:00:00+00:00,45.48000,46.40800,44.97400,45.01400,59065
2017-07-07 00:00:00+00:00,45.02400,45.03400,43.67200,44.25200,60165
2017-07-09 00:00:00+00:00,44.60800,44.60800,44.27800,44.42800,1084
2017-07-10 00:00:00+00:00,44.42400,44.75400,43.56400,44.42600,43901
2017-07-11 00:00:00+00:00,44.43600,45.81200,43.76200,45.72200,56906
2017-07-12 00:00:00+00:00,45.71200,46.39800,45.04800,45.33200,65415
2017-07-13 00:00:00+00:00,45.32800,46.20600,44.92400,45.98400,34646
2017-07-14 00:00:00+00:00,45.98800,46.68800,45.74600,46.65800,32610
2017-07-16 00:00:00+00:00,46.66200,46.69200,46.60200,46.60800,266
2017-07-17 00:00:00+00:00,46.61200,46.87400,45.90000,46.06000,34084
2017-07-18 00:00:00+00:00,46.05600,46.93000,45.82400,46.22600,49316
2017-07-19 00:00:00+00:00,46.23000,47.26600,46.12800,47.10800,54588
2017-07-20 00:00:00+00:00,47.11200,47.54000,46.62400,46.78600,50117
2017-07-21 00:00:00+00:00,46.78000,47.02600,45.36600,45.42600,52783
2017-07-23 00:00:00+00:00,45.45200,45.59600,45.44200,45.55600,528
2017-07-24 00:00:00+00:00,45.55200,46.35800,45.23000,46.24000,47101
2017-07-25 00:00:00+00:00,46.23600,48.49800,46.23000,48.23800,50064
2017-07-26 00:00:00+00:00,48.23400,48.70200,47.70400,48.49100,54082
2017-07-27 00:00:00+00:00,48.49600,49.07700,48.09800,48.95900,47943
2017-07-28 00:00:00+00:00,48.95400,49.65200,48.71000,49.64700,45054
2017-07-30 00:00:00+00:00,49.74400,49.89100,49.71400,49.80400,1047
2017-07-31 00:00:00+00:00,49.80000,50.26800,49.05000,50.02000,49767
2017-08-01 00:00:00+00:00,50.04200,50.29100,48.23900,48.66000,59299
2017-08-02 00:00:00+00:00,48.65500,49.52200,48.43200,49.37400,58162
2017-08-03 00:00:00+00:00,49.37400,49.83700,48.67000,48.88100,52318
2017-08-04 00:00:00+00:00,48.88500,49.52400,48.39500,49.42000,49194
2017-08-06 00:00:00+00:00,49.49300,49.61700,49.42800,49.43800,517
2017-08-07 00:00:00+00:00,49.43400,49.57800,48.44400,49.23500,50307
2017-08-08 00:00:00+00:00,49.23500,49.69600,48.77900,48.98100,52215
2017-08-09 00:00:00+00:00,48.97100,49.63500,48.82200,49.53100,52605
2017-08-10 00:00:00+00:00,49.53600,50.13900,48.27300,48.57400,70935
2017-08-11 00:00:00+00:00,48.57000,48.90400,47.91800,48.69600,50390
2017-08-13 00:00:00+00:00,48.70400,48.79700,48.66700,48.77700,445
2017-08-14 00:00:00+00:00,48.78200,49.09900,47.38200,47.53000,44907
2017-08-15 00:00:00+00:00,47.52500,47.84600,46.98800,47.61300,39127
2017-08-16 00:00:00+00:00,47.61800,47.93500,46.66100,46.78100,39991
2017-08-17 00:00:00+00:00,46.78600,47.15400,46.44600,46.91600,34052
2017-08-18 00:00:00+00:00,46.92100,48.71400,46.75000,48.68400,47185
2017-08-20 00:00:00+00:00,48.68300,48.71500,48.53600,48.54600,459
2017-08-21 00:00:00+00:00,48.54600,48.70800,47.05600,47.46500,46971
2017-08-22 00:00:00+00:00,47.47000,48.04700,47.19900,47.54100,42950
2017-08-23 00:00:00+00:00,47.54100,48.35200,47.38300,48.21400,36707
2017-08-24 00:00:00+00:00,48.21400,48.27500,46.92200,47.56100,38569
2017-08-25 00:00:00+00:00,47.56900,47.76500,47.25500,47.72000,39673
2017-08-27 00:00:00+00:00,47.84100,48.03500,47.55700,47.57700,2273
2017-08-28 00:00:00+00:00,47.58200,47.63700,46.03500,46.65500,40649
2017-08-29 00:00:00+00:00,46.66200,46.84600,45.65100,46.16100,41707
2017-08-30 00:00:00+00:00,46.16600,46.60400,45.48600,45.65800,48628
2017-08-31 00:00:00+00:00,45.66000,47.35800,45.65800,46.94000,48942
2017-09-01 00:00:00+00:00,46.92500,47.24400,46.46400,47.22400,42236
2017-09-03 00:00:00+00:00,47.28500,47.35500,47.20500,47.22500,969
2017-09-04 00:00:00+00:00,47.22300,47.56800,47.06700,47.32100,17634
2017-09-05 00:00:00+00:00,47.32500,48.90100,47.26100,48.50400,35636
2017-09-06 00:00:00+00:00,48.50400,49.33600,48.44400,49.08800,34826
2017-09-07 00:00:00+00:00,49.09300,49.25000,48.56200,49.04400,35524
2017-09-08 00:00:00+00:00,49.04600,49.18500,47.21100,47.49100,30920
2017-09-10 00:00:00+00:00,47.53900,47.67200,47.52200,47.62200,328
2017-09-11 00:00:00+00:00,47.62900,48.21500,46.95600,48.01700,29178
2017-09-12 00:00:00+00:00,48.02100,48.39100,47.68900,48.25200,26560
2017-09-13 00:00:00+00:00,48.25700,49.35600,48.08400,49.18700,23979
2017-09-14 00:00:00+00:00,49.17700,50.45900,49.11900,49.72200,20458
2017-09-15 00:00:00+00:00,49.72900,50.10500,49.38400,49.79700,20405
2017-09-17 00:00:00+00:00,49.83300,49.83800,49.69800,49.78900,294
2017-09-18 00:00:00+00:00,49.78900,50.31600,49.18500,49.89800,26345
2017-09-19 00:00:00+00:00,49.88800,50.32300,49.25600,49.72500,22362
2017-09-20 00:00:00+00:00,49.72500,50.63500,49.66600,50.23600,27529
2017-09-21 00:00:00+00:00,50.24100,50.34500,49.61900,50.25200,18114
2017-09-22 00:00:00+00:00,50.25200,50.32600,49.85400,50.20600,18364
2017-09-24 00:00:00+00:00,50.26800,50.27800,50.18900,50.21900,209
2017-09-25 00:00:00+00:00,50.22400,51.86900,49.99600,51.67400,23640
2017-09-26 00:00:00+00:00,51.67400,52.02400,51.03800,51.69000,32756
2017-09-27 00:00:00+00:00,51.69400,51.95200,51.26300,51.69600,29592
2017-09-28 00:00:00+00:00,51.70000,52.48700,50.87300,51.23500,33756
2017-09-29 00:00:00+00:00,51.24000,51.42500,50.91700,51.29600,26328
2017-10-01 00:00:00+00:00,51.33700,51.40100,51.31200,51.31300,215
2017-10-02 00:00:00+00:00,51.31300,51.37300,49.78700,50.26500,26825
2017-10-03 00:00:00+00:00,50.26500,50.45300,49.65300,49.79300,23280
2017-10-04 00:00:00+00:00,49.80300,50.40900,49.52100,49.62900,26864
2017-10-05 00:00:00+00:00,49.63400,50.98300,49.60000,50.53100,25075
2017-10-06 00:00:00+00:00,50.52600,50.58600,48.87800,49.00100,33691
2017-10-08 00:00:00+00:00,49.07700,49.27200,49.07700,49.25300,407
2017-10-09 00:00:00+00:00,49.25300,49.61300,48.95000,49.40800,24683
2017-10-10 00:00:00+00:00,49.41800,50.89300,49.40200,50.71900,25074
2017-10-11 00:00:00+00:00,50.72900,51.26400,50.46200,50.94400,31561
2017-10-12 00:00:00+00:00,50.95400,50.98400,50.02800,50.58400,30674
2017-10-13 00:00:00+00:00,50.58400,51.59700,50.58100,51.27300,31491
2017-10-15 00:00:00+00:00,51.31100,51.90500,51.31100,51.80600,1192
2017-10-16 00:00:00+00:00,51.80400,52.29400,51.54100,51.77200,29552
2017-10-17 00:00:00+00:00,51.76200,52.15400,51.13300,51.92100,35223
2017-10-18 00:00:00+00:00,51.92100,52.21500,51.59000,51.99100,33567
2017-10-19 00:00:00+00:00,51.99100,52.06100,50.95300,51.29500,28330
2017-10-20 00:00:00+00:00,51.29500,51.75100,50.56300,51.74100,26103
2017-10-22 00:00:00+00:00,51.80300,51.94000,51.80000,51.81100,349
2017-10-23 00:00:00+00:00,51.80100,52.00300,51.40000,51.62200,24076
2017-10-24 00:00:00+00:00,51.63200,52.33700,51.27800,52.17600,31956
2017-10-25 00:00:00+00:00,52.17600,52.19900,51.62800,51.87000,29364
2017-10-26 00:00:00+00:00,51.87500,52.59500,51.65700,52.41800,23868
2017-10-27 00:00:00+00:00,52.42300,53.93400,51.99500,53.91900,28967
2017-10-29 00:00:00+00:00,53.93200,53.94000,53.81900,53.83100,357
2017-10-30 00:00:00+00:00,53.83100,54.22600,53.52700,53.84100,25076
2017-10-31 00:00:00+00:00,53.84600,54.62700,53.71500,54.36000,24090
2017-11-01 00:00:00+00:00,54.36400,55.00100,53.69000,54.03900,34754
2017-11-02 00:00:00+00:00,54.03100,54.82800,53.78600,54.72900,25012
2017-11-03 00:00:00+00:00,54.73400,55.56500,54.21700,55.53500,29921
2017-11-05 00:00:00+00:00,55.80100,55.82100,55.62700,55.66700,698
2017-11-06 00:00:00+00:00,55.66300,57.44100,55.49400,57.06400,41811
2017-11-07 00:00:00+00:00,57.05900,57.52600,56.68500,56.86800,35902
2017-11-08 00:00:00+00:00,56.86300,57.77100,56.27600,56.72600,43995
2017-11-09 00:00:00+00:00,56.71900,57.39200,56.55100,56.91700,35955
2017-11-10 00:00:00+00:00,56.91200,57.22300,56.42600,56.76700,28435
2017-11-12 00:00:00+00:00,56.83400,56.91800,56.78900,56.80900,274
2017-11-13 00:00:00+00:00,56.79900,57.06500,56.21800,56.64000,29572
2017-11-14 00:00:00+00:00,56.65000,56.66100,54.74200,54.99300,40872
2017-11-15 00:00:00+00:00,55.00300,55.48800,54.85100,55.24100,33401
2017-11-16 00:00:00+00:00,55.23200,55.58500,54.91000,55.17900,27763
2017-11-17 00:00:00+00:00,55.18100,56.57900,55.16900,56.55400,35083
2017-11-19 00:00:00+00:00,56.53400,56.53400,56.44400,56.50400,213
2017-11-20 00:00:00+00:00,56.50000,56.70600,55.53300,56.14300,28527
2017-11-21 00:00:00+00:00,56.13900,57.00400,56.11300,56.86700,30658
2017-11-22 00:00:00+00:00,56.86300,57.94000,56.85700,57.77100,35628
2017-11-23 00:00:00+00:00,57.76700,58.37500,57.55500,58.19700,10327
2017-11-24 00:00:00+00:00,58.19300,58.84800,58.16700,58.76600,17260
2017-11-26 00:00:00+00:00,58.78700,58.80200,58.66300,58.69800,288
2017-11-27 00:00:00+00:00,58.69300,58.74800,57.37700,57.69800,28753
2017-11-28 00:00:00+00:00,57.70300,57.94200,57.26300,57.54600,24376
2017-11-29 00:00:00+00:00,57.55600,58.14600,56.60900,57.21400,41519
2017-11-30 00:00:00+00:00,57.20700,57.82600,56.71800,57.23100,35077
2017-12-01 00:00:00+00:00,57.22100,58.74200,57.20100,58.15600,39818
2017-12-03 00:00:00+00:00,58.15800,58.18100,58.04100,58.08100,267
2017-12-04 00:00:00+00:00,58.09100,58.11100,57.22900,57.34000,30178
2017-12-05 00:00:00+00:00,57.35000,57.80400,56.97400,57.33700,27097
2017-12-06 00:00:00+00:00,57.34700,57.46900,55.77600,55.98700,31706
2017-12-07 00:00:00+00:00,55.99700,56.68100,55.71900,56.49300,23563
2017-12-08 00:00:00+00:00,56.48300,57.69500,56.45500,57.25100,33216
2017-12-10 00:00:00+00:00,57.17300,57.19300,57.07300,57.11400,343
2017-12-11 00:00:00+00:00,57.11100,58.00900,56.84700,57.87000,29272
2017-12-12 00:00:00+00:00,57.86600,58.49200,56.79700,57.39800,42940
2017-12-13 00:00:00+00:00,57.39300,57.77100,56.46100,56.70100,37907
2017-12-14 00:00:00+00:00,56.70600,57.20200,56.04300,57.05200,36514
2017-12-15 00:00:00+00:00,57.05700,57.44300,56.92300,57.30300,29101
2017-12-17 00:00:00+00:00,57.35700,57.38700,57.32200,57.35700,289
2017-12-18 00:00:00+00:00,57.34700,57.73800,56.80900,57.25900,29466
2017-12-19 00:00:00+00:00,57.25500,57.73000,57.14000,57.62800,22743
2017-12-20 00:00:00+00:00,57.62100,58.05200,57.40200,57.98200,22607
2017-12-21 00:00:00+00:00,57.97700,58.32300,57.57400,58.12400,19427
2017-12-22 00:00:00+00:00,58.11400,58.44500,57.81500,58.33600,16595
2017-12-25 00:00:00+00:00,58.38100,58.59100,58.32600,58.53600,517
2017-12-26 00:00:00+00:00,58.54100,59.95200,58.27200,59.76200,22659
2017-12-27 00:00:00+00:00,59.75700,59.87300,59.28400,59.52400,23351
2017-12-28 00:00:00+00:00,59.52700,59.88600,59.39600,59.79600,19139
2017-12-29 00:00:00+00:00,59.78600,60.45700,59.77600,60.06800,22598
2018-01-01 00:00:00+00:00,60.13900,60.23300,60.08400,60.19400,308
2018-01-02 00:00:00+00:00,60.20400,60.69400,60.06800,60.38500,26390
2018-01-03 00:00:00+00:00,60.37500,61.91600,60.24600,61.78700,26628
2018-01-04 00:00:00+00:00,61.79700,62.16700,61.55800,61.90900,28171
2018-01-05 00:00:00+00:00,61.90400,62.00900,61.06000,61.53100,25600
2018-01-07 00:00:00+00:00,61.68000,61.68500,61.61500,61.63500,222
2018-01-08 00:00:00+00:00,61.63000,62.52100,61.30600,62.21700,24432
2018-01-09 00:00:00+00:00,62.21200,63.49800,61.76800,63.32800,35143
2018-01-10 00:00:00+00:00,63.32400,63.64900,63.06000,63.43000,32705
2018-01-11 00:00:00+00:00,63.42800,64.74100,63.41100,63.51200,38276
2018-01-12 00:00:00+00:00,63.51700,64.47400,63.04300,64.38400,37319
2018-01-14 00:00:00+00:00,64.41000,64.42800,64.19000,64.29000,641
2018-01-15 00:00:00+00:00,64.28200,64.88400,64.08900,64.72100,23162
2018-01-16 00:00:00+00:00,64.72600,64.73900,63.40600,63.87100,45871
2018-01-17 00:00:00+00:00,63.87600,64.33500,63.31500,64.22400,35683
2018-01-18 00:00:00+00:00,64.22300,64.27500,63.49300,63.67200,35160
2018-01-19 00:00:00+00:00,63.67700,63.75200,62.84100,63.53600,37082
2018-01-21 00:00:00+00:00,63.53200,63.56200,63.29700,63.46700,871
2018-01-22 00:00:00+00:00,63.47100,64.17600,63.10500,63.90600,31108
2018-01-23 00:00:00+00:00,63.91600,64.92500,63.75500,64.48700,33778
2018-01-24 00:00:00+00:00,64.48000,66.09400,64.41400,65.82400,45861
2018-01-25 00:00:00+00:00,65.81900,66.70300,64.96600,65.19100,46780
2018-01-26 00:00:00+00:00,65.18700,66.39100,65.18100,66.28300,39158
2018-01-28 00:00:00+00:00,66.29700,66.30700,66.15400,66.29400,878
2018-01-29 00:00:00+00:00,66.29400,66.50700,65.01500,65.53400,62065
2018-01-30 00:00:00+00:00,65.53700,65.54400,63.71200,63.81400,66189
2018-01-31 00:00:00+00:00,63.81400,65.03300,63.81200,64.92000,69822
2018-02-01 00:00:00+00:00,64.90000,66.28000,64.67000,66.09200,66764
2018-02-02 00:00:00+00:00,66.09200,66.32900,64.50700,65.10500,88930
2018-02-04 00:00:00+00:00,65.07300,65.11300,64.90300,65.04600,1461
2018-02-05 00:00:00+00:00,65.04600,65.43300,63.40400,63.60800,113537
2018-02-06 00:00:00+00:00,63.60800,64.32000,63.15000,63.88700,146709
2018-02-07 00:00:00+00:00,63.89200,64.19900,61.26700,61.69700,120886
2018-02-08 00:00:00+00:00,61.69900,62.10600,60.29500,60.51500,124982
2018-02-09 00:00:00+00:00,60.51200,60.78400,58.09300,59.08500,165773
2018-02-11 00:00:00+00:00,59.12700,59.43000,59.11700,59.38000,1630
2018-02-12 00:00:00+00:00,59.37700,60.84200,59.22800,59.53500,140182
2018-02-13 00:00:00+00:00,59.53500,59.74800,58.40700,58.96900,99482
2018-02-14 00:00:00+00:00,58.96400,60.90500,58.21500,60.82700,129640
2018-02-15 00:00:00+00:00,60.83200,61.64400,59.72900,61.48300,107384
2018-02-16 00:00:00+00:00,61.48600,61.99800,60.89000,61.64600,83944
2018-02-18 00:00:00+00:00,61.62400,61.85100,61.61900,61.82100,755
2018-02-19 00:00:00+00:00,61.82400,62.61000,61.77600,62.49900,32755
2018-02-20 00:00:00+00:00,62.50100,62.75900,61.54400,61.76100,84982
2018-02-21 00:00:00+00:00,61.75800,61.96800,61.02100,61.34900,73079
2018-02-22 00:00:00+00:00,61.34600,63.18900,60.85800,62.76000,79355
2018-02-23 00:00:00+00:00,62.75500,63.82600,62.43500,63.67200,56388
2018-02-25 00:00:00+00:00,63.67900,63.70700,63.64400,63.66400,898
2018-02-26 00:00:00+00:00,63.67100,64.32500,63.14300,64.06300,67173
2018-02-27 00:00:00+00:00,64.06100,64.16300,62.71800,62.92000,76918
2018-02-28 00:00:00+00:00,62.91500,63.50600,61.44200,61.68200,99300
2018-03-01 00:00:00+00:00,61.68000,61.90900,60.25800,61.31800,146747
2018-03-02 00:00:00+00:00,61.31600,61.66500,60.20400,61.53700,102746
2018-03-04 00:00:00+00:00,61.62400,61.80400,61.54700,61.62700,2046
2018-03-05 00:00:00+00:00,61.62900,62.84500,61.16400,62.67100,79762
2018-03-06 00:00:00+00:00,62.67100,63.33200,62.01900,62.08700,86319
2018-03-07 00:00:00+00:00,62.08400,62.62700,60.63500,61.35500,100092
2018-03-08 00:00:00+00:00,61.34700,61.44200,60.00300,60.33300,83400
2018-03-09 00:00:00+00:00,60.34000,62.21800,60.18700,62.19100,73242
2018-03-11 00:00:00+00:00,62.09800,62.25000,62.06000,62.20000,2047
2018-03-12 00:00:00+00:00,62.19700,62.37000,60.69600,61.32500,63953
2018-03-13 00:00:00+00:00,61.32500,61.99900,60.29300,60.90100,99199
2018-03-14 00:00:00+00:00,60.90400,61.35000,60.13900,60.94800,121447
2018-03-15 00:00:00+00:00,60.95000,61.56600,60.83600,61.26100,79203
2018-03-16 00:00:00+00:00,61.26100,62.55900,61.09700,62.26300,76814
2018-03-18 00:00:00+00:00,62.22000,62.28800,62.10200,62.12500,1899
2018-03-19 00:00:00+00:00,62.12500,62.35800,61.37900,62.14600,72586
2018-03-20 00:00:00+00:00,62.15100,63.89900,62.14900,63.67000,75678
2018-03-21 00:00:00+00:00,63.67200,65.66000,63.51000,65.30000,86982
2018-03-22 00:00:00+00:00,65.29500,65.36800,64.04100,64.48400,87651
2018-03-23 00:00:00+00:00,64.47900,65.92200,64.32500,65.76400,107863
2018-03-25 00:00:00+00:00,65.81700,66.47900,65.58000,66.34200,4960
2018-03-26 00:00:00+00:00,66.34200,66.37900,65.01200,65.50200,96232
2018-03-27 00:00:00+00:00,65.50500,66.35300,64.47600,64.75800,93450
2018-03-28 00:00:00+00:00,64.75300,65.06700,63.66800,64.60800,93007
2018-03-29 00:00:00+00:00,64.61100,65.21000,64.11000,64.85800,69431
2018-04-01 00:00:00+00:00,64.87500,65.09500,64.85800,65.03800,1497
2018-04-02 00:00:00+00:00,65.04200,65.36900,62.77200,63.03200,68250
2018-04-03 00:00:00+00:00,63.03400,63.81300,62.98200,63.48400,72628
2018-04-04 00:00:00+00:00,63.48600,63.65600,62.02600,63.60600,95290
2018-04-05 00:00:00+00:00,63.60900,64.08700,62.78900,63.12900,66733
2018-04-06 00:00:00+00:00,63.13400,63.64000,61.78200,61.88400,95126
2018-04-08 00:00:00+00:00,61.93400,62.16700,61.93400,62.13700,1824
2018-04-09 00:00:00+00:00,62.13400,63.58800,62.06800,63.25600,69704
2018-04-10 00:00:00+00:00,63.25400,65.83400,63.17900,65.62000,100510
2018-04-11 00:00:00+00:00,65.62300,67.42100,65.13100,66.80200,134859
2018-04-12 00:00:00+00:00,66.80500,67.30200,65.98400,66.83500,100829
2018-04-13 00:00:00+00:00,66.84200,67.73500,66.67900,67.30200,90027
2018-04-15 00:00:00+00:00,67.31100,67.69600,66.99600,67.13300,5439
2018-04-16 00:00:00+00:00,67.13300,67.14600,66.12500,66.44200,99310
2018-04-17 00:00:00+00:00,66.43700,66.74400,65.62400,66.62400,93083
2018-04-18 00:00:00+00:00,66.62800,68.92400,66.62800,68.78400,95169
2018-04-19 00:00:00+00:00,68.78100,69.58400,68.03300,68.42300,99189
2018-04-20 00:00:00+00:00,68.42000,68.69200,67.51200,68.12400,98047
2018-04-22 00:00:00+00:00,68.20300,68.41800,68.19800,68.27000,2136
2018-04-23 00:00:00+00:00,68.27500,69.09000,67.15900,69.02000,84299
2018-04-24 00:00:00+00:00,69.02200,69.39900,67.56800,67.85600,103262
2018-04-25 00:00:00+00:00,67.86100,68.34800,67.13800,68.25000,107877
2018-04-26 00:00:00+00:00,68.24500,68.79700,67.73700,68.13900,76753
2018-04-27 00:00:00+00:00,68.13900,68.37600,67.66600,68.00800,64244
2018-04-29 00:00:00+00:00,68.07900,68.19700,67.97400,68.01200,1313
2018-04-30 00:00:00+00:00,68.01200,69.35400,67.19100,68.55100,86119
2018-05-01 00:00:00+00:00,68.54600,68.91300,66.87200,67.47200,79020
2018-05-02 00:00:00+00:00,67.46700,68.15200,66.94200,67.68400,93912
2018-05-03 00:00:00+00:00,67.67900,68.66100,67.23100,68.53300,81088
2018-05-04 00:00:00+00:00,68.53300,69.98100,68.14300,69.80000,78386
2018-05-06 00:00:00+00:00,69.87900,69.88900,69.77900,69.80900,2737
2018-05-07 00:00:00+00:00,69.80900,70.84800,69.52800,70.03500,96771
2018-05-08 00:00:00+00:00,70.03500,70.40700,67.63700,70.22700,227399
2018-05-09 00:00:00+00:00,70.22300,71.50600,70.14900,71.43900,115299
2018-05-10 00:00:00+00:00,71.43900,71.89600,70.57600,71.51500,91401
2018-05-11 00:00:00+00:00,71.51800,71.61500,70.46500,70.53200,82178
2018-05-13 00:00:00+00:00,70.50300,70.71300,70.43800,70.65000,2044
2018-05-14 00:00:00+00:00,70.65700,71.26200,70.27200,71.07200,74292
2018-05-15 00:00:00+00:00,71.06700,71.92200,70.43100,70.98100,121243
2018-05-16 00:00:00+00:00,70.98300,71.62000,70.71100,71.57100,92688
2018-05-17 00:00:00+00:00,71.56600,72.31100,71.18700,71.63900,94524
2018-05-18 00:00:00+00:00,71.63900,71.82200,71.04300,71.43300,67332
2018-05-20 00:00:00+00:00,71.42800,71.92800,71.40600,71.72300,2251
2018-05-21 00:00:00+00:00,71.73000,72.63600,71.28600,72.49900,60266
2018-05-22 00:00:00+00:00,72.49900,72.86700,71.81300,72.13800,71826
2018-05-23 00:00:00+00:00,72.14300,72.21800,71.14900,71.79700,87569
2018-05-24 00:00:00+00:00,71.79400,71.81700,70.49100,70.65100,65499
2018-05-25 00:00:00+00:00,70.65600,70.71100,67.39400,67.47400,87013
2018-05-27 00:00:00+00:00,67.42100,67.49600,66.97600,67.33600,3412
2018-05-28 00:00:00+00:00,67.34100,67.37600,65.77700,67.02000,60649
2018-05-29 00:00:00+00:00,67.02000,67.31800,65.88900,66.77900,112870
2018-05-30 00:00:00+00:00,66.78100,68.63900,66.32900,68.08000,92258
2018-05-31 00:00:00+00:00,68.08200,68.19000,66.56100,67.04100,110701
2018-06-01 00:00:00+00:00,67.05600,67.31200,65.48300,65.74000,91690
2018-06-03 00:00:00+00:00,65.61300,65.75500,65.55500,65.74300,1877
2018-06-04 00:00:00+00:00,65.74800,66.01600,64.55600,64.94700,78265
2018-06-05 00:00:00+00:00,64.94200,65.59800,64.20700,65.53800,84480
2018-06-06 00:00:00+00:00,65.54300,65.94800,64.26400,65.13900,94377
2018-06-07 00:00:00+00:00,65.14600,66.16000,64.79900,66.12000,87675
2018-06-08 00:00:00+00:00,66.12200,66.21800,65.14100,65.56900,83725
2018-06-10 00:00:00+00:00,65.52300,65.56100,65.30300,65.53300,1119
2018-06-11 00:00:00+00:00,65.52900,66.33400,64.84200,66.12200,72568
2018-06-12 00:00:00+00:00,66.12700,66.68500,65.51600,65.83800,66375
2018-06-13 00:00:00+00:00,65.84300,66.87600,65.81600,66.63900,79383
2018-06-14 00:00:00+00:00,66.63400,67.14700,66.34800,66.95500,76141
2018-06-15 00:00:00+00:00,66.96000,67.07800,64.28900,64.35900,89765
2018-06-17 00:00:00+00:00,64.37400,64.54400,64.17700,64.38700,3016
2018-06-18 00:00:00+00:00,64.38200,65.98300,63.59200,65.60800,87555
2018-06-19 00:00:00+00:00,65.61000,65.83800,64.38900,65.25900,72530
2018-06-20 00:00:00+00:00,65.25400,66.50900,64.94600,65.68500,96553
2018-06-21 00:00:00+00:00,65.69000,66.36300,64.49100,65.98100,115816
2018-06-22 00:00:00+00:00,65.98300,69.52400,65.97100,69.36600,164182
2018-06-24 00:00:00+00:00,68.89200,68.99200,68.48100,68.91200,7716
2018-06-25 00:00:00+00:00,68.92200,69.56000,67.91600,68.17500,132166
2018-06-26 00:00:00+00:00,68.17300,71.03100,67.86200,70.75400,148993
2018-06-27 00:00:00+00:00,70.75200,73.18500,70.69400,72.62000,139885
2018-06-28 00:00:00+00:00,72.62000,74.15100,72.32900,73.47100,128950
2018-06-29 00:00:00+00:00,73.47800,74.58300,73.05700,74.40200,115062
2018-07-01 00:00:00+00:00,73.70000,74.03200,72.66600,73.60400,7921
2018-07-02 00:00:00+00:00,73.59900,74.44800,73.21000,74.07600,108046
2018-07-03 00:00:00+00:00,74.08100,75.36500,72.83100,74.72200,116982
2018-07-04 00:00:00+00:00,74.71400,74.85200,73.59800,74.22300,53453
2018-07-05 00:00:00+00:00,74.21500,74.89300,72.61900,73.16100,114574
2018-07-06 00:00:00+00:00,73.16300,74.08500,72.22400,74.00700,107352
2018-07-08 00:00:00+00:00,74.02500,74.29300,73.80700,73.95200,2929
2018-07-09 00:00:00+00:00,73.94200,74.31100,73.04800,74.03200,92313
2018-07-10 00:00:00+00:00,74.02900,74.75400,73.71300,74.09100,102087
2018-07-11 00:00:00+00:00,74.09400,74.10100,70.06400,70.64300,170215
2018-07-12 00:00:00+00:00,70.63800,71.28100,69.27900,70.36000,131871
2018-07-13 00:00:00+00:00,70.35500,71.69400,69.87500,70.59000,94718
2018-07-15 00:00:00+00:00,70.51900,70.88200,70.51900,70.70900,1159
2018-07-16 00:00:00+00:00,70.71400,70.90100,67.73600,68.10400,95260
2018-07-17 00:00:00+00:00,68.10900,68.62000,67.36100,67.91300,92287
2018-07-18 00:00:00+00:00,67.91800,68.99900,67.27700,68.83800,81149
2018-07-19 00:00:00+00:00,68.83300,69.76400,67.57700,69.08200,108886
2018-07-20 00:00:00+00:00,69.09000,69.86100,68.62900,69.05400,86986
2018-07-22 00:00:00+00:00,69.01700,69.21800,68.91600,69.15700,1479
2018-07-23 00:00:00+00:00,69.16700,70.17200,68.43700,68.64100,83522
2018-07-24 00:00:00+00:00,68.64600,69.87700,68.40300,69.54600,77964
2018-07-25 00:00:00+00:00,69.55300,70.50500,68.99900,70.22400,96575
2018-07-26 00:00:00+00:00,70.22900,70.69800,69.69900,70.31300,80057
2018-07-27 00:00:00+00:00,70.31800,70.51800,68.98800,69.74600,68143
2018-07-29 00:00:00+00:00,69.69900,69.72900,69.58900,69.61800,1149
2018-07-30 00:00:00+00:00,69.61800,71.10500,69.46300,70.75200,62475
2018-07-31 00:00:00+00:00,70.75600,70.86800,68.64200,69.01400,81807
2018-08-01 00:00:00+00:00,69.01100,69.10800,67.89200,68.39200,89941
2018-08-02 00:00:00+00:00,68.38500,69.92200,67.48000,69.48000,81317
2018-08-03 00:00:00+00:00,69.48000,69.77800,68.40200,69.18900,79728
2018-08-05 00:00:00+00:00,69.11400,69.12200,68.96000,69.02900,1256
2018-08-06 00:00:00+00:00,69.03300,70.36900,68.98800,69.30900,68104
2018-08-07 00:00:00+00:00,69.30900,70.25100,69.24100,69.59100,64417
2018-08-08 00:00:00+00:00,69.59600,69.77300,66.69500,67.13900,89597
2018-08-09 00:00:00+00:00,67.13900,67.76800,66.85000,67.10300,69676
2018-08-10 00:00:00+00:00,67.10000,68.19000,66.47000,68.09300,73584
2018-08-12 00:00:00+00:00,68.06600,68.20000,67.85300,68.06100,1440
2018-08-13 00:00:00+00:00,68.05700,68.08000,65.94300,67.63300,81620
2018-08-14 00:00:00+00:00,67.63300,68.57800,66.76500,66.93000,81114
2018-08-15 00:00:00+00:00,66.92600,67.08300,64.67600,65.03700,99261
2018-08-16 00:00:00+00:00,65.03200,65.65700,64.58800,65.54100,73850
2018-08-17 00:00:00+00:00,65.53900,66.50400,65.46600,65.94800,64926
2018-08-19 00:00:00+00:00,65.88800,65.91400,65.74000,65.76300,776
2018-08-20 00:00:00+00:00,65.77000,66.29700,65.52200,66.13300,46755
2018-08-21 00:00:00+00:00,66.12800,67.15100,65.97300,66.70700,41707
2018-08-22 00:00:00+00:00,66.70200,68.79500,66.63600,68.62300,58641
2018-08-23 00:00:00+00:00,68.62800,68.70100,67.95400,68.48000,42643
2018-08-24 00:00:00+00:00,68.47500,69.94000,68.40900,69.16100,52342
2018-08-26 00:00:00+00:00,69.16500,69.23900,69.10000,69.22900,698
2018-08-27 00:00:00+00:00,69.21900,69.57000,68.89800,69.50800,34297
2018-08-28 00:00:00+00:00,69.51300,69.73000,68.73700,69.07200,41545
2018-08-29 00:00:00+00:00,69.08200,70.26300,68.87400,70.15800,49767
2018-08-30 00:00:00+00:00,70.15300,70.98600,70.04800,70.51700,43103
2018-08-31 00:00:00+00:00,70.52200,70.84300,70.11500,70.36100,45674
2018-09-02 00:00:00+00:00,70.32900,70.40900,70.29700,70.32700,698
2018-09-03 00:00:00+00:00,70.32200,70.60500,69.94300,70.49500,26133
2018-09-04 00:00:00+00:00,70.50500,71.78200,69.44100,69.75800,79404
2018-09-05 00:00:00+00:00,69.75300,69.93800,68.90200,68.93100,65852
2018-09-06 00:00:00+00:00,68.92900,69.34100,67.31800,68.24600,84838
2018-09-07 00:00:00+00:00,68.24800,68.38900,67.15800,68.09500,77005
2018-09-09 00:00:00+00:00,68.08000,68.40100,68.08000,68.34900,2284
2018-09-10 00:00:00+00:00,68.34400,68.75200,67.56100,67.79500,74019
2018-09-11 00:00:00+00:00,67.79000,70.22300,67.69200,70.03900,80255
2018-09-12 00:00:00+00:00,70.04200,71.45800,69.68900,70.34700,99847
2018-09-13 00:00:00+00:00,70.35200,70.39700,68.51500,69.00100,88196
2018-09-14 00:00:00+00:00,69.00100,70.04800,68.08600,69.13100,85209
2018-09-16 00:00:00+00:00,69.09300,69.14800,68.86500,68.86500,1130
2018-09-17 00:00:00+00:00,68.86000,69.79200,68.60000,68.60000,76762
2018-09-18 00:00:00+00:00,68.60700,70.44900,68.59800,69.81600,80020
2018-09-19 00:00:00+00:00,69.82300,71.53600,69.63200,71.33800,72694
2018-09-20 00:00:00+00:00,71.33800,71.62100,70.30000,70.45600,70791
2018-09-21 00:00:00+00:00,70.45600,72.06000,70.24300,70.99600,97515
2018-09-23 00:00:00+00:00,71.47100,71.91000,71.47100,71.86900,3401
2018-09-24 00:00:00+00:00,71.86400,72.97700,71.72000,72.42200,77024
2018-09-25 00:00:00+00:00,72.41200,72.98900,72.09300,72.16300,73790
2018-09-26 00:00:00+00:00,72.16500,72.60200,71.69500,72.33800,67579
2018-09-27 00:00:00+00:00,72.34300,72.82400,71.92900,72.34700,60304
2018-09-28 00:00:00+00:00,72.34900,73.93500,72.09100,73.70100,71607
2018-09-30 00:00:00+00:00,73.54500,73.73300,73.48500,73.67500,1366
2018-10-01 00:00:00+00:00,73.68700,75.95800,73.12800,75.70100,88691
2018-10-02 00:00:00+00:00,75.70500,76.08900,75.11400,75.36100,74718
2018-10-03 00:00:00+00:00,75.35700,77.06900,74.48400,76.33500,106660
2018-10-04 00:00:00+00:00,76.34200,76.63200,74.04300,74.92300,100953
2018-10-05 00:00:00+00:00,74.93000,75.36700,74.00100,74.44900,100799
2018-10-07 00:00:00+00:00,74.56600,74.70700,73.66400,73.99500,4858
2018-10-08 00:00:00+00:00,73.99000,74.47000,73.19900,74.39700,85538
2018-10-09 00:00:00+00:00,74.40700,75.38700,74.12100,74.86900,90155
2018-10-10 00:00:00+00:00,74.87300,75.19500,72.48800,72.76700,107692
2018-10-11 00:00:00+00:00,72.76200,72.81600,70.58200,71.17300,136487
2018-10-12 00:00:00+00:00,71.16700,72.10900,70.67700,71.49400,118149
2018-10-14 00:00:00+00:00,71.96400,72.72600,71.80800,72.35000,5873
2018-10-15 00:00:00+00:00,72.35500,72.42700,70.90200,71.87300,106022
2018-10-16 00:00:00+00:00,71.87500,72.47900,71.06900,72.29800,98661
2018-10-17 00:00:00+00:00,72.30300,72.34800,69.56000,70.03700,121181
2018-10-18 00:00:00+00:00,70.03200,70.09700,68.71000,69.01900,116245
2018-10-19 00:00:00+00:00,69.02400,70.06900,68.79700,69.70100,94269
2018-10-21 00:00:00+00:00,69.71000,69.83500,69.46400,69.61500,1846
2018-10-22 00:00:00+00:00,69.61000,69.99100,68.61900,69.75000,85943
2018-10-23 00:00:00+00:00,69.75200,69.78200,65.89800,66.51700,140548
2018-10-24 00:00:00+00:00,66.51000,67.85700,66.18500,66.31200,146253
2018-10-25 00:00:00+00:00,66.31600,67.78100,66.14500,67.04800,111115
2018-10-26 00:00:00+00:00,67.04400,68.00600,66.32500,67.73000,131286
2018-10-28 00:00:00+00:00,67.60900,67.87400,67.59400,67.80400,1583
2018-10-29 00:00:00+00:00,67.80900,68.06400,66.40700,66.80700,106542
2018-10-30 00:00:00+00:00,66.80300,67.36700,65.44200,66.60200,134861
2018-10-31 00:00:00+00:00,66.59700,67.10100,64.91500,65.15400,127741
2018-11-01 00:00:00+00:00,65.14200,65.48200,63.20800,63.69700,143859
2018-11-02 00:00:00+00:00,63.69300,64.04700,62.72300,62.92200,127103
2018-11-04 00:00:00+00:00,63.04200,63.14700,62.95200,63.05200,1156
2018-11-05 00:00:00+00:00,63.04700,64.21000,62.60100,62.92700,102240
2018-11-06 00:00:00+00:00,62.92000,63.38500,61.38200,61.87100,129614
2018-11-07 00:00:00+00:00,61.86100,63.25000,61.26700,61.73600,171401
2018-11-08 00:00:00+00:00,61.74100,62.47500,60.46600,60.78100,127663
2018-11-09 00:00:00+00:00,60.78300,60.83100,59.31600,59.88600,141217
2018-11-11 00:00:00+00:00,60.65200,60.99900,60.60700,60.81700,4294
2018-11-12 00:00:00+00:00,60.81200,61.32500,58.71100,59.00100,142373
2018-11-13 00:00:00+00:00,58.99600,59.38000,54.78500,55.73500,202807
2018-11-14 00:00:00+00:00,55.73700,57.37400,55.17300,55.95000,177625
2018-11-15 00:00:00+00:00,55.95700,57.30900,55.64200,56.54300,160004
2018-11-16 00:00:00+00:00,56.53800,58.00100,55.95800,56.87100,138966
2018-11-18 00:00:00+00:00,56.91000,57.21500,56.77100,57.14500,2005
2018-11-19 00:00:00+00:00,57.14900,57.42800,55.13300,57.23900,125605
2018-11-20 00:00:00+00:00,57.23700,57.26700,52.64400,53.35400,215034
2018-11-21 00:00:00+00:00,53.35900,55.72100,53.34400,54.51500,159328
2018-11-22 00:00:00+00:00,54.51100,54.69500,53.39200,53.90100,72238
2018-11-23 00:00:00+00:00,53.90600,53.96100,50.04300,50.27800,178711
2018-11-25 00:00:00+00:00,50.66100,50.95800,50.00200,50.48200,8919
2018-11-26 00:00:00+00:00,50.48600,52.14100,50.26200,51.49400,152275
2018-11-27 00:00:00+00:00,51.49800,52.27500,50.20900,51.96700,170312
2018-11-28 00:00:00+00:00,51.95700,52.45700,49.97400,50.49900,195422
2018-11-29 00:00:00+00:00,50.50400,52.09400,49.32800,51.30700,193261
2018-11-30 00:00:00+00:00,51.30900,51.69700,49.57200,50.63200,190054
2018-12-02 00:00:00+00:00,51.98100,52.29800,51.58200,52.23800,2243
2018-12-03 00:00:00+00:00,52.24800,53.76600,51.98100,53.17100,145859
2018-12-04 00:00:00+00:00,53.17600,54.48100,52.37100,52.70600,124833
2018-12-05 00:00:00+00:00,52.71600,54.36700,52.08700,52.61500,104321
2018-12-06 00:00:00+00:00,52.61000,53.23100,50.02600,51.44100,263720
2018-12-07 00:00:00+00:00,51.43600,54.16100,50.54900,52.07400,250667
2018-12-09 00:00:00+00:00,52.16300,52.53200,52.11600,52.34800,4491
2018-12-10 00:00:00+00:00,52.35200,52.75300,50.51300,50.90300,162012
2018-12-11 00:00:00+00:00,50.90800,52.37500,50.66500,52.00700,124407
2018-12-12 00:00:00+00:00,52.01700,52.82400,50.91700,51.32200,135675
2018-12-13 00:00:00+00:00,51.31700,53.23200,50.32400,52.80500,164116
2018-12-14 00:00:00+00:00,52.79800,52.79800,50.84800,51.21400,119153
2018-12-16 00:00:00+00:00,51.33500,51.41500,51.31000,51.33500,588
2018-12-17 00:00:00+00:00,51.32800,51.90600,49.10700,49.41100,115927
2018-12-18 00:00:00+00:00,49.40700,49.66000,45.90300,46.42100,192183
2018-12-19 00:00:00+00:00,46.42600,48.13800,46.13000,47.17400,172261
2018-12-20 00:00:00+00:00,47.16400,47.29400,45.47600,46.16500,186529
2018-12-21 00:00:00+00:00,46.17000,46.56400,44.94300,45.16500,164044
2018-12-23 00:00:00+00:00,45.29600,45.54500,45.29100,45.40600,1902
2018-12-24 00:00:00+00:00,45.41600,46.04900,42.20600,42.53700,98655
2018-12-25 00:00:00+00:00,42.93200,43.08600,42.71800,42.98700,3119
2018-12-26 00:00:00+00:00,42.98000,46.82800,42.37000,46.43000,174014
2018-12-27 00:00:00+00:00,46.43500,46.43500,44.21300,45.25600,172267
2018-12-28 00:00:00+00:00,45.25300,46.06000,44.27800,44.95700,155649
2018-12-30 00:00:00+00:00,45.21300,45.46800,45.14400,45.35800,2107
2018-12-31 00:00:00+00:00,45.35300,46.38800,44.60400,45.70300,104338
2019-01-01 00:00:00+00:00,45.64900,45.81900,45.59700,45.75900,632
2019-01-02 00:00:00+00:00,45.76900,47.64800,44.23300,45.67500,187896
2019-01-03 00:00:00+00:00,45.67900,47.36900,45.24600,46.78800,193925
2019-01-04 00:00:00+00:00,46.78100,49.10700,46.53200,48.19100,203003
2019-01-06 00:00:00+00:00,48.03900,48.55300,48.02400,48.50300,2977
2019-01-07 00:00:00+00:00,48.50800,49.68500,48.24900,48.65900,169220
2019-01-08 00:00:00+00:00,48.64900,49.94300,48.21700,49.89400,141370
2019-01-09 00:00:00+00:00,49.88900,52.48400,49.83400,52.07600,151941
2019-01-10 00:00:00+00:00,52.08100,52.69100,51.29200,52.20300,155343
2019-01-11 00:00:00+00:00,52.20800,53.22400,51.09900,51.64000,149188
2019-01-13 00:00:00+00:00,51.76400,52.04400,51.72400,51.77400,3009
2019-01-14 00:00:00+00:00,51.76900,51.88400,50.34100,50.63200,148979
2019-01-15 00:00:00+00:00,50.63700,52.24600,50.62500,51.84800,115952
2019-01-16 00:00:00+00:00,51.84300,52.47000,51.22300,52.20400,138225
2019-01-17 00:00:00+00:00,52.19900,52.55000,50.95000,52.17100,131131
2019-01-18 00:00:00+00:00,52.16600,53.85100,52.15100,53.67800,108413
2019-01-20 00:00:00+00:00,53.76100,53.78300,53.29200,53.38300,2614
2019-01-21 00:00:00+00:00,53.38700,54.23400,53.29900,53.96900,64093
2019-01-22 00:00:00+00:00,53.97900,54.04900,51.79500,52.63400,105883
2019-01-23 00:00:00+00:00,52.63900,53.39500,51.61500,52.21500,122810
2019-01-24 00:00:00+00:00,52.21300,53.22700,51.84200,52.85100,124395
2019-01-25 00:00:00+00:00,52.84600,53.69800,52.67600,53.30700,102240
2019-01-27 00:00:00+00:00,53.40900,53.42400,53.04600,53.05600,1588
2019-01-28 00:00:00+00:00,53.06000,53.40500,51.13900,51.86900,101080
2019-01-29 00:00:00+00:00,51.86200,53.72800,51.65000,53.13300,114515
2019-01-30 00:00:00+00:00,53.12300,54.73400,52.90700,54.29800,117029
2019-01-31 00:00:00+00:00,54.30000,55.18100,53.44000,53.69900,111120
2019-02-01 00:00:00+00:00,53.72400,55.47400,53.20400,55.17200,118034
2019-02-03 00:00:00+00:00,55.14600,55.29100,54.98200,55.07200,2657
2019-02-04 00:00:00+00:00,55.07400,55.59400,53.15300,54.60200,103819
2019-02-05 00:00:00+00:00,54.59800,55.06500,53.34200,53.65300,104684
2019-02-06 00:00:00+00:00,53.64600,54.16800,52.73900,53.83200,96448
2019-02-07 00:00:00+00:00,53.84200,54.09500,51.68300,52.38400,103101
2019-02-08 00:00:00+00:00,52.37900,52.88800,51.97700,52.60600,99510
2019-02-10 00:00:00+00:00,52.62900,52.68400,52.39900,52.39900,918
2019-02-11 00:00:00+00:00,52.40400,52.59600,51.15700,52.33800,109723
2019-02-12 00:00:00+00:00,52.34300,53.97100,52.29800,53.41500,108251
2019-02-13 00:00:00+00:00,53.40500,54.53000,53.21100,53.92400,111679
2019-02-14 00:00:00+00:00,53.91900,54.62600,53.04000,54.52200,123288
2019-02-15 00:00:00+00:00,54.52900,55.77900,54.19600,55.75400,102951
2019-02-17 00:00:00+00:00,55.77300,55.96800,55.69800,55.90800,1214
2019-02-18 00:00:00+00:00,55.90400,56.31300,55.70900,55.85700,39841
2019-02-19 00:00:00+00:00,55.86200,56.23200,55.28300,55.91800,73698
2019-02-20 00:00:00+00:00,55.92800,57.21800,55.40900,56.83500,107467
2019-02-21 00:00:00+00:00,56.84200,57.22900,56.28800,56.51000,98220
2019-02-22 00:00:00+00:00,56.51500,57.45200,56.45100,56.75100,74481
2019-02-24 00:00:00+00:00,56.82800,57.03700,56.81800,57.02700,1210
2019-02-25 00:00:00+00:00,57.03400,57.20700,54.78900,55.16000,108977
2019-02-26 00:00:00+00:00,55.16500,55.79400,54.73400,55.74000,96982
2019-02-27 00:00:00+00:00,55.74500,57.11200,55.44700,56.70900,88138
2019-02-28 00:00:00+00:00,56.70400,57.15500,56.16000,56.94100,76468
2019-03-01 00:00:00+00:00,56.93900,57.60700,55.32700,55.50900,99885
2019-03-03 00:00:00+00:00,55.64500,56.06400,55.62300,55.79500,2021
2019-03-04 00:00:00+00:00,55.79100,56.79000,55.60100,56.22700,85212
2019-03-05 00:00:00+00:00,56.22200,56.98200,55.88600,55.96100,82049
2019-03-06 00:00:00+00:00,55.95600,56.20900,55.26700,56.00800,90136
2019-03-07 00:00:00+00:00,55.92500,56.80900,55.90500,56.28600,88932
2019-03-08 00:00:00+00:00,56.28200,56.30600,54.37000,55.86900,105474
2019-03-10 00:00:00+00:00,55.88200,56.15000,55.83000,56.02600,1636
2019-03-11 00:00:00+00:00,56.01900,56.96700,55.91900,56.86700,91323
2019-03-12 00:00:00+00:00,56.86300,57.43400,56.64700,57.07000,92811
2019-03-13 00:00:00+00:00,57.06000,58.38900,56.91200,58.24200,76395
2019-03-14 00:00:00+00:00,58.23700,58.65900,57.91800,58.47500,82300
2019-03-15 00:00:00+00:00,58.47000,58.86900,57.67300,58.34700,99564
2019-03-17 00:00:00+00:00,58.39500,58.52500,58.37500,58.41600,1203
2019-03-18 00:00:00+00:00,58.41600,59.20300,58.02100,59.03700,65034
2019-03-19 00:00:00+00:00,59.03000,59.53300,58.57600,58.90700,81924
2019-03-20 00:00:00+00:00,58.90000,59.95900,58.26000,59.78200,82511
2019-03-21 00:00:00+00:00,59.78600,60.08700,59.36100,59.62200,78515
2019-03-22 00:00:00+00:00,59.62700,59.76500,57.98700,58.66500,96707
2019-03-24 00:00:00+00:00,58.71900,58.88600,58.47600,58.54600,1594
2019-03-25 00:00:00+00:00,58.54600,59.08000,57.91400,58.90400,95218
2019-03-26 00:00:00+00:00,58.90800,60.11400,58.87400,59.61000,77176
2019-03-27 00:00:00+00:00,59.60800,59.96800,58.56600,59.10200,93388
2019-03-28 00:00:00+00:00,59.10400,59.35900,57.97100,59.28000,95755
2019-03-29 00:00:00+00:00,59.27600,60.49100,59.19300,59.96600,80306
2019-03-31 00:00:00+00:00,59.97500,60.22500,59.96500,60.16600,1298
2019-04-01 00:00:00+00:00,60.15100,61.61000,60.14600,61.56000,81197
2019-04-02 00:00:00+00:00,61.56500,62.54500,61.39600,62.30800,81098
2019-04-03 00:00:00+00:00,62.31000,62.79000,61.86600,62.20800,96278
2019-04-04 00:00:00+00:00,62.21300,62.59200,61.71600,61.78900,85222
2019-04-05 00:00:00+00:00,61.79200,63.16400,61.64300,63.10400,81449
2019-04-07 00:00:00+00:00,63.19500,63.32500,63.16000,63.25500,1458
2019-04-08 00:00:00+00:00,63.25500,64.33600,62.98900,64.30300,90130
2019-04-09 00:00:00+00:00,64.30800,64.64600,63.54100,64.04400,87483
2019-04-10 00:00:00+00:00,64.04800,64.57000,63.92500,64.22400,95722
2019-04-11 00:00:00+00:00,64.23100,64.32400,63.20300,63.66500,89438
2019-04-12 00:00:00+00:00,63.66000,64.53900,63.60500,63.67900,79970
2019-04-14 00:00:00+00:00,63.68400,63.75700,63.43800,63.56500,1670
2019-04-15 00:00:00+00:00,63.56500,63.69900,62.95300,63.41600,67482
2019-04-16 00:00:00+00:00,63.41300,64.36400,62.93200,64.29500,82756
2019-04-17 00:00:00+00:00,64.29000,64.55300,63.61000,63.67700,62239
2019-04-18 00:00:00+00:00,63.67000,64.09900,63.40900,63.93000,55435
2019-04-21 00:00:00+00:00,64.14800,64.39300,64.08300,64.35300,2233
2019-04-22 00:00:00+00:00,64.35300,65.85100,64.34300,65.64500,96335
2019-04-23 00:00:00+00:00,65.65000,66.46600,65.44800,65.90900,77443
2019-04-24 00:00:00+00:00,65.89900,66.30100,65.53300,65.63400,76621
2019-04-25 00:00:00+00:00,65.63000,66.15500,64.78900,64.87000,74835
2019-04-26 00:00:00+00:00,64.87000,64.95100,62.16700,62.74700,117339
2019-04-28 00:00:00+00:00,62.76600,62.92400,62.69200,62.73700,2409
2019-04-29 00:00:00+00:00,62.73700,63.58800,62.36900,63.45000,75185
2019-04-30 00:00:00+00:00,63.46000,64.66000,63.21100,63.45400,83250
2019-05-01 00:00:00+00:00,63.44900,63.84600,62.68800,63.38900,81486
2019-05-02 00:00:00+00:00,63.38400,63.58900,60.86500,61.60500,112744
2019-05-03 00:00:00+00:00,61.61000,62.43700,61.22700,61.78900,80962
2019-05-05 00:00:00+00:00,61.09600,61.14300,60.28400,60.43900,7436
2019-05-06 00:00:00+00:00,60.42900,62.88000,59.98000,62.24200,83326
2019-05-07 00:00:00+00:00,62.23700,62.43200,60.60600,61.49700,90245
2019-05-08 00:00:00+00:00,61.49200,62.30800,61.00900,61.90000,79691
2019-05-09 00:00:00+00:00,61.90500,62.15200,60.87400,61.81500,77740
2019-05-10 00:00:00+00:00,61.81900,62.43400,61.37800,61.71300,92019
2019-05-12 00:00:00+00:00,61.60500,61.77700,61.22700,61.28800,4306
2019-05-13 00:00:00+00:00,61.28300,63.28900,60.61100,60.91200,99988
2019-05-14 00:00:00+00:00,60.91000,62.08400,60.66400,61.26600,85319
2019-05-15 00:00:00+00:00,61.26100,62.30800,60.81800,62.21000,80642
2019-05-16 00:00:00+00:00,62.20500,63.45200,62.14000,63.15400,73752
2019-05-17 00:00:00+00:00,63.15900,63.61600,62.52900,62.73000,66401
2019-05-19 00:00:00+00:00,63.22400,63.56800,63.12400,63.39900,4113
2019-05-20 00:00:00+00:00,63.39400,63.79200,62.44400,63.24400,68746
2019-05-21 00:00:00+00:00,63.23900,63.62600,62.46100,62.63100,56908
2019-05-22 00:00:00+00:00,62.62700,62.67100,60.87900,61.20000,70549
2019-05-23 00:00:00+00:00,61.20500,61.27000,57.19800,58.05200,100121
2019-05-24 00:00:00+00:00,58.05700,58.97400,57.37600,58.87900,75983
2019-05-26 00:00:00+00:00,58.82400,58.90400,58.55000,58.65500,2847
2019-05-27 00:00:00+00:00,58.65000,59.14700,58.01800,59.03900,33679
2019-05-28 00:00:00+00:00,59.04600,59.45100,58.51300,58.79400,107149
2019-05-29 00:00:00+00:00,58.78700,59.14800,56.78100,58.93900,135234
2019-05-30 00:00:00+00:00,58.93200,59.58900,55.71900,55.78900,128612
2019-05-31 00:00:00+00:00,55.78500,56.12900,52.97800,53.25200,164856
2019-06-02 00:00:00+00:00,53.25600,53.34600,52.04800,52.74700,9412
2019-06-03 00:00:00+00:00,52.74700,54.54000,52.53800,53.03100,182474
2019-06-04 00:00:00+00:00,53.02100,53.70300,52.35400,52.99600,141580
2019-06-05 00:00:00+00:00,52.99100,53.33600,50.54200,51.55200,126725
2019-06-06 00:00:00+00:00,51.54700,53.25000,51.11500,53.20400,113681
2019-06-07 00:00:00+00:00,53.19900,54.25600,52.56700,53.97700,104124
2019-06-09 00:00:00+00:00,54.24100,54.76600,54.23100,54.38600,4139
2019-06-10 00:00:00+00:00,54.38100,54.49900,53.01100,53.28200,84988
2019-06-11 00:00:00+00:00,53.27700,53.99800,52.70600,52.77600,77047
2019-06-12 00:00:00+00:00,52.77400,52.79600,50.69100,51.19200,84220
2019-06-13 00:00:00+00:00,51.19200,53.41300,50.89300,52.04100,131662
2019-06-14 00:00:00+00:00,52.04600,52.94800,51.67700,52.46900,92272
2019-06-16 00:00:00+00:00,52.31300,52.71800,52.26800,52.65800,2390
2019-06-17 00:00:00+00:00,52.66300,52.71900,51.57200,51.85000,66213
2019-06-18 00:00:00+00:00,51.85800,54.30600,51.48500,54.19800,82670
2019-06-19 00:00:00+00:00,54.20300,54.51300,53.29600,54.42400,77789
2019-06-20 00:00:00+00:00,54.41700,57.56800,54.31500,57.20000,102287
2019-06-21 00:00:00+00:00,57.20200,57.76100,56.44400,57.38000,92758
2019-06-23 00:00:00+00:00,57.74300,57.74300,57.41900,57.62900,2296
2019-06-24 00:00:00+00:00,57.63900,58.02900,56.55700,57.62600,82071
2019-06-25 00:00:00+00:00,57.63500,58.64900,57.01800,58.61900,96653
2019-06-26 00:00:00+00:00,58.61400,59.74000,58.47200,58.77600,88777
2019-06-27 00:00:00+00:00,58.78100,59.54800,58.43000,59.19100,66517
2019-06-28 00:00:00+00:00,59.20100,59.62400,57.59100,58.03100,70273
2019-06-30 00:00:00+00:00,59.52800,59.60600,59.16200,59.37900,4211
2019-07-01 00:00:00+00:00,59.38700,60.12200,58.19000,58.59100,98449
2019-07-02 00:00:00+00:00,58.58600,59.29100,55.95200,56.41300,117000
2019-07-03 00:00:00+00:00,56.41800,57.33600,55.91900,57.28700,89243
2019-07-04 00:00:00+00:00,57.28300,57.43700,56.34600,56.67600,41832
2019-07-05 00:00:00+00:00,56.67100,57.68900,56.17900,57.61000,83839
2019-07-07 00:00:00+00:00,57.73300,57.74800,57.50400,57.55400,1947
2019-07-08 00:00:00+00:00,57.55000,58.35700,57.20600,57.35100,67520
2019-07-09 00:00:00+00:00,57.34600,58.86500,57.21800,58.57600,69359
2019-07-10 00:00:00+00:00,58.57100,60.54000,58.44700,60.38000,77235
2019-07-11 00:00:00+00:00,60.39000,60.84200,60.06600,60.34800,70183
2019-07-12 00:00:00+00:00,60.35300,60.66000,59.85200,60.29400,58121
2019-07-14 00:00:00+00:00,60.22300,60.24900,60.03900,60.06400,2232
2019-07-15 00:00:00+00:00,60.06900,60.86200,59.13600,59.40700,68420
2019-07-16 00:00:00+00:00,59.41200,60.02000,57.04800,57.59200,103113
2019-07-17 00:00:00+00:00,57.58700,58.34800,56.22900,56.56900,80733
2019-07-18 00:00:00+00:00,56.57400,57.32400,54.73100,55.69400,117916
2019-07-19 00:00:00+00:00,55.69000,56.35800,55.00400,55.78800,103539
2019-07-21 00:00:00+00:00,56.22500,56.29900,55.99000,56.13000,3183
2019-07-22 00:00:00+00:00,56.12000,56.92000,55.72300,55.99400,71315
2019-07-23 00:00:00+00:00,55.99900,57.35500,55.63700,56.95600,65151
2019-07-24 00:00:00+00:00,56.94600,57.52800,55.23200,55.89200,94597
2019-07-25 00:00:00+00:00,55.88700,56.88200,55.71600,55.98600,68842
2019-07-26 00:00:00+00:00,55.99100,56.46700,55.58900,56.08900,53212
2019-07-28 00:00:00+00:00,56.13700,56.22700,55.88700,55.90700,1380
2019-07-29 00:00:00+00:00,55.91700,57.15900,55.73000,57.03900,48921
2019-07-30 00:00:00+00:00,57.03500,58.37600,56.88200,58.19200,66762
2019-07-31 00:00:00+00:00,58.18700,58.73300,57.35700,57.55700,65037
2019-08-01 00:00:00+00:00,57.57200,57.91700,53.53000,54.37500,122043
2019-08-02 00:00:00+00:00,54.37000,55.97500,54.28000,55.14200,97117
2019-08-04 00:00:00+00:00,55.20000,55.30500,55.04500,55.27500,2724
2019-08-05 00:00:00+00:00,55.27000,55.54200,53.68500,54.01500,126280
2019-08-06 00:00:00+00:00,54.01000,55.36000,53.11400,53.33400,99552
2019-08-07 00:00:00+00:00,53.34400,53.71400,50.47900,52.23900,146434
2019-08-08 00:00:00+00:00,52.24900,53.01100,51.90100,52.79200,86856
2019-08-09 00:00:00+00:00,52.78800,54.85800,52.33300,54.22900,74227
2019-08-11 00:00:00+00:00,54.23700,54.40700,54.17800,54.21200,2011
2019-08-12 00:00:00+00:00,54.22200,55.15400,53.52400,54.82500,78657
2019-08-13 00:00:00+00:00,54.82000,57.43100,54.18800,56.76800,113612
2019-08-14 00:00:00+00:00,56.77300,56.81800,53.95200,54.93300,124274
2019-08-15 00:00:00+00:00,54.94300,55.30400,53.74500,54.76700,134797
2019-08-16 00:00:00+00:00,54.76200,55.65300,54.25600,54.89200,73533
2019-08-18 00:00:00+00:00,55.00500,55.26500,54.82500,55.21700,2622
2019-08-19 00:00:00+00:00,55.21000,56.34500,54.87400,55.99900,71874
2019-08-20 00:00:00+00:00,55.99400,56.62400,55.19300,56.21100,71767
2019-08-21 00:00:00+00:00,56.22400,57.16300,55.58200,56.01000,74755
2019-08-22 00:00:00+00:00,56.00200,56.49200,54.88100,55.54100,69563
2019-08-23 00:00:00+00:00,55.53900,55.63100,53.27200,53.95000,131515
2019-08-25 00:00:00+00:00,53.30300,53.44800,52.99300,53.13800,5756
2019-08-26 00:00:00+00:00,53.14300,55.28800,53.10800,53.80700,86896
2019-08-27 00:00:00+00:00,53.81700,55.73700,53.71600,55.62700,74140
2019-08-28 00:00:00+00:00,55.62200,56.75200,55.36600,55.87600,78218
2019-08-29 00:00:00+00:00,55.88100,56.91600,55.45600,56.59500,80388
2019-08-30 00:00:00+00:00,56.60000,56.74500,54.57400,55.14900,77490
2019-09-01 00:00:00+00:00,54.99700,55.01700,54.55700,54.82500,2514
2019-09-02 00:00:00+00:00,54.82500,55.25200,54.36100,54.68100,37513
2019-09-03 00:00:00+00:00,54.69100,55.05100,52.85000,53.87000,74654
2019-09-04 00:00:00+00:00,53.87500,56.60000,53.86000,56.05000,66126
2019-09-05 00:00:00+00:00,56.05500,57.75900,55.76900,56.27900,78272
2019-09-06 00:00:00+00:00,56.28400,56.95800,54.83800,56.65800,80009
2019-09-08 00:00:00+00:00,56.73600,57.11600,56.72600,56.86600,2105
2019-09-09 00:00:00+00:00,56.87600,58.24300,56.58600,58.19000,61545
2019-09-10 00:00:00+00:00,58.19500,58.77500,57.20400,57.95900,74444
2019-09-11 00:00:00+00:00,57.96400,58.30400,55.61300,56.20300,93238
2019-09-12 00:00:00+00:00,56.19800,56.35300,54.01200,55.17200,98470
2019-09-13 00:00:00+00:00,55.17700,55.69200,54.44200,54.83600,59819
2019-09-15 00:00:00+00:00,60.25500,62.85500,60.11000,61.34500,26576
2019-09-16 00:00:00+00:00,61.35000,63.37900,58.77900,61.87900,263081
2019-09-17 00:00:00+00:00,61.88400,62.58900,58.46800,58.91300,237234
2019-09-18 00:00:00+00:00,58.90800,59.42800,57.71500,58.18500,109198
2019-09-19 00:00:00+00:00,58.18000,59.62600,58.16400,58.97300,90897
2019-09-20 00:00:00+00:00,58.97800,59.38200,58.05800,58.51300,73579
2019-09-22 00:00:00+00:00,59.17100,59.26100,58.78000,58.81000,3870
2019-09-23 00:00:00+00:00,58.81500,58.99000,57.50800,58.47500,64708
2019-09-24 00:00:00+00:00,58.48000,58.61500,56.78800,56.91800,71887
2019-09-25 00:00:00+00:00,56.92800,57.12800,55.67300,56.82400,60496
2019-09-26 00:00:00+00:00,56.81900,56.94200,55.51900,56.37900,61017
2019-09-27 00:00:00+00:00,56.38900,56.85700,54.85400,56.24500,88355
2019-09-29 00:00:00+00:00,56.50200,56.50200,56.08600,56.14600,2331
2019-09-30 00:00:00+00:00,56.13600,56.22600,54.07000,54.33000,59023
2019-10-01 00:00:00+00:00,54.33000,54.91900,53.13500,54.12000,65599
2019-10-02 00:00:00+00:00,54.12500,54.49500,52.25000,52.57500,68228
2019-10-03 00:00:00+00:00,52.56900,52.99000,51.06500,52.43500,74437
2019-10-04 00:00:00+00:00,52.43000,53.40500,52.11200,53.04800,67255
2019-10-06 00:00:00+00:00,52.74000,52.86000,52.67500,52.69500,1405
2019-10-07 00:00:00+00:00,52.70500,54.11400,52.64400,52.99100,55303
2019-10-08 00:00:00+00:00,52.99600,53.32100,51.86800,52.44700,77923
2019-10-09 00:00:00+00:00,52.43700,53.78600,51.45200,52.23300,75089
2019-10-10 00:00:00+00:00,52.22800,54.17100,52.16500,53.95100,72762
2019-10-11 00:00:00+00:00,53.96100,54.96800,53.68800,54.92800,79511
2019-10-13 00:00:00+00:00,54.89500,54.91000,54.73000,54.83000,1496
2019-10-14 00:00:00+00:00,54.83000,54.84000,52.80600,53.57500,63547
2019-10-15 00:00:00+00:00,53.57000,53.81300,52.42300,53.01100,65452
2019-10-16 00:00:00+00:00,53.00600,53.75900,52.53900,52.82700,69218
2019-10-17 00:00:00+00:00,52.81700,54.17400,52.64500,53.95500,60680
2019-10-18 00:00:00+00:00,53.95000,54.61500,53.35700,53.73200,40235
2019-10-20 00:00:00+00:00,53.73200,53.73200,53.58200,53.60200,58
2019-10-21 00:00:00+00:00,53.58200,54.09300,52.78500,53.48500,45762
2019-10-22 00:00:00+00:00,53.48000,54.73500,53.15600,54.13600,42272
2019-10-23 00:00:00+00:00,54.14600,56.00600,53.54800,55.67700,54083
2019-10-24 00:00:00+00:00,55.68700,56.44800,55.34300,56.04900,46540
2019-10-25 00:00:00+00:00,56.05900,56.68000,55.54100,56.57500,42008
2019-10-27 00:00:00+00:00,56.52600,56.77000,56.46600,56.64600,1601
2019-10-28 00:00:00+00:00,56.64600,56.86700,55.52800,55.76900,41591
2019-10-29 00:00:00+00:00,55.75900,55.85100,54.55100,55.43200,44973
2019-10-30 00:00:00+00:00,55.43700,55.68300,54.37400,54.82500,57935
2019-10-31 00:00:00+00:00,54.83000,55.53500,53.66700,54.04800,63601
2019-11-01 00:00:00+00:00,54.03300,56.27800,54.02800,56.11800,49033
2019-11-03 00:00:00+00:00,56.31300,56.33300,56.15300,56.16300,860
2019-11-04 00:00:00+00:00,56.15600,57.38400,55.79400,56.53600,56133
2019-11-05 00:00:00+00:00,56.52600,57.45700,56.25600,57.05800,43508
2019-11-06 00:00:00+00:00,57.05300,57.80000,56.08000,56.29100,59164
2019-11-07 00:00:00+00:00,56.28600,57.84100,56.24100,56.93300,55256
2019-11-08 00:00:00+00:00,56.92800,57.44500,55.73500,57.40500,59082
2019-11-10 00:00:00+00:00,57.25500,57.31000,57.01000,57.10000,1430
2019-11-11 00:00:00+00:00,57.09000,57.30200,56.22200,56.61300,52317
2019-11-12 00:00:00+00:00,56.61700,57.52400,56.53000,56.65500,60956
2019-11-13 00:00:00+00:00,56.66000,57.50700,56.18700,57.39800,59282
2019-11-14 00:00:00+00:00,57.39300,57.76900,56.62000,56.97000,60958
2019-11-15 00:00:00+00:00,56.97500,57.96200,56.42100,57.87200,51854
2019-11-17 00:00:00+00:00,57.79700,57.87700,57.65800,57.74800,1034
2019-11-18 00:00:00+00:00,57.75300,58.07800,56.54000,56.91500,63874
2019-11-19 00:00:00+00:00,56.91100,57.11100,55.08500,55.26500,52214
2019-11-20 00:00:00+00:00,55.27000,57.29400,54.77700,56.88300,69643
2019-11-21 00:00:00+00:00,56.88800,58.58600,56.52700,58.26600,65948
2019-11-22 00:00:00+00:00,58.27100,58.65800,57.43000,57.85500,56498
2019-11-24 00:00:00+00:00,57.84500,57.97500,57.75500,57.93500,1133
2019-11-25 00:00:00+00:00,57.94000,58.07700,57.14800,57.87800,47904
2019-11-26 00:00:00+00:00,57.87300,58.49300,57.69900,58.20000,46978
2019-11-27 00:00:00+00:00,58.19600,58.61100,57.45300,57.91300,44236
2019-11-28 00:00:00+00:00,57.90600,58.23500,57.57500,58.01600,17962
2019-11-29 00:00:00+00:00,58.02600,58.11700,54.97100,55.40500,49829
2019-12-01 00:00:00+00:00,55.44600,55.77600,55.44600,55.76600,1968
2019-12-02 00:00:00+00:00,55.77300,56.62600,55.57800,55.99800,66705
2019-12-03 00:00:00+00:00,55.99400,56.75000,55.31000,56.37100,63502
2019-12-04 00:00:00+00:00,56.38100,58.61100,56.23200,58.38200,68716
2019-12-05 00:00:00+00:00,58.39200,59.07300,58.05400,58.31400,71159
2019-12-06 00:00:00+00:00,58.31900,59.80500,57.66600,59.11100,73980
2019-12-08 00:00:00+00:00,59.11100,59.11100,58.94200,58.94200,106
2019-12-09 00:00:00+00:00,58.93700,59.21400,58.20400,58.83500,49616
2019-12-10 00:00:00+00:00,58.84500,59.48700,58.49700,59.06800,56164
2019-12-11 00:00:00+00:00,59.06300,59.18900,58.09000,58.91100,52877
2019-12-12 00:00:00+00:00,58.91800,59.69200,58.73200,59.56300,59091
2019-12-13 00:00:00+00:00,59.56800,60.45400,59.25500,59.76500,76349
2019-12-15 00:00:00+00:00,59.85100,59.88100,59.75100,59.75100,947
2019-12-16 00:00:00+00:00,59.74400,60.33300,59.74100,60.09100,40004
2019-12-17 00:00:00+00:00,60.08600,61.00600,60.01600,60.54600,31488
2019-12-18 00:00:00+00:00,60.55200,61.14500,60.28500,60.84500,40763
2019-12-19 00:00:00+00:00,60.84900,61.43400,60.73400,61.11400,29064
2019-12-20 00:00:00+00:00,61.12400,61.23300,60.06200,60.40700,43689
2019-12-22 00:00:00+00:00,60.37500,60.49000,60.37000,60.48000,542
2019-12-23 00:00:00+00:00,60.47500,60.79900,60.13900,60.61900,33120
2019-12-24 00:00:00+00:00,60.61400,61.18800,60.50800,61.17800,16617
2019-12-25 00:00:00+00:00,61.52700,61.53200,61.20700,61.21700,790
2019-12-26 00:00:00+00:00,61.21200,61.85600,61.09600,61.71600,24897
2019-12-27 00:00:00+00:00,61.72600,61.99500,61.26500,61.71500,36855
2019-12-29 00:00:00+00:00,61.70200,61.76200,61.66200,61.75200,411
2019-12-30 00:00:00+00:00,61.74500,62.36200,61.12100,61.66100,46498
2019-12-31 00:00:00+00:00,61.65600,61.91000,60.65000,61.23000,58397
2020-01-01 00:00:00+00:00,61.44900,61.53900,61.34800,61.35800,810
2020-01-02 00:00:00+00:00,61.36300,61.47800,60.66700,61.16700,57011
2020-01-03 00:00:00+00:00,61.17200,64.10800,61.14700,63.05200,144638
2020-01-05 00:00:00+00:00,63.78200,64.28500,63.62400,63.87400,5435
2020-01-06 00:00:00+00:00,63.86700,64.74500,62.66300,62.97800,97517
2020-01-07 00:00:00+00:00,62.98300,65.49200,62.13200,64.91200,100205
2020-01-08 00:00:00+00:00,64.90800,65.65700,59.16000,59.95000,185891
2020-01-09 00:00:00+00:00,59.95700,60.32000,58.67900,59.53900,99605
2020-01-10 00:00:00+00:00,59.53400,59.78800,58.85800,59.14200,73212
2020-01-13 00:00:00+00:00,59.14200,59.27500,57.92400,58.11400,91778
2020-01-14 00:00:00+00:00,58.11100,58.72300,57.73300,58.10600,93834
2020-01-15 00:00:00+00:00,58.10600,58.39300,57.40400,58.12600,64187
2020-01-16 00:00:00+00:00,58.12600,58.86400,57.59100,58.61400,77805
2020-01-17 00:00:00+00:00,58.61600,58.98400,58.30400,58.80400,71993
2020-01-19 00:00:00+00:00,59.30200,59.64700,59.17000,59.25500,4912
2020-01-20 00:00:00+00:00,59.25700,59.30200,58.55500,58.71500,33900
2020-01-21 00:00:00+00:00,58.71300,58.83500,57.70500,58.29500,76877
2020-01-22 00:00:00+00:00,58.29100,58.36500,56.05600,56.11600,92855
2020-01-23 00:00:00+00:00,56.11800,56.15600,54.76700,55.65600,117948
2020-01-24 00:00:00+00:00,55.65400,55.94700,53.85200,54.16400,98689
2020-01-26 00:00:00+00:00,53.57800,53.65800,52.15000,52.59800,11607
2020-01-27 00:00:00+00:00,52.60000,53.55800,52.13800,52.94800,142802
2020-01-28 00:00:00+00:00,52.95800,54.07800,52.66800,53.76600,116225
2020-01-29 00:00:00+00:00,53.76600,54.35800,52.80900,53.11900,118872
2020-01-30 00:00:00+00:00,53.11400,53.18900,51.65900,52.86900,142639
2020-01-31 00:00:00+00:00,52.86700,53.34900,50.96900,51.58900,158819
2020-02-02 00:00:00+00:00,50.80000,51.26000,50.79000,51.05000,5621
2020-02-03 00:00:00+00:00,51.04000,51.96000,49.66000,49.89800,180822
2020-02-04 00:00:00+00:00,49.90300,51.55000,49.31300,49.59100,183636
2020-02-05 00:00:00+00:00,49.59300,51.87100,49.59100,51.21100,197944
2020-02-06 00:00:00+00:00,51.20800,52.17800,50.23100,51.42100,148250
2020-02-07 00:00:00+00:00,51.42300,51.44100,50.08100,50.34600,130637
2020-02-09 00:00:00+00:00,49.98200,50.15200,49.56200,49.75500,7095
2020-02-10 00:00:00+00:00,49.75500,50.47900,49.42200,49.79500,119186
2020-02-11 00:00:00+00:00,49.79500,50.68200,49.71300,50.12300,107519
2020-02-12 00:00:00+00:00,50.12500,51.95300,50.07300,51.46000,118342
2020-02-13 00:00:00+00:00,51.46500,51.90300,50.60300,51.40100,124010
2020-02-14 00:00:00+00:00,51.40500,52.32300,51.32300,52.20800,104998
2020-02-16 00:00:00+00:00,52.20400,52.37900,52.09700,52.11400,1222
2020-02-17 00:00:00+00:00,52.10700,52.33700,51.81400,51.94600,17185
2020-02-18 00:00:00+00:00,51.95000,52.17200,50.90500,52.14300,39734
2020-02-19 00:00:00+00:00,52.15300,53.60800,51.91500,53.51500,44679
2020-02-20 00:00:00+00:00,53.50800,54.40100,53.13300,53.23400,53328
2020-02-21 00:00:00+00:00,53.22500,53.60300,52.32400,53.19700,60787
2020-02-23 00:00:00+00:00,53.19700,53.19700,51.45100,51.85500,4533
2020-02-24 00:00:00+00:00,51.86500,52.08600,50.24800,51.24600,76587
2020-02-25 00:00:00+00:00,51.25600,51.81600,49.50900,49.98800,85383
2020-02-26 00:00:00+00:00,49.99300,50.25200,48.07800,48.23500,119328
2020-02-27 00:00:00+00:00,48.24000,48.37200,45.72600,46.64800,143796
2020-02-28 00:00:00+00:00,46.65300,46.77500,43.71000,45.11700,193299
2020-03-01 00:00:00+00:00,43.50200,44.56300,43.49400,44.46600,5152
2020-03-02 00:00:00+00:00,44.46000,47.80100,44.30200,47.78900,170766
2020-03-03 00:00:00+00:00,47.79400,48.52000,46.35600,46.90100,178196
2020-03-04 00:00:00+00:00,46.89400,48.29200,46.53700,47.22800,107614
2020-03-05 00:00:00+00:00,47.23300,47.44800,45.54800,46.12000,99005
2020-03-06 00:00:00+00:00,46.12800,46.26800,40.96500,41.52200,178636
2020-03-08 00:00:00+00:00,29.95400,33.52300,29.95400,32.45500,55724
2020-03-09 00:00:00+00:00,32.45000,34.80600,27.29500,32.37500,324886
2020-03-10 00:00:00+00:00,32.37700,34.95000,31.73300,33.99000,182524
2020-03-11 00:00:00+00:00,33.98500,36.27400,32.51400,33.07900,181432
2020-03-12 00:00:00+00:00,33.08400,33.50900,29.98600,31.01400,204091
2020-03-13 00:00:00+00:00,31.01400,33.92100,30.60000,32.86200,182336
2020-03-15 00:00:00+00:00,32.77800,32.78800,29.73600,30.42300,26165
2020-03-16 00:00:00+00:00,30.42200,31.49900,28.13100,29.08100,153125
2020-03-17 00:00:00+00:00,29.07600,30.21700,26.29000,26.60000,128478
2020-03-18 00:00:00+00:00,26.61000,27.23400,20.27500,23.75900,152553
2020-03-19 00:00:00+00:00,23.75700,27.94500,21.51300,26.19400,213886
2020-03-20 00:00:00+00:00,26.18900,28.15500,22.14100,23.35500,242723
2020-03-22 00:00:00+00:00,22.37800,22.49500,20.58600,21.33500,27167
2020-03-23 00:00:00+00:00,21.34000,24.33800,21.33800,24.18300,239111
2020-03-24 00:00:00+00:00,24.18100,24.90700,22.85800,24.40200,115685
2020-03-25 00:00:00+00:00,24.40200,24.97200,22.69200,24.03200,113453
2020-03-26 00:00:00+00:00,24.02200,24.41600,22.16900,22.87900,84133
2020-03-27 00:00:00+00:00,22.88400,23.15900,20.69800,21.63700,55832
2020-03-29 00:00:00+00:00,20.17800,20.62600,19.76200,20.14900,8307
2020-03-30 00:00:00+00:00,20.15900,20.68600,19.12100,20.36200,60803
2020-03-31 00:00:00+00:00,20.35800,21.72000,19.85800,20.13200,59044
2020-04-01 00:00:00+00:00,20.15100,21.39100,19.77100,21.11400,53224
2020-04-02 00:00:00+00:00,21.11900,27.16200,20.61800,24.54800,217042
2020-04-03 00:00:00+00:00,24.53800,28.93700,23.36100,28.60000,180011
2020-04-05 00:00:00+00:00,25.94100,26.27400,25.29500,26.22500,19320
2020-04-06 00:00:00+00:00,26.21800,28.07700,25.74100,26.83100,103850
2020-04-07 00:00:00+00:00,26.82400,27.09400,23.42600,24.53000,92393
2020-04-08 00:00:00+00:00,24.52300,26.46900,23.63400,26.31300,134267
2020-04-09 00:00:00+00:00,26.30800,28.21800,22.48700,23.12300,237973
2020-04-12 00:00:00+00:00,23.68200,23.87800,21.96900,23.15100,31781
2020-04-13 00:00:00+00:00,23.15600,24.48700,22.24300,22.81700,97329
2020-04-14 00:00:00+00:00,22.81300,22.92000,20.95200,21.63400,57679
2020-04-15 00:00:00+00:00,21.63600,21.66100,19.99200,20.51800,59998
2020-04-16 00:00:00+00:00,20.51400,20.95500,19.44000,20.71700,48909
2020-04-17 00:00:00+00:00,20.71400,20.92400,19.30000,19.77600,58457
2020-04-19 00:00:00+00:00,19.82100,19.87600,19.34400,19.47300,7467
2020-04-20 00:00:00+00:00,19.47700,19.60900,16.22000,17.11000,136278
2020-04-21 00:00:00+00:00,17.11600,18.16900,11.10400,13.45000,548708
2020-04-22 00:00:00+00:00,13.45100,14.71200,11.20800,13.63600,252217
2020-04-23 00:00:00+00:00,13.63100,15.17700,13.13000,14.71200,105833
2020-04-24 00:00:00+00:00,14.71700,14.95800,13.56400,13.93400,55644
2020-04-26 00:00:00+00:00,14.13200,14.16200,13.79300,13.96200,4815
2020-04-27 00:00:00+00:00,13.96900,13.98400,11.88500,12.26300,51104
2020-04-28 00:00:00+00:00,12.25700,13.19700,11.62100,12.09500,69696
2020-04-29 00:00:00+00:00,12.09400,13.78300,11.91200,13.47000,52184
2020-04-30 00:00:00+00:00,13.46500,15.53000,13.26300,15.45000,63149
2020-05-01 00:00:00+00:00,15.38800,15.91800,14.31600,15.36900,62878
2020-05-03 00:00:00+00:00,15.23800,15.41200,14.82200,14.93600,7384
2020-05-04 00:00:00+00:00,14.94000,16.84200,14.57200,16.68100,58941
2020-05-05 00:00:00+00:00,16.67800,19.82800,16.51300,19.65000,71426
2020-05-06 00:00:00+00:00,19.64500,19.64500,17.49100,18.03500,105035
2020-05-07 00:00:00+00:00,18.03900,19.91900,17.51600,18.05900,83874
2020-05-08 00:00:00+00:00,18.05900,18.99600,17.92100,18.82400,66168
2020-05-10 00:00:00+00:00,19.05600,19.19500,18.76600,19.00200,5986
2020-05-11 00:00:00+00:00,18.99600,19.71000,18.32300,18.78900,68003
2020-05-12 00:00:00+00:00,18.78500,19.97700,18.62300,19.23200,50910
2020-05-13 00:00:00+00:00,19.23600,20.18400,18.92600,19.60100,53563
2020-05-14 00:00:00+00:00,19.59600,19.85000,19.21300,19.75000,9875
