time,open,high,low,close,volume
2006-03-19 00:00:00+00:00,554.00000,554.05000,553.95000,554.05000,5
2006-03-20 00:00:00+00:00,554.05000,556.50000,550.05000,554.35000,3048
2006-03-21 00:00:00+00:00,554.25000,555.15000,547.05000,552.50000,4534
2006-03-22 00:00:00+00:00,552.60000,553.55000,546.95000,550.90000,3833
2006-03-23 00:00:00+00:00,550.90000,551.45000,544.35000,550.10000,4159
2006-03-24 00:00:00+00:00,549.90000,561.35000,548.95000,560.45000,3873
2006-03-26 00:00:00+00:00,560.45000,560.45000,560.45000,560.45000,1
2006-03-27 00:00:00+00:00,560.45000,568.75000,558.65000,567.00000,4063
2006-03-28 00:00:00+00:00,566.90000,569.65000,562.65000,564.05000,4036
2006-03-29 00:00:00+00:00,563.95000,574.25000,560.25000,572.55000,3828
2006-03-30 00:00:00+00:00,572.45000,589.55000,571.45000,588.30000,5220
2006-03-31 00:00:00+00:00,588.20000,588.65000,579.05000,583.65000,4168
2006-04-02 00:00:00+00:00,583.65000,583.65000,583.60000,583.60000,4
2006-04-03 00:00:00+00:00,583.60000,591.95000,582.25000,588.80000,3723
2006-04-04 00:00:00+00:00,589.00000,590.45000,584.85000,586.35000,6353
2006-04-05 00:00:00+00:00,586.35000,589.85000,582.35000,588.95000,6323
2006-04-06 00:00:00+00:00,588.95000,597.15000,586.95000,596.10000,7185
2006-04-07 00:00:00+00:00,596.10000,598.55000,585.35000,588.85000,6388
2006-04-09 00:00:00+00:00,588.85000,591.65000,588.85000,591.25000,238
2006-04-10 00:00:00+00:00,591.25000,600.85000,588.85000,599.55000,6200
2006-04-11 00:00:00+00:00,599.25000,604.20000,593.05000,595.10000,7054
2006-04-12 00:00:00+00:00,595.10000,600.25000,593.45000,598.45000,6312
2006-04-13 00:00:00+00:00,598.45000,598.45000,590.85000,596.50000,5786
2006-04-14 00:00:00+00:00,596.50000,599.20000,596.50000,596.65000,115
2006-04-16 00:00:00+00:00,598.15000,598.15000,598.15000,598.15000,1
2006-04-17 00:00:00+00:00,599.15000,615.80000,599.15000,614.10000,4042
2006-04-18 00:00:00+00:00,614.10000,624.25000,612.65000,624.05000,5903
2006-04-19 00:00:00+00:00,624.05000,642.50000,621.25000,636.60000,7140
2006-04-20 00:00:00+00:00,636.50000,645.75000,607.10000,612.00000,5765
2006-04-21 00:00:00+00:00,612.20000,634.20000,610.75000,633.85000,3070
2006-04-23 00:00:00+00:00,633.85000,640.85000,633.85000,639.85000,42
2006-04-24 00:00:00+00:00,639.25000,639.55000,618.95000,621.85000,4975
2006-04-25 00:00:00+00:00,621.35000,635.10000,621.35000,630.40000,3695
2006-04-26 00:00:00+00:00,630.50000,641.55000,628.40000,641.55000,3832
2006-04-27 00:00:00+00:00,642.15000,643.75000,626.75000,634.85000,4113
2006-04-28 00:00:00+00:00,635.15000,655.80000,633.95000,654.95000,4820
2006-04-30 00:00:00+00:00,654.55000,654.95000,654.15000,654.55000,45
2006-05-01 00:00:00+00:00,655.15000,661.80000,651.10000,655.55000,3772
2006-05-02 00:00:00+00:00,655.35000,669.60000,653.05000,667.70000,5856
2006-05-03 00:00:00+00:00,667.70000,677.65000,658.35000,666.85000,5619
2006-05-04 00:00:00+00:00,666.65000,680.20000,661.05000,679.30000,5912
2006-05-05 00:00:00+00:00,679.30000,685.30000,675.20000,683.55000,5536
2006-05-07 00:00:00+00:00,683.35000,686.25000,680.75000,684.85000,142
2006-05-08 00:00:00+00:00,684.75000,685.35000,671.65000,681.75000,5243
2006-05-09 00:00:00+00:00,681.65000,701.10000,678.30000,700.60000,5047
2006-05-10 00:00:00+00:00,700.60000,710.05000,693.90000,705.75000,5727
2006-05-11 00:00:00+00:00,705.75000,726.45000,704.25000,717.35000,6052
2006-05-12 00:00:00+00:00,717.35000,730.45000,708.50000,715.05000,5192
2006-05-14 00:00:00+00:00,714.55000,714.65000,712.55000,714.25000,212
2006-05-15 00:00:00+00:00,714.25000,720.35000,676.60000,678.10000,5466
2006-05-16 00:00:00+00:00,677.70000,693.20000,674.70000,688.90000,5342
2006-05-17 00:00:00+00:00,688.50000,716.50000,685.35000,689.25000,5999
2006-05-18 00:00:00+00:00,689.35000,694.90000,678.60000,680.10000,5579
2006-05-19 00:00:00+00:00,680.40000,689.30000,650.90000,658.45000,5526
2006-05-21 00:00:00+00:00,658.65000,659.65000,654.95000,657.75000,196
2006-05-22 00:00:00+00:00,658.45000,661.45000,636.50000,658.35000,3970
2006-05-23 00:00:00+00:00,658.35000,674.70000,651.45000,666.00000,5085
2006-05-24 00:00:00+00:00,666.00000,670.75000,636.10000,642.75000,5058
2006-05-25 00:00:00+00:00,643.15000,652.05000,638.60000,651.55000,4259
2006-05-26 00:00:00+00:00,651.55000,655.55000,640.70000,653.75000,3068
2006-05-28 00:00:00+00:00,653.35000,653.35000,651.75000,652.70000,9
2006-05-29 00:00:00+00:00,653.20000,654.60000,649.95000,650.45000,1274
2006-05-30 00:00:00+00:00,650.25000,665.35000,648.55000,653.05000,4345
2006-05-31 00:00:00+00:00,652.95000,660.00000,638.80000,645.60000,4142
2006-06-01 00:00:00+00:00,645.00000,645.20000,621.00000,626.25000,4288
2006-06-02 00:00:00+00:00,626.05000,639.20000,619.30000,638.15000,4284
2006-06-04 00:00:00+00:00,638.35000,641.45000,638.35000,640.95000,163
2006-06-05 00:00:00+00:00,640.95000,645.85000,634.15000,634.45000,5318
2006-06-06 00:00:00+00:00,634.65000,639.35000,625.85000,628.55000,4299
2006-06-07 00:00:00+00:00,628.95000,631.45000,616.95000,626.65000,5540
2006-06-08 00:00:00+00:00,626.75000,627.65000,607.95000,609.20000,5980
2006-06-09 00:00:00+00:00,609.20000,618.00000,601.45000,607.95000,5264
2006-06-11 00:00:00+00:00,607.45000,609.10000,607.15000,609.00000,119
2006-06-12 00:00:00+00:00,609.00000,612.05000,602.85000,604.20000,3625
2006-06-13 00:00:00+00:00,604.30000,604.90000,561.45000,564.00000,5209
2006-06-14 00:00:00+00:00,563.60000,571.50000,542.25000,554.75000,4085
2006-06-15 00:00:00+00:00,554.95000,578.85000,554.35000,578.10000,4306
2006-06-16 00:00:00+00:00,577.90000,584.80000,567.05000,581.15000,3188
2006-06-18 00:00:00+00:00,580.75000,580.75000,578.35000,578.95000,249
2006-06-19 00:00:00+00:00,579.05000,579.35000,563.15000,565.35000,4758
2006-06-20 00:00:00+00:00,565.35000,578.65000,561.20000,578.45000,5330
2006-06-21 00:00:00+00:00,578.55000,591.25000,570.45000,589.70000,5413
2006-06-22 00:00:00+00:00,589.70000,595.15000,579.40000,582.25000,4419
2006-06-23 00:00:00+00:00,582.15000,586.65000,571.75000,583.05000,4451
2006-06-25 00:00:00+00:00,583.05000,586.65000,583.00000,586.20000,290
2006-06-26 00:00:00+00:00,585.90000,587.40000,577.45000,585.20000,5512
2006-06-27 00:00:00+00:00,585.20000,596.45000,578.90000,582.00000,5728
2006-06-28 00:00:00+00:00,582.20000,587.05000,577.05000,580.90000,2987
2006-06-29 00:00:00+00:00,581.20000,600.70000,580.45000,599.50000,3458
2006-06-30 00:00:00+00:00,599.70000,616.55000,597.50000,615.85000,3373
2006-07-02 00:00:00+00:00,615.80000,615.80000,614.80000,614.80000,5
2006-07-03 00:00:00+00:00,615.80000,625.05000,615.80000,623.80000,716
2006-07-04 00:00:00+00:00,623.80000,629.55000,617.20000,629.55000,619
2006-07-05 00:00:00+00:00,629.35000,630.60000,617.45000,627.25000,3703
2006-07-06 00:00:00+00:00,627.15000,635.05000,622.95000,632.65000,3879
2006-07-07 00:00:00+00:00,632.65000,637.70000,627.60000,629.25000,5043
2006-07-09 00:00:00+00:00,629.65000,631.20000,628.75000,629.75000,254
2006-07-10 00:00:00+00:00,629.75000,632.50000,620.60000,622.45000,3867
2006-07-11 00:00:00+00:00,622.35000,643.45000,621.70000,642.65000,4066
2006-07-12 00:00:00+00:00,642.60000,655.50000,639.30000,648.15000,4760
2006-07-13 00:00:00+00:00,648.35000,666.05000,644.80000,663.40000,5735
2006-07-14 00:00:00+00:00,663.00000,667.80000,659.40000,664.15000,3952
2006-07-16 00:00:00+00:00,664.55000,677.15000,664.55000,669.50000,350
2006-07-17 00:00:00+00:00,669.50000,676.40000,640.95000,645.55000,3769
2006-07-18 00:00:00+00:00,645.15000,654.80000,627.70000,630.65000,4816
2006-07-19 00:00:00+00:00,630.55000,646.60000,618.10000,644.40000,4226
2006-07-20 00:00:00+00:00,644.40000,645.70000,625.70000,626.00000,3745
2006-07-21 00:00:00+00:00,625.80000,637.70000,615.75000,619.75000,4349
2006-07-23 00:00:00+00:00,619.70000,621.50000,616.10000,617.40000,318
2006-07-24 00:00:00+00:00,617.30000,621.10000,602.35000,616.75000,4205
2006-07-25 00:00:00+00:00,617.05000,624.20000,610.05000,618.15000,3646
2006-07-26 00:00:00+00:00,618.05000,627.50000,613.15000,624.15000,3422
2006-07-27 00:00:00+00:00,624.15000,641.60000,623.85000,636.80000,2929
2006-07-28 00:00:00+00:00,637.80000,638.75000,626.30000,634.75000,2588
2006-07-30 00:00:00+00:00,635.05000,638.90000,635.00000,638.30000,272
2006-07-31 00:00:00+00:00,638.50000,639.80000,628.95000,636.75000,2485
2006-08-01 00:00:00+00:00,637.35000,648.45000,630.65000,647.50000,2999
2006-08-02 00:00:00+00:00,647.10000,656.30000,645.50000,651.30000,3371
2006-08-03 00:00:00+00:00,651.50000,653.10000,639.10000,645.65000,3430
2006-08-04 00:00:00+00:00,645.45000,654.75000,643.75000,646.45000,4323
2006-08-06 00:00:00+00:00,645.45000,647.45000,645.45000,647.45000,168
2006-08-07 00:00:00+00:00,647.45000,652.15000,646.00000,648.10000,6102
2006-08-08 00:00:00+00:00,648.20000,649.45000,638.00000,640.00000,5066
2006-08-09 00:00:00+00:00,640.30000,655.20000,635.40000,650.10000,6716
2006-08-10 00:00:00+00:00,649.60000,654.10000,634.75000,637.65000,6326
2006-08-11 00:00:00+00:00,637.95000,645.35000,626.35000,632.55000,5789
2006-08-13 00:00:00+00:00,628.35000,629.05000,627.65000,629.05000,299
2006-08-14 00:00:00+00:00,629.05000,633.55000,624.00000,627.05000,8183
2006-08-15 00:00:00+00:00,627.05000,628.85000,620.80000,625.60000,5029
2006-08-16 00:00:00+00:00,625.70000,632.80000,624.00000,628.40000,5758
2006-08-17 00:00:00+00:00,628.30000,632.30000,613.40000,615.00000,5461
2006-08-18 00:00:00+00:00,615.00000,619.35000,607.15000,614.85000,4859
2006-08-20 00:00:00+00:00,614.25000,616.45000,613.10000,613.95000,90
2006-08-21 00:00:00+00:00,614.25000,629.55000,613.75000,627.30000,5637
2006-08-22 00:00:00+00:00,627.30000,628.70000,620.70000,623.75000,5710
2006-08-23 00:00:00+00:00,624.05000,630.85000,621.10000,622.80000,6711
2006-08-24 00:00:00+00:00,622.80000,626.65000,618.20000,619.10000,9598
2006-08-25 00:00:00+00:00,619.70000,624.65000,618.80000,622.65000,7684
2006-08-27 00:00:00+00:00,622.75000,623.95000,622.05000,623.35000,272
2006-08-28 00:00:00+00:00,623.45000,623.95000,612.75000,616.00000,2900
2006-08-29 00:00:00+00:00,616.00000,618.00000,607.30000,615.00000,10332
2006-08-30 00:00:00+00:00,615.20000,621.00000,612.80000,619.20000,6510
2006-08-31 00:00:00+00:00,619.40000,627.30000,618.00000,626.90000,7761
2006-09-01 00:00:00+00:00,627.10000,627.55000,619.25000,626.15000,6308
2006-09-03 00:00:00+00:00,626.15000,626.15000,626.15000,626.15000,1
2006-09-04 00:00:00+00:00,626.05000,628.10000,626.05000,626.40000,1977
2006-09-05 00:00:00+00:00,627.40000,640.45000,627.00000,639.90000,9403
2006-09-06 00:00:00+00:00,640.00000,640.35000,631.25000,635.60000,8042
2006-09-07 00:00:00+00:00,635.70000,636.35000,614.05000,618.25000,10236
2006-09-08 00:00:00+00:00,618.45000,619.50000,606.50000,610.75000,9847
2006-09-10 00:00:00+00:00,610.35000,612.75000,604.35000,606.65000,446
2006-09-11 00:00:00+00:00,606.65000,606.65000,583.10000,588.10000,14280
2006-09-12 00:00:00+00:00,588.00000,600.05000,584.55000,586.80000,7875
2006-09-13 00:00:00+00:00,586.80000,593.70000,579.00000,589.95000,8968
2006-09-14 00:00:00+00:00,589.55000,595.30000,574.50000,574.50000,7997
2006-09-15 00:00:00+00:00,574.50000,582.40000,570.90000,579.65000,8057
2006-09-17 00:00:00+00:00,579.65000,583.35000,579.55000,580.95000,286
2006-09-18 00:00:00+00:00,581.05000,589.20000,578.30000,588.10000,6883
2006-09-19 00:00:00+00:00,588.10000,588.20000,572.20000,573.20000,7364
2006-09-20 00:00:00+00:00,573.20000,586.50000,572.90000,575.70000,6280
2006-09-21 00:00:00+00:00,575.50000,586.20000,574.70000,585.40000,8400
2006-09-22 00:00:00+00:00,585.50000,592.70000,584.40000,589.65000,4605
2006-09-24 00:00:00+00:00,590.05000,590.05000,588.75000,588.75000,17
2006-09-25 00:00:00+00:00,588.70000,592.40000,582.30000,592.40000,6724
2006-09-26 00:00:00+00:00,592.20000,594.00000,586.10000,591.20000,7921
2006-09-27 00:00:00+00:00,591.30000,603.65000,589.80000,603.00000,10002
2006-09-28 00:00:00+00:00,603.10000,607.10000,600.40000,601.40000,6997
2006-09-29 00:00:00+00:00,601.50000,603.80000,594.40000,598.25000,6253
2006-10-01 00:00:00+00:00,598.45000,602.05000,598.35000,602.05000,179
2006-10-02 00:00:00+00:00,601.05000,604.15000,594.75000,595.40000,7021
2006-10-03 00:00:00+00:00,595.30000,598.50000,573.80000,575.70000,11273
2006-10-04 00:00:00+00:00,575.90000,581.15000,559.70000,565.90000,10276
2006-10-05 00:00:00+00:00,565.70000,574.85000,562.50000,572.20000,9416
2006-10-06 00:00:00+00:00,572.50000,574.05000,560.75000,574.05000,7100
2006-10-08 00:00:00+00:00,573.65000,576.55000,573.65000,576.35000,391
2006-10-09 00:00:00+00:00,576.25000,581.15000,571.75000,577.30000,8584
2006-10-10 00:00:00+00:00,577.60000,581.75000,569.35000,573.90000,13503
2006-10-11 00:00:00+00:00,573.80000,579.35000,570.35000,573.50000,13329
2006-10-12 00:00:00+00:00,573.50000,579.50000,571.25000,579.10000,15301
2006-10-13 00:00:00+00:00,579.10000,590.55000,577.15000,590.45000,15632
2006-10-15 00:00:00+00:00,591.85000,593.45000,591.35000,591.95000,557
2006-10-16 00:00:00+00:00,591.95000,597.60000,590.15000,596.70000,13426
2006-10-17 00:00:00+00:00,596.80000,597.90000,586.15000,589.70000,15131
2006-10-18 00:00:00+00:00,589.70000,595.35000,587.45000,591.80000,14681
2006-10-19 00:00:00+00:00,591.70000,601.00000,586.35000,600.70000,14083
2006-10-20 00:00:00+00:00,600.70000,602.75000,591.55000,591.55000,13792
2006-10-22 00:00:00+00:00,592.55000,593.85000,590.25000,590.45000,467
2006-10-23 00:00:00+00:00,590.45000,593.25000,579.95000,582.00000,14684
2006-10-24 00:00:00+00:00,582.00000,586.75000,572.95000,585.00000,16114
2006-10-25 00:00:00+00:00,585.40000,592.60000,580.05000,591.90000,14311
2006-10-26 00:00:00+00:00,591.80000,598.95000,590.15000,595.80000,14319
2006-10-27 00:00:00+00:00,595.80000,600.35000,591.95000,600.05000,12610
2006-10-29 00:00:00+00:00,599.55000,599.85000,598.55000,599.45000,129
2006-10-30 00:00:00+00:00,599.45000,611.05000,598.75000,604.30000,15657
2006-10-31 00:00:00+00:00,604.30000,607.75000,598.25000,606.70000,15180
2006-11-01 00:00:00+00:00,606.70000,619.80000,605.90000,616.40000,17138
2006-11-02 00:00:00+00:00,617.30000,626.25000,614.45000,624.50000,15249
2006-11-03 00:00:00+00:00,624.50000,629.35000,617.45000,627.55000,13718
2006-11-05 00:00:00+00:00,627.25000,628.85000,627.25000,628.85000,10
2006-11-06 00:00:00+00:00,628.75000,630.25000,622.65000,624.40000,13186
2006-11-07 00:00:00+00:00,624.60000,629.25000,622.10000,625.00000,13891
2006-11-08 00:00:00+00:00,625.00000,627.05000,613.55000,616.60000,16355
2006-11-09 00:00:00+00:00,616.60000,635.95000,615.35000,635.40000,17134
2006-11-10 00:00:00+00:00,635.30000,636.90000,625.35000,628.55000,17414
2006-11-12 00:00:00+00:00,627.75000,628.95000,627.65000,628.95000,117
2006-11-13 00:00:00+00:00,628.95000,632.90000,613.95000,626.10000,14652
2006-11-14 00:00:00+00:00,626.10000,629.55000,619.00000,622.25000,16174
2006-11-15 00:00:00+00:00,622.25000,624.95000,615.65000,622.95000,16383
2006-11-16 00:00:00+00:00,622.95000,628.55000,618.10000,618.70000,15531
2006-11-17 00:00:00+00:00,618.70000,622.55000,614.55000,621.95000,13427
2006-11-19 00:00:00+00:00,621.95000,621.95000,621.50000,621.80000,43
2006-11-20 00:00:00+00:00,621.80000,627.25000,620.45000,623.50000,12098
2006-11-21 00:00:00+00:00,623.30000,629.15000,622.45000,627.90000,12394
2006-11-22 00:00:00+00:00,627.90000,634.95000,626.15000,630.50000,11188
2006-11-23 00:00:00+00:00,630.40000,632.25000,628.55000,631.40000,2007
2006-11-24 00:00:00+00:00,631.40000,640.15000,630.90000,637.95000,7723
2006-11-26 00:00:00+00:00,638.45000,641.20000,638.45000,640.90000,225
2006-11-27 00:00:00+00:00,641.00000,642.10000,636.95000,641.40000,11852
2006-11-28 00:00:00+00:00,641.50000,641.70000,633.05000,639.30000,12864
2006-11-29 00:00:00+00:00,639.30000,641.25000,634.75000,636.90000,13304
2006-11-30 00:00:00+00:00,636.90000,648.95000,636.60000,647.40000,14835
2006-12-01 00:00:00+00:00,647.40000,650.15000,643.95000,645.55000,14386
2006-12-03 00:00:00+00:00,645.85000,645.85000,645.85000,645.85000,1
2006-12-04 00:00:00+00:00,645.55000,648.45000,640.85000,645.30000,12633
2006-12-05 00:00:00+00:00,645.30000,649.10000,638.95000,640.30000,17507
2006-12-06 00:00:00+00:00,640.30000,641.10000,628.55000,630.50000,17511
2006-12-07 00:00:00+00:00,630.40000,634.00000,624.80000,632.90000,16960
2006-12-08 00:00:00+00:00,633.10000,638.25000,623.40000,624.65000,11684
2006-12-10 00:00:00+00:00,631.85000,631.85000,625.05000,625.85000,96
2006-12-11 00:00:00+00:00,626.05000,631.40000,623.65000,630.40000,13260
2006-12-12 00:00:00+00:00,630.50000,631.35000,627.00000,629.50000,12743
2006-12-13 00:00:00+00:00,629.60000,630.75000,623.75000,628.40000,12199
2006-12-14 00:00:00+00:00,628.80000,629.45000,625.25000,625.90000,12825
2006-12-15 00:00:00+00:00,626.10000,629.35000,614.75000,615.35000,11220
2006-12-17 00:00:00+00:00,615.55000,616.45000,615.45000,616.15000,219
2006-12-18 00:00:00+00:00,616.15000,618.55000,611.85000,616.85000,8843
2006-12-19 00:00:00+00:00,616.85000,623.25000,615.25000,622.65000,9172
2006-12-20 00:00:00+00:00,622.55000,624.55000,618.75000,621.55000,11712
2006-12-21 00:00:00+00:00,621.55000,622.55000,617.95000,619.00000,10100
2006-12-22 00:00:00+00:00,619.10000,622.05000,618.50000,621.05000,7965
2006-12-25 00:00:00+00:00,620.65000,620.85000,620.65000,620.85000,4
2006-12-26 00:00:00+00:00,621.25000,629.70000,621.25000,625.20000,3659
2006-12-27 00:00:00+00:00,625.20000,629.40000,624.20000,627.20000,7677
2006-12-28 00:00:00+00:00,627.20000,636.00000,626.90000,634.85000,7795
2006-12-29 00:00:00+00:00,634.75000,636.85000,632.00000,636.65000,6624
2007-01-01 00:00:00+00:00,636.55000,636.55000,636.55000,636.55000,1
2007-01-02 00:00:00+00:00,636.60000,641.25000,636.60000,640.15000,4981
2007-01-03 00:00:00+00:00,640.15000,645.25000,625.45000,627.55000,10573
2007-01-04 00:00:00+00:00,627.85000,630.95000,620.85000,623.55000,10341
2007-01-05 00:00:00+00:00,623.15000,626.40000,602.35000,607.35000,10563
2007-01-07 00:00:00+00:00,606.85000,608.85000,606.65000,608.45000,30
2007-01-08 00:00:00+00:00,608.55000,611.15000,604.15000,610.10000,8296
2007-01-09 00:00:00+00:00,610.20000,615.75000,606.20000,613.40000,9721
2007-01-10 00:00:00+00:00,613.50000,613.65000,605.95000,611.90000,11273
2007-01-11 00:00:00+00:00,611.90000,616.15000,609.15000,611.85000,8930
2007-01-12 00:00:00+00:00,611.85000,627.75000,609.95000,627.05000,8935
2007-01-14 00:00:00+00:00,626.85000,626.95000,625.85000,626.25000,191
2007-01-15 00:00:00+00:00,626.35000,628.20000,625.10000,626.70000,4371
2007-01-16 00:00:00+00:00,626.60000,628.15000,623.15000,624.05000,9911
2007-01-17 00:00:00+00:00,624.15000,633.90000,620.25000,633.25000,10575
2007-01-18 00:00:00+00:00,633.55000,636.60000,626.80000,628.40000,10434
2007-01-19 00:00:00+00:00,628.40000,636.40000,627.50000,635.25000,9132
2007-01-20 00:00:00+00:00,635.35000,635.35000,635.35000,635.35000,1
2007-01-21 00:00:00+00:00,635.65000,636.05000,635.65000,635.85000,55
2007-01-22 00:00:00+00:00,635.85000,639.95000,632.35000,634.40000,8445
2007-01-23 00:00:00+00:00,634.50000,647.85000,633.80000,646.50000,8795
2007-01-24 00:00:00+00:00,646.50000,649.00000,639.05000,647.50000,9915
2007-01-25 00:00:00+00:00,647.50000,654.80000,645.65000,645.90000,11691
2007-01-26 00:00:00+00:00,645.90000,648.10000,641.10000,646.05000,10084
2007-01-28 00:00:00+00:00,646.05000,647.95000,646.05000,647.55000,146
2007-01-29 00:00:00+00:00,647.55000,648.05000,641.20000,642.75000,8623
2007-01-30 00:00:00+00:00,642.75000,647.55000,640.90000,646.85000,8321
2007-01-31 00:00:00+00:00,646.85000,654.75000,642.30000,652.50000,9349
2007-02-01 00:00:00+00:00,652.60000,661.40000,652.00000,656.95000,9326
2007-02-02 00:00:00+00:00,656.95000,659.80000,643.45000,647.85000,8886
2007-02-04 00:00:00+00:00,647.95000,648.95000,647.95000,648.65000,152
2007-02-05 00:00:00+00:00,648.65000,652.40000,646.30000,648.55000,7582
2007-02-06 00:00:00+00:00,648.45000,658.50000,648.25000,653.35000,9032
2007-02-07 00:00:00+00:00,653.45000,656.90000,650.55000,652.45000,8670
2007-02-08 00:00:00+00:00,652.45000,661.85000,648.00000,660.75000,10409
2007-02-09 00:00:00+00:00,660.75000,669.00000,657.20000,666.85000,9686
2007-02-11 00:00:00+00:00,668.15000,668.55000,667.45000,667.45000,147
2007-02-12 00:00:00+00:00,667.35000,667.35000,659.90000,661.35000,10744
2007-02-13 00:00:00+00:00,661.35000,669.30000,660.75000,664.15000,9454
2007-02-14 00:00:00+00:00,664.45000,672.00000,663.95000,669.45000,9837
2007-02-15 00:00:00+00:00,669.35000,670.80000,662.80000,668.55000,9759
2007-02-16 00:00:00+00:00,668.35000,669.75000,662.90000,669.15000,9454
2007-02-19 00:00:00+00:00,669.15000,673.45000,669.05000,671.50000,4060
2007-02-20 00:00:00+00:00,671.50000,672.05000,656.00000,660.00000,8849
2007-02-21 00:00:00+00:00,659.60000,682.70000,657.10000,678.15000,13262
2007-02-22 00:00:00+00:00,678.25000,681.20000,675.10000,675.50000,14069
2007-02-23 00:00:00+00:00,675.60000,688.05000,672.95000,682.65000,16964
2007-02-25 00:00:00+00:00,681.10000,684.25000,681.10000,683.60000,157
2007-02-26 00:00:00+00:00,683.60000,688.35000,682.50000,686.85000,14361
2007-02-27 00:00:00+00:00,686.90000,688.80000,658.13000,665.55000,24421
2007-02-28 00:00:00+00:00,665.50000,677.60000,661.50000,674.20000,22692
2007-03-01 00:00:00+00:00,673.90000,677.35000,652.60000,655.70000,21072
2007-03-02 00:00:00+00:00,655.70000,664.45000,639.95000,642.35000,19638
2007-03-04 00:00:00+00:00,642.45000,644.80000,642.25000,643.15000,500
2007-03-05 00:00:00+00:00,643.15000,645.05000,632.80000,633.20000,21879
2007-03-06 00:00:00+00:00,633.10000,648.15000,633.10000,648.00000,19078
2007-03-07 00:00:00+00:00,647.80000,651.85000,643.00000,648.20000,14140
2007-03-08 00:00:00+00:00,648.25000,655.80000,648.20000,652.35000,16816
2007-03-09 00:00:00+00:00,652.40000,658.25000,647.70000,649.40000,12457
2007-03-11 00:00:00+00:00,649.70000,650.95000,648.80000,649.90000,631
2007-03-12 00:00:00+00:00,649.90000,654.25000,645.80000,649.55000,12819
2007-03-13 00:00:00+00:00,649.55000,652.65000,641.93000,643.05000,13496
2007-03-14 00:00:00+00:00,643.00000,646.05000,636.95000,645.00000,16495
2007-03-15 00:00:00+00:00,644.95000,650.30000,644.05000,648.45000,6594
2007-03-16 00:00:00+00:00,648.70000,655.40000,646.20000,653.40000,13289
2007-03-18 00:00:00+00:00,653.30000,655.30000,652.10000,654.40000,334
2007-03-19 00:00:00+00:00,654.40000,656.40000,652.23000,654.80000,9996
2007-03-20 00:00:00+00:00,654.85000,661.20000,652.80000,658.90000,11959
2007-03-21 00:00:00+00:00,658.90000,665.00000,657.15000,663.55000,11583
2007-03-22 00:00:00+00:00,663.60000,666.80000,661.95000,663.65000,11283
2007-03-23 00:00:00+00:00,663.70000,664.75000,655.45000,657.40000,11368
2007-03-25 00:00:00+00:00,657.65000,658.35000,657.20000,658.30000,346
2007-03-26 00:00:00+00:00,658.30000,665.08000,658.05000,663.75000,10441
2007-03-27 00:00:00+00:00,663.75000,668.95000,661.65000,666.20000,11777
2007-03-28 00:00:00+00:00,666.15000,669.45000,663.70000,665.50000,10629
2007-03-29 00:00:00+00:00,666.10000,666.20000,655.75000,661.45000,12298
2007-03-30 00:00:00+00:00,661.35000,667.90000,661.10000,663.85000,10934
2007-04-01 00:00:00+00:00,665.55000,666.20000,664.65000,666.00000,432
2007-04-02 00:00:00+00:00,666.00000,666.35000,656.60000,663.45000,10189
2007-04-03 00:00:00+00:00,663.45000,667.78000,662.05000,663.95000,15009
2007-04-04 00:00:00+00:00,664.15000,675.60000,663.95000,674.05000,13304
2007-04-05 00:00:00+00:00,674.10000,675.60000,671.80000,674.80000,10600
2007-04-06 00:00:00+00:00,674.80000,674.80000,673.10000,673.90000,472
2007-04-08 00:00:00+00:00,673.10000,673.30000,671.10000,672.60000,144
2007-04-09 00:00:00+00:00,672.60000,677.95000,665.41000,672.75000,7494
2007-04-10 00:00:00+00:00,672.75000,681.60000,671.65000,677.75000,12004
2007-04-11 00:00:00+00:00,677.75000,680.75000,674.68000,677.85000,12644
2007-04-12 00:00:00+00:00,677.90000,679.90000,671.80000,677.25000,13889
2007-04-13 00:00:00+00:00,677.00000,685.80000,676.45000,685.10000,8126
2007-04-15 00:00:00+00:00,684.10000,687.75000,684.10000,685.35000,424
2007-04-16 00:00:00+00:00,685.35000,691.20000,683.15000,690.50000,13617
2007-04-17 00:00:00+00:00,690.60000,691.20000,686.30000,687.75000,14960
2007-04-18 00:00:00+00:00,687.75000,690.90000,686.00000,690.05000,13996
2007-04-19 00:00:00+00:00,690.00000,691.75000,679.68000,684.05000,16662
2007-04-20 00:00:00+00:00,684.05000,693.80000,683.30000,691.75000,10622
2007-04-22 00:00:00+00:00,692.95000,693.95000,692.25000,693.05000,516
2007-04-23 00:00:00+00:00,693.05000,693.85000,687.14000,690.25000,12689
2007-04-24 00:00:00+00:00,690.15000,692.05000,681.20000,684.20000,16958
2007-04-25 00:00:00+00:00,684.25000,686.85000,682.35000,684.80000,14413
2007-04-26 00:00:00+00:00,684.80000,686.87000,671.70000,674.80000,15792
2007-04-27 00:00:00+00:00,674.70000,682.05000,670.90000,681.55000,15837
2007-04-29 00:00:00+00:00,681.15000,681.80000,678.80000,680.05000,263
2007-04-30 00:00:00+00:00,680.05000,681.15000,676.08000,679.10000,6372
2007-05-01 00:00:00+00:00,679.10000,679.40000,672.00000,674.35000,6788
2007-05-02 00:00:00+00:00,674.40000,675.20000,667.76000,672.75000,13423
2007-05-03 00:00:00+00:00,672.70000,682.55000,672.25000,682.30000,12429
2007-05-04 00:00:00+00:00,682.30000,690.75000,680.35000,688.80000,12381
2007-05-06 00:00:00+00:00,688.60000,688.95000,688.05000,688.25000,445
2007-05-07 00:00:00+00:00,688.25000,690.95000,686.65000,688.35000,6404
2007-05-08 00:00:00+00:00,688.40000,688.90000,682.25000,685.70000,12831
2007-05-09 00:00:00+00:00,685.65000,686.75000,676.00000,681.10000,11518
2007-05-10 00:00:00+00:00,681.10000,681.10000,664.53000,665.00000,13580
2007-05-11 00:00:00+00:00,665.00000,672.98000,664.85000,671.05000,13799
2007-05-13 00:00:00+00:00,670.40000,672.45000,669.95000,672.10000,488
2007-05-14 00:00:00+00:00,672.10000,675.32000,666.38000,669.55000,11787
2007-05-15 00:00:00+00:00,669.55000,673.60000,665.20000,672.20000,12718
2007-05-16 00:00:00+00:00,672.20000,673.50000,660.00000,662.50000,13107
2007-05-17 00:00:00+00:00,662.55000,664.70000,653.85000,657.90000,11816
2007-05-18 00:00:00+00:00,657.90000,663.13000,655.95000,661.70000,11208
2007-05-20 00:00:00+00:00,662.85000,664.18000,661.65000,661.95000,516
2007-05-21 00:00:00+00:00,661.95000,663.87000,657.15000,663.17000,12934
2007-05-22 00:00:00+00:00,663.12000,665.44000,658.35000,658.85000,11375
2007-05-23 00:00:00+00:00,658.90000,664.85000,657.65000,662.45000,11908
2007-05-24 00:00:00+00:00,662.60000,662.90000,652.00000,654.40000,12564
2007-05-25 00:00:00+00:00,654.45000,656.98000,653.55000,656.05000,10133
2007-05-27 00:00:00+00:00,655.65000,656.15000,655.65000,656.00000,187
2007-05-28 00:00:00+00:00,656.00000,656.65000,655.15000,655.75000,3128
2007-05-29 00:00:00+00:00,655.85000,662.10000,654.92000,657.30000,9651
2007-05-30 00:00:00+00:00,656.95000,658.85000,652.25000,654.85000,11486
2007-05-31 00:00:00+00:00,654.85000,661.90000,654.70000,660.95000,10591
2007-06-01 00:00:00+00:00,660.95000,671.75000,660.80000,671.55000,11692
2007-06-03 00:00:00+00:00,671.65000,671.65000,671.00000,671.30000,481
2007-06-04 00:00:00+00:00,671.30000,674.10000,668.75000,671.50000,12056
2007-06-05 00:00:00+00:00,671.50000,673.77000,669.20000,671.05000,11982
2007-06-06 00:00:00+00:00,671.00000,672.30000,665.40000,670.38000,12510
2007-06-07 00:00:00+00:00,670.38000,673.13000,658.40000,659.85000,11902
2007-06-08 00:00:00+00:00,659.85000,661.55000,644.25000,648.70000,14465
2007-06-10 00:00:00+00:00,649.50000,650.30000,649.40000,650.25000,236
2007-06-11 00:00:00+00:00,650.25000,655.20000,649.76000,653.45000,10231
2007-06-12 00:00:00+00:00,653.45000,654.85000,645.95000,647.85000,11482
2007-06-13 00:00:00+00:00,647.90000,652.65000,643.35000,651.50000,13602
2007-06-14 00:00:00+00:00,651.60000,654.22000,646.00000,653.20000,11243
2007-06-15 00:00:00+00:00,653.20000,655.85000,650.20000,655.30000,9558
2007-06-18 00:00:00+00:00,655.30000,659.45000,654.90000,657.10000,9480
2007-06-19 00:00:00+00:00,657.10000,662.00000,654.00000,661.05000,11949
2007-06-20 00:00:00+00:00,660.90000,661.75000,652.75000,654.80000,13058
2007-06-21 00:00:00+00:00,654.80000,656.70000,648.15000,651.45000,11839
2007-06-22 00:00:00+00:00,651.45000,656.43000,650.85000,654.20000,12161
2007-06-24 00:00:00+00:00,654.25000,654.65000,652.30000,652.40000,516
2007-06-25 00:00:00+00:00,652.30000,654.25000,649.15000,651.20000,10752
2007-06-26 00:00:00+00:00,651.20000,651.90000,639.23000,642.05000,12609
2007-06-27 00:00:00+00:00,642.15000,644.92000,640.50000,643.65000,14187
2007-06-28 00:00:00+00:00,643.55000,649.96000,643.15000,648.57000,10896
2007-06-29 00:00:00+00:00,648.57000,652.50000,646.52000,649.60000,9840
2007-07-01 00:00:00+00:00,650.65000,651.70000,650.20000,650.60000,467
2007-07-02 00:00:00+00:00,650.55000,658.85000,648.85000,656.32000,10928
2007-07-03 00:00:00+00:00,656.32000,658.27000,652.13000,653.93000,8949
2007-07-04 00:00:00+00:00,653.93000,655.13000,653.38000,654.45000,3722
2007-07-05 00:00:00+00:00,654.45000,656.75000,646.09000,649.40000,10699
2007-07-06 00:00:00+00:00,649.40000,656.20000,645.35000,655.85000,10913
2007-07-08 00:00:00+00:00,656.30000,656.55000,655.00000,655.20000,417
2007-07-09 00:00:00+00:00,655.15000,663.40000,653.85000,660.13000,11364
2007-07-10 00:00:00+00:00,660.13000,665.00000,658.88000,663.70000,11845
2007-07-11 00:00:00+00:00,663.70000,666.20000,660.00000,661.55000,10500
2007-07-12 00:00:00+00:00,661.45000,669.25000,660.95000,666.60000,10904
2007-07-13 00:00:00+00:00,666.55000,669.04000,663.74000,666.92000,10065
2007-07-15 00:00:00+00:00,666.85000,667.65000,666.85000,667.25000,247
2007-07-16 00:00:00+00:00,667.25000,668.90000,663.80000,666.00000,9062
2007-07-17 00:00:00+00:00,666.10000,667.55000,662.88000,665.25000,9118
2007-07-18 00:00:00+00:00,665.25000,674.33000,665.20000,673.50000,11255
2007-07-19 00:00:00+00:00,673.45000,677.99000,671.50000,676.84000,10307
2007-07-20 00:00:00+00:00,676.84000,686.97000,675.39000,683.35000,10253
2007-07-22 00:00:00+00:00,683.65000,684.90000,682.80000,683.10000,501
2007-07-23 00:00:00+00:00,683.10000,685.05000,680.30000,682.20000,10326
2007-07-24 00:00:00+00:00,682.20000,687.76000,680.90000,681.55000,10983
2007-07-25 00:00:00+00:00,681.50000,682.10000,670.62000,676.17000,13272
2007-07-26 00:00:00+00:00,676.22000,676.92000,658.95000,663.15000,14609
2007-07-27 00:00:00+00:00,663.15000,667.20000,657.00000,661.15000,13245
2007-07-29 00:00:00+00:00,661.25000,662.25000,660.40000,661.30000,710
2007-07-30 00:00:00+00:00,661.30000,665.95000,660.10000,665.40000,8563
2007-07-31 00:00:00+00:00,665.45000,669.08000,663.25000,664.10000,9375
2007-08-01 00:00:00+00:00,664.05000,667.73000,659.35000,665.48000,11039
2007-08-02 00:00:00+00:00,665.43000,667.20000,662.90000,665.60000,9282
2007-08-03 00:00:00+00:00,665.60000,675.60000,665.15000,673.00000,9611
2007-08-05 00:00:00+00:00,675.65000,675.75000,672.65000,673.00000,629
2007-08-06 00:00:00+00:00,673.00000,675.35000,669.22000,671.82000,9057
2007-08-07 00:00:00+00:00,671.72000,672.72000,666.20000,671.60000,11952
2007-08-08 00:00:00+00:00,671.60000,676.92000,669.90000,673.80000,9996
2007-08-09 00:00:00+00:00,673.80000,674.65000,659.47000,662.12000,14013
2007-08-10 00:00:00+00:00,662.12000,676.36000,658.27000,672.87000,12546
2007-08-12 00:00:00+00:00,672.37000,672.92000,670.82000,670.82000,388
2007-08-13 00:00:00+00:00,670.82000,672.22000,668.62000,669.17000,10450
2007-08-14 00:00:00+00:00,669.17000,671.77000,665.77000,669.97000,12959
2007-08-15 00:00:00+00:00,669.97000,670.98000,662.37000,667.82000,13369
2007-08-16 00:00:00+00:00,667.77000,667.92000,642.12000,649.03000,16322
2007-08-17 00:00:00+00:00,649.03000,664.16000,645.78000,657.75000,15683
2007-08-19 00:00:00+00:00,657.33000,657.38000,653.88000,654.15000,601
2007-08-20 00:00:00+00:00,654.15000,660.95000,653.55000,657.45000,14203
2007-08-21 00:00:00+00:00,657.50000,660.30000,654.45000,657.65000,13882
2007-08-22 00:00:00+00:00,657.65000,661.89000,654.81000,660.84000,11549
2007-08-23 00:00:00+00:00,660.79000,664.99000,658.74000,659.90000,12650
2007-08-24 00:00:00+00:00,659.90000,669.10000,657.56000,668.20000,11748
2007-08-26 00:00:00+00:00,668.30000,668.50000,667.35000,667.60000,357
2007-08-27 00:00:00+00:00,667.60000,668.65000,665.65000,666.40000,8503
2007-08-28 00:00:00+00:00,666.40000,668.50000,662.30000,662.40000,8064
2007-08-29 00:00:00+00:00,662.35000,669.38000,661.45000,666.97000,8090
2007-08-30 00:00:00+00:00,666.97000,668.10000,663.60000,665.90000,10161
2007-08-31 00:00:00+00:00,665.90000,675.03000,664.80000,673.24000,10351
2007-09-02 00:00:00+00:00,672.99000,673.69000,672.79000,672.79000,192
2007-09-03 00:00:00+00:00,672.79000,673.79000,671.59000,672.35000,3299
2007-09-04 00:00:00+00:00,672.25000,683.60000,671.60000,681.30000,10707
2007-09-05 00:00:00+00:00,681.15000,683.16000,678.46000,682.10000,10746
2007-09-06 00:00:00+00:00,682.10000,697.90000,680.95000,694.70000,12065
2007-09-07 00:00:00+00:00,694.80000,707.05000,692.30000,700.65000,13095
2007-09-09 00:00:00+00:00,700.69000,701.88000,699.40000,700.85000,314
2007-09-10 00:00:00+00:00,700.85000,707.19000,699.41000,703.47500,10061
2007-09-11 00:00:00+00:00,703.07500,714.60000,702.65000,711.05000,11195
2007-09-12 00:00:00+00:00,711.10000,714.40000,705.83000,711.68000,13415
2007-09-13 00:00:00+00:00,711.73000,712.48000,703.55000,706.70000,11697
2007-09-14 00:00:00+00:00,706.60000,717.40000,704.12000,707.55000,12577
2007-09-16 00:00:00+00:00,707.85000,708.90000,706.60000,708.85000,399
2007-09-17 00:00:00+00:00,708.80000,720.20000,708.15000,716.00000,13478
2007-09-18 00:00:00+00:00,716.10000,727.30000,711.93000,723.75000,14430
2007-09-19 00:00:00+00:00,723.75000,725.86000,719.85000,722.00000,13462
2007-09-20 00:00:00+00:00,722.00000,738.63000,722.00000,733.95000,15814
2007-09-21 00:00:00+00:00,733.95000,739.55000,726.80000,731.55000,13452
2007-09-23 00:00:00+00:00,731.65000,731.85000,729.35000,731.50000,583
2007-09-24 00:00:00+00:00,731.45000,736.45000,726.08000,730.50000,12770
2007-09-25 00:00:00+00:00,730.60000,733.86000,722.30000,731.30000,11887
2007-09-26 00:00:00+00:00,731.30000,736.95000,726.42000,728.20000,13418
2007-09-27 00:00:00+00:00,728.20000,736.05000,727.25000,734.70000,13409
2007-09-28 00:00:00+00:00,734.75000,746.05000,734.30000,743.65000,17312
2007-09-30 00:00:00+00:00,744.25000,745.05000,743.00000,743.35000,316
2007-10-01 00:00:00+00:00,743.35000,748.05000,741.35000,747.20000,13607
2007-10-02 00:00:00+00:00,747.10000,747.10000,724.75000,733.10000,20270
2007-10-03 00:00:00+00:00,733.15000,736.30000,726.48000,728.45000,16924
2007-10-04 00:00:00+00:00,728.35000,738.70000,720.92000,735.90000,17925
2007-10-05 00:00:00+00:00,735.85000,744.60000,727.15000,742.60000,14793
2007-10-07 00:00:00+00:00,742.20000,742.30000,740.50000,742.20000,313
2007-10-08 00:00:00+00:00,742.20000,742.85000,731.37000,732.05000,12033
2007-10-09 00:00:00+00:00,732.00000,740.77000,726.77000,738.05000,17306
2007-10-10 00:00:00+00:00,738.00000,746.20000,737.70000,741.50000,14160
2007-10-11 00:00:00+00:00,741.55000,754.01000,741.45000,749.11000,17065
2007-10-12 00:00:00+00:00,749.11000,752.55000,745.16000,750.50000,16083
2007-10-13 00:00:00+00:00,750.50000,750.50000,750.50000,750.50000,1
2007-10-14 00:00:00+00:00,750.40000,750.40000,747.55000,748.25000,363
2007-10-15 00:00:00+00:00,748.25000,760.30000,748.25000,757.80000,14981
2007-10-16 00:00:00+00:00,757.80000,767.15000,753.84000,761.50000,21450
2007-10-17 00:00:00+00:00,761.55000,765.00000,751.87000,756.35000,22645
2007-10-18 00:00:00+00:00,756.25000,771.63000,756.10000,769.95000,19021
2007-10-19 00:00:00+00:00,769.95000,770.60000,758.40000,765.30000,18352
2007-10-21 00:00:00+00:00,765.95000,769.10000,765.65000,768.40000,643
2007-10-22 00:00:00+00:00,768.40000,768.80000,745.12000,753.70000,24639
2007-10-23 00:00:00+00:00,753.65000,761.26000,753.40000,758.90000,12336
2007-10-24 00:00:00+00:00,758.90000,764.74000,754.09000,763.10000,16816
2007-10-25 00:00:00+00:00,763.05000,770.05000,761.80000,769.95000,16502
2007-10-26 00:00:00+00:00,770.00000,786.10000,769.75000,785.15000,18372
2007-10-28 00:00:00+00:00,785.85000,791.05000,784.95000,789.75000,925
2007-10-29 00:00:00+00:00,789.75000,794.55000,785.45000,791.15000,21703
2007-10-30 00:00:00+00:00,791.20000,791.20000,778.00000,778.05000,18133
2007-10-31 00:00:00+00:00,777.95000,798.90000,777.00000,797.90000,22603
2007-11-01 00:00:00+00:00,797.80000,799.40000,784.05000,790.50000,24691
2007-11-02 00:00:00+00:00,790.50000,808.30000,788.25000,807.00000,22207
2007-11-04 00:00:00+00:00,807.35000,808.15000,804.65000,804.65000,380
2007-11-05 00:00:00+00:00,804.60000,811.75000,801.00000,807.41000,20199
2007-11-06 00:00:00+00:00,807.41000,825.25000,806.21000,824.50000,24088
2007-11-07 00:00:00+00:00,824.55000,845.95500,822.60000,825.45000,37119
2007-11-08 00:00:00+00:00,825.25000,845.65000,823.90000,835.60000,31927
2007-11-09 00:00:00+00:00,835.60000,838.60000,826.92000,831.80000,26975
2007-11-11 00:00:00+00:00,832.50000,832.50000,827.45000,829.55000,305
2007-11-12 00:00:00+00:00,829.55000,832.15000,790.20000,790.95000,28088
2007-11-13 00:00:00+00:00,791.00000,809.14000,790.35000,802.65000,18274
2007-11-14 00:00:00+00:00,802.80000,816.22000,801.05000,812.40000,16153
2007-11-15 00:00:00+00:00,812.45000,818.20000,782.80000,786.30000,18434
2007-11-16 00:00:00+00:00,786.30000,797.85000,784.05000,786.45000,26599
2007-11-17 00:00:00+00:00,786.45000,786.45000,786.45000,786.45000,5
2007-11-18 00:00:00+00:00,786.05000,791.05000,786.05000,789.80000,532
2007-11-19 00:00:00+00:00,789.80000,794.05000,775.25000,779.65000,23150
2007-11-20 00:00:00+00:00,779.70000,805.85000,772.80000,801.81000,20470
2007-11-21 00:00:00+00:00,801.81000,807.45000,794.91000,800.37000,26188
2007-11-22 00:00:00+00:00,800.32000,805.50000,799.89000,803.62000,8523
2007-11-23 00:00:00+00:00,803.46000,825.65000,803.28000,823.48000,13901
2007-11-25 00:00:00+00:00,824.15000,827.87000,823.46000,825.47000,591
2007-11-26 00:00:00+00:00,825.45000,836.94000,821.26000,823.23000,16249
2007-11-27 00:00:00+00:00,823.65000,829.14000,808.02000,815.52000,22418
2007-11-28 00:00:00+00:00,815.77000,815.80000,791.67000,804.85000,18715
2007-11-29 00:00:00+00:00,805.00000,808.10000,791.85000,795.05000,21408
2007-11-30 00:00:00+00:00,794.95000,799.80000,779.35000,782.25000,21476
2007-12-02 00:00:00+00:00,782.90000,786.80000,782.90000,786.05000,466
2007-12-03 00:00:00+00:00,786.05000,795.05000,777.00000,792.95000,16676
2007-12-04 00:00:00+00:00,792.80000,805.50000,786.70000,802.50000,16415
2007-12-05 00:00:00+00:00,802.45000,807.10000,791.45000,794.05000,23050
2007-12-06 00:00:00+00:00,793.95000,805.70000,785.23000,803.32000,26524
2007-12-07 00:00:00+00:00,803.29000,805.04000,791.57000,794.91000,15088
2007-12-09 00:00:00+00:00,795.80000,796.14000,795.07000,795.58000,268
2007-12-10 00:00:00+00:00,795.55000,812.09000,794.27000,807.66000,19743
2007-12-11 00:00:00+00:00,807.65000,813.55000,796.27000,801.12000,20119
2007-12-12 00:00:00+00:00,801.09000,817.24000,801.04000,811.57000,21974
2007-12-13 00:00:00+00:00,811.55000,812.52000,792.93000,799.49000,22633
2007-12-14 00:00:00+00:00,799.52000,803.51000,787.91000,794.61000,19978
2007-12-16 00:00:00+00:00,794.46000,795.92000,794.46000,795.34000,291
2007-12-17 00:00:00+00:00,795.33000,799.01000,785.42000,796.14000,17430
2007-12-18 00:00:00+00:00,796.13000,806.32000,790.55000,800.91000,19223
2007-12-19 00:00:00+00:00,800.89000,804.67000,797.92000,802.27000,15692
2007-12-20 00:00:00+00:00,802.21000,803.47000,793.55000,797.11000,15278
2007-12-21 00:00:00+00:00,797.12000,812.34000,797.07000,811.67000,15126
2007-12-23 00:00:00+00:00,811.54000,811.76000,810.44000,810.44000,123
2007-12-24 00:00:00+00:00,810.44000,815.60000,808.50000,812.09000,8341
2007-12-25 00:00:00+00:00,811.09000,811.70000,805.47000,810.51000,356
2007-12-26 00:00:00+00:00,810.39000,826.08000,808.08000,824.09000,12379
2007-12-27 00:00:00+00:00,824.30000,831.45500,821.72000,825.70000,14700
2007-12-28 00:00:00+00:00,825.69000,840.65000,825.14000,840.48000,17939
2007-12-30 00:00:00+00:00,840.78000,842.87000,840.58000,842.66000,197
2007-12-31 00:00:00+00:00,842.67000,843.11000,830.06000,833.56000,10933
2008-01-01 00:00:00+00:00,833.60000,833.90000,833.60000,833.90000,38
2008-01-02 00:00:00+00:00,834.20000,861.46000,833.90000,857.12000,18687
2008-01-03 00:00:00+00:00,857.11000,868.98000,853.59000,864.90000,16029
2008-01-04 00:00:00+00:00,864.91000,868.84000,854.61000,859.70000,17873
2008-01-06 00:00:00+00:00,859.07000,862.60000,858.67000,862.33000,330
2008-01-07 00:00:00+00:00,862.33000,865.06000,855.33000,857.56000,19761
2008-01-08 00:00:00+00:00,857.57000,883.45000,857.57000,882.77000,20946
2008-01-09 00:00:00+00:00,882.79000,891.49000,872.08000,879.68000,27746
2008-01-10 00:00:00+00:00,879.71000,897.56000,866.46000,896.13000,25480
2008-01-11 00:00:00+00:00,896.08000,898.11000,887.75000,895.45000,23406
2008-01-13 00:00:00+00:00,895.40000,898.73000,895.32000,897.42000,971
2008-01-14 00:00:00+00:00,897.48000,914.43000,891.71000,905.68000,26633
2008-01-15 00:00:00+00:00,905.66000,914.03500,887.82000,892.32000,20280
2008-01-16 00:00:00+00:00,892.34000,899.93000,875.21000,877.30000,26928
2008-01-17 00:00:00+00:00,877.31000,890.25000,876.14500,879.87000,22068
2008-01-18 00:00:00+00:00,879.96000,888.55000,870.48000,883.07000,20954
2008-01-21 00:00:00+00:00,882.32000,883.10000,852.39000,861.77000,14434
2008-01-22 00:00:00+00:00,861.77000,894.38000,849.56000,889.49000,22849
2008-01-23 00:00:00+00:00,889.47000,895.84000,876.55000,892.75000,22711
2008-01-24 00:00:00+00:00,892.90000,914.20000,889.28000,913.90000,22466
2008-01-25 00:00:00+00:00,913.75000,923.93500,906.05000,913.90000,20211
2008-01-27 00:00:00+00:00,913.25000,915.65000,911.00000,915.60000,434
2008-01-28 00:00:00+00:00,915.70000,929.50500,914.70000,927.22000,17462
2008-01-29 00:00:00+00:00,927.22000,933.40000,919.89000,923.95000,18980
2008-01-30 00:00:00+00:00,924.10000,936.55000,916.03000,926.60000,18238
2008-01-31 00:00:00+00:00,926.45000,928.70000,918.45000,924.75000,20398
2008-02-01 00:00:00+00:00,924.60000,937.08000,903.40000,905.25000,17345
2008-02-03 00:00:00+00:00,907.25000,909.30000,906.90000,909.30000,196
2008-02-04 00:00:00+00:00,909.40000,912.93000,892.32000,905.15000,18733
2008-02-05 00:00:00+00:00,905.25000,907.15000,884.40000,886.80000,18924
2008-02-06 00:00:00+00:00,886.80000,907.65000,886.25000,899.55000,20907
2008-02-07 00:00:00+00:00,899.60000,912.35000,896.40000,909.45000,22614
2008-02-08 00:00:00+00:00,909.65000,922.56000,907.50000,922.10000,19292
2008-02-10 00:00:00+00:00,920.70000,922.45000,920.00000,922.25000,516
2008-02-11 00:00:00+00:00,922.30000,927.43000,916.11000,921.71000,19782
2008-02-12 00:00:00+00:00,921.91000,924.88000,902.95000,907.40000,20152
2008-02-13 00:00:00+00:00,907.25000,910.90000,896.25000,907.70000,21576
2008-02-14 00:00:00+00:00,907.70000,914.13000,901.78000,908.75000,21131
2008-02-15 00:00:00+00:00,908.75000,915.69000,897.95000,902.55000,20524
2008-02-18 00:00:00+00:00,904.05000,907.95000,900.40000,906.53000,9840
2008-02-19 00:00:00+00:00,906.53000,930.79000,905.98000,929.36000,23031
2008-02-20 00:00:00+00:00,929.31000,945.98000,913.55500,942.20000,27187
2008-02-21 00:00:00+00:00,942.15000,954.10000,937.85000,944.30000,25845
2008-02-22 00:00:00+00:00,944.25000,950.19500,935.85000,945.20000,26384
2008-02-24 00:00:00+00:00,946.15000,948.05000,945.40000,947.80000,287
2008-02-25 00:00:00+00:00,947.75000,952.30000,933.50500,938.40000,22032
2008-02-26 00:00:00+00:00,938.35000,951.95000,926.62500,950.80000,23104
2008-02-27 00:00:00+00:00,950.70000,965.25000,948.95000,958.05000,26476
2008-02-28 00:00:00+00:00,958.00000,972.65000,953.50000,969.60000,22298
2008-02-29 00:00:00+00:00,969.55000,976.15000,964.60000,973.45000,25640
2008-03-02 00:00:00+00:00,973.85000,977.90000,973.60000,976.80000,433
2008-03-03 00:00:00+00:00,976.85000,989.72000,975.35000,986.42000,25762
2008-03-04 00:00:00+00:00,986.72000,988.27000,956.70000,967.15000,29085
2008-03-05 00:00:00+00:00,967.05000,992.95000,959.15000,986.95000,24821
2008-03-06 00:00:00+00:00,986.90000,992.55000,965.30000,977.80000,24905
2008-03-07 00:00:00+00:00,977.80000,988.97000,969.92000,973.02000,29815
2008-03-09 00:00:00+00:00,974.07000,977.17000,973.92000,975.02000,875
2008-03-10 00:00:00+00:00,975.02000,980.97000,961.10000,974.13000,28111
2008-03-11 00:00:00+00:00,974.08000,986.11000,964.70000,972.47000,25141
2008-03-12 00:00:00+00:00,972.47000,984.30000,968.20000,982.95000,25174
2008-03-13 00:00:00+00:00,982.95000,1000.00000,981.45000,995.55000,29043
2008-03-14 00:00:00+00:00,995.50000,1007.58500,990.70000,1003.08000,21763
2008-03-16 00:00:00+00:00,1003.75000,1016.60000,1003.15000,1015.05000,1849
2008-03-17 00:00:00+00:00,1015.05000,1032.85000,994.40000,1003.35000,31516
2008-03-18 00:00:00+00:00,1003.40000,1012.65000,976.30000,985.80000,29163
2008-03-19 00:00:00+00:00,985.85000,997.45500,937.80000,939.15000,40135
2008-03-20 00:00:00+00:00,939.15000,939.85000,904.75000,910.63000,38837
2008-03-21 00:00:00+00:00,910.43000,920.30000,910.43000,918.00000,69
2008-03-23 00:00:00+00:00,917.90000,920.70000,911.60000,913.50000,1661
2008-03-24 00:00:00+00:00,913.50000,927.35000,906.45000,917.90000,27868
2008-03-25 00:00:00+00:00,917.40000,941.30000,916.60000,937.90000,28393
2008-03-26 00:00:00+00:00,937.90000,955.04000,934.63000,952.19000,22965
2008-03-27 00:00:00+00:00,952.54000,954.94000,940.51000,950.90000,25476
2008-03-28 00:00:00+00:00,950.70000,951.33000,923.25000,931.40000,19889
2008-03-30 00:00:00+00:00,931.50000,931.60000,927.00000,927.65000,1593
2008-03-31 00:00:00+00:00,927.70000,941.03000,912.45000,918.74000,24063
2008-04-01 00:00:00+00:00,919.24000,921.29000,872.25500,886.20000,28217
2008-04-02 00:00:00+00:00,886.15000,906.65000,881.30000,903.80000,30549
2008-04-03 00:00:00+00:00,903.85000,909.15000,888.05000,905.20000,26068
2008-04-04 00:00:00+00:00,905.25000,915.00000,899.45000,914.00000,24463
2008-04-06 00:00:00+00:00,914.15000,917.25000,913.83000,916.95000,578
2008-04-07 00:00:00+00:00,916.95000,929.50000,910.80000,921.70000,25009
2008-04-08 00:00:00+00:00,921.40000,926.00000,907.85000,916.10000,24770
2008-04-09 00:00:00+00:00,916.00000,935.90000,903.17000,932.50000,27985
2008-04-10 00:00:00+00:00,932.60000,940.00000,922.30000,929.25000,22689
2008-04-11 00:00:00+00:00,929.00000,932.45000,917.60000,925.30000,22534
2008-04-13 00:00:00+00:00,920.45000,921.85000,915.10000,915.65000,1297
2008-04-14 00:00:00+00:00,915.60000,932.15000,914.30000,925.60000,26959
2008-04-15 00:00:00+00:00,925.70000,936.75000,924.95000,929.05000,22394
2008-04-16 00:00:00+00:00,929.00000,949.34000,924.40000,943.54000,21310
2008-04-17 00:00:00+00:00,943.49000,953.19000,937.45000,941.80000,24106
2008-04-18 00:00:00+00:00,941.90000,946.85000,904.90000,916.70000,27581
2008-04-20 00:00:00+00:00,918.05000,920.80000,917.45000,919.55000,920
2008-04-21 00:00:00+00:00,919.55000,928.95000,911.20000,916.15000,27223
2008-04-22 00:00:00+00:00,916.20000,925.67000,911.80000,917.97000,27070
2008-04-23 00:00:00+00:00,917.92000,923.12000,896.94000,902.28000,28141
2008-04-24 00:00:00+00:00,902.38000,907.15000,883.36000,886.25000,22955
2008-04-25 00:00:00+00:00,886.10000,896.65000,877.95000,886.30000,26248
2008-04-26 00:00:00+00:00,885.60000,885.60000,885.60000,885.60000,1
2008-04-27 00:00:00+00:00,885.90000,892.00000,885.40000,889.40000,924
2008-04-28 00:00:00+00:00,889.40000,896.05000,887.40000,892.60000,20943
2008-04-29 00:00:00+00:00,892.60000,892.95000,868.68000,873.40000,21742
2008-04-30 00:00:00+00:00,873.50000,879.05000,862.70000,875.20000,28634
2008-05-01 00:00:00+00:00,875.55000,881.85000,847.55000,855.00000,26959
2008-05-02 00:00:00+00:00,855.10000,859.53000,845.40000,856.45000,22171
2008-05-04 00:00:00+00:00,856.55000,862.63000,856.55000,862.33000,556
2008-05-05 00:00:00+00:00,862.33000,874.73000,861.15000,872.45000,19402
2008-05-06 00:00:00+00:00,872.40000,883.02000,871.95000,879.10000,26825
2008-05-07 00:00:00+00:00,879.13000,881.58000,863.85000,866.50000,54028
2008-05-08 00:00:00+00:00,866.50000,885.78000,865.60000,883.63000,54599
2008-05-09 00:00:00+00:00,883.63000,889.85000,870.74500,884.85000,48595
2008-05-11 00:00:00+00:00,883.85000,888.95000,882.28000,888.70000,2094
2008-05-12 00:00:00+00:00,888.70000,890.05000,878.13000,885.30000,39510
2008-05-13 00:00:00+00:00,885.35000,885.75000,861.20000,866.55000,49858
2008-05-14 00:00:00+00:00,866.58000,871.20000,860.25000,865.45000,50001
2008-05-15 00:00:00+00:00,865.50000,887.85000,862.25000,882.50000,43843
2008-05-16 00:00:00+00:00,882.55000,905.06000,880.15000,902.38000,48396
2008-05-18 00:00:00+00:00,902.83000,906.08000,902.83000,905.88000,3180
2008-05-19 00:00:00+00:00,905.88000,913.86000,900.78000,903.88000,30255
2008-05-20 00:00:00+00:00,903.88000,923.60000,902.93000,919.25000,40211
2008-05-21 00:00:00+00:00,919.25000,934.78000,916.78000,932.90000,50068
2008-05-22 00:00:00+00:00,932.95000,935.50000,917.52500,920.15000,52672
2008-05-23 00:00:00+00:00,920.15000,929.38000,915.40000,925.03000,46638
2008-05-25 00:00:00+00:00,924.91000,925.98000,923.73000,925.86000,1112
2008-05-26 00:00:00+00:00,925.86000,929.35000,923.70000,928.75000,16449
2008-05-27 00:00:00+00:00,928.80000,931.05000,904.38000,905.85000,43524
2008-05-28 00:00:00+00:00,905.83000,910.08000,889.23000,902.90000,50738
2008-05-29 00:00:00+00:00,902.83000,903.13000,873.58000,878.70000,49633
2008-05-30 00:00:00+00:00,878.73000,889.30000,870.43000,886.52000,45940
2008-06-01 00:00:00+00:00,887.22000,887.97000,886.97000,887.47000,1091
2008-06-02 00:00:00+00:00,887.47000,897.56500,881.32000,893.04000,51325
2008-06-03 00:00:00+00:00,892.95000,896.88000,875.20000,880.84000,53347
2008-06-04 00:00:00+00:00,880.84000,886.88000,876.21000,877.95000,57572
2008-06-05 00:00:00+00:00,878.00000,880.24500,865.14000,879.70000,53654
2008-06-06 00:00:00+00:00,879.65000,902.40000,877.80000,902.20000,50255
2008-06-08 00:00:00+00:00,902.25000,904.79000,902.25000,904.26000,2343
2008-06-09 00:00:00+00:00,904.26000,909.44000,891.08000,893.54000,65988
2008-06-10 00:00:00+00:00,893.54000,895.13000,864.36000,869.42000,63126
2008-06-11 00:00:00+00:00,869.37000,883.19000,867.37000,881.68000,55739
2008-06-12 00:00:00+00:00,881.67000,882.28000,857.70000,869.72000,63170
2008-06-13 00:00:00+00:00,869.72000,874.52000,859.60000,871.30000,54309
2008-06-15 00:00:00+00:00,871.37000,872.70000,870.08000,871.79000,2050
2008-06-16 00:00:00+00:00,871.79000,894.83000,866.79000,881.64000,53294
2008-06-17 00:00:00+00:00,881.62000,888.68000,874.56000,882.46000,62231
2008-06-18 00:00:00+00:00,882.47000,895.79000,881.44000,892.61000,52734
2008-06-19 00:00:00+00:00,892.60000,908.54000,887.09000,897.24000,40817
2008-06-20 00:00:00+00:00,897.02000,908.07000,896.04000,902.07000,52544
2008-06-22 00:00:00+00:00,903.25000,905.28000,902.88000,904.90000,3321
2008-06-23 00:00:00+00:00,904.90000,907.56000,876.62000,886.82000,36019
2008-06-24 00:00:00+00:00,886.82000,894.13000,883.08000,888.64000,32502
2008-06-25 00:00:00+00:00,888.65000,890.90000,873.93500,885.58000,54932
2008-06-26 00:00:00+00:00,885.59000,918.22000,885.20000,914.18000,59833
2008-06-27 00:00:00+00:00,914.18000,930.90000,910.48000,927.79000,47864
2008-06-29 00:00:00+00:00,928.65000,929.72000,927.31000,929.46000,1252
2008-06-30 00:00:00+00:00,929.46000,935.13500,918.79500,926.02000,14214
2008-07-01 00:00:00+00:00,926.10000,946.14500,922.35000,939.09000,54141
2008-07-02 00:00:00+00:00,938.90000,945.89000,931.96500,943.61000,64267
2008-07-03 00:00:00+00:00,943.58000,946.71500,928.04000,931.63000,38143
2008-07-04 00:00:00+00:00,931.63000,936.52000,929.31000,934.04000,17115
2008-07-06 00:00:00+00:00,932.08000,932.68000,931.62000,932.10000,2081
2008-07-07 00:00:00+00:00,932.10000,932.30000,915.27000,924.55000,49955
2008-07-08 00:00:00+00:00,924.53000,933.59500,912.94500,917.30000,42379
2008-07-09 00:00:00+00:00,917.30000,929.00500,916.31000,928.60000,51498
2008-07-10 00:00:00+00:00,928.60000,947.81000,925.90000,944.55000,44925
2008-07-11 00:00:00+00:00,944.54000,967.76500,941.67000,964.10000,43997
2008-07-13 00:00:00+00:00,964.70000,966.88000,961.68000,966.28000,6619
2008-07-14 00:00:00+00:00,966.28000,975.45000,953.83500,971.70000,61336
2008-07-15 00:00:00+00:00,971.70000,988.58000,969.36000,975.15000,68837
2008-07-16 00:00:00+00:00,975.15000,981.42000,958.02000,961.28000,75003
2008-07-17 00:00:00+00:00,961.23000,978.95000,953.17000,958.95000,73947
2008-07-18 00:00:00+00:00,959.00000,964.67500,950.05500,954.90000,38702
2008-07-20 00:00:00+00:00,956.95000,959.20000,955.45000,958.55000,4859
2008-07-21 00:00:00+00:00,958.55000,968.65000,957.45000,967.00000,43932
2008-07-22 00:00:00+00:00,967.00000,976.34500,943.70000,947.40000,55616
2008-07-23 00:00:00+00:00,947.35000,949.25000,917.90000,922.70000,55456
2008-07-24 00:00:00+00:00,922.70000,931.40500,916.50500,928.10000,53714
2008-07-25 00:00:00+00:00,928.15000,935.30000,918.80500,929.85000,48881
2008-07-27 00:00:00+00:00,929.84000,930.20000,925.74000,928.85000,4704
2008-07-28 00:00:00+00:00,928.88000,933.11500,922.91500,932.00000,58002
2008-07-29 00:00:00+00:00,932.20000,933.35000,914.37000,919.15000,52436
2008-07-30 00:00:00+00:00,919.20000,919.28000,894.10500,909.20000,50350
2008-07-31 00:00:00+00:00,909.23000,925.70500,907.55500,913.38000,48118
2008-08-01 00:00:00+00:00,913.08000,917.35000,901.75000,910.89000,52471
2008-08-03 00:00:00+00:00,910.95000,914.40000,909.68000,910.15000,5941
2008-08-04 00:00:00+00:00,910.15000,915.67500,894.10500,894.30000,52151
2008-08-05 00:00:00+00:00,894.25000,894.72000,872.78000,876.25000,48769
2008-08-06 00:00:00+00:00,876.25000,886.80500,872.88000,881.90000,52389
2008-08-07 00:00:00+00:00,882.00000,885.05000,868.05000,873.45000,53940
2008-08-08 00:00:00+00:00,873.45000,873.65000,850.95500,856.60000,38418
2008-08-10 00:00:00+00:00,859.20000,863.05000,858.05000,859.18000,4819
2008-08-11 00:00:00+00:00,859.15000,866.10500,818.45000,821.62000,50956
2008-08-12 00:00:00+00:00,821.57000,827.10000,802.15000,811.83000,44536
2008-08-13 00:00:00+00:00,811.83000,830.05500,805.40000,828.65000,41374
2008-08-14 00:00:00+00:00,828.65000,836.80000,795.10000,795.75000,28285
2008-08-15 00:00:00+00:00,795.90000,799.80500,772.95000,787.70000,23949
2008-08-17 00:00:00+00:00,794.20000,795.20000,789.65000,791.55000,2646
2008-08-18 00:00:00+00:00,791.55000,804.23000,790.05500,796.50000,51118
2008-08-19 00:00:00+00:00,796.45000,818.70000,782.65000,817.35000,36113
2008-08-20 00:00:00+00:00,817.40000,818.40000,800.32000,812.70000,36822
2008-08-21 00:00:00+00:00,812.75000,839.55000,812.65000,834.95000,36956
2008-08-22 00:00:00+00:00,834.90000,838.20000,821.37500,823.02000,30494
2008-08-24 00:00:00+00:00,823.50000,826.03000,822.25000,822.85000,6887
2008-08-25 00:00:00+00:00,822.85000,826.40500,816.20500,820.75000,36336
2008-08-26 00:00:00+00:00,820.70000,830.82000,807.10000,824.55000,16815
2008-08-27 00:00:00+00:00,824.60000,835.43500,822.97000,829.25000,50380
2008-08-28 00:00:00+00:00,829.30000,844.25500,825.55500,833.65000,45742
2008-08-29 00:00:00+00:00,833.65000,838.82500,829.43000,831.05000,57105
2008-08-31 00:00:00+00:00,835.15000,835.15000,832.70000,833.25000,185
2008-09-01 00:00:00+00:00,833.35000,835.65000,815.10000,817.80000,48806
2008-09-02 00:00:00+00:00,817.85000,817.85000,791.14500,804.30000,42504
2008-09-03 00:00:00+00:00,804.05000,808.90500,789.50500,803.90000,53221
2008-09-04 00:00:00+00:00,803.65000,815.20500,790.95000,791.60000,20071
2008-09-05 00:00:00+00:00,791.65000,819.40500,790.85000,803.65000,56227
2008-09-07 00:00:00+00:00,803.83000,814.80000,803.83000,812.70000,6325
2008-09-08 00:00:00+00:00,812.70000,818.33000,797.12500,802.03000,68039
2008-09-09 00:00:00+00:00,801.85000,805.20500,767.45000,768.90000,61464
2008-09-10 00:00:00+00:00,768.70000,783.87500,749.90000,749.95000,21248
2008-09-11 00:00:00+00:00,750.75000,758.45000,736.35000,752.50000,64386
2008-09-12 00:00:00+00:00,752.50000,766.90000,746.25500,765.50000,67116
2008-09-14 00:00:00+00:00,765.65000,780.75000,765.65000,778.50000,1103
2008-09-15 00:00:00+00:00,778.55000,788.10000,764.73000,781.65000,69570
2008-09-16 00:00:00+00:00,781.80000,790.15500,772.05000,783.50000,41043
2008-09-17 00:00:00+00:00,783.55000,869.95000,777.60000,869.20000,74705
2008-09-18 00:00:00+00:00,869.30000,919.43000,832.65000,861.30000,51757
2008-09-19 00:00:00+00:00,861.25000,877.25000,824.55000,873.85000,24858
2008-09-21 00:00:00+00:00,874.55000,882.93000,873.55000,875.00000,6677
2008-09-22 00:00:00+00:00,875.00000,908.40000,862.55000,904.55000,61600
2008-09-23 00:00:00+00:00,904.50000,909.60000,880.65000,884.85000,39326
2008-09-24 00:00:00+00:00,884.75000,902.14000,875.70000,884.05000,25691
2008-09-25 00:00:00+00:00,884.10000,896.78000,864.30000,882.40000,60245
2008-09-26 00:00:00+00:00,882.45000,911.60000,866.00000,878.75000,70275
2008-09-28 00:00:00+00:00,878.71000,879.55000,871.35000,876.30000,5626
2008-09-29 00:00:00+00:00,876.30000,926.65000,867.50500,908.40000,65161
2008-09-30 00:00:00+00:00,908.45000,908.50000,857.50000,871.65000,42530
2008-10-01 00:00:00+00:00,871.35000,893.13000,865.28000,867.85000,65666
2008-10-02 00:00:00+00:00,867.90000,876.60000,830.13000,833.90000,66933
2008-10-03 00:00:00+00:00,833.75000,848.20000,819.33000,835.25000,66183
2008-10-05 00:00:00+00:00,834.95000,835.25000,825.75000,827.30000,1303
2008-10-06 00:00:00+00:00,827.30000,876.63500,826.95500,862.25000,41524
2008-10-07 00:00:00+00:00,862.20000,891.90000,859.40000,888.95000,46449
2008-10-08 00:00:00+00:00,889.05000,922.15000,878.20000,910.00000,33541
2008-10-09 00:00:00+00:00,909.90000,924.95000,881.20000,918.70000,37668
2008-10-10 00:00:00+00:00,918.35000,931.95000,826.75000,850.35000,43808
2008-10-12 00:00:00+00:00,849.35000,864.35000,839.60000,855.70000,1563
2008-10-13 00:00:00+00:00,856.60000,872.25000,822.55000,842.10000,51159
2008-10-14 00:00:00+00:00,842.05000,854.45000,832.10000,842.15000,44280
2008-10-15 00:00:00+00:00,842.05000,856.85000,831.60000,848.65000,51354
2008-10-16 00:00:00+00:00,848.60000,848.85000,786.25000,803.05000,75076
2008-10-17 00:00:00+00:00,803.25000,815.30000,772.80000,783.35000,44326
2008-10-19 00:00:00+00:00,783.25000,790.10000,781.80000,788.75000,911
2008-10-20 00:00:00+00:00,788.75000,810.55000,784.90500,796.40000,51198
2008-10-21 00:00:00+00:00,796.45000,803.35000,765.45500,773.20000,41234
2008-10-22 00:00:00+00:00,773.30000,775.70000,720.48000,723.45000,63210
2008-10-23 00:00:00+00:00,722.80000,735.05000,698.53000,724.98000,61097
2008-10-24 00:00:00+00:00,725.13000,750.35000,681.65000,734.70000,43675
2008-10-26 00:00:00+00:00,734.70000,740.15000,733.65000,739.70000,915
2008-10-27 00:00:00+00:00,739.40000,747.55000,707.25000,735.30000,25507
2008-10-28 00:00:00+00:00,735.20000,757.30000,724.40000,757.30000,51826
2008-10-29 00:00:00+00:00,757.45000,774.90000,736.25000,760.00000,40576
2008-10-30 00:00:00+00:00,759.95000,778.10000,733.05000,738.30000,34011
2008-10-31 00:00:00+00:00,737.70000,741.45000,717.45000,724.60000,27990
2008-11-02 00:00:00+00:00,724.60000,729.65000,724.60000,729.55000,368
2008-11-03 00:00:00+00:00,729.65000,739.55000,722.05000,727.50000,33356
2008-11-04 00:00:00+00:00,727.45000,769.70000,722.10000,765.00000,43986
2008-11-05 00:00:00+00:00,765.05000,765.70000,736.25000,743.65000,38622
2008-11-06 00:00:00+00:00,743.55000,760.80000,728.90000,732.35000,39688
2008-11-07 00:00:00+00:00,732.60000,745.10000,726.00000,736.90000,32932
2008-11-09 00:00:00+00:00,736.90000,749.65000,736.90000,749.10000,676
2008-11-10 00:00:00+00:00,749.15000,769.10000,741.60000,748.35000,45012
2008-11-11 00:00:00+00:00,748.45000,750.65000,727.10000,732.00000,35747
2008-11-12 00:00:00+00:00,732.00000,739.30000,709.30000,712.15000,46621
2008-11-13 00:00:00+00:00,712.18000,739.60000,700.43000,734.10000,92792
2008-11-14 00:00:00+00:00,734.05000,754.58000,725.38000,742.25000,83447
2008-11-16 00:00:00+00:00,742.10000,744.80000,738.05000,740.70000,2485
2008-11-17 00:00:00+00:00,740.75000,749.70000,731.05500,738.60000,80821
2008-11-18 00:00:00+00:00,738.60000,746.00000,731.75000,739.18000,72561
2008-11-19 00:00:00+00:00,739.15000,763.25000,732.15000,736.83000,31645
2008-11-20 00:00:00+00:00,736.85000,753.40000,734.98000,744.75000,59893
2008-11-21 00:00:00+00:00,744.75000,802.63000,743.03000,800.30000,82544
2008-11-23 00:00:00+00:00,800.30000,806.65000,800.10000,802.40000,2898
2008-11-24 00:00:00+00:00,802.40000,829.78000,786.63000,817.55000,85020
2008-11-25 00:00:00+00:00,817.55000,831.60000,803.00000,817.30000,44554
2008-11-26 00:00:00+00:00,817.35000,823.25000,808.53000,811.20000,56960
2008-11-27 00:00:00+00:00,811.20000,817.40000,811.08000,815.50000,22760
2008-11-28 00:00:00+00:00,815.30000,820.88000,809.53500,817.98000,25303
2008-11-30 00:00:00+00:00,817.98000,819.23000,815.88000,816.48000,474
2008-12-01 00:00:00+00:00,816.43000,816.43000,763.18000,770.83000,48880
2008-12-02 00:00:00+00:00,770.78000,787.22500,761.88000,777.87000,51269
2008-12-03 00:00:00+00:00,777.87000,783.47000,764.47000,775.73000,78552
2008-12-04 00:00:00+00:00,775.75000,788.65500,763.10500,768.08000,58097
2008-12-05 00:00:00+00:00,768.08000,773.15000,741.40000,756.25000,47521
2008-12-07 00:00:00+00:00,756.05000,759.85000,756.05000,759.10000,129
2008-12-08 00:00:00+00:00,759.20000,782.75000,758.90000,773.25000,54399
2008-12-09 00:00:00+00:00,773.20000,780.55000,762.85000,775.65000,60870
2008-12-10 00:00:00+00:00,775.70000,814.15000,775.55000,804.85000,67256
2008-12-11 00:00:00+00:00,804.93000,834.98000,802.55000,821.10000,88640
2008-12-12 00:00:00+00:00,821.15000,829.20000,808.00000,822.40000,42351
2008-12-14 00:00:00+00:00,822.55000,828.80000,822.55000,827.35000,597
2008-12-15 00:00:00+00:00,827.30000,843.25000,821.30000,836.80000,38194
2008-12-16 00:00:00+00:00,836.85000,860.25000,830.25500,854.45000,30649
2008-12-17 00:00:00+00:00,854.50000,882.30000,846.70000,864.75000,28074
2008-12-18 00:00:00+00:00,864.70000,878.60000,848.30000,850.90000,32914
2008-12-19 00:00:00+00:00,850.63000,854.10000,829.94000,838.05000,47902
2008-12-21 00:00:00+00:00,837.90000,840.45000,837.55000,840.45000,224
2008-12-22 00:00:00+00:00,840.40000,852.05000,839.50000,846.00000,25256
2008-12-23 00:00:00+00:00,846.20000,847.90000,829.60000,837.80000,36036
2008-12-24 00:00:00+00:00,837.80000,848.90000,835.09000,847.95000,36232
2008-12-25 00:00:00+00:00,847.95000,847.95000,843.85000,844.90000,80
2008-12-26 00:00:00+00:00,844.90000,873.30000,843.05000,869.20000,31496
2008-12-28 00:00:00+00:00,869.20000,881.30000,869.20000,878.10000,1246
2008-12-29 00:00:00+00:00,878.05000,890.85000,873.83000,880.35000,70749
2008-12-30 00:00:00+00:00,880.40000,881.75000,864.05000,874.25000,72062
2008-12-31 00:00:00+00:00,874.15000,885.10000,856.85000,882.15000,30296
2009-01-01 00:00:00+00:00,880.88000,888.35000,880.88000,887.20000,686
2009-01-02 00:00:00+00:00,887.15000,887.15000,867.75000,875.35000,37426
2009-01-04 00:00:00+00:00,874.45000,884.80000,873.85000,884.10000,1794
2009-01-05 00:00:00+00:00,883.60000,884.65000,844.86000,856.60000,27283
2009-01-06 00:00:00+00:00,856.65000,870.80500,839.35000,861.35000,48910
2009-01-07 00:00:00+00:00,861.30000,867.23000,836.00000,839.00000,46418
2009-01-08 00:00:00+00:00,839.00000,865.00500,837.43000,856.40000,59330
2009-01-09 00:00:00+00:00,856.40000,868.68000,845.15000,854.15000,84131
2009-01-11 00:00:00+00:00,855.60000,857.20000,851.55000,852.50000,797
2009-01-12 00:00:00+00:00,852.65000,854.35000,815.58000,823.30000,82442
2009-01-13 00:00:00+00:00,823.28000,831.00000,814.10000,821.75000,79226
2009-01-14 00:00:00+00:00,821.75000,829.40000,807.23000,813.78000,88891
2009-01-15 00:00:00+00:00,813.78000,821.53500,801.82500,817.45000,83605
2009-01-16 00:00:00+00:00,817.45000,843.65000,815.70000,843.15000,62017
2009-01-18 00:00:00+00:00,843.15000,846.10000,841.63000,842.40000,3481
2009-01-19 00:00:00+00:00,842.40000,843.10000,832.13000,833.96000,48607
2009-01-20 00:00:00+00:00,833.96000,866.75500,823.58000,854.85000,67352
2009-01-21 00:00:00+00:00,854.80000,864.60000,843.63000,852.88000,19292
2009-01-22 00:00:00+00:00,852.68000,863.33500,843.68500,855.98000,29742
2009-01-23 00:00:00+00:00,856.03000,903.87000,852.78000,899.82000,36538
2009-01-25 00:00:00+00:00,898.27000,901.12000,892.92000,896.47000,4384
2009-01-26 00:00:00+00:00,896.45000,916.32500,888.97000,904.45000,49745
2009-01-27 00:00:00+00:00,904.45000,907.55000,892.65000,900.60000,45328
2009-01-28 00:00:00+00:00,900.65000,903.70000,882.60000,885.60000,27418
2009-01-29 00:00:00+00:00,885.75000,910.15000,874.79000,906.05000,21447
2009-01-30 00:00:00+00:00,906.10000,929.75500,901.85000,927.80000,31139
2009-02-01 00:00:00+00:00,926.75000,926.75000,921.90000,925.33000,828
2009-02-02 00:00:00+00:00,925.33000,926.10000,897.03000,901.68000,38218
2009-02-03 00:00:00+00:00,901.63000,912.98000,889.63000,898.88000,41757
2009-02-04 00:00:00+00:00,898.98000,909.50000,895.60000,905.65000,39582
2009-02-05 00:00:00+00:00,905.98000,924.82000,902.38000,910.20000,51642
2009-02-06 00:00:00+00:00,910.20000,920.54000,904.34000,911.50000,41788
2009-02-08 00:00:00+00:00,910.95000,912.08000,905.25000,907.00000,1959
2009-02-09 00:00:00+00:00,907.10000,908.40000,891.08000,894.20000,25112
2009-02-10 00:00:00+00:00,894.25000,918.51500,891.30000,916.16000,29413
2009-02-11 00:00:00+00:00,915.96000,947.76000,911.06000,938.16000,32441
2009-02-12 00:00:00+00:00,938.21000,952.70000,935.31000,943.90000,36633
2009-02-13 00:00:00+00:00,943.90000,944.35000,932.50000,941.70000,28881
2009-02-15 00:00:00+00:00,941.70000,942.53000,938.80000,941.73000,2833
2009-02-16 00:00:00+00:00,941.75000,944.40500,936.45000,941.70000,26531
2009-02-17 00:00:00+00:00,941.80000,974.30500,940.55000,968.65000,22696
2009-02-18 00:00:00+00:00,968.65000,987.40500,960.95500,982.23000,30414
2009-02-19 00:00:00+00:00,982.50000,986.80000,968.60000,976.95000,44647
2009-02-20 00:00:00+00:00,976.90000,1006.45000,970.70500,992.90000,26898
2009-02-22 00:00:00+00:00,992.90000,998.13000,992.50000,996.05000,1493
2009-02-23 00:00:00+00:00,996.20000,998.30000,975.55000,988.70000,36699
2009-02-24 00:00:00+00:00,988.65000,995.85000,959.65000,961.55000,31602
2009-02-25 00:00:00+00:00,961.70000,978.43500,944.53000,953.18000,32152
2009-02-26 00:00:00+00:00,953.18000,956.88500,931.88000,944.73500,31786
2009-02-27 00:00:00+00:00,944.58500,963.13000,927.30000,942.95000,45431
2009-03-01 00:00:00+00:00,940.45000,949.58000,939.60000,948.70000,3897
2009-03-02 00:00:00+00:00,948.70000,958.70000,922.35000,927.30000,42718
2009-03-03 00:00:00+00:00,927.35000,932.90000,905.35500,914.30000,33302
2009-03-04 00:00:00+00:00,914.25000,923.05000,900.20000,909.25500,35016
2009-03-05 00:00:00+00:00,909.40500,937.00000,907.70000,930.60000,44146
2009-03-06 00:00:00+00:00,930.60000,945.13000,930.30000,939.30000,51256
2009-03-08 00:00:00+00:00,938.20000,940.80000,935.00000,938.95000,6658
2009-03-09 00:00:00+00:00,938.95000,942.00000,911.16000,921.16000,64136
2009-03-10 00:00:00+00:00,921.21000,922.31000,891.46000,896.75000,40147
2009-03-11 00:00:00+00:00,896.73000,913.50000,892.40000,908.60000,43508
2009-03-12 00:00:00+00:00,908.55000,931.25500,907.40500,925.10000,35688
2009-03-13 00:00:00+00:00,925.08000,939.18000,919.62000,929.77000,34972
2009-03-15 00:00:00+00:00,928.77000,929.77000,924.15000,925.95000,3300
2009-03-16 00:00:00+00:00,925.90000,929.95500,915.69500,922.85000,53011
2009-03-17 00:00:00+00:00,922.85000,923.98000,912.55000,914.88000,46743
2009-03-18 00:00:00+00:00,914.88000,948.85000,883.40500,935.88000,42767
2009-03-19 00:00:00+00:00,935.88000,962.70000,925.60000,953.20000,40405
2009-03-20 00:00:00+00:00,953.20000,967.20000,946.80000,953.70000,28931
2009-03-22 00:00:00+00:00,954.70000,956.45000,950.75000,952.90000,1070
2009-03-23 00:00:00+00:00,952.80000,957.61000,936.40000,941.97000,27642
2009-03-24 00:00:00+00:00,942.27000,944.57000,917.30000,929.75000,51048
2009-03-25 00:00:00+00:00,929.75000,941.40000,916.84000,935.85000,50658
2009-03-26 00:00:00+00:00,935.85000,945.90000,931.87500,934.70000,44207
2009-03-27 00:00:00+00:00,934.75000,936.40000,918.74000,923.19000,39763
2009-03-28 00:00:00+00:00,922.15000,922.15000,921.65000,922.15000,4
2009-03-29 00:00:00+00:00,921.65000,925.23000,920.50000,923.10000,3268
2009-03-30 00:00:00+00:00,923.10000,932.45000,908.80500,919.50000,32866
2009-03-31 00:00:00+00:00,919.50000,925.00500,911.85500,918.80000,29832
2009-04-01 00:00:00+00:00,918.78000,933.64500,916.89500,926.65000,39247
2009-04-02 00:00:00+00:00,926.30000,929.60500,894.85500,907.65000,36150
2009-04-03 00:00:00+00:00,907.60000,909.85000,890.97000,892.75000,15732
2009-04-05 00:00:00+00:00,893.15000,897.18000,890.40000,892.70000,6989
2009-04-06 00:00:00+00:00,892.70000,894.38000,865.37000,872.72000,27404
2009-04-07 00:00:00+00:00,872.72000,885.17000,872.02000,883.20000,36074
2009-04-08 00:00:00+00:00,883.20000,890.25000,878.52000,881.55000,46069
2009-04-09 00:00:00+00:00,881.55000,886.45500,874.85500,878.88000,42143
2009-04-10 00:00:00+00:00,878.88000,885.88000,878.38000,882.11000,2785
2009-04-12 00:00:00+00:00,879.23000,885.63000,879.23000,884.13000,4864
2009-04-13 00:00:00+00:00,884.13000,899.95000,882.63000,895.00000,19193
2009-04-14 00:00:00+00:00,895.15000,898.50500,886.25000,889.65000,44994
2009-04-15 00:00:00+00:00,889.75000,899.70500,885.75500,891.43000,39912
2009-04-16 00:00:00+00:00,891.45000,894.00500,872.35500,876.35000,32783
2009-04-17 00:00:00+00:00,876.65000,876.90000,864.98000,868.68000,36165
2009-04-19 00:00:00+00:00,868.80000,870.38000,867.85000,869.50000,5817
2009-04-20 00:00:00+00:00,869.58000,888.60500,865.00000,883.30000,38218
2009-04-21 00:00:00+00:00,883.30000,895.37500,878.97500,882.62000,34674
2009-04-22 00:00:00+00:00,882.67000,893.58000,882.17000,892.00000,36139
2009-04-23 00:00:00+00:00,892.05000,908.97500,890.12500,905.20000,62105
2009-04-24 00:00:00+00:00,905.05000,914.06000,904.31000,912.86000,31357
2009-04-26 00:00:00+00:00,913.03000,917.95000,913.03000,917.80000,5470
2009-04-27 00:00:00+00:00,917.75000,918.65000,905.25000,905.35000,37316
2009-04-28 00:00:00+00:00,905.40000,905.68000,884.41000,891.05000,28719
2009-04-29 00:00:00+00:00,891.10000,903.15000,886.72500,894.68000,39508
2009-04-30 00:00:00+00:00,894.65000,900.13000,881.10500,886.65000,48756
2009-05-01 00:00:00+00:00,886.65000,889.95000,880.20000,886.55000,25251
2009-05-03 00:00:00+00:00,885.50000,887.75000,885.35000,887.35000,1526
2009-05-04 00:00:00+00:00,887.35000,907.45000,885.60000,903.05500,43641
2009-05-05 00:00:00+00:00,903.10500,915.95000,894.85000,897.75000,28375
2009-05-06 00:00:00+00:00,897.55000,912.71500,896.05000,910.25000,28607
2009-05-07 00:00:00+00:00,910.15000,925.72500,908.72000,913.16000,29836
2009-05-08 00:00:00+00:00,913.11000,920.21500,905.41500,916.66000,36875
2009-05-10 00:00:00+00:00,916.56000,917.96000,914.26000,917.96000,3365
2009-05-11 00:00:00+00:00,917.61000,917.86500,908.71500,913.60000,28189
2009-05-12 00:00:00+00:00,913.55000,927.94000,912.02500,926.34000,26051
2009-05-13 00:00:00+00:00,926.19000,930.75500,917.68000,925.00000,23846
2009-05-14 00:00:00+00:00,925.05000,929.10000,920.37500,926.42500,31644
2009-05-15 00:00:00+00:00,926.47500,934.27000,924.02000,931.78000,29516
2009-05-17 00:00:00+00:00,931.53000,932.33000,929.48000,931.58000,1798
2009-05-18 00:00:00+00:00,931.58000,934.10000,915.30000,919.45500,36363
2009-05-19 00:00:00+00:00,919.45500,929.75000,918.42500,926.15000,27966
2009-05-20 00:00:00+00:00,926.15000,940.82500,925.30500,937.60000,33884
2009-05-21 00:00:00+00:00,937.55000,956.57000,936.02000,953.07000,25066
2009-05-22 00:00:00+00:00,952.97000,961.75000,950.22500,957.30000,27395
2009-05-24 00:00:00+00:00,957.45000,957.70000,956.55000,957.20000,170
2009-05-25 00:00:00+00:00,957.15000,960.07500,952.92500,956.57000,12198
2009-05-26 00:00:00+00:00,956.62000,957.72000,940.98000,952.85000,20903
2009-05-27 00:00:00+00:00,952.95000,959.65500,944.55000,946.80000,37690
2009-05-28 00:00:00+00:00,946.83000,965.31000,944.65000,960.41000,43227
2009-05-29 00:00:00+00:00,960.36000,980.35000,959.06500,979.10000,43924
2009-05-31 00:00:00+00:00,979.40000,980.05000,975.90000,976.55000,584
2009-06-01 00:00:00+00:00,976.70000,988.93500,972.85000,976.15000,39641
2009-06-02 00:00:00+00:00,976.15000,986.82500,969.55500,983.00000,29039
2009-06-03 00:00:00+00:00,982.90000,990.30500,960.60500,965.00000,31690
2009-06-04 00:00:00+00:00,965.05000,982.95000,960.95500,978.85000,33843
2009-06-05 00:00:00+00:00,979.00000,983.77000,953.10000,955.35000,21730
2009-06-07 00:00:00+00:00,955.25000,960.15000,952.25000,956.85000,1962
2009-06-08 00:00:00+00:00,956.75000,959.85500,943.56500,954.30000,19953
2009-06-09 00:00:00+00:00,954.27000,962.22500,947.56500,956.44000,26831
2009-06-10 00:00:00+00:00,956.41000,965.57000,947.18000,953.86000,29574
2009-06-11 00:00:00+00:00,953.86500,962.10500,942.99500,956.95000,29684
2009-06-12 00:00:00+00:00,956.93000,958.31000,936.21500,939.26000,24955
2009-06-14 00:00:00+00:00,938.36000,938.36000,935.19000,938.15000,1090
2009-06-15 00:00:00+00:00,938.20000,939.17000,926.27500,930.78000,23441
2009-06-16 00:00:00+00:00,930.78000,939.71500,929.33000,934.16000,24927
2009-06-17 00:00:00+00:00,934.11000,943.41000,928.01500,941.18000,26081
2009-06-18 00:00:00+00:00,941.21000,941.79500,930.41500,933.59000,24173
2009-06-19 00:00:00+00:00,933.70000,939.29000,932.71500,934.08000,19185
2009-06-21 00:00:00+00:00,934.48000,935.28000,933.44000,935.14000,538
2009-06-22 00:00:00+00:00,935.20000,935.23000,918.36000,922.11000,22556
2009-06-23 00:00:00+00:00,922.14000,926.98000,913.21000,925.26000,23745
2009-06-24 00:00:00+00:00,925.23000,942.40500,922.60000,932.66000,26834
2009-06-25 00:00:00+00:00,932.68000,940.10500,930.21000,939.33000,23556
2009-06-26 00:00:00+00:00,939.28000,948.67500,936.62500,939.63000,13795
2009-06-28 00:00:00+00:00,939.08000,940.63000,933.98000,938.23000,573
2009-06-29 00:00:00+00:00,938.43000,942.93500,933.23000,939.24000,14714
2009-06-30 00:00:00+00:00,939.18000,945.14500,923.56000,929.30000,20408
2009-07-01 00:00:00+00:00,929.20000,946.53500,927.80500,941.22000,20986
2009-07-02 00:00:00+00:00,941.19000,941.38000,926.66000,931.89000,20639
2009-07-03 00:00:00+00:00,931.91000,934.48000,930.35500,932.62000,6965
2009-07-05 00:00:00+00:00,932.62000,932.65000,931.27000,931.77000,199
2009-07-06 00:00:00+00:00,931.79000,932.04000,920.80500,926.30000,18476
2009-07-07 00:00:00+00:00,926.30000,932.27000,921.43000,923.44000,20396
2009-07-08 00:00:00+00:00,923.46000,925.85000,905.16500,908.03000,24256
2009-07-09 00:00:00+00:00,907.99000,918.60500,906.56000,913.69000,20899
2009-07-10 00:00:00+00:00,913.71000,915.45500,907.00500,912.99000,18986
2009-07-12 00:00:00+00:00,912.99000,914.58000,911.73000,914.30000,466
2009-07-13 00:00:00+00:00,914.33000,923.48500,908.06500,919.35000,21253
2009-07-14 00:00:00+00:00,919.38000,927.87000,918.03000,925.05000,20102
2009-07-15 00:00:00+00:00,925.01000,942.29500,924.76000,939.21500,19706
2009-07-16 00:00:00+00:00,939.30500,940.12000,932.81500,936.72500,17004
2009-07-17 00:00:00+00:00,936.77500,940.12500,931.98500,937.58000,14656
2009-07-19 00:00:00+00:00,937.53000,939.20000,937.25000,938.91000,262
2009-07-20 00:00:00+00:00,938.91500,955.38500,938.61500,949.04500,18428
2009-07-21 00:00:00+00:00,949.06500,953.90000,944.50000,948.91000,18109
2009-07-22 00:00:00+00:00,948.89000,954.67000,944.93000,950.93000,18106
2009-07-23 00:00:00+00:00,950.98000,957.52500,947.56000,949.51000,19524
2009-07-24 00:00:00+00:00,949.36000,954.32500,947.36000,951.37000,15776
2009-07-26 00:00:00+00:00,951.82000,953.17000,949.81000,951.00000,755
2009-07-27 00:00:00+00:00,950.96000,959.14000,948.06000,954.20000,18617
2009-07-28 00:00:00+00:00,954.25000,956.86000,934.42000,939.43000,18687
2009-07-29 00:00:00+00:00,939.48000,941.13000,925.81000,929.14000,19462
2009-07-30 00:00:00+00:00,929.11000,937.23500,928.83000,934.49000,14779
2009-07-31 00:00:00+00:00,934.43000,956.99500,932.67000,954.05000,18945
2009-08-02 00:00:00+00:00,954.75000,957.22000,952.25000,956.76000,1315
2009-08-03 00:00:00+00:00,956.68000,962.39500,952.19500,955.94000,22937
2009-08-04 00:00:00+00:00,955.91000,970.31000,951.26000,965.80000,25638
2009-08-05 00:00:00+00:00,965.75000,968.19000,959.08000,963.91000,22505
2009-08-06 00:00:00+00:00,963.91000,971.86500,956.46500,963.26000,25214
2009-08-07 00:00:00+00:00,963.22000,965.58000,953.46000,955.09000,24565
2009-08-08 00:00:00+00:00,954.99000,954.99000,954.99000,954.99000,4
2009-08-09 00:00:00+00:00,954.99000,955.34000,954.13000,954.40000,852
2009-08-10 00:00:00+00:00,954.43000,956.99000,942.68000,944.76000,23712
2009-08-11 00:00:00+00:00,944.79000,949.90500,942.18500,946.93000,16869
2009-08-12 00:00:00+00:00,946.95000,952.42500,940.26000,949.44000,20343
2009-08-13 00:00:00+00:00,949.46000,960.74500,949.15000,957.39000,19763
2009-08-14 00:00:00+00:00,957.36000,959.34000,942.49500,948.56000,19513
2009-08-16 00:00:00+00:00,948.27000,948.45000,946.89000,948.05000,531
2009-08-17 00:00:00+00:00,947.99000,947.99000,930.45000,936.49000,22221
2009-08-18 00:00:00+00:00,936.52000,941.47000,934.46000,941.47000,17102
2009-08-19 00:00:00+00:00,941.41000,945.61000,932.19000,945.23000,21043
2009-08-20 00:00:00+00:00,945.21000,945.92500,937.48500,940.81500,16847
2009-08-21 00:00:00+00:00,940.79500,958.19000,938.00500,953.83000,18726
2009-08-23 00:00:00+00:00,953.46000,954.96000,951.93000,951.93000,702
2009-08-24 00:00:00+00:00,951.86000,957.09000,935.11000,944.07500,19051
2009-08-25 00:00:00+00:00,944.09500,954.56000,942.88000,945.33500,20947
2009-08-26 00:00:00+00:00,945.28500,950.12000,940.22000,945.34500,17687
2009-08-27 00:00:00+00:00,945.36500,950.85500,941.83000,949.79500,18148
2009-08-28 00:00:00+00:00,949.82500,962.00000,948.82500,954.98000,18289
2009-08-30 00:00:00+00:00,956.23000,960.03000,955.93000,959.48000,572
2009-08-31 00:00:00+00:00,959.43000,960.73000,943.63000,952.05000,12943
2009-09-01 00:00:00+00:00,952.10000,957.33000,946.61500,954.24000,23379
2009-09-02 00:00:00+00:00,954.26000,980.55500,951.70000,976.49000,22647
2009-09-03 00:00:00+00:00,976.46000,997.58500,974.58000,991.80000,28928
2009-09-04 00:00:00+00:00,991.78000,996.37500,985.66000,994.08000,23968
2009-09-06 00:00:00+00:00,994.01000,995.24000,993.54000,993.62500,568
2009-09-07 00:00:00+00:00,993.60500,996.77500,991.06500,996.03500,9906
2009-09-08 00:00:00+00:00,996.00500,1007.84500,992.79000,1000.92500,30898
2009-09-09 00:00:00+00:00,1000.88500,1003.37500,987.55500,994.16500,27895
2009-09-10 00:00:00+00:00,994.14500,998.66500,983.11500,996.78500,26823
2009-09-11 00:00:00+00:00,996.80500,1011.90500,994.77500,1005.16000,26966
2009-09-13 00:00:00+00:00,1005.16000,1008.10000,1005.16000,1007.47000,546
2009-09-14 00:00:00+00:00,1007.50000,1007.88000,993.61000,1000.24000,26279
2009-09-15 00:00:00+00:00,1000.29000,1009.83000,992.57000,1006.78000,25316
2009-09-16 00:00:00+00:00,1006.76000,1020.88000,1006.33000,1016.59000,31636
2009-09-17 00:00:00+00:00,1016.57000,1024.28000,1010.48000,1014.29000,28652
2009-09-18 00:00:00+00:00,1014.32000,1017.94000,1006.27000,1007.68000,23053
2009-09-20 00:00:00+00:00,1004.16000,1004.92000,1003.53000,1004.41000,871
2009-09-21 00:00:00+00:00,1004.38000,1007.02000,996.06000,1004.76500,23708
2009-09-22 00:00:00+00:00,1004.79500,1019.90500,1004.70500,1017.31000,22222
2009-09-23 00:00:00+00:00,1017.28000,1018.28500,1006.21000,1009.50000,25587
2009-09-24 00:00:00+00:00,1009.48000,1019.25000,990.81000,996.66000,25924
2009-09-25 00:00:00+00:00,996.64000,999.27000,985.28500,990.99000,26768
2009-09-27 00:00:00+00:00,991.47000,994.73000,991.47000,994.67000,1252
2009-09-28 00:00:00+00:00,994.64000,996.91000,986.18000,991.60000,17574
2009-09-29 00:00:00+00:00,991.50000,995.97000,985.28000,993.32000,15915
2009-09-30 00:00:00+00:00,993.22000,1009.89000,991.76000,1008.12000,19633
2009-10-01 00:00:00+00:00,1007.81000,1009.86000,997.93000,999.90000,20519
2009-10-02 00:00:00+00:00,999.85000,1007.71000,986.90000,1002.83000,19811
2009-10-04 00:00:00+00:00,1001.83000,1004.45000,999.83000,1002.53000,802
2009-10-05 00:00:00+00:00,1002.50000,1017.74500,1001.33000,1016.38000,16030
2009-10-06 00:00:00+00:00,1016.41000,1043.70000,1015.58000,1038.99000,21228
2009-10-07 00:00:00+00:00,1039.03000,1048.50000,1036.67000,1046.04000,22883
2009-10-08 00:00:00+00:00,1045.99000,1061.56000,1043.16000,1049.96000,24624
2009-10-09 00:00:00+00:00,1049.93000,1052.43000,1043.76000,1049.30000,18906
2009-10-11 00:00:00+00:00,1049.15000,1053.25000,1048.75000,1052.09000,1039
2009-10-12 00:00:00+00:00,1052.06000,1059.27000,1047.35500,1054.78000,15099
2009-10-13 00:00:00+00:00,1054.74000,1068.74000,1051.31000,1063.26000,19684
2009-10-14 00:00:00+00:00,1063.29000,1070.79000,1056.22000,1064.56000,22263
2009-10-15 00:00:00+00:00,1064.66000,1065.97000,1046.71000,1052.35000,22506
2009-10-16 00:00:00+00:00,1052.40000,1056.97000,1043.20000,1053.59000,18725
2009-10-18 00:00:00+00:00,1051.87000,1055.74000,1051.76000,1054.11000,996
2009-10-19 00:00:00+00:00,1054.06000,1065.82000,1048.16000,1063.02000,18627
2009-10-20 00:00:00+00:00,1062.96000,1068.13000,1052.14000,1055.91000,18925
2009-10-21 00:00:00+00:00,1055.95000,1065.00000,1048.06000,1058.96000,21413
2009-10-22 00:00:00+00:00,1058.89000,1062.10000,1051.75000,1060.65000,19329
2009-10-23 00:00:00+00:00,1060.62000,1067.79000,1050.25000,1055.57000,20712
2009-10-25 00:00:00+00:00,1055.07000,1056.89000,1053.06000,1053.49000,1044
2009-10-26 00:00:00+00:00,1053.54000,1060.01000,1037.25000,1039.60000,23783
2009-10-27 00:00:00+00:00,1039.65000,1043.92000,1032.77000,1040.61500,22178
2009-10-28 00:00:00+00:00,1040.64500,1042.10500,1026.81000,1030.21000,22811
2009-10-29 00:00:00+00:00,1030.25000,1047.98000,1028.87500,1046.34000,19283
2009-10-30 00:00:00+00:00,1046.30000,1049.01000,1035.31000,1045.55000,19794
2009-11-01 00:00:00+00:00,1044.75000,1044.75000,1041.98000,1043.56000,860
2009-11-02 00:00:00+00:00,1043.62000,1062.76000,1043.26000,1062.41000,22685
2009-11-03 00:00:00+00:00,1062.47000,1088.00500,1055.50000,1082.39000,25250
2009-11-04 00:00:00+00:00,1082.36000,1097.81000,1080.02000,1092.45000,26424
2009-11-05 00:00:00+00:00,1092.39000,1094.30000,1084.17000,1090.38000,21090
2009-11-06 00:00:00+00:00,1090.32000,1101.27000,1086.74000,1094.97000,20775
2009-11-08 00:00:00+00:00,1099.97000,1102.97000,1096.34000,1097.63000,612
2009-11-09 00:00:00+00:00,1097.61000,1110.96000,1095.77000,1104.51000,19698
2009-11-10 00:00:00+00:00,1104.46000,1109.30000,1097.12000,1106.53000,22033
2009-11-11 00:00:00+00:00,1106.56000,1118.71000,1105.80500,1116.62000,19270
2009-11-12 00:00:00+00:00,1116.57000,1123.11000,1102.67500,1104.88000,22897
2009-11-13 00:00:00+00:00,1104.91000,1119.44000,1101.26000,1118.64000,19906
2009-11-15 00:00:00+00:00,1118.64000,1125.96000,1118.15000,1124.76000,1637
2009-11-16 00:00:00+00:00,1124.80000,1143.51500,1123.28000,1137.74000,35242
2009-11-17 00:00:00+00:00,1137.71000,1144.53000,1128.18000,1141.20000,35216
2009-11-18 00:00:00+00:00,1141.17000,1153.07000,1136.12500,1143.30000,23476
2009-11-19 00:00:00+00:00,1143.25000,1146.18500,1130.15000,1143.98000,23025
2009-11-20 00:00:00+00:00,1143.95000,1151.20000,1132.64000,1150.41000,24774
2009-11-22 00:00:00+00:00,1150.41000,1158.65000,1150.41000,1157.92000,1070
2009-11-23 00:00:00+00:00,1157.89000,1173.89000,1156.97000,1161.95000,23143
2009-11-24 00:00:00+00:00,1161.86000,1171.30000,1158.11500,1167.86000,25983
2009-11-25 00:00:00+00:00,1167.88000,1192.92000,1166.93500,1188.80000,20944
2009-11-26 00:00:00+00:00,1188.76000,1195.39500,1180.59000,1186.63000,16041
2009-11-27 00:00:00+00:00,1186.67000,1191.72000,1137.77000,1177.38000,37810
2009-11-29 00:00:00+00:00,1177.68000,1182.97000,1166.50000,1170.86000,3661
2009-11-30 00:00:00+00:00,1170.81000,1182.02500,1164.14000,1179.91000,37237
2009-12-01 00:00:00+00:00,1179.62000,1201.62000,1175.50500,1197.22500,28010
2009-12-02 00:00:00+00:00,1197.25500,1220.39000,1196.73500,1220.28000,33991
2009-12-03 00:00:00+00:00,1220.31000,1226.52500,1204.48000,1206.36000,36655
2009-12-04 00:00:00+00:00,1206.39000,1212.76500,1147.65000,1161.15000,41112
2009-12-06 00:00:00+00:00,1161.25000,1162.65000,1152.31000,1158.11000,3042
2009-12-07 00:00:00+00:00,1158.07000,1165.25500,1135.43500,1159.29000,45271
2009-12-08 00:00:00+00:00,1159.32000,1168.98500,1124.76500,1131.24000,44911
2009-12-09 00:00:00+00:00,1131.20000,1147.20000,1116.50000,1133.79000,42996
2009-12-10 00:00:00+00:00,1133.76000,1137.10000,1121.27500,1133.17000,39061
2009-12-11 00:00:00+00:00,1133.20000,1142.37000,1109.45000,1115.04000,36610
2009-12-13 00:00:00+00:00,1115.04000,1117.56000,1110.78000,1113.33000,1930
2009-12-14 00:00:00+00:00,1113.36000,1127.98000,1112.97000,1127.71000,32882
2009-12-15 00:00:00+00:00,1127.68000,1129.09500,1111.54000,1124.57000,27164
2009-12-16 00:00:00+00:00,1124.61000,1141.48000,1121.58500,1140.04000,30051
2009-12-17 00:00:00+00:00,1140.12000,1141.78500,1094.92500,1103.79000,38033
2009-12-18 00:00:00+00:00,1103.76000,1117.21500,1096.91500,1113.27000,34390
2009-12-20 00:00:00+00:00,1113.27000,1119.66000,1110.20000,1114.38000,1676
2009-12-21 00:00:00+00:00,1114.34000,1118.35500,1090.29500,1096.54000,31606
2009-12-22 00:00:00+00:00,1096.51000,1097.53000,1074.73500,1085.52000,32170
2009-12-23 00:00:00+00:00,1085.48000,1096.05000,1079.57000,1091.91000,25476
2009-12-24 00:00:00+00:00,1091.91000,1106.11000,1090.68000,1105.53000,15712
2009-12-25 00:00:00+00:00,1105.14000,1105.56000,1104.46000,1105.54000,34
2009-12-27 00:00:00+00:00,1105.78000,1110.34000,1105.33000,1108.16000,1049
2009-12-28 00:00:00+00:00,1108.10000,1113.88500,1101.64500,1105.42000,18710
2009-12-29 00:00:00+00:00,1105.37000,1108.45500,1091.14000,1093.50000,22748
2009-12-30 00:00:00+00:00,1093.46000,1096.50500,1086.10500,1093.61000,22672
2009-12-31 00:00:00+00:00,1093.65000,1106.95500,1093.51500,1097.38000,15996
2010-01-03 00:00:00+00:00,1097.88000,1100.60000,1095.98000,1095.98000,921
2010-01-04 00:00:00+00:00,1096.01000,1123.92000,1093.45000,1121.03000,28475
2010-01-05 00:00:00+00:00,1121.06000,1128.86000,1115.31000,1118.88000,25758
2010-01-06 00:00:00+00:00,1118.91000,1140.53500,1117.47500,1136.33000,30245
2010-01-07 00:00:00+00:00,1136.29000,1139.04000,1127.26000,1127.27000,27904
2010-01-08 00:00:00+00:00,1127.24000,1139.62000,1119.80500,1137.96000,31321
2010-01-10 00:00:00+00:00,1137.96000,1157.45000,1137.95000,1154.07000,2453
2010-01-11 00:00:00+00:00,1154.10000,1162.08000,1148.55000,1149.93000,28205
2010-01-12 00:00:00+00:00,1149.90000,1158.23000,1125.00000,1130.28000,30364
2010-01-13 00:00:00+00:00,1130.31000,1139.79000,1118.69500,1138.52000,31607
2010-01-14 00:00:00+00:00,1138.49000,1146.43500,1130.97500,1143.48000,31989
2010-01-15 00:00:00+00:00,1143.43000,1145.88000,1126.78000,1131.02000,29064
2010-01-17 00:00:00+00:00,1131.02000,1133.62000,1127.70000,1132.79000,1084
2010-01-18 00:00:00+00:00,1132.86000,1137.43000,1129.53500,1135.90000,13073
2010-01-19 00:00:00+00:00,1135.96000,1140.79500,1128.99500,1138.51000,26489
2010-01-20 00:00:00+00:00,1138.55000,1141.69500,1107.14500,1115.39000,33078
2010-01-21 00:00:00+00:00,1115.42000,1117.78500,1088.69000,1094.89000,35875
2010-01-22 00:00:00+00:00,1094.85000,1098.86500,1082.37500,1093.34000,38254
2010-01-24 00:00:00+00:00,1092.92000,1098.23500,1092.67000,1095.23500,1329
2010-01-25 00:00:00+00:00,1095.26500,1104.25500,1092.96500,1101.09000,30007
2010-01-26 00:00:00+00:00,1101.03000,1103.62500,1085.71500,1099.66000,29071
2010-01-27 00:00:00+00:00,1099.61000,1102.74000,1083.59500,1089.64000,34460
2010-01-28 00:00:00+00:00,1089.62000,1096.30000,1074.21000,1086.18500,33469
2010-01-29 00:00:00+00:00,1086.21500,1090.50000,1074.78000,1080.92000,34128
2010-01-31 00:00:00+00:00,1081.07000,1084.00000,1080.22000,1083.77000,821
2010-02-01 00:00:00+00:00,1083.95000,1107.85000,1076.73000,1104.25500,29640
2010-02-02 00:00:00+00:00,1104.21500,1118.38500,1099.07500,1115.22000,30146
2010-02-03 00:00:00+00:00,1115.25000,1125.23500,1107.28500,1108.91000,30800
2010-02-04 00:00:00+00:00,1108.86000,1111.35500,1059.70000,1064.80000,38250
2010-02-05 00:00:00+00:00,1064.77000,1068.99000,1044.47500,1066.30000,45681
2010-02-07 00:00:00+00:00,1066.31000,1071.37000,1065.35000,1066.20000,1454
2010-02-08 00:00:00+00:00,1066.16000,1073.91500,1061.83000,1063.30000,36337
2010-02-09 00:00:00+00:00,1063.33000,1083.34000,1062.78000,1078.29000,35379
2010-02-10 00:00:00+00:00,1078.26000,1082.43000,1063.38000,1074.60000,35285
2010-02-11 00:00:00+00:00,1074.66000,1098.02500,1072.57500,1092.86000,37724
2010-02-12 00:00:00+00:00,1092.89000,1093.65000,1077.89000,1093.39000,35249
2010-02-13 00:00:00+00:00,1093.57000,1094.07000,1093.57000,1094.07000,2
2010-02-14 00:00:00+00:00,1093.47000,1096.74000,1092.98000,1095.68000,586
2010-02-15 00:00:00+00:00,1095.65000,1102.45500,1091.86500,1099.52000,14413
2010-02-16 00:00:00+00:00,1099.57000,1121.27000,1098.39000,1118.43000,29132
2010-02-17 00:00:00+00:00,1118.47000,1127.36000,1105.18000,1105.89000,36564
2010-02-18 00:00:00+00:00,1105.86000,1124.24000,1097.93500,1101.11000,44594
2010-02-19 00:00:00+00:00,1101.04000,1127.00000,1099.36000,1119.41000,39842
2010-02-21 00:00:00+00:00,1118.61000,1126.55000,1118.61000,1126.17000,1372
2010-02-22 00:00:00+00:00,1126.24000,1131.26000,1110.23000,1114.34000,32672
2010-02-23 00:00:00+00:00,1114.39000,1121.26000,1099.50500,1106.10000,38925
2010-02-24 00:00:00+00:00,1106.03000,1108.45500,1090.17000,1100.56000,35009
2010-02-25 00:00:00+00:00,1100.51000,1109.48500,1088.43500,1104.96000,44633
2010-02-26 00:00:00+00:00,1104.89000,1119.12000,1104.42000,1117.73000,37579
2010-02-28 00:00:00+00:00,1117.83000,1120.34000,1116.70000,1117.37000,993
2010-03-01 00:00:00+00:00,1117.69000,1123.62500,1112.02500,1117.98000,36179
2010-03-02 00:00:00+00:00,1117.93000,1137.78000,1114.94500,1134.21000,37546
2010-03-03 00:00:00+00:00,1134.26000,1145.18500,1132.33500,1140.54000,36907
2010-03-04 00:00:00+00:00,1140.51000,1141.72000,1125.88000,1132.63000,35111
2010-03-05 00:00:00+00:00,1132.61000,1140.75500,1127.48000,1134.85000,28673
2010-03-07 00:00:00+00:00,1134.85000,1137.50000,1134.85000,1135.00000,554
2010-03-08 00:00:00+00:00,1134.95000,1137.79500,1118.69000,1123.12000,26724
2010-03-09 00:00:00+00:00,1123.17000,1124.64500,1108.66500,1122.92000,29358
2010-03-10 00:00:00+00:00,1122.97000,1128.10500,1103.43000,1108.71000,33728
2010-03-11 00:00:00+00:00,1108.74000,1111.77500,1100.66500,1110.69000,28073
2010-03-12 00:00:00+00:00,1110.64000,1119.38500,1098.53500,1101.95000,28577
2010-03-14 00:00:00+00:00,1101.75000,1105.00000,1101.48000,1104.95000,960
2010-03-15 00:00:00+00:00,1104.90000,1110.51500,1101.34000,1109.03500,21288
2010-03-16 00:00:00+00:00,1108.98500,1128.88000,1108.33500,1126.86000,27239
2010-03-17 00:00:00+00:00,1126.91000,1133.41500,1118.49000,1122.49000,29623
2010-03-18 00:00:00+00:00,1122.46000,1129.49500,1118.26500,1125.99500,26017
2010-03-19 00:00:00+00:00,1126.09500,1127.04500,1101.50500,1106.88000,25571
2010-03-21 00:00:00+00:00,1106.90000,1108.45000,1103.80000,1104.41000,821
2010-03-22 00:00:00+00:00,1104.43000,1108.86500,1092.55500,1105.68500,25423
2010-03-23 00:00:00+00:00,1105.73500,1108.22500,1094.53500,1103.71500,27061
2010-03-24 00:00:00+00:00,1103.68500,1105.26500,1085.31500,1086.95500,32375
2010-03-25 00:00:00+00:00,1086.85500,1095.88500,1086.65500,1090.08500,29881
2010-03-26 00:00:00+00:00,1090.11500,1109.91000,1089.43500,1107.45000,24613
2010-03-28 00:00:00+00:00,1108.45000,1114.00000,1107.25000,1107.25000,1044
2010-03-29 00:00:00+00:00,1107.30000,1114.83000,1103.47500,1109.60500,19751
2010-03-30 00:00:00+00:00,1109.70500,1113.50500,1101.74500,1103.04500,19298
2010-03-31 00:00:00+00:00,1103.09500,1118.24000,1103.09500,1112.71500,20422
2010-04-01 00:00:00+00:00,1112.74500,1128.16500,1111.69500,1126.63000,21109
2010-04-02 00:00:00+00:00,1126.53000,1126.88000,1116.78000,1122.50000,2574
2010-04-04 00:00:00+00:00,1122.90000,1126.50000,1120.15000,1123.20000,1318
2010-04-05 00:00:00+00:00,1123.28000,1133.54000,1123.03000,1130.36500,18360
2010-04-06 00:00:00+00:00,1130.39500,1138.81000,1122.90500,1134.40500,24373
2010-04-07 00:00:00+00:00,1134.43500,1153.38000,1132.63000,1148.08500,25593
2010-04-08 00:00:00+00:00,1148.05500,1153.92000,1143.75500,1149.66500,22682
2010-04-09 00:00:00+00:00,1149.76500,1164.94000,1149.76500,1161.94000,16302
2010-04-11 00:00:00+00:00,1161.94000,1169.90000,1161.94000,1165.95000,2190
2010-04-12 00:00:00+00:00,1165.88000,1167.43500,1154.30000,1155.59500,21635
2010-04-13 00:00:00+00:00,1155.64500,1157.37000,1145.16000,1151.73500,21086
2010-04-14 00:00:00+00:00,1151.65500,1162.17000,1150.43500,1157.17500,23015
2010-04-15 00:00:00+00:00,1157.14500,1161.62000,1150.23000,1159.69500,18801
2010-04-16 00:00:00+00:00,1159.64500,1159.79500,1129.99500,1137.43000,28021
2010-04-18 00:00:00+00:00,1136.43000,1144.85000,1106.43000,1137.55500,1076
2010-04-19 00:00:00+00:00,1137.48500,1138.07500,1123.99000,1135.34500,21094
2010-04-20 00:00:00+00:00,1135.39500,1146.23000,1135.39500,1141.33500,22213
2010-04-21 00:00:00+00:00,1141.38500,1150.66500,1137.86000,1146.24500,22363
2010-04-22 00:00:00+00:00,1146.21500,1149.47000,1131.79000,1139.97500,32566
2010-04-23 00:00:00+00:00,1140.00500,1158.00000,1135.06000,1157.80000,30320
2010-04-24 00:00:00+00:00,1158.30000,1158.30000,1158.30000,1158.30000,1
2010-04-25 00:00:00+00:00,1157.80000,1158.38000,1154.32000,1154.32000,1375
2010-04-26 00:00:00+00:00,1154.28000,1160.05500,1150.90000,1155.88500,21142
2010-04-27 00:00:00+00:00,1155.93500,1172.75000,1146.41000,1166.16500,29331
2010-04-28 00:00:00+00:00,1166.11500,1174.68000,1160.71500,1166.24500,29358
2010-04-29 00:00:00+00:00,1166.29500,1171.39000,1162.17000,1169.03500,22003
2010-04-30 00:00:00+00:00,1169.06500,1181.78500,1167.99500,1179.10000,24091
2010-05-02 00:00:00+00:00,1179.10000,1180.58000,1176.76000,1177.85000,1131
2010-05-03 00:00:00+00:00,1177.88000,1187.87500,1176.76500,1183.18500,19620
2010-05-04 00:00:00+00:00,1183.21500,1192.42500,1167.01500,1170.98500,34101
2010-05-05 00:00:00+00:00,1171.01500,1177.89000,1156.59500,1175.66500,38055
2010-05-06 00:00:00+00:00,1175.63500,1211.73000,1172.64500,1204.44500,55482
2010-05-07 00:00:00+00:00,1204.32500,1214.03000,1192.80000,1208.33000,52812
2010-05-09 00:00:00+00:00,1207.93000,1207.93000,1196.55000,1200.34000,2412
2010-05-10 00:00:00+00:00,1200.31000,1205.90000,1184.08000,1202.39500,36689
2010-05-11 00:00:00+00:00,1202.44500,1234.65000,1201.16500,1230.06000,44231
2010-05-12 00:00:00+00:00,1229.99000,1248.76000,1227.06000,1238.23500,52428
2010-05-13 00:00:00+00:00,1238.28500,1243.19000,1227.34000,1235.74500,37246
2010-05-14 00:00:00+00:00,1235.71500,1249.49500,1217.54500,1232.60000,50496
2010-05-16 00:00:00+00:00,1231.25000,1235.80000,1230.85000,1235.45000,1448
2010-05-17 00:00:00+00:00,1235.37000,1242.49500,1219.28000,1226.08000,49408
2010-05-18 00:00:00+00:00,1226.13000,1229.23500,1206.92000,1227.42500,41028
2010-05-19 00:00:00+00:00,1227.37500,1227.40500,1186.67000,1197.38000,48783
2010-05-20 00:00:00+00:00,1197.41000,1198.18000,1175.24500,1181.99000,59460
2010-05-21 00:00:00+00:00,1181.92000,1187.88500,1166.15000,1177.08000,57840
2010-05-23 00:00:00+00:00,1178.07000,1182.20000,1177.40000,1181.35000,1951
2010-05-24 00:00:00+00:00,1181.45000,1196.96000,1181.41000,1193.49000,34953
2010-05-25 00:00:00+00:00,1193.54000,1204.38000,1185.36000,1203.28000,39821
2010-05-26 00:00:00+00:00,1203.33000,1216.71000,1201.08000,1210.92000,32318
2010-05-27 00:00:00+00:00,1210.97000,1218.51000,1205.88000,1212.09000,27865
2010-05-28 00:00:00+00:00,1212.12000,1215.54000,1202.23000,1214.60000,26362
2010-05-30 00:00:00+00:00,1213.33000,1214.77000,1210.33500,1210.55500,1507
2010-05-31 00:00:00+00:00,1210.45500,1218.10000,1209.84000,1216.56000,10791
2010-06-01 00:00:00+00:00,1216.51000,1228.98000,1216.21000,1225.29500,27662
2010-06-02 00:00:00+00:00,1225.34500,1227.16500,1213.40500,1224.24500,24757
2010-06-03 00:00:00+00:00,1224.21500,1224.81500,1200.91500,1206.66500,31888
2010-06-04 00:00:00+00:00,1206.69500,1220.13000,1196.59500,1219.88000,42246
2010-06-06 00:00:00+00:00,1219.93000,1220.69000,1216.63000,1217.24000,1534
2010-06-07 00:00:00+00:00,1217.22000,1244.71000,1210.72000,1239.34500,37490
2010-06-08 00:00:00+00:00,1239.39500,1252.18500,1233.50500,1237.31000,44497
2010-06-09 00:00:00+00:00,1237.24000,1241.01000,1221.79500,1231.35000,31480
2010-06-10 00:00:00+00:00,1231.38000,1234.25000,1214.95000,1219.15000,32502
2010-06-11 00:00:00+00:00,1219.20000,1230.79000,1216.72000,1226.69000,28325
2010-06-13 00:00:00+00:00,1226.81000,1232.01000,1226.61000,1231.77000,1468
2010-06-14 00:00:00+00:00,1231.73000,1234.21000,1216.23000,1221.24500,28388
2010-06-15 00:00:00+00:00,1221.31500,1236.86000,1219.89500,1233.40500,30736
2010-06-16 00:00:00+00:00,1233.45500,1238.08000,1226.99000,1232.16500,27627
2010-06-17 00:00:00+00:00,1232.26500,1251.24500,1231.03500,1245.07500,31021
2010-06-18 00:00:00+00:00,1245.24500,1262.38500,1241.82500,1256.98000,25701
2010-06-20 00:00:00+00:00,1257.21000,1261.18000,1257.21000,1259.68000,996
2010-06-21 00:00:00+00:00,1259.72000,1265.26500,1230.76000,1237.35000,34628
2010-06-22 00:00:00+00:00,1237.38000,1242.86000,1232.11000,1241.16500,31445
2010-06-23 00:00:00+00:00,1241.13500,1246.48500,1224.83500,1238.08500,27274
2010-06-24 00:00:00+00:00,1238.03500,1248.53000,1227.83000,1244.72000,33837
2010-06-25 00:00:00+00:00,1244.57000,1258.41000,1241.57000,1255.67000,25293
2010-06-27 00:00:00+00:00,1255.26000,1255.93000,1253.93000,1255.56000,699
2010-06-28 00:00:00+00:00,1255.63000,1262.81000,1235.80000,1240.20500,37387
2010-06-29 00:00:00+00:00,1240.15500,1245.22000,1227.28000,1240.60500,36665
2010-06-30 00:00:00+00:00,1240.63500,1247.76000,1234.69000,1241.58500,23263
2010-07-01 00:00:00+00:00,1241.63500,1243.99000,1196.61000,1201.37500,42825
2010-07-02 00:00:00+00:00,1201.34500,1213.50000,1200.92000,1211.40000,36165
2010-07-04 00:00:00+00:00,1212.10000,1213.22000,1210.75000,1212.68000,653
2010-07-05 00:00:00+00:00,1212.65000,1214.52000,1205.41500,1209.41500,12169
2010-07-06 00:00:00+00:00,1209.46500,1213.75000,1189.35000,1193.61500,32080
2010-07-07 00:00:00+00:00,1193.66500,1205.66500,1185.05000,1205.15500,26743
2010-07-08 00:00:00+00:00,1205.08500,1208.01500,1187.46000,1195.83500,24204
2010-07-09 00:00:00+00:00,1195.86500,1213.84000,1194.56500,1211.92000,19837
2010-07-11 00:00:00+00:00,1211.65000,1213.25000,1209.08000,1212.35000,975
2010-07-12 00:00:00+00:00,1212.30000,1212.50000,1196.39000,1197.61500,20019
2010-07-13 00:00:00+00:00,1197.57500,1218.04000,1197.29500,1211.46500,19310
2010-07-14 00:00:00+00:00,1211.38500,1218.22000,1202.64000,1210.08500,23568
2010-07-15 00:00:00+00:00,1210.05500,1217.40500,1203.85500,1209.86500,35541
2010-07-16 00:00:00+00:00,1209.91500,1210.93500,1186.13500,1193.19500,36228
2010-07-18 00:00:00+00:00,1194.05000,1196.07000,1192.05000,1193.20000,620
2010-07-19 00:00:00+00:00,1193.25000,1195.06000,1177.58000,1181.84500,30887
2010-07-20 00:00:00+00:00,1181.79500,1193.81000,1175.62000,1192.24500,29741
2010-07-21 00:00:00+00:00,1192.29500,1198.14000,1183.49000,1185.69500,31614
2010-07-22 00:00:00+00:00,1185.66500,1201.31000,1181.19000,1196.03500,27916
2010-07-23 00:00:00+00:00,1195.98500,1204.16000,1184.18000,1189.00000,29103
2010-07-25 00:00:00+00:00,1188.85000,1191.27000,1187.98000,1191.07000,820
2010-07-26 00:00:00+00:00,1191.10000,1194.77000,1179.88000,1184.94000,21994
2010-07-27 00:00:00+00:00,1184.90000,1187.33000,1158.22000,1163.12500,25317
2010-07-28 00:00:00+00:00,1163.17500,1166.17000,1156.83000,1163.88500,19283
2010-07-29 00:00:00+00:00,1163.83500,1169.53000,1159.43000,1167.52500,24572
2010-07-30 00:00:00+00:00,1167.47500,1183.71000,1165.82500,1180.95000,28410
2010-08-01 00:00:00+00:00,1181.75000,1182.95000,1180.70000,1181.55000,380
2010-08-02 00:00:00+00:00,1181.50000,1190.54000,1174.61000,1182.83500,26132
2010-08-03 00:00:00+00:00,1182.76500,1190.82000,1179.56000,1189.92500,23534
2010-08-04 00:00:00+00:00,1189.95500,1203.12000,1189.20500,1195.94500,26048
2010-08-05 00:00:00+00:00,1195.91500,1200.23000,1190.04000,1193.61500,22053
2010-08-06 00:00:00+00:00,1193.56500,1211.07000,1192.51500,1205.33000,24068
2010-08-08 00:00:00+00:00,1205.58000,1206.18000,1204.38000,1205.58000,468
2010-08-09 00:00:00+00:00,1205.63000,1209.94000,1199.09000,1200.21500,19066
2010-08-10 00:00:00+00:00,1200.24500,1207.81500,1190.72000,1203.21500,28225
2010-08-11 00:00:00+00:00,1203.26500,1208.11000,1192.58000,1200.95500,31300
2010-08-12 00:00:00+00:00,1201.02500,1216.06000,1197.89500,1212.39500,21275
2010-08-13 00:00:00+00:00,1212.42500,1217.73000,1210.66000,1215.41000,22311
2010-08-15 00:00:00+00:00,1215.05000,1215.50000,1214.35000,1215.38000,392
2010-08-16 00:00:00+00:00,1215.43000,1227.55000,1215.33000,1224.65500,18194
2010-08-17 00:00:00+00:00,1224.70500,1229.13000,1222.64500,1224.60500,18520
2010-08-18 00:00:00+00:00,1224.63500,1232.42500,1217.39500,1228.93500,22930
2010-08-19 00:00:00+00:00,1228.90500,1237.57000,1227.86500,1232.30500,21577
2010-08-20 00:00:00+00:00,1232.28500,1232.73500,1222.09000,1227.85000,20748
2010-08-22 00:00:00+00:00,1227.60000,1229.20000,1226.43000,1226.57000,933
2010-08-23 00:00:00+00:00,1226.53000,1232.06500,1221.94000,1223.26500,19860
2010-08-24 00:00:00+00:00,1223.23500,1235.47000,1210.19000,1230.97500,26664
2010-08-25 00:00:00+00:00,1230.94500,1241.53000,1229.35500,1239.35500,27433
2010-08-26 00:00:00+00:00,1239.29500,1244.42500,1233.83000,1237.25500,21180
2010-08-27 00:00:00+00:00,1237.28500,1242.42000,1231.99000,1237.95000,22053
2010-08-29 00:00:00+00:00,1237.65000,1238.80000,1235.40000,1237.08000,1056
2010-08-30 00:00:00+00:00,1237.03000,1238.41500,1233.39500,1237.04500,15528
2010-08-31 00:00:00+00:00,1236.99500,1249.97000,1231.94000,1247.76500,25545
2010-09-01 00:00:00+00:00,1248.09500,1254.78000,1242.63000,1245.58500,26865
2010-09-02 00:00:00+00:00,1245.66500,1253.39000,1244.49500,1251.17500,22783
2010-09-03 00:00:00+00:00,1251.14500,1253.94000,1237.94000,1246.82000,24779
2010-09-05 00:00:00+00:00,1247.12000,1249.74000,1247.12000,1248.15000,791
2010-09-06 00:00:00+00:00,1248.12000,1251.28000,1246.94500,1249.60500,6679
2010-09-07 00:00:00+00:00,1249.55500,1259.90000,1244.90000,1256.41500,20542
2010-09-08 00:00:00+00:00,1256.38500,1262.81000,1253.43000,1255.58500,26257
2010-09-09 00:00:00+00:00,1255.51500,1258.95000,1242.32000,1246.17500,27092
2010-09-10 00:00:00+00:00,1246.13500,1251.33000,1236.76000,1246.28000,21542
2010-09-12 00:00:00+00:00,1246.28000,1246.93000,1243.47000,1243.78000,1008
2010-09-13 00:00:00+00:00,1243.82000,1250.30500,1241.14000,1249.14500,21881
2010-09-14 00:00:00+00:00,1249.11500,1274.90000,1248.25500,1268.62500,30810
2010-09-15 00:00:00+00:00,1268.59500,1272.06000,1263.23000,1267.78500,27764
2010-09-16 00:00:00+00:00,1267.74500,1277.89000,1264.88000,1274.15500,27608
2010-09-17 00:00:00+00:00,1274.18500,1282.93000,1272.02000,1274.15000,25387
2010-09-19 00:00:00+00:00,1274.75000,1279.30000,1274.35500,1276.84500,1122
2010-09-20 00:00:00+00:00,1276.87500,1283.82000,1274.66500,1279.07500,22616
2010-09-21 00:00:00+00:00,1279.04500,1290.77000,1270.91000,1287.23500,34641
2010-09-22 00:00:00+00:00,1287.27500,1296.28000,1286.41000,1291.27500,33695
2010-09-23 00:00:00+00:00,1291.29500,1296.04000,1286.97000,1293.87500,27581
2010-09-24 00:00:00+00:00,1293.90500,1300.03500,1291.31000,1296.74000,31380
2010-09-26 00:00:00+00:00,1296.86000,1298.21000,1295.41000,1296.95000,1308
2010-09-27 00:00:00+00:00,1297.03000,1300.08500,1291.85500,1292.24500,17538
2010-09-28 00:00:00+00:00,1292.27500,1310.21000,1280.62000,1309.08500,35652
2010-09-29 00:00:00+00:00,1309.16500,1313.53500,1305.61500,1308.45500,30983
2010-09-30 00:00:00+00:00,1308.48500,1316.02500,1295.86500,1307.08500,37939
2010-10-01 00:00:00+00:00,1307.33500,1320.69500,1307.06500,1318.91000,29152
2010-10-03 00:00:00+00:00,1318.68000,1320.13000,1317.11000,1317.58000,1134
2010-10-04 00:00:00+00:00,1317.65000,1319.93000,1312.44000,1314.82500,25581
2010-10-05 00:00:00+00:00,1314.86500,1341.84000,1313.14500,1339.38000,37622
2010-10-06 00:00:00+00:00,1339.35000,1349.88000,1339.05000,1344.99500,38209
2010-10-07 00:00:00+00:00,1345.03500,1364.98500,1325.78000,1335.10500,65313
2010-10-08 00:00:00+00:00,1335.07500,1349.95000,1324.90500,1346.38000,55927
2010-10-10 00:00:00+00:00,1345.19000,1355.47000,1345.19000,1355.20000,2282
2010-10-11 00:00:00+00:00,1355.23000,1355.55000,1340.38500,1353.23500,37943
2010-10-12 00:00:00+00:00,1353.20500,1353.66500,1340.76500,1351.78500,46058
2010-10-13 00:00:00+00:00,1351.81500,1374.67500,1350.83500,1373.23500,44493
2010-10-14 00:00:00+00:00,1373.26500,1387.28500,1370.44500,1378.74500,51822
2010-10-15 00:00:00+00:00,1378.71500,1385.61500,1362.33500,1368.48000,61485
2010-10-17 00:00:00+00:00,1369.33000,1370.83000,1365.53000,1366.51000,1926
2010-10-18 00:00:00+00:00,1366.48000,1375.09500,1352.81500,1368.26500,44156
2010-10-19 00:00:00+00:00,1368.31500,1371.16500,1328.47000,1333.33500,66827
2010-10-20 00:00:00+00:00,1333.36500,1349.20500,1332.64500,1349.19500,52188
2010-10-21 00:00:00+00:00,1349.22500,1349.39500,1318.02500,1326.39500,61976
2010-10-22 00:00:00+00:00,1326.34500,1328.60500,1315.33500,1328.48000,47013
2010-10-24 00:00:00+00:00,1327.43000,1336.28000,1327.43000,1334.01000,2808
2010-10-25 00:00:00+00:00,1333.98000,1349.31500,1333.13000,1340.90500,43244
2010-10-26 00:00:00+00:00,1340.86500,1343.66500,1328.15000,1341.74500,45240
2010-10-27 00:00:00+00:00,1341.83500,1343.64500,1319.07000,1328.02500,55057
2010-10-28 00:00:00+00:00,1327.99500,1346.06000,1323.09500,1343.53500,46481
2010-10-29 00:00:00+00:00,1343.50500,1359.55000,1335.37500,1359.39000,49011
2010-10-31 00:00:00+00:00,1358.23000,1366.10000,1358.23000,1363.29000,2290
2010-11-01 00:00:00+00:00,1363.08000,1365.66500,1349.29500,1354.02500,38536
2010-11-02 00:00:00+00:00,1353.99500,1360.00500,1350.51500,1356.51500,36690
2010-11-03 00:00:00+00:00,1356.48500,1364.79500,1325.56000,1348.58500,65344
2010-11-04 00:00:00+00:00,1348.51500,1394.45000,1347.90500,1387.13500,57599
2010-11-05 00:00:00+00:00,1387.10500,1398.33500,1373.57000,1393.65000,66581
2010-11-07 00:00:00+00:00,1394.55000,1397.78000,1393.49000,1395.67000,1499
2010-11-08 00:00:00+00:00,1395.71000,1410.53500,1386.89500,1406.01000,49390
2010-11-09 00:00:00+00:00,1405.94000,1424.52000,1382.73000,1396.44000,73938
2010-11-10 00:00:00+00:00,1396.40000,1410.22000,1383.88000,1401.37500,85824
2010-11-11 00:00:00+00:00,1401.34500,1417.85500,1397.28500,1407.14000,69711
2010-11-12 00:00:00+00:00,1407.19000,1407.46500,1359.71500,1368.72000,94644
2010-11-14 00:00:00+00:00,1369.67000,1371.47000,1368.90000,1370.60000,1808
2010-11-15 00:00:00+00:00,1370.57000,1376.97500,1355.83500,1357.96000,77004
2010-11-16 00:00:00+00:00,1357.99000,1364.78500,1329.75500,1339.76000,86375
2010-11-17 00:00:00+00:00,1339.79000,1345.09500,1331.04500,1341.70000,64843
2010-11-18 00:00:00+00:00,1341.73000,1363.40000,1340.91500,1363.00000,57806
2010-11-19 00:00:00+00:00,1362.97000,1362.97000,1341.71000,1353.65000,59907
2010-11-21 00:00:00+00:00,1353.15000,1360.35000,1353.00000,1359.37000,988
2010-11-22 00:00:00+00:00,1359.42000,1367.94000,1348.56000,1363.87000,54977
2010-11-23 00:00:00+00:00,1363.90000,1382.68500,1356.29000,1371.87000,67423
2010-11-24 00:00:00+00:00,1371.90000,1381.57000,1369.43000,1374.26000,45087
2010-11-25 00:00:00+00:00,1374.30000,1375.90000,1367.98500,1372.90000,15767
2010-11-26 00:00:00+00:00,1372.87000,1374.54500,1351.05000,1363.33000,36601
2010-11-28 00:00:00+00:00,1363.26000,1364.29000,1356.98000,1357.41000,1417
2010-11-29 00:00:00+00:00,1357.37000,1369.34500,1353.29000,1366.09000,54000
2010-11-30 00:00:00+00:00,1366.12000,1390.07000,1362.93500,1383.59000,54261
2010-12-01 00:00:00+00:00,1383.66000,1397.10000,1381.64000,1388.05000,57685
2010-12-02 00:00:00+00:00,1388.09000,1398.48500,1382.95000,1386.64000,59849
2010-12-03 00:00:00+00:00,1386.67000,1415.85000,1385.79500,1414.05000,56319
2010-12-05 00:00:00+00:00,1414.43000,1415.76000,1410.29000,1410.44000,1438
2010-12-06 00:00:00+00:00,1410.47000,1427.58500,1409.08000,1421.47000,50841
2010-12-07 00:00:00+00:00,1421.44000,1431.37500,1396.58000,1400.80000,69301
2010-12-08 00:00:00+00:00,1400.84000,1403.55500,1371.08000,1384.06500,68510
2010-12-09 00:00:00+00:00,1384.01500,1394.67500,1380.86500,1386.80000,51890
2010-12-10 00:00:00+00:00,1386.76000,1392.16500,1372.22500,1386.08000,51968
2010-12-12 00:00:00+00:00,1385.43000,1385.93000,1380.53000,1380.74000,2398
2010-12-13 00:00:00+00:00,1380.71000,1399.39500,1380.33000,1396.51000,47928
2010-12-14 00:00:00+00:00,1396.48000,1408.26500,1391.99500,1396.55000,59480
2010-12-15 00:00:00+00:00,1396.58000,1397.13500,1378.32000,1380.33000,51461
2010-12-16 00:00:00+00:00,1380.36000,1386.56000,1361.21000,1370.52000,54885
2010-12-17 00:00:00+00:00,1370.49000,1378.94000,1364.78000,1375.23000,47914
2010-12-19 00:00:00+00:00,1374.86000,1382.42000,1374.78000,1381.29000,1871
2010-12-20 00:00:00+00:00,1381.24000,1388.31500,1376.09500,1385.60000,36610
2010-12-21 00:00:00+00:00,1385.63000,1392.30500,1380.96500,1386.55000,33088
2010-12-22 00:00:00+00:00,1386.59000,1391.08000,1383.03000,1386.58000,26624
2010-12-23 00:00:00+00:00,1386.61000,1388.49500,1372.28500,1379.03000,26520
2010-12-24 00:00:00+00:00,1379.08000,1385.71000,1378.78000,1383.65000,1041
2010-12-26 00:00:00+00:00,1383.65000,1383.65000,1372.50000,1373.30000,1396
2010-12-27 00:00:00+00:00,1373.25000,1386.42000,1372.80000,1385.04000,17998
2010-12-28 00:00:00+00:00,1385.09000,1406.95500,1384.53000,1405.18000,30453
2010-12-29 00:00:00+00:00,1405.22000,1414.28000,1401.28000,1411.19000,27689
2010-12-30 00:00:00+00:00,1411.22000,1414.89500,1403.14500,1405.80000,23721
2010-12-31 00:00:00+00:00,1405.77000,1421.50000,1405.77000,1421.46000,15447
2011-01-02 00:00:00+00:00,1421.08000,1421.08000,1416.86000,1417.16000,784
2011-01-03 00:00:00+00:00,1417.12000,1424.05500,1412.67500,1414.93000,33873
2011-01-04 00:00:00+00:00,1414.96000,1417.45500,1375.01000,1384.30000,50972
2011-01-05 00:00:00+00:00,1384.35000,1384.99000,1363.95500,1375.85000,52452
2011-01-06 00:00:00+00:00,1375.82000,1379.90500,1364.60000,1370.95000,49255
2011-01-07 00:00:00+00:00,1370.91000,1379.07000,1352.92500,1369.50000,57261
2011-01-09 00:00:00+00:00,1369.90000,1373.46000,1367.84000,1370.68000,1469
2011-01-10 00:00:00+00:00,1370.71000,1376.42000,1365.48500,1375.08000,40719
2011-01-11 00:00:00+00:00,1375.13000,1386.73500,1372.77500,1381.87000,40605
2011-01-12 00:00:00+00:00,1381.90000,1388.96500,1376.72500,1386.57000,40247
2011-01-13 00:00:00+00:00,1386.60000,1393.25000,1369.67000,1376.22000,43573
2011-01-14 00:00:00+00:00,1376.19000,1378.21500,1355.20500,1361.98000,52254
2011-01-16 00:00:00+00:00,1361.75000,1365.05000,1361.32000,1364.26000,808
2011-01-17 00:00:00+00:00,1364.23000,1365.88000,1357.36000,1360.92000,20468
2011-01-18 00:00:00+00:00,1360.95000,1376.41500,1360.95000,1368.62000,40977
2011-01-19 00:00:00+00:00,1368.59000,1379.40500,1367.16500,1369.44000,40798
2011-01-20 00:00:00+00:00,1369.47000,1371.34500,1343.49000,1348.02000,46537
2011-01-21 00:00:00+00:00,1348.05000,1350.41500,1337.92500,1342.73000,43376
2011-01-22 00:00:00+00:00,1342.73000,1342.73000,1342.73000,1342.73000,12
2011-01-23 00:00:00+00:00,1342.73000,1348.11000,1342.68000,1345.38000,1868
2011-01-24 00:00:00+00:00,1345.41000,1353.17500,1332.73000,1338.08000,34021
2011-01-25 00:00:00+00:00,1338.05000,1338.62500,1322.80500,1331.53000,48318
2011-01-26 00:00:00+00:00,1331.56000,1346.93000,1325.19500,1343.79000,38905
2011-01-27 00:00:00+00:00,1343.76000,1348.16500,1310.45500,1315.15000,41740
2011-01-28 00:00:00+00:00,1315.22000,1347.35500,1308.41000,1336.95000,48391
2011-01-29 00:00:00+00:00,1336.95000,1336.95000,1336.95000,1336.95000,12
2011-01-30 00:00:00+00:00,1336.95000,1346.11000,1336.95000,1344.70500,3152
2011-01-31 00:00:00+00:00,1344.73500,1346.27500,1323.34000,1332.76500,43502
2011-02-01 00:00:00+00:00,1332.71500,1344.28000,1325.52500,1342.43000,43208
2011-02-02 00:00:00+00:00,1342.47000,1343.13000,1326.86000,1335.02000,35381
2011-02-03 00:00:00+00:00,1334.98000,1356.05500,1325.00000,1352.31000,41912
2011-02-04 00:00:00+00:00,1352.34000,1358.95500,1345.15500,1348.77000,38095
2011-02-05 00:00:00+00:00,1348.77000,1348.77000,1348.77000,1348.77000,2
2011-02-06 00:00:00+00:00,1348.77000,1349.11000,1343.77000,1345.04000,1663
2011-02-07 00:00:00+00:00,1345.07000,1353.47000,1345.07000,1350.99000,26239
2011-02-08 00:00:00+00:00,1350.95000,1368.16500,1348.57500,1362.60000,31466
2011-02-09 00:00:00+00:00,1362.63000,1367.14000,1358.05000,1364.12000,28429
2011-02-10 00:00:00+00:00,1364.16000,1366.33000,1351.21000,1363.78000,30070
2011-02-11 00:00:00+00:00,1363.82000,1368.76500,1354.08000,1356.95000,33700
2011-02-12 00:00:00+00:00,1356.95000,1356.95000,1356.95000,1356.95000,11
2011-02-13 00:00:00+00:00,1356.95000,1358.08000,1355.44000,1356.05000,2579
2011-02-14 00:00:00+00:00,1356.02000,1366.96500,1354.13000,1361.75000,23060
2011-02-15 00:00:00+00:00,1361.71000,1376.78000,1360.89000,1371.75000,25251
2011-02-16 00:00:00+00:00,1371.72000,1382.17000,1368.37000,1375.72000,30987
2011-02-17 00:00:00+00:00,1375.69000,1385.68000,1374.37500,1383.74000,22923
2011-02-18 00:00:00+00:00,1383.80000,1392.15000,1381.88500,1390.16000,27342
2011-02-19 00:00:00+00:00,1390.16000,1390.16000,1390.16000,1390.16000,12
2011-02-20 00:00:00+00:00,1390.16000,1392.63000,1389.36000,1391.15000,491
2011-02-21 00:00:00+00:00,1391.20000,1409.50000,1390.94000,1408.31000,21282
2011-02-22 00:00:00+00:00,1408.34000,1411.04500,1392.97000,1399.55000,41399
2011-02-23 00:00:00+00:00,1399.58000,1416.88500,1395.73500,1414.53000,33572
2011-02-24 00:00:00+00:00,1414.50000,1418.32500,1392.41000,1403.05000,44333
2011-02-25 00:00:00+00:00,1403.01000,1411.83500,1399.97000,1410.54000,32413
2011-02-27 00:00:00+00:00,1410.54000,1414.63000,1408.20000,1413.98000,802
2011-02-28 00:00:00+00:00,1414.07000,1416.55500,1404.90500,1410.95000,32674
2011-03-01 00:00:00+00:00,1410.87000,1435.13500,1409.48500,1433.75000,33366
2011-03-02 00:00:00+00:00,1433.72000,1440.32000,1427.89000,1433.02000,33839
2011-03-03 00:00:00+00:00,1433.05000,1436.36500,1410.30500,1414.74000,47370
2011-03-04 00:00:00+00:00,1414.72000,1432.29500,1414.39000,1430.99000,33495
2011-03-05 00:00:00+00:00,1430.99000,1430.99000,1430.99000,1430.99000,6
2011-03-06 00:00:00+00:00,1430.99000,1438.04000,1430.99000,1435.36000,2135
2011-03-07 00:00:00+00:00,1435.39000,1444.92000,1428.17000,1431.65000,44720
2011-03-08 00:00:00+00:00,1431.61000,1437.00000,1423.44000,1428.35000,38081
2011-03-09 00:00:00+00:00,1428.32000,1436.48500,1423.25000,1429.59000,32256
2011-03-10 00:00:00+00:00,1429.62000,1431.57500,1403.08000,1412.44000,47860
2011-03-11 00:00:00+00:00,1412.48000,1424.35000,1404.92500,1417.81000,44382
2011-03-12 00:00:00+00:00,1417.81000,1417.81000,1417.81000,1417.81000,12
2011-03-13 00:00:00+00:00,1417.81000,1433.10000,1417.81000,1427.18000,4946
2011-03-14 00:00:00+00:00,1427.23000,1430.69000,1418.43500,1426.29500,37855
2011-03-15 00:00:00+00:00,1426.27500,1426.27500,1381.02500,1394.82000,68709
2011-03-16 00:00:00+00:00,1394.77000,1406.12000,1386.81000,1387.57000,49971
2011-03-17 00:00:00+00:00,1387.53000,1408.41500,1387.36000,1407.63000,42626
2011-03-18 00:00:00+00:00,1407.66000,1423.99500,1406.32000,1418.55000,37670
2011-03-19 00:00:00+00:00,1418.55000,1418.55000,1418.55000,1418.55000,12
2011-03-20 00:00:00+00:00,1418.55000,1427.34000,1418.55000,1425.78000,3090
2011-03-21 00:00:00+00:00,1425.80000,1434.96500,1424.05000,1426.99500,32781
2011-03-22 00:00:00+00:00,1427.01500,1432.23500,1419.56500,1428.34500,33839
2011-03-23 00:00:00+00:00,1428.32500,1441.10500,1425.85500,1438.06000,31405
2011-03-24 00:00:00+00:00,1438.09000,1447.85000,1423.85000,1432.46500,42539
2011-03-25 00:00:00+00:00,1432.49500,1438.05000,1422.23000,1430.01000,38404
2011-03-26 00:00:00+00:00,1430.01000,1430.01000,1430.01000,1430.01000,12
2011-03-27 00:00:00+00:00,1430.01000,1430.01000,1424.39000,1425.94000,3700
2011-03-28 00:00:00+00:00,1425.90000,1428.33500,1410.29500,1420.66500,34362
2011-03-29 00:00:00+00:00,1420.69500,1423.44000,1411.14000,1417.32500,30429
2011-03-30 00:00:00+00:00,1417.29500,1430.28500,1412.03500,1422.27500,34196
2011-03-31 00:00:00+00:00,1422.23500,1439.61000,1420.60000,1432.35500,34505
2011-04-01 00:00:00+00:00,1432.41500,1436.43500,1412.85500,1429.03000,40654
2011-04-02 00:00:00+00:00,1429.03000,1429.03000,1429.03000,1429.03000,12
2011-04-03 00:00:00+00:00,1429.03000,1431.16600,1428.06200,1430.81500,1912
2011-04-04 00:00:00+00:00,1430.79400,1438.86300,1429.67000,1434.13500,28808
2011-04-05 00:00:00+00:00,1434.08500,1457.25300,1430.12500,1454.00700,38977
2011-04-06 00:00:00+00:00,1454.03000,1462.41000,1451.47200,1458.61500,36746
2011-04-07 00:00:00+00:00,1458.59400,1465.28000,1452.80400,1458.91000,42093
2011-04-08 00:00:00+00:00,1458.96000,1475.21500,1456.59800,1474.79500,38002
2011-04-09 00:00:00+00:00,1474.79500,1474.79500,1474.79500,1474.79500,12
2011-04-10 00:00:00+00:00,1474.79500,1476.47900,1473.25500,1475.98300,2893
2011-04-11 00:00:00+00:00,1476.03100,1476.53400,1459.44200,1462.94100,47859
2011-04-12 00:00:00+00:00,1462.89900,1467.43200,1444.21000,1452.76200,59742
2011-04-13 00:00:00+00:00,1452.72800,1462.47400,1451.27900,1456.53400,45924
2011-04-14 00:00:00+00:00,1456.51200,1478.46000,1452.54000,1478.19800,57190
2011-04-15 00:00:00+00:00,1478.22300,1488.25100,1471.55500,1486.98000,51495
2011-04-16 00:00:00+00:00,1486.98000,1486.98000,1486.98000,1486.98000,12
2011-04-17 00:00:00+00:00,1486.98000,1488.31300,1485.15800,1488.31300,2348
2011-04-18 00:00:00+00:00,1488.26800,1497.93700,1477.37500,1495.00600,56524
2011-04-19 00:00:00+00:00,1495.03900,1499.78500,1487.74400,1495.78100,45031
2011-04-20 00:00:00+00:00,1495.75900,1506.03500,1493.84900,1501.37100,51069
2011-04-21 00:00:00+00:00,1501.34600,1509.07300,1500.53000,1504.75000,47021
2011-04-22 00:00:00+00:00,1504.75000,1512.79800,1504.75000,1506.60000,947
2011-04-23 00:00:00+00:00,1506.60000,1506.60000,1506.60000,1506.60000,12
2011-04-24 00:00:00+00:00,1506.60000,1514.11800,1506.40000,1512.69300,4524
2011-04-25 00:00:00+00:00,1512.72000,1518.45800,1502.13200,1507.01300,55012
2011-04-26 00:00:00+00:00,1506.99200,1509.93200,1493.00800,1508.71500,45036
2011-04-27 00:00:00+00:00,1508.74800,1530.37100,1503.15000,1525.05200,56770
2011-04-28 00:00:00+00:00,1525.09200,1538.55700,1524.44800,1535.48200,68399
2011-04-29 00:00:00+00:00,1535.52700,1569.46500,1532.06000,1563.75000,51113
2011-04-30 00:00:00+00:00,1563.75000,1563.75000,1563.75000,1563.75000,5
2011-05-01 00:00:00+00:00,1563.75000,1576.55700,1543.89500,1553.45000,16315
2011-05-02 00:00:00+00:00,1553.42300,1575.44100,1532.26100,1541.65000,99291
2011-05-03 00:00:00+00:00,1541.71500,1551.31800,1527.14000,1537.14300,88160
2011-05-04 00:00:00+00:00,1537.12000,1543.30300,1506.09500,1515.94600,96326
2011-05-05 00:00:00+00:00,1515.97500,1522.10200,1462.71000,1473.34000,137578
2011-05-06 00:00:00+00:00,1473.36300,1498.49100,1472.95400,1495.55000,117102
2011-05-07 00:00:00+00:00,1495.55000,1495.55000,1495.55000,1495.55000,12
2011-05-08 00:00:00+00:00,1495.55000,1496.71400,1490.12300,1493.70000,4199
2011-05-09 00:00:00+00:00,1493.75100,1514.04500,1492.73900,1511.69300,75358
2011-05-10 00:00:00+00:00,1511.72200,1519.77400,1505.96100,1515.99800,60706
2011-05-11 00:00:00+00:00,1516.02400,1526.68700,1495.78500,1504.14000,81061
2011-05-12 00:00:00+00:00,1504.11500,1508.13700,1478.24500,1504.77100,95696
2011-05-13 00:00:00+00:00,1504.79900,1516.56200,1482.88000,1495.03500,74447
2011-05-14 00:00:00+00:00,1495.03500,1495.03500,1495.03500,1495.03500,12
2011-05-15 00:00:00+00:00,1495.03500,1495.25000,1487.56000,1492.22100,3711
2011-05-16 00:00:00+00:00,1492.19700,1504.56600,1488.62500,1490.05100,63074
2011-05-17 00:00:00+00:00,1490.08000,1497.75600,1471.92400,1485.84600,72295
2011-05-18 00:00:00+00:00,1485.82500,1500.00900,1485.05400,1496.13300,51023
2011-05-19 00:00:00+00:00,1496.10800,1499.85800,1486.41500,1495.16300,54568
2011-05-20 00:00:00+00:00,1495.13800,1515.96100,1486.88600,1511.85000,65130
2011-05-21 00:00:00+00:00,1511.85000,1511.85000,1511.85000,1511.85000,12
2011-05-22 00:00:00+00:00,1511.85000,1519.04100,1509.92000,1517.16200,3038
2011-05-23 00:00:00+00:00,1517.12000,1517.87300,1504.04500,1514.34500,66660
2011-05-24 00:00:00+00:00,1514.37800,1527.95300,1514.05100,1524.70400,50579
2011-05-25 00:00:00+00:00,1524.67500,1532.36100,1521.30400,1525.52000,47229
2011-05-26 00:00:00+00:00,1525.49200,1531.01900,1514.74000,1524.25200,53233
2011-05-27 00:00:00+00:00,1524.28200,1538.45800,1522.73500,1536.43300,31717
2011-05-28 00:00:00+00:00,1536.43300,1536.43300,1536.43300,1536.43300,12
2011-05-29 00:00:00+00:00,1536.43300,1537.81100,1536.01300,1536.74500,636
2011-05-30 00:00:00+00:00,1536.72400,1539.14400,1534.26900,1538.82100,14255
2011-05-31 00:00:00+00:00,1538.77800,1540.92200,1532.31800,1535.40100,43097
2011-06-01 00:00:00+00:00,1535.50600,1550.46800,1529.53800,1542.87500,51815
2011-06-02 00:00:00+00:00,1542.84200,1544.51600,1519.65900,1534.56400,51728
2011-06-03 00:00:00+00:00,1534.59400,1546.90800,1524.09700,1542.07500,59936
2011-06-04 00:00:00+00:00,1542.07500,1542.07500,1542.07500,1542.07500,12
2011-06-05 00:00:00+00:00,1542.07500,1545.01800,1540.98200,1544.75500,1825
2011-06-06 00:00:00+00:00,1544.72200,1553.71500,1541.14600,1544.71100,41352
2011-06-07 00:00:00+00:00,1544.68200,1550.31500,1536.21100,1545.10700,39965
2011-06-08 00:00:00+00:00,1545.15200,1545.29200,1530.98300,1536.37900,47442
2011-06-09 00:00:00+00:00,1536.42100,1549.73800,1533.32000,1542.55900,40608
2011-06-10 00:00:00+00:00,1542.61200,1545.47400,1526.06300,1531.23000,42150
2011-06-11 00:00:00+00:00,1531.23000,1531.23000,1531.23000,1531.23000,12
2011-06-12 00:00:00+00:00,1531.23000,1531.25000,1527.52400,1530.65200,2014
2011-06-13 00:00:00+00:00,1530.60300,1532.83700,1510.90800,1517.70800,50003
2011-06-14 00:00:00+00:00,1517.73500,1527.43000,1512.22500,1526.43200,49636
2011-06-15 00:00:00+00:00,1526.40800,1534.66000,1514.18000,1528.98700,56646
2011-06-16 00:00:00+00:00,1528.95300,1533.22500,1521.74200,1529.02500,44278
2011-06-17 00:00:00+00:00,1529.06700,1542.21400,1522.62900,1539.45000,42939
2011-06-18 00:00:00+00:00,1539.45000,1539.45000,1539.45000,1539.45000,12
2011-06-19 00:00:00+00:00,1539.45000,1542.00000,1538.33700,1539.18100,1652
2011-06-20 00:00:00+00:00,1539.21000,1547.21100,1533.01400,1539.65300,38394
2011-06-21 00:00:00+00:00,1539.68000,1548.15800,1539.61300,1545.59100,35543
2011-06-22 00:00:00+00:00,1545.56600,1558.23900,1541.34600,1547.72500,43298
2011-06-23 00:00:00+00:00,1547.75100,1548.84800,1511.98500,1524.78000,66377
2011-06-24 00:00:00+00:00,1524.80200,1525.76700,1498.51400,1502.61000,59154
2011-06-25 00:00:00+00:00,1502.61000,1502.61000,1502.61000,1502.61000,12
2011-06-26 00:00:00+00:00,1502.61000,1502.61000,1498.18200,1501.54400,2640
2011-06-27 00:00:00+00:00,1501.52300,1505.45600,1490.79800,1501.00400,50516
2011-06-28 00:00:00+00:00,1500.98200,1506.42700,1495.83100,1501.12300,39418
2011-06-29 00:00:00+00:00,1501.09500,1513.22500,1501.09500,1510.71000,41603
2011-06-30 00:00:00+00:00,1510.74000,1514.08900,1498.80100,1501.64000,46164
2011-07-01 00:00:00+00:00,1501.53800,1502.00100,1478.25700,1487.75000,47561
2011-07-02 00:00:00+00:00,1487.75000,1487.75000,1487.75000,1487.75000,12
2011-07-03 00:00:00+00:00,1487.75000,1490.02300,1486.29500,1490.02300,1390
2011-07-04 00:00:00+00:00,1490.05300,1496.79200,1489.85200,1495.25500,14806
2011-07-05 00:00:00+00:00,1495.27800,1516.75600,1493.42100,1512.80900,31632
2011-07-06 00:00:00+00:00,1512.83400,1533.89400,1510.26900,1528.09300,44895
2011-07-07 00:00:00+00:00,1528.07000,1534.60000,1522.99900,1530.28400,38387
2011-07-08 00:00:00+00:00,1530.32600,1545.57500,1524.84100,1544.20000,41581
2011-07-09 00:00:00+00:00,1544.20000,1544.20000,1544.20000,1544.20000,12
2011-07-10 00:00:00+00:00,1544.20000,1544.90000,1542.02500,1542.65300,1690
2011-07-11 00:00:00+00:00,1542.70700,1557.03000,1541.88100,1551.92800,39050
2011-07-12 00:00:00+00:00,1551.95100,1573.73600,1540.80900,1567.51400,55479
2011-07-13 00:00:00+00:00,1567.49100,1590.16700,1564.47200,1589.11900,54357
2011-07-14 00:00:00+00:00,1589.14400,1594.44700,1579.04300,1586.70600,61462
2011-07-15 00:00:00+00:00,1586.68100,1593.94500,1576.01400,1593.70000,47329
2011-07-16 00:00:00+00:00,1593.70000,1593.70000,1593.70000,1593.70000,3
2011-07-17 00:00:00+00:00,1593.70000,1598.70600,1593.60000,1596.57600,2622
2011-07-18 00:00:00+00:00,1596.55300,1607.47400,1591.70500,1603.43200,47976
2011-07-19 00:00:00+00:00,1603.46000,1610.19600,1582.55800,1589.83700,52290
2011-07-20 00:00:00+00:00,1589.88700,1602.27500,1581.24200,1598.63000,50538
2011-07-21 00:00:00+00:00,1598.65200,1604.59800,1584.88800,1591.55800,60847
2011-07-22 00:00:00+00:00,1591.58700,1607.40000,1583.63300,1601.40000,41508
2011-07-23 00:00:00+00:00,1601.40000,1601.40000,1601.40000,1601.40000,12
2011-07-24 00:00:00+00:00,1601.40000,1623.83700,1600.15000,1615.84200,7489
2011-07-25 00:00:00+00:00,1615.81800,1621.75500,1608.05700,1613.95300,46213
2011-07-26 00:00:00+00:00,1613.98300,1620.48500,1608.07700,1619.48400,43432
2011-07-27 00:00:00+00:00,1619.45500,1628.66600,1608.99700,1613.39600,44067
2011-07-28 00:00:00+00:00,1613.42100,1620.34900,1603.05700,1613.93500,45138
2011-07-29 00:00:00+00:00,1613.96500,1632.82600,1610.74300,1627.15000,53651
2011-07-30 00:00:00+00:00,1627.15000,1627.15000,1627.15000,1627.15000,12
2011-07-31 00:00:00+00:00,1627.15000,1627.15000,1605.90000,1615.20000,5004
2011-08-01 00:00:00+00:00,1615.45000,1632.03400,1609.05800,1618.58300,59378
2011-08-02 00:00:00+00:00,1618.60900,1661.56000,1618.30000,1654.39800,66945
2011-08-03 00:00:00+00:00,1654.42600,1672.62100,1652.03800,1660.43900,54135
2011-08-04 00:00:00+00:00,1660.40400,1682.27600,1641.84500,1641.86800,115526
2011-08-05 00:00:00+00:00,1641.89100,1670.24600,1641.84500,1663.70000,105763
2011-08-06 00:00:00+00:00,1663.70000,1666.20000,1663.70000,1666.20000,16
2011-08-07 00:00:00+00:00,1666.20000,1694.97200,1663.70000,1688.45500,8587
2011-08-08 00:00:00+00:00,1688.48000,1723.40600,1682.50500,1722.10800,125392
2011-08-09 00:00:00+00:00,1722.07700,1779.83400,1720.26500,1763.86100,222486
2011-08-10 00:00:00+00:00,1763.89700,1814.90300,1737.82500,1808.59000,179584
2011-08-11 00:00:00+00:00,1808.64200,1808.98000,1732.32600,1752.12900,209428
2011-08-12 00:00:00+00:00,1752.09400,1768.08600,1723.48200,1746.55000,122478
2011-08-13 00:00:00+00:00,1746.55000,1746.55000,1746.55000,1746.55000,12
2011-08-14 00:00:00+00:00,1746.55000,1747.75000,1731.82500,1733.33700,5401
2011-08-15 00:00:00+00:00,1733.36500,1770.19700,1728.45900,1766.63700,84079
2011-08-16 00:00:00+00:00,1766.69800,1787.93500,1761.25900,1785.97800,89009
2011-08-17 00:00:00+00:00,1786.01700,1794.86300,1779.12200,1787.46300,62603
2011-08-18 00:00:00+00:00,1787.43200,1828.92900,1784.15300,1825.79500,93037
2011-08-19 00:00:00+00:00,1825.76300,1877.90000,1825.76300,1852.05000,171784
2011-08-20 00:00:00+00:00,1852.05000,1852.05000,1852.05000,1852.05000,12
2011-08-21 00:00:00+00:00,1852.05000,1875.82500,1852.05000,1871.55800,5659
2011-08-22 00:00:00+00:00,1871.52500,1912.27700,1858.02100,1909.34300,104121
2011-08-23 00:00:00+00:00,1909.38500,1910.23000,1823.81100,1838.24200,141623
2011-08-24 00:00:00+00:00,1838.29700,1854.16600,1742.02600,1749.90300,158027
2011-08-25 00:00:00+00:00,1749.95500,1775.25300,1703.16600,1765.66800,196090
2011-08-26 00:00:00+00:00,1765.63000,1829.15000,1757.62600,1828.80000,156203
2011-08-27 00:00:00+00:00,1828.80000,1828.80000,1828.80000,1828.80000,13
2011-08-28 00:00:00+00:00,1828.80000,1838.15000,1820.29600,1824.21700,7142
2011-08-29 00:00:00+00:00,1824.25200,1825.76700,1776.13500,1790.58100,113854
2011-08-30 00:00:00+00:00,1790.54800,1840.72700,1783.79100,1829.94100,106414
2011-08-31 00:00:00+00:00,1829.90500,1840.07200,1811.51700,1827.44500,97256
2011-09-01 00:00:00+00:00,1827.33600,1830.89700,1813.71500,1826.82300,66863
2011-09-02 00:00:00+00:00,1826.77800,1884.86400,1824.70300,1883.05000,77601
2011-09-03 00:00:00+00:00,1883.05000,1883.05000,1883.05000,1883.05000,11
2011-09-04 00:00:00+00:00,1883.05000,1890.48900,1877.20000,1885.12500,3644
2011-09-05 00:00:00+00:00,1885.17800,1903.57300,1874.52100,1898.05800,51312
2011-09-06 00:00:00+00:00,1898.02300,1921.07000,1859.44900,1876.48700,158993
2011-09-07 00:00:00+00:00,1876.44100,1880.55500,1793.11500,1813.90300,159020
2011-09-08 00:00:00+00:00,1813.94100,1870.74800,1813.84600,1864.04800,134362
2011-09-09 00:00:00+00:00,1864.08500,1886.26900,1823.36700,1855.50000,163273
2011-09-10 00:00:00+00:00,1855.50000,1855.50000,1855.50000,1855.50000,12
2011-09-11 00:00:00+00:00,1855.50000,1862.46200,1850.42500,1858.44900,6326
2011-09-12 00:00:00+00:00,1858.51100,1859.25200,1801.58700,1824.55400,139448
2011-09-13 00:00:00+00:00,1824.58800,1844.12100,1794.97500,1836.55800,111044
2011-09-14 00:00:00+00:00,1836.62000,1844.90500,1808.76000,1824.37500,97847
2011-09-15 00:00:00+00:00,1824.41200,1826.63600,1772.85600,1786.19000,111056
2011-09-16 00:00:00+00:00,1786.15900,1821.87600,1762.79200,1811.65000,90433
2011-09-17 00:00:00+00:00,1811.65000,1811.65000,1811.65000,1811.65000,1
2011-09-18 00:00:00+00:00,1811.65000,1827.99500,1810.95000,1825.26200,1848
2011-09-19 00:00:00+00:00,1825.33200,1827.13700,1770.44600,1781.67200,97171
2011-09-20 00:00:00+00:00,1781.63100,1811.80800,1770.02600,1801.92400,89997
2011-09-21 00:00:00+00:00,1801.88700,1816.69000,1778.97600,1784.57200,109616
2011-09-22 00:00:00+00:00,1784.64200,1785.32200,1721.00900,1741.98500,154707
2011-09-23 00:00:00+00:00,1742.02200,1755.57500,1629.36900,1656.80000,132568
2011-09-24 00:00:00+00:00,1656.80000,1656.80000,1656.80000,1656.80000,5
2011-09-25 00:00:00+00:00,1656.80000,1656.80000,1630.30000,1650.72500,6497
2011-09-26 00:00:00+00:00,1650.65800,1663.97500,1533.20700,1618.84300,172395
2011-09-27 00:00:00+00:00,1618.90000,1677.09500,1615.16000,1642.87100,140628
2011-09-28 00:00:00+00:00,1642.82900,1669.43700,1588.58700,1588.71200,149580
2011-09-29 00:00:00+00:00,1588.61000,1635.37100,1583.36500,1624.48600,128132
2011-09-30 00:00:00+00:00,1624.55700,1640.82800,1606.96200,1623.81300,106405
2011-10-01 00:00:00+00:00,1623.81300,1623.81300,1623.81300,1623.81300,12
2011-10-02 00:00:00+00:00,1623.81300,1632.50600,1618.75000,1629.52500,3529
2011-10-03 00:00:00+00:00,1629.57500,1672.46300,1624.95600,1667.56400,106346
2011-10-04 00:00:00+00:00,1667.52400,1678.77500,1596.00900,1630.35900,122914
2011-10-05 00:00:00+00:00,1630.46100,1647.11400,1597.76000,1638.22200,115497
2011-10-06 00:00:00+00:00,1638.18300,1655.19600,1631.84400,1652.33900,104087
2011-10-07 00:00:00+00:00,1652.37500,1666.59300,1626.27800,1638.10000,105458
2011-10-08 00:00:00+00:00,1638.10000,1638.10000,1638.10000,1638.10000,12
2011-10-09 00:00:00+00:00,1638.10000,1646.38700,1638.10000,1644.84200,1066
2011-10-10 00:00:00+00:00,1644.96500,1683.52100,1644.61100,1674.36100,73163
2011-10-11 00:00:00+00:00,1674.32700,1684.82700,1653.93200,1662.96100,77529
2011-10-12 00:00:00+00:00,1663.00500,1692.33700,1662.32700,1679.03300,76524
2011-10-13 00:00:00+00:00,1678.98500,1684.58100,1652.99800,1668.76700,83001
2011-10-14 00:00:00+00:00,1668.79900,1683.93400,1661.30500,1680.83300,56179
2011-10-15 00:00:00+00:00,1680.83300,1680.83300,1680.83300,1680.83300,12
2011-10-16 00:00:00+00:00,1680.83300,1684.31900,1677.53400,1681.44400,1268
2011-10-17 00:00:00+00:00,1681.40600,1695.10200,1664.93700,1674.29900,67402
2011-10-18 00:00:00+00:00,1674.25900,1676.97400,1627.06400,1657.01900,102151
2011-10-19 00:00:00+00:00,1656.98500,1665.38000,1639.86100,1641.70900,77358
2011-10-20 00:00:00+00:00,1641.66800,1644.63500,1603.95800,1617.18400,124810
2011-10-21 00:00:00+00:00,1617.23900,1648.67200,1612.17200,1641.76500,81693
2011-10-22 00:00:00+00:00,1641.76500,1641.76500,1641.76500,1641.76500,12
2011-10-23 00:00:00+00:00,1641.76500,1644.53600,1637.38300,1643.18600,2282
2011-10-24 00:00:00+00:00,1643.15600,1662.05200,1635.63700,1650.71100,67863
2011-10-25 00:00:00+00:00,1650.67400,1709.05400,1647.98200,1701.56300,93687
2011-10-26 00:00:00+00:00,1701.60100,1726.73600,1699.83200,1723.61900,83624
2011-10-27 00:00:00+00:00,1723.73100,1750.09200,1706.22400,1746.71900,84228
2011-10-28 00:00:00+00:00,1746.78200,1752.72800,1732.40800,1744.17500,59188
2011-10-30 00:00:00+00:00,1743.42500,1745.24100,1741.34800,1742.90600,2143
2011-10-31 00:00:00+00:00,1742.96000,1745.04700,1704.56700,1714.35100,102540
2011-11-01 00:00:00+00:00,1714.65000,1724.44800,1681.41400,1715.68500,117013
2011-11-02 00:00:00+00:00,1715.74500,1744.35000,1715.55200,1735.58300,89933
2011-11-03 00:00:00+00:00,1735.63000,1767.91300,1722.88600,1758.81300,113105
2011-11-04 00:00:00+00:00,1758.87300,1763.85700,1749.08900,1754.89300,65257
2011-11-06 00:00:00+00:00,1754.28400,1759.91700,1752.88300,1756.59700,995
2011-11-07 00:00:00+00:00,1756.64300,1798.57900,1754.50300,1793.53900,59265
2011-11-08 00:00:00+00:00,1793.57800,1803.02300,1777.08900,1789.67500,64973
2011-11-09 00:00:00+00:00,1789.74200,1799.81000,1764.19500,1771.83700,88145
2011-11-10 00:00:00+00:00,1771.88600,1775.63100,1735.97000,1752.29500,91941
2011-11-11 00:00:00+00:00,1752.32800,1789.48300,1751.91800,1788.55100,60710
2011-11-13 00:00:00+00:00,1788.35000,1796.31600,1787.86500,1795.32100,1280
2011-11-14 00:00:00+00:00,1795.26700,1795.28500,1773.88300,1780.57000,44383
2011-11-15 00:00:00+00:00,1780.50400,1786.32600,1760.38200,1778.60500,47838
2011-11-16 00:00:00+00:00,1778.66400,1783.72300,1753.50300,1762.06900,61152
2011-11-17 00:00:00+00:00,1762.12800,1767.12200,1710.62700,1721.73200,77197
2011-11-18 00:00:00+00:00,1721.67200,1737.77900,1711.12900,1723.81200,64580
2011-11-20 00:00:00+00:00,1725.51200,1725.90400,1716.02400,1720.62500,1602
2011-11-21 00:00:00+00:00,1720.69500,1726.61100,1666.68800,1678.01800,77010
2011-11-22 00:00:00+00:00,1677.96900,1705.69400,1672.65200,1701.48200,60103
2011-11-23 00:00:00+00:00,1701.43700,1710.16500,1677.37900,1690.32400,59175
2011-11-24 00:00:00+00:00,1690.27600,1702.00000,1687.79500,1695.50900,22892
2011-11-25 00:00:00+00:00,1695.43900,1698.05400,1672.04000,1681.14500,42155
2011-11-27 00:00:00+00:00,1682.14500,1695.39500,1682.14500,1693.66100,964
2011-11-28 00:00:00+00:00,1693.51400,1720.74700,1692.46400,1712.16800,42628
2011-11-29 00:00:00+00:00,1712.09500,1720.97900,1703.96700,1718.80300,38436
2011-11-30 00:00:00+00:00,1718.75300,1750.32000,1700.88200,1748.22500,61202
2011-12-01 00:00:00+00:00,1748.64100,1754.37800,1733.83600,1745.34100,39986
2011-12-02 00:00:00+00:00,1745.29600,1763.30500,1738.17700,1746.40000,37788
2011-12-03 00:00:00+00:00,1746.40000,1746.40000,1746.40000,1746.40000,2
2011-12-04 00:00:00+00:00,1746.90000,1755.02700,1745.65000,1753.68600,674
2011-12-05 00:00:00+00:00,1753.79100,1754.41800,1717.94800,1721.59300,44285
2011-12-06 00:00:00+00:00,1721.55200,1733.17200,1702.27200,1727.93000,48409
2011-12-07 00:00:00+00:00,1727.86900,1743.04900,1720.31700,1740.34600,41952
2011-12-08 00:00:00+00:00,1740.30000,1756.30600,1704.15800,1710.03000,59057
2011-12-09 00:00:00+00:00,1709.98500,1724.13800,1703.67600,1711.32600,48115
2011-12-11 00:00:00+00:00,1712.07600,1714.23000,1710.77200,1712.44800,489
2011-12-12 00:00:00+00:00,1712.50100,1714.93600,1657.42800,1665.53900,48848
2011-12-13 00:00:00+00:00,1665.49200,1678.20700,1622.55600,1630.08700,61642
2011-12-14 00:00:00+00:00,1630.13600,1641.81300,1563.80900,1575.23100,78970
2011-12-15 00:00:00+00:00,1575.16900,1594.06300,1560.50300,1575.86000,73043
2011-12-16 00:00:00+00:00,1575.91700,1601.44300,1575.25600,1599.01200,50904
2011-12-18 00:00:00+00:00,1599.95600,1605.18900,1598.08300,1603.30000,1454
2011-12-19 00:00:00+00:00,1603.24300,1608.84300,1583.51200,1593.63700,47183
2011-12-20 00:00:00+00:00,1593.71400,1618.65600,1593.67700,1618.65600,32457
2011-12-21 00:00:00+00:00,1618.69900,1641.86500,1606.11100,1612.94500,46285
2011-12-22 00:00:00+00:00,1612.88600,1617.00600,1598.07500,1607.93900,37301
2011-12-23 00:00:00+00:00,1607.89900,1614.03000,1602.78000,1607.03200,18082
2011-12-26 00:00:00+00:00,1607.53200,1614.03200,1598.52200,1603.37700,807
2011-12-27 00:00:00+00:00,1603.32500,1604.39800,1589.75900,1589.95600,19569
2011-12-28 00:00:00+00:00,1590.00500,1593.04800,1549.81400,1555.94000,36571
2011-12-29 00:00:00+00:00,1555.89700,1558.82200,1522.77400,1549.65100,48845
2011-12-30 00:00:00+00:00,1549.58700,1581.59300,1548.83800,1564.96200,34429
2012-01-01 00:00:00+00:00,1564.96200,1564.96200,1564.96200,1564.96200,1
2012-01-02 00:00:00+00:00,1564.96200,1572.40000,1564.96200,1572.40000,1050
2012-01-03 00:00:00+00:00,1572.44400,1607.43600,1571.67900,1606.24900,36162
2012-01-04 00:00:00+00:00,1606.20400,1618.72300,1592.96900,1611.60200,47330
2012-01-05 00:00:00+00:00,1611.64700,1625.70400,1596.95400,1620.86800,50815
2012-01-06 00:00:00+00:00,1620.82100,1631.31900,1608.69200,1617.56600,47475
2012-01-08 00:00:00+00:00,1616.40000,1616.94500,1609.03200,1612.92600,1434
2012-01-09 00:00:00+00:00,1612.83300,1623.74300,1605.21100,1611.82100,40268
2012-01-10 00:00:00+00:00,1611.86900,1640.45500,1611.72700,1635.15700,35820
2012-01-11 00:00:00+00:00,1635.20200,1647.27800,1630.32700,1642.63300,37530
2012-01-12 00:00:00+00:00,1642.58300,1662.13100,1640.30500,1647.72600,36296
2012-01-13 00:00:00+00:00,1647.68400,1649.71900,1625.50700,1639.50000,45006
2012-01-15 00:00:00+00:00,1638.50000,1638.87700,1633.87700,1634.65100,1250
2012-01-16 00:00:00+00:00,1634.51700,1647.08500,1631.56900,1644.31100,21472
2012-01-17 00:00:00+00:00,1644.35500,1667.68400,1643.31700,1654.54200,34711
2012-01-18 00:00:00+00:00,1654.49000,1662.52500,1642.72700,1660.01200,44085
2012-01-19 00:00:00+00:00,1660.05600,1670.23500,1649.32200,1655.20200,36946
2012-01-20 00:00:00+00:00,1655.14500,1666.95800,1645.16100,1666.52300,33895
2012-01-21 00:00:00+00:00,1666.52300,1666.52300,1666.52300,1666.52300,1
2012-01-22 00:00:00+00:00,1666.49300,1666.91300,1662.80000,1664.03900,852
2012-01-23 00:00:00+00:00,1664.08200,1681.56000,1663.05400,1679.42500,33323
2012-01-24 00:00:00+00:00,1679.46700,1679.83800,1661.62000,1666.82900,31370
2012-01-25 00:00:00+00:00,1666.78000,1713.10600,1649.17000,1709.79400,44840
2012-01-26 00:00:00+00:00,1709.83600,1730.84900,1703.23100,1719.69500,43901
2012-01-27 00:00:00+00:00,1719.65100,1739.97900,1714.63600,1738.68300,34462
2012-01-29 00:00:00+00:00,1739.43300,1739.97000,1735.93200,1737.83300,650
2012-01-30 00:00:00+00:00,1737.89800,1738.17400,1716.51800,1729.74300,33445
2012-01-31 00:00:00+00:00,1729.78400,1747.72800,1726.25100,1736.09600,39571
2012-02-01 00:00:00+00:00,1735.81300,1751.12600,1732.72800,1745.72600,35057
2012-02-02 00:00:00+00:00,1745.77200,1761.17000,1741.06400,1756.96600,37875
2012-02-03 00:00:00+00:00,1757.02800,1763.24200,1723.77700,1726.18900,45207
2012-02-05 00:00:00+00:00,1726.18900,1731.83000,1726.18900,1730.87300,954
2012-02-06 00:00:00+00:00,1730.82900,1738.25800,1711.98300,1720.33100,39441
2012-02-07 00:00:00+00:00,1720.28600,1749.97900,1710.32000,1745.17200,42401
2012-02-08 00:00:00+00:00,1745.12200,1752.18000,1724.53500,1732.24000,41097
2012-02-09 00:00:00+00:00,1732.19800,1752.61100,1726.05000,1730.36700,49978
2012-02-10 00:00:00+00:00,1730.23400,1734.84800,1704.75000,1722.09600,45252
2012-02-11 00:00:00+00:00,1722.09600,1722.09600,1722.09600,1722.09600,2
2012-02-12 00:00:00+00:00,1722.09600,1728.68900,1721.34600,1725.62600,696
2012-02-13 00:00:00+00:00,1725.58200,1733.33700,1716.23100,1718.31700,35280
2012-02-14 00:00:00+00:00,1718.26800,1727.82800,1712.25300,1719.68700,42736
2012-02-15 00:00:00+00:00,1719.73800,1737.42500,1718.70600,1728.20600,37389
2012-02-16 00:00:00+00:00,1728.24700,1730.03400,1705.39100,1727.69700,42675
2012-02-17 00:00:00+00:00,1727.74200,1735.87500,1717.26800,1723.38400,30002
2012-02-19 00:00:00+00:00,1723.38400,1734.02400,1723.38400,1733.93000,864
2012-02-20 00:00:00+00:00,1733.98100,1737.27200,1728.69900,1733.60700,17719
2012-02-21 00:00:00+00:00,1733.56100,1760.09300,1730.98300,1757.64400,34644
2012-02-22 00:00:00+00:00,1757.58300,1781.81700,1749.34800,1775.55200,34344
2012-02-23 00:00:00+00:00,1775.60300,1787.44100,1772.28900,1779.10700,35139
2012-02-24 00:00:00+00:00,1779.06600,1782.89300,1770.60000,1772.41300,32204
2012-02-25 00:00:00+00:00,1772.41300,1772.41300,1772.41300,1772.41300,1
2012-02-26 00:00:00+00:00,1773.16300,1775.93400,1772.97800,1773.23600,759
2012-02-27 00:00:00+00:00,1773.17100,1779.43700,1761.64900,1767.32500,34310
2012-02-28 00:00:00+00:00,1767.36700,1790.21400,1765.89800,1786.50500,35931
2012-02-29 00:00:00+00:00,1786.44300,1790.79200,1688.48300,1701.91100,79864
2012-03-01 00:00:00+00:00,1702.66500,1726.17500,1702.27600,1720.04000,68047
2012-03-02 00:00:00+00:00,1720.08400,1724.39000,1705.03300,1712.55500,45578
2012-03-03 00:00:00+00:00,1712.55500,1712.55500,1712.55500,1712.55500,1
2012-03-04 00:00:00+00:00,1711.80500,1714.13900,1710.19000,1713.11700,988
2012-03-05 00:00:00+00:00,1713.06600,1716.87200,1694.02900,1705.09100,44345
2012-03-06 00:00:00+00:00,1705.14900,1709.03600,1663.34000,1674.44500,59839
2012-03-07 00:00:00+00:00,1674.48800,1688.26800,1671.36300,1685.12700,38881
2012-03-08 00:00:00+00:00,1685.19100,1704.01500,1683.52200,1702.03700,37215
2012-03-09 00:00:00+00:00,1701.98600,1715.30700,1676.67000,1713.92500,46453
2012-03-11 00:00:00+00:00,1713.42500,1716.80900,1711.71300,1713.33600,1142
2012-03-12 00:00:00+00:00,1713.38100,1713.73300,1692.58300,1700.50500,44332
2012-03-13 00:00:00+00:00,1700.46200,1705.82600,1662.02200,1676.13800,53231
2012-03-14 00:00:00+00:00,1676.18300,1682.46100,1634.61200,1643.81700,53076
2012-03-15 00:00:00+00:00,1643.77400,1666.69400,1636.24600,1658.16000,44560
2012-03-16 00:00:00+00:00,1658.20100,1664.86400,1639.83600,1660.02300,39036
2012-03-18 00:00:00+00:00,1660.04300,1660.87200,1657.01400,1660.62500,794
2012-03-19 00:00:00+00:00,1660.67300,1669.91300,1652.35700,1663.38000,29669
2012-03-20 00:00:00+00:00,1663.33800,1664.37900,1641.51300,1650.12000,35327
2012-03-21 00:00:00+00:00,1650.16100,1661.93300,1646.66600,1651.55000,34510
2012-03-22 00:00:00+00:00,1651.50300,1656.54200,1628.18000,1646.74100,42492
2012-03-23 00:00:00+00:00,1646.79500,1666.51500,1642.23600,1661.97500,35158
2012-03-24 00:00:00+00:00,1661.97500,1661.97500,1661.97500,1661.97500,1
2012-03-25 00:00:00+00:00,1661.93500,1669.33300,1661.93500,1669.28500,1113
2012-03-26 00:00:00+00:00,1669.34500,1693.65900,1655.68800,1689.43900,34736
2012-03-27 00:00:00+00:00,1689.48500,1697.24800,1679.69800,1681.15600,29459
2012-03-28 00:00:00+00:00,1681.19900,1684.62100,1654.87300,1664.89800,34645
2012-03-29 00:00:00+00:00,1664.95800,1664.96200,1645.23300,1661.61400,30640
2012-03-30 00:00:00+00:00,1661.56700,1671.12600,1659.78300,1668.32400,27726
2012-04-01 00:00:00+00:00,1668.32400,1674.75700,1668.32400,1672.83700,734
2012-04-02 00:00:00+00:00,1672.73700,1683.58400,1663.05600,1679.24500,27153
2012-04-03 00:00:00+00:00,1679.29100,1681.15000,1639.05000,1646.97000,39111
2012-04-04 00:00:00+00:00,1647.03700,1648.09300,1612.43100,1623.42400,42797
2012-04-05 00:00:00+00:00,1623.37600,1633.67400,1620.15100,1630.86200,28615
2012-04-06 00:00:00+00:00,1631.24700,1641.93700,1628.87500,1640.00000,608
2012-04-08 00:00:00+00:00,1641.50000,1647.27000,1638.50000,1642.53600,2983
2012-04-09 00:00:00+00:00,1642.60400,1648.83700,1635.69000,1643.12300,22785
2012-04-10 00:00:00+00:00,1643.16500,1663.10500,1632.03600,1657.43600,38675
2012-04-11 00:00:00+00:00,1657.39500,1662.68400,1653.00500,1659.70600,33089
2012-04-12 00:00:00+00:00,1659.65500,1680.24000,1650.61900,1675.50000,30192
2012-04-13 00:00:00+00:00,1675.54800,1679.44300,1649.42500,1658.40200,34982
2012-04-15 00:00:00+00:00,1658.38200,1658.73200,1651.56000,1652.90300,1168
2012-04-16 00:00:00+00:00,1652.94500,1658.08900,1641.47100,1651.57800,33968
2012-04-17 00:00:00+00:00,1651.53100,1657.57700,1634.62100,1650.73500,30930
2012-04-18 00:00:00+00:00,1650.77700,1654.49800,1637.97500,1641.73100,28541
2012-04-19 00:00:00+00:00,1641.68600,1653.94400,1631.22100,1641.61900,37097
2012-04-20 00:00:00+00:00,1641.57300,1647.35300,1638.65600,1643.05500,23753
2012-04-22 00:00:00+00:00,1642.67700,1643.05800,1640.12100,1642.86500,456
2012-04-23 00:00:00+00:00,1642.82200,1643.43200,1623.37000,1636.99800,28272
2012-04-24 00:00:00+00:00,1637.05000,1649.41700,1634.15100,1641.88500,21886
2012-04-25 00:00:00+00:00,1641.83500,1646.70100,1625.01100,1643.56900,35660
2012-04-26 00:00:00+00:00,1643.61100,1661.18800,1642.75200,1656.79000,23941
2012-04-27 00:00:00+00:00,1656.83400,1667.80100,1650.70800,1662.98800,22215
2012-04-28 00:00:00+00:00,1662.98800,1662.98800,1662.98800,1662.98800,1
2012-04-29 00:00:00+00:00,1662.98800,1665.10200,1662.77900,1665.09400,400
2012-04-30 00:00:00+00:00,1665.03400,1666.77100,1646.13300,1666.45000,21883
2012-05-01 00:00:00+00:00,1667.18800,1671.60900,1657.14400,1662.46600,17124
2012-05-02 00:00:00+00:00,1662.41800,1662.90000,1646.16100,1652.03000,26034
2012-05-03 00:00:00+00:00,1652.07300,1653.44300,1631.17000,1636.01000,29465
2012-05-04 00:00:00+00:00,1635.96800,1647.51300,1626.69100,1642.37100,29760
2012-05-06 00:00:00+00:00,1642.37100,1642.37100,1635.89000,1638.98100,1775
2012-05-07 00:00:00+00:00,1638.93800,1642.62600,1632.13500,1637.81400,21893
2012-05-08 00:00:00+00:00,1637.76600,1638.71900,1595.47900,1602.93900,34875
2012-05-09 00:00:00+00:00,1602.98400,1604.61100,1579.58700,1589.26900,43349
2012-05-10 00:00:00+00:00,1589.22500,1602.04500,1585.83400,1593.76900,28145
2012-05-11 00:00:00+00:00,1593.72400,1593.72400,1573.62200,1579.48100,29610
2012-05-13 00:00:00+00:00,1579.48100,1584.21800,1578.43000,1580.84300,1685
2012-05-14 00:00:00+00:00,1580.89100,1585.85200,1556.16300,1558.51900,31671
2012-05-15 00:00:00+00:00,1558.47800,1564.37100,1541.65700,1543.15100,31526
2012-05-16 00:00:00+00:00,1543.19600,1552.29600,1527.11700,1543.02900,58990
2012-05-17 00:00:00+00:00,1543.07600,1579.99700,1543.07600,1575.27100,55581
2012-05-18 00:00:00+00:00,1575.21900,1597.58500,1568.12500,1593.13900,52753
2012-05-20 00:00:00+00:00,1593.13900,1594.66300,1591.28500,1594.65200,1467
2012-05-21 00:00:00+00:00,1594.69500,1599.23400,1584.99700,1594.48900,39240
2012-05-22 00:00:00+00:00,1594.41100,1594.41100,1561.64900,1567.77100,42285
2012-05-23 00:00:00+00:00,1567.70700,1567.95800,1533.55700,1558.64400,69031
2012-05-24 00:00:00+00:00,1558.68800,1578.04300,1551.68700,1556.64200,57751
2012-05-25 00:00:00+00:00,1556.68300,1574.29800,1551.42000,1572.91300,45695
2012-05-27 00:00:00+00:00,1572.91300,1576.83600,1571.56900,1574.36800,1085
2012-05-28 00:00:00+00:00,1574.41300,1583.43700,1572.70200,1574.99100,21073
2012-05-29 00:00:00+00:00,1574.94300,1582.78900,1548.57200,1553.16300,49590
2012-05-30 00:00:00+00:00,1553.20900,1569.57900,1532.17100,1564.45000,61348
2012-05-31 00:00:00+00:00,1564.40500,1573.22400,1552.34600,1560.79700,57829
2012-06-01 00:00:00+00:00,1560.72300,1630.16500,1545.26600,1624.25100,70741
2012-06-03 00:00:00+00:00,1624.25100,1627.43000,1616.04400,1616.91800,2482
2012-06-04 00:00:00+00:00,1616.85400,1628.18400,1608.87900,1619.71100,56038
2012-06-05 00:00:00+00:00,1619.76100,1623.66300,1612.04400,1618.00600,48993
2012-06-06 00:00:00+00:00,1617.96000,1640.93800,1613.80200,1622.53800,59460
2012-06-07 00:00:00+00:00,1622.58300,1629.30300,1578.72200,1591.99300,76930
2012-06-08 00:00:00+00:00,1592.06200,1595.25800,1558.28400,1593.56300,61523
2012-06-10 00:00:00+00:00,1593.56300,1608.23300,1593.56300,1602.06900,2945
2012-06-11 00:00:00+00:00,1602.12500,1605.20400,1581.95400,1591.42700,48220
2012-06-12 00:00:00+00:00,1591.37800,1617.67900,1586.05700,1608.06700,42232
2012-06-13 00:00:00+00:00,1608.10800,1624.78700,1606.17100,1617.44400,35830
2012-06-14 00:00:00+00:00,1617.39700,1628.06400,1609.57600,1621.19800,38978
2012-06-15 00:00:00+00:00,1621.24100,1633.98200,1619.88200,1627.34000,29757
2012-06-17 00:00:00+00:00,1627.34000,1630.38200,1607.79100,1618.85500,3673
2012-06-18 00:00:00+00:00,1618.89800,1630.12100,1613.57800,1628.03200,37257
2012-06-19 00:00:00+00:00,1628.09000,1633.46900,1617.52600,1620.83100,31224
2012-06-20 00:00:00+00:00,1620.87100,1622.27400,1590.44400,1604.37500,53869
2012-06-21 00:00:00+00:00,1604.43900,1604.63100,1564.47200,1568.63700,49717
2012-06-22 00:00:00+00:00,1568.59200,1573.55900,1558.40100,1572.68000,30669
2012-06-24 00:00:00+00:00,1572.16300,1573.43500,1567.82400,1569.79200,971
2012-06-25 00:00:00+00:00,1569.84600,1588.43900,1566.44500,1585.12200,30429
2012-06-26 00:00:00+00:00,1585.18500,1586.92700,1567.84400,1571.91400,27949
2012-06-27 00:00:00+00:00,1571.95600,1583.55400,1562.73900,1574.67700,30134
2012-06-28 00:00:00+00:00,1574.63100,1579.14900,1548.11100,1553.18400,37384
2012-06-29 00:00:00+00:00,1553.14300,1607.22700,1551.16300,1597.55900,41470
2012-07-01 00:00:00+00:00,1599.08400,1600.18900,1597.26300,1599.32500,851
2012-07-02 00:00:00+00:00,1599.26500,1602.58400,1587.36000,1595.46400,26753
2012-07-03 00:00:00+00:00,1595.41900,1624.96600,1595.16700,1620.07200,25342
2012-07-04 00:00:00+00:00,1620.01400,1620.01400,1611.67800,1615.65500,14040
2012-07-05 00:00:00+00:00,1615.61400,1624.00100,1597.53000,1607.55600,38809
2012-07-06 00:00:00+00:00,1607.50500,1609.96600,1576.56900,1583.82300,38856
2012-07-08 00:00:00+00:00,1583.82300,1583.82300,1576.75600,1578.77100,964
2012-07-09 00:00:00+00:00,1578.72700,1593.04200,1578.01500,1587.85200,22219
2012-07-10 00:00:00+00:00,1587.81000,1601.52700,1564.69700,1571.46300,30233
2012-07-11 00:00:00+00:00,1571.50500,1583.61800,1567.06800,1577.09600,30348
2012-07-12 00:00:00+00:00,1577.13900,1577.13900,1555.11900,1568.79600,35352
2012-07-13 00:00:00+00:00,1568.88200,1596.90200,1567.53100,1589.54800,24077
2012-07-15 00:00:00+00:00,1589.54800,1592.94400,1589.32500,1591.05900,869
2012-07-16 00:00:00+00:00,1591.01900,1594.96100,1578.08200,1590.52200,24661
2012-07-17 00:00:00+00:00,1590.57900,1599.26100,1571.63500,1584.48800,35510
2012-07-18 00:00:00+00:00,1584.44500,1586.11500,1567.90300,1574.03400,29062
2012-07-19 00:00:00+00:00,1573.98700,1591.72600,1573.26400,1584.19000,27315
2012-07-20 00:00:00+00:00,1584.14100,1587.27000,1573.66700,1584.51000,26563
2012-07-22 00:00:00+00:00,1584.51000,1584.51000,1579.63700,1581.60200,639
2012-07-23 00:00:00+00:00,1581.64800,1582.25000,1563.46900,1576.96000,27977
2012-07-24 00:00:00+00:00,1577.00300,1584.72500,1568.97300,1580.42000,31453
2012-07-25 00:00:00+00:00,1580.37600,1610.65800,1579.57500,1602.86600,32600
2012-07-26 00:00:00+00:00,1602.91500,1622.03900,1601.40200,1613.59700,34504
2012-07-27 00:00:00+00:00,1613.64500,1629.69200,1611.86100,1623.52600,34138
2012-07-29 00:00:00+00:00,1623.52600,1626.65900,1622.67500,1623.08000,1012
2012-07-30 00:00:00+00:00,1623.13200,1625.10100,1614.37000,1621.51800,18881
2012-07-31 00:00:00+00:00,1621.56400,1628.16300,1610.99500,1613.33700,28676
2012-08-01 00:00:00+00:00,1613.29800,1618.57400,1592.08000,1602.21900,35379
2012-08-02 00:00:00+00:00,1602.17200,1615.50700,1584.15300,1589.59600,46539
2012-08-03 00:00:00+00:00,1589.55500,1606.87900,1585.92200,1603.54800,29927
2012-08-05 00:00:00+00:00,1603.54800,1606.17600,1602.47100,1605.49400,859
2012-08-06 00:00:00+00:00,1605.54600,1615.59700,1603.80100,1611.68100,21344
2012-08-07 00:00:00+00:00,1611.63100,1618.57900,1608.83200,1610.88400,22485
2012-08-08 00:00:00+00:00,1610.83700,1616.84100,1603.46300,1612.65100,22438
2012-08-09 00:00:00+00:00,1612.70000,1618.42800,1609.75800,1616.64800,18269
2012-08-10 00:00:00+00:00,1616.60600,1626.60600,1605.72100,1620.16400,22102
2012-08-12 00:00:00+00:00,1620.16400,1622.06100,1619.85400,1621.32100,503
2012-08-13 00:00:00+00:00,1621.36200,1625.73200,1607.47100,1610.72600,20284
2012-08-14 00:00:00+00:00,1610.68400,1616.43500,1592.79600,1600.41100,22728
2012-08-15 00:00:00+00:00,1600.36200,1606.57400,1590.11700,1604.12200,21831
2012-08-16 00:00:00+00:00,1604.07700,1619.06300,1600.95200,1615.46500,19616
2012-08-17 00:00:00+00:00,1615.42200,1620.42500,1611.77200,1615.75100,17688
2012-08-19 00:00:00+00:00,1615.75100,1618.14000,1615.75100,1617.30800,430
2012-08-20 00:00:00+00:00,1617.34900,1622.55900,1609.81500,1619.69700,17024
2012-08-21 00:00:00+00:00,1619.64800,1641.46400,1619.05600,1637.71400,19242
2012-08-22 00:00:00+00:00,1637.67200,1656.00400,1634.63800,1655.63900,24400
2012-08-23 00:00:00+00:00,1655.68500,1675.03300,1654.16900,1668.63900,26937
2012-08-24 00:00:00+00:00,1668.59700,1673.87600,1662.73000,1670.43200,19905
2012-08-26 00:00:00+00:00,1670.43200,1674.97100,1670.43200,1674.05400,806
2012-08-27 00:00:00+00:00,1674.09900,1676.91200,1663.31700,1665.54200,19177
2012-08-28 00:00:00+00:00,1665.58500,1672.40600,1657.17100,1666.88900,21318
2012-08-29 00:00:00+00:00,1666.93000,1669.99400,1652.36200,1656.56700,19287
2012-08-30 00:00:00+00:00,1656.52500,1664.17500,1651.31900,1655.14200,18527
2012-08-31 00:00:00+00:00,1655.18300,1693.10600,1646.48800,1691.88500,31668
2012-09-02 00:00:00+00:00,1692.00000,1692.59300,1687.57800,1688.64200,850
2012-09-03 00:00:00+00:00,1688.59800,1695.46500,1685.54800,1692.57200,13632
2012-09-04 00:00:00+00:00,1692.53000,1699.09700,1688.09400,1692.83400,25221
2012-09-05 00:00:00+00:00,1692.88300,1695.09500,1687.41400,1692.25600,22788
2012-09-06 00:00:00+00:00,1692.30200,1713.76300,1691.62700,1698.92400,34560
2012-09-07 00:00:00+00:00,1698.86400,1741.98400,1689.12300,1735.75800,31301
2012-09-08 00:00:00+00:00,1735.75800,1735.75800,1735.75800,1735.75800,1
2012-09-09 00:00:00+00:00,1735.75800,1736.18000,1733.70600,1736.18000,785
2012-09-10 00:00:00+00:00,1736.22400,1740.04900,1724.86200,1728.07600,22272
2012-09-11 00:00:00+00:00,1728.03500,1738.04800,1726.95200,1733.69700,21400
2012-09-12 00:00:00+00:00,1733.73900,1747.14300,1725.38400,1732.29100,33654
2012-09-13 00:00:00+00:00,1732.34300,1772.79800,1718.91200,1768.31600,44076
2012-09-14 00:00:00+00:00,1768.36100,1777.93400,1765.69500,1770.46500,36894
2012-09-16 00:00:00+00:00,1770.46500,1776.62100,1770.46500,1774.38400,1855
2012-09-17 00:00:00+00:00,1774.44400,1776.48200,1754.19500,1760.66900,27461
2012-09-18 00:00:00+00:00,1760.62600,1773.49000,1752.39200,1768.48400,34235
2012-09-19 00:00:00+00:00,1768.52600,1779.45900,1762.25800,1771.24400,32708
2012-09-20 00:00:00+00:00,1771.20300,1772.31000,1756.04000,1769.28600,30669
2012-09-21 00:00:00+00:00,1769.35000,1787.58400,1769.06600,1773.07400,32531
2012-09-22 00:00:00+00:00,1773.07400,1773.07400,1773.07400,1773.07400,2
2012-09-23 00:00:00+00:00,1773.07400,1773.07400,1770.11200,1770.11200,579
2012-09-24 00:00:00+00:00,1770.06000,1770.27600,1755.74300,1764.69500,29723
2012-09-25 00:00:00+00:00,1764.75400,1775.11000,1758.87600,1760.88500,30588
2012-09-26 00:00:00+00:00,1760.83400,1765.62000,1736.57200,1754.81000,31456
2012-09-27 00:00:00+00:00,1754.76400,1780.38900,1753.07600,1777.37400,31726
2012-09-28 00:00:00+00:00,1777.42800,1783.27800,1767.42600,1772.26200,34237
2012-09-30 00:00:00+00:00,1772.26200,1772.26200,1765.65000,1765.79400,1089
2012-10-01 00:00:00+00:00,1765.74900,1791.74400,1763.54900,1777.40400,37550
2012-10-02 00:00:00+00:00,1777.44900,1784.37100,1770.72000,1773.11700,31366
2012-10-03 00:00:00+00:00,1773.07400,1781.86500,1771.03500,1780.14800,28791
2012-10-04 00:00:00+00:00,1780.19400,1795.30100,1778.11600,1792.52800,29963
2012-10-05 00:00:00+00:00,1792.47600,1796.00100,1773.12700,1780.75700,28160
2012-10-07 00:00:00+00:00,1780.75700,1780.75700,1776.68200,1779.04800,609
2012-10-08 00:00:00+00:00,1779.08900,1779.63000,1766.76300,1777.64500,23674
2012-10-09 00:00:00+00:00,1777.60300,1779.81500,1760.57700,1762.83000,29774
2012-10-10 00:00:00+00:00,1762.87200,1768.28000,1757.09300,1761.30800,27252
2012-10-11 00:00:00+00:00,1761.36800,1774.97600,1758.69300,1769.15400,24947
2012-10-12 00:00:00+00:00,1769.11100,1773.37000,1752.26500,1753.99200,24819
2012-10-14 00:00:00+00:00,1753.99200,1754.08300,1741.76800,1742.46000,2808
2012-10-15 00:00:00+00:00,1742.53700,1749.20800,1728.65900,1735.93000,26357
2012-10-16 00:00:00+00:00,1735.97400,1750.08000,1734.92600,1749.32200,20424
2012-10-17 00:00:00+00:00,1749.28100,1753.67100,1742.93900,1748.43000,21580
2012-10-18 00:00:00+00:00,1748.47200,1752.19700,1738.26500,1742.14500,21015
2012-10-19 00:00:00+00:00,1742.09500,1743.14100,1716.42700,1721.71700,26403
2012-10-21 00:00:00+00:00,1721.71700,1721.71700,1713.81900,1718.12500,1367
2012-10-22 00:00:00+00:00,1718.07300,1730.34600,1717.74000,1728.15700,20511
2012-10-23 00:00:00+00:00,1728.20000,1729.47800,1704.09200,1710.93900,26830
2012-10-24 00:00:00+00:00,1710.98300,1714.38800,1698.73600,1705.20700,28666
2012-10-25 00:00:00+00:00,1705.15100,1718.08800,1704.90500,1713.84600,22299
2012-10-26 00:00:00+00:00,1713.80300,1718.89200,1700.93500,1711.26800,26839
2012-10-28 00:00:00+00:00,1711.17700,1714.13200,1710.33600,1713.96200,986
2012-10-29 00:00:00+00:00,1714.00400,1717.36000,1705.28100,1708.36500,15167
2012-10-30 00:00:00+00:00,1708.32100,1715.29200,1706.65900,1711.44800,13913
2012-10-31 00:00:00+00:00,1711.40200,1726.09700,1710.99600,1719.95700,21126
2012-11-01 00:00:00+00:00,1720.31700,1727.07100,1713.72200,1715.93800,20665
2012-11-02 00:00:00+00:00,1715.89100,1716.72900,1674.69500,1677.98200,31194
2012-11-04 00:00:00+00:00,1677.98200,1682.36700,1676.32400,1682.36700,667
2012-11-05 00:00:00+00:00,1682.32700,1686.86900,1672.73800,1686.30700,21355
2012-11-06 00:00:00+00:00,1686.26700,1720.98200,1683.74900,1711.49400,25370
2012-11-07 00:00:00+00:00,1711.54100,1732.15900,1703.22500,1717.12400,44435
2012-11-08 00:00:00+00:00,1717.17700,1735.16000,1712.87000,1732.23700,29126
2012-11-09 00:00:00+00:00,1732.19200,1738.95700,1727.17200,1731.10600,30216
2012-11-11 00:00:00+00:00,1731.56000,1736.73600,1731.56000,1734.99000,763
2012-11-12 00:00:00+00:00,1734.94300,1738.10900,1725.92700,1726.65700,20704
2012-11-13 00:00:00+00:00,1726.61500,1733.12500,1717.96500,1726.46900,27120
2012-11-14 00:00:00+00:00,1726.42700,1734.11600,1720.86300,1724.52800,26610
2012-11-15 00:00:00+00:00,1724.48100,1728.06300,1704.88400,1715.76800,30554
2012-11-16 00:00:00+00:00,1715.71000,1717.10800,1705.89400,1713.96200,26164
2012-11-18 00:00:00+00:00,1714.72000,1718.52300,1714.24900,1717.68100,581
2012-11-19 00:00:00+00:00,1717.72700,1735.70800,1716.22600,1730.16500,20796
2012-11-20 00:00:00+00:00,1730.11800,1735.59300,1722.23100,1726.64300,22021
2012-11-21 00:00:00+00:00,1726.60200,1732.09500,1719.68500,1730.87900,20589
2012-11-22 00:00:00+00:00,1730.83700,1732.62700,1728.24400,1729.86900,8496
2012-11-23 00:00:00+00:00,1729.91300,1754.49000,1728.99600,1750.79200,16964
2012-11-25 00:00:00+00:00,1751.54900,1751.61900,1749.80400,1750.56400,540
2012-11-26 00:00:00+00:00,1750.60900,1752.24400,1746.12500,1749.68600,20232
2012-11-27 00:00:00+00:00,1749.73300,1751.91400,1740.58500,1742.00100,21471
2012-11-28 00:00:00+00:00,1742.04400,1743.17700,1705.89000,1722.57900,30693
2012-11-29 00:00:00+00:00,1722.62500,1728.71200,1718.14600,1726.07200,22707
2012-11-30 00:00:00+00:00,1726.11300,1731.81100,1708.57100,1714.87800,26278
2012-12-02 00:00:00+00:00,1714.87800,1717.85000,1714.39600,1716.77400,500
2012-12-03 00:00:00+00:00,1716.72600,1722.76700,1712.83700,1716.00000,22115
2012-12-04 00:00:00+00:00,1715.95100,1716.58100,1691.43400,1695.28300,29580
2012-12-05 00:00:00+00:00,1695.33000,1706.98300,1684.86000,1692.60500,24928
2012-12-06 00:00:00+00:00,1692.56300,1703.38900,1686.04900,1700.32600,27002
2012-12-07 00:00:00+00:00,1700.36900,1705.55700,1684.00800,1704.26600,27143
2012-12-09 00:00:00+00:00,1703.28600,1705.23000,1702.87900,1703.65600,427
2012-12-10 00:00:00+00:00,1703.69700,1717.34500,1702.97700,1711.64700,14967
2012-12-11 00:00:00+00:00,1711.60600,1714.51500,1704.94900,1709.31900,16992
2012-12-12 00:00:00+00:00,1709.36400,1723.45300,1707.51800,1709.20500,207710
2012-12-13 00:00:00+00:00,1709.20300,1709.96600,1689.61400,1696.83200,93882
2012-12-14 00:00:00+00:00,1696.83800,1700.60700,1693.43200,1696.06400,81526
2012-12-16 00:00:00+00:00,1697.10100,1699.95600,1695.28800,1695.44200,1838
2012-12-17 00:00:00+00:00,1695.43600,1699.47800,1686.65800,1697.26600,69751
2012-12-18 00:00:00+00:00,1697.29000,1703.29600,1661.04600,1676.52400,95836
2012-12-19 00:00:00+00:00,1676.51400,1676.95000,1663.54200,1667.72000,88380
2012-12-20 00:00:00+00:00,1667.70900,1672.01200,1635.83800,1648.57300,111827
2012-12-21 00:00:00+00:00,1648.57700,1659.85500,1635.80700,1657.03800,97720
2012-12-23 00:00:00+00:00,1656.89600,1659.06600,1656.78100,1658.29800,1910
2012-12-24 00:00:00+00:00,1658.28800,1665.97400,1652.11500,1658.45400,48509
2012-12-26 00:00:00+00:00,1658.45400,1668.08300,1656.75700,1658.96000,24724
2012-12-27 00:00:00+00:00,1658.98400,1666.50200,1652.73800,1662.21500,68088
2012-12-28 00:00:00+00:00,1662.23600,1665.21200,1653.82600,1656.08800,63117
2012-12-30 00:00:00+00:00,1655.62600,1657.76400,1655.62600,1657.27800,1277
2012-12-31 00:00:00+00:00,1657.29000,1680.52000,1656.79600,1676.24400,54463
2013-01-02 00:00:00+00:00,1673.52400,1694.97200,1673.13600,1687.39200,90511
2013-01-03 00:00:00+00:00,1687.44600,1690.11000,1660.97000,1661.13800,100676
2013-01-04 00:00:00+00:00,1661.14000,1662.29400,1626.02200,1655.77000,163509
2013-01-06 00:00:00+00:00,1656.49000,1658.86600,1656.04400,1656.92800,3177
2013-01-07 00:00:00+00:00,1656.93200,1662.82800,1642.93200,1650.11700,103802
2013-01-08 00:00:00+00:00,1650.09200,1662.72100,1646.97300,1661.44300,113189
2013-01-09 00:00:00+00:00,1661.41400,1666.06200,1651.53800,1656.39800,84513
2013-01-10 00:00:00+00:00,1656.39200,1678.96000,1653.97200,1673.98700,92586
2013-01-11 00:00:00+00:00,1673.96600,1676.97400,1653.48800,1662.87800,102550
2013-01-12 00:00:00+00:00,1662.87800,1662.87800,1662.87800,1662.87800,1
2013-01-13 00:00:00+00:00,1660.70800,1663.10900,1660.21600,1660.92800,2584
2013-01-14 00:00:00+00:00,1660.93200,1675.01200,1660.89800,1668.08000,74590
2013-01-15 00:00:00+00:00,1668.08700,1685.22100,1666.63700,1681.18300,101713
2013-01-16 00:00:00+00:00,1681.16000,1684.91000,1673.68600,1680.63400,77414
2013-01-17 00:00:00+00:00,1680.65300,1697.29200,1666.86100,1687.61800,111871
2013-01-18 00:00:00+00:00,1687.59800,1695.39700,1683.81200,1684.39400,87216
2013-01-20 00:00:00+00:00,1686.36000,1689.74100,1685.16000,1688.67000,2946
2013-01-21 00:00:00+00:00,1688.63500,1691.40400,1685.96800,1689.77300,50704
2013-01-22 00:00:00+00:00,1689.76300,1696.17000,1686.83000,1692.84800,79000
2013-01-23 00:00:00+00:00,1692.85000,1695.16600,1683.83500,1685.02900,69160
2013-01-24 00:00:00+00:00,1685.02300,1685.75100,1665.12500,1667.88400,96381
2013-01-25 00:00:00+00:00,1667.86200,1672.37200,1656.04300,1658.77000,104480
2013-01-27 00:00:00+00:00,1659.38600,1660.65000,1658.63600,1659.50800,1699
2013-01-28 00:00:00+00:00,1659.50200,1662.53300,1652.11600,1657.37200,67310
2013-01-29 00:00:00+00:00,1657.39000,1666.16800,1656.92800,1664.34400,65687
2013-01-30 00:00:00+00:00,1664.29600,1684.09400,1662.96200,1676.95300,95044
2013-01-31 00:00:00+00:00,1676.95800,1680.85600,1658.01200,1663.00400,94350
2013-02-01 00:00:00+00:00,1663.04300,1682.44200,1660.12400,1667.45800,112220
2013-02-03 00:00:00+00:00,1668.85800,1669.14800,1665.55400,1667.26800,2305
2013-02-04 00:00:00+00:00,1667.28400,1677.70800,1661.55500,1674.50000,78575
2013-02-05 00:00:00+00:00,1674.50200,1685.48400,1666.76100,1675.00300,93064
2013-02-06 00:00:00+00:00,1674.97900,1679.87900,1668.32500,1678.58400,73402
2013-02-07 00:00:00+00:00,1678.59000,1683.23700,1663.19000,1671.26000,111159
2013-02-08 00:00:00+00:00,1671.23600,1673.65500,1665.24000,1667.31400,82557
2013-02-10 00:00:00+00:00,1667.80400,1668.40200,1666.33600,1666.81400,1559
2013-02-11 00:00:00+00:00,1666.80000,1669.74400,1643.81500,1648.67700,115856
2013-02-12 00:00:00+00:00,1648.68300,1653.44900,1639.35200,1651.81300,147804
2013-02-13 00:00:00+00:00,1651.81000,1653.95600,1640.54200,1644.44800,147538
2013-02-14 00:00:00+00:00,1644.44000,1650.14100,1632.96600,1635.39600,181660
2013-02-15 00:00:00+00:00,1635.38800,1636.12000,1598.01000,1610.08400,224020
2013-02-17 00:00:00+00:00,1610.02400,1613.15600,1609.15900,1613.04800,364
2013-02-18 00:00:00+00:00,1613.12700,1618.91200,1607.29300,1614.34000,15419
2013-02-19 00:00:00+00:00,1614.38500,1615.28900,1600.89400,1605.29400,19623
2013-02-20 00:00:00+00:00,1605.23000,1609.55900,1558.78300,1570.57800,24682
2013-02-21 00:00:00+00:00,1570.50800,1585.11000,1555.12300,1578.84000,23454
2013-02-22 00:00:00+00:00,1578.77700,1587.29300,1570.07900,1581.38200,16054
2013-02-24 00:00:00+00:00,1580.19700,1581.09700,1578.18500,1578.63800,380
2013-02-25 00:00:00+00:00,1578.70000,1597.08600,1575.30300,1595.09800,33830
2013-02-26 00:00:00+00:00,1595.09000,1620.16600,1584.26600,1613.59000,284261
2013-02-27 00:00:00+00:00,1613.51000,1614.96000,1592.45800,1597.16800,166752
2013-02-28 00:00:00+00:00,1597.16200,1603.10200,1575.05200,1581.06200,200278
2013-03-01 00:00:00+00:00,1581.16000,1587.38400,1564.93700,1576.35000,209537
2013-03-03 00:00:00+00:00,1578.91800,1581.85800,1578.62700,1579.39000,4682
2013-03-04 00:00:00+00:00,1579.38200,1585.03400,1569.52900,1575.46200,157756
2013-03-05 00:00:00+00:00,1575.46000,1586.64800,1572.16900,1577.44600,146166
2013-03-06 00:00:00+00:00,1577.43600,1585.47000,1567.40000,1582.23900,166673
2013-03-07 00:00:00+00:00,1582.23600,1585.62800,1575.05600,1579.87300,149059
2013-03-08 00:00:00+00:00,1579.88000,1583.98200,1561.55200,1578.79300,212143
2013-03-10 00:00:00+00:00,1579.35000,1579.69100,1577.58600,1578.81500,4052
2013-03-11 00:00:00+00:00,1578.81200,1583.34600,1575.66600,1582.04000,109051
2013-03-12 00:00:00+00:00,1582.04200,1598.47500,1580.08200,1592.72600,132639
2013-03-13 00:00:00+00:00,1592.71200,1599.49800,1585.63200,1588.22700,146436
2013-03-14 00:00:00+00:00,1588.22600,1593.40200,1576.85400,1589.80100,157763
2013-03-15 00:00:00+00:00,1589.80400,1598.99100,1588.66700,1592.07600,104749
2013-03-17 00:00:00+00:00,1598.72300,1608.74300,1598.72300,1604.09900,14240
2013-03-18 00:00:00+00:00,1604.11700,1611.25200,1591.22600,1605.92500,175809
2013-03-19 00:00:00+00:00,1605.92600,1615.71000,1600.17000,1612.61600,153855
2013-03-20 00:00:00+00:00,1612.65800,1614.86600,1600.82700,1606.28000,72275
2013-03-21 00:00:00+00:00,1606.29800,1616.95800,1604.63200,1615.81100,92396
2013-03-22 00:00:00+00:00,1615.79200,1615.81600,1603.66200,1608.76200,86698
2013-03-24 00:00:00+00:00,1609.45000,1610.80700,1602.61600,1606.58600,5098
2013-03-25 00:00:00+00:00,1606.57600,1613.77800,1589.82800,1606.18600,117188
2013-03-26 00:00:00+00:00,1606.20100,1606.20100,1594.65000,1600.21600,89687
2013-03-27 00:00:00+00:00,1600.22200,1608.43400,1591.56400,1605.28400,93760
2013-03-28 00:00:00+00:00,1605.34600,1607.76600,1594.05600,1596.94600,98475
2013-03-31 00:00:00+00:00,1597.69500,1601.21200,1595.89300,1596.67900,4644
2013-04-01 00:00:00+00:00,1596.68200,1602.23600,1594.86400,1601.73100,71751
2013-04-02 00:00:00+00:00,1601.74300,1604.01700,1573.86200,1576.53600,110064
2013-04-03 00:00:00+00:00,1576.52800,1577.22000,1549.88600,1555.14000,160865
2013-04-04 00:00:00+00:00,1555.18100,1556.92800,1540.20800,1552.67200,178020
2013-04-05 00:00:00+00:00,1552.67400,1581.35200,1549.46200,1581.13600,161855
2013-04-07 00:00:00+00:00,1582.56800,1583.27000,1577.42200,1577.45600,4596
2013-04-08 00:00:00+00:00,1577.47100,1581.02300,1567.39600,1572.16200,98083
2013-04-09 00:00:00+00:00,1572.14800,1590.39000,1570.60400,1585.56000,112366
2013-04-10 00:00:00+00:00,1585.53400,1588.79100,1553.71800,1555.68000,152482
2013-04-11 00:00:00+00:00,1555.66000,1568.50000,1553.51500,1561.99600,123932
2013-04-12 00:00:00+00:00,1562.02400,1564.76100,1480.89800,1483.18700,265374
2013-04-13 00:00:00+00:00,1483.18700,1483.18700,1483.18700,1483.18700,2
2013-04-14 00:00:00+00:00,1481.41000,1490.62000,1477.70200,1490.06400,19157
2013-04-15 00:00:00+00:00,1490.07400,1495.67600,1335.70200,1351.98000,717548
2013-04-16 00:00:00+00:00,1351.96800,1403.77500,1321.93600,1371.24600,531819
2013-04-17 00:00:00+00:00,1371.24900,1395.24800,1365.16300,1373.45200,367258
2013-04-18 00:00:00+00:00,1373.44200,1402.27200,1337.04700,1394.51600,329417
2013-04-19 00:00:00+00:00,1394.51900,1425.09200,1386.03800,1403.83400,234696
2013-04-21 00:00:00+00:00,1407.15400,1409.18600,1404.75300,1408.69200,11732
2013-04-22 00:00:00+00:00,1408.69800,1439.22600,1403.96600,1424.31700,234212
2013-04-23 00:00:00+00:00,1424.30400,1432.93600,1404.89800,1414.27000,273273
2013-04-24 00:00:00+00:00,1414.28100,1434.06700,1414.28100,1430.13000,208736
2013-04-25 00:00:00+00:00,1430.12200,1474.04200,1427.23300,1473.35400,224491
2013-04-26 00:00:00+00:00,1473.36400,1485.45000,1448.28900,1462.32200,281843
2013-04-28 00:00:00+00:00,1466.44600,1468.14600,1462.39600,1465.23600,7912
2013-04-29 00:00:00+00:00,1465.25100,1479.01400,1462.88500,1473.61400,175690
2013-04-30 00:00:00+00:00,1473.61800,1480.41400,1461.25200,1476.18600,190717
2013-05-01 00:00:00+00:00,1476.35400,1478.06400,1440.61200,1459.01600,227353
2013-05-02 00:00:00+00:00,1458.99600,1473.95500,1448.92700,1467.96400,197573
2013-05-03 00:00:00+00:00,1467.95900,1488.08100,1456.33100,1470.85000,219695
2013-05-05 00:00:00+00:00,1470.25700,1470.82800,1468.38000,1470.78400,4233
2013-05-06 00:00:00+00:00,1470.77800,1479.08000,1464.76200,1467.45100,131023
2013-05-07 00:00:00+00:00,1467.41800,1470.31400,1441.39600,1450.30400,217772
2013-05-08 00:00:00+00:00,1450.29400,1476.95000,1447.81000,1472.07500,187730
2013-05-09 00:00:00+00:00,1472.07300,1476.49800,1453.46800,1455.71700,177188
2013-05-10 00:00:00+00:00,1455.71300,1462.32400,1419.77800,1448.30000,254663
2013-05-12 00:00:00+00:00,1449.75200,1449.75200,1437.44800,1437.86400,12182
2013-05-13 00:00:00+00:00,1437.86600,1439.78800,1426.06100,1435.49800,146084
2013-05-14 00:00:00+00:00,1435.51100,1445.67000,1421.32400,1430.19600,183335
2013-05-15 00:00:00+00:00,1430.14900,1430.17300,1388.87000,1396.16800,255775
2013-05-16 00:00:00+00:00,1396.14500,1398.27200,1369.80200,1387.29700,260960
2013-05-17 00:00:00+00:00,1387.30600,1393.13000,1355.41400,1359.50400,282833
2013-05-19 00:00:00+00:00,1360.28800,1365.70900,1338.78000,1348.57800,40045
2013-05-20 00:00:00+00:00,1348.58400,1399.71600,1338.28700,1389.05200,302043
2013-05-21 00:00:00+00:00,1389.06200,1401.73000,1359.86600,1377.37400,268115
2013-05-22 00:00:00+00:00,1377.38400,1414.59800,1354.68000,1363.35200,385829
2013-05-23 00:00:00+00:00,1363.32400,1398.28000,1356.85100,1388.12300,306926
2013-05-24 00:00:00+00:00,1388.13800,1398.43000,1382.59200,1386.63800,166427
2013-05-26 00:00:00+00:00,1387.28600,1388.68600,1384.52600,1386.31400,7227
2013-05-27 00:00:00+00:00,1386.30700,1396.81200,1384.55000,1396.34200,61135
2013-05-28 00:00:00+00:00,1396.35900,1402.05400,1373.76200,1380.93700,214643
2013-05-29 00:00:00+00:00,1380.95000,1395.51800,1380.54000,1392.68300,182327
2013-05-30 00:00:00+00:00,1392.62800,1418.21000,1388.94900,1415.26000,205316
2013-05-31 00:00:00+00:00,1415.25600,1422.08600,1385.00600,1387.96000,193480
2013-06-02 00:00:00+00:00,1389.56600,1395.13600,1389.20000,1394.63200,5967
2013-06-03 00:00:00+00:00,1394.62600,1417.06700,1390.93500,1412.90700,178796
2013-06-04 00:00:00+00:00,1412.92100,1415.17500,1389.12400,1398.74600,181537
2013-06-05 00:00:00+00:00,1398.74800,1410.66400,1395.89100,1401.34600,229402
2013-06-06 00:00:00+00:00,1401.32200,1423.72600,1391.85700,1411.91600,274636
2013-06-07 00:00:00+00:00,1411.92400,1417.99000,1377.90900,1382.94200,334040
2013-06-09 00:00:00+00:00,1383.42500,1388.32200,1378.31800,1384.50600,13929
2013-06-10 00:00:00+00:00,1384.50400,1389.06200,1375.95000,1384.21800,193746
2013-06-11 00:00:00+00:00,1384.21200,1387.02300,1366.08700,1377.73800,254017
2013-06-12 00:00:00+00:00,1377.74200,1394.75000,1373.93000,1386.34900,178298
2013-06-13 00:00:00+00:00,1386.34600,1395.08300,1374.58400,1385.73000,242985
2013-06-14 00:00:00+00:00,1385.70100,1392.66400,1378.53300,1390.53800,187865
2013-06-16 00:00:00+00:00,1391.22400,1391.30400,1389.23400,1390.30900,3149
2013-06-17 00:00:00+00:00,1390.26100,1392.09800,1380.60900,1384.56500,121021
2013-06-18 00:00:00+00:00,1384.57400,1386.13100,1361.18000,1369.28200,185009
2013-06-19 00:00:00+00:00,1369.26600,1376.70800,1343.21600,1346.46800,222211
2013-06-20 00:00:00+00:00,1346.45800,1348.27900,1274.52000,1274.54400,544311
2013-06-21 00:00:00+00:00,1274.53800,1302.55400,1269.63300,1296.35200,325383
2013-06-23 00:00:00+00:00,1297.66800,1301.54400,1297.05000,1300.44000,8820
2013-06-24 00:00:00+00:00,1300.44800,1301.40600,1276.21600,1284.03800,269542
2013-06-25 00:00:00+00:00,1284.04400,1289.63700,1271.76400,1274.94900,239611
2013-06-26 00:00:00+00:00,1274.93800,1276.92000,1221.94600,1228.54200,472330
2013-06-27 00:00:00+00:00,1228.54000,1244.88000,1197.05000,1205.46100,368629
2013-06-28 00:00:00+00:00,1205.43400,1235.46400,1180.51200,1234.68600,417742
2013-06-30 00:00:00+00:00,1234.01500,1245.15200,1233.65000,1240.90800,17771
2013-07-01 00:00:00+00:00,1239.70700,1261.79400,1225.42600,1252.66200,290326
2013-07-02 00:00:00+00:00,1252.65800,1267.65200,1239.78000,1245.00500,258151
2013-07-03 00:00:00+00:00,1245.01600,1260.16000,1236.95400,1255.61800,256476
2013-07-04 00:00:00+00:00,1255.60300,1257.06400,1245.04900,1248.18500,140471
2013-07-05 00:00:00+00:00,1248.16800,1248.97700,1208.30600,1223.09500,287992
2013-07-07 00:00:00+00:00,1222.76500,1230.11100,1217.82200,1218.98000,13207
2013-07-08 00:00:00+00:00,1218.96300,1238.80000,1215.81100,1234.02600,201094
2013-07-09 00:00:00+00:00,1234.02100,1260.50900,1233.65800,1248.98200,218065
2013-07-10 00:00:00+00:00,1248.98400,1290.05900,1243.99800,1283.29100,317898
2013-07-11 00:00:00+00:00,1283.29900,1299.02000,1278.08300,1285.90700,288004
2013-07-12 00:00:00+00:00,1285.90400,1288.80700,1267.99000,1285.58900,185160
2013-07-14 00:00:00+00:00,1285.28700,1295.07100,1285.03600,1289.52900,12936
2013-07-15 00:00:00+00:00,1289.54300,1294.68200,1274.26200,1282.65000,167065
2013-07-16 00:00:00+00:00,1282.64600,1295.76000,1277.29100,1290.75600,203119
2013-07-17 00:00:00+00:00,1290.77200,1300.76400,1270.37000,1277.30200,300359
2013-07-18 00:00:00+00:00,1277.29300,1288.87600,1274.99600,1284.95700,193952
2013-07-19 00:00:00+00:00,1284.95400,1298.05400,1282.59600,1296.11100,159088
2013-07-21 00:00:00+00:00,1296.98900,1317.68600,1296.41600,1313.37000,22863
2013-07-22 00:00:00+00:00,1313.37400,1339.51200,1311.21200,1334.72600,223222
2013-07-23 00:00:00+00:00,1334.72400,1346.88100,1326.73800,1343.26500,197631
2013-07-24 00:00:00+00:00,1343.27100,1346.80200,1313.31900,1319.07200,257943
2013-07-25 00:00:00+00:00,1319.08000,1337.95600,1309.04700,1335.84600,223658
2013-07-26 00:00:00+00:00,1335.85400,1340.99500,1312.54600,1333.27400,210569
2013-07-28 00:00:00+00:00,1334.03600,1335.06000,1330.47800,1331.05100,6496
2013-07-29 00:00:00+00:00,1331.07800,1338.46400,1322.99100,1326.38000,165289
2013-07-30 00:00:00+00:00,1326.39400,1330.20000,1317.43500,1328.03000,143927
2013-07-31 00:00:00+00:00,1328.03800,1339.36800,1305.96800,1326.42600,283522
2013-08-01 00:00:00+00:00,1326.33400,1331.24000,1303.01600,1307.38600,249973
2013-08-02 00:00:00+00:00,1307.39400,1318.68700,1283.31300,1311.83200,269425
2013-08-04 00:00:00+00:00,1312.47900,1315.15800,1311.46200,1312.64200,5620
2013-08-05 00:00:00+00:00,1312.64600,1320.86600,1297.67200,1303.91800,149434
2013-08-06 00:00:00+00:00,1303.91200,1307.17400,1279.38400,1282.39300,224690
2013-08-07 00:00:00+00:00,1282.40000,1289.57700,1272.96400,1284.98800,198777
2013-08-08 00:00:00+00:00,1284.99600,1314.54300,1283.86200,1312.92400,230919
2013-08-09 00:00:00+00:00,1312.91500,1317.34600,1305.03700,1314.50000,174256
2013-08-11 00:00:00+00:00,1315.07000,1333.83200,1315.04400,1329.37300,20966
2013-08-12 00:00:00+00:00,1329.36600,1344.07200,1323.02200,1333.14000,214860
2013-08-13 00:00:00+00:00,1333.13600,1341.49300,1318.88000,1321.60800,275302
2013-08-14 00:00:00+00:00,1321.60100,1346.54800,1316.00600,1342.67200,231947
2013-08-15 00:00:00+00:00,1342.70700,1370.25400,1318.91700,1363.16800,373192
2013-08-16 00:00:00+00:00,1363.17200,1379.81700,1357.80400,1376.70200,317124
2013-08-18 00:00:00+00:00,1374.86800,1381.25400,1374.86300,1377.00100,11089
2013-08-19 00:00:00+00:00,1377.00800,1384.65200,1362.57500,1367.54800,237693
2013-08-20 00:00:00+00:00,1367.55500,1377.76300,1352.42400,1368.80000,255321
2013-08-21 00:00:00+00:00,1368.78300,1379.25000,1355.36500,1358.79200,297884
2013-08-22 00:00:00+00:00,1358.80300,1382.00500,1356.51800,1374.92000,245913
2013-08-23 00:00:00+00:00,1374.92600,1400.18700,1368.79500,1397.77800,246840
2013-08-25 00:00:00+00:00,1398.01200,1406.96600,1390.76400,1396.14100,15413
2013-08-26 00:00:00+00:00,1396.11600,1405.23400,1389.55200,1402.95600,190224
2013-08-27 00:00:00+00:00,1402.93600,1423.83700,1395.68300,1418.82400,256017
2013-08-28 00:00:00+00:00,1418.86200,1433.77300,1413.59600,1417.98200,287941
2013-08-29 00:00:00+00:00,1417.98600,1418.17400,1402.58600,1404.29000,271056
2013-08-30 00:00:00+00:00,1404.27900,1411.34400,1392.31600,1395.28800,219403
2013-09-01 00:00:00+00:00,1393.16700,1394.17400,1374.03000,1380.67400,16508
2013-09-02 00:00:00+00:00,1380.67000,1398.35200,1379.70900,1393.93600,129009
2013-09-03 00:00:00+00:00,1393.93400,1416.44200,1384.62900,1411.55900,218527
2013-09-04 00:00:00+00:00,1411.57200,1415.05000,1384.85400,1393.71200,214861
2013-09-05 00:00:00+00:00,1393.70900,1400.07000,1365.12600,1369.28100,250098
2013-09-06 00:00:00+00:00,1369.29000,1393.55600,1359.09200,1391.87000,233326
2013-09-08 00:00:00+00:00,1391.53200,1394.60600,1385.35000,1388.91200,10646
2013-09-09 00:00:00+00:00,1388.90800,1391.89500,1382.16000,1386.91600,110626
2013-09-10 00:00:00+00:00,1386.92200,1387.25200,1357.96400,1366.38100,162658
2013-09-11 00:00:00+00:00,1366.38600,1368.77000,1356.85200,1365.11400,136535
2013-09-12 00:00:00+00:00,1365.12600,1365.94700,1320.75400,1327.31800,228667
2013-09-13 00:00:00+00:00,1327.30900,1331.04500,1305.01300,1326.31100,237612
2013-09-15 00:00:00+00:00,1333.53000,1334.94000,1325.54000,1330.14200,18778
2013-09-16 00:00:00+00:00,1330.15000,1333.00600,1303.10200,1313.01000,209982
2013-09-17 00:00:00+00:00,1313.00400,1324.04300,1305.54200,1306.76400,185679
2013-09-18 00:00:00+00:00,1306.75500,1368.41000,1291.98100,1368.01800,324060
2013-09-19 00:00:00+00:00,1368.01300,1375.45300,1358.78200,1365.78300,256226
2013-09-20 00:00:00+00:00,1365.80200,1366.59500,1324.99500,1325.99600,254724
2013-09-22 00:00:00+00:00,1327.59100,1330.58600,1323.73300,1329.85000,9824
2013-09-23 00:00:00+00:00,1329.83100,1332.00600,1313.60400,1327.13200,220561
2013-09-24 00:00:00+00:00,1327.13600,1329.41200,1305.81900,1325.29000,243271
2013-09-25 00:00:00+00:00,1325.30000,1338.20600,1316.70700,1332.32200,214149
2013-09-26 00:00:00+00:00,1332.33000,1339.49600,1318.97600,1324.16000,215137
2013-09-27 00:00:00+00:00,1324.15200,1344.30800,1319.89000,1336.61600,247732
2013-09-29 00:00:00+00:00,1341.93400,1352.16500,1335.58200,1340.36600,15721
2013-09-30 00:00:00+00:00,1340.36200,1343.43200,1322.80400,1328.96000,182668
2013-10-01 00:00:00+00:00,1328.73300,1337.53500,1282.53800,1289.11200,309024
2013-10-02 00:00:00+00:00,1289.09200,1324.04300,1277.99000,1315.10600,267499
2013-10-03 00:00:00+00:00,1315.09700,1322.48400,1302.14200,1316.68600,243397
2013-10-04 00:00:00+00:00,1316.70000,1325.16300,1305.69300,1310.91100,192002
2013-10-06 00:00:00+00:00,1311.65400,1316.21800,1311.51800,1313.73200,7493
2013-10-07 00:00:00+00:00,1313.72200,1329.17000,1308.60400,1323.28400,164922
2013-10-08 00:00:00+00:00,1323.28900,1330.10800,1315.71300,1320.51600,222333
2013-10-09 00:00:00+00:00,1320.50600,1321.93000,1294.75800,1302.99600,273759
2013-10-10 00:00:00+00:00,1302.97200,1311.92900,1281.77900,1288.08300,263538
2013-10-11 00:00:00+00:00,1288.09900,1294.78400,1261.14600,1272.13300,304127
2013-10-13 00:00:00+00:00,1274.90900,1279.30000,1272.94600,1273.02200,11447
2013-10-14 00:00:00+00:00,1273.00600,1290.26500,1268.68700,1272.29000,238967
2013-10-15 00:00:00+00:00,1272.29700,1288.17200,1251.69100,1275.46900,368957
2013-10-16 00:00:00+00:00,1275.46600,1288.87600,1269.34500,1281.25000,316692
2013-10-17 00:00:00+00:00,1281.24400,1324.51200,1274.55400,1316.08400,369399
2013-10-18 00:00:00+00:00,1316.06400,1329.13800,1311.86800,1315.76000,179310
2013-10-20 00:00:00+00:00,1316.33100,1319.60800,1313.24000,1317.66600,8192
2013-10-21 00:00:00+00:00,1317.66500,1324.27100,1313.73100,1315.66700,142076
2013-10-22 00:00:00+00:00,1315.67000,1344.88400,1310.24400,1339.49900,208185
2013-10-23 00:00:00+00:00,1339.49800,1342.35100,1329.13300,1332.45300,163183
2013-10-24 00:00:00+00:00,1332.45800,1352.07500,1332.37300,1346.85900,188927
2013-10-25 00:00:00+00:00,1346.87400,1355.75200,1336.45800,1350.70800,171398
2013-10-27 00:00:00+00:00,1353.24700,1354.06000,1348.95300,1349.14600,5615
2013-10-28 00:00:00+00:00,1349.15700,1361.93600,1346.47600,1353.27000,145868
2013-10-29 00:00:00+00:00,1353.26200,1360.60100,1340.25200,1343.54600,180117
2013-10-30 00:00:00+00:00,1343.54900,1359.66200,1334.74600,1338.60600,238399
2013-10-31 00:00:00+00:00,1338.60700,1342.10600,1319.20200,1323.33400,219603
2013-11-01 00:00:00+00:00,1323.33800,1327.58400,1306.16000,1316.20700,184057
2013-11-03 00:00:00+00:00,1314.43500,1316.14000,1313.29800,1314.13700,3154
2013-11-04 00:00:00+00:00,1314.13000,1322.66400,1311.24000,1315.30100,113347
2013-11-05 00:00:00+00:00,1315.29800,1320.01400,1305.91400,1312.85300,137457
2013-11-06 00:00:00+00:00,1312.85600,1322.23800,1309.28200,1317.88400,121899
2013-11-07 00:00:00+00:00,1317.88400,1326.51000,1296.64600,1309.64300,220249
2013-11-08 00:00:00+00:00,1309.62100,1313.89900,1281.17900,1288.72900,187267
2013-11-10 00:00:00+00:00,1288.83400,1288.95000,1286.48400,1287.32300,3548
2013-11-11 00:00:00+00:00,1287.30100,1288.32700,1279.23800,1282.56800,113969
2013-11-12 00:00:00+00:00,1282.56200,1285.80400,1261.50500,1267.69000,182959
2013-11-13 00:00:00+00:00,1267.67000,1287.10200,1265.97200,1285.15100,191784
2013-11-14 00:00:00+00:00,1285.17100,1294.44400,1278.20000,1287.15800,212294
2013-11-15 00:00:00+00:00,1287.15400,1291.32800,1280.50200,1290.44900,117147
2013-11-17 00:00:00+00:00,1290.00500,1290.00500,1288.30600,1288.30600,4917
2013-11-18 00:00:00+00:00,1288.30000,1288.55400,1270.17800,1274.35700,145536
2013-11-19 00:00:00+00:00,1274.36000,1278.99300,1269.26800,1275.37100,144837
2013-11-20 00:00:00+00:00,1275.36700,1276.49400,1241.18400,1247.13600,270703
2013-11-21 00:00:00+00:00,1247.13000,1250.56700,1236.86800,1244.31200,173529
2013-11-22 00:00:00+00:00,1244.32600,1249.00600,1241.23100,1243.73800,126273
2013-11-24 00:00:00+00:00,1242.69100,1243.68600,1237.39800,1240.76100,10569
2013-11-25 00:00:00+00:00,1240.74400,1258.37200,1225.69300,1253.10000,175800
2013-11-26 00:00:00+00:00,1253.10800,1255.33600,1239.80400,1243.62200,113580
2013-11-27 00:00:00+00:00,1243.62200,1254.89100,1234.79400,1238.49400,135926
2013-11-28 00:00:00+00:00,1238.49400,1245.93400,1236.62400,1244.34400,60291
2013-11-29 00:00:00+00:00,1244.33800,1254.94200,1240.91400,1251.21500,80350
2013-12-01 00:00:00+00:00,1251.31000,1251.57600,1247.71400,1248.16400,3178
2013-12-02 00:00:00+00:00,1248.20600,1249.06500,1217.89200,1223.13600,173783
2013-12-03 00:00:00+00:00,1223.09200,1226.40200,1215.42200,1224.72600,125672
2013-12-04 00:00:00+00:00,1224.73200,1251.83600,1211.78200,1238.11600,217953
2013-12-05 00:00:00+00:00,1238.11200,1241.72000,1217.15200,1226.28800,204094
2013-12-06 00:00:00+00:00,1226.29100,1245.02000,1212.42900,1228.95200,215376
2013-12-08 00:00:00+00:00,1230.46700,1232.27500,1228.33700,1228.33700,2446
2013-12-09 00:00:00+00:00,1228.33500,1243.20300,1225.38400,1238.90600,105003
2013-12-10 00:00:00+00:00,1238.87700,1267.96400,1238.02800,1261.19700,160199
2013-12-11 00:00:00+00:00,1261.19000,1263.46700,1251.24200,1254.14800,152586
2013-12-12 00:00:00+00:00,1254.15300,1257.08000,1224.05600,1227.95200,180707
2013-12-13 00:00:00+00:00,1227.90600,1238.96200,1220.64400,1238.89200,144336
2013-12-15 00:00:00+00:00,1238.46200,1238.52600,1236.12400,1236.16000,2628
2013-12-16 00:00:00+00:00,1236.15800,1252.12800,1227.91600,1240.39000,169840
2013-12-17 00:00:00+00:00,1240.40200,1248.20200,1227.40200,1233.94200,187353
2013-12-18 00:00:00+00:00,1233.95000,1244.76200,1215.96600,1219.33800,252587
2013-12-19 00:00:00+00:00,1219.31800,1226.70000,1187.24000,1191.78000,289662
2013-12-20 00:00:00+00:00,1191.78800,1207.67100,1190.99100,1203.35600,176026
2013-12-22 00:00:00+00:00,1204.16100,1205.83100,1203.57600,1204.06400,2986
2013-12-23 00:00:00+00:00,1204.06100,1206.34200,1192.83200,1198.53000,136536
2013-12-24 00:00:00+00:00,1198.53200,1205.65600,1196.27400,1204.04600,65975
2013-12-25 00:00:00+00:00,1204.90300,1205.19100,1202.41400,1202.51000,3051
2013-12-26 00:00:00+00:00,1202.51800,1216.02100,1201.29600,1209.30800,98383
2013-12-27 00:00:00+00:00,1209.29900,1219.08000,1209.11800,1213.40400,126253
2013-12-29 00:00:00+00:00,1213.40400,1216.30400,1212.77400,1213.50500,3672
2013-12-30 00:00:00+00:00,1213.49500,1214.19200,1194.93400,1198.69000,124586
2013-12-31 00:00:00+00:00,1198.69400,1214.88800,1182.44500,1205.09400,162946
2014-01-01 00:00:00+00:00,1205.18600,1206.11800,1203.66600,1206.11800,2457
2014-01-02 00:00:00+00:00,1206.12400,1230.92800,1205.04800,1223.90500,209960
2014-01-03 00:00:00+00:00,1223.89800,1240.47800,1223.54800,1236.89600,170652
2014-01-05 00:00:00+00:00,1237.60300,1238.60200,1234.03400,1234.27900,4176
2014-01-06 00:00:00+00:00,1234.27100,1248.48600,1214.40000,1237.87200,178513
2014-01-07 00:00:00+00:00,1237.87600,1245.40800,1225.11600,1229.48400,143571
2014-01-08 00:00:00+00:00,1229.49200,1232.05400,1218.56200,1226.38600,183113
2014-01-09 00:00:00+00:00,1226.39800,1231.66200,1223.66600,1229.02900,121876
2014-01-10 00:00:00+00:00,1229.01800,1249.10600,1227.26900,1248.31000,180863
2014-01-12 00:00:00+00:00,1248.34300,1250.59600,1247.59200,1248.85400,5284
2014-01-13 00:00:00+00:00,1248.86300,1255.25800,1243.80100,1254.26700,123277
2014-01-14 00:00:00+00:00,1254.27200,1255.43700,1241.86500,1243.51200,134271
2014-01-15 00:00:00+00:00,1243.51200,1244.19600,1234.29000,1241.15000,126833
2014-01-16 00:00:00+00:00,1241.19200,1245.44300,1236.48000,1242.25800,97179
2014-01-17 00:00:00+00:00,1242.26200,1255.04600,1237.90800,1253.86800,120565
2014-01-19 00:00:00+00:00,1253.22000,1262.55600,1252.67700,1256.40400,8277
2014-01-20 00:00:00+00:00,1256.39400,1258.33400,1253.51900,1255.53100,49796
2014-01-21 00:00:00+00:00,1255.52400,1255.62100,1235.72000,1243.11600,122652
2014-01-22 00:00:00+00:00,1243.12500,1243.78400,1235.88600,1237.18100,78079
2014-01-23 00:00:00+00:00,1237.17100,1265.64700,1231.69600,1262.84200,178398
2014-01-24 00:00:00+00:00,1262.80900,1272.73300,1256.99700,1269.88400,174915
2014-01-26 00:00:00+00:00,1270.22000,1279.29000,1270.03500,1275.52000,9305
2014-01-27 00:00:00+00:00,1275.53000,1276.62500,1252.15600,1258.29000,189467
2014-01-28 00:00:00+00:00,1258.28800,1261.84600,1248.93900,1252.80400,143171
2014-01-29 00:00:00+00:00,1252.81500,1270.28000,1251.04200,1266.75400,193187
2014-01-30 00:00:00+00:00,1266.76400,1267.88200,1238.12300,1244.96200,177307
2014-01-31 00:00:00+00:00,1244.95600,1255.05400,1238.59400,1244.47600,155599
2014-02-02 00:00:00+00:00,1243.49600,1244.21900,1242.14800,1243.91000,3284
2014-02-03 00:00:00+00:00,1243.90500,1266.44000,1240.88600,1259.92000,171858
2014-02-04 00:00:00+00:00,1259.89800,1261.08000,1247.35800,1253.11300,134108
2014-02-05 00:00:00+00:00,1253.11600,1274.57200,1252.41200,1259.12700,170805
2014-02-06 00:00:00+00:00,1259.12000,1267.06500,1252.90900,1256.71400,142863
2014-02-07 00:00:00+00:00,1256.75000,1272.03200,1256.30200,1267.51800,173760
2014-02-09 00:00:00+00:00,1265.82800,1270.00400,1265.66300,1267.55000,4390
2014-02-10 00:00:00+00:00,1267.54400,1278.07200,1265.17400,1274.03900,114096
2014-02-11 00:00:00+00:00,1274.05200,1293.97400,1273.85500,1286.87300,192577
2014-02-12 00:00:00+00:00,1286.87000,1296.43200,1284.09000,1291.99100,129490
2014-02-13 00:00:00+00:00,1291.95500,1303.13400,1286.38100,1300.56000,142436
2014-02-14 00:00:00+00:00,1300.59800,1321.43000,1299.94800,1318.83400,174601
2014-02-16 00:00:00+00:00,1318.71000,1324.22400,1318.61700,1323.71800,5234
2014-02-17 00:00:00+00:00,1323.69400,1332.30800,1321.19400,1328.44900,104532
2014-02-18 00:00:00+00:00,1328.44400,1329.30600,1312.70800,1320.65800,154965
2014-02-19 00:00:00+00:00,1320.66400,1322.55000,1308.92900,1312.06300,136221
2014-02-20 00:00:00+00:00,1312.06600,1325.17900,1307.47800,1320.83400,142253
2014-02-21 00:00:00+00:00,1320.84000,1328.73200,1316.12200,1324.29600,103760
2014-02-23 00:00:00+00:00,1325.63500,1325.92900,1323.15200,1324.26600,2407
2014-02-24 00:00:00+00:00,1324.30200,1339.05600,1318.80800,1335.69500,142119
2014-02-25 00:00:00+00:00,1335.70600,1343.71400,1331.36200,1341.22600,97839
2014-02-26 00:00:00+00:00,1341.23200,1345.49000,1322.61700,1330.80800,138752
2014-02-27 00:00:00+00:00,1330.76600,1334.42300,1323.87900,1331.44600,95960
2014-02-28 00:00:00+00:00,1331.43800,1333.40100,1319.65600,1326.56100,126362
2014-03-02 00:00:00+00:00,1330.74600,1338.38300,1330.41400,1338.35800,11151
2014-03-03 00:00:00+00:00,1338.32900,1354.85000,1336.20400,1350.75100,161516
2014-03-04 00:00:00+00:00,1350.73000,1352.66400,1331.35000,1336.41400,146496
2014-03-05 00:00:00+00:00,1336.41700,1341.94600,1332.73200,1336.19600,89193
2014-03-06 00:00:00+00:00,1336.19000,1353.85300,1331.27000,1349.81800,112309
2014-03-07 00:00:00+00:00,1349.83000,1353.08500,1327.81200,1340.08200,179193
2014-03-09 00:00:00+00:00,1340.16500,1341.63200,1336.56800,1338.33000,7613
2014-03-10 00:00:00+00:00,1338.31800,1344.72000,1328.15200,1340.50300,114830
2014-03-11 00:00:00+00:00,1340.51400,1352.65600,1337.81400,1347.77600,119402
2014-03-12 00:00:00+00:00,1347.79000,1371.02800,1345.52000,1366.36500,166546
2014-03-13 00:00:00+00:00,1366.36800,1375.08800,1364.65500,1373.52400,136605
2014-03-14 00:00:00+00:00,1373.52000,1388.12500,1368.00200,1383.24800,166590
2014-03-16 00:00:00+00:00,1382.69800,1392.32400,1382.47500,1386.66600,13578
2014-03-17 00:00:00+00:00,1386.68600,1388.56400,1361.99800,1366.48200,140898
2014-03-18 00:00:00+00:00,1366.46400,1367.65600,1350.85200,1356.30100,144973
2014-03-19 00:00:00+00:00,1356.29800,1359.80400,1325.90000,1328.56400,204263
2014-03-20 00:00:00+00:00,1328.54700,1334.71800,1320.57900,1331.11000,165296
2014-03-21 00:00:00+00:00,1331.10800,1342.56800,1329.19400,1334.56900,126214
2014-03-23 00:00:00+00:00,1333.00800,1335.38300,1329.66000,1332.47800,8809
2014-03-24 00:00:00+00:00,1332.47300,1334.34400,1307.98000,1311.43400,164961
2014-03-25 00:00:00+00:00,1311.45000,1317.44200,1305.66400,1309.93700,134974
2014-03-26 00:00:00+00:00,1309.92400,1316.49400,1298.78900,1306.50200,144601
2014-03-27 00:00:00+00:00,1306.49400,1306.93200,1289.18000,1293.29000,155940
2014-03-28 00:00:00+00:00,1293.28600,1298.82200,1285.76300,1295.02000,153570
2014-03-30 00:00:00+00:00,1294.39900,1298.01800,1292.68400,1296.20000,6628
2014-03-31 00:00:00+00:00,1296.19500,1298.65100,1282.46600,1284.75400,107890
2014-04-01 00:00:00+00:00,1284.63100,1288.13200,1277.83400,1281.32500,88153
2014-04-02 00:00:00+00:00,1281.32400,1294.61500,1280.57000,1290.87600,82669
2014-04-03 00:00:00+00:00,1290.86400,1293.98900,1281.76300,1285.18200,96522
2014-04-04 00:00:00+00:00,1285.18300,1307.00000,1284.29900,1303.42200,118810
2014-04-06 00:00:00+00:00,1303.80300,1304.10000,1300.93000,1304.01700,4502
2014-04-07 00:00:00+00:00,1304.02900,1304.23500,1295.74400,1298.67800,42347
2014-04-08 00:00:00+00:00,1298.64800,1314.47600,1297.03800,1309.93500,81978
2014-04-09 00:00:00+00:00,1309.92800,1315.21400,1300.98500,1311.16800,118528
2014-04-10 00:00:00+00:00,1311.17500,1324.66000,1311.04000,1318.49600,111588
2014-04-11 00:00:00+00:00,1318.47200,1323.97900,1314.11300,1318.61200,79990
2014-04-13 00:00:00+00:00,1320.96600,1328.69600,1319.50000,1326.64700,13591
2014-04-14 00:00:00+00:00,1326.64800,1331.26000,1318.73000,1325.83400,80713
2014-04-15 00:00:00+00:00,1325.82500,1326.74600,1282.23600,1302.94100,170548
2014-04-16 00:00:00+00:00,1302.87200,1307.14000,1293.61600,1303.81600,127057
2014-04-17 00:00:00+00:00,1303.83200,1304.30400,1293.19500,1295.79000,82307
2014-04-20 00:00:00+00:00,1295.11300,1295.70100,1290.77500,1291.69700,10961
2014-04-21 00:00:00+00:00,1291.69800,1302.00700,1281.98500,1289.64600,144366
2014-04-22 00:00:00+00:00,1289.65300,1292.97400,1276.50000,1284.90100,93173
2014-04-23 00:00:00+00:00,1284.89400,1289.12600,1280.99200,1284.13800,74423
2014-04-24 00:00:00+00:00,1284.10400,1298.87600,1268.60200,1291.62200,161699
2014-04-25 00:00:00+00:00,1291.66200,1305.16800,1290.47200,1302.99800,92864
2014-04-27 00:00:00+00:00,1303.33200,1305.60200,1302.63200,1304.28200,6604
2014-04-28 00:00:00+00:00,1304.28000,1306.62800,1292.10800,1296.64600,76637
2014-04-29 00:00:00+00:00,1296.60600,1301.50400,1286.37600,1296.15200,89111
2014-04-30 00:00:00+00:00,1296.16200,1298.28000,1285.02400,1292.01900,139043
2014-05-01 00:00:00+00:00,1291.83700,1292.16500,1277.36800,1284.15600,128345
2014-05-02 00:00:00+00:00,1284.20100,1304.80400,1273.82200,1299.66000,269392
2014-05-04 00:00:00+00:00,1300.81100,1302.71000,1299.51300,1300.65600,10690
2014-05-05 00:00:00+00:00,1300.66000,1315.71300,1300.15000,1311.11500,191759
2014-05-06 00:00:00+00:00,1311.05000,1314.17800,1304.41700,1307.54700,164103
2014-05-07 00:00:00+00:00,1307.61200,1314.70600,1286.64800,1290.44100,222551
2014-05-08 00:00:00+00:00,1290.42900,1295.58400,1284.70700,1290.97500,201424
2014-05-09 00:00:00+00:00,1290.97200,1294.50000,1285.56200,1289.00500,143112
2014-05-11 00:00:00+00:00,1290.14100,1290.14100,1277.63200,1283.46200,16570
2014-05-12 00:00:00+00:00,1283.42000,1304.15000,1282.22600,1295.77900,156388
2014-05-13 00:00:00+00:00,1295.76700,1298.94600,1289.16500,1295.11100,176270
2014-05-14 00:00:00+00:00,1295.07000,1309.19000,1291.59600,1305.40800,155430
2014-05-15 00:00:00+00:00,1305.41400,1307.23000,1290.92200,1297.14000,211698
2014-05-16 00:00:00+00:00,1297.20400,1298.36600,1287.76400,1293.38600,154525
2014-05-18 00:00:00+00:00,1292.79700,1293.56000,1289.50300,1292.79200,8440
2014-05-19 00:00:00+00:00,1292.73700,1305.57600,1291.67400,1293.60500,160953
2014-05-20 00:00:00+00:00,1293.54000,1297.03400,1285.98800,1294.81000,191628
2014-05-21 00:00:00+00:00,1294.87200,1296.35800,1283.44400,1291.77300,169259
2014-05-22 00:00:00+00:00,1291.71900,1303.94400,1290.09000,1294.27600,185387
2014-05-23 00:00:00+00:00,1294.21800,1295.60100,1286.66400,1292.58400,135582
2014-05-25 00:00:00+00:00,1293.68200,1294.43600,1290.81800,1291.57600,4907
2014-05-26 00:00:00+00:00,1291.59700,1294.27400,1291.10400,1292.55900,73142
2014-05-27 00:00:00+00:00,1292.51000,1293.50400,1263.26200,1263.53000,231086
2014-05-28 00:00:00+00:00,1263.62600,1267.28800,1256.01400,1257.62600,160599
2014-05-29 00:00:00+00:00,1257.67200,1260.58600,1251.46200,1256.98000,172619
2014-05-30 00:00:00+00:00,1257.03800,1260.53200,1242.32300,1249.66900,174327
2014-06-01 00:00:00+00:00,1250.15800,1250.99600,1247.13200,1247.21900,5465
2014-06-02 00:00:00+00:00,1247.15700,1250.97200,1240.97400,1245.18600,126237
2014-06-03 00:00:00+00:00,1245.14500,1247.80800,1240.79900,1245.47200,71415
2014-06-04 00:00:00+00:00,1245.43200,1249.16900,1242.98400,1244.34800,59802
2014-06-05 00:00:00+00:00,1244.35400,1257.95700,1241.07600,1252.85000,102211
2014-06-06 00:00:00+00:00,1252.84500,1257.96300,1246.04000,1252.97600,104949
2014-06-08 00:00:00+00:00,1252.52600,1254.16900,1251.71800,1254.12600,3107
2014-06-09 00:00:00+00:00,1254.12600,1257.16900,1250.33800,1252.33600,59255
2014-06-10 00:00:00+00:00,1252.32800,1263.49000,1251.31400,1259.84400,61741
2014-06-11 00:00:00+00:00,1259.84000,1265.46100,1258.62900,1261.47100,45690
2014-06-12 00:00:00+00:00,1261.45600,1274.91400,1260.05600,1272.83800,90917
2014-06-13 00:00:00+00:00,1272.84600,1278.08400,1270.92800,1277.20100,71051
2014-06-15 00:00:00+00:00,1277.23600,1279.13400,1276.19600,1278.61200,5080
2014-06-16 00:00:00+00:00,1278.60800,1284.92000,1270.73000,1272.06600,94535
2014-06-17 00:00:00+00:00,1272.06300,1273.44500,1258.15700,1271.12000,82759
2014-06-18 00:00:00+00:00,1271.17000,1278.78400,1266.27500,1278.58800,78355
2014-06-19 00:00:00+00:00,1278.56800,1322.11100,1276.09200,1314.73600,158127
2014-06-20 00:00:00+00:00,1314.73100,1319.85900,1306.50200,1314.74200,140974
2014-06-22 00:00:00+00:00,1314.46700,1315.20600,1312.96000,1313.76400,3886
2014-06-23 00:00:00+00:00,1313.73700,1318.68600,1310.05400,1314.44500,90430
2014-06-24 00:00:00+00:00,1314.42600,1326.10400,1314.11600,1318.29800,87178
2014-06-25 00:00:00+00:00,1318.31400,1324.84300,1306.07600,1318.54800,95695
2014-06-26 00:00:00+00:00,1318.54600,1319.98100,1306.39200,1315.83600,114338
2014-06-27 00:00:00+00:00,1315.86000,1322.44600,1312.78200,1315.41700,87565
2014-06-29 00:00:00+00:00,1316.19400,1317.36000,1314.88100,1315.10900,3849
2014-06-30 00:00:00+00:00,1315.09300,1329.48000,1310.34100,1326.54700,75359
2014-07-01 00:00:00+00:00,1326.58100,1332.54100,1323.83400,1325.72000,87858
2014-07-02 00:00:00+00:00,1325.70800,1332.18200,1321.30200,1325.84800,65447
2014-07-03 00:00:00+00:00,1325.83400,1326.74200,1309.17800,1319.95700,101708
2014-07-04 00:00:00+00:00,1319.94600,1323.36600,1318.69300,1320.57400,34950
2014-07-06 00:00:00+00:00,1320.73000,1320.97200,1316.01200,1317.73000,4283
2014-07-07 00:00:00+00:00,1317.72300,1320.81500,1311.22600,1318.23800,53585
2014-07-08 00:00:00+00:00,1318.23300,1324.91000,1313.48300,1318.27200,64875
2014-07-09 00:00:00+00:00,1318.28200,1331.99400,1317.80000,1327.26800,88597
2014-07-10 00:00:00+00:00,1327.25900,1345.14600,1327.14800,1336.27600,114368
2014-07-11 00:00:00+00:00,1336.30000,1339.32600,1333.79200,1337.93600,62780
2014-07-13 00:00:00+00:00,1338.70400,1339.86600,1338.06500,1338.89600,3361
2014-07-14 00:00:00+00:00,1338.91200,1339.06200,1302.89600,1309.10800,167341
2014-07-15 00:00:00+00:00,1309.06400,1313.83700,1292.20300,1295.70000,139824
2014-07-16 00:00:00+00:00,1295.70800,1303.91400,1295.03500,1299.43400,90547
2014-07-17 00:00:00+00:00,1299.44400,1325.46200,1298.83900,1319.88500,164093
2014-07-18 00:00:00+00:00,1319.79700,1320.23000,1304.51900,1310.58500,104226
2014-07-20 00:00:00+00:00,1310.05300,1312.34500,1309.63500,1310.71100,2967
2014-07-21 00:00:00+00:00,1310.68200,1318.45100,1307.39000,1311.38100,71367
2014-07-22 00:00:00+00:00,1311.41000,1315.96100,1301.87700,1307.82200,110197
2014-07-23 00:00:00+00:00,1307.85600,1311.24000,1303.22700,1304.46100,72661
2014-07-24 00:00:00+00:00,1304.45600,1304.93200,1287.62000,1293.20600,127298
2014-07-25 00:00:00+00:00,1293.23200,1308.43600,1291.00100,1306.37800,80516
2014-07-27 00:00:00+00:00,1308.06600,1308.13800,1304.48100,1306.04700,4777
2014-07-28 00:00:00+00:00,1306.05800,1309.39100,1301.53300,1304.25400,96421
2014-07-29 00:00:00+00:00,1304.26600,1312.23500,1296.32600,1299.34200,120768
2014-07-30 00:00:00+00:00,1299.34700,1303.86500,1292.10200,1295.81500,117025
2014-07-31 00:00:00+00:00,1295.81200,1297.38900,1280.41200,1283.15800,121379
2014-08-01 00:00:00+00:00,1283.00800,1297.66400,1279.99600,1293.67200,123104
2014-08-03 00:00:00+00:00,1293.67200,1294.49000,1292.92600,1294.28000,2309
2014-08-04 00:00:00+00:00,1294.23800,1295.58800,1286.17700,1288.55300,61743
2014-08-05 00:00:00+00:00,1288.54500,1294.28600,1282.68700,1288.69800,92396
2014-08-06 00:00:00+00:00,1288.69200,1309.83500,1288.14600,1306.24400,114095
2014-08-07 00:00:00+00:00,1306.25000,1314.80500,1302.04500,1311.45900,80567
2014-08-08 00:00:00+00:00,1311.45500,1322.71400,1305.70500,1309.87800,109258
2014-08-10 00:00:00+00:00,1309.02500,1311.49600,1308.60000,1309.79200,2766
2014-08-11 00:00:00+00:00,1309.77900,1311.53700,1305.17800,1307.98000,30203
2014-08-12 00:00:00+00:00,1308.00200,1317.86300,1305.73700,1308.84200,39207
2014-08-13 00:00:00+00:00,1308.79800,1315.08300,1304.80400,1311.82400,49860
2014-08-14 00:00:00+00:00,1311.85000,1319.54200,1308.70000,1312.94500,73157
2014-08-15 00:00:00+00:00,1312.95400,1315.16800,1292.27100,1305.02400,101573
2014-08-17 00:00:00+00:00,1303.62300,1303.70000,1301.21600,1301.94600,3216
2014-08-18 00:00:00+00:00,1301.94800,1303.85400,1295.75700,1298.09800,40173
2014-08-19 00:00:00+00:00,1298.12200,1302.45000,1293.95000,1294.97400,35891
2014-08-20 00:00:00+00:00,1294.97200,1298.36600,1287.62000,1290.25600,48033
2014-08-21 00:00:00+00:00,1290.25600,1290.67400,1273.05500,1277.88200,74252
2014-08-22 00:00:00+00:00,1277.84800,1283.04200,1274.37600,1280.51000,55468
2014-08-24 00:00:00+00:00,1279.93800,1281.50200,1274.20000,1278.48500,243
2014-08-25 00:00:00+00:00,1278.35200,1281.06100,1267.61000,1276.22600,39416
2014-08-26 00:00:00+00:00,1276.26900,1291.03200,1276.00000,1281.22200,60856
2014-08-27 00:00:00+00:00,1281.21000,1287.55200,1280.73100,1283.42700,31262
2014-08-28 00:00:00+00:00,1283.43700,1296.57400,1283.05000,1290.43600,75807
2014-08-29 00:00:00+00:00,1290.42700,1291.51400,1283.75100,1286.51600,41228
2014-08-31 00:00:00+00:00,1287.01900,1288.24000,1285.81000,1286.82400,1584
2014-09-01 00:00:00+00:00,1286.77600,1290.09000,1284.83800,1286.47600,18466
2014-09-02 00:00:00+00:00,1286.46700,1286.79000,1262.66400,1266.93700,74382
2014-09-03 00:00:00+00:00,1266.90100,1271.77400,1261.22400,1269.25800,57025
2014-09-04 00:00:00+00:00,1269.26200,1277.53100,1257.44900,1259.15800,96060
2014-09-05 00:00:00+00:00,1259.17000,1274.01800,1258.49000,1269.11000,62480
2014-09-07 00:00:00+00:00,1268.98300,1270.49800,1266.93900,1267.03800,2321
2014-09-08 00:00:00+00:00,1267.03200,1271.89400,1251.52300,1256.16100,47419
2014-09-09 00:00:00+00:00,1256.16500,1258.27400,1247.53700,1255.09400,54987
2014-09-10 00:00:00+00:00,1255.05200,1257.95800,1243.96700,1249.12800,64481
2014-09-11 00:00:00+00:00,1249.11200,1250.19800,1234.95200,1240.63300,82534
2014-09-12 00:00:00+00:00,1240.58200,1240.74600,1227.60200,1229.83700,62419
2014-09-14 00:00:00+00:00,1228.22300,1229.61300,1225.84700,1228.48600,4267
2014-09-15 00:00:00+00:00,1228.49800,1238.87800,1227.90200,1233.59000,44664
2014-09-16 00:00:00+00:00,1233.54700,1241.99800,1231.65600,1235.10600,62483
2014-09-17 00:00:00+00:00,1235.09600,1239.21400,1216.27800,1219.96400,122330
2014-09-18 00:00:00+00:00,1219.95700,1228.15800,1215.59000,1225.08000,95898
2014-09-19 00:00:00+00:00,1225.09600,1228.78000,1213.83800,1215.76400,124124
2014-09-21 00:00:00+00:00,1215.84800,1216.61200,1214.81300,1216.28600,3513
2014-09-22 00:00:00+00:00,1216.29700,1220.50900,1208.15800,1215.06800,77118
2014-09-23 00:00:00+00:00,1215.11600,1236.10600,1214.29800,1222.10400,96774
2014-09-24 00:00:00+00:00,1222.08000,1226.09200,1215.44300,1216.00800,72813
2014-09-25 00:00:00+00:00,1216.00300,1224.78400,1206.89400,1222.88000,121695
2014-09-26 00:00:00+00:00,1222.87600,1231.39400,1212.44200,1217.98900,83663
2014-09-28 00:00:00+00:00,1218.38400,1219.26400,1216.03600,1216.74400,3279
2014-09-29 00:00:00+00:00,1216.72900,1223.34100,1214.77800,1216.51500,58068
2014-09-30 00:00:00+00:00,1216.49800,1220.26800,1204.44200,1208.01100,146433
2014-10-01 00:00:00+00:00,1208.01600,1219.58400,1204.83400,1215.27600,117678
2014-10-02 00:00:00+00:00,1215.26800,1222.49000,1208.73100,1213.40100,122445
2014-10-03 00:00:00+00:00,1213.38200,1213.75500,1190.09600,1191.97500,117429
2014-10-05 00:00:00+00:00,1192.11800,1192.11800,1183.35000,1186.29600,9896
2014-10-06 00:00:00+00:00,1186.30300,1209.06300,1183.07600,1206.70600,87630
2014-10-07 00:00:00+00:00,1206.69200,1213.73000,1203.07400,1210.09600,125548
2014-10-08 00:00:00+00:00,1210.11200,1224.16300,1204.99400,1220.05800,126333
2014-10-09 00:00:00+00:00,1220.04600,1233.56300,1219.03600,1223.46800,108985
2014-10-10 00:00:00+00:00,1223.48000,1225.46400,1217.56800,1223.05900,95562
2014-10-12 00:00:00+00:00,1223.41200,1232.34600,1222.85600,1231.21000,9440
2014-10-13 00:00:00+00:00,1231.22600,1237.88400,1225.16000,1235.59400,81569
2014-10-14 00:00:00+00:00,1235.54800,1238.05800,1229.01400,1229.28800,85540
2014-10-15 00:00:00+00:00,1229.29500,1249.80000,1221.96800,1240.19400,246149
2014-10-16 00:00:00+00:00,1240.20400,1245.38200,1235.20600,1238.52000,180952
2014-10-17 00:00:00+00:00,1238.50700,1241.80000,1231.81400,1238.02000,87875
2014-10-19 00:00:00+00:00,1239.03300,1240.37400,1234.63200,1234.65000,3490
2014-10-20 00:00:00+00:00,1234.80400,1248.83200,1234.63800,1245.95800,63572
2014-10-21 00:00:00+00:00,1245.97700,1255.40400,1245.36700,1248.74100,109808
2014-10-22 00:00:00+00:00,1248.73600,1249.57900,1240.52700,1242.64700,74498
2014-10-23 00:00:00+00:00,1242.66100,1244.68200,1226.31700,1231.61800,85892
2014-10-24 00:00:00+00:00,1231.59800,1234.26500,1229.00200,1231.20400,52475
2014-10-26 00:00:00+00:00,1230.70200,1230.90800,1227.36300,1228.01600,3413
2014-10-27 00:00:00+00:00,1228.01600,1232.19400,1225.16500,1226.55800,56367
2014-10-28 00:00:00+00:00,1226.57900,1235.82400,1222.67500,1229.22900,91607
2014-10-29 00:00:00+00:00,1229.22300,1230.73600,1208.32800,1212.61200,75537
2014-10-30 00:00:00+00:00,1212.60400,1215.77000,1196.12000,1200.21200,119630
2014-10-31 00:00:00+00:00,1200.21400,1202.88300,1161.45200,1173.15700,249321
2014-11-02 00:00:00+00:00,1171.50500,1171.89300,1163.59200,1166.46600,5501
2014-11-03 00:00:00+00:00,1166.47200,1174.05800,1161.91700,1165.18600,96700
2014-11-04 00:00:00+00:00,1165.23200,1175.79000,1164.03500,1169.16600,89098
2014-11-05 00:00:00+00:00,1169.14200,1169.43200,1137.78000,1143.66000,197360
2014-11-06 00:00:00+00:00,1143.47800,1149.62200,1138.22800,1140.55000,140108
2014-11-07 00:00:00+00:00,1140.56500,1178.96400,1131.49200,1177.58500,227509
2014-11-09 00:00:00+00:00,1177.90400,1178.52700,1169.94800,1170.76000,9077
2014-11-10 00:00:00+00:00,1170.75100,1177.22900,1147.37600,1155.38800,131667
2014-11-11 00:00:00+00:00,1155.38200,1173.34800,1146.19200,1161.75500,185564
2014-11-12 00:00:00+00:00,1161.73800,1170.32200,1157.33800,1159.19800,133059
2014-11-13 00:00:00+00:00,1159.19300,1168.74100,1154.03200,1161.04000,148095
2014-11-14 00:00:00+00:00,1160.99800,1193.82800,1146.86200,1188.45000,262233
2014-11-16 00:00:00+00:00,1186.50800,1188.22000,1182.18300,1182.28100,7374
2014-11-17 00:00:00+00:00,1182.28400,1194.49000,1181.51000,1186.24700,181427
2014-11-18 00:00:00+00:00,1186.26600,1204.66200,1183.45600,1195.28400,149605
2014-11-19 00:00:00+00:00,1195.28000,1202.39700,1175.02800,1182.19000,225337
2014-11-20 00:00:00+00:00,1182.23200,1197.31800,1176.93300,1193.24800,76937
2014-11-21 00:00:00+00:00,1193.19700,1208.09000,1186.78300,1201.51400,72439
2014-11-23 00:00:00+00:00,1200.33400,1204.40600,1200.24700,1201.65600,1925
2014-11-24 00:00:00+00:00,1201.61500,1203.89600,1192.81600,1197.28200,40157
2014-11-25 00:00:00+00:00,1197.32200,1203.13200,1190.36600,1201.35200,52109
2014-11-26 00:00:00+00:00,1201.51900,1201.85600,1195.01100,1197.83200,29424
2014-11-27 00:00:00+00:00,1197.73000,1199.81000,1185.68900,1189.55600,42488
2014-11-28 00:00:00+00:00,1189.51100,1191.02700,1165.17700,1167.04600,61420
2014-11-30 00:00:00+00:00,1160.10900,1160.53600,1142.78400,1151.71500,16097
2014-12-01 00:00:00+00:00,1151.26400,1221.44000,1146.83000,1206.04300,150627
2014-12-02 00:00:00+00:00,1205.87400,1210.87000,1191.93400,1197.77100,73945
2014-12-03 00:00:00+00:00,1197.87000,1215.35600,1194.05800,1208.16800,55709
2014-12-04 00:00:00+00:00,1208.32000,1213.53500,1201.17500,1204.62600,61656
2014-12-05 00:00:00+00:00,1204.52000,1207.69300,1186.42200,1192.35900,65610
2014-12-07 00:00:00+00:00,1190.57400,1191.03800,1187.29600,1189.35400,2050
2014-12-08 00:00:00+00:00,1189.31200,1209.10600,1188.62800,1203.10800,45451
2014-12-09 00:00:00+00:00,1203.25800,1238.32600,1199.35200,1229.25900,90305
2014-12-10 00:00:00+00:00,1229.30200,1238.42700,1224.75600,1229.76100,76116
2014-12-11 00:00:00+00:00,1229.72000,1232.93600,1216.04500,1226.71500,85689
2014-12-12 00:00:00+00:00,1226.81200,1227.45000,1214.35300,1222.46200,109094
2014-12-14 00:00:00+00:00,1221.08400,1224.37700,1220.89200,1221.98800,4117
2014-12-15 00:00:00+00:00,1221.97200,1224.29000,1190.80500,1198.77800,133499
2014-12-16 00:00:00+00:00,1198.79400,1223.66900,1187.46400,1197.80000,271820
2014-12-17 00:00:00+00:00,1197.68200,1203.10200,1183.26900,1190.38800,231608
2014-12-18 00:00:00+00:00,1190.38700,1214.05800,1189.25600,1196.74800,139294
2014-12-19 00:00:00+00:00,1196.64200,1201.47800,1193.71000,1195.66600,77798
2014-12-21 00:00:00+00:00,1195.52800,1196.02100,1193.74200,1195.70000,2429
2014-12-22 00:00:00+00:00,1195.72200,1203.67500,1170.78000,1174.01600,107678
2014-12-23 00:00:00+00:00,1174.11400,1185.09400,1172.63000,1178.44000,77741
2014-12-24 00:00:00+00:00,1178.44000,1181.29400,1172.96300,1174.57600,36640
2014-12-25 00:00:00+00:00,1175.12400,1179.17300,1175.01400,1177.23400,3335
2014-12-26 00:00:00+00:00,1177.23600,1199.26000,1176.62300,1196.53100,106668
2014-12-28 00:00:00+00:00,1194.74300,1196.62600,1193.98300,1193.99600,2228
2014-12-29 00:00:00+00:00,1194.00000,1197.63100,1178.98400,1181.86800,73425
2014-12-30 00:00:00+00:00,1181.97400,1211.00800,1180.76700,1199.64200,106100
2014-12-31 00:00:00+00:00,1199.59800,1203.90900,1181.93800,1182.78900,17621
2015-01-01 00:00:00+00:00,1184.16100,1187.64900,1183.83400,1186.96000,642
2015-01-02 00:00:00+00:00,1186.91400,1195.13700,1167.62200,1188.77200,30597
2015-01-04 00:00:00+00:00,1188.89300,1189.04600,1178.31100,1184.13400,1902
2015-01-05 00:00:00+00:00,1184.17800,1207.66200,1183.09800,1203.40800,69645
2015-01-06 00:00:00+00:00,1203.31000,1223.28000,1201.79000,1216.26500,128387
2015-01-07 00:00:00+00:00,1216.39200,1218.77000,1208.95400,1212.49300,103513
2015-01-08 00:00:00+00:00,1212.38800,1216.86600,1204.50400,1208.25800,77979
2015-01-09 00:00:00+00:00,1208.14400,1224.30100,1206.94000,1223.33400,110344
2015-01-11 00:00:00+00:00,1222.85700,1226.57400,1222.82600,1225.73400,4190
2015-01-12 00:00:00+00:00,1225.71700,1235.98500,1217.61800,1231.42800,86321
2015-01-13 00:00:00+00:00,1231.33000,1244.38600,1227.29200,1233.20600,126883
2015-01-14 00:00:00+00:00,1233.11000,1244.55400,1225.08500,1231.03800,177168
2015-01-15 00:00:00+00:00,1231.13000,1266.90000,1226.13500,1262.08600,353389
2015-01-16 00:00:00+00:00,1261.96800,1282.17200,1255.09100,1280.19700,238853
2015-01-18 00:00:00+00:00,1280.43600,1281.78600,1275.47500,1278.83400,6829
2015-01-19 00:00:00+00:00,1278.93600,1279.34600,1272.10200,1275.68800,76051
2015-01-20 00:00:00+00:00,1275.78200,1297.21900,1274.14800,1292.25400,139089
2015-01-21 00:00:00+00:00,1292.36000,1305.72200,1284.65800,1292.01400,149009
2015-01-22 00:00:00+00:00,1292.02400,1307.78800,1279.32300,1301.03400,172712
2015-01-23 00:00:00+00:00,1301.12800,1301.99200,1284.44300,1294.71400,102476
2015-01-25 00:00:00+00:00,1293.17700,1298.23900,1290.04600,1296.99100,8536
2015-01-26 00:00:00+00:00,1296.98800,1299.38000,1275.93400,1280.03600,122052
2015-01-27 00:00:00+00:00,1280.03600,1297.66600,1272.34400,1293.54400,123999
2015-01-28 00:00:00+00:00,1293.55000,1293.80500,1279.71200,1285.04000,108011
2015-01-29 00:00:00+00:00,1285.02100,1286.03600,1251.90500,1260.94400,164619
2015-01-30 00:00:00+00:00,1260.94800,1284.93200,1257.17000,1283.95600,115212
2015-02-01 00:00:00+00:00,1282.96800,1282.96800,1279.60500,1280.92600,4558
2015-02-02 00:00:00+00:00,1280.80000,1283.47600,1266.32700,1274.79200,101050
2015-02-03 00:00:00+00:00,1274.81200,1286.20800,1255.58800,1261.55600,142687
2015-02-04 00:00:00+00:00,1261.54900,1274.48200,1256.69800,1272.55800,134167
2015-02-05 00:00:00+00:00,1272.53000,1273.92000,1256.20600,1265.42800,101516
2015-02-06 00:00:00+00:00,1265.54300,1268.90000,1228.43800,1234.45900,141796
2015-02-08 00:00:00+00:00,1236.94500,1239.03400,1234.35200,1238.05400,3620
2015-02-09 00:00:00+00:00,1238.14200,1243.79000,1235.25800,1238.78800,51746
2015-02-10 00:00:00+00:00,1238.76900,1245.98600,1230.98800,1233.60100,69485
2015-02-11 00:00:00+00:00,1233.51000,1238.83500,1216.65700,1220.63500,74400
2015-02-12 00:00:00+00:00,1220.62800,1233.25600,1219.28400,1223.74400,82565
2015-02-13 00:00:00+00:00,1223.64700,1235.07600,1222.94400,1229.26100,62450
2015-02-15 00:00:00+00:00,1228.15300,1229.63000,1227.49800,1229.10600,1780
2015-02-16 00:00:00+00:00,1229.01100,1237.15100,1228.77900,1231.96600,38934
2015-02-17 00:00:00+00:00,1231.84000,1234.07900,1203.91200,1209.58200,92165
2015-02-18 00:00:00+00:00,1209.48000,1215.32800,1197.57600,1213.20100,87776
2015-02-19 00:00:00+00:00,1213.33500,1223.15200,1205.48400,1208.96800,87292
2015-02-20 00:00:00+00:00,1209.07700,1215.56200,1198.17600,1201.61800,88960
2015-02-22 00:00:00+00:00,1203.81900,1203.91800,1200.90400,1202.42400,2756
2015-02-23 00:00:00+00:00,1202.53100,1210.48400,1190.56800,1203.22200,84296
2015-02-24 00:00:00+00:00,1203.32200,1205.21100,1190.39100,1204.99500,91859
2015-02-25 00:00:00+00:00,1204.99200,1211.91500,1201.18900,1205.59400,56602
2015-02-26 00:00:00+00:00,1205.49600,1220.14000,1203.70300,1210.29200,77215
2015-02-27 00:00:00+00:00,1210.19800,1219.48200,1204.54500,1213.27000,67472
2015-03-01 00:00:00+00:00,1213.96400,1215.66600,1212.62200,1214.16000,2330
2015-03-02 00:00:00+00:00,1214.06300,1223.37200,1204.70200,1207.02000,76710
2015-03-03 00:00:00+00:00,1207.12600,1214.97000,1195.42400,1204.71000,83121
2015-03-04 00:00:00+00:00,1204.70300,1209.10900,1198.35500,1202.33800,67164
2015-03-05 00:00:00+00:00,1202.35000,1209.58800,1196.55200,1200.27400,58013
2015-03-06 00:00:00+00:00,1200.17800,1200.82100,1163.85200,1167.45900,144076
2015-03-08 00:00:00+00:00,1170.20000,1170.77000,1167.42200,1169.77000,4215
2015-03-09 00:00:00+00:00,1169.75600,1175.50900,1165.95400,1166.73000,47654
2015-03-10 00:00:00+00:00,1166.73600,1170.67000,1155.15600,1164.04400,83442
2015-03-11 00:00:00+00:00,1164.04800,1165.33400,1147.68700,1155.71800,66602
2015-03-12 00:00:00+00:00,1155.81700,1166.74500,1148.65100,1154.19200,82670
2015-03-13 00:00:00+00:00,1154.18400,1161.90300,1151.49400,1158.44800,61001
2015-03-15 00:00:00+00:00,1158.61200,1158.90400,1155.76600,1157.06400,2470
2015-03-16 00:00:00+00:00,1157.08100,1164.25900,1150.43600,1156.53000,53488
2015-03-17 00:00:00+00:00,1156.44800,1160.11100,1142.73200,1149.91200,76534
2015-03-18 00:00:00+00:00,1150.00200,1176.21000,1146.05600,1171.84000,169221
2015-03-19 00:00:00+00:00,1171.83000,1178.09000,1159.65900,1172.09700,117522
2015-03-20 00:00:00+00:00,1172.19600,1188.08000,1168.86100,1182.69700,84933
2015-03-22 00:00:00+00:00,1183.82500,1187.34200,1183.05300,1186.59700,3525
2015-03-23 00:00:00+00:00,1186.59200,1191.71800,1179.41800,1189.75900,71115
2015-03-24 00:00:00+00:00,1189.74400,1195.17200,1185.52900,1191.88300,79982
2015-03-25 00:00:00+00:00,1191.87200,1199.83800,1186.77000,1195.09600,65178
2015-03-26 00:00:00+00:00,1195.09800,1220.00300,1194.61600,1203.26800,99205
2015-03-27 00:00:00+00:00,1203.36600,1206.33800,1192.68200,1198.81000,72576
2015-03-29 00:00:00+00:00,1198.69100,1199.91400,1196.44900,1197.41200,2267
2015-03-30 00:00:00+00:00,1197.31800,1198.47800,1182.44600,1186.07400,55923
2015-03-31 00:00:00+00:00,1186.07600,1190.86400,1178.54500,1183.44800,64768
2015-04-01 00:00:00+00:00,1183.87800,1208.74400,1180.95000,1204.01000,70485
2015-04-02 00:00:00+00:00,1203.99800,1207.44400,1195.00800,1203.20600,68216
2015-04-05 00:00:00+00:00,1214.33200,1218.13600,1213.08300,1217.91000,7009
2015-04-06 00:00:00+00:00,1218.01600,1224.36200,1214.02400,1214.83200,75247
2015-04-07 00:00:00+00:00,1214.74400,1214.98600,1207.57200,1209.03200,44287
2015-04-08 00:00:00+00:00,1209.11800,1212.50000,1197.57500,1201.39200,73146
2015-04-09 00:00:00+00:00,1201.39700,1202.78800,1192.78100,1194.61400,50786
2015-04-10 00:00:00+00:00,1194.61800,1210.82400,1193.34800,1207.75000,59773
2015-04-12 00:00:00+00:00,1207.16600,1208.89000,1206.74000,1208.06200,1171
2015-04-13 00:00:00+00:00,1208.15100,1209.64900,1196.49800,1199.39600,58684
2015-04-14 00:00:00+00:00,1199.39800,1201.62600,1184.05300,1194.15400,99069
2015-04-15 00:00:00+00:00,1194.06100,1205.19800,1188.98200,1204.91700,67462
2015-04-16 00:00:00+00:00,1204.90900,1209.28900,1194.84200,1199.15100,87411
2015-04-17 00:00:00+00:00,1199.05400,1208.09400,1197.52900,1204.04000,82343
2015-04-19 00:00:00+00:00,1204.73200,1206.80600,1203.87900,1206.60000,3129
2015-04-20 00:00:00+00:00,1206.60100,1209.47200,1191.49800,1196.14600,79304
2015-04-21 00:00:00+00:00,1196.05700,1204.43000,1193.16100,1201.93700,40491
2015-04-22 00:00:00+00:00,1202.03900,1205.09800,1185.85800,1189.09800,65752
2015-04-23 00:00:00+00:00,1189.09000,1198.15200,1184.43400,1193.95800,54627
2015-04-24 00:00:00+00:00,1193.87200,1196.11600,1175.27000,1179.41200,79661
2015-04-26 00:00:00+00:00,1179.85800,1180.58200,1178.83800,1180.11100,2859
2015-04-27 00:00:00+00:00,1180.12300,1207.35800,1178.70600,1199.90200,104651
2015-04-28 00:00:00+00:00,1200.00400,1215.18200,1199.29400,1211.75800,74508
2015-04-29 00:00:00+00:00,1211.67200,1214.15200,1201.41400,1204.77800,84419
2015-04-30 00:00:00+00:00,1204.77200,1207.70500,1177.06500,1184.41000,121198
2015-05-01 00:00:00+00:00,1184.67100,1185.38800,1169.88900,1178.35400,70020
2015-05-03 00:00:00+00:00,1178.44800,1180.39300,1177.84000,1178.68500,3041
2015-05-04 00:00:00+00:00,1178.65500,1193.03800,1177.90000,1188.56000,68693
2015-05-05 00:00:00+00:00,1188.46800,1200.09600,1185.80700,1195.47300,50020
2015-05-06 00:00:00+00:00,1195.37600,1197.85000,1188.40600,1190.41700,60670
2015-05-07 00:00:00+00:00,1190.32800,1191.47800,1178.93400,1184.47600,65454
2015-05-08 00:00:00+00:00,1184.37400,1194.03400,1181.69600,1188.29000,97362
2015-05-10 00:00:00+00:00,1189.66100,1190.49700,1188.17400,1190.04600,1588
2015-05-11 00:00:00+00:00,1189.95800,1191.91000,1178.96800,1183.90600,46940
2015-05-12 00:00:00+00:00,1183.81800,1197.37200,1180.78900,1192.48900,46100
2015-05-13 00:00:00+00:00,1192.39000,1219.04800,1191.32300,1213.75800,97077
2015-05-14 00:00:00+00:00,1213.66400,1227.74600,1212.46000,1221.14400,77205
2015-05-15 00:00:00+00:00,1221.13800,1226.32100,1211.12200,1224.17100,58170
2015-05-17 00:00:00+00:00,1223.10200,1225.65400,1223.10200,1223.97400,2872
2015-05-18 00:00:00+00:00,1223.86700,1232.53400,1221.67600,1224.35600,49188
2015-05-19 00:00:00+00:00,1224.43800,1224.76600,1205.87000,1209.54500,72833
2015-05-20 00:00:00+00:00,1209.65300,1213.62400,1203.36000,1210.14000,59065
2015-05-21 00:00:00+00:00,1210.22800,1212.89000,1201.51000,1206.04000,55632
2015-05-22 00:00:00+00:00,1206.03400,1215.08600,1201.55400,1205.97200,58582
2015-05-24 00:00:00+00:00,1205.70600,1205.70600,1203.48600,1204.06100,2248
2015-05-25 00:00:00+00:00,1204.05200,1208.78600,1202.94500,1207.00400,25758
2015-05-26 00:00:00+00:00,1206.91700,1207.15200,1185.61400,1188.51600,102518
2015-05-27 00:00:00+00:00,1188.52500,1191.11900,1183.73600,1187.61600,48126
2015-05-28 00:00:00+00:00,1187.70800,1192.31800,1180.21000,1188.98200,72198
2015-05-29 00:00:00+00:00,1189.07000,1194.49200,1185.73500,1190.33200,57720
2015-05-31 00:00:00+00:00,1190.43900,1197.72200,1189.96000,1191.27200,7340
2015-06-01 00:00:00+00:00,1191.32000,1204.47300,1184.31500,1189.22200,90102
2015-06-02 00:00:00+00:00,1189.12200,1196.51200,1185.97400,1193.74000,78993
2015-06-03 00:00:00+00:00,1193.64200,1195.63000,1179.51600,1185.72000,84720
2015-06-04 00:00:00+00:00,1185.63400,1186.80600,1173.04500,1177.85400,88751
2015-06-05 00:00:00+00:00,1177.85300,1178.66400,1162.79600,1172.36300,79722
2015-06-07 00:00:00+00:00,1171.09200,1171.59600,1169.20200,1171.43100,3283
2015-06-08 00:00:00+00:00,1171.52600,1177.83000,1169.60600,1173.72400,50310
2015-06-09 00:00:00+00:00,1173.81100,1183.05600,1173.38200,1177.41400,37443
2015-06-10 00:00:00+00:00,1177.32900,1192.43000,1175.25400,1186.49800,50108
2015-06-11 00:00:00+00:00,1186.40000,1188.11600,1175.59600,1181.80600,53839
2015-06-12 00:00:00+00:00,1181.70400,1184.51400,1176.49700,1181.70500,31362
2015-06-14 00:00:00+00:00,1180.77700,1186.58000,1180.77700,1184.10600,6238
2015-06-15 00:00:00+00:00,1184.00600,1190.77800,1172.81000,1186.07800,54415
2015-06-16 00:00:00+00:00,1186.16400,1188.04700,1176.15300,1182.41500,32578
2015-06-17 00:00:00+00:00,1182.41800,1189.45900,1174.73100,1185.17800,65286
2015-06-18 00:00:00+00:00,1185.07400,1205.98600,1184.18600,1200.59400,84404
2015-06-19 00:00:00+00:00,1200.58200,1204.32600,1198.48000,1200.36800,26681
2015-06-21 00:00:00+00:00,1200.46600,1201.23200,1196.45000,1199.09000,4769
2015-06-22 00:00:00+00:00,1199.10200,1200.29000,1182.27000,1185.91000,33392
2015-06-23 00:00:00+00:00,1185.99400,1188.27000,1176.28600,1178.93000,39680
2015-06-24 00:00:00+00:00,1178.84600,1180.47400,1169.38500,1175.58300,35365
2015-06-25 00:00:00+00:00,1175.50400,1178.24300,1171.43000,1174.52400,30801
2015-06-26 00:00:00+00:00,1174.51400,1178.82600,1168.40000,1175.26400,34274
2015-06-28 00:00:00+00:00,1184.88600,1188.44800,1181.95000,1185.72000,16944
2015-06-29 00:00:00+00:00,1185.70000,1187.36200,1173.82200,1179.28200,58154
2015-06-30 00:00:00+00:00,1179.29000,1180.66200,1166.61200,1172.76900,58335
2015-07-01 00:00:00+00:00,1173.89000,1175.22300,1167.70100,1168.37800,36673
2015-07-02 00:00:00+00:00,1168.29400,1170.02800,1157.13000,1166.01400,53526
2015-07-03 00:00:00+00:00,1166.11000,1170.44400,1165.55400,1169.03400,22285
2015-07-05 00:00:00+00:00,1174.51900,1175.66800,1171.51200,1173.32400,12154
2015-07-06 00:00:00+00:00,1173.43000,1174.60000,1162.98800,1169.61800,43233
2015-07-07 00:00:00+00:00,1169.52600,1170.07000,1148.03800,1154.66200,112163
2015-07-08 00:00:00+00:00,1154.67400,1164.82700,1147.22200,1156.91600,97058
2015-07-09 00:00:00+00:00,1156.82200,1168.03000,1156.10000,1158.15300,62607
2015-07-10 00:00:00+00:00,1158.14800,1165.59100,1157.88400,1163.58400,45731
2015-07-12 00:00:00+00:00,1163.35100,1165.17400,1161.74400,1162.66600,4845
2015-07-13 00:00:00+00:00,1162.66800,1164.53200,1151.12200,1156.69200,58287
2015-07-14 00:00:00+00:00,1156.60500,1159.98100,1152.97200,1156.26800,44612
2015-07-15 00:00:00+00:00,1156.36000,1156.62400,1143.27700,1148.21600,49740
2015-07-16 00:00:00+00:00,1148.12900,1148.99200,1142.30400,1144.77200,48137
2015-07-17 00:00:00+00:00,1144.68200,1145.91500,1131.16400,1134.38400,56227
2015-07-19 00:00:00+00:00,1133.59500,1134.09900,1129.37400,1132.28800,3345
2015-07-20 00:00:00+00:00,1132.39000,1133.08800,1071.80600,1099.56300,188847
2015-07-21 00:00:00+00:00,1099.57600,1110.03400,1098.44000,1099.81800,60711
2015-07-22 00:00:00+00:00,1099.82800,1102.89400,1087.14400,1094.33800,73292
2015-07-23 00:00:00+00:00,1094.43400,1105.98200,1087.34000,1091.10800,68311
2015-07-24 00:00:00+00:00,1091.02000,1101.69800,1076.16800,1099.18600,104934
2015-07-26 00:00:00+00:00,1099.46500,1101.08600,1095.30200,1097.51500,5865
2015-07-27 00:00:00+00:00,1097.42900,1105.18600,1088.51300,1094.44400,71181
2015-07-28 00:00:00+00:00,1094.44600,1099.14000,1091.64000,1096.09700,42835
2015-07-29 00:00:00+00:00,1095.99800,1102.15500,1090.47500,1097.73800,84357
2015-07-30 00:00:00+00:00,1097.63800,1098.79700,1082.65300,1089.17400,83457
2015-07-31 00:00:00+00:00,1089.18000,1103.68400,1080.10000,1095.48400,89960
2015-08-02 00:00:00+00:00,1096.00100,1096.72800,1092.90000,1093.33400,2212
2015-08-03 00:00:00+00:00,1093.43600,1098.10400,1083.85200,1084.45200,48807
2015-08-04 00:00:00+00:00,1084.33800,1095.07600,1081.11000,1085.95200,44743
2015-08-05 00:00:00+00:00,1085.96500,1092.77700,1083.08800,1085.08600,52247
2015-08-06 00:00:00+00:00,1085.08700,1094.20400,1083.60700,1089.43100,34745
2015-08-07 00:00:00+00:00,1089.34300,1099.64800,1082.52400,1094.26600,85265
2015-08-09 00:00:00+00:00,1094.75500,1094.90300,1091.89800,1091.98900,2754
2015-08-10 00:00:00+00:00,1091.90200,1109.09600,1089.74800,1105.95800,55402
2015-08-11 00:00:00+00:00,1105.86800,1119.66000,1093.90900,1108.83000,95430
2015-08-12 00:00:00+00:00,1108.73600,1126.05600,1101.89900,1124.19000,86357
2015-08-13 00:00:00+00:00,1124.09800,1126.94000,1113.68300,1114.54000,56927
2015-08-14 00:00:00+00:00,1114.43100,1121.18200,1111.84600,1115.08600,46429
2015-08-16 00:00:00+00:00,1114.25400,1115.06200,1113.80800,1114.44000,1961
2015-08-17 00:00:00+00:00,1114.52600,1122.96800,1114.04600,1117.16200,31355
2015-08-18 00:00:00+00:00,1117.25500,1121.31000,1109.56700,1117.75800,43859
2015-08-19 00:00:00+00:00,1117.66200,1134.96500,1116.33700,1133.83400,60319
2015-08-20 00:00:00+00:00,1133.93200,1155.83400,1133.38800,1155.82200,64272
2015-08-21 00:00:00+00:00,1155.72800,1168.46200,1149.06900,1161.10400,95453
2015-08-23 00:00:00+00:00,1160.78000,1165.52600,1160.52000,1163.12100,7948
2015-08-24 00:00:00+00:00,1163.13200,1170.28400,1145.61200,1153.78900,256546
2015-08-25 00:00:00+00:00,1153.78500,1156.79000,1134.63600,1146.31800,144148
2015-08-26 00:00:00+00:00,1146.30200,1146.49600,1117.79400,1124.54600,150649
2015-08-27 00:00:00+00:00,1124.45000,1129.39600,1118.19700,1126.93000,76710
2015-08-28 00:00:00+00:00,1126.92100,1141.03300,1123.91100,1133.72600,87300
2015-08-30 00:00:00+00:00,1133.72600,1134.61200,1131.53200,1132.51200,3239
2015-08-31 00:00:00+00:00,1132.50800,1136.90600,1125.75200,1134.98400,49471
2015-09-01 00:00:00+00:00,1134.88800,1148.07600,1134.51000,1139.51400,61518
2015-09-02 00:00:00+00:00,1139.42400,1142.56400,1132.12600,1133.20500,52405
2015-09-03 00:00:00+00:00,1133.10500,1134.44200,1121.86600,1125.87400,54894
2015-09-04 00:00:00+00:00,1125.96400,1133.79600,1116.44500,1121.81000,68700
2015-09-06 00:00:00+00:00,1123.61000,1124.07700,1120.50800,1120.75300,1600
2015-09-07 00:00:00+00:00,1120.74200,1124.94100,1115.73600,1120.79400,25888
2015-09-08 00:00:00+00:00,1120.78200,1126.87600,1118.74300,1122.82700,39400
2015-09-09 00:00:00+00:00,1122.90600,1125.51800,1101.44000,1108.01300,57470
2015-09-10 00:00:00+00:00,1107.92800,1115.23800,1103.84000,1111.81000,50940
2015-09-11 00:00:00+00:00,1111.80600,1113.01200,1098.81900,1107.63600,49557
2015-09-13 00:00:00+00:00,1108.14600,1108.38800,1104.90800,1104.99400,1362
2015-09-14 00:00:00+00:00,1104.90600,1110.66000,1103.61200,1109.25900,27322
2015-09-15 00:00:00+00:00,1109.34800,1109.42400,1102.53600,1105.27600,26270
2015-09-16 00:00:00+00:00,1105.27000,1124.32700,1104.07500,1120.01400,50128
2015-09-17 00:00:00+00:00,1120.10100,1136.49400,1115.51000,1131.12000,103794
2015-09-18 00:00:00+00:00,1131.02600,1141.87900,1127.64600,1139.24400,77500
2015-09-20 00:00:00+00:00,1139.08500,1140.12200,1137.15800,1137.48200,1905
2015-09-21 00:00:00+00:00,1137.58800,1140.03600,1129.51900,1132.40800,26849
2015-09-22 00:00:00+00:00,1132.40200,1136.82200,1121.42800,1124.61000,39377
2015-09-23 00:00:00+00:00,1124.51400,1134.67000,1122.00500,1132.11200,36037
2015-09-24 00:00:00+00:00,1132.19800,1156.83200,1130.64200,1150.02700,72171
2015-09-25 00:00:00+00:00,1149.93200,1151.38600,1140.80300,1146.56400,51732
2015-09-27 00:00:00+00:00,1145.42300,1146.99200,1144.47400,1146.95000,1485
2015-09-28 00:00:00+00:00,1146.94700,1148.57300,1128.09600,1132.41800,55633
2015-09-29 00:00:00+00:00,1132.32900,1134.94600,1124.23600,1126.00000,44286
2015-09-30 00:00:00+00:00,1125.91400,1128.28000,1111.71600,1115.20800,57435
2015-10-01 00:00:00+00:00,1115.30500,1119.26800,1111.11200,1113.79600,28846
2015-10-02 00:00:00+00:00,1113.88500,1141.40400,1104.64200,1138.56200,90860
2015-10-04 00:00:00+00:00,1137.71300,1139.88800,1136.68000,1136.96200,4385
2015-10-05 00:00:00+00:00,1136.86900,1142.15000,1130.18400,1135.84800,44109
2015-10-06 00:00:00+00:00,1135.84200,1151.35300,1135.06400,1146.60400,42922
2015-10-07 00:00:00+00:00,1146.51500,1154.04400,1141.93000,1145.24600,40610
2015-10-08 00:00:00+00:00,1145.33400,1151.45600,1136.64200,1141.00600,50688
2015-10-09 00:00:00+00:00,1141.01400,1159.76600,1139.93000,1156.11800,49785
2015-10-11 00:00:00+00:00,1156.11800,1156.96700,1154.96600,1155.87300,1958
2015-10-12 00:00:00+00:00,1155.77300,1169.08400,1154.90600,1161.80800,42315
2015-10-13 00:00:00+00:00,1161.71600,1169.15800,1151.80900,1167.76100,43472
2015-10-14 00:00:00+00:00,1167.75800,1189.95900,1162.85700,1185.38800,78496
2015-10-15 00:00:00+00:00,1185.48200,1191.87400,1174.13000,1181.74800,83504
2015-10-16 00:00:00+00:00,1181.75000,1184.73600,1174.46700,1176.74200,47890
2015-10-18 00:00:00+00:00,1176.83400,1177.67600,1175.35000,1177.56600,2738
2015-10-19 00:00:00+00:00,1177.47000,1178.44200,1168.69800,1169.29000,44300
2015-10-20 00:00:00+00:00,1169.37200,1181.17200,1167.52400,1177.45600,45700
2015-10-21 00:00:00+00:00,1177.45600,1179.39800,1163.56000,1166.02500,55556
2015-10-22 00:00:00+00:00,1165.92600,1171.96100,1162.44100,1165.59600,55179
2015-10-23 00:00:00+00:00,1165.69000,1179.52900,1158.97800,1164.24400,69593
2015-10-25 00:00:00+00:00,1164.15600,1164.44600,1162.36400,1164.21800,2436
2015-10-26 00:00:00+00:00,1164.32000,1169.84500,1162.24400,1163.92900,31468
2015-10-27 00:00:00+00:00,1164.01700,1168.93200,1160.73600,1166.46400,40708
2015-10-28 00:00:00+00:00,1166.36500,1183.08000,1152.34000,1158.96100,97014
2015-10-29 00:00:00+00:00,1158.86000,1162.80100,1144.76900,1147.36000,66091
2015-10-30 00:00:00+00:00,1147.45200,1150.14600,1138.90900,1142.30200,44432
2015-11-01 00:00:00+00:00,1141.84600,1142.28100,1134.33600,1140.78400,4634
2015-11-02 00:00:00+00:00,1140.87600,1143.13800,1132.74000,1133.29200,33395
2015-11-03 00:00:00+00:00,1133.18200,1138.50700,1114.48500,1120.16600,49710
2015-11-04 00:00:00+00:00,1120.08000,1122.97000,1106.49800,1110.04300,53109
2015-11-05 00:00:00+00:00,1109.95700,1112.03300,1103.09000,1105.55600,42134
2015-11-06 00:00:00+00:00,1105.56200,1110.61800,1085.50800,1089.76000,74880
2015-11-08 00:00:00+00:00,1089.63900,1091.62200,1089.26500,1090.16400,1817
2015-11-09 00:00:00+00:00,1090.16400,1095.91500,1088.40500,1092.96400,38018
2015-11-10 00:00:00+00:00,1093.05800,1095.70100,1085.16900,1090.27700,35435
2015-11-11 00:00:00+00:00,1090.19300,1094.63800,1084.20000,1086.89800,45347
2015-11-12 00:00:00+00:00,1086.80900,1089.74600,1074.01700,1084.04800,53767
2015-11-13 00:00:00+00:00,1084.13000,1088.88800,1079.67500,1083.89300,54806
2015-11-15 00:00:00+00:00,1089.84200,1090.51300,1086.01700,1089.37200,4835
2015-11-16 00:00:00+00:00,1089.46900,1098.21000,1081.45600,1083.68600,47921
2015-11-17 00:00:00+00:00,1083.79800,1085.73500,1065.57400,1069.37900,59888
2015-11-18 00:00:00+00:00,1069.46600,1075.70400,1063.83600,1071.90400,60174
2015-11-19 00:00:00+00:00,1071.81200,1087.49200,1069.47800,1082.14400,60714
2015-11-20 00:00:00+00:00,1082.14500,1088.16600,1075.92200,1077.66300,49610
2015-11-22 00:00:00+00:00,1077.01100,1077.51800,1073.27500,1075.96100,2667
2015-11-23 00:00:00+00:00,1075.93800,1076.87000,1066.39800,1070.15800,45838
2015-11-24 00:00:00+00:00,1070.15000,1081.29200,1069.20600,1075.49800,46391
2015-11-25 00:00:00+00:00,1075.40800,1080.97000,1067.88000,1070.80000,48619
2015-11-26 00:00:00+00:00,1070.90400,1074.92800,1069.74100,1072.03000,37869
2015-11-27 00:00:00+00:00,1071.93600,1073.96600,1052.83700,1057.88000,49794
2015-11-29 00:00:00+00:00,1058.27000,1059.06000,1057.10500,1057.29200,1750
2015-11-30 00:00:00+00:00,1057.28400,1069.90400,1053.27000,1064.39600,45769
2015-12-01 00:00:00+00:00,1064.50600,1074.79800,1063.36400,1070.07400,50968
2015-12-02 00:00:00+00:00,1070.16600,1070.76000,1050.64200,1054.13100,53369
2015-12-03 00:00:00+00:00,1054.22100,1065.57300,1046.43400,1063.36400,173353
2015-12-04 00:00:00+00:00,1063.46600,1088.97600,1058.27700,1086.18200,117622
2015-12-06 00:00:00+00:00,1086.31000,1086.40400,1082.77700,1083.28800,2821
2015-12-07 00:00:00+00:00,1083.26100,1086.79400,1066.07800,1071.20900,59571
2015-12-08 00:00:00+00:00,1071.30500,1079.30000,1067.69000,1076.24400,72201
2015-12-09 00:00:00+00:00,1076.12000,1085.55200,1069.40500,1072.47100,83226
2015-12-10 00:00:00+00:00,1072.48200,1076.73400,1069.43600,1072.15200,58259
2015-12-11 00:00:00+00:00,1072.16100,1079.71400,1062.46400,1074.83200,90855
2015-12-13 00:00:00+00:00,1073.41900,1074.29600,1072.19300,1072.41900,1985
2015-12-14 00:00:00+00:00,1072.51600,1077.78000,1058.50400,1061.77000,71953
2015-12-15 00:00:00+00:00,1061.65900,1068.88600,1058.56800,1061.36900,82908
2015-12-16 00:00:00+00:00,1061.46600,1078.60600,1061.35200,1069.62400,133858
2015-12-17 00:00:00+00:00,1069.73700,1073.09800,1047.72400,1053.10400,93642
2015-12-18 00:00:00+00:00,1053.00400,1071.88800,1051.32200,1066.34300,73604
2015-12-20 00:00:00+00:00,1065.55300,1066.69300,1064.44300,1065.35200,2116
2015-12-21 00:00:00+00:00,1065.43400,1081.86600,1063.94200,1077.44100,68085
2015-12-22 00:00:00+00:00,1077.55100,1080.88900,1071.84100,1073.73000,47497
2015-12-23 00:00:00+00:00,1073.63800,1075.59200,1068.26400,1071.82400,35614
2015-12-24 00:00:00+00:00,1071.80600,1077.18000,1071.26400,1076.01300,47716
2015-12-27 00:00:00+00:00,1076.12700,1077.20100,1075.60500,1076.02000,1221
2015-12-28 00:00:00+00:00,1075.99700,1076.58100,1066.60500,1068.35900,64235
2015-12-29 00:00:00+00:00,1068.48400,1075.36800,1067.50000,1069.21200,60334
2015-12-30 00:00:00+00:00,1069.23200,1072.32800,1059.51800,1062.00000,76335
2015-12-31 00:00:00+00:00,1062.10400,1063.70800,1057.80800,1060.58800,40906
2016-01-01 00:00:00+00:00,1060.58800,1060.58800,1060.58800,1060.58800,4
2016-01-03 00:00:00+00:00,1062.70000,1066.88700,1061.89100,1063.23800,3977
2016-01-04 00:00:00+00:00,1063.35400,1083.62000,1062.41700,1073.17100,75119
2016-01-05 00:00:00+00:00,1073.25400,1082.15900,1072.72100,1077.71000,44810
2016-01-06 00:00:00+00:00,1077.80200,1095.34000,1075.07200,1092.74800,87330
2016-01-07 00:00:00+00:00,1092.65800,1110.21700,1091.51000,1109.39800,87520
2016-01-08 00:00:00+00:00,1109.39200,1113.70600,1092.25600,1104.03200,131122
2016-01-10 00:00:00+00:00,1103.87400,1108.38800,1103.71100,1106.89000,5184
2016-01-11 00:00:00+00:00,1106.79000,1108.64800,1093.61400,1095.91400,83344
2016-01-12 00:00:00+00:00,1095.90100,1099.40000,1083.55600,1086.70400,65911
2016-01-13 00:00:00+00:00,1086.60600,1095.73000,1079.92500,1095.14600,74497
2016-01-14 00:00:00+00:00,1095.03400,1095.37300,1071.50900,1077.08000,75828
2016-01-15 00:00:00+00:00,1077.09000,1097.52200,1076.35000,1089.21800,93978
2016-01-17 00:00:00+00:00,1089.50800,1091.07400,1089.24000,1090.63200,2354
2016-01-18 00:00:00+00:00,1090.49400,1093.51000,1087.60500,1088.70800,26266
2016-01-19 00:00:00+00:00,1088.61000,1094.73100,1082.47100,1087.99600,62498
2016-01-20 00:00:00+00:00,1087.90600,1109.81800,1087.90400,1099.53900,88054
2016-01-21 00:00:00+00:00,1099.66300,1104.69400,1092.53800,1100.85000,95942
2016-01-22 00:00:00+00:00,1100.76000,1103.06600,1094.15400,1097.79600,58273
2016-01-24 00:00:00+00:00,1097.48600,1098.23800,1097.33800,1097.88600,1658
2016-01-25 00:00:00+00:00,1098.04200,1109.25000,1097.74200,1108.82200,59655
2016-01-26 00:00:00+00:00,1108.92200,1123.03500,1107.51600,1119.68700,56763
2016-01-27 00:00:00+00:00,1119.59700,1128.17600,1114.93000,1124.93100,86974
2016-01-28 00:00:00+00:00,1124.94600,1125.03000,1110.65300,1114.39800,78902
2016-01-29 00:00:00+00:00,1114.30200,1118.75200,1108.28400,1118.11800,88615
2016-01-31 00:00:00+00:00,1118.22600,1118.32200,1115.39400,1117.96100,2229
2016-02-01 00:00:00+00:00,1117.76000,1129.90400,1117.06500,1128.38800,53946
2016-02-02 00:00:00+00:00,1128.49100,1131.20800,1122.33500,1127.43700,49094
2016-02-03 00:00:00+00:00,1127.54500,1145.66200,1124.48000,1142.11600,95683
2016-02-04 00:00:00+00:00,1142.12200,1157.44200,1139.38800,1155.56200,91595
2016-02-05 00:00:00+00:00,1155.65400,1174.71100,1145.33400,1173.36800,134403
2016-02-07 00:00:00+00:00,1173.69200,1173.69200,1164.93000,1164.94000,6754
2016-02-08 00:00:00+00:00,1165.06600,1201.04600,1164.30000,1191.19200,118282
2016-02-09 00:00:00+00:00,1191.20200,1199.06900,1185.78000,1189.36200,119243
2016-02-10 00:00:00+00:00,1189.26000,1198.78000,1181.59000,1198.75000,120973
2016-02-11 00:00:00+00:00,1198.87600,1263.56700,1198.30800,1240.51000,435776
2016-02-12 00:00:00+00:00,1240.35500,1246.28200,1232.51800,1238.09600,188460
2016-02-14 00:00:00+00:00,1235.34100,1235.64500,1230.59200,1233.51500,6157
2016-02-15 00:00:00+00:00,1233.41400,1235.02600,1202.22600,1208.13100,114172
2016-02-16 00:00:00+00:00,1208.03100,1217.09300,1191.01600,1202.71700,154905
2016-02-17 00:00:00+00:00,1202.81600,1213.90600,1195.78300,1207.17900,149474
2016-02-18 00:00:00+00:00,1207.06000,1240.03900,1200.81200,1231.27600,129103
2016-02-19 00:00:00+00:00,1231.17600,1234.65200,1220.09400,1226.40700,131553
2016-02-21 00:00:00+00:00,1226.31800,1226.46700,1223.63000,1225.65900,4556
2016-02-22 00:00:00+00:00,1225.75300,1226.33100,1202.03600,1208.97800,109948
2016-02-23 00:00:00+00:00,1209.08800,1232.80400,1207.24600,1230.42900,153308
2016-02-24 00:00:00+00:00,1230.42200,1253.43400,1221.23400,1224.51000,183746
2016-02-25 00:00:00+00:00,1224.62400,1243.58400,1224.14300,1233.77200,159500
2016-02-26 00:00:00+00:00,1233.87200,1240.61100,1211.51000,1222.89600,122897
2016-02-28 00:00:00+00:00,1222.68600,1223.07800,1215.76400,1221.45600,6163
2016-02-29 00:00:00+00:00,1221.55400,1242.01800,1220.04500,1240.68100,112088
2016-03-01 00:00:00+00:00,1240.39200,1248.61700,1227.20000,1232.41000,142999
2016-03-02 00:00:00+00:00,1232.29200,1244.24800,1224.85600,1241.02400,120917
2016-03-03 00:00:00+00:00,1241.11400,1268.60000,1237.56200,1260.04400,143357
2016-03-04 00:00:00+00:00,1260.13400,1279.93400,1250.03000,1259.04600,309619
2016-03-06 00:00:00+00:00,1259.84400,1264.10600,1258.27600,1263.91000,7166
2016-03-07 00:00:00+00:00,1264.00300,1273.28700,1256.87200,1267.96400,142734
2016-03-08 00:00:00+00:00,1267.85000,1278.15000,1260.33100,1263.36000,138478
2016-03-09 00:00:00+00:00,1263.24200,1265.08000,1243.06400,1253.69000,124745
2016-03-10 00:00:00+00:00,1253.78500,1273.47800,1236.83000,1271.19000,299775
2016-03-11 00:00:00+00:00,1271.08800,1284.98000,1248.28800,1250.15700,161459
2016-03-13 00:00:00+00:00,1250.82800,1259.39200,1247.94300,1253.00200,5321
2016-03-14 00:00:00+00:00,1253.01400,1261.19500,1229.37800,1236.30200,110722
2016-03-15 00:00:00+00:00,1236.19100,1238.18800,1225.57600,1233.06400,106578
2016-03-16 00:00:00+00:00,1232.95900,1264.08600,1226.68600,1258.96600,204963
2016-03-17 00:00:00+00:00,1258.96300,1271.07800,1254.53600,1259.19700,172893
2016-03-18 00:00:00+00:00,1259.20400,1267.03000,1247.85200,1255.19600,98663
2016-03-20 00:00:00+00:00,1253.87300,1256.14500,1252.20300,1253.31500,5963
2016-03-21 00:00:00+00:00,1253.22500,1255.57700,1240.69100,1243.72000,88169
2016-03-22 00:00:00+00:00,1243.61500,1260.43600,1243.27200,1248.38500,102749
2016-03-23 00:00:00+00:00,1248.37800,1249.51000,1215.43100,1222.13900,130317
2016-03-24 00:00:00+00:00,1222.15000,1223.97800,1211.12900,1217.20900,81880
2016-03-27 00:00:00+00:00,1215.16900,1216.91600,1213.00100,1213.79400,6009
2016-03-28 00:00:00+00:00,1213.70000,1223.27200,1207.18500,1222.76000,66216
2016-03-29 00:00:00+00:00,1222.75600,1243.25400,1215.30600,1239.10200,153491
2016-03-30 00:00:00+00:00,1239.23100,1244.62100,1223.32600,1226.92900,129559
2016-03-31 00:00:00+00:00,1226.82400,1240.60000,1223.66800,1231.68600,124350
2016-04-01 00:00:00+00:00,1231.72500,1235.48400,1209.05700,1222.50600,191801
2016-04-03 00:00:00+00:00,1220.48800,1221.18600,1218.09500,1220.55800,7712
2016-04-04 00:00:00+00:00,1220.64200,1222.72600,1214.65400,1215.32600,67848
2016-04-05 00:00:00+00:00,1215.33100,1237.07800,1215.02200,1230.94300,95541
2016-04-06 00:00:00+00:00,1231.02300,1232.39000,1216.00600,1225.26700,112809
2016-04-07 00:00:00+00:00,1225.36000,1243.37200,1223.73000,1238.80400,141611
2016-04-08 00:00:00+00:00,1238.78500,1242.81600,1229.63000,1239.54000,114179
2016-04-10 00:00:00+00:00,1240.13600,1248.33800,1239.93600,1244.82400,10606
2016-04-11 00:00:00+00:00,1244.80800,1260.12200,1244.07300,1257.29200,106290
2016-04-12 00:00:00+00:00,1257.39600,1262.77800,1251.19300,1254.29800,93682
2016-04-13 00:00:00+00:00,1254.29200,1256.83200,1239.78000,1241.15200,100913
2016-04-14 00:00:00+00:00,1241.05000,1244.28800,1223.95100,1229.46400,161865
2016-04-15 00:00:00+00:00,1229.35200,1236.37000,1225.38000,1233.84300,85012
2016-04-17 00:00:00+00:00,1235.04400,1239.65000,1234.50800,1237.16600,10710
2016-04-18 00:00:00+00:00,1237.14800,1241.77000,1227.84500,1229.46600,96538
2016-04-19 00:00:00+00:00,1229.57600,1256.74900,1227.74200,1249.80600,152753
2016-04-20 00:00:00+00:00,1249.91400,1258.14400,1242.50200,1245.41800,131794
2016-04-21 00:00:00+00:00,1245.42700,1270.43100,1243.50100,1249.34400,277296
2016-04-22 00:00:00+00:00,1249.25000,1252.74400,1227.49300,1232.25600,219438
2016-04-24 00:00:00+00:00,1233.21900,1233.77600,1231.00100,1232.82800,7481
2016-04-25 00:00:00+00:00,1232.72800,1242.49800,1230.19200,1238.21000,135166
2016-04-26 00:00:00+00:00,1238.11600,1245.11200,1231.42500,1242.86400,174784
2016-04-27 00:00:00+00:00,1242.85600,1253.02500,1239.40700,1245.65800,246641
2016-04-28 00:00:00+00:00,1245.64700,1269.75800,1237.27100,1265.79800,283670
2016-04-29 00:00:00+00:00,1265.67800,1296.92900,1265.13000,1293.35400,229076
2016-05-01 00:00:00+00:00,1291.16100,1296.22900,1290.64400,1295.02300,14149
2016-05-02 00:00:00+00:00,1295.01000,1303.83800,1287.65700,1289.82400,206651
2016-05-03 00:00:00+00:00,1289.81600,1301.93000,1282.17200,1286.99000,204384
2016-05-04 00:00:00+00:00,1287.09800,1289.93000,1271.87100,1282.80000,191936
2016-05-05 00:00:00+00:00,1282.89100,1286.53700,1268.91200,1277.59100,156144
2016-05-06 00:00:00+00:00,1277.69800,1295.71600,1274.54000,1287.61200,222854
2016-05-08 00:00:00+00:00,1285.37400,1287.53000,1284.21600,1285.81200,9711
2016-05-09 00:00:00+00:00,1285.82600,1287.70600,1261.44000,1262.65200,198466
2016-05-10 00:00:00+00:00,1262.55400,1270.37400,1256.89200,1265.02000,154689
2016-05-11 00:00:00+00:00,1265.01200,1279.24800,1264.99800,1277.59600,196161
2016-05-12 00:00:00+00:00,1277.58700,1281.08200,1261.44500,1266.95400,230160
2016-05-13 00:00:00+00:00,1266.85500,1276.42800,1262.93700,1273.27300,171435
2016-05-15 00:00:00+00:00,1271.86500,1275.42800,1270.99200,1274.01400,7534
2016-05-16 00:00:00+00:00,1274.01900,1288.78400,1270.48600,1275.30000,209575
2016-05-17 00:00:00+00:00,1275.20700,1282.44800,1268.91000,1279.58900,228386
2016-05-18 00:00:00+00:00,1279.48400,1280.58200,1255.14400,1260.64000,371486
2016-05-19 00:00:00+00:00,1260.64600,1261.45200,1243.94700,1257.05000,354236
2016-05-20 00:00:00+00:00,1257.07800,1260.37000,1248.89700,1251.94400,145276
2016-05-22 00:00:00+00:00,1250.65000,1252.62800,1248.63600,1252.18600,7136
2016-05-23 00:00:00+00:00,1252.17200,1256.25400,1243.09100,1249.57000,288016
2016-05-24 00:00:00+00:00,1249.60800,1252.34500,1223.33400,1225.49200,387465
2016-05-25 00:00:00+00:00,1225.50600,1230.30300,1217.87200,1225.22000,130138
2016-05-26 00:00:00+00:00,1225.23900,1234.53200,1218.33200,1222.18000,137455
2016-05-27 00:00:00+00:00,1222.16200,1223.60400,1206.83300,1213.15200,131579
2016-05-29 00:00:00+00:00,1213.02200,1213.65800,1205.87100,1207.79400,13508
2016-05-30 00:00:00+00:00,1207.70000,1210.98200,1199.45400,1209.98200,70615
2016-05-31 00:00:00+00:00,1210.07300,1218.32600,1208.37800,1216.68800,90803
2016-06-01 00:00:00+00:00,1216.95200,1220.51200,1206.07200,1213.66800,98721
2016-06-02 00:00:00+00:00,1213.67100,1217.75800,1207.04000,1208.05400,92137
2016-06-03 00:00:00+00:00,1208.15600,1244.97000,1207.65000,1244.48200,203234
2016-06-05 00:00:00+00:00,1242.90700,1248.40600,1242.17500,1248.40500,10384
2016-06-06 00:00:00+00:00,1248.27700,1248.85000,1239.90500,1245.01100,91202
2016-06-07 00:00:00+00:00,1245.10700,1246.70600,1234.77200,1244.01400,75696
2016-06-08 00:00:00+00:00,1244.11500,1266.48000,1243.10500,1264.94400,87109
2016-06-09 00:00:00+00:00,1264.85400,1271.84800,1256.88800,1265.94100,79344
2016-06-10 00:00:00+00:00,1265.82800,1278.22800,1264.65800,1273.78200,79797
2016-06-12 00:00:00+00:00,1273.78200,1278.49600,1273.78200,1277.72400,6264
2016-06-13 00:00:00+00:00,1277.63400,1287.31700,1272.52200,1282.75200,96000
2016-06-14 00:00:00+00:00,1282.66000,1289.92900,1276.06300,1284.62700,115693
2016-06-15 00:00:00+00:00,1284.63200,1296.95000,1278.51300,1293.74600,118304
2016-06-16 00:00:00+00:00,1293.64700,1315.72500,1277.33000,1282.23600,205740
2016-06-17 00:00:00+00:00,1282.24600,1299.84700,1276.57000,1298.40400,129755
2016-06-19 00:00:00+00:00,1289.32800,1292.93000,1280.26900,1289.40800,18195
2016-06-20 00:00:00+00:00,1289.40600,1291.33500,1278.10600,1288.17100,104566
2016-06-21 00:00:00+00:00,1288.18200,1294.50600,1264.58200,1269.10000,140517
2016-06-22 00:00:00+00:00,1269.20400,1270.76600,1259.11800,1262.86500,97196
2016-06-23 00:00:00+00:00,1262.87600,1272.31200,1250.42800,1267.49600,183141
2016-06-24 00:00:00+00:00,1267.36000,1358.76200,1264.19300,1315.13600,1155856
2016-06-26 00:00:00+00:00,1318.47200,1335.84800,1318.47200,1332.70400,49941
2016-06-27 00:00:00+00:00,1332.70600,1333.85500,1317.62200,1324.93500,424033
2016-06-28 00:00:00+00:00,1324.77300,1326.16600,1305.51000,1314.22100,210944
2016-06-29 00:00:00+00:00,1314.24500,1327.95200,1313.48000,1316.13600,196859
2016-06-30 00:00:00+00:00,1316.13500,1326.95800,1312.80200,1322.15000,170181
2016-07-01 00:00:00+00:00,1322.02600,1344.62000,1320.68800,1341.93800,213721
2016-07-03 00:00:00+00:00,1342.68500,1345.24600,1335.92000,1343.01400,12805
2016-07-04 00:00:00+00:00,1342.98600,1357.69000,1340.48200,1349.63600,266984
2016-07-05 00:00:00+00:00,1349.78600,1364.78500,1338.11400,1362.65700,275879
2016-07-06 00:00:00+00:00,1362.81800,1375.22200,1359.58400,1366.55400,258998
2016-07-07 00:00:00+00:00,1366.42200,1370.97800,1350.83500,1361.13900,208388
2016-07-08 00:00:00+00:00,1361.14300,1370.71200,1335.18100,1365.82700,342105
2016-07-10 00:00:00+00:00,1367.22500,1375.28800,1366.93600,1370.04100,17436
2016-07-11 00:00:00+00:00,1370.15200,1371.49400,1350.77000,1354.35600,195237
2016-07-12 00:00:00+00:00,1354.34800,1357.91300,1330.43300,1333.95800,171256
2016-07-13 00:00:00+00:00,1333.85000,1347.00400,1327.56800,1345.90800,154920
2016-07-14 00:00:00+00:00,1345.79600,1347.34500,1320.24900,1335.55800,210095
2016-07-15 00:00:00+00:00,1335.43600,1339.30300,1322.53200,1337.22700,175826
2016-07-17 00:00:00+00:00,1332.45500,1334.72500,1330.06800,1332.99100,15143
2016-07-18 00:00:00+00:00,1332.99200,1335.67800,1323.51600,1328.96600,155593
2016-07-19 00:00:00+00:00,1328.86400,1335.16800,1325.72600,1333.08600,132413
2016-07-20 00:00:00+00:00,1332.96400,1339.00200,1312.65100,1312.86300,156643
2016-07-21 00:00:00+00:00,1312.98400,1334.00400,1310.85800,1332.45900,180909
2016-07-22 00:00:00+00:00,1332.55800,1333.57100,1319.77800,1322.53000,121657
2016-07-24 00:00:00+00:00,1322.82200,1323.46000,1320.36800,1323.32600,5777
2016-07-25 00:00:00+00:00,1323.32000,1323.86700,1311.58600,1316.33400,106282
2016-07-26 00:00:00+00:00,1316.23600,1324.63800,1313.83600,1319.25200,106540
2016-07-27 00:00:00+00:00,1319.12800,1342.58300,1315.84800,1339.72600,225535
2016-07-28 00:00:00+00:00,1339.88800,1345.72400,1332.53200,1336.11600,143011
2016-07-29 00:00:00+00:00,1336.09800,1355.16200,1328.09300,1350.70800,271516
2016-07-31 00:00:00+00:00,1349.39900,1351.35000,1347.35600,1349.06800,6666
2016-08-01 00:00:00+00:00,1349.29100,1355.04400,1346.24300,1352.88100,104176
2016-08-02 00:00:00+00:00,1352.99200,1367.36500,1347.18000,1363.28400,157916
2016-08-03 00:00:00+00:00,1363.18000,1366.66200,1354.21200,1356.23000,132382
2016-08-04 00:00:00+00:00,1356.35600,1365.12400,1349.22000,1360.26100,167907
2016-08-05 00:00:00+00:00,1360.36500,1364.81000,1334.76500,1335.90900,188738
2016-08-07 00:00:00+00:00,1335.13400,1335.72000,1331.43600,1333.75300,11981
2016-08-08 00:00:00+00:00,1333.62300,1338.41800,1330.02800,1336.17600,113921
2016-08-09 00:00:00+00:00,1336.05400,1343.11000,1330.60600,1341.92200,99772
2016-08-10 00:00:00+00:00,1341.82400,1357.45200,1340.88400,1347.68500,138240
2016-08-11 00:00:00+00:00,1347.69800,1353.54900,1335.79800,1339.50400,112989
2016-08-12 00:00:00+00:00,1339.50300,1356.77900,1332.99700,1336.47800,193453
2016-08-14 00:00:00+00:00,1338.12000,1339.62800,1336.67800,1339.05500,8494
2016-08-15 00:00:00+00:00,1339.17700,1344.00200,1335.82300,1341.17400,90233
2016-08-16 00:00:00+00:00,1341.28400,1358.25600,1340.66300,1347.87000,161964
2016-08-17 00:00:00+00:00,1347.86000,1353.13200,1335.33800,1352.31600,129753
2016-08-18 00:00:00+00:00,1352.42900,1356.28600,1346.21000,1350.22000,128045
2016-08-19 00:00:00+00:00,1350.11900,1351.32000,1337.86800,1340.86800,154411
2016-08-21 00:00:00+00:00,1340.76600,1341.54600,1335.05400,1337.53000,25517
2016-08-22 00:00:00+00:00,1337.55200,1340.21500,1331.74400,1337.81600,113394
2016-08-23 00:00:00+00:00,1337.70000,1344.85800,1335.22200,1338.05200,117086
2016-08-24 00:00:00+00:00,1337.94400,1340.24000,1323.24200,1326.05400,148675
2016-08-25 00:00:00+00:00,1325.95800,1327.15500,1318.06700,1322.21600,102782
2016-08-26 00:00:00+00:00,1322.20400,1342.47800,1318.49700,1320.53000,293476
2016-08-28 00:00:00+00:00,1320.79600,1321.64600,1318.63200,1320.90900,12145
2016-08-29 00:00:00+00:00,1320.78100,1325.22300,1314.88800,1323.92800,134262
2016-08-30 00:00:00+00:00,1324.02800,1325.65100,1309.25100,1312.42600,115089
2016-08-31 00:00:00+00:00,1312.32000,1316.27600,1304.18600,1310.03400,113747
2016-09-01 00:00:00+00:00,1309.71200,1315.27200,1302.54400,1314.55600,131712
2016-09-02 00:00:00+00:00,1314.44800,1330.47600,1303.85800,1325.47200,237733
2016-09-04 00:00:00+00:00,1324.53000,1325.31300,1322.58300,1322.71500,4291
2016-09-05 00:00:00+00:00,1322.81400,1328.68700,1321.84200,1327.49600,61795
2016-09-06 00:00:00+00:00,1327.51400,1352.83800,1324.90400,1349.09200,145531
2016-09-07 00:00:00+00:00,1349.17800,1352.75100,1341.59700,1344.46800,112062
2016-09-08 00:00:00+00:00,1344.57100,1349.55400,1335.38400,1337.43200,151815
2016-09-09 00:00:00+00:00,1337.44200,1339.68200,1326.98500,1326.98500,111051
2016-09-11 00:00:00+00:00,1328.09200,1330.11000,1327.44600,1329.57400,6108
2016-09-12 00:00:00+00:00,1329.46000,1330.50600,1320.43700,1329.98100,152360
2016-09-13 00:00:00+00:00,1330.10600,1332.15200,1313.62500,1321.06500,158103
2016-09-14 00:00:00+00:00,1321.21600,1326.37600,1316.08500,1322.88700,103617
2016-09-15 00:00:00+00:00,1323.00100,1328.75500,1309.33100,1317.07900,172978
2016-09-16 00:00:00+00:00,1317.17800,1318.22000,1306.24800,1309.98400,110490
2016-09-18 00:00:00+00:00,1310.22000,1312.78900,1309.82000,1311.11500,8223
2016-09-19 00:00:00+00:00,1311.00500,1318.54800,1309.53200,1314.14000,91720
2016-09-20 00:00:00+00:00,1314.01800,1318.07000,1312.05500,1316.07200,64162
2016-09-21 00:00:00+00:00,1316.18000,1337.50400,1307.83600,1333.40300,291458
2016-09-22 00:00:00+00:00,1333.39600,1343.81600,1331.32200,1337.30000,113276
2016-09-23 00:00:00+00:00,1337.30400,1340.76600,1333.88600,1338.17000,86835
2016-09-25 00:00:00+00:00,1336.73000,1339.04700,1336.72600,1338.40000,3258
2016-09-26 00:00:00+00:00,1338.53200,1342.24800,1332.81300,1337.59000,90630
2016-09-27 00:00:00+00:00,1337.47400,1339.68800,1324.52400,1326.65400,120203
2016-09-28 00:00:00+00:00,1326.65000,1327.28600,1318.08800,1323.61600,76454
2016-09-29 00:00:00+00:00,1323.52500,1325.94600,1315.73800,1322.20900,93499
2016-09-30 00:00:00+00:00,1322.18800,1328.12200,1313.27300,1315.60900,124168
2016-10-02 00:00:00+00:00,1318.64700,1318.78400,1315.21000,1315.68900,4163
2016-10-03 00:00:00+00:00,1315.78600,1319.74700,1309.38900,1311.98800,81360
2016-10-04 00:00:00+00:00,1311.89400,1312.28600,1266.56000,1268.39600,183720
2016-10-05 00:00:00+00:00,1268.49200,1277.33200,1262.15000,1269.33600,112498
2016-10-06 00:00:00+00:00,1269.35200,1269.40800,1249.94800,1256.05800,101733
2016-10-07 00:00:00+00:00,1256.05000,1265.61000,1241.44000,1257.16800,296940
2016-10-09 00:00:00+00:00,1256.69100,1261.89800,1256.59100,1259.98500,8489
2016-10-10 00:00:00+00:00,1259.97400,1265.02600,1256.64600,1258.67300,90595
2016-10-11 00:00:00+00:00,1258.58600,1262.31000,1252.04600,1254.63400,95486
2016-10-12 00:00:00+00:00,1254.54400,1259.02900,1249.83200,1254.13400,93196
2016-10-13 00:00:00+00:00,1254.25200,1262.54200,1253.19500,1257.11100,94512
2016-10-14 00:00:00+00:00,1257.01200,1259.76200,1246.06600,1251.59200,117531
2016-10-16 00:00:00+00:00,1251.82100,1253.32000,1250.29200,1253.22800,4077
2016-10-17 00:00:00+00:00,1253.12200,1257.32800,1250.62800,1255.88800,62693
2016-10-18 00:00:00+00:00,1255.97700,1264.81600,1255.69400,1263.71800,72874
2016-10-19 00:00:00+00:00,1263.82000,1273.43200,1260.37000,1270.12600,73929
2016-10-20 00:00:00+00:00,1270.02300,1274.88000,1264.89700,1265.11300,76348
2016-10-21 00:00:00+00:00,1265.01200,1268.14400,1261.23500,1266.90000,48811
2016-10-23 00:00:00+00:00,1265.84800,1266.78300,1265.55500,1266.36300,3317
2016-10-24 00:00:00+00:00,1266.26300,1272.02400,1259.88600,1263.53700,67576
2016-10-25 00:00:00+00:00,1263.53200,1276.80400,1262.11800,1274.51800,71495
2016-10-26 00:00:00+00:00,1274.62300,1276.62800,1264.80800,1266.64400,66540
2016-10-27 00:00:00+00:00,1266.55000,1272.87600,1265.03500,1269.75400,80339
2016-10-28 00:00:00+00:00,1269.64500,1284.40200,1261.10800,1275.68200,165579
2016-10-30 00:00:00+00:00,1277.10900,1279.72400,1276.42400,1278.95200,6982
2016-10-31 00:00:00+00:00,1278.97400,1279.66600,1271.25400,1276.19400,84583
2016-11-01 00:00:00+00:00,1276.21000,1292.05800,1275.65000,1287.91800,116492
2016-11-02 00:00:00+00:00,1287.80300,1308.17200,1287.42000,1298.57700,149353
2016-11-03 00:00:00+00:00,1298.59800,1307.17400,1285.72800,1302.19000,130973
2016-11-04 00:00:00+00:00,1302.19400,1307.31400,1294.82700,1304.70100,122388
2016-11-06 00:00:00+00:00,1293.13200,1294.73600,1287.73000,1289.39500,20013
2016-11-07 00:00:00+00:00,1289.51900,1295.97800,1278.22400,1282.60200,120444
2016-11-08 00:00:00+00:00,1282.51100,1290.89600,1268.07600,1273.53400,130515
2016-11-09 00:00:00+00:00,1273.55400,1337.53000,1268.82000,1276.30200,1535482
2016-11-10 00:00:00+00:00,1276.28600,1292.57300,1252.33800,1260.93800,328858
2016-11-11 00:00:00+00:00,1260.95800,1265.57800,1219.07600,1227.91600,416990
2016-11-13 00:00:00+00:00,1227.16200,1231.40900,1226.97400,1229.79800,9866
2016-11-14 00:00:00+00:00,1229.82400,1230.40500,1211.55000,1223.73900,378643
2016-11-15 00:00:00+00:00,1223.71800,1231.78000,1218.96200,1227.07000,220607
2016-11-16 00:00:00+00:00,1227.05400,1233.26400,1221.51100,1226.93800,167442
2016-11-17 00:00:00+00:00,1226.83000,1231.54200,1210.98600,1214.90200,192825
2016-11-18 00:00:00+00:00,1214.89200,1216.27600,1202.49200,1207.19500,208472
2016-11-20 00:00:00+00:00,1208.41400,1208.44400,1205.65600,1206.26000,5548
2016-11-21 00:00:00+00:00,1206.41800,1217.98600,1206.27200,1216.24200,141261
2016-11-22 00:00:00+00:00,1216.13400,1221.19900,1206.13600,1213.01600,157233
2016-11-23 00:00:00+00:00,1213.11500,1215.13400,1181.79400,1189.77200,184257
2016-11-24 00:00:00+00:00,1189.79100,1191.01200,1180.31800,1186.32400,133997
2016-11-25 00:00:00+00:00,1186.17800,1193.41400,1170.93800,1184.09800,259570
2016-11-27 00:00:00+00:00,1183.02200,1187.22200,1182.56000,1186.86000,6305
2016-11-28 00:00:00+00:00,1186.98400,1197.71800,1183.11800,1194.78600,175731
2016-11-29 00:00:00+00:00,1194.67600,1195.12700,1181.09800,1188.90400,136024
2016-11-30 00:00:00+00:00,1188.81000,1195.05400,1170.03400,1172.45200,197817
2016-12-01 00:00:00+00:00,1172.67600,1176.88400,1160.75000,1173.51200,195400
2016-12-02 00:00:00+00:00,1173.50800,1178.30200,1166.79600,1176.77000,134716
2016-12-04 00:00:00+00:00,1181.18600,1188.28700,1177.85600,1180.35300,24340
2016-12-05 00:00:00+00:00,1180.24800,1181.62100,1157.14400,1170.26600,195675
2016-12-06 00:00:00+00:00,1170.16600,1175.43800,1166.61200,1169.48200,109747
2016-12-07 00:00:00+00:00,1169.49400,1180.38600,1165.62900,1174.97600,96374
2016-12-08 00:00:00+00:00,1175.10200,1178.84200,1169.23000,1170.67700,181905
2016-12-09 00:00:00+00:00,1170.67400,1172.14800,1156.26200,1159.57900,122993
2016-12-11 00:00:00+00:00,1159.35800,1159.66300,1156.83000,1158.56800,3499
2016-12-12 00:00:00+00:00,1158.56200,1165.94200,1151.09700,1163.20200,118374
2016-12-13 00:00:00+00:00,1163.10500,1165.17600,1154.67400,1158.73800,95669
2016-12-14 00:00:00+00:00,1158.75500,1165.56200,1138.82500,1143.01400,216120
2016-12-15 00:00:00+00:00,1143.01500,1144.54400,1122.69000,1128.14600,207727
2016-12-16 00:00:00+00:00,1128.05400,1141.45500,1126.72600,1134.26400,141967
2016-12-18 00:00:00+00:00,1133.80800,1136.96000,1133.80800,1135.95800,3726
2016-12-19 00:00:00+00:00,1135.97700,1142.50800,1135.65400,1138.75100,105139
2016-12-20 00:00:00+00:00,1138.76400,1139.92800,1125.83100,1132.13200,114207
2016-12-21 00:00:00+00:00,1132.14000,1137.25000,1129.44100,1131.07100,76994
2016-12-22 00:00:00+00:00,1130.98200,1134.21600,1127.61000,1128.90600,85033
2016-12-23 00:00:00+00:00,1128.80800,1136.01800,1128.42000,1132.38800,53628
2016-12-26 00:00:00+00:00,1133.78200,1135.06000,1133.16200,1133.48600,5100
2016-12-27 00:00:00+00:00,1133.35000,1151.08000,1131.72200,1139.34700,86869
2016-12-28 00:00:00+00:00,1139.45200,1144.65600,1136.57400,1142.52800,86689
2016-12-29 00:00:00+00:00,1142.41800,1162.22800,1142.40700,1160.35000,148785
2016-12-30 00:00:00+00:00,1160.33800,1163.41200,1149.77600,1150.81700,162698
2017-01-02 00:00:00+00:00,1150.51500,1152.75800,1149.49900,1150.44500,8935
2017-01-03 00:00:00+00:00,1150.44200,1165.05300,1146.16800,1157.29500,143164
2017-01-04 00:00:00+00:00,1157.20200,1168.17400,1156.28400,1166.05600,104301
2017-01-05 00:00:00+00:00,1165.95300,1185.14100,1165.94500,1180.84700,211931
2017-01-06 00:00:00+00:00,1180.85000,1183.31300,1170.97200,1172.99400,173378
2017-01-08 00:00:00+00:00,1173.09900,1174.10600,1171.91100,1173.94800,3706
2017-01-09 00:00:00+00:00,1174.05600,1186.36800,1172.71600,1182.60800,102137
2017-01-10 00:00:00+00:00,1182.70900,1190.70400,1180.24600,1186.19600,107640
2017-01-11 00:00:00+00:00,1186.28600,1198.39200,1177.24000,1193.61800,243415
2017-01-12 00:00:00+00:00,1193.63200,1207.13800,1193.01200,1196.30200,149177
2017-01-13 00:00:00+00:00,1196.20600,1201.89700,1187.99800,1197.78600,162408
2017-01-15 00:00:00+00:00,1199.83300,1205.87600,1198.11600,1203.54200,8733
2017-01-16 00:00:00+00:00,1203.63700,1208.87000,1200.37600,1203.27400,69436
2017-01-17 00:00:00+00:00,1203.17200,1218.94400,1203.16400,1215.24000,168990
2017-01-18 00:00:00+00:00,1215.14100,1217.64400,1201.90400,1203.17400,125701
2017-01-19 00:00:00+00:00,1203.06600,1206.77700,1195.88600,1203.79000,181276
2017-01-20 00:00:00+00:00,1203.80800,1215.07100,1198.66300,1211.37600,182171
2017-01-22 00:00:00+00:00,1210.22800,1215.92000,1209.17800,1215.60700,10731
2017-01-23 00:00:00+00:00,1215.61400,1220.52400,1209.30000,1217.48400,147483
2017-01-24 00:00:00+00:00,1217.50000,1218.71600,1206.67200,1209.29600,96313
2017-01-25 00:00:00+00:00,1209.39800,1209.87800,1193.33100,1201.04400,109494
2017-01-26 00:00:00+00:00,1201.15200,1202.76000,1184.50500,1188.36600,105072
2017-01-27 00:00:00+00:00,1188.47400,1191.83600,1180.63000,1191.34400,99183
2017-01-29 00:00:00+00:00,1192.57200,1194.73200,1191.17200,1194.24400,7543
2017-01-30 00:00:00+00:00,1194.14700,1199.55500,1188.32000,1196.76000,81539
2017-01-31 00:00:00+00:00,1196.86200,1215.45600,1196.17800,1211.91200,147793
2017-02-01 00:00:00+00:00,1211.63600,1212.49200,1198.17000,1209.79400,124199
2017-02-02 00:00:00+00:00,1209.78600,1225.38800,1209.75600,1214.73000,131995
2017-02-03 00:00:00+00:00,1214.82100,1221.49700,1206.99200,1220.59400,162795
2017-02-05 00:00:00+00:00,1220.19000,1225.57000,1219.27600,1220.94600,10567
2017-02-06 00:00:00+00:00,1221.04600,1235.71000,1220.21200,1233.50600,92595
2017-02-07 00:00:00+00:00,1233.60400,1235.92000,1227.82300,1232.20400,85790
2017-02-08 00:00:00+00:00,1232.11600,1244.85800,1230.18800,1239.99600,88234
2017-02-09 00:00:00+00:00,1239.90400,1244.64200,1224.91600,1226.62500,116190
2017-02-10 00:00:00+00:00,1226.52700,1237.19400,1221.69200,1233.85000,104261
2017-02-12 00:00:00+00:00,1232.69100,1233.03600,1228.72600,1230.33900,5294
2017-02-13 00:00:00+00:00,1230.42800,1232.38000,1219.45300,1226.33700,57753
2017-02-14 00:00:00+00:00,1226.42600,1234.60600,1221.97000,1228.61900,115008
2017-02-15 00:00:00+00:00,1228.51400,1234.37600,1216.72900,1233.04600,85358
2017-02-16 00:00:00+00:00,1233.13800,1242.48200,1232.23200,1238.57400,83278
2017-02-17 00:00:00+00:00,1238.48300,1243.91400,1234.14300,1234.87400,54532
2017-02-19 00:00:00+00:00,1235.36200,1238.22600,1235.20100,1236.35200,3948
2017-02-20 00:00:00+00:00,1236.26400,1239.10100,1232.48400,1237.15000,31116
2017-02-21 00:00:00+00:00,1237.24200,1238.96800,1226.20400,1234.97400,53447
2017-02-22 00:00:00+00:00,1234.97600,1241.31500,1231.18600,1236.97200,86997
2017-02-23 00:00:00+00:00,1236.88600,1251.19000,1235.78000,1249.42100,83158
2017-02-24 00:00:00+00:00,1249.51400,1260.18800,1248.05000,1257.44700,53539
2017-02-26 00:00:00+00:00,1257.66000,1258.00600,1254.96600,1255.90100,4653
2017-02-27 00:00:00+00:00,1255.99900,1263.98400,1250.98800,1253.48900,74717
2017-02-28 00:00:00+00:00,1253.49800,1258.52700,1245.76600,1246.31400,286754
2017-03-01 00:00:00+00:00,1246.08600,1250.77400,1236.93800,1247.39100,594187
2017-03-02 00:00:00+00:00,1247.24400,1248.18300,1230.94300,1235.49000,580636
2017-03-03 00:00:00+00:00,1235.49700,1236.37800,1222.84400,1235.20400,496655
2017-03-05 00:00:00+00:00,1233.04700,1236.98800,1232.71400,1236.96900,12979
2017-03-06 00:00:00+00:00,1236.98200,1237.03000,1224.95000,1226.13800,235759
2017-03-07 00:00:00+00:00,1226.01700,1227.21600,1214.19900,1216.32000,197209
2017-03-08 00:00:00+00:00,1216.20400,1218.67500,1206.67200,1208.54000,206709
2017-03-09 00:00:00+00:00,1208.42400,1209.11200,1198.79800,1199.84400,263421
2017-03-10 00:00:00+00:00,1199.83000,1206.47000,1194.99400,1204.59200,344628
2017-03-12 00:00:00+00:00,1205.45000,1207.41600,1204.66400,1206.04000,10558
2017-03-13 00:00:00+00:00,1206.03300,1211.32200,1201.32600,1202.26100,190671
2017-03-14 00:00:00+00:00,1202.38600,1207.78000,1197.29200,1200.47400,193190
2017-03-15 00:00:00+00:00,1200.57200,1222.15600,1197.54000,1220.58800,419071
2017-03-16 00:00:00+00:00,1220.56200,1233.90000,1220.09800,1226.39200,261613
2017-03-17 00:00:00+00:00,1226.51400,1231.81900,1224.50200,1229.45800,213528
2017-03-19 00:00:00+00:00,1230.30000,1231.48000,1229.20900,1231.48000,8607
2017-03-20 00:00:00+00:00,1231.33700,1235.67200,1230.18200,1234.83000,222422
2017-03-21 00:00:00+00:00,1234.68400,1247.71100,1226.93400,1246.07700,451091
2017-03-22 00:00:00+00:00,1246.21200,1251.45600,1243.95000,1245.98800,430581
2017-03-23 00:00:00+00:00,1246.11900,1253.40200,1242.81200,1245.65800,430162
2017-03-24 00:00:00+00:00,1245.79200,1252.02800,1240.96200,1242.99000,235991
2017-03-26 00:00:00+00:00,1246.21000,1254.75900,1246.18200,1252.99200,33855
2017-03-27 00:00:00+00:00,1252.99300,1261.12600,1252.48600,1253.16200,164475
2017-03-28 00:00:00+00:00,1253.04400,1258.47300,1247.70400,1250.24800,184828
2017-03-29 00:00:00+00:00,1250.27400,1254.83300,1247.39500,1252.73400,159562
2017-03-30 00:00:00+00:00,1252.63000,1253.10200,1242.17100,1243.70600,230969
2017-03-31 00:00:00+00:00,1243.83800,1250.72000,1239.71800,1248.63200,263335
2017-04-02 00:00:00+00:00,1248.87900,1250.13500,1247.54400,1248.40800,9515
2017-04-03 00:00:00+00:00,1248.24800,1257.00400,1244.52000,1255.76600,235372
2017-04-04 00:00:00+00:00,1255.77400,1261.41400,1254.03400,1255.67800,238062
2017-04-05 00:00:00+00:00,1255.56600,1259.06400,1243.75800,1258.31200,358875
2017-04-06 00:00:00+00:00,1258.45200,1258.95000,1249.71000,1251.63200,217892
2017-04-07 00:00:00+00:00,1251.61800,1271.09400,1250.65400,1254.91400,445475
2017-04-09 00:00:00+00:00,1254.00800,1255.98700,1253.49500,1255.13500,17176
2017-04-10 00:00:00+00:00,1255.13700,1257.21800,1247.11500,1256.09400,153906
2017-04-11 00:00:00+00:00,1256.18800,1276.52000,1253.10200,1276.31800,236725
2017-04-12 00:00:00+00:00,1276.31800,1287.38400,1271.96600,1287.23300,260375
2017-04-13 00:00:00+00:00,1287.34400,1288.64300,1281.86000,1287.41600,185276
2017-04-16 00:00:00+00:00,1292.04100,1295.67600,1290.52700,1294.65900,27812
2017-04-17 00:00:00+00:00,1294.64300,1295.11200,1281.40500,1283.09100,158624
2017-04-18 00:00:00+00:00,1283.10000,1292.47500,1278.93600,1289.27800,177633
2017-04-19 00:00:00+00:00,1289.37500,1289.43500,1273.78800,1279.71200,184323
2017-04-20 00:00:00+00:00,1279.73400,1283.56000,1276.55600,1281.07600,185789
2017-04-21 00:00:00+00:00,1281.19200,1288.38000,1278.53500,1283.71700,166105
2017-04-23 00:00:00+00:00,1274.12000,1275.53300,1265.52200,1274.33500,67150
2017-04-24 00:00:00+00:00,1274.20400,1278.26500,1266.70600,1277.55600,211188
2017-04-25 00:00:00+00:00,1277.64900,1277.99200,1261.64200,1263.67600,171259
2017-04-26 00:00:00+00:00,1263.77100,1271.00600,1259.46800,1267.62400,241510
2017-04-27 00:00:00+00:00,1267.51800,1268.48800,1260.94200,1264.11000,154209
2017-04-28 00:00:00+00:00,1264.21400,1268.79400,1263.40000,1268.79400,199202
2017-04-30 00:00:00+00:00,1268.95000,1271.30100,1268.20100,1270.46200,10824
2017-05-01 00:00:00+00:00,1270.47500,1270.56200,1254.11000,1256.73400,234148
2017-05-02 00:00:00+00:00,1256.86900,1257.92200,1251.98700,1256.73700,217323
2017-05-03 00:00:00+00:00,1256.76000,1257.10700,1235.90600,1238.41800,324666
2017-05-04 00:00:00+00:00,1238.30000,1241.38000,1225.55900,1228.54600,249020
2017-05-05 00:00:00+00:00,1228.55500,1235.75800,1226.15800,1227.82000,215715
2017-05-07 00:00:00+00:00,1222.08600,1234.86400,1221.54400,1234.66000,30408
2017-05-08 00:00:00+00:00,1234.80400,1236.62800,1225.94500,1227.93500,147537
2017-05-09 00:00:00+00:00,1228.03600,1228.75800,1214.35700,1223.48200,169890
2017-05-10 00:00:00+00:00,1223.58300,1225.79100,1217.63600,1217.80700,132459
2017-05-11 00:00:00+00:00,1217.70400,1227.83300,1217.04600,1225.14500,135814
2017-05-12 00:00:00+00:00,1225.04100,1231.85000,1224.54400,1227.52100,133049
2017-05-14 00:00:00+00:00,1228.45200,1230.74500,1228.37500,1229.92400,9486
2017-05-15 00:00:00+00:00,1229.80800,1237.42000,1226.97600,1231.58400,137480
2017-05-16 00:00:00+00:00,1231.58500,1244.74000,1230.50000,1243.48800,156188
2017-05-17 00:00:00+00:00,1243.58000,1263.34100,1241.06800,1260.36200,327437
2017-05-18 00:00:00+00:00,1260.49000,1265.15900,1246.04000,1248.55800,391645
2017-05-19 00:00:00+00:00,1248.53800,1256.56100,1247.42300,1255.28900,200103
2017-05-21 00:00:00+00:00,1256.63700,1257.78400,1254.69400,1257.15800,15610
2017-05-22 00:00:00+00:00,1257.03300,1263.66200,1251.83800,1263.28000,163050
2017-05-23 00:00:00+00:00,1263.16200,1263.95000,1250.46600,1251.04000,219325
2017-05-24 00:00:00+00:00,1251.16800,1259.08800,1247.90600,1257.95600,264186
2017-05-25 00:00:00+00:00,1257.84800,1259.80400,1253.16400,1255.37500,194243
2017-05-26 00:00:00+00:00,1255.23700,1269.54300,1254.18800,1267.47800,179651
2017-05-28 00:00:00+00:00,1266.79800,1269.27200,1266.40800,1268.48400,9011
2017-05-29 00:00:00+00:00,1268.34900,1268.86400,1265.01500,1266.94800,71655
2017-05-30 00:00:00+00:00,1266.79800,1270.64500,1259.25800,1262.54400,145577
2017-05-31 00:00:00+00:00,1262.44200,1274.25400,1259.61200,1268.74800,162134
2017-06-01 00:00:00+00:00,1268.71400,1270.46200,1261.51500,1264.72000,150692
2017-06-02 00:00:00+00:00,1264.72600,1279.67700,1259.04400,1279.08000,208541
2017-06-04 00:00:00+00:00,1279.91000,1281.38700,1278.64500,1280.04800,15685
2017-06-05 00:00:00+00:00,1279.92800,1283.54800,1277.85800,1280.55600,100531
2017-06-06 00:00:00+00:00,1280.44600,1296.20000,1279.70600,1293.76200,202562
2017-06-07 00:00:00+00:00,1293.65200,1294.33400,1282.67000,1284.65700,189934
2017-06-08 00:00:00+00:00,1284.75400,1289.09800,1271.36200,1279.93200,257919
2017-06-09 00:00:00+00:00,1280.04100,1280.30400,1264.70800,1266.26600,228777
2017-06-11 00:00:00+00:00,1267.70100,1268.18100,1266.31600,1267.87100,12484
2017-06-12 00:00:00+00:00,1267.97100,1270.42000,1263.63500,1265.38200,171431
2017-06-13 00:00:00+00:00,1265.27600,1269.04000,1258.95200,1267.35100,139642
2017-06-14 00:00:00+00:00,1267.46200,1281.42000,1257.23200,1263.56900,449431
2017-06-15 00:00:00+00:00,1263.46300,1266.83400,1251.46600,1254.00900,215497
2017-06-16 00:00:00+00:00,1253.88800,1257.27000,1251.85000,1254.44800,132960
2017-06-18 00:00:00+00:00,1254.21500,1255.82800,1253.40600,1254.81200,12117
2017-06-19 00:00:00+00:00,1254.82400,1255.41000,1243.06900,1243.94900,150797
2017-06-20 00:00:00+00:00,1243.83300,1248.24600,1241.33000,1244.95600,138243
2017-06-21 00:00:00+00:00,1245.05500,1250.07600,1240.81500,1249.08300,157797
2017-06-22 00:00:00+00:00,1248.96600,1255.08200,1246.66600,1251.58200,152402
2017-06-23 00:00:00+00:00,1251.48600,1258.94900,1249.93200,1256.29600,127082
2017-06-25 00:00:00+00:00,1257.25500,1258.27200,1257.06400,1257.51200,7509
2017-06-26 00:00:00+00:00,1257.52600,1257.55500,1235.81400,1243.22300,244163
2017-06-27 00:00:00+00:00,1243.12400,1253.32200,1241.40700,1249.25600,213386
2017-06-28 00:00:00+00:00,1249.24400,1255.13500,1247.91400,1249.89600,233618
2017-06-29 00:00:00+00:00,1249.77000,1253.31400,1239.81800,1246.65100,253030
2017-06-30 00:00:00+00:00,1246.54000,1248.37000,1239.29400,1242.19700,195919
2017-07-02 00:00:00+00:00,1241.64800,1242.91700,1240.68600,1241.90800,10049
2017-07-03 00:00:00+00:00,1241.79800,1242.16600,1218.54600,1223.47000,216342
2017-07-04 00:00:00+00:00,1223.58300,1227.52000,1220.64300,1226.76600,100016
2017-07-05 00:00:00+00:00,1226.64800,1229.85900,1217.18200,1226.56800,236880
2017-07-06 00:00:00+00:00,1226.68000,1228.08600,1218.81600,1222.92500,219548
2017-07-07 00:00:00+00:00,1222.80100,1228.70400,1207.32900,1212.46100,234041
2017-07-09 00:00:00+00:00,1213.92000,1213.99600,1211.45700,1213.41200,12649
2017-07-10 00:00:00+00:00,1213.51400,1216.19700,1204.82000,1213.76000,159567
2017-07-11 00:00:00+00:00,1213.85500,1218.19500,1208.23200,1218.05100,180860
2017-07-12 00:00:00+00:00,1218.06200,1225.92700,1213.46000,1219.09800,237679
2017-07-13 00:00:00+00:00,1218.98900,1224.59100,1216.64700,1217.62700,172984
2017-07-14 00:00:00+00:00,1217.73900,1233.06800,1214.82400,1228.47700,216112
2017-07-16 00:00:00+00:00,1228.93600,1231.23600,1228.27300,1230.96400,11509
2017-07-17 00:00:00+00:00,1230.84600,1236.10100,1229.42000,1232.97800,146833
2017-07-18 00:00:00+00:00,1232.96000,1244.67200,1232.86100,1242.83400,185958
2017-07-19 00:00:00+00:00,1242.85100,1244.16000,1235.57300,1241.43700,144095
2017-07-20 00:00:00+00:00,1241.55200,1247.65400,1235.33400,1244.04600,210660
2017-07-21 00:00:00+00:00,1243.95400,1255.82600,1243.45000,1255.25900,155572
2017-07-23 00:00:00+00:00,1254.95100,1256.43000,1253.44500,1256.29600,10100
2017-07-24 00:00:00+00:00,1256.30800,1258.89800,1251.98600,1253.70300,153836
2017-07-25 00:00:00+00:00,1253.69400,1258.03400,1246.63000,1246.89200,181730
2017-07-26 00:00:00+00:00,1246.75800,1263.59400,1243.82200,1260.40800,288873
2017-07-27 00:00:00+00:00,1260.41200,1265.47000,1254.53800,1260.17100,301799
2017-07-28 00:00:00+00:00,1260.20000,1270.96600,1257.47100,1269.13800,264949
2017-07-30 00:00:00+00:00,1270.48000,1271.25600,1269.45600,1270.40200,12250
2017-07-31 00:00:00+00:00,1270.41000,1270.60400,1265.82300,1267.71000,161834
2017-08-01 00:00:00+00:00,1267.67400,1274.14900,1262.51200,1267.71800,266391
2017-08-02 00:00:00+00:00,1267.73700,1272.94700,1256.24600,1263.14000,229334
2017-08-03 00:00:00+00:00,1263.03800,1270.95700,1259.89600,1269.35000,238903
2017-08-04 00:00:00+00:00,1269.22400,1270.48000,1254.21100,1258.70700,292112
2017-08-06 00:00:00+00:00,1258.49200,1259.58800,1256.59600,1257.51600,13215
2017-08-07 00:00:00+00:00,1257.37000,1260.04800,1255.80200,1257.82000,140259
2017-08-08 00:00:00+00:00,1257.69900,1265.35200,1251.55400,1261.96000,246840
2017-08-09 00:00:00+00:00,1261.95200,1278.87000,1261.31500,1275.85400,330707
2017-08-10 00:00:00+00:00,1275.99600,1287.93400,1274.66400,1286.62400,308518
2017-08-11 00:00:00+00:00,1286.74800,1292.54800,1281.17400,1288.90000,324621
2017-08-13 00:00:00+00:00,1289.74800,1290.17400,1287.71300,1288.86200,15647
2017-08-14 00:00:00+00:00,1288.74600,1289.67600,1278.65400,1279.20800,242111
2017-08-15 00:00:00+00:00,1279.34800,1279.71600,1267.31400,1273.07700,262032
2017-08-16 00:00:00+00:00,1272.95900,1284.28200,1267.71800,1282.96100,302518
2017-08-17 00:00:00+00:00,1282.95600,1290.27200,1281.21000,1288.64100,392337
2017-08-18 00:00:00+00:00,1288.67100,1300.98000,1283.48000,1285.06000,486929
2017-08-20 00:00:00+00:00,1283.42600,1284.60200,1280.59400,1283.68000,17513
2017-08-21 00:00:00+00:00,1283.69600,1294.08600,1281.75600,1291.70400,274658
2017-08-22 00:00:00+00:00,1291.82800,1291.82800,1282.02900,1283.38700,239444
2017-08-23 00:00:00+00:00,1283.39000,1291.60600,1282.83700,1290.76400,222890
2017-08-24 00:00:00+00:00,1290.50600,1290.96200,1284.47000,1286.84200,230016
2017-08-25 00:00:00+00:00,1286.70400,1295.15300,1276.17100,1291.44400,444728
2017-08-27 00:00:00+00:00,1292.73600,1294.99400,1292.07600,1292.61000,21428
2017-08-28 00:00:00+00:00,1292.72600,1325.27800,1291.88800,1317.53000,373763
2017-08-29 00:00:00+00:00,1317.66200,1326.11500,1305.04800,1309.07800,536070
2017-08-30 00:00:00+00:00,1308.92500,1313.88400,1304.65000,1307.35400,332902
2017-08-31 00:00:00+00:00,1307.23100,1323.70600,1297.87600,1321.21900,439048
2017-09-01 00:00:00+00:00,1321.39300,1329.05300,1316.43200,1324.38100,519707
2017-09-03 00:00:00+00:00,1338.34500,1339.12700,1333.52100,1336.15400,44489
2017-09-04 00:00:00+00:00,1336.05600,1340.04300,1331.85600,1333.12200,253157
2017-09-05 00:00:00+00:00,1333.11600,1344.48200,1325.75000,1341.76800,520576
2017-09-06 00:00:00+00:00,1341.76400,1342.59400,1331.64000,1333.40600,475853
2017-09-07 00:00:00+00:00,1333.52900,1349.98000,1332.62600,1349.10600,611499
2017-09-08 00:00:00+00:00,1349.10700,1357.69400,1342.78000,1347.16000,528829
2017-09-10 00:00:00+00:00,1334.57800,1340.27800,1333.82300,1337.77000,35028
2017-09-11 00:00:00+00:00,1337.75900,1339.18800,1326.44800,1327.47800,362260
2017-09-12 00:00:00+00:00,1327.34600,1334.98500,1322.65000,1331.02500,374980
2017-09-13 00:00:00+00:00,1330.91200,1334.75200,1320.85000,1322.37000,353618
2017-09-14 00:00:00+00:00,1322.47900,1334.49000,1315.67400,1334.08800,535537
2017-09-15 00:00:00+00:00,1334.08900,1334.18600,1319.74400,1320.42600,421886
2017-09-17 00:00:00+00:00,1319.59800,1320.12800,1314.41800,1316.27600,19929
2017-09-18 00:00:00+00:00,1316.27500,1319.80600,1304.67200,1309.02000,266516
2017-09-19 00:00:00+00:00,1308.90300,1311.79800,1305.17700,1310.84200,328533
2017-09-20 00:00:00+00:00,1310.83800,1316.29000,1296.04500,1299.05000,541555
2017-09-21 00:00:00+00:00,1298.94700,1301.05000,1288.14200,1291.90400,386691
2017-09-22 00:00:00+00:00,1292.02700,1298.87300,1291.27800,1297.87300,308166
2017-09-24 00:00:00+00:00,1297.95700,1298.14600,1289.11100,1292.19000,23935
2017-09-25 00:00:00+00:00,1292.04700,1312.50000,1290.80200,1308.37800,398548
2017-09-26 00:00:00+00:00,1308.50200,1313.81400,1291.76800,1293.31200,430644
2017-09-27 00:00:00+00:00,1293.31200,1296.35800,1281.48200,1283.55200,392679
2017-09-28 00:00:00+00:00,1283.65800,1288.86600,1277.72400,1287.04700,361065
2017-09-29 00:00:00+00:00,1286.93600,1290.53400,1275.59600,1280.59300,373295
2017-10-01 00:00:00+00:00,1279.94000,1280.33700,1276.79200,1278.03400,11986
2017-10-02 00:00:00+00:00,1277.88300,1278.04400,1269.46100,1271.13800,297098
2017-10-03 00:00:00+00:00,1271.26600,1274.84900,1268.34800,1272.50000,244757
2017-10-04 00:00:00+00:00,1272.49500,1282.31400,1270.60100,1274.03200,305993
2017-10-05 00:00:00+00:00,1274.16000,1279.10800,1266.01600,1269.18000,267842
2017-10-06 00:00:00+00:00,1269.19200,1277.11800,1260.60000,1276.91500,418034
2017-10-08 00:00:00+00:00,1276.45200,1277.86300,1275.33000,1276.63600,12980
2017-10-09 00:00:00+00:00,1276.62700,1285.61800,1275.35600,1283.27200,240531
2017-10-10 00:00:00+00:00,1283.43500,1294.34000,1282.14800,1289.78200,386638
2017-10-11 00:00:00+00:00,1289.78000,1293.64300,1284.59900,1292.57400,374751
2017-10-12 00:00:00+00:00,1292.44300,1297.57800,1289.60400,1294.10400,331259
2017-10-13 00:00:00+00:00,1293.96300,1304.29900,1290.91400,1303.28700,415697
2017-10-15 00:00:00+00:00,1303.94600,1304.43100,1301.82400,1304.29400,12004
2017-10-16 00:00:00+00:00,1304.42000,1306.14400,1290.43700,1295.15400,301354
2017-10-17 00:00:00+00:00,1295.01400,1295.38200,1281.36300,1285.95100,336366
2017-10-18 00:00:00+00:00,1286.08100,1288.92200,1277.00200,1280.36600,321432
2017-10-19 00:00:00+00:00,1280.48000,1291.22300,1276.50000,1290.22600,408835
2017-10-20 00:00:00+00:00,1290.11200,1290.74900,1278.03200,1280.84300,366368
2017-10-22 00:00:00+00:00,1278.46800,1279.07300,1274.32800,1275.18200,21972
2017-10-23 00:00:00+00:00,1275.18400,1283.41000,1272.55500,1282.70000,334382
2017-10-24 00:00:00+00:00,1282.83000,1283.78600,1273.74200,1275.76800,382980
2017-10-25 00:00:00+00:00,1275.87600,1280.10600,1271.02000,1279.43000,500848
2017-10-26 00:00:00+00:00,1279.30800,1282.66800,1265.79400,1267.23000,486170
2017-10-27 00:00:00+00:00,1267.12200,1274.71700,1263.57500,1273.61900,428347
2017-10-29 00:00:00+00:00,1273.70500,1274.11000,1272.02000,1272.54600,14294
2017-10-30 00:00:00+00:00,1272.54000,1278.94200,1269.00200,1277.30400,304438
2017-10-31 00:00:00+00:00,1277.18800,1278.25900,1267.77600,1270.01400,292964
2017-11-01 00:00:00+00:00,1270.00400,1280.97900,1267.98000,1275.44000,468830
2017-11-02 00:00:00+00:00,1275.33400,1284.27400,1273.31400,1277.84400,474040
2017-11-03 00:00:00+00:00,1277.84800,1280.61400,1265.53600,1270.09200,362580
2017-11-05 00:00:00+00:00,1270.17500,1271.19200,1268.85700,1270.58600,7359
2017-11-06 00:00:00+00:00,1270.48100,1283.11200,1266.07300,1280.11100,339546
2017-11-07 00:00:00+00:00,1280.08400,1280.85600,1271.93600,1277.77400,314105
2017-11-08 00:00:00+00:00,1277.64600,1287.31200,1275.97800,1281.90400,331860
2017-11-09 00:00:00+00:00,1281.90600,1288.74800,1279.97600,1286.11500,462926
2017-11-10 00:00:00+00:00,1286.21600,1287.19500,1273.39000,1274.90600,368360
2017-11-12 00:00:00+00:00,1274.97300,1275.81000,1274.29400,1275.25800,8213
2017-11-13 00:00:00+00:00,1275.40000,1279.90100,1274.84400,1277.86200,289969
2017-11-14 00:00:00+00:00,1277.98600,1283.71600,1270.01600,1281.07000,369666
2017-11-15 00:00:00+00:00,1280.95600,1289.72200,1276.69400,1279.59800,521712
2017-11-16 00:00:00+00:00,1279.49100,1281.88500,1275.13000,1279.28500,326982
2017-11-17 00:00:00+00:00,1279.41000,1297.08200,1278.94300,1293.84300,437307
2017-11-19 00:00:00+00:00,1292.83200,1294.98800,1291.81800,1293.59400,18479
2017-11-20 00:00:00+00:00,1293.72200,1294.34500,1274.51400,1279.47800,476078
2017-11-21 00:00:00+00:00,1279.49600,1284.83600,1276.27400,1281.95600,341022
2017-11-22 00:00:00+00:00,1282.11400,1294.72800,1279.07800,1290.88200,378525
2017-11-23 00:00:00+00:00,1291.03300,1293.73200,1287.03000,1291.33200,173930
2017-11-24 00:00:00+00:00,1291.33100,1293.36300,1285.50100,1288.39800,277431
2017-11-26 00:00:00+00:00,1289.23600,1289.43500,1287.26900,1287.37400,7634
2017-11-27 00:00:00+00:00,1287.50000,1299.33000,1286.77400,1294.62800,328751
2017-11-28 00:00:00+00:00,1294.63200,1297.58200,1290.68300,1294.14400,344395
2017-11-29 00:00:00+00:00,1294.02200,1296.75900,1282.04200,1284.27200,467864
2017-11-30 00:00:00+00:00,1284.15100,1285.38200,1270.31000,1275.18500,310538
2017-12-01 00:00:00+00:00,1274.92400,1289.30800,1271.72600,1280.13500,631668
2017-12-03 00:00:00+00:00,1274.36000,1275.64400,1272.48600,1274.05800,18062
2017-12-04 00:00:00+00:00,1273.93000,1277.70000,1270.93900,1276.62800,335244
2017-12-05 00:00:00+00:00,1276.65600,1277.10500,1260.94800,1266.38400,361216
2017-12-06 00:00:00+00:00,1266.24900,1269.34600,1262.60200,1264.10600,328589
2017-12-07 00:00:00+00:00,1264.00200,1264.23300,1243.94400,1247.21300,341564
2017-12-08 00:00:00+00:00,1247.09100,1252.47800,1243.60400,1247.83200,340122
2017-12-10 00:00:00+00:00,1247.78200,1249.32100,1247.66600,1248.70500,6966
2017-12-11 00:00:00+00:00,1248.70800,1251.55400,1240.73600,1242.86800,229517
2017-12-12 00:00:00+00:00,1242.87100,1246.34200,1236.54900,1243.54600,210129
2017-12-13 00:00:00+00:00,1243.55500,1257.22600,1240.31600,1254.12500,392386
2017-12-14 00:00:00+00:00,1254.02400,1259.20300,1250.51800,1253.64700,308054
2017-12-15 00:00:00+00:00,1253.54900,1261.91400,1253.16300,1254.67100,268049
2017-12-17 00:00:00+00:00,1255.68500,1255.69800,1253.69600,1253.91900,7233
2017-12-18 00:00:00+00:00,1254.01900,1264.12400,1252.80800,1261.45000,249532
2017-12-19 00:00:00+00:00,1261.55100,1265.40800,1259.23600,1261.86600,251690
2017-12-20 00:00:00+00:00,1261.75400,1268.01800,1261.48400,1266.47900,297920
2017-12-21 00:00:00+00:00,1266.59900,1269.11600,1262.81000,1267.13400,242544
2017-12-22 00:00:00+00:00,1267.00800,1276.30400,1265.02600,1274.09700,234516
2017-12-25 00:00:00+00:00,1274.88000,1275.42400,1273.38800,1273.58200,8612
2017-12-26 00:00:00+00:00,1273.59900,1283.89800,1273.39800,1282.24800,197952
2017-12-27 00:00:00+00:00,1282.11700,1289.05800,1281.28200,1287.58800,242094
2017-12-28 00:00:00+00:00,1287.76600,1295.31600,1287.08400,1294.23600,268628
2017-12-29 00:00:00+00:00,1294.10800,1307.67400,1293.99800,1303.81900,231402
2018-01-01 00:00:00+00:00,1302.83600,1307.84400,1302.78800,1306.79000,10223
2018-01-02 00:00:00+00:00,1306.90700,1321.67400,1304.20400,1320.34200,226353
2018-01-03 00:00:00+00:00,1320.23900,1321.43100,1307.41100,1311.26200,272158
2018-01-04 00:00:00+00:00,1311.14000,1326.14100,1305.91100,1321.03500,280232
2018-01-05 00:00:00+00:00,1321.15000,1323.52100,1313.68200,1320.34800,274878
2018-01-07 00:00:00+00:00,1321.02900,1321.56800,1319.21100,1319.52300,6786
2018-01-08 00:00:00+00:00,1319.63500,1322.25600,1314.81600,1318.06400,189049
2018-01-09 00:00:00+00:00,1317.95500,1320.29100,1308.85400,1310.50700,278845
2018-01-10 00:00:00+00:00,1310.50400,1327.88600,1308.22400,1317.86800,407356
2018-01-11 00:00:00+00:00,1317.84800,1324.12800,1315.73800,1322.86700,296016
2018-01-12 00:00:00+00:00,1322.84800,1339.47800,1322.52000,1338.11000,356352
2018-01-14 00:00:00+00:00,1336.76700,1338.25500,1335.97600,1337.02800,8842
2018-01-15 00:00:00+00:00,1336.91900,1344.89100,1336.55200,1341.57000,231191
2018-01-16 00:00:00+00:00,1341.68400,1342.08600,1331.88400,1340.87000,309260
2018-01-17 00:00:00+00:00,1340.76700,1344.03800,1326.03200,1328.69600,384405
2018-01-18 00:00:00+00:00,1328.57600,1333.23700,1324.27400,1328.11200,351875
2018-01-19 00:00:00+00:00,1327.99600,1338.17100,1326.82200,1331.22500,320842
2018-01-21 00:00:00+00:00,1335.18000,1335.83700,1332.01000,1334.80000,13794
2018-01-22 00:00:00+00:00,1334.91600,1335.66700,1328.42100,1333.30000,276967
2018-01-23 00:00:00+00:00,1333.19600,1342.44200,1331.44600,1342.01300,349679
2018-01-24 00:00:00+00:00,1341.91200,1362.23600,1339.55600,1356.27800,408821
2018-01-25 00:00:00+00:00,1356.15700,1366.15500,1342.42600,1346.89800,751359
2018-01-26 00:00:00+00:00,1346.91800,1357.23300,1345.86400,1350.26000,558260
2018-01-28 00:00:00+00:00,1350.03000,1351.28800,1348.93500,1351.09400,14053
2018-01-29 00:00:00+00:00,1351.26000,1352.51900,1337.64000,1341.29400,510264
2018-01-30 00:00:00+00:00,1341.43200,1349.06700,1334.47200,1338.59500,513068
2018-01-31 00:00:00+00:00,1338.48400,1347.65500,1332.34800,1345.41200,555624
2018-02-01 00:00:00+00:00,1345.31100,1351.15200,1337.28400,1348.64700,474316
2018-02-02 00:00:00+00:00,1348.75200,1350.20700,1327.47000,1333.55400,643912
2018-02-04 00:00:00+00:00,1331.76400,1333.97600,1329.52500,1332.61200,25750
2018-02-05 00:00:00+00:00,1332.72700,1341.78600,1329.02200,1340.58600,811565
2018-02-06 00:00:00+00:00,1340.39200,1346.27800,1320.25400,1325.39200,1316434
2018-02-07 00:00:00+00:00,1325.38200,1332.43100,1311.37800,1319.12600,824580
2018-02-08 00:00:00+00:00,1319.10800,1322.86400,1307.07900,1322.20800,737936
2018-02-09 00:00:00+00:00,1322.20400,1322.20400,1311.16800,1315.99300,782761
2018-02-11 00:00:00+00:00,1315.58800,1317.04200,1314.21600,1316.41700,12475
2018-02-12 00:00:00+00:00,1316.52600,1327.19800,1316.01600,1322.68400,392110
2018-02-13 00:00:00+00:00,1322.56700,1333.20400,1321.63100,1331.94500,408719
2018-02-14 00:00:00+00:00,1331.95200,1355.59600,1317.52700,1353.92300,934901
2018-02-15 00:00:00+00:00,1353.83200,1357.21300,1348.58800,1353.94500,438995
2018-02-16 00:00:00+00:00,1353.93800,1361.86600,1344.81600,1348.21300,626023
2018-02-18 00:00:00+00:00,1347.56000,1350.03800,1347.31800,1348.13600,12377
2018-02-19 00:00:00+00:00,1348.01600,1351.48800,1343.62800,1345.38900,244907
2018-02-20 00:00:00+00:00,1345.50300,1346.71200,1328.52600,1330.06400,573816
2018-02-21 00:00:00+00:00,1329.93800,1336.37400,1322.41800,1326.90300,732909
2018-02-22 00:00:00+00:00,1327.01200,1332.46500,1320.97100,1330.52000,533090
2018-02-23 00:00:00+00:00,1330.50100,1331.73100,1325.83600,1329.62300,384604
2018-02-25 00:00:00+00:00,1327.76800,1330.20700,1326.59900,1327.09900,22282
2018-02-26 00:00:00+00:00,1327.20500,1341.16800,1327.07200,1332.28900,478059
2018-02-27 00:00:00+00:00,1332.15500,1336.89900,1313.44500,1317.58600,646227
2018-02-28 00:00:00+00:00,1317.48200,1322.64800,1315.66000,1317.65000,501363
2018-03-01 00:00:00+00:00,1317.41200,1321.27400,1302.79600,1317.06400,843525
2018-03-02 00:00:00+00:00,1317.18800,1325.58800,1315.26000,1322.53800,561650
2018-03-04 00:00:00+00:00,1323.86000,1324.48200,1320.10800,1323.27800,15969
2018-03-05 00:00:00+00:00,1323.14500,1327.87000,1317.60200,1321.05200,521918
2018-03-06 00:00:00+00:00,1320.94400,1340.72000,1320.55600,1339.09700,665220
2018-03-07 00:00:00+00:00,1339.06400,1340.53600,1322.16900,1324.54600,611196
2018-03-08 00:00:00+00:00,1324.53600,1329.14900,1319.08100,1321.08400,583411
2018-03-09 00:00:00+00:00,1321.11000,1325.25800,1312.84000,1323.05400,686359
2018-03-11 00:00:00+00:00,1324.06400,1324.43700,1322.68600,1323.13200,10510
2018-03-12 00:00:00+00:00,1323.28200,1325.94900,1315.09600,1324.98200,398138
2018-03-13 00:00:00+00:00,1325.11000,1328.45000,1313.72400,1326.38200,608498
2018-03-14 00:00:00+00:00,1326.38200,1330.17000,1321.46600,1325.27000,445000
2018-03-15 00:00:00+00:00,1325.39900,1328.04400,1314.97800,1315.91900,485194
2018-03-16 00:00:00+00:00,1315.95200,1321.86000,1309.66200,1313.29600,450884
2018-03-18 00:00:00+00:00,1313.88400,1314.59100,1312.83600,1313.33100,11464
2018-03-19 00:00:00+00:00,1313.20900,1319.73400,1307.75200,1317.19600,444985
2018-03-20 00:00:00+00:00,1317.09400,1317.57400,1307.19000,1310.18500,350736
2018-03-21 00:00:00+00:00,1310.07900,1336.82400,1309.85200,1332.20600,668099
2018-03-22 00:00:00+00:00,1332.09400,1335.06300,1324.79600,1332.78400,516730
2018-03-23 00:00:00+00:00,1332.68200,1350.37800,1331.76000,1347.99700,571386
2018-03-25 00:00:00+00:00,1347.40000,1351.03600,1347.37600,1348.44900,22481
2018-03-26 00:00:00+00:00,1348.35000,1356.02300,1343.49000,1352.90200,410110
2018-03-27 00:00:00+00:00,1352.88100,1357.01300,1339.84800,1345.47000,472852
2018-03-28 00:00:00+00:00,1345.58500,1347.15600,1323.44700,1326.57000,588135
2018-03-29 00:00:00+00:00,1326.56200,1328.46200,1321.24800,1325.61200,359655
2018-04-01 00:00:00+00:00,1326.43300,1327.67600,1324.82800,1326.72600,16988
2018-04-02 00:00:00+00:00,1326.82800,1345.01200,1325.78400,1341.61600,436673
2018-04-03 00:00:00+00:00,1341.61200,1342.64000,1328.90500,1333.27400,415654
2018-04-04 00:00:00+00:00,1333.15800,1348.29800,1331.55200,1333.62100,577744
2018-04-05 00:00:00+00:00,1333.48100,1333.96600,1322.75700,1331.07800,458169
2018-04-06 00:00:00+00:00,1331.08400,1335.61800,1319.54600,1333.06600,672754
2018-04-08 00:00:00+00:00,1334.55100,1335.14000,1331.82900,1332.55500,22285
2018-04-09 00:00:00+00:00,1332.68200,1338.11400,1326.90600,1336.64000,457984
2018-04-10 00:00:00+00:00,1336.64900,1342.75800,1331.09000,1341.94700,514280
2018-04-11 00:00:00+00:00,1341.81200,1365.41000,1339.80000,1352.92800,658136
2018-04-12 00:00:00+00:00,1353.07200,1353.26700,1333.77100,1337.86600,648567
2018-04-13 00:00:00+00:00,1337.75800,1347.31000,1333.45100,1345.89900,459002
2018-04-15 00:00:00+00:00,1346.25500,1348.53400,1340.19000,1343.89200,42001
2018-04-16 00:00:00+00:00,1344.02700,1350.61300,1341.17800,1348.23500,421986
2018-04-17 00:00:00+00:00,1348.10900,1349.52000,1337.71100,1346.30600,444205
2018-04-18 00:00:00+00:00,1346.44000,1355.81600,1342.30900,1350.73600,542752
2018-04-19 00:00:00+00:00,1350.61800,1354.82600,1340.96800,1344.60200,603779
2018-04-20 00:00:00+00:00,1344.60200,1345.85000,1334.99300,1336.65400,420843
2018-04-22 00:00:00+00:00,1334.74500,1335.62800,1331.52600,1333.04400,26727
2018-04-23 00:00:00+00:00,1333.04800,1335.64800,1322.09400,1324.62400,434793
2018-04-24 00:00:00+00:00,1324.73200,1332.84300,1322.06700,1331.66800,465292
2018-04-25 00:00:00+00:00,1331.80600,1331.81200,1318.75600,1322.68300,392115
2018-04-26 00:00:00+00:00,1322.66800,1326.71600,1315.27600,1318.12300,467726
2018-04-27 00:00:00+00:00,1317.98800,1325.39000,1315.39200,1324.20000,328568
2018-04-29 00:00:00+00:00,1322.85800,1324.99100,1322.19700,1323.38200,11060
2018-04-30 00:00:00+00:00,1323.50000,1325.03800,1310.20000,1315.08400,414331
2018-05-01 00:00:00+00:00,1315.30400,1315.41200,1301.73400,1305.71400,391607
2018-05-02 00:00:00+00:00,1305.59200,1313.73400,1303.89300,1305.89400,567306
2018-05-03 00:00:00+00:00,1306.00600,1318.26200,1305.49900,1312.95600,495437
2018-05-04 00:00:00+00:00,1312.96000,1315.83900,1307.94700,1315.49500,496370
2018-05-06 00:00:00+00:00,1314.23900,1315.66300,1314.19300,1314.69600,8963
2018-05-07 00:00:00+00:00,1314.68400,1319.13200,1310.23300,1315.95400,350125
2018-05-08 00:00:00+00:00,1315.82300,1318.04500,1306.09400,1316.48800,550142
2018-05-09 00:00:00+00:00,1316.49700,1317.50600,1304.23000,1312.53100,539621
2018-05-10 00:00:00+00:00,1312.55600,1323.19400,1310.77700,1321.17500,557346
2018-05-11 00:00:00+00:00,1321.07200,1326.05200,1317.10200,1318.14900,352398
2018-05-13 00:00:00+00:00,1318.42400,1320.38100,1317.84800,1320.14900,10626
2018-05-14 00:00:00+00:00,1320.12000,1322.45000,1312.92800,1313.80200,319359
2018-05-15 00:00:00+00:00,1313.79800,1315.00000,1288.71200,1292.95900,549095
2018-05-16 00:00:00+00:00,1292.85500,1297.02200,1286.37400,1291.93000,427084
2018-05-17 00:00:00+00:00,1291.78400,1294.54300,1284.91800,1289.54300,391616
2018-05-18 00:00:00+00:00,1289.65100,1294.30800,1286.08000,1293.15400,330478
2018-05-20 00:00:00+00:00,1290.69600,1292.16000,1290.10600,1291.15200,11270
2018-05-21 00:00:00+00:00,1291.13900,1293.56800,1282.03100,1292.48800,324488
2018-05-22 00:00:00+00:00,1292.62400,1296.64200,1287.95100,1293.52200,325266
2018-05-23 00:00:00+00:00,1293.62600,1299.02600,1287.93000,1294.97900,573796
2018-05-24 00:00:00+00:00,1295.09700,1306.71200,1292.76000,1304.47500,465640
2018-05-25 00:00:00+00:00,1304.50600,1307.89700,1299.90200,1301.45800,450065
2018-05-27 00:00:00+00:00,1299.31500,1300.53100,1296.44400,1298.93000,14457
2018-05-28 00:00:00+00:00,1298.94400,1300.48400,1295.49200,1298.18400,295571
2018-05-29 00:00:00+00:00,1298.05000,1306.72000,1292.87400,1302.10400,793786
2018-05-30 00:00:00+00:00,1302.21200,1304.52200,1295.88800,1302.55100,567410
2018-05-31 00:00:00+00:00,1302.67700,1306.83500,1296.96200,1299.63400,499014
2018-06-01 00:00:00+00:00,1299.37000,1300.75200,1289.46400,1294.27100,451731
2018-06-03 00:00:00+00:00,1292.88300,1294.69400,1292.51000,1292.85800,9215
2018-06-04 00:00:00+00:00,1292.73600,1298.19000,1290.18000,1291.68200,313805
2018-06-05 00:00:00+00:00,1291.56700,1300.63800,1289.77400,1297.05800,336871
2018-06-06 00:00:00+00:00,1296.91800,1301.94200,1293.82800,1297.48000,356852
2018-06-07 00:00:00+00:00,1297.35200,1303.35300,1294.85600,1297.26000,397004
2018-06-08 00:00:00+00:00,1297.38400,1300.68100,1292.67600,1299.70500,371896
2018-06-10 00:00:00+00:00,1300.49500,1300.49600,1298.27000,1299.19400,8045
2018-06-11 00:00:00+00:00,1299.31000,1302.81300,1294.14200,1298.29900,281568
2018-06-12 00:00:00+00:00,1298.17700,1300.14500,1292.85900,1295.58100,345513
2018-06-13 00:00:00+00:00,1295.45900,1301.37400,1291.53500,1299.46100,394669
2018-06-14 00:00:00+00:00,1299.56900,1309.44700,1297.56600,1302.39300,476776
2018-06-15 00:00:00+00:00,1302.29900,1303.17600,1275.43000,1279.11500,566168
2018-06-17 00:00:00+00:00,1278.10000,1281.42400,1277.91900,1281.10000,15756
2018-06-18 00:00:00+00:00,1280.98500,1282.52600,1277.04000,1281.30600,248572
2018-06-19 00:00:00+00:00,1281.19200,1284.18700,1270.43500,1275.14600,377326
2018-06-20 00:00:00+00:00,1275.15000,1276.59100,1267.41800,1269.48200,327697
2018-06-21 00:00:00+00:00,1269.45600,1270.23900,1261.24000,1267.45100,375623
2018-06-22 00:00:00+00:00,1267.43000,1271.51200,1266.76100,1270.49600,249137
2018-06-24 00:00:00+00:00,1270.76000,1272.21500,1269.49700,1271.03800,9169
2018-06-25 00:00:00+00:00,1270.90800,1272.73600,1264.44500,1266.08800,304868
2018-06-26 00:00:00+00:00,1266.11800,1267.81400,1254.76500,1258.21200,316650
2018-06-27 00:00:00+00:00,1258.34000,1260.18000,1250.70800,1253.06200,429845
2018-06-28 00:00:00+00:00,1252.94900,1254.40400,1246.00200,1248.57600,377959
2018-06-29 00:00:00+00:00,1248.70200,1255.73800,1246.00800,1253.51300,364852
2018-07-01 00:00:00+00:00,1251.37700,1254.33400,1251.26700,1253.34600,16089
2018-07-02 00:00:00+00:00,1253.34600,1253.75700,1239.70300,1242.16300,310546
2018-07-03 00:00:00+00:00,1242.15800,1256.96800,1237.95300,1254.91800,358746
2018-07-04 00:00:00+00:00,1255.05100,1261.19200,1254.03600,1257.11900,256466
2018-07-05 00:00:00+00:00,1257.12500,1259.87200,1251.31600,1257.32300,353791
2018-07-06 00:00:00+00:00,1257.45400,1259.58100,1252.83000,1254.81600,335012
2018-07-08 00:00:00+00:00,1256.01200,1256.76700,1254.83100,1256.46000,7267
2018-07-09 00:00:00+00:00,1256.44200,1265.96300,1255.47400,1258.36000,280106
2018-07-10 00:00:00+00:00,1258.48400,1260.46400,1247.35600,1255.93300,346292
2018-07-11 00:00:00+00:00,1256.05500,1256.17100,1241.57600,1242.85400,424697
2018-07-12 00:00:00+00:00,1242.72800,1248.68800,1241.34200,1245.96300,318032
2018-07-13 00:00:00+00:00,1245.95000,1248.21400,1236.39600,1241.18000,298826
2018-07-15 00:00:00+00:00,1240.81600,1242.28200,1240.73100,1241.22800,7293
2018-07-16 00:00:00+00:00,1241.10400,1245.67200,1238.35400,1240.85600,182259
2018-07-17 00:00:00+00:00,1240.74100,1245.08500,1226.08000,1227.29200,305448
2018-07-18 00:00:00+00:00,1227.30200,1229.27100,1221.09000,1227.43200,232408
2018-07-19 00:00:00+00:00,1227.45400,1229.51200,1211.39200,1223.60500,453362
2018-07-20 00:00:00+00:00,1223.49200,1232.38200,1215.63600,1231.75500,441751
2018-07-22 00:00:00+00:00,1231.84500,1233.52200,1230.26000,1232.92100,20642
2018-07-23 00:00:00+00:00,1233.04400,1235.26200,1222.24000,1224.37700,321095
2018-07-24 00:00:00+00:00,1224.25700,1229.62400,1218.13400,1225.30400,313156
2018-07-25 00:00:00+00:00,1225.19600,1234.29000,1223.28500,1233.11400,356419
2018-07-26 00:00:00+00:00,1233.10400,1235.31600,1222.28400,1224.10400,349299
2018-07-27 00:00:00+00:00,1224.10000,1227.52600,1217.58200,1223.92600,273736
2018-07-29 00:00:00+00:00,1223.12000,1223.98600,1222.08800,1222.60400,5895
2018-07-30 00:00:00+00:00,1222.63500,1225.18400,1219.04100,1222.54100,136966
2018-07-31 00:00:00+00:00,1222.66500,1228.68200,1214.00200,1224.12100,304309
2018-08-01 00:00:00+00:00,1223.98400,1224.88600,1215.54100,1217.92900,208309
2018-08-02 00:00:00+00:00,1217.82500,1221.28600,1206.87000,1208.41400,202604
2018-08-03 00:00:00+00:00,1208.40000,1220.11400,1204.44700,1213.37900,248275
2018-08-05 00:00:00+00:00,1214.16400,1215.26000,1213.44200,1214.97600,7438
2018-08-06 00:00:00+00:00,1214.85300,1217.99600,1206.10600,1208.84500,192798
2018-08-07 00:00:00+00:00,1208.71600,1216.26000,1207.83700,1212.58000,187193
2018-08-08 00:00:00+00:00,1212.46300,1215.99100,1206.35000,1213.43100,212126
2018-08-09 00:00:00+00:00,1213.30000,1217.41400,1210.75200,1212.14600,242514
2018-08-10 00:00:00+00:00,1212.26200,1217.19200,1205.76300,1212.01900,435101
2018-08-12 00:00:00+00:00,1210.84400,1213.98800,1210.38400,1212.52600,16332
2018-08-13 00:00:00+00:00,1212.40000,1212.78100,1191.54600,1192.88900,382014
2018-08-14 00:00:00+00:00,1192.91600,1198.83400,1191.96000,1193.84100,277173
2018-08-15 00:00:00+00:00,1193.83200,1194.27700,1173.10000,1173.90500,365928
2018-08-16 00:00:00+00:00,1173.79700,1182.19500,1160.20800,1175.47900,527596
2018-08-17 00:00:00+00:00,1175.35200,1185.23000,1171.88200,1185.20200,321943
2018-08-19 00:00:00+00:00,1183.23000,1184.15400,1182.70800,1183.63000,9278
2018-08-20 00:00:00+00:00,1183.62800,1191.47900,1182.88400,1191.34200,230826
2018-08-21 00:00:00+00:00,1191.22200,1197.33700,1187.70000,1196.18400,263086
2018-08-22 00:00:00+00:00,1196.05800,1201.71500,1192.58600,1195.23000,256610
2018-08-23 00:00:00+00:00,1195.10400,1195.62800,1183.86800,1184.60000,236818
2018-08-24 00:00:00+00:00,1184.58300,1208.74300,1183.15000,1206.31100,272628
2018-08-26 00:00:00+00:00,1207.07800,1208.02800,1206.13400,1207.90200,11774
2018-08-27 00:00:00+00:00,1207.79000,1212.52600,1203.17800,1211.15900,173261
2018-08-28 00:00:00+00:00,1211.18100,1214.40000,1199.65100,1202.70800,221008
2018-08-29 00:00:00+00:00,1202.82000,1207.97600,1201.50100,1207.33700,211105
2018-08-30 00:00:00+00:00,1207.23700,1207.40200,1195.94500,1200.00200,255648
2018-08-31 00:00:00+00:00,1200.01400,1208.95800,1198.24400,1200.55500,296727
2018-09-02 00:00:00+00:00,1201.23400,1201.23400,1198.78300,1199.14200,7380
2018-09-03 00:00:00+00:00,1199.14500,1204.00200,1195.65100,1200.85000,130394
2018-09-04 00:00:00+00:00,1200.96000,1202.11000,1189.54100,1192.11100,225054
2018-09-05 00:00:00+00:00,1192.09800,1198.49400,1190.94900,1197.12400,203356
2018-09-06 00:00:00+00:00,1197.23600,1207.09900,1195.69600,1201.21600,263982
2018-09-07 00:00:00+00:00,1201.32200,1203.64000,1193.46600,1197.00000,324500
2018-09-09 00:00:00+00:00,1196.09700,1197.04800,1194.67400,1196.23600,9343
2018-09-10 00:00:00+00:00,1196.25500,1198.59900,1191.40000,1195.07200,173379
2018-09-11 00:00:00+00:00,1195.18400,1199.69800,1187.79000,1197.00200,202123
2018-09-12 00:00:00+00:00,1197.12800,1208.58400,1192.70400,1206.20100,258716
2018-09-13 00:00:00+00:00,1206.32200,1212.75000,1200.17200,1202.20500,356778
2018-09-14 00:00:00+00:00,1202.10100,1208.66400,1192.92000,1193.54800,234893
2018-09-16 00:00:00+00:00,1193.76100,1194.88800,1193.09000,1193.46600,7715
2018-09-17 00:00:00+00:00,1193.56800,1204.93000,1192.83200,1198.43800,191365
2018-09-18 00:00:00+00:00,1198.56200,1203.62900,1195.89600,1199.65600,229420
2018-09-19 00:00:00+00:00,1199.66400,1206.29800,1198.20600,1204.08000,212242
2018-09-20 00:00:00+00:00,1204.09200,1208.55800,1201.24100,1207.51800,229608
2018-09-21 00:00:00+00:00,1207.40600,1211.15400,1191.91800,1198.87900,323373
2018-09-23 00:00:00+00:00,1200.03400,1200.03400,1197.11600,1197.98800,8337
2018-09-24 00:00:00+00:00,1197.97400,1204.21800,1194.46000,1199.47200,181163
2018-09-25 00:00:00+00:00,1199.35600,1203.44400,1197.10200,1201.28400,188967
2018-09-26 00:00:00+00:00,1201.38400,1202.58300,1190.48400,1196.58300,355029
2018-09-27 00:00:00+00:00,1196.47800,1198.71800,1181.91200,1183.59800,298316
2018-09-28 00:00:00+00:00,1183.71600,1193.99800,1180.70400,1192.26800,210780
2018-09-30 00:00:00+00:00,1192.70800,1192.70800,1190.72900,1190.95000,9587
2018-10-01 00:00:00+00:00,1190.98800,1192.19100,1184.61100,1189.14400,189056
2018-10-02 00:00:00+00:00,1189.24800,1208.33700,1188.78000,1205.66000,297632
2018-10-03 00:00:00+00:00,1205.56500,1208.40600,1196.51200,1198.09500,260414
2018-10-04 00:00:00+00:00,1197.99400,1206.88400,1195.98800,1199.10400,292683
2018-10-05 00:00:00+00:00,1199.21100,1205.91600,1197.28200,1202.78200,321619
2018-10-07 00:00:00+00:00,1202.94800,1204.15200,1202.69100,1203.81600,6781
2018-10-08 00:00:00+00:00,1203.91800,1204.19200,1182.86800,1190.74600,286114
2018-10-09 00:00:00+00:00,1190.76400,1192.05800,1183.28600,1189.96000,210481
2018-10-10 00:00:00+00:00,1189.86100,1195.17700,1185.39200,1194.11900,225126
2018-10-11 00:00:00+00:00,1193.98400,1226.48600,1191.28900,1221.39100,770712
2018-10-12 00:00:00+00:00,1221.41200,1223.81600,1215.88500,1218.13700,302334
2018-10-14 00:00:00+00:00,1217.94400,1220.37000,1216.84300,1219.34600,9739
2018-10-15 00:00:00+00:00,1219.44400,1233.35200,1219.33100,1226.89200,264555
2018-10-16 00:00:00+00:00,1226.78400,1232.54200,1223.40600,1224.99600,210338
2018-10-17 00:00:00+00:00,1224.90000,1229.60500,1220.68800,1222.27200,234367
2018-10-18 00:00:00+00:00,1222.38500,1230.25600,1218.72400,1225.89000,305719
2018-10-19 00:00:00+00:00,1225.99600,1230.94100,1223.11100,1226.18200,229761
2018-10-21 00:00:00+00:00,1227.54000,1228.32300,1226.49200,1227.44600,7822
2018-10-22 00:00:00+00:00,1227.55100,1229.68600,1220.07400,1222.37200,200149
2018-10-23 00:00:00+00:00,1222.50000,1239.87800,1221.98400,1230.95600,294636
2018-10-24 00:00:00+00:00,1230.95000,1235.36800,1225.61400,1235.30100,223889
2018-10-25 00:00:00+00:00,1235.40200,1239.32600,1228.13000,1231.77800,311797
2018-10-26 00:00:00+00:00,1231.75900,1243.55400,1230.11000,1233.90200,446413
2018-10-28 00:00:00+00:00,1233.78500,1235.02200,1232.81000,1232.82600,12977
2018-10-29 00:00:00+00:00,1232.93200,1235.52200,1224.34500,1230.22800,276015
2018-10-30 00:00:00+00:00,1230.11000,1230.70400,1219.89500,1222.59800,276598
2018-10-31 00:00:00+00:00,1222.70400,1223.00600,1211.95400,1216.18700,243801
2018-11-01 00:00:00+00:00,1215.98400,1237.48700,1215.90400,1233.00000,331147
2018-11-02 00:00:00+00:00,1233.10600,1236.54400,1229.76600,1233.58800,324159
2018-11-04 00:00:00+00:00,1233.21400,1234.33600,1232.62400,1234.22700,5722
2018-11-05 00:00:00+00:00,1234.24000,1235.26400,1226.84600,1231.20000,185984
2018-11-06 00:00:00+00:00,1231.20200,1236.01400,1223.51600,1227.94200,198412
2018-11-07 00:00:00+00:00,1228.06800,1236.96400,1223.00900,1226.20800,369920
2018-11-08 00:00:00+00:00,1226.08600,1227.06600,1220.16400,1223.18600,259476
2018-11-09 00:00:00+00:00,1223.09000,1223.42600,1206.74000,1209.29600,279770
2018-11-11 00:00:00+00:00,1209.63800,1210.89800,1209.22800,1210.77500,7310
2018-11-12 00:00:00+00:00,1210.88900,1211.60000,1200.10400,1202.42100,182574
2018-11-13 00:00:00+00:00,1202.31000,1205.30800,1196.35000,1203.10800,272656
2018-11-14 00:00:00+00:00,1203.27100,1216.69200,1197.75600,1211.14200,396849
2018-11-15 00:00:00+00:00,1211.02100,1216.58900,1207.62800,1214.08500,335037
2018-11-16 00:00:00+00:00,1214.09200,1225.40800,1213.85800,1222.27200,281643
2018-11-18 00:00:00+00:00,1222.69400,1222.83200,1221.61800,1222.63300,5043
2018-11-19 00:00:00+00:00,1222.64800,1225.45000,1218.02300,1224.15700,183687
2018-11-20 00:00:00+00:00,1224.14600,1228.87800,1220.03300,1221.67300,260562
2018-11-21 00:00:00+00:00,1221.66700,1230.10600,1219.78600,1225.90400,209095
2018-11-22 00:00:00+00:00,1225.77400,1229.17700,1224.91300,1227.41400,110105
2018-11-23 00:00:00+00:00,1227.41300,1228.70600,1220.25600,1223.14600,162404
2018-11-25 00:00:00+00:00,1223.71300,1224.52600,1223.30200,1224.51800,7023
2018-11-26 00:00:00+00:00,1224.37000,1228.17200,1221.76000,1222.71200,163472
2018-11-27 00:00:00+00:00,1222.81400,1225.36400,1211.95800,1214.51600,269169
2018-11-28 00:00:00+00:00,1214.61900,1226.68400,1211.20600,1221.04800,322158
2018-11-29 00:00:00+00:00,1221.15500,1229.12000,1220.70800,1224.27600,226254
2018-11-30 00:00:00+00:00,1224.27000,1225.59400,1216.70600,1222.54700,184842
2018-12-02 00:00:00+00:00,1222.14500,1223.84800,1222.00800,1222.20300,8208
2018-12-03 00:00:00+00:00,1222.09000,1235.12500,1221.30200,1231.33300,246397
2018-12-04 00:00:00+00:00,1231.35000,1242.06800,1230.53900,1238.75600,233723
2018-12-05 00:00:00+00:00,1238.86400,1239.13400,1233.36400,1238.39600,117778
2018-12-06 00:00:00+00:00,1238.41600,1244.42600,1234.80700,1237.55800,255300
2018-12-07 00:00:00+00:00,1237.43600,1250.15000,1237.35000,1247.53800,297171
2018-12-09 00:00:00+00:00,1249.78400,1251.28000,1248.87400,1249.19000,7619
2018-12-10 00:00:00+00:00,1249.19600,1250.45800,1241.64300,1244.23500,217011
2018-12-11 00:00:00+00:00,1244.13700,1249.65600,1241.09000,1243.21600,206219
2018-12-12 00:00:00+00:00,1243.31000,1247.31600,1242.01000,1246.27400,165778
2018-12-13 00:00:00+00:00,1246.14400,1246.85300,1240.12800,1242.60800,192663
2018-12-14 00:00:00+00:00,1242.49600,1243.14000,1232.92100,1238.12700,235233
2018-12-16 00:00:00+00:00,1239.12600,1240.07000,1235.70200,1237.28000,6656
2018-12-17 00:00:00+00:00,1237.15700,1248.20200,1235.77100,1245.99900,180328
2018-12-18 00:00:00+00:00,1245.88800,1250.48000,1245.09800,1249.54700,160484
2018-12-19 00:00:00+00:00,1249.45400,1258.18100,1241.76000,1244.18600,405763
2018-12-20 00:00:00+00:00,1244.32600,1266.57200,1242.76800,1262.09300,363512
2018-12-21 00:00:00+00:00,1261.99400,1262.81800,1253.99300,1256.47600,230674
2018-12-23 00:00:00+00:00,1258.00900,1259.28900,1257.68700,1258.91200,6710
2018-12-24 00:00:00+00:00,1259.05800,1270.45200,1258.83800,1269.79900,198367
2018-12-25 00:00:00+00:00,1269.70200,1271.43500,1267.21000,1267.48400,5420
2018-12-26 00:00:00+00:00,1267.49000,1279.13400,1264.36400,1269.30400,334026
2018-12-27 00:00:00+00:00,1269.18800,1278.99800,1266.69900,1274.76900,334499
2018-12-28 00:00:00+00:00,1274.65800,1282.23700,1274.28000,1279.94000,263185
2018-12-30 00:00:00+00:00,1280.32900,1280.93100,1278.98900,1279.81500,4703
2018-12-31 00:00:00+00:00,1279.71000,1284.18600,1277.46800,1282.06000,198267
2019-01-01 00:00:00+00:00,1282.64500,1282.70600,1280.71200,1281.20800,4060
2019-01-02 00:00:00+00:00,1281.22400,1290.27400,1278.77500,1285.99000,229460
2019-01-03 00:00:00+00:00,1285.87100,1295.39600,1284.65700,1295.33000,317205
2019-01-04 00:00:00+00:00,1295.34400,1298.60900,1276.61400,1284.51200,382474
2019-01-06 00:00:00+00:00,1285.84400,1286.77200,1284.16200,1284.34400,7366
2019-01-07 00:00:00+00:00,1284.25300,1295.34900,1282.68200,1289.02400,200708
2019-01-08 00:00:00+00:00,1289.02900,1290.28200,1279.41800,1285.17600,163751
2019-01-09 00:00:00+00:00,1285.16400,1293.94900,1280.14800,1292.93400,258812
2019-01-10 00:00:00+00:00,1293.06300,1297.19400,1286.16200,1288.09800,213019
2019-01-11 00:00:00+00:00,1288.19600,1295.25000,1287.00300,1287.13700,192528
2019-01-13 00:00:00+00:00,1287.08100,1288.75200,1286.98000,1288.17800,4500
2019-01-14 00:00:00+00:00,1288.28400,1295.97200,1288.00000,1291.55300,177795
2019-01-15 00:00:00+00:00,1291.57400,1294.75000,1286.73600,1289.72700,234991
2019-01-16 00:00:00+00:00,1289.74200,1295.23500,1287.92300,1292.98700,168608
2019-01-17 00:00:00+00:00,1293.08900,1295.42800,1288.74600,1292.33100,191724
2019-01-18 00:00:00+00:00,1292.44200,1292.56600,1280.67400,1282.11800,169519
2019-01-20 00:00:00+00:00,1281.48000,1283.38800,1281.30000,1282.61700,3589
2019-01-21 00:00:00+00:00,1282.73200,1283.66600,1276.79000,1279.79800,67185
2019-01-22 00:00:00+00:00,1279.78800,1285.72400,1277.47400,1284.69100,129686
2019-01-23 00:00:00+00:00,1284.70000,1286.63900,1278.71300,1283.81600,134027
2019-01-24 00:00:00+00:00,1283.91400,1284.90000,1276.78400,1281.53600,203384
2019-01-25 00:00:00+00:00,1281.54000,1304.60200,1279.99300,1302.73100,196792
2019-01-27 00:00:00+00:00,1303.46200,1303.65900,1300.03200,1300.06400,5508
2019-01-28 00:00:00+00:00,1300.16800,1304.53400,1297.60200,1303.95700,135276
2019-01-29 00:00:00+00:00,1304.06200,1312.15900,1302.77400,1310.81600,186926
2019-01-30 00:00:00+00:00,1310.80200,1323.37800,1309.16400,1319.35000,83725
2019-01-31 00:00:00+00:00,1319.39200,1326.28100,1317.53900,1321.06000,13342
2019-02-01 00:00:00+00:00,1321.14200,1323.58200,1316.24400,1317.79800,12762
2019-02-03 00:00:00+00:00,1318.15400,1319.15000,1316.64000,1317.19900,232
2019-02-04 00:00:00+00:00,1317.24400,1317.58400,1308.71100,1311.85400,9135
2019-02-05 00:00:00+00:00,1311.81100,1316.92700,1310.82700,1315.07800,8934
2019-02-06 00:00:00+00:00,1315.03800,1315.89200,1305.85200,1306.71800,8860
2019-02-07 00:00:00+00:00,1306.67400,1311.99400,1302.88700,1310.48800,10694
2019-02-08 00:00:00+00:00,1310.53000,1315.65600,1307.90400,1314.12000,8662
2019-02-10 00:00:00+00:00,1314.11500,1314.11500,1313.48200,1313.73000,193
2019-02-11 00:00:00+00:00,1313.69000,1314.88400,1303.77100,1307.82400,9939
2019-02-12 00:00:00+00:00,1307.78200,1314.80700,1306.58000,1310.33000,9184
2019-02-13 00:00:00+00:00,1310.28700,1318.20400,1305.15300,1307.74500,11665
2019-02-14 00:00:00+00:00,1307.70200,1314.42000,1302.44900,1312.02100,14480
2019-02-15 00:00:00+00:00,1312.06200,1322.54300,1311.49100,1320.87500,11994
2019-02-17 00:00:00+00:00,1321.10100,1321.69200,1320.61000,1321.19800,403
2019-02-18 00:00:00+00:00,1321.24000,1327.58200,1320.97700,1326.48200,5604
2019-02-19 00:00:00+00:00,1326.44000,1341.90000,1323.00800,1339.65000,12224
2019-02-20 00:00:00+00:00,1339.69100,1346.73300,1337.06400,1340.68200,15311
2019-02-21 00:00:00+00:00,1340.72900,1341.56400,1321.21500,1325.96600,15980
2019-02-22 00:00:00+00:00,1326.00800,1333.12000,1321.69200,1328.04600,12473
2019-02-24 00:00:00+00:00,1329.14600,1329.17900,1326.97400,1327.80000,412
2019-02-25 00:00:00+00:00,1327.76000,1332.61600,1325.20800,1327.59500,11641
2019-02-26 00:00:00+00:00,1327.54900,1330.24900,1323.57900,1329.31300,11716
2019-02-27 00:00:00+00:00,1329.35500,1329.93500,1316.96200,1321.26200,12357
2019-02-28 00:00:00+00:00,1321.22200,1327.34200,1312.73000,1314.41200,14029
2019-03-01 00:00:00+00:00,1314.28300,1315.25600,1290.32400,1293.28800,17298
2019-03-03 00:00:00+00:00,1293.55800,1296.30800,1293.55800,1295.31100,402
2019-03-04 00:00:00+00:00,1295.26800,1297.09600,1282.93200,1287.17200,14649
2019-03-05 00:00:00+00:00,1287.13000,1289.66000,1281.25200,1287.99200,12461
2019-03-06 00:00:00+00:00,1288.03500,1291.01300,1283.71200,1286.06900,11418
2019-03-07 00:00:00+00:00,1288.03400,1289.07200,1280.92000,1286.05400,14656
2019-03-08 00:00:00+00:00,1286.09400,1300.80400,1285.27700,1299.11800,15368
2019-03-10 00:00:00+00:00,1298.01600,1298.09600,1296.30300,1297.37400,424
2019-03-11 00:00:00+00:00,1297.42200,1299.17200,1290.54100,1292.68700,9623
2019-03-12 00:00:00+00:00,1292.73200,1302.24400,1292.55800,1302.03100,10500
2019-03-13 00:00:00+00:00,1302.07400,1311.29400,1301.81800,1309.57800,9692
2019-03-14 00:00:00+00:00,1309.62400,1309.91000,1292.94600,1296.17800,11470
2019-03-15 00:00:00+00:00,1296.22000,1306.45300,1294.22000,1302.56200,11282
2019-03-17 00:00:00+00:00,1301.93000,1302.64700,1300.70100,1300.70100,298
2019-03-18 00:00:00+00:00,1300.75300,1306.78000,1298.32900,1303.55300,9042
2019-03-19 00:00:00+00:00,1303.59800,1310.92400,1303.52900,1306.30900,9395
2019-03-20 00:00:00+00:00,1306.26900,1317.00200,1298.78000,1315.49800,18546
2019-03-21 00:00:00+00:00,1315.53800,1320.42000,1303.31800,1308.64400,14525
2019-03-22 00:00:00+00:00,1308.68600,1314.97700,1306.94000,1313.24800,15084
2019-03-24 00:00:00+00:00,1313.87600,1314.19100,1311.73000,1311.73000,630
2019-03-25 00:00:00+00:00,1311.68900,1324.54100,1311.10000,1321.41300,12043
2019-03-26 00:00:00+00:00,1321.45400,1322.26800,1312.79900,1316.48400,13217
2019-03-27 00:00:00+00:00,1316.52400,1319.35900,1308.23000,1309.49000,17574
2019-03-28 00:00:00+00:00,1309.45000,1312.38600,1288.76200,1291.63100,16861
2019-03-29 00:00:00+00:00,1291.59000,1299.81600,1286.81800,1292.57900,15162
2019-03-31 00:00:00+00:00,1292.29600,1293.30200,1291.61000,1291.90300,504
2019-04-01 00:00:00+00:00,1291.82300,1297.08000,1286.58000,1287.50600,14724
2019-04-02 00:00:00+00:00,1287.54600,1292.91600,1285.37200,1291.87800,10617
2019-04-03 00:00:00+00:00,1291.83800,1294.53400,1288.49400,1291.91400,10618
2019-04-04 00:00:00+00:00,1291.95600,1294.41900,1281.01800,1292.21600,12338
2019-04-05 00:00:00+00:00,1292.25800,1293.25400,1284.49800,1291.70800,13128
2019-04-07 00:00:00+00:00,1291.79400,1293.65800,1291.53000,1291.87400,394
2019-04-08 00:00:00+00:00,1291.83100,1303.76400,1291.74400,1298.10400,9613
2019-04-09 00:00:00+00:00,1298.06400,1306.22200,1296.65400,1304.73600,10814
2019-04-10 00:00:00+00:00,1304.69600,1310.62200,1301.05300,1308.20200,12099
2019-04-11 00:00:00+00:00,1308.24200,1308.47600,1289.74400,1292.30100,13542
2019-04-12 00:00:00+00:00,1292.26000,1295.83200,1290.12400,1290.18300,10459
2019-04-14 00:00:00+00:00,1291.22800,1292.06000,1289.42700,1289.85200,444
2019-04-15 00:00:00+00:00,1289.81000,1290.45600,1282.71100,1288.46600,10382
2019-04-16 00:00:00+00:00,1288.42300,1288.42300,1273.01900,1276.66800,13024
2019-04-17 00:00:00+00:00,1276.62700,1279.83100,1273.15000,1274.29400,10148
2019-04-18 00:00:00+00:00,1274.33400,1277.71200,1271.26100,1275.68700,10514
2019-04-21 00:00:00+00:00,1275.84800,1277.31700,1275.55100,1276.91800,756
2019-04-22 00:00:00+00:00,1276.85000,1279.88100,1273.90900,1274.74300,7104
2019-04-23 00:00:00+00:00,1274.78400,1276.51600,1266.37600,1271.47600,10254
2019-04-24 00:00:00+00:00,1271.51700,1278.56300,1268.86000,1274.77600,10366
2019-04-25 00:00:00+00:00,1274.81800,1282.61000,1273.47800,1278.71700,10898
2019-04-26 00:00:00+00:00,1278.67600,1288.71000,1274.42600,1286.15400,12403
2019-04-28 00:00:00+00:00,1286.36700,1286.74200,1285.82000,1285.92100,372
2019-04-29 00:00:00+00:00,1285.96200,1286.67800,1278.18100,1280.49400,8332
2019-04-30 00:00:00+00:00,1280.54000,1286.16900,1279.98000,1283.21000,10944
2019-05-01 00:00:00+00:00,1283.21900,1287.23600,1273.01200,1277.18300,18060
2019-05-02 00:00:00+00:00,1277.14200,1277.48900,1266.38600,1270.79800,12181
2019-05-03 00:00:00+00:00,1270.75600,1282.52200,1268.45400,1279.00400,13522
2019-05-05 00:00:00+00:00,1280.81400,1285.86100,1280.37600,1284.32600,2143
2019-05-06 00:00:00+00:00,1284.28400,1285.12000,1277.13200,1282.96600,13401
2019-05-07 00:00:00+00:00,1282.92600,1286.12800,1278.26200,1285.03200,11581
2019-05-08 00:00:00+00:00,1284.98600,1291.50400,1279.46900,1281.44300,12861
2019-05-09 00:00:00+00:00,1281.39600,1288.19600,1279.70900,1283.85400,14622
2019-05-10 00:00:00+00:00,1283.80800,1289.44600,1283.25400,1285.97000,13702
2019-05-12 00:00:00+00:00,1287.56000,1288.12400,1286.73400,1287.27700,478
2019-05-13 00:00:00+00:00,1287.31900,1301.77000,1282.07200,1301.77000,13815
2019-05-14 00:00:00+00:00,1301.81300,1303.36400,1293.90800,1297.14200,9470
2019-05-15 00:00:00+00:00,1297.18300,1300.92400,1293.10600,1296.57100,11758
2019-05-16 00:00:00+00:00,1296.61100,1298.76300,1284.15000,1285.97700,11191
2019-05-17 00:00:00+00:00,1285.93200,1288.98800,1274.94400,1277.53200,10771
2019-05-19 00:00:00+00:00,1277.84500,1278.92300,1277.12700,1277.80300,442
2019-05-20 00:00:00+00:00,1277.76300,1279.04600,1273.71900,1277.50900,9825
2019-05-21 00:00:00+00:00,1277.46600,1277.46600,1269.63000,1274.70800,8661
2019-05-22 00:00:00+00:00,1274.74900,1277.35400,1272.58500,1274.34200,7614
2019-05-23 00:00:00+00:00,1274.30000,1287.33800,1272.91300,1284.24500,12903
2019-05-24 00:00:00+00:00,1284.20200,1285.27400,1280.84200,1284.54300,8766
2019-05-26 00:00:00+00:00,1284.86500,1286.64800,1284.33400,1284.80300,262
2019-05-27 00:00:00+00:00,1284.75900,1287.45100,1283.89300,1285.79000,3043
2019-05-28 00:00:00+00:00,1285.83200,1286.67200,1276.21600,1280.02000,10748
2019-05-29 00:00:00+00:00,1279.97600,1285.55400,1279.20600,1279.99000,13693
2019-05-30 00:00:00+00:00,1279.94600,1290.64400,1275.11800,1290.56200,11736
2019-05-31 00:00:00+00:00,1290.52000,1306.89800,1290.47400,1305.27600,15564
2019-06-02 00:00:00+00:00,1306.20300,1309.48600,1306.05300,1309.44100,592
2019-06-03 00:00:00+00:00,1309.39800,1328.03600,1308.62400,1325.26800,17472
2019-06-04 00:00:00+00:00,1325.22600,1329.09300,1320.06000,1325.42400,17851
2019-06-05 00:00:00+00:00,1325.46800,1344.13600,1325.42400,1331.00200,26239
2019-06-06 00:00:00+00:00,1331.04300,1339.79800,1327.31100,1333.50000,20230
2019-06-07 00:00:00+00:00,1333.54100,1348.20700,1330.37200,1340.44000,20218
2019-06-09 00:00:00+00:00,1336.47000,1336.51200,1333.45700,1335.07900,964
2019-06-10 00:00:00+00:00,1335.12000,1337.79700,1325.21500,1329.35200,14718
2019-06-11 00:00:00+00:00,1329.30900,1329.91300,1319.99900,1327.81900,12833
2019-06-12 00:00:00+00:00,1327.77700,1338.42200,1326.11100,1333.63800,17062
2019-06-13 00:00:00+00:00,1333.67800,1344.65600,1332.46000,1344.56900,14832
2019-06-14 00:00:00+00:00,1344.52500,1358.22700,1337.99600,1342.01600,24531
2019-06-16 00:00:00+00:00,1342.04800,1342.49800,1338.62800,1338.62800,430
2019-06-17 00:00:00+00:00,1338.66800,1343.59200,1333.13800,1339.77600,17214
2019-06-18 00:00:00+00:00,1339.83200,1354.62300,1338.73500,1345.58000,27927
2019-06-19 00:00:00+00:00,1345.62100,1362.60200,1341.42800,1357.98000,32449
2019-06-20 00:00:00+00:00,1358.02200,1394.25300,1358.01700,1390.90000,49660
2019-06-21 00:00:00+00:00,1390.94200,1411.95000,1382.58000,1399.42700,52795
2019-06-23 00:00:00+00:00,1400.10900,1410.36900,1399.95400,1406.96100,4556
2019-06-24 00:00:00+00:00,1407.00200,1426.12500,1400.90800,1425.33400,34497
2019-06-25 00:00:00+00:00,1425.37800,1439.32300,1412.11200,1418.47000,72159
2019-06-26 00:00:00+00:00,1418.51300,1420.66200,1401.99200,1410.88900,48367
2019-06-27 00:00:00+00:00,1410.93200,1412.11900,1398.74300,1411.20400,31931
2019-06-28 00:00:00+00:00,1411.16100,1424.68900,1405.80800,1409.24900,31667
2019-06-30 00:00:00+00:00,1397.62300,1398.90700,1384.22600,1391.97800,6992
2019-07-01 00:00:00+00:00,1392.24700,1397.17400,1381.89600,1385.59400,35261
2019-07-02 00:00:00+00:00,1385.54800,1436.14000,1383.97700,1431.39800,39618
2019-07-03 00:00:00+00:00,1431.43900,1437.80000,1412.15200,1418.52100,47645
2019-07-04 00:00:00+00:00,1418.56500,1424.29600,1410.30100,1421.03500,18628
2019-07-05 00:00:00+00:00,1421.07500,1421.43200,1386.69800,1400.56000,42878
2019-07-07 00:00:00+00:00,1401.03400,1401.60800,1392.84800,1395.75400,2919
2019-07-08 00:00:00+00:00,1395.79400,1407.65000,1391.88400,1394.51000,25905
2019-07-09 00:00:00+00:00,1394.46800,1400.09000,1385.87000,1395.38200,24039
2019-07-10 00:00:00+00:00,1395.42500,1422.55400,1390.03800,1422.03200,36475
2019-07-11 00:00:00+00:00,1421.99000,1427.20300,1401.06300,1404.04300,33781
2019-07-12 00:00:00+00:00,1404.08400,1416.95200,1403.22500,1415.46200,22912
2019-07-14 00:00:00+00:00,1415.21600,1419.78300,1412.90400,1416.26600,2504
2019-07-15 00:00:00+00:00,1416.30600,1418.38400,1407.82900,1415.57200,20909
2019-07-16 00:00:00+00:00,1415.53200,1416.33100,1400.79200,1405.30700,26956
2019-07-17 00:00:00+00:00,1405.26500,1430.60900,1400.20100,1424.75700,24556
2019-07-18 00:00:00+00:00,1424.80000,1452.98300,1414.77400,1443.03300,44428
2019-07-19 00:00:00+00:00,1442.99200,1445.34600,1420.34000,1425.58000,42560
2019-07-21 00:00:00+00:00,1427.53300,1428.67700,1423.73000,1425.16500,1434
2019-07-22 00:00:00+00:00,1425.12400,1429.99700,1422.30600,1423.80600,22572
2019-07-23 00:00:00+00:00,1423.76100,1430.16800,1414.30200,1417.13900,26765
2019-07-24 00:00:00+00:00,1417.18200,1429.55900,1416.63400,1425.38800,20027
2019-07-25 00:00:00+00:00,1425.34600,1433.85500,1411.20600,1415.11400,30601
2019-07-26 00:00:00+00:00,1415.07200,1424.89400,1413.53700,1418.63800,17820
2019-07-28 00:00:00+00:00,1419.25100,1420.96400,1418.58800,1420.18300,594
2019-07-29 00:00:00+00:00,1420.22600,1428.10400,1414.94800,1424.59100,14869
2019-07-30 00:00:00+00:00,1424.54600,1433.28700,1422.39600,1430.91300,17692
2019-07-31 00:00:00+00:00,1430.95600,1434.55200,1409.12400,1411.92000,47712
2019-08-01 00:00:00+00:00,1412.26800,1448.99800,1400.58800,1438.25000,56502
2019-08-02 00:00:00+00:00,1438.20900,1447.91700,1430.38400,1440.95900,56904
2019-08-04 00:00:00+00:00,1441.00200,1442.61000,1436.79400,1439.62600,1689
2019-08-05 00:00:00+00:00,1439.58400,1474.78600,1438.87800,1474.12800,62234
2019-08-06 00:00:00+00:00,1474.08600,1477.41100,1456.49100,1476.93000,46366
2019-08-07 00:00:00+00:00,1476.88800,1510.45200,1474.58000,1501.82100,78472
2019-08-08 00:00:00+00:00,1501.78000,1509.60900,1490.09600,1504.28400,57046
2019-08-09 00:00:00+00:00,1504.32600,1508.15800,1494.86800,1496.71700,40192
2019-08-11 00:00:00+00:00,1497.72000,1501.61600,1494.63300,1500.90000,1630
2019-08-12 00:00:00+00:00,1500.85900,1520.00000,1487.46100,1512.19600,39627
2019-08-13 00:00:00+00:00,1512.15300,1535.09500,1479.99000,1500.97300,80692
2019-08-14 00:00:00+00:00,1500.93200,1524.11400,1494.28800,1517.04800,76602
2019-08-15 00:00:00+00:00,1517.00600,1527.19800,1508.02600,1526.64800,81811
2019-08-16 00:00:00+00:00,1526.60700,1528.01600,1503.76000,1513.79100,41790
2019-08-18 00:00:00+00:00,1512.17400,1513.03200,1508.12600,1509.58800,1955
2019-08-19 00:00:00+00:00,1509.62800,1512.84800,1493.06200,1496.24400,35423
2019-08-20 00:00:00+00:00,1496.19600,1508.60400,1494.47800,1506.27600,26265
2019-08-21 00:00:00+00:00,1506.23400,1507.54400,1496.63400,1502.65800,26855
2019-08-22 00:00:00+00:00,1502.69800,1504.67100,1492.59200,1497.56000,24920
2019-08-23 00:00:00+00:00,1497.60200,1530.20200,1493.66100,1528.25300,49914
2019-08-25 00:00:00+00:00,1539.57700,1555.18200,1537.62000,1547.44200,10217
2019-08-26 00:00:00+00:00,1547.40100,1549.37200,1525.20500,1528.66800,64821
2019-08-27 00:00:00+00:00,1528.70800,1544.72600,1525.83600,1543.61300,35200
2019-08-28 00:00:00+00:00,1543.57100,1546.94400,1531.98900,1538.80800,38636
2019-08-29 00:00:00+00:00,1538.76200,1550.42800,1519.68600,1528.82800,51254
2019-08-30 00:00:00+00:00,1528.78600,1533.20100,1517.17500,1520.15000,40330
2019-09-01 00:00:00+00:00,1528.13000,1534.99800,1527.84200,1529.23900,3001
2019-09-02 00:00:00+00:00,1529.19700,1531.36000,1519.42100,1526.33800,21098
2019-09-03 00:00:00+00:00,1526.29700,1550.16200,1521.72200,1549.20000,42742
2019-09-04 00:00:00+00:00,1549.16000,1557.09200,1533.97800,1551.32700,41114
2019-09-05 00:00:00+00:00,1551.28600,1551.75700,1506.49200,1518.56400,57492
2019-09-06 00:00:00+00:00,1518.61600,1527.85800,1502.70700,1506.81500,68265
2019-09-08 00:00:00+00:00,1506.47000,1507.81000,1503.42600,1505.91700,2028
2019-09-09 00:00:00+00:00,1505.86800,1515.43200,1495.83200,1496.31000,39149
2019-09-10 00:00:00+00:00,1496.26800,1500.92500,1484.70500,1487.12200,42585
2019-09-11 00:00:00+00:00,1487.08100,1498.51800,1487.01900,1493.21300,30273
2019-09-12 00:00:00+00:00,1493.16000,1524.25400,1489.34000,1497.94600,55170
2019-09-13 00:00:00+00:00,1497.98800,1509.06900,1485.95600,1488.86000,38862
2019-09-15 00:00:00+00:00,1504.17500,1508.10800,1498.90600,1506.24200,6874
2019-09-16 00:00:00+00:00,1506.28400,1512.06800,1495.97200,1498.13000,40562
2019-09-17 00:00:00+00:00,1498.08800,1507.08600,1493.58600,1500.90600,30840
2019-09-18 00:00:00+00:00,1500.86400,1511.66100,1483.37400,1491.27600,43848
2019-09-19 00:00:00+00:00,1491.23400,1504.57200,1489.18700,1499.74600,29316
2019-09-20 00:00:00+00:00,1499.70600,1517.05500,1498.46700,1516.97500,24567
2019-09-22 00:00:00+00:00,1514.50100,1514.50100,1511.09200,1514.45200,2078
2019-09-23 00:00:00+00:00,1514.40600,1526.80800,1511.67200,1521.00600,32083
2019-09-24 00:00:00+00:00,1520.96200,1535.67000,1515.72700,1531.80400,41179
2019-09-25 00:00:00+00:00,1531.75600,1535.07500,1500.56200,1506.58800,43531
2019-09-26 00:00:00+00:00,1506.62800,1512.38200,1500.40200,1506.85500,35987
2019-09-27 00:00:00+00:00,1506.89800,1507.48400,1487.10500,1497.33200,48361
2019-09-29 00:00:00+00:00,1495.38200,1500.48700,1494.69600,1496.35800,1388
2019-09-30 00:00:00+00:00,1496.39900,1497.38500,1464.55600,1473.59100,43558
2019-10-01 00:00:00+00:00,1473.72900,1487.25600,1459.19500,1481.62400,51006
2019-10-02 00:00:00+00:00,1481.66500,1505.19400,1474.63100,1500.09400,47679
2019-10-03 00:00:00+00:00,1500.02000,1519.65100,1495.89500,1508.38200,58054
2019-10-04 00:00:00+00:00,1508.42300,1515.84400,1495.84400,1504.82400,45753
2019-10-06 00:00:00+00:00,1511.92400,1512.44300,1505.53000,1508.20000,1724
2019-10-07 00:00:00+00:00,1508.24100,1509.27800,1488.13200,1492.17600,29753
2019-10-08 00:00:00+00:00,1492.22600,1509.73200,1487.11200,1508.81800,49820
2019-10-09 00:00:00+00:00,1508.86400,1517.08400,1499.95600,1511.63100,38469
2019-10-10 00:00:00+00:00,1511.67900,1514.19700,1491.22000,1494.16900,49491
2019-10-11 00:00:00+00:00,1494.21000,1503.22400,1474.12800,1488.82400,52328
2019-10-13 00:00:00+00:00,1488.83600,1488.85700,1482.96500,1484.71600,1701
2019-10-14 00:00:00+00:00,1484.75800,1497.18000,1483.88600,1491.32100,22548
2019-10-15 00:00:00+00:00,1491.36200,1498.49400,1477.33800,1482.04000,29513
2019-10-16 00:00:00+00:00,1482.00000,1491.64200,1477.24000,1490.14200,34762
2019-10-17 00:00:00+00:00,1490.18300,1497.28400,1483.51700,1492.93500,31111
2019-10-18 00:00:00+00:00,1492.89400,1493.41800,1485.05500,1491.13100,20147
2019-10-20 00:00:00+00:00,1491.13100,1491.78700,1491.13100,1491.70300,8
2019-10-21 00:00:00+00:00,1491.66200,1495.27600,1481.64200,1484.21800,22334
2019-10-22 00:00:00+00:00,1484.26100,1489.36600,1480.92200,1488.87400,19623
2019-10-23 00:00:00+00:00,1488.91500,1496.25000,1487.77700,1492.18200,17607
2019-10-24 00:00:00+00:00,1492.23200,1503.99600,1488.10900,1502.80600,21866
2019-10-25 00:00:00+00:00,1502.84700,1517.95200,1500.71600,1504.52000,24223
2019-10-27 00:00:00+00:00,1504.51800,1504.56600,1502.14000,1504.11400,656
2019-10-28 00:00:00+00:00,1504.07300,1508.30700,1490.14600,1491.86500,21330
2019-10-29 00:00:00+00:00,1491.82400,1494.82800,1483.59000,1487.36600,21144
2019-10-30 00:00:00+00:00,1487.32300,1496.73400,1481.26400,1495.33200,29112
2019-10-31 00:00:00+00:00,1495.37300,1514.14600,1494.03300,1512.30800,26488
2019-11-01 00:00:00+00:00,1512.35200,1516.15600,1503.39400,1514.33300,25395
2019-11-03 00:00:00+00:00,1513.84300,1513.84300,1512.38000,1512.91300,444
2019-11-04 00:00:00+00:00,1512.95500,1514.88400,1504.55400,1506.78800,19203
2019-11-05 00:00:00+00:00,1506.83000,1507.77900,1479.47500,1484.51100,28859
2019-11-06 00:00:00+00:00,1484.55300,1494.27500,1483.05600,1490.31800,21799
2019-11-07 00:00:00+00:00,1490.35900,1492.15800,1460.61700,1468.78200,37209
2019-11-08 00:00:00+00:00,1468.74100,1472.90600,1456.30600,1459.26200,33196
2019-11-10 00:00:00+00:00,1459.20900,1461.19400,1459.20900,1461.11600,376
2019-11-11 00:00:00+00:00,1461.15800,1466.48100,1448.32000,1455.70800,18549
2019-11-12 00:00:00+00:00,1455.66800,1460.44600,1445.69200,1458.37900,30944
2019-11-13 00:00:00+00:00,1458.41900,1467.10200,1457.28200,1463.62400,26078
2019-11-14 00:00:00+00:00,1463.58400,1474.60200,1461.19800,1469.33400,23152
2019-11-15 00:00:00+00:00,1469.38000,1469.91800,1462.59900,1468.15800,17319
2019-11-17 00:00:00+00:00,1467.89000,1469.65800,1467.51200,1469.14000,247
2019-11-18 00:00:00+00:00,1469.18000,1473.94300,1456.45200,1471.80100,21753
2019-11-19 00:00:00+00:00,1471.75900,1475.38000,1464.85800,1474.61900,21731
2019-11-20 00:00:00+00:00,1474.57800,1478.73800,1466.00800,1474.49800,28096
2019-11-21 00:00:00+00:00,1474.54400,1475.68800,1462.51100,1465.18100,29326
2019-11-22 00:00:00+00:00,1465.22300,1473.23400,1461.47600,1462.61700,20765
2019-11-24 00:00:00+00:00,1460.55200,1461.29400,1459.75600,1460.53200,449
2019-11-25 00:00:00+00:00,1460.57800,1462.16700,1453.72600,1453.97900,14345
2019-11-26 00:00:00+00:00,1453.93600,1462.89000,1450.17800,1460.58000,16375
2019-11-27 00:00:00+00:00,1460.53500,1461.30800,1452.70600,1456.95600,14658
2019-11-28 00:00:00+00:00,1456.91300,1458.31900,1454.31200,1456.12300,7184
2019-11-29 00:00:00+00:00,1456.16400,1466.44600,1453.15500,1463.97400,12782
2019-12-01 00:00:00+00:00,1463.73900,1463.78200,1461.69600,1461.91200,479
2019-12-02 00:00:00+00:00,1461.86900,1465.45400,1454.14500,1462.70000,21041
2019-12-03 00:00:00+00:00,1462.74100,1481.82300,1460.01900,1476.67800,26151
2019-12-04 00:00:00+00:00,1476.71800,1484.09200,1471.51400,1475.65300,26089
2019-12-05 00:00:00+00:00,1475.69600,1480.31600,1472.96800,1476.06200,19845
2019-12-06 00:00:00+00:00,1476.01800,1479.88200,1458.91400,1460.41300,21070
2019-12-08 00:00:00+00:00,1460.41300,1460.41300,1459.12100,1460.02800,101
2019-12-09 00:00:00+00:00,1460.07100,1465.41300,1459.21200,1461.20500,10664
2019-12-10 00:00:00+00:00,1461.16200,1469.22200,1460.18000,1464.01500,15208
2019-12-11 00:00:00+00:00,1463.97300,1478.96800,1462.84600,1474.63900,17536
2019-12-12 00:00:00+00:00,1474.68000,1486.77600,1461.91500,1465.15400,33617
2019-12-13 00:00:00+00:00,1465.19500,1478.08100,1464.88200,1476.32000,33545
2019-12-15 00:00:00+00:00,1475.40000,1476.28400,1473.86500,1474.19100,381
2019-12-16 00:00:00+00:00,1474.23600,1479.92600,1473.28300,1475.44200,12632
2019-12-17 00:00:00+00:00,1475.49000,1480.55600,1474.34200,1475.68600,10525
2019-12-18 00:00:00+00:00,1475.72900,1479.36200,1470.58000,1475.82700,12131
2019-12-19 00:00:00+00:00,1475.78400,1481.76900,1473.35400,1478.53400,10973
2019-12-20 00:00:00+00:00,1478.49400,1481.05300,1475.91800,1478.08800,8490
2019-12-22 00:00:00+00:00,1478.72600,1478.72600,1477.59400,1478.59700,307
2019-12-23 00:00:00+00:00,1478.55300,1486.18600,1478.51900,1485.55800,9833
2019-12-24 00:00:00+00:00,1485.60400,1500.52500,1484.47200,1499.40000,11173
2019-12-25 00:00:00+00:00,1499.37000,1500.23900,1497.60100,1499.56600,586
2019-12-26 00:00:00+00:00,1499.60800,1512.65000,1497.85800,1511.24600,16798
2019-12-27 00:00:00+00:00,1511.28600,1515.33600,1507.42200,1511.13100,14932
2019-12-29 00:00:00+00:00,1511.65400,1514.11600,1511.10400,1513.59400,935
2019-12-30 00:00:00+00:00,1513.55300,1516.16400,1510.88400,1514.96600,11556
2019-12-31 00:00:00+00:00,1515.01000,1525.38200,1514.89000,1517.11100,16614
2020-01-01 00:00:00+00:00,1519.38400,1521.36800,1518.21800,1518.41200,782
2020-01-02 00:00:00+00:00,1518.45300,1531.43000,1517.30900,1528.86200,17591
2020-01-03 00:00:00+00:00,1528.90600,1553.54400,1528.90600,1552.39400,37499
2020-01-05 00:00:00+00:00,1560.85400,1589.73900,1560.67200,1569.28200,8737
2020-01-06 00:00:00+00:00,1569.24000,1580.09400,1560.96000,1563.84500,41391
2020-01-07 00:00:00+00:00,1563.89000,1598.50300,1555.38400,1595.17600,46200
2020-01-08 00:00:00+00:00,1595.12800,1611.51100,1552.36600,1558.11700,94290
2020-01-09 00:00:00+00:00,1558.07700,1561.40500,1540.24600,1552.74800,39068
2020-01-10 00:00:00+00:00,1552.70700,1563.17100,1545.78400,1562.21200,26107
2020-01-13 00:00:00+00:00,1562.21200,1562.21200,1544.98800,1545.30600,18594
2020-01-14 00:00:00+00:00,1545.34800,1550.06000,1536.01600,1549.54800,28134
2020-01-15 00:00:00+00:00,1549.59000,1558.23400,1546.41500,1556.38800,22047
2020-01-16 00:00:00+00:00,1556.43300,1558.12800,1548.13000,1552.30000,17456
2020-01-17 00:00:00+00:00,1552.35200,1561.27800,1549.45000,1557.30400,17125
2020-01-19 00:00:00+00:00,1557.79000,1559.14400,1556.44500,1557.09500,658
2020-01-20 00:00:00+00:00,1557.14000,1562.81000,1556.76300,1561.31400,6401
2020-01-21 00:00:00+00:00,1561.35800,1568.66600,1546.41800,1556.63700,30273
2020-01-22 00:00:00+00:00,1556.59200,1563.81400,1550.28900,1561.48700,18584
2020-01-23 00:00:00+00:00,1561.44400,1567.97400,1551.98700,1560.99300,29419
2020-01-24 00:00:00+00:00,1561.04400,1575.93800,1556.62000,1571.72400,31312
2020-01-26 00:00:00+00:00,1580.94300,1588.63200,1579.53000,1582.88000,5546
2020-01-27 00:00:00+00:00,1582.83900,1586.34400,1575.94600,1581.18100,39949
2020-01-28 00:00:00+00:00,1581.23000,1583.09100,1565.60600,1568.59000,30875
2020-01-29 00:00:00+00:00,1568.54900,1578.05100,1563.44700,1577.14800,28781
2020-01-30 00:00:00+00:00,1577.10200,1586.02600,1572.38700,1575.19900,44669
2020-01-31 00:00:00+00:00,1575.15700,1590.54200,1571.03000,1589.97500,42389
2020-02-02 00:00:00+00:00,1591.19800,1592.16800,1587.75200,1589.50800,3110
2020-02-03 00:00:00+00:00,1589.55000,1590.15600,1569.66300,1578.86700,42780
2020-02-04 00:00:00+00:00,1578.90700,1579.63200,1549.13800,1554.21000,34878
2020-02-05 00:00:00+00:00,1554.16800,1562.43100,1547.56600,1556.15800,38243
2020-02-06 00:00:00+00:00,1556.19900,1568.34000,1552.55600,1565.88200,27096
2020-02-07 00:00:00+00:00,1565.83600,1574.12300,1560.49200,1570.38400,33161
2020-02-09 00:00:00+00:00,1572.28500,1576.67100,1569.09000,1574.91000,2542
2020-02-10 00:00:00+00:00,1574.87000,1577.04000,1568.07800,1572.03400,22571
2020-02-11 00:00:00+00:00,1572.07600,1574.07300,1562.16600,1567.22400,22085
2020-02-12 00:00:00+00:00,1567.18200,1571.50800,1561.96900,1569.92600,18214
2020-02-13 00:00:00+00:00,1569.88000,1578.41200,1569.22800,1577.43900,26526
2020-02-14 00:00:00+00:00,1577.39900,1585.10300,1573.15100,1583.84600,17005
2020-02-16 00:00:00+00:00,1582.26200,1583.17800,1580.55400,1583.03200,879
2020-02-17 00:00:00+00:00,1583.07300,1585.53600,1578.93900,1584.32700,7203
2020-02-18 00:00:00+00:00,1584.37100,1605.13000,1584.32800,1600.95600,22780
2020-02-19 00:00:00+00:00,1600.90900,1612.97900,1599.60700,1610.57000,26597
2020-02-20 00:00:00+00:00,1610.52800,1623.74000,1603.95000,1622.18800,38083
2020-02-21 00:00:00+00:00,1622.22900,1649.33200,1619.03400,1643.39600,45667
2020-02-23 00:00:00+00:00,1643.39800,1681.31500,1643.39800,1665.65600,9793
2020-02-24 00:00:00+00:00,1665.69800,1689.37800,1650.88700,1654.05000,101087
2020-02-25 00:00:00+00:00,1654.01000,1658.86200,1625.26300,1639.93700,129367
2020-02-26 00:00:00+00:00,1639.89600,1655.01800,1625.06200,1643.71000,102307
2020-02-27 00:00:00+00:00,1643.66600,1660.41600,1635.41600,1645.85300,108114
2020-02-28 00:00:00+00:00,1645.81200,1648.26000,1562.99700,1586.54200,172739
2020-03-01 00:00:00+00:00,1592.98800,1593.18200,1575.60400,1585.00200,5908
2020-03-02 00:00:00+00:00,1584.96200,1611.05500,1581.72600,1592.09000,116161
2020-03-03 00:00:00+00:00,1592.04800,1653.00100,1589.79800,1645.88700,126898
2020-03-04 00:00:00+00:00,1645.92900,1649.40400,1631.95400,1636.77900,71937
2020-03-05 00:00:00+00:00,1636.73100,1675.02800,1635.73400,1674.66000,63032
2020-03-06 00:00:00+00:00,1674.61900,1692.28700,1642.31600,1674.06200,157093
2020-03-08 00:00:00+00:00,1694.24900,1703.29800,1679.95700,1700.19200,16639
2020-03-09 00:00:00+00:00,1700.23800,1703.21800,1657.66500,1666.61300,184437
2020-03-10 00:00:00+00:00,1666.56900,1671.56400,1641.71800,1652.42000,128859
2020-03-11 00:00:00+00:00,1652.37700,1671.30500,1633.21400,1643.76800,94075
2020-03-12 00:00:00+00:00,1643.72600,1650.53500,1560.80600,1576.90800,185397
2020-03-13 00:00:00+00:00,1576.86800,1598.02200,1504.78300,1529.48600,212084
2020-03-15 00:00:00+00:00,1565.74800,1575.45400,1540.25200,1557.59500,17790
2020-03-16 00:00:00+00:00,1557.76400,1560.89400,1451.43200,1507.27200,233624
2020-03-17 00:00:00+00:00,1507.22900,1554.01300,1465.81800,1537.88200,185905
2020-03-18 00:00:00+00:00,1537.93400,1539.99400,1472.71200,1498.19000,205063
2020-03-19 00:00:00+00:00,1498.23600,1498.85800,1455.32000,1471.54200,140856
2020-03-20 00:00:00+00:00,1471.45600,1516.15300,1471.14500,1499.09400,124221
2020-03-22 00:00:00+00:00,1501.33700,1508.41400,1482.82300,1491.77800,9875
2020-03-23 00:00:00+00:00,1491.70500,1567.72100,1485.17100,1567.08600,119020
2020-03-24 00:00:00+00:00,1567.00200,1640.22800,1560.34200,1635.56500,104177
2020-03-25 00:00:00+00:00,1635.65100,1636.06700,1596.37600,1610.47800,118142
2020-03-26 00:00:00+00:00,1610.35400,1644.43300,1597.79400,1626.43700,124955
2020-03-27 00:00:00+00:00,1626.35200,1631.56200,1614.89800,1627.72400,101604
2020-03-29 00:00:00+00:00,1628.13400,1632.26300,1624.86800,1627.51500,2825
2020-03-30 00:00:00+00:00,1627.31600,1630.25700,1611.86400,1616.99600,102467
2020-03-31 00:00:00+00:00,1617.20700,1619.81000,1573.06000,1579.06300,99539
2020-04-01 00:00:00+00:00,1578.65800,1600.73800,1572.82700,1591.57800,93642
2020-04-02 00:00:00+00:00,1591.49600,1619.97000,1583.22400,1613.07400,108471
2020-04-03 00:00:00+00:00,1612.93400,1626.06200,1606.82000,1618.42500,99286
2020-04-05 00:00:00+00:00,1617.77000,1620.91800,1609.26000,1619.94200,5988
2020-04-06 00:00:00+00:00,1619.86000,1675.60500,1616.16600,1664.71900,153155
2020-04-07 00:00:00+00:00,1665.20500,1669.48100,1642.90000,1648.27400,70717
2020-04-08 00:00:00+00:00,1648.36600,1656.58600,1641.47400,1647.86900,104317
2020-04-09 00:00:00+00:00,1647.78600,1690.25000,1646.95100,1683.50500,126092
2020-04-12 00:00:00+00:00,1688.23400,1692.83200,1675.04500,1687.15200,10381
2020-04-13 00:00:00+00:00,1687.25400,1723.86700,1680.30800,1717.77600,146134
2020-04-14 00:00:00+00:00,1717.87100,1747.72200,1709.44900,1726.02200,189045
2020-04-15 00:00:00+00:00,1726.12500,1731.47400,1708.28400,1716.37800,162946
2020-04-16 00:00:00+00:00,1716.26000,1738.75400,1703.11400,1715.59000,97243
2020-04-17 00:00:00+00:00,1715.67400,1718.86600,1679.80400,1683.50000,170481
2020-04-19 00:00:00+00:00,1682.92000,1684.19600,1674.82000,1676.12800,3922
2020-04-20 00:00:00+00:00,1676.20900,1702.41900,1671.21800,1691.31500,112693
2020-04-21 00:00:00+00:00,1691.17800,1697.95400,1661.41600,1687.86000,182153
2020-04-22 00:00:00+00:00,1687.77900,1718.60400,1680.47800,1711.85100,178445
2020-04-23 00:00:00+00:00,1711.93300,1738.87800,1707.41800,1728.26700,250934
2020-04-24 00:00:00+00:00,1728.13800,1736.56600,1710.85700,1729.40600,183357
2020-04-26 00:00:00+00:00,1726.83200,1726.90400,1719.54300,1725.40200,4948
2020-04-27 00:00:00+00:00,1725.48600,1727.51000,1706.54500,1709.74600,138237
2020-04-28 00:00:00+00:00,1709.84000,1714.90700,1692.28500,1704.80600,148517
2020-04-29 00:00:00+00:00,1704.90400,1718.15000,1697.18500,1714.23000,119702
2020-04-30 00:00:00+00:00,1714.14800,1722.32800,1681.55400,1687.84600,135021
2020-05-01 00:00:00+00:00,1688.22800,1706.53400,1670.90900,1701.28900,157302
2020-05-03 00:00:00+00:00,1699.06300,1700.10500,1692.10800,1699.83800,1839
2020-05-04 00:00:00+00:00,1699.75000,1713.72600,1695.90500,1703.58700,63366
2020-05-05 00:00:00+00:00,1703.47400,1711.91600,1689.82700,1704.04200,76476
2020-05-06 00:00:00+00:00,1704.12300,1708.49200,1682.62000,1690.05400,47086
2020-05-07 00:00:00+00:00,1689.98800,1722.29400,1684.63700,1714.45100,86838
2020-05-08 00:00:00+00:00,1714.54200,1723.65400,1701.37400,1702.39000,96211
2020-05-10 00:00:00+00:00,1702.06000,1707.98000,1701.60600,1706.80800,2937
2020-05-11 00:00:00+00:00,1706.72400,1712.34200,1692.12600,1698.12600,82971
2020-05-12 00:00:00+00:00,1698.23600,1711.22400,1693.94800,1702.74800,114340
2020-05-13 00:00:00+00:00,1702.80000,1719.90800,1699.25900,1718.69000,164597
2020-05-14 00:00:00+00:00,1718.92400,1719.67400,1711.26800,1715.37400,22676
